price_lkr,log_price_lkr,norm_model,vram_gb,brand,G3Dmark,G2Dmark,log_G3Dmark,fp32_gflops,memory_bandwidth_gb_s,shader_units,gpu_base_clock_mhz,boost_clock_mhz,tdp_watts,perf_score,perf_per_watt,release_year,gpu_age_years,architecture,model_number,series_family,gpu_generation,ti_variant,bench_match,spec_match
17000.0,9.740968623038354,GeForce GT 1030,4.0,COLORFUL,2545.0,449.0,7.842278779117352,1127.4,48.06,384.0,1228.0,1468.0,30.0,2545.0,84.83333333333333,2017.0,9.0,Pascal,1030.0,GT,3,0,GeForce GT 1030,GeForce GT 1030
15000.0,9.615805480084347,GeForce GT 1030,2.0,ASUS,2545.0,449.0,7.842278779117352,1127.4,48.06,384.0,1228.0,1468.0,30.0,2545.0,84.83333333333333,2017.0,9.0,Pascal,1030.0,GT,3,0,GeForce GT 1030,GeForce GT 1030
12500.0,9.433483923290392,GeForce GT 1030,2.0,ASUS,2545.0,449.0,7.842278779117352,1127.4,48.06,384.0,1228.0,1468.0,30.0,2545.0,84.83333333333333,2017.0,9.0,Pascal,1030.0,GT,3,0,GeForce GT 1030,GeForce GT 1030
10000.0,9.210340371976184,GeForce GT 1030,2.0,NVIDIA,2545.0,449.0,7.842278779117352,1127.4,48.06,384.0,1228.0,1468.0,30.0,2545.0,84.83333333333333,2017.0,9.0,Pascal,1030.0,GT,3,0,GeForce GT 1030,GeForce GT 1030
10500.0,9.259130536145614,GeForce GT 1030,2.0,NVIDIA,2545.0,449.0,7.842278779117352,1127.4,48.06,384.0,1228.0,1468.0,30.0,2545.0,84.83333333333333,2017.0,9.0,Pascal,1030.0,GT,3,0,GeForce GT 1030,GeForce GT 1030
3900.0,8.268731832117737,GeForce GT 430,1.0,NVIDIA,603.0,191.0,6.403574197934815,268.8,12.8,96.0,,,49.0,603.0,12.306122448979592,2010.0,16.0,Fermi,430.0,GT,1,0,GeForce GT 430,GeForce GT 430
3900.0,8.268731832117737,GeForce GT 440,1.0,ZOTAC,766.0,238.0,6.642486801367256,311.0,28.8,96.0,,,65.0,766.0,11.784615384615385,2011.0,15.0,Fermi,440.0,GT,1,0,GeForce GT 440,GeForce GT 440
3500.0,8.160518247477505,GeForce GT 440,1.0,ZOTAC,766.0,238.0,6.642486801367256,311.0,28.8,96.0,,,65.0,766.0,11.784615384615385,2011.0,15.0,Fermi,440.0,GT,1,0,GeForce GT 440,GeForce GT 440
4500.0,8.411832675758411,GeForce GT 440,1.0,NVIDIA,766.0,238.0,6.642486801367256,311.0,28.8,96.0,,,65.0,766.0,11.784615384615385,2011.0,15.0,Fermi,440.0,GT,1,0,GeForce GT 440,GeForce GT 440
6000.0,8.699514748210191,GeForce GT 610,2.0,MSI,303.0,127.0,5.717027701406222,155.5,14.37,48.0,,,29.0,303.0,10.448275862068966,2012.0,14.0,Fermi 2.0,610.0,GT,1,0,GeForce GT 610,GeForce GT 610
4500.0,8.411832675758411,GeForce GT 610,1.0,NVIDIA,303.0,127.0,5.717027701406222,155.5,14.37,48.0,,,29.0,303.0,10.448275862068966,2012.0,14.0,Fermi 2.0,610.0,GT,1,0,GeForce GT 610,GeForce GT 610
6200.0,8.732304571033183,GeForce GT 610,2.0,NVIDIA,303.0,127.0,5.717027701406222,155.5,14.37,48.0,,,29.0,303.0,10.448275862068966,2012.0,14.0,Fermi 2.0,610.0,GT,1,0,GeForce GT 610,GeForce GT 610
4200.0,8.34283980427146,GeForce GT 610,1.0,NVIDIA,303.0,127.0,5.717027701406222,155.5,14.37,48.0,,,29.0,303.0,10.448275862068966,2012.0,14.0,Fermi 2.0,610.0,GT,1,0,GeForce GT 610,GeForce GT 610
7500.0,8.922658299524402,GeForce GT 610,1.0,NVIDIA,303.0,127.0,5.717027701406222,155.5,14.37,48.0,,,29.0,303.0,10.448275862068966,2012.0,14.0,Fermi 2.0,610.0,GT,1,0,GeForce GT 610,GeForce GT 610
5000.0,8.517193191416238,GeForce GT 610,2.0,NVIDIA,303.0,127.0,5.717027701406222,155.5,14.37,48.0,,,29.0,303.0,10.448275862068966,2012.0,14.0,Fermi 2.0,610.0,GT,1,0,GeForce GT 610,GeForce GT 610
3900.0,8.268731832117737,GeForce GT 610,1.0,NVIDIA,303.0,127.0,5.717027701406222,155.5,14.37,48.0,,,29.0,303.0,10.448275862068966,2012.0,14.0,Fermi 2.0,610.0,GT,1,0,GeForce GT 610,GeForce GT 610
7500.0,8.922658299524402,GeForce GT 630,2.0,NVIDIA,683.0,208.0,6.52795791762255,311.0,28.8,96.0,,,65.0,683.0,10.507692307692308,2012.0,14.0,Fermi,630.0,GT,1,0,GeForce GT 630,GeForce GT 630
4500.0,8.411832675758411,GeForce GT 630,1.0,NVIDIA,683.0,208.0,6.52795791762255,311.0,28.8,96.0,,,65.0,683.0,10.507692307692308,2012.0,14.0,Fermi,630.0,GT,1,0,GeForce GT 630,GeForce GT 630
4900.0,8.496990484098719,GeForce GT 630,1.0,NVIDIA,683.0,208.0,6.52795791762255,311.0,28.8,96.0,,,65.0,683.0,10.507692307692308,2012.0,14.0,Fermi,630.0,GT,1,0,GeForce GT 630,GeForce GT 630
7500.0,8.922658299524402,GeForce GT 630,2.0,GIGABYTE,683.0,208.0,6.52795791762255,311.0,28.8,96.0,,,65.0,683.0,10.507692307692308,2012.0,14.0,Fermi,630.0,GT,1,0,GeForce GT 630,GeForce GT 630
6900.0,8.83927669058535,GeForce GT 630,2.0,ZOTAC,683.0,208.0,6.52795791762255,311.0,28.8,96.0,,,65.0,683.0,10.507692307692308,2012.0,14.0,Fermi,630.0,GT,1,0,GeForce GT 630,GeForce GT 630
6900.0,8.83927669058535,GeForce GT 630,2.0,NVIDIA,683.0,208.0,6.52795791762255,311.0,28.8,96.0,,,65.0,683.0,10.507692307692308,2012.0,14.0,Fermi,630.0,GT,1,0,GeForce GT 630,GeForce GT 630
7900.0,8.974618038455112,GeForce GT 630,2.0,GIGABYTE,683.0,208.0,6.52795791762255,311.0,28.8,96.0,,,65.0,683.0,10.507692307692308,2012.0,14.0,Fermi,630.0,GT,1,0,GeForce GT 630,GeForce GT 630
4000.0,8.294049640102028,GeForce GT 640,2.0,NVIDIA,1182.0,285.0,7.075808863978387,692.7,28.51,384.0,,,65.0,1182.0,18.184615384615384,2012.0,14.0,Kepler,640.0,GT,1,0,GeForce GT 640,GeForce GT 640
8500.0,9.047821442478408,GeForce GT 710,2.0,ASUS,637.0,214.0,6.45833828334479,366.3,14.4,192.0,,,19.0,637.0,33.526315789473685,2014.0,12.0,Kepler 2.0,710.0,GT,1,0,GeForce GT 710,GeForce GT 710
6000.0,8.699514748210191,GeForce GT 710,2.0,NVIDIA,637.0,214.0,6.45833828334479,366.3,14.4,192.0,,,19.0,637.0,33.526315789473685,2014.0,12.0,Kepler 2.0,710.0,GT,1,0,GeForce GT 710,GeForce GT 710
4500.0,8.411832675758411,GeForce GT 710,1.0,NVIDIA,637.0,214.0,6.45833828334479,366.3,14.4,192.0,,,19.0,637.0,33.526315789473685,2014.0,12.0,Kepler 2.0,710.0,GT,1,0,GeForce GT 710,GeForce GT 710
5000.0,8.517193191416238,GeForce GT 710,2.0,NVIDIA,637.0,214.0,6.45833828334479,366.3,14.4,192.0,,,19.0,637.0,33.526315789473685,2014.0,12.0,Kepler 2.0,710.0,GT,1,0,GeForce GT 710,GeForce GT 710
4500.0,8.411832675758411,GeForce GT 730,1.0,GIGABYTE,812.0,238.0,6.70073110954781,268.8,28.8,96.0,,,49.0,812.0,16.571428571428573,2014.0,12.0,Fermi,730.0,GT,1,0,GeForce GT 730,GeForce GT 730
7500.0,8.922658299524402,GeForce GT 730,2.0,NVIDIA,812.0,238.0,6.70073110954781,268.8,28.8,96.0,,,49.0,812.0,16.571428571428573,2014.0,12.0,Fermi,730.0,GT,1,0,GeForce GT 730,GeForce GT 730
8000.0,8.987196820661973,GeForce GT 730,4.0,NVIDIA,812.0,238.0,6.70073110954781,268.8,28.8,96.0,,,49.0,812.0,16.571428571428573,2014.0,12.0,Fermi,730.0,GT,1,0,GeForce GT 730,GeForce GT 730
3900.0,8.268731832117737,GeForce GT 730,1.0,NVIDIA,812.0,238.0,6.70073110954781,268.8,28.8,96.0,,,49.0,812.0,16.571428571428573,2014.0,12.0,Fermi,730.0,GT,1,0,GeForce GT 730,GeForce GT 730
7500.0,8.922658299524402,GeForce GT 730,2.0,EMTEK,812.0,238.0,6.70073110954781,268.8,28.8,96.0,,,49.0,812.0,16.571428571428573,2014.0,12.0,Fermi,730.0,GT,1,0,GeForce GT 730,GeForce GT 730
4500.0,8.411832675758411,GeForce GT 730,1.0,NVIDIA,812.0,238.0,6.70073110954781,268.8,28.8,96.0,,,49.0,812.0,16.571428571428573,2014.0,12.0,Fermi,730.0,GT,1,0,GeForce GT 730,GeForce GT 730
4500.0,8.411832675758411,GeForce GT 730,1.0,ZOTAC,812.0,238.0,6.70073110954781,268.8,28.8,96.0,,,49.0,812.0,16.571428571428573,2014.0,12.0,Fermi,730.0,GT,1,0,GeForce GT 730,GeForce GT 730
8800.0,9.082507000466299,GeForce GT 730,2.0,NVIDIA,812.0,238.0,6.70073110954781,268.8,28.8,96.0,,,49.0,812.0,16.571428571428573,2014.0,12.0,Fermi,730.0,GT,1,0,GeForce GT 730,GeForce GT 730
4500.0,8.411832675758411,GeForce GT 730,2.0,GIGABYTE,812.0,238.0,6.70073110954781,268.8,28.8,96.0,,,49.0,812.0,16.571428571428573,2014.0,12.0,Fermi,730.0,GT,1,0,GeForce GT 730,GeForce GT 730
7900.0,8.974618038455112,GeForce GT 730,2.0,NVIDIA,812.0,238.0,6.70073110954781,268.8,28.8,96.0,,,49.0,812.0,16.571428571428573,2014.0,12.0,Fermi,730.0,GT,1,0,GeForce GT 730,GeForce GT 730
8999.0,9.104868739033948,GeForce GT 730,2.0,NVIDIA,812.0,238.0,6.70073110954781,268.8,28.8,96.0,,,49.0,812.0,16.571428571428573,2014.0,12.0,Fermi,730.0,GT,1,0,GeForce GT 730,GeForce GT 730
4000.0,8.294049640102028,GeForce GT 730,1.0,GIGABYTE,812.0,238.0,6.70073110954781,268.8,28.8,96.0,,,49.0,812.0,16.571428571428573,2014.0,12.0,Fermi,730.0,GT,1,0,GeForce GT 730,GeForce GT 730
8900.0,9.093806555720231,GeForce GT 740,2.0,NVIDIA,1529.0,344.0,7.333023014386481,762.6,80.19,384.0,,,64.0,1529.0,23.890625,2014.0,12.0,Kepler,740.0,GT,1,0,GeForce GT 740,GeForce GT 740
5000.0,8.517193191416238,GTS 450,1.0,GIGABYTE,,,0.0,,,,,,,,,,,,450.0,GTS,1,0,,
4500.0,8.411832675758411,GTS 450,1.0,ASUS,,,0.0,,,,,,,,,,,,450.0,GTS,1,0,,
20500.0,9.9281801651265,GeForce GTX 1050,4.0,MSI,5090.0,475.0,8.535229553902337,1862.0,112.1,640.0,1354.0,1455.0,75.0,5090.0,67.86666666666666,2016.0,10.0,Pascal,1050.0,GTX,3,0,GeForce GTX 1050,GeForce GTX 1050
20500.0,9.9281801651265,GeForce GTX 1050,4.0,ZOTAC,5090.0,475.0,8.535229553902337,1862.0,112.1,640.0,1354.0,1455.0,75.0,5090.0,67.86666666666666,2016.0,10.0,Pascal,1050.0,GTX,3,0,GeForce GTX 1050,GeForce GTX 1050
21500.0,9.975808214115753,GeForce GTX 1050,4.0,MSI,5090.0,475.0,8.535229553902337,1862.0,112.1,640.0,1354.0,1455.0,75.0,5090.0,67.86666666666666,2016.0,10.0,Pascal,1050.0,GTX,3,0,GeForce GTX 1050,GeForce GTX 1050
22500.0,10.021270588192511,GeForce GTX 1050,4.0,ZOTAC,5090.0,475.0,8.535229553902337,1862.0,112.1,640.0,1354.0,1455.0,75.0,5090.0,67.86666666666666,2016.0,10.0,Pascal,1050.0,GTX,3,0,GeForce GTX 1050,GeForce GTX 1050
25500.0,10.146433731146518,GeForce GTX 1050,4.0,ZOTAC,5090.0,475.0,8.535229553902337,1862.0,112.1,640.0,1354.0,1455.0,75.0,5090.0,67.86666666666666,2016.0,10.0,Pascal,1050.0,GTX,3,0,GeForce GTX 1050,GeForce GTX 1050
19500.0,9.878169744551839,GeForce GTX 1050,3.0,ZOTAC,5090.0,475.0,8.535229553902337,1862.0,112.1,640.0,1354.0,1455.0,75.0,5090.0,67.86666666666666,2016.0,10.0,Pascal,1050.0,GTX,3,0,GeForce GTX 1050,GeForce GTX 1050
24500.0,10.106428396532818,GeForce GTX 1050,2.0,MSI,5090.0,475.0,8.535229553902337,1862.0,112.1,640.0,1354.0,1455.0,75.0,5090.0,67.86666666666666,2016.0,10.0,Pascal,1050.0,GTX,3,0,GeForce GTX 1050,GeForce GTX 1050
20500.0,9.9281801651265,GeForce GTX 1050,3.0,ASUS,5090.0,475.0,8.535229553902337,1862.0,112.1,640.0,1354.0,1455.0,75.0,5090.0,67.86666666666666,2016.0,10.0,Pascal,1050.0,GTX,3,0,GeForce GTX 1050,GeForce GTX 1050
25500.0,10.146433731146518,GeForce GTX 1050,2.0,ASUS,5090.0,475.0,8.535229553902337,1862.0,112.1,640.0,1354.0,1455.0,75.0,5090.0,67.86666666666666,2016.0,10.0,Pascal,1050.0,GTX,3,0,GeForce GTX 1050,GeForce GTX 1050
22000.0,9.998797732340453,GeForce GTX 1050,2.0,ASUS,5090.0,475.0,8.535229553902337,1862.0,112.1,640.0,1354.0,1455.0,75.0,5090.0,67.86666666666666,2016.0,10.0,Pascal,1050.0,GTX,3,0,GeForce GTX 1050,GeForce GTX 1050
24000.0,10.085809109330082,GeForce GTX 1050,3.0,GIGABYTE,5090.0,475.0,8.535229553902337,1862.0,112.1,640.0,1354.0,1455.0,75.0,5090.0,67.86666666666666,2016.0,10.0,Pascal,1050.0,GTX,3,0,GeForce GTX 1050,GeForce GTX 1050
22500.0,10.021270588192511,GeForce GTX 1050,3.0,ASUS,5090.0,475.0,8.535229553902337,1862.0,112.1,640.0,1354.0,1455.0,75.0,5090.0,67.86666666666666,2016.0,10.0,Pascal,1050.0,GTX,3,0,GeForce GTX 1050,GeForce GTX 1050
22500.0,10.021270588192511,GeForce GTX 1050,3.0,ZOTAC,5090.0,475.0,8.535229553902337,1862.0,112.1,640.0,1354.0,1455.0,75.0,5090.0,67.86666666666666,2016.0,10.0,Pascal,1050.0,GTX,3,0,GeForce GTX 1050,GeForce GTX 1050
21500.0,9.975808214115753,GeForce GTX 1050,3.0,MSI,5090.0,475.0,8.535229553902337,1862.0,112.1,640.0,1354.0,1455.0,75.0,5090.0,67.86666666666666,2016.0,10.0,Pascal,1050.0,GTX,3,0,GeForce GTX 1050,GeForce GTX 1050
20000.0,9.903487552536127,GeForce GTX 1050,2.0,ASUS,5090.0,475.0,8.535229553902337,1862.0,112.1,640.0,1354.0,1455.0,75.0,5090.0,67.86666666666666,2016.0,10.0,Pascal,1050.0,GTX,3,0,GeForce GTX 1050,GeForce GTX 1050
20500.0,9.9281801651265,GeForce GTX 1050,4.0,ASUS,5090.0,475.0,8.535229553902337,1862.0,112.1,640.0,1354.0,1455.0,75.0,5090.0,67.86666666666666,2016.0,10.0,Pascal,1050.0,GTX,3,0,GeForce GTX 1050,GeForce GTX 1050
23500.0,10.06475570013225,GeForce GTX 1050,4.0,MSI,5090.0,475.0,8.535229553902337,1862.0,112.1,640.0,1354.0,1455.0,75.0,5090.0,67.86666666666666,2016.0,10.0,Pascal,1050.0,GTX,3,0,GeForce GTX 1050,GeForce GTX 1050
22500.0,10.021270588192511,GeForce GTX 1050,2.0,PALIT,5090.0,475.0,8.535229553902337,1862.0,112.1,640.0,1354.0,1455.0,75.0,5090.0,67.86666666666666,2016.0,10.0,Pascal,1050.0,GTX,3,0,GeForce GTX 1050,GeForce GTX 1050
25000.0,10.126631103850338,GeForce GTX 1050,3.0,GALAX,5090.0,475.0,8.535229553902337,1862.0,112.1,640.0,1354.0,1455.0,75.0,5090.0,67.86666666666666,2016.0,10.0,Pascal,1050.0,GTX,3,0,GeForce GTX 1050,GeForce GTX 1050
23000.0,10.043249494911286,GeForce GTX 1050,4.0,GIGABYTE,5090.0,475.0,8.535229553902337,1862.0,112.1,640.0,1354.0,1455.0,75.0,5090.0,67.86666666666666,2016.0,10.0,Pascal,1050.0,GTX,3,0,GeForce GTX 1050,GeForce GTX 1050
25000.0,10.126631103850338,GeForce GTX 1050,2.0,ASUS,5090.0,475.0,8.535229553902337,1862.0,112.1,640.0,1354.0,1455.0,75.0,5090.0,67.86666666666666,2016.0,10.0,Pascal,1050.0,GTX,3,0,GeForce GTX 1050,GeForce GTX 1050
22000.0,9.998797732340453,GeForce GTX 1050,2.0,GALAX,5090.0,475.0,8.535229553902337,1862.0,112.1,640.0,1354.0,1455.0,75.0,5090.0,67.86666666666666,2016.0,10.0,Pascal,1050.0,GTX,3,0,GeForce GTX 1050,GeForce GTX 1050
24000.0,10.085809109330082,GeForce GTX 1050,2.0,GALAX,5090.0,475.0,8.535229553902337,1862.0,112.1,640.0,1354.0,1455.0,75.0,5090.0,67.86666666666666,2016.0,10.0,Pascal,1050.0,GTX,3,0,GeForce GTX 1050,GeForce GTX 1050
20500.0,9.9281801651265,GeForce GTX 1050,2.0,GALAX,5090.0,475.0,8.535229553902337,1862.0,112.1,640.0,1354.0,1455.0,75.0,5090.0,67.86666666666666,2016.0,10.0,Pascal,1050.0,GTX,3,0,GeForce GTX 1050,GeForce GTX 1050
21500.0,9.975808214115753,GeForce GTX 1050,2.0,MSI,5090.0,475.0,8.535229553902337,1862.0,112.1,640.0,1354.0,1455.0,75.0,5090.0,67.86666666666666,2016.0,10.0,Pascal,1050.0,GTX,3,0,GeForce GTX 1050,GeForce GTX 1050
19000.0,9.852194258148577,GeForce GTX 1050,4.0,MSI,5090.0,475.0,8.535229553902337,1862.0,112.1,640.0,1354.0,1455.0,75.0,5090.0,67.86666666666666,2016.0,10.0,Pascal,1050.0,GTX,3,0,GeForce GTX 1050,GeForce GTX 1050
20500.0,9.9281801651265,GeForce GTX 1050,2.0,ASUS,5090.0,475.0,8.535229553902337,1862.0,112.1,640.0,1354.0,1455.0,75.0,5090.0,67.86666666666666,2016.0,10.0,Pascal,1050.0,GTX,3,0,GeForce GTX 1050,GeForce GTX 1050
25000.0,10.126631103850338,GeForce GTX 1050,3.0,PALIT,5090.0,475.0,8.535229553902337,1862.0,112.1,640.0,1354.0,1455.0,75.0,5090.0,67.86666666666666,2016.0,10.0,Pascal,1050.0,GTX,3,0,GeForce GTX 1050,GeForce GTX 1050
22500.0,10.021270588192511,GeForce GTX 1050,3.0,MSI,5090.0,475.0,8.535229553902337,1862.0,112.1,640.0,1354.0,1455.0,75.0,5090.0,67.86666666666666,2016.0,10.0,Pascal,1050.0,GTX,3,0,GeForce GTX 1050,GeForce GTX 1050
25000.0,10.126631103850338,GeForce GTX 1050,2.0,GIGABYTE,5090.0,475.0,8.535229553902337,1862.0,112.1,640.0,1354.0,1455.0,75.0,5090.0,67.86666666666666,2016.0,10.0,Pascal,1050.0,GTX,3,0,GeForce GTX 1050,GeForce GTX 1050
21000.0,9.95227771670556,GeForce GTX 1050,3.0,ASUS,5090.0,475.0,8.535229553902337,1862.0,112.1,640.0,1354.0,1455.0,75.0,5090.0,67.86666666666666,2016.0,10.0,Pascal,1050.0,GTX,3,0,GeForce GTX 1050,GeForce GTX 1050
23000.0,10.043249494911286,GeForce GTX 1050,4.0,MSI,5090.0,475.0,8.535229553902337,1862.0,112.1,640.0,1354.0,1455.0,75.0,5090.0,67.86666666666666,2016.0,10.0,Pascal,1050.0,GTX,3,0,GeForce GTX 1050,GeForce GTX 1050
19000.0,9.852194258148577,GeForce GTX 1050,3.0,ZOTAC,5090.0,475.0,8.535229553902337,1862.0,112.1,640.0,1354.0,1455.0,75.0,5090.0,67.86666666666666,2016.0,10.0,Pascal,1050.0,GTX,3,0,GeForce GTX 1050,GeForce GTX 1050
21500.0,9.975808214115753,GeForce GTX 1050,4.0,PALIT,5090.0,475.0,8.535229553902337,1862.0,112.1,640.0,1354.0,1455.0,75.0,5090.0,67.86666666666666,2016.0,10.0,Pascal,1050.0,GTX,3,0,GeForce GTX 1050,GeForce GTX 1050
22000.0,9.998797732340453,GeForce GTX 1050,3.0,ZOTAC,5090.0,475.0,8.535229553902337,1862.0,112.1,640.0,1354.0,1455.0,75.0,5090.0,67.86666666666666,2016.0,10.0,Pascal,1050.0,GTX,3,0,GeForce GTX 1050,GeForce GTX 1050
21000.0,9.95227771670556,GeForce GTX 1050,2.0,PALIT,5090.0,475.0,8.535229553902337,1862.0,112.1,640.0,1354.0,1455.0,75.0,5090.0,67.86666666666666,2016.0,10.0,Pascal,1050.0,GTX,3,0,GeForce GTX 1050,GeForce GTX 1050
19000.0,9.852194258148577,GeForce GTX 1050,4.0,PALIT,5090.0,475.0,8.535229553902337,1862.0,112.1,640.0,1354.0,1455.0,75.0,5090.0,67.86666666666666,2016.0,10.0,Pascal,1050.0,GTX,3,0,GeForce GTX 1050,GeForce GTX 1050
25000.0,10.126631103850338,GeForce GTX 1050,4.0,GIGABYTE,5090.0,475.0,8.535229553902337,1862.0,112.1,640.0,1354.0,1455.0,75.0,5090.0,67.86666666666666,2016.0,10.0,Pascal,1050.0,GTX,3,0,GeForce GTX 1050,GeForce GTX 1050
23500.0,10.06475570013225,GeForce GTX 1050,3.0,ZOTAC,5090.0,475.0,8.535229553902337,1862.0,112.1,640.0,1354.0,1455.0,75.0,5090.0,67.86666666666666,2016.0,10.0,Pascal,1050.0,GTX,3,0,GeForce GTX 1050,GeForce GTX 1050
21900.0,9.994241915804592,GeForce GTX 1050,2.0,ZOTAC,5090.0,475.0,8.535229553902337,1862.0,112.1,640.0,1354.0,1455.0,75.0,5090.0,67.86666666666666,2016.0,10.0,Pascal,1050.0,GTX,3,0,GeForce GTX 1050,GeForce GTX 1050
22000.0,9.998797732340453,GeForce GTX 1050,2.0,NVIDIA,5090.0,475.0,8.535229553902337,1862.0,112.1,640.0,1354.0,1455.0,75.0,5090.0,67.86666666666666,2016.0,10.0,Pascal,1050.0,GTX,3,0,GeForce GTX 1050,GeForce GTX 1050
23000.0,10.043249494911286,GeForce GTX 1050,2.0,NVIDIA,5090.0,475.0,8.535229553902337,1862.0,112.1,640.0,1354.0,1455.0,75.0,5090.0,67.86666666666666,2016.0,10.0,Pascal,1050.0,GTX,3,0,GeForce GTX 1050,GeForce GTX 1050
20000.0,9.903487552536127,GeForce GTX 1050,2.0,MSI,5090.0,475.0,8.535229553902337,1862.0,112.1,640.0,1354.0,1455.0,75.0,5090.0,67.86666666666666,2016.0,10.0,Pascal,1050.0,GTX,3,0,GeForce GTX 1050,GeForce GTX 1050
16000.0,9.680344001221918,GeForce GTX 1050,2.0,NVIDIA,5090.0,475.0,8.535229553902337,1862.0,112.1,640.0,1354.0,1455.0,75.0,5090.0,67.86666666666666,2016.0,10.0,Pascal,1050.0,GTX,3,0,GeForce GTX 1050,GeForce GTX 1050
21500.0,9.975808214115753,GeForce GTX 1050,2.0,NVIDIA,5090.0,475.0,8.535229553902337,1862.0,112.1,640.0,1354.0,1455.0,75.0,5090.0,67.86666666666666,2016.0,10.0,Pascal,1050.0,GTX,3,0,GeForce GTX 1050,GeForce GTX 1050
20000.0,9.903487552536127,GeForce GTX 1050,3.0,NVIDIA,5090.0,475.0,8.535229553902337,1862.0,112.1,640.0,1354.0,1455.0,75.0,5090.0,67.86666666666666,2016.0,10.0,Pascal,1050.0,GTX,3,0,GeForce GTX 1050,GeForce GTX 1050
27000.0,10.203592144986466,GeForce GTX 1050 Ti,4.0,MSI,6314.0,651.0,8.750683034784592,2138.0,112.1,768.0,1291.0,1392.0,75.0,6314.0,84.18666666666667,2016.0,10.0,Pascal,1050.0,GTX,3,1,GeForce GTX 1050 Ti,GeForce GTX 1050 Ti
34500.0,10.448714603019452,GeForce GTX 1050 Ti,4.0,MSI,6314.0,651.0,8.750683034784592,2138.0,112.1,768.0,1291.0,1392.0,75.0,6314.0,84.18666666666667,2016.0,10.0,Pascal,1050.0,GTX,3,1,GeForce GTX 1050 Ti,GeForce GTX 1050 Ti
34500.0,10.448714603019452,GeForce GTX 1050 Ti,4.0,ZOTAC,6314.0,651.0,8.750683034784592,2138.0,112.1,768.0,1291.0,1392.0,75.0,6314.0,84.18666666666667,2016.0,10.0,Pascal,1050.0,GTX,3,1,GeForce GTX 1050 Ti,GeForce GTX 1050 Ti
33500.0,10.419300717813158,GeForce GTX 1050 Ti,4.0,MSI,6314.0,651.0,8.750683034784592,2138.0,112.1,768.0,1291.0,1392.0,75.0,6314.0,84.18666666666667,2016.0,10.0,Pascal,1050.0,GTX,3,1,GeForce GTX 1050 Ti,GeForce GTX 1050 Ti
26000.0,10.165851817003619,GeForce GTX 1050 Ti,4.0,ZOTAC,6314.0,651.0,8.750683034784592,2138.0,112.1,768.0,1291.0,1392.0,75.0,6314.0,84.18666666666667,2016.0,10.0,Pascal,1050.0,GTX,3,1,GeForce GTX 1050 Ti,GeForce GTX 1050 Ti
26500.0,10.184900011974314,GeForce GTX 1050 Ti,4.0,ASUS,6314.0,651.0,8.750683034784592,2138.0,112.1,768.0,1291.0,1392.0,75.0,6314.0,84.18666666666667,2016.0,10.0,Pascal,1050.0,GTX,3,1,GeForce GTX 1050 Ti,GeForce GTX 1050 Ti
28500.0,10.257659366256743,GeForce GTX 1050 Ti,4.0,MSI,6314.0,651.0,8.750683034784592,2138.0,112.1,768.0,1291.0,1392.0,75.0,6314.0,84.18666666666667,2016.0,10.0,Pascal,1050.0,GTX,3,1,GeForce GTX 1050 Ti,GeForce GTX 1050 Ti
29000.0,10.275051108968611,GeForce GTX 1050 Ti,4.0,GIGABYTE,6314.0,651.0,8.750683034784592,2138.0,112.1,768.0,1291.0,1392.0,75.0,6314.0,84.18666666666667,2016.0,10.0,Pascal,1050.0,GTX,3,1,GeForce GTX 1050 Ti,GeForce GTX 1050 Ti
28000.0,10.239959789157341,GeForce GTX 1050 Ti,4.0,MSI,6314.0,651.0,8.750683034784592,2138.0,112.1,768.0,1291.0,1392.0,75.0,6314.0,84.18666666666667,2016.0,10.0,Pascal,1050.0,GTX,3,1,GeForce GTX 1050 Ti,GeForce GTX 1050 Ti
29000.0,10.275051108968611,GeForce GTX 1050 Ti,4.0,ZOTAC,6314.0,651.0,8.750683034784592,2138.0,112.1,768.0,1291.0,1392.0,75.0,6314.0,84.18666666666667,2016.0,10.0,Pascal,1050.0,GTX,3,1,GeForce GTX 1050 Ti,GeForce GTX 1050 Ti
30500.0,10.325481962595504,GeForce GTX 1050 Ti,4.0,GIGABYTE,6314.0,651.0,8.750683034784592,2138.0,112.1,768.0,1291.0,1392.0,75.0,6314.0,84.18666666666667,2016.0,10.0,Pascal,1050.0,GTX,3,1,GeForce GTX 1050 Ti,GeForce GTX 1050 Ti
35000.0,10.46310334047155,GeForce GTX 1050 Ti,4.0,PALIT,6314.0,651.0,8.750683034784592,2138.0,112.1,768.0,1291.0,1392.0,75.0,6314.0,84.18666666666667,2016.0,10.0,Pascal,1050.0,GTX,3,1,GeForce GTX 1050 Ti,GeForce GTX 1050 Ti
30500.0,10.325481962595504,GeForce GTX 1050 Ti,4.0,ASUS,6314.0,651.0,8.750683034784592,2138.0,112.1,768.0,1291.0,1392.0,75.0,6314.0,84.18666666666667,2016.0,10.0,Pascal,1050.0,GTX,3,1,GeForce GTX 1050 Ti,GeForce GTX 1050 Ti
28500.0,10.257659366256743,GeForce GTX 1050 Ti,4.0,ASUS,6314.0,651.0,8.750683034784592,2138.0,112.1,768.0,1291.0,1392.0,75.0,6314.0,84.18666666666667,2016.0,10.0,Pascal,1050.0,GTX,3,1,GeForce GTX 1050 Ti,GeForce GTX 1050 Ti
33000.0,10.404262840448617,GeForce GTX 1050 Ti,4.0,ZOTAC,6314.0,651.0,8.750683034784592,2138.0,112.1,768.0,1291.0,1392.0,75.0,6314.0,84.18666666666667,2016.0,10.0,Pascal,1050.0,GTX,3,1,GeForce GTX 1050 Ti,GeForce GTX 1050 Ti
34500.0,10.448714603019452,GeForce GTX 1050 Ti,4.0,ASUS,6314.0,651.0,8.750683034784592,2138.0,112.1,768.0,1291.0,1392.0,75.0,6314.0,84.18666666666667,2016.0,10.0,Pascal,1050.0,GTX,3,1,GeForce GTX 1050 Ti,GeForce GTX 1050 Ti
34000.0,10.4341158035983,GeForce GTX 1050 Ti,4.0,GIGABYTE,6314.0,651.0,8.750683034784592,2138.0,112.1,768.0,1291.0,1392.0,75.0,6314.0,84.18666666666667,2016.0,10.0,Pascal,1050.0,GTX,3,1,GeForce GTX 1050 Ti,GeForce GTX 1050 Ti
30000.0,10.308952660644293,GeForce GTX 1050 Ti,4.0,ASUS,6314.0,651.0,8.750683034784592,2138.0,112.1,768.0,1291.0,1392.0,75.0,6314.0,84.18666666666667,2016.0,10.0,Pascal,1050.0,GTX,3,1,GeForce GTX 1050 Ti,GeForce GTX 1050 Ti
26500.0,10.184900011974314,GeForce GTX 1050 Ti,4.0,MSI,6314.0,651.0,8.750683034784592,2138.0,112.1,768.0,1291.0,1392.0,75.0,6314.0,84.18666666666667,2016.0,10.0,Pascal,1050.0,GTX,3,1,GeForce GTX 1050 Ti,GeForce GTX 1050 Ti
31000.0,10.341742483467284,GeForce GTX 1050 Ti,4.0,GIGABYTE,6314.0,651.0,8.750683034784592,2138.0,112.1,768.0,1291.0,1392.0,75.0,6314.0,84.18666666666667,2016.0,10.0,Pascal,1050.0,GTX,3,1,GeForce GTX 1050 Ti,GeForce GTX 1050 Ti
28500.0,10.257659366256743,GeForce GTX 1050 Ti,4.0,GIGABYTE,6314.0,651.0,8.750683034784592,2138.0,112.1,768.0,1291.0,1392.0,75.0,6314.0,84.18666666666667,2016.0,10.0,Pascal,1050.0,GTX,3,1,GeForce GTX 1050 Ti,GeForce GTX 1050 Ti
29500.0,10.292145542327912,GeForce GTX 1050 Ti,4.0,GIGABYTE,6314.0,651.0,8.750683034784592,2138.0,112.1,768.0,1291.0,1392.0,75.0,6314.0,84.18666666666667,2016.0,10.0,Pascal,1050.0,GTX,3,1,GeForce GTX 1050 Ti,GeForce GTX 1050 Ti
30000.0,10.308952660644293,GeForce GTX 1050 Ti,4.0,MSI,6314.0,651.0,8.750683034784592,2138.0,112.1,768.0,1291.0,1392.0,75.0,6314.0,84.18666666666667,2016.0,10.0,Pascal,1050.0,GTX,3,1,GeForce GTX 1050 Ti,GeForce GTX 1050 Ti
32000.0,10.373491181781864,GeForce GTX 1050 Ti,4.0,ZOTAC,6314.0,651.0,8.750683034784592,2138.0,112.1,768.0,1291.0,1392.0,75.0,6314.0,84.18666666666667,2016.0,10.0,Pascal,1050.0,GTX,3,1,GeForce GTX 1050 Ti,GeForce GTX 1050 Ti
29000.0,10.275051108968611,GeForce GTX 1050 Ti,4.0,ASUS,6314.0,651.0,8.750683034784592,2138.0,112.1,768.0,1291.0,1392.0,75.0,6314.0,84.18666666666667,2016.0,10.0,Pascal,1050.0,GTX,3,1,GeForce GTX 1050 Ti,GeForce GTX 1050 Ti
31500.0,10.357742824813725,GeForce GTX 1050 Ti,4.0,GALAX,6314.0,651.0,8.750683034784592,2138.0,112.1,768.0,1291.0,1392.0,75.0,6314.0,84.18666666666667,2016.0,10.0,Pascal,1050.0,GTX,3,1,GeForce GTX 1050 Ti,GeForce GTX 1050 Ti
34000.0,10.4341158035983,GeForce GTX 1050 Ti,4.0,MSI,6314.0,651.0,8.750683034784592,2138.0,112.1,768.0,1291.0,1392.0,75.0,6314.0,84.18666666666667,2016.0,10.0,Pascal,1050.0,GTX,3,1,GeForce GTX 1050 Ti,GeForce GTX 1050 Ti
32000.0,10.373491181781864,GeForce GTX 1050 Ti,4.0,ASUS,6314.0,651.0,8.750683034784592,2138.0,112.1,768.0,1291.0,1392.0,75.0,6314.0,84.18666666666667,2016.0,10.0,Pascal,1050.0,GTX,3,1,GeForce GTX 1050 Ti,GeForce GTX 1050 Ti
28000.0,10.239959789157341,GeForce GTX 1050 Ti,4.0,GIGABYTE,6314.0,651.0,8.750683034784592,2138.0,112.1,768.0,1291.0,1392.0,75.0,6314.0,84.18666666666667,2016.0,10.0,Pascal,1050.0,GTX,3,1,GeForce GTX 1050 Ti,GeForce GTX 1050 Ti
28000.0,10.239959789157341,GeForce GTX 1050 Ti,4.0,PALIT,6314.0,651.0,8.750683034784592,2138.0,112.1,768.0,1291.0,1392.0,75.0,6314.0,84.18666666666667,2016.0,10.0,Pascal,1050.0,GTX,3,1,GeForce GTX 1050 Ti,GeForce GTX 1050 Ti
34500.0,10.448714603019452,GeForce GTX 1050 Ti,4.0,PALIT,6314.0,651.0,8.750683034784592,2138.0,112.1,768.0,1291.0,1392.0,75.0,6314.0,84.18666666666667,2016.0,10.0,Pascal,1050.0,GTX,3,1,GeForce GTX 1050 Ti,GeForce GTX 1050 Ti
33500.0,10.419300717813158,GeForce GTX 1050 Ti,4.0,GIGABYTE,6314.0,651.0,8.750683034784592,2138.0,112.1,768.0,1291.0,1392.0,75.0,6314.0,84.18666666666667,2016.0,10.0,Pascal,1050.0,GTX,3,1,GeForce GTX 1050 Ti,GeForce GTX 1050 Ti
30000.0,10.308952660644293,GeForce GTX 1050 Ti,4.0,GIGABYTE,6314.0,651.0,8.750683034784592,2138.0,112.1,768.0,1291.0,1392.0,75.0,6314.0,84.18666666666667,2016.0,10.0,Pascal,1050.0,GTX,3,1,GeForce GTX 1050 Ti,GeForce GTX 1050 Ti
28000.0,10.239959789157341,GeForce GTX 1050 Ti,4.0,GALAX,6314.0,651.0,8.750683034784592,2138.0,112.1,768.0,1291.0,1392.0,75.0,6314.0,84.18666666666667,2016.0,10.0,Pascal,1050.0,GTX,3,1,GeForce GTX 1050 Ti,GeForce GTX 1050 Ti
31900.0,10.370361288772935,GeForce GTX 1050 Ti,4.0,GIGABYTE,6314.0,651.0,8.750683034784592,2138.0,112.1,768.0,1291.0,1392.0,75.0,6314.0,84.18666666666667,2016.0,10.0,Pascal,1050.0,GTX,3,1,GeForce GTX 1050 Ti,GeForce GTX 1050 Ti
25000.0,10.126631103850338,GeForce GTX 1050 Ti,4.0,NVIDIA,6314.0,651.0,8.750683034784592,2138.0,112.1,768.0,1291.0,1392.0,75.0,6314.0,84.18666666666667,2016.0,10.0,Pascal,1050.0,GTX,3,1,GeForce GTX 1050 Ti,GeForce GTX 1050 Ti
25500.0,10.146433731146518,GeForce GTX 1050 Ti,4.0,MSI,6314.0,651.0,8.750683034784592,2138.0,112.1,768.0,1291.0,1392.0,75.0,6314.0,84.18666666666667,2016.0,10.0,Pascal,1050.0,GTX,3,1,GeForce GTX 1050 Ti,GeForce GTX 1050 Ti
21000.0,9.95227771670556,GeForce GTX 1050 Ti,4.0,EMTEK,6314.0,651.0,8.750683034784592,2138.0,112.1,768.0,1291.0,1392.0,75.0,6314.0,84.18666666666667,2016.0,10.0,Pascal,1050.0,GTX,3,1,GeForce GTX 1050 Ti,GeForce GTX 1050 Ti
32500.0,10.388995368317829,GeForce GTX 1050 Ti,4.0,ZOTAC,6314.0,651.0,8.750683034784592,2138.0,112.1,768.0,1291.0,1392.0,75.0,6314.0,84.18666666666667,2016.0,10.0,Pascal,1050.0,GTX,3,1,GeForce GTX 1050 Ti,GeForce GTX 1050 Ti
35000.0,10.46310334047155,GeForce GTX 1050 Ti,4.0,GIGABYTE,6314.0,651.0,8.750683034784592,2138.0,112.1,768.0,1291.0,1392.0,75.0,6314.0,84.18666666666667,2016.0,10.0,Pascal,1050.0,GTX,3,1,GeForce GTX 1050 Ti,GeForce GTX 1050 Ti
33000.0,10.404262840448617,GeForce GTX 1050 Ti,4.0,ASUS,6314.0,651.0,8.750683034784592,2138.0,112.1,768.0,1291.0,1392.0,75.0,6314.0,84.18666666666667,2016.0,10.0,Pascal,1050.0,GTX,3,1,GeForce GTX 1050 Ti,GeForce GTX 1050 Ti
33000.0,10.404262840448617,GeForce GTX 1050 Ti,4.0,NVIDIA,6314.0,651.0,8.750683034784592,2138.0,112.1,768.0,1291.0,1392.0,75.0,6314.0,84.18666666666667,2016.0,10.0,Pascal,1050.0,GTX,3,1,GeForce GTX 1050 Ti,GeForce GTX 1050 Ti
32500.0,10.388995368317829,GeForce GTX 1050 Ti,4.0,NVIDIA,6314.0,651.0,8.750683034784592,2138.0,112.1,768.0,1291.0,1392.0,75.0,6314.0,84.18666666666667,2016.0,10.0,Pascal,1050.0,GTX,3,1,GeForce GTX 1050 Ti,GeForce GTX 1050 Ti
32000.0,10.373491181781864,GeForce GTX 1050 Ti,4.0,PALIT,6314.0,651.0,8.750683034784592,2138.0,112.1,768.0,1291.0,1392.0,75.0,6314.0,84.18666666666667,2016.0,10.0,Pascal,1050.0,GTX,3,1,GeForce GTX 1050 Ti,GeForce GTX 1050 Ti
33000.0,10.404262840448617,GeForce GTX 1050 Ti,4.0,MSI,6314.0,651.0,8.750683034784592,2138.0,112.1,768.0,1291.0,1392.0,75.0,6314.0,84.18666666666667,2016.0,10.0,Pascal,1050.0,GTX,3,1,GeForce GTX 1050 Ti,GeForce GTX 1050 Ti
30000.0,10.308952660644293,GeForce GTX 1050 Ti,4.0,NVIDIA,6314.0,651.0,8.750683034784592,2138.0,112.1,768.0,1291.0,1392.0,75.0,6314.0,84.18666666666667,2016.0,10.0,Pascal,1050.0,GTX,3,1,GeForce GTX 1050 Ti,GeForce GTX 1050 Ti
32000.0,10.373491181781864,GeForce GTX 1050 Ti,4.0,GALAX,6314.0,651.0,8.750683034784592,2138.0,112.1,768.0,1291.0,1392.0,75.0,6314.0,84.18666666666667,2016.0,10.0,Pascal,1050.0,GTX,3,1,GeForce GTX 1050 Ti,GeForce GTX 1050 Ti
30000.0,10.308952660644293,GeForce GTX 1050 Ti,4.0,ZOTAC,6314.0,651.0,8.750683034784592,2138.0,112.1,768.0,1291.0,1392.0,75.0,6314.0,84.18666666666667,2016.0,10.0,Pascal,1050.0,GTX,3,1,GeForce GTX 1050 Ti,GeForce GTX 1050 Ti
24000.0,10.085809109330082,GeForce GTX 1050 Ti,4.0,ASUS,6314.0,651.0,8.750683034784592,2138.0,112.1,768.0,1291.0,1392.0,75.0,6314.0,84.18666666666667,2016.0,10.0,Pascal,1050.0,GTX,3,1,GeForce GTX 1050 Ti,GeForce GTX 1050 Ti
26500.0,10.184900011974314,GeForce GTX 1050 Ti,4.0,ZOTAC,6314.0,651.0,8.750683034784592,2138.0,112.1,768.0,1291.0,1392.0,75.0,6314.0,84.18666666666667,2016.0,10.0,Pascal,1050.0,GTX,3,1,GeForce GTX 1050 Ti,GeForce GTX 1050 Ti
32900.0,10.401227936753463,GeForce GTX 1050 Ti,4.0,GIGABYTE,6314.0,651.0,8.750683034784592,2138.0,112.1,768.0,1291.0,1392.0,75.0,6314.0,84.18666666666667,2016.0,10.0,Pascal,1050.0,GTX,3,1,GeForce GTX 1050 Ti,GeForce GTX 1050 Ti
31500.0,10.357742824813725,GeForce GTX 1050 Ti,4.0,NVIDIA,6314.0,651.0,8.750683034784592,2138.0,112.1,768.0,1291.0,1392.0,75.0,6314.0,84.18666666666667,2016.0,10.0,Pascal,1050.0,GTX,3,1,GeForce GTX 1050 Ti,GeForce GTX 1050 Ti
23000.0,10.043249494911286,GeForce GTX 1050 Ti,4.0,NVIDIA,6314.0,651.0,8.750683034784592,2138.0,112.1,768.0,1291.0,1392.0,75.0,6314.0,84.18666666666667,2016.0,10.0,Pascal,1050.0,GTX,3,1,GeForce GTX 1050 Ti,GeForce GTX 1050 Ti
32000.0,10.373491181781864,GeForce GTX 1050 Ti,4.0,GIGABYTE,6314.0,651.0,8.750683034784592,2138.0,112.1,768.0,1291.0,1392.0,75.0,6314.0,84.18666666666667,2016.0,10.0,Pascal,1050.0,GTX,3,1,GeForce GTX 1050 Ti,GeForce GTX 1050 Ti
34000.0,10.4341158035983,GeForce GTX 1050 Ti,4.0,GALAX,6314.0,651.0,8.750683034784592,2138.0,112.1,768.0,1291.0,1392.0,75.0,6314.0,84.18666666666667,2016.0,10.0,Pascal,1050.0,GTX,3,1,GeForce GTX 1050 Ti,GeForce GTX 1050 Ti
33000.0,10.404262840448617,GeForce GTX 1050 Ti,4.0,GALAX,6314.0,651.0,8.750683034784592,2138.0,112.1,768.0,1291.0,1392.0,75.0,6314.0,84.18666666666667,2016.0,10.0,Pascal,1050.0,GTX,3,1,GeForce GTX 1050 Ti,GeForce GTX 1050 Ti
36500.0,10.505067539570582,GeForce GTX 1060,6.0,GIGABYTE,10070.0,762.0,9.217415285648144,1862.0,112.1,640.0,1354.0,1455.0,75.0,10070.0,134.26666666666668,2016.0,10.0,Pascal,1060.0,GTX,3,0,GeForce GTX 1060,GeForce GTX 1050
36000.0,10.491274217438248,GeForce GTX 1060,6.0,ZOTAC,10070.0,762.0,9.217415285648144,1862.0,112.1,640.0,1354.0,1455.0,75.0,10070.0,134.26666666666668,2016.0,10.0,Pascal,1060.0,GTX,3,0,GeForce GTX 1060,GeForce GTX 1050
39000.0,10.571316925111784,GeForce GTX 1060,3.0,ASUS,10070.0,762.0,9.217415285648144,1862.0,112.1,640.0,1354.0,1455.0,75.0,10070.0,134.26666666666668,2016.0,10.0,Pascal,1060.0,GTX,3,0,GeForce GTX 1060,GeForce GTX 1050
31000.0,10.341742483467284,GeForce GTX 1060,3.0,ASUS,10070.0,762.0,9.217415285648144,1862.0,112.1,640.0,1354.0,1455.0,75.0,10070.0,134.26666666666668,2016.0,10.0,Pascal,1060.0,GTX,3,0,GeForce GTX 1060,GeForce GTX 1050
34500.0,10.448714603019452,GeForce GTX 1060,3.0,MSI,10070.0,762.0,9.217415285648144,1862.0,112.1,640.0,1354.0,1455.0,75.0,10070.0,134.26666666666668,2016.0,10.0,Pascal,1060.0,GTX,3,0,GeForce GTX 1060,GeForce GTX 1050
39500.0,10.584055950889214,GeForce GTX 1060,3.0,GIGABYTE,10070.0,762.0,9.217415285648144,1862.0,112.1,640.0,1354.0,1455.0,75.0,10070.0,134.26666666666668,2016.0,10.0,Pascal,1060.0,GTX,3,0,GeForce GTX 1060,GeForce GTX 1050
35500.0,10.477287975463508,GeForce GTX 1060,3.0,GIGABYTE,10070.0,762.0,9.217415285648144,1862.0,112.1,640.0,1354.0,1455.0,75.0,10070.0,134.26666666666668,2016.0,10.0,Pascal,1060.0,GTX,3,0,GeForce GTX 1060,GeForce GTX 1050
37000.0,10.51867319162636,GeForce GTX 1060,6.0,MSI,10070.0,762.0,9.217415285648144,1862.0,112.1,640.0,1354.0,1455.0,75.0,10070.0,134.26666666666668,2016.0,10.0,Pascal,1060.0,GTX,3,0,GeForce GTX 1060,GeForce GTX 1050
35500.0,10.477287975463508,GeForce GTX 1060,6.0,MSI,10070.0,762.0,9.217415285648144,1862.0,112.1,640.0,1354.0,1455.0,75.0,10070.0,134.26666666666668,2016.0,10.0,Pascal,1060.0,GTX,3,0,GeForce GTX 1060,GeForce GTX 1050
38000.0,10.545341438708522,GeForce GTX 1060,5.0,GALAX,10070.0,762.0,9.217415285648144,1862.0,112.1,640.0,1354.0,1455.0,75.0,10070.0,134.26666666666668,2016.0,10.0,Pascal,1060.0,GTX,3,0,GeForce GTX 1060,GeForce GTX 1050
39000.0,10.571316925111784,GeForce GTX 1060,6.0,ASUS,10070.0,762.0,9.217415285648144,1862.0,112.1,640.0,1354.0,1455.0,75.0,10070.0,134.26666666666668,2016.0,10.0,Pascal,1060.0,GTX,3,0,GeForce GTX 1060,GeForce GTX 1050
39000.0,10.571316925111784,GeForce GTX 1060,3.0,ZOTAC,10070.0,762.0,9.217415285648144,1862.0,112.1,640.0,1354.0,1455.0,75.0,10070.0,134.26666666666668,2016.0,10.0,Pascal,1060.0,GTX,3,0,GeForce GTX 1060,GeForce GTX 1050
32500.0,10.388995368317829,GeForce GTX 1060,5.0,ASUS,10070.0,762.0,9.217415285648144,1862.0,112.1,640.0,1354.0,1455.0,75.0,10070.0,134.26666666666668,2016.0,10.0,Pascal,1060.0,GTX,3,0,GeForce GTX 1060,GeForce GTX 1050
31500.0,10.357742824813725,GeForce GTX 1060,3.0,ZOTAC,10070.0,762.0,9.217415285648144,1862.0,112.1,640.0,1354.0,1455.0,75.0,10070.0,134.26666666666668,2016.0,10.0,Pascal,1060.0,GTX,3,0,GeForce GTX 1060,GeForce GTX 1050
36500.0,10.505067539570582,GeForce GTX 1060,6.0,GALAX,10070.0,762.0,9.217415285648144,1862.0,112.1,640.0,1354.0,1455.0,75.0,10070.0,134.26666666666668,2016.0,10.0,Pascal,1060.0,GTX,3,0,GeForce GTX 1060,GeForce GTX 1050
31500.0,10.357742824813725,GeForce GTX 1060,3.0,MSI,10070.0,762.0,9.217415285648144,1862.0,112.1,640.0,1354.0,1455.0,75.0,10070.0,134.26666666666668,2016.0,10.0,Pascal,1060.0,GTX,3,0,GeForce GTX 1060,GeForce GTX 1050
39000.0,10.571316925111784,GeForce GTX 1060,6.0,PALIT,10070.0,762.0,9.217415285648144,1862.0,112.1,640.0,1354.0,1455.0,75.0,10070.0,134.26666666666668,2016.0,10.0,Pascal,1060.0,GTX,3,0,GeForce GTX 1060,GeForce GTX 1050
36500.0,10.505067539570582,GeForce GTX 1060,3.0,ZOTAC,10070.0,762.0,9.217415285648144,1862.0,112.1,640.0,1354.0,1455.0,75.0,10070.0,134.26666666666668,2016.0,10.0,Pascal,1060.0,GTX,3,0,GeForce GTX 1060,GeForce GTX 1050
35000.0,10.46310334047155,GeForce GTX 1060,3.0,ASUS,10070.0,762.0,9.217415285648144,1862.0,112.1,640.0,1354.0,1455.0,75.0,10070.0,134.26666666666668,2016.0,10.0,Pascal,1060.0,GTX,3,0,GeForce GTX 1060,GeForce GTX 1050
40000.0,10.596634733096073,GeForce GTX 1060,6.0,GIGABYTE,10070.0,762.0,9.217415285648144,1862.0,112.1,640.0,1354.0,1455.0,75.0,10070.0,134.26666666666668,2016.0,10.0,Pascal,1060.0,GTX,3,0,GeForce GTX 1060,GeForce GTX 1050
34000.0,10.4341158035983,GeForce GTX 1060,6.0,ASUS,10070.0,762.0,9.217415285648144,1862.0,112.1,640.0,1354.0,1455.0,75.0,10070.0,134.26666666666668,2016.0,10.0,Pascal,1060.0,GTX,3,0,GeForce GTX 1060,GeForce GTX 1050
36000.0,10.491274217438248,GeForce GTX 1060,5.0,GIGABYTE,10070.0,762.0,9.217415285648144,1862.0,112.1,640.0,1354.0,1455.0,75.0,10070.0,134.26666666666668,2016.0,10.0,Pascal,1060.0,GTX,3,0,GeForce GTX 1060,GeForce GTX 1050
35000.0,10.46310334047155,GeForce GTX 1060,5.0,ZOTAC,10070.0,762.0,9.217415285648144,1862.0,112.1,640.0,1354.0,1455.0,75.0,10070.0,134.26666666666668,2016.0,10.0,Pascal,1060.0,GTX,3,0,GeForce GTX 1060,GeForce GTX 1050
33500.0,10.419300717813158,GeForce GTX 1060,6.0,GALAX,10070.0,762.0,9.217415285648144,1862.0,112.1,640.0,1354.0,1455.0,75.0,10070.0,134.26666666666668,2016.0,10.0,Pascal,1060.0,GTX,3,0,GeForce GTX 1060,GeForce GTX 1050
37500.0,10.532096211958502,GeForce GTX 1060,3.0,ASUS,10070.0,762.0,9.217415285648144,1862.0,112.1,640.0,1354.0,1455.0,75.0,10070.0,134.26666666666668,2016.0,10.0,Pascal,1060.0,GTX,3,0,GeForce GTX 1060,GeForce GTX 1050
36500.0,10.505067539570582,GeForce GTX 1060,3.0,GIGABYTE,10070.0,762.0,9.217415285648144,1862.0,112.1,640.0,1354.0,1455.0,75.0,10070.0,134.26666666666668,2016.0,10.0,Pascal,1060.0,GTX,3,0,GeForce GTX 1060,GeForce GTX 1050
35500.0,10.477287975463508,GeForce GTX 1060,5.0,GIGABYTE,10070.0,762.0,9.217415285648144,1862.0,112.1,640.0,1354.0,1455.0,75.0,10070.0,134.26666666666668,2016.0,10.0,Pascal,1060.0,GTX,3,0,GeForce GTX 1060,GeForce GTX 1050
33500.0,10.419300717813158,GeForce GTX 1060,5.0,MSI,10070.0,762.0,9.217415285648144,1862.0,112.1,640.0,1354.0,1455.0,75.0,10070.0,134.26666666666668,2016.0,10.0,Pascal,1060.0,GTX,3,0,GeForce GTX 1060,GeForce GTX 1050
38500.0,10.558413520275876,GeForce GTX 1060,5.0,ZOTAC,10070.0,762.0,9.217415285648144,1862.0,112.1,640.0,1354.0,1455.0,75.0,10070.0,134.26666666666668,2016.0,10.0,Pascal,1060.0,GTX,3,0,GeForce GTX 1060,GeForce GTX 1050
40500.0,10.60905725309463,GeForce GTX 1060,6.0,GALAX,10070.0,762.0,9.217415285648144,1862.0,112.1,640.0,1354.0,1455.0,75.0,10070.0,134.26666666666668,2016.0,10.0,Pascal,1060.0,GTX,3,0,GeForce GTX 1060,GeForce GTX 1050
34000.0,10.4341158035983,GeForce GTX 1060,3.0,ZOTAC,10070.0,762.0,9.217415285648144,1862.0,112.1,640.0,1354.0,1455.0,75.0,10070.0,134.26666666666668,2016.0,10.0,Pascal,1060.0,GTX,3,0,GeForce GTX 1060,GeForce GTX 1050
37000.0,10.51867319162636,GeForce GTX 1060,6.0,GIGABYTE,10070.0,762.0,9.217415285648144,1862.0,112.1,640.0,1354.0,1455.0,75.0,10070.0,134.26666666666668,2016.0,10.0,Pascal,1060.0,GTX,3,0,GeForce GTX 1060,GeForce GTX 1050
37500.0,10.532096211958502,GeForce GTX 1060,5.0,MSI,10070.0,762.0,9.217415285648144,1862.0,112.1,640.0,1354.0,1455.0,75.0,10070.0,134.26666666666668,2016.0,10.0,Pascal,1060.0,GTX,3,0,GeForce GTX 1060,GeForce GTX 1050
37500.0,10.532096211958502,GeForce GTX 1060,6.0,ZOTAC,10070.0,762.0,9.217415285648144,1862.0,112.1,640.0,1354.0,1455.0,75.0,10070.0,134.26666666666668,2016.0,10.0,Pascal,1060.0,GTX,3,0,GeForce GTX 1060,GeForce GTX 1050
38500.0,10.558413520275876,GeForce GTX 1060,3.0,MSI,10070.0,762.0,9.217415285648144,1862.0,112.1,640.0,1354.0,1455.0,75.0,10070.0,134.26666666666668,2016.0,10.0,Pascal,1060.0,GTX,3,0,GeForce GTX 1060,GeForce GTX 1050
34000.0,10.4341158035983,GeForce GTX 1060,5.0,GIGABYTE,10070.0,762.0,9.217415285648144,1862.0,112.1,640.0,1354.0,1455.0,75.0,10070.0,134.26666666666668,2016.0,10.0,Pascal,1060.0,GTX,3,0,GeForce GTX 1060,GeForce GTX 1050
38500.0,10.558413520275876,GeForce GTX 1060,3.0,PALIT,10070.0,762.0,9.217415285648144,1862.0,112.1,640.0,1354.0,1455.0,75.0,10070.0,134.26666666666668,2016.0,10.0,Pascal,1060.0,GTX,3,0,GeForce GTX 1060,GeForce GTX 1050
33500.0,10.419300717813158,GeForce GTX 1060,5.0,ASUS,10070.0,762.0,9.217415285648144,1862.0,112.1,640.0,1354.0,1455.0,75.0,10070.0,134.26666666666668,2016.0,10.0,Pascal,1060.0,GTX,3,0,GeForce GTX 1060,GeForce GTX 1050
27000.0,10.203592144986466,GeForce GTX 1060,3.0,EMTEK,10070.0,762.0,9.217415285648144,1862.0,112.1,640.0,1354.0,1455.0,75.0,10070.0,134.26666666666668,2016.0,10.0,Pascal,1060.0,GTX,3,0,GeForce GTX 1060,GeForce GTX 1050
34500.0,10.448714603019452,GeForce GTX 1060,3.0,ASUS,10070.0,762.0,9.217415285648144,1862.0,112.1,640.0,1354.0,1455.0,75.0,10070.0,134.26666666666668,2016.0,10.0,Pascal,1060.0,GTX,3,0,GeForce GTX 1060,GeForce GTX 1050
40500.0,10.60905725309463,GeForce GTX 1060,6.0,ZOTAC,10070.0,762.0,9.217415285648144,1862.0,112.1,640.0,1354.0,1455.0,75.0,10070.0,134.26666666666668,2016.0,10.0,Pascal,1060.0,GTX,3,0,GeForce GTX 1060,GeForce GTX 1050
26000.0,10.165851817003619,GeForce GTX 1060,3.0,NVIDIA,10070.0,762.0,9.217415285648144,1862.0,112.1,640.0,1354.0,1455.0,75.0,10070.0,134.26666666666668,2016.0,10.0,Pascal,1060.0,GTX,3,0,GeForce GTX 1060,GeForce GTX 1050
32000.0,10.373491181781864,GeForce GTX 1060,6.0,GALAX,10070.0,762.0,9.217415285648144,1862.0,112.1,640.0,1354.0,1455.0,75.0,10070.0,134.26666666666668,2016.0,10.0,Pascal,1060.0,GTX,3,0,GeForce GTX 1060,GeForce GTX 1050
29800.0,10.302263672493496,GeForce GTX 1060,3.0,NVIDIA,10070.0,762.0,9.217415285648144,1862.0,112.1,640.0,1354.0,1455.0,75.0,10070.0,134.26666666666668,2016.0,10.0,Pascal,1060.0,GTX,3,0,GeForce GTX 1060,GeForce GTX 1050
41000.0,10.621327345686446,GeForce GTX 1060,6.0,NVIDIA,10070.0,762.0,9.217415285648144,1862.0,112.1,640.0,1354.0,1455.0,75.0,10070.0,134.26666666666668,2016.0,10.0,Pascal,1060.0,GTX,3,0,GeForce GTX 1060,GeForce GTX 1050
42000.0,10.645424897265505,GeForce GTX 1060,6.0,ZOTAC,10070.0,762.0,9.217415285648144,1862.0,112.1,640.0,1354.0,1455.0,75.0,10070.0,134.26666666666668,2016.0,10.0,Pascal,1060.0,GTX,3,0,GeForce GTX 1060,GeForce GTX 1050
32500.0,10.388995368317829,GeForce GTX 1060,6.0,NVIDIA,10070.0,762.0,9.217415285648144,1862.0,112.1,640.0,1354.0,1455.0,75.0,10070.0,134.26666666666668,2016.0,10.0,Pascal,1060.0,GTX,3,0,GeForce GTX 1060,GeForce GTX 1050
29000.0,10.275051108968611,GeForce GTX 1060,5.0,GIGABYTE,10070.0,762.0,9.217415285648144,1862.0,112.1,640.0,1354.0,1455.0,75.0,10070.0,134.26666666666668,2016.0,10.0,Pascal,1060.0,GTX,3,0,GeForce GTX 1060,GeForce GTX 1050
25000.0,10.126631103850338,GeForce GTX 1060,3.0,ASUS,10070.0,762.0,9.217415285648144,1862.0,112.1,640.0,1354.0,1455.0,75.0,10070.0,134.26666666666668,2016.0,10.0,Pascal,1060.0,GTX,3,0,GeForce GTX 1060,GeForce GTX 1050
27500.0,10.221941283654663,GeForce GTX 1060,3.0,ASUS,10070.0,762.0,9.217415285648144,1862.0,112.1,640.0,1354.0,1455.0,75.0,10070.0,134.26666666666668,2016.0,10.0,Pascal,1060.0,GTX,3,0,GeForce GTX 1060,GeForce GTX 1050
34500.0,10.448714603019452,GeForce GTX 1060,3.0,NVIDIA,10070.0,762.0,9.217415285648144,1862.0,112.1,640.0,1354.0,1455.0,75.0,10070.0,134.26666666666668,2016.0,10.0,Pascal,1060.0,GTX,3,0,GeForce GTX 1060,GeForce GTX 1050
50000.0,10.819778284410283,GeForce GTX 1060,6.0,GIGABYTE,10070.0,762.0,9.217415285648144,1862.0,112.1,640.0,1354.0,1455.0,75.0,10070.0,134.26666666666668,2016.0,10.0,Pascal,1060.0,GTX,3,0,GeForce GTX 1060,GeForce GTX 1050
32500.0,10.388995368317829,GeForce GTX 1060,3.0,NVIDIA,10070.0,762.0,9.217415285648144,1862.0,112.1,640.0,1354.0,1455.0,75.0,10070.0,134.26666666666668,2016.0,10.0,Pascal,1060.0,GTX,3,0,GeForce GTX 1060,GeForce GTX 1050
45000.0,10.714417768752456,GeForce GTX 1060,6.0,NVIDIA,10070.0,762.0,9.217415285648144,1862.0,112.1,640.0,1354.0,1455.0,75.0,10070.0,134.26666666666668,2016.0,10.0,Pascal,1060.0,GTX,3,0,GeForce GTX 1060,GeForce GTX 1050
36000.0,10.491274217438248,GeForce GTX 1060,6.0,NVIDIA,10070.0,762.0,9.217415285648144,1862.0,112.1,640.0,1354.0,1455.0,75.0,10070.0,134.26666666666668,2016.0,10.0,Pascal,1060.0,GTX,3,0,GeForce GTX 1060,GeForce GTX 1050
43500.0,10.680516217076775,GeForce GTX 1060,6.0,MSI,10070.0,762.0,9.217415285648144,1862.0,112.1,640.0,1354.0,1455.0,75.0,10070.0,134.26666666666668,2016.0,10.0,Pascal,1060.0,GTX,3,0,GeForce GTX 1060,GeForce GTX 1050
44500.0,10.703244468154331,GeForce GTX 1060,6.0,GIGABYTE,10070.0,762.0,9.217415285648144,1862.0,112.1,640.0,1354.0,1455.0,75.0,10070.0,134.26666666666668,2016.0,10.0,Pascal,1060.0,GTX,3,0,GeForce GTX 1060,GeForce GTX 1050
43500.0,10.680516217076775,GeForce GTX 1060,6.0,ZOTAC,10070.0,762.0,9.217415285648144,1862.0,112.1,640.0,1354.0,1455.0,75.0,10070.0,134.26666666666668,2016.0,10.0,Pascal,1060.0,GTX,3,0,GeForce GTX 1060,GeForce GTX 1050
32500.0,10.388995368317829,GeForce GTX 1060,3.0,ZOTAC,10070.0,762.0,9.217415285648144,1862.0,112.1,640.0,1354.0,1455.0,75.0,10070.0,134.26666666666668,2016.0,10.0,Pascal,1060.0,GTX,3,0,GeForce GTX 1060,GeForce GTX 1050
45000.0,10.714417768752456,GeForce GTX 1060,6.0,ASUS,10070.0,762.0,9.217415285648144,1862.0,112.1,640.0,1354.0,1455.0,75.0,10070.0,134.26666666666668,2016.0,10.0,Pascal,1060.0,GTX,3,0,GeForce GTX 1060,GeForce GTX 1050
32000.0,10.373491181781864,GeForce GTX 1060,3.0,MSI,10070.0,762.0,9.217415285648144,1862.0,112.1,640.0,1354.0,1455.0,75.0,10070.0,134.26666666666668,2016.0,10.0,Pascal,1060.0,GTX,3,0,GeForce GTX 1060,GeForce GTX 1050
33000.0,10.404262840448617,GeForce GTX 1060,3.0,MSI,10070.0,762.0,9.217415285648144,1862.0,112.1,640.0,1354.0,1455.0,75.0,10070.0,134.26666666666668,2016.0,10.0,Pascal,1060.0,GTX,3,0,GeForce GTX 1060,GeForce GTX 1050
32000.0,10.373491181781864,GeForce GTX 1060,3.0,ASUS,10070.0,762.0,9.217415285648144,1862.0,112.1,640.0,1354.0,1455.0,75.0,10070.0,134.26666666666668,2016.0,10.0,Pascal,1060.0,GTX,3,0,GeForce GTX 1060,GeForce GTX 1050
39500.0,10.584055950889214,GeForce GTX 1060,6.0,PALIT,10070.0,762.0,9.217415285648144,1862.0,112.1,640.0,1354.0,1455.0,75.0,10070.0,134.26666666666668,2016.0,10.0,Pascal,1060.0,GTX,3,0,GeForce GTX 1060,GeForce GTX 1050
45000.0,10.714417768752456,GeForce GTX 1060,6.0,MSI,10070.0,762.0,9.217415285648144,1862.0,112.1,640.0,1354.0,1455.0,75.0,10070.0,134.26666666666668,2016.0,10.0,Pascal,1060.0,GTX,3,0,GeForce GTX 1060,GeForce GTX 1050
40000.0,10.596634733096073,GeForce GTX 1060,6.0,ASUS,10070.0,762.0,9.217415285648144,1862.0,112.1,640.0,1354.0,1455.0,75.0,10070.0,134.26666666666668,2016.0,10.0,Pascal,1060.0,GTX,3,0,GeForce GTX 1060,GeForce GTX 1050
38000.0,10.545341438708522,GeForce GTX 1060,6.0,NVIDIA,10070.0,762.0,9.217415285648144,1862.0,112.1,640.0,1354.0,1455.0,75.0,10070.0,134.26666666666668,2016.0,10.0,Pascal,1060.0,GTX,3,0,GeForce GTX 1060,GeForce GTX 1050
38000.0,10.545341438708522,GeForce GTX 1060,6.0,PALIT,10070.0,762.0,9.217415285648144,1862.0,112.1,640.0,1354.0,1455.0,75.0,10070.0,134.26666666666668,2016.0,10.0,Pascal,1060.0,GTX,3,0,GeForce GTX 1060,GeForce GTX 1050
33000.0,10.404262840448617,GeForce GTX 1060,3.0,GALAX,10070.0,762.0,9.217415285648144,1862.0,112.1,640.0,1354.0,1455.0,75.0,10070.0,134.26666666666668,2016.0,10.0,Pascal,1060.0,GTX,3,0,GeForce GTX 1060,GeForce GTX 1050
40000.0,10.596634733096073,GeForce GTX 1060,6.0,NVIDIA,10070.0,762.0,9.217415285648144,1862.0,112.1,640.0,1354.0,1455.0,75.0,10070.0,134.26666666666668,2016.0,10.0,Pascal,1060.0,GTX,3,0,GeForce GTX 1060,GeForce GTX 1050
32500.0,10.388995368317829,GeForce GTX 1060,3.0,EMTEK,10070.0,762.0,9.217415285648144,1862.0,112.1,640.0,1354.0,1455.0,75.0,10070.0,134.26666666666668,2016.0,10.0,Pascal,1060.0,GTX,3,0,GeForce GTX 1060,GeForce GTX 1050
40000.0,10.596634733096073,GeForce GTX 1060,6.0,EMTEK,10070.0,762.0,9.217415285648144,1862.0,112.1,640.0,1354.0,1455.0,75.0,10070.0,134.26666666666668,2016.0,10.0,Pascal,1060.0,GTX,3,0,GeForce GTX 1060,GeForce GTX 1050
39500.0,10.584055950889214,GeForce GTX 1060,6.0,MSI,10070.0,762.0,9.217415285648144,1862.0,112.1,640.0,1354.0,1455.0,75.0,10070.0,134.26666666666668,2016.0,10.0,Pascal,1060.0,GTX,3,0,GeForce GTX 1060,GeForce GTX 1050
45000.0,10.714417768752456,GeForce GTX 1060,6.0,GIGABYTE,10070.0,762.0,9.217415285648144,1862.0,112.1,640.0,1354.0,1455.0,75.0,10070.0,134.26666666666668,2016.0,10.0,Pascal,1060.0,GTX,3,0,GeForce GTX 1060,GeForce GTX 1050
34000.0,10.4341158035983,GeForce GTX 1060,3.0,GIGABYTE,10070.0,762.0,9.217415285648144,1862.0,112.1,640.0,1354.0,1455.0,75.0,10070.0,134.26666666666668,2016.0,10.0,Pascal,1060.0,GTX,3,0,GeForce GTX 1060,GeForce GTX 1050
45000.0,10.714417768752456,GeForce GTX 1060,6.0,GALAX,10070.0,762.0,9.217415285648144,1862.0,112.1,640.0,1354.0,1455.0,75.0,10070.0,134.26666666666668,2016.0,10.0,Pascal,1060.0,GTX,3,0,GeForce GTX 1060,GeForce GTX 1050
32500.0,10.388995368317829,GeForce GTX 1060,3.0,ASUS,10070.0,762.0,9.217415285648144,1862.0,112.1,640.0,1354.0,1455.0,75.0,10070.0,134.26666666666668,2016.0,10.0,Pascal,1060.0,GTX,3,0,GeForce GTX 1060,GeForce GTX 1050
23500.0,10.06475570013225,GeForce GTX 1060,3.0,MSI,10070.0,762.0,9.217415285648144,1862.0,112.1,640.0,1354.0,1455.0,75.0,10070.0,134.26666666666668,2016.0,10.0,Pascal,1060.0,GTX,3,0,GeForce GTX 1060,GeForce GTX 1050
29000.0,10.275051108968611,GeForce GTX 1060,3.0,ASUS,10070.0,762.0,9.217415285648144,1862.0,112.1,640.0,1354.0,1455.0,75.0,10070.0,134.26666666666668,2016.0,10.0,Pascal,1060.0,GTX,3,0,GeForce GTX 1060,GeForce GTX 1050
30000.0,10.308952660644293,GeForce GTX 1060,3.0,MSI,10070.0,762.0,9.217415285648144,1862.0,112.1,640.0,1354.0,1455.0,75.0,10070.0,134.26666666666668,2016.0,10.0,Pascal,1060.0,GTX,3,0,GeForce GTX 1060,GeForce GTX 1050
28500.0,10.257659366256743,GeForce GTX 1060,6.0,NVIDIA,10070.0,762.0,9.217415285648144,1862.0,112.1,640.0,1354.0,1455.0,75.0,10070.0,134.26666666666668,2016.0,10.0,Pascal,1060.0,GTX,3,0,GeForce GTX 1060,GeForce GTX 1050
40000.0,10.596634733096073,GeForce GTX 1060,6.0,GALAX,10070.0,762.0,9.217415285648144,1862.0,112.1,640.0,1354.0,1455.0,75.0,10070.0,134.26666666666668,2016.0,10.0,Pascal,1060.0,GTX,3,0,GeForce GTX 1060,GeForce GTX 1050
35000.0,10.46310334047155,GeForce GTX 1060,6.0,MSI,10070.0,762.0,9.217415285648144,1862.0,112.1,640.0,1354.0,1455.0,75.0,10070.0,134.26666666666668,2016.0,10.0,Pascal,1060.0,GTX,3,0,GeForce GTX 1060,GeForce GTX 1050
33000.0,10.404262840448617,GeForce GTX 1060,6.0,NVIDIA,10070.0,762.0,9.217415285648144,1862.0,112.1,640.0,1354.0,1455.0,75.0,10070.0,134.26666666666668,2016.0,10.0,Pascal,1060.0,GTX,3,0,GeForce GTX 1060,GeForce GTX 1050
32000.0,10.373491181781864,GeForce GTX 1060,6.0,ASUS,10070.0,762.0,9.217415285648144,1862.0,112.1,640.0,1354.0,1455.0,75.0,10070.0,134.26666666666668,2016.0,10.0,Pascal,1060.0,GTX,3,0,GeForce GTX 1060,GeForce GTX 1050
44500.0,10.703244468154331,GeForce GTX 1060,6.0,ASUS,10070.0,762.0,9.217415285648144,1862.0,112.1,640.0,1354.0,1455.0,75.0,10070.0,134.26666666666668,2016.0,10.0,Pascal,1060.0,GTX,3,0,GeForce GTX 1060,GeForce GTX 1050
44500.0,10.703244468154331,GeForce GTX 1060,6.0,NVIDIA,10070.0,762.0,9.217415285648144,1862.0,112.1,640.0,1354.0,1455.0,75.0,10070.0,134.26666666666668,2016.0,10.0,Pascal,1060.0,GTX,3,0,GeForce GTX 1060,GeForce GTX 1050
29000.0,10.275051108968611,GeForce GTX 1060,6.0,GALAX,10070.0,762.0,9.217415285648144,1862.0,112.1,640.0,1354.0,1455.0,75.0,10070.0,134.26666666666668,2016.0,10.0,Pascal,1060.0,GTX,3,0,GeForce GTX 1060,GeForce GTX 1050
39996.0,10.59653472809574,GeForce GTX 1060,6.0,GIGABYTE,10070.0,762.0,9.217415285648144,1862.0,112.1,640.0,1354.0,1455.0,75.0,10070.0,134.26666666666668,2016.0,10.0,Pascal,1060.0,GTX,3,0,GeForce GTX 1060,GeForce GTX 1050
30000.0,10.308952660644293,GeForce GTX 1060,6.0,ZOTAC,10070.0,762.0,9.217415285648144,1862.0,112.1,640.0,1354.0,1455.0,75.0,10070.0,134.26666666666668,2016.0,10.0,Pascal,1060.0,GTX,3,0,GeForce GTX 1060,GeForce GTX 1050
40000.0,10.596634733096073,GeForce GTX 1060,5.0,NVIDIA,10070.0,762.0,9.217415285648144,1862.0,112.1,640.0,1354.0,1455.0,75.0,10070.0,134.26666666666668,2016.0,10.0,Pascal,1060.0,GTX,3,0,GeForce GTX 1060,GeForce GTX 1050
42900.0,10.666627104916108,GeForce GTX 1060,6.0,ASUS,10070.0,762.0,9.217415285648144,1862.0,112.1,640.0,1354.0,1455.0,75.0,10070.0,134.26666666666668,2016.0,10.0,Pascal,1060.0,GTX,3,0,GeForce GTX 1060,GeForce GTX 1050
31000.0,10.341742483467284,GeForce GTX 1060,3.0,NVIDIA,10070.0,762.0,9.217415285648144,1862.0,112.1,640.0,1354.0,1455.0,75.0,10070.0,134.26666666666668,2016.0,10.0,Pascal,1060.0,GTX,3,0,GeForce GTX 1060,GeForce GTX 1050
34000.0,10.4341158035983,GeForce GTX 1060,6.0,NVIDIA,10070.0,762.0,9.217415285648144,1862.0,112.1,640.0,1354.0,1455.0,75.0,10070.0,134.26666666666668,2016.0,10.0,Pascal,1060.0,GTX,3,0,GeForce GTX 1060,GeForce GTX 1050
33000.0,10.404262840448617,GeForce GTX 1060,3.0,NVIDIA,10070.0,762.0,9.217415285648144,1862.0,112.1,640.0,1354.0,1455.0,75.0,10070.0,134.26666666666668,2016.0,10.0,Pascal,1060.0,GTX,3,0,GeForce GTX 1060,GeForce GTX 1050
24500.0,10.106428396532818,GeForce GTX 1060,3.0,NVIDIA,10070.0,762.0,9.217415285648144,1862.0,112.1,640.0,1354.0,1455.0,75.0,10070.0,134.26666666666668,2016.0,10.0,Pascal,1060.0,GTX,3,0,GeForce GTX 1060,GeForce GTX 1050
25000.0,10.126631103850338,GeForce GTX 1060,6.0,NVIDIA,10070.0,762.0,9.217415285648144,1862.0,112.1,640.0,1354.0,1455.0,75.0,10070.0,134.26666666666668,2016.0,10.0,Pascal,1060.0,GTX,3,0,GeForce GTX 1060,GeForce GTX 1050
47000.0,10.757902880692196,GeForce GTX 1060,6.0,ASUS,10070.0,762.0,9.217415285648144,1862.0,112.1,640.0,1354.0,1455.0,75.0,10070.0,134.26666666666668,2016.0,10.0,Pascal,1060.0,GTX,3,0,GeForce GTX 1060,GeForce GTX 1050
44000.0,10.691944912900398,GeForce GTX 1060,6.0,NVIDIA,10070.0,762.0,9.217415285648144,1862.0,112.1,640.0,1354.0,1455.0,75.0,10070.0,134.26666666666668,2016.0,10.0,Pascal,1060.0,GTX,3,0,GeForce GTX 1060,GeForce GTX 1050
34000.0,10.4341158035983,GeForce GTX 1060,3.0,GALAX,10070.0,762.0,9.217415285648144,1862.0,112.1,640.0,1354.0,1455.0,75.0,10070.0,134.26666666666668,2016.0,10.0,Pascal,1060.0,GTX,3,0,GeForce GTX 1060,GeForce GTX 1050
44000.0,10.691944912900398,GeForce GTX 1060,6.0,GALAX,10070.0,762.0,9.217415285648144,1862.0,112.1,640.0,1354.0,1455.0,75.0,10070.0,134.26666666666668,2016.0,10.0,Pascal,1060.0,GTX,3,0,GeForce GTX 1060,GeForce GTX 1050
44500.0,10.703244468154331,GeForce GTX 1070,8.0,ZOTAC,13482.0,857.0,9.509184911634074,6463.0,256.3,1920.0,1506.0,1683.0,150.0,13482.0,89.88,2016.0,10.0,Pascal,1070.0,GTX,3,0,GeForce GTX 1070,GeForce GTX 1070
50500.0,10.829728615263452,GeForce GTX 1070,8.0,ASUS,13482.0,857.0,9.509184911634074,6463.0,256.3,1920.0,1506.0,1683.0,150.0,13482.0,89.88,2016.0,10.0,Pascal,1070.0,GTX,3,0,GeForce GTX 1070,GeForce GTX 1070
46000.0,10.736396675471232,GeForce GTX 1070,8.0,ZOTAC,13482.0,857.0,9.509184911634074,6463.0,256.3,1920.0,1506.0,1683.0,150.0,13482.0,89.88,2016.0,10.0,Pascal,1070.0,GTX,3,0,GeForce GTX 1070,GeForce GTX 1070
52000.0,10.858998997563564,GeForce GTX 1070,8.0,ZOTAC,13482.0,857.0,9.509184911634074,6463.0,256.3,1920.0,1506.0,1683.0,150.0,13482.0,89.88,2016.0,10.0,Pascal,1070.0,GTX,3,0,GeForce GTX 1070,GeForce GTX 1070
41000.0,10.621327345686446,GeForce GTX 1070,8.0,GIGABYTE,13482.0,857.0,9.509184911634074,6463.0,256.3,1920.0,1506.0,1683.0,150.0,13482.0,89.88,2016.0,10.0,Pascal,1070.0,GTX,3,0,GeForce GTX 1070,GeForce GTX 1070
48500.0,10.789319076925574,GeForce GTX 1070,8.0,PALIT,13482.0,857.0,9.509184911634074,6463.0,256.3,1920.0,1506.0,1683.0,150.0,13482.0,89.88,2016.0,10.0,Pascal,1070.0,GTX,3,0,GeForce GTX 1070,GeForce GTX 1070
52500.0,10.868568448579715,GeForce GTX 1070,8.0,MSI,13482.0,857.0,9.509184911634074,6463.0,256.3,1920.0,1506.0,1683.0,150.0,13482.0,89.88,2016.0,10.0,Pascal,1070.0,GTX,3,0,GeForce GTX 1070,GeForce GTX 1070
43500.0,10.680516217076775,GeForce GTX 1070,8.0,PALIT,13482.0,857.0,9.509184911634074,6463.0,256.3,1920.0,1506.0,1683.0,150.0,13482.0,89.88,2016.0,10.0,Pascal,1070.0,GTX,3,0,GeForce GTX 1070,GeForce GTX 1070
44000.0,10.691944912900398,GeForce GTX 1070,8.0,ZOTAC,13482.0,857.0,9.509184911634074,6463.0,256.3,1920.0,1506.0,1683.0,150.0,13482.0,89.88,2016.0,10.0,Pascal,1070.0,GTX,3,0,GeForce GTX 1070,GeForce GTX 1070
43000.0,10.668955394675699,GeForce GTX 1070,8.0,PALIT,13482.0,857.0,9.509184911634074,6463.0,256.3,1920.0,1506.0,1683.0,150.0,13482.0,89.88,2016.0,10.0,Pascal,1070.0,GTX,3,0,GeForce GTX 1070,GeForce GTX 1070
39000.0,10.571316925111784,GeForce GTX 1070,8.0,ASUS,13482.0,857.0,9.509184911634074,6463.0,256.3,1920.0,1506.0,1683.0,150.0,13482.0,89.88,2016.0,10.0,Pascal,1070.0,GTX,3,0,GeForce GTX 1070,GeForce GTX 1070
41000.0,10.621327345686446,GeForce GTX 1070,8.0,ASUS,13482.0,857.0,9.509184911634074,6463.0,256.3,1920.0,1506.0,1683.0,150.0,13482.0,89.88,2016.0,10.0,Pascal,1070.0,GTX,3,0,GeForce GTX 1070,GeForce GTX 1070
44500.0,10.703244468154331,GeForce GTX 1070,8.0,ASUS,13482.0,857.0,9.509184911634074,6463.0,256.3,1920.0,1506.0,1683.0,150.0,13482.0,89.88,2016.0,10.0,Pascal,1070.0,GTX,3,0,GeForce GTX 1070,GeForce GTX 1070
52000.0,10.858998997563564,GeForce GTX 1070,8.0,ASUS,13482.0,857.0,9.509184911634074,6463.0,256.3,1920.0,1506.0,1683.0,150.0,13482.0,89.88,2016.0,10.0,Pascal,1070.0,GTX,3,0,GeForce GTX 1070,GeForce GTX 1070
51000.0,10.839580911706463,GeForce GTX 1070,8.0,MSI,13482.0,857.0,9.509184911634074,6463.0,256.3,1920.0,1506.0,1683.0,150.0,13482.0,89.88,2016.0,10.0,Pascal,1070.0,GTX,3,0,GeForce GTX 1070,GeForce GTX 1070
41500.0,10.63344870621879,GeForce GTX 1070,8.0,ZOTAC,13482.0,857.0,9.509184911634074,6463.0,256.3,1920.0,1506.0,1683.0,150.0,13482.0,89.88,2016.0,10.0,Pascal,1070.0,GTX,3,0,GeForce GTX 1070,GeForce GTX 1070
43500.0,10.680516217076775,GeForce GTX 1070,8.0,ASUS,13482.0,857.0,9.509184911634074,6463.0,256.3,1920.0,1506.0,1683.0,150.0,13482.0,89.88,2016.0,10.0,Pascal,1070.0,GTX,3,0,GeForce GTX 1070,GeForce GTX 1070
42500.0,10.657259354912508,GeForce GTX 1070,8.0,ASUS,13482.0,857.0,9.509184911634074,6463.0,256.3,1920.0,1506.0,1683.0,150.0,13482.0,89.88,2016.0,10.0,Pascal,1070.0,GTX,3,0,GeForce GTX 1070,GeForce GTX 1070
46500.0,10.747207591575448,GeForce GTX 1070,8.0,PALIT,13482.0,857.0,9.509184911634074,6463.0,256.3,1920.0,1506.0,1683.0,150.0,13482.0,89.88,2016.0,10.0,Pascal,1070.0,GTX,3,0,GeForce GTX 1070,GeForce GTX 1070
43000.0,10.668955394675699,GeForce GTX 1070,8.0,MSI,13482.0,857.0,9.509184911634074,6463.0,256.3,1920.0,1506.0,1683.0,150.0,13482.0,89.88,2016.0,10.0,Pascal,1070.0,GTX,3,0,GeForce GTX 1070,GeForce GTX 1070
42500.0,10.657259354912508,GeForce GTX 1070,8.0,GALAX,13482.0,857.0,9.509184911634074,6463.0,256.3,1920.0,1506.0,1683.0,150.0,13482.0,89.88,2016.0,10.0,Pascal,1070.0,GTX,3,0,GeForce GTX 1070,GeForce GTX 1070
51500.0,10.849337086651827,GeForce GTX 1070,8.0,ZOTAC,13482.0,857.0,9.509184911634074,6463.0,256.3,1920.0,1506.0,1683.0,150.0,13482.0,89.88,2016.0,10.0,Pascal,1070.0,GTX,3,0,GeForce GTX 1070,GeForce GTX 1070
49000.0,10.799575577092764,GeForce GTX 1070,8.0,ZOTAC,13482.0,857.0,9.509184911634074,6463.0,256.3,1920.0,1506.0,1683.0,150.0,13482.0,89.88,2016.0,10.0,Pascal,1070.0,GTX,3,0,GeForce GTX 1070,GeForce GTX 1070
50000.0,10.819778284410283,GeForce GTX 1070,8.0,MSI,13482.0,857.0,9.509184911634074,6463.0,256.3,1920.0,1506.0,1683.0,150.0,13482.0,89.88,2016.0,10.0,Pascal,1070.0,GTX,3,0,GeForce GTX 1070,GeForce GTX 1070
46500.0,10.747207591575448,GeForce GTX 1070,8.0,GIGABYTE,13482.0,857.0,9.509184911634074,6463.0,256.3,1920.0,1506.0,1683.0,150.0,13482.0,89.88,2016.0,10.0,Pascal,1070.0,GTX,3,0,GeForce GTX 1070,GeForce GTX 1070
45000.0,10.714417768752456,GeForce GTX 1070,8.0,MSI,13482.0,857.0,9.509184911634074,6463.0,256.3,1920.0,1506.0,1683.0,150.0,13482.0,89.88,2016.0,10.0,Pascal,1070.0,GTX,3,0,GeForce GTX 1070,GeForce GTX 1070
47500.0,10.768484990022733,GeForce GTX 1070,8.0,MSI,13482.0,857.0,9.509184911634074,6463.0,256.3,1920.0,1506.0,1683.0,150.0,13482.0,89.88,2016.0,10.0,Pascal,1070.0,GTX,3,0,GeForce GTX 1070,GeForce GTX 1070
45500.0,10.725467604939041,GeForce GTX 1070,8.0,GALAX,13482.0,857.0,9.509184911634074,6463.0,256.3,1920.0,1506.0,1683.0,150.0,13482.0,89.88,2016.0,10.0,Pascal,1070.0,GTX,3,0,GeForce GTX 1070,GeForce GTX 1070
48500.0,10.789319076925574,GeForce GTX 1070,8.0,GALAX,13482.0,857.0,9.509184911634074,6463.0,256.3,1920.0,1506.0,1683.0,150.0,13482.0,89.88,2016.0,10.0,Pascal,1070.0,GTX,3,0,GeForce GTX 1070,GeForce GTX 1070
41000.0,10.621327345686446,GeForce GTX 1070,8.0,PALIT,13482.0,857.0,9.509184911634074,6463.0,256.3,1920.0,1506.0,1683.0,150.0,13482.0,89.88,2016.0,10.0,Pascal,1070.0,GTX,3,0,GeForce GTX 1070,GeForce GTX 1070
42500.0,10.657259354912508,GeForce GTX 1070,8.0,ZOTAC,13482.0,857.0,9.509184911634074,6463.0,256.3,1920.0,1506.0,1683.0,150.0,13482.0,89.88,2016.0,10.0,Pascal,1070.0,GTX,3,0,GeForce GTX 1070,GeForce GTX 1070
40500.0,10.60905725309463,GeForce GTX 1070,8.0,GIGABYTE,13482.0,857.0,9.509184911634074,6463.0,256.3,1920.0,1506.0,1683.0,150.0,13482.0,89.88,2016.0,10.0,Pascal,1070.0,GTX,3,0,GeForce GTX 1070,GeForce GTX 1070
52500.0,10.868568448579715,GeForce GTX 1070,8.0,ZOTAC,13482.0,857.0,9.509184911634074,6463.0,256.3,1920.0,1506.0,1683.0,150.0,13482.0,89.88,2016.0,10.0,Pascal,1070.0,GTX,3,0,GeForce GTX 1070,GeForce GTX 1070
50000.0,10.819778284410283,GeForce GTX 1070,8.0,PALIT,13482.0,857.0,9.509184911634074,6463.0,256.3,1920.0,1506.0,1683.0,150.0,13482.0,89.88,2016.0,10.0,Pascal,1070.0,GTX,3,0,GeForce GTX 1070,GeForce GTX 1070
48000.0,10.778956289890028,GeForce GTX 1070,8.0,ASUS,13482.0,857.0,9.509184911634074,6463.0,256.3,1920.0,1506.0,1683.0,150.0,13482.0,89.88,2016.0,10.0,Pascal,1070.0,GTX,3,0,GeForce GTX 1070,GeForce GTX 1070
40000.0,10.596634733096073,GeForce GTX 1070,8.0,NVIDIA,13482.0,857.0,9.509184911634074,6463.0,256.3,1920.0,1506.0,1683.0,150.0,13482.0,89.88,2016.0,10.0,Pascal,1070.0,GTX,3,0,GeForce GTX 1070,GeForce GTX 1070
39000.0,10.571316925111784,GeForce GTX 1070,8.0,NVIDIA,13482.0,857.0,9.509184911634074,6463.0,256.3,1920.0,1506.0,1683.0,150.0,13482.0,89.88,2016.0,10.0,Pascal,1070.0,GTX,3,0,GeForce GTX 1070,GeForce GTX 1070
42000.0,10.645424897265505,GeForce GTX 1070,8.0,NVIDIA,13482.0,857.0,9.509184911634074,6463.0,256.3,1920.0,1506.0,1683.0,150.0,13482.0,89.88,2016.0,10.0,Pascal,1070.0,GTX,3,0,GeForce GTX 1070,GeForce GTX 1070
49999.0,10.81975828421028,GeForce GTX 1070,8.0,NVIDIA,13482.0,857.0,9.509184911634074,6463.0,256.3,1920.0,1506.0,1683.0,150.0,13482.0,89.88,2016.0,10.0,Pascal,1070.0,GTX,3,0,GeForce GTX 1070,GeForce GTX 1070
44000.0,10.691944912900398,GeForce GTX 1070,8.0,PALIT,13482.0,857.0,9.509184911634074,6463.0,256.3,1920.0,1506.0,1683.0,150.0,13482.0,89.88,2016.0,10.0,Pascal,1070.0,GTX,3,0,GeForce GTX 1070,GeForce GTX 1070
46500.0,10.747207591575448,GeForce GTX 1070,8.0,MSI,13482.0,857.0,9.509184911634074,6463.0,256.3,1920.0,1506.0,1683.0,150.0,13482.0,89.88,2016.0,10.0,Pascal,1070.0,GTX,3,0,GeForce GTX 1070,GeForce GTX 1070
47000.0,10.757902880692196,GeForce GTX 1070,8.0,NVIDIA,13482.0,857.0,9.509184911634074,6463.0,256.3,1920.0,1506.0,1683.0,150.0,13482.0,89.88,2016.0,10.0,Pascal,1070.0,GTX,3,0,GeForce GTX 1070,GeForce GTX 1070
46000.0,10.736396675471232,GeForce GTX 1070,8.0,NVIDIA,13482.0,857.0,9.509184911634074,6463.0,256.3,1920.0,1506.0,1683.0,150.0,13482.0,89.88,2016.0,10.0,Pascal,1070.0,GTX,3,0,GeForce GTX 1070,GeForce GTX 1070
49000.0,10.799575577092764,GeForce GTX 1070,8.0,NVIDIA,13482.0,857.0,9.509184911634074,6463.0,256.3,1920.0,1506.0,1683.0,150.0,13482.0,89.88,2016.0,10.0,Pascal,1070.0,GTX,3,0,GeForce GTX 1070,GeForce GTX 1070
45000.0,10.714417768752456,GeForce GTX 1070,8.0,GIGABYTE,13482.0,857.0,9.509184911634074,6463.0,256.3,1920.0,1506.0,1683.0,150.0,13482.0,89.88,2016.0,10.0,Pascal,1070.0,GTX,3,0,GeForce GTX 1070,GeForce GTX 1070
45000.0,10.714417768752456,GeForce GTX 1070,8.0,ASUS,13482.0,857.0,9.509184911634074,6463.0,256.3,1920.0,1506.0,1683.0,150.0,13482.0,89.88,2016.0,10.0,Pascal,1070.0,GTX,3,0,GeForce GTX 1070,GeForce GTX 1070
49000.0,10.799575577092764,GeForce GTX 1070,8.0,PALIT,13482.0,857.0,9.509184911634074,6463.0,256.3,1920.0,1506.0,1683.0,150.0,13482.0,89.88,2016.0,10.0,Pascal,1070.0,GTX,3,0,GeForce GTX 1070,GeForce GTX 1070
46000.0,10.736396675471232,GeForce GTX 1070,8.0,MSI,13482.0,857.0,9.509184911634074,6463.0,256.3,1920.0,1506.0,1683.0,150.0,13482.0,89.88,2016.0,10.0,Pascal,1070.0,GTX,3,0,GeForce GTX 1070,GeForce GTX 1070
48000.0,10.778956289890028,GeForce GTX 1070,8.0,ZOTAC,13482.0,857.0,9.509184911634074,6463.0,256.3,1920.0,1506.0,1683.0,150.0,13482.0,89.88,2016.0,10.0,Pascal,1070.0,GTX,3,0,GeForce GTX 1070,GeForce GTX 1070
47500.0,10.768484990022733,GeForce GTX 1070,8.0,NVIDIA,13482.0,857.0,9.509184911634074,6463.0,256.3,1920.0,1506.0,1683.0,150.0,13482.0,89.88,2016.0,10.0,Pascal,1070.0,GTX,3,0,GeForce GTX 1070,GeForce GTX 1070
42000.0,10.645424897265505,GeForce GTX 1070,8.0,GALAX,13482.0,857.0,9.509184911634074,6463.0,256.3,1920.0,1506.0,1683.0,150.0,13482.0,89.88,2016.0,10.0,Pascal,1070.0,GTX,3,0,GeForce GTX 1070,GeForce GTX 1070
50000.0,10.819778284410283,GeForce GTX 1070,8.0,GIGABYTE,13482.0,857.0,9.509184911634074,6463.0,256.3,1920.0,1506.0,1683.0,150.0,13482.0,89.88,2016.0,10.0,Pascal,1070.0,GTX,3,0,GeForce GTX 1070,GeForce GTX 1070
48000.0,10.778956289890028,GeForce GTX 1070,8.0,MSI,13482.0,857.0,9.509184911634074,6463.0,256.3,1920.0,1506.0,1683.0,150.0,13482.0,89.88,2016.0,10.0,Pascal,1070.0,GTX,3,0,GeForce GTX 1070,GeForce GTX 1070
48000.0,10.778956289890028,GeForce GTX 1070,8.0,NVIDIA,13482.0,857.0,9.509184911634074,6463.0,256.3,1920.0,1506.0,1683.0,150.0,13482.0,89.88,2016.0,10.0,Pascal,1070.0,GTX,3,0,GeForce GTX 1070,GeForce GTX 1070
47000.0,10.757902880692196,GeForce GTX 1070,8.0,GIGABYTE,13482.0,857.0,9.509184911634074,6463.0,256.3,1920.0,1506.0,1683.0,150.0,13482.0,89.88,2016.0,10.0,Pascal,1070.0,GTX,3,0,GeForce GTX 1070,GeForce GTX 1070
43000.0,10.668955394675699,GeForce GTX 1070 Ti,8.0,ZOTAC,14500.0,877.0,9.581972891547895,8186.0,256.3,2432.0,1607.0,1683.0,180.0,14500.0,80.55555555555556,2017.0,9.0,Pascal,1070.0,GTX,3,1,GeForce GTX 1070 Ti,GeForce GTX 1070 Ti
48000.0,10.778956289890028,GeForce GTX 1070 Ti,8.0,GIGABYTE,14500.0,877.0,9.581972891547895,8186.0,256.3,2432.0,1607.0,1683.0,180.0,14500.0,80.55555555555556,2017.0,9.0,Pascal,1070.0,GTX,3,1,GeForce GTX 1070 Ti,GeForce GTX 1070 Ti
51500.0,10.849337086651827,GeForce GTX 1070 Ti,8.0,ASUS,14500.0,877.0,9.581972891547895,8186.0,256.3,2432.0,1607.0,1683.0,180.0,14500.0,80.55555555555556,2017.0,9.0,Pascal,1070.0,GTX,3,1,GeForce GTX 1070 Ti,GeForce GTX 1070 Ti
56000.0,10.933106969717286,GeForce GTX 1070 Ti,8.0,MSI,14500.0,877.0,9.581972891547895,8186.0,256.3,2432.0,1607.0,1683.0,180.0,14500.0,80.55555555555556,2017.0,9.0,Pascal,1070.0,GTX,3,1,GeForce GTX 1070 Ti,GeForce GTX 1070 Ti
46000.0,10.736396675471232,GeForce GTX 1070 Ti,8.0,GIGABYTE,14500.0,877.0,9.581972891547895,8186.0,256.3,2432.0,1607.0,1683.0,180.0,14500.0,80.55555555555556,2017.0,9.0,Pascal,1070.0,GTX,3,1,GeForce GTX 1070 Ti,GeForce GTX 1070 Ti
54500.0,10.905955980651335,GeForce GTX 1070 Ti,8.0,ZOTAC,14500.0,877.0,9.581972891547895,8186.0,256.3,2432.0,1607.0,1683.0,180.0,14500.0,80.55555555555556,2017.0,9.0,Pascal,1070.0,GTX,3,1,GeForce GTX 1070 Ti,GeForce GTX 1070 Ti
48500.0,10.789319076925574,GeForce GTX 1070 Ti,8.0,ASUS,14500.0,877.0,9.581972891547895,8186.0,256.3,2432.0,1607.0,1683.0,180.0,14500.0,80.55555555555556,2017.0,9.0,Pascal,1070.0,GTX,3,1,GeForce GTX 1070 Ti,GeForce GTX 1070 Ti
55500.0,10.924138299734526,GeForce GTX 1070 Ti,8.0,GALAX,14500.0,877.0,9.581972891547895,8186.0,256.3,2432.0,1607.0,1683.0,180.0,14500.0,80.55555555555556,2017.0,9.0,Pascal,1070.0,GTX,3,1,GeForce GTX 1070 Ti,GeForce GTX 1070 Ti
53500.0,10.887436932884098,GeForce GTX 1070 Ti,8.0,ZOTAC,14500.0,877.0,9.581972891547895,8186.0,256.3,2432.0,1607.0,1683.0,180.0,14500.0,80.55555555555556,2017.0,9.0,Pascal,1070.0,GTX,3,1,GeForce GTX 1070 Ti,GeForce GTX 1070 Ti
51500.0,10.849337086651827,GeForce GTX 1070 Ti,8.0,MSI,14500.0,877.0,9.581972891547895,8186.0,256.3,2432.0,1607.0,1683.0,180.0,14500.0,80.55555555555556,2017.0,9.0,Pascal,1070.0,GTX,3,1,GeForce GTX 1070 Ti,GeForce GTX 1070 Ti
46000.0,10.736396675471232,GeForce GTX 1070 Ti,8.0,ZOTAC,14500.0,877.0,9.581972891547895,8186.0,256.3,2432.0,1607.0,1683.0,180.0,14500.0,80.55555555555556,2017.0,9.0,Pascal,1070.0,GTX,3,1,GeForce GTX 1070 Ti,GeForce GTX 1070 Ti
52000.0,10.858998997563564,GeForce GTX 1070 Ti,8.0,GALAX,14500.0,877.0,9.581972891547895,8186.0,256.3,2432.0,1607.0,1683.0,180.0,14500.0,80.55555555555556,2017.0,9.0,Pascal,1070.0,GTX,3,1,GeForce GTX 1070 Ti,GeForce GTX 1070 Ti
53000.0,10.87804719253426,GeForce GTX 1070 Ti,8.0,ZOTAC,14500.0,877.0,9.581972891547895,8186.0,256.3,2432.0,1607.0,1683.0,180.0,14500.0,80.55555555555556,2017.0,9.0,Pascal,1070.0,GTX,3,1,GeForce GTX 1070 Ti,GeForce GTX 1070 Ti
51000.0,10.839580911706463,GeForce GTX 1070 Ti,8.0,ASUS,14500.0,877.0,9.581972891547895,8186.0,256.3,2432.0,1607.0,1683.0,180.0,14500.0,80.55555555555556,2017.0,9.0,Pascal,1070.0,GTX,3,1,GeForce GTX 1070 Ti,GeForce GTX 1070 Ti
54500.0,10.905955980651335,GeForce GTX 1070 Ti,8.0,PALIT,14500.0,877.0,9.581972891547895,8186.0,256.3,2432.0,1607.0,1683.0,180.0,14500.0,80.55555555555556,2017.0,9.0,Pascal,1070.0,GTX,3,1,GeForce GTX 1070 Ti,GeForce GTX 1070 Ti
54000.0,10.896739325546411,GeForce GTX 1070 Ti,8.0,ASUS,14500.0,877.0,9.581972891547895,8186.0,256.3,2432.0,1607.0,1683.0,180.0,14500.0,80.55555555555556,2017.0,9.0,Pascal,1070.0,GTX,3,1,GeForce GTX 1070 Ti,GeForce GTX 1070 Ti
46000.0,10.736396675471232,GeForce GTX 1070 Ti,8.0,PALIT,14500.0,877.0,9.581972891547895,8186.0,256.3,2432.0,1607.0,1683.0,180.0,14500.0,80.55555555555556,2017.0,9.0,Pascal,1070.0,GTX,3,1,GeForce GTX 1070 Ti,GeForce GTX 1070 Ti
51000.0,10.839580911706463,GeForce GTX 1070 Ti,8.0,MSI,14500.0,877.0,9.581972891547895,8186.0,256.3,2432.0,1607.0,1683.0,180.0,14500.0,80.55555555555556,2017.0,9.0,Pascal,1070.0,GTX,3,1,GeForce GTX 1070 Ti,GeForce GTX 1070 Ti
44000.0,10.691944912900398,GeForce GTX 1070 Ti,8.0,ASUS,14500.0,877.0,9.581972891547895,8186.0,256.3,2432.0,1607.0,1683.0,180.0,14500.0,80.55555555555556,2017.0,9.0,Pascal,1070.0,GTX,3,1,GeForce GTX 1070 Ti,GeForce GTX 1070 Ti
52000.0,10.858998997563564,GeForce GTX 1070 Ti,8.0,PALIT,14500.0,877.0,9.581972891547895,8186.0,256.3,2432.0,1607.0,1683.0,180.0,14500.0,80.55555555555556,2017.0,9.0,Pascal,1070.0,GTX,3,1,GeForce GTX 1070 Ti,GeForce GTX 1070 Ti
47500.0,10.768484990022733,GeForce GTX 1070 Ti,8.0,ASUS,14500.0,877.0,9.581972891547895,8186.0,256.3,2432.0,1607.0,1683.0,180.0,14500.0,80.55555555555556,2017.0,9.0,Pascal,1070.0,GTX,3,1,GeForce GTX 1070 Ti,GeForce GTX 1070 Ti
55500.0,10.924138299734526,GeForce GTX 1070 Ti,8.0,MSI,14500.0,877.0,9.581972891547895,8186.0,256.3,2432.0,1607.0,1683.0,180.0,14500.0,80.55555555555556,2017.0,9.0,Pascal,1070.0,GTX,3,1,GeForce GTX 1070 Ti,GeForce GTX 1070 Ti
50500.0,10.829728615263452,GeForce GTX 1070 Ti,8.0,GIGABYTE,14500.0,877.0,9.581972891547895,8186.0,256.3,2432.0,1607.0,1683.0,180.0,14500.0,80.55555555555556,2017.0,9.0,Pascal,1070.0,GTX,3,1,GeForce GTX 1070 Ti,GeForce GTX 1070 Ti
49500.0,10.809727948556782,GeForce GTX 1070 Ti,8.0,ASUS,14500.0,877.0,9.581972891547895,8186.0,256.3,2432.0,1607.0,1683.0,180.0,14500.0,80.55555555555556,2017.0,9.0,Pascal,1070.0,GTX,3,1,GeForce GTX 1070 Ti,GeForce GTX 1070 Ti
46500.0,10.747207591575448,GeForce GTX 1070 Ti,8.0,ZOTAC,14500.0,877.0,9.581972891547895,8186.0,256.3,2432.0,1607.0,1683.0,180.0,14500.0,80.55555555555556,2017.0,9.0,Pascal,1070.0,GTX,3,1,GeForce GTX 1070 Ti,GeForce GTX 1070 Ti
45000.0,10.714417768752456,GeForce GTX 1070 Ti,8.0,MSI,14500.0,877.0,9.581972891547895,8186.0,256.3,2432.0,1607.0,1683.0,180.0,14500.0,80.55555555555556,2017.0,9.0,Pascal,1070.0,GTX,3,1,GeForce GTX 1070 Ti,GeForce GTX 1070 Ti
49500.0,10.809727948556782,GeForce GTX 1070 Ti,8.0,MSI,14500.0,877.0,9.581972891547895,8186.0,256.3,2432.0,1607.0,1683.0,180.0,14500.0,80.55555555555556,2017.0,9.0,Pascal,1070.0,GTX,3,1,GeForce GTX 1070 Ti,GeForce GTX 1070 Ti
49000.0,10.799575577092764,GeForce GTX 1070 Ti,8.0,GALAX,14500.0,877.0,9.581972891547895,8186.0,256.3,2432.0,1607.0,1683.0,180.0,14500.0,80.55555555555556,2017.0,9.0,Pascal,1070.0,GTX,3,1,GeForce GTX 1070 Ti,GeForce GTX 1070 Ti
48500.0,10.789319076925574,GeForce GTX 1070 Ti,8.0,MSI,14500.0,877.0,9.581972891547895,8186.0,256.3,2432.0,1607.0,1683.0,180.0,14500.0,80.55555555555556,2017.0,9.0,Pascal,1070.0,GTX,3,1,GeForce GTX 1070 Ti,GeForce GTX 1070 Ti
48500.0,10.789319076925574,GeForce GTX 1070 Ti,8.0,ZOTAC,14500.0,877.0,9.581972891547895,8186.0,256.3,2432.0,1607.0,1683.0,180.0,14500.0,80.55555555555556,2017.0,9.0,Pascal,1070.0,GTX,3,1,GeForce GTX 1070 Ti,GeForce GTX 1070 Ti
48000.0,10.778956289890028,GeForce GTX 1070 Ti,8.0,NVIDIA,14500.0,877.0,9.581972891547895,8186.0,256.3,2432.0,1607.0,1683.0,180.0,14500.0,80.55555555555556,2017.0,9.0,Pascal,1070.0,GTX,3,1,GeForce GTX 1070 Ti,GeForce GTX 1070 Ti
55000.0,10.915088464214607,GeForce GTX 1070 Ti,8.0,GIGABYTE,14500.0,877.0,9.581972891547895,8186.0,256.3,2432.0,1607.0,1683.0,180.0,14500.0,80.55555555555556,2017.0,9.0,Pascal,1070.0,GTX,3,1,GeForce GTX 1070 Ti,GeForce GTX 1070 Ti
55000.0,10.915088464214607,GeForce GTX 1070 Ti,8.0,NVIDIA,14500.0,877.0,9.581972891547895,8186.0,256.3,2432.0,1607.0,1683.0,180.0,14500.0,80.55555555555556,2017.0,9.0,Pascal,1070.0,GTX,3,1,GeForce GTX 1070 Ti,GeForce GTX 1070 Ti
49500.0,10.809727948556782,GeForce GTX 1070 Ti,8.0,PALIT,14500.0,877.0,9.581972891547895,8186.0,256.3,2432.0,1607.0,1683.0,180.0,14500.0,80.55555555555556,2017.0,9.0,Pascal,1070.0,GTX,3,1,GeForce GTX 1070 Ti,GeForce GTX 1070 Ti
47000.0,10.757902880692196,GeForce GTX 1070 Ti,8.0,EMTEK,14500.0,877.0,9.581972891547895,8186.0,256.3,2432.0,1607.0,1683.0,180.0,14500.0,80.55555555555556,2017.0,9.0,Pascal,1070.0,GTX,3,1,GeForce GTX 1070 Ti,GeForce GTX 1070 Ti
49000.0,10.799575577092764,GeForce GTX 1070 Ti,8.0,NVIDIA,14500.0,877.0,9.581972891547895,8186.0,256.3,2432.0,1607.0,1683.0,180.0,14500.0,80.55555555555556,2017.0,9.0,Pascal,1070.0,GTX,3,1,GeForce GTX 1070 Ti,GeForce GTX 1070 Ti
48000.0,10.778956289890028,GeForce GTX 1070 Ti,8.0,ASUS,14500.0,877.0,9.581972891547895,8186.0,256.3,2432.0,1607.0,1683.0,180.0,14500.0,80.55555555555556,2017.0,9.0,Pascal,1070.0,GTX,3,1,GeForce GTX 1070 Ti,GeForce GTX 1070 Ti
52000.0,10.858998997563564,GeForce GTX 1070 Ti,8.0,MSI,14500.0,877.0,9.581972891547895,8186.0,256.3,2432.0,1607.0,1683.0,180.0,14500.0,80.55555555555556,2017.0,9.0,Pascal,1070.0,GTX,3,1,GeForce GTX 1070 Ti,GeForce GTX 1070 Ti
49500.0,10.809727948556782,GeForce GTX 1070 Ti,8.0,ZOTAC,14500.0,877.0,9.581972891547895,8186.0,256.3,2432.0,1607.0,1683.0,180.0,14500.0,80.55555555555556,2017.0,9.0,Pascal,1070.0,GTX,3,1,GeForce GTX 1070 Ti,GeForce GTX 1070 Ti
45000.0,10.714417768752456,GeForce GTX 1070 Ti,8.0,ZOTAC,14500.0,877.0,9.581972891547895,8186.0,256.3,2432.0,1607.0,1683.0,180.0,14500.0,80.55555555555556,2017.0,9.0,Pascal,1070.0,GTX,3,1,GeForce GTX 1070 Ti,GeForce GTX 1070 Ti
45000.0,10.714417768752456,GeForce GTX 1070 Ti,8.0,GALAX,14500.0,877.0,9.581972891547895,8186.0,256.3,2432.0,1607.0,1683.0,180.0,14500.0,80.55555555555556,2017.0,9.0,Pascal,1070.0,GTX,3,1,GeForce GTX 1070 Ti,GeForce GTX 1070 Ti
53000.0,10.87804719253426,GeForce GTX 1080,8.0,ASUS,15265.0,890.0,9.633383412358416,8873.0,320.3,2560.0,1607.0,1733.0,180.0,15265.0,84.80555555555556,2016.0,10.0,Pascal,1080.0,GTX,3,0,GeForce GTX 1080,GeForce GTX 1080
60500.0,11.010398644018933,GeForce GTX 1080,8.0,GIGABYTE,15265.0,890.0,9.633383412358416,8873.0,320.3,2560.0,1607.0,1733.0,180.0,15265.0,84.80555555555556,2016.0,10.0,Pascal,1080.0,GTX,3,0,GeForce GTX 1080,GeForce GTX 1080
56000.0,10.933106969717286,GeForce GTX 1080,8.0,GALAX,15265.0,890.0,9.633383412358416,8873.0,320.3,2560.0,1607.0,1733.0,180.0,15265.0,84.80555555555556,2016.0,10.0,Pascal,1080.0,GTX,3,0,GeForce GTX 1080,GeForce GTX 1080
51000.0,10.839580911706463,GeForce GTX 1080,8.0,ASUS,15265.0,890.0,9.633383412358416,8873.0,320.3,2560.0,1607.0,1733.0,180.0,15265.0,84.80555555555556,2016.0,10.0,Pascal,1080.0,GTX,3,0,GeForce GTX 1080,GeForce GTX 1080
56500.0,10.941995917134532,GeForce GTX 1080,8.0,ASUS,15265.0,890.0,9.633383412358416,8873.0,320.3,2560.0,1607.0,1733.0,180.0,15265.0,84.80555555555556,2016.0,10.0,Pascal,1080.0,GTX,3,0,GeForce GTX 1080,GeForce GTX 1080
60000.0,11.002099841204238,GeForce GTX 1080,8.0,ZOTAC,15265.0,890.0,9.633383412358416,8873.0,320.3,2560.0,1607.0,1733.0,180.0,15265.0,84.80555555555556,2016.0,10.0,Pascal,1080.0,GTX,3,0,GeForce GTX 1080,GeForce GTX 1080
60500.0,11.010398644018933,GeForce GTX 1080,8.0,ASUS,15265.0,890.0,9.633383412358416,8873.0,320.3,2560.0,1607.0,1733.0,180.0,15265.0,84.80555555555556,2016.0,10.0,Pascal,1080.0,GTX,3,0,GeForce GTX 1080,GeForce GTX 1080
46000.0,10.736396675471232,GeForce GTX 1080,8.0,GALAX,15265.0,890.0,9.633383412358416,8873.0,320.3,2560.0,1607.0,1733.0,180.0,15265.0,84.80555555555556,2016.0,10.0,Pascal,1080.0,GTX,3,0,GeForce GTX 1080,GeForce GTX 1080
49500.0,10.809727948556782,GeForce GTX 1080,8.0,ZOTAC,15265.0,890.0,9.633383412358416,8873.0,320.3,2560.0,1607.0,1733.0,180.0,15265.0,84.80555555555556,2016.0,10.0,Pascal,1080.0,GTX,3,0,GeForce GTX 1080,GeForce GTX 1080
54000.0,10.896739325546411,GeForce GTX 1080,8.0,GIGABYTE,15265.0,890.0,9.633383412358416,8873.0,320.3,2560.0,1607.0,1733.0,180.0,15265.0,84.80555555555556,2016.0,10.0,Pascal,1080.0,GTX,3,0,GeForce GTX 1080,GeForce GTX 1080
50000.0,10.819778284410283,GeForce GTX 1080,8.0,ASUS,15265.0,890.0,9.633383412358416,8873.0,320.3,2560.0,1607.0,1733.0,180.0,15265.0,84.80555555555556,2016.0,10.0,Pascal,1080.0,GTX,3,0,GeForce GTX 1080,GeForce GTX 1080
55000.0,10.915088464214607,GeForce GTX 1080,8.0,PALIT,15265.0,890.0,9.633383412358416,8873.0,320.3,2560.0,1607.0,1733.0,180.0,15265.0,84.80555555555556,2016.0,10.0,Pascal,1080.0,GTX,3,0,GeForce GTX 1080,GeForce GTX 1080
52500.0,10.868568448579715,GeForce GTX 1080,8.0,MSI,15265.0,890.0,9.633383412358416,8873.0,320.3,2560.0,1607.0,1733.0,180.0,15265.0,84.80555555555556,2016.0,10.0,Pascal,1080.0,GTX,3,0,GeForce GTX 1080,GeForce GTX 1080
48500.0,10.789319076925574,GeForce GTX 1080,8.0,ZOTAC,15265.0,890.0,9.633383412358416,8873.0,320.3,2560.0,1607.0,1733.0,180.0,15265.0,84.80555555555556,2016.0,10.0,Pascal,1080.0,GTX,3,0,GeForce GTX 1080,GeForce GTX 1080
47500.0,10.768484990022733,GeForce GTX 1080,8.0,GIGABYTE,15265.0,890.0,9.633383412358416,8873.0,320.3,2560.0,1607.0,1733.0,180.0,15265.0,84.80555555555556,2016.0,10.0,Pascal,1080.0,GTX,3,0,GeForce GTX 1080,GeForce GTX 1080
52000.0,10.858998997563564,GeForce GTX 1080,8.0,GIGABYTE,15265.0,890.0,9.633383412358416,8873.0,320.3,2560.0,1607.0,1733.0,180.0,15265.0,84.80555555555556,2016.0,10.0,Pascal,1080.0,GTX,3,0,GeForce GTX 1080,GeForce GTX 1080
48500.0,10.789319076925574,GeForce GTX 1080,8.0,GIGABYTE,15265.0,890.0,9.633383412358416,8873.0,320.3,2560.0,1607.0,1733.0,180.0,15265.0,84.80555555555556,2016.0,10.0,Pascal,1080.0,GTX,3,0,GeForce GTX 1080,GeForce GTX 1080
45000.0,10.714417768752456,GeForce GTX 1080,8.0,ZOTAC,15265.0,890.0,9.633383412358416,8873.0,320.3,2560.0,1607.0,1733.0,180.0,15265.0,84.80555555555556,2016.0,10.0,Pascal,1080.0,GTX,3,0,GeForce GTX 1080,GeForce GTX 1080
48000.0,10.778956289890028,GeForce GTX 1080,8.0,ASUS,15265.0,890.0,9.633383412358416,8873.0,320.3,2560.0,1607.0,1733.0,180.0,15265.0,84.80555555555556,2016.0,10.0,Pascal,1080.0,GTX,3,0,GeForce GTX 1080,GeForce GTX 1080
48500.0,10.789319076925574,GeForce GTX 1080,8.0,GALAX,15265.0,890.0,9.633383412358416,8873.0,320.3,2560.0,1607.0,1733.0,180.0,15265.0,84.80555555555556,2016.0,10.0,Pascal,1080.0,GTX,3,0,GeForce GTX 1080,GeForce GTX 1080
45000.0,10.714417768752456,GeForce GTX 1080,8.0,GIGABYTE,15265.0,890.0,9.633383412358416,8873.0,320.3,2560.0,1607.0,1733.0,180.0,15265.0,84.80555555555556,2016.0,10.0,Pascal,1080.0,GTX,3,0,GeForce GTX 1080,GeForce GTX 1080
55000.0,10.915088464214607,GeForce GTX 1080,8.0,ASUS,15265.0,890.0,9.633383412358416,8873.0,320.3,2560.0,1607.0,1733.0,180.0,15265.0,84.80555555555556,2016.0,10.0,Pascal,1080.0,GTX,3,0,GeForce GTX 1080,GeForce GTX 1080
46000.0,10.736396675471232,GeForce GTX 1080,8.0,GIGABYTE,15265.0,890.0,9.633383412358416,8873.0,320.3,2560.0,1607.0,1733.0,180.0,15265.0,84.80555555555556,2016.0,10.0,Pascal,1080.0,GTX,3,0,GeForce GTX 1080,GeForce GTX 1080
57500.0,10.959540226785442,GeForce GTX 1080,8.0,ASUS,15265.0,890.0,9.633383412358416,8873.0,320.3,2560.0,1607.0,1733.0,180.0,15265.0,84.80555555555556,2016.0,10.0,Pascal,1080.0,GTX,3,0,GeForce GTX 1080,GeForce GTX 1080
59000.0,10.985292722887856,GeForce GTX 1080,8.0,ZOTAC,15265.0,890.0,9.633383412358416,8873.0,320.3,2560.0,1607.0,1733.0,180.0,15265.0,84.80555555555556,2016.0,10.0,Pascal,1080.0,GTX,3,0,GeForce GTX 1080,GeForce GTX 1080
54500.0,10.905955980651335,GeForce GTX 1080,8.0,ASUS,15265.0,890.0,9.633383412358416,8873.0,320.3,2560.0,1607.0,1733.0,180.0,15265.0,84.80555555555556,2016.0,10.0,Pascal,1080.0,GTX,3,0,GeForce GTX 1080,GeForce GTX 1080
54500.0,10.905955980651335,GeForce GTX 1080,8.0,GIGABYTE,15265.0,890.0,9.633383412358416,8873.0,320.3,2560.0,1607.0,1733.0,180.0,15265.0,84.80555555555556,2016.0,10.0,Pascal,1080.0,GTX,3,0,GeForce GTX 1080,GeForce GTX 1080
48500.0,10.789319076925574,GeForce GTX 1080,8.0,ASUS,15265.0,890.0,9.633383412358416,8873.0,320.3,2560.0,1607.0,1733.0,180.0,15265.0,84.80555555555556,2016.0,10.0,Pascal,1080.0,GTX,3,0,GeForce GTX 1080,GeForce GTX 1080
56500.0,10.941995917134532,GeForce GTX 1080,8.0,ZOTAC,15265.0,890.0,9.633383412358416,8873.0,320.3,2560.0,1607.0,1733.0,180.0,15265.0,84.80555555555556,2016.0,10.0,Pascal,1080.0,GTX,3,0,GeForce GTX 1080,GeForce GTX 1080
52500.0,10.868568448579715,GeForce GTX 1080,8.0,GIGABYTE,15265.0,890.0,9.633383412358416,8873.0,320.3,2560.0,1607.0,1733.0,180.0,15265.0,84.80555555555556,2016.0,10.0,Pascal,1080.0,GTX,3,0,GeForce GTX 1080,GeForce GTX 1080
51000.0,10.839580911706463,GeForce GTX 1080,8.0,MSI,15265.0,890.0,9.633383412358416,8873.0,320.3,2560.0,1607.0,1733.0,180.0,15265.0,84.80555555555556,2016.0,10.0,Pascal,1080.0,GTX,3,0,GeForce GTX 1080,GeForce GTX 1080
55500.0,10.924138299734526,GeForce GTX 1080,8.0,MSI,15265.0,890.0,9.633383412358416,8873.0,320.3,2560.0,1607.0,1733.0,180.0,15265.0,84.80555555555556,2016.0,10.0,Pascal,1080.0,GTX,3,0,GeForce GTX 1080,GeForce GTX 1080
59000.0,10.985292722887856,GeForce GTX 1080,8.0,GALAX,15265.0,890.0,9.633383412358416,8873.0,320.3,2560.0,1607.0,1733.0,180.0,15265.0,84.80555555555556,2016.0,10.0,Pascal,1080.0,GTX,3,0,GeForce GTX 1080,GeForce GTX 1080
56000.0,10.933106969717286,GeForce GTX 1080,8.0,ASUS,15265.0,890.0,9.633383412358416,8873.0,320.3,2560.0,1607.0,1733.0,180.0,15265.0,84.80555555555556,2016.0,10.0,Pascal,1080.0,GTX,3,0,GeForce GTX 1080,GeForce GTX 1080
58000.0,10.968198289528557,GeForce GTX 1080,8.0,GIGABYTE,15265.0,890.0,9.633383412358416,8873.0,320.3,2560.0,1607.0,1733.0,180.0,15265.0,84.80555555555556,2016.0,10.0,Pascal,1080.0,GTX,3,0,GeForce GTX 1080,GeForce GTX 1080
55500.0,10.924138299734526,GeForce GTX 1080,8.0,GIGABYTE,15265.0,890.0,9.633383412358416,8873.0,320.3,2560.0,1607.0,1733.0,180.0,15265.0,84.80555555555556,2016.0,10.0,Pascal,1080.0,GTX,3,0,GeForce GTX 1080,GeForce GTX 1080
57500.0,10.959540226785442,GeForce GTX 1080,8.0,ZOTAC,15265.0,890.0,9.633383412358416,8873.0,320.3,2560.0,1607.0,1733.0,180.0,15265.0,84.80555555555556,2016.0,10.0,Pascal,1080.0,GTX,3,0,GeForce GTX 1080,GeForce GTX 1080
51000.0,10.839580911706463,GeForce GTX 1080,8.0,PALIT,15265.0,890.0,9.633383412358416,8873.0,320.3,2560.0,1607.0,1733.0,180.0,15265.0,84.80555555555556,2016.0,10.0,Pascal,1080.0,GTX,3,0,GeForce GTX 1080,GeForce GTX 1080
46500.0,10.747207591575448,GeForce GTX 1080,8.0,NVIDIA,15265.0,890.0,9.633383412358416,8873.0,320.3,2560.0,1607.0,1733.0,180.0,15265.0,84.80555555555556,2016.0,10.0,Pascal,1080.0,GTX,3,0,GeForce GTX 1080,GeForce GTX 1080
49000.0,10.799575577092764,GeForce GTX 1080,8.0,NVIDIA,15265.0,890.0,9.633383412358416,8873.0,320.3,2560.0,1607.0,1733.0,180.0,15265.0,84.80555555555556,2016.0,10.0,Pascal,1080.0,GTX,3,0,GeForce GTX 1080,GeForce GTX 1080
52000.0,10.858998997563564,GeForce GTX 1080,8.0,PALIT,15265.0,890.0,9.633383412358416,8873.0,320.3,2560.0,1607.0,1733.0,180.0,15265.0,84.80555555555556,2016.0,10.0,Pascal,1080.0,GTX,3,0,GeForce GTX 1080,GeForce GTX 1080
53000.0,10.87804719253426,GeForce GTX 1080,8.0,ZOTAC,15265.0,890.0,9.633383412358416,8873.0,320.3,2560.0,1607.0,1733.0,180.0,15265.0,84.80555555555556,2016.0,10.0,Pascal,1080.0,GTX,3,0,GeForce GTX 1080,GeForce GTX 1080
58000.0,10.968198289528557,GeForce GTX 1080,8.0,MSI,15265.0,890.0,9.633383412358416,8873.0,320.3,2560.0,1607.0,1733.0,180.0,15265.0,84.80555555555556,2016.0,10.0,Pascal,1080.0,GTX,3,0,GeForce GTX 1080,GeForce GTX 1080
58000.0,10.968198289528557,GeForce GTX 1080,8.0,NVIDIA,15265.0,890.0,9.633383412358416,8873.0,320.3,2560.0,1607.0,1733.0,180.0,15265.0,84.80555555555556,2016.0,10.0,Pascal,1080.0,GTX,3,0,GeForce GTX 1080,GeForce GTX 1080
58000.0,10.968198289528557,GeForce GTX 1080,8.0,ASUS,15265.0,890.0,9.633383412358416,8873.0,320.3,2560.0,1607.0,1733.0,180.0,15265.0,84.80555555555556,2016.0,10.0,Pascal,1080.0,GTX,3,0,GeForce GTX 1080,GeForce GTX 1080
49500.0,10.809727948556782,GeForce GTX 1080,8.0,NVIDIA,15265.0,890.0,9.633383412358416,8873.0,320.3,2560.0,1607.0,1733.0,180.0,15265.0,84.80555555555556,2016.0,10.0,Pascal,1080.0,GTX,3,0,GeForce GTX 1080,GeForce GTX 1080
55000.0,10.915088464214607,GeForce GTX 1080,8.0,GALAX,15265.0,890.0,9.633383412358416,8873.0,320.3,2560.0,1607.0,1733.0,180.0,15265.0,84.80555555555556,2016.0,10.0,Pascal,1080.0,GTX,3,0,GeForce GTX 1080,GeForce GTX 1080
45000.0,10.714417768752456,GeForce GTX 1080,8.0,NVIDIA,15265.0,890.0,9.633383412358416,8873.0,320.3,2560.0,1607.0,1733.0,180.0,15265.0,84.80555555555556,2016.0,10.0,Pascal,1080.0,GTX,3,0,GeForce GTX 1080,GeForce GTX 1080
56999.0,10.950789002803143,GeForce GTX 1080,8.0,ASUS,15265.0,890.0,9.633383412358416,8873.0,320.3,2560.0,1607.0,1733.0,180.0,15265.0,84.80555555555556,2016.0,10.0,Pascal,1080.0,GTX,3,0,GeForce GTX 1080,GeForce GTX 1080
62000.0,11.03488966402723,GeForce GTX 1080 Ti,11.0,ZOTAC,18284.0,934.0,9.81383633058348,11340.0,484.4,3584.0,1481.0,1582.0,250.0,18284.0,73.136,2017.0,9.0,Pascal,1080.0,GTX,3,1,GeForce GTX 1080 Ti,GeForce GTX 1080 Ti
74500.0,11.218554404367652,GeForce GTX 1080 Ti,11.0,GIGABYTE,18284.0,934.0,9.81383633058348,11340.0,484.4,3584.0,1481.0,1582.0,250.0,18284.0,73.136,2017.0,9.0,Pascal,1080.0,GTX,3,1,GeForce GTX 1080 Ti,GeForce GTX 1080 Ti
71000.0,11.170435156023453,GeForce GTX 1080 Ti,11.0,GIGABYTE,18284.0,934.0,9.81383633058348,11340.0,484.4,3584.0,1481.0,1582.0,250.0,18284.0,73.136,2017.0,9.0,Pascal,1080.0,GTX,3,1,GeForce GTX 1080 Ti,GeForce GTX 1080 Ti
63000.0,11.05089000537367,GeForce GTX 1080 Ti,11.0,ASUS,18284.0,934.0,9.81383633058348,11340.0,484.4,3584.0,1481.0,1582.0,250.0,18284.0,73.136,2017.0,9.0,Pascal,1080.0,GTX,3,1,GeForce GTX 1080 Ti,GeForce GTX 1080 Ti
60000.0,11.002099841204238,GeForce GTX 1080 Ti,11.0,GIGABYTE,18284.0,934.0,9.81383633058348,11340.0,484.4,3584.0,1481.0,1582.0,250.0,18284.0,73.136,2017.0,9.0,Pascal,1080.0,GTX,3,1,GeForce GTX 1080 Ti,GeForce GTX 1080 Ti
65000.0,11.082142548877775,GeForce GTX 1080 Ti,11.0,GALAX,18284.0,934.0,9.81383633058348,11340.0,484.4,3584.0,1481.0,1582.0,250.0,18284.0,73.136,2017.0,9.0,Pascal,1080.0,GTX,3,1,GeForce GTX 1080 Ti,GeForce GTX 1080 Ti
69000.0,11.141861783579396,GeForce GTX 1080 Ti,11.0,ZOTAC,18284.0,934.0,9.81383633058348,11340.0,484.4,3584.0,1481.0,1582.0,250.0,18284.0,73.136,2017.0,9.0,Pascal,1080.0,GTX,3,1,GeForce GTX 1080 Ti,GeForce GTX 1080 Ti
73500.0,11.205040685200927,GeForce GTX 1080 Ti,11.0,ZOTAC,18284.0,934.0,9.81383633058348,11340.0,484.4,3584.0,1481.0,1582.0,250.0,18284.0,73.136,2017.0,9.0,Pascal,1080.0,GTX,3,1,GeForce GTX 1080 Ti,GeForce GTX 1080 Ti
67000.0,11.112447898373103,GeForce GTX 1080 Ti,11.0,ZOTAC,18284.0,934.0,9.81383633058348,11340.0,484.4,3584.0,1481.0,1582.0,250.0,18284.0,73.136,2017.0,9.0,Pascal,1080.0,GTX,3,1,GeForce GTX 1080 Ti,GeForce GTX 1080 Ti
68000.0,11.127262984158243,GeForce GTX 1080 Ti,11.0,ASUS,18284.0,934.0,9.81383633058348,11340.0,484.4,3584.0,1481.0,1582.0,250.0,18284.0,73.136,2017.0,9.0,Pascal,1080.0,GTX,3,1,GeForce GTX 1080 Ti,GeForce GTX 1080 Ti
59000.0,10.985292722887856,GeForce GTX 1080 Ti,11.0,MSI,18284.0,934.0,9.81383633058348,11340.0,484.4,3584.0,1481.0,1582.0,250.0,18284.0,73.136,2017.0,9.0,Pascal,1080.0,GTX,3,1,GeForce GTX 1080 Ti,GeForce GTX 1080 Ti
64000.0,11.06663836234181,GeForce GTX 1080 Ti,11.0,GALAX,18284.0,934.0,9.81383633058348,11340.0,484.4,3584.0,1481.0,1582.0,250.0,18284.0,73.136,2017.0,9.0,Pascal,1080.0,GTX,3,1,GeForce GTX 1080 Ti,GeForce GTX 1080 Ti
61000.0,11.018629143155449,GeForce GTX 1080 Ti,11.0,ASUS,18284.0,934.0,9.81383633058348,11340.0,484.4,3584.0,1481.0,1582.0,250.0,18284.0,73.136,2017.0,9.0,Pascal,1080.0,GTX,3,1,GeForce GTX 1080 Ti,GeForce GTX 1080 Ti
57500.0,10.959540226785442,GeForce GTX 1080 Ti,11.0,ZOTAC,18284.0,934.0,9.81383633058348,11340.0,484.4,3584.0,1481.0,1582.0,250.0,18284.0,73.136,2017.0,9.0,Pascal,1080.0,GTX,3,1,GeForce GTX 1080 Ti,GeForce GTX 1080 Ti
70500.0,11.16336798880036,GeForce GTX 1080 Ti,11.0,PALIT,18284.0,934.0,9.81383633058348,11340.0,484.4,3584.0,1481.0,1582.0,250.0,18284.0,73.136,2017.0,9.0,Pascal,1080.0,GTX,3,1,GeForce GTX 1080 Ti,GeForce GTX 1080 Ti
74000.0,11.211820372186306,GeForce GTX 1080 Ti,11.0,GIGABYTE,18284.0,934.0,9.81383633058348,11340.0,484.4,3584.0,1481.0,1582.0,250.0,18284.0,73.136,2017.0,9.0,Pascal,1080.0,GTX,3,1,GeForce GTX 1080 Ti,GeForce GTX 1080 Ti
65500.0,11.089805421623343,GeForce GTX 1080 Ti,11.0,ZOTAC,18284.0,934.0,9.81383633058348,11340.0,484.4,3584.0,1481.0,1582.0,250.0,18284.0,73.136,2017.0,9.0,Pascal,1080.0,GTX,3,1,GeForce GTX 1080 Ti,GeForce GTX 1080 Ti
71500.0,11.177452728682098,GeForce GTX 1080 Ti,11.0,GALAX,18284.0,934.0,9.81383633058348,11340.0,484.4,3584.0,1481.0,1582.0,250.0,18284.0,73.136,2017.0,9.0,Pascal,1080.0,GTX,3,1,GeForce GTX 1080 Ti,GeForce GTX 1080 Ti
65000.0,11.082142548877775,GeForce GTX 1080 Ti,11.0,GIGABYTE,18284.0,934.0,9.81383633058348,11340.0,484.4,3584.0,1481.0,1582.0,250.0,18284.0,73.136,2017.0,9.0,Pascal,1080.0,GTX,3,1,GeForce GTX 1080 Ti,GeForce GTX 1080 Ti
69000.0,11.141861783579396,GeForce GTX 1080 Ti,11.0,MSI,18284.0,934.0,9.81383633058348,11340.0,484.4,3584.0,1481.0,1582.0,250.0,18284.0,73.136,2017.0,9.0,Pascal,1080.0,GTX,3,1,GeForce GTX 1080 Ti,GeForce GTX 1080 Ti
65000.0,11.082142548877775,GeForce GTX 1080 Ti,11.0,MSI,18284.0,934.0,9.81383633058348,11340.0,484.4,3584.0,1481.0,1582.0,250.0,18284.0,73.136,2017.0,9.0,Pascal,1080.0,GTX,3,1,GeForce GTX 1080 Ti,GeForce GTX 1080 Ti
75000.0,11.225243392518447,GeForce GTX 1080 Ti,11.0,GIGABYTE,18284.0,934.0,9.81383633058348,11340.0,484.4,3584.0,1481.0,1582.0,250.0,18284.0,73.136,2017.0,9.0,Pascal,1080.0,GTX,3,1,GeForce GTX 1080 Ti,GeForce GTX 1080 Ti
70000.0,11.156250521031495,GeForce GTX 1080 Ti,11.0,ASUS,18284.0,934.0,9.81383633058348,11340.0,484.4,3584.0,1481.0,1582.0,250.0,18284.0,73.136,2017.0,9.0,Pascal,1080.0,GTX,3,1,GeForce GTX 1080 Ti,GeForce GTX 1080 Ti
71500.0,11.177452728682098,GeForce GTX 1080 Ti,11.0,ASUS,18284.0,934.0,9.81383633058348,11340.0,484.4,3584.0,1481.0,1582.0,250.0,18284.0,73.136,2017.0,9.0,Pascal,1080.0,GTX,3,1,GeForce GTX 1080 Ti,GeForce GTX 1080 Ti
73500.0,11.205040685200927,GeForce GTX 1080 Ti,11.0,GIGABYTE,18284.0,934.0,9.81383633058348,11340.0,484.4,3584.0,1481.0,1582.0,250.0,18284.0,73.136,2017.0,9.0,Pascal,1080.0,GTX,3,1,GeForce GTX 1080 Ti,GeForce GTX 1080 Ti
62500.0,11.042921835724492,GeForce GTX 1080 Ti,11.0,MSI,18284.0,934.0,9.81383633058348,11340.0,484.4,3584.0,1481.0,1582.0,250.0,18284.0,73.136,2017.0,9.0,Pascal,1080.0,GTX,3,1,GeForce GTX 1080 Ti,GeForce GTX 1080 Ti
73000.0,11.198214720130528,GeForce GTX 1080 Ti,11.0,GALAX,18284.0,934.0,9.81383633058348,11340.0,484.4,3584.0,1481.0,1582.0,250.0,18284.0,73.136,2017.0,9.0,Pascal,1080.0,GTX,3,1,GeForce GTX 1080 Ti,GeForce GTX 1080 Ti
58500.0,10.976782033219948,GeForce GTX 1080 Ti,11.0,ASUS,18284.0,934.0,9.81383633058348,11340.0,484.4,3584.0,1481.0,1582.0,250.0,18284.0,73.136,2017.0,9.0,Pascal,1080.0,GTX,3,1,GeForce GTX 1080 Ti,GeForce GTX 1080 Ti
61000.0,11.018629143155449,GeForce GTX 1080 Ti,11.0,MSI,18284.0,934.0,9.81383633058348,11340.0,484.4,3584.0,1481.0,1582.0,250.0,18284.0,73.136,2017.0,9.0,Pascal,1080.0,GTX,3,1,GeForce GTX 1080 Ti,GeForce GTX 1080 Ti
58000.0,10.968198289528557,GeForce GTX 1080 Ti,11.0,NVIDIA,18284.0,934.0,9.81383633058348,11340.0,484.4,3584.0,1481.0,1582.0,250.0,18284.0,73.136,2017.0,9.0,Pascal,1080.0,GTX,3,1,GeForce GTX 1080 Ti,GeForce GTX 1080 Ti
70000.0,11.156250521031495,GeForce GTX 1080 Ti,11.0,MSI,18284.0,934.0,9.81383633058348,11340.0,484.4,3584.0,1481.0,1582.0,250.0,18284.0,73.136,2017.0,9.0,Pascal,1080.0,GTX,3,1,GeForce GTX 1080 Ti,GeForce GTX 1080 Ti
65000.0,11.082142548877775,GeForce GTX 1080 Ti,8.0,ASUS,18284.0,934.0,9.81383633058348,11340.0,484.4,3584.0,1481.0,1582.0,250.0,18284.0,73.136,2017.0,9.0,Pascal,1080.0,GTX,3,1,GeForce GTX 1080 Ti,GeForce GTX 1080 Ti
68000.0,11.127262984158243,GeForce GTX 1080 Ti,11.0,NVIDIA,18284.0,934.0,9.81383633058348,11340.0,484.4,3584.0,1481.0,1582.0,250.0,18284.0,73.136,2017.0,9.0,Pascal,1080.0,GTX,3,1,GeForce GTX 1080 Ti,GeForce GTX 1080 Ti
68000.0,11.127262984158243,GeForce GTX 1080 Ti,11.0,PALIT,18284.0,934.0,9.81383633058348,11340.0,484.4,3584.0,1481.0,1582.0,250.0,18284.0,73.136,2017.0,9.0,Pascal,1080.0,GTX,3,1,GeForce GTX 1080 Ti,GeForce GTX 1080 Ti
68000.0,11.127262984158243,GeForce GTX 1080 Ti,11.0,MSI,18284.0,934.0,9.81383633058348,11340.0,484.4,3584.0,1481.0,1582.0,250.0,18284.0,73.136,2017.0,9.0,Pascal,1080.0,GTX,3,1,GeForce GTX 1080 Ti,GeForce GTX 1080 Ti
65000.0,11.082142548877775,GeForce GTX 1080 Ti,11.0,ZOTAC,18284.0,934.0,9.81383633058348,11340.0,484.4,3584.0,1481.0,1582.0,250.0,18284.0,73.136,2017.0,9.0,Pascal,1080.0,GTX,3,1,GeForce GTX 1080 Ti,GeForce GTX 1080 Ti
34000.0,10.4341158035983,GeForce GTX 1630,4.0,ZOTAC,11695.0,796.0,9.36700218198956,1828.0,96.0,512.0,1740.0,1785.0,75.0,11695.0,155.93333333333334,2022.0,4.0,Turing,1630.0,GTX,3,0,GeForce GTX 1660,GeForce GTX 1630
38500.0,10.558413520275876,GeForce GTX 1650,4.0,ASUS,7807.0,592.0,8.962904128092928,2984.0,128.1,896.0,1485.0,1665.0,75.0,7807.0,104.09333333333333,2019.0,7.0,Turing,1650.0,GTX,3,0,GeForce GTX 1650,GeForce GTX 1650
33000.0,10.404262840448617,GeForce GTX 1650,4.0,ASUS,7807.0,592.0,8.962904128092928,2984.0,128.1,896.0,1485.0,1665.0,75.0,7807.0,104.09333333333333,2019.0,7.0,Turing,1650.0,GTX,3,0,GeForce GTX 1650,GeForce GTX 1650
41000.0,10.621327345686446,GeForce GTX 1650,4.0,PALIT,7807.0,592.0,8.962904128092928,2984.0,128.1,896.0,1485.0,1665.0,75.0,7807.0,104.09333333333333,2019.0,7.0,Turing,1650.0,GTX,3,0,GeForce GTX 1650,GeForce GTX 1650
35500.0,10.477287975463508,GeForce GTX 1650,4.0,MSI,7807.0,592.0,8.962904128092928,2984.0,128.1,896.0,1485.0,1665.0,75.0,7807.0,104.09333333333333,2019.0,7.0,Turing,1650.0,GTX,3,0,GeForce GTX 1650,GeForce GTX 1650
35000.0,10.46310334047155,GeForce GTX 1650,4.0,PALIT,7807.0,592.0,8.962904128092928,2984.0,128.1,896.0,1485.0,1665.0,75.0,7807.0,104.09333333333333,2019.0,7.0,Turing,1650.0,GTX,3,0,GeForce GTX 1650,GeForce GTX 1650
34500.0,10.448714603019452,GeForce GTX 1650,4.0,GIGABYTE,7807.0,592.0,8.962904128092928,2984.0,128.1,896.0,1485.0,1665.0,75.0,7807.0,104.09333333333333,2019.0,7.0,Turing,1650.0,GTX,3,0,GeForce GTX 1650,GeForce GTX 1650
32500.0,10.388995368317829,GeForce GTX 1650,4.0,GIGABYTE,7807.0,592.0,8.962904128092928,2984.0,128.1,896.0,1485.0,1665.0,75.0,7807.0,104.09333333333333,2019.0,7.0,Turing,1650.0,GTX,3,0,GeForce GTX 1650,GeForce GTX 1650
36000.0,10.491274217438248,GeForce GTX 1650,4.0,GIGABYTE,7807.0,592.0,8.962904128092928,2984.0,128.1,896.0,1485.0,1665.0,75.0,7807.0,104.09333333333333,2019.0,7.0,Turing,1650.0,GTX,3,0,GeForce GTX 1650,GeForce GTX 1650
35000.0,10.46310334047155,GeForce GTX 1650,4.0,ASUS,7807.0,592.0,8.962904128092928,2984.0,128.1,896.0,1485.0,1665.0,75.0,7807.0,104.09333333333333,2019.0,7.0,Turing,1650.0,GTX,3,0,GeForce GTX 1650,GeForce GTX 1650
40500.0,10.60905725309463,GeForce GTX 1650,4.0,ASUS,7807.0,592.0,8.962904128092928,2984.0,128.1,896.0,1485.0,1665.0,75.0,7807.0,104.09333333333333,2019.0,7.0,Turing,1650.0,GTX,3,0,GeForce GTX 1650,GeForce GTX 1650
40500.0,10.60905725309463,GeForce GTX 1650,4.0,PALIT,7807.0,592.0,8.962904128092928,2984.0,128.1,896.0,1485.0,1665.0,75.0,7807.0,104.09333333333333,2019.0,7.0,Turing,1650.0,GTX,3,0,GeForce GTX 1650,GeForce GTX 1650
34500.0,10.448714603019452,GeForce GTX 1650,4.0,ZOTAC,7807.0,592.0,8.962904128092928,2984.0,128.1,896.0,1485.0,1665.0,75.0,7807.0,104.09333333333333,2019.0,7.0,Turing,1650.0,GTX,3,0,GeForce GTX 1650,GeForce GTX 1650
40000.0,10.596634733096073,GeForce GTX 1650,4.0,GALAX,7807.0,592.0,8.962904128092928,2984.0,128.1,896.0,1485.0,1665.0,75.0,7807.0,104.09333333333333,2019.0,7.0,Turing,1650.0,GTX,3,0,GeForce GTX 1650,GeForce GTX 1650
37500.0,10.532096211958502,GeForce GTX 1650,4.0,ZOTAC,7807.0,592.0,8.962904128092928,2984.0,128.1,896.0,1485.0,1665.0,75.0,7807.0,104.09333333333333,2019.0,7.0,Turing,1650.0,GTX,3,0,GeForce GTX 1650,GeForce GTX 1650
34000.0,10.4341158035983,GeForce GTX 1650,4.0,MSI,7807.0,592.0,8.962904128092928,2984.0,128.1,896.0,1485.0,1665.0,75.0,7807.0,104.09333333333333,2019.0,7.0,Turing,1650.0,GTX,3,0,GeForce GTX 1650,GeForce GTX 1650
35000.0,10.46310334047155,GeForce GTX 1650,4.0,MSI,7807.0,592.0,8.962904128092928,2984.0,128.1,896.0,1485.0,1665.0,75.0,7807.0,104.09333333333333,2019.0,7.0,Turing,1650.0,GTX,3,0,GeForce GTX 1650,GeForce GTX 1650
35500.0,10.477287975463508,GeForce GTX 1650,4.0,ASUS,7807.0,592.0,8.962904128092928,2984.0,128.1,896.0,1485.0,1665.0,75.0,7807.0,104.09333333333333,2019.0,7.0,Turing,1650.0,GTX,3,0,GeForce GTX 1650,GeForce GTX 1650
36500.0,10.505067539570582,GeForce GTX 1650,4.0,MSI,7807.0,592.0,8.962904128092928,2984.0,128.1,896.0,1485.0,1665.0,75.0,7807.0,104.09333333333333,2019.0,7.0,Turing,1650.0,GTX,3,0,GeForce GTX 1650,GeForce GTX 1650
32500.0,10.388995368317829,GeForce GTX 1650,4.0,ASUS,7807.0,592.0,8.962904128092928,2984.0,128.1,896.0,1485.0,1665.0,75.0,7807.0,104.09333333333333,2019.0,7.0,Turing,1650.0,GTX,3,0,GeForce GTX 1650,GeForce GTX 1650
41000.0,10.621327345686446,GeForce GTX 1650,4.0,ZOTAC,7807.0,592.0,8.962904128092928,2984.0,128.1,896.0,1485.0,1665.0,75.0,7807.0,104.09333333333333,2019.0,7.0,Turing,1650.0,GTX,3,0,GeForce GTX 1650,GeForce GTX 1650
36000.0,10.491274217438248,GeForce GTX 1650,4.0,ZOTAC,7807.0,592.0,8.962904128092928,2984.0,128.1,896.0,1485.0,1665.0,75.0,7807.0,104.09333333333333,2019.0,7.0,Turing,1650.0,GTX,3,0,GeForce GTX 1650,GeForce GTX 1650
36500.0,10.505067539570582,GeForce GTX 1650,4.0,PALIT,7807.0,592.0,8.962904128092928,2984.0,128.1,896.0,1485.0,1665.0,75.0,7807.0,104.09333333333333,2019.0,7.0,Turing,1650.0,GTX,3,0,GeForce GTX 1650,GeForce GTX 1650
41500.0,10.63344870621879,GeForce GTX 1650,4.0,ZOTAC,7807.0,592.0,8.962904128092928,2984.0,128.1,896.0,1485.0,1665.0,75.0,7807.0,104.09333333333333,2019.0,7.0,Turing,1650.0,GTX,3,0,GeForce GTX 1650,GeForce GTX 1650
36500.0,10.505067539570582,GeForce GTX 1650,4.0,ASUS,7807.0,592.0,8.962904128092928,2984.0,128.1,896.0,1485.0,1665.0,75.0,7807.0,104.09333333333333,2019.0,7.0,Turing,1650.0,GTX,3,0,GeForce GTX 1650,GeForce GTX 1650
32000.0,10.373491181781864,GeForce GTX 1650,4.0,ZOTAC,7807.0,592.0,8.962904128092928,2984.0,128.1,896.0,1485.0,1665.0,75.0,7807.0,104.09333333333333,2019.0,7.0,Turing,1650.0,GTX,3,0,GeForce GTX 1650,GeForce GTX 1650
34500.0,10.448714603019452,GeForce GTX 1650,4.0,GALAX,7807.0,592.0,8.962904128092928,2984.0,128.1,896.0,1485.0,1665.0,75.0,7807.0,104.09333333333333,2019.0,7.0,Turing,1650.0,GTX,3,0,GeForce GTX 1650,GeForce GTX 1650
40500.0,10.60905725309463,GeForce GTX 1650,4.0,GIGABYTE,7807.0,592.0,8.962904128092928,2984.0,128.1,896.0,1485.0,1665.0,75.0,7807.0,104.09333333333333,2019.0,7.0,Turing,1650.0,GTX,3,0,GeForce GTX 1650,GeForce GTX 1650
42500.0,10.657259354912508,GeForce GTX 1650,4.0,ZOTAC,7807.0,592.0,8.962904128092928,2984.0,128.1,896.0,1485.0,1665.0,75.0,7807.0,104.09333333333333,2019.0,7.0,Turing,1650.0,GTX,3,0,GeForce GTX 1650,GeForce GTX 1650
35500.0,10.477287975463508,GeForce GTX 1650,4.0,ZOTAC,7807.0,592.0,8.962904128092928,2984.0,128.1,896.0,1485.0,1665.0,75.0,7807.0,104.09333333333333,2019.0,7.0,Turing,1650.0,GTX,3,0,GeForce GTX 1650,GeForce GTX 1650
32500.0,10.388995368317829,GeForce GTX 1650,4.0,ZOTAC,7807.0,592.0,8.962904128092928,2984.0,128.1,896.0,1485.0,1665.0,75.0,7807.0,104.09333333333333,2019.0,7.0,Turing,1650.0,GTX,3,0,GeForce GTX 1650,GeForce GTX 1650
36500.0,10.505067539570582,GeForce GTX 1650,4.0,ZOTAC,7807.0,592.0,8.962904128092928,2984.0,128.1,896.0,1485.0,1665.0,75.0,7807.0,104.09333333333333,2019.0,7.0,Turing,1650.0,GTX,3,0,GeForce GTX 1650,GeForce GTX 1650
33000.0,10.404262840448617,GeForce GTX 1650,4.0,MSI,7807.0,592.0,8.962904128092928,2984.0,128.1,896.0,1485.0,1665.0,75.0,7807.0,104.09333333333333,2019.0,7.0,Turing,1650.0,GTX,3,0,GeForce GTX 1650,GeForce GTX 1650
42000.0,10.645424897265505,GeForce GTX 1650,4.0,MSI,7807.0,592.0,8.962904128092928,2984.0,128.1,896.0,1485.0,1665.0,75.0,7807.0,104.09333333333333,2019.0,7.0,Turing,1650.0,GTX,3,0,GeForce GTX 1650,GeForce GTX 1650
32500.0,10.388995368317829,GeForce GTX 1650,4.0,MSI,7807.0,592.0,8.962904128092928,2984.0,128.1,896.0,1485.0,1665.0,75.0,7807.0,104.09333333333333,2019.0,7.0,Turing,1650.0,GTX,3,0,GeForce GTX 1650,GeForce GTX 1650
34000.0,10.4341158035983,GeForce GTX 1650,4.0,GIGABYTE,7807.0,592.0,8.962904128092928,2984.0,128.1,896.0,1485.0,1665.0,75.0,7807.0,104.09333333333333,2019.0,7.0,Turing,1650.0,GTX,3,0,GeForce GTX 1650,GeForce GTX 1650
32000.0,10.373491181781864,GeForce GTX 1650,4.0,MSI,7807.0,592.0,8.962904128092928,2984.0,128.1,896.0,1485.0,1665.0,75.0,7807.0,104.09333333333333,2019.0,7.0,Turing,1650.0,GTX,3,0,GeForce GTX 1650,GeForce GTX 1650
35000.0,10.46310334047155,GeForce GTX 1650,4.0,NVIDIA,7807.0,592.0,8.962904128092928,2984.0,128.1,896.0,1485.0,1665.0,75.0,7807.0,104.09333333333333,2019.0,7.0,Turing,1650.0,GTX,3,0,GeForce GTX 1650,GeForce GTX 1650
39500.0,10.584055950889214,GeForce GTX 1650,4.0,NVIDIA,7807.0,592.0,8.962904128092928,2984.0,128.1,896.0,1485.0,1665.0,75.0,7807.0,104.09333333333333,2019.0,7.0,Turing,1650.0,GTX,3,0,GeForce GTX 1650,GeForce GTX 1650
42000.0,10.645424897265505,GeForce GTX 1650,4.0,ASUS,7807.0,592.0,8.962904128092928,2984.0,128.1,896.0,1485.0,1665.0,75.0,7807.0,104.09333333333333,2019.0,7.0,Turing,1650.0,GTX,3,0,GeForce GTX 1650,GeForce GTX 1650
40000.0,10.596634733096073,GeForce GTX 1650,4.0,ZOTAC,7807.0,592.0,8.962904128092928,2984.0,128.1,896.0,1485.0,1665.0,75.0,7807.0,104.09333333333333,2019.0,7.0,Turing,1650.0,GTX,3,0,GeForce GTX 1650,GeForce GTX 1650
39500.0,10.584055950889214,GeForce GTX 1650,4.0,ASUS,7807.0,592.0,8.962904128092928,2984.0,128.1,896.0,1485.0,1665.0,75.0,7807.0,104.09333333333333,2019.0,7.0,Turing,1650.0,GTX,3,0,GeForce GTX 1650,GeForce GTX 1650
40000.0,10.596634733096073,GeForce GTX 1650,4.0,ASUS,7807.0,592.0,8.962904128092928,2984.0,128.1,896.0,1485.0,1665.0,75.0,7807.0,104.09333333333333,2019.0,7.0,Turing,1650.0,GTX,3,0,GeForce GTX 1650,GeForce GTX 1650
37500.0,10.532096211958502,GeForce GTX 1650,4.0,GALAX,7807.0,592.0,8.962904128092928,2984.0,128.1,896.0,1485.0,1665.0,75.0,7807.0,104.09333333333333,2019.0,7.0,Turing,1650.0,GTX,3,0,GeForce GTX 1650,GeForce GTX 1650
37000.0,10.51867319162636,GeForce GTX 1650,4.0,MSI,7807.0,592.0,8.962904128092928,2984.0,128.1,896.0,1485.0,1665.0,75.0,7807.0,104.09333333333333,2019.0,7.0,Turing,1650.0,GTX,3,0,GeForce GTX 1650,GeForce GTX 1650
37000.0,10.51867319162636,GeForce GTX 1650,4.0,NVIDIA,7807.0,592.0,8.962904128092928,2984.0,128.1,896.0,1485.0,1665.0,75.0,7807.0,104.09333333333333,2019.0,7.0,Turing,1650.0,GTX,3,0,GeForce GTX 1650,GeForce GTX 1650
37000.0,10.51867319162636,GeForce GTX 1650,4.0,GALAX,7807.0,592.0,8.962904128092928,2984.0,128.1,896.0,1485.0,1665.0,75.0,7807.0,104.09333333333333,2019.0,7.0,Turing,1650.0,GTX,3,0,GeForce GTX 1650,GeForce GTX 1650
39000.0,10.571316925111784,GeForce GTX 1650,4.0,MSI,7807.0,592.0,8.962904128092928,2984.0,128.1,896.0,1485.0,1665.0,75.0,7807.0,104.09333333333333,2019.0,7.0,Turing,1650.0,GTX,3,0,GeForce GTX 1650,GeForce GTX 1650
40500.0,10.60905725309463,GeForce GTX 1650 SUPER,4.0,MSI,10032.0,761.0,9.213634938925614,4416.0,192.0,1280.0,1530.0,1725.0,100.0,10032.0,100.32,2019.0,7.0,Turing,1650.0,GTX,3,0,GeForce GTX 1650 SUPER,GeForce GTX 1650 SUPER
40000.0,10.596634733096073,GeForce GTX 1650 SUPER,4.0,ZOTAC,10032.0,761.0,9.213634938925614,4416.0,192.0,1280.0,1530.0,1725.0,100.0,10032.0,100.32,2019.0,7.0,Turing,1650.0,GTX,3,0,GeForce GTX 1650 SUPER,GeForce GTX 1650 SUPER
38000.0,10.545341438708522,GeForce GTX 1650 SUPER,4.0,GALAX,10032.0,761.0,9.213634938925614,4416.0,192.0,1280.0,1530.0,1725.0,100.0,10032.0,100.32,2019.0,7.0,Turing,1650.0,GTX,3,0,GeForce GTX 1650 SUPER,GeForce GTX 1650 SUPER
39000.0,10.571316925111784,GeForce GTX 1650 SUPER,4.0,ZOTAC,10032.0,761.0,9.213634938925614,4416.0,192.0,1280.0,1530.0,1725.0,100.0,10032.0,100.32,2019.0,7.0,Turing,1650.0,GTX,3,0,GeForce GTX 1650 SUPER,GeForce GTX 1650 SUPER
38500.0,10.558413520275876,GeForce GTX 1650 SUPER,4.0,PALIT,10032.0,761.0,9.213634938925614,4416.0,192.0,1280.0,1530.0,1725.0,100.0,10032.0,100.32,2019.0,7.0,Turing,1650.0,GTX,3,0,GeForce GTX 1650 SUPER,GeForce GTX 1650 SUPER
35500.0,10.477287975463508,GeForce GTX 1650 SUPER,4.0,ASUS,10032.0,761.0,9.213634938925614,4416.0,192.0,1280.0,1530.0,1725.0,100.0,10032.0,100.32,2019.0,7.0,Turing,1650.0,GTX,3,0,GeForce GTX 1650 SUPER,GeForce GTX 1650 SUPER
33500.0,10.419300717813158,GeForce GTX 1650 SUPER,4.0,GIGABYTE,10032.0,761.0,9.213634938925614,4416.0,192.0,1280.0,1530.0,1725.0,100.0,10032.0,100.32,2019.0,7.0,Turing,1650.0,GTX,3,0,GeForce GTX 1650 SUPER,GeForce GTX 1650 SUPER
36500.0,10.505067539570582,GeForce GTX 1650 SUPER,4.0,GALAX,10032.0,761.0,9.213634938925614,4416.0,192.0,1280.0,1530.0,1725.0,100.0,10032.0,100.32,2019.0,7.0,Turing,1650.0,GTX,3,0,GeForce GTX 1650 SUPER,GeForce GTX 1650 SUPER
31500.0,10.357742824813725,GeForce GTX 1650 SUPER,4.0,MSI,10032.0,761.0,9.213634938925614,4416.0,192.0,1280.0,1530.0,1725.0,100.0,10032.0,100.32,2019.0,7.0,Turing,1650.0,GTX,3,0,GeForce GTX 1650 SUPER,GeForce GTX 1650 SUPER
35000.0,10.46310334047155,GeForce GTX 1650 SUPER,4.0,GIGABYTE,10032.0,761.0,9.213634938925614,4416.0,192.0,1280.0,1530.0,1725.0,100.0,10032.0,100.32,2019.0,7.0,Turing,1650.0,GTX,3,0,GeForce GTX 1650 SUPER,GeForce GTX 1650 SUPER
37500.0,10.532096211958502,GeForce GTX 1650 SUPER,4.0,MSI,10032.0,761.0,9.213634938925614,4416.0,192.0,1280.0,1530.0,1725.0,100.0,10032.0,100.32,2019.0,7.0,Turing,1650.0,GTX,3,0,GeForce GTX 1650 SUPER,GeForce GTX 1650 SUPER
33500.0,10.419300717813158,GeForce GTX 1650 SUPER,4.0,ZOTAC,10032.0,761.0,9.213634938925614,4416.0,192.0,1280.0,1530.0,1725.0,100.0,10032.0,100.32,2019.0,7.0,Turing,1650.0,GTX,3,0,GeForce GTX 1650 SUPER,GeForce GTX 1650 SUPER
34500.0,10.448714603019452,GeForce GTX 1650 SUPER,4.0,ZOTAC,10032.0,761.0,9.213634938925614,4416.0,192.0,1280.0,1530.0,1725.0,100.0,10032.0,100.32,2019.0,7.0,Turing,1650.0,GTX,3,0,GeForce GTX 1650 SUPER,GeForce GTX 1650 SUPER
40000.0,10.596634733096073,GeForce GTX 1650 SUPER,4.0,GALAX,10032.0,761.0,9.213634938925614,4416.0,192.0,1280.0,1530.0,1725.0,100.0,10032.0,100.32,2019.0,7.0,Turing,1650.0,GTX,3,0,GeForce GTX 1650 SUPER,GeForce GTX 1650 SUPER
31000.0,10.341742483467284,GeForce GTX 1650 SUPER,4.0,PALIT,10032.0,761.0,9.213634938925614,4416.0,192.0,1280.0,1530.0,1725.0,100.0,10032.0,100.32,2019.0,7.0,Turing,1650.0,GTX,3,0,GeForce GTX 1650 SUPER,GeForce GTX 1650 SUPER
37000.0,10.51867319162636,GeForce GTX 1650 SUPER,4.0,MSI,10032.0,761.0,9.213634938925614,4416.0,192.0,1280.0,1530.0,1725.0,100.0,10032.0,100.32,2019.0,7.0,Turing,1650.0,GTX,3,0,GeForce GTX 1650 SUPER,GeForce GTX 1650 SUPER
32500.0,10.388995368317829,GeForce GTX 1650 SUPER,4.0,MSI,10032.0,761.0,9.213634938925614,4416.0,192.0,1280.0,1530.0,1725.0,100.0,10032.0,100.32,2019.0,7.0,Turing,1650.0,GTX,3,0,GeForce GTX 1650 SUPER,GeForce GTX 1650 SUPER
39000.0,10.571316925111784,GeForce GTX 1650 SUPER,4.0,GALAX,10032.0,761.0,9.213634938925614,4416.0,192.0,1280.0,1530.0,1725.0,100.0,10032.0,100.32,2019.0,7.0,Turing,1650.0,GTX,3,0,GeForce GTX 1650 SUPER,GeForce GTX 1650 SUPER
34000.0,10.4341158035983,GeForce GTX 1650 SUPER,4.0,GIGABYTE,10032.0,761.0,9.213634938925614,4416.0,192.0,1280.0,1530.0,1725.0,100.0,10032.0,100.32,2019.0,7.0,Turing,1650.0,GTX,3,0,GeForce GTX 1650 SUPER,GeForce GTX 1650 SUPER
30500.0,10.325481962595504,GeForce GTX 1650 SUPER,4.0,GIGABYTE,10032.0,761.0,9.213634938925614,4416.0,192.0,1280.0,1530.0,1725.0,100.0,10032.0,100.32,2019.0,7.0,Turing,1650.0,GTX,3,0,GeForce GTX 1650 SUPER,GeForce GTX 1650 SUPER
33000.0,10.404262840448617,GeForce GTX 1650 SUPER,4.0,GIGABYTE,10032.0,761.0,9.213634938925614,4416.0,192.0,1280.0,1530.0,1725.0,100.0,10032.0,100.32,2019.0,7.0,Turing,1650.0,GTX,3,0,GeForce GTX 1650 SUPER,GeForce GTX 1650 SUPER
37500.0,10.532096211958502,GeForce GTX 1650 SUPER,4.0,ZOTAC,10032.0,761.0,9.213634938925614,4416.0,192.0,1280.0,1530.0,1725.0,100.0,10032.0,100.32,2019.0,7.0,Turing,1650.0,GTX,3,0,GeForce GTX 1650 SUPER,GeForce GTX 1650 SUPER
39000.0,10.571316925111784,GeForce GTX 1650 SUPER,4.0,PALIT,10032.0,761.0,9.213634938925614,4416.0,192.0,1280.0,1530.0,1725.0,100.0,10032.0,100.32,2019.0,7.0,Turing,1650.0,GTX,3,0,GeForce GTX 1650 SUPER,GeForce GTX 1650 SUPER
34000.0,10.4341158035983,GeForce GTX 1650 SUPER,4.0,ZOTAC,10032.0,761.0,9.213634938925614,4416.0,192.0,1280.0,1530.0,1725.0,100.0,10032.0,100.32,2019.0,7.0,Turing,1650.0,GTX,3,0,GeForce GTX 1650 SUPER,GeForce GTX 1650 SUPER
33000.0,10.404262840448617,GeForce GTX 1650 SUPER,4.0,MSI,10032.0,761.0,9.213634938925614,4416.0,192.0,1280.0,1530.0,1725.0,100.0,10032.0,100.32,2019.0,7.0,Turing,1650.0,GTX,3,0,GeForce GTX 1650 SUPER,GeForce GTX 1650 SUPER
35500.0,10.477287975463508,GeForce GTX 1650 SUPER,4.0,MSI,10032.0,761.0,9.213634938925614,4416.0,192.0,1280.0,1530.0,1725.0,100.0,10032.0,100.32,2019.0,7.0,Turing,1650.0,GTX,3,0,GeForce GTX 1650 SUPER,GeForce GTX 1650 SUPER
34500.0,10.448714603019452,GeForce GTX 1650 SUPER,4.0,GIGABYTE,10032.0,761.0,9.213634938925614,4416.0,192.0,1280.0,1530.0,1725.0,100.0,10032.0,100.32,2019.0,7.0,Turing,1650.0,GTX,3,0,GeForce GTX 1650 SUPER,GeForce GTX 1650 SUPER
38000.0,10.545341438708522,GeForce GTX 1650 SUPER,4.0,PALIT,10032.0,761.0,9.213634938925614,4416.0,192.0,1280.0,1530.0,1725.0,100.0,10032.0,100.32,2019.0,7.0,Turing,1650.0,GTX,3,0,GeForce GTX 1650 SUPER,GeForce GTX 1650 SUPER
34500.0,10.448714603019452,GeForce GTX 1650 SUPER,4.0,PALIT,10032.0,761.0,9.213634938925614,4416.0,192.0,1280.0,1530.0,1725.0,100.0,10032.0,100.32,2019.0,7.0,Turing,1650.0,GTX,3,0,GeForce GTX 1650 SUPER,GeForce GTX 1650 SUPER
32500.0,10.388995368317829,GeForce GTX 1650 SUPER,4.0,ZOTAC,10032.0,761.0,9.213634938925614,4416.0,192.0,1280.0,1530.0,1725.0,100.0,10032.0,100.32,2019.0,7.0,Turing,1650.0,GTX,3,0,GeForce GTX 1650 SUPER,GeForce GTX 1650 SUPER
35500.0,10.477287975463508,GeForce GTX 1650 SUPER,4.0,GIGABYTE,10032.0,761.0,9.213634938925614,4416.0,192.0,1280.0,1530.0,1725.0,100.0,10032.0,100.32,2019.0,7.0,Turing,1650.0,GTX,3,0,GeForce GTX 1650 SUPER,GeForce GTX 1650 SUPER
49000.0,10.799575577092764,GeForce GTX 1660,6.0,NVIDIA,11695.0,796.0,9.36700218198956,5027.0,192.1,1408.0,1530.0,1785.0,120.0,11695.0,97.45833333333333,2019.0,7.0,Turing,1660.0,GTX,3,0,GeForce GTX 1660,GeForce GTX 1660
42000.0,10.645424897265505,GeForce GTX 1660,6.0,GALAX,11695.0,796.0,9.36700218198956,5027.0,192.1,1408.0,1530.0,1785.0,120.0,11695.0,97.45833333333333,2019.0,7.0,Turing,1660.0,GTX,3,0,GeForce GTX 1660,GeForce GTX 1660
50000.0,10.819778284410283,GeForce GTX 1660,6.0,NVIDIA,11695.0,796.0,9.36700218198956,5027.0,192.1,1408.0,1530.0,1785.0,120.0,11695.0,97.45833333333333,2019.0,7.0,Turing,1660.0,GTX,3,0,GeForce GTX 1660,GeForce GTX 1660
50000.0,10.819778284410283,GeForce GTX 1660,6.0,GIGABYTE,11695.0,796.0,9.36700218198956,5027.0,192.1,1408.0,1530.0,1785.0,120.0,11695.0,97.45833333333333,2019.0,7.0,Turing,1660.0,GTX,3,0,GeForce GTX 1660,GeForce GTX 1660
53000.0,10.87804719253426,GeForce GTX 1660,6.0,ZOTAC,11695.0,796.0,9.36700218198956,5027.0,192.1,1408.0,1530.0,1785.0,120.0,11695.0,97.45833333333333,2019.0,7.0,Turing,1660.0,GTX,3,0,GeForce GTX 1660,GeForce GTX 1660
48000.0,10.778956289890028,GeForce GTX 1660,6.0,MSI,11695.0,796.0,9.36700218198956,5027.0,192.1,1408.0,1530.0,1785.0,120.0,11695.0,97.45833333333333,2019.0,7.0,Turing,1660.0,GTX,3,0,GeForce GTX 1660,GeForce GTX 1660
52000.0,10.858998997563564,GeForce GTX 1660,6.0,GALAX,11695.0,796.0,9.36700218198956,5027.0,192.1,1408.0,1530.0,1785.0,120.0,11695.0,97.45833333333333,2019.0,7.0,Turing,1660.0,GTX,3,0,GeForce GTX 1660,GeForce GTX 1660
50000.0,10.819778284410283,GeForce GTX 1660,6.0,ZOTAC,11695.0,796.0,9.36700218198956,5027.0,192.1,1408.0,1530.0,1785.0,120.0,11695.0,97.45833333333333,2019.0,7.0,Turing,1660.0,GTX,3,0,GeForce GTX 1660,GeForce GTX 1660
47000.0,10.757902880692196,GeForce GTX 1660,6.0,ASUS,11695.0,796.0,9.36700218198956,5027.0,192.1,1408.0,1530.0,1785.0,120.0,11695.0,97.45833333333333,2019.0,7.0,Turing,1660.0,GTX,3,0,GeForce GTX 1660,GeForce GTX 1660
44000.0,10.691944912900398,GeForce GTX 1660,6.0,INNO3D,11695.0,796.0,9.36700218198956,5027.0,192.1,1408.0,1530.0,1785.0,120.0,11695.0,97.45833333333333,2019.0,7.0,Turing,1660.0,GTX,3,0,GeForce GTX 1660,GeForce GTX 1660
45000.0,10.714417768752456,GeForce GTX 1660,6.0,ZOTAC,11695.0,796.0,9.36700218198956,5027.0,192.1,1408.0,1530.0,1785.0,120.0,11695.0,97.45833333333333,2019.0,7.0,Turing,1660.0,GTX,3,0,GeForce GTX 1660,GeForce GTX 1660
49000.0,10.799575577092764,GeForce GTX 1660,6.0,GIGABYTE,11695.0,796.0,9.36700218198956,5027.0,192.1,1408.0,1530.0,1785.0,120.0,11695.0,97.45833333333333,2019.0,7.0,Turing,1660.0,GTX,3,0,GeForce GTX 1660,GeForce GTX 1660
44000.0,10.691944912900398,GeForce GTX 1660,6.0,MSI,11695.0,796.0,9.36700218198956,5027.0,192.1,1408.0,1530.0,1785.0,120.0,11695.0,97.45833333333333,2019.0,7.0,Turing,1660.0,GTX,3,0,GeForce GTX 1660,GeForce GTX 1660
47000.0,10.757902880692196,GeForce GTX 1660,6.0,GALAX,11695.0,796.0,9.36700218198956,5027.0,192.1,1408.0,1530.0,1785.0,120.0,11695.0,97.45833333333333,2019.0,7.0,Turing,1660.0,GTX,3,0,GeForce GTX 1660,GeForce GTX 1660
49000.0,10.799575577092764,GeForce GTX 1660,6.0,MSI,11695.0,796.0,9.36700218198956,5027.0,192.1,1408.0,1530.0,1785.0,120.0,11695.0,97.45833333333333,2019.0,7.0,Turing,1660.0,GTX,3,0,GeForce GTX 1660,GeForce GTX 1660
47000.0,10.757902880692196,GeForce GTX 1660,6.0,NVIDIA,11695.0,796.0,9.36700218198956,5027.0,192.1,1408.0,1530.0,1785.0,120.0,11695.0,97.45833333333333,2019.0,7.0,Turing,1660.0,GTX,3,0,GeForce GTX 1660,GeForce GTX 1660
46000.0,10.736396675471232,GeForce GTX 1660,6.0,ASUS,11695.0,796.0,9.36700218198956,5027.0,192.1,1408.0,1530.0,1785.0,120.0,11695.0,97.45833333333333,2019.0,7.0,Turing,1660.0,GTX,3,0,GeForce GTX 1660,GeForce GTX 1660
43000.0,10.668955394675699,GeForce GTX 1660,6.0,PALIT,11695.0,796.0,9.36700218198956,5027.0,192.1,1408.0,1530.0,1785.0,120.0,11695.0,97.45833333333333,2019.0,7.0,Turing,1660.0,GTX,3,0,GeForce GTX 1660,GeForce GTX 1660
40000.0,10.596634733096073,GeForce GTX 1660,6.0,ASUS,11695.0,796.0,9.36700218198956,5027.0,192.1,1408.0,1530.0,1785.0,120.0,11695.0,97.45833333333333,2019.0,7.0,Turing,1660.0,GTX,3,0,GeForce GTX 1660,GeForce GTX 1660
49000.0,10.799575577092764,GeForce GTX 1660,6.0,PALIT,11695.0,796.0,9.36700218198956,5027.0,192.1,1408.0,1530.0,1785.0,120.0,11695.0,97.45833333333333,2019.0,7.0,Turing,1660.0,GTX,3,0,GeForce GTX 1660,GeForce GTX 1660
51000.0,10.839580911706463,GeForce GTX 1660,6.0,MSI,11695.0,796.0,9.36700218198956,5027.0,192.1,1408.0,1530.0,1785.0,120.0,11695.0,97.45833333333333,2019.0,7.0,Turing,1660.0,GTX,3,0,GeForce GTX 1660,GeForce GTX 1660
45000.0,10.714417768752456,GeForce GTX 1660,6.0,MSI,11695.0,796.0,9.36700218198956,5027.0,192.1,1408.0,1530.0,1785.0,120.0,11695.0,97.45833333333333,2019.0,7.0,Turing,1660.0,GTX,3,0,GeForce GTX 1660,GeForce GTX 1660
56000.0,10.933106969717286,GeForce GTX 1660,6.0,MSI,11695.0,796.0,9.36700218198956,5027.0,192.1,1408.0,1530.0,1785.0,120.0,11695.0,97.45833333333333,2019.0,7.0,Turing,1660.0,GTX,3,0,GeForce GTX 1660,GeForce GTX 1660
40000.0,10.596634733096073,GeForce GTX 1660,6.0,GIGABYTE,11695.0,796.0,9.36700218198956,5027.0,192.1,1408.0,1530.0,1785.0,120.0,11695.0,97.45833333333333,2019.0,7.0,Turing,1660.0,GTX,3,0,GeForce GTX 1660,GeForce GTX 1660
46500.0,10.747207591575448,GeForce GTX 1660,6.0,GIGABYTE,11695.0,796.0,9.36700218198956,5027.0,192.1,1408.0,1530.0,1785.0,120.0,11695.0,97.45833333333333,2019.0,7.0,Turing,1660.0,GTX,3,0,GeForce GTX 1660,GeForce GTX 1660
49500.0,10.809727948556782,GeForce GTX 1660,6.0,NVIDIA,11695.0,796.0,9.36700218198956,5027.0,192.1,1408.0,1530.0,1785.0,120.0,11695.0,97.45833333333333,2019.0,7.0,Turing,1660.0,GTX,3,0,GeForce GTX 1660,GeForce GTX 1660
45000.0,10.714417768752456,GeForce GTX 1660,6.0,GIGABYTE,11695.0,796.0,9.36700218198956,5027.0,192.1,1408.0,1530.0,1785.0,120.0,11695.0,97.45833333333333,2019.0,7.0,Turing,1660.0,GTX,3,0,GeForce GTX 1660,GeForce GTX 1660
53000.0,10.87804719253426,GeForce GTX 1660,6.0,MSI,11695.0,796.0,9.36700218198956,5027.0,192.1,1408.0,1530.0,1785.0,120.0,11695.0,97.45833333333333,2019.0,7.0,Turing,1660.0,GTX,3,0,GeForce GTX 1660,GeForce GTX 1660
50500.0,10.829728615263452,GeForce GTX 1660 SUPER,6.0,GALAX,12732.0,823.0,9.451952327573435,5027.0,336.0,1408.0,1530.0,1785.0,125.0,12732.0,101.856,2019.0,7.0,Turing,1660.0,GTX,3,0,GeForce GTX 1660 SUPER,GeForce GTX 1660 SUPER
54500.0,10.905955980651335,GeForce GTX 1660 SUPER,6.0,PALIT,12732.0,823.0,9.451952327573435,5027.0,336.0,1408.0,1530.0,1785.0,125.0,12732.0,101.856,2019.0,7.0,Turing,1660.0,GTX,3,0,GeForce GTX 1660 SUPER,GeForce GTX 1660 SUPER
58500.0,10.976782033219948,GeForce GTX 1660 SUPER,6.0,ZOTAC,12732.0,823.0,9.451952327573435,5027.0,336.0,1408.0,1530.0,1785.0,125.0,12732.0,101.856,2019.0,7.0,Turing,1660.0,GTX,3,0,GeForce GTX 1660 SUPER,GeForce GTX 1660 SUPER
56500.0,10.941995917134532,GeForce GTX 1660 SUPER,6.0,GIGABYTE,12732.0,823.0,9.451952327573435,5027.0,336.0,1408.0,1530.0,1785.0,125.0,12732.0,101.856,2019.0,7.0,Turing,1660.0,GTX,3,0,GeForce GTX 1660 SUPER,GeForce GTX 1660 SUPER
55500.0,10.924138299734526,GeForce GTX 1660 SUPER,6.0,ZOTAC,12732.0,823.0,9.451952327573435,5027.0,336.0,1408.0,1530.0,1785.0,125.0,12732.0,101.856,2019.0,7.0,Turing,1660.0,GTX,3,0,GeForce GTX 1660 SUPER,GeForce GTX 1660 SUPER
59000.0,10.985292722887856,GeForce GTX 1660 SUPER,6.0,ASUS,12732.0,823.0,9.451952327573435,5027.0,336.0,1408.0,1530.0,1785.0,125.0,12732.0,101.856,2019.0,7.0,Turing,1660.0,GTX,3,0,GeForce GTX 1660 SUPER,GeForce GTX 1660 SUPER
50500.0,10.829728615263452,GeForce GTX 1660 SUPER,6.0,ASUS,12732.0,823.0,9.451952327573435,5027.0,336.0,1408.0,1530.0,1785.0,125.0,12732.0,101.856,2019.0,7.0,Turing,1660.0,GTX,3,0,GeForce GTX 1660 SUPER,GeForce GTX 1660 SUPER
58000.0,10.968198289528557,GeForce GTX 1660 SUPER,6.0,GALAX,12732.0,823.0,9.451952327573435,5027.0,336.0,1408.0,1530.0,1785.0,125.0,12732.0,101.856,2019.0,7.0,Turing,1660.0,GTX,3,0,GeForce GTX 1660 SUPER,GeForce GTX 1660 SUPER
47000.0,10.757902880692196,GeForce GTX 1660 SUPER,6.0,ZOTAC,12732.0,823.0,9.451952327573435,5027.0,336.0,1408.0,1530.0,1785.0,125.0,12732.0,101.856,2019.0,7.0,Turing,1660.0,GTX,3,0,GeForce GTX 1660 SUPER,GeForce GTX 1660 SUPER
45500.0,10.725467604939041,GeForce GTX 1660 SUPER,6.0,ZOTAC,12732.0,823.0,9.451952327573435,5027.0,336.0,1408.0,1530.0,1785.0,125.0,12732.0,101.856,2019.0,7.0,Turing,1660.0,GTX,3,0,GeForce GTX 1660 SUPER,GeForce GTX 1660 SUPER
51000.0,10.839580911706463,GeForce GTX 1660 SUPER,6.0,GIGABYTE,12732.0,823.0,9.451952327573435,5027.0,336.0,1408.0,1530.0,1785.0,125.0,12732.0,101.856,2019.0,7.0,Turing,1660.0,GTX,3,0,GeForce GTX 1660 SUPER,GeForce GTX 1660 SUPER
50000.0,10.819778284410283,GeForce GTX 1660 SUPER,6.0,ZOTAC,12732.0,823.0,9.451952327573435,5027.0,336.0,1408.0,1530.0,1785.0,125.0,12732.0,101.856,2019.0,7.0,Turing,1660.0,GTX,3,0,GeForce GTX 1660 SUPER,GeForce GTX 1660 SUPER
51000.0,10.839580911706463,GeForce GTX 1660 SUPER,6.0,MSI,12732.0,823.0,9.451952327573435,5027.0,336.0,1408.0,1530.0,1785.0,125.0,12732.0,101.856,2019.0,7.0,Turing,1660.0,GTX,3,0,GeForce GTX 1660 SUPER,GeForce GTX 1660 SUPER
56500.0,10.941995917134532,GeForce GTX 1660 SUPER,6.0,MSI,12732.0,823.0,9.451952327573435,5027.0,336.0,1408.0,1530.0,1785.0,125.0,12732.0,101.856,2019.0,7.0,Turing,1660.0,GTX,3,0,GeForce GTX 1660 SUPER,GeForce GTX 1660 SUPER
59000.0,10.985292722887856,GeForce GTX 1660 SUPER,6.0,GIGABYTE,12732.0,823.0,9.451952327573435,5027.0,336.0,1408.0,1530.0,1785.0,125.0,12732.0,101.856,2019.0,7.0,Turing,1660.0,GTX,3,0,GeForce GTX 1660 SUPER,GeForce GTX 1660 SUPER
57500.0,10.959540226785442,GeForce GTX 1660 SUPER,6.0,GALAX,12732.0,823.0,9.451952327573435,5027.0,336.0,1408.0,1530.0,1785.0,125.0,12732.0,101.856,2019.0,7.0,Turing,1660.0,GTX,3,0,GeForce GTX 1660 SUPER,GeForce GTX 1660 SUPER
58000.0,10.968198289528557,GeForce GTX 1660 SUPER,6.0,ZOTAC,12732.0,823.0,9.451952327573435,5027.0,336.0,1408.0,1530.0,1785.0,125.0,12732.0,101.856,2019.0,7.0,Turing,1660.0,GTX,3,0,GeForce GTX 1660 SUPER,GeForce GTX 1660 SUPER
49000.0,10.799575577092764,GeForce GTX 1660 SUPER,6.0,MSI,12732.0,823.0,9.451952327573435,5027.0,336.0,1408.0,1530.0,1785.0,125.0,12732.0,101.856,2019.0,7.0,Turing,1660.0,GTX,3,0,GeForce GTX 1660 SUPER,GeForce GTX 1660 SUPER
56000.0,10.933106969717286,GeForce GTX 1660 SUPER,6.0,GALAX,12732.0,823.0,9.451952327573435,5027.0,336.0,1408.0,1530.0,1785.0,125.0,12732.0,101.856,2019.0,7.0,Turing,1660.0,GTX,3,0,GeForce GTX 1660 SUPER,GeForce GTX 1660 SUPER
56500.0,10.941995917134532,GeForce GTX 1660 SUPER,6.0,ASUS,12732.0,823.0,9.451952327573435,5027.0,336.0,1408.0,1530.0,1785.0,125.0,12732.0,101.856,2019.0,7.0,Turing,1660.0,GTX,3,0,GeForce GTX 1660 SUPER,GeForce GTX 1660 SUPER
53500.0,10.887436932884098,GeForce GTX 1660 SUPER,6.0,ZOTAC,12732.0,823.0,9.451952327573435,5027.0,336.0,1408.0,1530.0,1785.0,125.0,12732.0,101.856,2019.0,7.0,Turing,1660.0,GTX,3,0,GeForce GTX 1660 SUPER,GeForce GTX 1660 SUPER
51000.0,10.839580911706463,GeForce GTX 1660 SUPER,6.0,GALAX,12732.0,823.0,9.451952327573435,5027.0,336.0,1408.0,1530.0,1785.0,125.0,12732.0,101.856,2019.0,7.0,Turing,1660.0,GTX,3,0,GeForce GTX 1660 SUPER,GeForce GTX 1660 SUPER
57000.0,10.950806546816688,GeForce GTX 1660 SUPER,6.0,PALIT,12732.0,823.0,9.451952327573435,5027.0,336.0,1408.0,1530.0,1785.0,125.0,12732.0,101.856,2019.0,7.0,Turing,1660.0,GTX,3,0,GeForce GTX 1660 SUPER,GeForce GTX 1660 SUPER
45500.0,10.725467604939041,GeForce GTX 1660 SUPER,6.0,MSI,12732.0,823.0,9.451952327573435,5027.0,336.0,1408.0,1530.0,1785.0,125.0,12732.0,101.856,2019.0,7.0,Turing,1660.0,GTX,3,0,GeForce GTX 1660 SUPER,GeForce GTX 1660 SUPER
48500.0,10.789319076925574,GeForce GTX 1660 SUPER,6.0,ASUS,12732.0,823.0,9.451952327573435,5027.0,336.0,1408.0,1530.0,1785.0,125.0,12732.0,101.856,2019.0,7.0,Turing,1660.0,GTX,3,0,GeForce GTX 1660 SUPER,GeForce GTX 1660 SUPER
53000.0,10.87804719253426,GeForce GTX 1660 SUPER,6.0,MSI,12732.0,823.0,9.451952327573435,5027.0,336.0,1408.0,1530.0,1785.0,125.0,12732.0,101.856,2019.0,7.0,Turing,1660.0,GTX,3,0,GeForce GTX 1660 SUPER,GeForce GTX 1660 SUPER
48000.0,10.778956289890028,GeForce GTX 1660 SUPER,6.0,ZOTAC,12732.0,823.0,9.451952327573435,5027.0,336.0,1408.0,1530.0,1785.0,125.0,12732.0,101.856,2019.0,7.0,Turing,1660.0,GTX,3,0,GeForce GTX 1660 SUPER,GeForce GTX 1660 SUPER
57500.0,10.959540226785442,GeForce GTX 1660 SUPER,6.0,GIGABYTE,12732.0,823.0,9.451952327573435,5027.0,336.0,1408.0,1530.0,1785.0,125.0,12732.0,101.856,2019.0,7.0,Turing,1660.0,GTX,3,0,GeForce GTX 1660 SUPER,GeForce GTX 1660 SUPER
55500.0,10.924138299734526,GeForce GTX 1660 SUPER,6.0,PALIT,12732.0,823.0,9.451952327573435,5027.0,336.0,1408.0,1530.0,1785.0,125.0,12732.0,101.856,2019.0,7.0,Turing,1660.0,GTX,3,0,GeForce GTX 1660 SUPER,GeForce GTX 1660 SUPER
49000.0,10.799575577092764,GeForce GTX 1660 SUPER,6.0,ASUS,12732.0,823.0,9.451952327573435,5027.0,336.0,1408.0,1530.0,1785.0,125.0,12732.0,101.856,2019.0,7.0,Turing,1660.0,GTX,3,0,GeForce GTX 1660 SUPER,GeForce GTX 1660 SUPER
56000.0,10.933106969717286,GeForce GTX 1660 SUPER,6.0,GIGABYTE,12732.0,823.0,9.451952327573435,5027.0,336.0,1408.0,1530.0,1785.0,125.0,12732.0,101.856,2019.0,7.0,Turing,1660.0,GTX,3,0,GeForce GTX 1660 SUPER,GeForce GTX 1660 SUPER
52500.0,10.868568448579715,GeForce GTX 1660 SUPER,6.0,ASUS,12732.0,823.0,9.451952327573435,5027.0,336.0,1408.0,1530.0,1785.0,125.0,12732.0,101.856,2019.0,7.0,Turing,1660.0,GTX,3,0,GeForce GTX 1660 SUPER,GeForce GTX 1660 SUPER
49900.0,10.81777628173961,GeForce GTX 1660 SUPER,6.0,NVIDIA,12732.0,823.0,9.451952327573435,5027.0,336.0,1408.0,1530.0,1785.0,125.0,12732.0,101.856,2019.0,7.0,Turing,1660.0,GTX,3,0,GeForce GTX 1660 SUPER,GeForce GTX 1660 SUPER
53000.0,10.87804719253426,GeForce GTX 1660 SUPER,6.0,GALAX,12732.0,823.0,9.451952327573435,5027.0,336.0,1408.0,1530.0,1785.0,125.0,12732.0,101.856,2019.0,7.0,Turing,1660.0,GTX,3,0,GeForce GTX 1660 SUPER,GeForce GTX 1660 SUPER
55000.0,10.915088464214607,GeForce GTX 1660 SUPER,6.0,ASUS,12732.0,823.0,9.451952327573435,5027.0,336.0,1408.0,1530.0,1785.0,125.0,12732.0,101.856,2019.0,7.0,Turing,1660.0,GTX,3,0,GeForce GTX 1660 SUPER,GeForce GTX 1660 SUPER
47500.0,10.768484990022733,GeForce GTX 1660 SUPER,6.0,ZOTAC,12732.0,823.0,9.451952327573435,5027.0,336.0,1408.0,1530.0,1785.0,125.0,12732.0,101.856,2019.0,7.0,Turing,1660.0,GTX,3,0,GeForce GTX 1660 SUPER,GeForce GTX 1660 SUPER
49500.0,10.809727948556782,GeForce GTX 1660 SUPER,6.0,NVIDIA,12732.0,823.0,9.451952327573435,5027.0,336.0,1408.0,1530.0,1785.0,125.0,12732.0,101.856,2019.0,7.0,Turing,1660.0,GTX,3,0,GeForce GTX 1660 SUPER,GeForce GTX 1660 SUPER
55000.0,10.915088464214607,GeForce GTX 1660 SUPER,6.0,MSI,12732.0,823.0,9.451952327573435,5027.0,336.0,1408.0,1530.0,1785.0,125.0,12732.0,101.856,2019.0,7.0,Turing,1660.0,GTX,3,0,GeForce GTX 1660 SUPER,GeForce GTX 1660 SUPER
43000.0,10.668955394675699,GeForce GTX 1660 SUPER,6.0,NVIDIA,12732.0,823.0,9.451952327573435,5027.0,336.0,1408.0,1530.0,1785.0,125.0,12732.0,101.856,2019.0,7.0,Turing,1660.0,GTX,3,0,GeForce GTX 1660 SUPER,GeForce GTX 1660 SUPER
42000.0,10.645424897265505,GeForce GTX 1660 SUPER,6.0,NVIDIA,12732.0,823.0,9.451952327573435,5027.0,336.0,1408.0,1530.0,1785.0,125.0,12732.0,101.856,2019.0,7.0,Turing,1660.0,GTX,3,0,GeForce GTX 1660 SUPER,GeForce GTX 1660 SUPER
52500.0,10.868568448579715,GeForce GTX 1660 Ti,6.0,ASUS,11794.0,702.0,9.375430991841775,5437.0,288.0,1536.0,1500.0,1770.0,120.0,11794.0,98.28333333333333,2019.0,7.0,Turing,1660.0,GTX,3,1,GeForce GTX 1660 Ti,GeForce GTX 1660 Ti
56500.0,10.941995917134532,GeForce GTX 1660 Ti,6.0,GIGABYTE,11794.0,702.0,9.375430991841775,5437.0,288.0,1536.0,1500.0,1770.0,120.0,11794.0,98.28333333333333,2019.0,7.0,Turing,1660.0,GTX,3,1,GeForce GTX 1660 Ti,GeForce GTX 1660 Ti
55000.0,10.915088464214607,GeForce GTX 1660 Ti,6.0,GALAX,11794.0,702.0,9.375430991841775,5437.0,288.0,1536.0,1500.0,1770.0,120.0,11794.0,98.28333333333333,2019.0,7.0,Turing,1660.0,GTX,3,1,GeForce GTX 1660 Ti,GeForce GTX 1660 Ti
59500.0,10.993731591533722,GeForce GTX 1660 Ti,6.0,ZOTAC,11794.0,702.0,9.375430991841775,5437.0,288.0,1536.0,1500.0,1770.0,120.0,11794.0,98.28333333333333,2019.0,7.0,Turing,1660.0,GTX,3,1,GeForce GTX 1660 Ti,GeForce GTX 1660 Ti
52000.0,10.858998997563564,GeForce GTX 1660 Ti,6.0,GIGABYTE,11794.0,702.0,9.375430991841775,5437.0,288.0,1536.0,1500.0,1770.0,120.0,11794.0,98.28333333333333,2019.0,7.0,Turing,1660.0,GTX,3,1,GeForce GTX 1660 Ti,GeForce GTX 1660 Ti
53000.0,10.87804719253426,GeForce GTX 1660 Ti,6.0,GIGABYTE,11794.0,702.0,9.375430991841775,5437.0,288.0,1536.0,1500.0,1770.0,120.0,11794.0,98.28333333333333,2019.0,7.0,Turing,1660.0,GTX,3,1,GeForce GTX 1660 Ti,GeForce GTX 1660 Ti
52500.0,10.868568448579715,GeForce GTX 1660 Ti,6.0,GALAX,11794.0,702.0,9.375430991841775,5437.0,288.0,1536.0,1500.0,1770.0,120.0,11794.0,98.28333333333333,2019.0,7.0,Turing,1660.0,GTX,3,1,GeForce GTX 1660 Ti,GeForce GTX 1660 Ti
55000.0,10.915088464214607,GeForce GTX 1660 Ti,6.0,ASUS,11794.0,702.0,9.375430991841775,5437.0,288.0,1536.0,1500.0,1770.0,120.0,11794.0,98.28333333333333,2019.0,7.0,Turing,1660.0,GTX,3,1,GeForce GTX 1660 Ti,GeForce GTX 1660 Ti
49000.0,10.799575577092764,GeForce GTX 1660 Ti,6.0,ZOTAC,11794.0,702.0,9.375430991841775,5437.0,288.0,1536.0,1500.0,1770.0,120.0,11794.0,98.28333333333333,2019.0,7.0,Turing,1660.0,GTX,3,1,GeForce GTX 1660 Ti,GeForce GTX 1660 Ti
59000.0,10.985292722887856,GeForce GTX 1660 Ti,6.0,MSI,11794.0,702.0,9.375430991841775,5437.0,288.0,1536.0,1500.0,1770.0,120.0,11794.0,98.28333333333333,2019.0,7.0,Turing,1660.0,GTX,3,1,GeForce GTX 1660 Ti,GeForce GTX 1660 Ti
59000.0,10.985292722887856,GeForce GTX 1660 Ti,6.0,ZOTAC,11794.0,702.0,9.375430991841775,5437.0,288.0,1536.0,1500.0,1770.0,120.0,11794.0,98.28333333333333,2019.0,7.0,Turing,1660.0,GTX,3,1,GeForce GTX 1660 Ti,GeForce GTX 1660 Ti
59500.0,10.993731591533722,GeForce GTX 1660 Ti,6.0,ASUS,11794.0,702.0,9.375430991841775,5437.0,288.0,1536.0,1500.0,1770.0,120.0,11794.0,98.28333333333333,2019.0,7.0,Turing,1660.0,GTX,3,1,GeForce GTX 1660 Ti,GeForce GTX 1660 Ti
52000.0,10.858998997563564,GeForce GTX 1660 Ti,6.0,PALIT,11794.0,702.0,9.375430991841775,5437.0,288.0,1536.0,1500.0,1770.0,120.0,11794.0,98.28333333333333,2019.0,7.0,Turing,1660.0,GTX,3,1,GeForce GTX 1660 Ti,GeForce GTX 1660 Ti
61000.0,11.018629143155449,GeForce GTX 1660 Ti,6.0,ASUS,11794.0,702.0,9.375430991841775,5437.0,288.0,1536.0,1500.0,1770.0,120.0,11794.0,98.28333333333333,2019.0,7.0,Turing,1660.0,GTX,3,1,GeForce GTX 1660 Ti,GeForce GTX 1660 Ti
48000.0,10.778956289890028,GeForce GTX 1660 Ti,6.0,GIGABYTE,11794.0,702.0,9.375430991841775,5437.0,288.0,1536.0,1500.0,1770.0,120.0,11794.0,98.28333333333333,2019.0,7.0,Turing,1660.0,GTX,3,1,GeForce GTX 1660 Ti,GeForce GTX 1660 Ti
58500.0,10.976782033219948,GeForce GTX 1660 Ti,6.0,MSI,11794.0,702.0,9.375430991841775,5437.0,288.0,1536.0,1500.0,1770.0,120.0,11794.0,98.28333333333333,2019.0,7.0,Turing,1660.0,GTX,3,1,GeForce GTX 1660 Ti,GeForce GTX 1660 Ti
54000.0,10.896739325546411,GeForce GTX 1660 Ti,6.0,ZOTAC,11794.0,702.0,9.375430991841775,5437.0,288.0,1536.0,1500.0,1770.0,120.0,11794.0,98.28333333333333,2019.0,7.0,Turing,1660.0,GTX,3,1,GeForce GTX 1660 Ti,GeForce GTX 1660 Ti
57500.0,10.959540226785442,GeForce GTX 1660 Ti,6.0,ZOTAC,11794.0,702.0,9.375430991841775,5437.0,288.0,1536.0,1500.0,1770.0,120.0,11794.0,98.28333333333333,2019.0,7.0,Turing,1660.0,GTX,3,1,GeForce GTX 1660 Ti,GeForce GTX 1660 Ti
57500.0,10.959540226785442,GeForce GTX 1660 Ti,6.0,GIGABYTE,11794.0,702.0,9.375430991841775,5437.0,288.0,1536.0,1500.0,1770.0,120.0,11794.0,98.28333333333333,2019.0,7.0,Turing,1660.0,GTX,3,1,GeForce GTX 1660 Ti,GeForce GTX 1660 Ti
58500.0,10.976782033219948,GeForce GTX 1660 Ti,6.0,GIGABYTE,11794.0,702.0,9.375430991841775,5437.0,288.0,1536.0,1500.0,1770.0,120.0,11794.0,98.28333333333333,2019.0,7.0,Turing,1660.0,GTX,3,1,GeForce GTX 1660 Ti,GeForce GTX 1660 Ti
58000.0,10.968198289528557,GeForce GTX 1660 Ti,6.0,GALAX,11794.0,702.0,9.375430991841775,5437.0,288.0,1536.0,1500.0,1770.0,120.0,11794.0,98.28333333333333,2019.0,7.0,Turing,1660.0,GTX,3,1,GeForce GTX 1660 Ti,GeForce GTX 1660 Ti
49000.0,10.799575577092764,GeForce GTX 1660 Ti,6.0,ASUS,11794.0,702.0,9.375430991841775,5437.0,288.0,1536.0,1500.0,1770.0,120.0,11794.0,98.28333333333333,2019.0,7.0,Turing,1660.0,GTX,3,1,GeForce GTX 1660 Ti,GeForce GTX 1660 Ti
58000.0,10.968198289528557,GeForce GTX 1660 Ti,6.0,PALIT,11794.0,702.0,9.375430991841775,5437.0,288.0,1536.0,1500.0,1770.0,120.0,11794.0,98.28333333333333,2019.0,7.0,Turing,1660.0,GTX,3,1,GeForce GTX 1660 Ti,GeForce GTX 1660 Ti
46500.0,10.747207591575448,GeForce GTX 1660 Ti,6.0,GIGABYTE,11794.0,702.0,9.375430991841775,5437.0,288.0,1536.0,1500.0,1770.0,120.0,11794.0,98.28333333333333,2019.0,7.0,Turing,1660.0,GTX,3,1,GeForce GTX 1660 Ti,GeForce GTX 1660 Ti
61500.0,11.02679245379461,GeForce GTX 1660 Ti,6.0,ASUS,11794.0,702.0,9.375430991841775,5437.0,288.0,1536.0,1500.0,1770.0,120.0,11794.0,98.28333333333333,2019.0,7.0,Turing,1660.0,GTX,3,1,GeForce GTX 1660 Ti,GeForce GTX 1660 Ti
55000.0,10.915088464214607,GeForce GTX 1660 Ti,6.0,GIGABYTE,11794.0,702.0,9.375430991841775,5437.0,288.0,1536.0,1500.0,1770.0,120.0,11794.0,98.28333333333333,2019.0,7.0,Turing,1660.0,GTX,3,1,GeForce GTX 1660 Ti,GeForce GTX 1660 Ti
45500.0,10.725467604939041,GeForce GTX 1660 Ti,6.0,GIGABYTE,11794.0,702.0,9.375430991841775,5437.0,288.0,1536.0,1500.0,1770.0,120.0,11794.0,98.28333333333333,2019.0,7.0,Turing,1660.0,GTX,3,1,GeForce GTX 1660 Ti,GeForce GTX 1660 Ti
58000.0,10.968198289528557,GeForce GTX 1660 Ti,6.0,MSI,11794.0,702.0,9.375430991841775,5437.0,288.0,1536.0,1500.0,1770.0,120.0,11794.0,98.28333333333333,2019.0,7.0,Turing,1660.0,GTX,3,1,GeForce GTX 1660 Ti,GeForce GTX 1660 Ti
51500.0,10.849337086651827,GeForce GTX 1660 Ti,6.0,ASUS,11794.0,702.0,9.375430991841775,5437.0,288.0,1536.0,1500.0,1770.0,120.0,11794.0,98.28333333333333,2019.0,7.0,Turing,1660.0,GTX,3,1,GeForce GTX 1660 Ti,GeForce GTX 1660 Ti
57500.0,10.959540226785442,GeForce GTX 1660 Ti,6.0,PALIT,11794.0,702.0,9.375430991841775,5437.0,288.0,1536.0,1500.0,1770.0,120.0,11794.0,98.28333333333333,2019.0,7.0,Turing,1660.0,GTX,3,1,GeForce GTX 1660 Ti,GeForce GTX 1660 Ti
49500.0,10.809727948556782,GeForce GTX 1660 Ti,6.0,ASUS,11794.0,702.0,9.375430991841775,5437.0,288.0,1536.0,1500.0,1770.0,120.0,11794.0,98.28333333333333,2019.0,7.0,Turing,1660.0,GTX,3,1,GeForce GTX 1660 Ti,GeForce GTX 1660 Ti
59000.0,10.985292722887856,GeForce GTX 1660 Ti,6.0,GIGABYTE,11794.0,702.0,9.375430991841775,5437.0,288.0,1536.0,1500.0,1770.0,120.0,11794.0,98.28333333333333,2019.0,7.0,Turing,1660.0,GTX,3,1,GeForce GTX 1660 Ti,GeForce GTX 1660 Ti
57000.0,10.950806546816688,GeForce GTX 1660 Ti,6.0,GIGABYTE,11794.0,702.0,9.375430991841775,5437.0,288.0,1536.0,1500.0,1770.0,120.0,11794.0,98.28333333333333,2019.0,7.0,Turing,1660.0,GTX,3,1,GeForce GTX 1660 Ti,GeForce GTX 1660 Ti
47000.0,10.757902880692196,GeForce GTX 1660 Ti,6.0,GIGABYTE,11794.0,702.0,9.375430991841775,5437.0,288.0,1536.0,1500.0,1770.0,120.0,11794.0,98.28333333333333,2019.0,7.0,Turing,1660.0,GTX,3,1,GeForce GTX 1660 Ti,GeForce GTX 1660 Ti
50000.0,10.819778284410283,GeForce GTX 1660 Ti,6.0,GIGABYTE,11794.0,702.0,9.375430991841775,5437.0,288.0,1536.0,1500.0,1770.0,120.0,11794.0,98.28333333333333,2019.0,7.0,Turing,1660.0,GTX,3,1,GeForce GTX 1660 Ti,GeForce GTX 1660 Ti
47000.0,10.757902880692196,GeForce GTX 1660 Ti,6.0,GALAX,11794.0,702.0,9.375430991841775,5437.0,288.0,1536.0,1500.0,1770.0,120.0,11794.0,98.28333333333333,2019.0,7.0,Turing,1660.0,GTX,3,1,GeForce GTX 1660 Ti,GeForce GTX 1660 Ti
50000.0,10.819778284410283,GeForce GTX 1660 Ti,6.0,ASUS,11794.0,702.0,9.375430991841775,5437.0,288.0,1536.0,1500.0,1770.0,120.0,11794.0,98.28333333333333,2019.0,7.0,Turing,1660.0,GTX,3,1,GeForce GTX 1660 Ti,GeForce GTX 1660 Ti
56500.0,10.941995917134532,GeForce GTX 1660 Ti,6.0,GALAX,11794.0,702.0,9.375430991841775,5437.0,288.0,1536.0,1500.0,1770.0,120.0,11794.0,98.28333333333333,2019.0,7.0,Turing,1660.0,GTX,3,1,GeForce GTX 1660 Ti,GeForce GTX 1660 Ti
55500.0,10.924138299734526,GeForce GTX 1660 Ti,6.0,ASUS,11794.0,702.0,9.375430991841775,5437.0,288.0,1536.0,1500.0,1770.0,120.0,11794.0,98.28333333333333,2019.0,7.0,Turing,1660.0,GTX,3,1,GeForce GTX 1660 Ti,GeForce GTX 1660 Ti
58000.0,10.968198289528557,GeForce GTX 1660 Ti,6.0,ZOTAC,11794.0,702.0,9.375430991841775,5437.0,288.0,1536.0,1500.0,1770.0,120.0,11794.0,98.28333333333333,2019.0,7.0,Turing,1660.0,GTX,3,1,GeForce GTX 1660 Ti,GeForce GTX 1660 Ti
56000.0,10.933106969717286,GeForce GTX 1660 Ti,6.0,MSI,11794.0,702.0,9.375430991841775,5437.0,288.0,1536.0,1500.0,1770.0,120.0,11794.0,98.28333333333333,2019.0,7.0,Turing,1660.0,GTX,3,1,GeForce GTX 1660 Ti,GeForce GTX 1660 Ti
49500.0,10.809727948556782,GeForce GTX 1660 Ti,6.0,ZOTAC,11794.0,702.0,9.375430991841775,5437.0,288.0,1536.0,1500.0,1770.0,120.0,11794.0,98.28333333333333,2019.0,7.0,Turing,1660.0,GTX,3,1,GeForce GTX 1660 Ti,GeForce GTX 1660 Ti
52500.0,10.868568448579715,GeForce GTX 1660 Ti,6.0,ZOTAC,11794.0,702.0,9.375430991841775,5437.0,288.0,1536.0,1500.0,1770.0,120.0,11794.0,98.28333333333333,2019.0,7.0,Turing,1660.0,GTX,3,1,GeForce GTX 1660 Ti,GeForce GTX 1660 Ti
48500.0,10.789319076925574,GeForce GTX 1660 Ti,6.0,MSI,11794.0,702.0,9.375430991841775,5437.0,288.0,1536.0,1500.0,1770.0,120.0,11794.0,98.28333333333333,2019.0,7.0,Turing,1660.0,GTX,3,1,GeForce GTX 1660 Ti,GeForce GTX 1660 Ti
53000.0,10.87804719253426,GeForce GTX 1660 Ti,6.0,ZOTAC,11794.0,702.0,9.375430991841775,5437.0,288.0,1536.0,1500.0,1770.0,120.0,11794.0,98.28333333333333,2019.0,7.0,Turing,1660.0,GTX,3,1,GeForce GTX 1660 Ti,GeForce GTX 1660 Ti
54500.0,10.905955980651335,GeForce GTX 1660 Ti,6.0,MSI,11794.0,702.0,9.375430991841775,5437.0,288.0,1536.0,1500.0,1770.0,120.0,11794.0,98.28333333333333,2019.0,7.0,Turing,1660.0,GTX,3,1,GeForce GTX 1660 Ti,GeForce GTX 1660 Ti
55000.0,10.915088464214607,GeForce GTX 1660 Ti,6.0,ZOTAC,11794.0,702.0,9.375430991841775,5437.0,288.0,1536.0,1500.0,1770.0,120.0,11794.0,98.28333333333333,2019.0,7.0,Turing,1660.0,GTX,3,1,GeForce GTX 1660 Ti,GeForce GTX 1660 Ti
55000.0,10.915088464214607,GeForce GTX 1660 Ti,6.0,MSI,11794.0,702.0,9.375430991841775,5437.0,288.0,1536.0,1500.0,1770.0,120.0,11794.0,98.28333333333333,2019.0,7.0,Turing,1660.0,GTX,3,1,GeForce GTX 1660 Ti,GeForce GTX 1660 Ti
53000.0,10.87804719253426,GeForce GTX 1660 Ti,6.0,PALIT,11794.0,702.0,9.375430991841775,5437.0,288.0,1536.0,1500.0,1770.0,120.0,11794.0,98.28333333333333,2019.0,7.0,Turing,1660.0,GTX,3,1,GeForce GTX 1660 Ti,GeForce GTX 1660 Ti
58000.0,10.968198289528557,GeForce GTX 1660 Ti,6.0,ASUS,11794.0,702.0,9.375430991841775,5437.0,288.0,1536.0,1500.0,1770.0,120.0,11794.0,98.28333333333333,2019.0,7.0,Turing,1660.0,GTX,3,1,GeForce GTX 1660 Ti,GeForce GTX 1660 Ti
47000.0,10.757902880692196,GeForce GTX 1660 Ti,6.0,NVIDIA,11794.0,702.0,9.375430991841775,5437.0,288.0,1536.0,1500.0,1770.0,120.0,11794.0,98.28333333333333,2019.0,7.0,Turing,1660.0,GTX,3,1,GeForce GTX 1660 Ti,GeForce GTX 1660 Ti
49500.0,10.809727948556782,GeForce GTX 1660 Ti,6.0,EVGA,11794.0,702.0,9.375430991841775,5437.0,288.0,1536.0,1500.0,1770.0,120.0,11794.0,98.28333333333333,2019.0,7.0,Turing,1660.0,GTX,3,1,GeForce GTX 1660 Ti,GeForce GTX 1660 Ti
58500.0,10.976782033219948,GeForce GTX 1660 Ti,6.0,ASUS,11794.0,702.0,9.375430991841775,5437.0,288.0,1536.0,1500.0,1770.0,120.0,11794.0,98.28333333333333,2019.0,7.0,Turing,1660.0,GTX,3,1,GeForce GTX 1660 Ti,GeForce GTX 1660 Ti
7000.0,8.85366542803745,GeForce GTX 550 Ti,1.0,ZOTAC,1557.0,363.0,7.351158226430694,691.2,98.5,192.0,,,116.0,1557.0,13.422413793103448,2011.0,15.0,Fermi 2.0,550.0,GTX,1,1,GeForce GTX 550 Ti,GeForce GTX 550 Ti
7000.0,8.85366542803745,GeForce GTX 550 Ti,1.0,MSI,1557.0,363.0,7.351158226430694,691.2,98.5,192.0,,,116.0,1557.0,13.422413793103448,2011.0,15.0,Fermi 2.0,550.0,GTX,1,1,GeForce GTX 550 Ti,GeForce GTX 550 Ti
7000.0,8.85366542803745,GeForce GTX 550 Ti,1.0,ASUS,1557.0,363.0,7.351158226430694,691.2,98.5,192.0,,,116.0,1557.0,13.422413793103448,2011.0,15.0,Fermi 2.0,550.0,GTX,1,1,GeForce GTX 550 Ti,GeForce GTX 550 Ti
6500.0,8.779557455883728,GeForce GTX 550 Ti,1.0,GIGABYTE,1557.0,363.0,7.351158226430694,691.2,98.5,192.0,,,116.0,1557.0,13.422413793103448,2011.0,15.0,Fermi 2.0,550.0,GTX,1,1,GeForce GTX 550 Ti,GeForce GTX 550 Ti
7500.0,8.922658299524402,GeForce GTX 550 Ti,1.0,GIGABYTE,1557.0,363.0,7.351158226430694,691.2,98.5,192.0,,,116.0,1557.0,13.422413793103448,2011.0,15.0,Fermi 2.0,550.0,GTX,1,1,GeForce GTX 550 Ti,GeForce GTX 550 Ti
7500.0,8.922658299524402,GeForce GTX 550 Ti,1.0,ASUS,1557.0,363.0,7.351158226430694,691.2,98.5,192.0,,,116.0,1557.0,13.422413793103448,2011.0,15.0,Fermi 2.0,550.0,GTX,1,1,GeForce GTX 550 Ti,GeForce GTX 550 Ti
7000.0,8.85366542803745,GeForce GTX 550 Ti,1.0,GIGABYTE,1557.0,363.0,7.351158226430694,691.2,98.5,192.0,,,116.0,1557.0,13.422413793103448,2011.0,15.0,Fermi 2.0,550.0,GTX,1,1,GeForce GTX 550 Ti,GeForce GTX 550 Ti
6500.0,8.779557455883728,GeForce GTX 550 Ti,1.0,ASUS,1557.0,363.0,7.351158226430694,691.2,98.5,192.0,,,116.0,1557.0,13.422413793103448,2011.0,15.0,Fermi 2.0,550.0,GTX,1,1,GeForce GTX 550 Ti,GeForce GTX 550 Ti
6000.0,8.699514748210191,GeForce GTX 550 Ti,1.0,ZOTAC,1557.0,363.0,7.351158226430694,691.2,98.5,192.0,,,116.0,1557.0,13.422413793103448,2011.0,15.0,Fermi 2.0,550.0,GTX,1,1,GeForce GTX 550 Ti,GeForce GTX 550 Ti
6500.0,8.779557455883728,GeForce GTX 550 Ti,1.0,MSI,1557.0,363.0,7.351158226430694,691.2,98.5,192.0,,,116.0,1557.0,13.422413793103448,2011.0,15.0,Fermi 2.0,550.0,GTX,1,1,GeForce GTX 550 Ti,GeForce GTX 550 Ti
7500.0,8.922658299524402,GeForce GTX 550 Ti,1.0,PALIT,1557.0,363.0,7.351158226430694,691.2,98.5,192.0,,,116.0,1557.0,13.422413793103448,2011.0,15.0,Fermi 2.0,550.0,GTX,1,1,GeForce GTX 550 Ti,GeForce GTX 550 Ti
6500.0,8.779557455883728,GeForce GTX 550 Ti,1.0,PALIT,1557.0,363.0,7.351158226430694,691.2,98.5,192.0,,,116.0,1557.0,13.422413793103448,2011.0,15.0,Fermi 2.0,550.0,GTX,1,1,GeForce GTX 550 Ti,GeForce GTX 550 Ti
7500.0,8.922658299524402,GeForce GTX 550 Ti,1.0,GALAX,1557.0,363.0,7.351158226430694,691.2,98.5,192.0,,,116.0,1557.0,13.422413793103448,2011.0,15.0,Fermi 2.0,550.0,GTX,1,1,GeForce GTX 550 Ti,GeForce GTX 550 Ti
6500.0,8.779557455883728,GeForce GTX 550 Ti,1.0,ZOTAC,1557.0,363.0,7.351158226430694,691.2,98.5,192.0,,,116.0,1557.0,13.422413793103448,2011.0,15.0,Fermi 2.0,550.0,GTX,1,1,GeForce GTX 550 Ti,GeForce GTX 550 Ti
6000.0,8.699514748210191,GeForce GTX 550 Ti,1.0,ASUS,1557.0,363.0,7.351158226430694,691.2,98.5,192.0,,,116.0,1557.0,13.422413793103448,2011.0,15.0,Fermi 2.0,550.0,GTX,1,1,GeForce GTX 550 Ti,GeForce GTX 550 Ti
8000.0,8.987196820661973,GeForce GTX 550 Ti,1.0,PALIT,1557.0,363.0,7.351158226430694,691.2,98.5,192.0,,,116.0,1557.0,13.422413793103448,2011.0,15.0,Fermi 2.0,550.0,GTX,1,1,GeForce GTX 550 Ti,GeForce GTX 550 Ti
7500.0,8.922658299524402,GeForce GTX 550 Ti,1.0,ZOTAC,1557.0,363.0,7.351158226430694,691.2,98.5,192.0,,,116.0,1557.0,13.422413793103448,2011.0,15.0,Fermi 2.0,550.0,GTX,1,1,GeForce GTX 550 Ti,GeForce GTX 550 Ti
7500.0,8.922658299524402,GeForce GTX 550 Ti,1.0,MSI,1557.0,363.0,7.351158226430694,691.2,98.5,192.0,,,116.0,1557.0,13.422413793103448,2011.0,15.0,Fermi 2.0,550.0,GTX,1,1,GeForce GTX 550 Ti,GeForce GTX 550 Ti
8000.0,8.987196820661973,GeForce GTX 550 Ti,2.0,NVIDIA,1557.0,363.0,7.351158226430694,691.2,98.5,192.0,,,116.0,1557.0,13.422413793103448,2011.0,15.0,Fermi 2.0,550.0,GTX,1,1,GeForce GTX 550 Ti,GeForce GTX 550 Ti
6500.0,8.779557455883728,GeForce GTX 550 Ti,5.0,NVIDIA,1557.0,363.0,7.351158226430694,691.2,98.5,192.0,,,116.0,1557.0,13.422413793103448,2011.0,15.0,Fermi 2.0,550.0,GTX,1,1,GeForce GTX 550 Ti,GeForce GTX 550 Ti
6500.0,8.779557455883728,GeForce GTX 550 Ti,1.0,NVIDIA,1557.0,363.0,7.351158226430694,691.2,98.5,192.0,,,116.0,1557.0,13.422413793103448,2011.0,15.0,Fermi 2.0,550.0,GTX,1,1,GeForce GTX 550 Ti,GeForce GTX 550 Ti
6000.0,8.699514748210191,GeForce GTX 550 Ti,1.0,NVIDIA,1557.0,363.0,7.351158226430694,691.2,98.5,192.0,,,116.0,1557.0,13.422413793103448,2011.0,15.0,Fermi 2.0,550.0,GTX,1,1,GeForce GTX 550 Ti,GeForce GTX 550 Ti
7500.0,8.922658299524402,GeForce GTX 550 Ti,5.0,NVIDIA,1557.0,363.0,7.351158226430694,691.2,98.5,192.0,,,116.0,1557.0,13.422413793103448,2011.0,15.0,Fermi 2.0,550.0,GTX,1,1,GeForce GTX 550 Ti,GeForce GTX 550 Ti
5000.0,8.517193191416238,GeForce GTX 550 Ti,1.0,NVIDIA,1557.0,363.0,7.351158226430694,691.2,98.5,192.0,,,116.0,1557.0,13.422413793103448,2011.0,15.0,Fermi 2.0,550.0,GTX,1,1,GeForce GTX 550 Ti,GeForce GTX 550 Ti
5900.0,8.68270762989381,GeForce GTX 550 Ti,1.0,NVIDIA,1557.0,363.0,7.351158226430694,691.2,98.5,192.0,,,116.0,1557.0,13.422413793103448,2011.0,15.0,Fermi 2.0,550.0,GTX,1,1,GeForce GTX 550 Ti,GeForce GTX 550 Ti
5000.0,8.517193191416238,GeForce GTX 560,1.0,NVIDIA,2711.0,418.0,7.905441649060286,1088.6,128.0,336.0,,,150.0,2711.0,18.073333333333334,2011.0,15.0,Fermi 2.0,560.0,GTX,1,0,GeForce GTX 560,GeForce GTX 560
5400.0,8.594154232552366,GeForce GTX 560,1.0,NVIDIA,2711.0,418.0,7.905441649060286,1088.6,128.0,336.0,,,150.0,2711.0,18.073333333333334,2011.0,15.0,Fermi 2.0,560.0,GTX,1,0,GeForce GTX 560,GeForce GTX 560
6000.0,8.699514748210191,GeForce GTX 560,1.0,EMTEK,2711.0,418.0,7.905441649060286,1088.6,128.0,336.0,,,150.0,2711.0,18.073333333333334,2011.0,15.0,Fermi 2.0,560.0,GTX,1,0,GeForce GTX 560,GeForce GTX 560
4250.0,8.354674261918463,GeForce GTX 560,8.0,NVIDIA,2711.0,418.0,7.905441649060286,1088.6,128.0,336.0,,,150.0,2711.0,18.073333333333334,2011.0,15.0,Fermi 2.0,560.0,GTX,1,0,GeForce GTX 560,GeForce GTX 560
6000.0,8.699514748210191,GeForce GTX 560,1.0,GIGABYTE,2711.0,418.0,7.905441649060286,1088.6,128.0,336.0,,,150.0,2711.0,18.073333333333334,2011.0,15.0,Fermi 2.0,560.0,GTX,1,0,GeForce GTX 560,GeForce GTX 560
7600.0,8.935903526274423,GeForce GTX 560 Ti,1.0,NVIDIA,3056.0,416.0,8.025189321890835,1263.4,128.3,384.0,,,170.0,3056.0,17.976470588235294,2011.0,15.0,Fermi 2.0,560.0,GTX,1,1,GeForce GTX 560 Ti,GeForce GTX 560 Ti
5500.0,8.612503371220562,GeForce GTX 560 Ti,1.0,NVIDIA,3056.0,416.0,8.025189321890835,1263.4,128.3,384.0,,,170.0,3056.0,17.976470588235294,2011.0,15.0,Fermi 2.0,560.0,GTX,1,1,GeForce GTX 560 Ti,GeForce GTX 560 Ti
6500.0,8.779557455883728,GeForce GTX 650,2.0,GIGABYTE,1769.0,346.0,7.478734825567875,812.5,80.0,384.0,,,65.0,1769.0,27.215384615384615,2012.0,14.0,Kepler,650.0,GTX,1,0,GeForce GTX 650,GeForce GTX 650
7000.0,8.85366542803745,GeForce GTX 650,1.0,MSI,1769.0,346.0,7.478734825567875,812.5,80.0,384.0,,,65.0,1769.0,27.215384615384615,2012.0,14.0,Kepler,650.0,GTX,1,0,GeForce GTX 650,GeForce GTX 650
8000.0,8.987196820661973,GeForce GTX 650,2.0,ASUS,1769.0,346.0,7.478734825567875,812.5,80.0,384.0,,,65.0,1769.0,27.215384615384615,2012.0,14.0,Kepler,650.0,GTX,1,0,GeForce GTX 650,GeForce GTX 650
7500.0,8.922658299524402,GeForce GTX 650,1.0,ASUS,1769.0,346.0,7.478734825567875,812.5,80.0,384.0,,,65.0,1769.0,27.215384615384615,2012.0,14.0,Kepler,650.0,GTX,1,0,GeForce GTX 650,GeForce GTX 650
8000.0,8.987196820661973,GeForce GTX 650,1.0,GIGABYTE,1769.0,346.0,7.478734825567875,812.5,80.0,384.0,,,65.0,1769.0,27.215384615384615,2012.0,14.0,Kepler,650.0,GTX,1,0,GeForce GTX 650,GeForce GTX 650
8500.0,9.047821442478408,GeForce GTX 650,2.0,MSI,1769.0,346.0,7.478734825567875,812.5,80.0,384.0,,,65.0,1769.0,27.215384615384615,2012.0,14.0,Kepler,650.0,GTX,1,0,GeForce GTX 650,GeForce GTX 650
7000.0,8.85366542803745,GeForce GTX 650,2.0,ZOTAC,1769.0,346.0,7.478734825567875,812.5,80.0,384.0,,,65.0,1769.0,27.215384615384615,2012.0,14.0,Kepler,650.0,GTX,1,0,GeForce GTX 650,GeForce GTX 650
7000.0,8.85366542803745,GeForce GTX 650,1.0,GIGABYTE,1769.0,346.0,7.478734825567875,812.5,80.0,384.0,,,65.0,1769.0,27.215384615384615,2012.0,14.0,Kepler,650.0,GTX,1,0,GeForce GTX 650,GeForce GTX 650
6500.0,8.779557455883728,GeForce GTX 650,1.0,ASUS,1769.0,346.0,7.478734825567875,812.5,80.0,384.0,,,65.0,1769.0,27.215384615384615,2012.0,14.0,Kepler,650.0,GTX,1,0,GeForce GTX 650,GeForce GTX 650
8000.0,8.987196820661973,GeForce GTX 650,1.0,ZOTAC,1769.0,346.0,7.478734825567875,812.5,80.0,384.0,,,65.0,1769.0,27.215384615384615,2012.0,14.0,Kepler,650.0,GTX,1,0,GeForce GTX 650,GeForce GTX 650
6500.0,8.779557455883728,GeForce GTX 650,1.0,PALIT,1769.0,346.0,7.478734825567875,812.5,80.0,384.0,,,65.0,1769.0,27.215384615384615,2012.0,14.0,Kepler,650.0,GTX,1,0,GeForce GTX 650,GeForce GTX 650
7500.0,8.922658299524402,GeForce GTX 650,1.0,GIGABYTE,1769.0,346.0,7.478734825567875,812.5,80.0,384.0,,,65.0,1769.0,27.215384615384615,2012.0,14.0,Kepler,650.0,GTX,1,0,GeForce GTX 650,GeForce GTX 650
7000.0,8.85366542803745,GeForce GTX 650,1.0,ASUS,1769.0,346.0,7.478734825567875,812.5,80.0,384.0,,,65.0,1769.0,27.215384615384615,2012.0,14.0,Kepler,650.0,GTX,1,0,GeForce GTX 650,GeForce GTX 650
6500.0,8.779557455883728,GeForce GTX 650,2.0,ASUS,1769.0,346.0,7.478734825567875,812.5,80.0,384.0,,,65.0,1769.0,27.215384615384615,2012.0,14.0,Kepler,650.0,GTX,1,0,GeForce GTX 650,GeForce GTX 650
7000.0,8.85366542803745,GeForce GTX 650,2.0,ASUS,1769.0,346.0,7.478734825567875,812.5,80.0,384.0,,,65.0,1769.0,27.215384615384615,2012.0,14.0,Kepler,650.0,GTX,1,0,GeForce GTX 650,GeForce GTX 650
7500.0,8.922658299524402,GeForce GTX 650,2.0,ZOTAC,1769.0,346.0,7.478734825567875,812.5,80.0,384.0,,,65.0,1769.0,27.215384615384615,2012.0,14.0,Kepler,650.0,GTX,1,0,GeForce GTX 650,GeForce GTX 650
8500.0,9.047821442478408,GeForce GTX 650,1.0,MSI,1769.0,346.0,7.478734825567875,812.5,80.0,384.0,,,65.0,1769.0,27.215384615384615,2012.0,14.0,Kepler,650.0,GTX,1,0,GeForce GTX 650,GeForce GTX 650
7000.0,8.85366542803745,GeForce GTX 650,2.0,GALAX,1769.0,346.0,7.478734825567875,812.5,80.0,384.0,,,65.0,1769.0,27.215384615384615,2012.0,14.0,Kepler,650.0,GTX,1,0,GeForce GTX 650,GeForce GTX 650
8500.0,9.047821442478408,GeForce GTX 650,2.0,GIGABYTE,1769.0,346.0,7.478734825567875,812.5,80.0,384.0,,,65.0,1769.0,27.215384615384615,2012.0,14.0,Kepler,650.0,GTX,1,0,GeForce GTX 650,GeForce GTX 650
6500.0,8.779557455883728,GeForce GTX 650,1.0,ZOTAC,1769.0,346.0,7.478734825567875,812.5,80.0,384.0,,,65.0,1769.0,27.215384615384615,2012.0,14.0,Kepler,650.0,GTX,1,0,GeForce GTX 650,GeForce GTX 650
8000.0,8.987196820661973,GeForce GTX 650,1.0,MSI,1769.0,346.0,7.478734825567875,812.5,80.0,384.0,,,65.0,1769.0,27.215384615384615,2012.0,14.0,Kepler,650.0,GTX,1,0,GeForce GTX 650,GeForce GTX 650
7000.0,8.85366542803745,GeForce GTX 650,2.0,PALIT,1769.0,346.0,7.478734825567875,812.5,80.0,384.0,,,65.0,1769.0,27.215384615384615,2012.0,14.0,Kepler,650.0,GTX,1,0,GeForce GTX 650,GeForce GTX 650
8500.0,9.047821442478408,GeForce GTX 650,1.0,GIGABYTE,1769.0,346.0,7.478734825567875,812.5,80.0,384.0,,,65.0,1769.0,27.215384615384615,2012.0,14.0,Kepler,650.0,GTX,1,0,GeForce GTX 650,GeForce GTX 650
8500.0,9.047821442478408,GeForce GTX 650,1.0,ASUS,1769.0,346.0,7.478734825567875,812.5,80.0,384.0,,,65.0,1769.0,27.215384615384615,2012.0,14.0,Kepler,650.0,GTX,1,0,GeForce GTX 650,GeForce GTX 650
7000.0,8.85366542803745,GeForce GTX 650,2.0,MSI,1769.0,346.0,7.478734825567875,812.5,80.0,384.0,,,65.0,1769.0,27.215384615384615,2012.0,14.0,Kepler,650.0,GTX,1,0,GeForce GTX 650,GeForce GTX 650
6900.0,8.83927669058535,GeForce GTX 650,1.0,NVIDIA,1769.0,346.0,7.478734825567875,812.5,80.0,384.0,,,65.0,1769.0,27.215384615384615,2012.0,14.0,Kepler,650.0,GTX,1,0,GeForce GTX 650,GeForce GTX 650
6500.0,8.779557455883728,GeForce GTX 650,1.0,NVIDIA,1769.0,346.0,7.478734825567875,812.5,80.0,384.0,,,65.0,1769.0,27.215384615384615,2012.0,14.0,Kepler,650.0,GTX,1,0,GeForce GTX 650,GeForce GTX 650
7900.0,8.974618038455112,GeForce GTX 650,1.0,MSI,1769.0,346.0,7.478734825567875,812.5,80.0,384.0,,,65.0,1769.0,27.215384615384615,2012.0,14.0,Kepler,650.0,GTX,1,0,GeForce GTX 650,GeForce GTX 650
6900.0,8.83927669058535,GeForce GTX 650,1.0,EMTEK,1769.0,346.0,7.478734825567875,812.5,80.0,384.0,,,65.0,1769.0,27.215384615384615,2012.0,14.0,Kepler,650.0,GTX,1,0,GeForce GTX 650,GeForce GTX 650
6900.0,8.83927669058535,GeForce GTX 650,1.0,ZOTAC,1769.0,346.0,7.478734825567875,812.5,80.0,384.0,,,65.0,1769.0,27.215384615384615,2012.0,14.0,Kepler,650.0,GTX,1,0,GeForce GTX 650,GeForce GTX 650
6900.0,8.83927669058535,GeForce GTX 650,1.0,GIGABYTE,1769.0,346.0,7.478734825567875,812.5,80.0,384.0,,,65.0,1769.0,27.215384615384615,2012.0,14.0,Kepler,650.0,GTX,1,0,GeForce GTX 650,GeForce GTX 650
8000.0,8.987196820661973,GeForce GTX 650 Ti,1.0,MSI,2527.0,400.0,7.8351837552667485,1425.4,86.4,768.0,,,110.0,2527.0,22.972727272727273,2012.0,14.0,Kepler,650.0,GTX,1,1,GeForce GTX 650 Ti,GeForce GTX 650 Ti
9000.0,9.104979856318357,GeForce GTX 650 Ti,1.0,ASUS,2527.0,400.0,7.8351837552667485,1425.4,86.4,768.0,,,110.0,2527.0,22.972727272727273,2012.0,14.0,Kepler,650.0,GTX,1,1,GeForce GTX 650 Ti,GeForce GTX 650 Ti
8500.0,9.047821442478408,GeForce GTX 650 Ti,2.0,GIGABYTE,2527.0,400.0,7.8351837552667485,1425.4,86.4,768.0,,,110.0,2527.0,22.972727272727273,2012.0,14.0,Kepler,650.0,GTX,1,1,GeForce GTX 650 Ti,GeForce GTX 650 Ti
8500.0,9.047821442478408,GeForce GTX 650 Ti,1.0,GIGABYTE,2527.0,400.0,7.8351837552667485,1425.4,86.4,768.0,,,110.0,2527.0,22.972727272727273,2012.0,14.0,Kepler,650.0,GTX,1,1,GeForce GTX 650 Ti,GeForce GTX 650 Ti
8000.0,8.987196820661973,GeForce GTX 650 Ti,1.0,ZOTAC,2527.0,400.0,7.8351837552667485,1425.4,86.4,768.0,,,110.0,2527.0,22.972727272727273,2012.0,14.0,Kepler,650.0,GTX,1,1,GeForce GTX 650 Ti,GeForce GTX 650 Ti
7500.0,8.922658299524402,GeForce GTX 650 Ti,2.0,ASUS,2527.0,400.0,7.8351837552667485,1425.4,86.4,768.0,,,110.0,2527.0,22.972727272727273,2012.0,14.0,Kepler,650.0,GTX,1,1,GeForce GTX 650 Ti,GeForce GTX 650 Ti
9000.0,9.104979856318357,GeForce GTX 650 Ti,2.0,GIGABYTE,2527.0,400.0,7.8351837552667485,1425.4,86.4,768.0,,,110.0,2527.0,22.972727272727273,2012.0,14.0,Kepler,650.0,GTX,1,1,GeForce GTX 650 Ti,GeForce GTX 650 Ti
7500.0,8.922658299524402,GeForce GTX 650 Ti,1.0,ZOTAC,2527.0,400.0,7.8351837552667485,1425.4,86.4,768.0,,,110.0,2527.0,22.972727272727273,2012.0,14.0,Kepler,650.0,GTX,1,1,GeForce GTX 650 Ti,GeForce GTX 650 Ti
7500.0,8.922658299524402,GeForce GTX 650 Ti,2.0,ZOTAC,2527.0,400.0,7.8351837552667485,1425.4,86.4,768.0,,,110.0,2527.0,22.972727272727273,2012.0,14.0,Kepler,650.0,GTX,1,1,GeForce GTX 650 Ti,GeForce GTX 650 Ti
7000.0,8.85366542803745,GeForce GTX 650 Ti,1.0,MSI,2527.0,400.0,7.8351837552667485,1425.4,86.4,768.0,,,110.0,2527.0,22.972727272727273,2012.0,14.0,Kepler,650.0,GTX,1,1,GeForce GTX 650 Ti,GeForce GTX 650 Ti
8000.0,8.987196820661973,GeForce GTX 650 Ti,1.0,GIGABYTE,2527.0,400.0,7.8351837552667485,1425.4,86.4,768.0,,,110.0,2527.0,22.972727272727273,2012.0,14.0,Kepler,650.0,GTX,1,1,GeForce GTX 650 Ti,GeForce GTX 650 Ti
9000.0,9.104979856318357,GeForce GTX 650 Ti,1.0,ZOTAC,2527.0,400.0,7.8351837552667485,1425.4,86.4,768.0,,,110.0,2527.0,22.972727272727273,2012.0,14.0,Kepler,650.0,GTX,1,1,GeForce GTX 650 Ti,GeForce GTX 650 Ti
9500.0,9.159047077588632,GeForce GTX 650 Ti,2.0,ASUS,2527.0,400.0,7.8351837552667485,1425.4,86.4,768.0,,,110.0,2527.0,22.972727272727273,2012.0,14.0,Kepler,650.0,GTX,1,1,GeForce GTX 650 Ti,GeForce GTX 650 Ti
7000.0,8.85366542803745,GeForce GTX 650 Ti,1.0,GIGABYTE,2527.0,400.0,7.8351837552667485,1425.4,86.4,768.0,,,110.0,2527.0,22.972727272727273,2012.0,14.0,Kepler,650.0,GTX,1,1,GeForce GTX 650 Ti,GeForce GTX 650 Ti
9500.0,9.159047077588632,GeForce GTX 650 Ti,1.0,ASUS,2527.0,400.0,7.8351837552667485,1425.4,86.4,768.0,,,110.0,2527.0,22.972727272727273,2012.0,14.0,Kepler,650.0,GTX,1,1,GeForce GTX 650 Ti,GeForce GTX 650 Ti
9500.0,9.159047077588632,GeForce GTX 650 Ti,2.0,ZOTAC,2527.0,400.0,7.8351837552667485,1425.4,86.4,768.0,,,110.0,2527.0,22.972727272727273,2012.0,14.0,Kepler,650.0,GTX,1,1,GeForce GTX 650 Ti,GeForce GTX 650 Ti
8500.0,9.047821442478408,GeForce GTX 650 Ti,2.0,MSI,2527.0,400.0,7.8351837552667485,1425.4,86.4,768.0,,,110.0,2527.0,22.972727272727273,2012.0,14.0,Kepler,650.0,GTX,1,1,GeForce GTX 650 Ti,GeForce GTX 650 Ti
9500.0,9.159047077588632,GeForce GTX 650 Ti,2.0,MSI,2527.0,400.0,7.8351837552667485,1425.4,86.4,768.0,,,110.0,2527.0,22.972727272727273,2012.0,14.0,Kepler,650.0,GTX,1,1,GeForce GTX 650 Ti,GeForce GTX 650 Ti
8500.0,9.047821442478408,GeForce GTX 650 Ti,1.0,MSI,2527.0,400.0,7.8351837552667485,1425.4,86.4,768.0,,,110.0,2527.0,22.972727272727273,2012.0,14.0,Kepler,650.0,GTX,1,1,GeForce GTX 650 Ti,GeForce GTX 650 Ti
9000.0,9.104979856318357,GeForce GTX 650 Ti,1.0,GIGABYTE,2527.0,400.0,7.8351837552667485,1425.4,86.4,768.0,,,110.0,2527.0,22.972727272727273,2012.0,14.0,Kepler,650.0,GTX,1,1,GeForce GTX 650 Ti,GeForce GTX 650 Ti
8000.0,8.987196820661973,GeForce GTX 650 Ti,2.0,ZOTAC,2527.0,400.0,7.8351837552667485,1425.4,86.4,768.0,,,110.0,2527.0,22.972727272727273,2012.0,14.0,Kepler,650.0,GTX,1,1,GeForce GTX 650 Ti,GeForce GTX 650 Ti
9500.0,9.159047077588632,GeForce GTX 650 Ti,1.0,GALAX,2527.0,400.0,7.8351837552667485,1425.4,86.4,768.0,,,110.0,2527.0,22.972727272727273,2012.0,14.0,Kepler,650.0,GTX,1,1,GeForce GTX 650 Ti,GeForce GTX 650 Ti
7000.0,8.85366542803745,GeForce GTX 650 Ti,2.0,ZOTAC,2527.0,400.0,7.8351837552667485,1425.4,86.4,768.0,,,110.0,2527.0,22.972727272727273,2012.0,14.0,Kepler,650.0,GTX,1,1,GeForce GTX 650 Ti,GeForce GTX 650 Ti
9000.0,9.104979856318357,GeForce GTX 650 Ti,1.0,GALAX,2527.0,400.0,7.8351837552667485,1425.4,86.4,768.0,,,110.0,2527.0,22.972727272727273,2012.0,14.0,Kepler,650.0,GTX,1,1,GeForce GTX 650 Ti,GeForce GTX 650 Ti
8500.0,9.047821442478408,GeForce GTX 650 Ti,1.0,ASUS,2527.0,400.0,7.8351837552667485,1425.4,86.4,768.0,,,110.0,2527.0,22.972727272727273,2012.0,14.0,Kepler,650.0,GTX,1,1,GeForce GTX 650 Ti,GeForce GTX 650 Ti
8000.0,8.987196820661973,GeForce GTX 650 Ti,2.0,PALIT,2527.0,400.0,7.8351837552667485,1425.4,86.4,768.0,,,110.0,2527.0,22.972727272727273,2012.0,14.0,Kepler,650.0,GTX,1,1,GeForce GTX 650 Ti,GeForce GTX 650 Ti
9000.0,9.104979856318357,GeForce GTX 650 Ti,2.0,PALIT,2527.0,400.0,7.8351837552667485,1425.4,86.4,768.0,,,110.0,2527.0,22.972727272727273,2012.0,14.0,Kepler,650.0,GTX,1,1,GeForce GTX 650 Ti,GeForce GTX 650 Ti
8000.0,8.987196820661973,GeForce GTX 650 Ti,2.0,MSI,2527.0,400.0,7.8351837552667485,1425.4,86.4,768.0,,,110.0,2527.0,22.972727272727273,2012.0,14.0,Kepler,650.0,GTX,1,1,GeForce GTX 650 Ti,GeForce GTX 650 Ti
9000.0,9.104979856318357,GeForce GTX 650 Ti,2.0,ASUS,2527.0,400.0,7.8351837552667485,1425.4,86.4,768.0,,,110.0,2527.0,22.972727272727273,2012.0,14.0,Kepler,650.0,GTX,1,1,GeForce GTX 650 Ti,GeForce GTX 650 Ti
8500.0,9.047821442478408,GeForce GTX 650 Ti,2.0,ZOTAC,2527.0,400.0,7.8351837552667485,1425.4,86.4,768.0,,,110.0,2527.0,22.972727272727273,2012.0,14.0,Kepler,650.0,GTX,1,1,GeForce GTX 650 Ti,GeForce GTX 650 Ti
9000.0,9.104979856318357,GeForce GTX 650 Ti,2.0,ZOTAC,2527.0,400.0,7.8351837552667485,1425.4,86.4,768.0,,,110.0,2527.0,22.972727272727273,2012.0,14.0,Kepler,650.0,GTX,1,1,GeForce GTX 650 Ti,GeForce GTX 650 Ti
7500.0,8.922658299524402,GeForce GTX 650 Ti,2.0,GALAX,2527.0,400.0,7.8351837552667485,1425.4,86.4,768.0,,,110.0,2527.0,22.972727272727273,2012.0,14.0,Kepler,650.0,GTX,1,1,GeForce GTX 650 Ti,GeForce GTX 650 Ti
7900.0,8.974618038455112,GeForce GTX 650 Ti,1.0,NVIDIA,2527.0,400.0,7.8351837552667485,1425.4,86.4,768.0,,,110.0,2527.0,22.972727272727273,2012.0,14.0,Kepler,650.0,GTX,1,1,GeForce GTX 650 Ti,GeForce GTX 650 Ti
7500.0,8.922658299524402,GeForce GTX 650 Ti,1.0,NVIDIA,2527.0,400.0,7.8351837552667485,1425.4,86.4,768.0,,,110.0,2527.0,22.972727272727273,2012.0,14.0,Kepler,650.0,GTX,1,1,GeForce GTX 650 Ti,GeForce GTX 650 Ti
10500.0,9.259130536145614,GeForce GTX 660,0.5,ZOTAC,4004.0,476.0,8.29529885950246,1981.0,144.2,960.0,980.0,1032.0,140.0,4004.0,28.6,2012.0,14.0,Kepler,660.0,GTX,1,0,GeForce GTX 660,GeForce GTX 660
11500.0,9.350102314351341,GeForce GTX 660,0.5,MSI,4004.0,476.0,8.29529885950246,1981.0,144.2,960.0,980.0,1032.0,140.0,4004.0,28.6,2012.0,14.0,Kepler,660.0,GTX,1,0,GeForce GTX 660,GeForce GTX 660
13000.0,9.472704636443673,GeForce GTX 660,1.5,GALAX,4004.0,476.0,8.29529885950246,1981.0,144.2,960.0,980.0,1032.0,140.0,4004.0,28.6,2012.0,14.0,Kepler,660.0,GTX,1,0,GeForce GTX 660,GeForce GTX 660
13000.0,9.472704636443673,GeForce GTX 660,1.5,GIGABYTE,4004.0,476.0,8.29529885950246,1981.0,144.2,960.0,980.0,1032.0,140.0,4004.0,28.6,2012.0,14.0,Kepler,660.0,GTX,1,0,GeForce GTX 660,GeForce GTX 660
12500.0,9.433483923290392,GeForce GTX 660,0.5,GIGABYTE,4004.0,476.0,8.29529885950246,1981.0,144.2,960.0,980.0,1032.0,140.0,4004.0,28.6,2012.0,14.0,Kepler,660.0,GTX,1,0,GeForce GTX 660,GeForce GTX 660
11500.0,9.350102314351341,GeForce GTX 660,1.5,GIGABYTE,4004.0,476.0,8.29529885950246,1981.0,144.2,960.0,980.0,1032.0,140.0,4004.0,28.6,2012.0,14.0,Kepler,660.0,GTX,1,0,GeForce GTX 660,GeForce GTX 660
11500.0,9.350102314351341,GeForce GTX 660,1.5,ZOTAC,4004.0,476.0,8.29529885950246,1981.0,144.2,960.0,980.0,1032.0,140.0,4004.0,28.6,2012.0,14.0,Kepler,660.0,GTX,1,0,GeForce GTX 660,GeForce GTX 660
10500.0,9.259130536145614,GeForce GTX 660,0.5,GIGABYTE,4004.0,476.0,8.29529885950246,1981.0,144.2,960.0,980.0,1032.0,140.0,4004.0,28.6,2012.0,14.0,Kepler,660.0,GTX,1,0,GeForce GTX 660,GeForce GTX 660
13500.0,9.51044496442652,GeForce GTX 660,1.5,GIGABYTE,4004.0,476.0,8.29529885950246,1981.0,144.2,960.0,980.0,1032.0,140.0,4004.0,28.6,2012.0,14.0,Kepler,660.0,GTX,1,0,GeForce GTX 660,GeForce GTX 660
11500.0,9.350102314351341,GeForce GTX 660,0.5,ASUS,4004.0,476.0,8.29529885950246,1981.0,144.2,960.0,980.0,1032.0,140.0,4004.0,28.6,2012.0,14.0,Kepler,660.0,GTX,1,0,GeForce GTX 660,GeForce GTX 660
12000.0,9.392661928770137,GeForce GTX 660,2.0,GALAX,4004.0,476.0,8.29529885950246,1981.0,144.2,960.0,980.0,1032.0,140.0,4004.0,28.6,2012.0,14.0,Kepler,660.0,GTX,1,0,GeForce GTX 660,GeForce GTX 660
12500.0,9.433483923290392,GeForce GTX 660,1.5,ASUS,4004.0,476.0,8.29529885950246,1981.0,144.2,960.0,980.0,1032.0,140.0,4004.0,28.6,2012.0,14.0,Kepler,660.0,GTX,1,0,GeForce GTX 660,GeForce GTX 660
13500.0,9.51044496442652,GeForce GTX 660,2.0,GIGABYTE,4004.0,476.0,8.29529885950246,1981.0,144.2,960.0,980.0,1032.0,140.0,4004.0,28.6,2012.0,14.0,Kepler,660.0,GTX,1,0,GeForce GTX 660,GeForce GTX 660
12500.0,9.433483923290392,GeForce GTX 660,0.5,MSI,4004.0,476.0,8.29529885950246,1981.0,144.2,960.0,980.0,1032.0,140.0,4004.0,28.6,2012.0,14.0,Kepler,660.0,GTX,1,0,GeForce GTX 660,GeForce GTX 660
11500.0,9.350102314351341,GeForce GTX 660,0.5,ZOTAC,4004.0,476.0,8.29529885950246,1981.0,144.2,960.0,980.0,1032.0,140.0,4004.0,28.6,2012.0,14.0,Kepler,660.0,GTX,1,0,GeForce GTX 660,GeForce GTX 660
12500.0,9.433483923290392,GeForce GTX 660,1.5,GALAX,4004.0,476.0,8.29529885950246,1981.0,144.2,960.0,980.0,1032.0,140.0,4004.0,28.6,2012.0,14.0,Kepler,660.0,GTX,1,0,GeForce GTX 660,GeForce GTX 660
11500.0,9.350102314351341,GeForce GTX 660,1.5,PALIT,4004.0,476.0,8.29529885950246,1981.0,144.2,960.0,980.0,1032.0,140.0,4004.0,28.6,2012.0,14.0,Kepler,660.0,GTX,1,0,GeForce GTX 660,GeForce GTX 660
13000.0,9.472704636443673,GeForce GTX 660,1.5,MSI,4004.0,476.0,8.29529885950246,1981.0,144.2,960.0,980.0,1032.0,140.0,4004.0,28.6,2012.0,14.0,Kepler,660.0,GTX,1,0,GeForce GTX 660,GeForce GTX 660
13000.0,9.472704636443673,GeForce GTX 660,0.5,MSI,4004.0,476.0,8.29529885950246,1981.0,144.2,960.0,980.0,1032.0,140.0,4004.0,28.6,2012.0,14.0,Kepler,660.0,GTX,1,0,GeForce GTX 660,GeForce GTX 660
10500.0,9.259130536145614,GeForce GTX 660,2.0,GIGABYTE,4004.0,476.0,8.29529885950246,1981.0,144.2,960.0,980.0,1032.0,140.0,4004.0,28.6,2012.0,14.0,Kepler,660.0,GTX,1,0,GeForce GTX 660,GeForce GTX 660
10500.0,9.259130536145614,GeForce GTX 660,2.0,MSI,4004.0,476.0,8.29529885950246,1981.0,144.2,960.0,980.0,1032.0,140.0,4004.0,28.6,2012.0,14.0,Kepler,660.0,GTX,1,0,GeForce GTX 660,GeForce GTX 660
12000.0,9.392661928770137,GeForce GTX 660,0.5,ASUS,4004.0,476.0,8.29529885950246,1981.0,144.2,960.0,980.0,1032.0,140.0,4004.0,28.6,2012.0,14.0,Kepler,660.0,GTX,1,0,GeForce GTX 660,GeForce GTX 660
11000.0,9.305650551780507,GeForce GTX 660,2.0,MSI,4004.0,476.0,8.29529885950246,1981.0,144.2,960.0,980.0,1032.0,140.0,4004.0,28.6,2012.0,14.0,Kepler,660.0,GTX,1,0,GeForce GTX 660,GeForce GTX 660
12000.0,9.392661928770137,GeForce GTX 660,0.5,MSI,4004.0,476.0,8.29529885950246,1981.0,144.2,960.0,980.0,1032.0,140.0,4004.0,28.6,2012.0,14.0,Kepler,660.0,GTX,1,0,GeForce GTX 660,GeForce GTX 660
11500.0,9.350102314351341,GeForce GTX 660,2.0,ZOTAC,4004.0,476.0,8.29529885950246,1981.0,144.2,960.0,980.0,1032.0,140.0,4004.0,28.6,2012.0,14.0,Kepler,660.0,GTX,1,0,GeForce GTX 660,GeForce GTX 660
11500.0,9.350102314351341,GeForce GTX 660,2.0,GIGABYTE,4004.0,476.0,8.29529885950246,1981.0,144.2,960.0,980.0,1032.0,140.0,4004.0,28.6,2012.0,14.0,Kepler,660.0,GTX,1,0,GeForce GTX 660,GeForce GTX 660
11500.0,9.350102314351341,GeForce GTX 660,0.5,PALIT,4004.0,476.0,8.29529885950246,1981.0,144.2,960.0,980.0,1032.0,140.0,4004.0,28.6,2012.0,14.0,Kepler,660.0,GTX,1,0,GeForce GTX 660,GeForce GTX 660
11500.0,9.350102314351341,GeForce GTX 660,0.5,GIGABYTE,4004.0,476.0,8.29529885950246,1981.0,144.2,960.0,980.0,1032.0,140.0,4004.0,28.6,2012.0,14.0,Kepler,660.0,GTX,1,0,GeForce GTX 660,GeForce GTX 660
13000.0,9.472704636443673,GeForce GTX 660,1.5,ASUS,4004.0,476.0,8.29529885950246,1981.0,144.2,960.0,980.0,1032.0,140.0,4004.0,28.6,2012.0,14.0,Kepler,660.0,GTX,1,0,GeForce GTX 660,GeForce GTX 660
11000.0,9.305650551780507,GeForce GTX 660,2.0,GALAX,4004.0,476.0,8.29529885950246,1981.0,144.2,960.0,980.0,1032.0,140.0,4004.0,28.6,2012.0,14.0,Kepler,660.0,GTX,1,0,GeForce GTX 660,GeForce GTX 660
11500.0,9.350102314351341,GeForce GTX 660,2.0,MSI,4004.0,476.0,8.29529885950246,1981.0,144.2,960.0,980.0,1032.0,140.0,4004.0,28.6,2012.0,14.0,Kepler,660.0,GTX,1,0,GeForce GTX 660,GeForce GTX 660
10500.0,9.259130536145614,GeForce GTX 660,2.0,PALIT,4004.0,476.0,8.29529885950246,1981.0,144.2,960.0,980.0,1032.0,140.0,4004.0,28.6,2012.0,14.0,Kepler,660.0,GTX,1,0,GeForce GTX 660,GeForce GTX 660
11000.0,9.305650551780507,GeForce GTX 660,1.5,ZOTAC,4004.0,476.0,8.29529885950246,1981.0,144.2,960.0,980.0,1032.0,140.0,4004.0,28.6,2012.0,14.0,Kepler,660.0,GTX,1,0,GeForce GTX 660,GeForce GTX 660
11000.0,9.305650551780507,GeForce GTX 660,0.5,ZOTAC,4004.0,476.0,8.29529885950246,1981.0,144.2,960.0,980.0,1032.0,140.0,4004.0,28.6,2012.0,14.0,Kepler,660.0,GTX,1,0,GeForce GTX 660,GeForce GTX 660
10000.0,9.210340371976184,GeForce GTX 660,0.5,ZOTAC,4004.0,476.0,8.29529885950246,1981.0,144.2,960.0,980.0,1032.0,140.0,4004.0,28.6,2012.0,14.0,Kepler,660.0,GTX,1,0,GeForce GTX 660,GeForce GTX 660
12000.0,9.392661928770137,GeForce GTX 660,0.5,GIGABYTE,4004.0,476.0,8.29529885950246,1981.0,144.2,960.0,980.0,1032.0,140.0,4004.0,28.6,2012.0,14.0,Kepler,660.0,GTX,1,0,GeForce GTX 660,GeForce GTX 660
13500.0,9.51044496442652,GeForce GTX 660,2.0,GALAX,4004.0,476.0,8.29529885950246,1981.0,144.2,960.0,980.0,1032.0,140.0,4004.0,28.6,2012.0,14.0,Kepler,660.0,GTX,1,0,GeForce GTX 660,GeForce GTX 660
10500.0,9.259130536145614,GeForce GTX 660,1.5,MSI,4004.0,476.0,8.29529885950246,1981.0,144.2,960.0,980.0,1032.0,140.0,4004.0,28.6,2012.0,14.0,Kepler,660.0,GTX,1,0,GeForce GTX 660,GeForce GTX 660
12500.0,9.433483923290392,GeForce GTX 660,1.5,GIGABYTE,4004.0,476.0,8.29529885950246,1981.0,144.2,960.0,980.0,1032.0,140.0,4004.0,28.6,2012.0,14.0,Kepler,660.0,GTX,1,0,GeForce GTX 660,GeForce GTX 660
11000.0,9.305650551780507,GeForce GTX 660,1.5,MSI,4004.0,476.0,8.29529885950246,1981.0,144.2,960.0,980.0,1032.0,140.0,4004.0,28.6,2012.0,14.0,Kepler,660.0,GTX,1,0,GeForce GTX 660,GeForce GTX 660
12000.0,9.392661928770137,GeForce GTX 660,2.0,NVIDIA,4004.0,476.0,8.29529885950246,1981.0,144.2,960.0,980.0,1032.0,140.0,4004.0,28.6,2012.0,14.0,Kepler,660.0,GTX,1,0,GeForce GTX 660,GeForce GTX 660
12900.0,9.464982590349763,GeForce GTX 660,2.0,GIGABYTE,4004.0,476.0,8.29529885950246,1981.0,144.2,960.0,980.0,1032.0,140.0,4004.0,28.6,2012.0,14.0,Kepler,660.0,GTX,1,0,GeForce GTX 660,GeForce GTX 660
10000.0,9.210340371976184,GeForce GTX 660,2.0,NVIDIA,4004.0,476.0,8.29529885950246,1981.0,144.2,960.0,980.0,1032.0,140.0,4004.0,28.6,2012.0,14.0,Kepler,660.0,GTX,1,0,GeForce GTX 660,GeForce GTX 660
11990.0,9.39182824802156,GeForce GTX 660,2.0,NVIDIA,4004.0,476.0,8.29529885950246,1981.0,144.2,960.0,980.0,1032.0,140.0,4004.0,28.6,2012.0,14.0,Kepler,660.0,GTX,1,0,GeForce GTX 660,GeForce GTX 660
10500.0,9.259130536145614,GeForce GTX 660,2.0,NVIDIA,4004.0,476.0,8.29529885950246,1981.0,144.2,960.0,980.0,1032.0,140.0,4004.0,28.6,2012.0,14.0,Kepler,660.0,GTX,1,0,GeForce GTX 660,GeForce GTX 660
13500.0,9.51044496442652,GeForce GTX 660,2.0,NVIDIA,4004.0,476.0,8.29529885950246,1981.0,144.2,960.0,980.0,1032.0,140.0,4004.0,28.6,2012.0,14.0,Kepler,660.0,GTX,1,0,GeForce GTX 660,GeForce GTX 660
11000.0,9.305650551780507,GeForce GTX 660,2.0,NVIDIA,4004.0,476.0,8.29529885950246,1981.0,144.2,960.0,980.0,1032.0,140.0,4004.0,28.6,2012.0,14.0,Kepler,660.0,GTX,1,0,GeForce GTX 660,GeForce GTX 660
8500.0,9.047821442478408,GeForce GTX 660,2.0,NVIDIA,4004.0,476.0,8.29529885950246,1981.0,144.2,960.0,980.0,1032.0,140.0,4004.0,28.6,2012.0,14.0,Kepler,660.0,GTX,1,0,GeForce GTX 660,GeForce GTX 660
14000.0,9.546812608597396,GeForce GTX 660,2.0,NVIDIA,4004.0,476.0,8.29529885950246,1981.0,144.2,960.0,980.0,1032.0,140.0,4004.0,28.6,2012.0,14.0,Kepler,660.0,GTX,1,0,GeForce GTX 660,GeForce GTX 660
13450.0,9.506734385029985,GeForce GTX 660,2.0,NVIDIA,4004.0,476.0,8.29529885950246,1981.0,144.2,960.0,980.0,1032.0,140.0,4004.0,28.6,2012.0,14.0,Kepler,660.0,GTX,1,0,GeForce GTX 660,GeForce GTX 660
11590.0,9.357897936333798,GeForce GTX 660,2.0,NVIDIA,4004.0,476.0,8.29529885950246,1981.0,144.2,960.0,980.0,1032.0,140.0,4004.0,28.6,2012.0,14.0,Kepler,660.0,GTX,1,0,GeForce GTX 660,GeForce GTX 660
9500.0,9.159047077588632,GeForce GTX 660,5.0,NVIDIA,4004.0,476.0,8.29529885950246,1981.0,144.2,960.0,980.0,1032.0,140.0,4004.0,28.6,2012.0,14.0,Kepler,660.0,GTX,1,0,GeForce GTX 660,GeForce GTX 660
12900.0,9.464982590349763,GeForce GTX 660,2.0,GALAX,4004.0,476.0,8.29529885950246,1981.0,144.2,960.0,980.0,1032.0,140.0,4004.0,28.6,2012.0,14.0,Kepler,660.0,GTX,1,0,GeForce GTX 660,GeForce GTX 660
13500.0,9.51044496442652,GeForce GTX 660,2.0,ASUS,4004.0,476.0,8.29529885950246,1981.0,144.2,960.0,980.0,1032.0,140.0,4004.0,28.6,2012.0,14.0,Kepler,660.0,GTX,1,0,GeForce GTX 660,GeForce GTX 660
9000.0,9.104979856318357,GeForce GTX 660,2.0,NVIDIA,4004.0,476.0,8.29529885950246,1981.0,144.2,960.0,980.0,1032.0,140.0,4004.0,28.6,2012.0,14.0,Kepler,660.0,GTX,1,0,GeForce GTX 660,GeForce GTX 660
11500.0,9.350102314351341,GeForce GTX 660,2.0,NVIDIA,4004.0,476.0,8.29529885950246,1981.0,144.2,960.0,980.0,1032.0,140.0,4004.0,28.6,2012.0,14.0,Kepler,660.0,GTX,1,0,GeForce GTX 660,GeForce GTX 660
13500.0,9.51044496442652,GeForce GTX 660,2.0,ZOTAC,4004.0,476.0,8.29529885950246,1981.0,144.2,960.0,980.0,1032.0,140.0,4004.0,28.6,2012.0,14.0,Kepler,660.0,GTX,1,0,GeForce GTX 660,GeForce GTX 660
12750.0,9.453286550586572,GeForce GTX 660,2.0,NVIDIA,4004.0,476.0,8.29529885950246,1981.0,144.2,960.0,980.0,1032.0,140.0,4004.0,28.6,2012.0,14.0,Kepler,660.0,GTX,1,0,GeForce GTX 660,GeForce GTX 660
12900.0,9.464982590349763,GeForce GTX 660,2.0,ZOTAC,4004.0,476.0,8.29529885950246,1981.0,144.2,960.0,980.0,1032.0,140.0,4004.0,28.6,2012.0,14.0,Kepler,660.0,GTX,1,0,GeForce GTX 660,GeForce GTX 660
12900.0,9.464982590349763,GeForce GTX 660,2.0,MSI,4004.0,476.0,8.29529885950246,1981.0,144.2,960.0,980.0,1032.0,140.0,4004.0,28.6,2012.0,14.0,Kepler,660.0,GTX,1,0,GeForce GTX 660,GeForce GTX 660
14500.0,9.581903928408666,GeForce GTX 660,2.0,NVIDIA,4004.0,476.0,8.29529885950246,1981.0,144.2,960.0,980.0,1032.0,140.0,4004.0,28.6,2012.0,14.0,Kepler,660.0,GTX,1,0,GeForce GTX 660,GeForce GTX 660
12900.0,9.464982590349763,GeForce GTX 660,2.0,NVIDIA,4004.0,476.0,8.29529885950246,1981.0,144.2,960.0,980.0,1032.0,140.0,4004.0,28.6,2012.0,14.0,Kepler,660.0,GTX,1,0,GeForce GTX 660,GeForce GTX 660
10000.0,9.210340371976184,GeForce GTX 660,2.0,MSI,4004.0,476.0,8.29529885950246,1981.0,144.2,960.0,980.0,1032.0,140.0,4004.0,28.6,2012.0,14.0,Kepler,660.0,GTX,1,0,GeForce GTX 660,GeForce GTX 660
10000.0,9.210340371976184,GeForce GTX 660,3.0,NVIDIA,4004.0,476.0,8.29529885950246,1981.0,144.2,960.0,980.0,1032.0,140.0,4004.0,28.6,2012.0,14.0,Kepler,660.0,GTX,1,0,GeForce GTX 660,GeForce GTX 660
12800.0,9.457200449907708,GeForce GTX 660,2.0,NVIDIA,4004.0,476.0,8.29529885950246,1981.0,144.2,960.0,980.0,1032.0,140.0,4004.0,28.6,2012.0,14.0,Kepler,660.0,GTX,1,0,GeForce GTX 660,GeForce GTX 660
14750.0,9.598998361767967,GeForce GTX 660,2.0,NVIDIA,4004.0,476.0,8.29529885950246,1981.0,144.2,960.0,980.0,1032.0,140.0,4004.0,28.6,2012.0,14.0,Kepler,660.0,GTX,1,0,GeForce GTX 660,GeForce GTX 660
6500.0,8.779557455883728,GeForce GTX 660 Ti,2.0,MSI,4367.0,449.0,8.38206051742474,2634.0,144.2,1344.0,915.0,980.0,150.0,4367.0,29.113333333333333,2012.0,14.0,Kepler,660.0,GTX,1,1,GeForce GTX 660 Ti,GeForce GTX 660 Ti
5000.0,8.517193191416238,GeForce GTX 660 Ti,2.0,ASUS,4367.0,449.0,8.38206051742474,2634.0,144.2,1344.0,915.0,980.0,150.0,4367.0,29.113333333333333,2012.0,14.0,Kepler,660.0,GTX,1,1,GeForce GTX 660 Ti,GeForce GTX 660 Ti
6000.0,8.699514748210191,GeForce GTX 660 Ti,2.0,ASUS,4367.0,449.0,8.38206051742474,2634.0,144.2,1344.0,915.0,980.0,150.0,4367.0,29.113333333333333,2012.0,14.0,Kepler,660.0,GTX,1,1,GeForce GTX 660 Ti,GeForce GTX 660 Ti
6500.0,8.779557455883728,GeForce GTX 660 Ti,2.0,PALIT,4367.0,449.0,8.38206051742474,2634.0,144.2,1344.0,915.0,980.0,150.0,4367.0,29.113333333333333,2012.0,14.0,Kepler,660.0,GTX,1,1,GeForce GTX 660 Ti,GeForce GTX 660 Ti
5500.0,8.612503371220562,GeForce GTX 660 Ti,2.0,ZOTAC,4367.0,449.0,8.38206051742474,2634.0,144.2,1344.0,915.0,980.0,150.0,4367.0,29.113333333333333,2012.0,14.0,Kepler,660.0,GTX,1,1,GeForce GTX 660 Ti,GeForce GTX 660 Ti
7000.0,8.85366542803745,GeForce GTX 660 Ti,2.0,ZOTAC,4367.0,449.0,8.38206051742474,2634.0,144.2,1344.0,915.0,980.0,150.0,4367.0,29.113333333333333,2012.0,14.0,Kepler,660.0,GTX,1,1,GeForce GTX 660 Ti,GeForce GTX 660 Ti
5000.0,8.517193191416238,GeForce GTX 660 Ti,2.0,MSI,4367.0,449.0,8.38206051742474,2634.0,144.2,1344.0,915.0,980.0,150.0,4367.0,29.113333333333333,2012.0,14.0,Kepler,660.0,GTX,1,1,GeForce GTX 660 Ti,GeForce GTX 660 Ti
6000.0,8.699514748210191,GeForce GTX 660 Ti,2.0,ZOTAC,4367.0,449.0,8.38206051742474,2634.0,144.2,1344.0,915.0,980.0,150.0,4367.0,29.113333333333333,2012.0,14.0,Kepler,660.0,GTX,1,1,GeForce GTX 660 Ti,GeForce GTX 660 Ti
7000.0,8.85366542803745,GeForce GTX 660 Ti,2.0,GIGABYTE,4367.0,449.0,8.38206051742474,2634.0,144.2,1344.0,915.0,980.0,150.0,4367.0,29.113333333333333,2012.0,14.0,Kepler,660.0,GTX,1,1,GeForce GTX 660 Ti,GeForce GTX 660 Ti
6000.0,8.699514748210191,GeForce GTX 660 Ti,2.0,MSI,4367.0,449.0,8.38206051742474,2634.0,144.2,1344.0,915.0,980.0,150.0,4367.0,29.113333333333333,2012.0,14.0,Kepler,660.0,GTX,1,1,GeForce GTX 660 Ti,GeForce GTX 660 Ti
5500.0,8.612503371220562,GeForce GTX 660 Ti,2.0,GIGABYTE,4367.0,449.0,8.38206051742474,2634.0,144.2,1344.0,915.0,980.0,150.0,4367.0,29.113333333333333,2012.0,14.0,Kepler,660.0,GTX,1,1,GeForce GTX 660 Ti,GeForce GTX 660 Ti
6000.0,8.699514748210191,GeForce GTX 660 Ti,2.0,GIGABYTE,4367.0,449.0,8.38206051742474,2634.0,144.2,1344.0,915.0,980.0,150.0,4367.0,29.113333333333333,2012.0,14.0,Kepler,660.0,GTX,1,1,GeForce GTX 660 Ti,GeForce GTX 660 Ti
7000.0,8.85366542803745,GeForce GTX 660 Ti,2.0,ASUS,4367.0,449.0,8.38206051742474,2634.0,144.2,1344.0,915.0,980.0,150.0,4367.0,29.113333333333333,2012.0,14.0,Kepler,660.0,GTX,1,1,GeForce GTX 660 Ti,GeForce GTX 660 Ti
7000.0,8.85366542803745,GeForce GTX 660 Ti,2.0,MSI,4367.0,449.0,8.38206051742474,2634.0,144.2,1344.0,915.0,980.0,150.0,4367.0,29.113333333333333,2012.0,14.0,Kepler,660.0,GTX,1,1,GeForce GTX 660 Ti,GeForce GTX 660 Ti
6000.0,8.699514748210191,GeForce GTX 660 Ti,2.0,PALIT,4367.0,449.0,8.38206051742474,2634.0,144.2,1344.0,915.0,980.0,150.0,4367.0,29.113333333333333,2012.0,14.0,Kepler,660.0,GTX,1,1,GeForce GTX 660 Ti,GeForce GTX 660 Ti
6500.0,8.779557455883728,GeForce GTX 660 Ti,2.0,ZOTAC,4367.0,449.0,8.38206051742474,2634.0,144.2,1344.0,915.0,980.0,150.0,4367.0,29.113333333333333,2012.0,14.0,Kepler,660.0,GTX,1,1,GeForce GTX 660 Ti,GeForce GTX 660 Ti
5500.0,8.612503371220562,GeForce GTX 660 Ti,2.0,ASUS,4367.0,449.0,8.38206051742474,2634.0,144.2,1344.0,915.0,980.0,150.0,4367.0,29.113333333333333,2012.0,14.0,Kepler,660.0,GTX,1,1,GeForce GTX 660 Ti,GeForce GTX 660 Ti
5000.0,8.517193191416238,GeForce GTX 660 Ti,2.0,GIGABYTE,4367.0,449.0,8.38206051742474,2634.0,144.2,1344.0,915.0,980.0,150.0,4367.0,29.113333333333333,2012.0,14.0,Kepler,660.0,GTX,1,1,GeForce GTX 660 Ti,GeForce GTX 660 Ti
6500.0,8.779557455883728,GeForce GTX 660 Ti,2.0,ASUS,4367.0,449.0,8.38206051742474,2634.0,144.2,1344.0,915.0,980.0,150.0,4367.0,29.113333333333333,2012.0,14.0,Kepler,660.0,GTX,1,1,GeForce GTX 660 Ti,GeForce GTX 660 Ti
5000.0,8.517193191416238,GeForce GTX 660 Ti,2.0,PALIT,4367.0,449.0,8.38206051742474,2634.0,144.2,1344.0,915.0,980.0,150.0,4367.0,29.113333333333333,2012.0,14.0,Kepler,660.0,GTX,1,1,GeForce GTX 660 Ti,GeForce GTX 660 Ti
15500.0,9.648595302907339,GeForce GTX 670,2.0,NVIDIA,5304.0,523.0,8.576405051048084,2634.0,192.3,1344.0,915.0,980.0,170.0,5304.0,31.2,2012.0,14.0,Kepler,670.0,GTX,1,0,GeForce GTX 670,GeForce GTX 670
14000.0,9.546812608597396,GeForce GTX 670,2.0,NVIDIA,5304.0,523.0,8.576405051048084,2634.0,192.3,1344.0,915.0,980.0,170.0,5304.0,31.2,2012.0,14.0,Kepler,670.0,GTX,1,0,GeForce GTX 670,GeForce GTX 670
14000.0,9.546812608597396,GeForce GTX 680,2.0,INNO3D,5535.0,528.0,8.619027497297505,3250.0,192.3,1536.0,1006.0,1058.0,195.0,5535.0,28.384615384615383,2012.0,14.0,Kepler,680.0,GTX,1,0,GeForce GTX 680,GeForce GTX 680
9500.0,9.159047077588632,GeForce GTX 750,2.0,GIGABYTE,3399.0,480.0,8.131530710604252,1111.0,80.19,512.0,1020.0,1085.0,55.0,3399.0,61.8,2014.0,12.0,Maxwell,750.0,GTX,1,0,GeForce GTX 750,GeForce GTX 750
11500.0,9.350102314351341,GeForce GTX 750,1.0,PALIT,3399.0,480.0,8.131530710604252,1111.0,80.19,512.0,1020.0,1085.0,55.0,3399.0,61.8,2014.0,12.0,Maxwell,750.0,GTX,1,0,GeForce GTX 750,GeForce GTX 750
9500.0,9.159047077588632,GeForce GTX 750,2.0,ZOTAC,3399.0,480.0,8.131530710604252,1111.0,80.19,512.0,1020.0,1085.0,55.0,3399.0,61.8,2014.0,12.0,Maxwell,750.0,GTX,1,0,GeForce GTX 750,GeForce GTX 750
9500.0,9.159047077588632,GeForce GTX 750,2.0,ASUS,3399.0,480.0,8.131530710604252,1111.0,80.19,512.0,1020.0,1085.0,55.0,3399.0,61.8,2014.0,12.0,Maxwell,750.0,GTX,1,0,GeForce GTX 750,GeForce GTX 750
11000.0,9.305650551780507,GeForce GTX 750,1.0,ZOTAC,3399.0,480.0,8.131530710604252,1111.0,80.19,512.0,1020.0,1085.0,55.0,3399.0,61.8,2014.0,12.0,Maxwell,750.0,GTX,1,0,GeForce GTX 750,GeForce GTX 750
12000.0,9.392661928770137,GeForce GTX 750,2.0,ZOTAC,3399.0,480.0,8.131530710604252,1111.0,80.19,512.0,1020.0,1085.0,55.0,3399.0,61.8,2014.0,12.0,Maxwell,750.0,GTX,1,0,GeForce GTX 750,GeForce GTX 750
10000.0,9.210340371976184,GeForce GTX 750,1.0,GIGABYTE,3399.0,480.0,8.131530710604252,1111.0,80.19,512.0,1020.0,1085.0,55.0,3399.0,61.8,2014.0,12.0,Maxwell,750.0,GTX,1,0,GeForce GTX 750,GeForce GTX 750
11000.0,9.305650551780507,GeForce GTX 750,1.0,MSI,3399.0,480.0,8.131530710604252,1111.0,80.19,512.0,1020.0,1085.0,55.0,3399.0,61.8,2014.0,12.0,Maxwell,750.0,GTX,1,0,GeForce GTX 750,GeForce GTX 750
11500.0,9.350102314351341,GeForce GTX 750,2.0,MSI,3399.0,480.0,8.131530710604252,1111.0,80.19,512.0,1020.0,1085.0,55.0,3399.0,61.8,2014.0,12.0,Maxwell,750.0,GTX,1,0,GeForce GTX 750,GeForce GTX 750
11000.0,9.305650551780507,GeForce GTX 750,2.0,MSI,3399.0,480.0,8.131530710604252,1111.0,80.19,512.0,1020.0,1085.0,55.0,3399.0,61.8,2014.0,12.0,Maxwell,750.0,GTX,1,0,GeForce GTX 750,GeForce GTX 750
9500.0,9.159047077588632,GeForce GTX 750,1.0,GALAX,3399.0,480.0,8.131530710604252,1111.0,80.19,512.0,1020.0,1085.0,55.0,3399.0,61.8,2014.0,12.0,Maxwell,750.0,GTX,1,0,GeForce GTX 750,GeForce GTX 750
10000.0,9.210340371976184,GeForce GTX 750,1.0,GALAX,3399.0,480.0,8.131530710604252,1111.0,80.19,512.0,1020.0,1085.0,55.0,3399.0,61.8,2014.0,12.0,Maxwell,750.0,GTX,1,0,GeForce GTX 750,GeForce GTX 750
10500.0,9.259130536145614,GeForce GTX 750,2.0,GALAX,3399.0,480.0,8.131530710604252,1111.0,80.19,512.0,1020.0,1085.0,55.0,3399.0,61.8,2014.0,12.0,Maxwell,750.0,GTX,1,0,GeForce GTX 750,GeForce GTX 750
10000.0,9.210340371976184,GeForce GTX 750,1.0,ZOTAC,3399.0,480.0,8.131530710604252,1111.0,80.19,512.0,1020.0,1085.0,55.0,3399.0,61.8,2014.0,12.0,Maxwell,750.0,GTX,1,0,GeForce GTX 750,GeForce GTX 750
9500.0,9.159047077588632,GeForce GTX 750,1.0,ZOTAC,3399.0,480.0,8.131530710604252,1111.0,80.19,512.0,1020.0,1085.0,55.0,3399.0,61.8,2014.0,12.0,Maxwell,750.0,GTX,1,0,GeForce GTX 750,GeForce GTX 750
12000.0,9.392661928770137,GeForce GTX 750,1.0,ASUS,3399.0,480.0,8.131530710604252,1111.0,80.19,512.0,1020.0,1085.0,55.0,3399.0,61.8,2014.0,12.0,Maxwell,750.0,GTX,1,0,GeForce GTX 750,GeForce GTX 750
9000.0,9.104979856318357,GeForce GTX 750,1.0,GALAX,3399.0,480.0,8.131530710604252,1111.0,80.19,512.0,1020.0,1085.0,55.0,3399.0,61.8,2014.0,12.0,Maxwell,750.0,GTX,1,0,GeForce GTX 750,GeForce GTX 750
10500.0,9.259130536145614,GeForce GTX 750,2.0,GIGABYTE,3399.0,480.0,8.131530710604252,1111.0,80.19,512.0,1020.0,1085.0,55.0,3399.0,61.8,2014.0,12.0,Maxwell,750.0,GTX,1,0,GeForce GTX 750,GeForce GTX 750
9500.0,9.159047077588632,GeForce GTX 750,2.0,GALAX,3399.0,480.0,8.131530710604252,1111.0,80.19,512.0,1020.0,1085.0,55.0,3399.0,61.8,2014.0,12.0,Maxwell,750.0,GTX,1,0,GeForce GTX 750,GeForce GTX 750
9500.0,9.159047077588632,GeForce GTX 750,1.0,ASUS,3399.0,480.0,8.131530710604252,1111.0,80.19,512.0,1020.0,1085.0,55.0,3399.0,61.8,2014.0,12.0,Maxwell,750.0,GTX,1,0,GeForce GTX 750,GeForce GTX 750
10000.0,9.210340371976184,GeForce GTX 750,1.0,ASUS,3399.0,480.0,8.131530710604252,1111.0,80.19,512.0,1020.0,1085.0,55.0,3399.0,61.8,2014.0,12.0,Maxwell,750.0,GTX,1,0,GeForce GTX 750,GeForce GTX 750
10500.0,9.259130536145614,GeForce GTX 750,1.0,MSI,3399.0,480.0,8.131530710604252,1111.0,80.19,512.0,1020.0,1085.0,55.0,3399.0,61.8,2014.0,12.0,Maxwell,750.0,GTX,1,0,GeForce GTX 750,GeForce GTX 750
9000.0,9.104979856318357,GeForce GTX 750,2.0,ASUS,3399.0,480.0,8.131530710604252,1111.0,80.19,512.0,1020.0,1085.0,55.0,3399.0,61.8,2014.0,12.0,Maxwell,750.0,GTX,1,0,GeForce GTX 750,GeForce GTX 750
12500.0,9.433483923290392,GeForce GTX 750,2.0,MSI,3399.0,480.0,8.131530710604252,1111.0,80.19,512.0,1020.0,1085.0,55.0,3399.0,61.8,2014.0,12.0,Maxwell,750.0,GTX,1,0,GeForce GTX 750,GeForce GTX 750
12000.0,9.392661928770137,GeForce GTX 750,1.0,MSI,3399.0,480.0,8.131530710604252,1111.0,80.19,512.0,1020.0,1085.0,55.0,3399.0,61.8,2014.0,12.0,Maxwell,750.0,GTX,1,0,GeForce GTX 750,GeForce GTX 750
11000.0,9.305650551780507,GeForce GTX 750,2.0,PALIT,3399.0,480.0,8.131530710604252,1111.0,80.19,512.0,1020.0,1085.0,55.0,3399.0,61.8,2014.0,12.0,Maxwell,750.0,GTX,1,0,GeForce GTX 750,GeForce GTX 750
9500.0,9.159047077588632,GeForce GTX 750,1.0,GIGABYTE,3399.0,480.0,8.131530710604252,1111.0,80.19,512.0,1020.0,1085.0,55.0,3399.0,61.8,2014.0,12.0,Maxwell,750.0,GTX,1,0,GeForce GTX 750,GeForce GTX 750
12500.0,9.433483923290392,GeForce GTX 750,1.0,ZOTAC,3399.0,480.0,8.131530710604252,1111.0,80.19,512.0,1020.0,1085.0,55.0,3399.0,61.8,2014.0,12.0,Maxwell,750.0,GTX,1,0,GeForce GTX 750,GeForce GTX 750
10000.0,9.210340371976184,GeForce GTX 750,1.0,MSI,3399.0,480.0,8.131530710604252,1111.0,80.19,512.0,1020.0,1085.0,55.0,3399.0,61.8,2014.0,12.0,Maxwell,750.0,GTX,1,0,GeForce GTX 750,GeForce GTX 750
12000.0,9.392661928770137,GeForce GTX 750,2.0,PALIT,3399.0,480.0,8.131530710604252,1111.0,80.19,512.0,1020.0,1085.0,55.0,3399.0,61.8,2014.0,12.0,Maxwell,750.0,GTX,1,0,GeForce GTX 750,GeForce GTX 750
10500.0,9.259130536145614,GeForce GTX 750,1.0,ZOTAC,3399.0,480.0,8.131530710604252,1111.0,80.19,512.0,1020.0,1085.0,55.0,3399.0,61.8,2014.0,12.0,Maxwell,750.0,GTX,1,0,GeForce GTX 750,GeForce GTX 750
11000.0,9.305650551780507,GeForce GTX 750,2.0,GIGABYTE,3399.0,480.0,8.131530710604252,1111.0,80.19,512.0,1020.0,1085.0,55.0,3399.0,61.8,2014.0,12.0,Maxwell,750.0,GTX,1,0,GeForce GTX 750,GeForce GTX 750
9000.0,9.104979856318357,GeForce GTX 750,1.0,PALIT,3399.0,480.0,8.131530710604252,1111.0,80.19,512.0,1020.0,1085.0,55.0,3399.0,61.8,2014.0,12.0,Maxwell,750.0,GTX,1,0,GeForce GTX 750,GeForce GTX 750
12000.0,9.392661928770137,GeForce GTX 750,1.0,GALAX,3399.0,480.0,8.131530710604252,1111.0,80.19,512.0,1020.0,1085.0,55.0,3399.0,61.8,2014.0,12.0,Maxwell,750.0,GTX,1,0,GeForce GTX 750,GeForce GTX 750
12500.0,9.433483923290392,GeForce GTX 750,1.0,MSI,3399.0,480.0,8.131530710604252,1111.0,80.19,512.0,1020.0,1085.0,55.0,3399.0,61.8,2014.0,12.0,Maxwell,750.0,GTX,1,0,GeForce GTX 750,GeForce GTX 750
10000.0,9.210340371976184,GeForce GTX 750,2.0,PALIT,3399.0,480.0,8.131530710604252,1111.0,80.19,512.0,1020.0,1085.0,55.0,3399.0,61.8,2014.0,12.0,Maxwell,750.0,GTX,1,0,GeForce GTX 750,GeForce GTX 750
11500.0,9.350102314351341,GeForce GTX 750,1.0,ZOTAC,3399.0,480.0,8.131530710604252,1111.0,80.19,512.0,1020.0,1085.0,55.0,3399.0,61.8,2014.0,12.0,Maxwell,750.0,GTX,1,0,GeForce GTX 750,GeForce GTX 750
10000.0,9.210340371976184,GeForce GTX 750,2.0,GIGABYTE,3399.0,480.0,8.131530710604252,1111.0,80.19,512.0,1020.0,1085.0,55.0,3399.0,61.8,2014.0,12.0,Maxwell,750.0,GTX,1,0,GeForce GTX 750,GeForce GTX 750
12500.0,9.433483923290392,GeForce GTX 750,1.0,GIGABYTE,3399.0,480.0,8.131530710604252,1111.0,80.19,512.0,1020.0,1085.0,55.0,3399.0,61.8,2014.0,12.0,Maxwell,750.0,GTX,1,0,GeForce GTX 750,GeForce GTX 750
11500.0,9.350102314351341,GeForce GTX 750,2.0,ZOTAC,3399.0,480.0,8.131530710604252,1111.0,80.19,512.0,1020.0,1085.0,55.0,3399.0,61.8,2014.0,12.0,Maxwell,750.0,GTX,1,0,GeForce GTX 750,GeForce GTX 750
10500.0,9.259130536145614,GeForce GTX 750,1.0,NVIDIA,3399.0,480.0,8.131530710604252,1111.0,80.19,512.0,1020.0,1085.0,55.0,3399.0,61.8,2014.0,12.0,Maxwell,750.0,GTX,1,0,GeForce GTX 750,GeForce GTX 750
8500.0,9.047821442478408,GeForce GTX 750,1.0,ASUS,3399.0,480.0,8.131530710604252,1111.0,80.19,512.0,1020.0,1085.0,55.0,3399.0,61.8,2014.0,12.0,Maxwell,750.0,GTX,1,0,GeForce GTX 750,GeForce GTX 750
7700.0,8.948975607841776,GeForce GTX 750,1.0,NVIDIA,3399.0,480.0,8.131530710604252,1111.0,80.19,512.0,1020.0,1085.0,55.0,3399.0,61.8,2014.0,12.0,Maxwell,750.0,GTX,1,0,GeForce GTX 750,GeForce GTX 750
10900.0,9.296518068217235,GeForce GTX 750,1.0,ZOTAC,3399.0,480.0,8.131530710604252,1111.0,80.19,512.0,1020.0,1085.0,55.0,3399.0,61.8,2014.0,12.0,Maxwell,750.0,GTX,1,0,GeForce GTX 750,GeForce GTX 750
10900.0,9.296518068217235,GeForce GTX 750,1.0,GIGABYTE,3399.0,480.0,8.131530710604252,1111.0,80.19,512.0,1020.0,1085.0,55.0,3399.0,61.8,2014.0,12.0,Maxwell,750.0,GTX,1,0,GeForce GTX 750,GeForce GTX 750
10900.0,9.296518068217235,GeForce GTX 750,1.0,NVIDIA,3399.0,480.0,8.131530710604252,1111.0,80.19,512.0,1020.0,1085.0,55.0,3399.0,61.8,2014.0,12.0,Maxwell,750.0,GTX,1,0,GeForce GTX 750,GeForce GTX 750
9900.0,9.20029003612268,GeForce GTX 750,1.0,NVIDIA,3399.0,480.0,8.131530710604252,1111.0,80.19,512.0,1020.0,1085.0,55.0,3399.0,61.8,2014.0,12.0,Maxwell,750.0,GTX,1,0,GeForce GTX 750,GeForce GTX 750
8000.0,8.987196820661973,GeForce GTX 750,1.0,ZOTAC,3399.0,480.0,8.131530710604252,1111.0,80.19,512.0,1020.0,1085.0,55.0,3399.0,61.8,2014.0,12.0,Maxwell,750.0,GTX,1,0,GeForce GTX 750,GeForce GTX 750
12500.0,9.433483923290392,GeForce GTX 750 Ti,2.0,ZOTAC,3919.0,498.0,8.273846932784508,1388.8,86.4,640.0,1020.0,1085.0,60.0,3919.0,65.31666666666666,2014.0,12.0,Maxwell,750.0,GTX,1,1,GeForce GTX 750 Ti,GeForce GTX 750 Ti
13000.0,9.472704636443673,GeForce GTX 750 Ti,2.0,ASUS,3919.0,498.0,8.273846932784508,1388.8,86.4,640.0,1020.0,1085.0,60.0,3919.0,65.31666666666666,2014.0,12.0,Maxwell,750.0,GTX,1,1,GeForce GTX 750 Ti,GeForce GTX 750 Ti
14000.0,9.546812608597396,GeForce GTX 750 Ti,2.0,MSI,3919.0,498.0,8.273846932784508,1388.8,86.4,640.0,1020.0,1085.0,60.0,3919.0,65.31666666666666,2014.0,12.0,Maxwell,750.0,GTX,1,1,GeForce GTX 750 Ti,GeForce GTX 750 Ti
12500.0,9.433483923290392,GeForce GTX 750 Ti,2.0,MSI,3919.0,498.0,8.273846932784508,1388.8,86.4,640.0,1020.0,1085.0,60.0,3919.0,65.31666666666666,2014.0,12.0,Maxwell,750.0,GTX,1,1,GeForce GTX 750 Ti,GeForce GTX 750 Ti
13500.0,9.51044496442652,GeForce GTX 750 Ti,2.0,ZOTAC,3919.0,498.0,8.273846932784508,1388.8,86.4,640.0,1020.0,1085.0,60.0,3919.0,65.31666666666666,2014.0,12.0,Maxwell,750.0,GTX,1,1,GeForce GTX 750 Ti,GeForce GTX 750 Ti
13500.0,9.51044496442652,GeForce GTX 750 Ti,2.0,MSI,3919.0,498.0,8.273846932784508,1388.8,86.4,640.0,1020.0,1085.0,60.0,3919.0,65.31666666666666,2014.0,12.0,Maxwell,750.0,GTX,1,1,GeForce GTX 750 Ti,GeForce GTX 750 Ti
11000.0,9.305650551780507,GeForce GTX 750 Ti,2.0,PALIT,3919.0,498.0,8.273846932784508,1388.8,86.4,640.0,1020.0,1085.0,60.0,3919.0,65.31666666666666,2014.0,12.0,Maxwell,750.0,GTX,1,1,GeForce GTX 750 Ti,GeForce GTX 750 Ti
12500.0,9.433483923290392,GeForce GTX 750 Ti,2.0,PALIT,3919.0,498.0,8.273846932784508,1388.8,86.4,640.0,1020.0,1085.0,60.0,3919.0,65.31666666666666,2014.0,12.0,Maxwell,750.0,GTX,1,1,GeForce GTX 750 Ti,GeForce GTX 750 Ti
12000.0,9.392661928770137,GeForce GTX 750 Ti,2.0,ZOTAC,3919.0,498.0,8.273846932784508,1388.8,86.4,640.0,1020.0,1085.0,60.0,3919.0,65.31666666666666,2014.0,12.0,Maxwell,750.0,GTX,1,1,GeForce GTX 750 Ti,GeForce GTX 750 Ti
14500.0,9.581903928408666,GeForce GTX 750 Ti,2.0,ASUS,3919.0,498.0,8.273846932784508,1388.8,86.4,640.0,1020.0,1085.0,60.0,3919.0,65.31666666666666,2014.0,12.0,Maxwell,750.0,GTX,1,1,GeForce GTX 750 Ti,GeForce GTX 750 Ti
14500.0,9.581903928408666,GeForce GTX 750 Ti,2.0,MSI,3919.0,498.0,8.273846932784508,1388.8,86.4,640.0,1020.0,1085.0,60.0,3919.0,65.31666666666666,2014.0,12.0,Maxwell,750.0,GTX,1,1,GeForce GTX 750 Ti,GeForce GTX 750 Ti
11500.0,9.350102314351341,GeForce GTX 750 Ti,2.0,GALAX,3919.0,498.0,8.273846932784508,1388.8,86.4,640.0,1020.0,1085.0,60.0,3919.0,65.31666666666666,2014.0,12.0,Maxwell,750.0,GTX,1,1,GeForce GTX 750 Ti,GeForce GTX 750 Ti
12000.0,9.392661928770137,GeForce GTX 750 Ti,2.0,ASUS,3919.0,498.0,8.273846932784508,1388.8,86.4,640.0,1020.0,1085.0,60.0,3919.0,65.31666666666666,2014.0,12.0,Maxwell,750.0,GTX,1,1,GeForce GTX 750 Ti,GeForce GTX 750 Ti
11000.0,9.305650551780507,GeForce GTX 750 Ti,2.0,ZOTAC,3919.0,498.0,8.273846932784508,1388.8,86.4,640.0,1020.0,1085.0,60.0,3919.0,65.31666666666666,2014.0,12.0,Maxwell,750.0,GTX,1,1,GeForce GTX 750 Ti,GeForce GTX 750 Ti
12500.0,9.433483923290392,GeForce GTX 750 Ti,2.0,GIGABYTE,3919.0,498.0,8.273846932784508,1388.8,86.4,640.0,1020.0,1085.0,60.0,3919.0,65.31666666666666,2014.0,12.0,Maxwell,750.0,GTX,1,1,GeForce GTX 750 Ti,GeForce GTX 750 Ti
12000.0,9.392661928770137,GeForce GTX 750 Ti,2.0,GIGABYTE,3919.0,498.0,8.273846932784508,1388.8,86.4,640.0,1020.0,1085.0,60.0,3919.0,65.31666666666666,2014.0,12.0,Maxwell,750.0,GTX,1,1,GeForce GTX 750 Ti,GeForce GTX 750 Ti
14500.0,9.581903928408666,GeForce GTX 750 Ti,2.0,PALIT,3919.0,498.0,8.273846932784508,1388.8,86.4,640.0,1020.0,1085.0,60.0,3919.0,65.31666666666666,2014.0,12.0,Maxwell,750.0,GTX,1,1,GeForce GTX 750 Ti,GeForce GTX 750 Ti
14500.0,9.581903928408666,GeForce GTX 750 Ti,2.0,ZOTAC,3919.0,498.0,8.273846932784508,1388.8,86.4,640.0,1020.0,1085.0,60.0,3919.0,65.31666666666666,2014.0,12.0,Maxwell,750.0,GTX,1,1,GeForce GTX 750 Ti,GeForce GTX 750 Ti
11000.0,9.305650551780507,GeForce GTX 750 Ti,2.0,GIGABYTE,3919.0,498.0,8.273846932784508,1388.8,86.4,640.0,1020.0,1085.0,60.0,3919.0,65.31666666666666,2014.0,12.0,Maxwell,750.0,GTX,1,1,GeForce GTX 750 Ti,GeForce GTX 750 Ti
13500.0,9.51044496442652,GeForce GTX 750 Ti,2.0,GIGABYTE,3919.0,498.0,8.273846932784508,1388.8,86.4,640.0,1020.0,1085.0,60.0,3919.0,65.31666666666666,2014.0,12.0,Maxwell,750.0,GTX,1,1,GeForce GTX 750 Ti,GeForce GTX 750 Ti
12500.0,9.433483923290392,GeForce GTX 750 Ti,2.0,ASUS,3919.0,498.0,8.273846932784508,1388.8,86.4,640.0,1020.0,1085.0,60.0,3919.0,65.31666666666666,2014.0,12.0,Maxwell,750.0,GTX,1,1,GeForce GTX 750 Ti,GeForce GTX 750 Ti
12000.0,9.392661928770137,GeForce GTX 750 Ti,2.0,PALIT,3919.0,498.0,8.273846932784508,1388.8,86.4,640.0,1020.0,1085.0,60.0,3919.0,65.31666666666666,2014.0,12.0,Maxwell,750.0,GTX,1,1,GeForce GTX 750 Ti,GeForce GTX 750 Ti
13000.0,9.472704636443673,GeForce GTX 750 Ti,2.0,PALIT,3919.0,498.0,8.273846932784508,1388.8,86.4,640.0,1020.0,1085.0,60.0,3919.0,65.31666666666666,2014.0,12.0,Maxwell,750.0,GTX,1,1,GeForce GTX 750 Ti,GeForce GTX 750 Ti
12000.0,9.392661928770137,GeForce GTX 750 Ti,2.0,MSI,3919.0,498.0,8.273846932784508,1388.8,86.4,640.0,1020.0,1085.0,60.0,3919.0,65.31666666666666,2014.0,12.0,Maxwell,750.0,GTX,1,1,GeForce GTX 750 Ti,GeForce GTX 750 Ti
13000.0,9.472704636443673,GeForce GTX 750 Ti,2.0,ZOTAC,3919.0,498.0,8.273846932784508,1388.8,86.4,640.0,1020.0,1085.0,60.0,3919.0,65.31666666666666,2014.0,12.0,Maxwell,750.0,GTX,1,1,GeForce GTX 750 Ti,GeForce GTX 750 Ti
14500.0,9.581903928408666,GeForce GTX 750 Ti,2.0,NVIDIA,3919.0,498.0,8.273846932784508,1388.8,86.4,640.0,1020.0,1085.0,60.0,3919.0,65.31666666666666,2014.0,12.0,Maxwell,750.0,GTX,1,1,GeForce GTX 750 Ti,GeForce GTX 750 Ti
9900.0,9.20029003612268,GeForce GTX 750 Ti,2.0,ZOTAC,3919.0,498.0,8.273846932784508,1388.8,86.4,640.0,1020.0,1085.0,60.0,3919.0,65.31666666666666,2014.0,12.0,Maxwell,750.0,GTX,1,1,GeForce GTX 750 Ti,GeForce GTX 750 Ti
15500.0,9.648595302907339,GeForce GTX 750 Ti,2.0,NVIDIA,3919.0,498.0,8.273846932784508,1388.8,86.4,640.0,1020.0,1085.0,60.0,3919.0,65.31666666666666,2014.0,12.0,Maxwell,750.0,GTX,1,1,GeForce GTX 750 Ti,GeForce GTX 750 Ti
9500.0,9.159047077588632,GeForce GTX 750 Ti,1.0,NVIDIA,3919.0,498.0,8.273846932784508,1388.8,86.4,640.0,1020.0,1085.0,60.0,3919.0,65.31666666666666,2014.0,12.0,Maxwell,750.0,GTX,1,1,GeForce GTX 750 Ti,GeForce GTX 750 Ti
15000.0,9.615805480084347,GeForce GTX 750 Ti,2.0,NVIDIA,3919.0,498.0,8.273846932784508,1388.8,86.4,640.0,1020.0,1085.0,60.0,3919.0,65.31666666666666,2014.0,12.0,Maxwell,750.0,GTX,1,1,GeForce GTX 750 Ti,GeForce GTX 750 Ti
11000.0,9.305650551780507,GeForce GTX 750 Ti,2.0,NVIDIA,3919.0,498.0,8.273846932784508,1388.8,86.4,640.0,1020.0,1085.0,60.0,3919.0,65.31666666666666,2014.0,12.0,Maxwell,750.0,GTX,1,1,GeForce GTX 750 Ti,GeForce GTX 750 Ti
12000.0,9.392661928770137,GeForce GTX 750 Ti,2.0,NVIDIA,3919.0,498.0,8.273846932784508,1388.8,86.4,640.0,1020.0,1085.0,60.0,3919.0,65.31666666666666,2014.0,12.0,Maxwell,750.0,GTX,1,1,GeForce GTX 750 Ti,GeForce GTX 750 Ti
11900.0,9.38429367909962,GeForce GTX 750 Ti,1.0,EMTEK,3919.0,498.0,8.273846932784508,1388.8,86.4,640.0,1020.0,1085.0,60.0,3919.0,65.31666666666666,2014.0,12.0,Maxwell,750.0,GTX,1,1,GeForce GTX 750 Ti,GeForce GTX 750 Ti
9000.0,9.104979856318357,GeForce GTX 750 Ti,1.0,NVIDIA,3919.0,498.0,8.273846932784508,1388.8,86.4,640.0,1020.0,1085.0,60.0,3919.0,65.31666666666666,2014.0,12.0,Maxwell,750.0,GTX,1,1,GeForce GTX 750 Ti,GeForce GTX 750 Ti
14000.0,9.546812608597396,GeForce GTX 760,1.0,ASUS,4775.0,523.0,8.471358655072438,2378.0,192.3,1152.0,980.0,1032.0,170.0,4775.0,28.08823529411765,2013.0,13.0,Kepler,760.0,GTX,1,0,GeForce GTX 760,GeForce GTX 760
13500.0,9.51044496442652,GeForce GTX 760,1.5,ZOTAC,4775.0,523.0,8.471358655072438,2378.0,192.3,1152.0,980.0,1032.0,170.0,4775.0,28.08823529411765,2013.0,13.0,Kepler,760.0,GTX,1,0,GeForce GTX 760,GeForce GTX 760
16000.0,9.680344001221918,GeForce GTX 760,2.0,ASUS,4775.0,523.0,8.471358655072438,2378.0,192.3,1152.0,980.0,1032.0,170.0,4775.0,28.08823529411765,2013.0,13.0,Kepler,760.0,GTX,1,0,GeForce GTX 760,GeForce GTX 760
16500.0,9.711115659888671,GeForce GTX 760,1.0,GIGABYTE,4775.0,523.0,8.471358655072438,2378.0,192.3,1152.0,980.0,1032.0,170.0,4775.0,28.08823529411765,2013.0,13.0,Kepler,760.0,GTX,1,0,GeForce GTX 760,GeForce GTX 760
15500.0,9.648595302907339,GeForce GTX 760,1.5,ASUS,4775.0,523.0,8.471358655072438,2378.0,192.3,1152.0,980.0,1032.0,170.0,4775.0,28.08823529411765,2013.0,13.0,Kepler,760.0,GTX,1,0,GeForce GTX 760,GeForce GTX 760
13500.0,9.51044496442652,GeForce GTX 760,2.0,ASUS,4775.0,523.0,8.471358655072438,2378.0,192.3,1152.0,980.0,1032.0,170.0,4775.0,28.08823529411765,2013.0,13.0,Kepler,760.0,GTX,1,0,GeForce GTX 760,GeForce GTX 760
17000.0,9.740968623038354,GeForce GTX 760,1.0,ZOTAC,4775.0,523.0,8.471358655072438,2378.0,192.3,1152.0,980.0,1032.0,170.0,4775.0,28.08823529411765,2013.0,13.0,Kepler,760.0,GTX,1,0,GeForce GTX 760,GeForce GTX 760
13000.0,9.472704636443673,GeForce GTX 760,1.5,GIGABYTE,4775.0,523.0,8.471358655072438,2378.0,192.3,1152.0,980.0,1032.0,170.0,4775.0,28.08823529411765,2013.0,13.0,Kepler,760.0,GTX,1,0,GeForce GTX 760,GeForce GTX 760
16500.0,9.711115659888671,GeForce GTX 760,2.0,PALIT,4775.0,523.0,8.471358655072438,2378.0,192.3,1152.0,980.0,1032.0,170.0,4775.0,28.08823529411765,2013.0,13.0,Kepler,760.0,GTX,1,0,GeForce GTX 760,GeForce GTX 760
16000.0,9.680344001221918,GeForce GTX 760,1.5,MSI,4775.0,523.0,8.471358655072438,2378.0,192.3,1152.0,980.0,1032.0,170.0,4775.0,28.08823529411765,2013.0,13.0,Kepler,760.0,GTX,1,0,GeForce GTX 760,GeForce GTX 760
14000.0,9.546812608597396,GeForce GTX 760,1.5,ASUS,4775.0,523.0,8.471358655072438,2378.0,192.3,1152.0,980.0,1032.0,170.0,4775.0,28.08823529411765,2013.0,13.0,Kepler,760.0,GTX,1,0,GeForce GTX 760,GeForce GTX 760
14500.0,9.581903928408666,GeForce GTX 760,1.5,ZOTAC,4775.0,523.0,8.471358655072438,2378.0,192.3,1152.0,980.0,1032.0,170.0,4775.0,28.08823529411765,2013.0,13.0,Kepler,760.0,GTX,1,0,GeForce GTX 760,GeForce GTX 760
14000.0,9.546812608597396,GeForce GTX 760,1.5,ZOTAC,4775.0,523.0,8.471358655072438,2378.0,192.3,1152.0,980.0,1032.0,170.0,4775.0,28.08823529411765,2013.0,13.0,Kepler,760.0,GTX,1,0,GeForce GTX 760,GeForce GTX 760
13500.0,9.51044496442652,GeForce GTX 760,1.5,PALIT,4775.0,523.0,8.471358655072438,2378.0,192.3,1152.0,980.0,1032.0,170.0,4775.0,28.08823529411765,2013.0,13.0,Kepler,760.0,GTX,1,0,GeForce GTX 760,GeForce GTX 760
15500.0,9.648595302907339,GeForce GTX 760,2.0,MSI,4775.0,523.0,8.471358655072438,2378.0,192.3,1152.0,980.0,1032.0,170.0,4775.0,28.08823529411765,2013.0,13.0,Kepler,760.0,GTX,1,0,GeForce GTX 760,GeForce GTX 760
16000.0,9.680344001221918,GeForce GTX 760,1.0,ASUS,4775.0,523.0,8.471358655072438,2378.0,192.3,1152.0,980.0,1032.0,170.0,4775.0,28.08823529411765,2013.0,13.0,Kepler,760.0,GTX,1,0,GeForce GTX 760,GeForce GTX 760
15500.0,9.648595302907339,GeForce GTX 760,2.0,ZOTAC,4775.0,523.0,8.471358655072438,2378.0,192.3,1152.0,980.0,1032.0,170.0,4775.0,28.08823529411765,2013.0,13.0,Kepler,760.0,GTX,1,0,GeForce GTX 760,GeForce GTX 760
17000.0,9.740968623038354,GeForce GTX 760,1.5,GIGABYTE,4775.0,523.0,8.471358655072438,2378.0,192.3,1152.0,980.0,1032.0,170.0,4775.0,28.08823529411765,2013.0,13.0,Kepler,760.0,GTX,1,0,GeForce GTX 760,GeForce GTX 760
15500.0,9.648595302907339,GeForce GTX 760,1.0,PALIT,4775.0,523.0,8.471358655072438,2378.0,192.3,1152.0,980.0,1032.0,170.0,4775.0,28.08823529411765,2013.0,13.0,Kepler,760.0,GTX,1,0,GeForce GTX 760,GeForce GTX 760
14000.0,9.546812608597396,GeForce GTX 760,1.0,GIGABYTE,4775.0,523.0,8.471358655072438,2378.0,192.3,1152.0,980.0,1032.0,170.0,4775.0,28.08823529411765,2013.0,13.0,Kepler,760.0,GTX,1,0,GeForce GTX 760,GeForce GTX 760
13500.0,9.51044496442652,GeForce GTX 760,1.5,GIGABYTE,4775.0,523.0,8.471358655072438,2378.0,192.3,1152.0,980.0,1032.0,170.0,4775.0,28.08823529411765,2013.0,13.0,Kepler,760.0,GTX,1,0,GeForce GTX 760,GeForce GTX 760
16500.0,9.711115659888671,GeForce GTX 760,1.5,PALIT,4775.0,523.0,8.471358655072438,2378.0,192.3,1152.0,980.0,1032.0,170.0,4775.0,28.08823529411765,2013.0,13.0,Kepler,760.0,GTX,1,0,GeForce GTX 760,GeForce GTX 760
14000.0,9.546812608597396,GeForce GTX 760,1.5,PALIT,4775.0,523.0,8.471358655072438,2378.0,192.3,1152.0,980.0,1032.0,170.0,4775.0,28.08823529411765,2013.0,13.0,Kepler,760.0,GTX,1,0,GeForce GTX 760,GeForce GTX 760
14500.0,9.581903928408666,GeForce GTX 760,2.0,NVIDIA,4775.0,523.0,8.471358655072438,2378.0,192.3,1152.0,980.0,1032.0,170.0,4775.0,28.08823529411765,2013.0,13.0,Kepler,760.0,GTX,1,0,GeForce GTX 760,GeForce GTX 760
15500.0,9.648595302907339,GeForce GTX 760,2.0,NVIDIA,4775.0,523.0,8.471358655072438,2378.0,192.3,1152.0,980.0,1032.0,170.0,4775.0,28.08823529411765,2013.0,13.0,Kepler,760.0,GTX,1,0,GeForce GTX 760,GeForce GTX 760
13000.0,9.472704636443673,GeForce GTX 760,2.0,MSI,4775.0,523.0,8.471358655072438,2378.0,192.3,1152.0,980.0,1032.0,170.0,4775.0,28.08823529411765,2013.0,13.0,Kepler,760.0,GTX,1,0,GeForce GTX 760,GeForce GTX 760
15500.0,9.648595302907339,GeForce GTX 760,2.0,ASUS,4775.0,523.0,8.471358655072438,2378.0,192.3,1152.0,980.0,1032.0,170.0,4775.0,28.08823529411765,2013.0,13.0,Kepler,760.0,GTX,1,0,GeForce GTX 760,GeForce GTX 760
15000.0,9.615805480084347,GeForce GTX 760,2.0,NVIDIA,4775.0,523.0,8.471358655072438,2378.0,192.3,1152.0,980.0,1032.0,170.0,4775.0,28.08823529411765,2013.0,13.0,Kepler,760.0,GTX,1,0,GeForce GTX 760,GeForce GTX 760
12000.0,9.392661928770137,GeForce GTX 760,2.0,MSI,4775.0,523.0,8.471358655072438,2378.0,192.3,1152.0,980.0,1032.0,170.0,4775.0,28.08823529411765,2013.0,13.0,Kepler,760.0,GTX,1,0,GeForce GTX 760,GeForce GTX 760
10000.0,9.210340371976184,GeForce GTX 760,2.0,EMTEK,4775.0,523.0,8.471358655072438,2378.0,192.3,1152.0,980.0,1032.0,170.0,4775.0,28.08823529411765,2013.0,13.0,Kepler,760.0,GTX,1,0,GeForce GTX 760,GeForce GTX 760
13500.0,9.51044496442652,GeForce GTX 760,2.0,NVIDIA,4775.0,523.0,8.471358655072438,2378.0,192.3,1152.0,980.0,1032.0,170.0,4775.0,28.08823529411765,2013.0,13.0,Kepler,760.0,GTX,1,0,GeForce GTX 760,GeForce GTX 760
15900.0,9.674074388208323,GeForce GTX 760,2.0,NVIDIA,4775.0,523.0,8.471358655072438,2378.0,192.3,1152.0,980.0,1032.0,170.0,4775.0,28.08823529411765,2013.0,13.0,Kepler,760.0,GTX,1,0,GeForce GTX 760,GeForce GTX 760
14000.0,9.546812608597396,GeForce GTX 760,2.0,ZOTAC,4775.0,523.0,8.471358655072438,2378.0,192.3,1152.0,980.0,1032.0,170.0,4775.0,28.08823529411765,2013.0,13.0,Kepler,760.0,GTX,1,0,GeForce GTX 760,GeForce GTX 760
14000.0,9.546812608597396,GeForce GTX 770,2.0,NVIDIA,5892.0,551.0,8.681520484837913,3333.0,224.4,1536.0,1046.0,1085.0,230.0,5892.0,25.617391304347827,2013.0,13.0,Kepler,770.0,GTX,1,0,GeForce GTX 770,GeForce GTX 770
17500.0,9.769956159911606,GeForce GTX 770,2.0,NVIDIA,5892.0,551.0,8.681520484837913,3333.0,224.4,1536.0,1046.0,1085.0,230.0,5892.0,25.617391304347827,2013.0,13.0,Kepler,770.0,GTX,1,0,GeForce GTX 770,GeForce GTX 770
20000.0,9.903487552536127,GeForce GTX 950,4.0,GALAX,5392.0,641.0,8.592857095337227,1825.0,105.8,768.0,1024.0,1188.0,90.0,5392.0,59.91111111111111,2015.0,11.0,Maxwell 2.0,950.0,GTX,2,0,GeForce GTX 950,GeForce GTX 950
16500.0,9.711115659888671,GeForce GTX 950,4.0,ASUS,5392.0,641.0,8.592857095337227,1825.0,105.8,768.0,1024.0,1188.0,90.0,5392.0,59.91111111111111,2015.0,11.0,Maxwell 2.0,950.0,GTX,2,0,GeForce GTX 950,GeForce GTX 950
15000.0,9.615805480084347,GeForce GTX 950,4.0,ZOTAC,5392.0,641.0,8.592857095337227,1825.0,105.8,768.0,1024.0,1188.0,90.0,5392.0,59.91111111111111,2015.0,11.0,Maxwell 2.0,950.0,GTX,2,0,GeForce GTX 950,GeForce GTX 950
17000.0,9.740968623038354,GeForce GTX 950,2.0,GALAX,5392.0,641.0,8.592857095337227,1825.0,105.8,768.0,1024.0,1188.0,90.0,5392.0,59.91111111111111,2015.0,11.0,Maxwell 2.0,950.0,GTX,2,0,GeForce GTX 950,GeForce GTX 950
18500.0,9.825526011066415,GeForce GTX 950,2.0,ZOTAC,5392.0,641.0,8.592857095337227,1825.0,105.8,768.0,1024.0,1188.0,90.0,5392.0,59.91111111111111,2015.0,11.0,Maxwell 2.0,950.0,GTX,2,0,GeForce GTX 950,GeForce GTX 950
18000.0,9.798127036878302,GeForce GTX 950,2.0,ASUS,5392.0,641.0,8.592857095337227,1825.0,105.8,768.0,1024.0,1188.0,90.0,5392.0,59.91111111111111,2015.0,11.0,Maxwell 2.0,950.0,GTX,2,0,GeForce GTX 950,GeForce GTX 950
19000.0,9.852194258148577,GeForce GTX 950,2.0,PALIT,5392.0,641.0,8.592857095337227,1825.0,105.8,768.0,1024.0,1188.0,90.0,5392.0,59.91111111111111,2015.0,11.0,Maxwell 2.0,950.0,GTX,2,0,GeForce GTX 950,GeForce GTX 950
16500.0,9.711115659888671,GeForce GTX 950,2.0,PALIT,5392.0,641.0,8.592857095337227,1825.0,105.8,768.0,1024.0,1188.0,90.0,5392.0,59.91111111111111,2015.0,11.0,Maxwell 2.0,950.0,GTX,2,0,GeForce GTX 950,GeForce GTX 950
19500.0,9.878169744551839,GeForce GTX 950,4.0,ZOTAC,5392.0,641.0,8.592857095337227,1825.0,105.8,768.0,1024.0,1188.0,90.0,5392.0,59.91111111111111,2015.0,11.0,Maxwell 2.0,950.0,GTX,2,0,GeForce GTX 950,GeForce GTX 950
17500.0,9.769956159911606,GeForce GTX 950,2.0,ASUS,5392.0,641.0,8.592857095337227,1825.0,105.8,768.0,1024.0,1188.0,90.0,5392.0,59.91111111111111,2015.0,11.0,Maxwell 2.0,950.0,GTX,2,0,GeForce GTX 950,GeForce GTX 950
15500.0,9.648595302907339,GeForce GTX 950,2.0,GIGABYTE,5392.0,641.0,8.592857095337227,1825.0,105.8,768.0,1024.0,1188.0,90.0,5392.0,59.91111111111111,2015.0,11.0,Maxwell 2.0,950.0,GTX,2,0,GeForce GTX 950,GeForce GTX 950
16000.0,9.680344001221918,GeForce GTX 950,4.0,GIGABYTE,5392.0,641.0,8.592857095337227,1825.0,105.8,768.0,1024.0,1188.0,90.0,5392.0,59.91111111111111,2015.0,11.0,Maxwell 2.0,950.0,GTX,2,0,GeForce GTX 950,GeForce GTX 950
19000.0,9.852194258148577,GeForce GTX 950,2.0,ZOTAC,5392.0,641.0,8.592857095337227,1825.0,105.8,768.0,1024.0,1188.0,90.0,5392.0,59.91111111111111,2015.0,11.0,Maxwell 2.0,950.0,GTX,2,0,GeForce GTX 950,GeForce GTX 950
15000.0,9.615805480084347,GeForce GTX 950,2.0,MSI,5392.0,641.0,8.592857095337227,1825.0,105.8,768.0,1024.0,1188.0,90.0,5392.0,59.91111111111111,2015.0,11.0,Maxwell 2.0,950.0,GTX,2,0,GeForce GTX 950,GeForce GTX 950
17500.0,9.769956159911606,GeForce GTX 950,4.0,ZOTAC,5392.0,641.0,8.592857095337227,1825.0,105.8,768.0,1024.0,1188.0,90.0,5392.0,59.91111111111111,2015.0,11.0,Maxwell 2.0,950.0,GTX,2,0,GeForce GTX 950,GeForce GTX 950
18000.0,9.798127036878302,GeForce GTX 950,4.0,ASUS,5392.0,641.0,8.592857095337227,1825.0,105.8,768.0,1024.0,1188.0,90.0,5392.0,59.91111111111111,2015.0,11.0,Maxwell 2.0,950.0,GTX,2,0,GeForce GTX 950,GeForce GTX 950
18500.0,9.825526011066415,GeForce GTX 950,4.0,ASUS,5392.0,641.0,8.592857095337227,1825.0,105.8,768.0,1024.0,1188.0,90.0,5392.0,59.91111111111111,2015.0,11.0,Maxwell 2.0,950.0,GTX,2,0,GeForce GTX 950,GeForce GTX 950
18000.0,9.798127036878302,GeForce GTX 950,2.0,ZOTAC,5392.0,641.0,8.592857095337227,1825.0,105.8,768.0,1024.0,1188.0,90.0,5392.0,59.91111111111111,2015.0,11.0,Maxwell 2.0,950.0,GTX,2,0,GeForce GTX 950,GeForce GTX 950
15500.0,9.648595302907339,GeForce GTX 950,4.0,ASUS,5392.0,641.0,8.592857095337227,1825.0,105.8,768.0,1024.0,1188.0,90.0,5392.0,59.91111111111111,2015.0,11.0,Maxwell 2.0,950.0,GTX,2,0,GeForce GTX 950,GeForce GTX 950
19500.0,9.878169744551839,GeForce GTX 950,2.0,MSI,5392.0,641.0,8.592857095337227,1825.0,105.8,768.0,1024.0,1188.0,90.0,5392.0,59.91111111111111,2015.0,11.0,Maxwell 2.0,950.0,GTX,2,0,GeForce GTX 950,GeForce GTX 950
18000.0,9.798127036878302,GeForce GTX 950,4.0,PALIT,5392.0,641.0,8.592857095337227,1825.0,105.8,768.0,1024.0,1188.0,90.0,5392.0,59.91111111111111,2015.0,11.0,Maxwell 2.0,950.0,GTX,2,0,GeForce GTX 950,GeForce GTX 950
16000.0,9.680344001221918,GeForce GTX 950,4.0,GALAX,5392.0,641.0,8.592857095337227,1825.0,105.8,768.0,1024.0,1188.0,90.0,5392.0,59.91111111111111,2015.0,11.0,Maxwell 2.0,950.0,GTX,2,0,GeForce GTX 950,GeForce GTX 950
18500.0,9.825526011066415,GeForce GTX 950,4.0,GIGABYTE,5392.0,641.0,8.592857095337227,1825.0,105.8,768.0,1024.0,1188.0,90.0,5392.0,59.91111111111111,2015.0,11.0,Maxwell 2.0,950.0,GTX,2,0,GeForce GTX 950,GeForce GTX 950
19500.0,9.878169744551839,GeForce GTX 950,2.0,ZOTAC,5392.0,641.0,8.592857095337227,1825.0,105.8,768.0,1024.0,1188.0,90.0,5392.0,59.91111111111111,2015.0,11.0,Maxwell 2.0,950.0,GTX,2,0,GeForce GTX 950,GeForce GTX 950
19500.0,9.878169744551839,GeForce GTX 950,2.0,GALAX,5392.0,641.0,8.592857095337227,1825.0,105.8,768.0,1024.0,1188.0,90.0,5392.0,59.91111111111111,2015.0,11.0,Maxwell 2.0,950.0,GTX,2,0,GeForce GTX 950,GeForce GTX 950
17000.0,9.740968623038354,GeForce GTX 950,4.0,ASUS,5392.0,641.0,8.592857095337227,1825.0,105.8,768.0,1024.0,1188.0,90.0,5392.0,59.91111111111111,2015.0,11.0,Maxwell 2.0,950.0,GTX,2,0,GeForce GTX 950,GeForce GTX 950
18500.0,9.825526011066415,GeForce GTX 950,4.0,MSI,5392.0,641.0,8.592857095337227,1825.0,105.8,768.0,1024.0,1188.0,90.0,5392.0,59.91111111111111,2015.0,11.0,Maxwell 2.0,950.0,GTX,2,0,GeForce GTX 950,GeForce GTX 950
15500.0,9.648595302907339,GeForce GTX 950,4.0,PALIT,5392.0,641.0,8.592857095337227,1825.0,105.8,768.0,1024.0,1188.0,90.0,5392.0,59.91111111111111,2015.0,11.0,Maxwell 2.0,950.0,GTX,2,0,GeForce GTX 950,GeForce GTX 950
19000.0,9.852194258148577,GeForce GTX 950,4.0,GIGABYTE,5392.0,641.0,8.592857095337227,1825.0,105.8,768.0,1024.0,1188.0,90.0,5392.0,59.91111111111111,2015.0,11.0,Maxwell 2.0,950.0,GTX,2,0,GeForce GTX 950,GeForce GTX 950
16500.0,9.711115659888671,GeForce GTX 950,4.0,GIGABYTE,5392.0,641.0,8.592857095337227,1825.0,105.8,768.0,1024.0,1188.0,90.0,5392.0,59.91111111111111,2015.0,11.0,Maxwell 2.0,950.0,GTX,2,0,GeForce GTX 950,GeForce GTX 950
15500.0,9.648595302907339,GeForce GTX 950,2.0,GALAX,5392.0,641.0,8.592857095337227,1825.0,105.8,768.0,1024.0,1188.0,90.0,5392.0,59.91111111111111,2015.0,11.0,Maxwell 2.0,950.0,GTX,2,0,GeForce GTX 950,GeForce GTX 950
20000.0,9.903487552536127,GeForce GTX 950,2.0,ASUS,5392.0,641.0,8.592857095337227,1825.0,105.8,768.0,1024.0,1188.0,90.0,5392.0,59.91111111111111,2015.0,11.0,Maxwell 2.0,950.0,GTX,2,0,GeForce GTX 950,GeForce GTX 950
15000.0,9.615805480084347,GeForce GTX 950,2.0,NVIDIA,5392.0,641.0,8.592857095337227,1825.0,105.8,768.0,1024.0,1188.0,90.0,5392.0,59.91111111111111,2015.0,11.0,Maxwell 2.0,950.0,GTX,2,0,GeForce GTX 950,GeForce GTX 950
15000.0,9.615805480084347,GeForce GTX 950,2.0,ASUS,5392.0,641.0,8.592857095337227,1825.0,105.8,768.0,1024.0,1188.0,90.0,5392.0,59.91111111111111,2015.0,11.0,Maxwell 2.0,950.0,GTX,2,0,GeForce GTX 950,GeForce GTX 950
22000.0,9.998797732340453,GeForce GTX 950,2.0,ASUS,5392.0,641.0,8.592857095337227,1825.0,105.8,768.0,1024.0,1188.0,90.0,5392.0,59.91111111111111,2015.0,11.0,Maxwell 2.0,950.0,GTX,2,0,GeForce GTX 950,GeForce GTX 950
20500.0,9.9281801651265,GeForce GTX 960,2.0,ZOTAC,6042.0,671.0,8.706655856361559,2413.0,112.2,1024.0,1127.0,1178.0,120.0,6042.0,50.35,2015.0,11.0,Maxwell 2.0,960.0,GTX,2,0,GeForce GTX 960,GeForce GTX 960
20500.0,9.9281801651265,GeForce GTX 960,3.0,ASUS,6042.0,671.0,8.706655856361559,2413.0,112.2,1024.0,1127.0,1178.0,120.0,6042.0,50.35,2015.0,11.0,Maxwell 2.0,960.0,GTX,2,0,GeForce GTX 960,GeForce GTX 960
19000.0,9.852194258148577,GeForce GTX 960,4.0,GIGABYTE,6042.0,671.0,8.706655856361559,2413.0,112.2,1024.0,1127.0,1178.0,120.0,6042.0,50.35,2015.0,11.0,Maxwell 2.0,960.0,GTX,2,0,GeForce GTX 960,GeForce GTX 960
23500.0,10.06475570013225,GeForce GTX 960,4.0,ZOTAC,6042.0,671.0,8.706655856361559,2413.0,112.2,1024.0,1127.0,1178.0,120.0,6042.0,50.35,2015.0,11.0,Maxwell 2.0,960.0,GTX,2,0,GeForce GTX 960,GeForce GTX 960
23000.0,10.043249494911286,GeForce GTX 960,2.0,GIGABYTE,6042.0,671.0,8.706655856361559,2413.0,112.2,1024.0,1127.0,1178.0,120.0,6042.0,50.35,2015.0,11.0,Maxwell 2.0,960.0,GTX,2,0,GeForce GTX 960,GeForce GTX 960
22500.0,10.021270588192511,GeForce GTX 960,2.0,ZOTAC,6042.0,671.0,8.706655856361559,2413.0,112.2,1024.0,1127.0,1178.0,120.0,6042.0,50.35,2015.0,11.0,Maxwell 2.0,960.0,GTX,2,0,GeForce GTX 960,GeForce GTX 960
23500.0,10.06475570013225,GeForce GTX 960,4.0,GIGABYTE,6042.0,671.0,8.706655856361559,2413.0,112.2,1024.0,1127.0,1178.0,120.0,6042.0,50.35,2015.0,11.0,Maxwell 2.0,960.0,GTX,2,0,GeForce GTX 960,GeForce GTX 960
21500.0,9.975808214115753,GeForce GTX 960,3.0,MSI,6042.0,671.0,8.706655856361559,2413.0,112.2,1024.0,1127.0,1178.0,120.0,6042.0,50.35,2015.0,11.0,Maxwell 2.0,960.0,GTX,2,0,GeForce GTX 960,GeForce GTX 960
20500.0,9.9281801651265,GeForce GTX 960,2.0,PALIT,6042.0,671.0,8.706655856361559,2413.0,112.2,1024.0,1127.0,1178.0,120.0,6042.0,50.35,2015.0,11.0,Maxwell 2.0,960.0,GTX,2,0,GeForce GTX 960,GeForce GTX 960
21000.0,9.95227771670556,GeForce GTX 960,3.0,MSI,6042.0,671.0,8.706655856361559,2413.0,112.2,1024.0,1127.0,1178.0,120.0,6042.0,50.35,2015.0,11.0,Maxwell 2.0,960.0,GTX,2,0,GeForce GTX 960,GeForce GTX 960
24500.0,10.106428396532818,GeForce GTX 960,3.0,ASUS,6042.0,671.0,8.706655856361559,2413.0,112.2,1024.0,1127.0,1178.0,120.0,6042.0,50.35,2015.0,11.0,Maxwell 2.0,960.0,GTX,2,0,GeForce GTX 960,GeForce GTX 960
19000.0,9.852194258148577,GeForce GTX 960,4.0,MSI,6042.0,671.0,8.706655856361559,2413.0,112.2,1024.0,1127.0,1178.0,120.0,6042.0,50.35,2015.0,11.0,Maxwell 2.0,960.0,GTX,2,0,GeForce GTX 960,GeForce GTX 960
24500.0,10.106428396532818,GeForce GTX 960,4.0,GIGABYTE,6042.0,671.0,8.706655856361559,2413.0,112.2,1024.0,1127.0,1178.0,120.0,6042.0,50.35,2015.0,11.0,Maxwell 2.0,960.0,GTX,2,0,GeForce GTX 960,GeForce GTX 960
24500.0,10.106428396532818,GeForce GTX 960,2.0,ZOTAC,6042.0,671.0,8.706655856361559,2413.0,112.2,1024.0,1127.0,1178.0,120.0,6042.0,50.35,2015.0,11.0,Maxwell 2.0,960.0,GTX,2,0,GeForce GTX 960,GeForce GTX 960
20000.0,9.903487552536127,GeForce GTX 960,3.0,MSI,6042.0,671.0,8.706655856361559,2413.0,112.2,1024.0,1127.0,1178.0,120.0,6042.0,50.35,2015.0,11.0,Maxwell 2.0,960.0,GTX,2,0,GeForce GTX 960,GeForce GTX 960
22500.0,10.021270588192511,GeForce GTX 960,3.0,ZOTAC,6042.0,671.0,8.706655856361559,2413.0,112.2,1024.0,1127.0,1178.0,120.0,6042.0,50.35,2015.0,11.0,Maxwell 2.0,960.0,GTX,2,0,GeForce GTX 960,GeForce GTX 960
19000.0,9.852194258148577,GeForce GTX 960,3.0,ASUS,6042.0,671.0,8.706655856361559,2413.0,112.2,1024.0,1127.0,1178.0,120.0,6042.0,50.35,2015.0,11.0,Maxwell 2.0,960.0,GTX,2,0,GeForce GTX 960,GeForce GTX 960
24000.0,10.085809109330082,GeForce GTX 960,2.0,MSI,6042.0,671.0,8.706655856361559,2413.0,112.2,1024.0,1127.0,1178.0,120.0,6042.0,50.35,2015.0,11.0,Maxwell 2.0,960.0,GTX,2,0,GeForce GTX 960,GeForce GTX 960
25000.0,10.126631103850338,GeForce GTX 960,2.0,GIGABYTE,6042.0,671.0,8.706655856361559,2413.0,112.2,1024.0,1127.0,1178.0,120.0,6042.0,50.35,2015.0,11.0,Maxwell 2.0,960.0,GTX,2,0,GeForce GTX 960,GeForce GTX 960
22500.0,10.021270588192511,GeForce GTX 960,2.0,MSI,6042.0,671.0,8.706655856361559,2413.0,112.2,1024.0,1127.0,1178.0,120.0,6042.0,50.35,2015.0,11.0,Maxwell 2.0,960.0,GTX,2,0,GeForce GTX 960,GeForce GTX 960
19000.0,9.852194258148577,GeForce GTX 960,4.0,ASUS,6042.0,671.0,8.706655856361559,2413.0,112.2,1024.0,1127.0,1178.0,120.0,6042.0,50.35,2015.0,11.0,Maxwell 2.0,960.0,GTX,2,0,GeForce GTX 960,GeForce GTX 960
25000.0,10.126631103850338,GeForce GTX 960,3.0,ASUS,6042.0,671.0,8.706655856361559,2413.0,112.2,1024.0,1127.0,1178.0,120.0,6042.0,50.35,2015.0,11.0,Maxwell 2.0,960.0,GTX,2,0,GeForce GTX 960,GeForce GTX 960
24000.0,10.085809109330082,GeForce GTX 960,4.0,MSI,6042.0,671.0,8.706655856361559,2413.0,112.2,1024.0,1127.0,1178.0,120.0,6042.0,50.35,2015.0,11.0,Maxwell 2.0,960.0,GTX,2,0,GeForce GTX 960,GeForce GTX 960
21500.0,9.975808214115753,GeForce GTX 960,4.0,GIGABYTE,6042.0,671.0,8.706655856361559,2413.0,112.2,1024.0,1127.0,1178.0,120.0,6042.0,50.35,2015.0,11.0,Maxwell 2.0,960.0,GTX,2,0,GeForce GTX 960,GeForce GTX 960
20000.0,9.903487552536127,GeForce GTX 960,2.0,MSI,6042.0,671.0,8.706655856361559,2413.0,112.2,1024.0,1127.0,1178.0,120.0,6042.0,50.35,2015.0,11.0,Maxwell 2.0,960.0,GTX,2,0,GeForce GTX 960,GeForce GTX 960
21000.0,9.95227771670556,GeForce GTX 960,4.0,ASUS,6042.0,671.0,8.706655856361559,2413.0,112.2,1024.0,1127.0,1178.0,120.0,6042.0,50.35,2015.0,11.0,Maxwell 2.0,960.0,GTX,2,0,GeForce GTX 960,GeForce GTX 960
25000.0,10.126631103850338,GeForce GTX 960,2.0,MSI,6042.0,671.0,8.706655856361559,2413.0,112.2,1024.0,1127.0,1178.0,120.0,6042.0,50.35,2015.0,11.0,Maxwell 2.0,960.0,GTX,2,0,GeForce GTX 960,GeForce GTX 960
22000.0,9.998797732340453,GeForce GTX 960,3.0,GALAX,6042.0,671.0,8.706655856361559,2413.0,112.2,1024.0,1127.0,1178.0,120.0,6042.0,50.35,2015.0,11.0,Maxwell 2.0,960.0,GTX,2,0,GeForce GTX 960,GeForce GTX 960
23500.0,10.06475570013225,GeForce GTX 960,3.0,GIGABYTE,6042.0,671.0,8.706655856361559,2413.0,112.2,1024.0,1127.0,1178.0,120.0,6042.0,50.35,2015.0,11.0,Maxwell 2.0,960.0,GTX,2,0,GeForce GTX 960,GeForce GTX 960
21000.0,9.95227771670556,GeForce GTX 960,3.0,GALAX,6042.0,671.0,8.706655856361559,2413.0,112.2,1024.0,1127.0,1178.0,120.0,6042.0,50.35,2015.0,11.0,Maxwell 2.0,960.0,GTX,2,0,GeForce GTX 960,GeForce GTX 960
24000.0,10.085809109330082,GeForce GTX 960,3.0,GALAX,6042.0,671.0,8.706655856361559,2413.0,112.2,1024.0,1127.0,1178.0,120.0,6042.0,50.35,2015.0,11.0,Maxwell 2.0,960.0,GTX,2,0,GeForce GTX 960,GeForce GTX 960
21500.0,9.975808214115753,GeForce GTX 960,4.0,ASUS,6042.0,671.0,8.706655856361559,2413.0,112.2,1024.0,1127.0,1178.0,120.0,6042.0,50.35,2015.0,11.0,Maxwell 2.0,960.0,GTX,2,0,GeForce GTX 960,GeForce GTX 960
21000.0,9.95227771670556,GeForce GTX 960,2.0,MSI,6042.0,671.0,8.706655856361559,2413.0,112.2,1024.0,1127.0,1178.0,120.0,6042.0,50.35,2015.0,11.0,Maxwell 2.0,960.0,GTX,2,0,GeForce GTX 960,GeForce GTX 960
24000.0,10.085809109330082,GeForce GTX 960,4.0,GIGABYTE,6042.0,671.0,8.706655856361559,2413.0,112.2,1024.0,1127.0,1178.0,120.0,6042.0,50.35,2015.0,11.0,Maxwell 2.0,960.0,GTX,2,0,GeForce GTX 960,GeForce GTX 960
23500.0,10.06475570013225,GeForce GTX 960,3.0,ASUS,6042.0,671.0,8.706655856361559,2413.0,112.2,1024.0,1127.0,1178.0,120.0,6042.0,50.35,2015.0,11.0,Maxwell 2.0,960.0,GTX,2,0,GeForce GTX 960,GeForce GTX 960
18000.0,9.798127036878302,GeForce GTX 960,2.0,ZOTAC,6042.0,671.0,8.706655856361559,2413.0,112.2,1024.0,1127.0,1178.0,120.0,6042.0,50.35,2015.0,11.0,Maxwell 2.0,960.0,GTX,2,0,GeForce GTX 960,GeForce GTX 960
25000.0,10.126631103850338,GeForce GTX 960,4.0,ASUS,6042.0,671.0,8.706655856361559,2413.0,112.2,1024.0,1127.0,1178.0,120.0,6042.0,50.35,2015.0,11.0,Maxwell 2.0,960.0,GTX,2,0,GeForce GTX 960,GeForce GTX 960
18000.0,9.798127036878302,GeForce GTX 960,2.0,NVIDIA,6042.0,671.0,8.706655856361559,2413.0,112.2,1024.0,1127.0,1178.0,120.0,6042.0,50.35,2015.0,11.0,Maxwell 2.0,960.0,GTX,2,0,GeForce GTX 960,GeForce GTX 960
16000.0,9.680344001221918,GeForce GTX 960,2.0,MSI,6042.0,671.0,8.706655856361559,2413.0,112.2,1024.0,1127.0,1178.0,120.0,6042.0,50.35,2015.0,11.0,Maxwell 2.0,960.0,GTX,2,0,GeForce GTX 960,GeForce GTX 960
23000.0,10.043249494911286,GeForce GTX 960,4.0,ZOTAC,6042.0,671.0,8.706655856361559,2413.0,112.2,1024.0,1127.0,1178.0,120.0,6042.0,50.35,2015.0,11.0,Maxwell 2.0,960.0,GTX,2,0,GeForce GTX 960,GeForce GTX 960
20500.0,9.9281801651265,GeForce GTX 960,2.0,NVIDIA,6042.0,671.0,8.706655856361559,2413.0,112.2,1024.0,1127.0,1178.0,120.0,6042.0,50.35,2015.0,11.0,Maxwell 2.0,960.0,GTX,2,0,GeForce GTX 960,GeForce GTX 960
19000.0,9.852194258148577,GeForce GTX 960,4.0,NVIDIA,6042.0,671.0,8.706655856361559,2413.0,112.2,1024.0,1127.0,1178.0,120.0,6042.0,50.35,2015.0,11.0,Maxwell 2.0,960.0,GTX,2,0,GeForce GTX 960,GeForce GTX 960
20000.0,9.903487552536127,GeForce GTX 960,2.0,NVIDIA,6042.0,671.0,8.706655856361559,2413.0,112.2,1024.0,1127.0,1178.0,120.0,6042.0,50.35,2015.0,11.0,Maxwell 2.0,960.0,GTX,2,0,GeForce GTX 960,GeForce GTX 960
22500.0,10.021270588192511,GeForce GTX 960,4.0,NVIDIA,6042.0,671.0,8.706655856361559,2413.0,112.2,1024.0,1127.0,1178.0,120.0,6042.0,50.35,2015.0,11.0,Maxwell 2.0,960.0,GTX,2,0,GeForce GTX 960,GeForce GTX 960
23000.0,10.043249494911286,GeForce GTX 960,4.0,GIGABYTE,6042.0,671.0,8.706655856361559,2413.0,112.2,1024.0,1127.0,1178.0,120.0,6042.0,50.35,2015.0,11.0,Maxwell 2.0,960.0,GTX,2,0,GeForce GTX 960,GeForce GTX 960
28000.0,10.239959789157341,GeForce GTX 960,4.0,ZOTAC,6042.0,671.0,8.706655856361559,2413.0,112.2,1024.0,1127.0,1178.0,120.0,6042.0,50.35,2015.0,11.0,Maxwell 2.0,960.0,GTX,2,0,GeForce GTX 960,GeForce GTX 960
21000.0,9.95227771670556,GeForce GTX 960,2.0,ASUS,6042.0,671.0,8.706655856361559,2413.0,112.2,1024.0,1127.0,1178.0,120.0,6042.0,50.35,2015.0,11.0,Maxwell 2.0,960.0,GTX,2,0,GeForce GTX 960,GeForce GTX 960
28000.0,10.239959789157341,GeForce GTX 960,4.0,GIGABYTE,6042.0,671.0,8.706655856361559,2413.0,112.2,1024.0,1127.0,1178.0,120.0,6042.0,50.35,2015.0,11.0,Maxwell 2.0,960.0,GTX,2,0,GeForce GTX 960,GeForce GTX 960
21000.0,9.95227771670556,GeForce GTX 960,2.0,ZOTAC,6042.0,671.0,8.706655856361559,2413.0,112.2,1024.0,1127.0,1178.0,120.0,6042.0,50.35,2015.0,11.0,Maxwell 2.0,960.0,GTX,2,0,GeForce GTX 960,GeForce GTX 960
19500.0,9.878169744551839,GeForce GTX 960,2.0,GIGABYTE,6042.0,671.0,8.706655856361559,2413.0,112.2,1024.0,1127.0,1178.0,120.0,6042.0,50.35,2015.0,11.0,Maxwell 2.0,960.0,GTX,2,0,GeForce GTX 960,GeForce GTX 960
20500.0,9.9281801651265,GeForce GTX 960,2.0,GALAX,6042.0,671.0,8.706655856361559,2413.0,112.2,1024.0,1127.0,1178.0,120.0,6042.0,50.35,2015.0,11.0,Maxwell 2.0,960.0,GTX,2,0,GeForce GTX 960,GeForce GTX 960
20500.0,9.9281801651265,GeForce GTX 960,2.0,ASUS,6042.0,671.0,8.706655856361559,2413.0,112.2,1024.0,1127.0,1178.0,120.0,6042.0,50.35,2015.0,11.0,Maxwell 2.0,960.0,GTX,2,0,GeForce GTX 960,GeForce GTX 960
24500.0,10.106428396532818,GeForce GTX 960,4.0,ASUS,6042.0,671.0,8.706655856361559,2413.0,112.2,1024.0,1127.0,1178.0,120.0,6042.0,50.35,2015.0,11.0,Maxwell 2.0,960.0,GTX,2,0,GeForce GTX 960,GeForce GTX 960
18500.0,9.825526011066415,GeForce GTX 960,2.0,EMTEK,6042.0,671.0,8.706655856361559,2413.0,112.2,1024.0,1127.0,1178.0,120.0,6042.0,50.35,2015.0,11.0,Maxwell 2.0,960.0,GTX,2,0,GeForce GTX 960,GeForce GTX 960
25000.0,10.126631103850338,GeForce GTX 960,4.0,ZOTAC,6042.0,671.0,8.706655856361559,2413.0,112.2,1024.0,1127.0,1178.0,120.0,6042.0,50.35,2015.0,11.0,Maxwell 2.0,960.0,GTX,2,0,GeForce GTX 960,GeForce GTX 960
18500.0,9.825526011066415,GeForce GTX 960,2.0,NVIDIA,6042.0,671.0,8.706655856361559,2413.0,112.2,1024.0,1127.0,1178.0,120.0,6042.0,50.35,2015.0,11.0,Maxwell 2.0,960.0,GTX,2,0,GeForce GTX 960,GeForce GTX 960
22000.0,9.998797732340453,GeForce GTX 960,2.0,ASUS,6042.0,671.0,8.706655856361559,2413.0,112.2,1024.0,1127.0,1178.0,120.0,6042.0,50.35,2015.0,11.0,Maxwell 2.0,960.0,GTX,2,0,GeForce GTX 960,GeForce GTX 960
23000.0,10.043249494911286,GeForce GTX 960,4.0,NVIDIA,6042.0,671.0,8.706655856361559,2413.0,112.2,1024.0,1127.0,1178.0,120.0,6042.0,50.35,2015.0,11.0,Maxwell 2.0,960.0,GTX,2,0,GeForce GTX 960,GeForce GTX 960
16000.0,9.680344001221918,GeForce GTX 960,2.0,NVIDIA,6042.0,671.0,8.706655856361559,2413.0,112.2,1024.0,1127.0,1178.0,120.0,6042.0,50.35,2015.0,11.0,Maxwell 2.0,960.0,GTX,2,0,GeForce GTX 960,GeForce GTX 960
19500.0,9.878169744551839,GeForce GTX 960,2.0,MSI,6042.0,671.0,8.706655856361559,2413.0,112.2,1024.0,1127.0,1178.0,120.0,6042.0,50.35,2015.0,11.0,Maxwell 2.0,960.0,GTX,2,0,GeForce GTX 960,GeForce GTX 960
19500.0,9.878169744551839,GeForce GTX 960,2.0,NVIDIA,6042.0,671.0,8.706655856361559,2413.0,112.2,1024.0,1127.0,1178.0,120.0,6042.0,50.35,2015.0,11.0,Maxwell 2.0,960.0,GTX,2,0,GeForce GTX 960,GeForce GTX 960
19900.0,9.898475010712584,GeForce GTX 960,2.0,NVIDIA,6042.0,671.0,8.706655856361559,2413.0,112.2,1024.0,1127.0,1178.0,120.0,6042.0,50.35,2015.0,11.0,Maxwell 2.0,960.0,GTX,2,0,GeForce GTX 960,GeForce GTX 960
19900.0,9.898475010712584,GeForce GTX 960,2.0,GALAX,6042.0,671.0,8.706655856361559,2413.0,112.2,1024.0,1127.0,1178.0,120.0,6042.0,50.35,2015.0,11.0,Maxwell 2.0,960.0,GTX,2,0,GeForce GTX 960,GeForce GTX 960
16000.0,9.680344001221918,GeForce GTX 960,2.0,ZOTAC,6042.0,671.0,8.706655856361559,2413.0,112.2,1024.0,1127.0,1178.0,120.0,6042.0,50.35,2015.0,11.0,Maxwell 2.0,960.0,GTX,2,0,GeForce GTX 960,GeForce GTX 960
22000.0,9.998797732340453,GeForce GTX 960,2.0,NVIDIA,6042.0,671.0,8.706655856361559,2413.0,112.2,1024.0,1127.0,1178.0,120.0,6042.0,50.35,2015.0,11.0,Maxwell 2.0,960.0,GTX,2,0,GeForce GTX 960,GeForce GTX 960
21000.0,9.95227771670556,GeForce GTX 960,2.0,NVIDIA,6042.0,671.0,8.706655856361559,2413.0,112.2,1024.0,1127.0,1178.0,120.0,6042.0,50.35,2015.0,11.0,Maxwell 2.0,960.0,GTX,2,0,GeForce GTX 960,GeForce GTX 960
21250.0,9.964112174352563,GeForce GTX 960,2.0,NVIDIA,6042.0,671.0,8.706655856361559,2413.0,112.2,1024.0,1127.0,1178.0,120.0,6042.0,50.35,2015.0,11.0,Maxwell 2.0,960.0,GTX,2,0,GeForce GTX 960,GeForce GTX 960
18500.0,9.825526011066415,GeForce GTX 960,2.0,ZOTAC,6042.0,671.0,8.706655856361559,2413.0,112.2,1024.0,1127.0,1178.0,120.0,6042.0,50.35,2015.0,11.0,Maxwell 2.0,960.0,GTX,2,0,GeForce GTX 960,GeForce GTX 960
23000.0,10.043249494911286,GeForce GTX 960,2.0,ASUS,6042.0,671.0,8.706655856361559,2413.0,112.2,1024.0,1127.0,1178.0,120.0,6042.0,50.35,2015.0,11.0,Maxwell 2.0,960.0,GTX,2,0,GeForce GTX 960,GeForce GTX 960
19500.0,9.878169744551839,GeForce GTX 960,4.0,NVIDIA,6042.0,671.0,8.706655856361559,2413.0,112.2,1024.0,1127.0,1178.0,120.0,6042.0,50.35,2015.0,11.0,Maxwell 2.0,960.0,GTX,2,0,GeForce GTX 960,GeForce GTX 960
20500.0,9.9281801651265,GeForce GTX 960,2.0,EMTEK,6042.0,671.0,8.706655856361559,2413.0,112.2,1024.0,1127.0,1178.0,120.0,6042.0,50.35,2015.0,11.0,Maxwell 2.0,960.0,GTX,2,0,GeForce GTX 960,GeForce GTX 960
32000.0,10.373491181781864,GeForce GTX 970,6.0,PALIT,9688.0,781.0,9.178746500385005,3920.0,224.4,1664.0,1050.0,1178.0,148.0,9688.0,65.45945945945945,2014.0,12.0,Maxwell 2.0,970.0,GTX,2,0,GeForce GTX 970,GeForce GTX 970
29000.0,10.275051108968611,GeForce GTX 970,6.0,MSI,9688.0,781.0,9.178746500385005,3920.0,224.4,1664.0,1050.0,1178.0,148.0,9688.0,65.45945945945945,2014.0,12.0,Maxwell 2.0,970.0,GTX,2,0,GeForce GTX 970,GeForce GTX 970
27000.0,10.203592144986466,GeForce GTX 970,4.0,GIGABYTE,9688.0,781.0,9.178746500385005,3920.0,224.4,1664.0,1050.0,1178.0,148.0,9688.0,65.45945945945945,2014.0,12.0,Maxwell 2.0,970.0,GTX,2,0,GeForce GTX 970,GeForce GTX 970
25500.0,10.146433731146518,GeForce GTX 970,6.0,GALAX,9688.0,781.0,9.178746500385005,3920.0,224.4,1664.0,1050.0,1178.0,148.0,9688.0,65.45945945945945,2014.0,12.0,Maxwell 2.0,970.0,GTX,2,0,GeForce GTX 970,GeForce GTX 970
31500.0,10.357742824813725,GeForce GTX 970,4.0,ASUS,9688.0,781.0,9.178746500385005,3920.0,224.4,1664.0,1050.0,1178.0,148.0,9688.0,65.45945945945945,2014.0,12.0,Maxwell 2.0,970.0,GTX,2,0,GeForce GTX 970,GeForce GTX 970
27000.0,10.203592144986466,GeForce GTX 970,4.0,ASUS,9688.0,781.0,9.178746500385005,3920.0,224.4,1664.0,1050.0,1178.0,148.0,9688.0,65.45945945945945,2014.0,12.0,Maxwell 2.0,970.0,GTX,2,0,GeForce GTX 970,GeForce GTX 970
31500.0,10.357742824813725,GeForce GTX 970,6.0,ASUS,9688.0,781.0,9.178746500385005,3920.0,224.4,1664.0,1050.0,1178.0,148.0,9688.0,65.45945945945945,2014.0,12.0,Maxwell 2.0,970.0,GTX,2,0,GeForce GTX 970,GeForce GTX 970
25000.0,10.126631103850338,GeForce GTX 970,6.0,ASUS,9688.0,781.0,9.178746500385005,3920.0,224.4,1664.0,1050.0,1178.0,148.0,9688.0,65.45945945945945,2014.0,12.0,Maxwell 2.0,970.0,GTX,2,0,GeForce GTX 970,GeForce GTX 970
28500.0,10.257659366256743,GeForce GTX 970,6.0,MSI,9688.0,781.0,9.178746500385005,3920.0,224.4,1664.0,1050.0,1178.0,148.0,9688.0,65.45945945945945,2014.0,12.0,Maxwell 2.0,970.0,GTX,2,0,GeForce GTX 970,GeForce GTX 970
24000.0,10.085809109330082,GeForce GTX 970,4.0,ASUS,9688.0,781.0,9.178746500385005,3920.0,224.4,1664.0,1050.0,1178.0,148.0,9688.0,65.45945945945945,2014.0,12.0,Maxwell 2.0,970.0,GTX,2,0,GeForce GTX 970,GeForce GTX 970
30000.0,10.308952660644293,GeForce GTX 970,6.0,PALIT,9688.0,781.0,9.178746500385005,3920.0,224.4,1664.0,1050.0,1178.0,148.0,9688.0,65.45945945945945,2014.0,12.0,Maxwell 2.0,970.0,GTX,2,0,GeForce GTX 970,GeForce GTX 970
26000.0,10.165851817003619,GeForce GTX 970,4.0,ZOTAC,9688.0,781.0,9.178746500385005,3920.0,224.4,1664.0,1050.0,1178.0,148.0,9688.0,65.45945945945945,2014.0,12.0,Maxwell 2.0,970.0,GTX,2,0,GeForce GTX 970,GeForce GTX 970
27500.0,10.221941283654663,GeForce GTX 970,4.0,ZOTAC,9688.0,781.0,9.178746500385005,3920.0,224.4,1664.0,1050.0,1178.0,148.0,9688.0,65.45945945945945,2014.0,12.0,Maxwell 2.0,970.0,GTX,2,0,GeForce GTX 970,GeForce GTX 970
23500.0,10.06475570013225,GeForce GTX 970,6.0,MSI,9688.0,781.0,9.178746500385005,3920.0,224.4,1664.0,1050.0,1178.0,148.0,9688.0,65.45945945945945,2014.0,12.0,Maxwell 2.0,970.0,GTX,2,0,GeForce GTX 970,GeForce GTX 970
24500.0,10.106428396532818,GeForce GTX 970,6.0,PALIT,9688.0,781.0,9.178746500385005,3920.0,224.4,1664.0,1050.0,1178.0,148.0,9688.0,65.45945945945945,2014.0,12.0,Maxwell 2.0,970.0,GTX,2,0,GeForce GTX 970,GeForce GTX 970
25000.0,10.126631103850338,GeForce GTX 970,6.0,GIGABYTE,9688.0,781.0,9.178746500385005,3920.0,224.4,1664.0,1050.0,1178.0,148.0,9688.0,65.45945945945945,2014.0,12.0,Maxwell 2.0,970.0,GTX,2,0,GeForce GTX 970,GeForce GTX 970
30500.0,10.325481962595504,GeForce GTX 970,6.0,GALAX,9688.0,781.0,9.178746500385005,3920.0,224.4,1664.0,1050.0,1178.0,148.0,9688.0,65.45945945945945,2014.0,12.0,Maxwell 2.0,970.0,GTX,2,0,GeForce GTX 970,GeForce GTX 970
30500.0,10.325481962595504,GeForce GTX 970,6.0,MSI,9688.0,781.0,9.178746500385005,3920.0,224.4,1664.0,1050.0,1178.0,148.0,9688.0,65.45945945945945,2014.0,12.0,Maxwell 2.0,970.0,GTX,2,0,GeForce GTX 970,GeForce GTX 970
29500.0,10.292145542327912,GeForce GTX 970,6.0,ZOTAC,9688.0,781.0,9.178746500385005,3920.0,224.4,1664.0,1050.0,1178.0,148.0,9688.0,65.45945945945945,2014.0,12.0,Maxwell 2.0,970.0,GTX,2,0,GeForce GTX 970,GeForce GTX 970
26000.0,10.165851817003619,GeForce GTX 970,4.0,ASUS,9688.0,781.0,9.178746500385005,3920.0,224.4,1664.0,1050.0,1178.0,148.0,9688.0,65.45945945945945,2014.0,12.0,Maxwell 2.0,970.0,GTX,2,0,GeForce GTX 970,GeForce GTX 970
26000.0,10.165851817003619,GeForce GTX 970,4.0,PALIT,9688.0,781.0,9.178746500385005,3920.0,224.4,1664.0,1050.0,1178.0,148.0,9688.0,65.45945945945945,2014.0,12.0,Maxwell 2.0,970.0,GTX,2,0,GeForce GTX 970,GeForce GTX 970
25500.0,10.146433731146518,GeForce GTX 970,4.0,MSI,9688.0,781.0,9.178746500385005,3920.0,224.4,1664.0,1050.0,1178.0,148.0,9688.0,65.45945945945945,2014.0,12.0,Maxwell 2.0,970.0,GTX,2,0,GeForce GTX 970,GeForce GTX 970
25000.0,10.126631103850338,GeForce GTX 970,4.0,ASUS,9688.0,781.0,9.178746500385005,3920.0,224.4,1664.0,1050.0,1178.0,148.0,9688.0,65.45945945945945,2014.0,12.0,Maxwell 2.0,970.0,GTX,2,0,GeForce GTX 970,GeForce GTX 970
28500.0,10.257659366256743,GeForce GTX 970,6.0,ZOTAC,9688.0,781.0,9.178746500385005,3920.0,224.4,1664.0,1050.0,1178.0,148.0,9688.0,65.45945945945945,2014.0,12.0,Maxwell 2.0,970.0,GTX,2,0,GeForce GTX 970,GeForce GTX 970
30500.0,10.325481962595504,GeForce GTX 970,4.0,GALAX,9688.0,781.0,9.178746500385005,3920.0,224.4,1664.0,1050.0,1178.0,148.0,9688.0,65.45945945945945,2014.0,12.0,Maxwell 2.0,970.0,GTX,2,0,GeForce GTX 970,GeForce GTX 970
29500.0,10.292145542327912,GeForce GTX 970,6.0,GALAX,9688.0,781.0,9.178746500385005,3920.0,224.4,1664.0,1050.0,1178.0,148.0,9688.0,65.45945945945945,2014.0,12.0,Maxwell 2.0,970.0,GTX,2,0,GeForce GTX 970,GeForce GTX 970
31000.0,10.341742483467284,GeForce GTX 970,4.0,GALAX,9688.0,781.0,9.178746500385005,3920.0,224.4,1664.0,1050.0,1178.0,148.0,9688.0,65.45945945945945,2014.0,12.0,Maxwell 2.0,970.0,GTX,2,0,GeForce GTX 970,GeForce GTX 970
28000.0,10.239959789157341,GeForce GTX 970,6.0,MSI,9688.0,781.0,9.178746500385005,3920.0,224.4,1664.0,1050.0,1178.0,148.0,9688.0,65.45945945945945,2014.0,12.0,Maxwell 2.0,970.0,GTX,2,0,GeForce GTX 970,GeForce GTX 970
24500.0,10.106428396532818,GeForce GTX 970,4.0,ASUS,9688.0,781.0,9.178746500385005,3920.0,224.4,1664.0,1050.0,1178.0,148.0,9688.0,65.45945945945945,2014.0,12.0,Maxwell 2.0,970.0,GTX,2,0,GeForce GTX 970,GeForce GTX 970
26000.0,10.165851817003619,GeForce GTX 970,6.0,ZOTAC,9688.0,781.0,9.178746500385005,3920.0,224.4,1664.0,1050.0,1178.0,148.0,9688.0,65.45945945945945,2014.0,12.0,Maxwell 2.0,970.0,GTX,2,0,GeForce GTX 970,GeForce GTX 970
24000.0,10.085809109330082,GeForce GTX 970,4.0,MSI,9688.0,781.0,9.178746500385005,3920.0,224.4,1664.0,1050.0,1178.0,148.0,9688.0,65.45945945945945,2014.0,12.0,Maxwell 2.0,970.0,GTX,2,0,GeForce GTX 970,GeForce GTX 970
26500.0,10.184900011974314,GeForce GTX 970,4.0,GALAX,9688.0,781.0,9.178746500385005,3920.0,224.4,1664.0,1050.0,1178.0,148.0,9688.0,65.45945945945945,2014.0,12.0,Maxwell 2.0,970.0,GTX,2,0,GeForce GTX 970,GeForce GTX 970
31000.0,10.341742483467284,GeForce GTX 970,6.0,MSI,9688.0,781.0,9.178746500385005,3920.0,224.4,1664.0,1050.0,1178.0,148.0,9688.0,65.45945945945945,2014.0,12.0,Maxwell 2.0,970.0,GTX,2,0,GeForce GTX 970,GeForce GTX 970
29500.0,10.292145542327912,GeForce GTX 970,6.0,ASUS,9688.0,781.0,9.178746500385005,3920.0,224.4,1664.0,1050.0,1178.0,148.0,9688.0,65.45945945945945,2014.0,12.0,Maxwell 2.0,970.0,GTX,2,0,GeForce GTX 970,GeForce GTX 970
25500.0,10.146433731146518,GeForce GTX 970,4.0,PALIT,9688.0,781.0,9.178746500385005,3920.0,224.4,1664.0,1050.0,1178.0,148.0,9688.0,65.45945945945945,2014.0,12.0,Maxwell 2.0,970.0,GTX,2,0,GeForce GTX 970,GeForce GTX 970
30500.0,10.325481962595504,GeForce GTX 970,4.0,ASUS,9688.0,781.0,9.178746500385005,3920.0,224.4,1664.0,1050.0,1178.0,148.0,9688.0,65.45945945945945,2014.0,12.0,Maxwell 2.0,970.0,GTX,2,0,GeForce GTX 970,GeForce GTX 970
28500.0,10.257659366256743,GeForce GTX 970,6.0,GIGABYTE,9688.0,781.0,9.178746500385005,3920.0,224.4,1664.0,1050.0,1178.0,148.0,9688.0,65.45945945945945,2014.0,12.0,Maxwell 2.0,970.0,GTX,2,0,GeForce GTX 970,GeForce GTX 970
28500.0,10.257659366256743,GeForce GTX 970,4.0,MSI,9688.0,781.0,9.178746500385005,3920.0,224.4,1664.0,1050.0,1178.0,148.0,9688.0,65.45945945945945,2014.0,12.0,Maxwell 2.0,970.0,GTX,2,0,GeForce GTX 970,GeForce GTX 970
30000.0,10.308952660644293,GeForce GTX 970,6.0,ASUS,9688.0,781.0,9.178746500385005,3920.0,224.4,1664.0,1050.0,1178.0,148.0,9688.0,65.45945945945945,2014.0,12.0,Maxwell 2.0,970.0,GTX,2,0,GeForce GTX 970,GeForce GTX 970
25500.0,10.146433731146518,GeForce GTX 970,4.0,ASUS,9688.0,781.0,9.178746500385005,3920.0,224.4,1664.0,1050.0,1178.0,148.0,9688.0,65.45945945945945,2014.0,12.0,Maxwell 2.0,970.0,GTX,2,0,GeForce GTX 970,GeForce GTX 970
28500.0,10.257659366256743,GeForce GTX 970,4.0,ASUS,9688.0,781.0,9.178746500385005,3920.0,224.4,1664.0,1050.0,1178.0,148.0,9688.0,65.45945945945945,2014.0,12.0,Maxwell 2.0,970.0,GTX,2,0,GeForce GTX 970,GeForce GTX 970
27000.0,10.203592144986466,GeForce GTX 970,4.0,PALIT,9688.0,781.0,9.178746500385005,3920.0,224.4,1664.0,1050.0,1178.0,148.0,9688.0,65.45945945945945,2014.0,12.0,Maxwell 2.0,970.0,GTX,2,0,GeForce GTX 970,GeForce GTX 970
29900.0,10.305613759378778,GeForce GTX 970,4.0,GIGABYTE,9688.0,781.0,9.178746500385005,3920.0,224.4,1664.0,1050.0,1178.0,148.0,9688.0,65.45945945945945,2014.0,12.0,Maxwell 2.0,970.0,GTX,2,0,GeForce GTX 970,GeForce GTX 970
28000.0,10.239959789157341,GeForce GTX 970,4.0,NVIDIA,9688.0,781.0,9.178746500385005,3920.0,224.4,1664.0,1050.0,1178.0,148.0,9688.0,65.45945945945945,2014.0,12.0,Maxwell 2.0,970.0,GTX,2,0,GeForce GTX 970,GeForce GTX 970
29500.0,10.292145542327912,GeForce GTX 970,4.0,NVIDIA,9688.0,781.0,9.178746500385005,3920.0,224.4,1664.0,1050.0,1178.0,148.0,9688.0,65.45945945945945,2014.0,12.0,Maxwell 2.0,970.0,GTX,2,0,GeForce GTX 970,GeForce GTX 970
28000.0,10.239959789157341,GeForce GTX 970,4.0,ASUS,9688.0,781.0,9.178746500385005,3920.0,224.4,1664.0,1050.0,1178.0,148.0,9688.0,65.45945945945945,2014.0,12.0,Maxwell 2.0,970.0,GTX,2,0,GeForce GTX 970,GeForce GTX 970
30000.0,10.308952660644293,GeForce GTX 970,4.0,ZOTAC,9688.0,781.0,9.178746500385005,3920.0,224.4,1664.0,1050.0,1178.0,148.0,9688.0,65.45945945945945,2014.0,12.0,Maxwell 2.0,970.0,GTX,2,0,GeForce GTX 970,GeForce GTX 970
26500.0,10.184900011974314,GeForce GTX 970,4.0,PALIT,9688.0,781.0,9.178746500385005,3920.0,224.4,1664.0,1050.0,1178.0,148.0,9688.0,65.45945945945945,2014.0,12.0,Maxwell 2.0,970.0,GTX,2,0,GeForce GTX 970,GeForce GTX 970
31000.0,10.341742483467284,GeForce GTX 970,4.0,GIGABYTE,9688.0,781.0,9.178746500385005,3920.0,224.4,1664.0,1050.0,1178.0,148.0,9688.0,65.45945945945945,2014.0,12.0,Maxwell 2.0,970.0,GTX,2,0,GeForce GTX 970,GeForce GTX 970
31000.0,10.341742483467284,GeForce GTX 970,4.0,MSI,9688.0,781.0,9.178746500385005,3920.0,224.4,1664.0,1050.0,1178.0,148.0,9688.0,65.45945945945945,2014.0,12.0,Maxwell 2.0,970.0,GTX,2,0,GeForce GTX 970,GeForce GTX 970
28500.0,10.257659366256743,GeForce GTX 970,4.0,NVIDIA,9688.0,781.0,9.178746500385005,3920.0,224.4,1664.0,1050.0,1178.0,148.0,9688.0,65.45945945945945,2014.0,12.0,Maxwell 2.0,970.0,GTX,2,0,GeForce GTX 970,GeForce GTX 970
26500.0,10.184900011974314,GeForce GTX 970,4.0,NVIDIA,9688.0,781.0,9.178746500385005,3920.0,224.4,1664.0,1050.0,1178.0,148.0,9688.0,65.45945945945945,2014.0,12.0,Maxwell 2.0,970.0,GTX,2,0,GeForce GTX 970,GeForce GTX 970
29000.0,10.275051108968611,GeForce GTX 970,4.0,MSI,9688.0,781.0,9.178746500385005,3920.0,224.4,1664.0,1050.0,1178.0,148.0,9688.0,65.45945945945945,2014.0,12.0,Maxwell 2.0,970.0,GTX,2,0,GeForce GTX 970,GeForce GTX 970
28000.0,10.239959789157341,GeForce GTX 970,4.0,ZOTAC,9688.0,781.0,9.178746500385005,3920.0,224.4,1664.0,1050.0,1178.0,148.0,9688.0,65.45945945945945,2014.0,12.0,Maxwell 2.0,970.0,GTX,2,0,GeForce GTX 970,GeForce GTX 970
30000.0,10.308952660644293,GeForce GTX 970,4.0,GALAX,9688.0,781.0,9.178746500385005,3920.0,224.4,1664.0,1050.0,1178.0,148.0,9688.0,65.45945945945945,2014.0,12.0,Maxwell 2.0,970.0,GTX,2,0,GeForce GTX 970,GeForce GTX 970
27999.0,10.239924074233857,GeForce GTX 970,4.0,NVIDIA,9688.0,781.0,9.178746500385005,3920.0,224.4,1664.0,1050.0,1178.0,148.0,9688.0,65.45945945945945,2014.0,12.0,Maxwell 2.0,970.0,GTX,2,0,GeForce GTX 970,GeForce GTX 970
29000.0,10.275051108968611,GeForce GTX 970,4.0,GIGABYTE,9688.0,781.0,9.178746500385005,3920.0,224.4,1664.0,1050.0,1178.0,148.0,9688.0,65.45945945945945,2014.0,12.0,Maxwell 2.0,970.0,GTX,2,0,GeForce GTX 970,GeForce GTX 970
29000.0,10.275051108968611,GeForce GTX 970,4.0,NVIDIA,9688.0,781.0,9.178746500385005,3920.0,224.4,1664.0,1050.0,1178.0,148.0,9688.0,65.45945945945945,2014.0,12.0,Maxwell 2.0,970.0,GTX,2,0,GeForce GTX 970,GeForce GTX 970
29900.0,10.305613759378778,GeForce GTX 970,4.0,NVIDIA,9688.0,781.0,9.178746500385005,3920.0,224.4,1664.0,1050.0,1178.0,148.0,9688.0,65.45945945945945,2014.0,12.0,Maxwell 2.0,970.0,GTX,2,0,GeForce GTX 970,GeForce GTX 970
29500.0,10.292145542327912,GeForce GTX 970,4.0,GIGABYTE,9688.0,781.0,9.178746500385005,3920.0,224.4,1664.0,1050.0,1178.0,148.0,9688.0,65.45945945945945,2014.0,12.0,Maxwell 2.0,970.0,GTX,2,0,GeForce GTX 970,GeForce GTX 970
27500.0,10.221941283654663,GeForce GTX 970,4.0,NVIDIA,9688.0,781.0,9.178746500385005,3920.0,224.4,1664.0,1050.0,1178.0,148.0,9688.0,65.45945945945945,2014.0,12.0,Maxwell 2.0,970.0,GTX,2,0,GeForce GTX 970,GeForce GTX 970
28999.0,10.275016625615446,GeForce GTX 970,4.0,NVIDIA,9688.0,781.0,9.178746500385005,3920.0,224.4,1664.0,1050.0,1178.0,148.0,9688.0,65.45945945945945,2014.0,12.0,Maxwell 2.0,970.0,GTX,2,0,GeForce GTX 970,GeForce GTX 970
29500.0,10.292145542327912,GeForce GTX 970,4.0,ASUS,9688.0,781.0,9.178746500385005,3920.0,224.4,1664.0,1050.0,1178.0,148.0,9688.0,65.45945945945945,2014.0,12.0,Maxwell 2.0,970.0,GTX,2,0,GeForce GTX 970,GeForce GTX 970
35000.0,10.46310334047155,GeForce GTX 980,8.0,ASUS,11237.0,815.0,9.327056171672144,4981.0,224.4,2048.0,1127.0,1216.0,165.0,11237.0,68.10303030303031,2014.0,12.0,Maxwell 2.0,980.0,GTX,2,0,GeForce GTX 980,GeForce GTX 980
38000.0,10.545341438708522,GeForce GTX 980,8.0,MSI,11237.0,815.0,9.327056171672144,4981.0,224.4,2048.0,1127.0,1216.0,165.0,11237.0,68.10303030303031,2014.0,12.0,Maxwell 2.0,980.0,GTX,2,0,GeForce GTX 980,GeForce GTX 980
29000.0,10.275051108968611,GeForce GTX 980,6.0,GALAX,11237.0,815.0,9.327056171672144,4981.0,224.4,2048.0,1127.0,1216.0,165.0,11237.0,68.10303030303031,2014.0,12.0,Maxwell 2.0,980.0,GTX,2,0,GeForce GTX 980,GeForce GTX 980
37500.0,10.532096211958502,GeForce GTX 980,6.0,GIGABYTE,11237.0,815.0,9.327056171672144,4981.0,224.4,2048.0,1127.0,1216.0,165.0,11237.0,68.10303030303031,2014.0,12.0,Maxwell 2.0,980.0,GTX,2,0,GeForce GTX 980,GeForce GTX 980
29000.0,10.275051108968611,GeForce GTX 980,8.0,GIGABYTE,11237.0,815.0,9.327056171672144,4981.0,224.4,2048.0,1127.0,1216.0,165.0,11237.0,68.10303030303031,2014.0,12.0,Maxwell 2.0,980.0,GTX,2,0,GeForce GTX 980,GeForce GTX 980
31500.0,10.357742824813725,GeForce GTX 980,4.0,GALAX,11237.0,815.0,9.327056171672144,4981.0,224.4,2048.0,1127.0,1216.0,165.0,11237.0,68.10303030303031,2014.0,12.0,Maxwell 2.0,980.0,GTX,2,0,GeForce GTX 980,GeForce GTX 980
38000.0,10.545341438708522,GeForce GTX 980,4.0,MSI,11237.0,815.0,9.327056171672144,4981.0,224.4,2048.0,1127.0,1216.0,165.0,11237.0,68.10303030303031,2014.0,12.0,Maxwell 2.0,980.0,GTX,2,0,GeForce GTX 980,GeForce GTX 980
33000.0,10.404262840448617,GeForce GTX 980,4.0,GALAX,11237.0,815.0,9.327056171672144,4981.0,224.4,2048.0,1127.0,1216.0,165.0,11237.0,68.10303030303031,2014.0,12.0,Maxwell 2.0,980.0,GTX,2,0,GeForce GTX 980,GeForce GTX 980
35500.0,10.477287975463508,GeForce GTX 980,8.0,ASUS,11237.0,815.0,9.327056171672144,4981.0,224.4,2048.0,1127.0,1216.0,165.0,11237.0,68.10303030303031,2014.0,12.0,Maxwell 2.0,980.0,GTX,2,0,GeForce GTX 980,GeForce GTX 980
28500.0,10.257659366256743,GeForce GTX 980,6.0,GIGABYTE,11237.0,815.0,9.327056171672144,4981.0,224.4,2048.0,1127.0,1216.0,165.0,11237.0,68.10303030303031,2014.0,12.0,Maxwell 2.0,980.0,GTX,2,0,GeForce GTX 980,GeForce GTX 980
36500.0,10.505067539570582,GeForce GTX 980,6.0,MSI,11237.0,815.0,9.327056171672144,4981.0,224.4,2048.0,1127.0,1216.0,165.0,11237.0,68.10303030303031,2014.0,12.0,Maxwell 2.0,980.0,GTX,2,0,GeForce GTX 980,GeForce GTX 980
28500.0,10.257659366256743,GeForce GTX 980,6.0,ZOTAC,11237.0,815.0,9.327056171672144,4981.0,224.4,2048.0,1127.0,1216.0,165.0,11237.0,68.10303030303031,2014.0,12.0,Maxwell 2.0,980.0,GTX,2,0,GeForce GTX 980,GeForce GTX 980
37000.0,10.51867319162636,GeForce GTX 980,4.0,PALIT,11237.0,815.0,9.327056171672144,4981.0,224.4,2048.0,1127.0,1216.0,165.0,11237.0,68.10303030303031,2014.0,12.0,Maxwell 2.0,980.0,GTX,2,0,GeForce GTX 980,GeForce GTX 980
34500.0,10.448714603019452,GeForce GTX 980,8.0,PALIT,11237.0,815.0,9.327056171672144,4981.0,224.4,2048.0,1127.0,1216.0,165.0,11237.0,68.10303030303031,2014.0,12.0,Maxwell 2.0,980.0,GTX,2,0,GeForce GTX 980,GeForce GTX 980
34500.0,10.448714603019452,GeForce GTX 980,8.0,GALAX,11237.0,815.0,9.327056171672144,4981.0,224.4,2048.0,1127.0,1216.0,165.0,11237.0,68.10303030303031,2014.0,12.0,Maxwell 2.0,980.0,GTX,2,0,GeForce GTX 980,GeForce GTX 980
29500.0,10.292145542327912,GeForce GTX 980,6.0,ZOTAC,11237.0,815.0,9.327056171672144,4981.0,224.4,2048.0,1127.0,1216.0,165.0,11237.0,68.10303030303031,2014.0,12.0,Maxwell 2.0,980.0,GTX,2,0,GeForce GTX 980,GeForce GTX 980
33000.0,10.404262840448617,GeForce GTX 980,8.0,PALIT,11237.0,815.0,9.327056171672144,4981.0,224.4,2048.0,1127.0,1216.0,165.0,11237.0,68.10303030303031,2014.0,12.0,Maxwell 2.0,980.0,GTX,2,0,GeForce GTX 980,GeForce GTX 980
30500.0,10.325481962595504,GeForce GTX 980,8.0,ASUS,11237.0,815.0,9.327056171672144,4981.0,224.4,2048.0,1127.0,1216.0,165.0,11237.0,68.10303030303031,2014.0,12.0,Maxwell 2.0,980.0,GTX,2,0,GeForce GTX 980,GeForce GTX 980
32000.0,10.373491181781864,GeForce GTX 980,8.0,GIGABYTE,11237.0,815.0,9.327056171672144,4981.0,224.4,2048.0,1127.0,1216.0,165.0,11237.0,68.10303030303031,2014.0,12.0,Maxwell 2.0,980.0,GTX,2,0,GeForce GTX 980,GeForce GTX 980
38000.0,10.545341438708522,GeForce GTX 980,6.0,GIGABYTE,11237.0,815.0,9.327056171672144,4981.0,224.4,2048.0,1127.0,1216.0,165.0,11237.0,68.10303030303031,2014.0,12.0,Maxwell 2.0,980.0,GTX,2,0,GeForce GTX 980,GeForce GTX 980
33000.0,10.404262840448617,GeForce GTX 980,8.0,GALAX,11237.0,815.0,9.327056171672144,4981.0,224.4,2048.0,1127.0,1216.0,165.0,11237.0,68.10303030303031,2014.0,12.0,Maxwell 2.0,980.0,GTX,2,0,GeForce GTX 980,GeForce GTX 980
36500.0,10.505067539570582,GeForce GTX 980,4.0,ASUS,11237.0,815.0,9.327056171672144,4981.0,224.4,2048.0,1127.0,1216.0,165.0,11237.0,68.10303030303031,2014.0,12.0,Maxwell 2.0,980.0,GTX,2,0,GeForce GTX 980,GeForce GTX 980
32500.0,10.388995368317829,GeForce GTX 980,8.0,ASUS,11237.0,815.0,9.327056171672144,4981.0,224.4,2048.0,1127.0,1216.0,165.0,11237.0,68.10303030303031,2014.0,12.0,Maxwell 2.0,980.0,GTX,2,0,GeForce GTX 980,GeForce GTX 980
33000.0,10.404262840448617,GeForce GTX 980,6.0,MSI,11237.0,815.0,9.327056171672144,4981.0,224.4,2048.0,1127.0,1216.0,165.0,11237.0,68.10303030303031,2014.0,12.0,Maxwell 2.0,980.0,GTX,2,0,GeForce GTX 980,GeForce GTX 980
33000.0,10.404262840448617,GeForce GTX 980,4.0,MSI,11237.0,815.0,9.327056171672144,4981.0,224.4,2048.0,1127.0,1216.0,165.0,11237.0,68.10303030303031,2014.0,12.0,Maxwell 2.0,980.0,GTX,2,0,GeForce GTX 980,GeForce GTX 980
28500.0,10.257659366256743,GeForce GTX 980,4.0,GIGABYTE,11237.0,815.0,9.327056171672144,4981.0,224.4,2048.0,1127.0,1216.0,165.0,11237.0,68.10303030303031,2014.0,12.0,Maxwell 2.0,980.0,GTX,2,0,GeForce GTX 980,GeForce GTX 980
36000.0,10.491274217438248,GeForce GTX 980,6.0,GALAX,11237.0,815.0,9.327056171672144,4981.0,224.4,2048.0,1127.0,1216.0,165.0,11237.0,68.10303030303031,2014.0,12.0,Maxwell 2.0,980.0,GTX,2,0,GeForce GTX 980,GeForce GTX 980
30500.0,10.325481962595504,GeForce GTX 980,8.0,GIGABYTE,11237.0,815.0,9.327056171672144,4981.0,224.4,2048.0,1127.0,1216.0,165.0,11237.0,68.10303030303031,2014.0,12.0,Maxwell 2.0,980.0,GTX,2,0,GeForce GTX 980,GeForce GTX 980
31000.0,10.341742483467284,GeForce GTX 980,8.0,ASUS,11237.0,815.0,9.327056171672144,4981.0,224.4,2048.0,1127.0,1216.0,165.0,11237.0,68.10303030303031,2014.0,12.0,Maxwell 2.0,980.0,GTX,2,0,GeForce GTX 980,GeForce GTX 980
32500.0,10.388995368317829,GeForce GTX 980,4.0,PALIT,11237.0,815.0,9.327056171672144,4981.0,224.4,2048.0,1127.0,1216.0,165.0,11237.0,68.10303030303031,2014.0,12.0,Maxwell 2.0,980.0,GTX,2,0,GeForce GTX 980,GeForce GTX 980
31500.0,10.357742824813725,GeForce GTX 980,4.0,ZOTAC,11237.0,815.0,9.327056171672144,4981.0,224.4,2048.0,1127.0,1216.0,165.0,11237.0,68.10303030303031,2014.0,12.0,Maxwell 2.0,980.0,GTX,2,0,GeForce GTX 980,GeForce GTX 980
37000.0,10.51867319162636,GeForce GTX 980,8.0,GIGABYTE,11237.0,815.0,9.327056171672144,4981.0,224.4,2048.0,1127.0,1216.0,165.0,11237.0,68.10303030303031,2014.0,12.0,Maxwell 2.0,980.0,GTX,2,0,GeForce GTX 980,GeForce GTX 980
31500.0,10.357742824813725,GeForce GTX 980,6.0,GIGABYTE,11237.0,815.0,9.327056171672144,4981.0,224.4,2048.0,1127.0,1216.0,165.0,11237.0,68.10303030303031,2014.0,12.0,Maxwell 2.0,980.0,GTX,2,0,GeForce GTX 980,GeForce GTX 980
32500.0,10.388995368317829,GeForce GTX 980,6.0,PALIT,11237.0,815.0,9.327056171672144,4981.0,224.4,2048.0,1127.0,1216.0,165.0,11237.0,68.10303030303031,2014.0,12.0,Maxwell 2.0,980.0,GTX,2,0,GeForce GTX 980,GeForce GTX 980
37000.0,10.51867319162636,GeForce GTX 980,8.0,ZOTAC,11237.0,815.0,9.327056171672144,4981.0,224.4,2048.0,1127.0,1216.0,165.0,11237.0,68.10303030303031,2014.0,12.0,Maxwell 2.0,980.0,GTX,2,0,GeForce GTX 980,GeForce GTX 980
33500.0,10.419300717813158,GeForce GTX 980,6.0,ASUS,11237.0,815.0,9.327056171672144,4981.0,224.4,2048.0,1127.0,1216.0,165.0,11237.0,68.10303030303031,2014.0,12.0,Maxwell 2.0,980.0,GTX,2,0,GeForce GTX 980,GeForce GTX 980
36000.0,10.491274217438248,GeForce GTX 980,6.0,PALIT,11237.0,815.0,9.327056171672144,4981.0,224.4,2048.0,1127.0,1216.0,165.0,11237.0,68.10303030303031,2014.0,12.0,Maxwell 2.0,980.0,GTX,2,0,GeForce GTX 980,GeForce GTX 980
36500.0,10.505067539570582,GeForce GTX 980,4.0,PALIT,11237.0,815.0,9.327056171672144,4981.0,224.4,2048.0,1127.0,1216.0,165.0,11237.0,68.10303030303031,2014.0,12.0,Maxwell 2.0,980.0,GTX,2,0,GeForce GTX 980,GeForce GTX 980
33000.0,10.404262840448617,GeForce GTX 980,6.0,ZOTAC,11237.0,815.0,9.327056171672144,4981.0,224.4,2048.0,1127.0,1216.0,165.0,11237.0,68.10303030303031,2014.0,12.0,Maxwell 2.0,980.0,GTX,2,0,GeForce GTX 980,GeForce GTX 980
29000.0,10.275051108968611,GeForce GTX 980,4.0,MSI,11237.0,815.0,9.327056171672144,4981.0,224.4,2048.0,1127.0,1216.0,165.0,11237.0,68.10303030303031,2014.0,12.0,Maxwell 2.0,980.0,GTX,2,0,GeForce GTX 980,GeForce GTX 980
36500.0,10.505067539570582,GeForce GTX 980,8.0,GIGABYTE,11237.0,815.0,9.327056171672144,4981.0,224.4,2048.0,1127.0,1216.0,165.0,11237.0,68.10303030303031,2014.0,12.0,Maxwell 2.0,980.0,GTX,2,0,GeForce GTX 980,GeForce GTX 980
37500.0,10.532096211958502,GeForce GTX 980,6.0,ASUS,11237.0,815.0,9.327056171672144,4981.0,224.4,2048.0,1127.0,1216.0,165.0,11237.0,68.10303030303031,2014.0,12.0,Maxwell 2.0,980.0,GTX,2,0,GeForce GTX 980,GeForce GTX 980
32500.0,10.388995368317829,GeForce GTX 980,4.0,ASUS,11237.0,815.0,9.327056171672144,4981.0,224.4,2048.0,1127.0,1216.0,165.0,11237.0,68.10303030303031,2014.0,12.0,Maxwell 2.0,980.0,GTX,2,0,GeForce GTX 980,GeForce GTX 980
35000.0,10.46310334047155,GeForce GTX 980,4.0,ASUS,11237.0,815.0,9.327056171672144,4981.0,224.4,2048.0,1127.0,1216.0,165.0,11237.0,68.10303030303031,2014.0,12.0,Maxwell 2.0,980.0,GTX,2,0,GeForce GTX 980,GeForce GTX 980
33500.0,10.419300717813158,GeForce GTX 980,4.0,EVGA,11237.0,815.0,9.327056171672144,4981.0,224.4,2048.0,1127.0,1216.0,165.0,11237.0,68.10303030303031,2014.0,12.0,Maxwell 2.0,980.0,GTX,2,0,GeForce GTX 980,GeForce GTX 980
33500.0,10.419300717813158,GeForce GTX 980,4.0,GIGABYTE,11237.0,815.0,9.327056171672144,4981.0,224.4,2048.0,1127.0,1216.0,165.0,11237.0,68.10303030303031,2014.0,12.0,Maxwell 2.0,980.0,GTX,2,0,GeForce GTX 980,GeForce GTX 980
32500.0,10.388995368317829,GeForce GTX 980,4.0,NVIDIA,11237.0,815.0,9.327056171672144,4981.0,224.4,2048.0,1127.0,1216.0,165.0,11237.0,68.10303030303031,2014.0,12.0,Maxwell 2.0,980.0,GTX,2,0,GeForce GTX 980,GeForce GTX 980
32500.0,10.388995368317829,GeForce GTX 980,4.0,GALAX,11237.0,815.0,9.327056171672144,4981.0,224.4,2048.0,1127.0,1216.0,165.0,11237.0,68.10303030303031,2014.0,12.0,Maxwell 2.0,980.0,GTX,2,0,GeForce GTX 980,GeForce GTX 980
28500.0,10.257659366256743,GeForce GTX 980,4.0,NVIDIA,11237.0,815.0,9.327056171672144,4981.0,224.4,2048.0,1127.0,1216.0,165.0,11237.0,68.10303030303031,2014.0,12.0,Maxwell 2.0,980.0,GTX,2,0,GeForce GTX 980,GeForce GTX 980
34000.0,10.4341158035983,GeForce GTX 980 Ti,6.0,NVIDIA,13864.0,854.0,9.537122958049878,6060.0,336.6,2816.0,1000.0,1076.0,250.0,13864.0,55.456,2015.0,11.0,Maxwell 2.0,980.0,GTX,2,1,GeForce GTX 980 Ti,GeForce GTX 980 Ti
35000.0,10.46310334047155,GeForce GTX 980 Ti,6.0,MSI,13864.0,854.0,9.537122958049878,6060.0,336.6,2816.0,1000.0,1076.0,250.0,13864.0,55.456,2015.0,11.0,Maxwell 2.0,980.0,GTX,2,1,GeForce GTX 980 Ti,GeForce GTX 980 Ti
3000.0,8.006367567650246,HD 5450,1.0,AMD,,,0.0,,,,,,,,,,,,5450.0,HD,0,0,,
5000.0,8.517193191416238,R 7 250,3.0,AMD,,,0.0,,,,,,,,,,,,250.0,OTHER,0,0,,
9900.0,9.20029003612268,R 7 260,2.0,GIGABYTE,,,0.0,,,,,,,,,,,,260.0,OTHER,0,0,,
10900.0,9.296518068217235,R 7260,2.0,GIGABYTE,,,0.0,,,,,,,,,,,,7260.0,OTHER,0,0,,
11900.0,9.38429367909962,R 7260,2.0,GIGABYTE,,,0.0,,,,,,,,,,,,7260.0,OTHER,0,0,,
10000.0,9.210340371976184,R 9 280,3.0,SAPPHIRE,,,0.0,,,,,,,,,,,,280.0,OTHER,0,0,,
20000.0,9.903487552536127,R 9 290,4.0,SAPPHIRE,,,0.0,,,,,,,,,,,,290.0,OTHER,0,0,,
61000.0,11.018629143155449,GeForce RTX 2060,12.0,ZOTAC,13953.0,752.0,9.543521484499182,6451.0,336.0,1920.0,1365.0,1680.0,160.0,13953.0,87.20625,2019.0,7.0,Turing,2060.0,RTX,4,0,GeForce RTX 2060,GeForce RTX 2060
59500.0,10.993731591533722,GeForce RTX 2060,12.0,ASUS,13953.0,752.0,9.543521484499182,6451.0,336.0,1920.0,1365.0,1680.0,160.0,13953.0,87.20625,2019.0,7.0,Turing,2060.0,RTX,4,0,GeForce RTX 2060,GeForce RTX 2060
59500.0,10.993731591533722,GeForce RTX 2060,6.0,PALIT,13953.0,752.0,9.543521484499182,6451.0,336.0,1920.0,1365.0,1680.0,160.0,13953.0,87.20625,2019.0,7.0,Turing,2060.0,RTX,4,0,GeForce RTX 2060,GeForce RTX 2060
58000.0,10.968198289528557,GeForce RTX 2060,12.0,GALAX,13953.0,752.0,9.543521484499182,6451.0,336.0,1920.0,1365.0,1680.0,160.0,13953.0,87.20625,2019.0,7.0,Turing,2060.0,RTX,4,0,GeForce RTX 2060,GeForce RTX 2060
66500.0,11.104957226643945,GeForce RTX 2060,6.0,MSI,13953.0,752.0,9.543521484499182,6451.0,336.0,1920.0,1365.0,1680.0,160.0,13953.0,87.20625,2019.0,7.0,Turing,2060.0,RTX,4,0,GeForce RTX 2060,GeForce RTX 2060
78000.0,11.26446410567173,GeForce RTX 2060,12.0,PALIT,13953.0,752.0,9.543521484499182,6451.0,336.0,1920.0,1365.0,1680.0,160.0,13953.0,87.20625,2019.0,7.0,Turing,2060.0,RTX,4,0,GeForce RTX 2060,GeForce RTX 2060
58000.0,10.968198289528557,GeForce RTX 2060,6.0,GIGABYTE,13953.0,752.0,9.543521484499182,6451.0,336.0,1920.0,1365.0,1680.0,160.0,13953.0,87.20625,2019.0,7.0,Turing,2060.0,RTX,4,0,GeForce RTX 2060,GeForce RTX 2060
60000.0,11.002099841204238,GeForce RTX 2060,6.0,MSI,13953.0,752.0,9.543521484499182,6451.0,336.0,1920.0,1365.0,1680.0,160.0,13953.0,87.20625,2019.0,7.0,Turing,2060.0,RTX,4,0,GeForce RTX 2060,GeForce RTX 2060
72000.0,11.184421397998193,GeForce RTX 2060,6.0,ZOTAC,13953.0,752.0,9.543521484499182,6451.0,336.0,1920.0,1365.0,1680.0,160.0,13953.0,87.20625,2019.0,7.0,Turing,2060.0,RTX,4,0,GeForce RTX 2060,GeForce RTX 2060
62500.0,11.042921835724492,GeForce RTX 2060,6.0,ASUS,13953.0,752.0,9.543521484499182,6451.0,336.0,1920.0,1365.0,1680.0,160.0,13953.0,87.20625,2019.0,7.0,Turing,2060.0,RTX,4,0,GeForce RTX 2060,GeForce RTX 2060
66000.0,11.097410021008562,GeForce RTX 2060,12.0,MSI,13953.0,752.0,9.543521484499182,6451.0,336.0,1920.0,1365.0,1680.0,160.0,13953.0,87.20625,2019.0,7.0,Turing,2060.0,RTX,4,0,GeForce RTX 2060,GeForce RTX 2060
72500.0,11.191341840842766,GeForce RTX 2060,12.0,ZOTAC,13953.0,752.0,9.543521484499182,6451.0,336.0,1920.0,1365.0,1680.0,160.0,13953.0,87.20625,2019.0,7.0,Turing,2060.0,RTX,4,0,GeForce RTX 2060,GeForce RTX 2060
58500.0,10.976782033219948,GeForce RTX 2060,12.0,GIGABYTE,13953.0,752.0,9.543521484499182,6451.0,336.0,1920.0,1365.0,1680.0,160.0,13953.0,87.20625,2019.0,7.0,Turing,2060.0,RTX,4,0,GeForce RTX 2060,GeForce RTX 2060
75500.0,11.231887935237117,GeForce RTX 2060,12.0,GALAX,13953.0,752.0,9.543521484499182,6451.0,336.0,1920.0,1365.0,1680.0,160.0,13953.0,87.20625,2019.0,7.0,Turing,2060.0,RTX,4,0,GeForce RTX 2060,GeForce RTX 2060
61000.0,11.018629143155449,GeForce RTX 2060,6.0,GALAX,13953.0,752.0,9.543521484499182,6451.0,336.0,1920.0,1365.0,1680.0,160.0,13953.0,87.20625,2019.0,7.0,Turing,2060.0,RTX,4,0,GeForce RTX 2060,GeForce RTX 2060
65500.0,11.089805421623343,GeForce RTX 2060,12.0,ZOTAC,13953.0,752.0,9.543521484499182,6451.0,336.0,1920.0,1365.0,1680.0,160.0,13953.0,87.20625,2019.0,7.0,Turing,2060.0,RTX,4,0,GeForce RTX 2060,GeForce RTX 2060
59500.0,10.993731591533722,GeForce RTX 2060,6.0,ASUS,13953.0,752.0,9.543521484499182,6451.0,336.0,1920.0,1365.0,1680.0,160.0,13953.0,87.20625,2019.0,7.0,Turing,2060.0,RTX,4,0,GeForce RTX 2060,GeForce RTX 2060
58000.0,10.968198289528557,GeForce RTX 2060,6.0,ASUS,13953.0,752.0,9.543521484499182,6451.0,336.0,1920.0,1365.0,1680.0,160.0,13953.0,87.20625,2019.0,7.0,Turing,2060.0,RTX,4,0,GeForce RTX 2060,GeForce RTX 2060
75000.0,11.225243392518447,GeForce RTX 2060,12.0,ASUS,13953.0,752.0,9.543521484499182,6451.0,336.0,1920.0,1365.0,1680.0,160.0,13953.0,87.20625,2019.0,7.0,Turing,2060.0,RTX,4,0,GeForce RTX 2060,GeForce RTX 2060
67000.0,11.112447898373103,GeForce RTX 2060,6.0,MSI,13953.0,752.0,9.543521484499182,6451.0,336.0,1920.0,1365.0,1680.0,160.0,13953.0,87.20625,2019.0,7.0,Turing,2060.0,RTX,4,0,GeForce RTX 2060,GeForce RTX 2060
58500.0,10.976782033219948,GeForce RTX 2060,12.0,GALAX,13953.0,752.0,9.543521484499182,6451.0,336.0,1920.0,1365.0,1680.0,160.0,13953.0,87.20625,2019.0,7.0,Turing,2060.0,RTX,4,0,GeForce RTX 2060,GeForce RTX 2060
63500.0,11.058795184880783,GeForce RTX 2060,6.0,GIGABYTE,13953.0,752.0,9.543521484499182,6451.0,336.0,1920.0,1365.0,1680.0,160.0,13953.0,87.20625,2019.0,7.0,Turing,2060.0,RTX,4,0,GeForce RTX 2060,GeForce RTX 2060
64500.0,11.074420502783864,GeForce RTX 2060,12.0,MSI,13953.0,752.0,9.543521484499182,6451.0,336.0,1920.0,1365.0,1680.0,160.0,13953.0,87.20625,2019.0,7.0,Turing,2060.0,RTX,4,0,GeForce RTX 2060,GeForce RTX 2060
64000.0,11.06663836234181,GeForce RTX 2060,6.0,ZOTAC,13953.0,752.0,9.543521484499182,6451.0,336.0,1920.0,1365.0,1680.0,160.0,13953.0,87.20625,2019.0,7.0,Turing,2060.0,RTX,4,0,GeForce RTX 2060,GeForce RTX 2060
71000.0,11.170435156023453,GeForce RTX 2060,6.0,ZOTAC,13953.0,752.0,9.543521484499182,6451.0,336.0,1920.0,1365.0,1680.0,160.0,13953.0,87.20625,2019.0,7.0,Turing,2060.0,RTX,4,0,GeForce RTX 2060,GeForce RTX 2060
60000.0,11.002099841204238,GeForce RTX 2060,6.0,ZOTAC,13953.0,752.0,9.543521484499182,6451.0,336.0,1920.0,1365.0,1680.0,160.0,13953.0,87.20625,2019.0,7.0,Turing,2060.0,RTX,4,0,GeForce RTX 2060,GeForce RTX 2060
71000.0,11.170435156023453,GeForce RTX 2060,12.0,GALAX,13953.0,752.0,9.543521484499182,6451.0,336.0,1920.0,1365.0,1680.0,160.0,13953.0,87.20625,2019.0,7.0,Turing,2060.0,RTX,4,0,GeForce RTX 2060,GeForce RTX 2060
76000.0,11.238488619268468,GeForce RTX 2060,6.0,ASUS,13953.0,752.0,9.543521484499182,6451.0,336.0,1920.0,1365.0,1680.0,160.0,13953.0,87.20625,2019.0,7.0,Turing,2060.0,RTX,4,0,GeForce RTX 2060,GeForce RTX 2060
60000.0,11.002099841204238,GeForce RTX 2060,12.0,ASUS,13953.0,752.0,9.543521484499182,6451.0,336.0,1920.0,1365.0,1680.0,160.0,13953.0,87.20625,2019.0,7.0,Turing,2060.0,RTX,4,0,GeForce RTX 2060,GeForce RTX 2060
67500.0,11.119882876860622,GeForce RTX 2060,12.0,MSI,13953.0,752.0,9.543521484499182,6451.0,336.0,1920.0,1365.0,1680.0,160.0,13953.0,87.20625,2019.0,7.0,Turing,2060.0,RTX,4,0,GeForce RTX 2060,GeForce RTX 2060
77000.0,11.251560700835821,GeForce RTX 2060,6.0,GIGABYTE,13953.0,752.0,9.543521484499182,6451.0,336.0,1920.0,1365.0,1680.0,160.0,13953.0,87.20625,2019.0,7.0,Turing,2060.0,RTX,4,0,GeForce RTX 2060,GeForce RTX 2060
60000.0,11.002099841204238,GeForce RTX 2060,12.0,GIGABYTE,13953.0,752.0,9.543521484499182,6451.0,336.0,1920.0,1365.0,1680.0,160.0,13953.0,87.20625,2019.0,7.0,Turing,2060.0,RTX,4,0,GeForce RTX 2060,GeForce RTX 2060
66000.0,11.097410021008562,GeForce RTX 2060,6.0,NVIDIA,13953.0,752.0,9.543521484499182,6451.0,336.0,1920.0,1365.0,1680.0,160.0,13953.0,87.20625,2019.0,7.0,Turing,2060.0,RTX,4,0,GeForce RTX 2060,GeForce RTX 2060
75000.0,11.225243392518447,GeForce RTX 2060,12.0,NVIDIA,13953.0,752.0,9.543521484499182,6451.0,336.0,1920.0,1365.0,1680.0,160.0,13953.0,87.20625,2019.0,7.0,Turing,2060.0,RTX,4,0,GeForce RTX 2060,GeForce RTX 2060
59500.0,10.993731591533722,GeForce RTX 2060,6.0,NVIDIA,13953.0,752.0,9.543521484499182,6451.0,336.0,1920.0,1365.0,1680.0,160.0,13953.0,87.20625,2019.0,7.0,Turing,2060.0,RTX,4,0,GeForce RTX 2060,GeForce RTX 2060
60000.0,11.002099841204238,GeForce RTX 2060,6.0,NVIDIA,13953.0,752.0,9.543521484499182,6451.0,336.0,1920.0,1365.0,1680.0,160.0,13953.0,87.20625,2019.0,7.0,Turing,2060.0,RTX,4,0,GeForce RTX 2060,GeForce RTX 2060
65000.0,11.082142548877775,GeForce RTX 2060,6.0,ASUS,13953.0,752.0,9.543521484499182,6451.0,336.0,1920.0,1365.0,1680.0,160.0,13953.0,87.20625,2019.0,7.0,Turing,2060.0,RTX,4,0,GeForce RTX 2060,GeForce RTX 2060
65450.0,11.089041771338046,GeForce RTX 2060,6.0,NVIDIA,13953.0,752.0,9.543521484499182,6451.0,336.0,1920.0,1365.0,1680.0,160.0,13953.0,87.20625,2019.0,7.0,Turing,2060.0,RTX,4,0,GeForce RTX 2060,GeForce RTX 2060
70000.0,11.156250521031495,GeForce RTX 2060,8.0,NVIDIA,13953.0,752.0,9.543521484499182,6451.0,336.0,1920.0,1365.0,1680.0,160.0,13953.0,87.20625,2019.0,7.0,Turing,2060.0,RTX,4,0,GeForce RTX 2060,GeForce RTX 2060
80000.0,11.289781913656018,GeForce RTX 2060,12.0,ASUS,13953.0,752.0,9.543521484499182,6451.0,336.0,1920.0,1365.0,1680.0,160.0,13953.0,87.20625,2019.0,7.0,Turing,2060.0,RTX,4,0,GeForce RTX 2060,GeForce RTX 2060
72000.0,11.184421397998193,GeForce RTX 2060,8.0,MSI,13953.0,752.0,9.543521484499182,6451.0,336.0,1920.0,1365.0,1680.0,160.0,13953.0,87.20625,2019.0,7.0,Turing,2060.0,RTX,4,0,GeForce RTX 2060,GeForce RTX 2060
75000.0,11.225243392518447,GeForce RTX 2060,8.0,MSI,13953.0,752.0,9.543521484499182,6451.0,336.0,1920.0,1365.0,1680.0,160.0,13953.0,87.20625,2019.0,7.0,Turing,2060.0,RTX,4,0,GeForce RTX 2060,GeForce RTX 2060
66000.0,11.097410021008562,GeForce RTX 2060,6.0,MSI,13953.0,752.0,9.543521484499182,6451.0,336.0,1920.0,1365.0,1680.0,160.0,13953.0,87.20625,2019.0,7.0,Turing,2060.0,RTX,4,0,GeForce RTX 2060,GeForce RTX 2060
70000.0,11.156250521031495,GeForce RTX 2060,6.0,ASUS,13953.0,752.0,9.543521484499182,6451.0,336.0,1920.0,1365.0,1680.0,160.0,13953.0,87.20625,2019.0,7.0,Turing,2060.0,RTX,4,0,GeForce RTX 2060,GeForce RTX 2060
61000.0,11.018629143155449,GeForce RTX 2060,6.0,NVIDIA,13953.0,752.0,9.543521484499182,6451.0,336.0,1920.0,1365.0,1680.0,160.0,13953.0,87.20625,2019.0,7.0,Turing,2060.0,RTX,4,0,GeForce RTX 2060,GeForce RTX 2060
70000.0,11.156250521031495,GeForce RTX 2060,8.0,MSI,13953.0,752.0,9.543521484499182,6451.0,336.0,1920.0,1365.0,1680.0,160.0,13953.0,87.20625,2019.0,7.0,Turing,2060.0,RTX,4,0,GeForce RTX 2060,GeForce RTX 2060
59000.0,10.985292722887856,GeForce RTX 2060,8.0,NVIDIA,13953.0,752.0,9.543521484499182,6451.0,336.0,1920.0,1365.0,1680.0,160.0,13953.0,87.20625,2019.0,7.0,Turing,2060.0,RTX,4,0,GeForce RTX 2060,GeForce RTX 2060
69000.0,11.141861783579396,GeForce RTX 2060,8.0,MSI,13953.0,752.0,9.543521484499182,6451.0,336.0,1920.0,1365.0,1680.0,160.0,13953.0,87.20625,2019.0,7.0,Turing,2060.0,RTX,4,0,GeForce RTX 2060,GeForce RTX 2060
70000.0,11.156250521031495,GeForce RTX 2060,8.0,PALIT,13953.0,752.0,9.543521484499182,6451.0,336.0,1920.0,1365.0,1680.0,160.0,13953.0,87.20625,2019.0,7.0,Turing,2060.0,RTX,4,0,GeForce RTX 2060,GeForce RTX 2060
65000.0,11.082142548877775,GeForce RTX 2060,6.0,GIGABYTE,13953.0,752.0,9.543521484499182,6451.0,336.0,1920.0,1365.0,1680.0,160.0,13953.0,87.20625,2019.0,7.0,Turing,2060.0,RTX,4,0,GeForce RTX 2060,GeForce RTX 2060
73500.0,11.205040685200927,GeForce RTX 2060,8.0,ASUS,13953.0,752.0,9.543521484499182,6451.0,336.0,1920.0,1365.0,1680.0,160.0,13953.0,87.20625,2019.0,7.0,Turing,2060.0,RTX,4,0,GeForce RTX 2060,GeForce RTX 2060
65000.0,11.082142548877775,GeForce RTX 2060,8.0,ZOTAC,13953.0,752.0,9.543521484499182,6451.0,336.0,1920.0,1365.0,1680.0,160.0,13953.0,87.20625,2019.0,7.0,Turing,2060.0,RTX,4,0,GeForce RTX 2060,GeForce RTX 2060
72500.0,11.191341840842766,GeForce RTX 2060,8.0,GALAX,13953.0,752.0,9.543521484499182,6451.0,336.0,1920.0,1365.0,1680.0,160.0,13953.0,87.20625,2019.0,7.0,Turing,2060.0,RTX,4,0,GeForce RTX 2060,GeForce RTX 2060
73500.0,11.205040685200927,GeForce RTX 2060,8.0,MSI,13953.0,752.0,9.543521484499182,6451.0,336.0,1920.0,1365.0,1680.0,160.0,13953.0,87.20625,2019.0,7.0,Turing,2060.0,RTX,4,0,GeForce RTX 2060,GeForce RTX 2060
72500.0,11.191341840842766,GeForce RTX 2060,8.0,MSI,13953.0,752.0,9.543521484499182,6451.0,336.0,1920.0,1365.0,1680.0,160.0,13953.0,87.20625,2019.0,7.0,Turing,2060.0,RTX,4,0,GeForce RTX 2060,GeForce RTX 2060
66000.0,11.097410021008562,GeForce RTX 2060,6.0,PALIT,13953.0,752.0,9.543521484499182,6451.0,336.0,1920.0,1365.0,1680.0,160.0,13953.0,87.20625,2019.0,7.0,Turing,2060.0,RTX,4,0,GeForce RTX 2060,GeForce RTX 2060
62000.0,11.03488966402723,GeForce RTX 2060,6.0,GALAX,13953.0,752.0,9.543521484499182,6451.0,336.0,1920.0,1365.0,1680.0,160.0,13953.0,87.20625,2019.0,7.0,Turing,2060.0,RTX,4,0,GeForce RTX 2060,GeForce RTX 2060
75000.0,11.225243392518447,GeForce RTX 2060,8.0,GIGABYTE,13953.0,752.0,9.543521484499182,6451.0,336.0,1920.0,1365.0,1680.0,160.0,13953.0,87.20625,2019.0,7.0,Turing,2060.0,RTX,4,0,GeForce RTX 2060,GeForce RTX 2060
69000.0,11.141861783579396,GeForce RTX 2060,8.0,NVIDIA,13953.0,752.0,9.543521484499182,6451.0,336.0,1920.0,1365.0,1680.0,160.0,13953.0,87.20625,2019.0,7.0,Turing,2060.0,RTX,4,0,GeForce RTX 2060,GeForce RTX 2060
65000.0,11.082142548877775,GeForce RTX 2060,6.0,ZOTAC,13953.0,752.0,9.543521484499182,6451.0,336.0,1920.0,1365.0,1680.0,160.0,13953.0,87.20625,2019.0,7.0,Turing,2060.0,RTX,4,0,GeForce RTX 2060,GeForce RTX 2060
59500.0,10.993731591533722,GeForce RTX 2060,6.0,GALAX,13953.0,752.0,9.543521484499182,6451.0,336.0,1920.0,1365.0,1680.0,160.0,13953.0,87.20625,2019.0,7.0,Turing,2060.0,RTX,4,0,GeForce RTX 2060,GeForce RTX 2060
66000.0,11.097410021008562,GeForce RTX 2060,6.0,ASUS,13953.0,752.0,9.543521484499182,6451.0,336.0,1920.0,1365.0,1680.0,160.0,13953.0,87.20625,2019.0,7.0,Turing,2060.0,RTX,4,0,GeForce RTX 2060,GeForce RTX 2060
45000.0,10.714417768752456,GeForce RTX 2060,6.0,ASUS,13953.0,752.0,9.543521484499182,6451.0,336.0,1920.0,1365.0,1680.0,160.0,13953.0,87.20625,2019.0,7.0,Turing,2060.0,RTX,4,0,GeForce RTX 2060,GeForce RTX 2060
60000.0,11.002099841204238,GeForce RTX 2060,6.0,GIGABYTE,13953.0,752.0,9.543521484499182,6451.0,336.0,1920.0,1365.0,1680.0,160.0,13953.0,87.20625,2019.0,7.0,Turing,2060.0,RTX,4,0,GeForce RTX 2060,GeForce RTX 2060
45000.0,10.714417768752456,GeForce RTX 2060,8.0,ASUS,13953.0,752.0,9.543521484499182,6451.0,336.0,1920.0,1365.0,1680.0,160.0,13953.0,87.20625,2019.0,7.0,Turing,2060.0,RTX,4,0,GeForce RTX 2060,GeForce RTX 2060
56000.0,10.933106969717286,GeForce RTX 2060,12.0,ASUS,13953.0,752.0,9.543521484499182,6451.0,336.0,1920.0,1365.0,1680.0,160.0,13953.0,87.20625,2019.0,7.0,Turing,2060.0,RTX,4,0,GeForce RTX 2060,GeForce RTX 2060
80000.0,11.289781913656018,GeForce RTX 2060 SUPER,8.0,GALAX,16514.0,881.0,9.71202433782489,7181.0,448.0,2176.0,1470.0,1650.0,175.0,16514.0,94.36571428571429,2019.0,7.0,Turing,2060.0,RTX,4,0,GeForce RTX 2060 SUPER,GeForce RTX 2060 SUPER
66500.0,11.104957226643945,GeForce RTX 2060 SUPER,8.0,GALAX,16514.0,881.0,9.71202433782489,7181.0,448.0,2176.0,1470.0,1650.0,175.0,16514.0,94.36571428571429,2019.0,7.0,Turing,2060.0,RTX,4,0,GeForce RTX 2060 SUPER,GeForce RTX 2060 SUPER
68000.0,11.127262984158243,GeForce RTX 2060 SUPER,8.0,GIGABYTE,16514.0,881.0,9.71202433782489,7181.0,448.0,2176.0,1470.0,1650.0,175.0,16514.0,94.36571428571429,2019.0,7.0,Turing,2060.0,RTX,4,0,GeForce RTX 2060 SUPER,GeForce RTX 2060 SUPER
65500.0,11.089805421623343,GeForce RTX 2060 SUPER,8.0,MSI,16514.0,881.0,9.71202433782489,7181.0,448.0,2176.0,1470.0,1650.0,175.0,16514.0,94.36571428571429,2019.0,7.0,Turing,2060.0,RTX,4,0,GeForce RTX 2060 SUPER,GeForce RTX 2060 SUPER
65500.0,11.089805421623343,GeForce RTX 2060 SUPER,8.0,GIGABYTE,16514.0,881.0,9.71202433782489,7181.0,448.0,2176.0,1470.0,1650.0,175.0,16514.0,94.36571428571429,2019.0,7.0,Turing,2060.0,RTX,4,0,GeForce RTX 2060 SUPER,GeForce RTX 2060 SUPER
71500.0,11.177452728682098,GeForce RTX 2060 SUPER,8.0,PALIT,16514.0,881.0,9.71202433782489,7181.0,448.0,2176.0,1470.0,1650.0,175.0,16514.0,94.36571428571429,2019.0,7.0,Turing,2060.0,RTX,4,0,GeForce RTX 2060 SUPER,GeForce RTX 2060 SUPER
71500.0,11.177452728682098,GeForce RTX 2060 SUPER,8.0,GIGABYTE,16514.0,881.0,9.71202433782489,7181.0,448.0,2176.0,1470.0,1650.0,175.0,16514.0,94.36571428571429,2019.0,7.0,Turing,2060.0,RTX,4,0,GeForce RTX 2060 SUPER,GeForce RTX 2060 SUPER
65000.0,11.082142548877775,GeForce RTX 2060 SUPER,8.0,ZOTAC,16514.0,881.0,9.71202433782489,7181.0,448.0,2176.0,1470.0,1650.0,175.0,16514.0,94.36571428571429,2019.0,7.0,Turing,2060.0,RTX,4,0,GeForce RTX 2060 SUPER,GeForce RTX 2060 SUPER
68500.0,11.134589024250317,GeForce RTX 2060 SUPER,8.0,PALIT,16514.0,881.0,9.71202433782489,7181.0,448.0,2176.0,1470.0,1650.0,175.0,16514.0,94.36571428571429,2019.0,7.0,Turing,2060.0,RTX,4,0,GeForce RTX 2060 SUPER,GeForce RTX 2060 SUPER
67500.0,11.119882876860622,GeForce RTX 2060 SUPER,8.0,GIGABYTE,16514.0,881.0,9.71202433782489,7181.0,448.0,2176.0,1470.0,1650.0,175.0,16514.0,94.36571428571429,2019.0,7.0,Turing,2060.0,RTX,4,0,GeForce RTX 2060 SUPER,GeForce RTX 2060 SUPER
78500.0,11.2708539037705,GeForce RTX 2060 SUPER,8.0,MSI,16514.0,881.0,9.71202433782489,7181.0,448.0,2176.0,1470.0,1650.0,175.0,16514.0,94.36571428571429,2019.0,7.0,Turing,2060.0,RTX,4,0,GeForce RTX 2060 SUPER,GeForce RTX 2060 SUPER
79000.0,11.27720313144916,GeForce RTX 2060 SUPER,8.0,ZOTAC,16514.0,881.0,9.71202433782489,7181.0,448.0,2176.0,1470.0,1650.0,175.0,16514.0,94.36571428571429,2019.0,7.0,Turing,2060.0,RTX,4,0,GeForce RTX 2060 SUPER,GeForce RTX 2060 SUPER
69500.0,11.149082031552883,GeForce RTX 2060 SUPER,8.0,MSI,16514.0,881.0,9.71202433782489,7181.0,448.0,2176.0,1470.0,1650.0,175.0,16514.0,94.36571428571429,2019.0,7.0,Turing,2060.0,RTX,4,0,GeForce RTX 2060 SUPER,GeForce RTX 2060 SUPER
64500.0,11.074420502783864,GeForce RTX 2060 SUPER,8.0,GIGABYTE,16514.0,881.0,9.71202433782489,7181.0,448.0,2176.0,1470.0,1650.0,175.0,16514.0,94.36571428571429,2019.0,7.0,Turing,2060.0,RTX,4,0,GeForce RTX 2060 SUPER,GeForce RTX 2060 SUPER
75000.0,11.225243392518447,GeForce RTX 2060 SUPER,8.0,ZOTAC,16514.0,881.0,9.71202433782489,7181.0,448.0,2176.0,1470.0,1650.0,175.0,16514.0,94.36571428571429,2019.0,7.0,Turing,2060.0,RTX,4,0,GeForce RTX 2060 SUPER,GeForce RTX 2060 SUPER
75500.0,11.231887935237117,GeForce RTX 2060 SUPER,8.0,ASUS,16514.0,881.0,9.71202433782489,7181.0,448.0,2176.0,1470.0,1650.0,175.0,16514.0,94.36571428571429,2019.0,7.0,Turing,2060.0,RTX,4,0,GeForce RTX 2060 SUPER,GeForce RTX 2060 SUPER
72000.0,11.184421397998193,GeForce RTX 2060 SUPER,8.0,ASUS,16514.0,881.0,9.71202433782489,7181.0,448.0,2176.0,1470.0,1650.0,175.0,16514.0,94.36571428571429,2019.0,7.0,Turing,2060.0,RTX,4,0,GeForce RTX 2060 SUPER,GeForce RTX 2060 SUPER
66500.0,11.104957226643945,GeForce RTX 2060 SUPER,8.0,MSI,16514.0,881.0,9.71202433782489,7181.0,448.0,2176.0,1470.0,1650.0,175.0,16514.0,94.36571428571429,2019.0,7.0,Turing,2060.0,RTX,4,0,GeForce RTX 2060 SUPER,GeForce RTX 2060 SUPER
70500.0,11.16336798880036,GeForce RTX 2060 SUPER,8.0,ASUS,16514.0,881.0,9.71202433782489,7181.0,448.0,2176.0,1470.0,1650.0,175.0,16514.0,94.36571428571429,2019.0,7.0,Turing,2060.0,RTX,4,0,GeForce RTX 2060 SUPER,GeForce RTX 2060 SUPER
65000.0,11.082142548877775,GeForce RTX 2060 SUPER,8.0,PALIT,16514.0,881.0,9.71202433782489,7181.0,448.0,2176.0,1470.0,1650.0,175.0,16514.0,94.36571428571429,2019.0,7.0,Turing,2060.0,RTX,4,0,GeForce RTX 2060 SUPER,GeForce RTX 2060 SUPER
79000.0,11.27720313144916,GeForce RTX 2060 SUPER,8.0,MSI,16514.0,881.0,9.71202433782489,7181.0,448.0,2176.0,1470.0,1650.0,175.0,16514.0,94.36571428571429,2019.0,7.0,Turing,2060.0,RTX,4,0,GeForce RTX 2060 SUPER,GeForce RTX 2060 SUPER
80000.0,11.289781913656018,GeForce RTX 2060 SUPER,8.0,GIGABYTE,16514.0,881.0,9.71202433782489,7181.0,448.0,2176.0,1470.0,1650.0,175.0,16514.0,94.36571428571429,2019.0,7.0,Turing,2060.0,RTX,4,0,GeForce RTX 2060 SUPER,GeForce RTX 2060 SUPER
73500.0,11.205040685200927,GeForce RTX 2060 SUPER,8.0,MSI,16514.0,881.0,9.71202433782489,7181.0,448.0,2176.0,1470.0,1650.0,175.0,16514.0,94.36571428571429,2019.0,7.0,Turing,2060.0,RTX,4,0,GeForce RTX 2060 SUPER,GeForce RTX 2060 SUPER
74500.0,11.218554404367652,GeForce RTX 2060 SUPER,8.0,ASUS,16514.0,881.0,9.71202433782489,7181.0,448.0,2176.0,1470.0,1650.0,175.0,16514.0,94.36571428571429,2019.0,7.0,Turing,2060.0,RTX,4,0,GeForce RTX 2060 SUPER,GeForce RTX 2060 SUPER
72500.0,11.191341840842766,GeForce RTX 2060 SUPER,8.0,GIGABYTE,16514.0,881.0,9.71202433782489,7181.0,448.0,2176.0,1470.0,1650.0,175.0,16514.0,94.36571428571429,2019.0,7.0,Turing,2060.0,RTX,4,0,GeForce RTX 2060 SUPER,GeForce RTX 2060 SUPER
74500.0,11.218554404367652,GeForce RTX 2060 SUPER,8.0,ZOTAC,16514.0,881.0,9.71202433782489,7181.0,448.0,2176.0,1470.0,1650.0,175.0,16514.0,94.36571428571429,2019.0,7.0,Turing,2060.0,RTX,4,0,GeForce RTX 2060 SUPER,GeForce RTX 2060 SUPER
66000.0,11.097410021008562,GeForce RTX 2060 SUPER,8.0,GALAX,16514.0,881.0,9.71202433782489,7181.0,448.0,2176.0,1470.0,1650.0,175.0,16514.0,94.36571428571429,2019.0,7.0,Turing,2060.0,RTX,4,0,GeForce RTX 2060 SUPER,GeForce RTX 2060 SUPER
74000.0,11.211820372186306,GeForce RTX 2060 SUPER,8.0,GALAX,16514.0,881.0,9.71202433782489,7181.0,448.0,2176.0,1470.0,1650.0,175.0,16514.0,94.36571428571429,2019.0,7.0,Turing,2060.0,RTX,4,0,GeForce RTX 2060 SUPER,GeForce RTX 2060 SUPER
63500.0,11.058795184880783,GeForce RTX 2060 SUPER,8.0,ASUS,16514.0,881.0,9.71202433782489,7181.0,448.0,2176.0,1470.0,1650.0,175.0,16514.0,94.36571428571429,2019.0,7.0,Turing,2060.0,RTX,4,0,GeForce RTX 2060 SUPER,GeForce RTX 2060 SUPER
76500.0,11.245046019814627,GeForce RTX 2060 SUPER,8.0,MSI,16514.0,881.0,9.71202433782489,7181.0,448.0,2176.0,1470.0,1650.0,175.0,16514.0,94.36571428571429,2019.0,7.0,Turing,2060.0,RTX,4,0,GeForce RTX 2060 SUPER,GeForce RTX 2060 SUPER
83500.0,11.332601910838946,GeForce RTX 2060 SUPER,8.0,ASUS,16514.0,881.0,9.71202433782489,7181.0,448.0,2176.0,1470.0,1650.0,175.0,16514.0,94.36571428571429,2019.0,7.0,Turing,2060.0,RTX,4,0,GeForce RTX 2060 SUPER,GeForce RTX 2060 SUPER
85000.0,11.350406535472453,GeForce RTX 2060 SUPER,8.0,ASUS,16514.0,881.0,9.71202433782489,7181.0,448.0,2176.0,1470.0,1650.0,175.0,16514.0,94.36571428571429,2019.0,7.0,Turing,2060.0,RTX,4,0,GeForce RTX 2060 SUPER,GeForce RTX 2060 SUPER
75500.0,11.231887935237117,GeForce RTX 2060 SUPER,8.0,ZOTAC,16514.0,881.0,9.71202433782489,7181.0,448.0,2176.0,1470.0,1650.0,175.0,16514.0,94.36571428571429,2019.0,7.0,Turing,2060.0,RTX,4,0,GeForce RTX 2060 SUPER,GeForce RTX 2060 SUPER
73500.0,11.205040685200927,GeForce RTX 2060 SUPER,8.0,GIGABYTE,16514.0,881.0,9.71202433782489,7181.0,448.0,2176.0,1470.0,1650.0,175.0,16514.0,94.36571428571429,2019.0,7.0,Turing,2060.0,RTX,4,0,GeForce RTX 2060 SUPER,GeForce RTX 2060 SUPER
82000.0,11.314474526246391,GeForce RTX 2060 SUPER,8.0,ASUS,16514.0,881.0,9.71202433782489,7181.0,448.0,2176.0,1470.0,1650.0,175.0,16514.0,94.36571428571429,2019.0,7.0,Turing,2060.0,RTX,4,0,GeForce RTX 2060 SUPER,GeForce RTX 2060 SUPER
81000.0,11.302204433654575,GeForce RTX 2060 SUPER,8.0,ASUS,16514.0,881.0,9.71202433782489,7181.0,448.0,2176.0,1470.0,1650.0,175.0,16514.0,94.36571428571429,2019.0,7.0,Turing,2060.0,RTX,4,0,GeForce RTX 2060 SUPER,GeForce RTX 2060 SUPER
79500.0,11.283512300642423,GeForce RTX 2060 SUPER,8.0,GIGABYTE,16514.0,881.0,9.71202433782489,7181.0,448.0,2176.0,1470.0,1650.0,175.0,16514.0,94.36571428571429,2019.0,7.0,Turing,2060.0,RTX,4,0,GeForce RTX 2060 SUPER,GeForce RTX 2060 SUPER
81500.0,11.308358299228955,GeForce RTX 2060 SUPER,8.0,PALIT,16514.0,881.0,9.71202433782489,7181.0,448.0,2176.0,1470.0,1650.0,175.0,16514.0,94.36571428571429,2019.0,7.0,Turing,2060.0,RTX,4,0,GeForce RTX 2060 SUPER,GeForce RTX 2060 SUPER
74000.0,11.211820372186306,GeForce RTX 2060 SUPER,8.0,ASUS,16514.0,881.0,9.71202433782489,7181.0,448.0,2176.0,1470.0,1650.0,175.0,16514.0,94.36571428571429,2019.0,7.0,Turing,2060.0,RTX,4,0,GeForce RTX 2060 SUPER,GeForce RTX 2060 SUPER
75000.0,11.225243392518447,GeForce RTX 2060 SUPER,8.0,ASUS,16514.0,881.0,9.71202433782489,7181.0,448.0,2176.0,1470.0,1650.0,175.0,16514.0,94.36571428571429,2019.0,7.0,Turing,2060.0,RTX,4,0,GeForce RTX 2060 SUPER,GeForce RTX 2060 SUPER
70000.0,11.156250521031495,GeForce RTX 2060 SUPER,8.0,NVIDIA,16514.0,881.0,9.71202433782489,7181.0,448.0,2176.0,1470.0,1650.0,175.0,16514.0,94.36571428571429,2019.0,7.0,Turing,2060.0,RTX,4,0,GeForce RTX 2060 SUPER,GeForce RTX 2060 SUPER
55000.0,10.915088464214607,GeForce RTX 2060 SUPER,8.0,ASUS,16514.0,881.0,9.71202433782489,7181.0,448.0,2176.0,1470.0,1650.0,175.0,16514.0,94.36571428571429,2019.0,7.0,Turing,2060.0,RTX,4,0,GeForce RTX 2060 SUPER,GeForce RTX 2060 SUPER
66000.0,11.097410021008562,GeForce RTX 2070,8.0,GIGABYTE,16079.0,833.0,9.685331542732957,7465.0,448.0,2304.0,1410.0,1620.0,175.0,16079.0,91.88,2018.0,8.0,Turing,2070.0,RTX,4,0,GeForce RTX 2070,GeForce RTX 2070
70500.0,11.16336798880036,GeForce RTX 2070,8.0,GIGABYTE,16079.0,833.0,9.685331542732957,7465.0,448.0,2304.0,1410.0,1620.0,175.0,16079.0,91.88,2018.0,8.0,Turing,2070.0,RTX,4,0,GeForce RTX 2070,GeForce RTX 2070
81500.0,11.308358299228955,GeForce RTX 2070,8.0,ASUS,16079.0,833.0,9.685331542732957,7465.0,448.0,2304.0,1410.0,1620.0,175.0,16079.0,91.88,2018.0,8.0,Turing,2070.0,RTX,4,0,GeForce RTX 2070,GeForce RTX 2070
84000.0,11.33857207782545,GeForce RTX 2070,8.0,ZOTAC,16079.0,833.0,9.685331542732957,7465.0,448.0,2304.0,1410.0,1620.0,175.0,16079.0,91.88,2018.0,8.0,Turing,2070.0,RTX,4,0,GeForce RTX 2070,GeForce RTX 2070
68000.0,11.127262984158243,GeForce RTX 2070,8.0,ASUS,16079.0,833.0,9.685331542732957,7465.0,448.0,2304.0,1410.0,1620.0,175.0,16079.0,91.88,2018.0,8.0,Turing,2070.0,RTX,4,0,GeForce RTX 2070,GeForce RTX 2070
80500.0,11.296012463406655,GeForce RTX 2070,8.0,ASUS,16079.0,833.0,9.685331542732957,7465.0,448.0,2304.0,1410.0,1620.0,175.0,16079.0,91.88,2018.0,8.0,Turing,2070.0,RTX,4,0,GeForce RTX 2070,GeForce RTX 2070
78000.0,11.26446410567173,GeForce RTX 2070,8.0,PALIT,16079.0,833.0,9.685331542732957,7465.0,448.0,2304.0,1410.0,1620.0,175.0,16079.0,91.88,2018.0,8.0,Turing,2070.0,RTX,4,0,GeForce RTX 2070,GeForce RTX 2070
80000.0,11.289781913656018,GeForce RTX 2070,8.0,MSI,16079.0,833.0,9.685331542732957,7465.0,448.0,2304.0,1410.0,1620.0,175.0,16079.0,91.88,2018.0,8.0,Turing,2070.0,RTX,4,0,GeForce RTX 2070,GeForce RTX 2070
79000.0,11.27720313144916,GeForce RTX 2070,8.0,GIGABYTE,16079.0,833.0,9.685331542732957,7465.0,448.0,2304.0,1410.0,1620.0,175.0,16079.0,91.88,2018.0,8.0,Turing,2070.0,RTX,4,0,GeForce RTX 2070,GeForce RTX 2070
85500.0,11.356271654924852,GeForce RTX 2070,8.0,GIGABYTE,16079.0,833.0,9.685331542732957,7465.0,448.0,2304.0,1410.0,1620.0,175.0,16079.0,91.88,2018.0,8.0,Turing,2070.0,RTX,4,0,GeForce RTX 2070,GeForce RTX 2070
66500.0,11.104957226643945,GeForce RTX 2070,8.0,MSI,16079.0,833.0,9.685331542732957,7465.0,448.0,2304.0,1410.0,1620.0,175.0,16079.0,91.88,2018.0,8.0,Turing,2070.0,RTX,4,0,GeForce RTX 2070,GeForce RTX 2070
73500.0,11.205040685200927,GeForce RTX 2070,8.0,ZOTAC,16079.0,833.0,9.685331542732957,7465.0,448.0,2304.0,1410.0,1620.0,175.0,16079.0,91.88,2018.0,8.0,Turing,2070.0,RTX,4,0,GeForce RTX 2070,GeForce RTX 2070
72500.0,11.191341840842766,GeForce RTX 2070,8.0,MSI,16079.0,833.0,9.685331542732957,7465.0,448.0,2304.0,1410.0,1620.0,175.0,16079.0,91.88,2018.0,8.0,Turing,2070.0,RTX,4,0,GeForce RTX 2070,GeForce RTX 2070
68500.0,11.134589024250317,GeForce RTX 2070,8.0,ASUS,16079.0,833.0,9.685331542732957,7465.0,448.0,2304.0,1410.0,1620.0,175.0,16079.0,91.88,2018.0,8.0,Turing,2070.0,RTX,4,0,GeForce RTX 2070,GeForce RTX 2070
79000.0,11.27720313144916,GeForce RTX 2070,8.0,PALIT,16079.0,833.0,9.685331542732957,7465.0,448.0,2304.0,1410.0,1620.0,175.0,16079.0,91.88,2018.0,8.0,Turing,2070.0,RTX,4,0,GeForce RTX 2070,GeForce RTX 2070
84500.0,11.344506813345266,GeForce RTX 2070,8.0,MSI,16079.0,833.0,9.685331542732957,7465.0,448.0,2304.0,1410.0,1620.0,175.0,16079.0,91.88,2018.0,8.0,Turing,2070.0,RTX,4,0,GeForce RTX 2070,GeForce RTX 2070
76000.0,11.238488619268468,GeForce RTX 2070,8.0,GIGABYTE,16079.0,833.0,9.685331542732957,7465.0,448.0,2304.0,1410.0,1620.0,175.0,16079.0,91.88,2018.0,8.0,Turing,2070.0,RTX,4,0,GeForce RTX 2070,GeForce RTX 2070
74500.0,11.218554404367652,GeForce RTX 2070,8.0,ZOTAC,16079.0,833.0,9.685331542732957,7465.0,448.0,2304.0,1410.0,1620.0,175.0,16079.0,91.88,2018.0,8.0,Turing,2070.0,RTX,4,0,GeForce RTX 2070,GeForce RTX 2070
80000.0,11.289781913656018,GeForce RTX 2070,8.0,ASUS,16079.0,833.0,9.685331542732957,7465.0,448.0,2304.0,1410.0,1620.0,175.0,16079.0,91.88,2018.0,8.0,Turing,2070.0,RTX,4,0,GeForce RTX 2070,GeForce RTX 2070
71500.0,11.177452728682098,GeForce RTX 2070,8.0,MSI,16079.0,833.0,9.685331542732957,7465.0,448.0,2304.0,1410.0,1620.0,175.0,16079.0,91.88,2018.0,8.0,Turing,2070.0,RTX,4,0,GeForce RTX 2070,GeForce RTX 2070
84500.0,11.344506813345266,GeForce RTX 2070,8.0,GIGABYTE,16079.0,833.0,9.685331542732957,7465.0,448.0,2304.0,1410.0,1620.0,175.0,16079.0,91.88,2018.0,8.0,Turing,2070.0,RTX,4,0,GeForce RTX 2070,GeForce RTX 2070
74000.0,11.211820372186306,GeForce RTX 2070,8.0,PALIT,16079.0,833.0,9.685331542732957,7465.0,448.0,2304.0,1410.0,1620.0,175.0,16079.0,91.88,2018.0,8.0,Turing,2070.0,RTX,4,0,GeForce RTX 2070,GeForce RTX 2070
69500.0,11.149082031552883,GeForce RTX 2070,8.0,ASUS,16079.0,833.0,9.685331542732957,7465.0,448.0,2304.0,1410.0,1620.0,175.0,16079.0,91.88,2018.0,8.0,Turing,2070.0,RTX,4,0,GeForce RTX 2070,GeForce RTX 2070
84000.0,11.33857207782545,GeForce RTX 2070,8.0,GALAX,16079.0,833.0,9.685331542732957,7465.0,448.0,2304.0,1410.0,1620.0,175.0,16079.0,91.88,2018.0,8.0,Turing,2070.0,RTX,4,0,GeForce RTX 2070,GeForce RTX 2070
73000.0,11.198214720130528,GeForce RTX 2070,8.0,ASUS,16079.0,833.0,9.685331542732957,7465.0,448.0,2304.0,1410.0,1620.0,175.0,16079.0,91.88,2018.0,8.0,Turing,2070.0,RTX,4,0,GeForce RTX 2070,GeForce RTX 2070
77000.0,11.251560700835821,GeForce RTX 2070,8.0,ASUS,16079.0,833.0,9.685331542732957,7465.0,448.0,2304.0,1410.0,1620.0,175.0,16079.0,91.88,2018.0,8.0,Turing,2070.0,RTX,4,0,GeForce RTX 2070,GeForce RTX 2070
73000.0,11.198214720130528,GeForce RTX 2070,8.0,GALAX,16079.0,833.0,9.685331542732957,7465.0,448.0,2304.0,1410.0,1620.0,175.0,16079.0,91.88,2018.0,8.0,Turing,2070.0,RTX,4,0,GeForce RTX 2070,GeForce RTX 2070
74500.0,11.218554404367652,GeForce RTX 2070,8.0,ASUS,16079.0,833.0,9.685331542732957,7465.0,448.0,2304.0,1410.0,1620.0,175.0,16079.0,91.88,2018.0,8.0,Turing,2070.0,RTX,4,0,GeForce RTX 2070,GeForce RTX 2070
73500.0,11.205040685200927,GeForce RTX 2070,8.0,PALIT,16079.0,833.0,9.685331542732957,7465.0,448.0,2304.0,1410.0,1620.0,175.0,16079.0,91.88,2018.0,8.0,Turing,2070.0,RTX,4,0,GeForce RTX 2070,GeForce RTX 2070
68000.0,11.127262984158243,GeForce RTX 2070,8.0,PALIT,16079.0,833.0,9.685331542732957,7465.0,448.0,2304.0,1410.0,1620.0,175.0,16079.0,91.88,2018.0,8.0,Turing,2070.0,RTX,4,0,GeForce RTX 2070,GeForce RTX 2070
67000.0,11.112447898373103,GeForce RTX 2070,8.0,ASUS,16079.0,833.0,9.685331542732957,7465.0,448.0,2304.0,1410.0,1620.0,175.0,16079.0,91.88,2018.0,8.0,Turing,2070.0,RTX,4,0,GeForce RTX 2070,GeForce RTX 2070
75000.0,11.225243392518447,GeForce RTX 2070,8.0,ZOTAC,16079.0,833.0,9.685331542732957,7465.0,448.0,2304.0,1410.0,1620.0,175.0,16079.0,91.88,2018.0,8.0,Turing,2070.0,RTX,4,0,GeForce RTX 2070,GeForce RTX 2070
72500.0,11.191341840842766,GeForce RTX 2070,8.0,GIGABYTE,16079.0,833.0,9.685331542732957,7465.0,448.0,2304.0,1410.0,1620.0,175.0,16079.0,91.88,2018.0,8.0,Turing,2070.0,RTX,4,0,GeForce RTX 2070,GeForce RTX 2070
65000.0,11.082142548877775,GeForce RTX 2070,8.0,GIGABYTE,16079.0,833.0,9.685331542732957,7465.0,448.0,2304.0,1410.0,1620.0,175.0,16079.0,91.88,2018.0,8.0,Turing,2070.0,RTX,4,0,GeForce RTX 2070,GeForce RTX 2070
70000.0,11.156250521031495,GeForce RTX 2070,8.0,GIGABYTE,16079.0,833.0,9.685331542732957,7465.0,448.0,2304.0,1410.0,1620.0,175.0,16079.0,91.88,2018.0,8.0,Turing,2070.0,RTX,4,0,GeForce RTX 2070,GeForce RTX 2070
70000.0,11.156250521031495,GeForce RTX 2070,8.0,PALIT,16079.0,833.0,9.685331542732957,7465.0,448.0,2304.0,1410.0,1620.0,175.0,16079.0,91.88,2018.0,8.0,Turing,2070.0,RTX,4,0,GeForce RTX 2070,GeForce RTX 2070
73000.0,11.198214720130528,GeForce RTX 2070,8.0,MSI,16079.0,833.0,9.685331542732957,7465.0,448.0,2304.0,1410.0,1620.0,175.0,16079.0,91.88,2018.0,8.0,Turing,2070.0,RTX,4,0,GeForce RTX 2070,GeForce RTX 2070
76500.0,11.245046019814627,GeForce RTX 2070,8.0,MSI,16079.0,833.0,9.685331542732957,7465.0,448.0,2304.0,1410.0,1620.0,175.0,16079.0,91.88,2018.0,8.0,Turing,2070.0,RTX,4,0,GeForce RTX 2070,GeForce RTX 2070
72000.0,11.184421397998193,GeForce RTX 2070,8.0,PALIT,16079.0,833.0,9.685331542732957,7465.0,448.0,2304.0,1410.0,1620.0,175.0,16079.0,91.88,2018.0,8.0,Turing,2070.0,RTX,4,0,GeForce RTX 2070,GeForce RTX 2070
70000.0,11.156250521031495,GeForce RTX 2070,8.0,ZOTAC,16079.0,833.0,9.685331542732957,7465.0,448.0,2304.0,1410.0,1620.0,175.0,16079.0,91.88,2018.0,8.0,Turing,2070.0,RTX,4,0,GeForce RTX 2070,GeForce RTX 2070
79000.0,11.27720313144916,GeForce RTX 2070,8.0,MSI,16079.0,833.0,9.685331542732957,7465.0,448.0,2304.0,1410.0,1620.0,175.0,16079.0,91.88,2018.0,8.0,Turing,2070.0,RTX,4,0,GeForce RTX 2070,GeForce RTX 2070
75000.0,11.225243392518447,GeForce RTX 2070,8.0,GIGABYTE,16079.0,833.0,9.685331542732957,7465.0,448.0,2304.0,1410.0,1620.0,175.0,16079.0,91.88,2018.0,8.0,Turing,2070.0,RTX,4,0,GeForce RTX 2070,GeForce RTX 2070
77000.0,11.251560700835821,GeForce RTX 2070,8.0,GALAX,16079.0,833.0,9.685331542732957,7465.0,448.0,2304.0,1410.0,1620.0,175.0,16079.0,91.88,2018.0,8.0,Turing,2070.0,RTX,4,0,GeForce RTX 2070,GeForce RTX 2070
78000.0,11.26446410567173,GeForce RTX 2070,8.0,MSI,16079.0,833.0,9.685331542732957,7465.0,448.0,2304.0,1410.0,1620.0,175.0,16079.0,91.88,2018.0,8.0,Turing,2070.0,RTX,4,0,GeForce RTX 2070,GeForce RTX 2070
75000.0,11.225243392518447,GeForce RTX 2070,8.0,MSI,16079.0,833.0,9.685331542732957,7465.0,448.0,2304.0,1410.0,1620.0,175.0,16079.0,91.88,2018.0,8.0,Turing,2070.0,RTX,4,0,GeForce RTX 2070,GeForce RTX 2070
75000.0,11.225243392518447,GeForce RTX 2070,8.0,GALAX,16079.0,833.0,9.685331542732957,7465.0,448.0,2304.0,1410.0,1620.0,175.0,16079.0,91.88,2018.0,8.0,Turing,2070.0,RTX,4,0,GeForce RTX 2070,GeForce RTX 2070
78000.0,11.26446410567173,GeForce RTX 2070,8.0,GIGABYTE,16079.0,833.0,9.685331542732957,7465.0,448.0,2304.0,1410.0,1620.0,175.0,16079.0,91.88,2018.0,8.0,Turing,2070.0,RTX,4,0,GeForce RTX 2070,GeForce RTX 2070
78000.0,11.26446410567173,GeForce RTX 2070,8.0,ZOTAC,16079.0,833.0,9.685331542732957,7465.0,448.0,2304.0,1410.0,1620.0,175.0,16079.0,91.88,2018.0,8.0,Turing,2070.0,RTX,4,0,GeForce RTX 2070,GeForce RTX 2070
75000.0,11.225243392518447,GeForce RTX 2070,8.0,ASUS,16079.0,833.0,9.685331542732957,7465.0,448.0,2304.0,1410.0,1620.0,175.0,16079.0,91.88,2018.0,8.0,Turing,2070.0,RTX,4,0,GeForce RTX 2070,GeForce RTX 2070
70000.0,11.156250521031495,GeForce RTX 2070,8.0,NVIDIA,16079.0,833.0,9.685331542732957,7465.0,448.0,2304.0,1410.0,1620.0,175.0,16079.0,91.88,2018.0,8.0,Turing,2070.0,RTX,4,0,GeForce RTX 2070,GeForce RTX 2070
60000.0,11.002099841204238,GeForce RTX 2070,8.0,GIGABYTE,16079.0,833.0,9.685331542732957,7465.0,448.0,2304.0,1410.0,1620.0,175.0,16079.0,91.88,2018.0,8.0,Turing,2070.0,RTX,4,0,GeForce RTX 2070,GeForce RTX 2070
76000.0,11.238488619268468,GeForce RTX 2070,8.0,ASUS,16079.0,833.0,9.685331542732957,7465.0,448.0,2304.0,1410.0,1620.0,175.0,16079.0,91.88,2018.0,8.0,Turing,2070.0,RTX,4,0,GeForce RTX 2070,GeForce RTX 2070
76000.0,11.238488619268468,GeForce RTX 2070,8.0,MSI,16079.0,833.0,9.685331542732957,7465.0,448.0,2304.0,1410.0,1620.0,175.0,16079.0,91.88,2018.0,8.0,Turing,2070.0,RTX,4,0,GeForce RTX 2070,GeForce RTX 2070
85000.0,11.350406535472453,GeForce RTX 2070 SUPER,8.0,ASUS,18168.0,896.0,9.807472124102441,9062.0,448.0,2560.0,1605.0,1770.0,215.0,18168.0,84.50232558139535,2019.0,7.0,Turing,2070.0,RTX,4,0,GeForce RTX 2070 SUPER,GeForce RTX 2070 SUPER
75000.0,11.225243392518447,GeForce RTX 2070 SUPER,8.0,MSI,18168.0,896.0,9.807472124102441,9062.0,448.0,2560.0,1605.0,1770.0,215.0,18168.0,84.50232558139535,2019.0,7.0,Turing,2070.0,RTX,4,0,GeForce RTX 2070 SUPER,GeForce RTX 2070 SUPER
70000.0,11.156250521031495,GeForce RTX 2070 SUPER,8.0,NVIDIA,18168.0,896.0,9.807472124102441,9062.0,448.0,2560.0,1605.0,1770.0,215.0,18168.0,84.50232558139535,2019.0,7.0,Turing,2070.0,RTX,4,0,GeForce RTX 2070 SUPER,GeForce RTX 2070 SUPER
88000.0,11.385092093460344,GeForce RTX 2080,8.0,MSI,18732.0,917.0,9.838041953461058,10070.0,448.0,2944.0,1515.0,1710.0,215.0,18732.0,87.12558139534883,2018.0,8.0,Turing,2080.0,RTX,4,0,GeForce RTX 2080,GeForce RTX 2080
80000.0,11.289781913656018,GeForce RTX 2080,8.0,NVIDIA,18732.0,917.0,9.838041953461058,10070.0,448.0,2944.0,1515.0,1710.0,215.0,18732.0,87.12558139534883,2018.0,8.0,Turing,2080.0,RTX,4,0,GeForce RTX 2080,GeForce RTX 2080
82000.0,11.314474526246391,GeForce RTX 2080,8.0,GALAX,18732.0,917.0,9.838041953461058,10070.0,448.0,2944.0,1515.0,1710.0,215.0,18732.0,87.12558139534883,2018.0,8.0,Turing,2080.0,RTX,4,0,GeForce RTX 2080,GeForce RTX 2080
88000.0,11.385092093460344,GeForce RTX 2080,8.0,GIGABYTE,18732.0,917.0,9.838041953461058,10070.0,448.0,2944.0,1515.0,1710.0,215.0,18732.0,87.12558139534883,2018.0,8.0,Turing,2080.0,RTX,4,0,GeForce RTX 2080,GeForce RTX 2080
89000.0,11.396391648714276,GeForce RTX 2080,8.0,ZOTAC,18732.0,917.0,9.838041953461058,10070.0,448.0,2944.0,1515.0,1710.0,215.0,18732.0,87.12558139534883,2018.0,8.0,Turing,2080.0,RTX,4,0,GeForce RTX 2080,GeForce RTX 2080
90000.0,11.407564949312402,GeForce RTX 2080,8.0,ASUS,18732.0,917.0,9.838041953461058,10070.0,448.0,2944.0,1515.0,1710.0,215.0,18732.0,87.12558139534883,2018.0,8.0,Turing,2080.0,RTX,4,0,GeForce RTX 2080,GeForce RTX 2080
85000.0,11.350406535472453,GeForce RTX 2080,8.0,ASUS,18732.0,917.0,9.838041953461058,10070.0,448.0,2944.0,1515.0,1710.0,215.0,18732.0,87.12558139534883,2018.0,8.0,Turing,2080.0,RTX,4,0,GeForce RTX 2080,GeForce RTX 2080
84000.0,11.33857207782545,GeForce RTX 2080,8.0,PALIT,18732.0,917.0,9.838041953461058,10070.0,448.0,2944.0,1515.0,1710.0,215.0,18732.0,87.12558139534883,2018.0,8.0,Turing,2080.0,RTX,4,0,GeForce RTX 2080,GeForce RTX 2080
87000.0,11.37366339763672,GeForce RTX 2080,8.0,MSI,18732.0,917.0,9.838041953461058,10070.0,448.0,2944.0,1515.0,1710.0,215.0,18732.0,87.12558139534883,2018.0,8.0,Turing,2080.0,RTX,4,0,GeForce RTX 2080,GeForce RTX 2080
64000.0,11.06663836234181,GeForce RTX 3050,4.0,GIGABYTE,12718.0,911.0,9.450852217451484,20310.0,448.0,5888.0,1500.0,1725.0,220.0,12718.0,57.80909090909091,2020.0,6.0,Ampere,3050.0,RTX,5,0,GeForce RTX 3050,GeForce RTX 3070
77500.0,11.258033215341438,GeForce RTX 3050,4.0,ASUS,12718.0,911.0,9.450852217451484,20310.0,448.0,5888.0,1500.0,1725.0,220.0,12718.0,57.80909090909091,2020.0,6.0,Ampere,3050.0,RTX,5,0,GeForce RTX 3050,GeForce RTX 3070
69000.0,11.141861783579396,GeForce RTX 3050,4.0,ASUS,12718.0,911.0,9.450852217451484,20310.0,448.0,5888.0,1500.0,1725.0,220.0,12718.0,57.80909090909091,2020.0,6.0,Ampere,3050.0,RTX,5,0,GeForce RTX 3050,GeForce RTX 3070
70000.0,11.156250521031495,GeForce RTX 3050,6.0,ASUS,12718.0,911.0,9.450852217451484,20310.0,448.0,5888.0,1500.0,1725.0,220.0,12718.0,57.80909090909091,2020.0,6.0,Ampere,3050.0,RTX,5,0,GeForce RTX 3050,GeForce RTX 3070
78500.0,11.2708539037705,GeForce RTX 3050,8.0,PALIT,12718.0,911.0,9.450852217451484,20310.0,448.0,5888.0,1500.0,1725.0,220.0,12718.0,57.80909090909091,2020.0,6.0,Ampere,3050.0,RTX,5,0,GeForce RTX 3050,GeForce RTX 3070
66500.0,11.104957226643945,GeForce RTX 3050,4.0,GIGABYTE,12718.0,911.0,9.450852217451484,20310.0,448.0,5888.0,1500.0,1725.0,220.0,12718.0,57.80909090909091,2020.0,6.0,Ampere,3050.0,RTX,5,0,GeForce RTX 3050,GeForce RTX 3070
71000.0,11.170435156023453,GeForce RTX 3050,4.0,ASUS,12718.0,911.0,9.450852217451484,20310.0,448.0,5888.0,1500.0,1725.0,220.0,12718.0,57.80909090909091,2020.0,6.0,Ampere,3050.0,RTX,5,0,GeForce RTX 3050,GeForce RTX 3070
66500.0,11.104957226643945,GeForce RTX 3050,8.0,ZOTAC,12718.0,911.0,9.450852217451484,20310.0,448.0,5888.0,1500.0,1725.0,220.0,12718.0,57.80909090909091,2020.0,6.0,Ampere,3050.0,RTX,5,0,GeForce RTX 3050,GeForce RTX 3070
75500.0,11.231887935237117,GeForce RTX 3050,4.0,MSI,12718.0,911.0,9.450852217451484,20310.0,448.0,5888.0,1500.0,1725.0,220.0,12718.0,57.80909090909091,2020.0,6.0,Ampere,3050.0,RTX,5,0,GeForce RTX 3050,GeForce RTX 3070
71500.0,11.177452728682098,GeForce RTX 3050,8.0,ASUS,12718.0,911.0,9.450852217451484,20310.0,448.0,5888.0,1500.0,1725.0,220.0,12718.0,57.80909090909091,2020.0,6.0,Ampere,3050.0,RTX,5,0,GeForce RTX 3050,GeForce RTX 3070
68500.0,11.134589024250317,GeForce RTX 3050,6.0,MSI,12718.0,911.0,9.450852217451484,20310.0,448.0,5888.0,1500.0,1725.0,220.0,12718.0,57.80909090909091,2020.0,6.0,Ampere,3050.0,RTX,5,0,GeForce RTX 3050,GeForce RTX 3070
81500.0,11.308358299228955,GeForce RTX 3050,8.0,ASUS,12718.0,911.0,9.450852217451484,20310.0,448.0,5888.0,1500.0,1725.0,220.0,12718.0,57.80909090909091,2020.0,6.0,Ampere,3050.0,RTX,5,0,GeForce RTX 3050,GeForce RTX 3070
62000.0,11.03488966402723,GeForce RTX 3050,4.0,ASUS,12718.0,911.0,9.450852217451484,20310.0,448.0,5888.0,1500.0,1725.0,220.0,12718.0,57.80909090909091,2020.0,6.0,Ampere,3050.0,RTX,5,0,GeForce RTX 3050,GeForce RTX 3070
77000.0,11.251560700835821,GeForce RTX 3050,8.0,MSI,12718.0,911.0,9.450852217451484,20310.0,448.0,5888.0,1500.0,1725.0,220.0,12718.0,57.80909090909091,2020.0,6.0,Ampere,3050.0,RTX,5,0,GeForce RTX 3050,GeForce RTX 3070
69500.0,11.149082031552883,GeForce RTX 3050,8.0,ZOTAC,12718.0,911.0,9.450852217451484,20310.0,448.0,5888.0,1500.0,1725.0,220.0,12718.0,57.80909090909091,2020.0,6.0,Ampere,3050.0,RTX,5,0,GeForce RTX 3050,GeForce RTX 3070
70000.0,11.156250521031495,GeForce RTX 3050,4.0,GALAX,12718.0,911.0,9.450852217451484,20310.0,448.0,5888.0,1500.0,1725.0,220.0,12718.0,57.80909090909091,2020.0,6.0,Ampere,3050.0,RTX,5,0,GeForce RTX 3050,GeForce RTX 3070
78500.0,11.2708539037705,GeForce RTX 3050,8.0,GIGABYTE,12718.0,911.0,9.450852217451484,20310.0,448.0,5888.0,1500.0,1725.0,220.0,12718.0,57.80909090909091,2020.0,6.0,Ampere,3050.0,RTX,5,0,GeForce RTX 3050,GeForce RTX 3070
72500.0,11.191341840842766,GeForce RTX 3050,4.0,GALAX,12718.0,911.0,9.450852217451484,20310.0,448.0,5888.0,1500.0,1725.0,220.0,12718.0,57.80909090909091,2020.0,6.0,Ampere,3050.0,RTX,5,0,GeForce RTX 3050,GeForce RTX 3070
80500.0,11.296012463406655,GeForce RTX 3050,6.0,MSI,12718.0,911.0,9.450852217451484,20310.0,448.0,5888.0,1500.0,1725.0,220.0,12718.0,57.80909090909091,2020.0,6.0,Ampere,3050.0,RTX,5,0,GeForce RTX 3050,GeForce RTX 3070
65500.0,11.089805421623343,GeForce RTX 3050,6.0,ASUS,12718.0,911.0,9.450852217451484,20310.0,448.0,5888.0,1500.0,1725.0,220.0,12718.0,57.80909090909091,2020.0,6.0,Ampere,3050.0,RTX,5,0,GeForce RTX 3050,GeForce RTX 3070
68500.0,11.134589024250317,GeForce RTX 3050,6.0,GIGABYTE,12718.0,911.0,9.450852217451484,20310.0,448.0,5888.0,1500.0,1725.0,220.0,12718.0,57.80909090909091,2020.0,6.0,Ampere,3050.0,RTX,5,0,GeForce RTX 3050,GeForce RTX 3070
63500.0,11.058795184880783,GeForce RTX 3050,8.0,ZOTAC,12718.0,911.0,9.450852217451484,20310.0,448.0,5888.0,1500.0,1725.0,220.0,12718.0,57.80909090909091,2020.0,6.0,Ampere,3050.0,RTX,5,0,GeForce RTX 3050,GeForce RTX 3070
62500.0,11.042921835724492,GeForce RTX 3050,8.0,MSI,12718.0,911.0,9.450852217451484,20310.0,448.0,5888.0,1500.0,1725.0,220.0,12718.0,57.80909090909091,2020.0,6.0,Ampere,3050.0,RTX,5,0,GeForce RTX 3050,GeForce RTX 3070
82500.0,11.320553572322773,GeForce RTX 3050,6.0,GIGABYTE,12718.0,911.0,9.450852217451484,20310.0,448.0,5888.0,1500.0,1725.0,220.0,12718.0,57.80909090909091,2020.0,6.0,Ampere,3050.0,RTX,5,0,GeForce RTX 3050,GeForce RTX 3070
71000.0,11.170435156023453,GeForce RTX 3050,6.0,ZOTAC,12718.0,911.0,9.450852217451484,20310.0,448.0,5888.0,1500.0,1725.0,220.0,12718.0,57.80909090909091,2020.0,6.0,Ampere,3050.0,RTX,5,0,GeForce RTX 3050,GeForce RTX 3070
76500.0,11.245046019814627,GeForce RTX 3050,8.0,GIGABYTE,12718.0,911.0,9.450852217451484,20310.0,448.0,5888.0,1500.0,1725.0,220.0,12718.0,57.80909090909091,2020.0,6.0,Ampere,3050.0,RTX,5,0,GeForce RTX 3050,GeForce RTX 3070
80000.0,11.289781913656018,GeForce RTX 3050,6.0,MSI,12718.0,911.0,9.450852217451484,20310.0,448.0,5888.0,1500.0,1725.0,220.0,12718.0,57.80909090909091,2020.0,6.0,Ampere,3050.0,RTX,5,0,GeForce RTX 3050,GeForce RTX 3070
73500.0,11.205040685200927,GeForce RTX 3050,8.0,ZOTAC,12718.0,911.0,9.450852217451484,20310.0,448.0,5888.0,1500.0,1725.0,220.0,12718.0,57.80909090909091,2020.0,6.0,Ampere,3050.0,RTX,5,0,GeForce RTX 3050,GeForce RTX 3070
63500.0,11.058795184880783,GeForce RTX 3050,4.0,GIGABYTE,12718.0,911.0,9.450852217451484,20310.0,448.0,5888.0,1500.0,1725.0,220.0,12718.0,57.80909090909091,2020.0,6.0,Ampere,3050.0,RTX,5,0,GeForce RTX 3050,GeForce RTX 3070
65500.0,11.089805421623343,GeForce RTX 3050,8.0,ASUS,12718.0,911.0,9.450852217451484,20310.0,448.0,5888.0,1500.0,1725.0,220.0,12718.0,57.80909090909091,2020.0,6.0,Ampere,3050.0,RTX,5,0,GeForce RTX 3050,GeForce RTX 3070
78500.0,11.2708539037705,GeForce RTX 3050,8.0,ASUS,12718.0,911.0,9.450852217451484,20310.0,448.0,5888.0,1500.0,1725.0,220.0,12718.0,57.80909090909091,2020.0,6.0,Ampere,3050.0,RTX,5,0,GeForce RTX 3050,GeForce RTX 3070
81000.0,11.302204433654575,GeForce RTX 3050,4.0,ZOTAC,12718.0,911.0,9.450852217451484,20310.0,448.0,5888.0,1500.0,1725.0,220.0,12718.0,57.80909090909091,2020.0,6.0,Ampere,3050.0,RTX,5,0,GeForce RTX 3050,GeForce RTX 3070
81500.0,11.308358299228955,GeForce RTX 3050,6.0,ZOTAC,12718.0,911.0,9.450852217451484,20310.0,448.0,5888.0,1500.0,1725.0,220.0,12718.0,57.80909090909091,2020.0,6.0,Ampere,3050.0,RTX,5,0,GeForce RTX 3050,GeForce RTX 3070
65000.0,11.082142548877775,GeForce RTX 3050,4.0,ZOTAC,12718.0,911.0,9.450852217451484,20310.0,448.0,5888.0,1500.0,1725.0,220.0,12718.0,57.80909090909091,2020.0,6.0,Ampere,3050.0,RTX,5,0,GeForce RTX 3050,GeForce RTX 3070
82000.0,11.314474526246391,GeForce RTX 3050,4.0,GIGABYTE,12718.0,911.0,9.450852217451484,20310.0,448.0,5888.0,1500.0,1725.0,220.0,12718.0,57.80909090909091,2020.0,6.0,Ampere,3050.0,RTX,5,0,GeForce RTX 3050,GeForce RTX 3070
67000.0,11.112447898373103,GeForce RTX 3050,8.0,ASUS,12718.0,911.0,9.450852217451484,20310.0,448.0,5888.0,1500.0,1725.0,220.0,12718.0,57.80909090909091,2020.0,6.0,Ampere,3050.0,RTX,5,0,GeForce RTX 3050,GeForce RTX 3070
75500.0,11.231887935237117,GeForce RTX 3050,8.0,ZOTAC,12718.0,911.0,9.450852217451484,20310.0,448.0,5888.0,1500.0,1725.0,220.0,12718.0,57.80909090909091,2020.0,6.0,Ampere,3050.0,RTX,5,0,GeForce RTX 3050,GeForce RTX 3070
69000.0,11.141861783579396,GeForce RTX 3050,6.0,ZOTAC,12718.0,911.0,9.450852217451484,20310.0,448.0,5888.0,1500.0,1725.0,220.0,12718.0,57.80909090909091,2020.0,6.0,Ampere,3050.0,RTX,5,0,GeForce RTX 3050,GeForce RTX 3070
69500.0,11.149082031552883,GeForce RTX 3050,6.0,ZOTAC,12718.0,911.0,9.450852217451484,20310.0,448.0,5888.0,1500.0,1725.0,220.0,12718.0,57.80909090909091,2020.0,6.0,Ampere,3050.0,RTX,5,0,GeForce RTX 3050,GeForce RTX 3070
68000.0,11.127262984158243,GeForce RTX 3050,6.0,ZOTAC,12718.0,911.0,9.450852217451484,20310.0,448.0,5888.0,1500.0,1725.0,220.0,12718.0,57.80909090909091,2020.0,6.0,Ampere,3050.0,RTX,5,0,GeForce RTX 3050,GeForce RTX 3070
79000.0,11.27720313144916,GeForce RTX 3050,4.0,PALIT,12718.0,911.0,9.450852217451484,20310.0,448.0,5888.0,1500.0,1725.0,220.0,12718.0,57.80909090909091,2020.0,6.0,Ampere,3050.0,RTX,5,0,GeForce RTX 3050,GeForce RTX 3070
70000.0,11.156250521031495,GeForce RTX 3050,8.0,ASUS,12718.0,911.0,9.450852217451484,20310.0,448.0,5888.0,1500.0,1725.0,220.0,12718.0,57.80909090909091,2020.0,6.0,Ampere,3050.0,RTX,5,0,GeForce RTX 3050,GeForce RTX 3070
75000.0,11.225243392518447,GeForce RTX 3050,8.0,ASUS,12718.0,911.0,9.450852217451484,20310.0,448.0,5888.0,1500.0,1725.0,220.0,12718.0,57.80909090909091,2020.0,6.0,Ampere,3050.0,RTX,5,0,GeForce RTX 3050,GeForce RTX 3070
92500.0,11.434963923500517,GeForce RTX 3050,6.0,MSI,12718.0,911.0,9.450852217451484,20310.0,448.0,5888.0,1500.0,1725.0,220.0,12718.0,57.80909090909091,2020.0,6.0,Ampere,3050.0,RTX,5,0,GeForce RTX 3050,GeForce RTX 3070
90000.0,11.407564949312402,GeForce RTX 3050,8.0,ZOTAC,12718.0,911.0,9.450852217451484,20310.0,448.0,5888.0,1500.0,1725.0,220.0,12718.0,57.80909090909091,2020.0,6.0,Ampere,3050.0,RTX,5,0,GeForce RTX 3050,GeForce RTX 3070
87000.0,11.37366339763672,GeForce RTX 3050,6.0,ZOTAC,12718.0,911.0,9.450852217451484,20310.0,448.0,5888.0,1500.0,1725.0,220.0,12718.0,57.80909090909091,2020.0,6.0,Ampere,3050.0,RTX,5,0,GeForce RTX 3050,GeForce RTX 3070
92000.0,11.429543856031177,GeForce RTX 3050,6.0,MSI,12718.0,911.0,9.450852217451484,20310.0,448.0,5888.0,1500.0,1725.0,220.0,12718.0,57.80909090909091,2020.0,6.0,Ampere,3050.0,RTX,5,0,GeForce RTX 3050,GeForce RTX 3070
88000.0,11.385092093460344,GeForce RTX 3050,6.0,ZOTAC,12718.0,911.0,9.450852217451484,20310.0,448.0,5888.0,1500.0,1725.0,220.0,12718.0,57.80909090909091,2020.0,6.0,Ampere,3050.0,RTX,5,0,GeForce RTX 3050,GeForce RTX 3070
80000.0,11.289781913656018,GeForce RTX 3050,6.0,ZOTAC,12718.0,911.0,9.450852217451484,20310.0,448.0,5888.0,1500.0,1725.0,220.0,12718.0,57.80909090909091,2020.0,6.0,Ampere,3050.0,RTX,5,0,GeForce RTX 3050,GeForce RTX 3070
100500.0,11.517913006481267,GeForce RTX 3060,8.0,ASUS,16958.0,951.0,9.738553945343401,6451.0,336.0,1920.0,1365.0,1680.0,160.0,16958.0,105.9875,2019.0,7.0,Turing,3060.0,RTX,5,0,GeForce RTX 3060,GeForce RTX 2060
93000.0,11.440354772135393,GeForce RTX 3060,8.0,GALAX,16958.0,951.0,9.738553945343401,6451.0,336.0,1920.0,1365.0,1680.0,160.0,16958.0,105.9875,2019.0,7.0,Turing,3060.0,RTX,5,0,GeForce RTX 3060,GeForce RTX 2060
88500.0,11.390757830996021,GeForce RTX 3060,6.0,ZOTAC,16958.0,951.0,9.738553945343401,6451.0,336.0,1920.0,1365.0,1680.0,160.0,16958.0,105.9875,2019.0,7.0,Turing,3060.0,RTX,5,0,GeForce RTX 3060,GeForce RTX 2060
105000.0,11.56171562913966,GeForce RTX 3060,12.0,GIGABYTE,16958.0,951.0,9.738553945343401,6451.0,336.0,1920.0,1365.0,1680.0,160.0,16958.0,105.9875,2019.0,7.0,Turing,3060.0,RTX,5,0,GeForce RTX 3060,GeForce RTX 2060
106000.0,11.571194373094205,GeForce RTX 3060,8.0,GALAX,16958.0,951.0,9.738553945343401,6451.0,336.0,1920.0,1365.0,1680.0,160.0,16958.0,105.9875,2019.0,7.0,Turing,3060.0,RTX,5,0,GeForce RTX 3060,GeForce RTX 2060
88500.0,11.390757830996021,GeForce RTX 3060,8.0,GALAX,16958.0,951.0,9.738553945343401,6451.0,336.0,1920.0,1365.0,1680.0,160.0,16958.0,105.9875,2019.0,7.0,Turing,3060.0,RTX,5,0,GeForce RTX 3060,GeForce RTX 2060
94500.0,11.456355113481834,GeForce RTX 3060,8.0,MSI,16958.0,951.0,9.738553945343401,6451.0,336.0,1920.0,1365.0,1680.0,160.0,16958.0,105.9875,2019.0,7.0,Turing,3060.0,RTX,5,0,GeForce RTX 3060,GeForce RTX 2060
108000.0,11.589886506106357,GeForce RTX 3060,6.0,ZOTAC,16958.0,951.0,9.738553945343401,6451.0,336.0,1920.0,1365.0,1680.0,160.0,16958.0,105.9875,2019.0,7.0,Turing,3060.0,RTX,5,0,GeForce RTX 3060,GeForce RTX 2060
96500.0,11.477298287327077,GeForce RTX 3060,8.0,GIGABYTE,16958.0,951.0,9.738553945343401,6451.0,336.0,1920.0,1365.0,1680.0,160.0,16958.0,105.9875,2019.0,7.0,Turing,3060.0,RTX,5,0,GeForce RTX 3060,GeForce RTX 2060
94000.0,11.451050061252142,GeForce RTX 3060,8.0,ZOTAC,16958.0,951.0,9.738553945343401,6451.0,336.0,1920.0,1365.0,1680.0,160.0,16958.0,105.9875,2019.0,7.0,Turing,3060.0,RTX,5,0,GeForce RTX 3060,GeForce RTX 2060
97000.0,11.48246625748552,GeForce RTX 3060,8.0,GIGABYTE,16958.0,951.0,9.738553945343401,6451.0,336.0,1920.0,1365.0,1680.0,160.0,16958.0,105.9875,2019.0,7.0,Turing,3060.0,RTX,5,0,GeForce RTX 3060,GeForce RTX 2060
101500.0,11.52781407746398,GeForce RTX 3060,6.0,PALIT,16958.0,951.0,9.738553945343401,6451.0,336.0,1920.0,1365.0,1680.0,160.0,16958.0,105.9875,2019.0,7.0,Turing,3060.0,RTX,5,0,GeForce RTX 3060,GeForce RTX 2060
108500.0,11.594505451962652,GeForce RTX 3060,12.0,GIGABYTE,16958.0,951.0,9.738553945343401,6451.0,336.0,1920.0,1365.0,1680.0,160.0,16958.0,105.9875,2019.0,7.0,Turing,3060.0,RTX,5,0,GeForce RTX 3060,GeForce RTX 2060
92000.0,11.429543856031177,GeForce RTX 3060,6.0,MSI,16958.0,951.0,9.738553945343401,6451.0,336.0,1920.0,1365.0,1680.0,160.0,16958.0,105.9875,2019.0,7.0,Turing,3060.0,RTX,5,0,GeForce RTX 3060,GeForce RTX 2060
92500.0,11.434963923500517,GeForce RTX 3060,8.0,ZOTAC,16958.0,951.0,9.738553945343401,6451.0,336.0,1920.0,1365.0,1680.0,160.0,16958.0,105.9875,2019.0,7.0,Turing,3060.0,RTX,5,0,GeForce RTX 3060,GeForce RTX 2060
91000.0,11.418614785498987,GeForce RTX 3060,8.0,ZOTAC,16958.0,951.0,9.738553945343401,6451.0,336.0,1920.0,1365.0,1680.0,160.0,16958.0,105.9875,2019.0,7.0,Turing,3060.0,RTX,5,0,GeForce RTX 3060,GeForce RTX 2060
86000.0,11.362102575235644,GeForce RTX 3060,12.0,GIGABYTE,16958.0,951.0,9.738553945343401,6451.0,336.0,1920.0,1365.0,1680.0,160.0,16958.0,105.9875,2019.0,7.0,Turing,3060.0,RTX,5,0,GeForce RTX 3060,GeForce RTX 2060
88000.0,11.385092093460344,GeForce RTX 3060,8.0,GALAX,16958.0,951.0,9.738553945343401,6451.0,336.0,1920.0,1365.0,1680.0,160.0,16958.0,105.9875,2019.0,7.0,Turing,3060.0,RTX,5,0,GeForce RTX 3060,GeForce RTX 2060
88000.0,11.385092093460344,GeForce RTX 3060,6.0,PALIT,16958.0,951.0,9.738553945343401,6451.0,336.0,1920.0,1365.0,1680.0,160.0,16958.0,105.9875,2019.0,7.0,Turing,3060.0,RTX,5,0,GeForce RTX 3060,GeForce RTX 2060
88500.0,11.390757830996021,GeForce RTX 3060,6.0,ASUS,16958.0,951.0,9.738553945343401,6451.0,336.0,1920.0,1365.0,1680.0,160.0,16958.0,105.9875,2019.0,7.0,Turing,3060.0,RTX,5,0,GeForce RTX 3060,GeForce RTX 2060
91500.0,11.424094251263613,GeForce RTX 3060,8.0,GIGABYTE,16958.0,951.0,9.738553945343401,6451.0,336.0,1920.0,1365.0,1680.0,160.0,16958.0,105.9875,2019.0,7.0,Turing,3060.0,RTX,5,0,GeForce RTX 3060,GeForce RTX 2060
90000.0,11.407564949312402,GeForce RTX 3060,8.0,PALIT,16958.0,951.0,9.738553945343401,6451.0,336.0,1920.0,1365.0,1680.0,160.0,16958.0,105.9875,2019.0,7.0,Turing,3060.0,RTX,5,0,GeForce RTX 3060,GeForce RTX 2060
102500.0,11.5376180775606,GeForce RTX 3060,6.0,PALIT,16958.0,951.0,9.738553945343401,6451.0,336.0,1920.0,1365.0,1680.0,160.0,16958.0,105.9875,2019.0,7.0,Turing,3060.0,RTX,5,0,GeForce RTX 3060,GeForce RTX 2060
101000.0,11.522875795823397,GeForce RTX 3060,12.0,MSI,16958.0,951.0,9.738553945343401,6451.0,336.0,1920.0,1365.0,1680.0,160.0,16958.0,105.9875,2019.0,7.0,Turing,3060.0,RTX,5,0,GeForce RTX 3060,GeForce RTX 2060
108500.0,11.594505451962652,GeForce RTX 3060,8.0,MSI,16958.0,951.0,9.738553945343401,6451.0,336.0,1920.0,1365.0,1680.0,160.0,16958.0,105.9875,2019.0,7.0,Turing,3060.0,RTX,5,0,GeForce RTX 3060,GeForce RTX 2060
85500.0,11.356271654924852,GeForce RTX 3060,8.0,ZOTAC,16958.0,951.0,9.738553945343401,6451.0,336.0,1920.0,1365.0,1680.0,160.0,16958.0,105.9875,2019.0,7.0,Turing,3060.0,RTX,5,0,GeForce RTX 3060,GeForce RTX 2060
91000.0,11.418614785498987,GeForce RTX 3060,8.0,GIGABYTE,16958.0,951.0,9.738553945343401,6451.0,336.0,1920.0,1365.0,1680.0,160.0,16958.0,105.9875,2019.0,7.0,Turing,3060.0,RTX,5,0,GeForce RTX 3060,GeForce RTX 2060
96500.0,11.477298287327077,GeForce RTX 3060,8.0,ASUS,16958.0,951.0,9.738553945343401,6451.0,336.0,1920.0,1365.0,1680.0,160.0,16958.0,105.9875,2019.0,7.0,Turing,3060.0,RTX,5,0,GeForce RTX 3060,GeForce RTX 2060
90000.0,11.407564949312402,GeForce RTX 3060,8.0,GIGABYTE,16958.0,951.0,9.738553945343401,6451.0,336.0,1920.0,1365.0,1680.0,160.0,16958.0,105.9875,2019.0,7.0,Turing,3060.0,RTX,5,0,GeForce RTX 3060,GeForce RTX 2060
97000.0,11.48246625748552,GeForce RTX 3060,6.0,ZOTAC,16958.0,951.0,9.738553945343401,6451.0,336.0,1920.0,1365.0,1680.0,160.0,16958.0,105.9875,2019.0,7.0,Turing,3060.0,RTX,5,0,GeForce RTX 3060,GeForce RTX 2060
87500.0,11.379394072345706,GeForce RTX 3060,8.0,MSI,16958.0,951.0,9.738553945343401,6451.0,336.0,1920.0,1365.0,1680.0,160.0,16958.0,105.9875,2019.0,7.0,Turing,3060.0,RTX,5,0,GeForce RTX 3060,GeForce RTX 2060
94500.0,11.456355113481834,GeForce RTX 3060,12.0,ZOTAC,16958.0,951.0,9.738553945343401,6451.0,336.0,1920.0,1365.0,1680.0,160.0,16958.0,105.9875,2019.0,7.0,Turing,3060.0,RTX,5,0,GeForce RTX 3060,GeForce RTX 2060
99000.0,11.502875129116727,GeForce RTX 3060,6.0,MSI,16958.0,951.0,9.738553945343401,6451.0,336.0,1920.0,1365.0,1680.0,160.0,16958.0,105.9875,2019.0,7.0,Turing,3060.0,RTX,5,0,GeForce RTX 3060,GeForce RTX 2060
105000.0,11.56171562913966,GeForce RTX 3060,8.0,GIGABYTE,16958.0,951.0,9.738553945343401,6451.0,336.0,1920.0,1365.0,1680.0,160.0,16958.0,105.9875,2019.0,7.0,Turing,3060.0,RTX,5,0,GeForce RTX 3060,GeForce RTX 2060
115000.0,11.652687407345388,GeForce RTX 3060,12.0,ASUS,16958.0,951.0,9.738553945343401,6451.0,336.0,1920.0,1365.0,1680.0,160.0,16958.0,105.9875,2019.0,7.0,Turing,3060.0,RTX,5,0,GeForce RTX 3060,GeForce RTX 2060
88000.0,11.385092093460344,GeForce RTX 3060,12.0,MSI,16958.0,951.0,9.738553945343401,6451.0,336.0,1920.0,1365.0,1680.0,160.0,16958.0,105.9875,2019.0,7.0,Turing,3060.0,RTX,5,0,GeForce RTX 3060,GeForce RTX 2060
95000.0,11.461632170582678,GeForce RTX 3060,12.0,ZOTAC,16958.0,951.0,9.738553945343401,6451.0,336.0,1920.0,1365.0,1680.0,160.0,16958.0,105.9875,2019.0,7.0,Turing,3060.0,RTX,5,0,GeForce RTX 3060,GeForce RTX 2060
88000.0,11.385092093460344,GeForce RTX 3060,12.0,GIGABYTE,16958.0,951.0,9.738553945343401,6451.0,336.0,1920.0,1365.0,1680.0,160.0,16958.0,105.9875,2019.0,7.0,Turing,3060.0,RTX,5,0,GeForce RTX 3060,GeForce RTX 2060
90000.0,11.407564949312402,GeForce RTX 3060,12.0,MSI,16958.0,951.0,9.738553945343401,6451.0,336.0,1920.0,1365.0,1680.0,160.0,16958.0,105.9875,2019.0,7.0,Turing,3060.0,RTX,5,0,GeForce RTX 3060,GeForce RTX 2060
98000.0,11.49272275765271,GeForce RTX 3060,12.0,MSI,16958.0,951.0,9.738553945343401,6451.0,336.0,1920.0,1365.0,1680.0,160.0,16958.0,105.9875,2019.0,7.0,Turing,3060.0,RTX,5,0,GeForce RTX 3060,GeForce RTX 2060
95000.0,11.461632170582678,GeForce RTX 3060,12.0,MSI,16958.0,951.0,9.738553945343401,6451.0,336.0,1920.0,1365.0,1680.0,160.0,16958.0,105.9875,2019.0,7.0,Turing,3060.0,RTX,5,0,GeForce RTX 3060,GeForce RTX 2060
98000.0,11.49272275765271,GeForce RTX 3060,12.0,ASUS,16958.0,951.0,9.738553945343401,6451.0,336.0,1920.0,1365.0,1680.0,160.0,16958.0,105.9875,2019.0,7.0,Turing,3060.0,RTX,5,0,GeForce RTX 3060,GeForce RTX 2060
88000.0,11.385092093460344,GeForce RTX 3060,12.0,GALAX,16958.0,951.0,9.738553945343401,6451.0,336.0,1920.0,1365.0,1680.0,160.0,16958.0,105.9875,2019.0,7.0,Turing,3060.0,RTX,5,0,GeForce RTX 3060,GeForce RTX 2060
93000.0,11.440354772135393,GeForce RTX 3060,12.0,ASUS,16958.0,951.0,9.738553945343401,6451.0,336.0,1920.0,1365.0,1680.0,160.0,16958.0,105.9875,2019.0,7.0,Turing,3060.0,RTX,5,0,GeForce RTX 3060,GeForce RTX 2060
80000.0,11.289781913656018,GeForce RTX 3060,12.0,MSI,16958.0,951.0,9.738553945343401,6451.0,336.0,1920.0,1365.0,1680.0,160.0,16958.0,105.9875,2019.0,7.0,Turing,3060.0,RTX,5,0,GeForce RTX 3060,GeForce RTX 2060
105000.0,11.56171562913966,GeForce RTX 3060,12.0,MSI,16958.0,951.0,9.738553945343401,6451.0,336.0,1920.0,1365.0,1680.0,160.0,16958.0,105.9875,2019.0,7.0,Turing,3060.0,RTX,5,0,GeForce RTX 3060,GeForce RTX 2060
72000.0,11.184421397998193,GeForce RTX 3060,8.0,MSI,16958.0,951.0,9.738553945343401,6451.0,336.0,1920.0,1365.0,1680.0,160.0,16958.0,105.9875,2019.0,7.0,Turing,3060.0,RTX,5,0,GeForce RTX 3060,GeForce RTX 2060
105000.0,11.56171562913966,GeForce RTX 3060,12.0,NVIDIA,16958.0,951.0,9.738553945343401,6451.0,336.0,1920.0,1365.0,1680.0,160.0,16958.0,105.9875,2019.0,7.0,Turing,3060.0,RTX,5,0,GeForce RTX 3060,GeForce RTX 2060
100000.0,11.512925464970229,GeForce RTX 3060,12.0,NVIDIA,16958.0,951.0,9.738553945343401,6451.0,336.0,1920.0,1365.0,1680.0,160.0,16958.0,105.9875,2019.0,7.0,Turing,3060.0,RTX,5,0,GeForce RTX 3060,GeForce RTX 2060
88000.0,11.385092093460344,GeForce RTX 3060,12.0,NVIDIA,16958.0,951.0,9.738553945343401,6451.0,336.0,1920.0,1365.0,1680.0,160.0,16958.0,105.9875,2019.0,7.0,Turing,3060.0,RTX,5,0,GeForce RTX 3060,GeForce RTX 2060
110000.0,11.608235644774552,GeForce RTX 3060,12.0,ASUS,16958.0,951.0,9.738553945343401,6451.0,336.0,1920.0,1365.0,1680.0,160.0,16958.0,105.9875,2019.0,7.0,Turing,3060.0,RTX,5,0,GeForce RTX 3060,GeForce RTX 2060
105500.0,11.566466231898259,GeForce RTX 3060 Ti,8.0,ASUS,20206.0,961.0,9.913784358013496,16200.0,448.0,4864.0,1410.0,1665.0,200.0,20206.0,101.03,2020.0,6.0,Ampere,3060.0,RTX,5,1,GeForce RTX 3060 Ti,GeForce RTX 3060 Ti
109500.0,11.603679828238693,GeForce RTX 3060 Ti,8.0,MSI,20206.0,961.0,9.913784358013496,16200.0,448.0,4864.0,1410.0,1665.0,200.0,20206.0,101.03,2020.0,6.0,Ampere,3060.0,RTX,5,1,GeForce RTX 3060 Ti,GeForce RTX 3060 Ti
93500.0,11.44571671527678,GeForce RTX 3060 Ti,8.0,GALAX,20206.0,961.0,9.913784358013496,16200.0,448.0,4864.0,1410.0,1665.0,200.0,20206.0,101.03,2020.0,6.0,Ampere,3060.0,RTX,5,1,GeForce RTX 3060 Ti,GeForce RTX 3060 Ti
101500.0,11.52781407746398,GeForce RTX 3060 Ti,8.0,ASUS,20206.0,961.0,9.913784358013496,16200.0,448.0,4864.0,1410.0,1665.0,200.0,20206.0,101.03,2020.0,6.0,Ampere,3060.0,RTX,5,1,GeForce RTX 3060 Ti,GeForce RTX 3060 Ti
89500.0,11.401993904262946,GeForce RTX 3060 Ti,8.0,GIGABYTE,20206.0,961.0,9.913784358013496,16200.0,448.0,4864.0,1410.0,1665.0,200.0,20206.0,101.03,2020.0,6.0,Ampere,3060.0,RTX,5,1,GeForce RTX 3060 Ti,GeForce RTX 3060 Ti
108000.0,11.589886506106357,GeForce RTX 3060 Ti,8.0,MSI,20206.0,961.0,9.913784358013496,16200.0,448.0,4864.0,1410.0,1665.0,200.0,20206.0,101.03,2020.0,6.0,Ampere,3060.0,RTX,5,1,GeForce RTX 3060 Ti,GeForce RTX 3060 Ti
96000.0,11.472103470449973,GeForce RTX 3060 Ti,8.0,PALIT,20206.0,961.0,9.913784358013496,16200.0,448.0,4864.0,1410.0,1665.0,200.0,20206.0,101.03,2020.0,6.0,Ampere,3060.0,RTX,5,1,GeForce RTX 3060 Ti,GeForce RTX 3060 Ti
109000.0,11.59910316121128,GeForce RTX 3060 Ti,8.0,MSI,20206.0,961.0,9.913784358013496,16200.0,448.0,4864.0,1410.0,1665.0,200.0,20206.0,101.03,2020.0,6.0,Ampere,3060.0,RTX,5,1,GeForce RTX 3060 Ti,GeForce RTX 3060 Ti
92000.0,11.429543856031177,GeForce RTX 3060 Ti,8.0,ASUS,20206.0,961.0,9.913784358013496,16200.0,448.0,4864.0,1410.0,1665.0,200.0,20206.0,101.03,2020.0,6.0,Ampere,3060.0,RTX,5,1,GeForce RTX 3060 Ti,GeForce RTX 3060 Ti
96000.0,11.472103470449973,GeForce RTX 3060 Ti,8.0,ZOTAC,20206.0,961.0,9.913784358013496,16200.0,448.0,4864.0,1410.0,1665.0,200.0,20206.0,101.03,2020.0,6.0,Ampere,3060.0,RTX,5,1,GeForce RTX 3060 Ti,GeForce RTX 3060 Ti
90000.0,11.407564949312402,GeForce RTX 3060 Ti,8.0,MSI,20206.0,961.0,9.913784358013496,16200.0,448.0,4864.0,1410.0,1665.0,200.0,20206.0,101.03,2020.0,6.0,Ampere,3060.0,RTX,5,1,GeForce RTX 3060 Ti,GeForce RTX 3060 Ti
110000.0,11.608235644774552,GeForce RTX 3060 Ti,8.0,ASUS,20206.0,961.0,9.913784358013496,16200.0,448.0,4864.0,1410.0,1665.0,200.0,20206.0,101.03,2020.0,6.0,Ampere,3060.0,RTX,5,1,GeForce RTX 3060 Ti,GeForce RTX 3060 Ti
99500.0,11.507912923146684,GeForce RTX 3060 Ti,8.0,ZOTAC,20206.0,961.0,9.913784358013496,16200.0,448.0,4864.0,1410.0,1665.0,200.0,20206.0,101.03,2020.0,6.0,Ampere,3060.0,RTX,5,1,GeForce RTX 3060 Ti,GeForce RTX 3060 Ti
114000.0,11.643953727376633,GeForce RTX 3060 Ti,8.0,ASUS,20206.0,961.0,9.913784358013496,16200.0,448.0,4864.0,1410.0,1665.0,200.0,20206.0,101.03,2020.0,6.0,Ampere,3060.0,RTX,5,1,GeForce RTX 3060 Ti,GeForce RTX 3060 Ti
97500.0,11.487607656985938,GeForce RTX 3060 Ti,8.0,ZOTAC,20206.0,961.0,9.913784358013496,16200.0,448.0,4864.0,1410.0,1665.0,200.0,20206.0,101.03,2020.0,6.0,Ampere,3060.0,RTX,5,1,GeForce RTX 3060 Ti,GeForce RTX 3060 Ti
95000.0,11.461632170582678,GeForce RTX 3060 Ti,8.0,ZOTAC,20206.0,961.0,9.913784358013496,16200.0,448.0,4864.0,1410.0,1665.0,200.0,20206.0,101.03,2020.0,6.0,Ampere,3060.0,RTX,5,1,GeForce RTX 3060 Ti,GeForce RTX 3060 Ti
92000.0,11.429543856031177,GeForce RTX 3060 Ti,8.0,GALAX,20206.0,961.0,9.913784358013496,16200.0,448.0,4864.0,1410.0,1665.0,200.0,20206.0,101.03,2020.0,6.0,Ampere,3060.0,RTX,5,1,GeForce RTX 3060 Ti,GeForce RTX 3060 Ti
99000.0,11.502875129116727,GeForce RTX 3060 Ti,8.0,ZOTAC,20206.0,961.0,9.913784358013496,16200.0,448.0,4864.0,1410.0,1665.0,200.0,20206.0,101.03,2020.0,6.0,Ampere,3060.0,RTX,5,1,GeForce RTX 3060 Ti,GeForce RTX 3060 Ti
102500.0,11.5376180775606,GeForce RTX 3060 Ti,8.0,ASUS,20206.0,961.0,9.913784358013496,16200.0,448.0,4864.0,1410.0,1665.0,200.0,20206.0,101.03,2020.0,6.0,Ampere,3060.0,RTX,5,1,GeForce RTX 3060 Ti,GeForce RTX 3060 Ti
95500.0,11.466881526468821,GeForce RTX 3060 Ti,8.0,PALIT,20206.0,961.0,9.913784358013496,16200.0,448.0,4864.0,1410.0,1665.0,200.0,20206.0,101.03,2020.0,6.0,Ampere,3060.0,RTX,5,1,GeForce RTX 3060 Ti,GeForce RTX 3060 Ti
102000.0,11.532728092266408,GeForce RTX 3060 Ti,8.0,ASUS,20206.0,961.0,9.913784358013496,16200.0,448.0,4864.0,1410.0,1665.0,200.0,20206.0,101.03,2020.0,6.0,Ampere,3060.0,RTX,5,1,GeForce RTX 3060 Ti,GeForce RTX 3060 Ti
104500.0,11.556942350387002,GeForce RTX 3060 Ti,8.0,ZOTAC,20206.0,961.0,9.913784358013496,16200.0,448.0,4864.0,1410.0,1665.0,200.0,20206.0,101.03,2020.0,6.0,Ampere,3060.0,RTX,5,1,GeForce RTX 3060 Ti,GeForce RTX 3060 Ti
106000.0,11.571194373094205,GeForce RTX 3060 Ti,8.0,MSI,20206.0,961.0,9.913784358013496,16200.0,448.0,4864.0,1410.0,1665.0,200.0,20206.0,101.03,2020.0,6.0,Ampere,3060.0,RTX,5,1,GeForce RTX 3060 Ti,GeForce RTX 3060 Ti
108000.0,11.589886506106357,GeForce RTX 3060 Ti,8.0,ASUS,20206.0,961.0,9.913784358013496,16200.0,448.0,4864.0,1410.0,1665.0,200.0,20206.0,101.03,2020.0,6.0,Ampere,3060.0,RTX,5,1,GeForce RTX 3060 Ti,GeForce RTX 3060 Ti
105000.0,11.56171562913966,GeForce RTX 3060 Ti,8.0,GIGABYTE,20206.0,961.0,9.913784358013496,16200.0,448.0,4864.0,1410.0,1665.0,200.0,20206.0,101.03,2020.0,6.0,Ampere,3060.0,RTX,5,1,GeForce RTX 3060 Ti,GeForce RTX 3060 Ti
114000.0,11.643953727376633,GeForce RTX 3060 Ti,8.0,GIGABYTE,20206.0,961.0,9.913784358013496,16200.0,448.0,4864.0,1410.0,1665.0,200.0,20206.0,101.03,2020.0,6.0,Ampere,3060.0,RTX,5,1,GeForce RTX 3060 Ti,GeForce RTX 3060 Ti
91000.0,11.418614785498987,GeForce RTX 3060 Ti,8.0,MSI,20206.0,961.0,9.913784358013496,16200.0,448.0,4864.0,1410.0,1665.0,200.0,20206.0,101.03,2020.0,6.0,Ampere,3060.0,RTX,5,1,GeForce RTX 3060 Ti,GeForce RTX 3060 Ti
106500.0,11.575900264131617,GeForce RTX 3060 Ti,8.0,GIGABYTE,20206.0,961.0,9.913784358013496,16200.0,448.0,4864.0,1410.0,1665.0,200.0,20206.0,101.03,2020.0,6.0,Ampere,3060.0,RTX,5,1,GeForce RTX 3060 Ti,GeForce RTX 3060 Ti
92000.0,11.429543856031177,GeForce RTX 3060 Ti,8.0,ZOTAC,20206.0,961.0,9.913784358013496,16200.0,448.0,4864.0,1410.0,1665.0,200.0,20206.0,101.03,2020.0,6.0,Ampere,3060.0,RTX,5,1,GeForce RTX 3060 Ti,GeForce RTX 3060 Ti
116500.0,11.665646551987892,GeForce RTX 3060 Ti,8.0,MSI,20206.0,961.0,9.913784358013496,16200.0,448.0,4864.0,1410.0,1665.0,200.0,20206.0,101.03,2020.0,6.0,Ampere,3060.0,RTX,5,1,GeForce RTX 3060 Ti,GeForce RTX 3060 Ti
103000.0,11.542484267211773,GeForce RTX 3060 Ti,8.0,GIGABYTE,20206.0,961.0,9.913784358013496,16200.0,448.0,4864.0,1410.0,1665.0,200.0,20206.0,101.03,2020.0,6.0,Ampere,3060.0,RTX,5,1,GeForce RTX 3060 Ti,GeForce RTX 3060 Ti
113500.0,11.639558115903595,GeForce RTX 3060 Ti,8.0,MSI,20206.0,961.0,9.913784358013496,16200.0,448.0,4864.0,1410.0,1665.0,200.0,20206.0,101.03,2020.0,6.0,Ampere,3060.0,RTX,5,1,GeForce RTX 3060 Ti,GeForce RTX 3060 Ti
125000.0,11.736069016284437,GeForce RTX 3060 Ti,8.0,ASUS,20206.0,961.0,9.913784358013496,16200.0,448.0,4864.0,1410.0,1665.0,200.0,20206.0,101.03,2020.0,6.0,Ampere,3060.0,RTX,5,1,GeForce RTX 3060 Ti,GeForce RTX 3060 Ti
110000.0,11.608235644774552,GeForce RTX 3060 Ti,8.0,ZOTAC,20206.0,961.0,9.913784358013496,16200.0,448.0,4864.0,1410.0,1665.0,200.0,20206.0,101.03,2020.0,6.0,Ampere,3060.0,RTX,5,1,GeForce RTX 3060 Ti,GeForce RTX 3060 Ti
97000.0,11.48246625748552,GeForce RTX 3060 Ti,8.0,MSI,20206.0,961.0,9.913784358013496,16200.0,448.0,4864.0,1410.0,1665.0,200.0,20206.0,101.03,2020.0,6.0,Ampere,3060.0,RTX,5,1,GeForce RTX 3060 Ti,GeForce RTX 3060 Ti
97000.0,11.48246625748552,GeForce RTX 3060 Ti,8.0,GALAX,20206.0,961.0,9.913784358013496,16200.0,448.0,4864.0,1410.0,1665.0,200.0,20206.0,101.03,2020.0,6.0,Ampere,3060.0,RTX,5,1,GeForce RTX 3060 Ti,GeForce RTX 3060 Ti
99000.0,11.502875129116727,GeForce RTX 3060 Ti,8.0,MSI,20206.0,961.0,9.913784358013496,16200.0,448.0,4864.0,1410.0,1665.0,200.0,20206.0,101.03,2020.0,6.0,Ampere,3060.0,RTX,5,1,GeForce RTX 3060 Ti,GeForce RTX 3060 Ti
80000.0,11.289781913656018,GeForce RTX 3060 Ti,8.0,GIGABYTE,20206.0,961.0,9.913784358013496,16200.0,448.0,4864.0,1410.0,1665.0,200.0,20206.0,101.03,2020.0,6.0,Ampere,3060.0,RTX,5,1,GeForce RTX 3060 Ti,GeForce RTX 3060 Ti
98000.0,11.49272275765271,GeForce RTX 3060 Ti,8.0,ZOTAC,20206.0,961.0,9.913784358013496,16200.0,448.0,4864.0,1410.0,1665.0,200.0,20206.0,101.03,2020.0,6.0,Ampere,3060.0,RTX,5,1,GeForce RTX 3060 Ti,GeForce RTX 3060 Ti
115000.0,11.652687407345388,GeForce RTX 3060 Ti,8.0,ASUS,20206.0,961.0,9.913784358013496,16200.0,448.0,4864.0,1410.0,1665.0,200.0,20206.0,101.03,2020.0,6.0,Ampere,3060.0,RTX,5,1,GeForce RTX 3060 Ti,GeForce RTX 3060 Ti
110000.0,11.608235644774552,GeForce RTX 3060 Ti,8.0,MSI,20206.0,961.0,9.913784358013496,16200.0,448.0,4864.0,1410.0,1665.0,200.0,20206.0,101.03,2020.0,6.0,Ampere,3060.0,RTX,5,1,GeForce RTX 3060 Ti,GeForce RTX 3060 Ti
102500.0,11.5376180775606,GeForce RTX 3060 Ti,8.0,GIGABYTE,20206.0,961.0,9.913784358013496,16200.0,448.0,4864.0,1410.0,1665.0,200.0,20206.0,101.03,2020.0,6.0,Ampere,3060.0,RTX,5,1,GeForce RTX 3060 Ti,GeForce RTX 3060 Ti
105000.0,11.56171562913966,GeForce RTX 3060 Ti,8.0,MSI,20206.0,961.0,9.913784358013496,16200.0,448.0,4864.0,1410.0,1665.0,200.0,20206.0,101.03,2020.0,6.0,Ampere,3060.0,RTX,5,1,GeForce RTX 3060 Ti,GeForce RTX 3060 Ti
96000.0,11.472103470449973,GeForce RTX 3070,8.0,GIGABYTE,22093.0,969.0,10.00306135743222,20310.0,448.0,5888.0,1500.0,1725.0,220.0,22093.0,100.42272727272727,2020.0,6.0,Ampere,3070.0,RTX,5,0,GeForce RTX 3070,GeForce RTX 3070
97500.0,11.487607656985938,GeForce RTX 3070,8.0,MSI,22093.0,969.0,10.00306135743222,20310.0,448.0,5888.0,1500.0,1725.0,220.0,22093.0,100.42272727272727,2020.0,6.0,Ampere,3070.0,RTX,5,0,GeForce RTX 3070,GeForce RTX 3070
99500.0,11.507912923146684,GeForce RTX 3070,8.0,ZOTAC,22093.0,969.0,10.00306135743222,20310.0,448.0,5888.0,1500.0,1725.0,220.0,22093.0,100.42272727272727,2020.0,6.0,Ampere,3070.0,RTX,5,0,GeForce RTX 3070,GeForce RTX 3070
122000.0,11.711776323715394,GeForce RTX 3070,8.0,ASUS,22093.0,969.0,10.00306135743222,20310.0,448.0,5888.0,1500.0,1725.0,220.0,22093.0,100.42272727272727,2020.0,6.0,Ampere,3070.0,RTX,5,0,GeForce RTX 3070,GeForce RTX 3070
116000.0,11.661345470088502,GeForce RTX 3070,8.0,GIGABYTE,22093.0,969.0,10.00306135743222,20310.0,448.0,5888.0,1500.0,1725.0,220.0,22093.0,100.42272727272727,2020.0,6.0,Ampere,3070.0,RTX,5,0,GeForce RTX 3070,GeForce RTX 3070
114000.0,11.643953727376633,GeForce RTX 3070,8.0,PALIT,22093.0,969.0,10.00306135743222,20310.0,448.0,5888.0,1500.0,1725.0,220.0,22093.0,100.42272727272727,2020.0,6.0,Ampere,3070.0,RTX,5,0,GeForce RTX 3070,GeForce RTX 3070
91500.0,11.424094251263613,GeForce RTX 3070,8.0,ASUS,22093.0,969.0,10.00306135743222,20310.0,448.0,5888.0,1500.0,1725.0,220.0,22093.0,100.42272727272727,2020.0,6.0,Ampere,3070.0,RTX,5,0,GeForce RTX 3070,GeForce RTX 3070
104500.0,11.556942350387002,GeForce RTX 3070,8.0,ZOTAC,22093.0,969.0,10.00306135743222,20310.0,448.0,5888.0,1500.0,1725.0,220.0,22093.0,100.42272727272727,2020.0,6.0,Ampere,3070.0,RTX,5,0,GeForce RTX 3070,GeForce RTX 3070
101000.0,11.522875795823397,GeForce RTX 3070,8.0,GIGABYTE,22093.0,969.0,10.00306135743222,20310.0,448.0,5888.0,1500.0,1725.0,220.0,22093.0,100.42272727272727,2020.0,6.0,Ampere,3070.0,RTX,5,0,GeForce RTX 3070,GeForce RTX 3070
116500.0,11.665646551987892,GeForce RTX 3070,8.0,GIGABYTE,22093.0,969.0,10.00306135743222,20310.0,448.0,5888.0,1500.0,1725.0,220.0,22093.0,100.42272727272727,2020.0,6.0,Ampere,3070.0,RTX,5,0,GeForce RTX 3070,GeForce RTX 3070
93000.0,11.440354772135393,GeForce RTX 3070,8.0,GALAX,22093.0,969.0,10.00306135743222,20310.0,448.0,5888.0,1500.0,1725.0,220.0,22093.0,100.42272727272727,2020.0,6.0,Ampere,3070.0,RTX,5,0,GeForce RTX 3070,GeForce RTX 3070
104500.0,11.556942350387002,GeForce RTX 3070,8.0,GIGABYTE,22093.0,969.0,10.00306135743222,20310.0,448.0,5888.0,1500.0,1725.0,220.0,22093.0,100.42272727272727,2020.0,6.0,Ampere,3070.0,RTX,5,0,GeForce RTX 3070,GeForce RTX 3070
96000.0,11.472103470449973,GeForce RTX 3070,8.0,MSI,22093.0,969.0,10.00306135743222,20310.0,448.0,5888.0,1500.0,1725.0,220.0,22093.0,100.42272727272727,2020.0,6.0,Ampere,3070.0,RTX,5,0,GeForce RTX 3070,GeForce RTX 3070
104000.0,11.55214617812351,GeForce RTX 3070,8.0,MSI,22093.0,969.0,10.00306135743222,20310.0,448.0,5888.0,1500.0,1725.0,220.0,22093.0,100.42272727272727,2020.0,6.0,Ampere,3070.0,RTX,5,0,GeForce RTX 3070,GeForce RTX 3070
98500.0,11.49781182716018,GeForce RTX 3070,8.0,ZOTAC,22093.0,969.0,10.00306135743222,20310.0,448.0,5888.0,1500.0,1725.0,220.0,22093.0,100.42272727272727,2020.0,6.0,Ampere,3070.0,RTX,5,0,GeForce RTX 3070,GeForce RTX 3070
114500.0,11.648330101976432,GeForce RTX 3070,8.0,GALAX,22093.0,969.0,10.00306135743222,20310.0,448.0,5888.0,1500.0,1725.0,220.0,22093.0,100.42272727272727,2020.0,6.0,Ampere,3070.0,RTX,5,0,GeForce RTX 3070,GeForce RTX 3070
111500.0,11.62177986988231,GeForce RTX 3070,8.0,PALIT,22093.0,969.0,10.00306135743222,20310.0,448.0,5888.0,1500.0,1725.0,220.0,22093.0,100.42272727272727,2020.0,6.0,Ampere,3070.0,RTX,5,0,GeForce RTX 3070,GeForce RTX 3070
101000.0,11.522875795823397,GeForce RTX 3070,8.0,ZOTAC,22093.0,969.0,10.00306135743222,20310.0,448.0,5888.0,1500.0,1725.0,220.0,22093.0,100.42272727272727,2020.0,6.0,Ampere,3070.0,RTX,5,0,GeForce RTX 3070,GeForce RTX 3070
113500.0,11.639558115903595,GeForce RTX 3070,8.0,MSI,22093.0,969.0,10.00306135743222,20310.0,448.0,5888.0,1500.0,1725.0,220.0,22093.0,100.42272727272727,2020.0,6.0,Ampere,3070.0,RTX,5,0,GeForce RTX 3070,GeForce RTX 3070
97000.0,11.48246625748552,GeForce RTX 3070,8.0,PALIT,22093.0,969.0,10.00306135743222,20310.0,448.0,5888.0,1500.0,1725.0,220.0,22093.0,100.42272727272727,2020.0,6.0,Ampere,3070.0,RTX,5,0,GeForce RTX 3070,GeForce RTX 3070
112500.0,11.630708500626612,GeForce RTX 3070,8.0,PALIT,22093.0,969.0,10.00306135743222,20310.0,448.0,5888.0,1500.0,1725.0,220.0,22093.0,100.42272727272727,2020.0,6.0,Ampere,3070.0,RTX,5,0,GeForce RTX 3070,GeForce RTX 3070
107000.0,11.580584113444043,GeForce RTX 3070,8.0,ZOTAC,22093.0,969.0,10.00306135743222,20310.0,448.0,5888.0,1500.0,1725.0,220.0,22093.0,100.42272727272727,2020.0,6.0,Ampere,3070.0,RTX,5,0,GeForce RTX 3070,GeForce RTX 3070
109000.0,11.59910316121128,GeForce RTX 3070,8.0,MSI,22093.0,969.0,10.00306135743222,20310.0,448.0,5888.0,1500.0,1725.0,220.0,22093.0,100.42272727272727,2020.0,6.0,Ampere,3070.0,RTX,5,0,GeForce RTX 3070,GeForce RTX 3070
103000.0,11.542484267211773,GeForce RTX 3070,8.0,GIGABYTE,22093.0,969.0,10.00306135743222,20310.0,448.0,5888.0,1500.0,1725.0,220.0,22093.0,100.42272727272727,2020.0,6.0,Ampere,3070.0,RTX,5,0,GeForce RTX 3070,GeForce RTX 3070
116500.0,11.665646551987892,GeForce RTX 3070,8.0,GALAX,22093.0,969.0,10.00306135743222,20310.0,448.0,5888.0,1500.0,1725.0,220.0,22093.0,100.42272727272727,2020.0,6.0,Ampere,3070.0,RTX,5,0,GeForce RTX 3070,GeForce RTX 3070
113000.0,11.635143097694478,GeForce RTX 3070,8.0,PALIT,22093.0,969.0,10.00306135743222,20310.0,448.0,5888.0,1500.0,1725.0,220.0,22093.0,100.42272727272727,2020.0,6.0,Ampere,3070.0,RTX,5,0,GeForce RTX 3070,GeForce RTX 3070
92500.0,11.434963923500517,GeForce RTX 3070,8.0,PALIT,22093.0,969.0,10.00306135743222,20310.0,448.0,5888.0,1500.0,1725.0,220.0,22093.0,100.42272727272727,2020.0,6.0,Ampere,3070.0,RTX,5,0,GeForce RTX 3070,GeForce RTX 3070
105000.0,11.56171562913966,GeForce RTX 3070,8.0,ASUS,22093.0,969.0,10.00306135743222,20310.0,448.0,5888.0,1500.0,1725.0,220.0,22093.0,100.42272727272727,2020.0,6.0,Ampere,3070.0,RTX,5,0,GeForce RTX 3070,GeForce RTX 3070
110000.0,11.608235644774552,GeForce RTX 3070,8.0,MSI,22093.0,969.0,10.00306135743222,20310.0,448.0,5888.0,1500.0,1725.0,220.0,22093.0,100.42272727272727,2020.0,6.0,Ampere,3070.0,RTX,5,0,GeForce RTX 3070,GeForce RTX 3070
98000.0,11.49272275765271,GeForce RTX 3070,8.0,NVIDIA,22093.0,969.0,10.00306135743222,20310.0,448.0,5888.0,1500.0,1725.0,220.0,22093.0,100.42272727272727,2020.0,6.0,Ampere,3070.0,RTX,5,0,GeForce RTX 3070,GeForce RTX 3070
120000.0,11.695247021764184,GeForce RTX 3070,8.0,NVIDIA,22093.0,969.0,10.00306135743222,20310.0,448.0,5888.0,1500.0,1725.0,220.0,22093.0,100.42272727272727,2020.0,6.0,Ampere,3070.0,RTX,5,0,GeForce RTX 3070,GeForce RTX 3070
115000.0,11.652687407345388,GeForce RTX 3070,8.0,GIGABYTE,22093.0,969.0,10.00306135743222,20310.0,448.0,5888.0,1500.0,1725.0,220.0,22093.0,100.42272727272727,2020.0,6.0,Ampere,3070.0,RTX,5,0,GeForce RTX 3070,GeForce RTX 3070
95000.0,11.461632170582678,GeForce RTX 3070,8.0,ZOTAC,22093.0,969.0,10.00306135743222,20310.0,448.0,5888.0,1500.0,1725.0,220.0,22093.0,100.42272727272727,2020.0,6.0,Ampere,3070.0,RTX,5,0,GeForce RTX 3070,GeForce RTX 3070
115000.0,11.652687407345388,GeForce RTX 3070,8.0,ASUS,22093.0,969.0,10.00306135743222,20310.0,448.0,5888.0,1500.0,1725.0,220.0,22093.0,100.42272727272727,2020.0,6.0,Ampere,3070.0,RTX,5,0,GeForce RTX 3070,GeForce RTX 3070
100000.0,11.512925464970229,GeForce RTX 3070,8.0,PALIT,22093.0,969.0,10.00306135743222,20310.0,448.0,5888.0,1500.0,1725.0,220.0,22093.0,100.42272727272727,2020.0,6.0,Ampere,3070.0,RTX,5,0,GeForce RTX 3070,GeForce RTX 3070
95000.0,11.461632170582678,GeForce RTX 3070,8.0,GALAX,22093.0,969.0,10.00306135743222,20310.0,448.0,5888.0,1500.0,1725.0,220.0,22093.0,100.42272727272727,2020.0,6.0,Ampere,3070.0,RTX,5,0,GeForce RTX 3070,GeForce RTX 3070
115000.0,11.652687407345388,GeForce RTX 3070,8.0,MSI,22093.0,969.0,10.00306135743222,20310.0,448.0,5888.0,1500.0,1725.0,220.0,22093.0,100.42272727272727,2020.0,6.0,Ampere,3070.0,RTX,5,0,GeForce RTX 3070,GeForce RTX 3070
95000.0,11.461632170582678,GeForce RTX 3070,8.0,MSI,22093.0,969.0,10.00306135743222,20310.0,448.0,5888.0,1500.0,1725.0,220.0,22093.0,100.42272727272727,2020.0,6.0,Ampere,3070.0,RTX,5,0,GeForce RTX 3070,GeForce RTX 3070
105000.0,11.56171562913966,GeForce RTX 3070,8.0,ZOTAC,22093.0,969.0,10.00306135743222,20310.0,448.0,5888.0,1500.0,1725.0,220.0,22093.0,100.42272727272727,2020.0,6.0,Ampere,3070.0,RTX,5,0,GeForce RTX 3070,GeForce RTX 3070
110000.0,11.608235644774552,GeForce RTX 3070,8.0,ASUS,22093.0,969.0,10.00306135743222,20310.0,448.0,5888.0,1500.0,1725.0,220.0,22093.0,100.42272727272727,2020.0,6.0,Ampere,3070.0,RTX,5,0,GeForce RTX 3070,GeForce RTX 3070
80000.0,11.289781913656018,GeForce RTX 3070,8.0,MSI,22093.0,969.0,10.00306135743222,20310.0,448.0,5888.0,1500.0,1725.0,220.0,22093.0,100.42272727272727,2020.0,6.0,Ampere,3070.0,RTX,5,0,GeForce RTX 3070,GeForce RTX 3070
85000.0,11.350406535472453,GeForce RTX 3070,8.0,NVIDIA,22093.0,969.0,10.00306135743222,20310.0,448.0,5888.0,1500.0,1725.0,220.0,22093.0,100.42272727272727,2020.0,6.0,Ampere,3070.0,RTX,5,0,GeForce RTX 3070,GeForce RTX 3070
110500.0,11.612770799939945,GeForce RTX 3070 Ti,8.0,GIGABYTE,23367.0,1003.0,10.059122844067577,21750.0,608.3,6144.0,1575.0,1770.0,290.0,23367.0,80.57586206896552,2021.0,5.0,Ampere,3070.0,RTX,5,1,GeForce RTX 3070 Ti,GeForce RTX 3070 Ti
128000.0,11.759785542901755,GeForce RTX 3070 Ti,8.0,MSI,23367.0,1003.0,10.059122844067577,21750.0,608.3,6144.0,1575.0,1770.0,290.0,23367.0,80.57586206896552,2021.0,5.0,Ampere,3070.0,RTX,5,1,GeForce RTX 3070 Ti,GeForce RTX 3070 Ti
130500.0,11.779128505744886,GeForce RTX 3070 Ti,8.0,GIGABYTE,23367.0,1003.0,10.059122844067577,21750.0,608.3,6144.0,1575.0,1770.0,290.0,23367.0,80.57586206896552,2021.0,5.0,Ampere,3070.0,RTX,5,1,GeForce RTX 3070 Ti,GeForce RTX 3070 Ti
135500.0,11.816726919301892,GeForce RTX 3070 Ti,8.0,ZOTAC,23367.0,1003.0,10.059122844067577,21750.0,608.3,6144.0,1575.0,1770.0,290.0,23367.0,80.57586206896552,2021.0,5.0,Ampere,3070.0,RTX,5,1,GeForce RTX 3070 Ti,GeForce RTX 3070 Ti
103000.0,11.542484267211773,GeForce RTX 3070 Ti,8.0,ZOTAC,23367.0,1003.0,10.059122844067577,21750.0,608.3,6144.0,1575.0,1770.0,290.0,23367.0,80.57586206896552,2021.0,5.0,Ampere,3070.0,RTX,5,1,GeForce RTX 3070 Ti,GeForce RTX 3070 Ti
123500.0,11.72399643505017,GeForce RTX 3070 Ti,8.0,ZOTAC,23367.0,1003.0,10.059122844067577,21750.0,608.3,6144.0,1575.0,1770.0,290.0,23367.0,80.57586206896552,2021.0,5.0,Ampere,3070.0,RTX,5,1,GeForce RTX 3070 Ti,GeForce RTX 3070 Ti
115500.0,11.657025808943985,GeForce RTX 3070 Ti,8.0,GALAX,23367.0,1003.0,10.059122844067577,21750.0,608.3,6144.0,1575.0,1770.0,290.0,23367.0,80.57586206896552,2021.0,5.0,Ampere,3070.0,RTX,5,1,GeForce RTX 3070 Ti,GeForce RTX 3070 Ti
112000.0,11.626254150277232,GeForce RTX 3070 Ti,8.0,GIGABYTE,23367.0,1003.0,10.059122844067577,21750.0,608.3,6144.0,1575.0,1770.0,290.0,23367.0,80.57586206896552,2021.0,5.0,Ampere,3070.0,RTX,5,1,GeForce RTX 3070 Ti,GeForce RTX 3070 Ti
105500.0,11.566466231898259,GeForce RTX 3070 Ti,8.0,ASUS,23367.0,1003.0,10.059122844067577,21750.0,608.3,6144.0,1575.0,1770.0,290.0,23367.0,80.57586206896552,2021.0,5.0,Ampere,3070.0,RTX,5,1,GeForce RTX 3070 Ti,GeForce RTX 3070 Ti
117500.0,11.67419361256635,GeForce RTX 3070 Ti,8.0,MSI,23367.0,1003.0,10.059122844067577,21750.0,608.3,6144.0,1575.0,1770.0,290.0,23367.0,80.57586206896552,2021.0,5.0,Ampere,3070.0,RTX,5,1,GeForce RTX 3070 Ti,GeForce RTX 3070 Ti
132000.0,11.790557201568507,GeForce RTX 3070 Ti,8.0,MSI,23367.0,1003.0,10.059122844067577,21750.0,608.3,6144.0,1575.0,1770.0,290.0,23367.0,80.57586206896552,2021.0,5.0,Ampere,3070.0,RTX,5,1,GeForce RTX 3070 Ti,GeForce RTX 3070 Ti
114000.0,11.643953727376633,GeForce RTX 3070 Ti,8.0,MSI,23367.0,1003.0,10.059122844067577,21750.0,608.3,6144.0,1575.0,1770.0,290.0,23367.0,80.57586206896552,2021.0,5.0,Ampere,3070.0,RTX,5,1,GeForce RTX 3070 Ti,GeForce RTX 3070 Ti
125000.0,11.736069016284437,GeForce RTX 3070 Ti,8.0,ZOTAC,23367.0,1003.0,10.059122844067577,21750.0,608.3,6144.0,1575.0,1770.0,290.0,23367.0,80.57586206896552,2021.0,5.0,Ampere,3070.0,RTX,5,1,GeForce RTX 3070 Ti,GeForce RTX 3070 Ti
130000.0,11.77528972943772,GeForce RTX 3070 Ti,8.0,GIGABYTE,23367.0,1003.0,10.059122844067577,21750.0,608.3,6144.0,1575.0,1770.0,290.0,23367.0,80.57586206896552,2021.0,5.0,Ampere,3070.0,RTX,5,1,GeForce RTX 3070 Ti,GeForce RTX 3070 Ti
126000.0,11.744037185933616,GeForce RTX 3070 Ti,8.0,ZOTAC,23367.0,1003.0,10.059122844067577,21750.0,608.3,6144.0,1575.0,1770.0,290.0,23367.0,80.57586206896552,2021.0,5.0,Ampere,3070.0,RTX,5,1,GeForce RTX 3070 Ti,GeForce RTX 3070 Ti
114500.0,11.648330101976432,GeForce RTX 3070 Ti,8.0,ASUS,23367.0,1003.0,10.059122844067577,21750.0,608.3,6144.0,1575.0,1770.0,290.0,23367.0,80.57586206896552,2021.0,5.0,Ampere,3070.0,RTX,5,1,GeForce RTX 3070 Ti,GeForce RTX 3070 Ti
111500.0,11.62177986988231,GeForce RTX 3070 Ti,8.0,MSI,23367.0,1003.0,10.059122844067577,21750.0,608.3,6144.0,1575.0,1770.0,290.0,23367.0,80.57586206896552,2021.0,5.0,Ampere,3070.0,RTX,5,1,GeForce RTX 3070 Ti,GeForce RTX 3070 Ti
137000.0,11.827736204810263,GeForce RTX 3070 Ti,8.0,ZOTAC,23367.0,1003.0,10.059122844067577,21750.0,608.3,6144.0,1575.0,1770.0,290.0,23367.0,80.57586206896552,2021.0,5.0,Ampere,3070.0,RTX,5,1,GeForce RTX 3070 Ti,GeForce RTX 3070 Ti
102500.0,11.5376180775606,GeForce RTX 3070 Ti,8.0,MSI,23367.0,1003.0,10.059122844067577,21750.0,608.3,6144.0,1575.0,1770.0,290.0,23367.0,80.57586206896552,2021.0,5.0,Ampere,3070.0,RTX,5,1,GeForce RTX 3070 Ti,GeForce RTX 3070 Ti
119500.0,11.691071650353702,GeForce RTX 3070 Ti,8.0,MSI,23367.0,1003.0,10.059122844067577,21750.0,608.3,6144.0,1575.0,1770.0,290.0,23367.0,80.57586206896552,2021.0,5.0,Ampere,3070.0,RTX,5,1,GeForce RTX 3070 Ti,GeForce RTX 3070 Ti
131500.0,11.786762130599957,GeForce RTX 3070 Ti,8.0,ZOTAC,23367.0,1003.0,10.059122844067577,21750.0,608.3,6144.0,1575.0,1770.0,290.0,23367.0,80.57586206896552,2021.0,5.0,Ampere,3070.0,RTX,5,1,GeForce RTX 3070 Ti,GeForce RTX 3070 Ti
103000.0,11.542484267211773,GeForce RTX 3070 Ti,8.0,ASUS,23367.0,1003.0,10.059122844067577,21750.0,608.3,6144.0,1575.0,1770.0,290.0,23367.0,80.57586206896552,2021.0,5.0,Ampere,3070.0,RTX,5,1,GeForce RTX 3070 Ti,GeForce RTX 3070 Ti
137500.0,11.831379196088763,GeForce RTX 3070 Ti,8.0,GIGABYTE,23367.0,1003.0,10.059122844067577,21750.0,608.3,6144.0,1575.0,1770.0,290.0,23367.0,80.57586206896552,2021.0,5.0,Ampere,3070.0,RTX,5,1,GeForce RTX 3070 Ti,GeForce RTX 3070 Ti
112000.0,11.626254150277232,GeForce RTX 3070 Ti,8.0,ASUS,23367.0,1003.0,10.059122844067577,21750.0,608.3,6144.0,1575.0,1770.0,290.0,23367.0,80.57586206896552,2021.0,5.0,Ampere,3070.0,RTX,5,1,GeForce RTX 3070 Ti,GeForce RTX 3070 Ti
122000.0,11.711776323715394,GeForce RTX 3070 Ti,8.0,GIGABYTE,23367.0,1003.0,10.059122844067577,21750.0,608.3,6144.0,1575.0,1770.0,290.0,23367.0,80.57586206896552,2021.0,5.0,Ampere,3070.0,RTX,5,1,GeForce RTX 3070 Ti,GeForce RTX 3070 Ti
127000.0,11.751942365440728,GeForce RTX 3070 Ti,8.0,PALIT,23367.0,1003.0,10.059122844067577,21750.0,608.3,6144.0,1575.0,1770.0,290.0,23367.0,80.57586206896552,2021.0,5.0,Ampere,3070.0,RTX,5,1,GeForce RTX 3070 Ti,GeForce RTX 3070 Ti
117500.0,11.67419361256635,GeForce RTX 3070 Ti,8.0,PALIT,23367.0,1003.0,10.059122844067577,21750.0,608.3,6144.0,1575.0,1770.0,290.0,23367.0,80.57586206896552,2021.0,5.0,Ampere,3070.0,RTX,5,1,GeForce RTX 3070 Ti,GeForce RTX 3070 Ti
113500.0,11.639558115903595,GeForce RTX 3070 Ti,8.0,MSI,23367.0,1003.0,10.059122844067577,21750.0,608.3,6144.0,1575.0,1770.0,290.0,23367.0,80.57586206896552,2021.0,5.0,Ampere,3070.0,RTX,5,1,GeForce RTX 3070 Ti,GeForce RTX 3070 Ti
123000.0,11.719939634354555,GeForce RTX 3070 Ti,8.0,PALIT,23367.0,1003.0,10.059122844067577,21750.0,608.3,6144.0,1575.0,1770.0,290.0,23367.0,80.57586206896552,2021.0,5.0,Ampere,3070.0,RTX,5,1,GeForce RTX 3070 Ti,GeForce RTX 3070 Ti
106500.0,11.575900264131617,GeForce RTX 3070 Ti,8.0,GIGABYTE,23367.0,1003.0,10.059122844067577,21750.0,608.3,6144.0,1575.0,1770.0,290.0,23367.0,80.57586206896552,2021.0,5.0,Ampere,3070.0,RTX,5,1,GeForce RTX 3070 Ti,GeForce RTX 3070 Ti
129500.0,11.771436160121729,GeForce RTX 3070 Ti,8.0,ASUS,23367.0,1003.0,10.059122844067577,21750.0,608.3,6144.0,1575.0,1770.0,290.0,23367.0,80.57586206896552,2021.0,5.0,Ampere,3070.0,RTX,5,1,GeForce RTX 3070 Ti,GeForce RTX 3070 Ti
125500.0,11.740061037553975,GeForce RTX 3070 Ti,8.0,GIGABYTE,23367.0,1003.0,10.059122844067577,21750.0,608.3,6144.0,1575.0,1770.0,290.0,23367.0,80.57586206896552,2021.0,5.0,Ampere,3070.0,RTX,5,1,GeForce RTX 3070 Ti,GeForce RTX 3070 Ti
135500.0,11.816726919301892,GeForce RTX 3070 Ti,8.0,MSI,23367.0,1003.0,10.059122844067577,21750.0,608.3,6144.0,1575.0,1770.0,290.0,23367.0,80.57586206896552,2021.0,5.0,Ampere,3070.0,RTX,5,1,GeForce RTX 3070 Ti,GeForce RTX 3070 Ti
122500.0,11.715866308966918,GeForce RTX 3070 Ti,8.0,ASUS,23367.0,1003.0,10.059122844067577,21750.0,608.3,6144.0,1575.0,1770.0,290.0,23367.0,80.57586206896552,2021.0,5.0,Ampere,3070.0,RTX,5,1,GeForce RTX 3070 Ti,GeForce RTX 3070 Ti
120500.0,11.699405031912846,GeForce RTX 3070 Ti,8.0,ASUS,23367.0,1003.0,10.059122844067577,21750.0,608.3,6144.0,1575.0,1770.0,290.0,23367.0,80.57586206896552,2021.0,5.0,Ampere,3070.0,RTX,5,1,GeForce RTX 3070 Ti,GeForce RTX 3070 Ti
103500.0,11.547326891687561,GeForce RTX 3070 Ti,8.0,GIGABYTE,23367.0,1003.0,10.059122844067577,21750.0,608.3,6144.0,1575.0,1770.0,290.0,23367.0,80.57586206896552,2021.0,5.0,Ampere,3070.0,RTX,5,1,GeForce RTX 3070 Ti,GeForce RTX 3070 Ti
105000.0,11.56171562913966,GeForce RTX 3070 Ti,8.0,GALAX,23367.0,1003.0,10.059122844067577,21750.0,608.3,6144.0,1575.0,1770.0,290.0,23367.0,80.57586206896552,2021.0,5.0,Ampere,3070.0,RTX,5,1,GeForce RTX 3070 Ti,GeForce RTX 3070 Ti
120000.0,11.695247021764184,GeForce RTX 3070 Ti,8.0,ASUS,23367.0,1003.0,10.059122844067577,21750.0,608.3,6144.0,1575.0,1770.0,290.0,23367.0,80.57586206896552,2021.0,5.0,Ampere,3070.0,RTX,5,1,GeForce RTX 3070 Ti,GeForce RTX 3070 Ti
115000.0,11.652687407345388,GeForce RTX 3070 Ti,8.0,MSI,23367.0,1003.0,10.059122844067577,21750.0,608.3,6144.0,1575.0,1770.0,290.0,23367.0,80.57586206896552,2021.0,5.0,Ampere,3070.0,RTX,5,1,GeForce RTX 3070 Ti,GeForce RTX 3070 Ti
143000.0,11.870599909242044,GeForce RTX 3080,10.0,ZOTAC,24853.0,1003.0,10.12077398436594,29770.0,760.3,8704.0,1440.0,1710.0,320.0,24853.0,77.665625,2020.0,6.0,Ampere,3080.0,RTX,5,0,GeForce RTX 3080,GeForce RTX 3080
145000.0,11.884489021402711,GeForce RTX 3080,10.0,ASUS,24853.0,1003.0,10.12077398436594,29770.0,760.3,8704.0,1440.0,1710.0,320.0,24853.0,77.665625,2020.0,6.0,Ampere,3080.0,RTX,5,0,GeForce RTX 3080,GeForce RTX 3080
155000.0,11.951180395901384,GeForce RTX 3080,10.0,GIGABYTE,24853.0,1003.0,10.12077398436594,29770.0,760.3,8704.0,1440.0,1710.0,320.0,24853.0,77.665625,2020.0,6.0,Ampere,3080.0,RTX,5,0,GeForce RTX 3080,GeForce RTX 3080
145000.0,11.884489021402711,GeForce RTX 3080,10.0,ZOTAC,24853.0,1003.0,10.12077398436594,29770.0,760.3,8704.0,1440.0,1710.0,320.0,24853.0,77.665625,2020.0,6.0,Ampere,3080.0,RTX,5,0,GeForce RTX 3080,GeForce RTX 3080
138000.0,11.835008964139341,GeForce RTX 3080,10.0,MSI,24853.0,1003.0,10.12077398436594,29770.0,760.3,8704.0,1440.0,1710.0,320.0,24853.0,77.665625,2020.0,6.0,Ampere,3080.0,RTX,5,0,GeForce RTX 3080,GeForce RTX 3080
150000.0,11.918390573078392,GeForce RTX 3080,10.0,ASUS,24853.0,1003.0,10.12077398436594,29770.0,760.3,8704.0,1440.0,1710.0,320.0,24853.0,77.665625,2020.0,6.0,Ampere,3080.0,RTX,5,0,GeForce RTX 3080,GeForce RTX 3080
150000.0,11.918390573078392,GeForce RTX 3080,12.0,ASUS,24853.0,1003.0,10.12077398436594,29770.0,760.3,8704.0,1440.0,1710.0,320.0,24853.0,77.665625,2020.0,6.0,Ampere,3080.0,RTX,5,0,GeForce RTX 3080,GeForce RTX 3080
135000.0,11.813030057420567,GeForce RTX 3080,10.0,GIGABYTE,24853.0,1003.0,10.12077398436594,29770.0,760.3,8704.0,1440.0,1710.0,320.0,24853.0,77.665625,2020.0,6.0,Ampere,3080.0,RTX,5,0,GeForce RTX 3080,GeForce RTX 3080
135000.0,11.813030057420567,GeForce RTX 3080,10.0,NVIDIA,24853.0,1003.0,10.12077398436594,29770.0,760.3,8704.0,1440.0,1710.0,320.0,24853.0,77.665625,2020.0,6.0,Ampere,3080.0,RTX,5,0,GeForce RTX 3080,GeForce RTX 3080
155000.0,11.951180395901384,GeForce RTX 3080,10.0,MSI,24853.0,1003.0,10.12077398436594,29770.0,760.3,8704.0,1440.0,1710.0,320.0,24853.0,77.665625,2020.0,6.0,Ampere,3080.0,RTX,5,0,GeForce RTX 3080,GeForce RTX 3080
113000.0,11.635143097694478,GeForce RTX 4060,8.0,ASUS,16958.0,951.0,9.738553945343401,15110.0,272.0,3072.0,1830.0,2460.0,115.0,16958.0,147.4608695652174,2023.0,3.0,Ada Lovelace,4060.0,RTX,6,0,GeForce RTX 3060,GeForce RTX 4060
118000.0,11.678439903447801,GeForce RTX 4060,8.0,GIGABYTE,16958.0,951.0,9.738553945343401,15110.0,272.0,3072.0,1830.0,2460.0,115.0,16958.0,147.4608695652174,2023.0,3.0,Ada Lovelace,4060.0,RTX,6,0,GeForce RTX 3060,GeForce RTX 4060
110000.0,11.608235644774552,GeForce RTX 4060,8.0,PNY,16958.0,951.0,9.738553945343401,15110.0,272.0,3072.0,1830.0,2460.0,115.0,16958.0,147.4608695652174,2023.0,3.0,Ada Lovelace,4060.0,RTX,6,0,GeForce RTX 3060,GeForce RTX 4060
125000.0,11.736069016284437,GeForce RTX 4060 Ti,8.0,ASUS,20206.0,961.0,9.913784358013496,16200.0,448.0,4864.0,1410.0,1665.0,200.0,20206.0,101.03,2020.0,6.0,Ampere,4060.0,RTX,6,1,GeForce RTX 3060 Ti,GeForce RTX 3060 Ti
120000.0,11.695247021764184,GeForce RTX 4060 Ti,8.0,ZOTAC,20206.0,961.0,9.913784358013496,16200.0,448.0,4864.0,1410.0,1665.0,200.0,20206.0,101.03,2020.0,6.0,Ampere,4060.0,RTX,6,1,GeForce RTX 3060 Ti,GeForce RTX 3060 Ti
145000.0,11.884489021402711,GeForce RTX 4060 Ti,16.0,ZOTAC,20206.0,961.0,9.913784358013496,16200.0,448.0,4864.0,1410.0,1665.0,200.0,20206.0,101.03,2020.0,6.0,Ampere,4060.0,RTX,6,1,GeForce RTX 3060 Ti,GeForce RTX 3060 Ti
205000.0,12.230765258120545,GeForce RTX 4070,12.0,MSI,22093.0,969.0,10.00306135743222,29150.0,504.2,5888.0,1920.0,2475.0,200.0,22093.0,110.465,2023.0,3.0,Ada Lovelace,4070.0,RTX,6,0,GeForce RTX 3070,GeForce RTX 4070
205000.0,12.230765258120545,GeForce RTX 4070 SUPER,12.0,ZOTAC,18168.0,896.0,9.807472124102441,35480.0,504.2,7168.0,1980.0,2475.0,220.0,18168.0,82.58181818181818,2024.0,2.0,Ada Lovelace,4070.0,RTX,6,0,GeForce RTX 2070 SUPER,GeForce RTX 4070 SUPER
295000.0,12.594730635321957,GeForce RTX 4070 Ti,16.0,ASUS,23367.0,1003.0,10.059122844067577,40090.0,504.2,7680.0,2310.0,2610.0,285.0,23367.0,81.98947368421052,2023.0,3.0,Ada Lovelace,4070.0,RTX,6,1,GeForce RTX 3070 Ti,GeForce RTX 4070 Ti
880000.0,13.687677186454389,GeForce RTX 4090,24.0,ASUS,26395.0,999.0,10.180967762503313,82580.0,1.01,16384.0,2235.0,2520.0,450.0,26395.0,58.65555555555556,2022.0,4.0,Ada Lovelace,4090.0,RTX,6,0,GeForce RTX 3090,GeForce RTX 4090
95000.0,11.461632170582678,GeForce RTX 5050,8.0,GIGABYTE,12718.0,911.0,9.450852217451484,13170.0,320.0,2560.0,2317.0,2572.0,130.0,12718.0,97.83076923076923,2025.0,1.0,Blackwell 2.0,5050.0,RTX,7,0,GeForce RTX 3050,GeForce RTX 5050
120000.0,11.695247021764184,GeForce RTX 5050,8.0,ASUS,12718.0,911.0,9.450852217451484,13170.0,320.0,2560.0,2317.0,2572.0,130.0,12718.0,97.83076923076923,2025.0,1.0,Blackwell 2.0,5050.0,RTX,7,0,GeForce RTX 3050,GeForce RTX 5050
115000.0,11.652687407345388,GeForce RTX 5050,8.0,MSI,12718.0,911.0,9.450852217451484,13170.0,320.0,2560.0,2317.0,2572.0,130.0,12718.0,97.83076923076923,2025.0,1.0,Blackwell 2.0,5050.0,RTX,7,0,GeForce RTX 3050,GeForce RTX 5050
180000.0,12.100712129872347,GeForce RTX 5060,8.0,MSI,16958.0,951.0,9.738553945343401,19180.0,448.0,3840.0,2280.0,2497.0,145.0,16958.0,116.95172413793104,2025.0,1.0,Blackwell 2.0,5060.0,RTX,7,0,GeForce RTX 3060,GeForce RTX 5060
156000.0,11.957611286231675,GeForce RTX 5060,8.0,ASUS,16958.0,951.0,9.738553945343401,19180.0,448.0,3840.0,2280.0,2497.0,145.0,16958.0,116.95172413793104,2025.0,1.0,Blackwell 2.0,5060.0,RTX,7,0,GeForce RTX 3060,GeForce RTX 5060
154000.0,11.944707881395766,GeForce RTX 5060,8.0,ASUS,16958.0,951.0,9.738553945343401,19180.0,448.0,3840.0,2280.0,2497.0,145.0,16958.0,116.95172413793104,2025.0,1.0,Blackwell 2.0,5060.0,RTX,7,0,GeForce RTX 3060,GeForce RTX 5060
145000.0,11.884489021402711,GeForce RTX 5060,8.0,MSI,16958.0,951.0,9.738553945343401,19180.0,448.0,3840.0,2280.0,2497.0,145.0,16958.0,116.95172413793104,2025.0,1.0,Blackwell 2.0,5060.0,RTX,7,0,GeForce RTX 3060,GeForce RTX 5060
130000.0,11.77528972943772,GeForce RTX 5060,8.0,ZOTAC,16958.0,951.0,9.738553945343401,19180.0,448.0,3840.0,2280.0,2497.0,145.0,16958.0,116.95172413793104,2025.0,1.0,Blackwell 2.0,5060.0,RTX,7,0,GeForce RTX 3060,GeForce RTX 5060
130000.0,11.77528972943772,GeForce RTX 5060,8.0,MSI,16958.0,951.0,9.738553945343401,19180.0,448.0,3840.0,2280.0,2497.0,145.0,16958.0,116.95172413793104,2025.0,1.0,Blackwell 2.0,5060.0,RTX,7,0,GeForce RTX 3060,GeForce RTX 5060
155000.0,11.951180395901384,GeForce RTX 5060 Ti,8.0,ZOTAC,20206.0,961.0,9.913784358013496,16200.0,448.0,4864.0,1410.0,1665.0,200.0,20206.0,101.03,2020.0,6.0,Ampere,5060.0,RTX,7,1,GeForce RTX 3060 Ti,GeForce RTX 3060 Ti
190000.0,12.154779351142624,GeForce RTX 5060 Ti,8.0,ASUS,20206.0,961.0,9.913784358013496,16200.0,448.0,4864.0,1410.0,1665.0,200.0,20206.0,101.03,2020.0,6.0,Ampere,5060.0,RTX,7,1,GeForce RTX 3060 Ti,GeForce RTX 3060 Ti
250000.0,12.429216196844383,GeForce RTX 5060 Ti,16.0,MSI,20206.0,961.0,9.913784358013496,16200.0,448.0,4864.0,1410.0,1665.0,200.0,20206.0,101.03,2020.0,6.0,Ampere,5060.0,RTX,7,1,GeForce RTX 3060 Ti,GeForce RTX 3060 Ti
205000.0,12.230765258120545,GeForce RTX 5060 Ti,16.0,NVIDIA,20206.0,961.0,9.913784358013496,16200.0,448.0,4864.0,1410.0,1665.0,200.0,20206.0,101.03,2020.0,6.0,Ampere,5060.0,RTX,7,1,GeForce RTX 3060 Ti,GeForce RTX 3060 Ti
259000.0,12.464583340681674,GeForce RTX 5070,12.0,ASUS,22093.0,969.0,10.00306135743222,30870.0,672.0,6144.0,2325.0,2512.0,250.0,22093.0,88.372,2025.0,1.0,Blackwell 2.0,5070.0,RTX,7,0,GeForce RTX 3070,GeForce RTX 5070
270000.0,12.506177237980511,GeForce RTX 5070,12.0,ASUS,22093.0,969.0,10.00306135743222,30870.0,672.0,6144.0,2325.0,2512.0,250.0,22093.0,88.372,2025.0,1.0,Blackwell 2.0,5070.0,RTX,7,0,GeForce RTX 3070,GeForce RTX 5070
235000.0,12.367340793126296,GeForce RTX 5070,12.0,NVIDIA,22093.0,969.0,10.00306135743222,30870.0,672.0,6144.0,2325.0,2512.0,250.0,22093.0,88.372,2025.0,1.0,Blackwell 2.0,5070.0,RTX,7,0,GeForce RTX 3070,GeForce RTX 5070
430000.0,12.971540487669746,GeForce RTX 5070 Ti,16.0,MSI,23367.0,1003.0,10.059122844067577,43940.0,896.0,8960.0,2295.0,2452.0,300.0,23367.0,77.89,2025.0,1.0,Blackwell 2.0,5070.0,RTX,7,1,GeForce RTX 3070 Ti,GeForce RTX 5070 Ti
435000.0,12.983101310070822,GeForce RTX 5070 Ti,16.0,ASUS,23367.0,1003.0,10.059122844067577,43940.0,896.0,8960.0,2295.0,2452.0,300.0,23367.0,77.89,2025.0,1.0,Blackwell 2.0,5070.0,RTX,7,1,GeForce RTX 3070 Ti,GeForce RTX 5070 Ti
449000.0,13.01477816672439,GeForce RTX 5070 Ti,16.0,ASUS,23367.0,1003.0,10.059122844067577,43940.0,896.0,8960.0,2295.0,2452.0,300.0,23367.0,77.89,2025.0,1.0,Blackwell 2.0,5070.0,RTX,7,1,GeForce RTX 3070 Ti,GeForce RTX 5070 Ti
460000.0,13.038981768465277,GeForce RTX 5080,16.0,MSI,24853.0,1003.0,10.12077398436594,56280.0,960.0,10752.0,2295.0,2617.0,360.0,24853.0,69.03611111111111,2025.0,1.0,Blackwell 2.0,5080.0,RTX,7,0,GeForce RTX 3080,GeForce RTX 5080
450000.0,13.017002861746503,GeForce RTX 5080,16.0,MSI,24853.0,1003.0,10.12077398436594,56280.0,960.0,10752.0,2295.0,2617.0,360.0,24853.0,69.03611111111111,2025.0,1.0,Blackwell 2.0,5080.0,RTX,7,0,GeForce RTX 3080,GeForce RTX 5080
14000.0,9.546812608597396,Radeon RX 460,4.0,ZOTAC,4114.0,570.0,8.32239411311117,2150.0,112.0,896.0,1090.0,1200.0,75.0,4114.0,54.85333333333333,2016.0,10.0,GCN 4.0,460.0,RX,3,0,Radeon RX 460,Radeon RX 460
18000.0,9.798127036878302,Radeon RX 460,2.0,MSI,4114.0,570.0,8.32239411311117,2150.0,112.0,896.0,1090.0,1200.0,75.0,4114.0,54.85333333333333,2016.0,10.0,GCN 4.0,460.0,RX,3,0,Radeon RX 460,Radeon RX 460
17500.0,9.769956159911606,Radeon RX 460,2.0,ASUS,4114.0,570.0,8.32239411311117,2150.0,112.0,896.0,1090.0,1200.0,75.0,4114.0,54.85333333333333,2016.0,10.0,GCN 4.0,460.0,RX,3,0,Radeon RX 460,Radeon RX 460
15000.0,9.615805480084347,Radeon RX 460,4.0,GALAX,4114.0,570.0,8.32239411311117,2150.0,112.0,896.0,1090.0,1200.0,75.0,4114.0,54.85333333333333,2016.0,10.0,GCN 4.0,460.0,RX,3,0,Radeon RX 460,Radeon RX 460
17500.0,9.769956159911606,Radeon RX 460,4.0,PALIT,4114.0,570.0,8.32239411311117,2150.0,112.0,896.0,1090.0,1200.0,75.0,4114.0,54.85333333333333,2016.0,10.0,GCN 4.0,460.0,RX,3,0,Radeon RX 460,Radeon RX 460
18500.0,9.825526011066415,Radeon RX 460,4.0,MSI,4114.0,570.0,8.32239411311117,2150.0,112.0,896.0,1090.0,1200.0,75.0,4114.0,54.85333333333333,2016.0,10.0,GCN 4.0,460.0,RX,3,0,Radeon RX 460,Radeon RX 460
15500.0,9.648595302907339,Radeon RX 460,2.0,ZOTAC,4114.0,570.0,8.32239411311117,2150.0,112.0,896.0,1090.0,1200.0,75.0,4114.0,54.85333333333333,2016.0,10.0,GCN 4.0,460.0,RX,3,0,Radeon RX 460,Radeon RX 460
19000.0,9.852194258148577,Radeon RX 460,4.0,ZOTAC,4114.0,570.0,8.32239411311117,2150.0,112.0,896.0,1090.0,1200.0,75.0,4114.0,54.85333333333333,2016.0,10.0,GCN 4.0,460.0,RX,3,0,Radeon RX 460,Radeon RX 460
15500.0,9.648595302907339,Radeon RX 460,2.0,GIGABYTE,4114.0,570.0,8.32239411311117,2150.0,112.0,896.0,1090.0,1200.0,75.0,4114.0,54.85333333333333,2016.0,10.0,GCN 4.0,460.0,RX,3,0,Radeon RX 460,Radeon RX 460
16000.0,9.680344001221918,Radeon RX 460,4.0,MSI,4114.0,570.0,8.32239411311117,2150.0,112.0,896.0,1090.0,1200.0,75.0,4114.0,54.85333333333333,2016.0,10.0,GCN 4.0,460.0,RX,3,0,Radeon RX 460,Radeon RX 460
18500.0,9.825526011066415,Radeon RX 460,4.0,ASUS,4114.0,570.0,8.32239411311117,2150.0,112.0,896.0,1090.0,1200.0,75.0,4114.0,54.85333333333333,2016.0,10.0,GCN 4.0,460.0,RX,3,0,Radeon RX 460,Radeon RX 460
16000.0,9.680344001221918,Radeon RX 460,2.0,ZOTAC,4114.0,570.0,8.32239411311117,2150.0,112.0,896.0,1090.0,1200.0,75.0,4114.0,54.85333333333333,2016.0,10.0,GCN 4.0,460.0,RX,3,0,Radeon RX 460,Radeon RX 460
16500.0,9.711115659888671,Radeon RX 460,4.0,PALIT,4114.0,570.0,8.32239411311117,2150.0,112.0,896.0,1090.0,1200.0,75.0,4114.0,54.85333333333333,2016.0,10.0,GCN 4.0,460.0,RX,3,0,Radeon RX 460,Radeon RX 460
14500.0,9.581903928408666,Radeon RX 460,4.0,ZOTAC,4114.0,570.0,8.32239411311117,2150.0,112.0,896.0,1090.0,1200.0,75.0,4114.0,54.85333333333333,2016.0,10.0,GCN 4.0,460.0,RX,3,0,Radeon RX 460,Radeon RX 460
16000.0,9.680344001221918,Radeon RX 460,4.0,GIGABYTE,4114.0,570.0,8.32239411311117,2150.0,112.0,896.0,1090.0,1200.0,75.0,4114.0,54.85333333333333,2016.0,10.0,GCN 4.0,460.0,RX,3,0,Radeon RX 460,Radeon RX 460
17500.0,9.769956159911606,Radeon RX 460,4.0,GIGABYTE,4114.0,570.0,8.32239411311117,2150.0,112.0,896.0,1090.0,1200.0,75.0,4114.0,54.85333333333333,2016.0,10.0,GCN 4.0,460.0,RX,3,0,Radeon RX 460,Radeon RX 460
15500.0,9.648595302907339,Radeon RX 460,2.0,ASUS,4114.0,570.0,8.32239411311117,2150.0,112.0,896.0,1090.0,1200.0,75.0,4114.0,54.85333333333333,2016.0,10.0,GCN 4.0,460.0,RX,3,0,Radeon RX 460,Radeon RX 460
15500.0,9.648595302907339,Radeon RX 460,4.0,MSI,4114.0,570.0,8.32239411311117,2150.0,112.0,896.0,1090.0,1200.0,75.0,4114.0,54.85333333333333,2016.0,10.0,GCN 4.0,460.0,RX,3,0,Radeon RX 460,Radeon RX 460
16500.0,9.711115659888671,Radeon RX 460,2.0,GALAX,4114.0,570.0,8.32239411311117,2150.0,112.0,896.0,1090.0,1200.0,75.0,4114.0,54.85333333333333,2016.0,10.0,GCN 4.0,460.0,RX,3,0,Radeon RX 460,Radeon RX 460
16500.0,9.711115659888671,Radeon RX 460,4.0,MSI,4114.0,570.0,8.32239411311117,2150.0,112.0,896.0,1090.0,1200.0,75.0,4114.0,54.85333333333333,2016.0,10.0,GCN 4.0,460.0,RX,3,0,Radeon RX 460,Radeon RX 460
19000.0,9.852194258148577,Radeon RX 460,2.0,MSI,4114.0,570.0,8.32239411311117,2150.0,112.0,896.0,1090.0,1200.0,75.0,4114.0,54.85333333333333,2016.0,10.0,GCN 4.0,460.0,RX,3,0,Radeon RX 460,Radeon RX 460
18000.0,9.798127036878302,Radeon RX 460,4.0,ZOTAC,4114.0,570.0,8.32239411311117,2150.0,112.0,896.0,1090.0,1200.0,75.0,4114.0,54.85333333333333,2016.0,10.0,GCN 4.0,460.0,RX,3,0,Radeon RX 460,Radeon RX 460
21500.0,9.975808214115753,Radeon RX 470,4.0,ASUS,8674.0,779.0,9.06820060481506,4940.0,211.2,2048.0,926.0,1206.0,120.0,8674.0,72.28333333333333,2016.0,10.0,GCN 4.0,470.0,RX,3,0,Radeon RX 480,Radeon RX 470
18000.0,9.798127036878302,Radeon RX 470,8.0,MSI,8674.0,779.0,9.06820060481506,4940.0,211.2,2048.0,926.0,1206.0,120.0,8674.0,72.28333333333333,2016.0,10.0,GCN 4.0,470.0,RX,3,0,Radeon RX 480,Radeon RX 470
20500.0,9.9281801651265,Radeon RX 470,8.0,PALIT,8674.0,779.0,9.06820060481506,4940.0,211.2,2048.0,926.0,1206.0,120.0,8674.0,72.28333333333333,2016.0,10.0,GCN 4.0,470.0,RX,3,0,Radeon RX 480,Radeon RX 470
22500.0,10.021270588192511,Radeon RX 470,4.0,ZOTAC,8674.0,779.0,9.06820060481506,4940.0,211.2,2048.0,926.0,1206.0,120.0,8674.0,72.28333333333333,2016.0,10.0,GCN 4.0,470.0,RX,3,0,Radeon RX 480,Radeon RX 470
21000.0,9.95227771670556,Radeon RX 470,8.0,ZOTAC,8674.0,779.0,9.06820060481506,4940.0,211.2,2048.0,926.0,1206.0,120.0,8674.0,72.28333333333333,2016.0,10.0,GCN 4.0,470.0,RX,3,0,Radeon RX 480,Radeon RX 470
18000.0,9.798127036878302,Radeon RX 470,4.0,ASUS,8674.0,779.0,9.06820060481506,4940.0,211.2,2048.0,926.0,1206.0,120.0,8674.0,72.28333333333333,2016.0,10.0,GCN 4.0,470.0,RX,3,0,Radeon RX 480,Radeon RX 470
19500.0,9.878169744551839,Radeon RX 470,8.0,GIGABYTE,8674.0,779.0,9.06820060481506,4940.0,211.2,2048.0,926.0,1206.0,120.0,8674.0,72.28333333333333,2016.0,10.0,GCN 4.0,470.0,RX,3,0,Radeon RX 480,Radeon RX 470
19000.0,9.852194258148577,Radeon RX 470,8.0,ASUS,8674.0,779.0,9.06820060481506,4940.0,211.2,2048.0,926.0,1206.0,120.0,8674.0,72.28333333333333,2016.0,10.0,GCN 4.0,470.0,RX,3,0,Radeon RX 480,Radeon RX 470
18500.0,9.825526011066415,Radeon RX 470,4.0,ZOTAC,8674.0,779.0,9.06820060481506,4940.0,211.2,2048.0,926.0,1206.0,120.0,8674.0,72.28333333333333,2016.0,10.0,GCN 4.0,470.0,RX,3,0,Radeon RX 480,Radeon RX 470
19000.0,9.852194258148577,Radeon RX 470,4.0,MSI,8674.0,779.0,9.06820060481506,4940.0,211.2,2048.0,926.0,1206.0,120.0,8674.0,72.28333333333333,2016.0,10.0,GCN 4.0,470.0,RX,3,0,Radeon RX 480,Radeon RX 470
20000.0,9.903487552536127,Radeon RX 470,4.0,MSI,8674.0,779.0,9.06820060481506,4940.0,211.2,2048.0,926.0,1206.0,120.0,8674.0,72.28333333333333,2016.0,10.0,GCN 4.0,470.0,RX,3,0,Radeon RX 480,Radeon RX 470
19500.0,9.878169744551839,Radeon RX 470,8.0,ZOTAC,8674.0,779.0,9.06820060481506,4940.0,211.2,2048.0,926.0,1206.0,120.0,8674.0,72.28333333333333,2016.0,10.0,GCN 4.0,470.0,RX,3,0,Radeon RX 480,Radeon RX 470
18000.0,9.798127036878302,Radeon RX 470,8.0,GIGABYTE,8674.0,779.0,9.06820060481506,4940.0,211.2,2048.0,926.0,1206.0,120.0,8674.0,72.28333333333333,2016.0,10.0,GCN 4.0,470.0,RX,3,0,Radeon RX 480,Radeon RX 470
21000.0,9.95227771670556,Radeon RX 470,4.0,MSI,8674.0,779.0,9.06820060481506,4940.0,211.2,2048.0,926.0,1206.0,120.0,8674.0,72.28333333333333,2016.0,10.0,GCN 4.0,470.0,RX,3,0,Radeon RX 480,Radeon RX 470
20000.0,9.903487552536127,Radeon RX 470,4.0,GALAX,8674.0,779.0,9.06820060481506,4940.0,211.2,2048.0,926.0,1206.0,120.0,8674.0,72.28333333333333,2016.0,10.0,GCN 4.0,470.0,RX,3,0,Radeon RX 480,Radeon RX 470
19000.0,9.852194258148577,Radeon RX 470,4.0,GALAX,8674.0,779.0,9.06820060481506,4940.0,211.2,2048.0,926.0,1206.0,120.0,8674.0,72.28333333333333,2016.0,10.0,GCN 4.0,470.0,RX,3,0,Radeon RX 480,Radeon RX 470
22500.0,10.021270588192511,Radeon RX 470,8.0,ASUS,8674.0,779.0,9.06820060481506,4940.0,211.2,2048.0,926.0,1206.0,120.0,8674.0,72.28333333333333,2016.0,10.0,GCN 4.0,470.0,RX,3,0,Radeon RX 480,Radeon RX 470
21500.0,9.975808214115753,Radeon RX 470,8.0,MSI,8674.0,779.0,9.06820060481506,4940.0,211.2,2048.0,926.0,1206.0,120.0,8674.0,72.28333333333333,2016.0,10.0,GCN 4.0,470.0,RX,3,0,Radeon RX 480,Radeon RX 470
19500.0,9.878169744551839,Radeon RX 470,4.0,MSI,8674.0,779.0,9.06820060481506,4940.0,211.2,2048.0,926.0,1206.0,120.0,8674.0,72.28333333333333,2016.0,10.0,GCN 4.0,470.0,RX,3,0,Radeon RX 480,Radeon RX 470
20500.0,9.9281801651265,Radeon RX 470,8.0,GIGABYTE,8674.0,779.0,9.06820060481506,4940.0,211.2,2048.0,926.0,1206.0,120.0,8674.0,72.28333333333333,2016.0,10.0,GCN 4.0,470.0,RX,3,0,Radeon RX 480,Radeon RX 470
22000.0,9.998797732340453,Radeon RX 470,8.0,GALAX,8674.0,779.0,9.06820060481506,4940.0,211.2,2048.0,926.0,1206.0,120.0,8674.0,72.28333333333333,2016.0,10.0,GCN 4.0,470.0,RX,3,0,Radeon RX 480,Radeon RX 470
19500.0,9.878169744551839,Radeon RX 470,4.0,ASUS,8674.0,779.0,9.06820060481506,4940.0,211.2,2048.0,926.0,1206.0,120.0,8674.0,72.28333333333333,2016.0,10.0,GCN 4.0,470.0,RX,3,0,Radeon RX 480,Radeon RX 470
22000.0,9.998797732340453,Radeon RX 470,8.0,GIGABYTE,8674.0,779.0,9.06820060481506,4940.0,211.2,2048.0,926.0,1206.0,120.0,8674.0,72.28333333333333,2016.0,10.0,GCN 4.0,470.0,RX,3,0,Radeon RX 480,Radeon RX 470
20500.0,9.9281801651265,Radeon RX 470,8.0,MSI,8674.0,779.0,9.06820060481506,4940.0,211.2,2048.0,926.0,1206.0,120.0,8674.0,72.28333333333333,2016.0,10.0,GCN 4.0,470.0,RX,3,0,Radeon RX 480,Radeon RX 470
18000.0,9.798127036878302,Radeon RX 470,4.0,GIGABYTE,8674.0,779.0,9.06820060481506,4940.0,211.2,2048.0,926.0,1206.0,120.0,8674.0,72.28333333333333,2016.0,10.0,GCN 4.0,470.0,RX,3,0,Radeon RX 480,Radeon RX 470
21000.0,9.95227771670556,Radeon RX 470,4.0,ASUS,8674.0,779.0,9.06820060481506,4940.0,211.2,2048.0,926.0,1206.0,120.0,8674.0,72.28333333333333,2016.0,10.0,GCN 4.0,470.0,RX,3,0,Radeon RX 480,Radeon RX 470
23000.0,10.043249494911286,Radeon RX 470,8.0,ZOTAC,8674.0,779.0,9.06820060481506,4940.0,211.2,2048.0,926.0,1206.0,120.0,8674.0,72.28333333333333,2016.0,10.0,GCN 4.0,470.0,RX,3,0,Radeon RX 480,Radeon RX 470
23000.0,10.043249494911286,Radeon RX 470,4.0,ASUS,8674.0,779.0,9.06820060481506,4940.0,211.2,2048.0,926.0,1206.0,120.0,8674.0,72.28333333333333,2016.0,10.0,GCN 4.0,470.0,RX,3,0,Radeon RX 480,Radeon RX 470
19000.0,9.852194258148577,Radeon RX 470,4.0,ZOTAC,8674.0,779.0,9.06820060481506,4940.0,211.2,2048.0,926.0,1206.0,120.0,8674.0,72.28333333333333,2016.0,10.0,GCN 4.0,470.0,RX,3,0,Radeon RX 480,Radeon RX 470
19000.0,9.852194258148577,Radeon RX 470,8.0,ZOTAC,8674.0,779.0,9.06820060481506,4940.0,211.2,2048.0,926.0,1206.0,120.0,8674.0,72.28333333333333,2016.0,10.0,GCN 4.0,470.0,RX,3,0,Radeon RX 480,Radeon RX 470
19000.0,9.852194258148577,Radeon RX 470,4.0,GIGABYTE,8674.0,779.0,9.06820060481506,4940.0,211.2,2048.0,926.0,1206.0,120.0,8674.0,72.28333333333333,2016.0,10.0,GCN 4.0,470.0,RX,3,0,Radeon RX 480,Radeon RX 470
32500.0,10.388995368317829,Radeon RX 480,8.0,GIGABYTE,8674.0,779.0,9.06820060481506,5834.0,256.0,2304.0,1120.0,1266.0,150.0,8674.0,57.82666666666667,2016.0,10.0,GCN 4.0,480.0,RX,3,0,Radeon RX 480,Radeon RX 480
17000.0,9.740968623038354,Radeon RX 550,4.0,AMD,2718.0,484.0,7.908019444632471,1211.4,112.0,512.0,1100.0,1183.0,50.0,2718.0,54.36,2017.0,9.0,GCN 4.0,550.0,RX,3,0,Radeon RX 550,Radeon RX 550
23000.0,10.043249494911286,Radeon RX 550,4.0,AMD,2718.0,484.0,7.908019444632471,1211.4,112.0,512.0,1100.0,1183.0,50.0,2718.0,54.36,2017.0,9.0,GCN 4.0,550.0,RX,3,0,Radeon RX 550,Radeon RX 550
12000.0,9.392661928770137,Radeon RX 550,4.0,AMD,2718.0,484.0,7.908019444632471,1211.4,112.0,512.0,1100.0,1183.0,50.0,2718.0,54.36,2017.0,9.0,GCN 4.0,550.0,RX,3,0,Radeon RX 550,Radeon RX 550
33000.0,10.404262840448617,Radeon RX 550,4.0,AMD,2718.0,484.0,7.908019444632471,1211.4,112.0,512.0,1100.0,1183.0,50.0,2718.0,54.36,2017.0,9.0,GCN 4.0,550.0,RX,3,0,Radeon RX 550,Radeon RX 550
14000.0,9.546812608597396,Radeon RX 550,2.0,AMD,2718.0,484.0,7.908019444632471,1211.4,112.0,512.0,1100.0,1183.0,50.0,2718.0,54.36,2017.0,9.0,GCN 4.0,550.0,RX,3,0,Radeon RX 550,Radeon RX 550
13000.0,9.472704636443673,Radeon RX 550,4.0,AMD,2718.0,484.0,7.908019444632471,1211.4,112.0,512.0,1100.0,1183.0,50.0,2718.0,54.36,2017.0,9.0,GCN 4.0,550.0,RX,3,0,Radeon RX 550,Radeon RX 550
3000.0,8.006367567650246,Radeon RX 5500 XT,4.0,ASUS,9188.0,824.0,9.125762395500885,5196.0,224.0,1408.0,1607.0,1845.0,130.0,9188.0,70.67692307692307,2019.0,7.0,RDNA 1.0,5500.0,RX,3,0,Radeon RX 5500 XT,Radeon RX 5500 XT
3500.0,8.160518247477505,Radeon RX 5500 XT,4.0,ZOTAC,9188.0,824.0,9.125762395500885,5196.0,224.0,1408.0,1607.0,1845.0,130.0,9188.0,70.67692307692307,2019.0,7.0,RDNA 1.0,5500.0,RX,3,0,Radeon RX 5500 XT,Radeon RX 5500 XT
3000.0,8.006367567650246,Radeon RX 5500 XT,4.0,ZOTAC,9188.0,824.0,9.125762395500885,5196.0,224.0,1408.0,1607.0,1845.0,130.0,9188.0,70.67692307692307,2019.0,7.0,RDNA 1.0,5500.0,RX,3,0,Radeon RX 5500 XT,Radeon RX 5500 XT
3000.0,8.006367567650246,Radeon RX 5500 XT,4.0,PALIT,9188.0,824.0,9.125762395500885,5196.0,224.0,1408.0,1607.0,1845.0,130.0,9188.0,70.67692307692307,2019.0,7.0,RDNA 1.0,5500.0,RX,3,0,Radeon RX 5500 XT,Radeon RX 5500 XT
3000.0,8.006367567650246,Radeon RX 5500 XT,4.0,MSI,9188.0,824.0,9.125762395500885,5196.0,224.0,1408.0,1607.0,1845.0,130.0,9188.0,70.67692307692307,2019.0,7.0,RDNA 1.0,5500.0,RX,3,0,Radeon RX 5500 XT,Radeon RX 5500 XT
3500.0,8.160518247477505,Radeon RX 5500 XT,4.0,MSI,9188.0,824.0,9.125762395500885,5196.0,224.0,1408.0,1607.0,1845.0,130.0,9188.0,70.67692307692307,2019.0,7.0,RDNA 1.0,5500.0,RX,3,0,Radeon RX 5500 XT,Radeon RX 5500 XT
3500.0,8.160518247477505,Radeon RX 5500 XT,4.0,GIGABYTE,9188.0,824.0,9.125762395500885,5196.0,224.0,1408.0,1607.0,1845.0,130.0,9188.0,70.67692307692307,2019.0,7.0,RDNA 1.0,5500.0,RX,3,0,Radeon RX 5500 XT,Radeon RX 5500 XT
3500.0,8.160518247477505,Radeon RX 5500 XT,4.0,PALIT,9188.0,824.0,9.125762395500885,5196.0,224.0,1408.0,1607.0,1845.0,130.0,9188.0,70.67692307692307,2019.0,7.0,RDNA 1.0,5500.0,RX,3,0,Radeon RX 5500 XT,Radeon RX 5500 XT
3000.0,8.006367567650246,Radeon RX 5500 XT,4.0,GALAX,9188.0,824.0,9.125762395500885,5196.0,224.0,1408.0,1607.0,1845.0,130.0,9188.0,70.67692307692307,2019.0,7.0,RDNA 1.0,5500.0,RX,3,0,Radeon RX 5500 XT,Radeon RX 5500 XT
3500.0,8.160518247477505,Radeon RX 5500 XT,4.0,ASUS,9188.0,824.0,9.125762395500885,5196.0,224.0,1408.0,1607.0,1845.0,130.0,9188.0,70.67692307692307,2019.0,7.0,RDNA 1.0,5500.0,RX,3,0,Radeon RX 5500 XT,Radeon RX 5500 XT
18500.0,9.825526011066415,Radeon RX 560,6.0,ZOTAC,3594.0,506.0,8.187299270155147,2611.0,112.0,1024.0,1175.0,1275.0,75.0,3594.0,47.92,2017.0,9.0,GCN 4.0,560.0,RX,3,0,Radeon RX 560,Radeon RX 560
14500.0,9.581903928408666,Radeon RX 560,6.0,MSI,3594.0,506.0,8.187299270155147,2611.0,112.0,1024.0,1175.0,1275.0,75.0,3594.0,47.92,2017.0,9.0,GCN 4.0,560.0,RX,3,0,Radeon RX 560,Radeon RX 560
17500.0,9.769956159911606,Radeon RX 560,6.0,ASUS,3594.0,506.0,8.187299270155147,2611.0,112.0,1024.0,1175.0,1275.0,75.0,3594.0,47.92,2017.0,9.0,GCN 4.0,560.0,RX,3,0,Radeon RX 560,Radeon RX 560
17500.0,9.769956159911606,Radeon RX 560,4.0,ASUS,3594.0,506.0,8.187299270155147,2611.0,112.0,1024.0,1175.0,1275.0,75.0,3594.0,47.92,2017.0,9.0,GCN 4.0,560.0,RX,3,0,Radeon RX 560,Radeon RX 560
15000.0,9.615805480084347,Radeon RX 560,4.0,MSI,3594.0,506.0,8.187299270155147,2611.0,112.0,1024.0,1175.0,1275.0,75.0,3594.0,47.92,2017.0,9.0,GCN 4.0,560.0,RX,3,0,Radeon RX 560,Radeon RX 560
16000.0,9.680344001221918,Radeon RX 560,4.0,ZOTAC,3594.0,506.0,8.187299270155147,2611.0,112.0,1024.0,1175.0,1275.0,75.0,3594.0,47.92,2017.0,9.0,GCN 4.0,560.0,RX,3,0,Radeon RX 560,Radeon RX 560
18000.0,9.798127036878302,Radeon RX 560,6.0,GALAX,3594.0,506.0,8.187299270155147,2611.0,112.0,1024.0,1175.0,1275.0,75.0,3594.0,47.92,2017.0,9.0,GCN 4.0,560.0,RX,3,0,Radeon RX 560,Radeon RX 560
14500.0,9.581903928408666,Radeon RX 560,4.0,ASUS,3594.0,506.0,8.187299270155147,2611.0,112.0,1024.0,1175.0,1275.0,75.0,3594.0,47.92,2017.0,9.0,GCN 4.0,560.0,RX,3,0,Radeon RX 560,Radeon RX 560
15000.0,9.615805480084347,Radeon RX 560,6.0,MSI,3594.0,506.0,8.187299270155147,2611.0,112.0,1024.0,1175.0,1275.0,75.0,3594.0,47.92,2017.0,9.0,GCN 4.0,560.0,RX,3,0,Radeon RX 560,Radeon RX 560
15500.0,9.648595302907339,Radeon RX 560,4.0,GIGABYTE,3594.0,506.0,8.187299270155147,2611.0,112.0,1024.0,1175.0,1275.0,75.0,3594.0,47.92,2017.0,9.0,GCN 4.0,560.0,RX,3,0,Radeon RX 560,Radeon RX 560
15000.0,9.615805480084347,Radeon RX 560,4.0,ASUS,3594.0,506.0,8.187299270155147,2611.0,112.0,1024.0,1175.0,1275.0,75.0,3594.0,47.92,2017.0,9.0,GCN 4.0,560.0,RX,3,0,Radeon RX 560,Radeon RX 560
17500.0,9.769956159911606,Radeon RX 560,4.0,GIGABYTE,3594.0,506.0,8.187299270155147,2611.0,112.0,1024.0,1175.0,1275.0,75.0,3594.0,47.92,2017.0,9.0,GCN 4.0,560.0,RX,3,0,Radeon RX 560,Radeon RX 560
18000.0,9.798127036878302,Radeon RX 560,4.0,GALAX,3594.0,506.0,8.187299270155147,2611.0,112.0,1024.0,1175.0,1275.0,75.0,3594.0,47.92,2017.0,9.0,GCN 4.0,560.0,RX,3,0,Radeon RX 560,Radeon RX 560
17000.0,9.740968623038354,Radeon RX 560,4.0,GIGABYTE,3594.0,506.0,8.187299270155147,2611.0,112.0,1024.0,1175.0,1275.0,75.0,3594.0,47.92,2017.0,9.0,GCN 4.0,560.0,RX,3,0,Radeon RX 560,Radeon RX 560
15500.0,9.648595302907339,Radeon RX 560,6.0,ZOTAC,3594.0,506.0,8.187299270155147,2611.0,112.0,1024.0,1175.0,1275.0,75.0,3594.0,47.92,2017.0,9.0,GCN 4.0,560.0,RX,3,0,Radeon RX 560,Radeon RX 560
16000.0,9.680344001221918,Radeon RX 560,6.0,MSI,3594.0,506.0,8.187299270155147,2611.0,112.0,1024.0,1175.0,1275.0,75.0,3594.0,47.92,2017.0,9.0,GCN 4.0,560.0,RX,3,0,Radeon RX 560,Radeon RX 560
17000.0,9.740968623038354,Radeon RX 560,6.0,GALAX,3594.0,506.0,8.187299270155147,2611.0,112.0,1024.0,1175.0,1275.0,75.0,3594.0,47.92,2017.0,9.0,GCN 4.0,560.0,RX,3,0,Radeon RX 560,Radeon RX 560
15500.0,9.648595302907339,Radeon RX 560,6.0,GIGABYTE,3594.0,506.0,8.187299270155147,2611.0,112.0,1024.0,1175.0,1275.0,75.0,3594.0,47.92,2017.0,9.0,GCN 4.0,560.0,RX,3,0,Radeon RX 560,Radeon RX 560
16000.0,9.680344001221918,Radeon RX 560,6.0,GALAX,3594.0,506.0,8.187299270155147,2611.0,112.0,1024.0,1175.0,1275.0,75.0,3594.0,47.92,2017.0,9.0,GCN 4.0,560.0,RX,3,0,Radeon RX 560,Radeon RX 560
19000.0,9.852194258148577,Radeon RX 560,4.0,ASUS,3594.0,506.0,8.187299270155147,2611.0,112.0,1024.0,1175.0,1275.0,75.0,3594.0,47.92,2017.0,9.0,GCN 4.0,560.0,RX,3,0,Radeon RX 560,Radeon RX 560
15500.0,9.648595302907339,Radeon RX 560,4.0,GALAX,3594.0,506.0,8.187299270155147,2611.0,112.0,1024.0,1175.0,1275.0,75.0,3594.0,47.92,2017.0,9.0,GCN 4.0,560.0,RX,3,0,Radeon RX 560,Radeon RX 560
16500.0,9.711115659888671,Radeon RX 560,6.0,GIGABYTE,3594.0,506.0,8.187299270155147,2611.0,112.0,1024.0,1175.0,1275.0,75.0,3594.0,47.92,2017.0,9.0,GCN 4.0,560.0,RX,3,0,Radeon RX 560,Radeon RX 560
14500.0,9.581903928408666,Radeon RX 560,4.0,PALIT,3594.0,506.0,8.187299270155147,2611.0,112.0,1024.0,1175.0,1275.0,75.0,3594.0,47.92,2017.0,9.0,GCN 4.0,560.0,RX,3,0,Radeon RX 560,Radeon RX 560
16000.0,9.680344001221918,Radeon RX 560,6.0,GIGABYTE,3594.0,506.0,8.187299270155147,2611.0,112.0,1024.0,1175.0,1275.0,75.0,3594.0,47.92,2017.0,9.0,GCN 4.0,560.0,RX,3,0,Radeon RX 560,Radeon RX 560
16500.0,9.711115659888671,Radeon RX 560,6.0,PALIT,3594.0,506.0,8.187299270155147,2611.0,112.0,1024.0,1175.0,1275.0,75.0,3594.0,47.92,2017.0,9.0,GCN 4.0,560.0,RX,3,0,Radeon RX 560,Radeon RX 560
19000.0,9.852194258148577,Radeon RX 560,6.0,ZOTAC,3594.0,506.0,8.187299270155147,2611.0,112.0,1024.0,1175.0,1275.0,75.0,3594.0,47.92,2017.0,9.0,GCN 4.0,560.0,RX,3,0,Radeon RX 560,Radeon RX 560
17500.0,9.769956159911606,Radeon RX 560,6.0,GALAX,3594.0,506.0,8.187299270155147,2611.0,112.0,1024.0,1175.0,1275.0,75.0,3594.0,47.92,2017.0,9.0,GCN 4.0,560.0,RX,3,0,Radeon RX 560,Radeon RX 560
18000.0,9.798127036878302,Radeon RX 560,4.0,ASUS,3594.0,506.0,8.187299270155147,2611.0,112.0,1024.0,1175.0,1275.0,75.0,3594.0,47.92,2017.0,9.0,GCN 4.0,560.0,RX,3,0,Radeon RX 560,Radeon RX 560
16500.0,9.711115659888671,Radeon RX 560,6.0,MSI,3594.0,506.0,8.187299270155147,2611.0,112.0,1024.0,1175.0,1275.0,75.0,3594.0,47.92,2017.0,9.0,GCN 4.0,560.0,RX,3,0,Radeon RX 560,Radeon RX 560
18000.0,9.798127036878302,Radeon RX 560,6.0,ZOTAC,3594.0,506.0,8.187299270155147,2611.0,112.0,1024.0,1175.0,1275.0,75.0,3594.0,47.92,2017.0,9.0,GCN 4.0,560.0,RX,3,0,Radeon RX 560,Radeon RX 560
19500.0,9.878169744551839,Radeon RX 560,4.0,GIGABYTE,3594.0,506.0,8.187299270155147,2611.0,112.0,1024.0,1175.0,1275.0,75.0,3594.0,47.92,2017.0,9.0,GCN 4.0,560.0,RX,3,0,Radeon RX 560,Radeon RX 560
48500.0,10.789319076925574,Radeon RX 5600 XT,6.0,PALIT,13836.0,914.0,9.535101442669385,7188.0,288.0,2304.0,1130.0,1560.0,150.0,13836.0,92.24,2020.0,6.0,RDNA 1.0,5600.0,RX,3,0,Radeon RX 5600 XT,Radeon RX 5600 XT
52000.0,10.858998997563564,Radeon RX 5600 XT,6.0,GIGABYTE,13836.0,914.0,9.535101442669385,7188.0,288.0,2304.0,1130.0,1560.0,150.0,13836.0,92.24,2020.0,6.0,RDNA 1.0,5600.0,RX,3,0,Radeon RX 5600 XT,Radeon RX 5600 XT
52000.0,10.858998997563564,Radeon RX 5600 XT,6.0,ZOTAC,13836.0,914.0,9.535101442669385,7188.0,288.0,2304.0,1130.0,1560.0,150.0,13836.0,92.24,2020.0,6.0,RDNA 1.0,5600.0,RX,3,0,Radeon RX 5600 XT,Radeon RX 5600 XT
49000.0,10.799575577092764,Radeon RX 5600 XT,6.0,ASUS,13836.0,914.0,9.535101442669385,7188.0,288.0,2304.0,1130.0,1560.0,150.0,13836.0,92.24,2020.0,6.0,RDNA 1.0,5600.0,RX,3,0,Radeon RX 5600 XT,Radeon RX 5600 XT
48500.0,10.789319076925574,Radeon RX 5600 XT,6.0,ZOTAC,13836.0,914.0,9.535101442669385,7188.0,288.0,2304.0,1130.0,1560.0,150.0,13836.0,92.24,2020.0,6.0,RDNA 1.0,5600.0,RX,3,0,Radeon RX 5600 XT,Radeon RX 5600 XT
55000.0,10.915088464214607,Radeon RX 5600 XT,6.0,GALAX,13836.0,914.0,9.535101442669385,7188.0,288.0,2304.0,1130.0,1560.0,150.0,13836.0,92.24,2020.0,6.0,RDNA 1.0,5600.0,RX,3,0,Radeon RX 5600 XT,Radeon RX 5600 XT
47000.0,10.757902880692196,Radeon RX 5600 XT,6.0,MSI,13836.0,914.0,9.535101442669385,7188.0,288.0,2304.0,1130.0,1560.0,150.0,13836.0,92.24,2020.0,6.0,RDNA 1.0,5600.0,RX,3,0,Radeon RX 5600 XT,Radeon RX 5600 XT
48000.0,10.778956289890028,Radeon RX 5600 XT,6.0,MSI,13836.0,914.0,9.535101442669385,7188.0,288.0,2304.0,1130.0,1560.0,150.0,13836.0,92.24,2020.0,6.0,RDNA 1.0,5600.0,RX,3,0,Radeon RX 5600 XT,Radeon RX 5600 XT
60500.0,11.010398644018933,Radeon RX 5600 XT,6.0,ZOTAC,13836.0,914.0,9.535101442669385,7188.0,288.0,2304.0,1130.0,1560.0,150.0,13836.0,92.24,2020.0,6.0,RDNA 1.0,5600.0,RX,3,0,Radeon RX 5600 XT,Radeon RX 5600 XT
51500.0,10.849337086651827,Radeon RX 5600 XT,6.0,GIGABYTE,13836.0,914.0,9.535101442669385,7188.0,288.0,2304.0,1130.0,1560.0,150.0,13836.0,92.24,2020.0,6.0,RDNA 1.0,5600.0,RX,3,0,Radeon RX 5600 XT,Radeon RX 5600 XT
50500.0,10.829728615263452,Radeon RX 5600 XT,6.0,ASUS,13836.0,914.0,9.535101442669385,7188.0,288.0,2304.0,1130.0,1560.0,150.0,13836.0,92.24,2020.0,6.0,RDNA 1.0,5600.0,RX,3,0,Radeon RX 5600 XT,Radeon RX 5600 XT
49000.0,10.799575577092764,Radeon RX 5600 XT,6.0,MSI,13836.0,914.0,9.535101442669385,7188.0,288.0,2304.0,1130.0,1560.0,150.0,13836.0,92.24,2020.0,6.0,RDNA 1.0,5600.0,RX,3,0,Radeon RX 5600 XT,Radeon RX 5600 XT
57500.0,10.959540226785442,Radeon RX 5600 XT,6.0,ASUS,13836.0,914.0,9.535101442669385,7188.0,288.0,2304.0,1130.0,1560.0,150.0,13836.0,92.24,2020.0,6.0,RDNA 1.0,5600.0,RX,3,0,Radeon RX 5600 XT,Radeon RX 5600 XT
51500.0,10.849337086651827,Radeon RX 5600 XT,6.0,ASUS,13836.0,914.0,9.535101442669385,7188.0,288.0,2304.0,1130.0,1560.0,150.0,13836.0,92.24,2020.0,6.0,RDNA 1.0,5600.0,RX,3,0,Radeon RX 5600 XT,Radeon RX 5600 XT
53000.0,10.87804719253426,Radeon RX 5600 XT,6.0,GIGABYTE,13836.0,914.0,9.535101442669385,7188.0,288.0,2304.0,1130.0,1560.0,150.0,13836.0,92.24,2020.0,6.0,RDNA 1.0,5600.0,RX,3,0,Radeon RX 5600 XT,Radeon RX 5600 XT
52500.0,10.868568448579715,Radeon RX 5600 XT,6.0,GIGABYTE,13836.0,914.0,9.535101442669385,7188.0,288.0,2304.0,1130.0,1560.0,150.0,13836.0,92.24,2020.0,6.0,RDNA 1.0,5600.0,RX,3,0,Radeon RX 5600 XT,Radeon RX 5600 XT
58500.0,10.976782033219948,Radeon RX 5600 XT,6.0,ASUS,13836.0,914.0,9.535101442669385,7188.0,288.0,2304.0,1130.0,1560.0,150.0,13836.0,92.24,2020.0,6.0,RDNA 1.0,5600.0,RX,3,0,Radeon RX 5600 XT,Radeon RX 5600 XT
47000.0,10.757902880692196,Radeon RX 5600 XT,6.0,GALAX,13836.0,914.0,9.535101442669385,7188.0,288.0,2304.0,1130.0,1560.0,150.0,13836.0,92.24,2020.0,6.0,RDNA 1.0,5600.0,RX,3,0,Radeon RX 5600 XT,Radeon RX 5600 XT
51000.0,10.839580911706463,Radeon RX 5600 XT,6.0,ASUS,13836.0,914.0,9.535101442669385,7188.0,288.0,2304.0,1130.0,1560.0,150.0,13836.0,92.24,2020.0,6.0,RDNA 1.0,5600.0,RX,3,0,Radeon RX 5600 XT,Radeon RX 5600 XT
55000.0,10.915088464214607,Radeon RX 5600 XT,6.0,GIGABYTE,13836.0,914.0,9.535101442669385,7188.0,288.0,2304.0,1130.0,1560.0,150.0,13836.0,92.24,2020.0,6.0,RDNA 1.0,5600.0,RX,3,0,Radeon RX 5600 XT,Radeon RX 5600 XT
50500.0,10.829728615263452,Radeon RX 5600 XT,6.0,ZOTAC,13836.0,914.0,9.535101442669385,7188.0,288.0,2304.0,1130.0,1560.0,150.0,13836.0,92.24,2020.0,6.0,RDNA 1.0,5600.0,RX,3,0,Radeon RX 5600 XT,Radeon RX 5600 XT
55000.0,10.915088464214607,Radeon RX 5600 XT,6.0,ASUS,13836.0,914.0,9.535101442669385,7188.0,288.0,2304.0,1130.0,1560.0,150.0,13836.0,92.24,2020.0,6.0,RDNA 1.0,5600.0,RX,3,0,Radeon RX 5600 XT,Radeon RX 5600 XT
54500.0,10.905955980651335,Radeon RX 5600 XT,6.0,ASUS,13836.0,914.0,9.535101442669385,7188.0,288.0,2304.0,1130.0,1560.0,150.0,13836.0,92.24,2020.0,6.0,RDNA 1.0,5600.0,RX,3,0,Radeon RX 5600 XT,Radeon RX 5600 XT
50500.0,10.829728615263452,Radeon RX 5600 XT,6.0,PALIT,13836.0,914.0,9.535101442669385,7188.0,288.0,2304.0,1130.0,1560.0,150.0,13836.0,92.24,2020.0,6.0,RDNA 1.0,5600.0,RX,3,0,Radeon RX 5600 XT,Radeon RX 5600 XT
60000.0,11.002099841204238,Radeon RX 5600 XT,6.0,MSI,13836.0,914.0,9.535101442669385,7188.0,288.0,2304.0,1130.0,1560.0,150.0,13836.0,92.24,2020.0,6.0,RDNA 1.0,5600.0,RX,3,0,Radeon RX 5600 XT,Radeon RX 5600 XT
51000.0,10.839580911706463,Radeon RX 5600 XT,6.0,MSI,13836.0,914.0,9.535101442669385,7188.0,288.0,2304.0,1130.0,1560.0,150.0,13836.0,92.24,2020.0,6.0,RDNA 1.0,5600.0,RX,3,0,Radeon RX 5600 XT,Radeon RX 5600 XT
57000.0,10.950806546816688,Radeon RX 5600 XT,6.0,MSI,13836.0,914.0,9.535101442669385,7188.0,288.0,2304.0,1130.0,1560.0,150.0,13836.0,92.24,2020.0,6.0,RDNA 1.0,5600.0,RX,3,0,Radeon RX 5600 XT,Radeon RX 5600 XT
52000.0,10.858998997563564,Radeon RX 5600 XT,6.0,MSI,13836.0,914.0,9.535101442669385,7188.0,288.0,2304.0,1130.0,1560.0,150.0,13836.0,92.24,2020.0,6.0,RDNA 1.0,5600.0,RX,3,0,Radeon RX 5600 XT,Radeon RX 5600 XT
47500.0,10.768484990022733,Radeon RX 5600 XT,6.0,GALAX,13836.0,914.0,9.535101442669385,7188.0,288.0,2304.0,1130.0,1560.0,150.0,13836.0,92.24,2020.0,6.0,RDNA 1.0,5600.0,RX,3,0,Radeon RX 5600 XT,Radeon RX 5600 XT
56000.0,10.933106969717286,Radeon RX 5600 XT,6.0,PALIT,13836.0,914.0,9.535101442669385,7188.0,288.0,2304.0,1130.0,1560.0,150.0,13836.0,92.24,2020.0,6.0,RDNA 1.0,5600.0,RX,3,0,Radeon RX 5600 XT,Radeon RX 5600 XT
61500.0,11.02679245379461,Radeon RX 5600 XT,6.0,PALIT,13836.0,914.0,9.535101442669385,7188.0,288.0,2304.0,1130.0,1560.0,150.0,13836.0,92.24,2020.0,6.0,RDNA 1.0,5600.0,RX,3,0,Radeon RX 5600 XT,Radeon RX 5600 XT
47000.0,10.757902880692196,Radeon RX 5600 XT,6.0,ASUS,13836.0,914.0,9.535101442669385,7188.0,288.0,2304.0,1130.0,1560.0,150.0,13836.0,92.24,2020.0,6.0,RDNA 1.0,5600.0,RX,3,0,Radeon RX 5600 XT,Radeon RX 5600 XT
50000.0,10.819778284410283,Radeon RX 5600 XT,6.0,MSI,13836.0,914.0,9.535101442669385,7188.0,288.0,2304.0,1130.0,1560.0,150.0,13836.0,92.24,2020.0,6.0,RDNA 1.0,5600.0,RX,3,0,Radeon RX 5600 XT,Radeon RX 5600 XT
29500.0,10.292145542327912,Radeon RX 570,4.0,MSI,14729.0,926.0,9.597641509456675,5095.0,224.0,2048.0,1168.0,1244.0,150.0,14729.0,98.19333333333333,2017.0,9.0,GCN 4.0,570.0,RX,3,0,Radeon RX 5700,Radeon RX 570
30500.0,10.325481962595504,Radeon RX 570,8.0,ASUS,14729.0,926.0,9.597641509456675,5095.0,224.0,2048.0,1168.0,1244.0,150.0,14729.0,98.19333333333333,2017.0,9.0,GCN 4.0,570.0,RX,3,0,Radeon RX 5700,Radeon RX 570
35000.0,10.46310334047155,Radeon RX 570,4.0,GALAX,14729.0,926.0,9.597641509456675,5095.0,224.0,2048.0,1168.0,1244.0,150.0,14729.0,98.19333333333333,2017.0,9.0,GCN 4.0,570.0,RX,3,0,Radeon RX 5700,Radeon RX 570
29500.0,10.292145542327912,Radeon RX 570,8.0,GALAX,14729.0,926.0,9.597641509456675,5095.0,224.0,2048.0,1168.0,1244.0,150.0,14729.0,98.19333333333333,2017.0,9.0,GCN 4.0,570.0,RX,3,0,Radeon RX 5700,Radeon RX 570
31000.0,10.341742483467284,Radeon RX 570,8.0,ZOTAC,14729.0,926.0,9.597641509456675,5095.0,224.0,2048.0,1168.0,1244.0,150.0,14729.0,98.19333333333333,2017.0,9.0,GCN 4.0,570.0,RX,3,0,Radeon RX 5700,Radeon RX 570
32500.0,10.388995368317829,Radeon RX 570,8.0,ASUS,14729.0,926.0,9.597641509456675,5095.0,224.0,2048.0,1168.0,1244.0,150.0,14729.0,98.19333333333333,2017.0,9.0,GCN 4.0,570.0,RX,3,0,Radeon RX 5700,Radeon RX 570
34000.0,10.4341158035983,Radeon RX 570,4.0,ZOTAC,14729.0,926.0,9.597641509456675,5095.0,224.0,2048.0,1168.0,1244.0,150.0,14729.0,98.19333333333333,2017.0,9.0,GCN 4.0,570.0,RX,3,0,Radeon RX 5700,Radeon RX 570
31500.0,10.357742824813725,Radeon RX 570,4.0,MSI,14729.0,926.0,9.597641509456675,5095.0,224.0,2048.0,1168.0,1244.0,150.0,14729.0,98.19333333333333,2017.0,9.0,GCN 4.0,570.0,RX,3,0,Radeon RX 5700,Radeon RX 570
33000.0,10.404262840448617,Radeon RX 570,4.0,PALIT,14729.0,926.0,9.597641509456675,5095.0,224.0,2048.0,1168.0,1244.0,150.0,14729.0,98.19333333333333,2017.0,9.0,GCN 4.0,570.0,RX,3,0,Radeon RX 5700,Radeon RX 570
31500.0,10.357742824813725,Radeon RX 570,4.0,ASUS,14729.0,926.0,9.597641509456675,5095.0,224.0,2048.0,1168.0,1244.0,150.0,14729.0,98.19333333333333,2017.0,9.0,GCN 4.0,570.0,RX,3,0,Radeon RX 5700,Radeon RX 570
29500.0,10.292145542327912,Radeon RX 570,8.0,GIGABYTE,14729.0,926.0,9.597641509456675,5095.0,224.0,2048.0,1168.0,1244.0,150.0,14729.0,98.19333333333333,2017.0,9.0,GCN 4.0,570.0,RX,3,0,Radeon RX 5700,Radeon RX 570
28500.0,10.257659366256743,Radeon RX 570,8.0,MSI,14729.0,926.0,9.597641509456675,5095.0,224.0,2048.0,1168.0,1244.0,150.0,14729.0,98.19333333333333,2017.0,9.0,GCN 4.0,570.0,RX,3,0,Radeon RX 5700,Radeon RX 570
33000.0,10.404262840448617,Radeon RX 570,4.0,GIGABYTE,14729.0,926.0,9.597641509456675,5095.0,224.0,2048.0,1168.0,1244.0,150.0,14729.0,98.19333333333333,2017.0,9.0,GCN 4.0,570.0,RX,3,0,Radeon RX 5700,Radeon RX 570
34000.0,10.4341158035983,Radeon RX 570,4.0,GALAX,14729.0,926.0,9.597641509456675,5095.0,224.0,2048.0,1168.0,1244.0,150.0,14729.0,98.19333333333333,2017.0,9.0,GCN 4.0,570.0,RX,3,0,Radeon RX 5700,Radeon RX 570
33000.0,10.404262840448617,Radeon RX 570,4.0,MSI,14729.0,926.0,9.597641509456675,5095.0,224.0,2048.0,1168.0,1244.0,150.0,14729.0,98.19333333333333,2017.0,9.0,GCN 4.0,570.0,RX,3,0,Radeon RX 5700,Radeon RX 570
32500.0,10.388995368317829,Radeon RX 570,4.0,ASUS,14729.0,926.0,9.597641509456675,5095.0,224.0,2048.0,1168.0,1244.0,150.0,14729.0,98.19333333333333,2017.0,9.0,GCN 4.0,570.0,RX,3,0,Radeon RX 5700,Radeon RX 570
34000.0,10.4341158035983,Radeon RX 570,8.0,ASUS,14729.0,926.0,9.597641509456675,5095.0,224.0,2048.0,1168.0,1244.0,150.0,14729.0,98.19333333333333,2017.0,9.0,GCN 4.0,570.0,RX,3,0,Radeon RX 5700,Radeon RX 570
34500.0,10.448714603019452,Radeon RX 570,4.0,PALIT,14729.0,926.0,9.597641509456675,5095.0,224.0,2048.0,1168.0,1244.0,150.0,14729.0,98.19333333333333,2017.0,9.0,GCN 4.0,570.0,RX,3,0,Radeon RX 5700,Radeon RX 570
26500.0,10.184900011974314,Radeon RX 570,4.0,ZOTAC,14729.0,926.0,9.597641509456675,5095.0,224.0,2048.0,1168.0,1244.0,150.0,14729.0,98.19333333333333,2017.0,9.0,GCN 4.0,570.0,RX,3,0,Radeon RX 5700,Radeon RX 570
29500.0,10.292145542327912,Radeon RX 570,8.0,MSI,14729.0,926.0,9.597641509456675,5095.0,224.0,2048.0,1168.0,1244.0,150.0,14729.0,98.19333333333333,2017.0,9.0,GCN 4.0,570.0,RX,3,0,Radeon RX 5700,Radeon RX 570
30500.0,10.325481962595504,Radeon RX 570,4.0,MSI,14729.0,926.0,9.597641509456675,5095.0,224.0,2048.0,1168.0,1244.0,150.0,14729.0,98.19333333333333,2017.0,9.0,GCN 4.0,570.0,RX,3,0,Radeon RX 5700,Radeon RX 570
34500.0,10.448714603019452,Radeon RX 570,4.0,MSI,14729.0,926.0,9.597641509456675,5095.0,224.0,2048.0,1168.0,1244.0,150.0,14729.0,98.19333333333333,2017.0,9.0,GCN 4.0,570.0,RX,3,0,Radeon RX 5700,Radeon RX 570
31000.0,10.341742483467284,Radeon RX 570,8.0,ASUS,14729.0,926.0,9.597641509456675,5095.0,224.0,2048.0,1168.0,1244.0,150.0,14729.0,98.19333333333333,2017.0,9.0,GCN 4.0,570.0,RX,3,0,Radeon RX 5700,Radeon RX 570
35000.0,10.46310334047155,Radeon RX 570,8.0,GIGABYTE,14729.0,926.0,9.597641509456675,5095.0,224.0,2048.0,1168.0,1244.0,150.0,14729.0,98.19333333333333,2017.0,9.0,GCN 4.0,570.0,RX,3,0,Radeon RX 5700,Radeon RX 570
31000.0,10.341742483467284,Radeon RX 570,8.0,MSI,14729.0,926.0,9.597641509456675,5095.0,224.0,2048.0,1168.0,1244.0,150.0,14729.0,98.19333333333333,2017.0,9.0,GCN 4.0,570.0,RX,3,0,Radeon RX 5700,Radeon RX 570
34000.0,10.4341158035983,Radeon RX 570,8.0,GIGABYTE,14729.0,926.0,9.597641509456675,5095.0,224.0,2048.0,1168.0,1244.0,150.0,14729.0,98.19333333333333,2017.0,9.0,GCN 4.0,570.0,RX,3,0,Radeon RX 5700,Radeon RX 570
34500.0,10.448714603019452,Radeon RX 570,4.0,ZOTAC,14729.0,926.0,9.597641509456675,5095.0,224.0,2048.0,1168.0,1244.0,150.0,14729.0,98.19333333333333,2017.0,9.0,GCN 4.0,570.0,RX,3,0,Radeon RX 5700,Radeon RX 570
34500.0,10.448714603019452,Radeon RX 570,8.0,ASUS,14729.0,926.0,9.597641509456675,5095.0,224.0,2048.0,1168.0,1244.0,150.0,14729.0,98.19333333333333,2017.0,9.0,GCN 4.0,570.0,RX,3,0,Radeon RX 5700,Radeon RX 570
30000.0,10.308952660644293,Radeon RX 570,8.0,MSI,14729.0,926.0,9.597641509456675,5095.0,224.0,2048.0,1168.0,1244.0,150.0,14729.0,98.19333333333333,2017.0,9.0,GCN 4.0,570.0,RX,3,0,Radeon RX 5700,Radeon RX 570
28000.0,10.239959789157341,Radeon RX 570,8.0,GIGABYTE,14729.0,926.0,9.597641509456675,5095.0,224.0,2048.0,1168.0,1244.0,150.0,14729.0,98.19333333333333,2017.0,9.0,GCN 4.0,570.0,RX,3,0,Radeon RX 5700,Radeon RX 570
31500.0,10.357742824813725,Radeon RX 570,4.0,PALIT,14729.0,926.0,9.597641509456675,5095.0,224.0,2048.0,1168.0,1244.0,150.0,14729.0,98.19333333333333,2017.0,9.0,GCN 4.0,570.0,RX,3,0,Radeon RX 5700,Radeon RX 570
35000.0,10.46310334047155,Radeon RX 570,4.0,MSI,14729.0,926.0,9.597641509456675,5095.0,224.0,2048.0,1168.0,1244.0,150.0,14729.0,98.19333333333333,2017.0,9.0,GCN 4.0,570.0,RX,3,0,Radeon RX 5700,Radeon RX 570
32000.0,10.373491181781864,Radeon RX 570,8.0,ASUS,14729.0,926.0,9.597641509456675,5095.0,224.0,2048.0,1168.0,1244.0,150.0,14729.0,98.19333333333333,2017.0,9.0,GCN 4.0,570.0,RX,3,0,Radeon RX 5700,Radeon RX 570
28000.0,10.239959789157341,Radeon RX 570,8.0,ZOTAC,14729.0,926.0,9.597641509456675,5095.0,224.0,2048.0,1168.0,1244.0,150.0,14729.0,98.19333333333333,2017.0,9.0,GCN 4.0,570.0,RX,3,0,Radeon RX 5700,Radeon RX 570
23000.0,10.043249494911286,Radeon RX 570,4.0,AMD,14729.0,926.0,9.597641509456675,5095.0,224.0,2048.0,1168.0,1244.0,150.0,14729.0,98.19333333333333,2017.0,9.0,GCN 4.0,570.0,RX,3,0,Radeon RX 5700,Radeon RX 570
25000.0,10.126631103850338,Radeon RX 570,4.0,AMD,14729.0,926.0,9.597641509456675,5095.0,224.0,2048.0,1168.0,1244.0,150.0,14729.0,98.19333333333333,2017.0,9.0,GCN 4.0,570.0,RX,3,0,Radeon RX 5700,Radeon RX 570
26000.0,10.165851817003619,Radeon RX 570,4.0,SAPPHIRE,14729.0,926.0,9.597641509456675,5095.0,224.0,2048.0,1168.0,1244.0,150.0,14729.0,98.19333333333333,2017.0,9.0,GCN 4.0,570.0,RX,3,0,Radeon RX 5700,Radeon RX 570
40000.0,10.596634733096073,Radeon RX 570,8.0,MSI,14729.0,926.0,9.597641509456675,5095.0,224.0,2048.0,1168.0,1244.0,150.0,14729.0,98.19333333333333,2017.0,9.0,GCN 4.0,570.0,RX,3,0,Radeon RX 5700,Radeon RX 570
37000.0,10.51867319162636,Radeon RX 570,8.0,ASUS,14729.0,926.0,9.597641509456675,5095.0,224.0,2048.0,1168.0,1244.0,150.0,14729.0,98.19333333333333,2017.0,9.0,GCN 4.0,570.0,RX,3,0,Radeon RX 5700,Radeon RX 570
24000.0,10.085809109330082,Radeon RX 570,4.0,GIGABYTE,14729.0,926.0,9.597641509456675,5095.0,224.0,2048.0,1168.0,1244.0,150.0,14729.0,98.19333333333333,2017.0,9.0,GCN 4.0,570.0,RX,3,0,Radeon RX 5700,Radeon RX 570
31500.0,10.357742824813725,Radeon RX 570,8.0,ASUS,14729.0,926.0,9.597641509456675,5095.0,224.0,2048.0,1168.0,1244.0,150.0,14729.0,98.19333333333333,2017.0,9.0,GCN 4.0,570.0,RX,3,0,Radeon RX 5700,Radeon RX 570
32000.0,10.373491181781864,Radeon RX 570,8.0,MSI,14729.0,926.0,9.597641509456675,5095.0,224.0,2048.0,1168.0,1244.0,150.0,14729.0,98.19333333333333,2017.0,9.0,GCN 4.0,570.0,RX,3,0,Radeon RX 5700,Radeon RX 570
37000.0,10.51867319162636,Radeon RX 570,8.0,SAPPHIRE,14729.0,926.0,9.597641509456675,5095.0,224.0,2048.0,1168.0,1244.0,150.0,14729.0,98.19333333333333,2017.0,9.0,GCN 4.0,570.0,RX,3,0,Radeon RX 5700,Radeon RX 570
31500.0,10.357742824813725,Radeon RX 570,8.0,SAPPHIRE,14729.0,926.0,9.597641509456675,5095.0,224.0,2048.0,1168.0,1244.0,150.0,14729.0,98.19333333333333,2017.0,9.0,GCN 4.0,570.0,RX,3,0,Radeon RX 5700,Radeon RX 570
27000.0,10.203592144986466,Radeon RX 570,4.0,SAPPHIRE,14729.0,926.0,9.597641509456675,5095.0,224.0,2048.0,1168.0,1244.0,150.0,14729.0,98.19333333333333,2017.0,9.0,GCN 4.0,570.0,RX,3,0,Radeon RX 5700,Radeon RX 570
63000.0,11.05089000537367,Radeon RX 5700,8.0,ASUS,14729.0,926.0,9.597641509456675,7949.0,448.0,2304.0,1465.0,1725.0,180.0,14729.0,81.82777777777778,2019.0,7.0,RDNA 1.0,5700.0,RX,3,0,Radeon RX 5700,Radeon RX 5700
68500.0,11.134589024250317,Radeon RX 5700,8.0,SAPPHIRE,14729.0,926.0,9.597641509456675,7949.0,448.0,2304.0,1465.0,1725.0,180.0,14729.0,81.82777777777778,2019.0,7.0,RDNA 1.0,5700.0,RX,3,0,Radeon RX 5700,Radeon RX 5700
60000.0,11.002099841204238,Radeon RX 5700,8.0,ASUS,14729.0,926.0,9.597641509456675,7949.0,448.0,2304.0,1465.0,1725.0,180.0,14729.0,81.82777777777778,2019.0,7.0,RDNA 1.0,5700.0,RX,3,0,Radeon RX 5700,Radeon RX 5700
60000.0,11.002099841204238,Radeon RX 5700,8.0,GIGABYTE,14729.0,926.0,9.597641509456675,7949.0,448.0,2304.0,1465.0,1725.0,180.0,14729.0,81.82777777777778,2019.0,7.0,RDNA 1.0,5700.0,RX,3,0,Radeon RX 5700,Radeon RX 5700
53000.0,10.87804719253426,Radeon RX 5700,8.0,AMD,14729.0,926.0,9.597641509456675,7949.0,448.0,2304.0,1465.0,1725.0,180.0,14729.0,81.82777777777778,2019.0,7.0,RDNA 1.0,5700.0,RX,3,0,Radeon RX 5700,Radeon RX 5700
53500.0,10.887436932884098,Radeon RX 5700,8.0,MSI,14729.0,926.0,9.597641509456675,7949.0,448.0,2304.0,1465.0,1725.0,180.0,14729.0,81.82777777777778,2019.0,7.0,RDNA 1.0,5700.0,RX,3,0,Radeon RX 5700,Radeon RX 5700
58000.0,10.968198289528557,Radeon RX 5700,8.0,ASROCK,14729.0,926.0,9.597641509456675,7949.0,448.0,2304.0,1465.0,1725.0,180.0,14729.0,81.82777777777778,2019.0,7.0,RDNA 1.0,5700.0,RX,3,0,Radeon RX 5700,Radeon RX 5700
55000.0,10.915088464214607,Radeon RX 5700,8.0,SAPPHIRE,14729.0,926.0,9.597641509456675,7949.0,448.0,2304.0,1465.0,1725.0,180.0,14729.0,81.82777777777778,2019.0,7.0,RDNA 1.0,5700.0,RX,3,0,Radeon RX 5700,Radeon RX 5700
51000.0,10.839580911706463,Radeon RX 5700 XT,8.0,PALIT,16892.0,955.0,9.734654613922729,9754.0,448.0,2560.0,1605.0,1905.0,225.0,16892.0,75.07555555555555,2019.0,7.0,RDNA 1.0,5700.0,RX,3,0,Radeon RX 5700 XT,Radeon RX 5700 XT
56000.0,10.933106969717286,Radeon RX 5700 XT,8.0,GIGABYTE,16892.0,955.0,9.734654613922729,9754.0,448.0,2560.0,1605.0,1905.0,225.0,16892.0,75.07555555555555,2019.0,7.0,RDNA 1.0,5700.0,RX,3,0,Radeon RX 5700 XT,Radeon RX 5700 XT
63000.0,11.05089000537367,Radeon RX 5700 XT,8.0,GIGABYTE,16892.0,955.0,9.734654613922729,9754.0,448.0,2560.0,1605.0,1905.0,225.0,16892.0,75.07555555555555,2019.0,7.0,RDNA 1.0,5700.0,RX,3,0,Radeon RX 5700 XT,Radeon RX 5700 XT
57500.0,10.959540226785442,Radeon RX 5700 XT,8.0,ZOTAC,16892.0,955.0,9.734654613922729,9754.0,448.0,2560.0,1605.0,1905.0,225.0,16892.0,75.07555555555555,2019.0,7.0,RDNA 1.0,5700.0,RX,3,0,Radeon RX 5700 XT,Radeon RX 5700 XT
49000.0,10.799575577092764,Radeon RX 5700 XT,8.0,GIGABYTE,16892.0,955.0,9.734654613922729,9754.0,448.0,2560.0,1605.0,1905.0,225.0,16892.0,75.07555555555555,2019.0,7.0,RDNA 1.0,5700.0,RX,3,0,Radeon RX 5700 XT,Radeon RX 5700 XT
50000.0,10.819778284410283,Radeon RX 5700 XT,8.0,GALAX,16892.0,955.0,9.734654613922729,9754.0,448.0,2560.0,1605.0,1905.0,225.0,16892.0,75.07555555555555,2019.0,7.0,RDNA 1.0,5700.0,RX,3,0,Radeon RX 5700 XT,Radeon RX 5700 XT
63000.0,11.05089000537367,Radeon RX 5700 XT,8.0,GALAX,16892.0,955.0,9.734654613922729,9754.0,448.0,2560.0,1605.0,1905.0,225.0,16892.0,75.07555555555555,2019.0,7.0,RDNA 1.0,5700.0,RX,3,0,Radeon RX 5700 XT,Radeon RX 5700 XT
53000.0,10.87804719253426,Radeon RX 5700 XT,8.0,GIGABYTE,16892.0,955.0,9.734654613922729,9754.0,448.0,2560.0,1605.0,1905.0,225.0,16892.0,75.07555555555555,2019.0,7.0,RDNA 1.0,5700.0,RX,3,0,Radeon RX 5700 XT,Radeon RX 5700 XT
58000.0,10.968198289528557,Radeon RX 5700 XT,8.0,GALAX,16892.0,955.0,9.734654613922729,9754.0,448.0,2560.0,1605.0,1905.0,225.0,16892.0,75.07555555555555,2019.0,7.0,RDNA 1.0,5700.0,RX,3,0,Radeon RX 5700 XT,Radeon RX 5700 XT
51500.0,10.849337086651827,Radeon RX 5700 XT,8.0,ZOTAC,16892.0,955.0,9.734654613922729,9754.0,448.0,2560.0,1605.0,1905.0,225.0,16892.0,75.07555555555555,2019.0,7.0,RDNA 1.0,5700.0,RX,3,0,Radeon RX 5700 XT,Radeon RX 5700 XT
57500.0,10.959540226785442,Radeon RX 5700 XT,8.0,GIGABYTE,16892.0,955.0,9.734654613922729,9754.0,448.0,2560.0,1605.0,1905.0,225.0,16892.0,75.07555555555555,2019.0,7.0,RDNA 1.0,5700.0,RX,3,0,Radeon RX 5700 XT,Radeon RX 5700 XT
52000.0,10.858998997563564,Radeon RX 5700 XT,8.0,MSI,16892.0,955.0,9.734654613922729,9754.0,448.0,2560.0,1605.0,1905.0,225.0,16892.0,75.07555555555555,2019.0,7.0,RDNA 1.0,5700.0,RX,3,0,Radeon RX 5700 XT,Radeon RX 5700 XT
64500.0,11.074420502783864,Radeon RX 5700 XT,8.0,MSI,16892.0,955.0,9.734654613922729,9754.0,448.0,2560.0,1605.0,1905.0,225.0,16892.0,75.07555555555555,2019.0,7.0,RDNA 1.0,5700.0,RX,3,0,Radeon RX 5700 XT,Radeon RX 5700 XT
52000.0,10.858998997563564,Radeon RX 5700 XT,8.0,PALIT,16892.0,955.0,9.734654613922729,9754.0,448.0,2560.0,1605.0,1905.0,225.0,16892.0,75.07555555555555,2019.0,7.0,RDNA 1.0,5700.0,RX,3,0,Radeon RX 5700 XT,Radeon RX 5700 XT
54500.0,10.905955980651335,Radeon RX 5700 XT,8.0,MSI,16892.0,955.0,9.734654613922729,9754.0,448.0,2560.0,1605.0,1905.0,225.0,16892.0,75.07555555555555,2019.0,7.0,RDNA 1.0,5700.0,RX,3,0,Radeon RX 5700 XT,Radeon RX 5700 XT
60500.0,11.010398644018933,Radeon RX 5700 XT,8.0,GALAX,16892.0,955.0,9.734654613922729,9754.0,448.0,2560.0,1605.0,1905.0,225.0,16892.0,75.07555555555555,2019.0,7.0,RDNA 1.0,5700.0,RX,3,0,Radeon RX 5700 XT,Radeon RX 5700 XT
61000.0,11.018629143155449,Radeon RX 5700 XT,8.0,GIGABYTE,16892.0,955.0,9.734654613922729,9754.0,448.0,2560.0,1605.0,1905.0,225.0,16892.0,75.07555555555555,2019.0,7.0,RDNA 1.0,5700.0,RX,3,0,Radeon RX 5700 XT,Radeon RX 5700 XT
49000.0,10.799575577092764,Radeon RX 5700 XT,8.0,MSI,16892.0,955.0,9.734654613922729,9754.0,448.0,2560.0,1605.0,1905.0,225.0,16892.0,75.07555555555555,2019.0,7.0,RDNA 1.0,5700.0,RX,3,0,Radeon RX 5700 XT,Radeon RX 5700 XT
65500.0,11.089805421623343,Radeon RX 5700 XT,8.0,ZOTAC,16892.0,955.0,9.734654613922729,9754.0,448.0,2560.0,1605.0,1905.0,225.0,16892.0,75.07555555555555,2019.0,7.0,RDNA 1.0,5700.0,RX,3,0,Radeon RX 5700 XT,Radeon RX 5700 XT
57000.0,10.950806546816688,Radeon RX 5700 XT,8.0,MSI,16892.0,955.0,9.734654613922729,9754.0,448.0,2560.0,1605.0,1905.0,225.0,16892.0,75.07555555555555,2019.0,7.0,RDNA 1.0,5700.0,RX,3,0,Radeon RX 5700 XT,Radeon RX 5700 XT
55000.0,10.915088464214607,Radeon RX 5700 XT,8.0,ASUS,16892.0,955.0,9.734654613922729,9754.0,448.0,2560.0,1605.0,1905.0,225.0,16892.0,75.07555555555555,2019.0,7.0,RDNA 1.0,5700.0,RX,3,0,Radeon RX 5700 XT,Radeon RX 5700 XT
60500.0,11.010398644018933,Radeon RX 5700 XT,8.0,ASUS,16892.0,955.0,9.734654613922729,9754.0,448.0,2560.0,1605.0,1905.0,225.0,16892.0,75.07555555555555,2019.0,7.0,RDNA 1.0,5700.0,RX,3,0,Radeon RX 5700 XT,Radeon RX 5700 XT
56500.0,10.941995917134532,Radeon RX 5700 XT,8.0,MSI,16892.0,955.0,9.734654613922729,9754.0,448.0,2560.0,1605.0,1905.0,225.0,16892.0,75.07555555555555,2019.0,7.0,RDNA 1.0,5700.0,RX,3,0,Radeon RX 5700 XT,Radeon RX 5700 XT
50000.0,10.819778284410283,Radeon RX 5700 XT,8.0,GIGABYTE,16892.0,955.0,9.734654613922729,9754.0,448.0,2560.0,1605.0,1905.0,225.0,16892.0,75.07555555555555,2019.0,7.0,RDNA 1.0,5700.0,RX,3,0,Radeon RX 5700 XT,Radeon RX 5700 XT
51000.0,10.839580911706463,Radeon RX 5700 XT,8.0,ZOTAC,16892.0,955.0,9.734654613922729,9754.0,448.0,2560.0,1605.0,1905.0,225.0,16892.0,75.07555555555555,2019.0,7.0,RDNA 1.0,5700.0,RX,3,0,Radeon RX 5700 XT,Radeon RX 5700 XT
56000.0,10.933106969717286,Radeon RX 5700 XT,8.0,MSI,16892.0,955.0,9.734654613922729,9754.0,448.0,2560.0,1605.0,1905.0,225.0,16892.0,75.07555555555555,2019.0,7.0,RDNA 1.0,5700.0,RX,3,0,Radeon RX 5700 XT,Radeon RX 5700 XT
64500.0,11.074420502783864,Radeon RX 5700 XT,8.0,ZOTAC,16892.0,955.0,9.734654613922729,9754.0,448.0,2560.0,1605.0,1905.0,225.0,16892.0,75.07555555555555,2019.0,7.0,RDNA 1.0,5700.0,RX,3,0,Radeon RX 5700 XT,Radeon RX 5700 XT
56000.0,10.933106969717286,Radeon RX 5700 XT,8.0,PALIT,16892.0,955.0,9.734654613922729,9754.0,448.0,2560.0,1605.0,1905.0,225.0,16892.0,75.07555555555555,2019.0,7.0,RDNA 1.0,5700.0,RX,3,0,Radeon RX 5700 XT,Radeon RX 5700 XT
58500.0,10.976782033219948,Radeon RX 5700 XT,8.0,MSI,16892.0,955.0,9.734654613922729,9754.0,448.0,2560.0,1605.0,1905.0,225.0,16892.0,75.07555555555555,2019.0,7.0,RDNA 1.0,5700.0,RX,3,0,Radeon RX 5700 XT,Radeon RX 5700 XT
62000.0,11.03488966402723,Radeon RX 5700 XT,8.0,ASUS,16892.0,955.0,9.734654613922729,9754.0,448.0,2560.0,1605.0,1905.0,225.0,16892.0,75.07555555555555,2019.0,7.0,RDNA 1.0,5700.0,RX,3,0,Radeon RX 5700 XT,Radeon RX 5700 XT
54000.0,10.896739325546411,Radeon RX 5700 XT,8.0,ASUS,16892.0,955.0,9.734654613922729,9754.0,448.0,2560.0,1605.0,1905.0,225.0,16892.0,75.07555555555555,2019.0,7.0,RDNA 1.0,5700.0,RX,3,0,Radeon RX 5700 XT,Radeon RX 5700 XT
45000.0,10.714417768752456,Radeon RX 5700 XT,8.0,SAPPHIRE,16892.0,955.0,9.734654613922729,9754.0,448.0,2560.0,1605.0,1905.0,225.0,16892.0,75.07555555555555,2019.0,7.0,RDNA 1.0,5700.0,RX,3,0,Radeon RX 5700 XT,Radeon RX 5700 XT
66000.0,11.097410021008562,Radeon RX 5700 XT,8.0,AMD,16892.0,955.0,9.734654613922729,9754.0,448.0,2560.0,1605.0,1905.0,225.0,16892.0,75.07555555555555,2019.0,7.0,RDNA 1.0,5700.0,RX,3,0,Radeon RX 5700 XT,Radeon RX 5700 XT
58500.0,10.976782033219948,Radeon RX 5700 XT,8.0,ASUS,16892.0,955.0,9.734654613922729,9754.0,448.0,2560.0,1605.0,1905.0,225.0,16892.0,75.07555555555555,2019.0,7.0,RDNA 1.0,5700.0,RX,3,0,Radeon RX 5700 XT,Radeon RX 5700 XT
58500.0,10.976782033219948,Radeon RX 5700 XT,8.0,AMD,16892.0,955.0,9.734654613922729,9754.0,448.0,2560.0,1605.0,1905.0,225.0,16892.0,75.07555555555555,2019.0,7.0,RDNA 1.0,5700.0,RX,3,0,Radeon RX 5700 XT,Radeon RX 5700 XT
33500.0,10.419300717813158,Radeon RX 580,4.0,GALAX,8907.0,772.0,9.094705028377259,6175.0,256.0,2304.0,1257.0,1340.0,185.0,8907.0,48.14594594594595,2017.0,9.0,GCN 4.0,580.0,RX,3,0,Radeon RX 580,Radeon RX 580
32500.0,10.388995368317829,Radeon RX 580,8.0,ASUS,8907.0,772.0,9.094705028377259,6175.0,256.0,2304.0,1257.0,1340.0,185.0,8907.0,48.14594594594595,2017.0,9.0,GCN 4.0,580.0,RX,3,0,Radeon RX 580,Radeon RX 580
40000.0,10.596634733096073,Radeon RX 580,4.0,GIGABYTE,8907.0,772.0,9.094705028377259,6175.0,256.0,2304.0,1257.0,1340.0,185.0,8907.0,48.14594594594595,2017.0,9.0,GCN 4.0,580.0,RX,3,0,Radeon RX 580,Radeon RX 580
36500.0,10.505067539570582,Radeon RX 580,8.0,ZOTAC,8907.0,772.0,9.094705028377259,6175.0,256.0,2304.0,1257.0,1340.0,185.0,8907.0,48.14594594594595,2017.0,9.0,GCN 4.0,580.0,RX,3,0,Radeon RX 580,Radeon RX 580
37000.0,10.51867319162636,Radeon RX 580,4.0,GIGABYTE,8907.0,772.0,9.094705028377259,6175.0,256.0,2304.0,1257.0,1340.0,185.0,8907.0,48.14594594594595,2017.0,9.0,GCN 4.0,580.0,RX,3,0,Radeon RX 580,Radeon RX 580
39000.0,10.571316925111784,Radeon RX 580,4.0,ZOTAC,8907.0,772.0,9.094705028377259,6175.0,256.0,2304.0,1257.0,1340.0,185.0,8907.0,48.14594594594595,2017.0,9.0,GCN 4.0,580.0,RX,3,0,Radeon RX 580,Radeon RX 580
35500.0,10.477287975463508,Radeon RX 580,8.0,GALAX,8907.0,772.0,9.094705028377259,6175.0,256.0,2304.0,1257.0,1340.0,185.0,8907.0,48.14594594594595,2017.0,9.0,GCN 4.0,580.0,RX,3,0,Radeon RX 580,Radeon RX 580
35500.0,10.477287975463508,Radeon RX 580,8.0,ZOTAC,8907.0,772.0,9.094705028377259,6175.0,256.0,2304.0,1257.0,1340.0,185.0,8907.0,48.14594594594595,2017.0,9.0,GCN 4.0,580.0,RX,3,0,Radeon RX 580,Radeon RX 580
40500.0,10.60905725309463,Radeon RX 580,4.0,GALAX,8907.0,772.0,9.094705028377259,6175.0,256.0,2304.0,1257.0,1340.0,185.0,8907.0,48.14594594594595,2017.0,9.0,GCN 4.0,580.0,RX,3,0,Radeon RX 580,Radeon RX 580
41500.0,10.63344870621879,Radeon RX 580,8.0,PALIT,8907.0,772.0,9.094705028377259,6175.0,256.0,2304.0,1257.0,1340.0,185.0,8907.0,48.14594594594595,2017.0,9.0,GCN 4.0,580.0,RX,3,0,Radeon RX 580,Radeon RX 580
34000.0,10.4341158035983,Radeon RX 580,8.0,MSI,8907.0,772.0,9.094705028377259,6175.0,256.0,2304.0,1257.0,1340.0,185.0,8907.0,48.14594594594595,2017.0,9.0,GCN 4.0,580.0,RX,3,0,Radeon RX 580,Radeon RX 580
33000.0,10.404262840448617,Radeon RX 580,8.0,GIGABYTE,8907.0,772.0,9.094705028377259,6175.0,256.0,2304.0,1257.0,1340.0,185.0,8907.0,48.14594594594595,2017.0,9.0,GCN 4.0,580.0,RX,3,0,Radeon RX 580,Radeon RX 580
32500.0,10.388995368317829,Radeon RX 580,4.0,GALAX,8907.0,772.0,9.094705028377259,6175.0,256.0,2304.0,1257.0,1340.0,185.0,8907.0,48.14594594594595,2017.0,9.0,GCN 4.0,580.0,RX,3,0,Radeon RX 580,Radeon RX 580
34000.0,10.4341158035983,Radeon RX 580,8.0,GIGABYTE,8907.0,772.0,9.094705028377259,6175.0,256.0,2304.0,1257.0,1340.0,185.0,8907.0,48.14594594594595,2017.0,9.0,GCN 4.0,580.0,RX,3,0,Radeon RX 580,Radeon RX 580
37500.0,10.532096211958502,Radeon RX 580,8.0,ASUS,8907.0,772.0,9.094705028377259,6175.0,256.0,2304.0,1257.0,1340.0,185.0,8907.0,48.14594594594595,2017.0,9.0,GCN 4.0,580.0,RX,3,0,Radeon RX 580,Radeon RX 580
33500.0,10.419300717813158,Radeon RX 580,4.0,ASUS,8907.0,772.0,9.094705028377259,6175.0,256.0,2304.0,1257.0,1340.0,185.0,8907.0,48.14594594594595,2017.0,9.0,GCN 4.0,580.0,RX,3,0,Radeon RX 580,Radeon RX 580
36000.0,10.491274217438248,Radeon RX 580,4.0,GIGABYTE,8907.0,772.0,9.094705028377259,6175.0,256.0,2304.0,1257.0,1340.0,185.0,8907.0,48.14594594594595,2017.0,9.0,GCN 4.0,580.0,RX,3,0,Radeon RX 580,Radeon RX 580
37500.0,10.532096211958502,Radeon RX 580,4.0,ASUS,8907.0,772.0,9.094705028377259,6175.0,256.0,2304.0,1257.0,1340.0,185.0,8907.0,48.14594594594595,2017.0,9.0,GCN 4.0,580.0,RX,3,0,Radeon RX 580,Radeon RX 580
36000.0,10.491274217438248,Radeon RX 580,8.0,ASUS,8907.0,772.0,9.094705028377259,6175.0,256.0,2304.0,1257.0,1340.0,185.0,8907.0,48.14594594594595,2017.0,9.0,GCN 4.0,580.0,RX,3,0,Radeon RX 580,Radeon RX 580
37500.0,10.532096211958502,Radeon RX 580,8.0,GALAX,8907.0,772.0,9.094705028377259,6175.0,256.0,2304.0,1257.0,1340.0,185.0,8907.0,48.14594594594595,2017.0,9.0,GCN 4.0,580.0,RX,3,0,Radeon RX 580,Radeon RX 580
39500.0,10.584055950889214,Radeon RX 580,4.0,ZOTAC,8907.0,772.0,9.094705028377259,6175.0,256.0,2304.0,1257.0,1340.0,185.0,8907.0,48.14594594594595,2017.0,9.0,GCN 4.0,580.0,RX,3,0,Radeon RX 580,Radeon RX 580
36000.0,10.491274217438248,Radeon RX 580,8.0,PALIT,8907.0,772.0,9.094705028377259,6175.0,256.0,2304.0,1257.0,1340.0,185.0,8907.0,48.14594594594595,2017.0,9.0,GCN 4.0,580.0,RX,3,0,Radeon RX 580,Radeon RX 580
39000.0,10.571316925111784,Radeon RX 580,8.0,MSI,8907.0,772.0,9.094705028377259,6175.0,256.0,2304.0,1257.0,1340.0,185.0,8907.0,48.14594594594595,2017.0,9.0,GCN 4.0,580.0,RX,3,0,Radeon RX 580,Radeon RX 580
31500.0,10.357742824813725,Radeon RX 580,8.0,ZOTAC,8907.0,772.0,9.094705028377259,6175.0,256.0,2304.0,1257.0,1340.0,185.0,8907.0,48.14594594594595,2017.0,9.0,GCN 4.0,580.0,RX,3,0,Radeon RX 580,Radeon RX 580
41500.0,10.63344870621879,Radeon RX 580,8.0,ASUS,8907.0,772.0,9.094705028377259,6175.0,256.0,2304.0,1257.0,1340.0,185.0,8907.0,48.14594594594595,2017.0,9.0,GCN 4.0,580.0,RX,3,0,Radeon RX 580,Radeon RX 580
38500.0,10.558413520275876,Radeon RX 580,8.0,ZOTAC,8907.0,772.0,9.094705028377259,6175.0,256.0,2304.0,1257.0,1340.0,185.0,8907.0,48.14594594594595,2017.0,9.0,GCN 4.0,580.0,RX,3,0,Radeon RX 580,Radeon RX 580
40500.0,10.60905725309463,Radeon RX 580,8.0,MSI,8907.0,772.0,9.094705028377259,6175.0,256.0,2304.0,1257.0,1340.0,185.0,8907.0,48.14594594594595,2017.0,9.0,GCN 4.0,580.0,RX,3,0,Radeon RX 580,Radeon RX 580
39000.0,10.571316925111784,Radeon RX 580,8.0,GIGABYTE,8907.0,772.0,9.094705028377259,6175.0,256.0,2304.0,1257.0,1340.0,185.0,8907.0,48.14594594594595,2017.0,9.0,GCN 4.0,580.0,RX,3,0,Radeon RX 580,Radeon RX 580
39500.0,10.584055950889214,Radeon RX 580,4.0,GIGABYTE,8907.0,772.0,9.094705028377259,6175.0,256.0,2304.0,1257.0,1340.0,185.0,8907.0,48.14594594594595,2017.0,9.0,GCN 4.0,580.0,RX,3,0,Radeon RX 580,Radeon RX 580
36000.0,10.491274217438248,Radeon RX 580,8.0,GALAX,8907.0,772.0,9.094705028377259,6175.0,256.0,2304.0,1257.0,1340.0,185.0,8907.0,48.14594594594595,2017.0,9.0,GCN 4.0,580.0,RX,3,0,Radeon RX 580,Radeon RX 580
37500.0,10.532096211958502,Radeon RX 580,8.0,MSI,8907.0,772.0,9.094705028377259,6175.0,256.0,2304.0,1257.0,1340.0,185.0,8907.0,48.14594594594595,2017.0,9.0,GCN 4.0,580.0,RX,3,0,Radeon RX 580,Radeon RX 580
41500.0,10.63344870621879,Radeon RX 580,8.0,GALAX,8907.0,772.0,9.094705028377259,6175.0,256.0,2304.0,1257.0,1340.0,185.0,8907.0,48.14594594594595,2017.0,9.0,GCN 4.0,580.0,RX,3,0,Radeon RX 580,Radeon RX 580
32000.0,10.373491181781864,Radeon RX 580,8.0,GIGABYTE,8907.0,772.0,9.094705028377259,6175.0,256.0,2304.0,1257.0,1340.0,185.0,8907.0,48.14594594594595,2017.0,9.0,GCN 4.0,580.0,RX,3,0,Radeon RX 580,Radeon RX 580
37500.0,10.532096211958502,Radeon RX 580,4.0,GIGABYTE,8907.0,772.0,9.094705028377259,6175.0,256.0,2304.0,1257.0,1340.0,185.0,8907.0,48.14594594594595,2017.0,9.0,GCN 4.0,580.0,RX,3,0,Radeon RX 580,Radeon RX 580
40500.0,10.60905725309463,Radeon RX 580,4.0,GIGABYTE,8907.0,772.0,9.094705028377259,6175.0,256.0,2304.0,1257.0,1340.0,185.0,8907.0,48.14594594594595,2017.0,9.0,GCN 4.0,580.0,RX,3,0,Radeon RX 580,Radeon RX 580
37000.0,10.51867319162636,Radeon RX 580,4.0,ASUS,8907.0,772.0,9.094705028377259,6175.0,256.0,2304.0,1257.0,1340.0,185.0,8907.0,48.14594594594595,2017.0,9.0,GCN 4.0,580.0,RX,3,0,Radeon RX 580,Radeon RX 580
35000.0,10.46310334047155,Radeon RX 580,8.0,ASUS,8907.0,772.0,9.094705028377259,6175.0,256.0,2304.0,1257.0,1340.0,185.0,8907.0,48.14594594594595,2017.0,9.0,GCN 4.0,580.0,RX,3,0,Radeon RX 580,Radeon RX 580
35000.0,10.46310334047155,Radeon RX 580,8.0,GIGABYTE,8907.0,772.0,9.094705028377259,6175.0,256.0,2304.0,1257.0,1340.0,185.0,8907.0,48.14594594594595,2017.0,9.0,GCN 4.0,580.0,RX,3,0,Radeon RX 580,Radeon RX 580
45500.0,10.725467604939041,Radeon RX 580,8.0,MSI,8907.0,772.0,9.094705028377259,6175.0,256.0,2304.0,1257.0,1340.0,185.0,8907.0,48.14594594594595,2017.0,9.0,GCN 4.0,580.0,RX,3,0,Radeon RX 580,Radeon RX 580
42000.0,10.645424897265505,Radeon RX 580,8.0,ASUS,8907.0,772.0,9.094705028377259,6175.0,256.0,2304.0,1257.0,1340.0,185.0,8907.0,48.14594594594595,2017.0,9.0,GCN 4.0,580.0,RX,3,0,Radeon RX 580,Radeon RX 580
38500.0,10.558413520275876,Radeon RX 580,8.0,SAPPHIRE,8907.0,772.0,9.094705028377259,6175.0,256.0,2304.0,1257.0,1340.0,185.0,8907.0,48.14594594594595,2017.0,9.0,GCN 4.0,580.0,RX,3,0,Radeon RX 580,Radeon RX 580
35000.0,10.46310334047155,Radeon RX 580,8.0,MSI,8907.0,772.0,9.094705028377259,6175.0,256.0,2304.0,1257.0,1340.0,185.0,8907.0,48.14594594594595,2017.0,9.0,GCN 4.0,580.0,RX,3,0,Radeon RX 580,Radeon RX 580
39000.0,10.571316925111784,Radeon RX 580,8.0,SAPPHIRE,8907.0,772.0,9.094705028377259,6175.0,256.0,2304.0,1257.0,1340.0,185.0,8907.0,48.14594594594595,2017.0,9.0,GCN 4.0,580.0,RX,3,0,Radeon RX 580,Radeon RX 580
45000.0,10.714417768752456,Radeon RX 580,8.0,ASUS,8907.0,772.0,9.094705028377259,6175.0,256.0,2304.0,1257.0,1340.0,185.0,8907.0,48.14594594594595,2017.0,9.0,GCN 4.0,580.0,RX,3,0,Radeon RX 580,Radeon RX 580
33000.0,10.404262840448617,Radeon RX 580,8.0,AMD,8907.0,772.0,9.094705028377259,6175.0,256.0,2304.0,1257.0,1340.0,185.0,8907.0,48.14594594594595,2017.0,9.0,GCN 4.0,580.0,RX,3,0,Radeon RX 580,Radeon RX 580
39000.0,10.571316925111784,Radeon RX 580,8.0,AMD,8907.0,772.0,9.094705028377259,6175.0,256.0,2304.0,1257.0,1340.0,185.0,8907.0,48.14594594594595,2017.0,9.0,GCN 4.0,580.0,RX,3,0,Radeon RX 580,Radeon RX 580
41000.0,10.621327345686446,Radeon RX 590,8.0,ASUS,9665.0,810.0,9.17636985240503,7119.0,256.0,2304.0,1469.0,1545.0,175.0,9665.0,55.22857142857143,2018.0,8.0,GCN 4.0,590.0,RX,3,0,Radeon RX 590,Radeon RX 590
42500.0,10.657259354912508,Radeon RX 590,8.0,PALIT,9665.0,810.0,9.17636985240503,7119.0,256.0,2304.0,1469.0,1545.0,175.0,9665.0,55.22857142857143,2018.0,8.0,GCN 4.0,590.0,RX,3,0,Radeon RX 590,Radeon RX 590
41000.0,10.621327345686446,Radeon RX 590,8.0,ZOTAC,9665.0,810.0,9.17636985240503,7119.0,256.0,2304.0,1469.0,1545.0,175.0,9665.0,55.22857142857143,2018.0,8.0,GCN 4.0,590.0,RX,3,0,Radeon RX 590,Radeon RX 590
34500.0,10.448714603019452,Radeon RX 590,8.0,GIGABYTE,9665.0,810.0,9.17636985240503,7119.0,256.0,2304.0,1469.0,1545.0,175.0,9665.0,55.22857142857143,2018.0,8.0,GCN 4.0,590.0,RX,3,0,Radeon RX 590,Radeon RX 590
41500.0,10.63344870621879,Radeon RX 590,8.0,ZOTAC,9665.0,810.0,9.17636985240503,7119.0,256.0,2304.0,1469.0,1545.0,175.0,9665.0,55.22857142857143,2018.0,8.0,GCN 4.0,590.0,RX,3,0,Radeon RX 590,Radeon RX 590
34500.0,10.448714603019452,Radeon RX 590,8.0,PALIT,9665.0,810.0,9.17636985240503,7119.0,256.0,2304.0,1469.0,1545.0,175.0,9665.0,55.22857142857143,2018.0,8.0,GCN 4.0,590.0,RX,3,0,Radeon RX 590,Radeon RX 590
42000.0,10.645424897265505,Radeon RX 590,8.0,ASUS,9665.0,810.0,9.17636985240503,7119.0,256.0,2304.0,1469.0,1545.0,175.0,9665.0,55.22857142857143,2018.0,8.0,GCN 4.0,590.0,RX,3,0,Radeon RX 590,Radeon RX 590
39000.0,10.571316925111784,Radeon RX 590,8.0,MSI,9665.0,810.0,9.17636985240503,7119.0,256.0,2304.0,1469.0,1545.0,175.0,9665.0,55.22857142857143,2018.0,8.0,GCN 4.0,590.0,RX,3,0,Radeon RX 590,Radeon RX 590
43000.0,10.668955394675699,Radeon RX 590,8.0,GIGABYTE,9665.0,810.0,9.17636985240503,7119.0,256.0,2304.0,1469.0,1545.0,175.0,9665.0,55.22857142857143,2018.0,8.0,GCN 4.0,590.0,RX,3,0,Radeon RX 590,Radeon RX 590
38500.0,10.558413520275876,Radeon RX 590,8.0,GALAX,9665.0,810.0,9.17636985240503,7119.0,256.0,2304.0,1469.0,1545.0,175.0,9665.0,55.22857142857143,2018.0,8.0,GCN 4.0,590.0,RX,3,0,Radeon RX 590,Radeon RX 590
33500.0,10.419300717813158,Radeon RX 590,8.0,ASUS,9665.0,810.0,9.17636985240503,7119.0,256.0,2304.0,1469.0,1545.0,175.0,9665.0,55.22857142857143,2018.0,8.0,GCN 4.0,590.0,RX,3,0,Radeon RX 590,Radeon RX 590
32500.0,10.388995368317829,Radeon RX 590,8.0,GIGABYTE,9665.0,810.0,9.17636985240503,7119.0,256.0,2304.0,1469.0,1545.0,175.0,9665.0,55.22857142857143,2018.0,8.0,GCN 4.0,590.0,RX,3,0,Radeon RX 590,Radeon RX 590
37000.0,10.51867319162636,Radeon RX 590,8.0,GIGABYTE,9665.0,810.0,9.17636985240503,7119.0,256.0,2304.0,1469.0,1545.0,175.0,9665.0,55.22857142857143,2018.0,8.0,GCN 4.0,590.0,RX,3,0,Radeon RX 590,Radeon RX 590
41500.0,10.63344870621879,Radeon RX 590,8.0,GIGABYTE,9665.0,810.0,9.17636985240503,7119.0,256.0,2304.0,1469.0,1545.0,175.0,9665.0,55.22857142857143,2018.0,8.0,GCN 4.0,590.0,RX,3,0,Radeon RX 590,Radeon RX 590
34000.0,10.4341158035983,Radeon RX 590,8.0,ZOTAC,9665.0,810.0,9.17636985240503,7119.0,256.0,2304.0,1469.0,1545.0,175.0,9665.0,55.22857142857143,2018.0,8.0,GCN 4.0,590.0,RX,3,0,Radeon RX 590,Radeon RX 590
43500.0,10.680516217076775,Radeon RX 590,8.0,MSI,9665.0,810.0,9.17636985240503,7119.0,256.0,2304.0,1469.0,1545.0,175.0,9665.0,55.22857142857143,2018.0,8.0,GCN 4.0,590.0,RX,3,0,Radeon RX 590,Radeon RX 590
38000.0,10.545341438708522,Radeon RX 590,8.0,ASUS,9665.0,810.0,9.17636985240503,7119.0,256.0,2304.0,1469.0,1545.0,175.0,9665.0,55.22857142857143,2018.0,8.0,GCN 4.0,590.0,RX,3,0,Radeon RX 590,Radeon RX 590
40500.0,10.60905725309463,Radeon RX 590,8.0,GIGABYTE,9665.0,810.0,9.17636985240503,7119.0,256.0,2304.0,1469.0,1545.0,175.0,9665.0,55.22857142857143,2018.0,8.0,GCN 4.0,590.0,RX,3,0,Radeon RX 590,Radeon RX 590
41500.0,10.63344870621879,Radeon RX 590,8.0,PALIT,9665.0,810.0,9.17636985240503,7119.0,256.0,2304.0,1469.0,1545.0,175.0,9665.0,55.22857142857143,2018.0,8.0,GCN 4.0,590.0,RX,3,0,Radeon RX 590,Radeon RX 590
40500.0,10.60905725309463,Radeon RX 590,8.0,GALAX,9665.0,810.0,9.17636985240503,7119.0,256.0,2304.0,1469.0,1545.0,175.0,9665.0,55.22857142857143,2018.0,8.0,GCN 4.0,590.0,RX,3,0,Radeon RX 590,Radeon RX 590
38500.0,10.558413520275876,Radeon RX 590,8.0,ASUS,9665.0,810.0,9.17636985240503,7119.0,256.0,2304.0,1469.0,1545.0,175.0,9665.0,55.22857142857143,2018.0,8.0,GCN 4.0,590.0,RX,3,0,Radeon RX 590,Radeon RX 590
39000.0,10.571316925111784,Radeon RX 590,8.0,ZOTAC,9665.0,810.0,9.17636985240503,7119.0,256.0,2304.0,1469.0,1545.0,175.0,9665.0,55.22857142857143,2018.0,8.0,GCN 4.0,590.0,RX,3,0,Radeon RX 590,Radeon RX 590
42000.0,10.645424897265505,Radeon RX 590,8.0,PALIT,9665.0,810.0,9.17636985240503,7119.0,256.0,2304.0,1469.0,1545.0,175.0,9665.0,55.22857142857143,2018.0,8.0,GCN 4.0,590.0,RX,3,0,Radeon RX 590,Radeon RX 590
37000.0,10.51867319162636,Radeon RX 590,8.0,ASUS,9665.0,810.0,9.17636985240503,7119.0,256.0,2304.0,1469.0,1545.0,175.0,9665.0,55.22857142857143,2018.0,8.0,GCN 4.0,590.0,RX,3,0,Radeon RX 590,Radeon RX 590
32500.0,10.388995368317829,Radeon RX 590,8.0,GALAX,9665.0,810.0,9.17636985240503,7119.0,256.0,2304.0,1469.0,1545.0,175.0,9665.0,55.22857142857143,2018.0,8.0,GCN 4.0,590.0,RX,3,0,Radeon RX 590,Radeon RX 590
36500.0,10.505067539570582,Radeon RX 590,8.0,MSI,9665.0,810.0,9.17636985240503,7119.0,256.0,2304.0,1469.0,1545.0,175.0,9665.0,55.22857142857143,2018.0,8.0,GCN 4.0,590.0,RX,3,0,Radeon RX 590,Radeon RX 590
39500.0,10.584055950889214,Radeon RX 590,8.0,GIGABYTE,9665.0,810.0,9.17636985240503,7119.0,256.0,2304.0,1469.0,1545.0,175.0,9665.0,55.22857142857143,2018.0,8.0,GCN 4.0,590.0,RX,3,0,Radeon RX 590,Radeon RX 590
34000.0,10.4341158035983,Radeon RX 590,8.0,GIGABYTE,9665.0,810.0,9.17636985240503,7119.0,256.0,2304.0,1469.0,1545.0,175.0,9665.0,55.22857142857143,2018.0,8.0,GCN 4.0,590.0,RX,3,0,Radeon RX 590,Radeon RX 590
34500.0,10.448714603019452,Radeon RX 590,8.0,ZOTAC,9665.0,810.0,9.17636985240503,7119.0,256.0,2304.0,1469.0,1545.0,175.0,9665.0,55.22857142857143,2018.0,8.0,GCN 4.0,590.0,RX,3,0,Radeon RX 590,Radeon RX 590
33500.0,10.419300717813158,Radeon RX 590,8.0,MSI,9665.0,810.0,9.17636985240503,7119.0,256.0,2304.0,1469.0,1545.0,175.0,9665.0,55.22857142857143,2018.0,8.0,GCN 4.0,590.0,RX,3,0,Radeon RX 590,Radeon RX 590
42000.0,10.645424897265505,Radeon RX 590,8.0,MSI,9665.0,810.0,9.17636985240503,7119.0,256.0,2304.0,1469.0,1545.0,175.0,9665.0,55.22857142857143,2018.0,8.0,GCN 4.0,590.0,RX,3,0,Radeon RX 590,Radeon RX 590
37500.0,10.532096211958502,Radeon RX 590,8.0,ASUS,9665.0,810.0,9.17636985240503,7119.0,256.0,2304.0,1469.0,1545.0,175.0,9665.0,55.22857142857143,2018.0,8.0,GCN 4.0,590.0,RX,3,0,Radeon RX 590,Radeon RX 590
35500.0,10.477287975463508,Radeon RX 590,8.0,ZOTAC,9665.0,810.0,9.17636985240503,7119.0,256.0,2304.0,1469.0,1545.0,175.0,9665.0,55.22857142857143,2018.0,8.0,GCN 4.0,590.0,RX,3,0,Radeon RX 590,Radeon RX 590
43500.0,10.680516217076775,Radeon RX 590,8.0,PALIT,9665.0,810.0,9.17636985240503,7119.0,256.0,2304.0,1469.0,1545.0,175.0,9665.0,55.22857142857143,2018.0,8.0,GCN 4.0,590.0,RX,3,0,Radeon RX 590,Radeon RX 590
41000.0,10.621327345686446,Radeon RX 590,8.0,MSI,9665.0,810.0,9.17636985240503,7119.0,256.0,2304.0,1469.0,1545.0,175.0,9665.0,55.22857142857143,2018.0,8.0,GCN 4.0,590.0,RX,3,0,Radeon RX 590,Radeon RX 590
32500.0,10.388995368317829,Radeon RX 590,8.0,ZOTAC,9665.0,810.0,9.17636985240503,7119.0,256.0,2304.0,1469.0,1545.0,175.0,9665.0,55.22857142857143,2018.0,8.0,GCN 4.0,590.0,RX,3,0,Radeon RX 590,Radeon RX 590
38500.0,10.558413520275876,Radeon RX 590,8.0,PALIT,9665.0,810.0,9.17636985240503,7119.0,256.0,2304.0,1469.0,1545.0,175.0,9665.0,55.22857142857143,2018.0,8.0,GCN 4.0,590.0,RX,3,0,Radeon RX 590,Radeon RX 590
44000.0,10.691944912900398,Radeon RX 590,8.0,ZOTAC,9665.0,810.0,9.17636985240503,7119.0,256.0,2304.0,1469.0,1545.0,175.0,9665.0,55.22857142857143,2018.0,8.0,GCN 4.0,590.0,RX,3,0,Radeon RX 590,Radeon RX 590
35500.0,10.477287975463508,Radeon RX 590,8.0,PALIT,9665.0,810.0,9.17636985240503,7119.0,256.0,2304.0,1469.0,1545.0,175.0,9665.0,55.22857142857143,2018.0,8.0,GCN 4.0,590.0,RX,3,0,Radeon RX 590,Radeon RX 590
37500.0,10.532096211958502,Radeon RX 590,8.0,MSI,9665.0,810.0,9.17636985240503,7119.0,256.0,2304.0,1469.0,1545.0,175.0,9665.0,55.22857142857143,2018.0,8.0,GCN 4.0,590.0,RX,3,0,Radeon RX 590,Radeon RX 590
40500.0,10.60905725309463,Radeon RX 590,8.0,MSI,9665.0,810.0,9.17636985240503,7119.0,256.0,2304.0,1469.0,1545.0,175.0,9665.0,55.22857142857143,2018.0,8.0,GCN 4.0,590.0,RX,3,0,Radeon RX 590,Radeon RX 590
39000.0,10.571316925111784,Radeon RX 590,8.0,SAPPHIRE,9665.0,810.0,9.17636985240503,7119.0,256.0,2304.0,1469.0,1545.0,175.0,9665.0,55.22857142857143,2018.0,8.0,GCN 4.0,590.0,RX,3,0,Radeon RX 590,Radeon RX 590
38000.0,10.545341438708522,Radeon RX 590,8.0,AMD,9665.0,810.0,9.17636985240503,7119.0,256.0,2304.0,1469.0,1545.0,175.0,9665.0,55.22857142857143,2018.0,8.0,GCN 4.0,590.0,RX,3,0,Radeon RX 590,Radeon RX 590
38000.0,10.545341438708522,Radeon RX 590,8.0,SAPPHIRE,9665.0,810.0,9.17636985240503,7119.0,256.0,2304.0,1469.0,1545.0,175.0,9665.0,55.22857142857143,2018.0,8.0,GCN 4.0,590.0,RX,3,0,Radeon RX 590,Radeon RX 590
55000.0,10.915088464214607,Radeon RX 6500 XT,4.0,AMD,9445.0,910.0,9.153346650456063,5765.0,143.9,1024.0,2310.0,2815.0,107.0,9445.0,88.27102803738318,2022.0,4.0,RDNA 2.0,6500.0,RX,4,0,Radeon RX 6500 XT,Radeon RX 6500 XT
35000.0,10.46310334047155,Radeon RX 6500 XT,4.0,MSI,9445.0,910.0,9.153346650456063,5765.0,143.9,1024.0,2310.0,2815.0,107.0,9445.0,88.27102803738318,2022.0,4.0,RDNA 2.0,6500.0,RX,4,0,Radeon RX 6500 XT,Radeon RX 6500 XT
30000.0,10.308952660644293,Radeon RX 6500 XT,4.0,AMD,9445.0,910.0,9.153346650456063,5765.0,143.9,1024.0,2310.0,2815.0,107.0,9445.0,88.27102803738318,2022.0,4.0,RDNA 2.0,6500.0,RX,4,0,Radeon RX 6500 XT,Radeon RX 6500 XT
66000.0,11.097410021008562,Radeon RX 6600,4.0,ASUS,13881.0,945.0,9.53834831589953,8928.0,224.0,1792.0,1626.0,2491.0,132.0,13881.0,105.1590909090909,2021.0,5.0,RDNA 2.0,6600.0,RX,4,0,Radeon RX 6600,Radeon RX 6600
80500.0,11.296012463406655,Radeon RX 6600,4.0,MSI,13881.0,945.0,9.53834831589953,8928.0,224.0,1792.0,1626.0,2491.0,132.0,13881.0,105.1590909090909,2021.0,5.0,RDNA 2.0,6600.0,RX,4,0,Radeon RX 6600,Radeon RX 6600
77000.0,11.251560700835821,Radeon RX 6600,4.0,GIGABYTE,13881.0,945.0,9.53834831589953,8928.0,224.0,1792.0,1626.0,2491.0,132.0,13881.0,105.1590909090909,2021.0,5.0,RDNA 2.0,6600.0,RX,4,0,Radeon RX 6600,Radeon RX 6600
74500.0,11.218554404367652,Radeon RX 6600,8.0,GALAX,13881.0,945.0,9.53834831589953,8928.0,224.0,1792.0,1626.0,2491.0,132.0,13881.0,105.1590909090909,2021.0,5.0,RDNA 2.0,6600.0,RX,4,0,Radeon RX 6600,Radeon RX 6600
64500.0,11.074420502783864,Radeon RX 6600,8.0,MSI,13881.0,945.0,9.53834831589953,8928.0,224.0,1792.0,1626.0,2491.0,132.0,13881.0,105.1590909090909,2021.0,5.0,RDNA 2.0,6600.0,RX,4,0,Radeon RX 6600,Radeon RX 6600
72500.0,11.191341840842766,Radeon RX 6600,8.0,GALAX,13881.0,945.0,9.53834831589953,8928.0,224.0,1792.0,1626.0,2491.0,132.0,13881.0,105.1590909090909,2021.0,5.0,RDNA 2.0,6600.0,RX,4,0,Radeon RX 6600,Radeon RX 6600
74500.0,11.218554404367652,Radeon RX 6600,8.0,ASUS,13881.0,945.0,9.53834831589953,8928.0,224.0,1792.0,1626.0,2491.0,132.0,13881.0,105.1590909090909,2021.0,5.0,RDNA 2.0,6600.0,RX,4,0,Radeon RX 6600,Radeon RX 6600
59500.0,10.993731591533722,Radeon RX 6600,4.0,GALAX,13881.0,945.0,9.53834831589953,8928.0,224.0,1792.0,1626.0,2491.0,132.0,13881.0,105.1590909090909,2021.0,5.0,RDNA 2.0,6600.0,RX,4,0,Radeon RX 6600,Radeon RX 6600
78500.0,11.2708539037705,Radeon RX 6600,4.0,GIGABYTE,13881.0,945.0,9.53834831589953,8928.0,224.0,1792.0,1626.0,2491.0,132.0,13881.0,105.1590909090909,2021.0,5.0,RDNA 2.0,6600.0,RX,4,0,Radeon RX 6600,Radeon RX 6600
72000.0,11.184421397998193,Radeon RX 6600,8.0,GIGABYTE,13881.0,945.0,9.53834831589953,8928.0,224.0,1792.0,1626.0,2491.0,132.0,13881.0,105.1590909090909,2021.0,5.0,RDNA 2.0,6600.0,RX,4,0,Radeon RX 6600,Radeon RX 6600
66500.0,11.104957226643945,Radeon RX 6600,8.0,MSI,13881.0,945.0,9.53834831589953,8928.0,224.0,1792.0,1626.0,2491.0,132.0,13881.0,105.1590909090909,2021.0,5.0,RDNA 2.0,6600.0,RX,4,0,Radeon RX 6600,Radeon RX 6600
80000.0,11.289781913656018,Radeon RX 6600,8.0,GALAX,13881.0,945.0,9.53834831589953,8928.0,224.0,1792.0,1626.0,2491.0,132.0,13881.0,105.1590909090909,2021.0,5.0,RDNA 2.0,6600.0,RX,4,0,Radeon RX 6600,Radeon RX 6600
64000.0,11.06663836234181,Radeon RX 6600,4.0,GALAX,13881.0,945.0,9.53834831589953,8928.0,224.0,1792.0,1626.0,2491.0,132.0,13881.0,105.1590909090909,2021.0,5.0,RDNA 2.0,6600.0,RX,4,0,Radeon RX 6600,Radeon RX 6600
65500.0,11.089805421623343,Radeon RX 6600,8.0,GALAX,13881.0,945.0,9.53834831589953,8928.0,224.0,1792.0,1626.0,2491.0,132.0,13881.0,105.1590909090909,2021.0,5.0,RDNA 2.0,6600.0,RX,4,0,Radeon RX 6600,Radeon RX 6600
72500.0,11.191341840842766,Radeon RX 6600,4.0,MSI,13881.0,945.0,9.53834831589953,8928.0,224.0,1792.0,1626.0,2491.0,132.0,13881.0,105.1590909090909,2021.0,5.0,RDNA 2.0,6600.0,RX,4,0,Radeon RX 6600,Radeon RX 6600
68000.0,11.127262984158243,Radeon RX 6600,4.0,MSI,13881.0,945.0,9.53834831589953,8928.0,224.0,1792.0,1626.0,2491.0,132.0,13881.0,105.1590909090909,2021.0,5.0,RDNA 2.0,6600.0,RX,4,0,Radeon RX 6600,Radeon RX 6600
64000.0,11.06663836234181,Radeon RX 6600,8.0,MSI,13881.0,945.0,9.53834831589953,8928.0,224.0,1792.0,1626.0,2491.0,132.0,13881.0,105.1590909090909,2021.0,5.0,RDNA 2.0,6600.0,RX,4,0,Radeon RX 6600,Radeon RX 6600
77500.0,11.258033215341438,Radeon RX 6600,8.0,GIGABYTE,13881.0,945.0,9.53834831589953,8928.0,224.0,1792.0,1626.0,2491.0,132.0,13881.0,105.1590909090909,2021.0,5.0,RDNA 2.0,6600.0,RX,4,0,Radeon RX 6600,Radeon RX 6600
72000.0,11.184421397998193,Radeon RX 6600,8.0,ZOTAC,13881.0,945.0,9.53834831589953,8928.0,224.0,1792.0,1626.0,2491.0,132.0,13881.0,105.1590909090909,2021.0,5.0,RDNA 2.0,6600.0,RX,4,0,Radeon RX 6600,Radeon RX 6600
69500.0,11.149082031552883,Radeon RX 6600,8.0,ZOTAC,13881.0,945.0,9.53834831589953,8928.0,224.0,1792.0,1626.0,2491.0,132.0,13881.0,105.1590909090909,2021.0,5.0,RDNA 2.0,6600.0,RX,4,0,Radeon RX 6600,Radeon RX 6600
75000.0,11.225243392518447,Radeon RX 6600,4.0,GIGABYTE,13881.0,945.0,9.53834831589953,8928.0,224.0,1792.0,1626.0,2491.0,132.0,13881.0,105.1590909090909,2021.0,5.0,RDNA 2.0,6600.0,RX,4,0,Radeon RX 6600,Radeon RX 6600
70500.0,11.16336798880036,Radeon RX 6600,8.0,MSI,13881.0,945.0,9.53834831589953,8928.0,224.0,1792.0,1626.0,2491.0,132.0,13881.0,105.1590909090909,2021.0,5.0,RDNA 2.0,6600.0,RX,4,0,Radeon RX 6600,Radeon RX 6600
65500.0,11.089805421623343,Radeon RX 6600,4.0,ZOTAC,13881.0,945.0,9.53834831589953,8928.0,224.0,1792.0,1626.0,2491.0,132.0,13881.0,105.1590909090909,2021.0,5.0,RDNA 2.0,6600.0,RX,4,0,Radeon RX 6600,Radeon RX 6600
76500.0,11.245046019814627,Radeon RX 6600,8.0,ZOTAC,13881.0,945.0,9.53834831589953,8928.0,224.0,1792.0,1626.0,2491.0,132.0,13881.0,105.1590909090909,2021.0,5.0,RDNA 2.0,6600.0,RX,4,0,Radeon RX 6600,Radeon RX 6600
68000.0,11.127262984158243,Radeon RX 6600,4.0,PALIT,13881.0,945.0,9.53834831589953,8928.0,224.0,1792.0,1626.0,2491.0,132.0,13881.0,105.1590909090909,2021.0,5.0,RDNA 2.0,6600.0,RX,4,0,Radeon RX 6600,Radeon RX 6600
67000.0,11.112447898373103,Radeon RX 6600,4.0,PALIT,13881.0,945.0,9.53834831589953,8928.0,224.0,1792.0,1626.0,2491.0,132.0,13881.0,105.1590909090909,2021.0,5.0,RDNA 2.0,6600.0,RX,4,0,Radeon RX 6600,Radeon RX 6600
70000.0,11.156250521031495,Radeon RX 6600,8.0,MSI,13881.0,945.0,9.53834831589953,8928.0,224.0,1792.0,1626.0,2491.0,132.0,13881.0,105.1590909090909,2021.0,5.0,RDNA 2.0,6600.0,RX,4,0,Radeon RX 6600,Radeon RX 6600
63000.0,11.05089000537367,Radeon RX 6600,8.0,GIGABYTE,13881.0,945.0,9.53834831589953,8928.0,224.0,1792.0,1626.0,2491.0,132.0,13881.0,105.1590909090909,2021.0,5.0,RDNA 2.0,6600.0,RX,4,0,Radeon RX 6600,Radeon RX 6600
64500.0,11.074420502783864,Radeon RX 6600,4.0,ZOTAC,13881.0,945.0,9.53834831589953,8928.0,224.0,1792.0,1626.0,2491.0,132.0,13881.0,105.1590909090909,2021.0,5.0,RDNA 2.0,6600.0,RX,4,0,Radeon RX 6600,Radeon RX 6600
60000.0,11.002099841204238,Radeon RX 6600,4.0,GIGABYTE,13881.0,945.0,9.53834831589953,8928.0,224.0,1792.0,1626.0,2491.0,132.0,13881.0,105.1590909090909,2021.0,5.0,RDNA 2.0,6600.0,RX,4,0,Radeon RX 6600,Radeon RX 6600
76000.0,11.238488619268468,Radeon RX 6600,8.0,GIGABYTE,13881.0,945.0,9.53834831589953,8928.0,224.0,1792.0,1626.0,2491.0,132.0,13881.0,105.1590909090909,2021.0,5.0,RDNA 2.0,6600.0,RX,4,0,Radeon RX 6600,Radeon RX 6600
77500.0,11.258033215341438,Radeon RX 6600,8.0,ZOTAC,13881.0,945.0,9.53834831589953,8928.0,224.0,1792.0,1626.0,2491.0,132.0,13881.0,105.1590909090909,2021.0,5.0,RDNA 2.0,6600.0,RX,4,0,Radeon RX 6600,Radeon RX 6600
66500.0,11.104957226643945,Radeon RX 6600,8.0,PALIT,13881.0,945.0,9.53834831589953,8928.0,224.0,1792.0,1626.0,2491.0,132.0,13881.0,105.1590909090909,2021.0,5.0,RDNA 2.0,6600.0,RX,4,0,Radeon RX 6600,Radeon RX 6600
68500.0,11.134589024250317,Radeon RX 6600,8.0,ASUS,13881.0,945.0,9.53834831589953,8928.0,224.0,1792.0,1626.0,2491.0,132.0,13881.0,105.1590909090909,2021.0,5.0,RDNA 2.0,6600.0,RX,4,0,Radeon RX 6600,Radeon RX 6600
62500.0,11.042921835724492,Radeon RX 6600,4.0,PALIT,13881.0,945.0,9.53834831589953,8928.0,224.0,1792.0,1626.0,2491.0,132.0,13881.0,105.1590909090909,2021.0,5.0,RDNA 2.0,6600.0,RX,4,0,Radeon RX 6600,Radeon RX 6600
78000.0,11.26446410567173,Radeon RX 6600,4.0,ASUS,13881.0,945.0,9.53834831589953,8928.0,224.0,1792.0,1626.0,2491.0,132.0,13881.0,105.1590909090909,2021.0,5.0,RDNA 2.0,6600.0,RX,4,0,Radeon RX 6600,Radeon RX 6600
65500.0,11.089805421623343,Radeon RX 6600,8.0,ASUS,13881.0,945.0,9.53834831589953,8928.0,224.0,1792.0,1626.0,2491.0,132.0,13881.0,105.1590909090909,2021.0,5.0,RDNA 2.0,6600.0,RX,4,0,Radeon RX 6600,Radeon RX 6600
68000.0,11.127262984158243,Radeon RX 6600,8.0,MSI,13881.0,945.0,9.53834831589953,8928.0,224.0,1792.0,1626.0,2491.0,132.0,13881.0,105.1590909090909,2021.0,5.0,RDNA 2.0,6600.0,RX,4,0,Radeon RX 6600,Radeon RX 6600
69000.0,11.141861783579396,Radeon RX 6600,4.0,GIGABYTE,13881.0,945.0,9.53834831589953,8928.0,224.0,1792.0,1626.0,2491.0,132.0,13881.0,105.1590909090909,2021.0,5.0,RDNA 2.0,6600.0,RX,4,0,Radeon RX 6600,Radeon RX 6600
55000.0,10.915088464214607,Radeon RX 6600,8.0,ASROCK,13881.0,945.0,9.53834831589953,8928.0,224.0,1792.0,1626.0,2491.0,132.0,13881.0,105.1590909090909,2021.0,5.0,RDNA 2.0,6600.0,RX,4,0,Radeon RX 6600,Radeon RX 6600
75000.0,11.225243392518447,Radeon RX 6600,8.0,ASUS,13881.0,945.0,9.53834831589953,8928.0,224.0,1792.0,1626.0,2491.0,132.0,13881.0,105.1590909090909,2021.0,5.0,RDNA 2.0,6600.0,RX,4,0,Radeon RX 6600,Radeon RX 6600
74000.0,11.211820372186306,Radeon RX 6600,8.0,MSI,13881.0,945.0,9.53834831589953,8928.0,224.0,1792.0,1626.0,2491.0,132.0,13881.0,105.1590909090909,2021.0,5.0,RDNA 2.0,6600.0,RX,4,0,Radeon RX 6600,Radeon RX 6600
73000.0,11.198214720130528,Radeon RX 6600,8.0,ASROCK,13881.0,945.0,9.53834831589953,8928.0,224.0,1792.0,1626.0,2491.0,132.0,13881.0,105.1590909090909,2021.0,5.0,RDNA 2.0,6600.0,RX,4,0,Radeon RX 6600,Radeon RX 6600
68500.0,11.134589024250317,Radeon RX 6600,8.0,AMD,13881.0,945.0,9.53834831589953,8928.0,224.0,1792.0,1626.0,2491.0,132.0,13881.0,105.1590909090909,2021.0,5.0,RDNA 2.0,6600.0,RX,4,0,Radeon RX 6600,Radeon RX 6600
63500.0,11.058795184880783,Radeon RX 6600,8.0,MSI,13881.0,945.0,9.53834831589953,8928.0,224.0,1792.0,1626.0,2491.0,132.0,13881.0,105.1590909090909,2021.0,5.0,RDNA 2.0,6600.0,RX,4,0,Radeon RX 6600,Radeon RX 6600
68000.0,11.127262984158243,Radeon RX 6600,8.0,GIGABYTE,13881.0,945.0,9.53834831589953,8928.0,224.0,1792.0,1626.0,2491.0,132.0,13881.0,105.1590909090909,2021.0,5.0,RDNA 2.0,6600.0,RX,4,0,Radeon RX 6600,Radeon RX 6600
78000.0,11.26446410567173,Radeon RX 6600,8.0,ASUS,13881.0,945.0,9.53834831589953,8928.0,224.0,1792.0,1626.0,2491.0,132.0,13881.0,105.1590909090909,2021.0,5.0,RDNA 2.0,6600.0,RX,4,0,Radeon RX 6600,Radeon RX 6600
55000.0,10.915088464214607,Radeon RX 6600,8.0,MSI,13881.0,945.0,9.53834831589953,8928.0,224.0,1792.0,1626.0,2491.0,132.0,13881.0,105.1590909090909,2021.0,5.0,RDNA 2.0,6600.0,RX,4,0,Radeon RX 6600,Radeon RX 6600
67500.0,11.119882876860622,Radeon RX 6600 XT,8.0,ZOTAC,15853.0,1003.0,9.671177113397102,10600.0,256.0,2048.0,1968.0,2589.0,160.0,15853.0,99.08125,2021.0,5.0,RDNA 2.0,6600.0,RX,4,0,Radeon RX 6600 XT,Radeon RX 6600 XT
69000.0,11.141861783579396,Radeon RX 6600 XT,8.0,GIGABYTE,15853.0,1003.0,9.671177113397102,10600.0,256.0,2048.0,1968.0,2589.0,160.0,15853.0,99.08125,2021.0,5.0,RDNA 2.0,6600.0,RX,4,0,Radeon RX 6600 XT,Radeon RX 6600 XT
78500.0,11.2708539037705,Radeon RX 6600 XT,8.0,ZOTAC,15853.0,1003.0,9.671177113397102,10600.0,256.0,2048.0,1968.0,2589.0,160.0,15853.0,99.08125,2021.0,5.0,RDNA 2.0,6600.0,RX,4,0,Radeon RX 6600 XT,Radeon RX 6600 XT
71000.0,11.170435156023453,Radeon RX 6600 XT,8.0,GALAX,15853.0,1003.0,9.671177113397102,10600.0,256.0,2048.0,1968.0,2589.0,160.0,15853.0,99.08125,2021.0,5.0,RDNA 2.0,6600.0,RX,4,0,Radeon RX 6600 XT,Radeon RX 6600 XT
86000.0,11.362102575235644,Radeon RX 6600 XT,8.0,MSI,15853.0,1003.0,9.671177113397102,10600.0,256.0,2048.0,1968.0,2589.0,160.0,15853.0,99.08125,2021.0,5.0,RDNA 2.0,6600.0,RX,4,0,Radeon RX 6600 XT,Radeon RX 6600 XT
79500.0,11.283512300642423,Radeon RX 6600 XT,8.0,ZOTAC,15853.0,1003.0,9.671177113397102,10600.0,256.0,2048.0,1968.0,2589.0,160.0,15853.0,99.08125,2021.0,5.0,RDNA 2.0,6600.0,RX,4,0,Radeon RX 6600 XT,Radeon RX 6600 XT
74000.0,11.211820372186306,Radeon RX 6600 XT,8.0,ZOTAC,15853.0,1003.0,9.671177113397102,10600.0,256.0,2048.0,1968.0,2589.0,160.0,15853.0,99.08125,2021.0,5.0,RDNA 2.0,6600.0,RX,4,0,Radeon RX 6600 XT,Radeon RX 6600 XT
71000.0,11.170435156023453,Radeon RX 6600 XT,8.0,MSI,15853.0,1003.0,9.671177113397102,10600.0,256.0,2048.0,1968.0,2589.0,160.0,15853.0,99.08125,2021.0,5.0,RDNA 2.0,6600.0,RX,4,0,Radeon RX 6600 XT,Radeon RX 6600 XT
78500.0,11.2708539037705,Radeon RX 6600 XT,8.0,PALIT,15853.0,1003.0,9.671177113397102,10600.0,256.0,2048.0,1968.0,2589.0,160.0,15853.0,99.08125,2021.0,5.0,RDNA 2.0,6600.0,RX,4,0,Radeon RX 6600 XT,Radeon RX 6600 XT
74000.0,11.211820372186306,Radeon RX 6600 XT,8.0,GALAX,15853.0,1003.0,9.671177113397102,10600.0,256.0,2048.0,1968.0,2589.0,160.0,15853.0,99.08125,2021.0,5.0,RDNA 2.0,6600.0,RX,4,0,Radeon RX 6600 XT,Radeon RX 6600 XT
82000.0,11.314474526246391,Radeon RX 6600 XT,8.0,MSI,15853.0,1003.0,9.671177113397102,10600.0,256.0,2048.0,1968.0,2589.0,160.0,15853.0,99.08125,2021.0,5.0,RDNA 2.0,6600.0,RX,4,0,Radeon RX 6600 XT,Radeon RX 6600 XT
70000.0,11.156250521031495,Radeon RX 6600 XT,8.0,GIGABYTE,15853.0,1003.0,9.671177113397102,10600.0,256.0,2048.0,1968.0,2589.0,160.0,15853.0,99.08125,2021.0,5.0,RDNA 2.0,6600.0,RX,4,0,Radeon RX 6600 XT,Radeon RX 6600 XT
81000.0,11.302204433654575,Radeon RX 6600 XT,8.0,ASUS,15853.0,1003.0,9.671177113397102,10600.0,256.0,2048.0,1968.0,2589.0,160.0,15853.0,99.08125,2021.0,5.0,RDNA 2.0,6600.0,RX,4,0,Radeon RX 6600 XT,Radeon RX 6600 XT
77000.0,11.251560700835821,Radeon RX 6600 XT,8.0,ZOTAC,15853.0,1003.0,9.671177113397102,10600.0,256.0,2048.0,1968.0,2589.0,160.0,15853.0,99.08125,2021.0,5.0,RDNA 2.0,6600.0,RX,4,0,Radeon RX 6600 XT,Radeon RX 6600 XT
78000.0,11.26446410567173,Radeon RX 6600 XT,8.0,GIGABYTE,15853.0,1003.0,9.671177113397102,10600.0,256.0,2048.0,1968.0,2589.0,160.0,15853.0,99.08125,2021.0,5.0,RDNA 2.0,6600.0,RX,4,0,Radeon RX 6600 XT,Radeon RX 6600 XT
88500.0,11.390757830996021,Radeon RX 6600 XT,8.0,GIGABYTE,15853.0,1003.0,9.671177113397102,10600.0,256.0,2048.0,1968.0,2589.0,160.0,15853.0,99.08125,2021.0,5.0,RDNA 2.0,6600.0,RX,4,0,Radeon RX 6600 XT,Radeon RX 6600 XT
87000.0,11.37366339763672,Radeon RX 6600 XT,8.0,ASUS,15853.0,1003.0,9.671177113397102,10600.0,256.0,2048.0,1968.0,2589.0,160.0,15853.0,99.08125,2021.0,5.0,RDNA 2.0,6600.0,RX,4,0,Radeon RX 6600 XT,Radeon RX 6600 XT
78500.0,11.2708539037705,Radeon RX 6600 XT,8.0,MSI,15853.0,1003.0,9.671177113397102,10600.0,256.0,2048.0,1968.0,2589.0,160.0,15853.0,99.08125,2021.0,5.0,RDNA 2.0,6600.0,RX,4,0,Radeon RX 6600 XT,Radeon RX 6600 XT
68000.0,11.127262984158243,Radeon RX 6600 XT,8.0,MSI,15853.0,1003.0,9.671177113397102,10600.0,256.0,2048.0,1968.0,2589.0,160.0,15853.0,99.08125,2021.0,5.0,RDNA 2.0,6600.0,RX,4,0,Radeon RX 6600 XT,Radeon RX 6600 XT
87000.0,11.37366339763672,Radeon RX 6600 XT,8.0,MSI,15853.0,1003.0,9.671177113397102,10600.0,256.0,2048.0,1968.0,2589.0,160.0,15853.0,99.08125,2021.0,5.0,RDNA 2.0,6600.0,RX,4,0,Radeon RX 6600 XT,Radeon RX 6600 XT
87000.0,11.37366339763672,Radeon RX 6600 XT,8.0,PALIT,15853.0,1003.0,9.671177113397102,10600.0,256.0,2048.0,1968.0,2589.0,160.0,15853.0,99.08125,2021.0,5.0,RDNA 2.0,6600.0,RX,4,0,Radeon RX 6600 XT,Radeon RX 6600 XT
67500.0,11.119882876860622,Radeon RX 6600 XT,8.0,GIGABYTE,15853.0,1003.0,9.671177113397102,10600.0,256.0,2048.0,1968.0,2589.0,160.0,15853.0,99.08125,2021.0,5.0,RDNA 2.0,6600.0,RX,4,0,Radeon RX 6600 XT,Radeon RX 6600 XT
89000.0,11.396391648714276,Radeon RX 6600 XT,8.0,ZOTAC,15853.0,1003.0,9.671177113397102,10600.0,256.0,2048.0,1968.0,2589.0,160.0,15853.0,99.08125,2021.0,5.0,RDNA 2.0,6600.0,RX,4,0,Radeon RX 6600 XT,Radeon RX 6600 XT
87500.0,11.379394072345706,Radeon RX 6600 XT,8.0,GIGABYTE,15853.0,1003.0,9.671177113397102,10600.0,256.0,2048.0,1968.0,2589.0,160.0,15853.0,99.08125,2021.0,5.0,RDNA 2.0,6600.0,RX,4,0,Radeon RX 6600 XT,Radeon RX 6600 XT
66500.0,11.104957226643945,Radeon RX 6600 XT,8.0,GALAX,15853.0,1003.0,9.671177113397102,10600.0,256.0,2048.0,1968.0,2589.0,160.0,15853.0,99.08125,2021.0,5.0,RDNA 2.0,6600.0,RX,4,0,Radeon RX 6600 XT,Radeon RX 6600 XT
68500.0,11.134589024250317,Radeon RX 6600 XT,8.0,GIGABYTE,15853.0,1003.0,9.671177113397102,10600.0,256.0,2048.0,1968.0,2589.0,160.0,15853.0,99.08125,2021.0,5.0,RDNA 2.0,6600.0,RX,4,0,Radeon RX 6600 XT,Radeon RX 6600 XT
70000.0,11.156250521031495,Radeon RX 6600 XT,8.0,ASUS,15853.0,1003.0,9.671177113397102,10600.0,256.0,2048.0,1968.0,2589.0,160.0,15853.0,99.08125,2021.0,5.0,RDNA 2.0,6600.0,RX,4,0,Radeon RX 6600 XT,Radeon RX 6600 XT
66000.0,11.097410021008562,Radeon RX 6600 XT,8.0,ZOTAC,15853.0,1003.0,9.671177113397102,10600.0,256.0,2048.0,1968.0,2589.0,160.0,15853.0,99.08125,2021.0,5.0,RDNA 2.0,6600.0,RX,4,0,Radeon RX 6600 XT,Radeon RX 6600 XT
84500.0,11.344506813345266,Radeon RX 6600 XT,8.0,GIGABYTE,15853.0,1003.0,9.671177113397102,10600.0,256.0,2048.0,1968.0,2589.0,160.0,15853.0,99.08125,2021.0,5.0,RDNA 2.0,6600.0,RX,4,0,Radeon RX 6600 XT,Radeon RX 6600 XT
67000.0,11.112447898373103,Radeon RX 6600 XT,8.0,MSI,15853.0,1003.0,9.671177113397102,10600.0,256.0,2048.0,1968.0,2589.0,160.0,15853.0,99.08125,2021.0,5.0,RDNA 2.0,6600.0,RX,4,0,Radeon RX 6600 XT,Radeon RX 6600 XT
71500.0,11.177452728682098,Radeon RX 6600 XT,8.0,GIGABYTE,15853.0,1003.0,9.671177113397102,10600.0,256.0,2048.0,1968.0,2589.0,160.0,15853.0,99.08125,2021.0,5.0,RDNA 2.0,6600.0,RX,4,0,Radeon RX 6600 XT,Radeon RX 6600 XT
71500.0,11.177452728682098,Radeon RX 6600 XT,8.0,ZOTAC,15853.0,1003.0,9.671177113397102,10600.0,256.0,2048.0,1968.0,2589.0,160.0,15853.0,99.08125,2021.0,5.0,RDNA 2.0,6600.0,RX,4,0,Radeon RX 6600 XT,Radeon RX 6600 XT
74500.0,11.218554404367652,Radeon RX 6600 XT,8.0,GIGABYTE,15853.0,1003.0,9.671177113397102,10600.0,256.0,2048.0,1968.0,2589.0,160.0,15853.0,99.08125,2021.0,5.0,RDNA 2.0,6600.0,RX,4,0,Radeon RX 6600 XT,Radeon RX 6600 XT
85500.0,11.356271654924852,Radeon RX 6600 XT,8.0,MSI,15853.0,1003.0,9.671177113397102,10600.0,256.0,2048.0,1968.0,2589.0,160.0,15853.0,99.08125,2021.0,5.0,RDNA 2.0,6600.0,RX,4,0,Radeon RX 6600 XT,Radeon RX 6600 XT
82000.0,11.314474526246391,Radeon RX 6600 XT,8.0,GALAX,15853.0,1003.0,9.671177113397102,10600.0,256.0,2048.0,1968.0,2589.0,160.0,15853.0,99.08125,2021.0,5.0,RDNA 2.0,6600.0,RX,4,0,Radeon RX 6600 XT,Radeon RX 6600 XT
69000.0,11.141861783579396,Radeon RX 6600 XT,8.0,GALAX,15853.0,1003.0,9.671177113397102,10600.0,256.0,2048.0,1968.0,2589.0,160.0,15853.0,99.08125,2021.0,5.0,RDNA 2.0,6600.0,RX,4,0,Radeon RX 6600 XT,Radeon RX 6600 XT
71000.0,11.170435156023453,Radeon RX 6600 XT,8.0,ASUS,15853.0,1003.0,9.671177113397102,10600.0,256.0,2048.0,1968.0,2589.0,160.0,15853.0,99.08125,2021.0,5.0,RDNA 2.0,6600.0,RX,4,0,Radeon RX 6600 XT,Radeon RX 6600 XT
75500.0,11.231887935237117,Radeon RX 6600 XT,8.0,ASUS,15853.0,1003.0,9.671177113397102,10600.0,256.0,2048.0,1968.0,2589.0,160.0,15853.0,99.08125,2021.0,5.0,RDNA 2.0,6600.0,RX,4,0,Radeon RX 6600 XT,Radeon RX 6600 XT
82000.0,11.314474526246391,Radeon RX 6600 XT,8.0,GIGABYTE,15853.0,1003.0,9.671177113397102,10600.0,256.0,2048.0,1968.0,2589.0,160.0,15853.0,99.08125,2021.0,5.0,RDNA 2.0,6600.0,RX,4,0,Radeon RX 6600 XT,Radeon RX 6600 XT
79000.0,11.27720313144916,Radeon RX 6600 XT,8.0,POWERCOLOR,15853.0,1003.0,9.671177113397102,10600.0,256.0,2048.0,1968.0,2589.0,160.0,15853.0,99.08125,2021.0,5.0,RDNA 2.0,6600.0,RX,4,0,Radeon RX 6600 XT,Radeon RX 6600 XT
75000.0,11.225243392518447,Radeon RX 6600 XT,8.0,ASUS,15853.0,1003.0,9.671177113397102,10600.0,256.0,2048.0,1968.0,2589.0,160.0,15853.0,99.08125,2021.0,5.0,RDNA 2.0,6600.0,RX,4,0,Radeon RX 6600 XT,Radeon RX 6600 XT
80000.0,11.289781913656018,Radeon RX 6600 XT,8.0,ASROCK,15853.0,1003.0,9.671177113397102,10600.0,256.0,2048.0,1968.0,2589.0,160.0,15853.0,99.08125,2021.0,5.0,RDNA 2.0,6600.0,RX,4,0,Radeon RX 6600 XT,Radeon RX 6600 XT
75500.0,11.231887935237117,Radeon RX 6600 XT,8.0,AMD,15853.0,1003.0,9.671177113397102,10600.0,256.0,2048.0,1968.0,2589.0,160.0,15853.0,99.08125,2021.0,5.0,RDNA 2.0,6600.0,RX,4,0,Radeon RX 6600 XT,Radeon RX 6600 XT
82000.0,11.314474526246391,Radeon RX 6600 XT,8.0,ASUS,15853.0,1003.0,9.671177113397102,10600.0,256.0,2048.0,1968.0,2589.0,160.0,15853.0,99.08125,2021.0,5.0,RDNA 2.0,6600.0,RX,4,0,Radeon RX 6600 XT,Radeon RX 6600 XT
85000.0,11.350406535472453,Radeon RX 6600 XT,8.0,ASROCK,15853.0,1003.0,9.671177113397102,10600.0,256.0,2048.0,1968.0,2589.0,160.0,15853.0,99.08125,2021.0,5.0,RDNA 2.0,6600.0,RX,4,0,Radeon RX 6600 XT,Radeon RX 6600 XT
82500.0,11.320553572322773,Radeon RX 6650 XT,8.0,ASROCK,15853.0,1003.0,9.671177113397102,10790.0,280.3,2048.0,2055.0,2635.0,176.0,15853.0,90.07386363636364,2022.0,4.0,RDNA 2.0,6650.0,RX,4,0,Radeon RX 6600 XT,Radeon RX 6650 XT
85000.0,11.350406535472453,Radeon RX 6650 XT,8.0,MSI,15853.0,1003.0,9.671177113397102,10790.0,280.3,2048.0,2055.0,2635.0,176.0,15853.0,90.07386363636364,2022.0,4.0,RDNA 2.0,6650.0,RX,4,0,Radeon RX 6600 XT,Radeon RX 6650 XT
88000.0,11.385092093460344,Radeon RX 6650 XT,8.0,MSI,15853.0,1003.0,9.671177113397102,10790.0,280.3,2048.0,2055.0,2635.0,176.0,15853.0,90.07386363636364,2022.0,4.0,RDNA 2.0,6650.0,RX,4,0,Radeon RX 6600 XT,Radeon RX 6650 XT
25000.0,10.126631103850338,Radeon RX 6800,16.0,AMD,20667.0,1030.0,9.936341889407075,16170.000000000002,512.0,3840.0,1700.0,2105.0,250.0,20667.0,82.668,2020.0,6.0,RDNA 2.0,6800.0,RX,4,0,Radeon RX 6800,Radeon RX 6800
90000.0,11.407564949312402,Radeon RX 7600,8.0,ASUS,20667.0,1030.0,9.936341889407075,21750.0,288.0,2048.0,1720.0,2655.0,165.0,20667.0,125.25454545454545,2023.0,3.0,RDNA 3.0,7600.0,RX,5,0,Radeon RX 6800,Radeon RX 7600
95000.0,11.461632170582678,Radeon RX 7600,8.0,ASROCK,20667.0,1030.0,9.936341889407075,21750.0,288.0,2048.0,1720.0,2655.0,165.0,20667.0,125.25454545454545,2023.0,3.0,RDNA 3.0,7600.0,RX,5,0,Radeon RX 6800,Radeon RX 7600
95000.0,11.461632170582678,Radeon RX 7600,8.0,GIGABYTE,20667.0,1030.0,9.936341889407075,21750.0,288.0,2048.0,1720.0,2655.0,165.0,20667.0,125.25454545454545,2023.0,3.0,RDNA 3.0,7600.0,RX,5,0,Radeon RX 6800,Radeon RX 7600
150000.0,11.918390573078392,Radeon RX 7800 XT,16.0,AMD,23364.0,1078.0,10.058994455134526,37320.0,624.1,3840.0,1295.0,2430.0,263.0,23364.0,88.83650190114068,2023.0,3.0,RDNA 3.0,7800.0,RX,5,0,Radeon RX 6800 XT,Radeon RX 7800 XT
145000.0,11.884489021402711,Radeon RX 9060,8.0,AMD,9665.0,810.0,9.17636985240503,21430.0,322.3,1792.0,1700.0,2990.0,132.0,9665.0,73.21969696969697,2025.0,1.0,RDNA 4.0,9060.0,RX,3,0,Radeon RX 590,Radeon RX 9060
165000.0,12.013700752882718,Radeon RX 9060 XT,16.0,ASUS,25458.0,1102.0,10.144824594042303,23040.0,512.0,5120.0,1825.0,2250.0,300.0,25458.0,84.86,2020.0,6.0,RDNA 2.0,9060.0,RX,3,0,Radeon RX 6900 XT,Radeon RX 6900 XT
142000.0,11.863582336583399,Radeon RX 9060 XT,8.0,ASUS,25458.0,1102.0,10.144824594042303,23040.0,512.0,5120.0,1825.0,2250.0,300.0,25458.0,84.86,2020.0,6.0,RDNA 2.0,9060.0,RX,3,0,Radeon RX 6900 XT,Radeon RX 6900 XT
180000.0,12.100712129872347,Radeon RX 9060 XT,8.0,GIGABYTE,25458.0,1102.0,10.144824594042303,23040.0,512.0,5120.0,1825.0,2250.0,300.0,25458.0,84.86,2020.0,6.0,RDNA 2.0,9060.0,RX,3,0,Radeon RX 6900 XT,Radeon RX 6900 XT
250000.0,12.429216196844383,Radeon RX 9070 XT,16.0,GIGABYTE,25458.0,1102.0,10.144824594042303,48660.0,644.6,4096.0,1660.0,2970.0,304.0,25458.0,83.74342105263158,2025.0,1.0,RDNA 4.0,9070.0,RX,3,0,Radeon RX 6900 XT,Radeon RX 9070 XT
