phone_type,brand,model,storage_gb,category_key,sample_count,confidence,observed_median_lkr,observed_q1_lkr,observed_q3_lkr,observed_min_lkr,observed_max_lkr,model_used,model_mae_lkr,fair_price_lkr,fair_price_range_low_lkr,fair_price_range_high_lkr
android,Ag-Tel,B1,,Ag-Tel B1 | ?GB,1,very_low,1500.0,1500.0,1500.0,1500.0,1500.0,Random Forest,7278.46,10914.38,3635.92,18192.83
android,Ag-Tel,B1,64.0,Ag-Tel B1 | 64GB,1,very_low,14500.0,14500.0,14500.0,14500.0,14500.0,Random Forest,7278.46,9772.35,2493.89,17050.8
android,Alcatel,A3 XL,128.0,Alcatel A3 XL | 128GB,1,very_low,25000.0,25000.0,25000.0,25000.0,25000.0,Random Forest,7278.46,22107.63,14829.17,29386.08
android,Alcatel,A7,64.0,Alcatel A7 | 64GB,1,very_low,42000.0,42000.0,42000.0,42000.0,42000.0,Random Forest,7278.46,22198.4,14919.95,29476.86
android,Alcatel,Other model,,Alcatel Other model | ?GB,1,very_low,3000.0,3000.0,3000.0,3000.0,3000.0,Random Forest,7278.46,11650.79,4372.33,18929.25
android,Alcatel,Other model,64.0,Alcatel Other model | 64GB,3,low,14500.0,14250.0,15250.0,14000.0,16000.0,Random Forest,7278.46,22557.71,15279.26,29836.17
android,Asus,ROG,,Asus ROG | ?GB,1,very_low,25000.0,25000.0,25000.0,25000.0,25000.0,Random Forest,7278.46,24360.7,17082.25,31639.16
android,Asus,ROG,512.0,Asus ROG | 512GB,1,very_low,68000.0,68000.0,68000.0,68000.0,68000.0,Random Forest,7278.46,70195.01,62916.56,77473.47
android,Asus,ROG 5S,256.0,Asus ROG 5S | 256GB,1,very_low,85000.0,85000.0,85000.0,85000.0,85000.0,Random Forest,7278.46,83152.02,75873.56,90430.48
android,Black View,Color 8,128.0,Black View Color 8 | 128GB,1,very_low,22000.0,22000.0,22000.0,22000.0,22000.0,Random Forest,7278.46,23152.98,15874.52,30431.43
android,Black View,Other model,64.0,Black View Other model | 64GB,1,very_low,19990.0,19990.0,19990.0,19990.0,19990.0,Random Forest,7278.46,28973.52,21695.06,36251.97
android,Black View,Other model,128.0,Black View Other model | 128GB,5,low,25000.0,22500.0,50000.0,20000.0,50000.0,Random Forest,7278.46,32716.95,25438.5,39995.41
android,Black View,Other model,256.0,Black View Other model | 256GB,3,low,34000.0,30495.0,34495.0,26990.0,34990.0,Random Forest,7278.46,50076.83,42798.37,57355.28
android,Black View,Shark 9,256.0,Black View Shark 9 | 256GB,1,very_low,34990.0,34990.0,34990.0,34990.0,34990.0,Random Forest,7278.46,38637.96,31359.51,45916.42
android,Black View,Wave 8,128.0,Black View Wave 8 | 128GB,3,low,22990.0,20995.0,23745.0,19000.0,24500.0,Random Forest,7278.46,22631.92,15353.47,29910.38
android,Black View,Wave 8C,,Black View Wave 8C | ?GB,2,very_low,26749.5,25124.75,28374.25,23500.0,29999.0,Random Forest,7278.46,15294.82,8016.37,22573.28
android,Black View,Wave 8C,64.0,Black View Wave 8C | 64GB,6,low,18000.0,15250.0,23750.0,13000.0,29500.0,Random Forest,7278.46,20707.37,13428.91,27985.83
android,Blackberry,Bold,,Blackberry Bold | ?GB,1,very_low,15000.0,15000.0,15000.0,15000.0,15000.0,Random Forest,7278.46,11211.53,3933.08,18489.99
android,Blackberry,Curve,,Blackberry Curve | ?GB,1,very_low,6500.0,6500.0,6500.0,6500.0,6500.0,Random Forest,7278.46,9012.94,1734.49,16291.4
android,Blackberry,Q10,,Blackberry Q10 | ?GB,1,very_low,11499.0,11499.0,11499.0,11499.0,11499.0,Random Forest,7278.46,9546.62,2268.16,16825.07
android,Blackberry,Q5,,Blackberry Q5 | ?GB,1,very_low,6500.0,6500.0,6500.0,6500.0,6500.0,Random Forest,7278.46,9012.94,1734.49,16291.4
android,Blackberry,Touch,,Blackberry Touch | ?GB,1,very_low,10000.0,10000.0,10000.0,10000.0,10000.0,Random Forest,7278.46,11766.35,4487.89,19044.8
android,China Mobile,Mini 5130,64.0,China Mobile Mini 5130 | 64GB,1,very_low,13000.0,13000.0,13000.0,13000.0,13000.0,Random Forest,7278.46,14558.85,7280.4,21837.31
android,China Mobile,Other model,,China Mobile Other model | ?GB,2,very_low,8000.0,4500.0,11500.0,1000.0,15000.0,Random Forest,7278.46,10639.31,3360.86,17917.77
android,China Mobile,Other model,64.0,China Mobile Other model | 64GB,2,very_low,20000.0,17500.0,22500.0,15000.0,25000.0,Random Forest,7278.46,15306.8,8028.35,22585.26
android,China Mobile,Other model,128.0,China Mobile Other model | 128GB,1,very_low,19000.0,19000.0,19000.0,19000.0,19000.0,Random Forest,7278.46,13636.46,6358.0,20914.92
android,Dialog,Other model,64.0,Dialog Other model | 64GB,1,very_low,19500.0,19500.0,19500.0,19500.0,19500.0,Random Forest,7278.46,15666.51,8388.05,22944.96
android,Dialog,Other model,128.0,Dialog Other model | 128GB,5,low,26000.0,20000.0,35000.0,18000.0,40000.0,Random Forest,7278.46,24328.75,17050.29,31607.2
android,Digno,Other model,32.0,Digno Other model | 32GB,2,very_low,9245.0,6872.5,11617.5,4500.0,13990.0,Random Forest,7278.46,12819.53,5541.07,20097.99
android,E-Tel,N2,64.0,E-Tel N2 | 64GB,1,very_low,10000.0,10000.0,10000.0,10000.0,10000.0,Random Forest,7278.46,11587.06,4308.6,18865.51
android,E-Tel,Other model,,E-Tel Other model | ?GB,3,low,2000.0,1900.0,3250.0,1800.0,4500.0,Random Forest,7278.46,10426.02,3147.57,17704.48
android,E-Tel,Other model,128.0,E-Tel Other model | 128GB,1,very_low,35000.0,35000.0,35000.0,35000.0,35000.0,Random Forest,7278.46,12321.12,5042.67,19599.58
android,E-Tel,T12,32.0,E-Tel T12 | 32GB,1,very_low,16000.0,16000.0,16000.0,16000.0,16000.0,Random Forest,7278.46,12425.49,5147.03,19703.94
android,Fujitsu,Arrows NX F-01J,,Fujitsu Arrows NX F-01J | ?GB,1,very_low,6000.0,6000.0,6000.0,6000.0,6000.0,Random Forest,7278.46,8896.85,1618.4,16175.31
android,Google,Other model,128.0,Google Other model | 128GB,1,very_low,33000.0,33000.0,33000.0,33000.0,33000.0,Random Forest,7278.46,26986.35,19707.9,34264.81
android,Google,Pixel,128.0,Google Pixel | 128GB,1,very_low,44000.0,44000.0,44000.0,44000.0,44000.0,Random Forest,7278.46,35550.76,28272.31,42829.22
android,Google,Pixel 3,,Google Pixel 3 | ?GB,1,very_low,27000.0,27000.0,27000.0,27000.0,27000.0,Random Forest,7278.46,19325.27,12046.82,26603.73
android,Google,Pixel 3,64.0,Google Pixel 3 | 64GB,4,low,19995.0,10875.0,30992.5,7500.0,40000.0,Random Forest,7278.46,26777.89,19499.44,34056.35
android,Google,Pixel 3 XL,64.0,Google Pixel 3 XL | 64GB,1,very_low,28990.0,28990.0,28990.0,28990.0,28990.0,Random Forest,7278.46,25428.13,18149.67,32706.58
android,Google,Pixel 3a,64.0,Google Pixel 3a | 64GB,6,low,19000.0,16375.0,22000.0,10000.0,35000.0,Random Forest,7278.46,27052.06,19773.61,34330.52
android,Google,Pixel 3a,128.0,Google Pixel 3a | 128GB,1,very_low,32500.0,32500.0,32500.0,32500.0,32500.0,Random Forest,7278.46,29342.09,22063.63,36620.54
android,Google,Pixel 3a XL,64.0,Google Pixel 3a XL | 64GB,1,very_low,29950.0,29950.0,29950.0,29950.0,29950.0,Random Forest,7278.46,28016.9,20738.44,35295.36
android,Google,Pixel 4,64.0,Google Pixel 4 | 64GB,7,low,27500.0,22000.0,42500.0,12000.0,50000.0,Random Forest,7278.46,25892.79,18614.33,33171.24
android,Google,Pixel 4,128.0,Google Pixel 4 | 128GB,2,very_low,35500.0,33250.0,37750.0,31000.0,40000.0,Random Forest,7278.46,36256.76,28978.3,43535.21
android,Google,Pixel 4 XL,64.0,Google Pixel 4 XL | 64GB,2,very_low,24750.0,22375.0,27125.0,20000.0,29500.0,Random Forest,7278.46,27297.89,20019.44,34576.35
android,Google,Pixel 4 XL,128.0,Google Pixel 4 XL | 128GB,2,very_low,9000.0,7750.0,10250.0,6500.0,11500.0,Random Forest,7278.46,28572.27,21293.81,35850.73
android,Google,Pixel 4a,,Google Pixel 4a | ?GB,2,very_low,22500.0,16250.0,28750.0,10000.0,35000.0,Random Forest,7278.46,20742.4,13463.95,28020.86
android,Google,Pixel 4a,128.0,Google Pixel 4a | 128GB,8,medium,33500.0,32000.0,43500.0,28990.0,60000.0,Random Forest,7278.46,36844.92,29566.46,44123.38
android,Google,Pixel 5,,Google Pixel 5 | ?GB,1,very_low,40000.0,40000.0,40000.0,40000.0,40000.0,Random Forest,7278.46,18661.33,11382.87,25939.78
android,Google,Pixel 5,128.0,Google Pixel 5 | 128GB,24,high,36750.0,27500.0,40249.25,10000.0,48000.0,Random Forest,7278.46,35999.21,28720.75,43277.66
android,Google,Pixel 5a,128.0,Google Pixel 5a | 128GB,8,medium,38495.0,31250.0,38998.25,14000.0,39000.0,Random Forest,7278.46,33591.55,26313.09,40870.0
android,Google,Pixel 6,,Google Pixel 6 | ?GB,1,very_low,32500.0,32500.0,32500.0,32500.0,32500.0,Random Forest,7278.46,33185.68,25907.23,40464.14
android,Google,Pixel 6,128.0,Google Pixel 6 | 128GB,34,high,53500.0,42625.0,60000.0,22000.0,70000.0,Random Forest,7278.46,50716.09,43437.64,57994.55
android,Google,Pixel 6,256.0,Google Pixel 6 | 256GB,9,medium,57900.0,54990.0,59990.0,25000.0,68500.0,Random Forest,7278.46,58180.93,50902.47,65459.38
android,Google,Pixel 6 Pro,128.0,Google Pixel 6 Pro | 128GB,24,high,69999.5,54497.5,79991.25,25500.0,90000.0,Random Forest,7278.46,65874.55,58596.09,73153.0
android,Google,Pixel 6 Pro,256.0,Google Pixel 6 Pro | 256GB,7,low,79900.0,73990.5,82445.0,60000.0,84990.0,Random Forest,7278.46,82158.75,74880.29,89437.2
android,Google,Pixel 6a,,Google Pixel 6a | ?GB,1,very_low,45000.0,45000.0,45000.0,45000.0,45000.0,Random Forest,7278.46,34373.55,27095.09,41652.0
android,Google,Pixel 6a,128.0,Google Pixel 6a | 128GB,33,high,48999.0,45000.0,54995.0,16000.0,58000.0,Random Forest,7278.46,47001.36,39722.91,54279.82
android,Google,Pixel 6a,256.0,Google Pixel 6a | 256GB,1,very_low,50000.0,50000.0,50000.0,50000.0,50000.0,Random Forest,7278.46,49892.98,42614.52,57171.43
android,Google,Pixel 7,,Google Pixel 7 | ?GB,1,very_low,64000.0,64000.0,64000.0,64000.0,64000.0,Random Forest,7278.46,65752.44,58473.99,73030.9
android,Google,Pixel 7,128.0,Google Pixel 7 | 128GB,45,high,67500.0,62000.0,71995.0,45000.0,85000.0,Random Forest,7278.46,67270.05,59991.59,74548.5
android,Google,Pixel 7,256.0,Google Pixel 7 | 256GB,16,medium,75044.5,69747.5,78990.0,64990.0,83990.0,Random Forest,7278.46,75732.45,68453.99,83010.9
android,Google,Pixel 7 Pro,64.0,Google Pixel 7 Pro | 64GB,1,very_low,89900.0,89900.0,89900.0,89900.0,89900.0,Random Forest,7278.46,80712.11,73433.66,87990.57
android,Google,Pixel 7 Pro,128.0,Google Pixel 7 Pro | 128GB,42,high,81000.0,72125.0,89900.0,40000.0,115000.0,Random Forest,7278.46,75358.93,68080.47,82637.38
android,Google,Pixel 7 Pro,256.0,Google Pixel 7 Pro | 256GB,12,medium,83995.0,66250.0,89247.5,25800.0,100000.0,Random Forest,7278.46,72543.97,65265.51,79822.42
android,Google,Pixel 7 Pro,512.0,Google Pixel 7 Pro | 512GB,2,very_low,93500.0,92750.0,94250.0,92000.0,95000.0,Random Forest,7278.46,75953.92,68675.47,83232.38
android,Google,Pixel 7a,128.0,Google Pixel 7a | 128GB,45,high,63990.0,59900.0,66000.0,48000.0,75500.0,Random Forest,7278.46,63518.22,56239.77,70796.68
android,Google,Pixel 8,,Google Pixel 8 | ?GB,1,very_low,70000.0,70000.0,70000.0,70000.0,70000.0,Random Forest,7278.46,84613.72,77335.26,91892.18
android,Google,Pixel 8,128.0,Google Pixel 8 | 128GB,47,high,88000.0,81925.0,92995.0,50000.0,110000.0,Random Forest,7278.46,86264.5,78986.05,93542.96
android,Google,Pixel 8,256.0,Google Pixel 8 | 256GB,6,low,99495.0,96372.5,106742.5,93990.0,108990.0,Random Forest,7278.46,91296.24,84017.79,98574.7
android,Google,Pixel 8 Pro,128.0,Google Pixel 8 Pro | 128GB,30,high,116500.0,112497.5,119000.0,79990.0,130000.0,Random Forest,7278.46,109462.97,102184.51,116741.43
android,Google,Pixel 8 Pro,256.0,Google Pixel 8 Pro | 256GB,13,medium,117000.0,111000.0,120000.0,89990.0,128000.0,Random Forest,7278.46,114185.27,106906.82,121463.73
android,Google,Pixel 8a,128.0,Google Pixel 8a | 128GB,31,high,85000.0,80500.0,86999.5,75900.0,95000.0,Random Forest,7278.46,84416.32,77137.87,91694.78
android,Google,Pixel 8a,256.0,Google Pixel 8a | 256GB,1,very_low,83000.0,83000.0,83000.0,83000.0,83000.0,Random Forest,7278.46,85910.95,78632.5,93189.41
android,Google,Pixel 9,128.0,Google Pixel 9 | 128GB,7,low,99990.0,98950.0,127245.0,75000.0,129990.0,Random Forest,7278.46,103322.2,96043.75,110600.66
android,Google,Pixel 9 Pro XL,128.0,Google Pixel 9 Pro XL | 128GB,1,very_low,85000.0,85000.0,85000.0,85000.0,85000.0,Random Forest,7278.46,93616.37,86337.92,100894.83
android,Google,Pixel 9 Pro XL,256.0,Google Pixel 9 Pro XL | 256GB,1,very_low,115000.0,115000.0,115000.0,115000.0,115000.0,Random Forest,7278.46,94038.42,86759.97,101316.88
android,Google,Pixel 9a,128.0,Google Pixel 9a | 128GB,12,medium,110000.0,101367.5,111996.25,85000.0,116000.0,Random Forest,7278.46,103448.57,96170.11,110727.02
android,Greentel,Other model,,Greentel Other model | ?GB,1,very_low,3000.0,3000.0,3000.0,3000.0,3000.0,Random Forest,7278.46,10548.6,3270.14,17827.06
android,HTC,Desire,32.0,HTC Desire | 32GB,1,very_low,6000.0,6000.0,6000.0,6000.0,6000.0,Random Forest,7278.46,8765.69,1487.24,16044.15
android,HTC,One M9,32.0,HTC One M9 | 32GB,1,very_low,5500.0,5500.0,5500.0,5500.0,5500.0,Random Forest,7278.46,8425.11,1146.66,15703.57
android,Hmd,Crest Max,,Hmd Crest Max | ?GB,1,very_low,50000.0,50000.0,50000.0,50000.0,50000.0,Random Forest,7278.46,13613.58,6335.12,20892.04
android,Hmd,Crest Max,128.0,Hmd Crest Max | 128GB,3,low,33000.0,28000.0,34000.0,23000.0,35000.0,Random Forest,7278.46,35538.71,28260.25,42817.16
android,Hmd,Fusion,256.0,Hmd Fusion | 256GB,2,very_low,29000.0,24500.0,33500.0,20000.0,38000.0,Random Forest,7278.46,29043.85,21765.39,36322.31
android,Hmd,Other model,64.0,Hmd Other model | 64GB,1,very_low,24000.0,24000.0,24000.0,24000.0,24000.0,Random Forest,7278.46,20214.09,12935.64,27492.55
android,Hmd,Other model,128.0,Hmd Other model | 128GB,4,low,25500.0,22875.0,30750.0,16500.0,45000.0,Random Forest,7278.46,31215.01,23936.55,38493.46
android,Hmd,Other model,256.0,Hmd Other model | 256GB,1,very_low,60000.0,60000.0,60000.0,60000.0,60000.0,Random Forest,7278.46,47913.87,40635.41,55192.32
android,Honor,400,256.0,Honor 400 | 256GB,12,medium,82500.0,78750.0,101250.0,62490.0,115000.0,Random Forest,7278.46,82389.65,75111.19,89668.11
android,Honor,400 Pro,256.0,Honor 400 Pro | 256GB,1,very_low,76000.0,76000.0,76000.0,76000.0,76000.0,Random Forest,7278.46,85379.54,78101.09,92658.0
android,Honor,400 Pro,512.0,Honor 400 Pro | 512GB,1,very_low,130000.0,130000.0,130000.0,130000.0,130000.0,Random Forest,7278.46,86514.19,79235.73,93792.65
android,Honor,8x,512.0,Honor 8x | 512GB,2,very_low,67500.0,66250.0,68750.0,65000.0,70000.0,Random Forest,7278.46,68761.93,61483.48,76040.39
android,Honor,Other model,,Honor Other model | ?GB,2,very_low,87500.0,76250.0,98750.0,65000.0,110000.0,Random Forest,7278.46,35608.37,28329.91,42886.82
android,Honor,Other model,64.0,Honor Other model | 64GB,3,low,28000.0,14007.5,29750.0,15.0,31500.0,Random Forest,7278.46,22946.65,15668.19,30225.1
android,Honor,Other model,128.0,Honor Other model | 128GB,14,medium,35999.5,27375.0,47500.0,21100.0,63000.0,Random Forest,7278.46,32519.71,25241.26,39798.17
android,Honor,Other model,256.0,Honor Other model | 256GB,52,high,61998.5,54999.75,69244.25,25499.0,125000.0,Random Forest,7278.46,71437.17,64158.71,78715.62
android,Honor,Other model,512.0,Honor Other model | 512GB,11,medium,73000.0,62450.0,80000.0,42000.0,82000.0,Random Forest,7278.46,75506.35,68227.9,82784.81
android,Honor,X5,32.0,Honor X5 | 32GB,2,very_low,12250.0,11125.0,13375.0,10000.0,14500.0,Random Forest,7278.46,16129.12,8850.66,23407.57
android,Honor,X5,64.0,Honor X5 | 64GB,2,very_low,26000.0,25500.0,26500.0,25000.0,27000.0,Random Forest,7278.46,18782.81,11504.35,26061.26
android,Honor,X5 Plus,64.0,Honor X5 Plus | 64GB,14,medium,23000.0,22125.0,25742.5,18000.0,27000.0,Random Forest,7278.46,23047.51,15769.06,30325.97
android,Honor,X5 Plus,128.0,Honor X5 Plus | 128GB,10,medium,30500.0,25375.0,37625.0,21000.0,54500.0,Random Forest,7278.46,27580.55,20302.1,34859.01
android,Honor,X5b,,Honor X5b | ?GB,1,very_low,29500.0,29500.0,29500.0,29500.0,29500.0,Random Forest,7278.46,20473.9,13195.44,27752.35
android,Honor,X5b,64.0,Honor X5b | 64GB,22,high,23500.0,19625.0,26625.0,13500.0,58999.0,Random Forest,7278.46,25614.37,18335.91,32892.82
android,Honor,X5b,128.0,Honor X5b | 128GB,5,low,24000.0,22500.0,24999.0,15000.0,24999.0,Random Forest,7278.46,29161.93,21883.47,36440.39
android,Honor,X6,64.0,Honor X6 | 64GB,1,very_low,13000.0,13000.0,13000.0,13000.0,13000.0,Random Forest,7278.46,21921.04,14642.58,29199.5
android,Honor,X6,128.0,Honor X6 | 128GB,4,low,27250.0,19125.0,37500.0,18000.0,45000.0,Random Forest,7278.46,29661.68,22383.22,36940.13
android,Honor,X6b,128.0,Honor X6b | 128GB,13,medium,28000.0,23000.0,33000.0,18000.0,38000.0,Random Forest,7278.46,27425.63,20147.17,34704.08
android,Honor,X6b,256.0,Honor X6b | 256GB,2,very_low,21750.0,21375.0,22125.0,21000.0,22500.0,Random Forest,7278.46,35289.39,28010.93,42567.85
android,Honor,X6c,128.0,Honor X6c | 128GB,37,high,33996.0,29000.0,37500.0,20000.0,48000.0,Random Forest,7278.46,33121.48,25843.02,40399.93
android,Honor,X6c,256.0,Honor X6c | 256GB,3,low,36990.0,33245.0,41495.0,29500.0,46000.0,Random Forest,7278.46,41702.28,34423.82,48980.74
android,Honor,X7a,128.0,Honor X7a | 128GB,6,low,29995.0,23997.5,33000.0,20000.0,38000.0,Random Forest,7278.46,27015.89,19737.43,34294.35
android,Honor,X7b,128.0,Honor X7b | 128GB,2,very_low,45000.0,38500.0,51500.0,32000.0,58000.0,Random Forest,7278.46,21454.72,14176.26,28733.18
android,Honor,X7b,256.0,Honor X7b | 256GB,18,medium,39250.0,36125.0,42000.0,17000.0,60000.0,Random Forest,7278.46,43082.43,35803.97,50360.89
android,Honor,X7c,256.0,Honor X7c | 256GB,20,high,39995.0,34475.0,42500.0,23500.0,50000.0,Random Forest,7278.46,41151.87,33873.42,48430.33
android,Honor,X9,256.0,Honor X9 | 256GB,5,low,98000.0,65990.0,98500.0,61995.0,130000.0,Random Forest,7278.46,83401.84,76123.38,90680.3
android,Honor,X9a,128.0,Honor X9a | 128GB,1,very_low,50000.0,50000.0,50000.0,50000.0,50000.0,Random Forest,7278.46,51302.97,44024.51,58581.43
android,Honor,X9a,256.0,Honor X9a | 256GB,4,low,56000.0,54997.5,57250.0,54990.0,58000.0,Random Forest,7278.46,60081.66,52803.2,67360.12
android,Honor,X9c,128.0,Honor X9c | 128GB,1,very_low,96000.0,96000.0,96000.0,96000.0,96000.0,Random Forest,7278.46,75959.95,68681.5,83238.41
android,Honor,X9c,256.0,Honor X9c | 256GB,11,medium,80000.0,72500.0,89500.0,60000.0,100000.0,Random Forest,7278.46,85272.13,77993.68,92550.59
android,Honor,X9c,512.0,Honor X9c | 512GB,1,very_low,75000.0,75000.0,75000.0,75000.0,75000.0,Random Forest,7278.46,83183.63,75905.17,90462.09
android,Hotwav,Note 13,,Hotwav Note 13 | ?GB,1,very_low,17500.0,17500.0,17500.0,17500.0,17500.0,Random Forest,7278.46,10639.33,3360.88,17917.79
android,Hotwav,Note 13,128.0,Hotwav Note 13 | 128GB,3,low,13500.0,11750.0,14250.0,10000.0,15000.0,Random Forest,7278.46,12594.8,5316.35,19873.26
android,Hotwav,Other Model,128.0,Hotwav Other Model | 128GB,3,low,24990.0,24490.0,26745.0,23990.0,28500.0,Random Forest,7278.46,28006.13,20727.67,35284.58
android,Hotwav,Other Model,256.0,Hotwav Other Model | 256GB,2,very_low,32995.0,26997.5,38992.5,21000.0,44990.0,Random Forest,7278.46,31933.18,24654.73,39211.64
android,Huawei,Ascend Y,,Huawei Ascend Y | ?GB,1,very_low,3000.0,3000.0,3000.0,3000.0,3000.0,Random Forest,7278.46,9474.55,2196.09,16753.01
android,Huawei,GR3,16.0,Huawei GR3 | 16GB,1,very_low,8500.0,8500.0,8500.0,8500.0,8500.0,Random Forest,7278.46,11192.1,3913.64,18470.56
android,Huawei,GR5,32.0,Huawei GR5 | 32GB,2,very_low,6500.0,4750.0,8250.0,3000.0,10000.0,Random Forest,7278.46,11689.18,4410.72,18967.63
android,Huawei,Honor,256.0,Huawei Honor | 256GB,1,very_low,72500.0,72500.0,72500.0,72500.0,72500.0,Random Forest,7278.46,81781.59,74503.13,89060.04
android,Huawei,Honor 10,128.0,Huawei Honor 10 | 128GB,1,very_low,17000.0,17000.0,17000.0,17000.0,17000.0,Random Forest,7278.46,15184.44,7905.98,22462.89
android,Huawei,Honor 6C,128.0,Huawei Honor 6C | 128GB,2,very_low,33000.0,32500.0,33500.0,32000.0,34000.0,Random Forest,7278.46,27215.53,19937.07,34493.99
android,Huawei,Mate 10,64.0,Huawei Mate 10 | 64GB,1,very_low,23000.0,23000.0,23000.0,23000.0,23000.0,Random Forest,7278.46,18730.86,11452.4,26009.31
android,Huawei,Mate 20 Pro,128.0,Huawei Mate 20 Pro | 128GB,1,very_low,38000.0,38000.0,38000.0,38000.0,38000.0,Random Forest,7278.46,19635.87,12357.41,26914.33
android,Huawei,Nova,128.0,Huawei Nova | 128GB,1,very_low,26500.0,26500.0,26500.0,26500.0,26500.0,Random Forest,7278.46,24002.07,16723.62,31280.53
android,Huawei,Nova,256.0,Huawei Nova | 256GB,1,very_low,52000.0,52000.0,52000.0,52000.0,52000.0,Random Forest,7278.46,29529.64,22251.18,36808.09
android,Huawei,Nova 11i,256.0,Huawei Nova 11i | 256GB,1,very_low,15500.0,15500.0,15500.0,15500.0,15500.0,Random Forest,7278.46,21699.27,14420.82,28977.73
android,Huawei,Nova 2 Lite,32.0,Huawei Nova 2 Lite | 32GB,2,very_low,6500.0,5500.0,7500.0,4500.0,8500.0,Random Forest,7278.46,10782.27,3503.81,18060.73
android,Huawei,Nova 2i,64.0,Huawei Nova 2i | 64GB,2,very_low,9250.0,9125.0,9375.0,9000.0,9500.0,Random Forest,7278.46,10634.63,3356.17,17913.08
android,Huawei,Nova 3i,128.0,Huawei Nova 3i | 128GB,6,low,13400.0,12250.0,14325.0,12000.0,25000.0,Random Forest,7278.46,19550.75,12272.29,26829.2
android,Huawei,Nova 5T,128.0,Huawei Nova 5T | 128GB,1,very_low,13000.0,13000.0,13000.0,13000.0,13000.0,Random Forest,7278.46,15361.92,8083.47,22640.38
android,Huawei,Nova 7 SE,128.0,Huawei Nova 7 SE | 128GB,5,low,30000.0,26000.0,33990.0,18000.0,34990.0,Random Forest,7278.46,28244.93,20966.47,35523.39
android,Huawei,Nova 7i,128.0,Huawei Nova 7i | 128GB,7,low,17000.0,16000.0,20750.0,14000.0,27000.0,Random Forest,7278.46,21359.7,14081.24,28638.15
android,Huawei,Nova 8i,128.0,Huawei Nova 8i | 128GB,1,very_low,26000.0,26000.0,26000.0,26000.0,26000.0,Random Forest,7278.46,27559.29,20280.84,34837.75
android,Huawei,Nova 9,128.0,Huawei Nova 9 | 128GB,1,very_low,25000.0,25000.0,25000.0,25000.0,25000.0,Random Forest,7278.46,26264.49,18986.04,33542.95
android,Huawei,Nova 9 SE,128.0,Huawei Nova 9 SE | 128GB,2,very_low,32000.0,25500.0,38500.0,19000.0,45000.0,Random Forest,7278.46,30586.14,23307.68,37864.6
android,Huawei,Nova Y61,64.0,Huawei Nova Y61 | 64GB,8,medium,20000.0,17992.5,21497.5,12990.0,25000.0,Random Forest,7278.46,18276.6,10998.15,25555.06
android,Huawei,Nova Y61,128.0,Huawei Nova Y61 | 128GB,1,very_low,25000.0,25000.0,25000.0,25000.0,25000.0,Random Forest,7278.46,19047.25,11768.8,26325.71
android,Huawei,Nova Y70,128.0,Huawei Nova Y70 | 128GB,9,medium,24500.0,22500.0,26000.0,22000.0,30000.0,Random Forest,7278.46,23485.02,16206.56,30763.47
android,Huawei,Nova Y70 Plus,128.0,Huawei Nova Y70 Plus | 128GB,1,very_low,24000.0,24000.0,24000.0,24000.0,24000.0,Random Forest,7278.46,23792.44,16513.98,31070.89
android,Huawei,Other model,32.0,Huawei Other model | 32GB,1,very_low,3000.0,3000.0,3000.0,3000.0,3000.0,Random Forest,7278.46,11444.72,4166.27,18723.18
android,Huawei,Other model,64.0,Huawei Other model | 64GB,3,low,16000.0,11000.0,20000.0,6000.0,24000.0,Random Forest,7278.46,16483.84,9205.39,23762.3
android,Huawei,Other model,128.0,Huawei Other model | 128GB,6,low,32499.5,22499.75,42500.0,13500.0,82000.0,Random Forest,7278.46,28973.43,21694.97,36251.88
android,Huawei,Other model,256.0,Huawei Other model | 256GB,2,very_low,32245.0,31117.5,33372.5,29990.0,34500.0,Random Forest,7278.46,49700.33,42421.88,56978.79
android,Huawei,P Smart,64.0,Huawei P Smart | 64GB,1,very_low,16000.0,16000.0,16000.0,16000.0,16000.0,Random Forest,7278.46,17697.17,10418.72,24975.63
android,Huawei,P Smart,128.0,Huawei P Smart | 128GB,1,very_low,12999.0,12999.0,12999.0,12999.0,12999.0,Random Forest,7278.46,16748.34,9469.88,24026.79
android,Huawei,P10,128.0,Huawei P10 | 128GB,1,very_low,10000.0,10000.0,10000.0,10000.0,10000.0,Random Forest,7278.46,17165.77,9887.31,24444.23
android,Huawei,P20,64.0,Huawei P20 | 64GB,1,very_low,15000.0,15000.0,15000.0,15000.0,15000.0,Random Forest,7278.46,15321.94,8043.49,22600.4
android,Huawei,P20,128.0,Huawei P20 | 128GB,3,low,12000.0,9250.0,12750.0,6500.0,13500.0,Random Forest,7278.46,13433.84,6155.39,20712.3
android,Huawei,P20 Pro,256.0,Huawei P20 Pro | 256GB,1,very_low,39000.0,39000.0,39000.0,39000.0,39000.0,Random Forest,7278.46,46258.65,38980.2,53537.11
android,Huawei,P30 Lite,128.0,Huawei P30 Lite | 128GB,5,low,17500.0,16000.0,21000.0,15500.0,24999.0,Random Forest,7278.46,14810.54,7532.09,22089.0
android,Huawei,P30 Pro,128.0,Huawei P30 Pro | 128GB,3,low,35000.0,34500.0,47500.0,34000.0,60000.0,Random Forest,7278.46,35519.38,28240.93,42797.84
android,Huawei,P40,256.0,Huawei P40 | 256GB,1,very_low,52000.0,52000.0,52000.0,52000.0,52000.0,Random Forest,7278.46,56408.21,49129.76,63686.67
android,Huawei,P40 Lite,64.0,Huawei P40 Lite | 64GB,1,very_low,13500.0,13500.0,13500.0,13500.0,13500.0,Random Forest,7278.46,17735.3,10456.84,25013.76
android,Huawei,P8 Lite,,Huawei P8 Lite | ?GB,1,very_low,8500.0,8500.0,8500.0,8500.0,8500.0,Random Forest,7278.46,11192.1,3913.64,18470.56
android,Huawei,P9,,Huawei P9 | ?GB,1,very_low,13500.0,13500.0,13500.0,13500.0,13500.0,Random Forest,7278.46,11617.78,4339.32,18896.23
android,Huawei,P9 Lite,,Huawei P9 Lite | ?GB,1,very_low,12500.0,12500.0,12500.0,12500.0,12500.0,Random Forest,7278.46,13237.01,5958.55,20515.47
android,Huawei,Y3,,Huawei Y3 | ?GB,5,low,4500.0,3000.0,4700.0,2200.0,8800.0,Random Forest,7278.46,10357.65,3079.19,17636.1
android,Huawei,Y3,32.0,Huawei Y3 | 32GB,1,very_low,8700.0,8700.0,8700.0,8700.0,8700.0,Random Forest,7278.46,10033.15,2754.69,17311.61
android,Huawei,Y5,16.0,Huawei Y5 | 16GB,1,very_low,18000.0,18000.0,18000.0,18000.0,18000.0,Random Forest,7278.46,11506.61,4228.15,18785.07
android,Huawei,Y5,32.0,Huawei Y5 | 32GB,6,low,8250.0,6875.0,10000.0,4500.0,12000.0,Random Forest,7278.46,11396.33,4117.87,18674.78
android,Huawei,Y5 Lite,,Huawei Y5 Lite | ?GB,2,very_low,7500.0,7250.0,7750.0,7000.0,8000.0,Random Forest,7278.46,11192.1,3913.64,18470.56
android,Huawei,Y5 Lite,16.0,Huawei Y5 Lite | 16GB,2,very_low,10650.0,9075.0,12225.0,7500.0,13800.0,Random Forest,7278.46,11192.1,3913.64,18470.56
android,Huawei,Y5 Lite,32.0,Huawei Y5 Lite | 32GB,3,low,8000.0,6500.0,8750.0,5000.0,9500.0,Random Forest,7278.46,10967.67,3689.21,18246.12
android,Huawei,Y5 Prime,16.0,Huawei Y5 Prime | 16GB,2,very_low,11250.0,9375.0,13125.0,7500.0,15000.0,Random Forest,7278.46,11801.46,4523.0,19079.91
android,Huawei,Y5 Prime,32.0,Huawei Y5 Prime | 32GB,1,very_low,8500.0,8500.0,8500.0,8500.0,8500.0,Random Forest,7278.46,11763.27,4484.82,19041.73
android,Huawei,Y5 Prime,64.0,Huawei Y5 Prime | 64GB,1,very_low,9990.0,9990.0,9990.0,9990.0,9990.0,Random Forest,7278.46,12199.26,4920.81,19477.72
android,Huawei,Y5p,64.0,Huawei Y5p | 64GB,1,very_low,13999.0,13999.0,13999.0,13999.0,13999.0,Random Forest,7278.46,19332.0,12053.55,26610.46
android,Huawei,Y5p,128.0,Huawei Y5p | 128GB,1,very_low,17000.0,17000.0,17000.0,17000.0,17000.0,Random Forest,7278.46,18948.1,11669.64,26226.55
android,Huawei,Y6,,Huawei Y6 | ?GB,1,very_low,2200.0,2200.0,2200.0,2200.0,2200.0,Random Forest,7278.46,9861.63,2583.17,17140.09
android,Huawei,Y6,32.0,Huawei Y6 | 32GB,1,very_low,10000.0,10000.0,10000.0,10000.0,10000.0,Random Forest,7278.46,9579.3,2300.85,16857.76
android,Huawei,Y6,64.0,Huawei Y6 | 64GB,1,very_low,15000.0,15000.0,15000.0,15000.0,15000.0,Random Forest,7278.46,9870.78,2592.32,17149.24
android,Huawei,Y6p,32.0,Huawei Y6p | 32GB,1,very_low,12000.0,12000.0,12000.0,12000.0,12000.0,Random Forest,7278.46,12975.71,5697.26,20254.17
android,Huawei,Y6p,64.0,Huawei Y6p | 64GB,15,medium,15500.0,14250.0,17500.0,11500.0,26000.0,Random Forest,7278.46,17329.48,10051.02,24607.93
android,Huawei,Y6s,64.0,Huawei Y6s | 64GB,2,very_low,9750.0,9625.0,9875.0,9500.0,10000.0,Random Forest,7278.46,11213.47,3935.02,18491.93
android,Huawei,Y7,,Huawei Y7 | ?GB,1,very_low,10000.0,10000.0,10000.0,10000.0,10000.0,Random Forest,7278.46,10887.94,3609.48,18166.4
android,Huawei,Y7,64.0,Huawei Y7 | 64GB,1,very_low,17000.0,17000.0,17000.0,17000.0,17000.0,Random Forest,7278.46,15305.82,8027.37,22584.28
android,Huawei,Y7 Pro,32.0,Huawei Y7 Pro | 32GB,3,low,12500.0,9250.0,13250.0,6000.0,14000.0,Random Forest,7278.46,13194.0,5915.54,20472.45
android,Huawei,Y7 Pro,64.0,Huawei Y7 Pro | 64GB,1,very_low,16000.0,16000.0,16000.0,16000.0,16000.0,Random Forest,7278.46,15868.84,8590.39,23147.3
android,Huawei,Y7 Pro,128.0,Huawei Y7 Pro | 128GB,1,very_low,15000.0,15000.0,15000.0,15000.0,15000.0,Random Forest,7278.46,16595.49,9317.03,23873.94
android,Huawei,Y7 Pro,256.0,Huawei Y7 Pro | 256GB,1,very_low,19000.0,19000.0,19000.0,19000.0,19000.0,Random Forest,7278.46,15567.4,8288.94,22845.85
android,Huawei,Y7a,64.0,Huawei Y7a | 64GB,2,very_low,13750.0,13125.0,14375.0,12500.0,15000.0,Random Forest,7278.46,16193.8,8915.34,23472.26
android,Huawei,Y7a,128.0,Huawei Y7a | 128GB,9,medium,18500.0,13000.0,20000.0,9000.0,22000.0,Random Forest,7278.46,15711.1,8432.64,22989.55
android,Huawei,Y7p,64.0,Huawei Y7p | 64GB,3,low,14000.0,13500.0,14750.0,13000.0,15500.0,Random Forest,7278.46,15892.39,8613.93,23170.84
android,Huawei,Y9,32.0,Huawei Y9 | 32GB,2,very_low,9700.0,8800.0,10600.0,7900.0,11500.0,Random Forest,7278.46,10949.41,3670.96,18227.87
android,Huawei,Y9,64.0,Huawei Y9 | 64GB,4,low,10250.0,9500.0,12375.0,8000.0,18000.0,Random Forest,7278.46,10700.66,3422.21,17979.12
android,Huawei,Y9 Prime,64.0,Huawei Y9 Prime | 64GB,1,very_low,13500.0,13500.0,13500.0,13500.0,13500.0,Random Forest,7278.46,16836.7,9558.24,24115.16
android,Huawei,Y9 Prime,128.0,Huawei Y9 Prime | 128GB,9,medium,17000.0,15000.0,18000.0,9000.0,24990.0,Random Forest,7278.46,17124.34,9845.89,24402.8
android,Huawei,Y9s,128.0,Huawei Y9s | 128GB,2,very_low,17750.0,15125.0,20375.0,12500.0,23000.0,Random Forest,7278.46,17115.53,9837.07,24393.99
android,Huawei,nova 10,256.0,Huawei nova 10 | 256GB,2,very_low,79999.0,79999.0,79999.0,79999.0,79999.0,Random Forest,7278.46,76565.87,69287.42,83844.33
android,Infinix,Hot 10,64.0,Infinix Hot 10 | 64GB,1,very_low,16000.0,16000.0,16000.0,16000.0,16000.0,Random Forest,7278.46,18816.26,11537.8,26094.71
android,Infinix,Hot 10 Play,,Infinix Hot 10 Play | ?GB,1,very_low,23500.0,23500.0,23500.0,23500.0,23500.0,Random Forest,7278.46,15312.19,8033.73,22590.65
android,Infinix,Hot 10 Play,64.0,Infinix Hot 10 Play | 64GB,1,very_low,15000.0,15000.0,15000.0,15000.0,15000.0,Random Forest,7278.46,20325.45,13046.99,27603.91
android,Infinix,Hot 11 Play,64.0,Infinix Hot 11 Play | 64GB,1,very_low,15000.0,15000.0,15000.0,15000.0,15000.0,Random Forest,7278.46,19981.14,12702.68,27259.59
android,Infinix,Hot 40i,128.0,Infinix Hot 40i | 128GB,7,low,30000.0,27250.0,31500.0,14000.0,34500.0,Random Forest,7278.46,28087.6,20809.14,35366.05
android,Infinix,Hot 40i,256.0,Infinix Hot 40i | 256GB,2,very_low,23000.0,22500.0,23500.0,22000.0,24000.0,Random Forest,7278.46,31667.46,24389.0,38945.92
android,Infinix,Hot 50i,,Infinix Hot 50i | ?GB,2,very_low,22000.0,20000.0,24000.0,18000.0,26000.0,Random Forest,7278.46,16098.18,8819.72,23376.63
android,Infinix,Hot 50i,128.0,Infinix Hot 50i | 128GB,11,medium,29500.0,26950.0,32000.0,18000.0,45000.0,Random Forest,7278.46,29931.97,22653.52,37210.43
android,Infinix,Hot 50i,256.0,Infinix Hot 50i | 256GB,1,very_low,57500.0,57500.0,57500.0,57500.0,57500.0,Random Forest,7278.46,34173.67,26895.22,41452.13
android,Infinix,Hot 60 Pro,128.0,Infinix Hot 60 Pro | 128GB,1,very_low,34000.0,34000.0,34000.0,34000.0,34000.0,Random Forest,7278.46,33769.24,26490.79,41047.7
android,Infinix,Hot 60 Pro,256.0,Infinix Hot 60 Pro | 256GB,9,medium,48000.0,46500.0,55000.0,43000.0,59990.0,Random Forest,7278.46,49292.9,42014.44,56571.35
android,Infinix,Hot 60 Pro+,,Infinix Hot 60 Pro+ | ?GB,1,very_low,55000.0,55000.0,55000.0,55000.0,55000.0,Random Forest,7278.46,37294.21,30015.76,44572.67
android,Infinix,Hot 60 Pro+,256.0,Infinix Hot 60 Pro+ | 256GB,13,medium,55000.0,49990.0,65000.0,42000.0,75000.0,Random Forest,7278.46,59361.16,52082.7,66639.61
android,Infinix,Hot 60i,,Infinix Hot 60i | ?GB,1,very_low,37000.0,37000.0,37000.0,37000.0,37000.0,Random Forest,7278.46,19206.57,11928.11,26485.03
android,Infinix,Hot 60i,8.0,Infinix Hot 60i | 8GB,1,very_low,35000.0,35000.0,35000.0,35000.0,35000.0,Random Forest,7278.46,15480.18,8201.73,22758.64
android,Infinix,Hot 60i,128.0,Infinix Hot 60i | 128GB,31,high,35000.0,32000.0,39750.0,26000.0,47000.0,Random Forest,7278.46,35002.64,27724.19,42281.1
android,Infinix,Hot 60i,256.0,Infinix Hot 60i | 256GB,5,low,40000.0,39990.0,41000.0,39990.0,49000.0,Random Forest,7278.46,42237.39,34958.93,49515.84
android,Infinix,Hot 9 Play,32.0,Infinix Hot 9 Play | 32GB,1,very_low,10500.0,10500.0,10500.0,10500.0,10500.0,Random Forest,7278.46,14512.43,7233.97,21790.89
android,Infinix,Hot 9 Play,64.0,Infinix Hot 9 Play | 64GB,1,very_low,22000.0,22000.0,22000.0,22000.0,22000.0,Random Forest,7278.46,17961.83,10683.38,25240.29
android,Infinix,Note 40,256.0,Infinix Note 40 | 256GB,4,low,45999.5,44500.0,50246.75,43000.0,59990.0,Random Forest,7278.46,55694.46,48416.0,62972.91
android,Infinix,Note 50,256.0,Infinix Note 50 | 256GB,25,high,58500.0,55000.0,63000.0,42000.0,80000.0,Random Forest,7278.46,59151.09,51872.63,66429.54
android,Infinix,Note 50 Pro,256.0,Infinix Note 50 Pro | 256GB,2,very_low,72500.0,61750.0,83250.0,51000.0,94000.0,Random Forest,7278.46,60026.98,52748.53,67305.44
android,Infinix,Note 50 Pro+,256.0,Infinix Note 50 Pro+ | 256GB,3,low,50000.0,46500.0,84000.0,43000.0,118000.0,Random Forest,7278.46,49772.69,42494.24,57051.15
android,Infinix,Other model,64.0,Infinix Other model | 64GB,1,very_low,45000.0,45000.0,45000.0,45000.0,45000.0,Random Forest,7278.46,17202.66,9924.2,24481.11
android,Infinix,Other model,128.0,Infinix Other model | 128GB,2,very_low,46250.0,45625.0,46875.0,45000.0,47500.0,Random Forest,7278.46,41086.3,33807.84,48364.75
android,Infinix,Other model,256.0,Infinix Other model | 256GB,13,medium,58000.0,48000.0,89990.0,38000.0,130000.0,Random Forest,7278.46,50180.49,42902.04,57458.95
android,Infinix,Smart 10,64.0,Infinix Smart 10 | 64GB,7,low,21800.0,18750.0,23750.0,17000.0,24000.0,Random Forest,7278.46,20334.37,13055.92,27612.83
android,Infinix,Smart 10,128.0,Infinix Smart 10 | 128GB,1,very_low,24000.0,24000.0,24000.0,24000.0,24000.0,Random Forest,7278.46,21758.64,14480.18,29037.09
android,Infinix,Smart 10 Plus,128.0,Infinix Smart 10 Plus | 128GB,10,medium,24450.0,22875.0,32750.0,20000.0,38000.0,Random Forest,7278.46,29038.82,21760.37,36317.28
android,Infinix,Smart 5,64.0,Infinix Smart 5 | 64GB,1,very_low,12500.0,12500.0,12500.0,12500.0,12500.0,Random Forest,7278.46,16779.89,9501.43,24058.34
android,Infinix,Smart 8,64.0,Infinix Smart 8 | 64GB,10,medium,19750.0,17992.5,23750.0,15500.0,28000.0,Random Forest,7278.46,20171.21,12892.76,27449.67
android,Infinix,Smart 8,128.0,Infinix Smart 8 | 128GB,1,very_low,17500.0,17500.0,17500.0,17500.0,17500.0,Random Forest,7278.46,20032.71,12754.25,27311.17
android,Infinix,Smart 9,128.0,Infinix Smart 9 | 128GB,4,low,22750.0,21125.0,25500.0,20000.0,30000.0,Random Forest,7278.46,26058.45,18779.99,33336.9
android,Infinix,Smart 9 HD,64.0,Infinix Smart 9 HD | 64GB,2,very_low,21000.0,20500.0,21500.0,20000.0,22000.0,Random Forest,7278.46,20150.02,12871.57,27428.48
android,Infinix,Smart HD,32.0,Infinix Smart HD | 32GB,1,very_low,9500.0,9500.0,9500.0,9500.0,9500.0,Random Forest,7278.46,15145.98,7867.52,22424.44
android,Infinix,Smart HD,64.0,Infinix Smart HD | 64GB,2,very_low,23000.0,21500.0,24500.0,20000.0,26000.0,Random Forest,7278.46,19165.48,11887.02,26443.94
android,Ipro,old model,,Ipro old model | ?GB,2,very_low,2750.0,2375.0,3125.0,2000.0,3500.0,Random Forest,7278.46,8635.2,1356.74,15913.66
android,Iqoo,Other model,8.0,Iqoo Other model | 8GB,1,very_low,48500.0,48500.0,48500.0,48500.0,48500.0,Random Forest,7278.46,28064.7,20786.24,35343.16
android,Iqoo,Other model,128.0,Iqoo Other model | 128GB,18,medium,41750.0,33250.0,46750.0,28000.0,66000.0,Random Forest,7278.46,43557.21,36278.75,50835.67
android,Iqoo,Other model,256.0,Iqoo Other model | 256GB,21,high,57500.0,50000.0,69000.0,28000.0,93000.0,Random Forest,7278.46,69462.45,62183.99,76740.91
android,Iqoo,Z3,32.0,Iqoo Z3 | 32GB,1,very_low,4800.0,4800.0,4800.0,4800.0,4800.0,Random Forest,7278.46,14310.14,7031.68,21588.59
android,Iqoo,Z6 Pro,128.0,Iqoo Z6 Pro | 128GB,1,very_low,32000.0,32000.0,32000.0,32000.0,32000.0,Random Forest,7278.46,26009.75,18731.29,33288.21
android,Iqoo,Z6 lite,64.0,Iqoo Z6 lite | 64GB,1,very_low,24999.0,24999.0,24999.0,24999.0,24999.0,Random Forest,7278.46,27421.34,20142.89,34699.8
android,Itel,A48,64.0,Itel A48 | 64GB,1,very_low,11000.0,11000.0,11000.0,11000.0,11000.0,Random Forest,7278.46,13353.74,6075.29,20632.2
android,Itel,A60,32.0,Itel A60 | 32GB,4,low,15250.0,14875.0,15625.0,14500.0,16000.0,Random Forest,7278.46,12827.44,5548.98,20105.89
android,Itel,A60,64.0,Itel A60 | 64GB,2,very_low,16000.0,14000.0,18000.0,12000.0,20000.0,Random Forest,7278.46,14950.7,7672.24,22229.16
android,Itel,Other model,8.0,Itel Other model | 8GB,1,very_low,5500.0,5500.0,5500.0,5500.0,5500.0,Random Forest,7278.46,11925.06,4646.6,19203.52
android,Itel,Other model,32.0,Itel Other model | 32GB,9,medium,14000.0,13500.0,15000.0,9000.0,20000.0,Random Forest,7278.46,11934.63,4656.18,19213.09
android,Itel,Other model,64.0,Itel Other model | 64GB,10,medium,18500.0,16375.0,19375.0,12500.0,26000.0,Random Forest,7278.46,16690.56,9412.1,23969.01
android,Itel,Other model,128.0,Itel Other model | 128GB,2,very_low,14000.0,12500.0,15500.0,11000.0,17000.0,Random Forest,7278.46,12799.59,5521.13,20078.04
android,Kyocera,Basio,32.0,Kyocera Basio | 32GB,1,very_low,10000.0,10000.0,10000.0,10000.0,10000.0,Random Forest,7278.46,11675.61,4397.15,18954.06
android,Kyocera,Basio 4,32.0,Kyocera Basio 4 | 32GB,2,very_low,14499.0,14249.0,14749.0,13999.0,14999.0,Random Forest,7278.46,13066.71,5788.26,20345.17
android,Kyocera,Other Model,32.0,Kyocera Other Model | 32GB,3,low,11998.0,11994.0,11998.5,11990.0,11999.0,Random Forest,7278.46,18264.77,10986.32,25543.23
android,Kyocera,Other Model,128.0,Kyocera Other Model | 128GB,1,very_low,27000.0,27000.0,27000.0,27000.0,27000.0,Random Forest,7278.46,24190.71,16912.25,31469.16
android,LG,G3,32.0,LG G3 | 32GB,1,very_low,8250.0,8250.0,8250.0,8250.0,8250.0,Random Forest,7278.46,10324.21,3045.75,17602.67
android,LG,G4 Pro,32.0,LG G4 Pro | 32GB,1,very_low,6900.0,6900.0,6900.0,6900.0,6900.0,Random Forest,7278.46,9377.26,2098.8,16655.71
android,LG,G6,64.0,LG G6 | 64GB,1,very_low,7500.0,7500.0,7500.0,7500.0,7500.0,Random Forest,7278.46,9477.38,2198.93,16755.84
android,LG,K50s,32.0,LG K50s | 32GB,1,very_low,8000.0,8000.0,8000.0,8000.0,8000.0,Random Forest,7278.46,10404.48,3126.03,17682.94
android,LG,Other model,,LG Other model | ?GB,1,very_low,10000.0,10000.0,10000.0,10000.0,10000.0,Random Forest,7278.46,11935.23,4656.77,19213.68
android,LG,Other model,32.0,LG Other model | 32GB,1,very_low,7000.0,7000.0,7000.0,7000.0,7000.0,Random Forest,7278.46,12766.61,5488.16,20045.07
android,LG,Other model,64.0,LG Other model | 64GB,1,very_low,30000.0,30000.0,30000.0,30000.0,30000.0,Random Forest,7278.46,18872.51,11594.05,26150.97
android,LG,Q51,32.0,LG Q51 | 32GB,1,very_low,28000.0,28000.0,28000.0,28000.0,28000.0,Random Forest,7278.46,17115.32,9836.86,24393.77
android,LG,Q51,64.0,LG Q51 | 64GB,1,very_low,25000.0,25000.0,25000.0,25000.0,25000.0,Random Forest,7278.46,23235.92,15957.46,30514.38
android,LG,Q52,64.0,LG Q52 | 64GB,2,very_low,25000.0,22500.0,27500.0,20000.0,30000.0,Random Forest,7278.46,23043.96,15765.51,30322.42
android,LG,Q9,64.0,LG Q9 | 64GB,2,very_low,16750.0,16125.0,17375.0,15500.0,18000.0,Random Forest,7278.46,15480.36,8201.9,22758.81
android,LG,Q92,128.0,LG Q92 | 128GB,1,very_low,26500.0,26500.0,26500.0,26500.0,26500.0,Random Forest,7278.46,25186.0,17907.55,32464.46
android,LG,V40,128.0,LG V40 | 128GB,1,very_low,35000.0,35000.0,35000.0,35000.0,35000.0,Random Forest,7278.46,46363.8,39085.35,53642.26
android,LG,V50s,256.0,LG V50s | 256GB,2,very_low,47500.0,43750.0,51250.0,40000.0,55000.0,Random Forest,7278.46,47526.01,40247.56,54804.47
android,LG,V60,128.0,LG V60 | 128GB,5,low,48000.0,35000.0,52000.0,35000.0,54000.0,Random Forest,7278.46,49693.49,42415.03,56971.95
android,LG,Velvet,128.0,LG Velvet | 128GB,2,very_low,46500.0,45750.0,47250.0,45000.0,48000.0,Random Forest,7278.46,38786.15,31507.69,46064.61
android,Meizu,Lucky 08,256.0,Meizu Lucky 08 | 256GB,2,very_low,66500.0,65750.0,67250.0,65000.0,68000.0,Random Forest,7278.46,66346.86,59068.4,73625.31
android,Meizu,Other model,64.0,Meizu Other model | 64GB,3,low,19000.0,17950.0,20750.0,16900.0,22500.0,Random Forest,7278.46,21287.66,14009.2,28566.11
android,Micromax,Q-,,Micromax Q- | ?GB,1,very_low,2600.0,2600.0,2600.0,2600.0,2600.0,Random Forest,7278.46,11846.26,4567.8,19124.71
android,Motorola,G04s,64.0,Motorola G04s | 64GB,4,low,16500.0,14750.0,18875.0,14000.0,21500.0,Random Forest,7278.46,16154.59,8876.13,23433.05
android,Motorola,G04s,128.0,Motorola G04s | 128GB,1,very_low,18000.0,18000.0,18000.0,18000.0,18000.0,Random Forest,7278.46,15258.17,7979.71,22536.62
android,Motorola,G30,128.0,Motorola G30 | 128GB,2,very_low,26500.0,25750.0,27250.0,25000.0,28000.0,Random Forest,7278.46,28632.79,21354.33,35911.25
android,Motorola,G5,64.0,Motorola G5 | 64GB,4,low,26750.0,24875.0,29875.0,24500.0,34000.0,Random Forest,7278.46,22656.65,15378.19,29935.1
android,Motorola,G5,128.0,Motorola G5 | 128GB,1,very_low,22000.0,22000.0,22000.0,22000.0,22000.0,Random Forest,7278.46,24980.38,17701.92,32258.83
android,Motorola,G5S,64.0,Motorola G5S | 64GB,1,very_low,35000.0,35000.0,35000.0,35000.0,35000.0,Random Forest,7278.46,19015.54,11737.09,26294.0
android,Motorola,Other model,,Motorola Other model | ?GB,3,low,49000.0,26750.0,57000.0,4500.0,65000.0,Random Forest,7278.46,26854.12,19575.67,34132.58
android,Motorola,Other model,32.0,Motorola Other model | 32GB,2,very_low,14250.0,13375.0,15125.0,12500.0,16000.0,Random Forest,7278.46,14892.86,7614.4,22171.31
android,Motorola,Other model,64.0,Motorola Other model | 64GB,21,high,18500.0,15990.0,23000.0,9500.0,42250.0,Random Forest,7278.46,21156.86,13878.41,28435.32
android,Motorola,Other model,128.0,Motorola Other model | 128GB,28,high,32250.0,26375.0,39925.0,17000.0,55000.0,Random Forest,7278.46,33372.03,26093.57,40650.49
android,Motorola,Other model,256.0,Motorola Other model | 256GB,29,high,55900.0,45000.0,65000.0,28500.0,89000.0,Random Forest,7278.46,59894.31,52615.86,67172.77
android,Motorola,Other model,512.0,Motorola Other model | 512GB,1,very_low,70000.0,70000.0,70000.0,70000.0,70000.0,Random Forest,7278.46,72769.03,65490.58,80047.49
android,Nokia,1,,Nokia 1 | ?GB,1,very_low,6000.0,6000.0,6000.0,6000.0,6000.0,Random Forest,7278.46,8586.79,1308.33,15865.24
android,Nokia,1.4,32.0,Nokia 1.4 | 32GB,7,low,11500.0,9750.0,14500.0,7500.0,15500.0,Random Forest,7278.46,12392.47,5114.01,19670.93
android,Nokia,1.4,64.0,Nokia 1.4 | 64GB,3,low,14500.0,13250.0,16750.0,12000.0,19000.0,Random Forest,7278.46,13913.41,6634.95,21191.87
android,Nokia,105,,Nokia 105 | ?GB,18,medium,2995.0,1925.0,3437.5,1200.0,5500.0,Random Forest,7278.46,8410.54,1132.09,15689.0
android,Nokia,105,32.0,Nokia 105 | 32GB,2,very_low,4675.0,4262.5,5087.5,3850.0,5500.0,Random Forest,7278.46,8234.72,956.26,15513.17
android,Nokia,110,,Nokia 110 | ?GB,2,very_low,6000.0,4750.0,7250.0,3500.0,8500.0,Random Forest,7278.46,10527.28,3248.82,17805.73
android,Nokia,1100,,Nokia 1100 | ?GB,2,very_low,3250.0,2125.0,4375.0,1000.0,5500.0,Random Forest,7278.46,8362.51,1084.05,15640.97
android,Nokia,1110,,Nokia 1110 | ?GB,2,very_low,3000.0,2500.0,3500.0,2000.0,4000.0,Random Forest,7278.46,8493.37,1214.91,15771.83
android,Nokia,1280,,Nokia 1280 | ?GB,4,low,2975.0,2075.0,4012.5,2000.0,4500.0,Random Forest,7278.46,8450.0,1171.54,15728.46
android,Nokia,130,32.0,Nokia 130 | 32GB,1,very_low,2500.0,2500.0,2500.0,2500.0,2500.0,Random Forest,7278.46,8317.54,1039.09,15596.0
android,Nokia,130,128.0,Nokia 130 | 128GB,1,very_low,8500.0,8500.0,8500.0,8500.0,8500.0,Random Forest,7278.46,5089.91,0.0,12368.37
android,Nokia,150,,Nokia 150 | ?GB,1,very_low,5500.0,5500.0,5500.0,5500.0,5500.0,Random Forest,7278.46,8517.56,1239.11,15796.02
android,Nokia,150,32.0,Nokia 150 | 32GB,2,very_low,4000.0,4000.0,4000.0,4000.0,4000.0,Random Forest,7278.46,11578.75,4300.29,18857.2
android,Nokia,2.4,32.0,Nokia 2.4 | 32GB,4,low,12250.0,11000.0,12750.0,8000.0,13500.0,Random Forest,7278.46,11715.86,4437.4,18994.32
android,Nokia,215,,Nokia 215 | ?GB,1,very_low,10500.0,10500.0,10500.0,10500.0,10500.0,Random Forest,7278.46,11875.94,4597.48,19154.39
android,Nokia,216,,Nokia 216 | ?GB,1,very_low,5500.0,5500.0,5500.0,5500.0,5500.0,Random Forest,7278.46,8586.79,1308.33,15865.24
android,Nokia,216,32.0,Nokia 216 | 32GB,1,very_low,6000.0,6000.0,6000.0,6000.0,6000.0,Random Forest,7278.46,8423.18,1144.72,15701.64
android,Nokia,3.4,64.0,Nokia 3.4 | 64GB,4,low,13000.0,11500.0,14125.0,10000.0,14500.0,Random Forest,7278.46,13763.02,6484.57,21041.48
android,Nokia,5.3,64.0,Nokia 5.3 | 64GB,2,very_low,16750.0,16125.0,17375.0,15500.0,18000.0,Random Forest,7278.46,14829.87,7551.42,22108.33
android,Nokia,5.4,,Nokia 5.4 | ?GB,1,very_low,17500.0,17500.0,17500.0,17500.0,17500.0,Random Forest,7278.46,13236.34,5957.89,20514.8
android,Nokia,5.4,64.0,Nokia 5.4 | 64GB,1,very_low,15500.0,15500.0,15500.0,15500.0,15500.0,Random Forest,7278.46,14178.61,6900.16,21457.07
android,Nokia,6,64.0,Nokia 6 | 64GB,1,very_low,18000.0,18000.0,18000.0,18000.0,18000.0,Random Forest,7278.46,16254.64,8976.18,23533.1
android,Nokia,C1,,Nokia C1 | ?GB,3,low,4800.0,4650.0,5400.0,4500.0,6000.0,Random Forest,7278.46,8517.81,1239.35,15796.26
android,Nokia,C1,16.0,Nokia C1 | 16GB,2,very_low,5500.0,5000.0,6000.0,4500.0,6500.0,Random Forest,7278.46,8517.81,1239.35,15796.26
android,Nokia,C1,32.0,Nokia C1 | 32GB,1,very_low,5000.0,5000.0,5000.0,5000.0,5000.0,Random Forest,7278.46,8354.2,1075.74,15632.66
android,Nokia,C2,,Nokia C2 | ?GB,1,very_low,8500.0,8500.0,8500.0,8500.0,8500.0,Random Forest,7278.46,11695.19,4416.73,18973.65
android,Nokia,C2,32.0,Nokia C2 | 32GB,1,very_low,5000.0,5000.0,5000.0,5000.0,5000.0,Random Forest,7278.46,11758.3,4479.84,19036.76
android,Nokia,C2,128.0,Nokia C2 | 128GB,1,very_low,16000.0,16000.0,16000.0,16000.0,16000.0,Random Forest,7278.46,10013.28,2734.82,17291.73
android,Nokia,C20,,Nokia C20 | ?GB,1,very_low,14000.0,14000.0,14000.0,14000.0,14000.0,Random Forest,7278.46,12442.82,5164.37,19721.28
android,Nokia,C20,32.0,Nokia C20 | 32GB,4,low,9745.0,9125.0,11242.5,8000.0,15000.0,Random Forest,7278.46,12608.31,5329.85,19886.76
android,Nokia,C21 Plus,64.0,Nokia C21 Plus | 64GB,2,very_low,16500.0,15750.0,17250.0,15000.0,18000.0,Random Forest,7278.46,12385.71,5107.25,19664.17
android,Nokia,C3,,Nokia C3 | ?GB,2,very_low,3750.0,3125.0,4375.0,2500.0,5000.0,Random Forest,7278.46,8529.46,1251.0,15807.91
android,Nokia,G10,64.0,Nokia G10 | 64GB,1,very_low,13500.0,13500.0,13500.0,13500.0,13500.0,Random Forest,7278.46,13210.46,5932.0,20488.92
android,Nokia,Other model,,Nokia Other model | ?GB,9,medium,3000.0,2800.0,9800.0,1300.0,18000.0,Random Forest,7278.46,10408.15,3129.7,17686.61
android,Nokia,Other model,32.0,Nokia Other model | 32GB,1,very_low,10500.0,10500.0,10500.0,10500.0,10500.0,Random Forest,7278.46,10419.0,3140.54,17697.45
android,Nokia,Other model,128.0,Nokia Other model | 128GB,1,very_low,28000.0,28000.0,28000.0,28000.0,28000.0,Random Forest,7278.46,14700.41,7421.95,21978.86
android,Nothing,CMF Phone 1,128.0,Nothing CMF Phone 1 | 128GB,5,low,41000.0,39500.0,44000.0,38000.0,44999.0,Random Forest,7278.46,40120.44,32841.99,47398.9
android,Nothing,CMF Phone 2 Pro,128.0,Nothing CMF Phone 2 Pro | 128GB,2,very_low,55950.0,55925.0,55975.0,55900.0,56000.0,Random Forest,7278.46,53535.23,46256.78,60813.69
android,Nothing,CMF Phone 2 Pro,256.0,Nothing CMF Phone 2 Pro | 256GB,4,low,59499.5,58000.0,61999.25,55000.0,68000.0,Random Forest,7278.46,64114.88,56836.42,71393.34
android,Nothing,Other model,128.0,Nothing Other model | 128GB,1,very_low,68500.0,68500.0,68500.0,68500.0,68500.0,Random Forest,7278.46,48178.72,40900.26,55457.17
android,Nothing,Other model,256.0,Nothing Other model | 256GB,2,very_low,94250.0,93375.0,95125.0,92500.0,96000.0,Random Forest,7278.46,67942.58,60664.12,75221.03
android,Nothing,Phone 1,256.0,Nothing Phone 1 | 256GB,4,low,52500.0,45000.0,61750.0,45000.0,67000.0,Random Forest,7278.46,60325.19,53046.74,67603.65
android,Nothing,Phone 2,512.0,Nothing Phone 2 | 512GB,2,very_low,77000.0,76500.0,77500.0,76000.0,78000.0,Random Forest,7278.46,83845.52,76567.06,91123.97
android,Nothing,Phone 2a,,Nothing Phone 2a | ?GB,1,very_low,60000.0,60000.0,60000.0,60000.0,60000.0,Random Forest,7278.46,48471.63,41193.17,55750.08
android,Nothing,Phone 2a,128.0,Nothing Phone 2a | 128GB,3,low,55000.0,54750.0,57499.5,54500.0,59999.0,Random Forest,7278.46,53721.19,46442.73,60999.65
android,Nothing,Phone 2a,256.0,Nothing Phone 2a | 256GB,7,low,63000.0,60000.0,67499.5,54500.0,80000.0,Random Forest,7278.46,65431.51,58153.06,72709.97
android,Nothing,Phone 3a,128.0,Nothing Phone 3a | 128GB,1,very_low,80000.0,80000.0,80000.0,80000.0,80000.0,Random Forest,7278.46,61918.75,54640.29,69197.21
android,Nothing,Phone 3a,256.0,Nothing Phone 3a | 256GB,2,very_low,67750.0,65125.0,70375.0,62500.0,73000.0,Random Forest,7278.46,65334.47,58056.01,72612.92
android,Nothing,Phone 3a Pro,,Nothing Phone 3a Pro | ?GB,1,very_low,87000.0,87000.0,87000.0,87000.0,87000.0,Random Forest,7278.46,72501.01,65222.55,79779.47
android,Nothing,Phone 3a Pro,256.0,Nothing Phone 3a Pro | 256GB,7,low,100000.0,91000.0,102500.0,89000.0,118000.0,Random Forest,7278.46,89762.9,82484.44,97041.35
android,OnePlus,10 Pro,256.0,OnePlus 10 Pro | 256GB,2,very_low,73000.0,71250.0,74750.0,69500.0,76500.0,Random Forest,7278.46,72762.75,65484.3,80041.21
android,OnePlus,10R,128.0,OnePlus 10R | 128GB,1,very_low,39500.0,39500.0,39500.0,39500.0,39500.0,Random Forest,7278.46,44562.63,37284.18,51841.09
android,OnePlus,10R,256.0,OnePlus 10R | 256GB,1,very_low,55000.0,55000.0,55000.0,55000.0,55000.0,Random Forest,7278.46,57905.55,50627.1,65184.01
android,OnePlus,10T,128.0,OnePlus 10T | 128GB,1,very_low,56000.0,56000.0,56000.0,56000.0,56000.0,Random Forest,7278.46,50594.47,43316.02,57872.93
android,OnePlus,11,128.0,OnePlus 11 | 128GB,1,very_low,34000.0,34000.0,34000.0,34000.0,34000.0,Random Forest,7278.46,60912.77,53634.31,68191.23
android,OnePlus,11,256.0,OnePlus 11 | 256GB,6,low,82500.0,73125.0,92250.0,58000.0,120000.0,Random Forest,7278.46,68974.74,61696.29,76253.2
android,OnePlus,11R,128.0,OnePlus 11R | 128GB,3,low,69000.0,68750.0,69250.0,68500.0,69500.0,Random Forest,7278.46,64913.76,57635.3,72192.22
android,OnePlus,11R,256.0,OnePlus 11R | 256GB,3,low,70000.0,64000.0,71500.0,58000.0,73000.0,Random Forest,7278.46,66986.82,59708.37,74265.28
android,OnePlus,12,512.0,OnePlus 12 | 512GB,1,very_low,120000.0,120000.0,120000.0,120000.0,120000.0,Random Forest,7278.46,76377.49,69099.03,83655.95
android,OnePlus,12R,128.0,OnePlus 12R | 128GB,3,low,79999.0,79499.5,79999.5,79000.0,80000.0,Random Forest,7278.46,69954.47,62676.02,77232.93
android,OnePlus,12R,256.0,OnePlus 12R | 256GB,7,low,86000.0,79250.0,87250.0,65000.0,92500.0,Random Forest,7278.46,76383.41,69104.95,83661.87
android,OnePlus,5T,128.0,OnePlus 5T | 128GB,1,very_low,26500.0,26500.0,26500.0,26500.0,26500.0,Random Forest,7278.46,34784.25,27505.8,42062.71
android,OnePlus,6,128.0,OnePlus 6 | 128GB,1,very_low,46500.0,46500.0,46500.0,46500.0,46500.0,Random Forest,7278.46,33678.51,26400.06,40956.97
android,OnePlus,6T,128.0,OnePlus 6T | 128GB,2,very_low,26250.0,26125.0,26375.0,26000.0,26500.0,Random Forest,7278.46,34378.51,27100.05,41656.97
android,OnePlus,7 Pro,256.0,OnePlus 7 Pro | 256GB,3,low,39000.0,33250.0,47000.0,27500.0,55000.0,Random Forest,7278.46,57385.88,50107.43,64664.34
android,OnePlus,7T,128.0,OnePlus 7T | 128GB,1,very_low,25500.0,25500.0,25500.0,25500.0,25500.0,Random Forest,7278.46,29509.9,22231.45,36788.36
android,OnePlus,8,128.0,OnePlus 8 | 128GB,1,very_low,25000.0,25000.0,25000.0,25000.0,25000.0,Random Forest,7278.46,34096.7,26818.24,41375.15
android,OnePlus,9 Pro,256.0,OnePlus 9 Pro | 256GB,3,low,29500.0,29000.0,39500.0,28500.0,49500.0,Random Forest,7278.46,77034.79,69756.34,84313.25
android,OnePlus,Nord,128.0,OnePlus Nord | 128GB,4,low,40245.0,39875.0,40742.5,39500.0,41500.0,Random Forest,7278.46,46033.17,38754.72,53311.63
android,OnePlus,Nord,256.0,OnePlus Nord | 256GB,7,low,62500.0,58000.0,69500.0,35000.0,87500.0,Random Forest,7278.46,63222.73,55944.27,70501.19
android,OnePlus,Nord 2T,128.0,OnePlus Nord 2T | 128GB,2,very_low,41000.0,38500.0,43500.0,36000.0,46000.0,Random Forest,7278.46,42429.27,35150.81,49707.72
android,OnePlus,Nord CE,128.0,OnePlus Nord CE | 128GB,3,low,36500.0,33250.0,40500.0,30000.0,44500.0,Random Forest,7278.46,46941.93,39663.48,54220.39
android,OnePlus,Nord CE,256.0,OnePlus Nord CE | 256GB,5,low,54000.0,50000.0,56500.0,42900.0,70000.0,Random Forest,7278.46,58639.69,51361.23,65918.14
android,OnePlus,Nord CE 2,128.0,OnePlus Nord CE 2 | 128GB,1,very_low,40000.0,40000.0,40000.0,40000.0,40000.0,Random Forest,7278.46,30379.09,23100.63,37657.55
android,OnePlus,Nord CE 2 Lite,128.0,OnePlus Nord CE 2 Lite | 128GB,4,low,29500.0,24750.0,33375.0,19500.0,36000.0,Random Forest,7278.46,34080.22,26801.76,41358.68
android,OnePlus,Nord CE 2 Lite,256.0,OnePlus Nord CE 2 Lite | 256GB,1,very_low,60000.0,60000.0,60000.0,60000.0,60000.0,Random Forest,7278.46,42256.14,34977.69,49534.6
android,OnePlus,Nord CE 3 Lite,128.0,OnePlus Nord CE 3 Lite | 128GB,3,low,40000.0,38500.0,44000.0,37000.0,48000.0,Random Forest,7278.46,37253.42,29974.97,44531.88
android,OnePlus,Nord CE 3 Lite,256.0,OnePlus Nord CE 3 Lite | 256GB,6,low,38500.0,38125.0,41125.0,29999.0,45500.0,Random Forest,7278.46,43471.39,36192.94,50749.85
android,OnePlus,Nord N10,128.0,OnePlus Nord N10 | 128GB,1,very_low,40000.0,40000.0,40000.0,40000.0,40000.0,Random Forest,7278.46,38245.7,30967.24,45524.15
android,OnePlus,Nord N20 SE,64.0,OnePlus Nord N20 SE | 64GB,2,very_low,27499.5,26249.75,28749.25,25000.0,29999.0,Random Forest,7278.46,28318.95,21040.5,35597.41
android,OnePlus,Other model,,OnePlus Other model | ?GB,1,very_low,5500.0,5500.0,5500.0,5500.0,5500.0,Random Forest,7278.46,16083.91,8805.46,23362.37
android,OnePlus,Other model,128.0,OnePlus Other model | 128GB,1,very_low,40000.0,40000.0,40000.0,40000.0,40000.0,Random Forest,7278.46,42271.52,34993.07,49549.98
android,OnePlus,Other model,256.0,OnePlus Other model | 256GB,9,medium,84000.0,74500.0,110000.0,45000.0,120000.0,Random Forest,7278.46,85823.5,78545.04,93101.95
android,OnePlus,Other model,512.0,OnePlus Other model | 512GB,3,low,115000.0,105000.0,117250.0,95000.0,119500.0,Random Forest,7278.46,83565.26,76286.8,90843.72
android,Oppo,A1,32.0,Oppo A1 | 32GB,1,very_low,3500.0,3500.0,3500.0,3500.0,3500.0,Random Forest,7278.46,8173.22,894.77,15451.68
android,Oppo,A12,32.0,Oppo A12 | 32GB,5,low,12500.0,10500.0,13000.0,9000.0,16000.0,Random Forest,7278.46,13770.69,6492.23,21049.15
android,Oppo,A12,64.0,Oppo A12 | 64GB,1,very_low,15000.0,15000.0,15000.0,15000.0,15000.0,Random Forest,7278.46,14657.14,7378.68,21935.59
android,Oppo,A15,,Oppo A15 | ?GB,2,very_low,9500.0,7250.0,11750.0,5000.0,14000.0,Random Forest,7278.46,11709.43,4430.97,18987.88
android,Oppo,A15,32.0,Oppo A15 | 32GB,4,low,14500.0,13250.0,16000.0,12500.0,17500.0,Random Forest,7278.46,12270.51,4992.06,19548.97
android,Oppo,A15,64.0,Oppo A15 | 64GB,1,very_low,10500.0,10500.0,10500.0,10500.0,10500.0,Random Forest,7278.46,12294.6,5016.14,19573.05
android,Oppo,A15s,32.0,Oppo A15s | 32GB,1,very_low,15999.0,15999.0,15999.0,15999.0,15999.0,Random Forest,7278.46,16923.8,9645.35,24202.26
android,Oppo,A15s,64.0,Oppo A15s | 64GB,2,very_low,20500.0,19250.0,21750.0,18000.0,23000.0,Random Forest,7278.46,19892.39,12613.94,27170.85
android,Oppo,A15s,128.0,Oppo A15s | 128GB,1,very_low,23500.0,23500.0,23500.0,23500.0,23500.0,Random Forest,7278.46,21133.15,13854.7,28411.61
android,Oppo,A16,32.0,Oppo A16 | 32GB,9,medium,16500.0,13000.0,17000.0,8000.0,25000.0,Random Forest,7278.46,13086.54,5808.08,20365.0
android,Oppo,A16,64.0,Oppo A16 | 64GB,2,very_low,11250.0,11125.0,11375.0,11000.0,11500.0,Random Forest,7278.46,18654.7,11376.25,25933.16
android,Oppo,A16,128.0,Oppo A16 | 128GB,1,very_low,19000.0,19000.0,19000.0,19000.0,19000.0,Random Forest,7278.46,17140.4,9861.95,24418.86
android,Oppo,A16k,32.0,Oppo A16k | 32GB,3,low,15500.0,15249.5,15750.0,14999.0,16000.0,Random Forest,7278.46,14010.48,6732.02,21288.94
android,Oppo,A17,64.0,Oppo A17 | 64GB,5,low,18000.0,14500.0,18000.0,13500.0,30000.0,Random Forest,7278.46,16321.01,9042.55,23599.47
android,Oppo,A17,128.0,Oppo A17 | 128GB,1,very_low,20000.0,20000.0,20000.0,20000.0,20000.0,Random Forest,7278.46,17131.0,9852.55,24409.46
android,Oppo,A17K,,Oppo A17K | ?GB,1,very_low,19000.0,19000.0,19000.0,19000.0,19000.0,Random Forest,7278.46,14108.42,6829.96,21386.87
android,Oppo,A17K,64.0,Oppo A17K | 64GB,2,very_low,17250.0,14125.0,20375.0,11000.0,23500.0,Random Forest,7278.46,16671.7,9393.24,23950.16
android,Oppo,A1k,32.0,Oppo A1k | 32GB,3,low,8500.0,6500.0,9750.0,4500.0,11000.0,Random Forest,7278.46,8438.62,1160.16,15717.07
android,Oppo,A3,64.0,Oppo A3 | 64GB,5,low,27500.0,26500.0,29000.0,25000.0,39250.0,Random Forest,7278.46,27181.01,19902.55,34459.46
android,Oppo,A3,128.0,Oppo A3 | 128GB,4,low,26494.5,25625.0,28366.75,24500.0,32500.0,Random Forest,7278.46,27044.6,19766.14,34323.05
android,Oppo,A3,1024.0,Oppo A3 | 1024GB,1,very_low,32000.0,32000.0,32000.0,32000.0,32000.0,Random Forest,7278.46,36116.74,28838.28,43395.2
android,Oppo,A31,64.0,Oppo A31 | 64GB,1,very_low,13000.0,13000.0,13000.0,13000.0,13000.0,Random Forest,7278.46,15999.13,8720.68,23277.59
android,Oppo,A31,128.0,Oppo A31 | 128GB,6,low,17500.0,15875.0,19875.0,15000.0,23000.0,Random Forest,7278.46,17923.83,10645.38,25202.29
android,Oppo,A31,256.0,Oppo A31 | 256GB,32,high,16498.5,15000.0,17000.0,12000.0,30000.0,Random Forest,7278.46,16262.21,8983.75,23540.66
android,Oppo,A37,,Oppo A37 | ?GB,1,very_low,10000.0,10000.0,10000.0,10000.0,10000.0,Random Forest,7278.46,9630.3,2351.85,16908.76
android,Oppo,A37,32.0,Oppo A37 | 32GB,1,very_low,5800.0,5800.0,5800.0,5800.0,5800.0,Random Forest,7278.46,9375.38,2096.93,16653.84
android,Oppo,A37,64.0,Oppo A37 | 64GB,1,very_low,6000.0,6000.0,6000.0,6000.0,6000.0,Random Forest,7278.46,9604.34,2325.88,16882.79
android,Oppo,A37,128.0,Oppo A37 | 128GB,2,very_low,6250.0,5375.0,7125.0,4500.0,8000.0,Random Forest,7278.46,8527.55,1249.1,15806.01
android,Oppo,A39,,Oppo A39 | ?GB,1,very_low,30000.0,30000.0,30000.0,30000.0,30000.0,Random Forest,7278.46,17497.97,10219.51,24776.42
android,Oppo,A3s,,Oppo A3s | ?GB,8,medium,16977.0,16959.75,16986.0,7500.0,16990.0,Random Forest,7278.46,14035.07,6756.61,21313.53
android,Oppo,A3s,64.0,Oppo A3s | 64GB,2,very_low,12750.0,12375.0,13125.0,12000.0,13500.0,Random Forest,7278.46,14116.27,6837.81,21394.72
android,Oppo,A3s,128.0,Oppo A3s | 128GB,16,medium,13473.5,11997.5,14000.0,8000.0,23000.0,Random Forest,7278.46,13346.98,6068.53,20625.44
android,Oppo,A3s,256.0,Oppo A3s | 256GB,1,very_low,9500.0,9500.0,9500.0,9500.0,9500.0,Random Forest,7278.46,13940.17,6661.71,21218.62
android,Oppo,A5,64.0,Oppo A5 | 64GB,4,low,16000.0,14875.0,17000.0,13000.0,18500.0,Random Forest,7278.46,20792.17,13513.71,28070.63
android,Oppo,A5,128.0,Oppo A5 | 128GB,13,medium,37500.0,36000.0,39000.0,6500.0,42500.0,Random Forest,7278.46,35005.54,27727.08,42284.0
android,Oppo,A5,256.0,Oppo A5 | 256GB,7,low,49990.0,43500.0,50745.0,37500.0,55000.0,Random Forest,7278.46,42448.31,35169.86,49726.77
android,Oppo,A53,64.0,Oppo A53 | 64GB,6,low,18250.0,16425.0,22625.0,14000.0,24500.0,Random Forest,7278.46,20528.45,13250.0,27806.91
android,Oppo,A53,128.0,Oppo A53 | 128GB,4,low,16500.0,13500.0,17500.0,6000.0,19000.0,Random Forest,7278.46,20625.9,13347.45,27904.36
android,Oppo,A53,256.0,Oppo A53 | 256GB,2,very_low,35995.0,29992.5,41997.5,23990.0,48000.0,Random Forest,7278.46,24415.92,17137.46,31694.37
android,Oppo,A53s,256.0,Oppo A53s | 256GB,1,very_low,25000.0,25000.0,25000.0,25000.0,25000.0,Random Forest,7278.46,26270.97,18992.52,33549.43
android,Oppo,A54,64.0,Oppo A54 | 64GB,1,very_low,13000.0,13000.0,13000.0,13000.0,13000.0,Random Forest,7278.46,15664.06,8385.6,22942.51
android,Oppo,A54,128.0,Oppo A54 | 128GB,3,low,15000.0,14250.0,15500.0,13500.0,16000.0,Random Forest,7278.46,17001.68,9723.23,24280.14
android,Oppo,A57,,Oppo A57 | ?GB,1,very_low,11500.0,11500.0,11500.0,11500.0,11500.0,Random Forest,7278.46,9420.16,2141.71,16698.62
android,Oppo,A57,32.0,Oppo A57 | 32GB,3,low,6500.0,6000.0,7500.0,5500.0,8500.0,Random Forest,7278.46,9269.78,1991.32,16548.24
android,Oppo,A57,64.0,Oppo A57 | 64GB,8,medium,9000.0,7875.0,10125.0,6000.0,22000.0,Random Forest,7278.46,9324.42,2045.96,16602.88
android,Oppo,A57,128.0,Oppo A57 | 128GB,1,very_low,7500.0,7500.0,7500.0,7500.0,7500.0,Random Forest,7278.46,8641.98,1363.52,15920.43
android,Oppo,A58,128.0,Oppo A58 | 128GB,2,very_low,34250.0,32125.0,36375.0,30000.0,38500.0,Random Forest,7278.46,33658.12,26379.66,40936.58
android,Oppo,A5s,,Oppo A5s | ?GB,2,very_low,9500.0,9250.0,9750.0,9000.0,10000.0,Random Forest,7278.46,12680.33,5401.87,19958.79
android,Oppo,A5s,32.0,Oppo A5s | 32GB,6,low,10250.0,8625.0,15250.0,7000.0,18000.0,Random Forest,7278.46,13740.64,6462.19,21019.1
android,Oppo,A5s,64.0,Oppo A5s | 64GB,15,medium,14999.0,14249.5,15250.5,9990.0,25000.0,Random Forest,7278.46,15765.18,8486.72,23043.64
android,Oppo,A5s,128.0,Oppo A5s | 128GB,6,low,15745.0,14246.75,26625.0,8500.0,42000.0,Random Forest,7278.46,16541.2,9262.74,23819.65
android,Oppo,A5x,,Oppo A5x | ?GB,1,very_low,30000.0,30000.0,30000.0,30000.0,30000.0,Random Forest,7278.46,17580.22,10301.76,24858.68
android,Oppo,A5x,64.0,Oppo A5x | 64GB,4,low,20625.0,20000.0,22937.5,20000.0,28000.0,Random Forest,7278.46,23607.8,16329.34,30886.26
android,Oppo,A5x,128.0,Oppo A5x | 128GB,8,medium,28250.0,24500.0,32625.0,21500.0,35000.0,Random Forest,7278.46,28260.06,20981.6,35538.51
android,Oppo,A5x,256.0,Oppo A5x | 256GB,1,very_low,49000.0,49000.0,49000.0,49000.0,49000.0,Random Forest,7278.46,29809.39,22530.94,37087.85
android,Oppo,A7,,Oppo A7 | ?GB,1,very_low,15000.0,15000.0,15000.0,15000.0,15000.0,Random Forest,7278.46,17512.58,10234.12,24791.04
android,Oppo,A7,64.0,Oppo A7 | 64GB,1,very_low,16500.0,16500.0,16500.0,16500.0,16500.0,Random Forest,7278.46,22212.58,14934.13,29491.04
android,Oppo,A7,128.0,Oppo A7 | 128GB,1,very_low,17000.0,17000.0,17000.0,17000.0,17000.0,Random Forest,7278.46,23690.25,16411.79,30968.7
android,Oppo,A71,32.0,Oppo A71 | 32GB,1,very_low,6500.0,6500.0,6500.0,6500.0,6500.0,Random Forest,7278.46,8404.58,1126.12,15683.03
android,Oppo,A71,256.0,Oppo A71 | 256GB,1,very_low,12300.0,12300.0,12300.0,12300.0,12300.0,Random Forest,7278.46,13555.79,6277.33,20834.25
android,Oppo,A73,256.0,Oppo A73 | 256GB,1,very_low,32500.0,32500.0,32500.0,32500.0,32500.0,Random Forest,7278.46,35425.51,28147.06,42703.97
android,Oppo,A77,128.0,Oppo A77 | 128GB,1,very_low,27999.0,27999.0,27999.0,27999.0,27999.0,Random Forest,7278.46,29433.18,22154.73,36711.64
android,Oppo,A77s,128.0,Oppo A77s | 128GB,1,very_low,20000.0,20000.0,20000.0,20000.0,20000.0,Random Forest,7278.46,18613.11,11334.65,25891.56
android,Oppo,A78,128.0,Oppo A78 | 128GB,2,very_low,29750.0,28625.0,30875.0,27500.0,32000.0,Random Forest,7278.46,27554.08,20275.63,34832.54
android,Oppo,A78,256.0,Oppo A78 | 256GB,1,very_low,25000.0,25000.0,25000.0,25000.0,25000.0,Random Forest,7278.46,30433.36,23154.91,37711.82
android,Oppo,A83,128.0,Oppo A83 | 128GB,2,very_low,8500.0,8000.0,9000.0,7500.0,9500.0,Random Forest,7278.46,7993.7,715.24,15272.15
android,Oppo,A9,128.0,Oppo A9 | 128GB,1,very_low,27990.0,27990.0,27990.0,27990.0,27990.0,Random Forest,7278.46,30299.68,23021.22,37578.14
android,Oppo,A9,256.0,Oppo A9 | 256GB,1,very_low,29990.0,29990.0,29990.0,29990.0,29990.0,Random Forest,7278.46,31020.19,23741.73,38298.64
android,Oppo,A96,256.0,Oppo A96 | 256GB,1,very_low,29000.0,29000.0,29000.0,29000.0,29000.0,Random Forest,7278.46,43421.4,36142.94,50699.85
android,Oppo,F1,32.0,Oppo F1 | 32GB,1,very_low,6500.0,6500.0,6500.0,6500.0,6500.0,Random Forest,7278.46,12041.8,4763.35,19320.26
android,Oppo,F11,128.0,Oppo F11 | 128GB,2,very_low,20500.0,19000.0,22000.0,17500.0,23500.0,Random Forest,7278.46,18565.57,11287.12,25844.03
android,Oppo,F11,256.0,Oppo F11 | 256GB,1,very_low,12500.0,12500.0,12500.0,12500.0,12500.0,Random Forest,7278.46,22684.56,15406.1,29963.01
android,Oppo,F15,128.0,Oppo F15 | 128GB,3,low,15000.0,15000.0,22500.0,15000.0,30000.0,Random Forest,7278.46,18756.82,11478.36,26035.27
android,Oppo,F17,128.0,Oppo F17 | 128GB,5,low,19000.0,18000.0,21000.0,5500.0,29500.0,Random Forest,7278.46,20588.68,13310.23,27867.14
android,Oppo,F17 Pro,128.0,Oppo F17 Pro | 128GB,1,very_low,20000.0,20000.0,20000.0,20000.0,20000.0,Random Forest,7278.46,20558.78,13280.32,27837.23
android,Oppo,F19,128.0,Oppo F19 | 128GB,3,low,25000.0,22500.0,25000.0,20000.0,25000.0,Random Forest,7278.46,23963.09,16684.63,31241.55
android,Oppo,F19 Pro,128.0,Oppo F19 Pro | 128GB,5,low,31000.0,25000.0,32000.0,20000.0,36000.0,Random Forest,7278.46,26964.77,19686.32,34243.23
android,Oppo,F1s,32.0,Oppo F1s | 32GB,2,very_low,7575.0,7037.5,8112.5,6500.0,8650.0,Random Forest,7278.46,8785.54,1507.09,16064.0
android,Oppo,F1s,64.0,Oppo F1s | 64GB,2,very_low,6500.0,6500.0,6500.0,6500.0,6500.0,Random Forest,7278.46,9414.82,2136.36,16693.27
android,Oppo,F21 Pro,128.0,Oppo F21 Pro | 128GB,2,very_low,37000.0,35500.0,38500.0,34000.0,40000.0,Random Forest,7278.46,39791.24,32512.78,47069.69
android,Oppo,F9,64.0,Oppo F9 | 64GB,1,very_low,12500.0,12500.0,12500.0,12500.0,12500.0,Random Forest,7278.46,16076.55,8798.09,23355.01
android,Oppo,Other model,,Oppo Other model | ?GB,2,very_low,46750.0,35375.0,58125.0,24000.0,69500.0,Random Forest,7278.46,27835.3,20556.84,35113.75
android,Oppo,Other model,64.0,Oppo Other model | 64GB,8,medium,25500.0,23867.5,27492.5,22000.0,30000.0,Random Forest,7278.46,21612.97,14334.51,28891.43
android,Oppo,Other model,128.0,Oppo Other model | 128GB,40,high,33750.0,28500.0,42249.75,13000.0,65000.0,Random Forest,7278.46,33211.91,25933.45,40490.37
android,Oppo,Other model,256.0,Oppo Other model | 256GB,41,high,52000.0,45000.0,65000.0,26999.0,129000.0,Random Forest,7278.46,50826.63,43548.17,58105.08
android,Oppo,R1,256.0,Oppo R1 | 256GB,1,very_low,22000.0,22000.0,22000.0,22000.0,22000.0,Random Forest,7278.46,23782.93,16504.48,31061.39
android,Oppo,R9 Plus,64.0,Oppo R9 Plus | 64GB,1,very_low,9850.0,9850.0,9850.0,9850.0,9850.0,Random Forest,7278.46,19489.43,12210.97,26767.88
android,Oppo,Reno,128.0,Oppo Reno | 128GB,5,low,52500.0,42000.0,52999.0,27500.0,67000.0,Random Forest,7278.46,62880.85,55602.39,70159.31
android,Oppo,Reno,256.0,Oppo Reno | 256GB,16,medium,71499.5,54124.75,93872.5,40000.0,118500.0,Random Forest,7278.46,81902.1,74623.65,89180.56
android,Oppo,Reno,512.0,Oppo Reno | 512GB,1,very_low,110000.0,110000.0,110000.0,110000.0,110000.0,Random Forest,7278.46,83203.25,75924.79,90481.71
android,Oppo,Reno 12,256.0,Oppo Reno 12 | 256GB,4,low,57250.0,53749.75,60875.0,49999.0,65000.0,Random Forest,7278.46,57185.24,49906.78,64463.69
android,Oppo,Reno 12 Pro,512.0,Oppo Reno 12 Pro | 512GB,1,very_low,67000.0,67000.0,67000.0,67000.0,67000.0,Random Forest,7278.46,72173.43,64894.97,79451.89
android,Oppo,Reno 7,256.0,Oppo Reno 7 | 256GB,3,low,46999.0,43499.5,47249.5,40000.0,47500.0,Random Forest,7278.46,51399.65,44121.19,58678.11
android,Oppo,Reno 8,128.0,Oppo Reno 8 | 128GB,1,very_low,39000.0,39000.0,39000.0,39000.0,39000.0,Random Forest,7278.46,41543.11,34264.65,48821.56
android,Oppo,Reno 8,256.0,Oppo Reno 8 | 256GB,2,very_low,53999.0,53499.0,54499.0,52999.0,54999.0,Random Forest,7278.46,51471.32,44192.86,58749.78
android,Oppo,Reno6,128.0,Oppo Reno6 | 128GB,1,very_low,35000.0,35000.0,35000.0,35000.0,35000.0,Random Forest,7278.46,32800.13,25521.68,40078.59
android,Oppo,Reno7 A,128.0,Oppo Reno7 A | 128GB,2,very_low,18250.0,15125.0,21375.0,12000.0,24500.0,Random Forest,7278.46,22679.55,15401.1,29958.01
android,Oscal,Marine 1,128.0,Oscal Marine 1 | 128GB,1,very_low,32990.0,32990.0,32990.0,32990.0,32990.0,Random Forest,7278.46,33181.59,25903.14,40460.05
android,Oscal,Other model,128.0,Oscal Other model | 128GB,1,very_low,45000.0,45000.0,45000.0,45000.0,45000.0,Random Forest,7278.46,26247.19,18968.73,33525.64
android,Oscal,Other model,256.0,Oscal Other model | 256GB,2,very_low,33995.0,30992.5,36997.5,27990.0,40000.0,Random Forest,7278.46,54676.06,47397.6,61954.51
android,Oscal,Pilot 1,256.0,Oscal Pilot 1 | 256GB,1,very_low,68990.0,68990.0,68990.0,68990.0,68990.0,Random Forest,7278.46,73044.63,65766.18,80323.09
android,Other Brand,Other model,,Other Brand Other model | ?GB,8,medium,2600.0,2225.0,3275.0,1100.0,50000.0,Random Forest,7278.46,11326.17,4047.72,18604.63
android,Other Brand,Other model,32.0,Other Brand Other model | 32GB,9,medium,12800.0,7000.0,19000.0,4000.0,21000.0,Random Forest,7278.46,12238.17,4959.71,19516.62
android,Other Brand,Other model,64.0,Other Brand Other model | 64GB,6,low,18250.0,18000.0,18875.0,10500.0,20000.0,Random Forest,7278.46,17068.12,9789.66,24346.57
android,Other Brand,Other model,128.0,Other Brand Other model | 128GB,16,medium,22000.0,15250.0,29750.0,12000.0,35000.0,Random Forest,7278.46,25489.96,18211.51,32768.42
android,Other Brand,Other model,256.0,Other Brand Other model | 256GB,7,low,37000.0,26000.0,44495.0,17000.0,50000.0,Random Forest,7278.46,41233.09,33954.63,48511.55
android,Other Brand,Other model,512.0,Other Brand Other model | 512GB,2,very_low,104250.0,98125.0,110375.0,92000.0,116500.0,Random Forest,7278.46,70722.06,63443.6,78000.51
android,Other Brand,Other model,1024.0,Other Brand Other model | 1024GB,2,very_low,39500.0,33250.0,45750.0,27000.0,52000.0,Random Forest,7278.46,49186.26,41907.8,56464.72
android,Realme,11,256.0,Realme 11 | 256GB,3,low,49990.0,44995.0,54995.0,40000.0,60000.0,Random Forest,7278.46,64227.08,56948.62,71505.54
android,Realme,5,128.0,Realme 5 | 128GB,1,very_low,35000.0,35000.0,35000.0,35000.0,35000.0,Random Forest,7278.46,33454.67,26176.21,40733.13
android,Realme,8,128.0,Realme 8 | 128GB,5,low,27990.0,24000.0,32500.0,23000.0,40000.0,Random Forest,7278.46,27541.03,20262.57,34819.49
android,Realme,C11,,Realme C11 | ?GB,1,very_low,12500.0,12500.0,12500.0,12500.0,12500.0,Random Forest,7278.46,12593.3,5314.84,19871.75
android,Realme,C11,32.0,Realme C11 | 32GB,14,medium,12000.0,10125.0,14375.0,8000.0,18000.0,Random Forest,7278.46,12874.25,5595.79,20152.71
android,Realme,C11,64.0,Realme C11 | 64GB,1,very_low,26000.0,26000.0,26000.0,26000.0,26000.0,Random Forest,7278.46,15671.25,8392.8,22949.71
android,Realme,C15,64.0,Realme C15 | 64GB,3,low,14500.0,13500.0,16250.0,12500.0,18000.0,Random Forest,7278.46,17666.97,10388.52,24945.43
android,Realme,C15,128.0,Realme C15 | 128GB,2,very_low,26000.0,20000.0,32000.0,14000.0,38000.0,Random Forest,7278.46,15939.12,8660.66,23217.58
android,Realme,C20,32.0,Realme C20 | 32GB,3,low,14500.0,12250.0,14750.0,10000.0,15000.0,Random Forest,7278.46,12768.78,5490.33,20047.24
android,Realme,C21Y,,Realme C21Y | ?GB,1,very_low,17000.0,17000.0,17000.0,17000.0,17000.0,Random Forest,7278.46,13509.34,6230.88,20787.8
android,Realme,C21Y,64.0,Realme C21Y | 64GB,3,low,15000.0,15000.0,16000.0,15000.0,17000.0,Random Forest,7278.46,16401.4,9122.94,23679.86
android,Realme,C30s,64.0,Realme C30s | 64GB,2,very_low,14750.0,14625.0,14875.0,14500.0,15000.0,Random Forest,7278.46,16225.39,8946.94,23503.85
android,Realme,C33,64.0,Realme C33 | 64GB,1,very_low,11000.0,11000.0,11000.0,11000.0,11000.0,Random Forest,7278.46,12432.67,5154.22,19711.13
android,Realme,C53,128.0,Realme C53 | 128GB,1,very_low,24000.0,24000.0,24000.0,24000.0,24000.0,Random Forest,7278.46,24160.83,16882.37,31439.29
android,Realme,C53,256.0,Realme C53 | 256GB,1,very_low,30000.0,30000.0,30000.0,30000.0,30000.0,Random Forest,7278.46,30097.57,22819.11,37376.03
android,Realme,C55,64.0,Realme C55 | 64GB,2,very_low,16500.0,14750.0,18250.0,13000.0,20000.0,Random Forest,7278.46,18354.29,11075.84,25632.75
android,Realme,C55,128.0,Realme C55 | 128GB,2,very_low,25500.0,24750.0,26250.0,24000.0,27000.0,Random Forest,7278.46,22880.09,15601.63,30158.55
android,Realme,GT,256.0,Realme GT | 256GB,7,low,65000.0,63250.0,66500.0,23000.0,85000.0,Random Forest,7278.46,58925.76,51647.3,66204.21
android,Realme,Narzo 50A,128.0,Realme Narzo 50A | 128GB,1,very_low,36500.0,36500.0,36500.0,36500.0,36500.0,Random Forest,7278.46,37763.31,30484.85,45041.76
android,Realme,Note 50,64.0,Realme Note 50 | 64GB,1,very_low,22500.0,22500.0,22500.0,22500.0,22500.0,Random Forest,7278.46,40780.45,33501.99,48058.9
android,Realme,Note 50,128.0,Realme Note 50 | 128GB,1,very_low,25500.0,25500.0,25500.0,25500.0,25500.0,Random Forest,7278.46,47183.73,39905.28,54462.19
android,Realme,Note 60,64.0,Realme Note 60 | 64GB,2,very_low,24249.5,23874.75,24624.25,23500.0,24999.0,Random Forest,7278.46,24345.12,17066.67,31623.58
android,Realme,Note 60,128.0,Realme Note 60 | 128GB,1,very_low,25000.0,25000.0,25000.0,25000.0,25000.0,Random Forest,7278.46,22790.44,15511.99,30068.9
android,Realme,Other model,32.0,Realme Other model | 32GB,2,very_low,18000.0,17000.0,19000.0,16000.0,20000.0,Random Forest,7278.46,14985.09,7706.64,22263.55
android,Realme,Other model,64.0,Realme Other model | 64GB,12,medium,22750.0,19742.5,24250.0,14500.0,35000.0,Random Forest,7278.46,22618.47,15340.01,29896.93
android,Realme,Other model,128.0,Realme Other model | 128GB,41,high,31000.0,25000.0,41000.0,16500.0,65000.0,Random Forest,7278.46,36120.69,28842.23,43399.15
android,Realme,Other model,256.0,Realme Other model | 256GB,28,high,56000.0,43700.0,60749.25,27000.0,82000.0,Random Forest,7278.46,53397.73,46119.27,60676.18
android,Realme,Other model,512.0,Realme Other model | 512GB,2,very_low,83750.0,77625.0,89875.0,71500.0,96000.0,Random Forest,7278.46,72990.5,65712.05,80268.96
android,Realme,X50 Pro,128.0,Realme X50 Pro | 128GB,1,very_low,23500.0,23500.0,23500.0,23500.0,23500.0,Random Forest,7278.46,35962.17,28683.72,43240.63
android,Samsung,A Quantum,32.0,Samsung A Quantum | 32GB,1,very_low,25000.0,25000.0,25000.0,25000.0,25000.0,Random Forest,7278.46,17297.75,10019.3,24576.21
android,Samsung,A Quantum,128.0,Samsung A Quantum | 128GB,1,very_low,30000.0,30000.0,30000.0,30000.0,30000.0,Random Forest,7278.46,27767.93,20489.48,35046.39
android,Samsung,B110,,Samsung B110 | ?GB,3,low,6000.0,4750.0,6250.0,3500.0,6500.0,Random Forest,7278.46,7176.01,0.0,14454.47
android,Samsung,B110E,,Samsung B110E | ?GB,1,very_low,2400.0,2400.0,2400.0,2400.0,2400.0,Random Forest,7278.46,7255.55,0.0,14534.0
android,Samsung,B310,,Samsung B310 | ?GB,1,very_low,3000.0,3000.0,3000.0,3000.0,3000.0,Random Forest,7278.46,7264.0,0.0,14542.46
android,Samsung,B310E,,Samsung B310E | ?GB,4,low,3650.0,3250.0,4100.0,2500.0,5000.0,Random Forest,7278.46,7264.0,0.0,14542.46
android,Samsung,Buddy,128.0,Samsung Buddy | 128GB,2,very_low,34500.0,31750.0,37250.0,29000.0,40000.0,Random Forest,7278.46,32760.17,25481.71,40038.62
android,Samsung,F14,128.0,Samsung F14 | 128GB,1,very_low,22000.0,22000.0,22000.0,22000.0,22000.0,Random Forest,7278.46,21815.33,14536.87,29093.78
android,Samsung,F54,256.0,Samsung F54 | 256GB,2,very_low,34750.0,25625.0,43875.0,16500.0,53000.0,Random Forest,7278.46,22194.79,14916.34,29473.25
android,Samsung,Galaxy A01,,Samsung Galaxy A01 | ?GB,1,very_low,8500.0,8500.0,8500.0,8500.0,8500.0,Random Forest,7278.46,9042.43,1763.97,16320.89
android,Samsung,Galaxy A01,32.0,Samsung Galaxy A01 | 32GB,2,very_low,6750.0,6625.0,6875.0,6500.0,7000.0,Random Forest,7278.46,8914.45,1635.99,16192.91
android,Samsung,Galaxy A02s,,Samsung Galaxy A02s | ?GB,1,very_low,10000.0,10000.0,10000.0,10000.0,10000.0,Random Forest,7278.46,14923.31,7644.85,22201.76
android,Samsung,Galaxy A02s,32.0,Samsung Galaxy A02s | 32GB,2,very_low,10250.0,10125.0,10375.0,10000.0,10500.0,Random Forest,7278.46,16293.02,9014.57,23571.48
android,Samsung,Galaxy A02s,64.0,Samsung Galaxy A02s | 64GB,3,low,19000.0,13750.0,27000.0,8500.0,35000.0,Random Forest,7278.46,15482.53,8204.07,22760.99
android,Samsung,Galaxy A03,,Samsung Galaxy A03 | ?GB,1,very_low,5000.0,5000.0,5000.0,5000.0,5000.0,Random Forest,7278.46,14043.75,6765.29,21322.21
android,Samsung,Galaxy A03,32.0,Samsung Galaxy A03 | 32GB,8,medium,16250.0,14187.5,23000.0,13500.0,30000.0,Random Forest,7278.46,15046.59,7768.13,22325.05
android,Samsung,Galaxy A03,64.0,Samsung Galaxy A03 | 64GB,4,low,14000.0,13625.0,14250.0,12500.0,15000.0,Random Forest,7278.46,15003.04,7724.59,22281.5
android,Samsung,Galaxy A03 Core,32.0,Samsung Galaxy A03 Core | 32GB,14,medium,12995.0,11250.0,14325.0,8000.0,19500.0,Random Forest,7278.46,13889.01,6610.55,21167.47
android,Samsung,Galaxy A03 Core,64.0,Samsung Galaxy A03 Core | 64GB,1,very_low,22500.0,22500.0,22500.0,22500.0,22500.0,Random Forest,7278.46,15913.82,8635.37,23192.28
android,Samsung,Galaxy A03s,,Samsung Galaxy A03s | ?GB,1,very_low,20000.0,20000.0,20000.0,20000.0,20000.0,Random Forest,7278.46,14798.64,7520.19,22077.1
android,Samsung,Galaxy A03s,32.0,Samsung Galaxy A03s | 32GB,11,medium,15000.0,12000.0,19000.0,9500.0,25000.0,Random Forest,7278.46,16196.31,8917.85,23474.76
android,Samsung,Galaxy A03s,64.0,Samsung Galaxy A03s | 64GB,17,medium,15000.0,13000.0,17000.0,10000.0,26000.0,Random Forest,7278.46,14973.2,7694.74,22251.65
android,Samsung,Galaxy A03s,128.0,Samsung Galaxy A03s | 128GB,3,low,24999.0,23999.5,25499.0,23000.0,25999.0,Random Forest,7278.46,18402.12,11123.67,25680.58
android,Samsung,Galaxy A04,32.0,Samsung Galaxy A04 | 32GB,8,medium,14500.0,10750.0,16250.0,10000.0,18000.0,Random Forest,7278.46,16290.25,9011.79,23568.71
android,Samsung,Galaxy A04,64.0,Samsung Galaxy A04 | 64GB,10,medium,17000.0,15250.0,18624.25,10000.0,19000.0,Random Forest,7278.46,15941.36,8662.9,23219.81
android,Samsung,Galaxy A04,128.0,Samsung Galaxy A04 | 128GB,1,very_low,15000.0,15000.0,15000.0,15000.0,15000.0,Random Forest,7278.46,14898.33,7619.87,22176.79
android,Samsung,Galaxy A04e,,Samsung Galaxy A04e | ?GB,1,very_low,12000.0,12000.0,12000.0,12000.0,12000.0,Random Forest,7278.46,13384.55,6106.09,20663.01
android,Samsung,Galaxy A04e,32.0,Samsung Galaxy A04e | 32GB,19,medium,16000.0,13000.0,19995.0,9500.0,26000.0,Random Forest,7278.46,13999.66,6721.21,21278.12
android,Samsung,Galaxy A04e,64.0,Samsung Galaxy A04e | 64GB,2,very_low,17750.0,15625.0,19875.0,13500.0,22000.0,Random Forest,7278.46,15929.55,8651.1,23208.01
android,Samsung,Galaxy A04s,,Samsung Galaxy A04s | ?GB,1,very_low,22000.0,22000.0,22000.0,22000.0,22000.0,Random Forest,7278.46,14990.4,7711.95,22268.86
android,Samsung,Galaxy A04s,32.0,Samsung Galaxy A04s | 32GB,1,very_low,23000.0,23000.0,23000.0,23000.0,23000.0,Random Forest,7278.46,15400.47,8122.01,22678.92
android,Samsung,Galaxy A04s,64.0,Samsung Galaxy A04s | 64GB,3,low,15500.0,14750.0,19750.0,14000.0,24000.0,Random Forest,7278.46,17573.71,10295.26,24852.17
android,Samsung,Galaxy A04s,128.0,Samsung Galaxy A04s | 128GB,2,very_low,16500.0,15750.0,17250.0,15000.0,18000.0,Random Forest,7278.46,16867.56,9589.11,24146.02
android,Samsung,Galaxy A05,,Samsung Galaxy A05 | ?GB,3,low,21000.0,20500.0,29500.0,20000.0,38000.0,Random Forest,7278.46,16686.92,9408.46,23965.37
android,Samsung,Galaxy A05,32.0,Samsung Galaxy A05 | 32GB,3,low,24000.0,17500.0,32000.0,11000.0,40000.0,Random Forest,7278.46,17185.69,9907.23,24464.15
android,Samsung,Galaxy A05,64.0,Samsung Galaxy A05 | 64GB,25,high,20000.0,18500.0,23000.0,14000.0,34000.0,Random Forest,7278.46,19845.98,12567.52,27124.44
android,Samsung,Galaxy A05,128.0,Samsung Galaxy A05 | 128GB,9,medium,21500.0,19000.0,23990.0,16000.0,26990.0,Random Forest,7278.46,23968.01,16689.55,31246.47
android,Samsung,Galaxy A05s,64.0,Samsung Galaxy A05s | 64GB,3,low,26500.0,26250.0,29250.0,26000.0,32000.0,Random Forest,7278.46,25350.94,18072.48,32629.39
android,Samsung,Galaxy A05s,128.0,Samsung Galaxy A05s | 128GB,18,medium,26500.0,22375.0,30000.0,18000.0,41500.0,Random Forest,7278.46,29535.71,22257.26,36814.17
android,Samsung,Galaxy A06,,Samsung Galaxy A06 | ?GB,2,very_low,12250.0,8375.0,16125.0,4500.0,20000.0,Random Forest,7278.46,16611.38,9332.93,23889.84
android,Samsung,Galaxy A06,64.0,Samsung Galaxy A06 | 64GB,32,high,22750.0,19500.0,25500.0,12500.0,36990.0,Random Forest,7278.46,23200.03,15921.57,30478.48
android,Samsung,Galaxy A06,128.0,Samsung Galaxy A06 | 128GB,29,high,27000.0,23000.0,31000.0,15000.0,50000.0,Random Forest,7278.46,24467.22,17188.77,31745.68
android,Samsung,Galaxy A07,64.0,Samsung Galaxy A07 | 64GB,17,medium,28500.0,25000.0,32000.0,21500.0,36999.0,Random Forest,7278.46,26007.22,18728.76,33285.67
android,Samsung,Galaxy A07,128.0,Samsung Galaxy A07 | 128GB,22,high,36495.0,30250.0,42000.0,24500.0,58600.0,Random Forest,7278.46,32769.12,25490.67,40047.58
android,Samsung,Galaxy A07,256.0,Samsung Galaxy A07 | 256GB,5,low,38500.0,33500.0,55000.0,33000.0,56000.0,Random Forest,7278.46,38955.24,31676.78,46233.7
android,Samsung,Galaxy A10,,Samsung Galaxy A10 | ?GB,1,very_low,8500.0,8500.0,8500.0,8500.0,8500.0,Random Forest,7278.46,10886.14,3607.68,18164.6
android,Samsung,Galaxy A10,32.0,Samsung Galaxy A10 | 32GB,10,medium,11000.0,10125.0,11874.75,6000.0,13000.0,Random Forest,7278.46,10937.72,3659.27,18216.18
android,Samsung,Galaxy A10s,,Samsung Galaxy A10s | ?GB,1,very_low,12000.0,12000.0,12000.0,12000.0,12000.0,Random Forest,7278.46,10783.88,3505.42,18062.33
android,Samsung,Galaxy A10s,32.0,Samsung Galaxy A10s | 32GB,9,medium,10500.0,9500.0,12000.0,6000.0,15000.0,Random Forest,7278.46,10924.41,3645.95,18202.86
android,Samsung,Galaxy A10s,64.0,Samsung Galaxy A10s | 64GB,2,very_low,18249.5,18124.25,18374.75,17999.0,18500.0,Random Forest,7278.46,14504.18,7225.72,21782.64
android,Samsung,Galaxy A11,32.0,Samsung Galaxy A11 | 32GB,9,medium,15000.0,13500.0,15500.0,12500.0,17500.0,Random Forest,7278.46,13979.86,6701.41,21258.32
android,Samsung,Galaxy A12,32.0,Samsung Galaxy A12 | 32GB,4,low,20500.0,18500.0,21875.0,15500.0,23000.0,Random Forest,7278.46,16920.81,9642.36,24199.27
android,Samsung,Galaxy A12,64.0,Samsung Galaxy A12 | 64GB,16,medium,20750.0,15750.0,23500.0,11500.0,28000.0,Random Forest,7278.46,17609.48,10331.02,24887.93
android,Samsung,Galaxy A12,128.0,Samsung Galaxy A12 | 128GB,11,medium,21500.0,13500.0,23250.0,6500.0,30000.0,Random Forest,7278.46,16838.72,9560.27,24117.18
android,Samsung,Galaxy A13,64.0,Samsung Galaxy A13 | 64GB,7,low,22500.0,20500.0,26250.0,16000.0,34000.0,Random Forest,7278.46,26972.07,19693.61,34250.53
android,Samsung,Galaxy A13,128.0,Samsung Galaxy A13 | 128GB,8,medium,24000.0,20625.0,31250.0,19000.0,35000.0,Random Forest,7278.46,26104.86,18826.4,33383.31
android,Samsung,Galaxy A14,,Samsung Galaxy A14 | ?GB,1,very_low,23000.0,23000.0,23000.0,23000.0,23000.0,Random Forest,7278.46,18238.22,10959.77,25516.68
android,Samsung,Galaxy A14,64.0,Samsung Galaxy A14 | 64GB,7,low,21900.0,20500.0,25250.0,15000.0,28000.0,Random Forest,7278.46,23243.97,15965.52,30522.43
android,Samsung,Galaxy A14,128.0,Samsung Galaxy A14 | 128GB,12,medium,24500.0,21875.0,26125.0,9000.0,40000.0,Random Forest,7278.46,24550.39,17271.94,31828.85
android,Samsung,Galaxy A14,256.0,Samsung Galaxy A14 | 256GB,1,very_low,30000.0,30000.0,30000.0,30000.0,30000.0,Random Forest,7278.46,28049.72,20771.26,35328.17
android,Samsung,Galaxy A15,128.0,Samsung Galaxy A15 | 128GB,40,high,35000.0,30000.0,37125.0,19500.0,50000.0,Random Forest,7278.46,32530.74,25252.28,39809.2
android,Samsung,Galaxy A15,256.0,Samsung Galaxy A15 | 256GB,3,low,49000.0,39250.0,49000.0,29500.0,49000.0,Random Forest,7278.46,37394.26,30115.8,44672.71
android,Samsung,Galaxy A15L,128.0,Samsung Galaxy A15L | 128GB,1,very_low,42000.0,42000.0,42000.0,42000.0,42000.0,Random Forest,7278.46,44146.44,36867.99,51424.9
android,Samsung,Galaxy A16,128.0,Samsung Galaxy A16 | 128GB,22,high,36000.0,32247.5,41499.75,15000.0,68000.0,Random Forest,7278.46,33333.75,26055.3,40612.21
android,Samsung,Galaxy A16,256.0,Samsung Galaxy A16 | 256GB,19,medium,46000.0,37750.0,51000.0,32000.0,62000.0,Random Forest,7278.46,41968.86,34690.4,49247.31
android,Samsung,Galaxy A17,,Samsung Galaxy A17 | ?GB,1,very_low,69500.0,69500.0,69500.0,69500.0,69500.0,Random Forest,7278.46,37136.55,29858.1,44415.01
android,Samsung,Galaxy A17,128.0,Samsung Galaxy A17 | 128GB,22,high,52499.5,46125.0,60750.0,37000.0,85000.0,Random Forest,7278.46,51536.4,44257.95,58814.86
android,Samsung,Galaxy A17,256.0,Samsung Galaxy A17 | 256GB,16,medium,61000.0,53242.25,66625.0,40000.0,89000.0,Random Forest,7278.46,59591.13,52312.67,66869.59
android,Samsung,Galaxy A2 Core,,Samsung Galaxy A2 Core | ?GB,1,very_low,11000.0,11000.0,11000.0,11000.0,11000.0,Random Forest,7278.46,9263.39,1984.93,16541.84
android,Samsung,Galaxy A2 Core,16.0,Samsung Galaxy A2 Core | 16GB,1,very_low,8500.0,8500.0,8500.0,8500.0,8500.0,Random Forest,7278.46,14258.59,6980.13,21537.05
android,Samsung,Galaxy A2 Core,32.0,Samsung Galaxy A2 Core | 32GB,3,low,7500.0,5750.0,7750.0,4000.0,8000.0,Random Forest,7278.46,9136.67,1858.21,16415.13
android,Samsung,Galaxy A20,32.0,Samsung Galaxy A20 | 32GB,10,medium,13000.0,11000.0,14375.0,9000.0,18500.0,Random Forest,7278.46,13448.45,6169.99,20726.9
android,Samsung,Galaxy A20,64.0,Samsung Galaxy A20 | 64GB,2,very_low,13175.0,12587.5,13762.5,12000.0,14350.0,Random Forest,7278.46,14840.4,7561.95,22118.86
android,Samsung,Galaxy A20e,32.0,Samsung Galaxy A20e | 32GB,1,very_low,13000.0,13000.0,13000.0,13000.0,13000.0,Random Forest,7278.46,11132.11,3853.65,18410.56
android,Samsung,Galaxy A20s,32.0,Samsung Galaxy A20s | 32GB,8,medium,16000.0,13500.0,20000.0,10000.0,25000.0,Random Forest,7278.46,16506.51,9228.05,23784.96
android,Samsung,Galaxy A20s,64.0,Samsung Galaxy A20s | 64GB,5,low,15500.0,15000.0,16000.0,9000.0,18000.0,Random Forest,7278.46,14937.36,7658.9,22215.81
android,Samsung,Galaxy A21s,32.0,Samsung Galaxy A21s | 32GB,1,very_low,14000.0,14000.0,14000.0,14000.0,14000.0,Random Forest,7278.46,17032.41,9753.95,24310.86
android,Samsung,Galaxy A21s,64.0,Samsung Galaxy A21s | 64GB,9,medium,20000.0,18000.0,23000.0,16500.0,24990.0,Random Forest,7278.46,21047.88,13769.42,28326.34
android,Samsung,Galaxy A21s,128.0,Samsung Galaxy A21s | 128GB,6,low,22500.0,16625.0,26500.0,13500.0,36000.0,Random Forest,7278.46,26166.24,18887.79,33444.7
android,Samsung,Galaxy A22,64.0,Samsung Galaxy A22 | 64GB,2,very_low,30750.0,26125.0,35375.0,21500.0,40000.0,Random Forest,7278.46,26999.78,19721.32,34278.24
android,Samsung,Galaxy A22,128.0,Samsung Galaxy A22 | 128GB,1,very_low,30000.0,30000.0,30000.0,30000.0,30000.0,Random Forest,7278.46,25898.67,18620.21,33177.12
android,Samsung,Galaxy A23,64.0,Samsung Galaxy A23 | 64GB,1,very_low,25500.0,25500.0,25500.0,25500.0,25500.0,Random Forest,7278.46,26045.78,18767.32,33324.23
android,Samsung,Galaxy A23,128.0,Samsung Galaxy A23 | 128GB,15,medium,30500.0,24250.0,35950.0,15000.0,39999.0,Random Forest,7278.46,28885.51,21607.05,36163.97
android,Samsung,Galaxy A24,128.0,Samsung Galaxy A24 | 128GB,13,medium,35000.0,31000.0,38000.0,26500.0,43500.0,Random Forest,7278.46,35528.99,28250.53,42807.45
android,Samsung,Galaxy A25,,Samsung Galaxy A25 | ?GB,1,very_low,49500.0,49500.0,49500.0,49500.0,49500.0,Random Forest,7278.46,22287.94,15009.48,29566.39
android,Samsung,Galaxy A25,64.0,Samsung Galaxy A25 | 64GB,2,very_low,29000.0,27000.0,31000.0,25000.0,33000.0,Random Forest,7278.46,29482.13,22203.68,36760.59
android,Samsung,Galaxy A25,128.0,Samsung Galaxy A25 | 128GB,17,medium,43000.0,37500.0,48990.0,31000.0,57000.0,Random Forest,7278.46,42912.31,35633.86,50190.77
android,Samsung,Galaxy A25,256.0,Samsung Galaxy A25 | 256GB,5,low,45000.0,40000.0,50000.0,37000.0,55000.0,Random Forest,7278.46,50884.06,43605.6,58162.52
android,Samsung,Galaxy A26,,Samsung Galaxy A26 | ?GB,1,very_low,59990.0,59990.0,59990.0,59990.0,59990.0,Random Forest,7278.46,27681.45,20403.0,34959.91
android,Samsung,Galaxy A26,8.0,Samsung Galaxy A26 | 8GB,1,very_low,53500.0,53500.0,53500.0,53500.0,53500.0,Random Forest,7278.46,37411.13,30132.67,44689.59
android,Samsung,Galaxy A26,128.0,Samsung Galaxy A26 | 128GB,1,very_low,54999.0,54999.0,54999.0,54999.0,54999.0,Random Forest,7278.46,42468.02,35189.57,49746.48
android,Samsung,Galaxy A26,256.0,Samsung Galaxy A26 | 256GB,3,low,50000.0,47000.0,57950.0,44000.0,65900.0,Random Forest,7278.46,54970.68,47692.22,62249.14
android,Samsung,Galaxy A3,16.0,Samsung Galaxy A3 | 16GB,1,very_low,9000.0,9000.0,9000.0,9000.0,9000.0,Random Forest,7278.46,9273.08,1994.62,16551.54
android,Samsung,Galaxy A30,32.0,Samsung Galaxy A30 | 32GB,1,very_low,25000.0,25000.0,25000.0,25000.0,25000.0,Random Forest,7278.46,13997.21,6718.76,21275.67
android,Samsung,Galaxy A30,64.0,Samsung Galaxy A30 | 64GB,8,medium,12750.0,9625.0,17000.0,7500.0,21500.0,Random Forest,7278.46,17124.62,9846.17,24403.08
android,Samsung,Galaxy A30 S,,Samsung Galaxy A30 S | ?GB,1,very_low,20000.0,20000.0,20000.0,20000.0,20000.0,Random Forest,7278.46,15567.65,8289.2,22846.11
android,Samsung,Galaxy A30 S,64.0,Samsung Galaxy A30 S | 64GB,6,low,17750.0,13125.0,25375.0,10000.0,28000.0,Random Forest,7278.46,18252.84,10974.38,25531.3
android,Samsung,Galaxy A31,,Samsung Galaxy A31 | ?GB,1,very_low,18000.0,18000.0,18000.0,18000.0,18000.0,Random Forest,7278.46,17936.43,10657.98,25214.89
android,Samsung,Galaxy A31,64.0,Samsung Galaxy A31 | 64GB,5,low,26000.0,25500.0,27500.0,10000.0,35000.0,Random Forest,7278.46,23099.12,15820.67,30377.58
android,Samsung,Galaxy A31,128.0,Samsung Galaxy A31 | 128GB,5,low,25000.0,24000.0,25500.0,20000.0,32000.0,Random Forest,7278.46,24770.18,17491.72,32048.63
android,Samsung,Galaxy A32,64.0,Samsung Galaxy A32 | 64GB,9,medium,27000.0,21000.0,37000.0,13500.0,37990.0,Random Forest,7278.46,26887.07,19608.61,34165.53
android,Samsung,Galaxy A32,128.0,Samsung Galaxy A32 | 128GB,11,medium,26000.0,18750.0,30000.0,13000.0,37000.0,Random Forest,7278.46,27719.47,20441.02,34997.93
android,Samsung,Galaxy A33,128.0,Samsung Galaxy A33 | 128GB,17,medium,38000.0,34500.0,44999.0,25000.0,50000.0,Random Forest,7278.46,34644.98,27366.53,41923.44
android,Samsung,Galaxy A34,,Samsung Galaxy A34 | ?GB,1,very_low,45000.0,45000.0,45000.0,45000.0,45000.0,Random Forest,7278.46,23051.27,15772.82,30329.73
android,Samsung,Galaxy A34,128.0,Samsung Galaxy A34 | 128GB,18,medium,43750.0,37750.0,49749.0,18000.0,70000.0,Random Forest,7278.46,45374.98,38096.52,52653.44
android,Samsung,Galaxy A34,256.0,Samsung Galaxy A34 | 256GB,1,very_low,48000.0,48000.0,48000.0,48000.0,48000.0,Random Forest,7278.46,52504.89,45226.43,59783.34
android,Samsung,Galaxy A35,,Samsung Galaxy A35 | ?GB,1,very_low,49000.0,49000.0,49000.0,49000.0,49000.0,Random Forest,7278.46,32138.98,24860.52,39417.43
android,Samsung,Galaxy A35,128.0,Samsung Galaxy A35 | 128GB,8,medium,52499.0,47625.0,55375.0,35000.0,75000.0,Random Forest,7278.46,50331.05,43052.59,57609.51
android,Samsung,Galaxy A35,256.0,Samsung Galaxy A35 | 256GB,5,low,55000.0,55000.0,57000.0,52500.0,58500.0,Random Forest,7278.46,54746.1,47467.64,62024.55
android,Samsung,Galaxy A36,,Samsung Galaxy A36 | ?GB,3,low,84500.0,77000.0,86000.0,69500.0,87500.0,Random Forest,7278.46,59852.87,52574.41,67131.32
android,Samsung,Galaxy A36,128.0,Samsung Galaxy A36 | 128GB,4,low,75500.0,64875.0,82625.0,52500.0,84500.0,Random Forest,7278.46,67333.74,60055.29,74612.2
android,Samsung,Galaxy A36,256.0,Samsung Galaxy A36 | 256GB,11,medium,69000.0,63999.5,69995.0,45000.0,110000.0,Random Forest,7278.46,65395.59,58117.14,72674.05
android,Samsung,Galaxy A40,64.0,Samsung Galaxy A40 | 64GB,2,very_low,19750.0,18625.0,20875.0,17500.0,22000.0,Random Forest,7278.46,17734.41,10455.95,25012.87
android,Samsung,Galaxy A42,128.0,Samsung Galaxy A42 | 128GB,5,low,37990.0,34000.0,37990.0,25900.0,42000.0,Random Forest,7278.46,35426.05,28147.59,42704.51
android,Samsung,Galaxy A5,,Samsung Galaxy A5 | ?GB,1,very_low,3500.0,3500.0,3500.0,3500.0,3500.0,Random Forest,7278.46,7264.0,0.0,14542.46
android,Samsung,Galaxy A50,64.0,Samsung Galaxy A50 | 64GB,10,medium,21000.0,17000.0,24500.0,12000.0,30000.0,Random Forest,7278.46,19561.75,12283.29,26840.2
android,Samsung,Galaxy A50,128.0,Samsung Galaxy A50 | 128GB,2,very_low,20749.5,16124.75,25374.25,11500.0,29999.0,Random Forest,7278.46,21825.86,14547.41,29104.32
android,Samsung,Galaxy A50 S,128.0,Samsung Galaxy A50 S | 128GB,6,low,18250.0,16125.0,19625.0,14500.0,21500.0,Random Forest,7278.46,19766.64,12488.19,27045.1
android,Samsung,Galaxy A51,128.0,Samsung Galaxy A51 | 128GB,11,medium,25000.0,19500.0,30500.0,17500.0,42000.0,Random Forest,7278.46,26950.72,19672.26,34229.18
android,Samsung,Galaxy A51,256.0,Samsung Galaxy A51 | 256GB,1,very_low,20000.0,20000.0,20000.0,20000.0,20000.0,Random Forest,7278.46,35454.21,28175.76,42732.67
android,Samsung,Galaxy A52,128.0,Samsung Galaxy A52 | 128GB,7,low,27500.0,26250.0,33250.0,20000.0,45000.0,Random Forest,7278.46,31792.94,24514.48,39071.4
android,Samsung,Galaxy A52s,,Samsung Galaxy A52s | ?GB,1,very_low,36000.0,36000.0,36000.0,36000.0,36000.0,Random Forest,7278.46,21128.78,13850.32,28407.23
android,Samsung,Galaxy A52s,128.0,Samsung Galaxy A52s | 128GB,7,low,35000.0,33500.0,48495.0,24000.0,50000.0,Random Forest,7278.46,35753.94,28475.49,43032.4
android,Samsung,Galaxy A53,128.0,Samsung Galaxy A53 | 128GB,14,medium,47200.0,44242.5,51500.0,35500.0,90000.0,Random Forest,7278.46,46346.83,39068.37,53625.28
android,Samsung,Galaxy A53,256.0,Samsung Galaxy A53 | 256GB,3,low,49999.0,47249.5,74999.5,44500.0,100000.0,Random Forest,7278.46,54965.21,47686.75,62243.67
android,Samsung,Galaxy A54,,Samsung Galaxy A54 | ?GB,1,very_low,49500.0,49500.0,49500.0,49500.0,49500.0,Random Forest,7278.46,41599.04,34320.59,48877.5
android,Samsung,Galaxy A54,64.0,Samsung Galaxy A54 | 64GB,1,very_low,55000.0,55000.0,55000.0,55000.0,55000.0,Random Forest,7278.46,47007.71,39729.25,54286.16
android,Samsung,Galaxy A54,128.0,Samsung Galaxy A54 | 128GB,13,medium,54999.0,50000.0,55000.0,37000.0,65000.0,Random Forest,7278.46,52666.03,45387.57,59944.48
android,Samsung,Galaxy A54,256.0,Samsung Galaxy A54 | 256GB,5,low,55500.0,50000.0,59000.0,46000.0,60000.0,Random Forest,7278.46,57187.49,49909.03,64465.94
android,Samsung,Galaxy A55,128.0,Samsung Galaxy A55 | 128GB,7,low,75000.0,65000.0,77000.0,39000.0,80000.0,Random Forest,7278.46,69916.54,62638.08,77195.0
android,Samsung,Galaxy A55,256.0,Samsung Galaxy A55 | 256GB,14,medium,69000.0,66625.0,74000.0,35000.0,90000.0,Random Forest,7278.46,70422.87,63144.42,77701.33
android,Samsung,Galaxy A56,,Samsung Galaxy A56 | ?GB,1,very_low,89500.0,89500.0,89500.0,89500.0,89500.0,Random Forest,7278.46,78549.2,71270.74,85827.66
android,Samsung,Galaxy A56,128.0,Samsung Galaxy A56 | 128GB,3,low,80000.0,72500.0,81000.0,65000.0,82000.0,Random Forest,7278.46,81185.86,73907.4,88464.31
android,Samsung,Galaxy A56,256.0,Samsung Galaxy A56 | 256GB,13,medium,90000.0,88000.0,100000.0,76000.0,130000.0,Random Forest,7278.46,89539.46,82261.01,96817.92
android,Samsung,Galaxy A6,32.0,Samsung Galaxy A6 | 32GB,1,very_low,9500.0,9500.0,9500.0,9500.0,9500.0,Random Forest,7278.46,10447.43,3168.97,17725.89
android,Samsung,Galaxy A7,64.0,Samsung Galaxy A7 | 64GB,2,very_low,15250.0,10875.0,19625.0,6500.0,24000.0,Random Forest,7278.46,15175.65,7897.19,22454.11
android,Samsung,Galaxy A7,128.0,Samsung Galaxy A7 | 128GB,2,very_low,9750.0,7875.0,11625.0,6000.0,13500.0,Random Forest,7278.46,14367.25,7088.79,21645.7
android,Samsung,Galaxy A70,128.0,Samsung Galaxy A70 | 128GB,2,very_low,23500.0,21750.0,25250.0,20000.0,27000.0,Random Forest,7278.46,26972.87,19694.42,34251.33
android,Samsung,Galaxy A71,128.0,Samsung Galaxy A71 | 128GB,10,medium,30750.0,27424.25,35000.0,19500.0,46000.0,Random Forest,7278.46,31885.0,24606.55,39163.46
android,Samsung,Galaxy A73,32.0,Samsung Galaxy A73 | 32GB,1,very_low,10000.0,10000.0,10000.0,10000.0,10000.0,Random Forest,7278.46,20913.99,13635.53,28192.45
android,Samsung,Galaxy A73,128.0,Samsung Galaxy A73 | 128GB,1,very_low,38000.0,38000.0,38000.0,38000.0,38000.0,Random Forest,7278.46,35705.52,28427.06,42983.98
android,Samsung,Galaxy A73,256.0,Samsung Galaxy A73 | 256GB,1,very_low,48000.0,48000.0,48000.0,48000.0,48000.0,Random Forest,7278.46,38475.04,31196.58,45753.49
android,Samsung,Galaxy A8+,,Samsung Galaxy A8+ | ?GB,1,very_low,10500.0,10500.0,10500.0,10500.0,10500.0,Random Forest,7278.46,11295.94,4017.49,18574.4
android,Samsung,Galaxy A80,128.0,Samsung Galaxy A80 | 128GB,1,very_low,43000.0,43000.0,43000.0,43000.0,43000.0,Random Forest,7278.46,43706.29,36427.84,50984.75
android,Samsung,Galaxy A82,128.0,Samsung Galaxy A82 | 128GB,2,very_low,59000.0,58500.0,59500.0,58000.0,60000.0,Random Forest,7278.46,52396.45,45117.99,59674.91
android,Samsung,Galaxy A9,128.0,Samsung Galaxy A9 | 128GB,3,low,32000.0,31000.0,36000.0,30000.0,40000.0,Random Forest,7278.46,35958.1,28679.65,43236.56
android,Samsung,Galaxy A9,512.0,Samsung Galaxy A9 | 512GB,1,very_low,40000.0,40000.0,40000.0,40000.0,40000.0,Random Forest,7278.46,47240.54,39962.08,54519.0
android,Samsung,Galaxy A90,128.0,Samsung Galaxy A90 | 128GB,5,low,43000.0,35000.0,44000.0,8000.0,45000.0,Random Forest,7278.46,31613.25,24334.79,38891.7
android,Samsung,Galaxy F04,64.0,Samsung Galaxy F04 | 64GB,1,very_low,16500.0,16500.0,16500.0,16500.0,16500.0,Random Forest,7278.46,14840.06,7561.61,22118.52
android,Samsung,Galaxy F05,64.0,Samsung Galaxy F05 | 64GB,4,low,23500.0,21250.0,25125.0,19000.0,25500.0,Random Forest,7278.46,19809.09,12530.63,27087.55
android,Samsung,Galaxy F06,64.0,Samsung Galaxy F06 | 64GB,1,very_low,30000.0,30000.0,30000.0,30000.0,30000.0,Random Forest,7278.46,23176.59,15898.13,30455.05
android,Samsung,Galaxy F06,128.0,Samsung Galaxy F06 | 128GB,8,medium,45499.5,37875.0,47125.0,32500.0,57000.0,Random Forest,7278.46,40565.34,33286.88,47843.79
android,Samsung,Galaxy F07,64.0,Samsung Galaxy F07 | 64GB,3,low,26500.0,25750.0,27000.0,25000.0,27500.0,Random Forest,7278.46,24483.81,17205.35,31762.26
android,Samsung,Galaxy F16,128.0,Samsung Galaxy F16 | 128GB,2,very_low,55500.0,50750.0,60250.0,46000.0,65000.0,Random Forest,7278.46,48522.33,41243.87,55800.78
android,Samsung,Galaxy F17,128.0,Samsung Galaxy F17 | 128GB,1,very_low,44000.0,44000.0,44000.0,44000.0,44000.0,Random Forest,7278.46,19763.7,12485.24,27042.16
android,Samsung,Galaxy F22,64.0,Samsung Galaxy F22 | 64GB,1,very_low,25000.0,25000.0,25000.0,25000.0,25000.0,Random Forest,7278.46,22200.06,14921.6,29478.51
android,Samsung,Galaxy F23,128.0,Samsung Galaxy F23 | 128GB,2,very_low,30000.0,29750.0,30250.0,29500.0,30500.0,Random Forest,7278.46,27284.01,20005.55,34562.47
android,Samsung,Galaxy F42,128.0,Samsung Galaxy F42 | 128GB,1,very_low,30000.0,30000.0,30000.0,30000.0,30000.0,Random Forest,7278.46,27306.73,20028.28,34585.19
android,Samsung,Galaxy F55,,Samsung Galaxy F55 | ?GB,1,very_low,57500.0,57500.0,57500.0,57500.0,57500.0,Random Forest,7278.46,18897.28,11618.83,26175.74
android,Samsung,Galaxy F55,128.0,Samsung Galaxy F55 | 128GB,1,very_low,29000.0,29000.0,29000.0,29000.0,29000.0,Random Forest,7278.46,34692.16,27413.71,41970.62
android,Samsung,Galaxy F55,256.0,Samsung Galaxy F55 | 256GB,1,very_low,59500.0,59500.0,59500.0,59500.0,59500.0,Random Forest,7278.46,62490.93,55212.48,69769.39
android,Samsung,Galaxy Grand,,Samsung Galaxy Grand | ?GB,1,very_low,10500.0,10500.0,10500.0,10500.0,10500.0,Random Forest,7278.46,11295.94,4017.49,18574.4
android,Samsung,Galaxy J1,,Samsung Galaxy J1 | ?GB,5,low,4850.0,3800.0,4990.0,3000.0,8000.0,Random Forest,7278.46,7151.96,0.0,14430.42
android,Samsung,Galaxy J1,32.0,Samsung Galaxy J1 | 32GB,1,very_low,6000.0,6000.0,6000.0,6000.0,6000.0,Random Forest,7278.46,7017.39,0.0,14295.85
android,Samsung,Galaxy J2,,Samsung Galaxy J2 | ?GB,7,low,5000.0,4249.5,5750.0,3000.0,7000.0,Random Forest,7278.46,7201.81,0.0,14480.26
android,Samsung,Galaxy J2,8.0,Samsung Galaxy J2 | 8GB,2,very_low,4750.0,3875.0,5625.0,3000.0,6500.0,Random Forest,7278.46,7201.81,0.0,14480.26
android,Samsung,Galaxy J2,16.0,Samsung Galaxy J2 | 16GB,1,very_low,6000.0,6000.0,6000.0,6000.0,6000.0,Random Forest,7278.46,7201.81,0.0,14480.26
android,Samsung,Galaxy J2,32.0,Samsung Galaxy J2 | 32GB,3,low,4000.0,3500.0,4750.0,3000.0,5500.0,Random Forest,7278.46,7067.24,0.0,14345.7
android,Samsung,Galaxy J3,32.0,Samsung Galaxy J3 | 32GB,1,very_low,4500.0,4500.0,4500.0,4500.0,4500.0,Random Forest,7278.46,11276.86,3998.4,18555.31
android,Samsung,Galaxy J4,,Samsung Galaxy J4 | ?GB,1,very_low,6500.0,6500.0,6500.0,6500.0,6500.0,Random Forest,7278.46,7778.68,500.23,15057.14
android,Samsung,Galaxy J4+,32.0,Samsung Galaxy J4+ | 32GB,1,very_low,12000.0,12000.0,12000.0,12000.0,12000.0,Random Forest,7278.46,11024.84,3746.39,18303.3
android,Samsung,Galaxy J5,,Samsung Galaxy J5 | ?GB,4,low,5250.0,4375.0,5550.0,2500.0,5700.0,Random Forest,7278.46,7274.18,0.0,14552.63
android,Samsung,Galaxy J5,16.0,Samsung Galaxy J5 | 16GB,1,very_low,11000.0,11000.0,11000.0,11000.0,11000.0,Random Forest,7278.46,7274.18,0.0,14552.63
android,Samsung,Galaxy J5,32.0,Samsung Galaxy J5 | 32GB,2,very_low,8500.0,7250.0,9750.0,6000.0,11000.0,Random Forest,7278.46,7139.61,0.0,14418.07
android,Samsung,Galaxy J6,,Samsung Galaxy J6 | ?GB,1,very_low,10000.0,10000.0,10000.0,10000.0,10000.0,Random Forest,7278.46,11113.86,3835.4,18392.32
android,Samsung,Galaxy J6,32.0,Samsung Galaxy J6 | 32GB,3,low,10000.0,8000.0,11250.0,6000.0,12500.0,Random Forest,7278.46,11462.62,4184.17,18741.08
android,Samsung,Galaxy J6,64.0,Samsung Galaxy J6 | 64GB,1,very_low,10500.0,10500.0,10500.0,10500.0,10500.0,Random Forest,7278.46,12410.94,5132.49,19689.4
android,Samsung,Galaxy J6+,32.0,Samsung Galaxy J6+ | 32GB,3,low,11850.0,10925.0,11875.0,10000.0,11900.0,Random Forest,7278.46,12068.17,4789.72,19346.63
android,Samsung,Galaxy J6+,64.0,Samsung Galaxy J6+ | 64GB,4,low,13750.0,12622.5,15000.0,9990.0,18000.0,Random Forest,7278.46,14139.91,6861.45,21418.36
android,Samsung,Galaxy J7,,Samsung Galaxy J7 | ?GB,6,low,7500.0,6000.0,9262.5,3000.0,10000.0,Random Forest,7278.46,9215.84,1937.38,16494.29
android,Samsung,Galaxy J7,16.0,Samsung Galaxy J7 | 16GB,1,very_low,7650.0,7650.0,7650.0,7650.0,7650.0,Random Forest,7278.46,9215.84,1937.38,16494.29
android,Samsung,Galaxy J7,32.0,Samsung Galaxy J7 | 32GB,6,low,9000.0,8625.0,9375.0,7000.0,15000.0,Random Forest,7278.46,9400.93,2122.47,16679.39
android,Samsung,Galaxy J7,64.0,Samsung Galaxy J7 | 64GB,3,low,13000.0,9250.0,14750.0,5500.0,16500.0,Random Forest,7278.46,10531.07,3252.61,17809.52
android,Samsung,Galaxy J7,128.0,Samsung Galaxy J7 | 128GB,1,very_low,4500.0,4500.0,4500.0,4500.0,4500.0,Random Forest,7278.46,8005.51,727.05,15283.96
android,Samsung,Galaxy J7,256.0,Samsung Galaxy J7 | 256GB,1,very_low,9000.0,9000.0,9000.0,9000.0,9000.0,Random Forest,7278.46,13654.19,6375.73,20932.64
android,Samsung,Galaxy J8,64.0,Samsung Galaxy J8 | 64GB,1,very_low,16500.0,16500.0,16500.0,16500.0,16500.0,Random Forest,7278.46,14911.99,7633.54,22190.45
android,Samsung,Galaxy Jump,128.0,Samsung Galaxy Jump | 128GB,2,very_low,34000.0,32000.0,36000.0,30000.0,38000.0,Random Forest,7278.46,33691.23,26412.77,40969.69
android,Samsung,Galaxy M01,32.0,Samsung Galaxy M01 | 32GB,5,low,11500.0,10000.0,12000.0,8500.0,15000.0,Random Forest,7278.46,12000.22,4721.76,19278.67
android,Samsung,Galaxy M01 Core,,Samsung Galaxy M01 Core | ?GB,2,very_low,6000.0,5250.0,6750.0,4500.0,7500.0,Random Forest,7278.46,9064.64,1786.18,16343.1
android,Samsung,Galaxy M01 Core,16.0,Samsung Galaxy M01 Core | 16GB,2,very_low,8000.0,7000.0,9000.0,6000.0,10000.0,Random Forest,7278.46,9064.64,1786.18,16343.1
android,Samsung,Galaxy M01 Core,32.0,Samsung Galaxy M01 Core | 32GB,4,low,7000.0,4750.0,9500.0,4000.0,11000.0,Random Forest,7278.46,8936.66,1658.2,16215.12
android,Samsung,Galaxy M01s,32.0,Samsung Galaxy M01s | 32GB,5,low,10000.0,7500.0,11000.0,5500.0,12000.0,Random Forest,7278.46,9207.96,1929.5,16486.41
android,Samsung,Galaxy M02,,Samsung Galaxy M02 | ?GB,2,very_low,16750.0,13625.0,19875.0,10500.0,23000.0,Random Forest,7278.46,10459.53,3181.07,17737.98
android,Samsung,Galaxy M02,32.0,Samsung Galaxy M02 | 32GB,30,high,11750.0,10125.0,13500.0,5000.0,20000.0,Random Forest,7278.46,11464.66,4186.2,18743.11
android,Samsung,Galaxy M02,64.0,Samsung Galaxy M02 | 64GB,5,low,9500.0,7500.0,11000.0,7000.0,18500.0,Random Forest,7278.46,13470.02,6191.56,20748.47
android,Samsung,Galaxy M02,128.0,Samsung Galaxy M02 | 128GB,1,very_low,11500.0,11500.0,11500.0,11500.0,11500.0,Random Forest,7278.46,11626.38,4347.92,18904.84
android,Samsung,Galaxy M02,1024.0,Samsung Galaxy M02 | 1024GB,2,very_low,11750.0,11375.0,12125.0,11000.0,12500.0,Random Forest,7278.46,16782.64,9504.18,24061.09
android,Samsung,Galaxy M02s,,Samsung Galaxy M02s | ?GB,2,very_low,13000.0,12500.0,13500.0,12000.0,14000.0,Random Forest,7278.46,14199.39,6920.93,21477.85
android,Samsung,Galaxy M02s,32.0,Samsung Galaxy M02s | 32GB,10,medium,14250.0,13500.0,15600.0,6500.0,17000.0,Random Forest,7278.46,14104.38,6825.92,21382.84
android,Samsung,Galaxy M02s,64.0,Samsung Galaxy M02s | 64GB,9,medium,16500.0,15500.0,18000.0,14500.0,22500.0,Random Forest,7278.46,17159.86,9881.41,24438.32
android,Samsung,Galaxy M04,64.0,Samsung Galaxy M04 | 64GB,7,low,16000.0,13750.0,20000.0,10500.0,27000.0,Random Forest,7278.46,14883.98,7605.53,22162.44
android,Samsung,Galaxy M04,128.0,Samsung Galaxy M04 | 128GB,3,low,16000.0,15500.0,16250.0,15000.0,16500.0,Random Forest,7278.46,15438.77,8160.31,22717.23
android,Samsung,Galaxy M05,64.0,Samsung Galaxy M05 | 64GB,1,very_low,23000.0,23000.0,23000.0,23000.0,23000.0,Random Forest,7278.46,21752.92,14474.46,29031.38
android,Samsung,Galaxy M10,32.0,Samsung Galaxy M10 | 32GB,5,low,12000.0,12000.0,13000.0,10500.0,14000.0,Random Forest,7278.46,13151.15,5872.69,20429.6
android,Samsung,Galaxy M10,64.0,Samsung Galaxy M10 | 64GB,1,very_low,15000.0,15000.0,15000.0,15000.0,15000.0,Random Forest,7278.46,14461.39,7182.93,21739.85
android,Samsung,Galaxy M11,32.0,Samsung Galaxy M11 | 32GB,10,medium,13250.0,10500.0,14625.0,6500.0,19500.0,Random Forest,7278.46,13500.67,6222.21,20779.12
android,Samsung,Galaxy M11,64.0,Samsung Galaxy M11 | 64GB,1,very_low,14000.0,14000.0,14000.0,14000.0,14000.0,Random Forest,7278.46,15070.78,7792.32,22349.23
android,Samsung,Galaxy M12,64.0,Samsung Galaxy M12 | 64GB,5,low,18500.0,16990.0,22000.0,15000.0,22999.0,Random Forest,7278.46,17610.58,10332.12,24889.04
android,Samsung,Galaxy M13,64.0,Samsung Galaxy M13 | 64GB,4,low,18950.0,17300.0,20997.5,15500.0,23990.0,Random Forest,7278.46,18004.37,10725.92,25282.83
android,Samsung,Galaxy M13,128.0,Samsung Galaxy M13 | 128GB,1,very_low,20000.0,20000.0,20000.0,20000.0,20000.0,Random Forest,7278.46,15836.88,8558.43,23115.34
android,Samsung,Galaxy M14,64.0,Samsung Galaxy M14 | 64GB,6,low,26495.0,21247.5,29500.0,15000.0,32500.0,Random Forest,7278.46,26589.73,19311.28,33868.19
android,Samsung,Galaxy M14,128.0,Samsung Galaxy M14 | 128GB,10,medium,31750.0,27624.75,36625.0,25000.0,47990.0,Random Forest,7278.46,32228.82,24950.37,39507.28
android,Samsung,Galaxy M15,128.0,Samsung Galaxy M15 | 128GB,13,medium,42000.0,31500.0,44999.0,28500.0,50000.0,Random Forest,7278.46,34301.47,27023.02,41579.93
android,Samsung,Galaxy M15,256.0,Samsung Galaxy M15 | 256GB,1,very_low,45990.0,45990.0,45990.0,45990.0,45990.0,Random Forest,7278.46,45082.3,37803.84,52360.75
android,Samsung,Galaxy M16,128.0,Samsung Galaxy M16 | 128GB,2,very_low,48750.0,48125.0,49375.0,47500.0,50000.0,Random Forest,7278.46,40887.91,33609.46,48166.37
android,Samsung,Galaxy M16,256.0,Samsung Galaxy M16 | 256GB,1,very_low,52000.0,52000.0,52000.0,52000.0,52000.0,Random Forest,7278.46,45235.94,37957.48,52514.39
android,Samsung,Galaxy M17,128.0,Samsung Galaxy M17 | 128GB,8,medium,49000.0,45500.0,57500.0,40000.0,70000.0,Random Forest,7278.46,41124.97,33846.52,48403.43
android,Samsung,Galaxy M20,,Samsung Galaxy M20 | ?GB,5,low,19989.0,19960.0,19990.0,19959.0,20000.0,Random Forest,7278.46,15069.89,7791.43,22348.34
android,Samsung,Galaxy M20,32.0,Samsung Galaxy M20 | 32GB,5,low,15000.0,13000.0,17000.0,12000.0,18500.0,Random Forest,7278.46,15067.63,7789.17,22346.08
android,Samsung,Galaxy M21,64.0,Samsung Galaxy M21 | 64GB,8,medium,14975.0,10875.0,16875.0,8000.0,20000.0,Random Forest,7278.46,17873.04,10594.58,25151.5
android,Samsung,Galaxy M21,128.0,Samsung Galaxy M21 | 128GB,7,low,18000.0,12750.0,19250.0,9000.0,24500.0,Random Forest,7278.46,17327.16,10048.7,24605.61
android,Samsung,Galaxy M21s,,Samsung Galaxy M21s | ?GB,1,very_low,10000.0,10000.0,10000.0,10000.0,10000.0,Random Forest,7278.46,11256.96,3978.51,18535.42
android,Samsung,Galaxy M23,128.0,Samsung Galaxy M23 | 128GB,7,low,35990.0,30500.0,35990.0,25000.0,40000.0,Random Forest,7278.46,32065.2,24786.75,39343.66
android,Samsung,Galaxy M31,64.0,Samsung Galaxy M31 | 64GB,1,very_low,22500.0,22500.0,22500.0,22500.0,22500.0,Random Forest,7278.46,18619.09,11340.63,25897.55
android,Samsung,Galaxy M31,128.0,Samsung Galaxy M31 | 128GB,11,medium,25000.0,17250.0,27500.0,15000.0,35000.0,Random Forest,7278.46,26378.45,19100.0,33656.91
android,Samsung,Galaxy M31 Prime,128.0,Samsung Galaxy M31 Prime | 128GB,3,low,28000.0,24000.0,28250.0,20000.0,28500.0,Random Forest,7278.46,25663.03,18384.57,32941.48
android,Samsung,Galaxy M32,128.0,Samsung Galaxy M32 | 128GB,6,low,24245.0,22497.5,27125.0,19000.0,28000.0,Random Forest,7278.46,25242.11,17963.65,32520.57
android,Samsung,Galaxy M33,,Samsung Galaxy M33 | ?GB,1,very_low,34500.0,34500.0,34500.0,34500.0,34500.0,Random Forest,7278.46,19679.16,12400.7,26957.62
android,Samsung,Galaxy M33,128.0,Samsung Galaxy M33 | 128GB,15,medium,32000.0,27750.0,36995.0,23500.0,45000.0,Random Forest,7278.46,32503.6,25225.14,39782.05
android,Samsung,Galaxy M34,128.0,Samsung Galaxy M34 | 128GB,2,very_low,41250.0,36875.0,45625.0,32500.0,50000.0,Random Forest,7278.46,32530.74,25252.28,39809.2
android,Samsung,Galaxy M36,128.0,Samsung Galaxy M36 | 128GB,1,very_low,47500.0,47500.0,47500.0,47500.0,47500.0,Random Forest,7278.46,47667.85,40389.39,54946.31
android,Samsung,Galaxy M42,128.0,Samsung Galaxy M42 | 128GB,1,very_low,26500.0,26500.0,26500.0,26500.0,26500.0,Random Forest,7278.46,25473.93,18195.48,32752.39
android,Samsung,Galaxy M44,128.0,Samsung Galaxy M44 | 128GB,1,very_low,42500.0,42500.0,42500.0,42500.0,42500.0,Random Forest,7278.46,44367.89,37089.44,51646.35
android,Samsung,Galaxy M51,128.0,Samsung Galaxy M51 | 128GB,2,very_low,46000.0,43000.0,49000.0,40000.0,52000.0,Random Forest,7278.46,43865.24,36586.78,51143.7
android,Samsung,Galaxy M52,128.0,Samsung Galaxy M52 | 128GB,1,very_low,32000.0,32000.0,32000.0,32000.0,32000.0,Random Forest,7278.46,32425.57,25147.11,39704.02
android,Samsung,Galaxy M53,128.0,Samsung Galaxy M53 | 128GB,7,low,48900.0,46949.5,48990.0,36500.0,49990.0,Random Forest,7278.46,45585.59,38307.13,52864.04
android,Samsung,Galaxy M55,,Samsung Galaxy M55 | ?GB,1,very_low,59500.0,59500.0,59500.0,59500.0,59500.0,Random Forest,7278.46,17089.28,9810.83,24367.74
android,Samsung,Galaxy M55,256.0,Samsung Galaxy M55 | 256GB,1,very_low,55000.0,55000.0,55000.0,55000.0,55000.0,Random Forest,7278.46,38041.67,30763.22,45320.13
android,Samsung,Galaxy M55,512.0,Samsung Galaxy M55 | 512GB,1,very_low,10000.0,10000.0,10000.0,10000.0,10000.0,Random Forest,7278.46,44879.43,37600.98,52157.89
android,Samsung,Galaxy Note 10,128.0,Samsung Galaxy Note 10 | 128GB,2,very_low,22500.0,16250.0,28750.0,10000.0,35000.0,Random Forest,7278.46,25139.54,17861.08,32418.0
android,Samsung,Galaxy Note 10,256.0,Samsung Galaxy Note 10 | 256GB,3,low,40000.0,29250.0,51500.0,18500.0,63000.0,Random Forest,7278.46,28455.27,21176.81,35733.72
android,Samsung,Galaxy Note 10 Plus,256.0,Samsung Galaxy Note 10 Plus | 256GB,9,medium,56000.0,45000.0,68000.0,25000.0,85000.0,Random Forest,7278.46,54485.02,47206.56,61763.48
android,Samsung,Galaxy Note 10 Plus,512.0,Samsung Galaxy Note 10 Plus | 512GB,1,very_low,75000.0,75000.0,75000.0,75000.0,75000.0,Random Forest,7278.46,58442.06,51163.6,65720.51
android,Samsung,Galaxy Note 20,128.0,Samsung Galaxy Note 20 | 128GB,2,very_low,47750.0,46875.0,48625.0,46000.0,49500.0,Random Forest,7278.46,60187.74,52909.28,67466.19
android,Samsung,Galaxy Note 20,256.0,Samsung Galaxy Note 20 | 256GB,14,medium,68950.0,56375.0,70750.0,32000.0,82900.0,Random Forest,7278.46,65115.95,57837.49,72394.4
android,Samsung,Galaxy Note 20 Ultra,128.0,Samsung Galaxy Note 20 Ultra | 128GB,1,very_low,89000.0,89000.0,89000.0,89000.0,89000.0,Random Forest,7278.46,70710.54,63432.09,77989.0
android,Samsung,Galaxy Note 20 Ultra,256.0,Samsung Galaxy Note 20 Ultra | 256GB,13,medium,75000.0,58000.0,94000.0,47500.0,98000.0,Random Forest,7278.46,71682.55,64404.09,78961.0
android,Samsung,Galaxy Note 20 Ultra,512.0,Samsung Galaxy Note 20 Ultra | 512GB,1,very_low,40000.0,40000.0,40000.0,40000.0,40000.0,Random Forest,7278.46,68320.33,61041.87,75598.78
android,Samsung,Galaxy Note 3,,Samsung Galaxy Note 3 | ?GB,1,very_low,3500.0,3500.0,3500.0,3500.0,3500.0,Random Forest,7278.46,11256.96,3978.51,18535.42
android,Samsung,Galaxy Note 4,32.0,Samsung Galaxy Note 4 | 32GB,3,low,9200.0,7600.0,9525.0,6000.0,9850.0,Random Forest,7278.46,9911.22,2632.77,17189.68
android,Samsung,Galaxy Note 8,,Samsung Galaxy Note 8 | ?GB,1,very_low,38000.0,38000.0,38000.0,38000.0,38000.0,Random Forest,7278.46,14330.22,7051.77,21608.68
android,Samsung,Galaxy Note 8,64.0,Samsung Galaxy Note 8 | 64GB,2,very_low,28500.0,26750.0,30250.0,25000.0,32000.0,Random Forest,7278.46,25153.08,17874.62,32431.53
android,Samsung,Galaxy Note 9,128.0,Samsung Galaxy Note 9 | 128GB,3,low,39990.0,33995.0,42945.0,28000.0,45900.0,Random Forest,7278.46,36364.29,29085.84,43642.75
android,Samsung,Galaxy Note 9,256.0,Samsung Galaxy Note 9 | 256GB,2,very_low,37500.0,37250.0,37750.0,37000.0,38000.0,Random Forest,7278.46,41375.55,34097.09,48654.0
android,Samsung,Galaxy Note 9,512.0,Samsung Galaxy Note 9 | 512GB,1,very_low,16000.0,16000.0,16000.0,16000.0,16000.0,Random Forest,7278.46,40414.24,33135.78,47692.69
android,Samsung,Galaxy On7,32.0,Samsung Galaxy On7 | 32GB,1,very_low,10000.0,10000.0,10000.0,10000.0,10000.0,Random Forest,7278.46,11124.42,3845.96,18402.88
android,Samsung,Galaxy S10,,Samsung Galaxy S10 | ?GB,1,very_low,33500.0,33500.0,33500.0,33500.0,33500.0,Random Forest,7278.46,19435.94,12157.49,26714.4
android,Samsung,Galaxy S10,128.0,Samsung Galaxy S10 | 128GB,15,medium,38500.0,35000.0,46000.0,25000.0,52900.0,Random Forest,7278.46,43658.42,36379.97,50936.88
android,Samsung,Galaxy S10,256.0,Samsung Galaxy S10 | 256GB,10,medium,60449.5,59922.5,62727.25,10000.0,65900.0,Random Forest,7278.46,61719.69,54441.23,68998.14
android,Samsung,Galaxy S10,512.0,Samsung Galaxy S10 | 512GB,2,very_low,59750.0,57125.0,62375.0,54500.0,65000.0,Random Forest,7278.46,59584.91,52306.45,66863.37
android,Samsung,Galaxy S10 Plus,,Samsung Galaxy S10 Plus | ?GB,1,very_low,10500.0,10500.0,10500.0,10500.0,10500.0,Random Forest,7278.46,26264.25,18985.79,33542.71
android,Samsung,Galaxy S10 Plus,128.0,Samsung Galaxy S10 Plus | 128GB,4,low,48000.0,41500.0,49750.0,22000.0,55000.0,Random Forest,7278.46,45252.34,37973.89,52530.8
android,Samsung,Galaxy S10 Plus,256.0,Samsung Galaxy S10 Plus | 256GB,8,medium,60500.0,58750.0,64922.5,28000.0,64990.0,Random Forest,7278.46,54555.07,47276.61,61833.52
android,Samsung,Galaxy S10 Plus,512.0,Samsung Galaxy S10 Plus | 512GB,5,low,69900.0,64990.0,69990.0,56000.0,69990.0,Random Forest,7278.46,61710.2,54431.74,68988.65
android,Samsung,Galaxy S10e,128.0,Samsung Galaxy S10e | 128GB,5,low,28500.0,26000.0,35490.0,18000.0,36500.0,Random Forest,7278.46,29573.25,22294.79,36851.7
android,Samsung,Galaxy S20,128.0,Samsung Galaxy S20 | 128GB,9,medium,35000.0,27000.0,40000.0,24000.0,58000.0,Random Forest,7278.46,38167.24,30888.78,45445.7
android,Samsung,Galaxy S20,256.0,Samsung Galaxy S20 | 256GB,2,very_low,32999.5,24499.75,41499.25,16000.0,49999.0,Random Forest,7278.46,55307.48,48029.02,62585.94
android,Samsung,Galaxy S20 Ultra,128.0,Samsung Galaxy S20 Ultra | 128GB,3,low,44999.0,36499.5,54999.5,28000.0,65000.0,Random Forest,7278.46,70570.18,63291.72,77848.63
android,Samsung,Galaxy S20 Ultra,256.0,Samsung Galaxy S20 Ultra | 256GB,4,low,65000.0,59500.0,73000.0,58000.0,82000.0,Random Forest,7278.46,77772.99,70494.54,85051.45
android,Samsung,Galaxy S20+,,Samsung Galaxy S20+ | ?GB,1,very_low,18000.0,18000.0,18000.0,18000.0,18000.0,Random Forest,7278.46,25013.68,17735.22,32292.14
android,Samsung,Galaxy S20+,128.0,Samsung Galaxy S20+ | 128GB,6,low,24004.0,20375.0,28752.0,12500.0,36500.0,Random Forest,7278.46,32069.16,24790.7,39347.62
android,Samsung,Galaxy S20+,256.0,Samsung Galaxy S20+ | 256GB,6,low,46495.0,41172.5,59250.0,25000.0,65000.0,Random Forest,7278.46,50708.82,43430.36,57987.27
android,Samsung,Galaxy S20FE,128.0,Samsung Galaxy S20FE | 128GB,24,high,49900.0,45000.0,53990.0,30000.0,60000.0,Random Forest,7278.46,48828.94,41550.48,56107.4
android,Samsung,Galaxy S20FE,256.0,Samsung Galaxy S20FE | 256GB,3,low,49999.0,49994.5,51994.5,49990.0,53990.0,Random Forest,7278.46,57705.19,50426.73,64983.64
android,Samsung,Galaxy S21,,Samsung Galaxy S21 | ?GB,1,very_low,35000.0,35000.0,35000.0,35000.0,35000.0,Random Forest,7278.46,53530.12,46251.66,60808.58
android,Samsung,Galaxy S21,128.0,Samsung Galaxy S21 | 128GB,3,low,59000.0,54000.0,62000.0,49000.0,65000.0,Random Forest,7278.46,59537.95,52259.49,66816.4
android,Samsung,Galaxy S21,256.0,Samsung Galaxy S21 | 256GB,20,high,62450.0,57625.0,65000.0,20000.0,70000.0,Random Forest,7278.46,62533.9,55255.44,69812.35
android,Samsung,Galaxy S21 FE,,Samsung Galaxy S21 FE | ?GB,1,very_low,49000.0,49000.0,49000.0,49000.0,49000.0,Random Forest,7278.46,35568.85,28290.4,42847.31
android,Samsung,Galaxy S21 FE,128.0,Samsung Galaxy S21 FE | 128GB,15,medium,54990.0,40000.0,61494.5,27000.0,64998.0,Random Forest,7278.46,55140.21,47861.75,62418.66
android,Samsung,Galaxy S21 FE,256.0,Samsung Galaxy S21 FE | 256GB,12,medium,53500.0,39250.0,60492.25,25000.0,65000.0,Random Forest,7278.46,57733.07,50454.62,65011.53
android,Samsung,Galaxy S21 Plus,,Samsung Galaxy S21 Plus | ?GB,1,very_low,15000.0,15000.0,15000.0,15000.0,15000.0,Random Forest,7278.46,58491.95,51213.49,65770.4
android,Samsung,Galaxy S21 Plus,128.0,Samsung Galaxy S21 Plus | 128GB,5,low,63990.0,63500.0,63990.0,62500.0,64000.0,Random Forest,7278.46,68621.42,61342.96,75899.88
android,Samsung,Galaxy S21 Plus,256.0,Samsung Galaxy S21 Plus | 256GB,5,low,65000.0,57000.0,74000.0,26000.0,82000.0,Random Forest,7278.46,66471.78,59193.32,73750.24
android,Samsung,Galaxy S21 Plus,512.0,Samsung Galaxy S21 Plus | 512GB,1,very_low,60000.0,60000.0,60000.0,60000.0,60000.0,Random Forest,7278.46,64030.99,56752.54,71309.45
android,Samsung,Galaxy S21 Ultra,,Samsung Galaxy S21 Ultra | ?GB,1,very_low,68500.0,68500.0,68500.0,68500.0,68500.0,Random Forest,7278.46,70710.54,63432.09,77989.0
android,Samsung,Galaxy S21 Ultra,128.0,Samsung Galaxy S21 Ultra | 128GB,6,low,59000.0,55750.0,60000.0,48000.0,65000.0,Random Forest,7278.46,70710.54,63432.09,77989.0
android,Samsung,Galaxy S21 Ultra,256.0,Samsung Galaxy S21 Ultra | 256GB,10,medium,87250.0,81250.0,104747.5,50000.0,106990.0,Random Forest,7278.46,71682.55,64404.09,78961.0
android,Samsung,Galaxy S21 Ultra,512.0,Samsung Galaxy S21 Ultra | 512GB,1,very_low,67000.0,67000.0,67000.0,67000.0,67000.0,Random Forest,7278.46,68320.33,61041.87,75598.78
android,Samsung,Galaxy S22,,Samsung Galaxy S22 | ?GB,1,very_low,75500.0,75500.0,75500.0,75500.0,75500.0,Random Forest,7278.46,50079.68,42801.22,57358.13
android,Samsung,Galaxy S22,128.0,Samsung Galaxy S22 | 128GB,15,medium,68990.0,42500.0,69950.0,32000.0,79990.0,Random Forest,7278.46,54828.17,47549.71,62106.63
android,Samsung,Galaxy S22,256.0,Samsung Galaxy S22 | 256GB,42,high,79450.0,47500.0,84990.0,27500.0,88000.0,Random Forest,7278.46,57232.93,49954.47,64511.38
android,Samsung,Galaxy S22 Ultra,,Samsung Galaxy S22 Ultra | ?GB,1,very_low,99000.0,99000.0,99000.0,99000.0,99000.0,Random Forest,7278.46,92430.88,85152.42,99709.33
android,Samsung,Galaxy S22 Ultra,128.0,Samsung Galaxy S22 Ultra | 128GB,12,medium,95000.0,90625.0,109999.25,48000.0,120000.0,Random Forest,7278.46,97483.04,90204.58,104761.49
android,Samsung,Galaxy S22 Ultra,256.0,Samsung Galaxy S22 Ultra | 256GB,29,high,112000.0,85000.0,123990.0,45000.0,129999.0,Random Forest,7278.46,106473.67,99195.21,113752.12
android,Samsung,Galaxy S22 Ultra,512.0,Samsung Galaxy S22 Ultra | 512GB,6,low,92500.0,81250.0,107500.0,69000.0,113000.0,Random Forest,7278.46,106723.18,99444.72,114001.64
android,Samsung,Galaxy S22+,128.0,Samsung Galaxy S22+ | 128GB,4,low,85250.0,80000.0,86000.0,65000.0,87500.0,Random Forest,7278.46,82741.49,75463.04,90019.95
android,Samsung,Galaxy S22+,256.0,Samsung Galaxy S22+ | 256GB,18,medium,94990.0,86225.0,95375.0,42000.0,100000.0,Random Forest,7278.46,85384.19,78105.74,92662.65
android,Samsung,Galaxy S23,128.0,Samsung Galaxy S23 | 128GB,20,high,87900.0,84987.5,89500.0,13000.0,99900.0,Random Forest,7278.46,83439.95,76161.5,90718.41
android,Samsung,Galaxy S23,256.0,Samsung Galaxy S23 | 256GB,32,high,99745.0,91499.75,105222.5,27500.0,115000.0,Random Forest,7278.46,92663.26,85384.8,99941.71
android,Samsung,Galaxy S23,512.0,Samsung Galaxy S23 | 512GB,6,low,109945.0,104922.5,114967.5,98000.0,114990.0,Random Forest,7278.46,104847.31,97568.85,112125.76
android,Samsung,Galaxy S23 FE,128.0,Samsung Galaxy S23 FE | 128GB,11,medium,88499.0,82495.0,88995.0,77000.0,98000.0,Random Forest,7278.46,85928.37,78649.91,93206.82
android,Samsung,Galaxy S23 FE,256.0,Samsung Galaxy S23 FE | 256GB,43,high,87988.0,84996.5,92750.0,73000.0,125000.0,Random Forest,7278.46,89295.25,82016.79,96573.71
android,Samsung,Galaxy S23 Ultra,256.0,Samsung Galaxy S23 Ultra | 256GB,25,high,85900.0,73000.0,109000.0,41000.0,130000.0,Random Forest,7278.46,90687.33,83408.88,97965.79
android,Samsung,Galaxy S23 Ultra,512.0,Samsung Galaxy S23 Ultra | 512GB,5,low,96000.0,93500.0,110000.0,83500.0,115000.0,Random Forest,7278.46,93902.44,86623.99,101180.9
android,Samsung,Galaxy S23+,256.0,Samsung Galaxy S23+ | 256GB,10,medium,105000.0,99249.75,119240.0,75000.0,128900.0,Random Forest,7278.46,110761.68,103483.22,118040.13
android,Samsung,Galaxy S23+,512.0,Samsung Galaxy S23+ | 512GB,4,low,124490.0,119967.5,129217.5,119900.0,129900.0,Random Forest,7278.46,118527.77,111249.31,125806.23
android,Samsung,Galaxy S24,128.0,Samsung Galaxy S24 | 128GB,6,low,114994.5,107496.75,114999.75,100000.0,119000.0,Random Forest,7278.46,115885.71,108607.25,123164.16
android,Samsung,Galaxy S24,256.0,Samsung Galaxy S24 | 256GB,28,high,124995.0,119672.5,127245.0,87500.0,130000.0,Random Forest,7278.46,123377.23,116098.77,130655.68
android,Samsung,Galaxy S24,512.0,Samsung Galaxy S24 | 512GB,6,low,129900.0,126975.0,129967.5,126000.0,130000.0,Random Forest,7278.46,122594.85,115316.39,129873.3
android,Samsung,Galaxy S24 FE,,Samsung Galaxy S24 FE | ?GB,2,very_low,112500.0,111250.0,113750.0,110000.0,115000.0,Random Forest,7278.46,104267.74,96989.29,111546.2
android,Samsung,Galaxy S24 FE,128.0,Samsung Galaxy S24 FE | 128GB,5,low,99998.0,99997.0,110000.0,99990.0,120000.0,Random Forest,7278.46,105071.08,97792.63,112349.54
android,Samsung,Galaxy S24 FE,256.0,Samsung Galaxy S24 FE | 256GB,11,medium,104990.0,101500.0,110450.0,94990.0,120000.0,Random Forest,7278.46,109566.55,102288.1,116845.01
android,Samsung,Galaxy S24 Ultra,256.0,Samsung Galaxy S24 Ultra | 256GB,1,very_low,117000.0,117000.0,117000.0,117000.0,117000.0,Random Forest,7278.46,72110.56,64832.11,79389.02
android,Samsung,Galaxy S24 Ultra,1024.0,Samsung Galaxy S24 Ultra | 1024GB,1,very_low,23000.0,23000.0,23000.0,23000.0,23000.0,Random Forest,7278.46,59401.3,52122.84,66679.76
android,Samsung,Galaxy S25,256.0,Samsung Galaxy S25 | 256GB,1,very_low,125000.0,125000.0,125000.0,125000.0,125000.0,Random Forest,7278.46,118297.78,111019.32,125576.24
android,Samsung,Galaxy S25 FE,128.0,Samsung Galaxy S25 FE | 128GB,1,very_low,125000.0,125000.0,125000.0,125000.0,125000.0,Random Forest,7278.46,35605.34,28326.88,42883.8
android,Samsung,Galaxy S4,,Samsung Galaxy S4 | ?GB,5,low,5250.0,5000.0,6500.0,4500.0,8000.0,Random Forest,7278.46,8058.31,779.86,15336.77
android,Samsung,Galaxy S4,32.0,Samsung Galaxy S4 | 32GB,1,very_low,5000.0,5000.0,5000.0,5000.0,5000.0,Random Forest,7278.46,7908.33,629.88,15186.79
android,Samsung,Galaxy S5,,Samsung Galaxy S5 | ?GB,1,very_low,5500.0,5500.0,5500.0,5500.0,5500.0,Random Forest,7278.46,9267.71,1989.25,16546.16
android,Samsung,Galaxy S5,64.0,Samsung Galaxy S5 | 64GB,1,very_low,12000.0,12000.0,12000.0,12000.0,12000.0,Random Forest,7278.46,11659.94,4381.48,18938.39
android,Samsung,Galaxy S6,32.0,Samsung Galaxy S6 | 32GB,1,very_low,15000.0,15000.0,15000.0,15000.0,15000.0,Random Forest,7278.46,13985.76,6707.3,21264.22
android,Samsung,Galaxy S6,64.0,Samsung Galaxy S6 | 64GB,1,very_low,10500.0,10500.0,10500.0,10500.0,10500.0,Random Forest,7278.46,15864.95,8586.5,23143.41
android,Samsung,Galaxy S6 Edge,,Samsung Galaxy S6 Edge | ?GB,1,very_low,12500.0,12500.0,12500.0,12500.0,12500.0,Random Forest,7278.46,13009.65,5731.2,20288.11
android,Samsung,Galaxy S7,,Samsung Galaxy S7 | ?GB,1,very_low,8000.0,8000.0,8000.0,8000.0,8000.0,Random Forest,7278.46,11269.56,3991.1,18548.02
android,Samsung,Galaxy S7,32.0,Samsung Galaxy S7 | 32GB,3,low,13000.0,11750.0,18750.0,10500.0,24500.0,Random Forest,7278.46,13616.35,6337.9,20894.81
android,Samsung,Galaxy S7 Edge,32.0,Samsung Galaxy S7 Edge | 32GB,3,low,15500.0,15250.0,25250.0,15000.0,35000.0,Random Forest,7278.46,16558.68,9280.22,23837.14
android,Samsung,Galaxy S7 Edge,64.0,Samsung Galaxy S7 Edge | 64GB,2,very_low,18500.0,14250.0,22750.0,10000.0,27000.0,Random Forest,7278.46,18351.1,11072.64,25629.56
android,Samsung,Galaxy S7 Edge,128.0,Samsung Galaxy S7 Edge | 128GB,2,very_low,15100.0,13150.0,17050.0,11200.0,19000.0,Random Forest,7278.46,17266.42,9987.96,24544.87
android,Samsung,Galaxy S8,64.0,Samsung Galaxy S8 | 64GB,5,low,27500.0,16000.0,33000.0,12500.0,35000.0,Random Forest,7278.46,25393.87,18115.42,32672.33
android,Samsung,Galaxy S8+,64.0,Samsung Galaxy S8+ | 64GB,3,low,16000.0,15500.0,23000.0,15000.0,30000.0,Random Forest,7278.46,18316.76,11038.3,25595.22
android,Samsung,Galaxy S9,64.0,Samsung Galaxy S9 | 64GB,4,low,18000.0,15750.0,25000.0,15000.0,40000.0,Random Forest,7278.46,25434.73,18156.27,32713.19
android,Samsung,Galaxy S9,128.0,Samsung Galaxy S9 | 128GB,3,low,24990.0,22495.0,34994.5,20000.0,44999.0,Random Forest,7278.46,23778.74,16500.29,31057.2
android,Samsung,Galaxy S9+,64.0,Samsung Galaxy S9+ | 64GB,6,low,41000.0,32125.0,42675.0,27000.0,45900.0,Random Forest,7278.46,26268.16,18989.7,33546.61
android,Samsung,Galaxy S9+,128.0,Samsung Galaxy S9+ | 128GB,1,very_low,45000.0,45000.0,45000.0,45000.0,45000.0,Random Forest,7278.46,23149.72,15871.26,30428.18
android,Samsung,Galaxy S9+,256.0,Samsung Galaxy S9+ | 256GB,2,very_low,37250.0,35875.0,38625.0,34500.0,40000.0,Random Forest,7278.46,44202.02,36923.56,51480.48
android,Samsung,Galaxy Wide 7,128.0,Samsung Galaxy Wide 7 | 128GB,3,low,42000.0,39000.0,46000.0,36000.0,50000.0,Random Forest,7278.46,42773.5,35495.04,50051.95
android,Samsung,Galaxy Z Flip,256.0,Samsung Galaxy Z Flip | 256GB,2,very_low,75000.0,60000.0,90000.0,45000.0,105000.0,Random Forest,7278.46,70342.37,63063.92,77620.83
android,Samsung,Galaxy Z Flip 5,256.0,Samsung Galaxy Z Flip 5 | 256GB,2,very_low,102500.0,93750.0,111250.0,85000.0,120000.0,Random Forest,7278.46,115917.23,108638.77,123195.69
android,Samsung,Galaxy Z Flip 5,512.0,Samsung Galaxy Z Flip 5 | 512GB,2,very_low,118995.0,113492.5,124497.5,107990.0,130000.0,Random Forest,7278.46,117673.19,110394.73,124951.64
android,Samsung,Galaxy Z Flip 6,256.0,Samsung Galaxy Z Flip 6 | 256GB,5,low,130000.0,129500.0,130000.0,95000.0,130500.0,Random Forest,7278.46,118019.05,110740.6,125297.51
android,Samsung,Galaxy Z Flip3,128.0,Samsung Galaxy Z Flip3 | 128GB,1,very_low,85000.0,85000.0,85000.0,85000.0,85000.0,Random Forest,7278.46,50875.26,43596.8,58153.72
android,Samsung,Galaxy Z Flip3,256.0,Samsung Galaxy Z Flip3 | 256GB,2,very_low,37500.0,28750.0,46250.0,20000.0,55000.0,Random Forest,7278.46,66568.0,59289.54,73846.45
android,Samsung,Galaxy Z Fold 5,256.0,Samsung Galaxy Z Fold 5 | 256GB,1,very_low,118000.0,118000.0,118000.0,118000.0,118000.0,Random Forest,7278.46,116026.49,108748.03,123304.94
android,Samsung,Galaxy Z Fold 5,512.0,Samsung Galaxy Z Fold 5 | 512GB,1,very_low,70000.0,70000.0,70000.0,70000.0,70000.0,Random Forest,7278.46,115140.89,107862.44,122419.35
android,Samsung,Galaxy Z Fold3,256.0,Samsung Galaxy Z Fold3 | 256GB,1,very_low,91900.0,91900.0,91900.0,91900.0,91900.0,Random Forest,7278.46,98455.13,91176.67,105733.59
android,Samsung,M14,64.0,Samsung M14 | 64GB,1,very_low,38990.0,38990.0,38990.0,38990.0,38990.0,Random Forest,7278.46,19588.27,12309.81,26866.73
android,Samsung,M14,128.0,Samsung M14 | 128GB,1,very_low,25000.0,25000.0,25000.0,25000.0,25000.0,Random Forest,7278.46,34503.99,27225.53,41782.44
android,Samsung,Other model,,Samsung Other model | ?GB,9,medium,5500.0,3500.0,8000.0,2700.0,87500.0,Random Forest,7278.46,13594.04,6315.58,20872.5
android,Samsung,Other model,32.0,Samsung Other model | 32GB,5,low,12000.0,5500.0,15500.0,1000.0,18500.0,Random Forest,7278.46,13886.81,6608.36,21165.27
android,Samsung,Other model,64.0,Samsung Other model | 64GB,3,low,22000.0,13500.0,24000.0,5000.0,26000.0,Random Forest,7278.46,23427.15,16148.69,30705.61
android,Samsung,Other model,128.0,Samsung Other model | 128GB,10,medium,41000.0,38875.0,46500.0,29990.0,73000.0,Random Forest,7278.46,38526.35,31247.89,45804.81
android,Samsung,Other model,256.0,Samsung Other model | 256GB,6,low,59950.0,58850.0,66375.0,55000.0,129500.0,Random Forest,7278.46,54130.03,46851.57,61408.49
android,Samsung,Unknown,128.0,Samsung Unknown | 128GB,1,very_low,31000.0,31000.0,31000.0,31000.0,31000.0,Random Forest,7278.46,31119.48,23841.02,38397.93
android,Samsung,Z Flip 4,128.0,Samsung Z Flip 4 | 128GB,1,very_low,70000.0,70000.0,70000.0,70000.0,70000.0,Random Forest,7278.46,51699.26,44420.8,58977.71
android,Samsung,Z Flip 4,256.0,Samsung Z Flip 4 | 256GB,5,low,84900.0,35500.0,84990.0,35500.0,89990.0,Random Forest,7278.46,54955.54,47677.08,62234.0
android,Samsung,Z Fold 4,256.0,Samsung Z Fold 4 | 256GB,1,very_low,122900.0,122900.0,122900.0,122900.0,122900.0,Random Forest,7278.46,84430.29,77151.84,91708.75
android,Samsung,Z Fold 4,512.0,Samsung Z Fold 4 | 512GB,1,very_low,92000.0,92000.0,92000.0,92000.0,92000.0,Random Forest,7278.46,83937.91,76659.45,91216.36
android,Samsung,Z1,,Samsung Z1 | ?GB,2,very_low,4250.0,4125.0,4375.0,4000.0,4500.0,Random Forest,7278.46,7222.35,0.0,14500.8
android,Sharp,Aquos Crystal,32.0,Sharp Aquos Crystal | 32GB,1,very_low,17000.0,17000.0,17000.0,17000.0,17000.0,Random Forest,7278.46,16679.64,9401.18,23958.09
android,Sharp,Other model,,Sharp Other model | ?GB,2,very_low,8000.0,6750.0,9250.0,5500.0,10500.0,Random Forest,7278.46,11243.43,3964.98,18521.89
android,Sharp,Other model,32.0,Sharp Other model | 32GB,11,medium,13496.0,13224.0,13499.5,5000.0,14999.0,Random Forest,7278.46,11954.41,4675.95,19232.87
android,Sharp,Other model,64.0,Sharp Other model | 64GB,10,medium,15500.5,13999.0,18993.0,5500.0,21999.0,Random Forest,7278.46,16575.59,9297.13,23854.05
android,Sharp,Other model,256.0,Sharp Other model | 256GB,1,very_low,54500.0,54500.0,54500.0,54500.0,54500.0,Random Forest,7278.46,51024.39,43745.93,58302.84
android,Softlogic,MAX 111,,Softlogic MAX 111 | ?GB,1,very_low,3500.0,3500.0,3500.0,3500.0,3500.0,Random Forest,7278.46,11070.27,3791.81,18348.72
android,Softlogic,Other model,,Softlogic Other model | ?GB,1,very_low,2600.0,2600.0,2600.0,2600.0,2600.0,Random Forest,7278.46,11692.77,4414.31,18971.22
android,Softlogic,Other model,128.0,Softlogic Other model | 128GB,1,very_low,35000.0,35000.0,35000.0,35000.0,35000.0,Random Forest,7278.46,17941.65,10663.2,25220.11
android,Sony,Other model,,Sony Other model | ?GB,1,very_low,38950.0,38950.0,38950.0,38950.0,38950.0,Random Forest,7278.46,18364.34,11085.89,25642.8
android,Sony,Other model,32.0,Sony Other model | 32GB,1,very_low,14500.0,14500.0,14500.0,14500.0,14500.0,Random Forest,7278.46,16370.79,9092.33,23649.25
android,Sony,Other model,64.0,Sony Other model | 64GB,8,medium,24993.5,19250.0,24998.25,6500.0,26000.0,Random Forest,7278.46,24114.45,16836.0,31392.91
android,Sony,Other model,128.0,Sony Other model | 128GB,22,high,46500.0,44993.75,54996.25,13999.0,65000.0,Random Forest,7278.46,51570.16,44291.71,58848.62
android,Sony,Other model,256.0,Sony Other model | 256GB,2,very_low,69970.0,57480.0,82460.0,44990.0,94950.0,Random Forest,7278.46,58386.1,51107.65,65664.56
android,Sony,Xperia 1,64.0,Sony Xperia 1 | 64GB,5,low,25000.0,23000.0,25000.0,10500.0,35000.0,Random Forest,7278.46,28194.29,20915.83,35472.75
android,Sony,Xperia 1,256.0,Sony Xperia 1 | 256GB,3,low,105000.0,104995.0,111500.0,104990.0,118000.0,Random Forest,7278.46,62658.66,55380.21,69937.12
android,Sony,Xperia 1 II,128.0,Sony Xperia 1 II | 128GB,16,medium,39900.0,38372.5,39992.5,34000.0,48000.0,Random Forest,7278.46,42773.53,35495.07,50051.98
android,Sony,Xperia 1 III,64.0,Sony Xperia 1 III | 64GB,1,very_low,15000.0,15000.0,15000.0,15000.0,15000.0,Random Forest,7278.46,24216.25,16937.8,31494.71
android,Sony,Xperia 1 III,256.0,Sony Xperia 1 III | 256GB,4,low,59990.0,48742.5,65242.5,30000.0,66000.0,Random Forest,7278.46,58423.03,51144.57,65701.48
android,Sony,Xperia 1 IV,128.0,Sony Xperia 1 IV | 128GB,1,very_low,35000.0,35000.0,35000.0,35000.0,35000.0,Random Forest,7278.46,66836.4,59557.94,74114.85
android,Sony,Xperia 1 IV,256.0,Sony Xperia 1 IV | 256GB,6,low,72245.0,69922.5,80875.0,65000.0,85000.0,Random Forest,7278.46,73400.34,66121.89,80678.8
android,Sony,Xperia 10 II,64.0,Sony Xperia 10 II | 64GB,2,very_low,27499.5,26249.25,28749.75,24999.0,30000.0,Random Forest,7278.46,25914.54,18636.08,33192.99
android,Sony,Xperia 10 III,128.0,Sony Xperia 10 III | 128GB,1,very_low,32000.0,32000.0,32000.0,32000.0,32000.0,Random Forest,7278.46,34115.12,26836.67,41393.58
android,Sony,Xperia 10 IV,128.0,Sony Xperia 10 IV | 128GB,8,medium,34500.0,32625.0,35750.0,25000.0,42000.0,Random Forest,7278.46,32131.09,24852.64,39409.55
android,Sony,Xperia 5,64.0,Sony Xperia 5 | 64GB,3,low,22000.0,18750.0,28500.0,15500.0,35000.0,Random Forest,7278.46,24528.61,17250.16,31807.07
android,Sony,Xperia 5,128.0,Sony Xperia 5 | 128GB,18,medium,50496.0,49122.5,53500.0,5000.0,98000.0,Random Forest,7278.46,45487.21,38208.75,52765.67
android,Sony,Xperia 5 II,128.0,Sony Xperia 5 II | 128GB,1,very_low,40000.0,40000.0,40000.0,40000.0,40000.0,Random Forest,7278.46,43168.31,35889.85,50446.77
android,Sony,Xperia 5 III,128.0,Sony Xperia 5 III | 128GB,4,low,44999.5,44996.75,45000.0,44990.0,45000.0,Random Forest,7278.46,45163.57,37885.12,52442.03
android,Sony,Xperia 8,64.0,Sony Xperia 8 | 64GB,2,very_low,24250.0,23125.0,25375.0,22000.0,26500.0,Random Forest,7278.46,19443.27,12164.81,26721.72
android,Sony,Xperia X Performance,64.0,Sony Xperia X Performance | 64GB,1,very_low,9000.0,9000.0,9000.0,9000.0,9000.0,Random Forest,7278.46,11406.06,4127.61,18684.52
android,Sony,Xperia XA,,Sony Xperia XA | ?GB,1,very_low,4999.0,4999.0,4999.0,4999.0,4999.0,Random Forest,7278.46,7133.23,0.0,14411.69
android,Sony,Xperia XZ,32.0,Sony Xperia XZ | 32GB,1,very_low,11000.0,11000.0,11000.0,11000.0,11000.0,Random Forest,7278.46,10768.48,3490.03,18046.94
android,Sony,Xperia XZ Premium,64.0,Sony Xperia XZ Premium | 64GB,1,very_low,22000.0,22000.0,22000.0,22000.0,22000.0,Random Forest,7278.46,19443.27,12164.81,26721.72
android,Sony,Xperia XZ1,64.0,Sony Xperia XZ1 | 64GB,1,very_low,7500.0,7500.0,7500.0,7500.0,7500.0,Random Forest,7278.46,10176.21,2897.75,17454.66
android,Sony,Xperia XZ2,64.0,Sony Xperia XZ2 | 64GB,12,medium,20000.0,10999.75,24990.25,8500.0,24995.0,Random Forest,7278.46,14899.04,7620.58,22177.5
android,Sony,Xperia XZ2 Compact,64.0,Sony Xperia XZ2 Compact | 64GB,2,very_low,19990.0,17490.0,22490.0,14990.0,24990.0,Random Forest,7278.46,19359.28,12080.83,26637.74
android,Sony,Xperia XZ2 Premium,64.0,Sony Xperia XZ2 Premium | 64GB,1,very_low,27000.0,27000.0,27000.0,27000.0,27000.0,Random Forest,7278.46,22867.78,15589.33,30146.24
android,Sony,Xperia XZ3,64.0,Sony Xperia XZ3 | 64GB,6,low,25500.0,21250.0,26742.5,19000.0,30000.0,Random Forest,7278.46,19524.85,12246.39,26803.3
android,Tcl,20E,,Tcl 20E | ?GB,1,very_low,12000.0,12000.0,12000.0,12000.0,12000.0,Random Forest,7278.46,13098.45,5819.99,20376.91
android,Tcl,20E,32.0,Tcl 20E | 32GB,4,low,15500.0,13500.0,19000.0,12000.0,25000.0,Random Forest,7278.46,14225.83,6947.38,21504.29
android,Tcl,20E,64.0,Tcl 20E | 64GB,2,very_low,18500.0,15250.0,21750.0,12000.0,25000.0,Random Forest,7278.46,17757.72,10479.27,25036.18
android,Tcl,20Y,64.0,Tcl 20Y | 64GB,1,very_low,13000.0,13000.0,13000.0,13000.0,13000.0,Random Forest,7278.46,17274.66,9996.2,24553.11
android,Tcl,Other model,32.0,Tcl Other model | 32GB,5,low,12000.0,11000.0,15500.0,10000.0,17900.0,Random Forest,7278.46,11448.13,4169.67,18726.58
android,Tcl,Other model,64.0,Tcl Other model | 64GB,7,low,16500.0,15250.0,19500.0,13500.0,22000.0,Random Forest,7278.46,16381.02,9102.56,23659.47
android,Tcl,Other model,128.0,Tcl Other model | 128GB,4,low,22500.0,18750.0,27000.0,15000.0,33000.0,Random Forest,7278.46,31384.57,24106.11,38663.02
android,Tecno,Other model,64.0,Tecno Other model | 64GB,3,low,15500.0,15250.0,17745.0,15000.0,19990.0,Random Forest,7278.46,20233.86,12955.41,27512.32
android,Tecno,Other model,128.0,Tecno Other model | 128GB,6,low,35000.0,24375.0,43750.0,21000.0,65000.0,Random Forest,7278.46,30744.98,23466.52,38023.44
android,Tecno,Other model,256.0,Tecno Other model | 256GB,23,high,60000.0,45000.0,66000.0,28490.0,75000.0,Random Forest,7278.46,49846.44,42567.98,57124.89
android,Tecno,Pop 5,32.0,Tecno Pop 5 | 32GB,1,very_low,15000.0,15000.0,15000.0,15000.0,15000.0,Random Forest,7278.46,14045.45,6766.99,21323.9
android,Tecno,Pop 5,64.0,Tecno Pop 5 | 64GB,1,very_low,17000.0,17000.0,17000.0,17000.0,17000.0,Random Forest,7278.46,17038.18,9759.72,24316.63
android,Tecno,Pop 7,64.0,Tecno Pop 7 | 64GB,5,low,19000.0,18000.0,19000.0,12000.0,19500.0,Random Forest,7278.46,17613.02,10334.56,24891.47
android,Tecno,Spark,32.0,Tecno Spark | 32GB,1,very_low,25000.0,25000.0,25000.0,25000.0,25000.0,Random Forest,7278.46,19348.58,12070.12,26627.03
android,Tecno,Spark,64.0,Tecno Spark | 64GB,6,low,19250.0,17375.0,20375.0,16000.0,27000.0,Random Forest,7278.46,21332.72,14054.26,28611.17
android,Tecno,Spark,128.0,Tecno Spark | 128GB,7,low,28000.0,20250.0,30495.0,16000.0,35000.0,Random Forest,7278.46,24848.65,17570.19,32127.1
android,Tecno,Spark,256.0,Tecno Spark | 256GB,4,low,30000.0,23999.75,35000.0,20999.0,35000.0,Random Forest,7278.46,29158.71,21880.25,36437.16
android,Tecno,Spark,1024.0,Tecno Spark | 1024GB,1,very_low,35000.0,35000.0,35000.0,35000.0,35000.0,Random Forest,7278.46,30233.87,22955.41,37512.32
android,Tecno,Spark 10c,64.0,Tecno Spark 10c | 64GB,2,very_low,15750.0,15625.0,15875.0,15500.0,16000.0,Random Forest,7278.46,17660.62,10382.16,24939.07
android,Tecno,Spark 10c,128.0,Tecno Spark 10c | 128GB,3,low,19500.0,17000.0,20750.0,14500.0,22000.0,Random Forest,7278.46,17893.2,10614.74,25171.65
android,Tecno,Spark 6 Go,64.0,Tecno Spark 6 Go | 64GB,2,very_low,26250.0,24375.0,28125.0,22500.0,30000.0,Random Forest,7278.46,22383.38,15104.92,29661.84
android,Tecno,Spark 7,64.0,Tecno Spark 7 | 64GB,1,very_low,13000.0,13000.0,13000.0,13000.0,13000.0,Random Forest,7278.46,15580.6,8302.15,22859.06
android,Tecno,Spark 8c,32.0,Tecno Spark 8c | 32GB,1,very_low,14500.0,14500.0,14500.0,14500.0,14500.0,Random Forest,7278.46,13167.18,5888.72,20445.63
android,Tecno,Spark 8c,64.0,Tecno Spark 8c | 64GB,3,low,18000.0,14750.0,19000.0,11500.0,20000.0,Random Forest,7278.46,18405.53,11127.07,25683.99
android,Tecno,Spark 8c,128.0,Tecno Spark 8c | 128GB,1,very_low,12000.0,12000.0,12000.0,12000.0,12000.0,Random Forest,7278.46,18142.26,10863.8,25420.71
android,Umidigi,G1,32.0,Umidigi G1 | 32GB,3,low,13500.0,11500.0,14000.0,9500.0,14500.0,Random Forest,7278.46,12731.6,5453.14,20010.05
android,Umidigi,G1,64.0,Umidigi G1 | 64GB,1,very_low,18000.0,18000.0,18000.0,18000.0,18000.0,Random Forest,7278.46,19111.25,11832.79,26389.7
android,Umidigi,G1,128.0,Umidigi G1 | 128GB,2,very_low,17500.0,16250.0,18750.0,15000.0,20000.0,Random Forest,7278.46,20100.82,12822.37,27379.28
android,Umidigi,Other model,32.0,Umidigi Other model | 32GB,2,very_low,16000.0,15000.0,17000.0,14000.0,18000.0,Random Forest,7278.46,12280.74,5002.28,19559.19
android,Umidigi,Other model,64.0,Umidigi Other model | 64GB,8,medium,19500.0,17812.5,20750.0,13000.0,23000.0,Random Forest,7278.46,16577.61,9299.15,23856.07
android,Umidigi,Other model,128.0,Umidigi Other model | 128GB,3,low,19000.0,16000.0,22500.0,13000.0,26000.0,Random Forest,7278.46,18245.19,10966.73,25523.65
android,Umidigi,Other model,256.0,Umidigi Other model | 256GB,1,very_low,27990.0,27990.0,27990.0,27990.0,27990.0,Random Forest,7278.46,54909.44,47630.98,62187.9
android,Vivo,Other model,,Vivo Other model | ?GB,1,very_low,85000.0,85000.0,85000.0,85000.0,85000.0,Random Forest,7278.46,16348.05,9069.59,23626.5
android,Vivo,Other model,32.0,Vivo Other model | 32GB,5,low,16500.0,16000.0,18000.0,14000.0,19000.0,Random Forest,7278.46,15240.79,7962.34,22519.25
android,Vivo,Other model,64.0,Vivo Other model | 64GB,12,medium,23995.0,18375.0,24992.5,16000.0,30000.0,Random Forest,7278.46,22153.92,14875.46,29432.37
android,Vivo,Other model,128.0,Vivo Other model | 128GB,56,high,37500.0,28750.0,48625.0,18000.0,89000.0,Random Forest,7278.46,37435.61,30157.15,44714.06
android,Vivo,Other model,256.0,Vivo Other model | 256GB,36,high,63250.0,55125.0,77625.0,37500.0,125900.0,Random Forest,7278.46,58230.66,50952.2,65509.12
android,Vivo,Other model,265.0,Vivo Other model | 265GB,1,very_low,59999.0,59999.0,59999.0,59999.0,59999.0,Random Forest,7278.46,59149.12,51870.66,66427.57
android,Vivo,Other model,512.0,Vivo Other model | 512GB,5,low,78500.0,68500.0,87500.0,60500.0,88000.0,Random Forest,7278.46,75650.52,68372.07,82928.98
android,Vivo,S1,,Vivo S1 | ?GB,1,very_low,12500.0,12500.0,12500.0,12500.0,12500.0,Random Forest,7278.46,13883.35,6604.89,21161.81
android,Vivo,S1,128.0,Vivo S1 | 128GB,1,very_low,18999.0,18999.0,18999.0,18999.0,18999.0,Random Forest,7278.46,17377.71,10099.26,24656.17
android,Vivo,S1,256.0,Vivo S1 | 256GB,1,very_low,15000.0,15000.0,15000.0,15000.0,15000.0,Random Forest,7278.46,13996.82,6718.37,21275.28
android,Vivo,S1 Pro,128.0,Vivo S1 Pro | 128GB,1,very_low,18000.0,18000.0,18000.0,18000.0,18000.0,Random Forest,7278.46,34421.9,27143.44,41700.36
android,Vivo,S1 Pro,512.0,Vivo S1 Pro | 512GB,1,very_low,73000.0,73000.0,73000.0,73000.0,73000.0,Random Forest,7278.46,69650.48,62372.02,76928.94
android,Vivo,T1,256.0,Vivo T1 | 256GB,1,very_low,63000.0,63000.0,63000.0,63000.0,63000.0,Random Forest,7278.46,64995.59,57717.14,72274.05
android,Vivo,T2,128.0,Vivo T2 | 128GB,3,low,34500.0,34250.0,38000.0,34000.0,41500.0,Random Forest,7278.46,37963.3,30684.84,45241.75
android,Vivo,T2,256.0,Vivo T2 | 256GB,1,very_low,53500.0,53500.0,53500.0,53500.0,53500.0,Random Forest,7278.46,42584.44,35305.99,49862.9
android,Vivo,T4R,128.0,Vivo T4R | 128GB,2,very_low,53500.0,53250.0,53750.0,53000.0,54000.0,Random Forest,7278.46,44224.72,36946.26,51503.17
android,Vivo,T4R,256.0,Vivo T4R | 256GB,1,very_low,62000.0,62000.0,62000.0,62000.0,62000.0,Random Forest,7278.46,58985.65,51707.19,66264.11
android,Vivo,T4x,128.0,Vivo T4x | 128GB,3,low,40000.0,35500.0,40000.0,31000.0,40000.0,Random Forest,7278.46,38764.29,31485.83,46042.75
android,Vivo,T4x,256.0,Vivo T4x | 256GB,2,very_low,46250.0,46125.0,46375.0,46000.0,46500.0,Random Forest,7278.46,51968.1,44689.65,59246.56
android,Vivo,V20 Pro,512.0,Vivo V20 Pro | 512GB,1,very_low,75000.0,75000.0,75000.0,75000.0,75000.0,Random Forest,7278.46,75602.86,68324.41,82881.32
android,Vivo,V21,128.0,Vivo V21 | 128GB,1,very_low,25000.0,25000.0,25000.0,25000.0,25000.0,Random Forest,7278.46,26071.92,18793.47,33350.38
android,Vivo,V21e,128.0,Vivo V21e | 128GB,2,very_low,24750.0,23875.0,25625.0,23000.0,26500.0,Random Forest,7278.46,25603.38,18324.93,32881.84
android,Vivo,V25,128.0,Vivo V25 | 128GB,5,low,35000.0,32500.0,43000.0,24500.0,44999.0,Random Forest,7278.46,36398.94,29120.49,43677.4
android,Vivo,V25,256.0,Vivo V25 | 256GB,1,very_low,44999.0,44999.0,44999.0,44999.0,44999.0,Random Forest,7278.46,39510.51,32232.05,46788.96
android,Vivo,V27,128.0,Vivo V27 | 128GB,2,very_low,45500.0,44250.0,46750.0,43000.0,48000.0,Random Forest,7278.46,33525.88,26247.43,40804.34
android,Vivo,V27 Pro,128.0,Vivo V27 Pro | 128GB,3,low,46000.0,45250.0,47500.0,44500.0,49000.0,Random Forest,7278.46,33443.02,26164.56,40721.47
android,Vivo,V29E,64.0,Vivo V29E | 64GB,1,very_low,33000.0,33000.0,33000.0,33000.0,33000.0,Random Forest,7278.46,30211.87,22933.41,37490.32
android,Vivo,V29E,128.0,Vivo V29E | 128GB,1,very_low,42999.0,42999.0,42999.0,42999.0,42999.0,Random Forest,7278.46,38665.4,31386.94,45943.86
android,Vivo,V29E,256.0,Vivo V29E | 256GB,4,low,43500.0,38750.0,49000.0,35000.0,55000.0,Random Forest,7278.46,55568.23,48289.77,62846.68
android,Vivo,V30e,256.0,Vivo V30e | 256GB,1,very_low,65000.0,65000.0,65000.0,65000.0,65000.0,Random Forest,7278.46,62339.38,55060.93,69617.84
android,Vivo,V40,128.0,Vivo V40 | 128GB,2,very_low,61999.5,60999.75,62999.25,60000.0,63999.0,Random Forest,7278.46,54083.71,46805.25,61362.16
android,Vivo,V40,256.0,Vivo V40 | 256GB,6,low,64500.0,58125.0,69750.0,57000.0,72500.0,Random Forest,7278.46,63747.85,56469.4,71026.31
android,Vivo,V40e,128.0,Vivo V40e | 128GB,2,very_low,48750.0,48625.0,48875.0,48500.0,49000.0,Random Forest,7278.46,35349.67,28071.21,42628.13
android,Vivo,V40e,256.0,Vivo V40e | 256GB,2,very_low,52500.0,50750.0,54250.0,49000.0,56000.0,Random Forest,7278.46,56340.56,49062.11,63619.02
android,Vivo,V50,,Vivo V50 | ?GB,1,very_low,69500.0,69500.0,69500.0,69500.0,69500.0,Random Forest,7278.46,51898.7,44620.25,59177.16
android,Vivo,V50,128.0,Vivo V50 | 128GB,1,very_low,71000.0,71000.0,71000.0,71000.0,71000.0,Random Forest,7278.46,60049.09,52770.63,67327.55
android,Vivo,V50,256.0,Vivo V50 | 256GB,2,very_low,89999.5,84999.25,94999.75,79999.0,100000.0,Random Forest,7278.46,75824.8,68546.34,83103.25
android,Vivo,V50,512.0,Vivo V50 | 512GB,2,very_low,80250.0,74375.0,86125.0,68500.0,92000.0,Random Forest,7278.46,78597.13,71318.67,85875.59
android,Vivo,V60,256.0,Vivo V60 | 256GB,2,very_low,99000.0,98750.0,99250.0,98500.0,99500.0,Random Forest,7278.46,62436.6,55158.15,69715.06
android,Vivo,V60e,128.0,Vivo V60e | 128GB,1,very_low,69500.0,69500.0,69500.0,69500.0,69500.0,Random Forest,7278.46,60858.48,53580.02,68136.93
android,Vivo,V60e,256.0,Vivo V60e | 256GB,1,very_low,69500.0,69500.0,69500.0,69500.0,69500.0,Random Forest,7278.46,72389.34,65110.88,79667.79
android,Vivo,V70 FE,128.0,Vivo V70 FE | 128GB,1,very_low,120000.0,120000.0,120000.0,120000.0,120000.0,Random Forest,7278.46,65002.45,57723.99,72280.91
android,Vivo,V70 FE,256.0,Vivo V70 FE | 256GB,2,very_low,110500.0,101250.0,119750.0,92000.0,129000.0,Random Forest,7278.46,78851.18,71572.72,86129.63
android,Vivo,X70 Pro,256.0,Vivo X70 Pro | 256GB,1,very_low,58500.0,58500.0,58500.0,58500.0,58500.0,Random Forest,7278.46,60362.67,53084.22,67641.13
android,Vivo,Y02T,64.0,Vivo Y02T | 64GB,1,very_low,28000.0,28000.0,28000.0,28000.0,28000.0,Random Forest,7278.46,21960.44,14681.99,29238.9
android,Vivo,Y03,64.0,Vivo Y03 | 64GB,2,very_low,18750.0,18375.0,19125.0,18000.0,19500.0,Random Forest,7278.46,19328.79,12050.33,26607.24
android,Vivo,Y03,128.0,Vivo Y03 | 128GB,4,low,23750.0,21250.0,25000.0,17500.0,25000.0,Random Forest,7278.46,24110.68,16832.23,31389.14
android,Vivo,Y04,64.0,Vivo Y04 | 64GB,5,low,21000.0,18500.0,26000.0,18000.0,29500.0,Random Forest,7278.46,23834.13,16555.67,31112.59
android,Vivo,Y04,128.0,Vivo Y04 | 128GB,3,low,30000.0,27500.0,35000.0,25000.0,40000.0,Random Forest,7278.46,28716.01,21437.55,35994.46
android,Vivo,Y04,256.0,Vivo Y04 | 256GB,1,very_low,48500.0,48500.0,48500.0,48500.0,48500.0,Random Forest,7278.46,31550.41,24271.96,38828.87
android,Vivo,Y100A,,Vivo Y100A | ?GB,1,very_low,30000.0,30000.0,30000.0,30000.0,30000.0,Random Forest,7278.46,16482.31,9203.85,23760.76
android,Vivo,Y100A,128.0,Vivo Y100A | 128GB,3,low,37000.0,36500.0,37125.0,36000.0,37250.0,Random Forest,7278.46,37917.7,30639.25,45196.16
android,Vivo,Y11,,Vivo Y11 | ?GB,3,low,15500.0,13000.0,16750.0,10500.0,18000.0,Random Forest,7278.46,11869.45,4591.0,19147.91
android,Vivo,Y11,32.0,Vivo Y11 | 32GB,3,low,11500.0,11000.0,13750.0,10500.0,16000.0,Random Forest,7278.46,13057.89,5779.43,20336.35
android,Vivo,Y11,128.0,Vivo Y11 | 128GB,2,very_low,35500.0,35250.0,35750.0,35000.0,36000.0,Random Forest,7278.46,16887.67,9609.21,24166.12
android,Vivo,Y11,256.0,Vivo Y11 | 256GB,18,medium,14552.5,14501.75,15499.75,13992.0,15555.0,Random Forest,7278.46,15243.01,7964.56,22521.47
android,Vivo,Y12,64.0,Vivo Y12 | 64GB,1,very_low,15000.0,15000.0,15000.0,15000.0,15000.0,Random Forest,7278.46,15813.91,8535.45,23092.36
android,Vivo,Y12s,32.0,Vivo Y12s | 32GB,1,very_low,12900.0,12900.0,12900.0,12900.0,12900.0,Random Forest,7278.46,13246.76,5968.31,20525.22
android,Vivo,Y12s,64.0,Vivo Y12s | 64GB,1,very_low,13500.0,13500.0,13500.0,13500.0,13500.0,Random Forest,7278.46,14907.48,7629.02,22185.94
android,Vivo,Y15S,64.0,Vivo Y15S | 64GB,1,very_low,28000.0,28000.0,28000.0,28000.0,28000.0,Random Forest,7278.46,15826.51,8548.05,23104.97
android,Vivo,Y16,64.0,Vivo Y16 | 64GB,1,very_low,16000.0,16000.0,16000.0,16000.0,16000.0,Random Forest,7278.46,15544.99,8266.54,22823.45
android,Vivo,Y17,64.0,Vivo Y17 | 64GB,1,very_low,15000.0,15000.0,15000.0,15000.0,15000.0,Random Forest,7278.46,16389.0,9110.54,23667.46
android,Vivo,Y17,128.0,Vivo Y17 | 128GB,2,very_low,10500.0,6750.0,14250.0,3000.0,18000.0,Random Forest,7278.46,16876.61,9598.15,24155.06
android,Vivo,Y17,256.0,Vivo Y17 | 256GB,31,high,15499.0,13749.0,16699.5,9000.0,25000.0,Random Forest,7278.46,15944.89,8666.43,23223.34
android,Vivo,Y17s,64.0,Vivo Y17s | 64GB,1,very_low,29000.0,29000.0,29000.0,29000.0,29000.0,Random Forest,7278.46,26155.82,18877.36,33434.27
android,Vivo,Y17s,128.0,Vivo Y17s | 128GB,4,low,24250.0,22750.0,26625.0,22000.0,30000.0,Random Forest,7278.46,25830.87,18552.41,33109.32
android,Vivo,Y19,32.0,Vivo Y19 | 32GB,1,very_low,7500.0,7500.0,7500.0,7500.0,7500.0,Random Forest,7278.46,18457.96,11179.51,25736.42
android,Vivo,Y19,128.0,Vivo Y19 | 128GB,12,medium,29995.0,22750.0,33125.0,12000.0,38500.0,Random Forest,7278.46,27841.04,20562.58,35119.49
android,Vivo,Y19,256.0,Vivo Y19 | 256GB,9,medium,17998.0,16992.0,18995.0,15999.0,19580.0,Random Forest,7278.46,25856.18,18577.73,33134.64
android,Vivo,Y1s,,Vivo Y1s | ?GB,1,very_low,8000.0,8000.0,8000.0,8000.0,8000.0,Random Forest,7278.46,10546.91,3268.45,17825.37
android,Vivo,Y1s,32.0,Vivo Y1s | 32GB,7,low,10000.0,9000.0,11750.0,7500.0,14500.0,Random Forest,7278.46,10589.21,3310.75,17867.67
android,Vivo,Y1s,64.0,Vivo Y1s | 64GB,2,very_low,11000.0,9750.0,12250.0,8500.0,13500.0,Random Forest,7278.46,11894.7,4616.24,19173.15
android,Vivo,Y20,32.0,Vivo Y20 | 32GB,1,very_low,12000.0,12000.0,12000.0,12000.0,12000.0,Random Forest,7278.46,13292.85,6014.39,20571.31
android,Vivo,Y20,64.0,Vivo Y20 | 64GB,5,low,10500.0,10500.0,13700.0,10000.0,18000.0,Random Forest,7278.46,14940.14,7661.68,22218.59
android,Vivo,Y20s,,Vivo Y20s | ?GB,1,very_low,12000.0,12000.0,12000.0,12000.0,12000.0,Random Forest,7278.46,14756.32,7477.87,22034.78
android,Vivo,Y20s,128.0,Vivo Y20s | 128GB,2,very_low,13000.0,11500.0,14500.0,10000.0,16000.0,Random Forest,7278.46,13052.47,5774.01,20330.93
android,Vivo,Y21,64.0,Vivo Y21 | 64GB,2,very_low,18999.5,18499.75,19499.25,18000.0,19999.0,Random Forest,7278.46,22724.63,15446.17,30003.09
android,Vivo,Y21,128.0,Vivo Y21 | 128GB,2,very_low,45500.0,44250.0,46750.0,43000.0,48000.0,Random Forest,7278.46,31474.01,24195.55,38752.46
android,Vivo,Y21d,256.0,Vivo Y21d | 256GB,3,low,36500.0,33250.0,38250.0,30000.0,40000.0,Random Forest,7278.46,41240.57,33962.12,48519.03
android,Vivo,Y22,64.0,Vivo Y22 | 64GB,1,very_low,23999.0,23999.0,23999.0,23999.0,23999.0,Random Forest,7278.46,23726.1,16447.64,31004.56
android,Vivo,Y22,128.0,Vivo Y22 | 128GB,1,very_low,29000.0,29000.0,29000.0,29000.0,29000.0,Random Forest,7278.46,24633.73,17355.27,31912.19
android,Vivo,Y28,64.0,Vivo Y28 | 64GB,1,very_low,31990.0,31990.0,31990.0,31990.0,31990.0,Random Forest,7278.46,25242.76,17964.31,32521.22
android,Vivo,Y29,,Vivo Y29 | ?GB,1,very_low,65000.0,65000.0,65000.0,65000.0,65000.0,Random Forest,7278.46,19798.92,12520.47,27077.38
android,Vivo,Y29,128.0,Vivo Y29 | 128GB,2,very_low,51500.0,51250.0,51750.0,51000.0,52000.0,Random Forest,7278.46,41660.72,34382.26,48939.18
android,Vivo,Y29,256.0,Vivo Y29 | 256GB,6,low,37745.0,30125.0,44997.5,25000.0,53000.0,Random Forest,7278.46,56552.77,49274.32,63831.23
android,Vivo,Y3,64.0,Vivo Y3 | 64GB,1,very_low,16500.0,16500.0,16500.0,16500.0,16500.0,Random Forest,7278.46,10017.09,2738.64,17295.55
android,Vivo,Y30,256.0,Vivo Y30 | 256GB,1,very_low,70000.0,70000.0,70000.0,70000.0,70000.0,Random Forest,7278.46,47650.49,40372.03,54928.94
android,Vivo,Y33s,128.0,Vivo Y33s | 128GB,1,very_low,27000.0,27000.0,27000.0,27000.0,27000.0,Random Forest,7278.46,25739.51,18461.05,33017.97
android,Vivo,Y35,128.0,Vivo Y35 | 128GB,4,low,29250.0,27250.0,30375.0,23500.0,31500.0,Random Forest,7278.46,29621.84,22343.38,36900.3
android,Vivo,Y400,128.0,Vivo Y400 | 128GB,3,low,49000.0,48500.0,50250.0,48000.0,51500.0,Random Forest,7278.46,42027.98,34749.53,49306.44
android,Vivo,Y400 Pro,128.0,Vivo Y400 Pro | 128GB,1,very_low,55000.0,55000.0,55000.0,55000.0,55000.0,Random Forest,7278.46,40231.41,32952.96,47509.87
android,Vivo,Y50,128.0,Vivo Y50 | 128GB,1,very_low,14500.0,14500.0,14500.0,14500.0,14500.0,Random Forest,7278.46,18109.54,10831.08,25388.0
android,Vivo,Y51A,128.0,Vivo Y51A | 128GB,2,very_low,20999.5,19499.25,22499.75,17999.0,24000.0,Random Forest,7278.46,27589.4,20310.94,34867.85
android,Vivo,Y53s,128.0,Vivo Y53s | 128GB,1,very_low,9500.0,9500.0,9500.0,9500.0,9500.0,Random Forest,7278.46,8896.5,1618.04,16174.95
android,Vivo,Y55s,128.0,Vivo Y55s | 128GB,2,very_low,34250.0,33875.0,34625.0,33500.0,35000.0,Random Forest,7278.46,33110.63,25832.18,40389.09
android,Vivo,Y67,32.0,Vivo Y67 | 32GB,1,very_low,8500.0,8500.0,8500.0,8500.0,8500.0,Random Forest,7278.46,11360.07,4081.62,18638.53
android,Vivo,Y69,32.0,Vivo Y69 | 32GB,1,very_low,7000.0,7000.0,7000.0,7000.0,7000.0,Random Forest,7278.46,11470.53,4192.08,18748.99
android,Vivo,Y71,128.0,Vivo Y71 | 128GB,1,very_low,20000.0,20000.0,20000.0,20000.0,20000.0,Random Forest,7278.46,21447.98,14169.52,28726.44
android,Vivo,Y73,128.0,Vivo Y73 | 128GB,1,very_low,26500.0,26500.0,26500.0,26500.0,26500.0,Random Forest,7278.46,28982.77,21704.32,36261.23
android,Vivo,Y83,64.0,Vivo Y83 | 64GB,1,very_low,7000.0,7000.0,7000.0,7000.0,7000.0,Random Forest,7278.46,10912.08,3633.62,18190.54
android,Vivo,Y83,128.0,Vivo Y83 | 128GB,6,low,10506.5,10501.0,10873.5,10496.0,11550.0,Random Forest,7278.46,10534.72,3256.26,17813.17
android,Vivo,Y83,256.0,Vivo Y83 | 256GB,1,very_low,10993.0,10993.0,10993.0,10993.0,10993.0,Random Forest,7278.46,12521.4,5242.94,19799.85
android,Vivo,Y85,32.0,Vivo Y85 | 32GB,1,very_low,13000.0,13000.0,13000.0,13000.0,13000.0,Random Forest,7278.46,10667.35,3388.89,17945.81
android,Vivo,Y85,64.0,Vivo Y85 | 64GB,14,medium,13499.5,11490.0,13870.0,8000.0,14999.0,Random Forest,7278.46,12335.17,5056.72,19613.63
android,Vivo,Y85,128.0,Vivo Y85 | 128GB,24,high,10500.0,9225.0,12622.5,7000.0,18500.0,Random Forest,7278.46,11400.61,4122.16,18679.07
android,Vivo,Y91c,32.0,Vivo Y91c | 32GB,1,very_low,10000.0,10000.0,10000.0,10000.0,10000.0,Random Forest,7278.46,10062.5,2784.05,17340.96
android,Vivo,Y91c,128.0,Vivo Y91c | 128GB,1,very_low,14500.0,14500.0,14500.0,14500.0,14500.0,Random Forest,7278.46,10912.04,3633.58,18190.49
android,Vivo,Y91i,32.0,Vivo Y91i | 32GB,2,very_low,11000.0,10500.0,11500.0,10000.0,12000.0,Random Forest,7278.46,10062.5,2784.05,17340.96
android,Vivo,Y93,,Vivo Y93 | ?GB,2,very_low,9500.0,9250.0,9750.0,9000.0,10000.0,Random Forest,7278.46,10612.35,3333.89,17890.81
android,Vivo,Y93,64.0,Vivo Y93 | 64GB,7,low,10990.0,8250.0,12745.0,4500.0,13000.0,Random Forest,7278.46,12394.34,5115.89,19672.8
android,Vivo,Y93,128.0,Vivo Y93 | 128GB,63,high,11000.0,8999.5,13500.5,4000.0,16500.0,Random Forest,7278.46,11349.52,4071.07,18627.98
android,Vivo,Y93,256.0,Vivo Y93 | 256GB,4,low,11500.0,10100.0,12750.0,8900.0,13500.0,Random Forest,7278.46,13236.26,5957.8,20514.71
android,Vivo,Y95,64.0,Vivo Y95 | 64GB,1,very_low,24000.0,24000.0,24000.0,24000.0,24000.0,Random Forest,7278.46,18981.96,11703.5,26260.41
android,Vivo,Y95,128.0,Vivo Y95 | 128GB,6,low,13750.0,12000.0,14375.0,8000.0,16000.0,Random Forest,7278.46,15809.15,8530.69,23087.61
android,Wiko,T20,64.0,Wiko T20 | 64GB,1,very_low,16000.0,16000.0,16000.0,16000.0,16000.0,Random Forest,7278.46,17949.25,10670.79,25227.7
android,Xiaomi,11 Lite NE,256.0,Xiaomi 11 Lite NE | 256GB,4,low,21499.5,21374.25,21520.0,21000.0,21580.0,Random Forest,7278.46,22458.22,15179.76,29736.68
android,Xiaomi,11i HyperCharge,128.0,Xiaomi 11i HyperCharge | 128GB,1,very_low,27500.0,27500.0,27500.0,27500.0,27500.0,Random Forest,7278.46,24805.18,17526.72,32083.63
android,Xiaomi,12,32.0,Xiaomi 12 | 32GB,1,very_low,12000.0,12000.0,12000.0,12000.0,12000.0,Random Forest,7278.46,26129.67,18851.21,33408.13
android,Xiaomi,12,128.0,Xiaomi 12 | 128GB,1,very_low,26000.0,26000.0,26000.0,26000.0,26000.0,Random Forest,7278.46,41150.61,33872.15,48429.07
android,Xiaomi,12 Lite,128.0,Xiaomi 12 Lite | 128GB,1,very_low,36900.0,36900.0,36900.0,36900.0,36900.0,Random Forest,7278.46,40703.26,33424.8,47981.71
android,Xiaomi,12 Pro,128.0,Xiaomi 12 Pro | 128GB,1,very_low,23000.0,23000.0,23000.0,23000.0,23000.0,Random Forest,7278.46,30841.48,23563.03,38119.94
android,Xiaomi,12 Pro,256.0,Xiaomi 12 Pro | 256GB,1,very_low,40000.0,40000.0,40000.0,40000.0,40000.0,Random Forest,7278.46,42913.13,35634.67,50191.59
android,Xiaomi,12C,64.0,Xiaomi 12C | 64GB,2,very_low,27500.0,22750.0,32250.0,18000.0,37000.0,Random Forest,7278.46,19146.82,11868.36,26425.28
android,Xiaomi,12C,128.0,Xiaomi 12C | 128GB,11,medium,22000.0,19250.0,24000.0,14500.0,32000.0,Random Forest,7278.46,23429.4,16150.94,30707.85
android,Xiaomi,12S,256.0,Xiaomi 12S | 256GB,1,very_low,30000.0,30000.0,30000.0,30000.0,30000.0,Random Forest,7278.46,29811.15,22532.69,37089.6
android,Xiaomi,12T,256.0,Xiaomi 12T | 256GB,1,very_low,41500.0,41500.0,41500.0,41500.0,41500.0,Random Forest,7278.46,42913.13,35634.67,50191.59
android,Xiaomi,13,128.0,Xiaomi 13 | 128GB,2,very_low,39000.0,38500.0,39500.0,38000.0,40000.0,Random Forest,7278.46,47003.92,39725.46,54282.37
android,Xiaomi,13,512.0,Xiaomi 13 | 512GB,1,very_low,125500.0,125500.0,125500.0,125500.0,125500.0,Random Forest,7278.46,66562.66,59284.21,73841.12
android,Xiaomi,13 Pro,512.0,Xiaomi 13 Pro | 512GB,1,very_low,69000.0,69000.0,69000.0,69000.0,69000.0,Random Forest,7278.46,74893.32,67614.87,82171.78
android,Xiaomi,Civi,256.0,Xiaomi Civi | 256GB,1,very_low,82400.0,82400.0,82400.0,82400.0,82400.0,Random Forest,7278.46,79876.06,72597.6,87154.52
android,Xiaomi,Mi 11 Lite,128.0,Xiaomi Mi 11 Lite | 128GB,3,low,28000.0,23750.0,29000.0,19500.0,30000.0,Random Forest,7278.46,28047.94,20769.48,35326.39
android,Xiaomi,Mi 11 Ultra,256.0,Xiaomi Mi 11 Ultra | 256GB,1,very_low,45000.0,45000.0,45000.0,45000.0,45000.0,Random Forest,7278.46,56977.67,49699.21,64256.12
android,Xiaomi,Mi 11X Pro,128.0,Xiaomi Mi 11X Pro | 128GB,2,very_low,42750.0,42375.0,43125.0,42000.0,43500.0,Random Forest,7278.46,41851.76,34573.31,49130.22
android,Xiaomi,Mi 8 lite,32.0,Xiaomi Mi 8 lite | 32GB,1,very_low,9000.0,9000.0,9000.0,9000.0,9000.0,Random Forest,7278.46,9081.05,1802.6,16359.51
android,Xiaomi,Mi 9,64.0,Xiaomi Mi 9 | 64GB,1,very_low,13000.0,13000.0,13000.0,13000.0,13000.0,Random Forest,7278.46,14575.13,7296.67,21853.58
android,Xiaomi,Mi 9T,64.0,Xiaomi Mi 9T | 64GB,2,very_low,23750.0,23375.0,24125.0,23000.0,24500.0,Random Forest,7278.46,19407.53,12129.08,26685.99
android,Xiaomi,Mi 9T Pro,128.0,Xiaomi Mi 9T Pro | 128GB,2,very_low,24750.0,24625.0,24875.0,24500.0,25000.0,Random Forest,7278.46,25448.39,18169.94,32726.85
android,Xiaomi,Mi A3,64.0,Xiaomi Mi A3 | 64GB,1,very_low,19000.0,19000.0,19000.0,19000.0,19000.0,Random Forest,7278.46,18455.14,11176.68,25733.59
android,Xiaomi,Mi A3,128.0,Xiaomi Mi A3 | 128GB,2,very_low,19500.0,19250.0,19750.0,19000.0,20000.0,Random Forest,7278.46,18600.74,11322.28,25879.19
android,Xiaomi,Mi Max,128.0,Xiaomi Mi Max | 128GB,1,very_low,20000.0,20000.0,20000.0,20000.0,20000.0,Random Forest,7278.46,19076.65,11798.2,26355.11
android,Xiaomi,Mi Max 2,64.0,Xiaomi Mi Max 2 | 64GB,1,very_low,15500.0,15500.0,15500.0,15500.0,15500.0,Random Forest,7278.46,15446.51,8168.06,22724.97
android,Xiaomi,Mi Note 10,128.0,Xiaomi Mi Note 10 | 128GB,1,very_low,20000.0,20000.0,20000.0,20000.0,20000.0,Random Forest,7278.46,17973.27,10694.82,25251.73
android,Xiaomi,Mi Note 3,,Xiaomi Mi Note 3 | ?GB,1,very_low,9350.0,9350.0,9350.0,9350.0,9350.0,Random Forest,7278.46,9187.51,1909.05,16465.97
android,Xiaomi,Other model,,Xiaomi Other model | ?GB,3,low,32500.0,27249.0,32750.0,21998.0,33000.0,Random Forest,7278.46,14697.81,7419.35,21976.27
android,Xiaomi,Other model,64.0,Xiaomi Other model | 64GB,8,medium,22000.0,19000.0,24992.25,7500.0,27500.0,Random Forest,7278.46,22002.63,14724.17,29281.09
android,Xiaomi,Other model,128.0,Xiaomi Other model | 128GB,19,medium,24500.0,21700.0,28250.0,16500.0,53500.0,Random Forest,7278.46,30239.96,22961.5,37518.41
android,Xiaomi,Other model,256.0,Xiaomi Other model | 256GB,7,low,33490.0,26499.0,54250.0,12000.0,89500.0,Random Forest,7278.46,46371.43,39092.98,53649.89
android,Xiaomi,Other model,512.0,Xiaomi Other model | 512GB,5,low,74500.0,49900.0,75000.0,46500.0,105000.0,Random Forest,7278.46,74647.81,67369.35,81926.27
android,Xiaomi,Poco C3,128.0,Xiaomi Poco C3 | 128GB,2,very_low,37250.0,31875.0,42625.0,26500.0,48000.0,Random Forest,7278.46,28217.07,20938.61,35495.52
android,Xiaomi,Poco C50,,Xiaomi Poco C50 | ?GB,1,very_low,16000.0,16000.0,16000.0,16000.0,16000.0,Random Forest,7278.46,12000.63,4722.17,19279.08
android,Xiaomi,Poco C55,128.0,Xiaomi Poco C55 | 128GB,2,very_low,28750.0,26125.0,31375.0,23500.0,34000.0,Random Forest,7278.46,24646.38,17367.92,31924.83
android,Xiaomi,Poco C71,64.0,Xiaomi Poco C71 | 64GB,1,very_low,30000.0,30000.0,30000.0,30000.0,30000.0,Random Forest,7278.46,21847.53,14569.07,29125.98
android,Xiaomi,Poco C71,128.0,Xiaomi Poco C71 | 128GB,2,very_low,28995.0,28492.5,29497.5,27990.0,30000.0,Random Forest,7278.46,28074.04,20795.59,35352.5
android,Xiaomi,Poco F3,256.0,Xiaomi Poco F3 | 256GB,1,very_low,25000.0,25000.0,25000.0,25000.0,25000.0,Random Forest,7278.46,25657.86,18379.4,32936.32
android,Xiaomi,Poco F5,256.0,Xiaomi Poco F5 | 256GB,1,very_low,47500.0,47500.0,47500.0,47500.0,47500.0,Random Forest,7278.46,51399.85,44121.39,58678.3
android,Xiaomi,Poco M3,,Xiaomi Poco M3 | ?GB,4,low,16250.0,14125.0,17375.0,10000.0,18500.0,Random Forest,7278.46,11908.4,4629.95,19186.86
android,Xiaomi,Poco M3,64.0,Xiaomi Poco M3 | 64GB,3,low,15500.0,14500.0,17000.0,13500.0,18500.0,Random Forest,7278.46,17511.01,10232.55,24789.47
android,Xiaomi,Poco M3,128.0,Xiaomi Poco M3 | 128GB,3,low,17000.0,15500.0,18250.0,14000.0,19500.0,Random Forest,7278.46,18116.89,10838.44,25395.35
android,Xiaomi,Poco M3 Pro,64.0,Xiaomi Poco M3 Pro | 64GB,1,very_low,24999.0,24999.0,24999.0,24999.0,24999.0,Random Forest,7278.46,25062.56,17784.11,32341.02
android,Xiaomi,Poco M3 Pro,128.0,Xiaomi Poco M3 Pro | 128GB,1,very_low,24990.0,24990.0,24990.0,24990.0,24990.0,Random Forest,7278.46,25104.73,17826.27,32383.19
android,Xiaomi,Poco M4 Pro 5G,128.0,Xiaomi Poco M4 Pro 5G | 128GB,4,low,21000.0,19625.0,22750.0,18500.0,25000.0,Random Forest,7278.46,22919.41,15640.95,30197.86
android,Xiaomi,Poco M5,128.0,Xiaomi Poco M5 | 128GB,1,very_low,27999.0,27999.0,27999.0,27999.0,27999.0,Random Forest,7278.46,30587.84,23309.38,37866.3
android,Xiaomi,Poco M6 Pro,128.0,Xiaomi Poco M6 Pro | 128GB,2,very_low,30750.0,29875.0,31625.0,29000.0,32500.0,Random Forest,7278.46,23324.1,16045.64,30602.56
android,Xiaomi,Poco M7 Pro,128.0,Xiaomi Poco M7 Pro | 128GB,2,very_low,40500.0,40250.0,40750.0,40000.0,41000.0,Random Forest,7278.46,29385.44,22106.98,36663.9
android,Xiaomi,Poco M7 Pro,256.0,Xiaomi Poco M7 Pro | 256GB,1,very_low,43500.0,43500.0,43500.0,43500.0,43500.0,Random Forest,7278.46,44544.79,37266.34,51823.25
android,Xiaomi,Poco X3,128.0,Xiaomi Poco X3 | 128GB,3,low,18000.0,14000.0,24000.0,10000.0,30000.0,Random Forest,7278.46,27192.09,19913.63,34470.54
android,Xiaomi,Poco X3 NFC,,Xiaomi Poco X3 NFC | ?GB,1,very_low,20000.0,20000.0,20000.0,20000.0,20000.0,Random Forest,7278.46,15475.19,8196.74,22753.65
android,Xiaomi,Poco X3 NFC,128.0,Xiaomi Poco X3 NFC | 128GB,5,low,20000.0,14900.0,20000.0,13500.0,24000.0,Random Forest,7278.46,20143.5,12865.05,27421.96
android,Xiaomi,Poco X3 Pro,128.0,Xiaomi Poco X3 Pro | 128GB,8,medium,22750.0,20750.0,25750.0,13000.0,28500.0,Random Forest,7278.46,27246.23,19967.78,34524.69
android,Xiaomi,Poco X3 Pro,256.0,Xiaomi Poco X3 Pro | 256GB,1,very_low,25000.0,25000.0,25000.0,25000.0,25000.0,Random Forest,7278.46,26261.25,18982.8,33539.71
android,Xiaomi,Poco X5 Pro,256.0,Xiaomi Poco X5 Pro | 256GB,2,very_low,40500.0,39500.0,41500.0,38500.0,42500.0,Random Forest,7278.46,43878.2,36599.74,51156.66
android,Xiaomi,Poco X6 Pro,512.0,Xiaomi Poco X6 Pro | 512GB,1,very_low,68000.0,68000.0,68000.0,68000.0,68000.0,Random Forest,7278.46,70898.49,63620.04,78176.95
android,Xiaomi,Redmi 10,64.0,Xiaomi Redmi 10 | 64GB,3,low,19000.0,16750.0,21000.0,14500.0,23000.0,Random Forest,7278.46,19901.37,12622.92,27179.83
android,Xiaomi,Redmi 10,128.0,Xiaomi Redmi 10 | 128GB,7,low,21500.0,19750.0,22000.0,10000.0,32000.0,Random Forest,7278.46,18605.07,11326.61,25883.53
android,Xiaomi,Redmi 10 Prime,128.0,Xiaomi Redmi 10 Prime | 128GB,2,very_low,13500.0,8750.0,18250.0,4000.0,23000.0,Random Forest,7278.46,21698.37,14419.91,28976.82
android,Xiaomi,Redmi 10A,,Xiaomi Redmi 10A | ?GB,7,low,21975.0,21962.5,21982.0,21899.0,21989.0,Random Forest,7278.46,15707.98,8429.53,22986.44
android,Xiaomi,Redmi 10A,32.0,Xiaomi Redmi 10A | 32GB,3,low,16000.0,15500.0,16500.0,15000.0,17000.0,Random Forest,7278.46,15001.19,7722.74,22279.65
android,Xiaomi,Redmi 10A,64.0,Xiaomi Redmi 10A | 64GB,6,low,18495.0,16872.5,20500.0,15000.0,39000.0,Random Forest,7278.46,18937.02,11658.57,26215.48
android,Xiaomi,Redmi 10A,128.0,Xiaomi Redmi 10A | 128GB,10,medium,18999.5,17499.0,19875.0,12000.0,22000.0,Random Forest,7278.46,18614.32,11335.86,25892.77
android,Xiaomi,Redmi 10C,64.0,Xiaomi Redmi 10C | 64GB,1,very_low,21000.0,21000.0,21000.0,21000.0,21000.0,Random Forest,7278.46,19056.26,11777.8,26334.72
android,Xiaomi,Redmi 10C,128.0,Xiaomi Redmi 10C | 128GB,1,very_low,15999.0,15999.0,15999.0,15999.0,15999.0,Random Forest,7278.46,19372.47,12094.01,26650.93
android,Xiaomi,Redmi 11,,Xiaomi Redmi 11 | ?GB,1,very_low,15000.0,15000.0,15000.0,15000.0,15000.0,Random Forest,7278.46,11157.8,3879.35,18436.26
android,Xiaomi,Redmi 12,,Xiaomi Redmi 12 | ?GB,1,very_low,29000.0,29000.0,29000.0,29000.0,29000.0,Random Forest,7278.46,16787.93,9509.47,24066.39
android,Xiaomi,Redmi 12,128.0,Xiaomi Redmi 12 | 128GB,27,high,28000.0,24250.0,30000.0,16500.0,43599.0,Random Forest,7278.46,27307.48,20029.02,34585.93
android,Xiaomi,Redmi 12,256.0,Xiaomi Redmi 12 | 256GB,10,medium,30000.0,25747.5,31875.0,15000.0,36500.0,Random Forest,7278.46,29077.22,21798.76,36355.68
android,Xiaomi,Redmi 12C,64.0,Xiaomi Redmi 12C | 64GB,1,very_low,22000.0,22000.0,22000.0,22000.0,22000.0,Random Forest,7278.46,19891.97,12613.51,27170.43
android,Xiaomi,Redmi 12C,128.0,Xiaomi Redmi 12C | 128GB,4,low,19950.0,19550.0,21250.0,18500.0,25000.0,Random Forest,7278.46,24245.66,16967.2,31524.11
android,Xiaomi,Redmi 13,,Xiaomi Redmi 13 | ?GB,1,very_low,30000.0,30000.0,30000.0,30000.0,30000.0,Random Forest,7278.46,14394.65,7116.19,21673.1
android,Xiaomi,Redmi 13,128.0,Xiaomi Redmi 13 | 128GB,3,low,29000.0,28250.0,32500.0,27500.0,36000.0,Random Forest,7278.46,32602.55,25324.1,39881.01
android,Xiaomi,Redmi 13,256.0,Xiaomi Redmi 13 | 256GB,9,medium,34000.0,30000.0,38000.0,24500.0,50000.0,Random Forest,7278.46,34592.45,27313.99,41870.91
android,Xiaomi,Redmi 13C,,Xiaomi Redmi 13C | ?GB,2,very_low,22500.0,20750.0,24250.0,19000.0,26000.0,Random Forest,7278.46,15777.77,8499.31,23056.22
android,Xiaomi,Redmi 13C,64.0,Xiaomi Redmi 13C | 64GB,1,very_low,14500.0,14500.0,14500.0,14500.0,14500.0,Random Forest,7278.46,19077.15,11798.69,26355.61
android,Xiaomi,Redmi 13C,128.0,Xiaomi Redmi 13C | 128GB,17,medium,21000.0,18000.0,25000.0,6000.0,27500.0,Random Forest,7278.46,22704.02,15425.56,29982.47
android,Xiaomi,Redmi 13C,256.0,Xiaomi Redmi 13C | 256GB,32,high,25000.0,21998.75,29250.0,14000.0,35000.0,Random Forest,7278.46,24356.61,17078.15,31635.06
android,Xiaomi,Redmi 14,256.0,Xiaomi Redmi 14 | 256GB,3,low,46000.0,33000.0,47000.0,20000.0,48000.0,Random Forest,7278.46,44476.95,37198.49,51755.4
android,Xiaomi,Redmi 14C,,Xiaomi Redmi 14C | ?GB,2,very_low,25000.0,22500.0,27500.0,20000.0,30000.0,Random Forest,7278.46,16826.66,9548.2,24105.11
android,Xiaomi,Redmi 14C,64.0,Xiaomi Redmi 14C | 64GB,2,very_low,20150.0,16975.0,23325.0,13800.0,26500.0,Random Forest,7278.46,23560.6,16282.14,30839.05
android,Xiaomi,Redmi 14C,128.0,Xiaomi Redmi 14C | 128GB,30,high,26750.0,24992.5,29975.0,18000.0,45000.0,Random Forest,7278.46,26879.2,19600.75,34157.66
android,Xiaomi,Redmi 14C,256.0,Xiaomi Redmi 14C | 256GB,24,high,28750.0,26875.0,34992.5,21000.0,42000.0,Random Forest,7278.46,28889.05,21610.59,36167.5
android,Xiaomi,Redmi 15,,Xiaomi Redmi 15 | ?GB,1,very_low,49500.0,49500.0,49500.0,49500.0,49500.0,Random Forest,7278.46,19216.26,11937.81,26494.72
android,Xiaomi,Redmi 15,64.0,Xiaomi Redmi 15 | 64GB,1,very_low,18000.0,18000.0,18000.0,18000.0,18000.0,Random Forest,7278.46,23991.5,16713.05,31269.96
android,Xiaomi,Redmi 15,128.0,Xiaomi Redmi 15 | 128GB,8,medium,50495.0,47500.0,53875.0,43000.0,55000.0,Random Forest,7278.46,43626.38,36347.93,50904.84
android,Xiaomi,Redmi 15,256.0,Xiaomi Redmi 15 | 256GB,17,medium,48000.0,46000.0,50000.0,35500.0,65000.0,Random Forest,7278.46,46844.35,39565.9,54122.81
android,Xiaomi,Redmi 15C,,Xiaomi Redmi 15C | ?GB,1,very_low,36500.0,36500.0,36500.0,36500.0,36500.0,Random Forest,7278.46,14137.81,6859.35,21416.26
android,Xiaomi,Redmi 15C,128.0,Xiaomi Redmi 15C | 128GB,39,high,35000.0,29700.0,39750.0,24990.0,50000.0,Random Forest,7278.46,35075.39,27796.93,42353.84
android,Xiaomi,Redmi 15C,256.0,Xiaomi Redmi 15C | 256GB,30,high,38999.5,35992.5,42250.0,27500.0,50000.0,Random Forest,7278.46,38490.47,31212.01,45768.92
android,Xiaomi,Redmi 2,16.0,Xiaomi Redmi 2 | 16GB,1,very_low,7990.0,7990.0,7990.0,7990.0,7990.0,Random Forest,7278.46,11607.67,4329.21,18886.13
android,Xiaomi,Redmi 3,64.0,Xiaomi Redmi 3 | 64GB,1,very_low,25000.0,25000.0,25000.0,25000.0,25000.0,Random Forest,7278.46,22444.63,15166.17,29723.08
android,Xiaomi,Redmi 3,128.0,Xiaomi Redmi 3 | 128GB,1,very_low,8500.0,8500.0,8500.0,8500.0,8500.0,Random Forest,7278.46,23175.45,15896.99,30453.91
android,Xiaomi,Redmi 5,64.0,Xiaomi Redmi 5 | 64GB,1,very_low,6499.0,6499.0,6499.0,6499.0,6499.0,Random Forest,7278.46,10464.9,3186.44,17743.35
android,Xiaomi,Redmi 6A,32.0,Xiaomi Redmi 6A | 32GB,1,very_low,17000.0,17000.0,17000.0,17000.0,17000.0,Random Forest,7278.46,12662.49,5384.04,19940.95
android,Xiaomi,Redmi 8,32.0,Xiaomi Redmi 8 | 32GB,1,very_low,10500.0,10500.0,10500.0,10500.0,10500.0,Random Forest,7278.46,12531.38,5252.92,19809.84
android,Xiaomi,Redmi 8,64.0,Xiaomi Redmi 8 | 64GB,6,low,14750.0,13125.0,16750.0,12500.0,19500.0,Random Forest,7278.46,18104.78,10826.32,25383.23
android,Xiaomi,Redmi 8A,32.0,Xiaomi Redmi 8A | 32GB,4,low,7750.0,7122.5,8375.0,5990.0,9500.0,Random Forest,7278.46,9956.33,2677.88,17234.79
android,Xiaomi,Redmi 8A,64.0,Xiaomi Redmi 8A | 64GB,1,very_low,15000.0,15000.0,15000.0,15000.0,15000.0,Random Forest,7278.46,11561.6,4283.14,18840.05
android,Xiaomi,Redmi 9,32.0,Xiaomi Redmi 9 | 32GB,5,low,14000.0,8000.0,17500.0,7000.0,18000.0,Random Forest,7278.46,13333.04,6054.58,20611.49
android,Xiaomi,Redmi 9,64.0,Xiaomi Redmi 9 | 64GB,5,low,20000.0,19000.0,24000.0,14500.0,26000.0,Random Forest,7278.46,17282.96,10004.5,24561.41
android,Xiaomi,Redmi 9,128.0,Xiaomi Redmi 9 | 128GB,2,very_low,15000.0,11500.0,18500.0,8000.0,22000.0,Random Forest,7278.46,15490.58,8212.12,22769.04
android,Xiaomi,Redmi 9 Power,64.0,Xiaomi Redmi 9 Power | 64GB,1,very_low,13500.0,13500.0,13500.0,13500.0,13500.0,Random Forest,7278.46,14716.47,7438.01,21994.93
android,Xiaomi,Redmi 9A,,Xiaomi Redmi 9A | ?GB,7,low,19979.0,19970.0,19987.0,19960.0,19990.0,Random Forest,7278.46,12394.68,5116.23,19673.14
android,Xiaomi,Redmi 9A,32.0,Xiaomi Redmi 9A | 32GB,16,medium,11500.0,9375.0,13125.0,6500.0,16500.0,Random Forest,7278.46,11258.4,3979.94,18536.86
android,Xiaomi,Redmi 9A,64.0,Xiaomi Redmi 9A | 64GB,5,low,14500.0,13000.0,15000.0,12000.0,15000.0,Random Forest,7278.46,16778.05,9499.59,24056.5
android,Xiaomi,Redmi 9A,128.0,Xiaomi Redmi 9A | 128GB,21,high,16800.0,16499.0,16995.0,14000.0,23000.0,Random Forest,7278.46,17633.99,10355.54,24912.45
android,Xiaomi,Redmi 9C,,Xiaomi Redmi 9C | ?GB,1,very_low,13500.0,13500.0,13500.0,13500.0,13500.0,Random Forest,7278.46,11329.82,4051.36,18608.28
android,Xiaomi,Redmi 9C,32.0,Xiaomi Redmi 9C | 32GB,1,very_low,9500.0,9500.0,9500.0,9500.0,9500.0,Random Forest,7278.46,11514.5,4236.04,18792.95
android,Xiaomi,Redmi 9C,64.0,Xiaomi Redmi 9C | 64GB,2,very_low,13999.5,12999.25,14999.75,11999.0,16000.0,Random Forest,7278.46,14279.12,7000.66,21557.57
android,Xiaomi,Redmi 9C,128.0,Xiaomi Redmi 9C | 128GB,5,low,12000.0,12000.0,13000.0,11500.0,16900.0,Random Forest,7278.46,14628.69,7350.24,21907.15
android,Xiaomi,Redmi 9t,64.0,Xiaomi Redmi 9t | 64GB,3,low,11500.0,11250.0,12750.0,11000.0,14000.0,Random Forest,7278.46,14903.84,7625.38,22182.3
android,Xiaomi,Redmi 9t,128.0,Xiaomi Redmi 9t | 128GB,1,very_low,20000.0,20000.0,20000.0,20000.0,20000.0,Random Forest,7278.46,12821.24,5542.79,20099.7
android,Xiaomi,Redmi A1,32.0,Xiaomi Redmi A1 | 32GB,2,very_low,15125.0,13937.5,16312.5,12750.0,17500.0,Random Forest,7278.46,11719.88,4441.42,18998.34
android,Xiaomi,Redmi A1,64.0,Xiaomi Redmi A1 | 64GB,1,very_low,15000.0,15000.0,15000.0,15000.0,15000.0,Random Forest,7278.46,14351.88,7073.42,21630.34
android,Xiaomi,Redmi A2,,Xiaomi Redmi A2 | ?GB,1,very_low,15500.0,15500.0,15500.0,15500.0,15500.0,Random Forest,7278.46,11465.87,4187.41,18744.33
android,Xiaomi,Redmi A2,32.0,Xiaomi Redmi A2 | 32GB,2,very_low,11750.0,9625.0,13875.0,7500.0,16000.0,Random Forest,7278.46,11638.8,4360.35,18917.26
android,Xiaomi,Redmi A2 plus,,Xiaomi Redmi A2 plus | ?GB,1,very_low,23000.0,23000.0,23000.0,23000.0,23000.0,Random Forest,7278.46,14178.44,6899.98,21456.89
android,Xiaomi,Redmi A2 plus,32.0,Xiaomi Redmi A2 plus | 32GB,4,low,14750.0,14000.0,15250.0,12500.0,16000.0,Random Forest,7278.46,14913.98,7635.53,22192.44
android,Xiaomi,Redmi A2 plus,64.0,Xiaomi Redmi A2 plus | 64GB,10,medium,16500.0,15250.0,19312.5,13000.0,30000.0,Random Forest,7278.46,17701.52,10423.07,24979.98
android,Xiaomi,Redmi A3,64.0,Xiaomi Redmi A3 | 64GB,12,medium,20750.0,18500.0,25000.0,15000.0,32000.0,Random Forest,7278.46,20634.72,13356.26,27913.17
android,Xiaomi,Redmi A3,128.0,Xiaomi Redmi A3 | 128GB,15,medium,22500.0,19750.0,25000.0,4000.0,29000.0,Random Forest,7278.46,23230.23,15951.78,30508.69
android,Xiaomi,Redmi A3,1024.0,Xiaomi Redmi A3 | 1024GB,1,very_low,30000.0,30000.0,30000.0,30000.0,30000.0,Random Forest,7278.46,30408.25,23129.8,37686.71
android,Xiaomi,Redmi A5,,Xiaomi Redmi A5 | ?GB,1,very_low,30000.0,30000.0,30000.0,30000.0,30000.0,Random Forest,7278.46,17745.05,10466.59,25023.5
android,Xiaomi,Redmi A5,64.0,Xiaomi Redmi A5 | 64GB,21,high,24000.0,21000.0,25000.0,14000.0,39900.0,Random Forest,7278.46,23938.24,16659.79,31216.7
android,Xiaomi,Redmi A5,128.0,Xiaomi Redmi A5 | 128GB,26,high,27500.0,23617.5,30000.0,14000.0,36000.0,Random Forest,7278.46,27105.51,19827.05,34383.97
android,Xiaomi,Redmi A5,256.0,Xiaomi Redmi A5 | 256GB,1,very_low,26000.0,26000.0,26000.0,26000.0,26000.0,Random Forest,7278.46,26736.69,19458.24,34015.15
android,Xiaomi,Redmi Go,32.0,Xiaomi Redmi Go | 32GB,1,very_low,10000.0,10000.0,10000.0,10000.0,10000.0,Random Forest,7278.46,10043.59,2765.13,17322.04
android,Xiaomi,Redmi K20 Pro,128.0,Xiaomi Redmi K20 Pro | 128GB,2,very_low,17500.0,15750.0,19250.0,14000.0,21000.0,Random Forest,7278.46,15229.36,7950.91,22507.82
android,Xiaomi,Redmi Note,128.0,Xiaomi Redmi Note | 128GB,2,very_low,43625.0,31562.5,55687.5,19500.0,67750.0,Random Forest,7278.46,23087.43,15808.98,30365.89
android,Xiaomi,Redmi Note 10,64.0,Xiaomi Redmi Note 10 | 64GB,1,very_low,17500.0,17500.0,17500.0,17500.0,17500.0,Random Forest,7278.46,19793.32,12514.87,27071.78
android,Xiaomi,Redmi Note 10,128.0,Xiaomi Redmi Note 10 | 128GB,5,low,20000.0,16000.0,24999.0,12000.0,28500.0,Random Forest,7278.46,19671.75,12393.29,26950.21
android,Xiaomi,Redmi Note 10,256.0,Xiaomi Redmi Note 10 | 256GB,1,very_low,22000.0,22000.0,22000.0,22000.0,22000.0,Random Forest,7278.46,22770.14,15491.68,30048.59
android,Xiaomi,Redmi Note 10 Pro,,Xiaomi Redmi Note 10 Pro | ?GB,1,very_low,16000.0,16000.0,16000.0,16000.0,16000.0,Random Forest,7278.46,16731.45,9452.99,24009.9
android,Xiaomi,Redmi Note 10 Pro,64.0,Xiaomi Redmi Note 10 Pro | 64GB,2,very_low,21750.0,21375.0,22125.0,21000.0,22500.0,Random Forest,7278.46,22182.96,14904.5,29461.41
android,Xiaomi,Redmi Note 10 Pro,128.0,Xiaomi Redmi Note 10 Pro | 128GB,13,medium,27500.0,20500.0,30000.0,14500.0,35000.0,Random Forest,7278.46,26725.9,19447.44,34004.35
android,Xiaomi,Redmi Note 10 Pro Max,128.0,Xiaomi Redmi Note 10 Pro Max | 128GB,1,very_low,20000.0,20000.0,20000.0,20000.0,20000.0,Random Forest,7278.46,31252.7,23974.24,38531.15
android,Xiaomi,Redmi Note 10T,64.0,Xiaomi Redmi Note 10T | 64GB,1,very_low,19900.0,19900.0,19900.0,19900.0,19900.0,Random Forest,7278.46,21805.35,14526.9,29083.81
android,Xiaomi,Redmi Note 10s,128.0,Xiaomi Redmi Note 10s | 128GB,4,low,18500.0,17125.0,20875.0,16000.0,25000.0,Random Forest,7278.46,21584.47,14306.01,28862.92
android,Xiaomi,Redmi Note 11,64.0,Xiaomi Redmi Note 11 | 64GB,2,very_low,16250.0,14125.0,18375.0,12000.0,20500.0,Random Forest,7278.46,20555.61,13277.15,27834.07
android,Xiaomi,Redmi Note 11,128.0,Xiaomi Redmi Note 11 | 128GB,14,medium,21996.5,21492.5,24750.0,14500.0,28000.0,Random Forest,7278.46,22164.15,14885.7,29442.61
android,Xiaomi,Redmi Note 11,256.0,Xiaomi Redmi Note 11 | 256GB,3,low,21977.0,21738.5,30238.5,21500.0,38500.0,Random Forest,7278.46,22135.01,14856.55,29413.47
android,Xiaomi,Redmi Note 11 Pro,128.0,Xiaomi Redmi Note 11 Pro | 128GB,2,very_low,37500.0,36250.0,38750.0,35000.0,40000.0,Random Forest,7278.46,36869.18,29590.73,44147.64
android,Xiaomi,Redmi Note 11 Pro+,128.0,Xiaomi Redmi Note 11 Pro+ | 128GB,2,very_low,37500.0,36250.0,38750.0,35000.0,40000.0,Random Forest,7278.46,35601.53,28323.08,42879.99
android,Xiaomi,Redmi Note 11 Pro+,256.0,Xiaomi Redmi Note 11 Pro+ | 256GB,1,very_low,29900.0,29900.0,29900.0,29900.0,29900.0,Random Forest,7278.46,35114.74,27836.29,42393.2
android,Xiaomi,Redmi Note 11E,256.0,Xiaomi Redmi Note 11E | 256GB,7,low,21993.0,21525.0,26500.0,21444.0,30000.0,Random Forest,7278.46,23845.98,16567.52,31124.44
android,Xiaomi,Redmi Note 11R,128.0,Xiaomi Redmi Note 11R | 128GB,2,very_low,26995.0,22992.5,30997.5,18990.0,35000.0,Random Forest,7278.46,22341.12,15062.67,29619.58
android,Xiaomi,Redmi Note 11R,256.0,Xiaomi Redmi Note 11R | 256GB,11,medium,21999.0,20749.0,22000.0,19499.0,22500.0,Random Forest,7278.46,21857.28,14578.82,29135.74
android,Xiaomi,Redmi Note 11R,266.0,Xiaomi Redmi Note 11R | 266GB,1,very_low,22580.0,22580.0,22580.0,22580.0,22580.0,Random Forest,7278.46,23866.16,16587.71,31144.62
android,Xiaomi,Redmi Note 11S,128.0,Xiaomi Redmi Note 11S | 128GB,7,low,22000.0,21998.5,25500.0,21993.0,32000.0,Random Forest,7278.46,22658.99,15380.53,29937.44
android,Xiaomi,Redmi Note 11S,256.0,Xiaomi Redmi Note 11S | 256GB,2,very_low,21999.0,21999.0,21999.0,21999.0,21999.0,Random Forest,7278.46,23234.77,15956.32,30513.23
android,Xiaomi,Redmi Note 12,128.0,Xiaomi Redmi Note 12 | 128GB,11,medium,30000.0,26000.0,34750.0,23500.0,38500.0,Random Forest,7278.46,31111.01,23832.56,38389.47
android,Xiaomi,Redmi Note 12,256.0,Xiaomi Redmi Note 12 | 256GB,6,low,30000.0,27625.0,34250.0,22000.0,38000.0,Random Forest,7278.46,33252.64,25974.19,40531.1
android,Xiaomi,Redmi Note 12 Pro,,Xiaomi Redmi Note 12 Pro | ?GB,1,very_low,32000.0,32000.0,32000.0,32000.0,32000.0,Random Forest,7278.46,19449.13,12170.68,26727.59
android,Xiaomi,Redmi Note 12 Pro,256.0,Xiaomi Redmi Note 12 Pro | 256GB,6,low,43500.0,39749.25,45750.0,38000.0,50000.0,Random Forest,7278.46,44858.83,37580.38,52137.29
android,Xiaomi,Redmi Note 12 Pro Plus,256.0,Xiaomi Redmi Note 12 Pro Plus | 256GB,1,very_low,43000.0,43000.0,43000.0,43000.0,43000.0,Random Forest,7278.46,46000.11,38721.65,53278.57
android,Xiaomi,Redmi Note 13,128.0,Xiaomi Redmi Note 13 | 128GB,3,low,32500.0,30750.0,35250.0,29000.0,38000.0,Random Forest,7278.46,35717.66,28439.21,42996.12
android,Xiaomi,Redmi Note 13,256.0,Xiaomi Redmi Note 13 | 256GB,28,high,35500.0,30250.0,39250.0,17500.0,49500.0,Random Forest,7278.46,35601.39,28322.93,42879.84
android,Xiaomi,Redmi Note 13 Pro,128.0,Xiaomi Redmi Note 13 Pro | 128GB,1,very_low,41000.0,41000.0,41000.0,41000.0,41000.0,Random Forest,7278.46,41251.64,33973.19,48530.1
android,Xiaomi,Redmi Note 13 Pro,256.0,Xiaomi Redmi Note 13 Pro | 256GB,10,medium,47250.0,37750.0,50875.0,27000.0,65000.0,Random Forest,7278.46,49042.5,41764.05,56320.96
android,Xiaomi,Redmi Note 13 Pro,512.0,Xiaomi Redmi Note 13 Pro | 512GB,3,low,60000.0,60000.0,63500.0,60000.0,67000.0,Random Forest,7278.46,59472.75,52194.3,66751.21
android,Xiaomi,Redmi Note 13 Pro Plus,256.0,Xiaomi Redmi Note 13 Pro Plus | 256GB,9,medium,64000.0,56500.0,65000.0,48500.0,75000.0,Random Forest,7278.46,68479.24,61200.78,75757.7
android,Xiaomi,Redmi Note 13 Pro Plus,512.0,Xiaomi Redmi Note 13 Pro Plus | 512GB,4,low,71500.0,63500.0,77500.0,50000.0,85000.0,Random Forest,7278.46,70585.25,63306.8,77863.71
android,Xiaomi,Redmi Note 14,,Xiaomi Redmi Note 14 | ?GB,2,very_low,46250.0,45625.0,46875.0,45000.0,47500.0,Random Forest,7278.46,21032.94,13754.48,28311.39
android,Xiaomi,Redmi Note 14,128.0,Xiaomi Redmi Note 14 | 128GB,13,medium,39990.0,38000.0,45000.0,28000.0,49500.0,Random Forest,7278.46,40354.61,33076.15,47633.06
android,Xiaomi,Redmi Note 14,256.0,Xiaomi Redmi Note 14 | 256GB,38,high,44250.0,41250.0,48000.0,30000.0,57000.0,Random Forest,7278.46,44012.55,36734.1,51291.01
android,Xiaomi,Redmi Note 14,512.0,Xiaomi Redmi Note 14 | 512GB,1,very_low,55000.0,55000.0,55000.0,55000.0,55000.0,Random Forest,7278.46,49845.72,42567.26,57124.17
android,Xiaomi,Redmi Note 14 Pro,256.0,Xiaomi Redmi Note 14 Pro | 256GB,11,medium,54900.0,51749.5,59700.0,43500.0,80000.0,Random Forest,7278.46,58974.91,51696.45,66253.36
android,Xiaomi,Redmi Note 14 Pro Plus,,Xiaomi Redmi Note 14 Pro Plus | ?GB,1,very_low,89500.0,89500.0,89500.0,89500.0,89500.0,Random Forest,7278.46,77819.99,70541.54,85098.45
android,Xiaomi,Redmi Note 14 Pro Plus,256.0,Xiaomi Redmi Note 14 Pro Plus | 256GB,6,low,75000.0,68500.0,82250.0,68000.0,100000.0,Random Forest,7278.46,85283.35,78004.89,92561.8
android,Xiaomi,Redmi Note 14 Pro Plus,512.0,Xiaomi Redmi Note 14 Pro Plus | 512GB,7,low,81500.0,79250.0,88000.0,78000.0,93000.0,Random Forest,7278.46,87435.59,80157.13,94714.05
android,Xiaomi,Redmi Note 15,128.0,Xiaomi Redmi Note 15 | 128GB,8,medium,59000.0,56500.0,63000.0,44990.0,68000.0,Random Forest,7278.46,58584.43,51305.97,65862.88
android,Xiaomi,Redmi Note 15,256.0,Xiaomi Redmi Note 15 | 256GB,13,medium,72000.0,65000.0,90000.0,54900.0,105000.0,Random Forest,7278.46,71278.78,64000.32,78557.23
android,Xiaomi,Redmi Note 15 Pro,256.0,Xiaomi Redmi Note 15 Pro | 256GB,2,very_low,85750.0,84125.0,87375.0,82500.0,89000.0,Random Forest,7278.46,89827.91,82549.45,97106.36
android,Xiaomi,Redmi Note 15 Pro+,256.0,Xiaomi Redmi Note 15 Pro+ | 256GB,8,medium,106500.0,104500.0,115225.0,24500.0,127500.0,Random Forest,7278.46,88846.31,81567.86,96124.77
android,Xiaomi,Redmi Note 4,32.0,Xiaomi Redmi Note 4 | 32GB,1,very_low,7500.0,7500.0,7500.0,7500.0,7500.0,Random Forest,7278.46,9806.88,2528.42,17085.33
android,Xiaomi,Redmi Note 6 Pro,64.0,Xiaomi Redmi Note 6 Pro | 64GB,1,very_low,19990.0,19990.0,19990.0,19990.0,19990.0,Random Forest,7278.46,19863.77,12585.31,27142.22
android,Xiaomi,Redmi Note 7,32.0,Xiaomi Redmi Note 7 | 32GB,1,very_low,12000.0,12000.0,12000.0,12000.0,12000.0,Random Forest,7278.46,11791.17,4512.72,19069.63
android,Xiaomi,Redmi Note 7,64.0,Xiaomi Redmi Note 7 | 64GB,1,very_low,14000.0,14000.0,14000.0,14000.0,14000.0,Random Forest,7278.46,16315.37,9036.91,23593.82
android,Xiaomi,Redmi Note 7 Pro,128.0,Xiaomi Redmi Note 7 Pro | 128GB,2,very_low,17997.0,17996.0,17998.0,17995.0,17999.0,Random Forest,7278.46,20980.05,13701.59,28258.51
android,Xiaomi,Redmi Note 8,32.0,Xiaomi Redmi Note 8 | 32GB,1,very_low,14500.0,14500.0,14500.0,14500.0,14500.0,Random Forest,7278.46,12992.75,5714.3,20271.21
android,Xiaomi,Redmi Note 8,64.0,Xiaomi Redmi Note 8 | 64GB,4,low,17250.0,15875.0,18000.0,14000.0,18000.0,Random Forest,7278.46,16860.76,9582.3,24139.21
android,Xiaomi,Redmi Note 8,128.0,Xiaomi Redmi Note 8 | 128GB,7,low,17000.0,15000.0,18745.0,13000.0,22000.0,Random Forest,7278.46,17067.67,9789.21,24346.12
android,Xiaomi,Redmi Note 8 Pro,128.0,Xiaomi Redmi Note 8 Pro | 128GB,5,low,16000.0,15000.0,22000.0,15000.0,23500.0,Random Forest,7278.46,20625.29,13346.83,27903.75
android,Xiaomi,Redmi Note 9,64.0,Xiaomi Redmi Note 9 | 64GB,1,very_low,15500.0,15500.0,15500.0,15500.0,15500.0,Random Forest,7278.46,18444.85,11166.4,25723.31
android,Xiaomi,Redmi Note 9,128.0,Xiaomi Redmi Note 9 | 128GB,5,low,16000.0,14500.0,20000.0,10000.0,20500.0,Random Forest,7278.46,19625.72,12347.26,26904.18
android,Xiaomi,Redmi Note 9,256.0,Xiaomi Redmi Note 9 | 256GB,2,very_low,25000.0,25000.0,25000.0,25000.0,25000.0,Random Forest,7278.46,22542.09,15263.63,29820.55
android,Xiaomi,Redmi Note 9 Pro,,Xiaomi Redmi Note 9 Pro | ?GB,1,very_low,12000.0,12000.0,12000.0,12000.0,12000.0,Random Forest,7278.46,14435.49,7157.03,21713.95
android,Xiaomi,Redmi Note 9 Pro,64.0,Xiaomi Redmi Note 9 Pro | 64GB,2,very_low,27500.0,26250.0,28750.0,25000.0,30000.0,Random Forest,7278.46,20329.8,13051.35,27608.26
android,Xiaomi,Redmi Note 9 Pro,128.0,Xiaomi Redmi Note 9 Pro | 128GB,1,very_low,17000.0,17000.0,17000.0,17000.0,17000.0,Random Forest,7278.46,20676.64,13398.18,27955.09
android,Xiaomi,Redmi Note 9S,128.0,Xiaomi Redmi Note 9S | 128GB,4,low,21000.0,18250.0,23000.0,13000.0,26000.0,Random Forest,7278.46,18429.33,11150.88,25707.79
android,ZTE,A-,32.0,ZTE A- | 32GB,1,very_low,19000.0,19000.0,19000.0,19000.0,19000.0,Random Forest,7278.46,17592.48,10314.02,24870.93
android,ZTE,Blade,,ZTE Blade | ?GB,2,very_low,15000.0,13000.0,17000.0,11000.0,19000.0,Random Forest,7278.46,15800.99,8522.53,23079.45
android,ZTE,Blade,32.0,ZTE Blade | 32GB,6,low,19495.0,16500.0,21747.5,13500.0,22990.0,Random Forest,7278.46,17852.32,10573.86,25130.77
android,ZTE,Blade,64.0,ZTE Blade | 64GB,13,medium,20000.0,18000.0,23000.0,13000.0,32999.0,Random Forest,7278.46,18706.42,11427.96,25984.88
android,ZTE,Blade,128.0,ZTE Blade | 128GB,10,medium,23500.0,21625.0,28375.0,20990.0,49888.0,Random Forest,7278.46,23690.84,16412.38,30969.29
android,ZTE,Blade,256.0,ZTE Blade | 256GB,9,medium,24990.0,23000.0,27000.0,22000.0,30000.0,Random Forest,7278.46,25985.79,18707.33,33264.24
android,ZTE,Blade A31,32.0,ZTE Blade A31 | 32GB,1,very_low,6000.0,6000.0,6000.0,6000.0,6000.0,Random Forest,7278.46,11022.3,3743.84,18300.75
android,ZTE,Blade A31,64.0,ZTE Blade A31 | 64GB,2,very_low,12000.0,12000.0,12000.0,12000.0,12000.0,Random Forest,7278.46,11942.13,4663.67,19220.59
android,ZTE,Blade A35,,ZTE Blade A35 | ?GB,1,very_low,12000.0,12000.0,12000.0,12000.0,12000.0,Random Forest,7278.46,13969.62,6691.17,21248.08
android,ZTE,Blade A35,32.0,ZTE Blade A35 | 32GB,3,low,16000.0,15500.0,17125.0,15000.0,18250.0,Random Forest,7278.46,14221.47,6943.01,21499.92
android,ZTE,Blade A35,64.0,ZTE Blade A35 | 64GB,7,low,18500.0,16750.0,20000.0,14400.0,22000.0,Random Forest,7278.46,17424.74,10146.28,24703.19
android,ZTE,Blade A35,128.0,ZTE Blade A35 | 128GB,1,very_low,15000.0,15000.0,15000.0,15000.0,15000.0,Random Forest,7278.46,16101.57,8823.12,23380.03
android,ZTE,Blade A51,,ZTE Blade A51 | ?GB,1,very_low,15000.0,15000.0,15000.0,15000.0,15000.0,Random Forest,7278.46,13565.82,6287.36,20844.27
android,ZTE,Blade A51,32.0,ZTE Blade A51 | 32GB,1,very_low,16000.0,16000.0,16000.0,16000.0,16000.0,Random Forest,7278.46,16874.16,9595.7,24152.61
android,ZTE,Blade A55,64.0,ZTE Blade A55 | 64GB,5,low,18000.0,16500.0,22000.0,14500.0,25000.0,Random Forest,7278.46,18951.23,11672.78,26229.69
android,ZTE,Blade A55,128.0,ZTE Blade A55 | 128GB,6,low,24450.0,17000.0,25967.5,14500.0,30000.0,Random Forest,7278.46,23700.05,16421.59,30978.5
android,ZTE,Blade A71,64.0,ZTE Blade A71 | 64GB,3,low,22500.0,15750.0,22527.5,9000.0,22555.0,Random Forest,7278.46,17795.27,10516.81,25073.72
android,ZTE,Blade A71,128.0,ZTE Blade A71 | 128GB,1,very_low,21000.0,21000.0,21000.0,21000.0,21000.0,Random Forest,7278.46,19690.04,12411.58,26968.5
android,ZTE,Blade V30,128.0,ZTE Blade V30 | 128GB,3,low,19000.0,18500.0,22000.0,18000.0,25000.0,Random Forest,7278.46,24046.81,16768.36,31325.27
android,ZTE,Nubia V60,128.0,ZTE Nubia V60 | 128GB,1,very_low,23000.0,23000.0,23000.0,23000.0,23000.0,Random Forest,7278.46,23770.18,16491.72,31048.64
android,ZTE,Nubia V60,256.0,ZTE Nubia V60 | 256GB,7,low,25999.0,25050.0,27495.0,24500.0,37500.0,Random Forest,7278.46,26670.27,19391.82,33948.73
android,ZTE,Other model,,ZTE Other model | ?GB,3,low,23500.0,14000.0,29250.0,4500.0,35000.0,Random Forest,7278.46,20098.02,12819.57,27376.48
android,ZTE,Other model,32.0,ZTE Other model | 32GB,8,medium,19400.0,18675.0,19915.5,16000.0,58000.0,Random Forest,7278.46,16497.88,9219.42,23776.34
android,ZTE,Other model,64.0,ZTE Other model | 64GB,7,low,15000.0,14750.0,17150.0,9000.0,25000.0,Random Forest,7278.46,19627.1,12348.64,26905.56
android,ZTE,Other model,128.0,ZTE Other model | 128GB,15,medium,22998.0,22945.0,28999.5,19997.0,40000.0,Random Forest,7278.46,26213.49,18935.03,33491.94
android,ZTE,Other model,256.0,ZTE Other model | 256GB,5,low,19000.0,17990.0,32999.0,17000.0,46999.0,Random Forest,7278.46,42792.64,35514.18,50071.09
android,ZTE,nubia,,ZTE nubia | ?GB,1,very_low,58000.0,58000.0,58000.0,58000.0,58000.0,Random Forest,7278.46,20405.51,13127.05,27683.97
android,ZTE,nubia,128.0,ZTE nubia | 128GB,32,high,36000.0,29999.0,39967.5,18000.0,53999.0,Random Forest,7278.46,40186.94,32908.49,47465.4
android,ZTE,nubia,256.0,ZTE nubia | 256GB,50,high,42994.0,36498.75,51500.0,16000.0,65000.0,Random Forest,7278.46,41744.38,34465.92,49022.83
android,Zigo,Other model,,Zigo Other model | ?GB,1,very_low,2700.0,2700.0,2700.0,2700.0,2700.0,Random Forest,7278.46,16971.48,9693.02,24249.94
iphone,Apple,Other model,32.0,Apple Other model | 32GB,1,very_low,20000.0,20000.0,20000.0,20000.0,20000.0,CatBoost,10360.25,20195.95,9835.7,30556.2
iphone,Apple,Other model,64.0,Apple Other model | 64GB,1,very_low,95000.0,95000.0,95000.0,95000.0,95000.0,CatBoost,10360.25,63352.25,52992.0,73712.5
iphone,Apple,Other model,256.0,Apple Other model | 256GB,1,very_low,269500.0,269500.0,269500.0,269500.0,269500.0,CatBoost,10360.25,92309.36,81949.11,102669.61
iphone,Apple,Unknown,128.0,Apple Unknown | 128GB,2,very_low,46500.0,42250.0,50750.0,38000.0,55000.0,CatBoost,10360.25,32087.18,21726.93,42447.43
iphone,Apple,Unknown,256.0,Apple Unknown | 256GB,2,very_low,69999.5,64999.75,74999.25,60000.0,79999.0,CatBoost,10360.25,72514.36,62154.12,82874.61
iphone,Apple,iPhone 11,,Apple iPhone 11 | ?GB,5,low,45000.0,35000.0,55000.0,28000.0,68000.0,CatBoost,10360.25,51110.86,40750.61,61471.11
iphone,Apple,iPhone 11,64.0,Apple iPhone 11 | 64GB,71,high,52999.0,45500.0,59990.0,32000.0,74999.0,CatBoost,10360.25,50079.94,39719.69,60440.19
iphone,Apple,iPhone 11,128.0,Apple iPhone 11 | 128GB,218,high,65000.0,57125.0,71000.0,5200.0,105000.0,CatBoost,10360.25,61568.85,51208.6,71929.1
iphone,Apple,iPhone 11,256.0,Apple iPhone 11 | 256GB,60,high,72445.0,64125.0,79000.0,33000.0,85000.0,CatBoost,10360.25,74592.02,64231.77,84952.27
iphone,Apple,iPhone 11,512.0,Apple iPhone 11 | 512GB,2,very_low,70000.0,67500.0,72500.0,65000.0,75000.0,CatBoost,10360.25,61194.18,50833.93,71554.43
iphone,Apple,iPhone 11 Pro,,Apple iPhone 11 Pro | ?GB,5,low,50000.0,36500.0,60000.0,35000.0,80000.0,CatBoost,10360.25,57722.49,47362.24,68082.74
iphone,Apple,iPhone 11 Pro,64.0,Apple iPhone 11 Pro | 64GB,31,high,60000.0,54000.0,69000.0,42000.0,78000.0,CatBoost,10360.25,66985.7,56625.45,77345.95
iphone,Apple,iPhone 11 Pro,128.0,Apple iPhone 11 Pro | 128GB,3,low,64000.0,59500.0,69495.0,55000.0,74990.0,CatBoost,10360.25,61582.02,51221.77,71942.27
iphone,Apple,iPhone 11 Pro,256.0,Apple iPhone 11 Pro | 256GB,184,high,79500.0,70000.0,84100.0,22500.0,95000.0,CatBoost,10360.25,76088.16,65727.91,86448.41
iphone,Apple,iPhone 11 Pro,512.0,Apple iPhone 11 Pro | 512GB,31,high,87998.0,82750.0,93999.5,52000.0,99999.0,CatBoost,10360.25,95522.57,85162.32,105882.82
iphone,Apple,iPhone 11 Pro,1024.0,Apple iPhone 11 Pro | 1024GB,1,very_low,89490.0,89490.0,89490.0,89490.0,89490.0,CatBoost,10360.25,83198.16,72837.91,93558.41
iphone,Apple,iPhone 11 Pro Max,,Apple iPhone 11 Pro Max | ?GB,2,very_low,79500.0,74750.0,84250.0,70000.0,89000.0,CatBoost,10360.25,60431.86,50071.61,70792.11
iphone,Apple,iPhone 11 Pro Max,64.0,Apple iPhone 11 Pro Max | 64GB,14,medium,65000.0,60875.0,73750.0,48500.0,84900.0,CatBoost,10360.25,61639.68,51279.44,71999.93
iphone,Apple,iPhone 11 Pro Max,128.0,Apple iPhone 11 Pro Max | 128GB,1,very_low,80000.0,80000.0,80000.0,80000.0,80000.0,CatBoost,10360.25,64262.55,53902.3,74622.8
iphone,Apple,iPhone 11 Pro Max,256.0,Apple iPhone 11 Pro Max | 256GB,100,high,86000.0,72250.0,94500.0,34500.0,107000.0,CatBoost,10360.25,77099.17,66738.92,87459.42
iphone,Apple,iPhone 11 Pro Max,512.0,Apple iPhone 11 Pro Max | 512GB,14,medium,95249.0,78875.0,95997.5,69999.0,102900.0,CatBoost,10360.25,95153.54,84793.29,105513.79
iphone,Apple,iPhone 11 Pro Max,1024.0,Apple iPhone 11 Pro Max | 1024GB,1,very_low,99990.0,99990.0,99990.0,99990.0,99990.0,CatBoost,10360.25,86560.6,76200.35,96920.85
iphone,Apple,iPhone 12,,Apple iPhone 12 | ?GB,9,medium,73000.0,55000.0,78000.0,35000.0,83000.0,CatBoost,10360.25,66373.48,56013.23,76733.73
iphone,Apple,iPhone 12,64.0,Apple iPhone 12 | 64GB,52,high,64750.0,56875.0,69999.0,25000.0,84999.0,CatBoost,10360.25,62842.84,52482.59,73203.09
iphone,Apple,iPhone 12,128.0,Apple iPhone 12 | 128GB,196,high,78949.5,73000.0,83999.0,39000.0,110000.0,CatBoost,10360.25,72853.3,62493.05,83213.55
iphone,Apple,iPhone 12,256.0,Apple iPhone 12 | 256GB,54,high,84994.5,72242.5,92000.0,30000.0,110000.0,CatBoost,10360.25,79449.94,69089.69,89810.19
iphone,Apple,iPhone 12,512.0,Apple iPhone 12 | 512GB,2,very_low,93950.0,89475.0,98425.0,85000.0,102900.0,CatBoost,10360.25,67348.38,56988.13,77708.63
iphone,Apple,iPhone 12 Pro,,Apple iPhone 12 Pro | ?GB,11,medium,85000.0,81000.0,98999.5,46000.0,180000.0,CatBoost,10360.25,85163.06,74802.82,95523.31
iphone,Apple,iPhone 12 Pro,128.0,Apple iPhone 12 Pro | 128GB,127,high,94500.0,86769.0,99990.0,50000.0,155000.0,CatBoost,10360.25,92214.23,81853.98,102574.48
iphone,Apple,iPhone 12 Pro,256.0,Apple iPhone 12 Pro | 256GB,214,high,99900.0,92000.0,105000.0,41000.0,137990.0,CatBoost,10360.25,97792.16,87431.92,108152.41
iphone,Apple,iPhone 12 Pro,512.0,Apple iPhone 12 Pro | 512GB,49,high,107000.0,99000.0,114999.0,52000.0,145000.0,CatBoost,10360.25,116299.02,105938.77,126659.27
iphone,Apple,iPhone 12 Pro,1024.0,Apple iPhone 12 Pro | 1024GB,1,very_low,99990.0,99990.0,99990.0,99990.0,99990.0,CatBoost,10360.25,102247.09,91886.85,112607.34
iphone,Apple,iPhone 12 Pro Max,,Apple iPhone 12 Pro Max | ?GB,6,low,112750.0,98750.0,126375.0,90000.0,135000.0,CatBoost,10360.25,89298.42,78938.17,99658.67
iphone,Apple,iPhone 12 Pro Max,128.0,Apple iPhone 12 Pro Max | 128GB,64,high,111000.0,98375.0,117925.0,60000.0,140500.0,CatBoost,10360.25,107923.98,97563.73,118284.22
iphone,Apple,iPhone 12 Pro Max,256.0,Apple iPhone 12 Pro Max | 256GB,151,high,120000.0,110500.0,128999.0,47500.0,140000.0,CatBoost,10360.25,113161.25,102801.0,123521.5
iphone,Apple,iPhone 12 Pro Max,512.0,Apple iPhone 12 Pro Max | 512GB,29,high,129990.0,120000.0,139999.0,65000.0,159500.0,CatBoost,10360.25,123978.54,113618.29,134338.79
iphone,Apple,iPhone 12 mini,,Apple iPhone 12 mini | ?GB,4,low,58950.0,57175.0,60000.0,55000.0,60000.0,CatBoost,10360.25,51629.61,41269.36,61989.86
iphone,Apple,iPhone 12 mini,64.0,Apple iPhone 12 mini | 64GB,29,high,54500.0,49000.0,60000.0,26000.0,66000.0,CatBoost,10360.25,50633.32,40273.07,60993.57
iphone,Apple,iPhone 12 mini,128.0,Apple iPhone 12 mini | 128GB,45,high,63000.0,57900.0,66000.0,44000.0,80000.0,CatBoost,10360.25,61136.24,50775.99,71496.49
iphone,Apple,iPhone 12 mini,256.0,Apple iPhone 12 mini | 256GB,13,medium,65000.0,59990.0,68000.0,52000.0,85000.0,CatBoost,10360.25,66310.0,55949.75,76670.25
iphone,Apple,iPhone 13,,Apple iPhone 13 | ?GB,8,medium,88500.0,84500.0,92250.0,75000.0,115000.0,CatBoost,10360.25,83731.07,73370.82,94091.32
iphone,Apple,iPhone 13,128.0,Apple iPhone 13 | 128GB,334,high,98000.0,89500.0,104996.75,25500.0,155000.0,CatBoost,10360.25,97462.3,87102.05,107822.55
iphone,Apple,iPhone 13,256.0,Apple iPhone 13 | 256GB,100,high,106840.0,100000.0,114900.0,69000.0,158000.0,CatBoost,10360.25,113772.77,103412.52,124133.02
iphone,Apple,iPhone 13,512.0,Apple iPhone 13 | 512GB,12,medium,111750.0,99492.5,137999.0,69950.0,139500.0,CatBoost,10360.25,121538.83,111178.58,131899.08
iphone,Apple,iPhone 13,1024.0,Apple iPhone 13 | 1024GB,1,very_low,104500.0,104500.0,104500.0,104500.0,104500.0,CatBoost,10360.25,121835.82,111475.57,132196.07
iphone,Apple,iPhone 13 Pro,,Apple iPhone 13 Pro | ?GB,7,low,125000.0,105000.0,129750.0,55000.0,150000.0,CatBoost,10360.25,108159.43,97799.18,118519.68
iphone,Apple,iPhone 13 Pro,128.0,Apple iPhone 13 Pro | 128GB,107,high,122990.0,115000.0,127000.0,80000.0,179999.0,CatBoost,10360.25,120032.59,109672.34,130392.84
iphone,Apple,iPhone 13 Pro,138.0,Apple iPhone 13 Pro | 138GB,1,very_low,123999.0,123999.0,123999.0,123999.0,123999.0,CatBoost,10360.25,100871.67,90511.42,111231.92
iphone,Apple,iPhone 13 Pro,256.0,Apple iPhone 13 Pro | 256GB,155,high,132000.0,123250.0,139999.0,84500.0,169000.0,CatBoost,10360.25,127074.47,116714.22,137434.72
iphone,Apple,iPhone 13 Pro,512.0,Apple iPhone 13 Pro | 512GB,20,high,141500.0,124125.0,149999.0,89500.0,157999.0,CatBoost,10360.25,133772.45,123412.2,144132.7
iphone,Apple,iPhone 13 Pro,1024.0,Apple iPhone 13 Pro | 1024GB,3,low,145000.0,137250.0,156499.5,129500.0,167999.0,CatBoost,10360.25,111144.67,100784.42,121504.92
iphone,Apple,iPhone 13 Pro Max,,Apple iPhone 13 Pro Max | ?GB,4,low,129000.0,122750.0,135625.0,107000.0,152500.0,CatBoost,10360.25,90224.05,79863.8,100584.3
iphone,Apple,iPhone 13 Pro Max,128.0,Apple iPhone 13 Pro Max | 128GB,59,high,139999.0,117495.0,150001.0,75000.0,172999.0,CatBoost,10360.25,134186.48,123826.24,144546.73
iphone,Apple,iPhone 13 Pro Max,256.0,Apple iPhone 13 Pro Max | 256GB,88,high,144999.0,135000.0,155224.75,95000.0,182999.0,CatBoost,10360.25,143505.23,133144.98,153865.48
iphone,Apple,iPhone 13 Pro Max,512.0,Apple iPhone 13 Pro Max | 512GB,17,medium,155500.0,145000.0,187000.0,110000.0,192999.0,CatBoost,10360.25,154270.99,143910.74,164631.24
iphone,Apple,iPhone 13 Pro Max,1024.0,Apple iPhone 13 Pro Max | 1024GB,3,low,175000.0,170250.0,188999.5,165500.0,202999.0,CatBoost,10360.25,177148.95,166788.7,187509.2
iphone,Apple,iPhone 13 mini,,Apple iPhone 13 mini | ?GB,3,low,85500.0,76750.0,87750.0,68000.0,90000.0,CatBoost,10360.25,65784.76,55424.51,76145.01
iphone,Apple,iPhone 13 mini,128.0,Apple iPhone 13 mini | 128GB,44,high,79495.0,74750.0,84920.0,55000.0,95000.0,CatBoost,10360.25,80710.89,70350.64,91071.14
iphone,Apple,iPhone 13 mini,256.0,Apple iPhone 13 mini | 256GB,15,medium,86000.0,84999.5,94945.0,78000.0,95000.0,CatBoost,10360.25,93088.3,82728.05,103448.55
iphone,Apple,iPhone 13 mini,512.0,Apple iPhone 13 mini | 512GB,3,low,84990.0,84945.0,89990.0,84900.0,94990.0,CatBoost,10360.25,77873.39,67513.14,88233.64
iphone,Apple,iPhone 14,,Apple iPhone 14 | ?GB,8,medium,116500.0,104500.0,119250.0,100000.0,122000.0,CatBoost,10360.25,100413.79,90053.54,110774.04
iphone,Apple,iPhone 14,128.0,Apple iPhone 14 | 128GB,244,high,119700.0,113990.0,124600.0,70000.0,211000.0,CatBoost,10360.25,122478.55,112118.3,132838.8
iphone,Apple,iPhone 14,256.0,Apple iPhone 14 | 256GB,74,high,129999.5,122500.0,139425.0,54000.0,190000.0,CatBoost,10360.25,126005.89,115645.64,136366.14
iphone,Apple,iPhone 14,512.0,Apple iPhone 14 | 512GB,8,medium,129945.0,123747.5,136249.0,119900.0,144990.0,CatBoost,10360.25,132180.03,121819.78,142540.28
iphone,Apple,iPhone 14 Plus,,Apple iPhone 14 Plus | ?GB,1,very_low,125000.0,125000.0,125000.0,125000.0,125000.0,CatBoost,10360.25,78923.2,68562.95,89283.45
iphone,Apple,iPhone 14 Plus,128.0,Apple iPhone 14 Plus | 128GB,53,high,129999.0,124900.0,135000.0,100000.0,150000.0,CatBoost,10360.25,136206.67,125846.42,146566.92
iphone,Apple,iPhone 14 Plus,256.0,Apple iPhone 14 Plus | 256GB,13,medium,140000.0,129500.0,155000.0,45000.0,159999.0,CatBoost,10360.25,128816.76,118456.51,139177.01
iphone,Apple,iPhone 14 Pro,,Apple iPhone 14 Pro | ?GB,3,low,146000.0,135500.0,147950.0,125000.0,149900.0,CatBoost,10360.25,136703.39,126343.14,147063.64
iphone,Apple,iPhone 14 Pro,128.0,Apple iPhone 14 Pro | 128GB,93,high,164999.0,148000.0,173000.0,110000.0,250000.0,CatBoost,10360.25,155913.46,145553.21,166273.71
iphone,Apple,iPhone 14 Pro,256.0,Apple iPhone 14 Pro | 256GB,165,high,178000.0,167500.0,185000.0,95000.0,205000.0,CatBoost,10360.25,168073.52,157713.27,178433.77
iphone,Apple,iPhone 14 Pro,512.0,Apple iPhone 14 Pro | 512GB,14,medium,180000.0,170617.5,188749.25,103000.0,195000.0,CatBoost,10360.25,172276.85,161916.6,182637.1
iphone,Apple,iPhone 14 Pro,1024.0,Apple iPhone 14 Pro | 1024GB,14,medium,184945.0,176240.0,191500.0,164900.0,212000.0,CatBoost,10360.25,193170.38,182810.13,203530.63
iphone,Apple,iPhone 14 Pro Max,,Apple iPhone 14 Pro Max | ?GB,9,medium,174500.0,155000.0,194000.0,15000.0,210000.0,CatBoost,10360.25,133323.24,122962.99,143683.48
iphone,Apple,iPhone 14 Pro Max,128.0,Apple iPhone 14 Pro Max | 128GB,59,high,178500.0,160000.0,189950.0,105000.0,217999.0,CatBoost,10360.25,165894.18,155533.93,176254.43
iphone,Apple,iPhone 14 Pro Max,256.0,Apple iPhone 14 Pro Max | 256GB,167,high,192000.0,175000.0,199999.0,98000.0,245000.0,CatBoost,10360.25,183586.43,173226.18,193946.68
iphone,Apple,iPhone 14 Pro Max,512.0,Apple iPhone 14 Pro Max | 512GB,20,high,211499.5,198749.25,221413.5,170000.0,274999.0,CatBoost,10360.25,196069.79,185709.54,206430.04
iphone,Apple,iPhone 14 Pro Max,1024.0,Apple iPhone 14 Pro Max | 1024GB,8,medium,221000.0,212750.0,227499.25,196000.0,241999.0,CatBoost,10360.25,219058.35,208698.1,229418.6
iphone,Apple,iPhone 15,,Apple iPhone 15 | ?GB,2,very_low,201500.0,179750.0,223250.0,158000.0,245000.0,CatBoost,10360.25,115585.77,105225.52,125946.02
iphone,Apple,iPhone 15,128.0,Apple iPhone 15 | 128GB,220,high,155000.0,149500.0,162000.0,90000.0,240000.0,CatBoost,10360.25,158155.57,147795.32,168515.82
iphone,Apple,iPhone 15,256.0,Apple iPhone 15 | 256GB,67,high,168500.0,159950.0,176450.0,132000.0,218500.0,CatBoost,10360.25,172827.44,162467.19,183187.69
iphone,Apple,iPhone 15,512.0,Apple iPhone 15 | 512GB,9,medium,175000.0,164990.0,190000.0,154900.0,195000.0,CatBoost,10360.25,166406.71,156046.46,176766.96
iphone,Apple,iPhone 15,1024.0,Apple iPhone 15 | 1024GB,1,very_low,165000.0,165000.0,165000.0,165000.0,165000.0,CatBoost,10360.25,153573.77,143213.52,163934.02
iphone,Apple,iPhone 15 Plus,,Apple iPhone 15 Plus | ?GB,2,very_low,87500.0,86250.0,88750.0,85000.0,90000.0,CatBoost,10360.25,120387.47,110027.22,130747.71
iphone,Apple,iPhone 15 Plus,128.0,Apple iPhone 15 Plus | 128GB,54,high,165250.0,161000.0,169374.75,144000.0,189900.0,CatBoost,10360.25,167338.02,156977.77,177698.27
iphone,Apple,iPhone 15 Plus,256.0,Apple iPhone 15 Plus | 256GB,12,medium,187250.0,178422.5,190874.25,165000.0,195000.0,CatBoost,10360.25,174117.5,163757.25,184477.75
iphone,Apple,iPhone 15 Pro,,Apple iPhone 15 Pro | ?GB,5,low,187000.0,156500.0,195000.0,154500.0,199500.0,CatBoost,10360.25,182719.64,172359.39,193079.89
iphone,Apple,iPhone 15 Pro,128.0,Apple iPhone 15 Pro | 128GB,83,high,200000.0,195000.0,209999.0,155000.0,245000.0,CatBoost,10360.25,199774.98,189414.73,210135.23
iphone,Apple,iPhone 15 Pro,256.0,Apple iPhone 15 Pro | 256GB,109,high,219995.0,209900.0,228000.0,118000.0,260000.0,CatBoost,10360.25,217157.43,206797.18,227517.68
iphone,Apple,iPhone 15 Pro,512.0,Apple iPhone 15 Pro | 512GB,12,medium,230000.0,203375.0,235999.0,176800.0,249500.0,CatBoost,10360.25,218153.49,207793.24,228513.74
iphone,Apple,iPhone 15 Pro,1024.0,Apple iPhone 15 Pro | 1024GB,3,low,194990.0,194945.0,199945.0,194900.0,204900.0,CatBoost,10360.25,191517.81,181157.56,201878.06
iphone,Apple,iPhone 15 Pro Max,,Apple iPhone 15 Pro Max | ?GB,6,low,239500.0,236750.0,249000.0,225000.0,255000.0,CatBoost,10360.25,202451.94,192091.69,212812.19
iphone,Apple,iPhone 15 Pro Max,256.0,Apple iPhone 15 Pro Max | 256GB,157,high,239999.0,229500.0,249900.0,120000.0,280000.0,CatBoost,10360.25,243888.55,233528.3,254248.8
iphone,Apple,iPhone 15 Pro Max,512.0,Apple iPhone 15 Pro Max | 512GB,26,high,253750.0,245492.5,267492.5,185000.0,279999.0,CatBoost,10360.25,244132.54,233772.29,254492.79
iphone,Apple,iPhone 15 Pro Max,1024.0,Apple iPhone 15 Pro Max | 1024GB,8,medium,260750.0,237997.5,278625.0,234900.0,300000.0,CatBoost,10360.25,267542.63,257182.38,277902.88
iphone,Apple,iPhone 16,,Apple iPhone 16 | ?GB,5,low,210000.0,188000.0,210000.0,174000.0,250000.0,CatBoost,10360.25,158910.1,148549.85,169270.35
iphone,Apple,iPhone 16,128.0,Apple iPhone 16 | 128GB,121,high,192900.0,185000.0,197990.0,120000.0,310000.0,CatBoost,10360.25,195953.77,185593.52,206314.02
iphone,Apple,iPhone 16,256.0,Apple iPhone 16 | 256GB,25,high,210900.0,204999.0,219999.0,155000.0,248000.0,CatBoost,10360.25,207902.87,197542.62,218263.11
iphone,Apple,iPhone 16,1024.0,Apple iPhone 16 | 1024GB,1,very_low,140000.0,140000.0,140000.0,140000.0,140000.0,CatBoost,10360.25,179366.39,169006.14,189726.64
iphone,Apple,iPhone 16 Plus,,Apple iPhone 16 Plus | ?GB,1,very_low,223000.0,223000.0,223000.0,223000.0,223000.0,CatBoost,10360.25,164934.33,154574.08,175294.58
iphone,Apple,iPhone 16 Plus,128.0,Apple iPhone 16 Plus | 128GB,19,medium,208000.0,204749.5,211000.0,180000.0,216500.0,CatBoost,10360.25,212154.85,201794.6,222515.1
iphone,Apple,iPhone 16 Plus,256.0,Apple iPhone 16 Plus | 256GB,7,low,215250.0,214625.0,215500.0,205000.0,223000.0,CatBoost,10360.25,224252.27,213892.02,234612.52
iphone,Apple,iPhone 16 Pro,,Apple iPhone 16 Pro | ?GB,1,very_low,260000.0,260000.0,260000.0,260000.0,260000.0,CatBoost,10360.25,203862.65,193502.4,214222.9
iphone,Apple,iPhone 16 Pro,128.0,Apple iPhone 16 Pro | 128GB,43,high,248000.0,238250.0,255000.0,215000.0,270000.0,CatBoost,10360.25,246182.52,235822.27,256542.77
iphone,Apple,iPhone 16 Pro,245.0,Apple iPhone 16 Pro | 245GB,1,very_low,280000.0,280000.0,280000.0,280000.0,280000.0,CatBoost,10360.25,270646.29,260286.04,281006.54
iphone,Apple,iPhone 16 Pro,256.0,Apple iPhone 16 Pro | 256GB,65,high,268000.0,254999.0,275000.0,205000.0,300000.0,CatBoost,10360.25,259667.74,249307.49,270027.99
iphone,Apple,iPhone 16 Pro,512.0,Apple iPhone 16 Pro | 512GB,6,low,263250.0,77625.0,270000.0,15000.0,285000.0,CatBoost,10360.25,243541.88,233181.63,253902.13
iphone,Apple,iPhone 16 Pro,1024.0,Apple iPhone 16 Pro | 1024GB,2,very_low,222250.0,173625.0,270875.0,125000.0,319500.0,CatBoost,10360.25,125760.05,115399.8,136120.3
iphone,Apple,iPhone 16 Pro Max,,Apple iPhone 16 Pro Max | ?GB,6,low,296000.0,290500.0,306750.0,250000.0,315000.0,CatBoost,10360.25,241578.14,231217.89,251938.39
iphone,Apple,iPhone 16 Pro Max,256.0,Apple iPhone 16 Pro Max | 256GB,168,high,290000.0,284999.75,299922.5,145000.0,323500.0,CatBoost,10360.25,272176.48,261816.23,282536.73
iphone,Apple,iPhone 16 Pro Max,512.0,Apple iPhone 16 Pro Max | 512GB,17,medium,310000.0,298000.0,315900.0,160000.0,320000.0,CatBoost,10360.25,282351.38,271991.13,292711.63
iphone,Apple,iPhone 16 Pro Max,1024.0,Apple iPhone 16 Pro Max | 1024GB,6,low,282495.0,167500.0,288672.5,45000.0,289990.0,CatBoost,10360.25,249383.69,239023.44,259743.94
iphone,Apple,iPhone 16e,,Apple iPhone 16e | ?GB,2,very_low,141250.0,135625.0,146875.0,130000.0,152500.0,CatBoost,10360.25,104193.6,93833.35,114553.85
iphone,Apple,iPhone 16e,128.0,Apple iPhone 16e | 128GB,8,medium,140950.0,133625.0,145217.5,120000.0,149900.0,CatBoost,10360.25,141504.46,131144.21,151864.71
iphone,Apple,iPhone 16e,256.0,Apple iPhone 16e | 256GB,1,very_low,148500.0,148500.0,148500.0,148500.0,148500.0,CatBoost,10360.25,121236.17,110875.92,131596.42
iphone,Apple,iPhone 17,256.0,Apple iPhone 17 | 256GB,43,high,264500.0,252000.0,275200.0,225000.0,320000.0,CatBoost,10360.25,268753.05,258392.8,279113.3
iphone,Apple,iPhone 17,512.0,Apple iPhone 17 | 512GB,2,very_low,279945.0,279922.5,279967.5,279900.0,279990.0,CatBoost,10360.25,192983.32,182623.07,203343.57
iphone,Apple,iPhone 17 Air,256.0,Apple iPhone 17 Air | 256GB,2,very_low,279950.0,279925.0,279975.0,279900.0,280000.0,CatBoost,10360.25,250852.05,240491.8,261212.3
iphone,Apple,iPhone 17 Air,512.0,Apple iPhone 17 Air | 512GB,1,very_low,269900.0,269900.0,269900.0,269900.0,269900.0,CatBoost,10360.25,188737.67,178377.42,199097.92
iphone,Apple,iPhone 17 Pro,128.0,Apple iPhone 17 Pro | 128GB,1,very_low,75000.0,75000.0,75000.0,75000.0,75000.0,CatBoost,10360.25,181141.84,170781.59,191502.09
iphone,Apple,iPhone 17 Pro,256.0,Apple iPhone 17 Pro | 256GB,2,very_low,309495.0,309242.5,309747.5,308990.0,310000.0,CatBoost,10360.25,231382.89,221022.64,241743.14
iphone,Apple,iPhone 17 Pro Max,,Apple iPhone 17 Pro Max | ?GB,1,very_low,30000.0,30000.0,30000.0,30000.0,30000.0,CatBoost,10360.25,113637.23,103276.98,123997.48
iphone,Apple,iPhone 17 Pro Max,128.0,Apple iPhone 17 Pro Max | 128GB,1,very_low,35000.0,35000.0,35000.0,35000.0,35000.0,CatBoost,10360.25,114881.6,104521.35,125241.85
iphone,Apple,iPhone 17 Pro Max,256.0,Apple iPhone 17 Pro Max | 256GB,1,very_low,320000.0,320000.0,320000.0,320000.0,320000.0,CatBoost,10360.25,216053.76,205693.51,226414.01
iphone,Apple,iPhone 17 Pro Max,512.0,Apple iPhone 17 Pro Max | 512GB,4,low,62500.0,51250.0,132375.0,40000.0,319500.0,CatBoost,10360.25,88505.68,78145.43,98865.93
iphone,Apple,iPhone 17 Pro Max,1024.0,Apple iPhone 17 Pro Max | 1024GB,1,very_low,35000.0,35000.0,35000.0,35000.0,35000.0,CatBoost,10360.25,63445.0,53084.75,73805.25
iphone,Apple,iPhone 3GS,,Apple iPhone 3GS | ?GB,1,very_low,24500.0,24500.0,24500.0,24500.0,24500.0,CatBoost,10360.25,20263.55,9903.3,30623.8
iphone,Apple,iPhone 4,32.0,Apple iPhone 4 | 32GB,1,very_low,8000.0,8000.0,8000.0,8000.0,8000.0,CatBoost,10360.25,67540.56,57180.31,77900.81
iphone,Apple,iPhone 5S,16.0,Apple iPhone 5S | 16GB,1,very_low,6000.0,6000.0,6000.0,6000.0,6000.0,CatBoost,10360.25,12309.6,1949.35,22669.85
iphone,Apple,iPhone 5S,32.0,Apple iPhone 5S | 32GB,2,very_low,8000.0,7000.0,9000.0,6000.0,10000.0,CatBoost,10360.25,12309.6,1949.35,22669.85
iphone,Apple,iPhone 6,,Apple iPhone 6 | ?GB,6,low,6750.0,5750.0,10000.0,5200.0,11999.0,CatBoost,10360.25,11978.56,1618.31,22338.8
iphone,Apple,iPhone 6,16.0,Apple iPhone 6 | 16GB,1,very_low,11999.0,11999.0,11999.0,11999.0,11999.0,CatBoost,10360.25,14493.91,4133.66,24854.16
iphone,Apple,iPhone 6,32.0,Apple iPhone 6 | 32GB,5,low,11000.0,10000.0,12500.0,4000.0,12500.0,CatBoost,10360.25,11641.32,1281.07,22001.57
iphone,Apple,iPhone 6,64.0,Apple iPhone 6 | 64GB,3,low,10000.0,7250.0,10250.0,4500.0,10500.0,CatBoost,10360.25,12551.97,2191.72,22912.22
iphone,Apple,iPhone 6 Plus,,Apple iPhone 6 Plus | ?GB,1,very_low,13500.0,13500.0,13500.0,13500.0,13500.0,CatBoost,10360.25,12309.6,1949.35,22669.85
iphone,Apple,iPhone 6 Plus,16.0,Apple iPhone 6 Plus | 16GB,1,very_low,15000.0,15000.0,15000.0,15000.0,15000.0,CatBoost,10360.25,13801.17,3440.92,24161.42
iphone,Apple,iPhone 6 Plus,32.0,Apple iPhone 6 Plus | 32GB,1,very_low,14000.0,14000.0,14000.0,14000.0,14000.0,CatBoost,10360.25,12309.6,1949.35,22669.85
iphone,Apple,iPhone 6 Plus,64.0,Apple iPhone 6 Plus | 64GB,2,very_low,12500.0,11250.0,13750.0,10000.0,15000.0,CatBoost,10360.25,12551.97,2191.72,22912.22
iphone,Apple,iPhone 6 Plus,128.0,Apple iPhone 6 Plus | 128GB,2,very_low,12000.0,10000.0,14000.0,8000.0,16000.0,CatBoost,10360.25,11628.51,1268.26,21988.76
iphone,Apple,iPhone 6S,,Apple iPhone 6S | ?GB,4,low,11250.0,9475.0,14375.0,7900.0,20000.0,CatBoost,10360.25,13603.58,3243.33,23963.83
iphone,Apple,iPhone 6S,16.0,Apple iPhone 6S | 16GB,2,very_low,13249.5,12374.75,14124.25,11500.0,14999.0,CatBoost,10360.25,22118.68,11758.43,32478.93
iphone,Apple,iPhone 6S,32.0,Apple iPhone 6S | 32GB,5,low,13000.0,12500.0,15000.0,7000.0,17999.0,CatBoost,10360.25,14328.65,3968.4,24688.9
iphone,Apple,iPhone 6S,64.0,Apple iPhone 6S | 64GB,14,medium,13250.0,11250.0,15750.0,7000.0,17999.0,CatBoost,10360.25,13559.8,3199.55,23920.05
iphone,Apple,iPhone 6S,128.0,Apple iPhone 6S | 128GB,3,low,14999.0,14499.5,15499.5,14000.0,16000.0,CatBoost,10360.25,14559.16,4198.91,24919.41
iphone,Apple,iPhone 6S Plus,,Apple iPhone 6S Plus | ?GB,1,very_low,8500.0,8500.0,8500.0,8500.0,8500.0,CatBoost,10360.25,13603.58,3243.33,23963.83
iphone,Apple,iPhone 6S Plus,16.0,Apple iPhone 6S Plus | 16GB,2,very_low,13250.0,12375.0,14125.0,11500.0,15000.0,CatBoost,10360.25,13591.06,3230.81,23951.31
iphone,Apple,iPhone 6S Plus,32.0,Apple iPhone 6S Plus | 32GB,1,very_low,17500.0,17500.0,17500.0,17500.0,17500.0,CatBoost,10360.25,13603.58,3243.33,23963.83
iphone,Apple,iPhone 6S Plus,64.0,Apple iPhone 6S Plus | 64GB,4,low,13750.0,13250.0,14250.0,12500.0,15000.0,CatBoost,10360.25,13879.34,3519.09,24239.59
iphone,Apple,iPhone 6S Plus,128.0,Apple iPhone 6S Plus | 128GB,3,low,19000.0,17000.0,24500.0,15000.0,30000.0,CatBoost,10360.25,14559.16,4198.91,24919.41
iphone,Apple,iPhone 7,,Apple iPhone 7 | ?GB,8,medium,13250.0,12250.0,14250.0,10000.0,16000.0,CatBoost,10360.25,14774.47,4414.22,25134.72
iphone,Apple,iPhone 7,32.0,Apple iPhone 7 | 32GB,33,high,15500.0,13000.0,20000.0,6000.0,30000.0,CatBoost,10360.25,15904.32,5544.07,26264.57
iphone,Apple,iPhone 7,128.0,Apple iPhone 7 | 128GB,44,high,17000.0,14875.0,20250.0,10000.0,31000.0,CatBoost,10360.25,16466.57,6106.32,26826.82
iphone,Apple,iPhone 7,256.0,Apple iPhone 7 | 256GB,9,medium,16000.0,13000.0,21500.0,10000.0,25000.0,CatBoost,10360.25,18148.08,7787.83,28508.33
iphone,Apple,iPhone 7 Plus,,Apple iPhone 7 Plus | ?GB,6,low,24500.0,21125.0,27500.0,18000.0,36000.0,CatBoost,10360.25,19572.7,9212.45,29932.95
iphone,Apple,iPhone 7 Plus,32.0,Apple iPhone 7 Plus | 32GB,11,medium,15500.0,13500.0,20000.0,11000.0,29999.0,CatBoost,10360.25,19856.34,9496.09,30216.59
iphone,Apple,iPhone 7 Plus,128.0,Apple iPhone 7 Plus | 128GB,75,high,23500.0,19250.0,26750.0,8000.0,35500.0,CatBoost,10360.25,25197.01,14836.76,35557.26
iphone,Apple,iPhone 7 Plus,256.0,Apple iPhone 7 Plus | 256GB,23,high,24000.0,21000.0,25999.5,14999.0,33500.0,CatBoost,10360.25,23654.1,13293.85,34014.35
iphone,Apple,iPhone 8,,Apple iPhone 8 | ?GB,6,low,22250.0,20125.0,23250.0,19000.0,30000.0,CatBoost,10360.25,22344.52,11984.27,32704.77
iphone,Apple,iPhone 8,64.0,Apple iPhone 8 | 64GB,79,high,21999.0,19850.0,23999.5,10000.0,30000.0,CatBoost,10360.25,21607.55,11247.3,31967.8
iphone,Apple,iPhone 8,128.0,Apple iPhone 8 | 128GB,2,very_low,18200.0,17550.0,18850.0,16900.0,19500.0,CatBoost,10360.25,23056.08,12695.83,33416.33
iphone,Apple,iPhone 8,256.0,Apple iPhone 8 | 256GB,22,high,25500.0,21625.0,29749.25,14499.0,48500.0,CatBoost,10360.25,24169.22,13808.97,34529.47
iphone,Apple,iPhone 8 Plus,,Apple iPhone 8 Plus | ?GB,2,very_low,36500.0,33250.0,39750.0,30000.0,43000.0,CatBoost,10360.25,24960.18,14599.93,35320.43
iphone,Apple,iPhone 8 Plus,64.0,Apple iPhone 8 Plus | 64GB,36,high,27750.0,24998.75,33250.0,14500.0,43000.0,CatBoost,10360.25,27552.3,17192.05,37912.55
iphone,Apple,iPhone 8 Plus,128.0,Apple iPhone 8 Plus | 128GB,8,medium,39749.5,35125.0,39999.25,13000.0,40099.0,CatBoost,10360.25,36085.94,25725.7,46446.19
iphone,Apple,iPhone 8 Plus,256.0,Apple iPhone 8 Plus | 256GB,43,high,36000.0,31750.0,42990.0,15000.0,45000.0,CatBoost,10360.25,40945.86,30585.61,51306.11
iphone,Apple,iPhone Air,256.0,Apple iPhone Air | 256GB,13,medium,269999.0,257000.0,278500.0,254500.0,289500.0,CatBoost,10360.25,265570.17,255209.92,275930.42
iphone,Apple,iPhone Air,512.0,Apple iPhone Air | 512GB,1,very_low,311500.0,311500.0,311500.0,311500.0,311500.0,CatBoost,10360.25,255369.92,245009.67,265730.17
iphone,Apple,iPhone SE,32.0,Apple iPhone SE | 32GB,2,very_low,16500.0,15500.0,17500.0,14500.0,18500.0,CatBoost,10360.25,22539.13,12178.88,32899.38
iphone,Apple,iPhone SE,64.0,Apple iPhone SE | 64GB,2,very_low,31200.0,29850.0,32550.0,28500.0,33900.0,CatBoost,10360.25,24156.1,13795.85,34516.35
iphone,Apple,iPhone SE,128.0,Apple iPhone SE | 128GB,5,low,37000.0,30000.0,52000.0,28500.0,55000.0,CatBoost,10360.25,28410.96,18050.71,38771.21
iphone,Apple,iPhone SE,256.0,Apple iPhone SE | 256GB,2,very_low,36995.0,35497.5,38492.5,34000.0,39990.0,CatBoost,10360.25,40603.15,30242.9,50963.4
iphone,Apple,iPhone SE 2,,Apple iPhone SE 2 | ?GB,4,low,36750.0,28875.0,42375.0,21000.0,43500.0,CatBoost,10360.25,29332.6,18972.35,39692.85
iphone,Apple,iPhone SE 2,64.0,Apple iPhone SE 2 | 64GB,79,high,34000.0,30000.0,35949.5,19000.0,43000.0,CatBoost,10360.25,33680.51,23320.26,44040.76
iphone,Apple,iPhone SE 2,128.0,Apple iPhone SE 2 | 128GB,130,high,40000.0,35990.0,45498.5,21000.0,68500.0,CatBoost,10360.25,40908.06,30547.81,51268.31
iphone,Apple,iPhone SE 2,256.0,Apple iPhone SE 2 | 256GB,34,high,45250.0,42250.0,47800.0,29000.0,52999.0,CatBoost,10360.25,39749.18,29388.93,50109.43
iphone,Apple,iPhone SE 2,512.0,Apple iPhone SE 2 | 512GB,1,very_low,45000.0,45000.0,45000.0,45000.0,45000.0,CatBoost,10360.25,37115.06,26754.81,47475.31
iphone,Apple,iPhone SE 3,,Apple iPhone SE 3 | ?GB,1,very_low,39000.0,39000.0,39000.0,39000.0,39000.0,CatBoost,10360.25,42362.19,32001.94,52722.43
iphone,Apple,iPhone SE 3,64.0,Apple iPhone SE 3 | 64GB,16,medium,45500.0,42999.25,47249.25,35000.0,50000.0,CatBoost,10360.25,47263.27,36903.02,57623.52
iphone,Apple,iPhone SE 3,128.0,Apple iPhone SE 3 | 128GB,7,low,49990.0,43750.0,55750.0,37500.0,59500.0,CatBoost,10360.25,48940.76,38580.51,59301.01
iphone,Apple,iPhone X,,Apple iPhone X | ?GB,6,low,35750.0,35000.0,37625.0,32000.0,40000.0,CatBoost,10360.25,27137.67,16777.42,37497.92
iphone,Apple,iPhone X,64.0,Apple iPhone X | 64GB,43,high,32500.0,28950.0,38000.0,20000.0,50000.0,CatBoost,10360.25,29591.09,19230.84,39951.34
iphone,Apple,iPhone X,128.0,Apple iPhone X | 128GB,1,very_low,34000.0,34000.0,34000.0,34000.0,34000.0,CatBoost,10360.25,30412.41,20052.16,40772.66
iphone,Apple,iPhone X,256.0,Apple iPhone X | 256GB,87,high,40000.0,34250.0,45250.0,14000.0,55000.0,CatBoost,10360.25,37248.89,26888.64,47609.14
iphone,Apple,iPhone XR,,Apple iPhone XR | ?GB,4,low,45000.0,44250.0,46750.0,42000.0,52000.0,CatBoost,10360.25,34834.24,24473.99,45194.48
iphone,Apple,iPhone XR,64.0,Apple iPhone XR | 64GB,39,high,38000.0,32250.0,42500.0,23500.0,55990.0,CatBoost,10360.25,34188.74,23828.49,44548.99
iphone,Apple,iPhone XR,128.0,Apple iPhone XR | 128GB,48,high,43495.0,34875.0,52990.0,20000.0,63500.0,CatBoost,10360.25,36106.51,25746.26,46466.76
iphone,Apple,iPhone XR,256.0,Apple iPhone XR | 256GB,8,medium,49250.0,44250.0,55625.0,39000.0,64999.0,CatBoost,10360.25,51284.6,40924.35,61644.85
iphone,Apple,iPhone XS,,Apple iPhone XS | ?GB,1,very_low,50000.0,50000.0,50000.0,50000.0,50000.0,CatBoost,10360.25,38308.53,27948.28,48668.78
iphone,Apple,iPhone XS,64.0,Apple iPhone XS | 64GB,35,high,40000.0,33250.0,45500.0,25000.0,73000.0,CatBoost,10360.25,42578.65,32218.4,52938.9
iphone,Apple,iPhone XS,256.0,Apple iPhone XS | 256GB,92,high,50500.0,44742.5,58922.5,13000.0,80000.0,CatBoost,10360.25,52157.25,41797.0,62517.5
iphone,Apple,iPhone XS,512.0,Apple iPhone XS | 512GB,22,high,65100.0,56125.0,65229.75,39000.0,69999.0,CatBoost,10360.25,69119.98,58759.73,79480.23
iphone,Apple,iPhone XS Max,,Apple iPhone XS Max | ?GB,5,low,38500.0,35000.0,49500.0,33000.0,70000.0,CatBoost,10360.25,43096.72,32736.47,53456.97
iphone,Apple,iPhone XS Max,64.0,Apple iPhone XS Max | 64GB,33,high,45499.0,43000.0,58500.0,24900.0,70000.0,CatBoost,10360.25,44968.78,34608.53,55329.03
iphone,Apple,iPhone XS Max,128.0,Apple iPhone XS Max | 128GB,1,very_low,25000.0,25000.0,25000.0,25000.0,25000.0,CatBoost,10360.25,40191.76,29831.51,50552.01
iphone,Apple,iPhone XS Max,256.0,Apple iPhone XS Max | 256GB,61,high,59000.0,48000.0,69999.0,29000.0,75000.0,CatBoost,10360.25,54711.42,44351.17,65071.66
iphone,Apple,iPhone XS Max,512.0,Apple iPhone XS Max | 512GB,15,medium,55000.0,47500.0,62750.0,40500.0,69900.0,CatBoost,10360.25,60163.87,49803.62,70524.12
