brand,model,variant,fuel_type,model_year,mean,median,min,max,observed_count
Audi,Q2,Advanced,Petrol,2018,13200000,13200000,13200000,13200000,3
Audi,Q2,Anniversary,Petrol,2018,12525000,12525000,12500000,12550000,2
Audi,Q2,Park,Petrol,2018,13000000,13000000,13000000,13000000,1
Audi,Q2,S-Tronic,Petrol,2018,11800000,11800000,11800000,11800000,1
Audi,Q2,Standard,Hybrid,2017,13525000,13525000,13525000,13525000,2
Audi,Q2,Standard,Petrol,2017,12106552,12500000,1190000,14865000,29
Audi,Q2,Standard,Petrol,2018,12542000,12600000,11200000,14000000,35
Audi,Q2,Standard,Petrol,2019,12891667,12700000,11500000,15000000,6
Audi,Q2,TFSI,Petrol,2017,12700000,12700000,12700000,12700000,1
Audi,Q2,Tfsi,Petrol,2017,13775000,13775000,13775000,13775000,1
Audi,Q2,Virtual Cockpit,Petrol,2018,10900000,10900000,10900000,10900000,1
Audi,Q3,1.4L S Line,Petrol,2018,15800000,15800000,15800000,15800000,1
Audi,Q3,1.4L TFSi,Petrol,2018,15190000,15190000,15190000,15190000,1
Audi,Q3,S Line,Petrol,2017,13800000,13800000,13800000,13800000,1
Audi,Q3,S Line,Petrol,2018,14600000,14600000,14500000,14700000,2
Audi,Q3,S-Line,Petrol,2018,16200000,16200000,16200000,16200000,1
Audi,Q3,S-Line,Petrol,2024,29500000,29500000,29500000,29500000,2
Audi,Q3,Standard,Petrol,2013,6875000,6875000,1250000,12500000,2
Audi,Q3,Standard,Petrol,2016,12900000,12900000,12900000,12900000,1
Audi,Q3,Standard,Petrol,2017,14391500,14500000,13349000,15000000,6
Audi,Q3,Standard,Petrol,2018,14793750,14862500,12975000,15900000,8
Audi,Q3,Standard,Petrol,2024,29800000,29800000,29800000,29800000,1
Audi,Q3,TFSI S Tronic,Petrol,2016,13900000,13900000,13900000,13900000,1
Audi,Q4,40 Advance Range Toping Version,Electric,2024,35000000,35000000,35000000,35000000,1
Audi,Q4,Standard,Electric,2023,29900000,29900000,29900000,29900000,2
Audi,Q4,Standard,Electric,2024,37833333,37500000,37500000,38500000,3
Audi,Q5,Quattro,Petrol,2010,12500000,12500000,12500000,12500000,1
Audi,Q5,Quattro,Petrol,2011,13800000,13800000,13800000,13800000,2
Audi,Q5,Standard,Petrol,2010,13950000,13950000,13950000,13950000,1
Audi,Q5,Standard,Petrol,2012,10023333,11995000,2575000,15500000,3
Audi,Q5,Standard,Petrol,2014,14400000,14400000,14300000,14500000,2
Audi,Q5,Standard,Petrol,2015,17737500,17737500,15750000,19650000,10
Audi,Q7,3.0 Supercharged V6,Petrol,2015,24700000,24700000,24700000,24700000,1
Audi,Q7,3.0L SUPERCHARGED V6,Petrol,2015,22500000,22500000,22500000,22500000,1
Audi,Q7,3.0L Supercharged V6,Petrol,2016,37833333,38500000,36500000,38500000,3
Audi,Q7,3L Supercharged V6,Petrol,2016,35000000,35500000,32500000,36500000,4
Audi,Q7,40 TFSI QUATTRO,Petrol,2016,22250000,22250000,22250000,22250000,1
Audi,Q7,Quattro,Petrol,2016,13100000,13100000,3950000,22250000,2
Audi,Q7,Quattro,Petrol,2017,23500000,23500000,23500000,23500000,1
Audi,Q7,Standard,Diesel,2015,26000000,26000000,26000000,26000000,1
Audi,Q7,Standard,Petrol,2016,28850000,28850000,28700000,29000000,2
Audi,Q7,Standard,Petrol,2017,26715385,27500000,19500000,32000000,13
BMW,218i,Standard,Petrol,2017,14625000,14625000,13250000,16000000,2
BMW,X1,18i S Drive,Petrol,2011,9100000,9100000,9100000,9100000,1
BMW,X1,E84,Diesel,2011,9850000,9850000,9850000,9850000,1
BMW,X1,Luxury Line,Petrol,2018,15575000,15575000,15575000,15575000,1
BMW,X1,M Sport,Petrol,2016,17250000,17250000,17250000,17250000,1
BMW,X1,M Sport,Petrol,2018,17850000,17850000,17850000,17850000,1
BMW,X1,M Sport,Petrol,2020,19500000,19500000,19500000,19500000,1
BMW,X1,MSport,Petrol,2018,15950000,15950000,15950000,15950000,1
BMW,X1,Msport X2,Petrol,2019,17400000,17400000,17400000,17400000,1
BMW,X1,S Drive18i,Petrol,2018,17000000,17000000,17000000,17000000,1
BMW,X1,S Drive18i LUXURY LINE,Petrol,2018,19975000,19975000,19975000,19975000,1
BMW,X1,S Drive18i Luxury Line,Petrol,2018,19975000,19975000,19975000,19975000,1
BMW,X1,SDrive,Petrol,2017,14500000,14500000,14500000,14500000,1
BMW,X1,SDrive18i XLine,Petrol,2018,16500000,16500000,16500000,16500000,1
BMW,X1,Standard,Diesel,2011,10684800,10900000,8700000,12495000,25
BMW,X1,Standard,Petrol,2016,8250000,8000000,1500000,15500000,4
BMW,X1,Standard,Petrol,2017,15290000,14950000,14000000,17500000,5
BMW,X1,Standard,Petrol,2018,16470833,17100000,3775000,23500000,18
BMW,X1,Standard,Petrol,2019,18467857,19275000,14700000,21000000,7
BMW,X1,Standard,Petrol,2020,18900000,18900000,18900000,18900000,1
BMW,X2,M Sport,Petrol,2018,17450000,17450000,17000000,17900000,2
BMW,X2,M Sport Highest Spec,Petrol,2018,18900000,18900000,18900000,18900000,1
BMW,X2,Msport,Petrol,2019,17800000,17800000,17800000,17800000,1
BMW,X2,Standard,Petrol,2018,20233333,19500000,18200000,23000000,3
BMW,X2,Standard,Petrol,2019,21387500,20100000,18850000,26500000,4
BMW,X2F39,M Sport,Petrol,2019,17600000,17600000,17400000,17800000,2
BMW,X3,F25,Diesel,2012,15000000,15000000,15000000,15000000,1
BMW,X3,M SPORT,Diesel,2013,16500000,16500000,16500000,16500000,1
BMW,X3,M SportLimited XDRIVE 2.0L,Diesel,2013,16500000,16500000,16500000,16500000,1
BMW,X3,Standard,Diesel,2012,14775000,14750000,13850000,16000000,8
BMW,X3,Standard,Diesel,2013,16090000,17500000,12950000,18000000,5
BMW,X3,X-drive 20d,Diesel,2013,16200000,16200000,16200000,16200000,1
BMW,X5,INDIVIDUAL M Sport Plus,Petrol,2017,23500000,23500000,23500000,23500000,1
BMW,X5,M Sport,Diesel,2015,24200000,24200000,24200000,24200000,1
BMW,X5,M Sport,Hybrid,2016,22500000,22500000,21500000,23500000,2
BMW,X5,M Sport,Hybrid,2017,24500000,24500000,24500000,24500000,1
BMW,X5,M-Sport,Petrol,2016,24750000,24750000,24500000,25000000,2
BMW,X5,MSPORT PLUS,Hybrid,2017,25500000,25500000,25500000,25500000,1
BMW,X5,Standard,Diesel,2012,19500000,19500000,19500000,19500000,1
BMW,X5,Standard,Hybrid,2015,24500000,24500000,24500000,24500000,1
BMW,X5,Standard,Hybrid,2016,25000000,25000000,23500000,26500000,2
BMW,X5,Standard,Hybrid,2018,24900000,24900000,24900000,24900000,2
BMW,X5,Standard,Petrol,2011,22325000,22325000,22250000,22400000,2
BMW,X5,Standard,Petrol,2012,22050000,22050000,22050000,22050000,1
BMW,X5,Standard,Petrol,2015,23000000,23000000,23000000,23000000,1
BMW,X5,Standard,Petrol,2016,24037500,23700000,21500000,28000000,8
BMW,X5,Standard,Petrol,2017,21000000,21000000,21000000,21000000,1
BMW,X5,X Drive M Sport 40e,Petrol,2016,23750000,23750000,23750000,23750000,1
BMW,XDRIVE40e,M SPORT,Petrol,2016,26500000,26500000,26500000,26500000,2
DFSK,580,Standard,Petrol,2021,7875000,7875000,7250000,8500000,2
DFSK,Glory,Standard,Diesel,2016,4705417,4387500,3900000,6500000,12
DFSK,Glory,Standard,Diesel,2017,4483333,4475000,4400000,4575000,3
DFSK,Glory,Standard,Diesel,2021,5400000,5400000,5400000,5400000,1
DFSK,Glory,Standard,Petrol,2018,5200000,5200000,5200000,5200000,2
DFSK,Glory,Standard,Petrol,2021,7579167,8237500,5500000,9000000,6
DFSK,Glory 330,Standard,Diesel,2016,4442353,4490000,3890000,5000000,17
DFSK,Glory 330,Standard,Diesel,2018,5200000,5200000,5200000,5200000,1
DFSK,Glory 330,Standard,Diesel,2019,5395000,5395000,5395000,5395000,1
DFSK,Glory 330,Standard,Diesel,2021,5438333,5390000,5075000,5850000,3
DFSK,Glory 330,Standard,Petrol,2018,5191667,5100000,5000000,5475000,3
DFSK,Glory 330,Standard,Petrol,2019,5450000,5450000,5450000,5450000,1
DFSK,Glory 330,Standard,Petrol,2021,6137500,6137500,6075000,6200000,2
DFSK,Glory 580,L,Petrol,2020,7250000,7250000,7250000,7250000,1
DFSK,Glory 580,L,Petrol,2021,7700000,7700000,7700000,7700000,2
DFSK,Glory 580,Standard,Petrol,2019,7718750,7625000,7200000,8800000,8
DFSK,Glory 580,Standard,Petrol,2020,7721667,7650000,7000000,8900000,9
DFSK,Glory 580,Standard,Petrol,2021,7965889,7875000,7250000,9000000,45
DFSK,Glory 580,Standard,Petrol,2022,8325000,8325000,7650000,9000000,2
DFSK,Glory 580,Standard,Petrol,2023,8620000,8700000,7950000,9000000,5
DFSK,Glory 580,Wagon R,Petrol,2021,7800000,7800000,7800000,7800000,1
DFSK,Glory I-Auto,Limited,Petrol,2024,14500000,14500000,14500000,14500000,1
DFSK,Glory I-Auto,Limited Edition,Petrol,2024,12345000,12345000,11500000,13190000,2
DFSK,Glory I-Auto,Standard,Gas,2023,11500000,11500000,11500000,11500000,1
DFSK,Glory I-Auto,Standard,Petrol,2021,9864306,9937500,8600000,11000000,36
DFSK,Glory I-Auto,Standard,Petrol,2022,10116912,9925000,8800000,12500000,34
DFSK,Glory I-Auto,Standard,Petrol,2023,10609500,10500000,9600000,12000000,20
DFSK,Glory I-Auto,Standard,Petrol,2024,13016579,12900000,10950000,14600000,19
Daihatsu,2008,Standard,Petrol,2008,6600000,6600000,6450000,6750000,2
Daihatsu,ROCKY,G PREMIUM HYBRIDE ZERO,Hybrid,2025,13975000,13975000,13975000,13975000,1
Daihatsu,ROCKY,HYBRID,Hybrid,2025,13750000,13750000,13750000,13750000,1
Daihatsu,ROCKY,HYBRID PREMIUM G,Hybrid,2025,14300000,14300000,14300000,14300000,1
Daihatsu,ROCKY,Standard,Petrol,2025,13500000,13500000,13500000,13500000,1
Daihatsu,ROCKY,X HYBRID,Hybrid,2025,13750000,13750000,13750000,13750000,1
Daihatsu,Raize,G Premium MODELLISTA Raize,Hybrid,2024,13890000,13890000,13890000,13890000,1
Daihatsu,Raize,Raize,Hybrid,2024,13800000,13800000,13800000,13800000,2
Daihatsu,Rocky,E Smart Hybrid,Hybrid,2025,12850000,12850000,12850000,12850000,1
Daihatsu,Rocky,G HEV Premium,Hybrid,2025,13687500,13687500,13600000,13775000,2
Daihatsu,Rocky,G Premium,Hybrid,2025,13975000,13975000,13975000,13975000,1
Daihatsu,Rocky,G Premium,Hybrid,2026,14100000,14100000,14100000,14100000,1
Daihatsu,Rocky,G Premium,Petrol,2023,11750000,11750000,11750000,11750000,1
Daihatsu,Rocky,G Premium HEV,Hybrid,2026,13900000,13900000,13900000,13900000,2
Daihatsu,Rocky,Hybrid,Hybrid,2025,14875000,14875000,14875000,14875000,2
Daihatsu,Rocky,Hybrid G Premium,Hybrid,2026,15200000,15200000,15200000,15200000,2
Daihatsu,Rocky,Hybrid Premium G,Hybrid,2026,15097500,15097500,14995000,15200000,2
Daihatsu,Rocky,PREMIUM G,Hybrid,2024,13100000,13100000,13100000,13100000,1
Daihatsu,Rocky,Premium G,Hybrid,2025,13100000,13100000,13100000,13100000,1
Daihatsu,Rocky,Premium G,Petrol,2023,11500000,11500000,11500000,11500000,1
Daihatsu,Rocky,Premium G,Petrol,2024,11950000,11950000,11950000,11950000,1
Daihatsu,Rocky,Premium G HEV,Hybrid,2025,13650000,13650000,13650000,13650000,1
Daihatsu,Rocky,Premium G Hybrid,Hybrid,2025,13475000,13475000,13475000,13475000,1
Daihatsu,Rocky,Premium G Hybrid,Petrol,2025,14150000,14150000,14150000,14150000,1
Daihatsu,Rocky,Standard,Hybrid,2025,13950000,13950000,13950000,13950000,1
Daihatsu,Rocky,Standard,Hybrid,2026,13863333,13890000,13250000,14450000,3
Daihatsu,Rocky,Standard,Petrol,2023,12607500,12607500,11490000,13725000,2
Daihatsu,Rocky,Standard,Petrol,2024,12245000,12245000,11900000,12590000,2
Daihatsu,Rocky,Standard,Petrol,2025,12516667,12800000,11950000,12800000,3
Daihatsu,Rocky,Z Premium,Petrol,2024,12850000,12850000,12850000,12850000,1
Daihatsu,Terios,4WD SX Edition,Petrol,2007,6650000,6650000,6650000,6650000,1
Daihatsu,Terios,4we,Petrol,2011,7475000,7475000,7475000,7475000,1
Daihatsu,Terios,G Japan,Petrol,2003,4890000,4890000,4890000,4890000,1
Daihatsu,Terios,Premium,Petrol,2007,6650000,6650000,6650000,6650000,1
Daihatsu,Terios,Premium,Petrol,2014,7993750,7825000,7550000,8775000,4
Daihatsu,Terios,SX Model,Petrol,2006,5990000,5990000,5990000,5990000,2
Daihatsu,Terios,Standard,Petrol,1998,3750000,3750000,3650000,3850000,2
Daihatsu,Terios,Standard,Petrol,2000,4307500,4307500,4250000,4365000,2
Daihatsu,Terios,Standard,Petrol,2001,4512500,4512500,4475000,4550000,2
Daihatsu,Terios,Standard,Petrol,2003,4650000,4650000,4650000,4650000,1
Daihatsu,Terios,Standard,Petrol,2006,6250000,6250000,6250000,6250000,1
Daihatsu,Terios,Standard,Petrol,2007,6505833,6527500,5950000,7100000,12
Daihatsu,Terios,Standard,Petrol,2010,7800000,7800000,7800000,7800000,1
Daihatsu,Terios,Standard,Petrol,2011,7180000,7250000,6850000,7500000,5
Daihatsu,Terios,Standard,Petrol,2014,8825000,8900000,8375000,9200000,3
Daihatsu,Terios,Sx Premium,Petrol,2010,7825000,7825000,7825000,7825000,1
Honda,2008,Standard,Petrol,2008,8450000,8450000,8200000,8700000,2
Honda,BR-V,Standard,Petrol,2017,10455000,9975000,9550000,12700000,5
Honda,CRV,1st Gen,Petrol,1996,5050000,5050000,4800000,5300000,2
Honda,CRV,1st Gen,Petrol,2000,5358333,5350000,5350000,5375000,3
Honda,CRV,2nd Gen,Electric,2002,5950000,5950000,5950000,5950000,1
Honda,CRV,2nd Gen,Petrol,2002,6550000,6325000,5450000,8100000,4
Honda,CRV,2nd Gen,Petrol,2003,6425000,6500000,5500000,7200000,4
Honda,CRV,2nd Gen,Petrol,2005,6275000,6275000,6275000,6275000,2
Honda,CRV,2nd Gen,Petrol,2006,6867500,6782500,6575000,7500000,6
Honda,CRV,3rd Gen,Petrol,2007,7931250,8025000,6675000,9000000,4
Honda,CRV,3rd Gen,Petrol,2008,7610000,7400000,6875000,8950000,5
Honda,CRV,3rd Gen,Petrol,2010,8390000,7685000,7685000,9800000,3
Honda,CRV,3rd Gen,Petrol,2011,8790000,8790000,8600000,8980000,2
Honda,CRV,4th Gen,Hybrid,2019,16875000,16875000,16875000,16875000,1
Honda,CRV,4th Gen,Petrol,2012,10683333,10225000,10225000,11600000,3
Honda,CRV,4th Gen,Petrol,2013,10925000,11200000,6750000,13200000,6
Honda,CRV,4th Gen,Petrol,2014,10093750,9600000,8975000,12200000,4
Honda,CRV,4th Gen,Petrol,2015,12450000,12550000,11700000,13000000,4
Honda,CRV,4th Gen,Petrol,2017,15655556,14800000,14500000,17700000,9
Honda,CRV,4th Gen,Petrol,2018,16677014,16800000,14875000,18700000,72
Honda,CRV,4th Gen,Petrol,2019,17615909,17800000,16500000,18500000,11
Honda,CRV,4th Gen,Petrol,2020,19787500,19500000,18900000,23000000,8
Honda,CRV,4th Gen,Petrol,2024,28400000,28400000,28300000,28500000,2
Honda,CRV,4th Gen,Petrol,2025,31750000,32000000,31000000,32250000,3
Honda,CRV,AUSTRALIAN,Petrol,2018,16300000,16300000,16300000,16300000,1
Honda,CRV,Australian,Petrol,2018,15800000,15900000,15200000,16300000,3
Honda,CRV,Australian Model,Petrol,2018,15500000,15500000,15500000,15500000,1
Honda,CRV,Australian Spec,Petrol,2018,17500000,17500000,17500000,17500000,1
Honda,CRV,Australian Spec,Petrol,2025,30500000,30500000,30500000,30500000,1
Honda,CRV,CRV,Petrol,2019,18900000,18900000,18900000,18900000,1
Honda,CRV,EX MASTERPIECE AWD JAPAN,Petrol,2018,21200000,21200000,21200000,21200000,1
Honda,CRV,Ex Masterpiece,Petrol,2019,19950000,19950000,19950000,19950000,1
Honda,CRV,JAPAN MASTERPIECE,Petrol,2018,16750000,16750000,16750000,16750000,1
Honda,CRV,Japan,Petrol,2012,8995000,8995000,8995000,8995000,1
Honda,CRV,Japan,Petrol,2017,16800000,16800000,16800000,16800000,1
Honda,CRV,Japan,Petrol,2020,18500000,18500000,18500000,18500000,1
Honda,CRV,Japan Master Peace,Petrol,2018,18500000,18500000,18500000,18500000,1
Honda,CRV,Japan Masterpiece,Petrol,2019,19500000,19500000,19500000,19500000,1
Honda,CRV,MASTERPIECE AWD JAPAN,Petrol,2018,19000000,19000000,19000000,19000000,2
Honda,CRV,MASTERPIECE JAPAN,Hybrid,2018,17000000,17000000,17000000,17000000,1
Honda,CRV,MASTERPIECE JAPAN,Petrol,2019,18250000,18250000,18250000,18250000,1
Honda,CRV,Masterpiece,Petrol,2018,18225000,18225000,17800000,18650000,2
Honda,CRV,Masterpiece,Petrol,2019,18183333,17800000,17800000,18950000,3
Honda,CRV,RD5,Petrol,2002,6200000,6200000,6200000,6200000,1
Honda,CRV,RE2,Petrol,2010,84750000,84750000,84750000,84750000,1
Honda,CRV,RE2,Petrol,2011,7750000,7750000,7750000,7750000,1
Honda,CRV,RE4,Petrol,2007,8300000,8300000,8300000,8300000,1
Honda,CRV,RM 1,Petrol,2012,9700000,9700000,9700000,9700000,1
Honda,CRV,RM 4 Japan,Petrol,2013,13650000,13650000,13650000,13650000,1
Honda,CRV,RM-4,Petrol,2013,13200000,13200000,13200000,13200000,1
Honda,CRV,RM1,Petrol,2013,11000000,11000000,11000000,11000000,1
Honda,CRV,RM2,Petrol,2014,11600000,11600000,11600000,11600000,2
Honda,CRV,RM2,Petrol,2015,14250000,14250000,14250000,14250000,1
Honda,CRV,RM4,Petrol,2013,10200000,10200000,10200000,10200000,1
Honda,CRV,Rd5,Petrol,2002,6300000,6300000,6300000,6300000,1
Honda,CRV,VTI L,Petrol,2018,15675000,15675000,15550000,15800000,2
Honda,CRV,VTI LX AWD,Petrol,2025,30500000,30500000,30500000,30500000,1
Honda,CRV,VTIL,Petrol,2018,19000000,19000000,19000000,19000000,1
Honda,CRV,Vtec,Petrol,2020,18650000,18650000,18650000,18650000,1
Honda,CRV,Vti S,Petrol,2017,14500000,14500000,14500000,14500000,1
Honda,CRV,Vti-S,Petrol,2017,14500000,14500000,14500000,14500000,1
Honda,Crossroad,Standard,Petrol,2007,7718000,7485000,7390000,8375000,5
Honda,HR-V,Standard,Petrol,1999,5255000,4975000,4975000,5675000,5
Honda,HR-V,Standard,Petrol,2000,5266667,5200000,4950000,6175000,9
Honda,HR-V,Standard,Petrol,2001,5325000,5325000,5300000,5350000,2
Honda,HR-V,Standard,Petrol,2003,5325000,5325000,5150000,5500000,2
Honda,HR-V,Standard,Petrol,2004,4850000,4850000,4850000,4850000,2
Honda,Tribute,Standard,Petrol,2003,5350000,5350000,5350000,5350000,2
Honda,Vezel,EHEV Z,Hybrid,2026,18850000,18850000,18850000,18850000,1
Honda,Vezel,EHEV Z PREMIUM,Hybrid,2024,19200000,19200000,19200000,19200000,1
Honda,Vezel,G GRADE,Hybrid,2024,17750000,17750000,17750000,17750000,1
Honda,Vezel,HEV Z- Play Moonroof,Hybrid,2026,20500000,20500000,20500000,20500000,1
Honda,Vezel,Hybrid,Hybrid,2024,17800000,17800000,17800000,17800000,1
Honda,Vezel,MUGEN Edition,Hybrid,2023,19250000,19250000,19250000,19250000,1
Honda,Vezel,ORANGE,Hybrid,2014,9790000,9790000,9790000,9790000,1
Honda,Vezel,Orange,Hybrid,2014,8741250,8612500,8350000,9390000,4
Honda,Vezel,Orange,Hybrid,2015,10395000,10395000,10395000,10395000,1
Honda,Vezel,Orange Pack,Hybrid,2014,9325000,9262500,8950000,9850000,6
Honda,Vezel,Orange Pack,Hybrid,2015,9875000,9875000,9875000,9875000,2
Honda,Vezel,Orange Pack,Petrol,2014,9800000,9800000,9800000,9800000,2
Honda,Vezel,Orange Z,Hybrid,2014,9490000,9490000,9490000,9490000,1
Honda,Vezel,Premium,Hybrid,2024,19100000,19100000,19100000,19100000,1
Honda,Vezel,Premium,Hybrid,2025,19566667,19850000,19000000,19850000,3
Honda,Vezel,Premium,Hybrid,2026,19683333,19850000,18750000,20450000,3
Honda,Vezel,Premium,Petrol,2026,19000000,19000000,19000000,19000000,1
Honda,Vezel,RS,Hybrid,2016,11757000,11900000,11200000,12200000,5
Honda,Vezel,RS,Hybrid,2017,12223056,12225000,11275000,13500000,18
Honda,Vezel,RS,Hybrid,2018,13010000,13250000,12100000,13500000,5
Honda,Vezel,RS,Hybrid,2026,20420000,20700000,19200000,21650000,5
Honda,Vezel,RS,Petrol,2016,11483333,11500000,11450000,11500000,3
Honda,Vezel,RS,Petrol,2017,12293750,12312500,12000000,12550000,4
Honda,Vezel,RS,Petrol,2018,12725000,12500000,12450000,13225000,3
Honda,Vezel,RS LED,Hybrid,2018,12750000,12750000,12750000,12750000,1
Honda,Vezel,RS LED,Petrol,2018,13650000,13650000,13650000,13650000,1
Honda,Vezel,RS Led,Hybrid,2018,13500000,13500000,13500000,13500000,1
Honda,Vezel,RS Led Sensing,Hybrid,2018,12650000,12650000,12650000,12650000,1
Honda,Vezel,RS PREMIUM,Hybrid,2026,20175000,20175000,20175000,20175000,1
Honda,Vezel,RS PREMIUM,Petrol,2026,21250000,21250000,21200000,21300000,2
Honda,Vezel,RS Premium,Hybrid,2025,19900000,19900000,19300000,20500000,2
Honda,Vezel,RS Premium,Hybrid,2026,20750000,20750000,20150000,21500000,10
Honda,Vezel,RS Premium Gray,Hybrid,2026,20950000,20950000,20950000,20950000,1
Honda,Vezel,RS Premium Grey,Hybrid,2026,20500000,20500000,20500000,20500000,1
Honda,Vezel,RS SENSING,Hybrid,2017,12600000,12600000,12600000,12600000,1
Honda,Vezel,RS SENSING,Hybrid,2018,12500000,12500000,12500000,12500000,1
Honda,Vezel,RS SENSING,Petrol,2019,14500000,14500000,14350000,14650000,2
Honda,Vezel,RS Sensing,Hybrid,2016,11385714,11275000,11275000,11675000,7
Honda,Vezel,RS Sensing,Hybrid,2017,11911111,11875000,11375000,12450000,9
Honda,Vezel,RS Sensing,Hybrid,2018,12638667,12450000,12250000,13900000,15
Honda,Vezel,RS Sensing,Hybrid,2020,12275000,12275000,12275000,12275000,2
Honda,Vezel,RS Sensing,Petrol,2017,11825000,11825000,11825000,11825000,1
Honda,Vezel,RS Sensing LED Electric Seat,Hybrid,2018,14650000,14650000,14550000,14750000,2
Honda,Vezel,RS Sensing Limited,Hybrid,2018,14200000,14200000,14200000,14200000,1
Honda,Vezel,RS Sensing Plus,Hybrid,2018,13990000,13990000,13990000,13990000,1
Honda,Vezel,RS Sensing Premium,Hybrid,2018,13990000,13990000,13990000,13990000,1
Honda,Vezel,RV5 X- Pearl Have To Import,Hybrid,2023,16200000,16200000,16200000,16200000,2
Honda,Vezel,Rs,Hybrid,2016,11600000,11600000,11200000,12000000,2
Honda,Vezel,Rs,Hybrid,2017,11768750,11850000,10875000,12500000,4
Honda,Vezel,Rs,Hybrid,2018,13087500,13000000,12500000,13850000,4
Honda,Vezel,Rs,Hybrid,2026,20300000,20300000,19850000,20750000,2
Honda,Vezel,Rs,Petrol,2016,11700000,11700000,11700000,11700000,1
Honda,Vezel,Rs,Petrol,2017,12300000,12300000,12300000,12300000,1
Honda,Vezel,Rs Premium,Hybrid,2018,13300000,13300000,13300000,13300000,1
Honda,Vezel,Rs Premium,Hybrid,2026,20546000,20490000,20100000,20850000,5
Honda,Vezel,Rs Premium,Petrol,2026,20000000,20000000,20000000,20000000,1
Honda,Vezel,Rs Sensing,Hybrid,2016,12075000,12075000,11800000,12350000,2
Honda,Vezel,Rs Sensing,Hybrid,2017,11928846,12050000,11050000,12350000,13
Honda,Vezel,Rs Sensing,Hybrid,2018,13297500,13297500,13095000,13500000,2
Honda,Vezel,Rs Sensing,Hybrid,2019,14575000,14575000,14575000,14575000,1
Honda,Vezel,Rs Sensing,Petrol,2017,12575000,12575000,12300000,12850000,2
Honda,Vezel,Rs Sensing,Petrol,2018,13125000,12750000,12750000,13875000,3
Honda,Vezel,Rs Sensing,Petrol,2020,14250000,14250000,14250000,14250000,1
Honda,Vezel,Sensing,Hybrid,2023,18950000,18950000,18950000,18950000,3
Honda,Vezel,Standard,Diesel,2019,12650000,12650000,12650000,12650000,1
Honda,Vezel,Standard,Electric,2026,19500000,19500000,19500000,19500000,1
Honda,Vezel,Standard,Hybrid,2013,8558333,8500000,8400000,8775000,3
Honda,Vezel,Standard,Hybrid,2014,9304082,9350000,3500000,10500000,98
Honda,Vezel,Standard,Hybrid,2015,9944079,9850000,9450000,11000000,38
Honda,Vezel,Standard,Hybrid,2016,10977778,10912500,9700000,13600000,18
Honda,Vezel,Standard,Hybrid,2017,12182000,12250000,10875000,13600000,25
Honda,Vezel,Standard,Hybrid,2018,13276667,13300000,12300000,14200000,18
Honda,Vezel,Standard,Hybrid,2019,14275000,14275000,14200000,14350000,2
Honda,Vezel,Standard,Hybrid,2022,16000000,16000000,16000000,16000000,1
Honda,Vezel,Standard,Hybrid,2023,17577273,17325000,16600000,18800000,22
Honda,Vezel,Standard,Hybrid,2024,17847667,17950000,16875000,18900000,15
Honda,Vezel,Standard,Hybrid,2025,18601719,18500000,16975000,20500000,32
Honda,Vezel,Standard,Hybrid,2026,19406667,19300000,18400000,20800000,15
Honda,Vezel,Standard,Petrol,2013,8600000,8600000,8600000,8600000,1
Honda,Vezel,Standard,Petrol,2014,9549030,9550000,8650000,10400000,67
Honda,Vezel,Standard,Petrol,2015,10115179,10025000,9275000,11200000,28
Honda,Vezel,Standard,Petrol,2016,11397727,11400000,10375000,12500000,11
Honda,Vezel,Standard,Petrol,2017,12189583,12300000,11500000,12700000,12
Honda,Vezel,Standard,Petrol,2018,13880000,13500000,13500000,14650000,5
Honda,Vezel,Standard,Petrol,2022,16875000,16875000,16875000,16875000,2
Honda,Vezel,Standard,Petrol,2023,17100000,17100000,16300000,17900000,2
Honda,Vezel,Standard,Petrol,2024,17791667,17800000,17725000,17850000,3
Honda,Vezel,Standard,Petrol,2025,18661250,18550000,17500000,20600000,8
Honda,Vezel,Standard,Petrol,2026,19648571,19400000,19000000,21400000,7
Honda,Vezel,X,Hybrid,2023,16330000,16330000,16275000,16385000,4
Honda,Vezel,X,Hybrid,2024,16475000,16475000,16400000,16550000,2
Honda,Vezel,X Grade,Hybrid,2014,9250000,9250000,9250000,9250000,1
Honda,Vezel,X Grade,Hybrid,2025,16950000,16950000,16950000,16950000,1
Honda,Vezel,X Hunt,Hybrid,2024,17200000,17200000,17200000,17200000,1
Honda,Vezel,X Hunt,Hybrid,2025,16975000,16975000,16975000,16975000,1
Honda,Vezel,X PREMIUM,Hybrid,2024,17145000,17145000,17095000,17195000,2
Honda,Vezel,Z,Hybrid,2013,8900000,8900000,8900000,8900000,1
Honda,Vezel,Z,Hybrid,2014,9816667,9725000,9475000,10250000,3
Honda,Vezel,Z,Hybrid,2015,10100000,10100000,10100000,10100000,1
Honda,Vezel,Z,Hybrid,2024,17981111,17950000,17800000,18350000,9
Honda,Vezel,Z,Hybrid,2025,18660833,18962500,17800000,19000000,6
Honda,Vezel,Z,Hybrid,2026,19044444,18550000,17900000,20700000,9
Honda,Vezel,Z,Petrol,2014,9350000,9450000,9150000,9450000,3
Honda,Vezel,Z,Petrol,2015,9650000,9650000,9650000,9650000,1
Honda,Vezel,Z,Petrol,2016,11050000,11050000,11050000,11050000,1
Honda,Vezel,Z,Petrol,2023,17100000,17100000,17100000,17100000,1
Honda,Vezel,Z,Petrol,2025,19749500,19749500,19500000,19999000,2
Honda,Vezel,Z 4way,Hybrid,2025,18575000,18575000,18575000,18575000,2
Honda,Vezel,Z E-HEV,Hybrid,2026,18550000,18550000,18550000,18550000,1
Honda,Vezel,Z E-hev,Hybrid,2025,21700000,21700000,21700000,21700000,1
Honda,Vezel,Z GRADE,Hybrid,2015,9650000,9650000,9650000,9650000,1
Honda,Vezel,Z GRADE,Hybrid,2024,18500000,18500000,18500000,18500000,1
Honda,Vezel,Z GRADE,Hybrid,2025,18800000,18700000,18700000,19000000,3
Honda,Vezel,Z GRADE,Petrol,2023,17450000,17450000,17450000,17450000,1
Honda,Vezel,Z GRADE RU3 BLACK,Hybrid,2014,9750000,9750000,9750000,9750000,1
Honda,Vezel,Z Grade,Hybrid,2014,9345500,9325000,8590000,10390000,10
Honda,Vezel,Z Grade,Hybrid,2015,10305556,10450000,9850000,10450000,9
Honda,Vezel,Z Grade,Hybrid,2016,10635000,10750000,9850000,10950000,5
Honda,Vezel,Z Grade,Hybrid,2023,17493750,17300000,16975000,18400000,4
Honda,Vezel,Z Grade,Hybrid,2024,18452500,18280000,17750000,19500000,4
Honda,Vezel,Z Grade,Hybrid,2025,18480556,18400000,17275000,20300000,9
Honda,Vezel,Z Grade,Hybrid,2026,20188333,20190000,19700000,20675000,3
Honda,Vezel,Z Grade,Petrol,2014,9587500,9587500,9375000,9800000,2
Honda,Vezel,Z Grade,Petrol,2024,17500000,17500000,17500000,17500000,1
Honda,Vezel,Z Grade,Petrol,2025,18700000,18700000,18700000,18700000,1
Honda,Vezel,Z Grade E-HEV,Hybrid,2023,17120000,17120000,16990000,17250000,2
Honda,Vezel,Z Grade Orange,Hybrid,2014,9300000,9300000,9300000,9300000,1
Honda,Vezel,Z Grade Orange,Hybrid,2015,9950000,9950000,9950000,9950000,1
Honda,Vezel,Z Grade Orange Pack,Hybrid,2014,9850000,9850000,9850000,9850000,1
Honda,Vezel,Z Grade Orange Pack,Hybrid,2015,9475000,9475000,9475000,9475000,1
Honda,Vezel,Z Grade Orange Pack,Petrol,2015,9675000,9675000,9675000,9675000,1
Honda,Vezel,Z Grade Oriange,Hybrid,2014,9350000,9350000,9350000,9350000,1
Honda,Vezel,Z Ivory,Hybrid,2015,10350000,10350000,10350000,10350000,1
Honda,Vezel,Z Limited,Hybrid,2024,17395000,17395000,17395000,17395000,1
Honda,Vezel,Z ORANGE,Hybrid,2014,9375000,9375000,9375000,9375000,2
Honda,Vezel,Z ORANGE PACKAGA,Hybrid,2014,9550000,9550000,9550000,9550000,1
Honda,Vezel,Z Orange,Hybrid,2014,9499286,9550000,8890000,9790000,7
Honda,Vezel,Z Orange,Hybrid,2015,9787500,9850000,9350000,10100000,4
Honda,Vezel,Z Orange,Petrol,2014,9675000,9675000,9675000,9675000,1
Honda,Vezel,Z Orange Pack Hybrid,Petrol,2014,9875000,9875000,9875000,9875000,1
Honda,Vezel,Z PLAY,Hybrid,2025,20850000,20850000,20800000,20900000,2
Honda,Vezel,Z PLAY,Hybrid,2026,20768750,20800000,20575000,20900000,4
Honda,Vezel,Z PLAY BODY KIT,Hybrid,2026,21237500,21237500,20975000,21500000,2
Honda,Vezel,Z PLAY MOONROOF,Hybrid,2026,20890000,20890000,20890000,20890000,1
Honda,Vezel,Z PLay,Petrol,2024,19600000,19600000,19600000,19600000,1
Honda,Vezel,Z PREMIUM,Hybrid,2023,17400000,17400000,17400000,17400000,1
Honda,Vezel,Z PREMIUM,Hybrid,2025,18525000,18525000,18250000,18800000,2
Honda,Vezel,Z PREMIUM,Hybrid,2026,19411818,19200000,18600000,20590000,11
Honda,Vezel,Z Play,Hybrid,2023,19200000,19200000,18900000,19500000,2
Honda,Vezel,Z Play,Hybrid,2024,19550000,19675000,18450000,20400000,4
Honda,Vezel,Z Play,Hybrid,2025,20685714,20750000,19600000,21750000,7
Honda,Vezel,Z Play,Hybrid,2026,20653846,20600000,19000000,22500000,26
Honda,Vezel,Z Play,Petrol,2025,20235000,20070000,19400000,21400000,4
Honda,Vezel,Z Play,Petrol,2026,20100000,20400000,19400000,20500000,3
Honda,Vezel,Z Play 10 Speker Moonroof,Hybrid,2026,21200000,21200000,21200000,21200000,1
Honda,Vezel,Z Play Interior,Hybrid,2024,19200000,19200000,19200000,19200000,1
Honda,Vezel,Z Play MOONROOF,Petrol,2026,20600000,20600000,20600000,20600000,1
Honda,Vezel,Z Play Moon Roof,Hybrid,2025,20750000,20750000,20750000,20750000,1
Honda,Vezel,Z Play Moon Roof,Hybrid,2026,20887500,20725000,20600000,21500000,4
Honda,Vezel,Z Play Moonroof,Hybrid,2026,20100000,19875000,19400000,21250000,4
Honda,Vezel,Z Play Moonroof 10 Speaker,Hybrid,2024,21000000,21000000,21000000,21000000,1
Honda,Vezel,Z Play Moonroof Body Kit,Hybrid,2026,21025000,20950000,20950000,21250000,4
Honda,Vezel,Z Play No,Hybrid,2024,19250000,19250000,19250000,19250000,1
Honda,Vezel,Z Play Premium,Hybrid,2025,19800000,19800000,19800000,19800000,1
Honda,Vezel,Z Play Premium,Hybrid,2026,20590000,20590000,20590000,20590000,1
Honda,Vezel,Z Play With Moon Roof,Hybrid,2023,18900000,18900000,18900000,18900000,1
Honda,Vezel,Z Plus,Hybrid,2025,18900000,18900000,18900000,18900000,1
Honda,Vezel,Z Premiom,Hybrid,2025,20000000,20000000,20000000,20000000,1
Honda,Vezel,Z Premium,Hybrid,2023,18650000,18650000,18500000,18800000,2
Honda,Vezel,Z Premium,Hybrid,2024,18300000,18250000,17500000,19450000,12
Honda,Vezel,Z Premium,Hybrid,2025,19113889,18900000,17775000,20300000,9
Honda,Vezel,Z Premium,Hybrid,2026,19512741,19495000,18500000,20700000,54
Honda,Vezel,Z Premium,Petrol,2026,19531250,19450000,19200000,20150000,8
Honda,Vezel,Z Premium 10 Speaker,Hybrid,2026,20495000,20495000,20495000,20495000,1
Honda,Vezel,Z Premium 10 Speakers,Hybrid,2026,18570000,18570000,18570000,18570000,2
Honda,Vezel,Z Premium 10Spk 4way,Hybrid,2025,18950000,18950000,18950000,18950000,1
Honda,Vezel,Z Premium 10sp,Hybrid,2025,18470000,18470000,18350000,18590000,2
Honda,Vezel,Z Premium Grade 5,Hybrid,2024,18000000,18000000,18000000,18000000,1
Honda,Vezel,Z Premium Plus,Hybrid,2026,19590000,19590000,19590000,19590000,1
Honda,Vezel,Z Premium Plus,Petrol,2026,20290000,20290000,20290000,20290000,1
Honda,Vezel,Z Premium RS,Petrol,2026,20900000,20900000,20900000,20900000,1
Honda,Vezel,Z Premium Sunlight,Hybrid,2026,19300000,19300000,19000000,19600000,2
Honda,Vezel,Z Premium With 10 Speakers,Hybrid,2026,19450000,19450000,19450000,19450000,1
Honda,Vezel,Z Sunlight,Hybrid,2023,17450000,17450000,17450000,17450000,1
Honda,Vezel,Z Wireless Charger,Hybrid,2026,17900000,17900000,17900000,17900000,1
Honda,Vezel,Z-PLAY PREMIUM EDDITION,Hybrid,2023,17900000,17900000,17900000,17900000,1
Honda,Vezel,Z360,Hybrid,2025,18590000,18590000,18590000,18590000,1
Honda,Vezel,ZPLAY EHEV Hybrid,Hybrid,2026,21300000,21300000,21300000,21300000,1
Honda,Z,Model,Hybrid,2026,18500000,18500000,18500000,18500000,1
Honda,Z,PLAY MOONROOF,Hybrid,2026,20575000,20575000,20575000,20575000,1
Honda,Z,PREMIUM,Hybrid,2026,19500000,19500000,19500000,19500000,1
Honda,Z,Play Premium,Hybrid,2026,21200000,21200000,21200000,21200000,1
Honda,ZRV,Premium,Petrol,2023,20900000,20900000,20900000,20900000,1
Honda,ZRV,Standard,Petrol,2023,21400000,21400000,21000000,21800000,2
Hyundai,Santa Fe,CRDI 4WD,Diesel,2009,6350000,6350000,6350000,6350000,1
Hyundai,Santa Fe,Standard,Diesel,2001,4800000,4800000,4800000,4800000,1
Hyundai,Santa Fe,Standard,Diesel,2003,7000000,7000000,7000000,7000000,1
Hyundai,Santa Fe,Standard,Diesel,2007,6458333,6450000,6050000,6875000,3
Hyundai,Santa Fe,Standard,Diesel,2009,7606250,7700000,6650000,8375000,4
Hyundai,Santa Fe,Standard,Diesel,2010,7600000,7600000,7600000,7600000,1
Hyundai,Santa Fe,Standard,Diesel,2011,8710000,8750000,8250000,9000000,5
Hyundai,Santa Fe,Standard,Diesel,2012,9112500,9200000,8550000,9500000,4
Hyundai,Santa Fe,Standard,Diesel,2013,11208333,10400000,9750000,14950000,6
Hyundai,Santa Fe,Standard,Diesel,2014,11280000,11300000,9900000,13200000,5
Hyundai,Santa Fe,Standard,Petrol,2001,4262500,4150000,4050000,4700000,4
Hyundai,Santa Fe,Standard,Petrol,2003,3796250,3600000,2985000,5000000,4
Hyundai,Santa Fe,Standard,Petrol,2007,6200000,6200000,5000000,7400000,2
Hyundai,Santa Fe,Standard,Petrol,2009,5800000,5800000,5800000,5800000,1
Hyundai,Santa Fe,Standard,Petrol,2010,6775000,6775000,6775000,6775000,1
Hyundai,Santa Fe,Standard,Petrol,2011,7200000,7200000,7200000,7200000,1
Hyundai,Santa Fe,Standard,Petrol,2013,8000000,8000000,8000000,8000000,1
Hyundai,Terracan,Standard,Diesel,2006,8600000,8500000,8500000,8800000,3
Hyundai,Tucson,2WD,Petrol,2011,7170000,7170000,6990000,7350000,2
Hyundai,Tucson,4we,Diesel,2011,7450000,7450000,7450000,7450000,1
Hyundai,Tucson,CRDI,Diesel,2012,7800000,7800000,7800000,7800000,1
Hyundai,Tucson,CRDI 4WD,Diesel,2011,7000000,7000000,7000000,7000000,2
Hyundai,Tucson,CRDI 4WD,Petrol,2011,7000000,7000000,7000000,7000000,1
Hyundai,Tucson,Standard,Diesel,2007,5050000,5050000,5000000,5100000,2
Hyundai,Tucson,Standard,Diesel,2008,5900000,5900000,5850000,5950000,2
Hyundai,Tucson,Standard,Diesel,2011,7532857,7590000,7000000,7850000,7
Hyundai,Tucson,Standard,Diesel,2012,7948636,7950000,7450000,8450000,11
Hyundai,Tucson,Standard,Diesel,2013,8071667,8125000,7790000,8300000,6
Hyundai,Tucson,Standard,Diesel,2014,8637500,8800000,7950000,9000000,4
Hyundai,Tucson,Standard,Diesel,2016,10950000,10950000,10800000,11100000,2
Hyundai,Tucson,Standard,Petrol,2005,4562500,4562500,4250000,4875000,2
Hyundai,Tucson,Standard,Petrol,2006,5631667,6000000,4000000,6500000,6
Hyundai,Tucson,Standard,Petrol,2007,4950000,4950000,4950000,4950000,1
Hyundai,Tucson,Standard,Petrol,2011,7230000,7095000,6950000,7800000,8
Hyundai,Tucson,Standard,Petrol,2012,7723750,7897500,7100000,8000000,4
Hyundai,Tucson,Standard,Petrol,2019,15675000,15675000,15475000,15875000,2
Hyundai,Venue,HX10 N-Line Highest Spec,Petrol,2026,13550000,13550000,13550000,13550000,1
Hyundai,Venue,N Line N 10,Petrol,2026,13100000,13100000,13100000,13100000,1
Hyundai,Venue,N Line N10,Petrol,2026,12795000,12795000,12795000,12795000,1
Hyundai,Venue,N Line Turbo,Petrol,2026,13400000,13400000,13400000,13400000,2
Hyundai,Venue,Nline,Petrol,2026,13550000,13550000,13550000,13550000,1
Hyundai,Venue,SX,Petrol,2020,8033333,8300000,7500000,8300000,3
Hyundai,Venue,Standard,Petrol,2019,8358333,8425000,7700000,8700000,6
Hyundai,Venue,Sx,Petrol,2019,8700000,8150000,8150000,9800000,3
Hyundai,Venue,Turbo,Petrol,2019,8350000,8350000,8350000,8350000,1
Kia,2008,Standard,Diesel,2008,6596667,5800000,5600000,8390000,3
Kia,SELTOS,GT LINE TURBO,Petrol,2020,13950000,13950000,13950000,13950000,1
Kia,SELTOS,GT LINE TURBO 39000KM,Petrol,2020,13950000,13950000,13950000,13950000,1
Kia,SELTOS,GT LINE TURBO 41000KM,Petrol,2020,12850000,12850000,12850000,12850000,1
Kia,SONET,GTX,Petrol,2026,12275000,12275000,12275000,12275000,1
Kia,SONET,GTX PLUS,Petrol,2026,11812500,11900000,11550000,11900000,4
Kia,SONET,Xline Highest Spec,Petrol,2026,12750000,12750000,12750000,12750000,1
Kia,Seltos,GTX A,Petrol,2026,19500000,19500000,19500000,19500000,3
Kia,Seltos,GTX A-VTI,Petrol,2026,20500000,20500000,20500000,20500000,1
Kia,Seltos,Standard,Petrol,2026,20500000,20500000,20500000,20500000,1
Kia,Sonet,GT Line,Petrol,2025,11450000,11450000,11450000,11450000,1
Kia,Sonet,GT Plus,Petrol,2026,12400000,12400000,12400000,12400000,1
Kia,Sonet,GTX,Petrol,2026,12195833,12250000,11850000,12450000,6
Kia,Sonet,GTX PLUS,Petrol,2026,12150000,12150000,12150000,12150000,1
Kia,Sonet,GTX Plus,Petrol,2026,12373077,12350000,11750000,12950000,13
Kia,Sonet,GTX Plus Bran,Petrol,2026,12350000,12350000,12350000,12350000,1
Kia,Sonet,GTX Plus GT Line,Petrol,2026,12233333,12237500,11600000,12700000,6
Kia,Sonet,Gtx,Petrol,2025,12750000,12750000,12750000,12750000,2
Kia,Sonet,Gtx Plus,Petrol,2025,12300000,12300000,12300000,12300000,1
Kia,Sonet,Gtx Plus,Petrol,2026,12000000,12000000,12000000,12000000,1
Kia,Sonet,HTX,Petrol,2026,10850000,10850000,10850000,10850000,1
Kia,Sonet,HTX Plus,Petrol,2026,11350000,11350000,11250000,11450000,2
Kia,Sonet,Htx,Petrol,2026,11350000,11350000,11350000,11350000,1
Kia,Sonet,Htx Import,Petrol,2026,11050000,11050000,11050000,11050000,1
Kia,Sonet,Standard,Petrol,2025,11133333,11800000,9800000,11800000,3
Kia,Sonet,Standard,Petrol,2026,12197368,12400000,10850000,12900000,19
Kia,Sorento,1 TO 24,Diesel,2015,18600000,18600000,18600000,18600000,2
Kia,Sorento,1 TO 9 OPTION,Petrol,2011,9350000,9350000,9350000,9350000,1
Kia,Sorento,1 To 14,Diesel,2013,10250000,10250000,10250000,10250000,1
Kia,Sorento,1- 12 Options,Diesel,2012,10000000,10000000,10000000,10000000,2
Kia,Sorento,1-11 Option,Diesel,2011,10800000,10800000,10800000,10800000,1
Kia,Sorento,1-11 Options,Diesel,2012,9943333,9990000,9850000,9990000,3
Kia,Sorento,1-12,Diesel,2012,11428571,11200000,10500000,12975000,7
Kia,Sorento,1-12 Option,Diesel,2011,10200000,10400000,9800000,10400000,3
Kia,Sorento,1-12 Option,Diesel,2012,11453333,10780000,10780000,12800000,3
Kia,Sorento,1-13 Options,Diesel,2013,12650000,12650000,12650000,12650000,1
Kia,Sorento,1-14,Diesel,2012,11200000,11200000,11200000,11200000,1
Kia,Sorento,1-14,Diesel,2014,12900000,12900000,12900000,12900000,1
Kia,Sorento,1-14 Options,Diesel,2014,12950000,12950000,12950000,12950000,1
Kia,Sorento,1-24,Diesel,2015,15650000,15650000,15650000,15650000,1
Kia,Sorento,1-8,Diesel,2011,8662500,8662500,8650000,8675000,2
Kia,Sorento,7 Seat,Diesel,2012,10950000,10950000,10950000,10950000,1
Kia,Sorento,Standard,Diesel,2004,5800000,5800000,5800000,5800000,1
Kia,Sorento,Standard,Diesel,2005,6500000,6500000,6500000,6500000,1
Kia,Sorento,Standard,Diesel,2007,6350000,6350000,6350000,6350000,2
Kia,Sorento,Standard,Diesel,2010,9733333,9600000,9600000,10000000,3
Kia,Sorento,Standard,Diesel,2011,10008750,9850000,8500000,12000000,28
Kia,Sorento,Standard,Diesel,2012,10681170,10700000,8300000,13600000,47
Kia,Sorento,Standard,Diesel,2013,12568750,12500000,10500000,14500000,12
Kia,Sorento,Standard,Diesel,2014,13643750,13600000,11550000,15500000,20
Kia,Sorento,Standard,Diesel,2015,16475000,16000000,15300000,18600000,4
Kia,Sorento,Standard,Hybrid,2014,12650000,12650000,12650000,12650000,1
Kia,Sorento,Standard,Petrol,2004,5600000,5675000,5150000,5850000,6
Kia,Sorento,Standard,Petrol,2005,4575000,4575000,4575000,4575000,1
Kia,Sorento,Standard,Petrol,2006,5312500,5312500,4950000,5675000,2
Kia,Sorento,Standard,Petrol,2010,7783333,7450000,7450000,8450000,3
Kia,Sorento,Standard,Petrol,2011,8889583,8650000,8200000,10300000,12
Kia,Sorento,Standard,Petrol,2012,12297500,13150000,9390000,13500000,4
Kia,Sorento,Standard,Petrol,2014,11200000,11200000,11200000,11200000,1
Kia,Sorento,Turbo,Diesel,2012,12700000,12700000,12700000,12700000,1
Kia,Sportage,Standard,Diesel,2000,3475000,3475000,3200000,3750000,2
Kia,Sportage,Standard,Diesel,2001,13116667,3200000,3150000,33000000,3
Kia,Sportage,Standard,Diesel,2006,6250000,6250000,6250000,6250000,1
Kia,Sportage,Standard,Diesel,2007,5950000,5950000,5950000,5950000,1
Kia,Sportage,Standard,Diesel,2012,8572667,8575000,7350000,9850000,15
Kia,Sportage,Standard,Diesel,2013,9466786,9730000,8500000,10000000,14
Kia,Sportage,Standard,Diesel,2014,9770000,9550000,9350000,10700000,5
Kia,Sportage,Standard,Diesel,2015,9863333,9950000,9690000,9950000,3
Kia,Sportage,Standard,Petrol,2005,5662500,5662500,5400000,5925000,2
Kia,Sportage,Standard,Petrol,2006,6033333,6450000,5200000,6450000,3
Kia,Sportage,Standard,Petrol,2007,5650000,5650000,5650000,5650000,1
Kia,Sportage,Standard,Petrol,2010,7459286,7600000,6850000,7975000,7
Kia,Sportage,Standard,Petrol,2011,7920000,7850000,6800000,8890000,17
Kia,Sportage,Standard,Petrol,2012,8225000,8155000,7650000,8990000,6
Kia,Stonic,Standard,Petrol,2019,9197222,9175000,8675000,9600000,9
Kia,Stonic,Standard,Petrol,2020,9837500,9837500,9700000,9975000,4
Kia,Syros,HTX,Petrol,2026,13450000,13450000,13450000,13450000,1
Kia,Syros,HTX 0 Turbo,Petrol,2026,14000000,14000000,14000000,14000000,1
Kia,Syros,HTXO,Petrol,2026,12850000,12850000,12850000,12850000,1
Kia,Syros,Standard,Petrol,2026,13200000,13200000,13200000,13200000,1
Land-Rover,2008,110 KAHN 2.2 PUMA,Diesel,2008,28550000,28550000,28550000,28550000,1
Land-Rover,2008,110 TD5 2.5,Diesel,2008,21500000,21500000,21500000,21500000,2
Land-Rover,2008,2.2 Puma,Diesel,2008,27500000,27500000,27500000,27500000,1
Land-Rover,2008,3,Diesel,2008,17500000,17500000,17500000,17500000,1
Land-Rover,2008,PUMA EDITION,Diesel,2008,29500000,29500000,29500000,29500000,1
Land-Rover,2008,Standard,Diesel,2008,23875000,23875000,22500000,25250000,2
Land-Rover,Defender,110,Diesel,1992,25500000,25500000,25500000,25500000,1
Land-Rover,Defender,110,Diesel,2015,14500000,14500000,14500000,14500000,1
Land-Rover,Defender,110 Puma TDCi,Diesel,2014,36500000,36500000,36500000,36500000,1
Land-Rover,Defender,110TD5,Diesel,2003,21500000,21500000,21500000,21500000,1
Land-Rover,Defender,90,Diesel,2013,35000000,35000000,35000000,35000000,2
Land-Rover,Defender,Dynamic X HSE Ingenium UK,Hybrid,2025,79000000,79000000,79000000,79000000,1
Land-Rover,Defender,P300e,Hybrid,2026,78950000,78950000,78950000,78950000,1
Land-Rover,Defender,P300e X Dynamic HSE,Hybrid,2026,78825000,78825000,78150000,79500000,2
Land-Rover,Defender,Puma 2.2,Diesel,1996,23000000,23000000,23000000,23000000,2
Land-Rover,Defender,Standard,Diesel,1992,18800000,18800000,18800000,18800000,1
Land-Rover,Defender,Standard,Diesel,2003,18095000,18095000,18095000,18095000,3
Land-Rover,Defender,Standard,Diesel,2014,42333333,43500000,40000000,43500000,3
Land-Rover,Defender,Standard,Diesel,2015,23850000,27100000,12500000,28700000,4
Land-Rover,Defender,Standard,Diesel,2026,32733333,7700000,7500000,83000000,3
Land-Rover,Defender,Standard,Petrol,2025,82500000,82500000,82500000,82500000,1
Land-Rover,Defender,Standard,Petrol,2026,78950000,78950000,76900000,81000000,2
Land-Rover,Discovery,S,Diesel,2016,32000000,32000000,31500000,32500000,2
Land-Rover,Discovery,SPORT,Petrol,2018,19800000,19800000,19800000,19800000,1
Land-Rover,Discovery,Sport,Diesel,2018,19500000,19500000,19500000,19500000,1
Land-Rover,Discovery,Sport,Petrol,2018,23500000,23500000,23500000,23500000,2
Land-Rover,Discovery,Sport,Petrol,2019,18900000,18900000,18900000,18900000,1
Land-Rover,Discovery,Standard,Diesel,2009,16250000,16250000,16250000,16250000,2
Land-Rover,Discovery,Standard,Diesel,2019,35000000,35000000,35000000,35000000,1
Land-Rover,Discovery 4,HSE,Diesel,2010,22750000,22750000,22750000,22750000,1
Land-Rover,Discovery 4,HSE,Diesel,2014,28363333,29500000,25700000,29890000,3
Land-Rover,Discovery 4,HSE VOGUE,Diesel,2013,26500000,26500000,26500000,26500000,2
Land-Rover,Discovery 4,Hse Luxury,Diesel,2013,24000000,24000000,24000000,24000000,2
Land-Rover,Discovery 4,S,Diesel,2015,34000000,34000000,34000000,34000000,1
Land-Rover,Discovery 4,S,Diesel,2016,28500000,28500000,28500000,28500000,1
Land-Rover,Discovery 4,S SDV6,Diesel,2015,30950000,30950000,30950000,30950000,1
Land-Rover,Discovery 4,SDV6,Diesel,2013,22500000,22500000,22500000,22500000,3
Land-Rover,Discovery 4,Standard,Diesel,2010,13325000,18500000,2975000,18500000,3
Land-Rover,Discovery 4,Standard,Diesel,2011,22333333,22500000,22000000,22500000,3
Land-Rover,Discovery 4,Standard,Diesel,2012,23990000,24500000,19750000,27000000,5
Land-Rover,Discovery 4,Standard,Diesel,2013,22750000,22750000,19000000,26500000,2
Land-Rover,Discovery 4,Standard,Diesel,2014,28000000,28250000,23500000,32000000,4
Land-Rover,Discovery 4,Standard,Diesel,2015,28887500,29500000,24000000,32000000,8
Land-Rover,Discovery 4,Standard,Diesel,2016,32175000,29450000,28000000,38500000,8
Land-Rover,Discovery 4,Standard,Diesel,2018,42000000,42000000,42000000,42000000,2
Land-Rover,Discovery 4S,SDV6,Diesel,2014,32250000,32250000,32000000,32500000,4
Land-Rover,Discovery 5,HSE,Diesel,2019,34500000,34500000,34500000,34500000,1
Land-Rover,Discovery 5,HSE 3L,Diesel,2017,38000000,38000000,38000000,38000000,1
Land-Rover,Discovery 5,Standard,Diesel,2015,28100000,28100000,26500000,29700000,2
Land-Rover,Discovery 5,Standard,Diesel,2017,29831667,28125000,27500000,37990000,6
Land-Rover,Discovery 5,Standard,Diesel,2019,33500000,33500000,32500000,34500000,2
Land-Rover,Freelander,1 TD 4,Diesel,2001,5950000,5950000,5950000,5950000,1
Land-Rover,Freelander,Standard,Diesel,1999,5200000,5200000,4000000,6400000,2
Land-Rover,Freelander,Standard,Diesel,2000,5143750,5350000,3975000,5900000,4
Land-Rover,Freelander,Standard,Diesel,2001,5773750,5800000,4995000,6500000,4
Land-Rover,Freelander,Standard,Diesel,2011,10800000,10800000,10800000,10800000,2
Land-Rover,Freelander,Standard,Diesel,2013,11300000,11300000,9500000,13100000,2
Land-Rover,Freelander 2,SD4,Diesel,2012,8450000,8450000,8450000,8450000,1
Land-Rover,Freelander 2,SD4 GS,Diesel,2012,9250000,9250000,9250000,9250000,1
Land-Rover,Freelander 2,Standard,Diesel,2011,10766667,10800000,9000000,12500000,3
Land-Rover,Freelander 2,Standard,Diesel,2012,10500000,10200000,10000000,11600000,4
Land-Rover,Freelander 2,Standard,Diesel,2013,11700000,11700000,10500000,12900000,2
Land-Rover,Freelander 2,Standard,Petrol,2012,8500000,8500000,8500000,8500000,2
Land-Rover,Land,Rover,Diesel,1990,19000000,19000000,19000000,19000000,2
Land-Rover,Range Rover,LWB Comfort,Petrol,2019,84500000,84500000,84500000,84500000,1
Land-Rover,Range Rover,P400e Biography LWB,Hybrid,2019,52500000,52500000,52500000,52500000,1
Land-Rover,Range Rover,P400e LWB,Petrol,2019,82500000,82500000,82500000,82500000,1
Land-Rover,Range Rover,P400e Vague SWB,Hybrid,2018,60000000,60000000,60000000,60000000,1
Land-Rover,Range Rover,Vogue P400E,Petrol,2019,53000000,53000000,53000000,53000000,1
Land-Rover,Range Rover,Vogue SWB,Hybrid,2018,60000000,60000000,60000000,60000000,1
Land-Rover,Range Rover Sport,3.0,Diesel,2016,34500000,34500000,34500000,34500000,1
Land-Rover,Range Rover Sport,BIOGRAPHY,Petrol,2018,49000000,49000000,49000000,49000000,1
Land-Rover,Range Rover Sport,HSE,Diesel,2016,34600000,34600000,33000000,36200000,2
Land-Rover,Range Rover Sport,HSE,Diesel,2018,51000000,51000000,51000000,51000000,1
Land-Rover,Range Rover Sport,Standard,Diesel,2018,49250000,49250000,45000000,53500000,2
Land-Rover,Range Rover Sport,Standard,Hybrid,2018,41000000,41000000,41000000,41000000,2
Land-Rover,Range Rover Sport,biography,Hybrid,2018,47500000,47500000,47500000,47500000,1
MG,ZS,ESSENCE,Petrol,2019,8590000,8590000,8590000,8590000,1
MG,ZS,ESSENCE BLACKTOP,Petrol,2021,10590000,10590000,10590000,10590000,1
MG,ZS,Highest Spec,Petrol,2019,8500000,8500000,8500000,8500000,1
MG,ZS,MCE,Petrol,2025,12300000,12050000,11550000,13300000,3
MG,ZS,MCE,Petrol,2026,12200000,12200000,12200000,12200000,2
MG,ZS,MCE lift,Petrol,2025,12000000,12000000,12000000,12000000,1
MG,ZS,MSE,Petrol,2025,12000000,12000000,12000000,12000000,1
MG,ZS,Standard,Petrol,2018,8478091,8500000,7590000,9400000,55
MG,ZS,Standard,Petrol,2019,8859042,8900000,7600000,9950000,48
MG,ZS,Standard,Petrol,2020,8912500,8912500,8000000,9825000,2
MG,ZS,Standard,Petrol,2021,9950000,9950000,9950000,9950000,2
MG,ZS,Standard,Petrol,2025,10864318,11600000,1197500,13200000,11
MG,ZS,Standard,Petrol,2026,12385000,12385000,12385000,12385000,1
MG,ZS,UK Spec,Petrol,2018,8500000,8500000,8500000,8500000,2
MG,ZX,Standard,Petrol,2018,8287500,8287500,8000000,8575000,2
Mahindra,KUV 100,NXT,Diesel,2023,5975000,5975000,5975000,5975000,1
Mahindra,KUV 100,NXT K6,Diesel,2022,7000000,7000000,7000000,7000000,1
Mahindra,KUV 100,NXT K6,Petrol,2020,5500000,5500000,5500000,5500000,1
Mahindra,KUV 100,Nxt,Diesel,2025,7100000,7100000,7100000,7100000,1
Mahindra,KUV 100,Standard,Diesel,2022,6166667,6175000,5550000,6700000,6
Mahindra,KUV 100,Standard,Diesel,2023,6445000,6445000,6290000,6600000,2
Mahindra,KUV 100,Standard,Diesel,2024,6466667,6500000,6100000,6800000,3
Mahindra,KUV 100,Standard,Diesel,2025,7125000,7125000,7050000,7200000,2
Mahindra,KUV 100,Standard,Petrol,2020,5203500,5187500,4980000,5450000,10
Mahindra,KUV 100,Standard,Petrol,2021,5602045,5517500,5150000,6000000,22
Mahindra,KUV 100,Standard,Petrol,2022,5838889,5800000,5450000,6500000,9
Mahindra,Kuv,Next,Petrol,2021,5390000,5390000,5390000,5390000,1
Mahindra,Kuv,Standard,Petrol,2021,5450000,5450000,5450000,5450000,1
Mahindra,Montero 3rd gen,Jeep,Petrol,2001,10275000,10275000,10275000,10275000,2
Mahindra,Scorpio,Standard,Diesel,2003,3553000,3750000,1750000,4675000,5
Micro,2008,TM 6500A,Diesel,2008,4295000,4295000,4295000,4295000,1
Micro,2008,Tm6500A,Diesel,2008,4295000,4295000,4295000,4295000,1
Micro,Actyon,Standard,Diesel,2008,5180909,5200000,4875000,5700000,11
Micro,Actyon,Standard,Diesel,2009,4641667,4500000,4250000,5175000,3
Micro,Actyon,Standard,Diesel,2012,5497500,5497500,5495000,5500000,2
Micro,Almaz,Standard,Petrol,2022,12850000,12850000,12400000,13300000,2
Micro,Korando,C,Diesel,2014,6325000,6325000,6300000,6350000,2
Micro,Korando,Standard,Diesel,2011,24737500,24737500,5475000,44000000,2
Micro,Korando,Standard,Diesel,2012,5748182,5750000,4990000,6400000,11
Micro,Korando,Standard,Diesel,2013,5633333,5850000,5150000,5900000,3
Micro,Korando,Standard,Diesel,2014,7843750,7862500,7700000,7950000,4
Micro,Korando,Standard,Diesel,2015,7170000,7000000,6850000,7500000,5
Micro,Korando,Standard,Diesel,2016,7225000,7225000,6950000,7500000,2
Micro,Kyron,200XDI,Diesel,2008,5450000,5450000,5450000,5450000,1
Micro,Kyron,5 Forward,Diesel,2008,5140000,5150000,5075000,5175000,5
Micro,Kyron,Standard,Diesel,2007,5842500,5720000,5500000,6500000,6
Micro,Kyron,Standard,Diesel,2008,5247386,5387500,1200000,6400000,44
Micro,Kyron,Standard,Diesel,2009,5477381,5500000,5050000,5900000,21
Micro,Kyron,Standard,Diesel,2010,6266667,6175000,5750000,6850000,6
Micro,Kyron,Standard,Diesel,2011,6757500,7040000,5850000,7100000,4
Micro,Kyron,Standard,Petrol,2009,5500000,5500000,5500000,5500000,1
Micro,Rexton,G4,Diesel,2018,24000000,24000000,24000000,24000000,1
Micro,Rexton,Rexton,Diesel,2008,8450000,8450000,8450000,8450000,1
Micro,Rexton,Rexton,Diesel,2009,8875000,8875000,8875000,8875000,1
Micro,Rexton,Rexton Power Up,Diesel,2009,8275000,8275000,8275000,8275000,1
Micro,Rexton,Rexton PowerUp 2.7 TDI XVT HighestSpec,Diesel,2008,9550000,9450000,9450000,9750000,3
Micro,Rexton,Ssyangyong,Diesel,2009,7000000,7000000,7000000,7000000,1
Micro,Rexton,Standard,Diesel,2007,5821250,6925000,2485000,6950000,4
Micro,Rexton,Standard,Diesel,2008,7904250,8200000,6750000,8650000,40
Micro,Rexton,Standard,Diesel,2009,7543929,7325000,6290000,9650000,14
Micro,Rexton,Standard,Diesel,2011,11050000,11500000,8800000,11500000,6
Micro,Rexton,Standard,Diesel,2014,10355714,10500000,9800000,10950000,7
Micro,Rexton,Standard,Diesel,2015,11345588,11000000,9980000,12900000,17
Micro,Rexton,Standard,Diesel,2016,10522222,11000000,4500000,12500000,9
Micro,Rexton,Standard,Diesel,2017,11450000,11500000,10350000,13200000,11
Micro,Rexton,Standard,Diesel,2018,22500000,22500000,22500000,22500000,1
Micro,Rexton,Standard,Petrol,2008,8275000,8275000,8275000,8275000,1
Micro,Rexton,ZL,Petrol,2016,12490000,12490000,12490000,12490000,1
Micro,Tivoli,Ssangyong Korean,Petrol,2018,8000000,8000000,8000000,8000000,1
Micro,Tivoli,Standard,Diesel,2015,7850000,7850000,7850000,7850000,1
Micro,Tivoli,Standard,Diesel,2016,7375000,7487500,6675000,7850000,4
Micro,Tivoli,Standard,Diesel,2017,7770000,7770000,7650000,7890000,2
Micro,Tivoli,Standard,Petrol,2015,7166429,6975000,6800000,7600000,7
Micro,Tivoli,Standard,Petrol,2016,7268750,7225000,7000000,7750000,8
Micro,Tivoli,Standard,Petrol,2017,7870000,8000000,7450000,8100000,5
Micro,Tivoli,Standard,Petrol,2018,7500000,7500000,7500000,7500000,1
Mitsubishi,2008,Standard,Diesel,2008,8900000,8900000,5800000,12000000,2
Mitsubishi,4DR5,Standard,Diesel,1991,2675000,2675000,2675000,2675000,2
Mitsubishi,ASX,Standard,Petrol,2014,10620000,11500000,8475000,11775000,5
Mitsubishi,Airtrek,2.0 Rare Sport,Petrol,2007,6490000,6490000,6490000,6490000,2
Mitsubishi,Eclipse Cross,Exceed,Petrol,2020,15000000,15000000,15000000,15000000,1
Mitsubishi,Eclipse Cross,G Exceed,Petrol,2018,15200000,15200000,15200000,15200000,1
Mitsubishi,Eclipse Cross,G LIMITED,Petrol,2023,20250000,18500000,18500000,25500000,4
Mitsubishi,Eclipse Cross,Grade P,Petrol,2025,20800000,20800000,20800000,20800000,1
Mitsubishi,Eclipse Cross,Highest Spec,Petrol,2020,14500000,14500000,14500000,14500000,1
Mitsubishi,Eclipse Cross,Japan,Petrol,2018,13000000,13000000,13000000,13000000,1
Mitsubishi,Eclipse Cross,Japan Version,Petrol,2019,13275000,13275000,13275000,13275000,1
Mitsubishi,Eclipse Cross,Standard,Petrol,2018,13125571,13000000,11490000,15000000,35
Mitsubishi,Eclipse Cross,Standard,Petrol,2019,13711429,13490000,13000000,14500000,7
Mitsubishi,Eclipse Cross,Standard,Petrol,2020,15550000,15550000,15300000,15800000,2
Mitsubishi,Eclipse Cross,Standard,Petrol,2025,20000000,20000000,20000000,20000000,2
Mitsubishi,Montero 3rd gen,Exceed,Diesel,2000,14500000,14500000,14500000,14500000,1
Mitsubishi,Montero 3rd gen,Exceed,Petrol,2003,11250000,11250000,11250000,11250000,1
Mitsubishi,Montero 3rd gen,GDI,Petrol,2003,12500000,12500000,12500000,12500000,1
Mitsubishi,Montero 3rd gen,GLS,Diesel,2002,12600000,12600000,12600000,12600000,1
Mitsubishi,Montero 3rd gen,GLS V6,Petrol,2005,12800000,12800000,12800000,12800000,1
Mitsubishi,Montero 3rd gen,Montero,Petrol,2001,11500000,11500000,11500000,11500000,2
Mitsubishi,Montero 3rd gen,Standard,Diesel,1998,10675000,10675000,9500000,11850000,2
Mitsubishi,Montero 3rd gen,Standard,Diesel,1999,9466667,8600000,8600000,11200000,3
Mitsubishi,Montero 3rd gen,Standard,Diesel,2000,12783333,13000000,10600000,14500000,6
Mitsubishi,Montero 3rd gen,Standard,Diesel,2001,12440000,12800000,9650000,14800000,10
Mitsubishi,Montero 3rd gen,Standard,Diesel,2002,12183333,12675000,11200000,12675000,3
Mitsubishi,Montero 3rd gen,Standard,Diesel,2004,11900000,11900000,11900000,11900000,1
Mitsubishi,Montero 3rd gen,Standard,Diesel,2005,16500000,16500000,16500000,16500000,1
Mitsubishi,Montero 3rd gen,Standard,Diesel,2006,14691667,14450000,12500000,17500000,6
Mitsubishi,Montero 3rd gen,Standard,Petrol,1999,13000000,13000000,13000000,13000000,2
Mitsubishi,Montero 3rd gen,Standard,Petrol,2000,10746429,10750000,9400000,12600000,14
Mitsubishi,Montero 3rd gen,Standard,Petrol,2001,11233333,11400000,10800000,11500000,3
Mitsubishi,Montero 3rd gen,Standard,Petrol,2002,11091667,11250000,9500000,12100000,6
Mitsubishi,Montero 3rd gen,Standard,Petrol,2003,12295833,12000000,9900000,14500000,12
Mitsubishi,Montero 3rd gen,Standard,Petrol,2004,12933333,12650000,12650000,13500000,3
Mitsubishi,Montero 3rd gen,Standard,Petrol,2006,13105333,13250000,11680000,13750000,15
Mitsubishi,Montero 3rd gen,V6,Petrol,2000,10950000,10950000,10900000,11000000,2
Mitsubishi,Montero 3rd gen,V6,Petrol,2001,10850000,10850000,10200000,11500000,2
Mitsubishi,Montero 3rd gen,V6,Petrol,2003,12875000,12875000,11350000,14400000,2
Mitsubishi,Montero 3rd gen,V6,Petrol,2004,12095000,12095000,11890000,12300000,2
Mitsubishi,Montero 3rd gen,V6,Petrol,2006,12200000,12200000,12200000,12200000,1
Mitsubishi,Montero 3rd gen,V76 4m40,Diesel,2005,13800000,13800000,13800000,13800000,1
Mitsubishi,Montero 4th gen,4m41 Canter Spare Wheel,Diesel,2013,23850000,23850000,23850000,23850000,1
Mitsubishi,Montero 4th gen,CAA,Diesel,2013,23750000,23750000,23750000,23750000,1
Mitsubishi,Montero 4th gen,Canter SPARE WHEEL,Diesel,2013,21000000,21000000,21000000,21000000,1
Mitsubishi,Montero 4th gen,Canter Spare Wheel,Diesel,2010,18500000,18500000,18500000,18500000,1
Mitsubishi,Montero 4th gen,Canter Spare Wheel,Diesel,2013,19500000,19500000,19500000,19500000,1
Mitsubishi,Montero 4th gen,DID,Diesel,2017,26000000,26000000,26000000,26000000,1
Mitsubishi,Montero 4th gen,GL,Diesel,2017,28500000,28500000,28500000,28500000,1
Mitsubishi,Montero 4th gen,GLS,Diesel,2015,27000000,26750000,25000000,29500000,4
Mitsubishi,Montero 4th gen,GLS,Petrol,2007,16250000,16250000,16250000,16250000,1
Mitsubishi,Montero 4th gen,GLS,Petrol,2010,17950000,17950000,17950000,17950000,1
Mitsubishi,Montero 4th gen,GLX,Diesel,2013,19500000,19500000,19500000,19500000,2
Mitsubishi,Montero 4th gen,GLX,Diesel,2014,30000000,30000000,30000000,30000000,1
Mitsubishi,Montero 4th gen,GLX,Diesel,2015,26200000,26200000,26200000,26200000,1
Mitsubishi,Montero 4th gen,GLX,Petrol,2014,30000000,30000000,30000000,30000000,1
Mitsubishi,Montero 4th gen,Gls,Diesel,2015,29800000,29800000,29800000,29800000,1
Mitsubishi,Montero 4th gen,Standard,Diesel,2007,15933333,16050000,14000000,17200000,6
Mitsubishi,Montero 4th gen,Standard,Diesel,2008,18500000,18500000,18500000,18500000,1
Mitsubishi,Montero 4th gen,Standard,Diesel,2009,16875000,16875000,16875000,16875000,2
Mitsubishi,Montero 4th gen,Standard,Diesel,2010,18500000,18500000,18500000,18500000,2
Mitsubishi,Montero 4th gen,Standard,Diesel,2011,13250000,12300000,12300000,15150000,3
Mitsubishi,Montero 4th gen,Standard,Diesel,2012,14544000,14295000,13900000,16000000,10
Mitsubishi,Montero 4th gen,Standard,Diesel,2013,21832167,21887500,19500000,25500000,30
Mitsubishi,Montero 4th gen,Standard,Diesel,2014,22881250,24000000,16375000,26500000,8
Mitsubishi,Montero 4th gen,Standard,Diesel,2015,28304545,27400000,24000000,33500000,11
Mitsubishi,Montero 4th gen,Standard,Diesel,2017,36000000,36000000,36000000,36000000,1
Mitsubishi,Montero 4th gen,Standard,Petrol,2007,15840000,15750000,14590000,16950000,6
Mitsubishi,Montero 4th gen,Standard,Petrol,2008,15225000,15050000,14500000,16300000,4
Mitsubishi,Montero 4th gen,Standard,Petrol,2009,14500000,14500000,14500000,14500000,1
Mitsubishi,Montero 4th gen,Standard,Petrol,2010,17975000,17975000,17950000,18000000,2
Mitsubishi,Montero 4th gen,Standard,Petrol,2011,18000000,18000000,18000000,18000000,1
Mitsubishi,Montero 4th gen,Standard,Petrol,2012,2975000,2975000,2975000,2975000,1
Mitsubishi,Montero 4th gen,Standard,Petrol,2015,24500000,24500000,24500000,24500000,1
Mitsubishi,Montero 4th gen,Standard,Petrol,2017,29075000,29075000,28900000,29250000,2
Mitsubishi,Montero 4th gen,V6,Petrol,2007,17500000,17500000,17500000,17500000,1
Mitsubishi,Montero 4th gen,V6,Petrol,2008,17200000,17200000,17200000,17200000,1
Mitsubishi,Montero 4th gen,V78W,Diesel,2011,15600000,15600000,15600000,15600000,1
Mitsubishi,Montero 4th gen,V93,Petrol,2010,17900000,17900000,17900000,17900000,1
Mitsubishi,Montero 4th gen,V93 GLS,Petrol,2011,19300000,19300000,19300000,19300000,1
Mitsubishi,Montero 4th gen,V98,Diesel,2013,22783333,22300000,22300000,23750000,3
Mitsubishi,Montero Sport,2.5L Turbo,Petrol,2012,17475000,17475000,17475000,17475000,1
Mitsubishi,Montero Sport,Standard,Diesel,2008,9975000,10050000,9500000,10300000,4
Mitsubishi,Montero Sport,Standard,Diesel,2011,13836944,13500000,12700000,16150000,18
Mitsubishi,Montero Sport,Standard,Diesel,2012,14257766,13900000,12500000,16800000,47
Mitsubishi,Montero Sport,Standard,Petrol,2012,9175000,9175000,3500000,14850000,2
Mitsubishi,Outlander,07 Seater,Petrol,2014,13975000,13975000,13975000,13975000,2
Mitsubishi,Outlander,Highest Option G-Navi,Petrol,2013,12700000,12700000,12700000,12700000,1
Mitsubishi,Outlander,Hybrid,Hybrid,2015,12200000,12200000,12200000,12200000,1
Mitsubishi,Outlander,NAVI PREMIUM PHEV,Hybrid,2016,16750000,16950000,15950000,17450000,5
Mitsubishi,Outlander,Navi Premium Plus,Hybrid,2016,16250000,16250000,16250000,16250000,1
Mitsubishi,Outlander,PHEV,Electric,2015,11600000,11600000,11600000,11600000,1
Mitsubishi,Outlander,PHEV,Hybrid,2013,11800000,11800000,11800000,11800000,1
Mitsubishi,Outlander,PHEV,Hybrid,2014,12762500,12975000,12100000,13000000,4
Mitsubishi,Outlander,PHEV,Hybrid,2015,13490909,13800000,12200000,14600000,11
Mitsubishi,Outlander,PHEV,Petrol,2014,12450000,12450000,12450000,12450000,1
Mitsubishi,Outlander,PHEV G,Hybrid,2013,12100000,12100000,12100000,12100000,1
Mitsubishi,Outlander,PHEV NAVI PREMIUM,Hybrid,2016,16000000,16000000,16000000,16000000,1
Mitsubishi,Outlander,PHEV Navi Premium,Hybrid,2015,15600000,15600000,15600000,15600000,2
Mitsubishi,Outlander,PHEV Navi Premium Plus,Petrol,2016,15450000,15450000,15450000,15450000,1
Mitsubishi,Outlander,PHEV Premium,Hybrid,2015,13950000,13950000,13950000,13950000,1
Mitsubishi,Outlander,PHEV Premium,Petrol,2015,14800000,14800000,14800000,14800000,2
Mitsubishi,Outlander,Phev,Hybrid,2014,12000000,12000000,12000000,12000000,1
Mitsubishi,Outlander,Sport,Hybrid,2015,15200000,15200000,15200000,15200000,1
Mitsubishi,Outlander,Sport,Petrol,2007,7950000,7950000,7950000,7950000,1
Mitsubishi,Outlander,Sport,Petrol,2025,19733333,19500000,19000000,20700000,3
Mitsubishi,Outlander,Standard,Electric,2013,12250000,12250000,12250000,12250000,1
Mitsubishi,Outlander,Standard,Electric,2014,12875000,12875000,12875000,12875000,1
Mitsubishi,Outlander,Standard,Electric,2015,12000000,12000000,11500000,12500000,2
Mitsubishi,Outlander,Standard,Hybrid,2013,11543750,11587500,11000000,12000000,4
Mitsubishi,Outlander,Standard,Hybrid,2014,12236786,12225000,10650000,13500000,14
Mitsubishi,Outlander,Standard,Hybrid,2015,13890909,13875000,11300000,15650000,22
Mitsubishi,Outlander,Standard,Hybrid,2016,13962500,14175000,11500000,16000000,4
Mitsubishi,Outlander,Standard,Petrol,2003,4738333,4765000,3800000,5650000,3
Mitsubishi,Outlander,Standard,Petrol,2007,7150000,7150000,7150000,7150000,1
Mitsubishi,Outlander,Standard,Petrol,2010,8333333,8500000,8000000,8500000,3
Mitsubishi,Outlander,Standard,Petrol,2012,9772500,9800000,9690000,9800000,4
Mitsubishi,Outlander,Standard,Petrol,2013,11266667,11000000,10800000,12000000,3
Mitsubishi,Outlander,Standard,Petrol,2014,12233575,12500000,10600000,14550000,23
Mitsubishi,Outlander,Standard,Petrol,2015,13790789,13600000,12000000,15500000,19
Mitsubishi,Outlander,Standard,Petrol,2016,14166667,13800000,12500000,16200000,3
Mitsubishi,Outlander,XLS,Petrol,2003,4965000,4965000,4965000,4965000,2
Mitsubishi,Pajero,2.8,Diesel,1994,8700000,8700000,8700000,8700000,1
Mitsubishi,Pajero,2nd Gen,Diesel,1990,6475000,6475000,6200000,6750000,2
Mitsubishi,Pajero,2nd Gen,Diesel,1991,5750000,7250000,2500000,7500000,3
Mitsubishi,Pajero,2nd Gen,Diesel,1992,7590385,7650000,6800000,8275000,13
Mitsubishi,Pajero,2nd Gen,Diesel,1993,8100000,8075000,7300000,9000000,6
Mitsubishi,Pajero,2nd Gen,Diesel,1994,8678571,8950000,6000000,9800000,7
Mitsubishi,Pajero,2nd Gen,Diesel,1995,9875000,9850000,8800000,11000000,4
Mitsubishi,Pajero,2nd Gen,Diesel,1996,10112500,10112500,8975000,11250000,2
Mitsubishi,Pajero,2nd Gen,Diesel,1998,11850000,11850000,11850000,11850000,1
Mitsubishi,Pajero,2nd Gen,Diesel,1999,6300000,6300000,6300000,6300000,1
Mitsubishi,Pajero,2nd Gen,Petrol,1998,7925000,11000000,1775000,11000000,3
Mitsubishi,Pajero,2nd Gen,Petrol,1999,5400000,5400000,4900000,5900000,2
Mitsubishi,Pajero,3rd Gen,Diesel,2000,6250000,6250000,6250000,6250000,1
Mitsubishi,Pajero,3rd Gen,Petrol,2000,5019375,5512500,1500000,5875000,8
Mitsubishi,Pajero,3rd Gen,Petrol,2001,6200000,6265000,5985000,6350000,3
Mitsubishi,Pajero,3rd Gen,Petrol,2003,5175000,5050000,4850000,5750000,4
Mitsubishi,Pajero,4th Gen,Diesel,2013,25000000,25000000,25000000,25000000,2
Mitsubishi,Pajero,4th Gen,Petrol,2013,9650000,9650000,9650000,9650000,1
Mitsubishi,Pajero,GD1,Petrol,2000,5400000,5400000,5400000,5400000,1
Mitsubishi,Pajero,GDI,Petrol,2000,5650000,5650000,5650000,5650000,1
Mitsubishi,Pajero,GDI V75 W,Petrol,2003,15000000,15000000,15000000,15000000,1
Mitsubishi,Pajero,Intercooler,Diesel,1994,8900000,8750000,8450000,9500000,3
Mitsubishi,Pajero,Intercooler,Diesel,1995,9850000,9850000,9850000,9850000,1
Mitsubishi,Pajero,Intercooler Turbo,Diesel,1994,9500000,9500000,9500000,9500000,1
Mitsubishi,Pajero,Intercooler V46,Diesel,1994,8950000,8950000,8950000,8950000,1
Mitsubishi,Pajero,JR,Petrol,1996,3600000,3600000,3600000,3600000,1
Mitsubishi,Pajero,MK1,Diesel,1991,5600000,5600000,5600000,5600000,1
Mitsubishi,Pajero,TURBO INTERCOOLER 2.8L,Diesel,1995,8850000,8850000,8850000,8850000,1
Mitsubishi,Pajero,V34,Diesel,1992,9075000,9075000,8900000,9250000,2
Mitsubishi,Pajero Io,GDI,Petrol,2000,5350000,5350000,5350000,5350000,1
Mitsubishi,Pajero Io,GDI,Petrol,2005,5375000,5375000,5375000,5375000,1
Mitsubishi,Pajero Io,GDI IO,Petrol,2002,5700000,5700000,5700000,5700000,1
Mitsubishi,Pajero Io,GDI Io,Petrol,1999,5985000,5985000,5985000,5985000,1
Mitsubishi,Pajero Io,GDI Io,Petrol,2000,5985000,5985000,5985000,5985000,1
Mitsubishi,Pajero Io,GDI Io,Petrol,2001,6385000,6385000,6385000,6385000,1
Mitsubishi,Pajero Io,Standard,Petrol,1999,5725000,5650000,5275000,6250000,3
Mitsubishi,Pajero Io,Standard,Petrol,2000,5525000,5425000,4975000,6250000,12
Mitsubishi,Pajero Io,Standard,Petrol,2001,5200000,5200000,4800000,5600000,2
Mitsubishi,Pajero Io,Standard,Petrol,2002,5700000,5700000,5700000,5700000,1
Mitsubishi,Pajero Io,Standard,Petrol,2003,5500000,5500000,5350000,5650000,2
Mitsubishi,Pajero Io,Standard,Petrol,2005,5375000,5375000,5375000,5375000,2
Mitsubishi,Pajero Mini,JR,Petrol,1996,3831667,3850000,3795000,3850000,3
Mitsubishi,Unknown,Standard,Petrol,2001,5993333,6200000,5580000,6200000,3
Mitsubishi,Xpander,7 Seat,Petrol,2018,12500000,12500000,12500000,12500000,1
Mitsubishi,Xpander,7 Seats,Petrol,2018,12790000,12790000,12790000,12790000,1
Mitsubishi,Xpander,Cross,Petrol,2020,12900000,12900000,12900000,12900000,1
Mitsubishi,Xpander,Standard,Petrol,2018,12950556,13000000,11900000,13500000,9
Mitsubishi,Xpander,Standard,Petrol,2019,13333333,12900000,12900000,14200000,3
Mitsubishi,Xpander,Standard,Petrol,2020,13350000,13350000,13350000,13350000,1
Nissan,2008,GRX,Diesel,2008,21350000,21350000,20950000,21750000,4
Nissan,2008,GRX Y61 TB48,Petrol,2008,23500000,23500000,23500000,23500000,1
Nissan,2008,Standard,Petrol,2008,6833333,6750000,6750000,7000000,3
Nissan,Gravite,Standard,Petrol,2026,9900000,9900000,9500000,10300000,2
Nissan,Gravite,Tekna Ez- Shift,Petrol,2026,10050000,10050000,9850000,10250000,2
Nissan,Juke,Safety UK,Petrol,2020,12475000,12475000,12475000,12475000,2
Nissan,Juke,Standard,Petrol,2010,7016667,7200000,6300000,7550000,3
Nissan,Juke,Standard,Petrol,2012,7083333,6500000,6500000,8250000,3
Nissan,Juke,Standard,Petrol,2013,6767000,6800000,6650000,6850000,5
Nissan,Juke,Standard,Petrol,2014,7250000,7250000,7250000,7250000,2
Nissan,Juke,Standard,Petrol,2020,11200000,11500000,10500000,11600000,3
Nissan,Juke,Tekna,Petrol,2020,11950000,11950000,11950000,11950000,1
Nissan,MAGNITE,ACENTA EZ-SHIFT,Petrol,2025,8250000,8250000,8250000,8250000,1
Nissan,MAGNITE,Standard,Petrol,2025,8890000,8890000,8890000,8890000,2
Nissan,MAGNITE,TEKNA Plus AMT EZ Shift,Petrol,2025,8670000,8670000,8670000,8670000,2
Nissan,Magnite,ACENTA EZ SHIFT,Petrol,2026,7900000,7900000,7900000,7900000,1
Nissan,Magnite,ACENTA EZ-SHIFT,Petrol,2026,8550000,8650000,8350000,8650000,3
Nissan,Magnite,Acenta,Petrol,2025,8143333,8065000,8065000,8300000,3
Nissan,Magnite,Acenta,Petrol,2026,8350000,8350000,8350000,8350000,2
Nissan,Magnite,CVT TURBO BN,Petrol,2025,9350000,9350000,9350000,9350000,1
Nissan,Magnite,CVT Turbo,Petrol,2025,9800000,9800000,9800000,9800000,1
Nissan,Magnite,EZ Shift,Petrol,2025,8500000,8500000,8500000,8500000,1
Nissan,Magnite,EZ-SHIFT,Petrol,2026,8350000,8350000,8350000,8350000,1
Nissan,Magnite,EZ-SHIFT BN,Petrol,2026,8550000,8550000,8550000,8550000,1
Nissan,Magnite,KURO SPECIAL EDITION,Petrol,2026,9450000,9450000,9450000,9450000,1
Nissan,Magnite,Kuro Black Edition,Petrol,2026,9250000,9250000,9250000,9250000,1
Nissan,Magnite,N CONNECTA EZ-SHIFT,Petrol,2026,9250000,9250000,9250000,9250000,1
Nissan,Magnite,N-CONNECTA EZ-SHIFT,Petrol,2026,9350000,9350000,9250000,9450000,2
Nissan,Magnite,Standard,Petrol,2025,8628971,8695000,7650000,9250000,34
Nissan,Magnite,Standard,Petrol,2026,8937500,9125000,8000000,9500000,4
Nissan,Magnite,TEKNA EZ-SHIFT,Petrol,2026,9400000,9400000,9350000,9450000,2
Nissan,Magnite,TEKNA PLUS EZ-SHIFT,Petrol,2025,8971429,8950000,8850000,9200000,7
Nissan,Magnite,TEKNA PLUS EZ-SHIFT,Petrol,2026,8950000,8950000,8950000,8950000,1
Nissan,Magnite,TEKNA PLUS Ez Shift,Petrol,2025,8800000,8800000,8800000,8800000,1
Nissan,Magnite,Techna,Petrol,2026,9000000,9000000,9000000,9000000,1
Nissan,Magnite,Tekna,Petrol,2025,8935000,8935000,8870000,9000000,2
Nissan,Magnite,Tekna,Petrol,2026,9116667,9150000,8850000,9350000,3
Nissan,Magnite,Tekna Black,Petrol,2026,9350000,9350000,9350000,9350000,1
Nissan,Magnite,Tekna EZ-SHIFT,Petrol,2025,9450000,9450000,9450000,9450000,1
Nissan,Magnite,Tekna Plus,Petrol,2025,8851875,8850000,8475000,9300000,8
Nissan,Magnite,Tekna Plus,Petrol,2026,8900000,8900000,8900000,8900000,1
Nissan,Magnite,Tekna Plus AMT,Petrol,2025,8750000,8750000,8750000,8750000,1
Nissan,Magnite,Tekna Plus CVT,Petrol,2025,9750000,9750000,9750000,9750000,1
Nissan,Magnite,Tekna Plus CVT Turbo,Petrol,2025,9475000,9475000,9450000,9500000,2
Nissan,Magnite,Tekna Plus Ez-shift,Petrol,2025,9050000,9050000,9050000,9050000,1
Nissan,Magnite,Tekna Red,Petrol,2026,9350000,9350000,9350000,9350000,1
Nissan,Patrol,Standard,Diesel,2001,16500000,17000000,15500000,17000000,3
Nissan,Patrol,Standard,Diesel,2013,27433333,25000000,24800000,32500000,3
Nissan,Patrol,Standard,Diesel,2015,27950000,27950000,26000000,29900000,2
Nissan,Patrol,Standard,Petrol,2010,26500000,26500000,26500000,26500000,1
Nissan,Patrol,Y61,Diesel,2015,33166667,33500000,31000000,35000000,3
Nissan,Patrol,Y61 GRX 4x4,Petrol,2010,26500000,26500000,26500000,26500000,3
Nissan,Patrol,Y61 ZD30,Diesel,2015,31000000,31000000,31000000,31000000,1
Nissan,Patrol,Y61 ZD30 3 0L Turbo,Diesel,2015,31000000,31000000,31000000,31000000,1
Nissan,QASHQAI,TEKNA PLUS,Petrol,2019,14650000,14650000,14500000,14800000,6
Nissan,Qashqai,Standard,Petrol,2011,6318333,6290000,6290000,6375000,3
Nissan,Qashqai,Standard,Petrol,2018,12150000,12300000,10700000,13500000,9
Nissan,Qashqai,Standard,Petrol,2019,10000000,10000000,10000000,10000000,1
Nissan,Qashqai,TEKNA PLUS TURBO,Petrol,2018,12970000,12970000,12950000,12990000,2
Nissan,Qashqai,Tekna,Petrol,2018,12900000,12900000,12900000,12900000,1
Nissan,Qashqai,Tekna Plus,Petrol,2019,12000000,12000000,12000000,12000000,1
Nissan,X-Trail,4WD,Diesel,2013,9950000,9950000,9950000,9950000,1
Nissan,X-Trail,4WD,Hybrid,2016,12400000,12400000,12400000,12400000,1
Nissan,X-Trail,4Wd,Petrol,2001,4950000,4950000,4950000,4950000,1
Nissan,X-Trail,4X4,Petrol,2001,5600000,5600000,5600000,5600000,1
Nissan,X-Trail,E POWER,Hybrid,2024,28000000,28000000,28000000,28000000,2
Nissan,X-Trail,E-POWER,Hybrid,2025,27895000,27895000,27895000,27895000,2
Nissan,X-Trail,E-POWER Limited,Hybrid,2024,25995000,25995000,25995000,25995000,1
Nissan,X-Trail,E-Power G Grade,Hybrid,2024,26995000,26995000,26995000,26995000,1
Nissan,X-Trail,G E-4ORCE,Hybrid,2026,30550000,30550000,30550000,30550000,1
Nissan,X-Trail,HT32,Hybrid,2015,10400000,10400000,10400000,10400000,1
Nissan,X-Trail,Hybrid,Hybrid,2015,9200000,9200000,9200000,9200000,1
Nissan,X-Trail,Japan,Petrol,2001,5590000,5590000,5590000,5590000,1
Nissan,X-Trail,Mode Premier,Hybrid,2016,10320000,10320000,10250000,10390000,2
Nissan,X-Trail,Mode Premium,Hybrid,2016,11700000,11700000,11700000,11700000,1
Nissan,X-Trail,NT30,Petrol,2001,5675000,5675000,5675000,5675000,1
Nissan,X-Trail,Nt30,Petrol,2001,5500000,5500000,5500000,5500000,1
Nissan,X-Trail,PREMIUM,Hybrid,2015,9150000,9150000,9150000,9150000,1
Nissan,X-Trail,PREMIUM EDITION,Hybrid,2016,9475000,9475000,9475000,9475000,2
Nissan,X-Trail,Premiere,Hybrid,2016,9955000,10000000,9475000,10390000,3
Nissan,X-Trail,Premium,Hybrid,2016,9100000,9100000,9100000,9100000,1
Nissan,X-Trail,Standard,Diesel,2008,8125000,8125000,7750000,8500000,2
Nissan,X-Trail,Standard,Diesel,2012,10300000,10300000,9500000,11100000,2
Nissan,X-Trail,Standard,Diesel,2013,9975000,9975000,9950000,10000000,4
Nissan,X-Trail,Standard,Diesel,2014,9650000,9650000,9650000,9650000,1
Nissan,X-Trail,Standard,Electric,2024,25375000,25375000,25375000,25375000,1
Nissan,X-Trail,Standard,Hybrid,2015,9463000,9275000,8650000,10550000,30
Nissan,X-Trail,Standard,Hybrid,2016,10253125,9862500,8650000,12100000,40
Nissan,X-Trail,Standard,Hybrid,2017,11800000,11800000,11800000,11800000,1
Nissan,X-Trail,Standard,Hybrid,2025,27995000,27995000,27995000,27995000,2
Nissan,X-Trail,Standard,Hybrid,2026,30450000,30450000,30450000,30450000,1
Nissan,X-Trail,Standard,Petrol,2000,5775000,5775000,5775000,5775000,1
Nissan,X-Trail,Standard,Petrol,2001,5595385,5675000,4825000,5900000,13
Nissan,X-Trail,Standard,Petrol,2002,5296667,5250000,4750000,5890000,3
Nissan,X-Trail,Standard,Petrol,2003,5681429,5695000,5175000,6100000,7
Nissan,X-Trail,Standard,Petrol,2004,6837500,6400000,5850000,8700000,4
Nissan,X-Trail,Standard,Petrol,2005,6418750,6250000,5975000,7200000,4
Nissan,X-Trail,Standard,Petrol,2007,6818000,6575000,6450000,8000000,5
Nissan,X-Trail,Standard,Petrol,2008,7483333,6975000,6975000,8500000,3
Nissan,X-Trail,Standard,Petrol,2010,9500000,9500000,9500000,9500000,1
Nissan,X-Trail,Standard,Petrol,2011,8550000,8712500,6975000,9800000,4
Nissan,X-Trail,Standard,Petrol,2012,8475000,7837500,7725000,10500000,4
Nissan,X-Trail,Standard,Petrol,2013,8841250,8837500,7800000,9890000,4
Nissan,X-Trail,Standard,Petrol,2014,10550000,10775000,9200000,11800000,5
Nissan,X-Trail,Standard,Petrol,2015,9725000,9850000,8700000,11000000,17
Nissan,X-Trail,Standard,Petrol,2016,10188929,10892500,8000000,12000000,14
Nissan,X-Trail,Standard,Petrol,2017,13750000,13750000,13750000,13750000,1
Nissan,X-Trail,T30,Petrol,2000,5987500,5987500,5975000,6000000,2
Nissan,X-Trail,T30,Petrol,2002,5450000,5450000,5050000,5850000,2
Nissan,X-Trail,T30,Petrol,2003,5875000,5875000,5250000,6500000,2
Nissan,X-Trail,T30,Petrol,2004,5850000,5850000,5400000,6300000,2
Nissan,X-Trail,T30,Petrol,2005,6750000,6750000,6750000,6750000,1
Nissan,X-Trail,T30 4WD,Petrol,2001,5590000,5590000,5590000,5590000,1
Nissan,X-Trail,T31,Diesel,2012,7750000,7750000,7750000,7750000,1
Nissan,X-Trail,T31,Diesel,2013,9175000,9175000,8900000,9450000,2
Nissan,X-Trail,T31,Petrol,2007,8100000,8100000,8100000,8100000,1
Nissan,X-Trail,T31,Petrol,2008,8375000,8375000,8375000,8375000,1
Nissan,X-Trail,T31,Petrol,2010,8400000,8400000,8400000,8400000,1
Nissan,X-Trail,T31,Petrol,2011,7750000,7750000,7750000,7750000,1
Nissan,X-Trail,T31,Petrol,2013,8043333,7990000,7990000,8150000,3
Nissan,X-Trail,T31 4WD,Diesel,2013,9950000,9950000,9950000,9950000,1
Nissan,X-Trail,T32,Hybrid,2015,9975000,9975000,9975000,9975000,1
Nissan,X-Trail,T32,Petrol,2015,10500000,10500000,10500000,10500000,1
Nissan,X-Trail,T32,Petrol,2016,9650000,9650000,9650000,9650000,1
Peugeot,2008,Ss 2018,Petrol,2008,15500000,15500000,15500000,15500000,1
Peugeot,2008,Standard,Petrol,2008,9342500,7500000,1675000,22500000,10
Peugeot,3008,GT LINE,Petrol,2018,14433333,14900000,13500000,14900000,3
Peugeot,3008,GT Line,Petrol,2018,13372500,13350000,12600000,14190000,4
Peugeot,3008,GT Line,Petrol,2019,15341667,14800000,14300000,18150000,6
Peugeot,3008,GTLine,Petrol,2019,15500000,15500000,15500000,15500000,2
Peugeot,3008,Standard,Diesel,2016,10466667,9800000,9800000,11800000,3
Peugeot,3008,Standard,Hybrid,2019,12975000,12975000,12975000,12975000,1
Peugeot,3008,Standard,Petrol,2017,12550000,12550000,11600000,13500000,2
Peugeot,3008,Standard,Petrol,2018,13503571,13500000,12500000,14800000,21
Peugeot,3008,Standard,Petrol,2019,14188462,13850000,11850000,17000000,13
Peugeot,3008,Standard,Petrol,2020,16850000,16850000,15500000,18200000,2
Peugeot,5008,Allure,Petrol,2018,14600000,14600000,14600000,14600000,1
Peugeot,5008,GT LINE,Petrol,2019,14000000,14000000,14000000,14000000,1
Peugeot,5008,GT Line,Petrol,2018,15500000,15500000,15500000,15500000,1
Peugeot,5008,Standard,Petrol,2018,15707500,15750000,14000000,18000000,12
Peugeot,5008,Standard,Petrol,2019,15643750,15550000,12950000,18700000,8
Range-Rover,2008,HSE,Petrol,2008,25500000,25500000,25500000,25500000,1
Range-Rover,2008,HSEbiography,Petrol,2008,25500000,25500000,25500000,25500000,1
Range-Rover,2008,Standard,Diesel,2008,19000000,19000000,19000000,19000000,1
Range-Rover,Autobiography,Comfort Plus,Petrol,2019,76000000,76000000,76000000,76000000,1
Range-Rover,Autobiography,LWB COMFORT PLUS SIGNATURE,Petrol,2019,67000000,67000000,67000000,67000000,1
Range-Rover,Autobiography,LWB Comfort Plus,Petrol,2019,75900000,77500000,72500000,79500000,5
Range-Rover,Autobiography,P400e LWB,Hybrid,2019,69000000,69000000,69000000,69000000,1
Range-Rover,Autobiography,Standard,Hybrid,2019,53500000,53500000,53500000,53500000,1
Range-Rover,Autobiography,Standard,Petrol,2019,62000000,62000000,62000000,62000000,1
Range-Rover,Evoque,Standard,Diesel,2012,18600000,18600000,18600000,18600000,1
Range-Rover,Evoque,Standard,Diesel,2013,16861667,17200000,14900000,18000000,15
Range-Rover,Evoque,Standard,Hybrid,2013,13600000,13600000,13600000,13600000,1
Range-Rover,Evoque,Standard,Hybrid,2024,47500000,47500000,47500000,47500000,1
Range-Rover,Evoque,Standard,Petrol,2012,15500000,15500000,15500000,15500000,1
Range-Rover,Evoque,Standard,Petrol,2024,46000000,46000000,46000000,46000000,1
Range-Rover,Sport,HSE,Diesel,2018,45000000,45000000,42500000,47500000,2
Range-Rover,Sport,HSE,Petrol,2011,24000000,24000000,24000000,24000000,2
Range-Rover,Sport,P400,Petrol,2019,50000000,50000000,45000000,55000000,4
Range-Rover,Sport,Standard,Diesel,2012,29500000,29500000,29500000,29500000,2
Range-Rover,Sport,Standard,Diesel,2017,41000000,41000000,41000000,41000000,1
Range-Rover,Sport,Standard,Diesel,2018,42875000,43250000,40000000,45000000,4
Range-Rover,Sport,Standard,Diesel,2019,38000000,38000000,38000000,38000000,1
Range-Rover,Sport,Standard,Petrol,2017,42000000,42000000,42000000,42000000,1
Range-Rover,Sport,Standard,Petrol,2018,52500000,46500000,46500000,64500000,3
Range-Rover,V8,V8,Diesel,2014,60500000,60500000,59500000,61500000,2
Range-Rover,Vogue,LWB BIOGRAPHY,Petrol,2019,64500000,64500000,64500000,64500000,1
Range-Rover,Vogue,LWBbiography,Petrol,2019,66500000,66500000,66500000,66500000,1
Range-Rover,Vogue,P400E,Petrol,2019,53000000,53000000,53000000,53000000,1
Suzuki,2008,Standard,Petrol,2008,5387500,5387500,4975000,5800000,2
Suzuki,Fronx,Alpha,Hybrid,2025,5700000,5700000,5700000,5700000,1
Suzuki,Fronx,Alpha,Hybrid,2026,11533750,11547500,11390000,11650000,4
Suzuki,Fronx,Alpha,Petrol,2025,10390000,10390000,10390000,10390000,3
Suzuki,Fronx,Alpha,Petrol,2026,11157143,11200000,10900000,11350000,7
Suzuki,Fronx,Alpha 1L Grey,Petrol,2026,11100000,11100000,11100000,11100000,1
Suzuki,Fronx,Alpha 1L Turbo,Hybrid,2025,10500000,10500000,10500000,10500000,1
Suzuki,Fronx,Alpha AT,Petrol,2026,11250000,11250000,11250000,11250000,5
Suzuki,Fronx,Alpha DT,Hybrid,2026,11045000,11045000,11045000,11045000,1
Suzuki,Fronx,Alpha Dual Tone,Hybrid,2026,10750000,10750000,10750000,10750000,2
Suzuki,Fronx,Alpha Dual Tone,Petrol,2026,11300000,11300000,11300000,11300000,1
Suzuki,Fronx,Alpha Hybrid,Petrol,2026,11322500,11322500,11195000,11450000,2
Suzuki,Fronx,Alpha Smart Hybrid Personal Import,Hybrid,2026,11250000,11250000,11250000,11250000,1
Suzuki,Fronx,Alpha Turbo,Hybrid,2026,10833333,10800000,10700000,11000000,3
Suzuki,Fronx,Alpha Turbo,Petrol,2025,10600000,10600000,10600000,10600000,1
Suzuki,Fronx,Alpha Turbo Hybrid Version,Petrol,2026,11150000,11150000,11150000,11150000,2
Suzuki,Fronx,Standard,Hybrid,2025,10460714,10400000,10300000,10675000,7
Suzuki,Fronx,Standard,Hybrid,2026,11406667,11500000,10950000,11750000,6
Suzuki,Fronx,Standard,Petrol,2025,10480000,10450000,10100000,11000000,10
Suzuki,Fronx,Standard,Petrol,2026,11010455,10990000,10500000,11500000,11
Suzuki,Fronx,V Grade,Hybrid,2025,10925000,10925000,10925000,10925000,1
Suzuki,Gypsy,44,Petrol,1999,3150000,3150000,3150000,3150000,1
Suzuki,Gypsy,4wd,Petrol,1990,1675000,1675000,1675000,1675000,1
Suzuki,Gypsy,Standard,Diesel,1991,2550000,2550000,2550000,2550000,1
Suzuki,Gypsy,Standard,Petrol,1990,1975000,1975000,1975000,1975000,2
Suzuki,Gypsy,Standard,Petrol,1991,2283333,2050000,2050000,2750000,3
Suzuki,Gypsy,Standard,Petrol,1997,1925000,1925000,1925000,1925000,2
Suzuki,Gypsy,Standard,Petrol,1999,3046667,3095000,2950000,3095000,3
Suzuki,Jimny,Land Venture,Petrol,2015,6200000,6200000,6200000,6200000,1
Suzuki,Jimny,Land-Venture,Petrol,2015,6470000,6470000,6290000,6650000,2
Suzuki,Jimny,Land-Venture,Petrol,2017,6676667,6590000,6590000,6850000,3
Suzuki,Jimny,Standard,Petrol,2000,3975000,3975000,3550000,4400000,2
Suzuki,Jimny,Standard,Petrol,2002,4375000,4375000,4375000,4375000,2
Suzuki,Jimny,Standard,Petrol,2017,6650000,6650000,6650000,6650000,1
Suzuki,S Cross,Cross,Petrol,2017,8500000,8500000,8500000,8500000,2
Suzuki,S Cross,Cross,Petrol,2018,9360000,9500000,9000000,9800000,5
Suzuki,S Cross,Cross 10L Turbo,Petrol,2017,8650000,8650000,8650000,8650000,1
Suzuki,S Cross,Standard,Petrol,2017,9500000,9500000,9500000,9500000,1
Suzuki,S Cross,Standard,Petrol,2018,9800000,9800000,9800000,9800000,1
Suzuki,Vitara,2L VVT,Petrol,2013,8100000,8100000,8100000,8100000,1
Suzuki,Vitara,ESCUDO,Petrol,2003,5250000,5250000,5250000,5250000,2
Suzuki,Vitara,Escudo,Diesel,1997,4700000,4700000,4700000,4700000,1
Suzuki,Vitara,GRAND VITARA,Petrol,2008,7950000,7950000,7950000,7950000,1
Suzuki,Vitara,Grand Vitara,Petrol,2005,6500000,6500000,6500000,6500000,2
Suzuki,Vitara,Standard,Diesel,1997,4433333,4900000,3400000,5000000,3
Suzuki,Vitara,Standard,Diesel,1999,4750000,4750000,4150000,5350000,2
Suzuki,Vitara,Standard,Diesel,2000,4737500,4325000,4150000,6150000,4
Suzuki,Vitara,Standard,Diesel,2003,5500000,5500000,5000000,6000000,2
Suzuki,Vitara,Standard,Petrol,1996,3312500,3312500,2975000,3650000,2
Suzuki,Vitara,Standard,Petrol,1998,3708333,3575000,2750000,5000000,6
Suzuki,Vitara,Standard,Petrol,1999,4358333,4200000,4000000,4875000,3
Suzuki,Vitara,Standard,Petrol,2000,5200000,5200000,5200000,5200000,1
Suzuki,Vitara,Standard,Petrol,2001,5100000,5500000,4300000,5500000,3
Suzuki,Vitara,Standard,Petrol,2002,5833333,6000000,5500000,6000000,3
Suzuki,Vitara,Standard,Petrol,2003,5600000,5900000,4850000,6000000,7
Suzuki,Vitara,Standard,Petrol,2004,5170000,5170000,4690000,5650000,2
Suzuki,Vitara,Standard,Petrol,2005,6110000,6400000,4300000,7550000,5
Suzuki,Vitara,Standard,Petrol,2006,7285000,7250000,6500000,8200000,5
Suzuki,Vitara,Standard,Petrol,2007,7259375,7225000,6700000,7800000,8
Suzuki,Vitara,Standard,Petrol,2008,7565000,7565000,7565000,7565000,1
Suzuki,Vitara,Standard,Petrol,2012,7993000,7690000,7500000,8675000,5
Suzuki,Vitara,Standard,Petrol,2013,8291667,8400000,7700000,9000000,6
Suzuki,Vitara,Standard,Petrol,2014,8325000,8325000,8150000,8500000,4
Suzuki,Vitara,Standard,Petrol,2019,10444444,10500000,9500000,11275000,9
Suzuki,Vitara,UK,Petrol,2020,10900000,10900000,10900000,10900000,2
Suzuki,Xbee,HYBRID,Petrol,2025,11290000,11290000,11290000,11290000,1
Suzuki,Xbee,MZ,Hybrid,2024,10250000,10250000,10250000,10250000,1
Suzuki,Xbee,MZ,Petrol,2018,8500000,8500000,8500000,8500000,1
Suzuki,Xbee,MZ TURBO,Hybrid,2018,8025000,8025000,7975000,8075000,2
Suzuki,Xbee,MZ Turbo,Petrol,2024,10490000,10490000,10490000,10490000,1
Suzuki,Xbee,Standard,Hybrid,2018,8469444,8400000,8000000,8875000,9
Suzuki,Xbee,Standard,Hybrid,2019,8025000,8025000,8000000,8050000,2
Suzuki,Xbee,Standard,Hybrid,2023,10284000,10590000,9550000,11000000,5
Suzuki,Xbee,Standard,Hybrid,2024,10337500,10337500,10200000,10475000,2
Suzuki,Xbee,Standard,Petrol,2019,8350000,8350000,8350000,8350000,1
Suzuki,Xbee,Standard,Petrol,2023,10750000,10500000,10500000,11250000,3
Suzuki,Xbee,Standard,Petrol,2024,9683333,9500000,9350000,10200000,3
Suzuki,Xbee,Standard,Petrol,2025,11500000,11500000,11500000,11500000,1
Toyota,2008,120,Diesel,2008,16600000,16600000,16600000,16600000,1
Toyota,2008,120,Petrol,2008,17117500,16695000,15750000,19250000,8
Toyota,2008,120 TX,Diesel,2008,16000000,16000000,16000000,16000000,2
Toyota,2008,120 Tx,Petrol,2008,15990000,15990000,15990000,15990000,1
Toyota,2008,240G,Petrol,2008,9900000,9900000,9900000,9900000,1
Toyota,2008,400,Petrol,2008,10500000,10500000,10500000,10500000,2
Toyota,2008,Cruise Prado 120,Petrol,2008,19000000,19000000,19000000,19000000,1
Toyota,2008,E 4,Hybrid,2008,11500000,11500000,11500000,11500000,1
Toyota,2008,Emperor,Diesel,2008,9200000,9200000,9200000,9200000,1
Toyota,2008,Hybrid,Hybrid,2008,9200000,8900000,8900000,9800000,3
Toyota,2008,RX 400,Hybrid,2008,9950000,9950000,9950000,9950000,1
Toyota,2008,RX400H,Hybrid,2008,8200000,8200000,8200000,8200000,1
Toyota,2008,Standard,Diesel,2008,7950000,7850000,7850000,8150000,3
Toyota,2008,Standard,Hybrid,2008,9330000,9250000,9000000,9800000,5
Toyota,2008,Standard,Petrol,2008,11548077,8300000,6500000,19850000,13
Toyota,BZ4X,Z Grade Limited Spec,Electric,2024,28995000,28995000,28995000,28995000,2
Toyota,Box Prado,Box Prado,Diesel,1991,11833333,11500000,10800000,13200000,3
Toyota,Box Prado,Box Prado,Diesel,1995,24500000,24500000,24500000,24500000,2
Toyota,Box Prado,LJ79 Box Prado,Diesel,1991,10950000,10950000,9900000,12000000,2
Toyota,Box Prado,Prado,Diesel,1990,9062500,9062500,8975000,9150000,2
Toyota,Box Prado,Prado,Diesel,1995,14750000,14750000,14750000,14750000,1
Toyota,CHR,AWD GT TURBO,Petrol,2018,14590000,14590000,14590000,14590000,1
Toyota,CHR,Bruno Edition NGX 10,Petrol,2019,15000000,15000000,15000000,15000000,1
Toyota,CHR,CHR,Petrol,2019,15000000,15000000,15000000,15000000,1
Toyota,CHR,Eagle Eye NGX 10,Petrol,2019,14850000,14850000,14850000,14850000,1
Toyota,CHR,GT,Petrol,2017,12525000,12525000,12500000,12550000,2
Toyota,CHR,GT,Petrol,2018,13850000,13850000,13850000,13850000,1
Toyota,CHR,GT,Petrol,2020,13150000,13250000,12850000,13250000,4
Toyota,CHR,GT BOOST IMPULSE,Petrol,2017,12335000,12335000,12285000,12385000,2
Toyota,CHR,GT Boost Impulse,Petrol,2018,12850000,12850000,12850000,12850000,1
Toyota,CHR,GT EAGLE EYE NGX 10,Petrol,2020,14790000,14790000,14790000,14790000,1
Toyota,CHR,GT LED TURBO,Petrol,2018,12000000,12000000,12000000,12000000,1
Toyota,CHR,GT NGX 10,Petrol,2018,13850000,13850000,13850000,13850000,2
Toyota,CHR,GT NGX 10 Eagle Eye,Petrol,2019,13975000,13975000,13975000,13975000,1
Toyota,CHR,GT NGX 50,Petrol,2017,12000000,12000000,12000000,12000000,2
Toyota,CHR,GT NGX10,Petrol,2018,13750000,13750000,13750000,13750000,1
Toyota,CHR,GT TURBO,Petrol,2018,12925000,12925000,12650000,13200000,2
Toyota,CHR,GT Turbo,Petrol,2017,12440000,12475000,12250000,12600000,5
Toyota,CHR,GT Turbo,Petrol,2018,11900000,11900000,11900000,11900000,1
Toyota,CHR,GT Turbo,Petrol,2019,13875000,13875000,13875000,13875000,1
Toyota,CHR,Gt Turbo,Petrol,2018,13950000,13950000,13950000,13950000,1
Toyota,CHR,NGX 10,Hybrid,2020,16000000,16000000,16000000,16000000,1
Toyota,CHR,NGX 10,Petrol,2018,14011538,14200000,12950000,14475000,13
Toyota,CHR,NGX 10,Petrol,2019,14950000,14950000,13700000,16200000,3
Toyota,CHR,NGX 10,Petrol,2020,13650000,13650000,13650000,13650000,1
Toyota,CHR,NGX 10 Boost Impulse,Petrol,2018,13575000,13575000,13575000,13575000,1
Toyota,CHR,NGX 10 Bruno Safety GT Turbo,Petrol,2019,15675000,15675000,15675000,15675000,1
Toyota,CHR,NGX 10 GT Boost Impulse,Petrol,2018,14050000,14150000,13850000,14150000,3
Toyota,CHR,NGX 10 GT TURBO,Petrol,2018,13795000,13795000,13390000,14200000,2
Toyota,CHR,NGX 10 GT TURBO,Petrol,2019,14150000,14150000,14150000,14150000,1
Toyota,CHR,NGX 10 GT Turbo,Petrol,2018,13750000,13750000,13500000,14000000,2
Toyota,CHR,NGX 10 Nero,Petrol,2023,16800000,16800000,16800000,16800000,1
Toyota,CHR,NGX 10 Turbo,Petrol,2017,11475000,11475000,11475000,11475000,1
Toyota,CHR,NGX 102WD,Petrol,2018,14500000,14500000,14500000,14500000,1
Toyota,CHR,NGX 50,Petrol,2017,13655000,13775000,12900000,13950000,5
Toyota,CHR,NGX 50,Petrol,2018,12950000,12950000,12950000,12950000,2
Toyota,CHR,NGX 50 Turbo,Petrol,2018,13800000,13800000,13800000,13800000,1
Toyota,CHR,NGX 504WD,Petrol,2017,13400000,13400000,13400000,13400000,1
Toyota,CHR,NGX GT TURBO Bruno,Petrol,2018,13150000,13150000,13150000,13150000,1
Toyota,CHR,NGX10,Petrol,2018,13763636,13800000,12900000,14350000,11
Toyota,CHR,NGX10,Petrol,2019,13325000,13325000,13000000,13650000,2
Toyota,CHR,NGX10 Black Top,Petrol,2018,14250000,14250000,14250000,14250000,1
Toyota,CHR,NGX10 GT TURBO,Petrol,2020,13950000,13950000,13950000,13950000,1
Toyota,CHR,NGX10 TURBO,Petrol,2018,14100000,14100000,14100000,14100000,1
Toyota,CHR,NGX50,Petrol,2017,12390000,12200000,11950000,12950000,5
Toyota,CHR,NGX50,Petrol,2018,13963333,13800000,13590000,14500000,3
Toyota,CHR,NGX50 GT Turbo,Petrol,2017,13500000,13500000,13200000,13800000,2
Toyota,CHR,NGX50 GT Turbo,Petrol,2018,12500000,12500000,12500000,12500000,1
Toyota,CHR,NXG10,Petrol,2018,13500000,13500000,13500000,13500000,1
Toyota,CHR,Ngx,Petrol,2020,14890000,14890000,14890000,14890000,1
Toyota,CHR,Ngx 10,Petrol,2018,14200000,14200000,14200000,14200000,1
Toyota,CHR,Ngx 50,Petrol,2018,12980000,12980000,12980000,12980000,1
Toyota,CHR,Ngx10,Petrol,2018,13460000,13460000,13460000,13460000,1
Toyota,CHR,Ngx10,Petrol,2020,15700000,15700000,15700000,15700000,2
Toyota,CHR,Ngx10 GT Turbo,Petrol,2018,13800000,13800000,13800000,13800000,1
Toyota,CHR,Standard,Hybrid,2017,14100000,14100000,14100000,14100000,2
Toyota,CHR,Standard,Petrol,2016,12833333,13000000,11700000,13800000,3
Toyota,CHR,Standard,Petrol,2017,12804667,12825000,11500000,14000000,30
Toyota,CHR,Standard,Petrol,2018,13462373,13500000,11400000,14700000,59
Toyota,CHR,Standard,Petrol,2019,14590278,14750000,13650000,15375000,18
Toyota,CHR,Standard,Petrol,2020,14889167,14880000,13300000,15800000,12
Toyota,CHR,Standard,Petrol,2023,17100000,17000000,16800000,17700000,5
Toyota,CHR,TURBO,Petrol,2018,14250000,14250000,14250000,14250000,1
Toyota,CHR,Turbo,Petrol,2017,12500000,12500000,12500000,12500000,1
Toyota,CHR,Turbo,Petrol,2018,12350000,12350000,12350000,12350000,1
Toyota,CHR,hybrid,Hybrid,2017,13050000,13050000,13050000,13050000,2
Toyota,Cami,J122 CRYSTAL,Petrol,2001,4490000,4490000,4490000,4490000,2
Toyota,Cami,Standard,Petrol,1999,4237500,4225000,4000000,4500000,4
Toyota,Cami,Standard,Petrol,2000,4397500,4437500,4050000,4750000,8
Toyota,Cami,Standard,Petrol,2001,5475000,5475000,5475000,5475000,1
Toyota,Cami,Standard,Petrol,2002,4425000,4425000,4350000,4500000,2
Toyota,Fortuner,3 0 V Grade,Diesel,2013,16500000,16500000,16500000,16500000,1
Toyota,Fortuner,Standard,Diesel,2013,18532500,18650000,16000000,20000000,12
Toyota,Fortuner,Standard,Diesel,2014,18600000,18600000,18500000,18700000,2
Toyota,Fortuner,Standard,Diesel,2015,19187500,18750000,18750000,20500000,4
Toyota,Fortuner,Standard,Diesel,2017,30733333,31000000,26800000,32800000,6
Toyota,Fortuner,Standard,Petrol,2006,12100000,11800000,11000000,13500000,3
Toyota,Fortuner,Standard,Petrol,2010,13997500,13997500,13995000,14000000,2
Toyota,Fortuner,Standard,Petrol,2012,12500000,12500000,12200000,12800000,2
Toyota,Fortuner,Standard,Petrol,2014,15500000,15500000,15500000,15500000,1
Toyota,Fortuner,V Grade,Diesel,2013,15650000,15650000,15650000,15650000,1
Toyota,Harrier,240,Petrol,2007,9162500,9162500,8850000,9475000,2
Toyota,Harrier,240G,Petrol,2009,9700000,9700000,9700000,9700000,1
Toyota,Harrier,ACU30,Petrol,2006,8200000,8200000,8200000,8200000,1
Toyota,Harrier,Advance Premium,Petrol,2016,18900000,18900000,18900000,18900000,1
Toyota,Harrier,Advanced Premium,Petrol,2017,22200000,22200000,22200000,22200000,1
Toyota,Harrier,E4,Hybrid,2009,8875000,8875000,8875000,8875000,1
Toyota,Harrier,Elegance,Petrol,2017,18700000,18700000,18700000,18700000,1
Toyota,Harrier,G Sport,Petrol,2015,21000000,21000000,21000000,21000000,1
Toyota,Harrier,GS,Petrol,2017,20000000,20000000,20000000,20000000,1
Toyota,Harrier,Lexus,Petrol,2007,8975000,8975000,8975000,8975000,1
Toyota,Harrier,Standard,Diesel,1999,6350000,6350000,6350000,6350000,2
Toyota,Harrier,Standard,Hybrid,2009,8750000,8750000,8500000,9000000,2
Toyota,Harrier,Standard,Hybrid,2014,17596667,17800000,16990000,18000000,3
Toyota,Harrier,Standard,Hybrid,2015,19150000,18900000,18250000,20000000,5
Toyota,Harrier,Standard,Hybrid,2023,41000000,41000000,41000000,41000000,1
Toyota,Harrier,Standard,Petrol,1999,5491667,5350000,5100000,6000000,6
Toyota,Harrier,Standard,Petrol,2000,7400000,7400000,7400000,7400000,2
Toyota,Harrier,Standard,Petrol,2004,7500000,7500000,7500000,7500000,2
Toyota,Harrier,Standard,Petrol,2006,7500000,7500000,7500000,7500000,2
Toyota,Harrier,Standard,Petrol,2007,8203750,8170000,7975000,8500000,4
Toyota,Harrier,Standard,Petrol,2014,16300000,16000000,15500000,17400000,3
Toyota,Harrier,Standard,Petrol,2015,19000000,18000000,15750000,23000000,5
Toyota,Harrier,Standard,Petrol,2016,21080000,20500000,17500000,25500000,5
Toyota,Harrier,Standard,Petrol,2017,21637500,21500000,18550000,25000000,4
Toyota,Harrier,Standard,Petrol,2018,20900000,20900000,20800000,21000000,2
Toyota,Harrier,Standard,Petrol,2025,39500000,39500000,39500000,39500000,2
Toyota,Harrier,Z Leather,Petrol,2023,34000000,34000000,34000000,34000000,1
Toyota,Lexus,Harrier,Petrol,2007,8500000,8500000,8500000,8500000,4
Toyota,Prado,100 Series,Diesel,1999,17000000,17000000,17000000,17000000,1
Toyota,Prado,120,Diesel,2005,15400000,15400000,15400000,15400000,1
Toyota,Prado,120,Diesel,2006,19800000,19800000,19800000,19800000,1
Toyota,Prado,120,Diesel,2007,16106667,15970000,15500000,17000000,6
Toyota,Prado,120,Petrol,2002,11200000,11200000,11200000,11200000,2
Toyota,Prado,120,Petrol,2003,13421429,13750000,12200000,14700000,7
Toyota,Prado,120,Petrol,2004,12500000,12500000,12500000,12500000,2
Toyota,Prado,120,Petrol,2006,17600000,17600000,17600000,17600000,1
Toyota,Prado,120,Petrol,2007,18191667,18250000,16800000,19500000,6
Toyota,Prado,120 GX,Diesel,2007,16350000,16350000,16350000,16350000,1
Toyota,Prado,120 GX,Petrol,2003,13275000,13275000,12900000,13650000,2
Toyota,Prado,120 TX Limited,Petrol,2005,14500000,14500000,14500000,14500000,1
Toyota,Prado,120 TZ,Petrol,2007,16500000,16500000,16500000,16500000,1
Toyota,Prado,120 VX,Diesel,2005,18500000,18500000,18500000,18500000,1
Toyota,Prado,120 Vx,Diesel,2005,17000000,17000000,17000000,17000000,1
Toyota,Prado,120S,Petrol,2004,13990000,13990000,13990000,13990000,1
Toyota,Prado,150,Diesel,2010,23150000,23150000,22500000,23800000,2
Toyota,Prado,150,Diesel,2012,32000000,32000000,32000000,32000000,1
Toyota,Prado,150,Diesel,2013,35150000,35150000,35000000,35300000,2
Toyota,Prado,150,Diesel,2014,38175000,38175000,37500000,38850000,2
Toyota,Prado,150,Diesel,2015,37300000,38000000,29800000,42500000,5
Toyota,Prado,150,Diesel,2016,39500000,39500000,39500000,39500000,1
Toyota,Prado,150,Petrol,2010,23625000,23000000,22000000,26500000,4
Toyota,Prado,150,Petrol,2011,28255000,27537500,24200000,35000000,10
Toyota,Prado,150,Petrol,2012,33700000,33700000,33700000,33700000,1
Toyota,Prado,150,Petrol,2014,33000000,33000000,33000000,33000000,1
Toyota,Prado,150,Petrol,2015,36309000,35850000,32290000,43500000,10
Toyota,Prado,150,Petrol,2016,37100000,37100000,35200000,39000000,2
Toyota,Prado,150,Petrol,2017,40200000,40200000,37900000,42500000,2
Toyota,Prado,150,Petrol,2023,55700000,55700000,55700000,55700000,1
Toyota,Prado,150 1KD,Diesel,2015,33750000,33750000,33750000,33750000,1
Toyota,Prado,150 5 Wrd,Petrol,2014,32000000,32000000,32000000,32000000,1
Toyota,Prado,150 G FRONTIER,Petrol,2017,38500000,38500000,38500000,38500000,1
Toyota,Prado,150 G Frontier,Petrol,2017,41500000,41500000,41500000,41500000,1
Toyota,Prado,150 Japan,Petrol,2010,26500000,26500000,26500000,26500000,1
Toyota,Prado,150 Prado,Petrol,2023,53500000,53500000,53500000,53500000,1
Toyota,Prado,150 TX,Diesel,2012,30500000,30500000,30500000,30500000,1
Toyota,Prado,150 TX,Diesel,2014,43500000,43500000,43500000,43500000,1
Toyota,Prado,150 TX,Diesel,2015,38250000,35750000,35000000,46000000,5
Toyota,Prado,150 TX,Petrol,2011,27500000,27500000,27500000,27500000,1
Toyota,Prado,150 TX,Petrol,2014,33800000,33800000,33800000,33800000,1
Toyota,Prado,150 TX,Petrol,2015,38500000,38500000,38500000,38500000,1
Toyota,Prado,150 TX,Petrol,2023,52500000,52500000,52500000,52500000,1
Toyota,Prado,150 TX 6forward,Petrol,2015,34950000,34950000,34950000,34950000,1
Toyota,Prado,150 TXG Frontier,Petrol,2017,42500000,42500000,42500000,42500000,1
Toyota,Prado,150 Tx,Diesel,2012,30500000,30500000,30500000,30500000,2
Toyota,Prado,150 Tx,Diesel,2014,45000000,45000000,45000000,45000000,1
Toyota,Prado,150 Tx,Diesel,2015,43500000,43500000,43500000,43500000,1
Toyota,Prado,150 Tx,Petrol,2015,33900000,33900000,33900000,33900000,1
Toyota,Prado,150 Tx,Petrol,2025,57500000,57500000,57500000,57500000,1
Toyota,Prado,1KZ,Diesel,1999,11250000,11250000,11250000,11250000,1
Toyota,Prado,250,Petrol,2024,58650000,57600000,55900000,63500000,4
Toyota,Prado,250,Petrol,2025,57333333,57500000,56000000,58500000,3
Toyota,Prado,250 First Edition,Petrol,2024,55900000,55900000,55900000,55900000,1
Toyota,Prado,250 LC250 VX,Petrol,2026,62800000,62800000,62800000,62800000,1
Toyota,Prado,250 VX,Petrol,2024,56700000,56700000,56700000,56700000,1
Toyota,Prado,250 VX,Petrol,2025,62000000,61500000,59500000,65000000,3
Toyota,Prado,250 VX,Petrol,2026,63700000,63700000,63700000,63700000,1
Toyota,Prado,95,Diesel,1997,12072222,11600000,10000000,14500000,9
Toyota,Prado,95,Diesel,1998,10851667,11250000,9800000,12000000,9
Toyota,Prado,95,Diesel,1999,13600000,13600000,13600000,13600000,1
Toyota,Prado,95,Diesel,2000,11250000,11250000,10300000,12200000,2
Toyota,Prado,95,Petrol,2003,13500000,13500000,13500000,13500000,1
Toyota,Prado,95 Prado,Diesel,1998,10950000,10950000,10950000,10950000,1
Toyota,Prado,Frontier,Petrol,2017,39000000,39000000,39000000,39000000,1
Toyota,Prado,G Frontier,Petrol,2017,40000000,40000000,40000000,40000000,3
Toyota,Prado,I 150 LC 5,Diesel,2014,36590000,36590000,36590000,36590000,1
Toyota,Prado,J 95,Diesel,1998,10950000,10950000,10950000,10950000,1
Toyota,Prado,J95,Diesel,1996,10600000,10600000,10600000,10600000,1
Toyota,Prado,J95,Diesel,2000,12200000,12200000,12200000,12200000,2
Toyota,Prado,J95,Petrol,1996,12800000,12800000,12800000,12800000,1
Toyota,Prado,LC 250,Petrol,2024,56000000,56000000,56000000,56000000,1
Toyota,Prado,LC250 VX,Petrol,2024,58000000,58000000,58000000,58000000,1
Toyota,Prado,LC250 VX,Petrol,2025,62500000,62500000,62000000,63000000,2
Toyota,Prado,LC250 VX,Petrol,2026,62900000,62900000,62900000,62900000,1
Toyota,Prado,LJ79,Diesel,1991,12250000,12250000,12250000,12250000,1
Toyota,Prado,Prado,Diesel,1998,11100000,11100000,11100000,11100000,2
Toyota,Prado,Prado 120,Petrol,2007,13805556,13805556,11111111,16500000,2
Toyota,Prado,Standard,Diesel,1991,9275000,9275000,5000000,13550000,2
Toyota,Prado,Standard,Diesel,1996,10600000,10600000,10600000,10600000,1
Toyota,Prado,Standard,Diesel,1997,11978000,12250000,11000000,12800000,5
Toyota,Prado,Standard,Diesel,1998,11857143,11250000,10000000,14500000,7
Toyota,Prado,Standard,Diesel,2000,13500000,13500000,13500000,13500000,1
Toyota,Prado,Standard,Diesel,2004,13800000,13800000,13800000,13800000,1
Toyota,Prado,Standard,Diesel,2007,16475000,16475000,15950000,17000000,2
Toyota,Prado,Standard,Diesel,2011,32750000,32750000,25000000,40500000,2
Toyota,Prado,Standard,Diesel,2012,36875000,40000000,27500000,40000000,4
Toyota,Prado,Standard,Diesel,2013,30166667,30500000,24000000,35000000,6
Toyota,Prado,Standard,Diesel,2014,35454444,35500000,33500000,36590000,9
Toyota,Prado,Standard,Diesel,2015,36890909,37500000,29500000,40500000,11
Toyota,Prado,Standard,Diesel,2016,39000000,39000000,39000000,39000000,1
Toyota,Prado,Standard,Diesel,2017,45120000,39000000,38600000,63500000,5
Toyota,Prado,Standard,Diesel,2018,51000000,51000000,51000000,51000000,1
Toyota,Prado,Standard,Petrol,2003,12966667,12800000,11200000,14900000,3
Toyota,Prado,Standard,Petrol,2005,15500000,15500000,14500000,16500000,2
Toyota,Prado,Standard,Petrol,2006,15375000,15500000,15000000,15500000,4
Toyota,Prado,Standard,Petrol,2007,15950000,15950000,15950000,15950000,1
Toyota,Prado,Standard,Petrol,2010,27071429,27000000,23500000,30500000,7
Toyota,Prado,Standard,Petrol,2011,28150000,28150000,26800000,29500000,2
Toyota,Prado,Standard,Petrol,2012,33000000,32000000,32000000,35000000,3
Toyota,Prado,Standard,Petrol,2013,31150000,31150000,29800000,32500000,2
Toyota,Prado,Standard,Petrol,2014,34000000,32000000,30500000,39500000,3
Toyota,Prado,Standard,Petrol,2015,37294444,36250000,33000000,45000000,18
Toyota,Prado,Standard,Petrol,2016,36475000,36475000,36000000,36950000,2
Toyota,Prado,Standard,Petrol,2017,40723077,40000000,36500000,45500000,13
Toyota,Prado,Standard,Petrol,2018,42500000,42500000,42500000,42500000,1
Toyota,Prado,Standard,Petrol,2019,35250000,35250000,29500000,41000000,2
Toyota,Prado,Standard,Petrol,2023,53200000,53000000,52000000,54000000,5
Toyota,Prado,Standard,Petrol,2024,57600000,57500000,55600000,59700000,3
Toyota,Prado,Standard,Petrol,2025,60750000,60750000,59500000,62000000,2
Toyota,Prado,TRJ 150,Petrol,2012,29000000,29000000,29000000,29000000,2
Toyota,Prado,TRJ 150,Petrol,2023,53800000,53800000,53800000,53800000,1
Toyota,Prado,TRJ 150 TX,Petrol,2015,33900000,33900000,33900000,33900000,1
Toyota,Prado,TRJ 150 TX L,Petrol,2023,55000000,55000000,55000000,55000000,2
Toyota,Prado,TRJ 150 TXL,Petrol,2010,25000000,25000000,25000000,25000000,1
Toyota,Prado,TRJ 150 TXL,Petrol,2023,55500000,55500000,55500000,55500000,1
Toyota,Prado,TRJ120,Petrol,2006,13650000,13650000,13500000,13800000,2
Toyota,Prado,TRJ151 TZ G,Diesel,2016,43500000,43500000,43500000,43500000,1
Toyota,Prado,TX,Diesel,2015,40500000,40500000,40500000,40500000,1
Toyota,Prado,TX,Petrol,2017,40500000,41500000,38500000,41500000,3
Toyota,Prado,TX 150,Petrol,2012,27000000,27000000,27000000,27000000,1
Toyota,Prado,TX J150,Petrol,2018,42500000,42500000,42500000,42500000,1
Toyota,Prado,TX Prado 150,Petrol,2015,34250000,34250000,34250000,34250000,1
Toyota,Prado,TX150,Diesel,2015,37800000,37800000,37800000,37800000,1
Toyota,Prado,TX150 Brunocross,Petrol,2017,39700000,39700000,39700000,39700000,1
Toyota,Prado,TZ,Diesel,1997,13425000,13425000,13425000,13425000,1
Toyota,Prado,Tx 150,Petrol,2015,36000000,36000000,36000000,36000000,1
Toyota,Prado,Tx150,Petrol,2023,53500000,53500000,53500000,53500000,1
Toyota,Prado,VX,Diesel,2017,56500000,56500000,56500000,56500000,1
Toyota,Prado,VX,Diesel,2018,52500000,52500000,52500000,52500000,1
Toyota,RAV4,4WD,Petrol,2007,7150000,7150000,7150000,7150000,1
Toyota,RAV4,4x4,Petrol,2003,5885000,5885000,5885000,5885000,1
Toyota,RAV4,G Grade,Petrol,2013,9875000,9875000,9775000,9975000,2
Toyota,RAV4,L,Petrol,1998,3800000,3800000,3800000,3800000,1
Toyota,RAV4,LIMITED EDITION,Petrol,2004,6850000,6850000,6850000,6850000,2
Toyota,RAV4,Limited Edition,Petrol,2004,7150000,7150000,7150000,7150000,1
Toyota,RAV4,Standard,Diesel,1996,4200000,4200000,4200000,4200000,1
Toyota,RAV4,Standard,Petrol,1996,4070000,4070000,3875000,4265000,2
Toyota,RAV4,Standard,Petrol,1998,4560000,4375000,4250000,5275000,5
Toyota,RAV4,Standard,Petrol,1999,4083333,3975000,3725000,4550000,3
Toyota,RAV4,Standard,Petrol,2000,5503571,5600000,4850000,6600000,7
Toyota,RAV4,Standard,Petrol,2002,5800000,5850000,5500000,6300000,5
Toyota,RAV4,Standard,Petrol,2003,6050000,5850000,5800000,6500000,3
Toyota,RAV4,Standard,Petrol,2007,7935714,8000000,7350000,8750000,7
Toyota,RAV4,Standard,Petrol,2008,7712500,7725000,6975000,8500000,6
Toyota,RAV4,Standard,Petrol,2013,12570000,12570000,12570000,12570000,1
Toyota,Raize,1 2,Hybrid,2026,14950000,14950000,14950000,14950000,1
Toyota,Raize,1 2 L,Petrol,2025,13890000,13890000,13890000,13890000,2
Toyota,Raize,1 2L Blacktop,Hybrid,2025,13890000,13890000,13890000,13890000,1
Toyota,Raize,1 2L HYBRID,Hybrid,2024,13900000,13900000,13900000,13900000,1
Toyota,Raize,1 2L Hybrid Red,Hybrid,2025,13950000,13950000,13950000,13950000,1
Toyota,Raize,1 2L Z Grade Hybrid,Hybrid,2025,13825000,13825000,13800000,13850000,2
Toyota,Raize,1000,Petrol,2025,12975000,12975000,12975000,12975000,1
Toyota,Raize,1000cc 4WD Pre Order,Petrol,2026,13600000,13600000,13600000,13600000,1
Toyota,Raize,1200,Diesel,2023,12650000,12650000,12650000,12650000,1
Toyota,Raize,1200,Petrol,2023,12100000,12100000,12100000,12100000,1
Toyota,Raize,1200 Parking,Hybrid,2026,14875000,14875000,14875000,14875000,1
Toyota,Raize,1200 Z Hybrid,Hybrid,2026,14650000,14650000,14650000,14650000,1
Toyota,Raize,1200cc,Petrol,2024,13700000,13700000,13700000,13700000,1
Toyota,Raize,4WR,Petrol,2024,11800000,11800000,11800000,11800000,1
Toyota,Raize,A202A Z,Electric,2025,13300000,13300000,13300000,13300000,1
Toyota,Raize,BODYKIT,Hybrid,2026,15090000,15090000,15090000,15090000,1
Toyota,Raize,G,Petrol,2023,12212500,12212500,11450000,12975000,2
Toyota,Raize,G,Petrol,2024,11625000,11625000,11350000,11900000,2
Toyota,Raize,G,Petrol,2025,11200000,11200000,11200000,11200000,1
Toyota,Raize,G GRADE,Petrol,2024,11990000,11990000,11990000,11990000,1
Toyota,Raize,G Grade,Petrol,2023,11916667,11700000,11700000,12350000,3
Toyota,Raize,G Grade,Petrol,2024,12073750,12350000,11100000,12495000,4
Toyota,Raize,G Grade,Petrol,2025,11983333,11700000,11150000,13100000,3
Toyota,Raize,G Grade 1000cc 4WD,Petrol,2025,12190000,12190000,12190000,12190000,1
Toyota,Raize,G Grade JDM 1200Cc,Petrol,2022,11100000,11100000,11100000,11100000,2
Toyota,Raize,G Hybrid,Hybrid,2026,14175000,14175000,14175000,14175000,1
Toyota,Raize,G Premium,Petrol,2023,11975000,11975000,11975000,11975000,1
Toyota,Raize,Grade,Petrol,2025,12800000,12800000,12800000,12800000,1
Toyota,Raize,Grade Z 1000cc,Petrol,2025,12500000,12500000,12500000,12500000,1
Toyota,Raize,HYBRID,Hybrid,2025,13896667,14100000,13490000,14100000,3
Toyota,Raize,HYBRID,Hybrid,2026,14900000,14900000,14450000,15350000,2
Toyota,Raize,HYBRID Z,Hybrid,2026,14400000,14400000,14400000,14400000,2
Toyota,Raize,Hybrid,Hybrid,2025,14054000,14050000,13600000,14700000,10
Toyota,Raize,Hybrid,Hybrid,2026,14970000,15000000,14300000,15500000,7
Toyota,Raize,Hybrid,Petrol,2023,13500000,13500000,13500000,13500000,1
Toyota,Raize,Hybrid,Petrol,2026,14650000,14650000,14650000,14650000,1
Toyota,Raize,Hybrid 1 2cc,Hybrid,2026,14350000,14350000,14350000,14350000,1
Toyota,Raize,Hybrid 1200,Hybrid,2025,14300000,14300000,14300000,14300000,1
Toyota,Raize,Hybrid 4way,Hybrid,2025,13990000,13990000,13990000,13990000,1
Toyota,Raize,Hybrid BSM,Hybrid,2026,14300000,14300000,14300000,14300000,1
Toyota,Raize,Hybrid BSM Pre Orders,Hybrid,2026,14400000,14400000,14400000,14400000,1
Toyota,Raize,Hybrid Parking 1200,Hybrid,2026,14600000,14600000,14600000,14600000,1
Toyota,Raize,Hybrid Z,Hybrid,2025,14112500,14112500,14075000,14150000,2
Toyota,Raize,Hybrid Z,Hybrid,2026,14050000,13975000,13975000,14200000,3
Toyota,Raize,Hybrid Z 1200cc BSM,Hybrid,2026,14350000,14350000,14350000,14350000,1
Toyota,Raize,Hybrid Z BSM,Hybrid,2026,14750000,14750000,14750000,14750000,1
Toyota,Raize,Hybrid Z GRADE,Hybrid,2024,13550000,13550000,13550000,13550000,1
Toyota,Raize,Hybrid Z Grade,Hybrid,2024,13600000,13600000,13600000,13600000,1
Toyota,Raize,Hybrid Z With BSM,Hybrid,2025,13775000,13775000,13775000,13775000,1
Toyota,Raize,JDM,Petrol,2023,11800000,11800000,11800000,11800000,1
Toyota,Raize,Japan,Petrol,2020,10650000,10650000,10650000,10650000,1
Toyota,Raize,Japan,Petrol,2025,12400000,12400000,12400000,12400000,1
Toyota,Raize,Japan Z Grade,Petrol,2024,12390000,12390000,12390000,12390000,1
Toyota,Raize,Limited,Petrol,2024,12850000,12850000,12850000,12850000,2
Toyota,Raize,Personal Import,Petrol,2024,11900000,11900000,11900000,11900000,1
Toyota,Raize,Standard,Electric,2023,13500000,13500000,13500000,13500000,1
Toyota,Raize,Standard,Electric,2026,14400000,14400000,14400000,14400000,1
Toyota,Raize,Standard,Hybrid,2023,13535000,13675000,12750000,14100000,10
Toyota,Raize,Standard,Hybrid,2024,13632143,13655000,13050000,14600000,14
Toyota,Raize,Standard,Hybrid,2025,14255288,14267500,13000000,15750000,52
Toyota,Raize,Standard,Hybrid,2026,14601415,14500000,13800000,15500000,41
Toyota,Raize,Standard,Petrol,2019,11150000,11150000,10900000,11400000,2
Toyota,Raize,Standard,Petrol,2020,11120000,11150000,10350000,12000000,17
Toyota,Raize,Standard,Petrol,2022,12983333,13100000,12750000,13100000,3
Toyota,Raize,Standard,Petrol,2023,12106000,12000000,11200000,13700000,25
Toyota,Raize,Standard,Petrol,2024,12468200,12300000,11000000,14200000,25
Toyota,Raize,Standard,Petrol,2025,12549000,12300000,10950000,15600000,75
Toyota,Raize,Standard,Petrol,2026,14381250,14500000,12725000,15500000,8
Toyota,Raize,Turbo,Petrol,2020,10950000,10950000,10950000,10950000,1
Toyota,Raize,Turbo,Petrol,2025,11550000,11550000,11450000,11650000,2
Toyota,Raize,X,Petrol,2023,11025000,11025000,10950000,11100000,2
Toyota,Raize,X Grade,Petrol,2023,11650000,11650000,11650000,11650000,1
Toyota,Raize,X Grade,Petrol,2025,12100000,12100000,12100000,12100000,1
Toyota,Raize,X Navi Ready Japan,Petrol,2025,11775000,11775000,11775000,11775000,1
Toyota,Raize,Z,Hybrid,2023,13500000,13500000,13500000,13500000,1
Toyota,Raize,Z,Hybrid,2024,14100000,14100000,13800000,14400000,2
Toyota,Raize,Z,Hybrid,2025,14200000,14075000,13500000,15250000,11
Toyota,Raize,Z,Hybrid,2026,14549231,14500000,13700000,15050000,13
Toyota,Raize,Z,Petrol,2020,11500000,11500000,11500000,11500000,1
Toyota,Raize,Z,Petrol,2023,12391667,12475000,12100000,12600000,3
Toyota,Raize,Z,Petrol,2024,13010000,13010000,12345000,13675000,2
Toyota,Raize,Z,Petrol,2025,13775000,13775000,12975000,14575000,2
Toyota,Raize,Z,Petrol,2026,13233333,13450000,12600000,13650000,3
Toyota,Raize,Z 1 2,Hybrid,2026,14850000,14850000,14850000,14850000,1
Toyota,Raize,Z 1 2L BSM,Hybrid,2026,14550000,14550000,14550000,14550000,1
Toyota,Raize,Z 1000cc,Petrol,2026,13600000,13600000,13550000,13650000,2
Toyota,Raize,Z 1200,Petrol,2024,12980000,12980000,12980000,12980000,1
Toyota,Raize,Z 1200 Hybrid,Hybrid,2024,13675000,13675000,13675000,13675000,1
Toyota,Raize,Z 1200cc,Petrol,2024,12575000,12575000,12575000,12575000,1
Toyota,Raize,Z 1200cc Hybrid,Hybrid,2026,13600000,13600000,13600000,13600000,1
Toyota,Raize,Z 1200cc Hybrid BSM,Hybrid,2026,14175000,14175000,14175000,14175000,1
Toyota,Raize,Z 2WD,Petrol,2020,10700000,10700000,10700000,10700000,2
Toyota,Raize,Z A202A HV,Hybrid,2025,13700000,13700000,13700000,13700000,1
Toyota,Raize,Z Aero Sport,Petrol,2024,13600000,13600000,13600000,13600000,1
Toyota,Raize,Z BACK TOP,Petrol,2020,11150000,11150000,11150000,11150000,1
Toyota,Raize,Z BSM,Hybrid,2025,13970000,13970000,13950000,13990000,2
Toyota,Raize,Z BSM,Hybrid,2026,14495000,14495000,14390000,14600000,2
Toyota,Raize,Z BSM,Petrol,2020,11195000,11195000,11195000,11195000,1
Toyota,Raize,Z BSM,Petrol,2025,13750000,13750000,13750000,13750000,1
Toyota,Raize,Z BSM 4WAY,Petrol,2023,12390000,12390000,12390000,12390000,1
Toyota,Raize,Z GRADE,Petrol,2020,11550000,11550000,11550000,11550000,1
Toyota,Raize,Z GRADE 1200cc,Petrol,2024,12445000,12445000,12445000,12445000,1
Toyota,Raize,Z GRADE BSM,Hybrid,2026,14550000,14550000,14550000,14550000,1
Toyota,Raize,Z Grade,Hybrid,2024,13721429,13750000,13350000,13950000,7
Toyota,Raize,Z Grade,Hybrid,2025,13816667,13700000,13550000,14200000,3
Toyota,Raize,Z Grade,Hybrid,2026,14166818,14100000,13600000,15000000,11
Toyota,Raize,Z Grade,Petrol,2019,10737500,10737500,10375000,11100000,2
Toyota,Raize,Z Grade,Petrol,2020,10957500,10997500,10600000,11300000,6
Toyota,Raize,Z Grade,Petrol,2023,12583333,12650000,12300000,12800000,3
Toyota,Raize,Z Grade,Petrol,2024,12780000,13050000,11975000,13475000,5
Toyota,Raize,Z Grade,Petrol,2025,13162500,13195000,12200000,13800000,6
Toyota,Raize,Z Grade,Petrol,2026,14150000,14150000,14150000,14150000,1
Toyota,Raize,Z Grade 1 2cc,Petrol,2023,12925000,12925000,12925000,12925000,2
Toyota,Raize,Z Grade Apple 4 Way,Petrol,2025,13300000,13300000,13300000,13300000,1
Toyota,Raize,Z Grade BSM,Hybrid,2026,14190000,14190000,14190000,14190000,1
Toyota,Raize,Z Grade Body Kit,Hybrid,2026,15150000,15150000,15150000,15150000,1
Toyota,Raize,Z Grade Highest Specs,Petrol,2022,12800000,12800000,12800000,12800000,1
Toyota,Raize,Z Grade Hybrid,Hybrid,2025,14000000,14000000,14000000,14000000,1
Toyota,Raize,Z Grade Hybrid,Hybrid,2026,15016667,15100000,14450000,15500000,3
Toyota,Raize,Z Grade Hybrid A202A,Hybrid,2026,14250000,14250000,14250000,14250000,1
Toyota,Raize,Z Grade Japan,Petrol,2024,12550000,12550000,12550000,12550000,1
Toyota,Raize,Z Grade Turbo 2WD,Petrol,2025,11000000,11000000,11000000,11000000,1
Toyota,Raize,Z HYBRID,Hybrid,2025,14390000,14390000,13790000,14990000,2
Toyota,Raize,Z Highst GradeJapan,Petrol,2023,12200000,12200000,12200000,12200000,1
Toyota,Raize,Z Hybrid,Hybrid,2023,12750000,12750000,12750000,12750000,1
Toyota,Raize,Z Hybrid,Hybrid,2024,13812500,13812500,13750000,13875000,2
Toyota,Raize,Z Hybrid,Hybrid,2025,14354167,14387500,13900000,14775000,6
Toyota,Raize,Z Hybrid,Hybrid,2026,14542500,14350000,13900000,15300000,12
Toyota,Raize,Z Hybrid,Petrol,2026,14700000,14700000,14700000,14700000,2
Toyota,Raize,Z Hybrid 1200Cc,Hybrid,2026,14500000,14500000,14500000,14500000,1
Toyota,Raize,Z Hybrid 1200cc,Hybrid,2025,13550000,13550000,13550000,13550000,1
Toyota,Raize,Z Hybrid 4 Way Cam,Hybrid,2026,14375000,14375000,14375000,14375000,1
Toyota,Raize,Z Hybrid BSM,Hybrid,2025,13990000,13990000,13990000,13990000,1
Toyota,Raize,Z Hybrid BSM,Hybrid,2026,15320000,15320000,14990000,15650000,2
Toyota,Raize,Z Hybrid Bodykit BSM,Hybrid,2026,15100000,15100000,15100000,15100000,1
Toyota,Raize,Z Hybrid LED Body Kit,Hybrid,2026,15400000,15400000,15400000,15400000,1
Toyota,Raize,Z Hybridlista,Hybrid,2024,13950000,13950000,13950000,13950000,1
Toyota,Raize,Z Japan,Petrol,2023,11900000,11900000,11900000,11900000,1
Toyota,Raize,Z Japan,Petrol,2025,12490000,12490000,12490000,12490000,1
Toyota,Raize,Z PARKING BSM,Petrol,2020,11195000,11195000,11195000,11195000,1
Toyota,Raize,Z Parking,Hybrid,2026,15450000,15450000,15450000,15450000,1
Toyota,Raize,Z Parking BSM,Hybrid,2025,14600000,14600000,14350000,14850000,2
Toyota,Raize,Z Premium Hybrid,Hybrid,2026,14600000,14600000,14600000,14600000,1
Toyota,Raize,Z TURBO,Petrol,2026,13850000,13850000,13850000,13850000,1
Toyota,Raize,Z Turbo,Petrol,2025,13300000,13300000,13300000,13300000,1
Toyota,Rush,S Grade,Petrol,2020,14000000,14000000,14000000,14000000,1
Toyota,Rush,Standard,Hybrid,2018,11750000,11750000,11750000,11750000,1
Toyota,Rush,Standard,Petrol,2006,6650000,6650000,6650000,6650000,2
Toyota,Rush,Standard,Petrol,2007,6063000,6800000,4675000,7190000,5
Toyota,Rush,Standard,Petrol,2013,7945000,7945000,7200000,8690000,2
Toyota,Rush,Standard,Petrol,2018,12984615,13100000,12000000,14000000,13
Toyota,Rush,Standard,Petrol,2019,12536000,12290000,12050000,14000000,5
Toyota,Rush,Standard,Petrol,2020,13966667,14200000,13100000,14600000,3
Toyota,Rush,Standard,Petrol,2025,16223750,16150000,15490000,17000000,8
Toyota,S Cross,GR Sport,Hybrid,2023,16800000,16800000,16800000,16800000,1
Toyota,S Cross,GR Sport,Hybrid,2024,16795000,16795000,16795000,16795000,2
Toyota,S Cross,Hybrid Z,Hybrid,2025,17575000,17575000,17575000,17575000,1
Toyota,S Cross,Premium Luxury,Hybrid,2025,21000000,21000000,21000000,21000000,1
Toyota,S Cross,Standard,Hybrid,2023,15983333,15750000,15000000,17500000,6
Toyota,S Cross,Standard,Hybrid,2024,16600000,16575000,15800000,17450000,4
Toyota,S Cross,Standard,Hybrid,2025,17200000,17150000,17000000,17500000,4
Toyota,S Cross,Standard,Petrol,2023,15150000,15150000,15150000,15150000,1
Toyota,S Cross,Standard,Petrol,2024,15950000,15950000,15950000,15950000,1
Toyota,S Cross,Z,Hybrid,2023,15975000,15975000,15975000,15975000,1
Toyota,S Cross,Z,Hybrid,2025,17650000,17650000,17650000,17650000,1
Toyota,S Cross,Z Adventure,Hybrid,2024,16495000,16495000,16495000,16495000,1
Toyota,S Cross,Z Adventure,Hybrid,2025,16175000,16175000,16175000,16175000,1
Toyota,S Cross,Z Adventure Modified,Hybrid,2025,17550000,17550000,17550000,17550000,1
Toyota,S Cross,Z Grade,Hybrid,2023,15200000,15200000,15200000,15200000,3
Toyota,S Cross,Z Grade Hybrid,Hybrid,2023,15200000,15200000,15200000,15200000,2
Toyota,S Cross,Z Premium,Hybrid,2023,15500000,15500000,15500000,15500000,1
Toyota,Sahara,101,Diesel,2005,24200000,24200000,24200000,24200000,1
Toyota,Sahara,105,Diesel,2005,21000000,21000000,21000000,21000000,1
Toyota,Taisor,G,Petrol,2025,10900000,10900000,10900000,10900000,1
Toyota,Taisor,G,Petrol,2026,10886667,10800000,10785000,11075000,3
Toyota,Taisor,G Grade,Petrol,2026,10981250,10975000,10975000,11000000,4
Toyota,Taisor,Standard,Hybrid,2025,12200000,12200000,12200000,12200000,1
Toyota,Taisor,Standard,Hybrid,2026,11778000,11800000,11595000,12100000,5
Toyota,Taisor,Standard,Petrol,2025,11027778,11000000,10550000,11500000,9
Toyota,Taisor,Standard,Petrol,2026,11598205,11695000,10800000,12250000,39
Toyota,Taisor,URBAN CRUISER V GRADE,Petrol,2026,12200000,12200000,12200000,12200000,1
Toyota,Taisor,Urban Cruiser V Grade,Petrol,2026,11598333,11650000,11295000,11850000,3
Toyota,Taisor,V,Hybrid,2026,11650000,11650000,11600000,11700000,2
Toyota,Taisor,V,Petrol,2026,11865625,11950000,11490000,12085000,8
Toyota,Taisor,V G Grades,Petrol,2026,11275000,11275000,11275000,11275000,1
Toyota,Taisor,V GRADE,Petrol,2026,11632500,11720000,10990000,12100000,4
Toyota,Taisor,V GRADE REG FREE,Petrol,2026,11450000,11450000,11450000,11450000,1
Toyota,Taisor,V GRADE Sportin Red Rare Color,Petrol,2026,11900000,11900000,11900000,11900000,1
Toyota,Taisor,V GRADE URBAN CRUISER,Hybrid,2026,11575000,11575000,11575000,11575000,1
Toyota,Taisor,V Grade,Hybrid,2026,11525000,11525000,11500000,11550000,2
Toyota,Taisor,V Grade,Petrol,2026,11703750,11557500,11200000,12250000,20
Toyota,Taisor,V Grade Dual Tone,Petrol,2026,11700000,11700000,11700000,11700000,1
Toyota,Taisor,V Grade Highest Spec,Petrol,2026,11566667,11550000,11550000,11650000,6
Toyota,Taisor,V Grand Highest Spec,Petrol,2026,11550000,11550000,11550000,11550000,1
Toyota,Taisor,V HIGHEST SPEC,Petrol,2026,11500000,11500000,11500000,11500000,1
Toyota,Taisor,V Turbo,Petrol,2026,11550000,11550000,11550000,11550000,1
Toyota,Taisor,V Urban Cruiser,Petrol,2026,11631250,11562500,11550000,11850000,4
Toyota,Taisor,V grade,Petrol,2026,12500000,12500000,12500000,12500000,1
Toyota,V8,100,Diesel,1999,16850000,16850000,16850000,16850000,1
Toyota,V8,105,Diesel,2005,24000000,24000000,24000000,24000000,2
Toyota,V8,Cruise Sahara ZX V8,Petrol,2015,54500000,54500000,54500000,54500000,1
Toyota,V8,Cygnus,Petrol,2003,17000000,17000000,17000000,17000000,1
Toyota,V8,Cygnus,Petrol,2005,18000000,18000000,18000000,18000000,1
Toyota,V8,Cygnus,Petrol,2006,21000000,21000000,21000000,21000000,1
Toyota,V8,Cygnus UZJ100,Petrol,2000,13975000,13975000,13975000,13975000,1
Toyota,V8,KF No,Petrol,2006,21500000,21500000,21500000,21500000,3
Toyota,V8,Sahara 10 VX V8,Diesel,2003,20950000,20950000,20950000,20950000,1
Toyota,V8,Sahara 100,Diesel,1999,17250000,17250000,16500000,18000000,2
Toyota,V8,Sahara 100 VX V8,Diesel,2003,20000000,20000000,20000000,20000000,2
Toyota,V8,Sahara Cygnus V8,Petrol,2003,16500000,16500000,16500000,16500000,1
Toyota,V8,Sahara V8,Diesel,2011,41500000,41500000,41500000,41500000,1
Toyota,V8,Sahara V8,Diesel,2013,47166667,46500000,46500000,48500000,3
Toyota,V8,Sahara V8,Petrol,2011,36000000,36000000,36000000,36000000,3
Toyota,V8,Sahara V8 ZX Bruno Cross,Petrol,2015,48400000,48400000,48400000,48400000,1
Toyota,V8,Sahara V8 ZX Bruno Cross,Petrol,2016,48500000,48500000,48500000,48500000,1
Toyota,V8,Sahara V8 Zx Anniversary,Petrol,2011,37990000,37990000,37990000,37990000,1
Toyota,V8,Sahara ZX 60th Anniversary,Diesel,2011,35000000,35000000,35000000,35000000,1
Toyota,V8,Sahara ZX V8,Petrol,2010,34250000,34250000,34250000,34250000,1
Toyota,V8,Standard,Diesel,1999,30000000,30000000,30000000,30000000,3
Toyota,V8,Standard,Diesel,2005,21000000,21000000,18500000,23500000,2
Toyota,V8,Standard,Diesel,2013,48900000,49500000,47200000,50000000,3
Toyota,V8,Standard,Petrol,2011,40450000,40450000,38400000,42500000,2
Toyota,V8,Standard,Petrol,2015,48900000,48900000,48900000,48900000,1
Toyota,V8,Standard,Petrol,2016,53500000,53500000,53500000,53500000,1
Toyota,V8,V8,Diesel,2011,50000000,49500000,48500000,52500000,4
Toyota,V8,V8,Diesel,2013,46500000,46500000,46500000,46500000,1
Toyota,V8,V8,Petrol,2000,15600000,15600000,15600000,15600000,2
Toyota,V8,V8 202 ZX,Petrol,2011,37900000,37900000,37900000,37900000,1
Toyota,V8,V8 SAHARA,Petrol,2017,53000000,53000000,53000000,53000000,1
Toyota,V8,V8 Sahara Highest Spec,Diesel,2017,72000000,72000000,72000000,72000000,1
Toyota,V8,V8 Sahara ZX,Petrol,2010,33500000,33500000,33500000,33500000,1
Toyota,V8,V8 VX,Diesel,2013,46000000,46000000,46000000,46000000,1
Toyota,V8,V8 ZX,Petrol,2011,39875000,39875000,39875000,39875000,1
Toyota,V8,V8 ZX 60th Anniversary,Petrol,2011,46800000,46800000,46800000,46800000,2
Toyota,Vanguard,Standard,Petrol,2013,10850000,11000000,10000000,11550000,3
