source,model,price_lkr,brand,vram_gb,manufacturer,vendor,release_year,memory_size_mb,memory_type,buswidth_bits,gpu_clockspeed_mhz,memory_clockspeed_mhz,max_bandwidth_mb_s,process_size_nm,transistors_million,external_power,shader_cores_or_stream_processors,boost_clock_mhz,series_family,model_number,ti_variant,vram_gb_missing
Consolidated,GTX 960,20500.0,ZOTAC,2.0,NVIDIA,NVIDIA,2015.0,2048.0,GDDR5,128.0,928.0,1753.0,112.2,28.0,2.0,1x 6-pin,1024.0,1178.0,GTX,960.0,No,No
Consolidated,GTX 1070,44500.0,ZOTAC,8.0,NVIDIA,NVIDIA,2016.0,8192.0,GDDR5,256.0,928.0,2002.0,256.3,16.0,7.0,1x 8-pin,1920.0,1683.0,GTX,1070.0,No,No
Consolidated,GTX 1070 TI,43000.0,ZOTAC,8.0,NVIDIA,NVIDIA,2017.0,8192.0,GDDR5,256.0,928.0,2002.0,256.3,16.0,7.0,1x 8-pin,2432.0,1683.0,GTX,1070.0,Yes,No
Consolidated,RTX 2060 SUPER,80000.0,GALAX,8.0,NVIDIA,NVIDIA,2019.0,8192.0,GDDR6,256.0,928.0,1750.0,448.0,12.0,10.0,1x 8-pin,2176.0,1650.0,RTX,2060.0,No,No
Consolidated,GTX 1650,38500.0,ASUS,4.0,NVIDIA,NVIDIA,2019.0,4096.0,GDDR5,128.0,928.0,2001.0,128.1,12.0,4.0,Unknown,896.0,1665.0,GTX,1650.0,No,No
Consolidated,GTX 650 TI,8000.0,MSI,1.0,NVIDIA,NVIDIA,2012.0,1024.0,GDDR5,128.0,928.0,1350.0,86.4,28.0,2.0,1x 6-pin,768.0,1620.0,GTX,650.0,Yes,No
Consolidated,RTX 3070 TI,110500.0,GIGABYTE,8.0,NVIDIA,NVIDIA,2021.0,8192.0,GDDR6X,256.0,928.0,1188.0,608.3,8.0,17.0,1x 12-pin,6144.0,1770.0,RTX,3070.0,Yes,No
Consolidated,RX 5700 XT,51000.0,PALIT,8.0,AMD,AMD,2019.0,8192.0,GDDR6,256.0,928.0,1750.0,448.0,7.0,10.0,1x 6-pin + 1x 8-pin,2560.0,1905.0,RX,5700.0,No,No
Consolidated,GTX 1060,36500.0,GIGABYTE,6.0,NVIDIA,NVIDIA,2017.0,5120.0,GDDR5,160.0,928.0,2002.0,160.2,16.0,4.0,1x 6-pin,1280.0,1709.0,GTX,1060.0,No,No
Consolidated,RTX 2070,66000.0,GIGABYTE,8.0,NVIDIA,NVIDIA,2018.0,8192.0,GDDR6,256.0,928.0,1750.0,448.0,12.0,10.0,1x 8-pin,2304.0,1620.0,RTX,2070.0,No,No
Consolidated,RTX 3060,100500.0,ASUS,8.0,NVIDIA,NVIDIA,2022.0,8192.0,GDDR6,128.0,928.0,1875.0,240.0,8.0,12.0,1x 12-pin,3584.0,1777.0,RTX,3060.0,No,No
Consolidated,GTX 1050 TI,27000.0,MSI,4.0,NVIDIA,NVIDIA,2016.0,4096.0,GDDR5,128.0,928.0,1752.0,112.1,14.0,3.0,Unknown,768.0,1392.0,GTX,1050.0,Yes,No
Consolidated,RTX 3060 TI,105500.0,ASUS,8.0,NVIDIA,NVIDIA,2020.0,8192.0,GDDR6,256.0,928.0,1750.0,448.0,8.0,17.0,1x 12-pin,4864.0,1665.0,RTX,3060.0,Yes,No
Consolidated,GTX 1050,20500.0,MSI,4.0,NVIDIA,NVIDIA,2018.0,3072.0,GDDR5,96.0,928.0,1752.0,84.1,14.0,3.0,Unknown,768.0,1518.0,GTX,1050.0,No,No
Consolidated,GTX 950,20000.0,GALAX,4.0,NVIDIA,NVIDIA,2015.0,2048.0,GDDR5,128.0,928.0,1653.0,105.8,28.0,2.0,1x 6-pin,768.0,1188.0,GTX,950.0,No,No
Consolidated,RX 6600 XT,67500.0,ZOTAC,8.0,AMD,AMD,2021.0,8192.0,GDDR6,128.0,928.0,2000.0,256.0,7.0,11.0,1x 8-pin,2048.0,2589.0,RX,6600.0,No,No
Consolidated,RTX 2060,61000.0,ZOTAC,12.0,NVIDIA,NVIDIA,2021.0,12288.0,GDDR6,192.0,928.0,1750.0,336.0,12.0,10.0,1x 8-pin,2176.0,1650.0,RTX,2060.0,No,No
Consolidated,RX 6600 XT,69000.0,GIGABYTE,8.0,AMD,AMD,2021.0,8192.0,GDDR6,128.0,928.0,2000.0,256.0,7.0,11.0,1x 8-pin,2048.0,2589.0,RX,6600.0,No,No
Consolidated,RTX 3070,96000.0,GIGABYTE,8.0,NVIDIA,NVIDIA,2020.0,8192.0,GDDR6,256.0,928.0,1750.0,448.0,8.0,17.0,1x 12-pin,5888.0,1725.0,RTX,3070.0,No,No
Consolidated,GTX 1060,36000.0,ZOTAC,6.0,NVIDIA,NVIDIA,2017.0,5120.0,GDDR5,160.0,928.0,2002.0,160.2,16.0,4.0,1x 6-pin,1280.0,1709.0,GTX,1060.0,No,No
Consolidated,GTX 1050,20500.0,ZOTAC,4.0,NVIDIA,NVIDIA,2018.0,3072.0,GDDR5,96.0,928.0,1752.0,84.1,14.0,3.0,Unknown,768.0,1518.0,GTX,1050.0,No,No
Consolidated,GTX 660 TI,6500.0,MSI,2.0,NVIDIA,NVIDIA,2012.0,2048.0,GDDR5,192.0,928.0,1502.0,144.2,28.0,3.0,2x 6-pin,1344.0,980.0,GTX,660.0,Yes,No
Consolidated,RTX 3060,93000.0,GALAX,8.0,NVIDIA,NVIDIA,2022.0,8192.0,GDDR6,128.0,928.0,1875.0,240.0,8.0,12.0,1x 12-pin,3584.0,1777.0,RTX,3060.0,No,No
Consolidated,GTX 660 TI,5000.0,ASUS,2.0,NVIDIA,NVIDIA,2012.0,2048.0,GDDR5,192.0,928.0,1502.0,144.2,28.0,3.0,2x 6-pin,1344.0,980.0,GTX,660.0,Yes,No
Consolidated,GTX 1080 TI,62000.0,ZOTAC,11.0,NVIDIA,NVIDIA,2017.0,11264.0,GDDR5X,352.0,928.0,1376.0,484.4,16.0,11.0,1x 6-pin + 1x 8-pin,3584.0,1582.0,GTX,1080.0,Yes,No
Consolidated,GTX 550 TI,7000.0,ZOTAC,1.0,NVIDIA,NVIDIA,2011.0,1024.0,GDDR5,192.0,900.0,1026.0,98.5,40.0,1.0,1x 6-pin,192.0,1620.0,GTX,550.0,Yes,No
Consolidated,GTX 950,16500.0,ASUS,4.0,NVIDIA,NVIDIA,2015.0,2048.0,GDDR5,128.0,928.0,1653.0,105.8,28.0,2.0,1x 6-pin,768.0,1188.0,GTX,950.0,No,No
Consolidated,GTX 1080,53000.0,ASUS,8.0,NVIDIA,NVIDIA,2016.0,8192.0,GDDR5X,256.0,928.0,1251.0,320.3,16.0,7.0,1x 8-pin,2560.0,1733.0,GTX,1080.0,No,No
Consolidated,RX 460,14000.0,ZOTAC,4.0,AMD,AMD,2016.0,2048.0,GDDR5,128.0,928.0,1750.0,112.0,14.0,3.0,Unknown,896.0,1200.0,RX,460.0,No,No
Consolidated,GTX 760,14000.0,ASUS,1.0,NVIDIA,NVIDIA,2013.0,2048.0,GDDR5,256.0,928.0,1502.0,192.3,28.0,3.0,2x 6-pin,1152.0,1032.0,GTX,760.0,No,No
Consolidated,RTX 3060,88500.0,ZOTAC,6.0,NVIDIA,NVIDIA,2022.0,8192.0,GDDR6,128.0,928.0,1875.0,240.0,8.0,12.0,1x 12-pin,3584.0,1777.0,RTX,3060.0,No,No
Consolidated,RX 470,21500.0,ASUS,4.0,AMD,AMD,2016.0,4096.0,GDDR5,256.0,928.0,1650.0,211.2,14.0,5.0,1x 6-pin,2048.0,1206.0,RX,470.0,No,No
Consolidated,GTX 1070,50500.0,ASUS,8.0,NVIDIA,NVIDIA,2016.0,8192.0,GDDR5,256.0,928.0,2002.0,256.3,16.0,7.0,1x 8-pin,1920.0,1683.0,GTX,1070.0,No,No
Consolidated,GTX 1060,39000.0,ASUS,3.0,NVIDIA,NVIDIA,2017.0,5120.0,GDDR5,160.0,928.0,2002.0,160.2,16.0,4.0,1x 6-pin,1280.0,1709.0,GTX,1060.0,No,No
Consolidated,RX 560,18500.0,ZOTAC,6.0,AMD,AMD,2017.0,4096.0,GDDR5,128.0,928.0,1750.0,112.0,14.0,3.0,Unknown,1024.0,1275.0,RX,560.0,No,No
Consolidated,RX 5500 XT,3000.0,ASUS,4.0,AMD,AMD,2019.0,4096.0,GDDR6,128.0,928.0,1750.0,224.0,7.0,6.0,1x 8-pin,1408.0,1845.0,RX,5500.0,No,No
Consolidated,GTX 1070 TI,48000.0,GIGABYTE,8.0,NVIDIA,NVIDIA,2017.0,8192.0,GDDR5,256.0,928.0,2002.0,256.3,16.0,7.0,1x 8-pin,2432.0,1683.0,GTX,1070.0,Yes,No
Consolidated,GTX 1070,46000.0,ZOTAC,8.0,NVIDIA,NVIDIA,2016.0,8192.0,GDDR5,256.0,928.0,2002.0,256.3,16.0,7.0,1x 8-pin,1920.0,1683.0,GTX,1070.0,No,No
Consolidated,GTX 650 TI,9000.0,ASUS,1.0,NVIDIA,NVIDIA,2012.0,1024.0,GDDR5,128.0,928.0,1350.0,86.4,28.0,2.0,1x 6-pin,768.0,1620.0,GTX,650.0,Yes,No
Consolidated,RX 460,18000.0,MSI,2.0,AMD,AMD,2016.0,2048.0,GDDR5,128.0,928.0,1750.0,112.0,14.0,3.0,Unknown,896.0,1200.0,RX,460.0,No,No
Consolidated,GTX 1650 SUPER,40500.0,MSI,4.0,NVIDIA,NVIDIA,2019.0,4096.0,GDDR6,128.0,928.0,1500.0,192.0,12.0,6.0,1x 6-pin,1280.0,1725.0,GTX,1650.0,No,No
Consolidated,RX 6600 XT,78500.0,ZOTAC,8.0,AMD,AMD,2021.0,8192.0,GDDR6,128.0,928.0,2000.0,256.0,7.0,11.0,1x 8-pin,2048.0,2589.0,RX,6600.0,No,No
Consolidated,GTX 550 TI,7000.0,MSI,1.0,NVIDIA,NVIDIA,2011.0,1024.0,GDDR5,192.0,900.0,1026.0,98.5,40.0,1.0,1x 6-pin,192.0,1620.0,GTX,550.0,Yes,No
Consolidated,GTX 1660 TI,52500.0,ASUS,6.0,NVIDIA,NVIDIA,2019.0,6144.0,GDDR6,192.0,928.0,1500.0,288.0,12.0,6.0,1x 8-pin,1536.0,1770.0,GTX,1660.0,Yes,No
Consolidated,RTX 2060,59500.0,ASUS,12.0,NVIDIA,NVIDIA,2021.0,12288.0,GDDR6,192.0,928.0,1750.0,336.0,12.0,10.0,1x 8-pin,2176.0,1650.0,RTX,2060.0,No,No
Consolidated,GTX 1070,52000.0,ZOTAC,8.0,NVIDIA,NVIDIA,2016.0,8192.0,GDDR5,256.0,928.0,2002.0,256.3,16.0,7.0,1x 8-pin,1920.0,1683.0,GTX,1070.0,No,No
Consolidated,GTX 1060,31000.0,ASUS,3.0,NVIDIA,NVIDIA,2017.0,5120.0,GDDR5,160.0,928.0,2002.0,160.2,16.0,4.0,1x 6-pin,1280.0,1709.0,GTX,1060.0,No,No
Consolidated,GTX 980,35000.0,ASUS,8.0,NVIDIA,NVIDIA,2014.0,4096.0,GDDR5,256.0,928.0,1753.0,224.4,28.0,5.0,2x 6-pin,2048.0,1216.0,GTX,980.0,No,No
Consolidated,RX 5500 XT,3500.0,ZOTAC,4.0,AMD,AMD,2019.0,4096.0,GDDR6,128.0,928.0,1750.0,224.0,7.0,6.0,1x 8-pin,1408.0,1845.0,RX,5500.0,No,No
Consolidated,GTX 980,38000.0,MSI,8.0,NVIDIA,NVIDIA,2014.0,4096.0,GDDR5,256.0,928.0,1753.0,224.4,28.0,5.0,2x 6-pin,2048.0,1216.0,GTX,980.0,No,No
Consolidated,RX 6600,66000.0,ASUS,4.0,AMD,AMD,2021.0,8192.0,GDDR6,128.0,928.0,1750.0,224.0,7.0,11.0,1x 8-pin,1792.0,2491.0,RX,6600.0,No,No
Consolidated,GTX 1080 TI,74500.0,GIGABYTE,11.0,NVIDIA,NVIDIA,2017.0,11264.0,GDDR5X,352.0,928.0,1376.0,484.4,16.0,11.0,1x 6-pin + 1x 8-pin,3584.0,1582.0,GTX,1080.0,Yes,No
Consolidated,GTX 1650,38500.0,ASUS,4.0,NVIDIA,NVIDIA,2019.0,4096.0,GDDR5,128.0,928.0,2001.0,128.1,12.0,4.0,Unknown,896.0,1665.0,GTX,1650.0,No,No
Consolidated,RTX 3060 TI,109500.0,MSI,8.0,NVIDIA,NVIDIA,2020.0,8192.0,GDDR6,256.0,928.0,1750.0,448.0,8.0,17.0,1x 12-pin,4864.0,1665.0,RTX,3060.0,Yes,No
Consolidated,GTX 750 TI,12500.0,ZOTAC,2.0,NVIDIA,NVIDIA,2014.0,2048.0,GDDR5,128.0,928.0,1350.0,86.4,28.0,1.0,Unknown,640.0,1085.0,GTX,750.0,Yes,No
Consolidated,GTX 750,9500.0,GIGABYTE,2.0,NVIDIA,NVIDIA,2014.0,1024.0,GDDR5,128.0,928.0,1253.0,80.19,28.0,1.0,Unknown,512.0,1085.0,GTX,750.0,No,No
Consolidated,RTX 2070,70500.0,GIGABYTE,8.0,NVIDIA,NVIDIA,2018.0,8192.0,GDDR6,256.0,928.0,1750.0,448.0,12.0,10.0,1x 8-pin,2304.0,1620.0,RTX,2070.0,No,No
Consolidated,GTX 950,15000.0,ZOTAC,4.0,NVIDIA,NVIDIA,2015.0,2048.0,GDDR5,128.0,928.0,1653.0,105.8,28.0,2.0,1x 6-pin,768.0,1188.0,GTX,950.0,No,No
Consolidated,RTX 2060 SUPER,66500.0,GALAX,8.0,NVIDIA,NVIDIA,2019.0,8192.0,GDDR6,256.0,928.0,1750.0,448.0,12.0,10.0,1x 8-pin,2176.0,1650.0,RTX,2060.0,No,No
Consolidated,RX 470,18000.0,MSI,8.0,AMD,AMD,2016.0,4096.0,GDDR5,256.0,928.0,1650.0,211.2,14.0,5.0,1x 6-pin,2048.0,1206.0,RX,470.0,No,No
Consolidated,GTX 1650,33000.0,ASUS,4.0,NVIDIA,NVIDIA,2019.0,4096.0,GDDR5,128.0,928.0,2001.0,128.1,12.0,4.0,Unknown,896.0,1665.0,GTX,1650.0,No,No
Consolidated,GTX 1660 SUPER,50500.0,GALAX,6.0,NVIDIA,NVIDIA,2019.0,6144.0,GDDR6,192.0,928.0,1750.0,336.0,12.0,6.0,1x 8-pin,1408.0,1785.0,GTX,1660.0,No,No
Consolidated,RX 5600 XT,48500.0,PALIT,6.0,AMD,AMD,2020.0,6144.0,GDDR6,192.0,928.0,1500.0,288.0,7.0,10.0,1x 8-pin,2304.0,1560.0,RX,5600.0,No,No
Consolidated,GTX 760,13500.0,ZOTAC,1.5,NVIDIA,NVIDIA,2013.0,2048.0,GDDR5,256.0,928.0,1502.0,192.3,28.0,3.0,2x 6-pin,1152.0,1032.0,GTX,760.0,No,No
Consolidated,GTX 1070 TI,51500.0,ASUS,8.0,NVIDIA,NVIDIA,2017.0,8192.0,GDDR5,256.0,928.0,2002.0,256.3,16.0,7.0,1x 8-pin,2432.0,1683.0,GTX,1070.0,Yes,No
Consolidated,GTX 1080 TI,71000.0,GIGABYTE,11.0,NVIDIA,NVIDIA,2017.0,11264.0,GDDR5X,352.0,928.0,1376.0,484.4,16.0,11.0,1x 6-pin + 1x 8-pin,3584.0,1582.0,GTX,1080.0,Yes,No
Consolidated,RTX 2060,59500.0,PALIT,6.0,NVIDIA,NVIDIA,2021.0,12288.0,GDDR6,192.0,928.0,1750.0,336.0,12.0,10.0,1x 8-pin,2176.0,1650.0,RTX,2060.0,No,No
Consolidated,GTX 750,11500.0,PALIT,1.0,NVIDIA,NVIDIA,2014.0,1024.0,GDDR5,128.0,928.0,1253.0,80.19,28.0,1.0,Unknown,512.0,1085.0,GTX,750.0,No,No
Consolidated,GTX 660,10500.0,ZOTAC,0.5,NVIDIA,NVIDIA,2012.0,2048.0,GDDR5,192.0,928.0,1502.0,144.2,28.0,2.0,1x 6-pin,960.0,1032.0,GTX,660.0,No,No
Consolidated,GTX 660,11500.0,MSI,0.5,NVIDIA,NVIDIA,2012.0,2048.0,GDDR5,192.0,928.0,1502.0,144.2,28.0,2.0,1x 6-pin,960.0,1032.0,GTX,660.0,No,No
Consolidated,RX 5700 XT,56000.0,GIGABYTE,8.0,AMD,AMD,2019.0,8192.0,GDDR6,256.0,928.0,1750.0,448.0,7.0,10.0,1x 6-pin + 1x 8-pin,2560.0,1905.0,RX,5700.0,No,No
Consolidated,GTX 550 TI,7000.0,ASUS,1.0,NVIDIA,NVIDIA,2011.0,1024.0,GDDR5,192.0,900.0,1026.0,98.5,40.0,1.0,1x 6-pin,192.0,1620.0,GTX,550.0,Yes,No
Consolidated,RX 460,17500.0,ASUS,2.0,AMD,AMD,2016.0,2048.0,GDDR5,128.0,928.0,1750.0,112.0,14.0,3.0,Unknown,896.0,1200.0,RX,460.0,No,No
Consolidated,GTX 760,16000.0,ASUS,2.0,NVIDIA,NVIDIA,2013.0,2048.0,GDDR5,256.0,928.0,1502.0,192.3,28.0,3.0,2x 6-pin,1152.0,1032.0,GTX,760.0,No,No
Consolidated,RX 590,41000.0,ASUS,8.0,AMD,AMD,2018.0,8192.0,GDDR5,256.0,928.0,2000.0,256.0,12.0,5.0,1x 8-pin,2304.0,1545.0,RX,590.0,No,No
Consolidated,GTX 970,32000.0,PALIT,6.0,NVIDIA,NVIDIA,2014.0,4096.0,GDDR5,256.0,928.0,1753.0,224.4,28.0,5.0,2x 6-pin,1664.0,1178.0,GTX,970.0,No,No
Consolidated,GTX 1660 SUPER,54500.0,PALIT,6.0,NVIDIA,NVIDIA,2019.0,6144.0,GDDR6,192.0,928.0,1750.0,336.0,12.0,6.0,1x 8-pin,1408.0,1785.0,GTX,1660.0,No,No
Consolidated,GTX 1660 SUPER,58500.0,ZOTAC,6.0,NVIDIA,NVIDIA,2019.0,6144.0,GDDR6,192.0,928.0,1750.0,336.0,12.0,6.0,1x 8-pin,1408.0,1785.0,GTX,1660.0,No,No
Consolidated,GTX 660,13000.0,GALAX,1.5,NVIDIA,NVIDIA,2012.0,2048.0,GDDR5,192.0,928.0,1502.0,144.2,28.0,2.0,1x 6-pin,960.0,1032.0,GTX,660.0,No,No
Consolidated,GTX 980,29000.0,GALAX,6.0,NVIDIA,NVIDIA,2014.0,4096.0,GDDR5,256.0,928.0,1753.0,224.4,28.0,5.0,2x 6-pin,2048.0,1216.0,GTX,980.0,No,No
Consolidated,RTX 3060 TI,93500.0,GALAX,8.0,NVIDIA,NVIDIA,2020.0,8192.0,GDDR6,256.0,928.0,1750.0,448.0,8.0,17.0,1x 12-pin,4864.0,1665.0,RTX,3060.0,Yes,No
Consolidated,RX 5600 XT,52000.0,GIGABYTE,6.0,AMD,AMD,2020.0,6144.0,GDDR6,192.0,928.0,1500.0,288.0,7.0,10.0,1x 8-pin,2304.0,1560.0,RX,5600.0,No,No
Consolidated,GTX 1650 SUPER,40000.0,ZOTAC,4.0,NVIDIA,NVIDIA,2019.0,4096.0,GDDR6,128.0,928.0,1500.0,192.0,12.0,6.0,1x 6-pin,1280.0,1725.0,GTX,1650.0,No,No
Consolidated,GTX 1070,41000.0,GIGABYTE,8.0,NVIDIA,NVIDIA,2016.0,8192.0,GDDR5,256.0,928.0,2002.0,256.3,16.0,7.0,1x 8-pin,1920.0,1683.0,GTX,1070.0,No,No
Consolidated,GTX 1080,60500.0,GIGABYTE,8.0,NVIDIA,NVIDIA,2016.0,8192.0,GDDR5X,256.0,928.0,1251.0,320.3,16.0,7.0,1x 8-pin,2560.0,1733.0,GTX,1080.0,No,No
Consolidated,GTX 1080,56000.0,GALAX,8.0,NVIDIA,NVIDIA,2016.0,8192.0,GDDR5X,256.0,928.0,1251.0,320.3,16.0,7.0,1x 8-pin,2560.0,1733.0,GTX,1080.0,No,No
Consolidated,RX 6600,80500.0,MSI,4.0,AMD,AMD,2021.0,8192.0,GDDR6,128.0,928.0,1750.0,224.0,7.0,11.0,1x 8-pin,1792.0,2491.0,RX,6600.0,No,No
Consolidated,RTX 3070 TI,128000.0,MSI,8.0,NVIDIA,NVIDIA,2021.0,8192.0,GDDR6X,256.0,928.0,1188.0,608.3,8.0,17.0,1x 12-pin,6144.0,1770.0,RTX,3070.0,Yes,No
Consolidated,GTX 650 TI,8500.0,GIGABYTE,2.0,NVIDIA,NVIDIA,2012.0,1024.0,GDDR5,128.0,928.0,1350.0,86.4,28.0,2.0,1x 6-pin,768.0,1620.0,GTX,650.0,Yes,No
Consolidated,RX 590,42500.0,PALIT,8.0,AMD,AMD,2018.0,8192.0,GDDR5,256.0,928.0,2000.0,256.0,12.0,5.0,1x 8-pin,2304.0,1545.0,RX,590.0,No,No
Consolidated,GTX 550 TI,6500.0,GIGABYTE,1.0,NVIDIA,NVIDIA,2011.0,1024.0,GDDR5,192.0,900.0,1026.0,98.5,40.0,1.0,1x 6-pin,192.0,1620.0,GTX,550.0,Yes,No
Consolidated,GTX 970,29000.0,MSI,6.0,NVIDIA,NVIDIA,2014.0,4096.0,GDDR5,256.0,928.0,1753.0,224.4,28.0,5.0,2x 6-pin,1664.0,1178.0,GTX,970.0,No,No
Consolidated,GTX 1050,21500.0,MSI,4.0,NVIDIA,NVIDIA,2018.0,3072.0,GDDR5,96.0,928.0,1752.0,84.1,14.0,3.0,Unknown,768.0,1518.0,GTX,1050.0,No,No
Consolidated,GTX 650 TI,8500.0,GIGABYTE,1.0,NVIDIA,NVIDIA,2012.0,1024.0,GDDR5,128.0,928.0,1350.0,86.4,28.0,2.0,1x 6-pin,768.0,1620.0,GTX,650.0,Yes,No
Consolidated,RX 580,33500.0,GALAX,4.0,AMD,AMD,2017.0,8192.0,GDDR5,256.0,928.0,2000.0,256.0,14.0,5.0,1x 8-pin,2304.0,1340.0,RX,580.0,No,No
Consolidated,GTX 660 TI,6000.0,ASUS,2.0,NVIDIA,NVIDIA,2012.0,2048.0,GDDR5,192.0,928.0,1502.0,144.2,28.0,3.0,2x 6-pin,1344.0,980.0,GTX,660.0,Yes,No
Consolidated,GTX 550 TI,7500.0,GIGABYTE,1.0,NVIDIA,NVIDIA,2011.0,1024.0,GDDR5,192.0,900.0,1026.0,98.5,40.0,1.0,1x 6-pin,192.0,1620.0,GTX,550.0,Yes,No
Consolidated,GTX 1080,51000.0,ASUS,8.0,NVIDIA,NVIDIA,2016.0,8192.0,GDDR5X,256.0,928.0,1251.0,320.3,16.0,7.0,1x 8-pin,2560.0,1733.0,GTX,1080.0,No,No
Consolidated,RX 590,41000.0,ZOTAC,8.0,AMD,AMD,2018.0,8192.0,GDDR5,256.0,928.0,2000.0,256.0,12.0,5.0,1x 8-pin,2304.0,1545.0,RX,590.0,No,No
Consolidated,RX 5600 XT,52000.0,ZOTAC,6.0,AMD,AMD,2020.0,6144.0,GDDR6,192.0,928.0,1500.0,288.0,7.0,10.0,1x 8-pin,2304.0,1560.0,RX,5600.0,No,No
Consolidated,GTX 660 TI,6500.0,PALIT,2.0,NVIDIA,NVIDIA,2012.0,2048.0,GDDR5,192.0,928.0,1502.0,144.2,28.0,3.0,2x 6-pin,1344.0,980.0,GTX,660.0,Yes,No
Consolidated,GTX 650,6500.0,GIGABYTE,2.0,NVIDIA,NVIDIA,2013.0,1024.0,GDDR5,128.0,1058.0,1250.0,80.0,28.0,2.0,1x 6-pin,384.0,1620.0,GTX,650.0,No,No
Consolidated,GTX 1050,22500.0,ZOTAC,4.0,NVIDIA,NVIDIA,2018.0,3072.0,GDDR5,96.0,928.0,1752.0,84.1,14.0,3.0,Unknown,768.0,1518.0,GTX,1050.0,No,No
Consolidated,GTX 970,27000.0,GIGABYTE,4.0,NVIDIA,NVIDIA,2014.0,4096.0,GDDR5,256.0,928.0,1753.0,224.4,28.0,5.0,2x 6-pin,1664.0,1178.0,GTX,970.0,No,No
Consolidated,GTX 980,37500.0,GIGABYTE,6.0,NVIDIA,NVIDIA,2014.0,4096.0,GDDR5,256.0,928.0,1753.0,224.4,28.0,5.0,2x 6-pin,2048.0,1216.0,GTX,980.0,No,No
Consolidated,GTX 1080,56500.0,ASUS,8.0,NVIDIA,NVIDIA,2016.0,8192.0,GDDR5X,256.0,928.0,1251.0,320.3,16.0,7.0,1x 8-pin,2560.0,1733.0,GTX,1080.0,No,No
Consolidated,GTX 550 TI,7500.0,ASUS,1.0,NVIDIA,NVIDIA,2011.0,1024.0,GDDR5,192.0,900.0,1026.0,98.5,40.0,1.0,1x 6-pin,192.0,1620.0,GTX,550.0,Yes,No
Consolidated,GTX 1060,34500.0,MSI,3.0,NVIDIA,NVIDIA,2017.0,5120.0,GDDR5,160.0,928.0,2002.0,160.2,16.0,4.0,1x 6-pin,1280.0,1709.0,GTX,1060.0,No,No
Consolidated,GTX 650 TI,8000.0,ZOTAC,1.0,NVIDIA,NVIDIA,2012.0,1024.0,GDDR5,128.0,928.0,1350.0,86.4,28.0,2.0,1x 6-pin,768.0,1620.0,GTX,650.0,Yes,No
Consolidated,RTX 3060,105000.0,GIGABYTE,12.0,NVIDIA,NVIDIA,2022.0,8192.0,GDDR6,128.0,928.0,1875.0,240.0,8.0,12.0,1x 12-pin,3584.0,1777.0,RTX,3060.0,No,No
Consolidated,GTX 1050,25500.0,ZOTAC,4.0,NVIDIA,NVIDIA,2018.0,3072.0,GDDR5,96.0,928.0,1752.0,84.1,14.0,3.0,Unknown,768.0,1518.0,GTX,1050.0,No,No
Consolidated,GTX 980,29000.0,GIGABYTE,8.0,NVIDIA,NVIDIA,2014.0,4096.0,GDDR5,256.0,928.0,1753.0,224.4,28.0,5.0,2x 6-pin,2048.0,1216.0,GTX,980.0,No,No
Consolidated,RX 580,32500.0,ASUS,8.0,AMD,AMD,2017.0,8192.0,GDDR5,256.0,928.0,2000.0,256.0,14.0,5.0,1x 8-pin,2304.0,1340.0,RX,580.0,No,No
Consolidated,GTX 1650 SUPER,38000.0,GALAX,4.0,NVIDIA,NVIDIA,2019.0,4096.0,GDDR6,128.0,928.0,1500.0,192.0,12.0,6.0,1x 6-pin,1280.0,1725.0,GTX,1650.0,No,No
Consolidated,RTX 2060 SUPER,68000.0,GIGABYTE,8.0,NVIDIA,NVIDIA,2019.0,8192.0,GDDR6,256.0,928.0,1750.0,448.0,12.0,10.0,1x 8-pin,2176.0,1650.0,RTX,2060.0,No,No
Consolidated,GTX 970,25500.0,GALAX,6.0,NVIDIA,NVIDIA,2014.0,4096.0,GDDR5,256.0,928.0,1753.0,224.4,28.0,5.0,2x 6-pin,1664.0,1178.0,GTX,970.0,No,No
Consolidated,RX 6600 XT,71000.0,GALAX,8.0,AMD,AMD,2021.0,8192.0,GDDR6,128.0,928.0,2000.0,256.0,7.0,11.0,1x 8-pin,2048.0,2589.0,RX,6600.0,No,No
Consolidated,RTX 2070,81500.0,ASUS,8.0,NVIDIA,NVIDIA,2018.0,8192.0,GDDR6,256.0,928.0,1750.0,448.0,12.0,10.0,1x 8-pin,2304.0,1620.0,RTX,2070.0,No,No
Consolidated,GTX 1080,60000.0,ZOTAC,8.0,NVIDIA,NVIDIA,2016.0,8192.0,GDDR5X,256.0,928.0,1251.0,320.3,16.0,7.0,1x 8-pin,2560.0,1733.0,GTX,1080.0,No,No
Consolidated,GTX 980,31500.0,GALAX,4.0,NVIDIA,NVIDIA,2014.0,4096.0,GDDR5,256.0,928.0,1753.0,224.4,28.0,5.0,2x 6-pin,2048.0,1216.0,GTX,980.0,No,No
Consolidated,GTX 1070,48500.0,PALIT,8.0,NVIDIA,NVIDIA,2016.0,8192.0,GDDR5,256.0,928.0,2002.0,256.3,16.0,7.0,1x 8-pin,1920.0,1683.0,GTX,1070.0,No,No
Consolidated,GTX 970,31500.0,ASUS,4.0,NVIDIA,NVIDIA,2014.0,4096.0,GDDR5,256.0,928.0,1753.0,224.4,28.0,5.0,2x 6-pin,1664.0,1178.0,GTX,970.0,No,No
Consolidated,RX 470,20500.0,PALIT,8.0,AMD,AMD,2016.0,4096.0,GDDR5,256.0,928.0,1650.0,211.2,14.0,5.0,1x 6-pin,2048.0,1206.0,RX,470.0,No,No
Consolidated,RX 5600 XT,49000.0,ASUS,6.0,AMD,AMD,2020.0,6144.0,GDDR6,192.0,928.0,1500.0,288.0,7.0,10.0,1x 8-pin,2304.0,1560.0,RX,5600.0,No,No
Consolidated,GTX 950,17000.0,GALAX,2.0,NVIDIA,NVIDIA,2015.0,2048.0,GDDR5,128.0,928.0,1653.0,105.8,28.0,2.0,1x 6-pin,768.0,1188.0,GTX,950.0,No,No
Consolidated,RX 6600,77000.0,GIGABYTE,4.0,AMD,AMD,2021.0,8192.0,GDDR6,128.0,928.0,1750.0,224.0,7.0,11.0,1x 8-pin,1792.0,2491.0,RX,6600.0,No,No
Consolidated,RX 570,29500.0,MSI,4.0,AMD,AMD,2017.0,4096.0,GDDR5,256.0,928.0,1750.0,224.0,14.0,5.0,1x 6-pin,2048.0,1244.0,RX,570.0,No,No
Consolidated,RTX 2070,84000.0,ZOTAC,8.0,NVIDIA,NVIDIA,2018.0,8192.0,GDDR6,256.0,928.0,1750.0,448.0,12.0,10.0,1x 8-pin,2304.0,1620.0,RTX,2070.0,No,No
Consolidated,RX 590,34500.0,GIGABYTE,8.0,AMD,AMD,2018.0,8192.0,GDDR5,256.0,928.0,2000.0,256.0,12.0,5.0,1x 8-pin,2304.0,1545.0,RX,590.0,No,No
Consolidated,RX 580,40000.0,GIGABYTE,4.0,AMD,AMD,2017.0,8192.0,GDDR5,256.0,928.0,2000.0,256.0,14.0,5.0,1x 8-pin,2304.0,1340.0,RX,580.0,No,No
Consolidated,GTX 950,18500.0,ZOTAC,2.0,NVIDIA,NVIDIA,2015.0,2048.0,GDDR5,128.0,928.0,1653.0,105.8,28.0,2.0,1x 6-pin,768.0,1188.0,GTX,950.0,No,No
Consolidated,GTX 750,9500.0,ZOTAC,2.0,NVIDIA,NVIDIA,2014.0,1024.0,GDDR5,128.0,928.0,1253.0,80.19,28.0,1.0,Unknown,512.0,1085.0,GTX,750.0,No,No
Consolidated,RX 5500 XT,3000.0,ZOTAC,4.0,AMD,AMD,2019.0,4096.0,GDDR6,128.0,928.0,1750.0,224.0,7.0,6.0,1x 8-pin,1408.0,1845.0,RX,5500.0,No,No
Consolidated,RTX 2060,58000.0,GALAX,12.0,NVIDIA,NVIDIA,2021.0,12288.0,GDDR6,192.0,928.0,1750.0,336.0,12.0,10.0,1x 8-pin,2176.0,1650.0,RTX,2060.0,No,No
Consolidated,GTX 1050 TI,34500.0,MSI,4.0,NVIDIA,NVIDIA,2016.0,4096.0,GDDR5,128.0,928.0,1752.0,112.1,14.0,3.0,Unknown,768.0,1392.0,GTX,1050.0,Yes,No
Consolidated,GTX 1650,41000.0,PALIT,4.0,NVIDIA,NVIDIA,2019.0,4096.0,GDDR5,128.0,928.0,2001.0,128.1,12.0,4.0,Unknown,896.0,1665.0,GTX,1650.0,No,No
Consolidated,GTX 950,18000.0,ASUS,2.0,NVIDIA,NVIDIA,2015.0,2048.0,GDDR5,128.0,928.0,1653.0,105.8,28.0,2.0,1x 6-pin,768.0,1188.0,GTX,950.0,No,No
Consolidated,GTX 750 TI,13000.0,ASUS,2.0,NVIDIA,NVIDIA,2014.0,2048.0,GDDR5,128.0,928.0,1350.0,86.4,28.0,1.0,Unknown,640.0,1085.0,GTX,750.0,Yes,No
Consolidated,RX 6600,74500.0,GALAX,8.0,AMD,AMD,2021.0,8192.0,GDDR6,128.0,928.0,1750.0,224.0,7.0,11.0,1x 8-pin,1792.0,2491.0,RX,6600.0,No,No
Consolidated,RTX 3070 TI,130500.0,GIGABYTE,8.0,NVIDIA,NVIDIA,2021.0,8192.0,GDDR6X,256.0,928.0,1188.0,608.3,8.0,17.0,1x 12-pin,6144.0,1770.0,RTX,3070.0,Yes,No
Consolidated,GTX 1080 TI,63000.0,ASUS,11.0,NVIDIA,NVIDIA,2017.0,11264.0,GDDR5X,352.0,928.0,1376.0,484.4,16.0,11.0,1x 6-pin + 1x 8-pin,3584.0,1582.0,GTX,1080.0,Yes,No
Consolidated,GTX 980,38000.0,MSI,4.0,NVIDIA,NVIDIA,2014.0,4096.0,GDDR5,256.0,928.0,1753.0,224.4,28.0,5.0,2x 6-pin,2048.0,1216.0,GTX,980.0,No,No
Consolidated,RX 460,15000.0,GALAX,4.0,AMD,AMD,2016.0,2048.0,GDDR5,128.0,928.0,1750.0,112.0,14.0,3.0,Unknown,896.0,1200.0,RX,460.0,No,No
Consolidated,GTX 1650,35500.0,MSI,4.0,NVIDIA,NVIDIA,2019.0,4096.0,GDDR5,128.0,928.0,2001.0,128.1,12.0,4.0,Unknown,896.0,1665.0,GTX,1650.0,No,No
Consolidated,RTX 3060,106000.0,GALAX,8.0,NVIDIA,NVIDIA,2022.0,8192.0,GDDR6,128.0,928.0,1875.0,240.0,8.0,12.0,1x 12-pin,3584.0,1777.0,RTX,3060.0,No,No
Consolidated,RTX 2060 SUPER,65500.0,MSI,8.0,NVIDIA,NVIDIA,2019.0,8192.0,GDDR6,256.0,928.0,1750.0,448.0,12.0,10.0,1x 8-pin,2176.0,1650.0,RTX,2060.0,No,No
Consolidated,GTX 950,19000.0,PALIT,2.0,NVIDIA,NVIDIA,2015.0,2048.0,GDDR5,128.0,928.0,1653.0,105.8,28.0,2.0,1x 6-pin,768.0,1188.0,GTX,950.0,No,No
Consolidated,GTX 660 TI,5500.0,ZOTAC,2.0,NVIDIA,NVIDIA,2012.0,2048.0,GDDR5,192.0,928.0,1502.0,144.2,28.0,3.0,2x 6-pin,1344.0,980.0,GTX,660.0,Yes,No
Consolidated,GTX 550 TI,7000.0,ASUS,1.0,NVIDIA,NVIDIA,2011.0,1024.0,GDDR5,192.0,900.0,1026.0,98.5,40.0,1.0,1x 6-pin,192.0,1620.0,GTX,550.0,Yes,No
Consolidated,RX 580,36500.0,ZOTAC,8.0,AMD,AMD,2017.0,8192.0,GDDR5,256.0,928.0,2000.0,256.0,14.0,5.0,1x 8-pin,2304.0,1340.0,RX,580.0,No,No
Consolidated,GTX 1060,39500.0,GIGABYTE,3.0,NVIDIA,NVIDIA,2017.0,5120.0,GDDR5,160.0,928.0,2002.0,160.2,16.0,4.0,1x 6-pin,1280.0,1709.0,GTX,1060.0,No,No
Consolidated,GTX 750,9500.0,ASUS,2.0,NVIDIA,NVIDIA,2014.0,1024.0,GDDR5,128.0,928.0,1253.0,80.19,28.0,1.0,Unknown,512.0,1085.0,GTX,750.0,No,No
Consolidated,RTX 2070,68000.0,ASUS,8.0,NVIDIA,NVIDIA,2018.0,8192.0,GDDR6,256.0,928.0,1750.0,448.0,12.0,10.0,1x 8-pin,2304.0,1620.0,RTX,2070.0,No,No
Consolidated,RTX 2060 SUPER,65500.0,GIGABYTE,8.0,NVIDIA,NVIDIA,2019.0,8192.0,GDDR6,256.0,928.0,1750.0,448.0,12.0,10.0,1x 8-pin,2176.0,1650.0,RTX,2060.0,No,No
Consolidated,GTX 650 TI,7500.0,ASUS,2.0,NVIDIA,NVIDIA,2012.0,1024.0,GDDR5,128.0,928.0,1350.0,86.4,28.0,2.0,1x 6-pin,768.0,1620.0,GTX,650.0,Yes,No
Consolidated,GTX 1050,19500.0,ZOTAC,3.0,NVIDIA,NVIDIA,2018.0,3072.0,GDDR5,96.0,928.0,1752.0,84.1,14.0,3.0,Unknown,768.0,1518.0,GTX,1050.0,No,No
Consolidated,GTX 1650,35000.0,PALIT,4.0,NVIDIA,NVIDIA,2019.0,4096.0,GDDR5,128.0,928.0,2001.0,128.1,12.0,4.0,Unknown,896.0,1665.0,GTX,1650.0,No,No
Consolidated,GTX 1080,60500.0,ASUS,8.0,NVIDIA,NVIDIA,2016.0,8192.0,GDDR5X,256.0,928.0,1251.0,320.3,16.0,7.0,1x 8-pin,2560.0,1733.0,GTX,1080.0,No,No
Consolidated,GTX 660,13000.0,GIGABYTE,1.5,NVIDIA,NVIDIA,2012.0,2048.0,GDDR5,192.0,928.0,1502.0,144.2,28.0,2.0,1x 6-pin,960.0,1032.0,GTX,660.0,No,No
Consolidated,GTX 660 TI,7000.0,ZOTAC,2.0,NVIDIA,NVIDIA,2012.0,2048.0,GDDR5,192.0,928.0,1502.0,144.2,28.0,3.0,2x 6-pin,1344.0,980.0,GTX,660.0,Yes,No
Consolidated,GTX 650 TI,9000.0,GIGABYTE,2.0,NVIDIA,NVIDIA,2012.0,1024.0,GDDR5,128.0,928.0,1350.0,86.4,28.0,2.0,1x 6-pin,768.0,1620.0,GTX,650.0,Yes,No
Consolidated,RTX 3060,88500.0,GALAX,8.0,NVIDIA,NVIDIA,2022.0,8192.0,GDDR6,128.0,928.0,1875.0,240.0,8.0,12.0,1x 12-pin,3584.0,1777.0,RTX,3060.0,No,No
Consolidated,RTX 3060,94500.0,MSI,8.0,NVIDIA,NVIDIA,2022.0,8192.0,GDDR6,128.0,928.0,1875.0,240.0,8.0,12.0,1x 12-pin,3584.0,1777.0,RTX,3060.0,No,No
Consolidated,GTX 1660 TI,56500.0,GIGABYTE,6.0,NVIDIA,NVIDIA,2019.0,6144.0,GDDR6,192.0,928.0,1500.0,288.0,12.0,6.0,1x 8-pin,1536.0,1770.0,GTX,1660.0,Yes,No
Consolidated,RX 5700 XT,63000.0,GIGABYTE,8.0,AMD,AMD,2019.0,8192.0,GDDR6,256.0,928.0,1750.0,448.0,7.0,10.0,1x 6-pin + 1x 8-pin,2560.0,1905.0,RX,5700.0,No,No
Consolidated,RX 6600 XT,86000.0,MSI,8.0,AMD,AMD,2021.0,8192.0,GDDR6,128.0,928.0,2000.0,256.0,7.0,11.0,1x 8-pin,2048.0,2589.0,RX,6600.0,No,No
Consolidated,GTX 1650 SUPER,39000.0,ZOTAC,4.0,NVIDIA,NVIDIA,2019.0,4096.0,GDDR6,128.0,928.0,1500.0,192.0,12.0,6.0,1x 6-pin,1280.0,1725.0,GTX,1650.0,No,No
Consolidated,RX 580,37000.0,GIGABYTE,4.0,AMD,AMD,2017.0,8192.0,GDDR5,256.0,928.0,2000.0,256.0,14.0,5.0,1x 8-pin,2304.0,1340.0,RX,580.0,No,No
Consolidated,GTX 1650,34500.0,GIGABYTE,4.0,NVIDIA,NVIDIA,2019.0,4096.0,GDDR5,128.0,928.0,2001.0,128.1,12.0,4.0,Unknown,896.0,1665.0,GTX,1650.0,No,No
Consolidated,GTX 950,16500.0,PALIT,2.0,NVIDIA,NVIDIA,2015.0,2048.0,GDDR5,128.0,928.0,1653.0,105.8,28.0,2.0,1x 6-pin,768.0,1188.0,GTX,950.0,No,No
Consolidated,GTX 1070,52500.0,MSI,8.0,NVIDIA,NVIDIA,2016.0,8192.0,GDDR5,256.0,928.0,2002.0,256.3,16.0,7.0,1x 8-pin,1920.0,1683.0,GTX,1070.0,No,No
Consolidated,GTX 980,33000.0,GALAX,4.0,NVIDIA,NVIDIA,2014.0,4096.0,GDDR5,256.0,928.0,1753.0,224.4,28.0,5.0,2x 6-pin,2048.0,1216.0,GTX,980.0,No,No
Consolidated,RX 460,17500.0,PALIT,4.0,AMD,AMD,2016.0,2048.0,GDDR5,128.0,928.0,1750.0,112.0,14.0,3.0,Unknown,896.0,1200.0,RX,460.0,No,No
Consolidated,RX 560,14500.0,MSI,6.0,AMD,AMD,2017.0,4096.0,GDDR5,128.0,928.0,1750.0,112.0,14.0,3.0,Unknown,1024.0,1275.0,RX,560.0,No,No
Consolidated,GTX 650,7000.0,MSI,1.0,NVIDIA,NVIDIA,2013.0,1024.0,GDDR5,128.0,1058.0,1250.0,80.0,28.0,2.0,1x 6-pin,384.0,1620.0,GTX,650.0,No,No
Consolidated,GTX 650,8000.0,ASUS,2.0,NVIDIA,NVIDIA,2013.0,1024.0,GDDR5,128.0,1058.0,1250.0,80.0,28.0,2.0,1x 6-pin,384.0,1620.0,GTX,650.0,No,No
Consolidated,GTX 1650,32500.0,GIGABYTE,4.0,NVIDIA,NVIDIA,2019.0,4096.0,GDDR5,128.0,928.0,2001.0,128.1,12.0,4.0,Unknown,896.0,1665.0,GTX,1650.0,No,No
Consolidated,GTX 1080,46000.0,GALAX,8.0,NVIDIA,NVIDIA,2016.0,8192.0,GDDR5X,256.0,928.0,1251.0,320.3,16.0,7.0,1x 8-pin,2560.0,1733.0,GTX,1080.0,No,No
Consolidated,RX 6600 XT,79500.0,ZOTAC,8.0,AMD,AMD,2021.0,8192.0,GDDR6,128.0,928.0,2000.0,256.0,7.0,11.0,1x 8-pin,2048.0,2589.0,RX,6600.0,No,No
Consolidated,RX 5700 XT,57500.0,ZOTAC,8.0,AMD,AMD,2019.0,8192.0,GDDR6,256.0,928.0,1750.0,448.0,7.0,10.0,1x 6-pin + 1x 8-pin,2560.0,1905.0,RX,5700.0,No,No
Consolidated,GTX 1080,49500.0,ZOTAC,8.0,NVIDIA,NVIDIA,2016.0,8192.0,GDDR5X,256.0,928.0,1251.0,320.3,16.0,7.0,1x 8-pin,2560.0,1733.0,GTX,1080.0,No,No
Consolidated,RTX 3060,108000.0,ZOTAC,6.0,NVIDIA,NVIDIA,2022.0,8192.0,GDDR6,128.0,928.0,1875.0,240.0,8.0,12.0,1x 12-pin,3584.0,1777.0,RTX,3060.0,No,No
Consolidated,GTX 1650 SUPER,38500.0,PALIT,4.0,NVIDIA,NVIDIA,2019.0,4096.0,GDDR6,128.0,928.0,1500.0,192.0,12.0,6.0,1x 6-pin,1280.0,1725.0,GTX,1650.0,No,No
Consolidated,RX 590,41500.0,ZOTAC,8.0,AMD,AMD,2018.0,8192.0,GDDR5,256.0,928.0,2000.0,256.0,12.0,5.0,1x 8-pin,2304.0,1545.0,RX,590.0,No,No
Consolidated,GTX 750 TI,14000.0,MSI,2.0,NVIDIA,NVIDIA,2014.0,2048.0,GDDR5,128.0,928.0,1350.0,86.4,28.0,1.0,Unknown,640.0,1085.0,GTX,750.0,Yes,No
Consolidated,RTX 3070,97500.0,MSI,8.0,NVIDIA,NVIDIA,2020.0,8192.0,GDDR6,256.0,928.0,1750.0,448.0,8.0,17.0,1x 12-pin,5888.0,1725.0,RTX,3070.0,No,No
Consolidated,GTX 1660 TI,55000.0,GALAX,6.0,NVIDIA,NVIDIA,2019.0,6144.0,GDDR6,192.0,928.0,1500.0,288.0,12.0,6.0,1x 8-pin,1536.0,1770.0,GTX,1660.0,Yes,No
Consolidated,RX 570,30500.0,ASUS,8.0,AMD,AMD,2017.0,4096.0,GDDR5,256.0,928.0,1750.0,224.0,14.0,5.0,1x 6-pin,2048.0,1244.0,RX,570.0,No,No
Consolidated,GTX 1080,54000.0,GIGABYTE,8.0,NVIDIA,NVIDIA,2016.0,8192.0,GDDR5X,256.0,928.0,1251.0,320.3,16.0,7.0,1x 8-pin,2560.0,1733.0,GTX,1080.0,No,No
Consolidated,GTX 1070,43500.0,PALIT,8.0,NVIDIA,NVIDIA,2016.0,8192.0,GDDR5,256.0,928.0,2002.0,256.3,16.0,7.0,1x 8-pin,1920.0,1683.0,GTX,1070.0,No,No
Consolidated,GTX 950,19500.0,ZOTAC,4.0,NVIDIA,NVIDIA,2015.0,2048.0,GDDR5,128.0,928.0,1653.0,105.8,28.0,2.0,1x 6-pin,768.0,1188.0,GTX,950.0,No,No
Consolidated,GTX 1660 SUPER,56500.0,GIGABYTE,6.0,NVIDIA,NVIDIA,2019.0,6144.0,GDDR6,192.0,928.0,1750.0,336.0,12.0,6.0,1x 8-pin,1408.0,1785.0,GTX,1660.0,No,No
Consolidated,RX 580,39000.0,ZOTAC,4.0,AMD,AMD,2017.0,8192.0,GDDR5,256.0,928.0,2000.0,256.0,14.0,5.0,1x 8-pin,2304.0,1340.0,RX,580.0,No,No
Consolidated,GTX 1070,44000.0,ZOTAC,8.0,NVIDIA,NVIDIA,2016.0,8192.0,GDDR5,256.0,928.0,2002.0,256.3,16.0,7.0,1x 8-pin,1920.0,1683.0,GTX,1070.0,No,No
Consolidated,GTX 960,20500.0,ASUS,3.0,NVIDIA,NVIDIA,2015.0,2048.0,GDDR5,128.0,928.0,1753.0,112.2,28.0,2.0,1x 6-pin,1024.0,1178.0,GTX,960.0,No,No
Consolidated,GTX 660,12500.0,GIGABYTE,0.5,NVIDIA,NVIDIA,2012.0,2048.0,GDDR5,192.0,928.0,1502.0,144.2,28.0,2.0,1x 6-pin,960.0,1032.0,GTX,660.0,No,No
Consolidated,GTX 1650,36000.0,GIGABYTE,4.0,NVIDIA,NVIDIA,2019.0,4096.0,GDDR5,128.0,928.0,2001.0,128.1,12.0,4.0,Unknown,896.0,1665.0,GTX,1650.0,No,No
Consolidated,GTX 1660 SUPER,55500.0,ZOTAC,6.0,NVIDIA,NVIDIA,2019.0,6144.0,GDDR6,192.0,928.0,1750.0,336.0,12.0,6.0,1x 8-pin,1408.0,1785.0,GTX,1660.0,No,No
Consolidated,GTX 760,16500.0,GIGABYTE,1.0,NVIDIA,NVIDIA,2013.0,2048.0,GDDR5,256.0,928.0,1502.0,192.3,28.0,3.0,2x 6-pin,1152.0,1032.0,GTX,760.0,No,No
Consolidated,RTX 2060 SUPER,71500.0,PALIT,8.0,NVIDIA,NVIDIA,2019.0,8192.0,GDDR6,256.0,928.0,1750.0,448.0,12.0,10.0,1x 8-pin,2176.0,1650.0,RTX,2060.0,No,No
Consolidated,RTX 3050,64000.0,GIGABYTE,4.0,NVIDIA,NVIDIA,2024.0,6144.0,GDDR6,96.0,928.0,1750.0,168.0,8.0,8.0,Unknown,2304.0,1470.0,RTX,3050.0,No,No
Consolidated,GTX 650,7500.0,ASUS,1.0,NVIDIA,NVIDIA,2013.0,1024.0,GDDR5,128.0,1058.0,1250.0,80.0,28.0,2.0,1x 6-pin,384.0,1620.0,GTX,650.0,No,No
Consolidated,RTX 3070 TI,103000.0,ZOTAC,8.0,NVIDIA,NVIDIA,2021.0,8192.0,GDDR6X,256.0,928.0,1188.0,608.3,8.0,17.0,1x 12-pin,6144.0,1770.0,RTX,3070.0,Yes,No
Consolidated,RTX 2060,66500.0,MSI,6.0,NVIDIA,NVIDIA,2021.0,12288.0,GDDR6,192.0,928.0,1750.0,336.0,12.0,10.0,1x 8-pin,2176.0,1650.0,RTX,2060.0,No,No
Consolidated,RX 6600 XT,74000.0,ZOTAC,8.0,AMD,AMD,2021.0,8192.0,GDDR6,128.0,928.0,2000.0,256.0,7.0,11.0,1x 8-pin,2048.0,2589.0,RX,6600.0,No,No
Consolidated,GTX 1660 TI,59500.0,ZOTAC,6.0,NVIDIA,NVIDIA,2019.0,6144.0,GDDR6,192.0,928.0,1500.0,288.0,12.0,6.0,1x 8-pin,1536.0,1770.0,GTX,1660.0,Yes,No
Consolidated,RX 470,22500.0,ZOTAC,4.0,AMD,AMD,2016.0,4096.0,GDDR5,256.0,928.0,1650.0,211.2,14.0,5.0,1x 6-pin,2048.0,1206.0,RX,470.0,No,No
Consolidated,GTX 1050 TI,34500.0,ZOTAC,4.0,NVIDIA,NVIDIA,2016.0,4096.0,GDDR5,128.0,928.0,1752.0,112.1,14.0,3.0,Unknown,768.0,1392.0,GTX,1050.0,Yes,No
Consolidated,RX 560,17500.0,ASUS,6.0,AMD,AMD,2017.0,4096.0,GDDR5,128.0,928.0,1750.0,112.0,14.0,3.0,Unknown,1024.0,1275.0,RX,560.0,No,No
Consolidated,GTX 1650 SUPER,35500.0,ASUS,4.0,NVIDIA,NVIDIA,2019.0,4096.0,GDDR6,128.0,928.0,1500.0,192.0,12.0,6.0,1x 6-pin,1280.0,1725.0,GTX,1650.0,No,No
Consolidated,GTX 760,15500.0,ASUS,1.5,NVIDIA,NVIDIA,2013.0,2048.0,GDDR5,256.0,928.0,1502.0,192.3,28.0,3.0,2x 6-pin,1152.0,1032.0,GTX,760.0,No,No
Consolidated,GTX 750 TI,12500.0,MSI,2.0,NVIDIA,NVIDIA,2014.0,2048.0,GDDR5,128.0,928.0,1350.0,86.4,28.0,1.0,Unknown,640.0,1085.0,GTX,750.0,Yes,No
Consolidated,GTX 1080 TI,60000.0,GIGABYTE,11.0,NVIDIA,NVIDIA,2017.0,11264.0,GDDR5X,352.0,928.0,1376.0,484.4,16.0,11.0,1x 6-pin + 1x 8-pin,3584.0,1582.0,GTX,1080.0,Yes,No
Consolidated,GTX 1660 TI,52000.0,GIGABYTE,6.0,NVIDIA,NVIDIA,2019.0,6144.0,GDDR6,192.0,928.0,1500.0,288.0,12.0,6.0,1x 8-pin,1536.0,1770.0,GTX,1660.0,Yes,No
Consolidated,GTX 650 TI,7500.0,ZOTAC,1.0,NVIDIA,NVIDIA,2012.0,1024.0,GDDR5,128.0,928.0,1350.0,86.4,28.0,2.0,1x 6-pin,768.0,1620.0,GTX,650.0,Yes,No
Consolidated,GTX 1660 TI,53000.0,GIGABYTE,6.0,NVIDIA,NVIDIA,2019.0,6144.0,GDDR6,192.0,928.0,1500.0,288.0,12.0,6.0,1x 8-pin,1536.0,1770.0,GTX,1660.0,Yes,No
Consolidated,GTX 760,15500.0,ASUS,1.5,NVIDIA,NVIDIA,2013.0,2048.0,GDDR5,256.0,928.0,1502.0,192.3,28.0,3.0,2x 6-pin,1152.0,1032.0,GTX,760.0,No,No
Consolidated,GTX 970,27000.0,ASUS,4.0,NVIDIA,NVIDIA,2014.0,4096.0,GDDR5,256.0,928.0,1753.0,224.4,28.0,5.0,2x 6-pin,1664.0,1178.0,GTX,970.0,No,No
Consolidated,GTX 960,19000.0,GIGABYTE,4.0,NVIDIA,NVIDIA,2015.0,2048.0,GDDR5,128.0,928.0,1753.0,112.2,28.0,2.0,1x 6-pin,1024.0,1178.0,GTX,960.0,No,No
Consolidated,GTX 750,11000.0,ZOTAC,1.0,NVIDIA,NVIDIA,2014.0,1024.0,GDDR5,128.0,928.0,1253.0,80.19,28.0,1.0,Unknown,512.0,1085.0,GTX,750.0,No,No
Consolidated,GTX 1080,50000.0,ASUS,8.0,NVIDIA,NVIDIA,2016.0,8192.0,GDDR5X,256.0,928.0,1251.0,320.3,16.0,7.0,1x 8-pin,2560.0,1733.0,GTX,1080.0,No,No
Consolidated,GTX 1660 TI,52500.0,GALAX,6.0,NVIDIA,NVIDIA,2019.0,6144.0,GDDR6,192.0,928.0,1500.0,288.0,12.0,6.0,1x 8-pin,1536.0,1770.0,GTX,1660.0,Yes,No
Consolidated,GTX 550 TI,7000.0,ZOTAC,1.0,NVIDIA,NVIDIA,2011.0,1024.0,GDDR5,192.0,900.0,1026.0,98.5,40.0,1.0,1x 6-pin,192.0,1620.0,GTX,550.0,Yes,No
Consolidated,RX 6600 XT,71000.0,MSI,8.0,AMD,AMD,2021.0,8192.0,GDDR6,128.0,928.0,2000.0,256.0,7.0,11.0,1x 8-pin,2048.0,2589.0,RX,6600.0,No,No
Consolidated,GTX 1070,43000.0,PALIT,8.0,NVIDIA,NVIDIA,2016.0,8192.0,GDDR5,256.0,928.0,2002.0,256.3,16.0,7.0,1x 8-pin,1920.0,1683.0,GTX,1070.0,No,No
Consolidated,RTX 3050,77500.0,ASUS,4.0,NVIDIA,NVIDIA,2024.0,6144.0,GDDR6,96.0,928.0,1750.0,168.0,8.0,8.0,Unknown,2304.0,1470.0,RTX,3050.0,No,No
Consolidated,GTX 660,11500.0,GIGABYTE,1.5,NVIDIA,NVIDIA,2012.0,2048.0,GDDR5,192.0,928.0,1502.0,144.2,28.0,2.0,1x 6-pin,960.0,1032.0,GTX,660.0,No,No
Consolidated,GTX 750 TI,13500.0,ZOTAC,2.0,NVIDIA,NVIDIA,2014.0,2048.0,GDDR5,128.0,928.0,1350.0,86.4,28.0,1.0,Unknown,640.0,1085.0,GTX,750.0,Yes,No
Consolidated,RX 460,18500.0,MSI,4.0,AMD,AMD,2016.0,2048.0,GDDR5,128.0,928.0,1750.0,112.0,14.0,3.0,Unknown,896.0,1200.0,RX,460.0,No,No
Consolidated,RTX 3070 TI,123500.0,ZOTAC,8.0,NVIDIA,NVIDIA,2021.0,8192.0,GDDR6X,256.0,928.0,1188.0,608.3,8.0,17.0,1x 12-pin,6144.0,1770.0,RTX,3070.0,Yes,No
Consolidated,RX 570,35000.0,GALAX,4.0,AMD,AMD,2017.0,4096.0,GDDR5,256.0,928.0,1750.0,224.0,14.0,5.0,1x 6-pin,2048.0,1244.0,RX,570.0,No,No
Consolidated,RX 5700 XT,49000.0,GIGABYTE,8.0,AMD,AMD,2019.0,8192.0,GDDR6,256.0,928.0,1750.0,448.0,7.0,10.0,1x 6-pin + 1x 8-pin,2560.0,1905.0,RX,5700.0,No,No
Consolidated,GTX 650,8000.0,GIGABYTE,1.0,NVIDIA,NVIDIA,2013.0,1024.0,GDDR5,128.0,1058.0,1250.0,80.0,28.0,2.0,1x 6-pin,384.0,1620.0,GTX,650.0,No,No
Consolidated,RX 5700 XT,50000.0,GALAX,8.0,AMD,AMD,2019.0,8192.0,GDDR6,256.0,928.0,1750.0,448.0,7.0,10.0,1x 6-pin + 1x 8-pin,2560.0,1905.0,RX,5700.0,No,No
Consolidated,RTX 3060 TI,101500.0,ASUS,8.0,NVIDIA,NVIDIA,2020.0,8192.0,GDDR6,256.0,928.0,1750.0,448.0,8.0,17.0,1x 12-pin,4864.0,1665.0,RTX,3060.0,Yes,No
Consolidated,GTX 550 TI,7000.0,GIGABYTE,1.0,NVIDIA,NVIDIA,2011.0,1024.0,GDDR5,192.0,900.0,1026.0,98.5,40.0,1.0,1x 6-pin,192.0,1620.0,GTX,550.0,Yes,No
Consolidated,RTX 2060,78000.0,PALIT,12.0,NVIDIA,NVIDIA,2021.0,12288.0,GDDR6,192.0,928.0,1750.0,336.0,12.0,10.0,1x 8-pin,2176.0,1650.0,RTX,2060.0,No,No
Consolidated,GTX 760,13500.0,ASUS,2.0,NVIDIA,NVIDIA,2013.0,2048.0,GDDR5,256.0,928.0,1502.0,192.3,28.0,3.0,2x 6-pin,1152.0,1032.0,GTX,760.0,No,No
Consolidated,GTX 970,31500.0,ASUS,6.0,NVIDIA,NVIDIA,2014.0,4096.0,GDDR5,256.0,928.0,1753.0,224.4,28.0,5.0,2x 6-pin,1664.0,1178.0,GTX,970.0,No,No
Consolidated,RTX 3060,96500.0,GIGABYTE,8.0,NVIDIA,NVIDIA,2022.0,8192.0,GDDR6,128.0,928.0,1875.0,240.0,8.0,12.0,1x 12-pin,3584.0,1777.0,RTX,3060.0,No,No
Consolidated,GTX 1080 TI,65000.0,GALAX,11.0,NVIDIA,NVIDIA,2017.0,11264.0,GDDR5X,352.0,928.0,1376.0,484.4,16.0,11.0,1x 6-pin + 1x 8-pin,3584.0,1582.0,GTX,1080.0,Yes,No
Consolidated,GTX 1650 SUPER,33500.0,GIGABYTE,4.0,NVIDIA,NVIDIA,2019.0,4096.0,GDDR6,128.0,928.0,1500.0,192.0,12.0,6.0,1x 6-pin,1280.0,1725.0,GTX,1650.0,No,No
Consolidated,GTX 1660 SUPER,59000.0,ASUS,6.0,NVIDIA,NVIDIA,2019.0,6144.0,GDDR6,192.0,928.0,1750.0,336.0,12.0,6.0,1x 8-pin,1408.0,1785.0,GTX,1660.0,No,No
Consolidated,GTX 750,12000.0,ZOTAC,2.0,NVIDIA,NVIDIA,2014.0,1024.0,GDDR5,128.0,928.0,1253.0,80.19,28.0,1.0,Unknown,512.0,1085.0,GTX,750.0,No,No
Consolidated,RTX 2060 SUPER,71500.0,GIGABYTE,8.0,NVIDIA,NVIDIA,2019.0,8192.0,GDDR6,256.0,928.0,1750.0,448.0,12.0,10.0,1x 8-pin,2176.0,1650.0,RTX,2060.0,No,No
Consolidated,RTX 3060,94000.0,ZOTAC,8.0,NVIDIA,NVIDIA,2022.0,8192.0,GDDR6,128.0,928.0,1875.0,240.0,8.0,12.0,1x 12-pin,3584.0,1777.0,RTX,3060.0,No,No
Consolidated,GTX 650,8500.0,MSI,2.0,NVIDIA,NVIDIA,2013.0,1024.0,GDDR5,128.0,1058.0,1250.0,80.0,28.0,2.0,1x 6-pin,384.0,1620.0,GTX,650.0,No,No
Consolidated,RTX 2070,80500.0,ASUS,8.0,NVIDIA,NVIDIA,2018.0,8192.0,GDDR6,256.0,928.0,1750.0,448.0,12.0,10.0,1x 8-pin,2304.0,1620.0,RTX,2070.0,No,No
Consolidated,GTX 1080 TI,69000.0,ZOTAC,11.0,NVIDIA,NVIDIA,2017.0,11264.0,GDDR5X,352.0,928.0,1376.0,484.4,16.0,11.0,1x 6-pin + 1x 8-pin,3584.0,1582.0,GTX,1080.0,Yes,No
Consolidated,RTX 2070,78000.0,PALIT,8.0,NVIDIA,NVIDIA,2018.0,8192.0,GDDR6,256.0,928.0,1750.0,448.0,12.0,10.0,1x 8-pin,2304.0,1620.0,RTX,2070.0,No,No
Consolidated,GTX 1050 TI,33500.0,MSI,4.0,NVIDIA,NVIDIA,2016.0,4096.0,GDDR5,128.0,928.0,1752.0,112.1,14.0,3.0,Unknown,768.0,1392.0,GTX,1050.0,Yes,No
Consolidated,RTX 2060 SUPER,65000.0,ZOTAC,8.0,NVIDIA,NVIDIA,2019.0,8192.0,GDDR6,256.0,928.0,1750.0,448.0,12.0,10.0,1x 8-pin,2176.0,1650.0,RTX,2060.0,No,No
Consolidated,GTX 750 TI,13500.0,MSI,2.0,NVIDIA,NVIDIA,2014.0,2048.0,GDDR5,128.0,928.0,1350.0,86.4,28.0,1.0,Unknown,640.0,1085.0,GTX,750.0,Yes,No
Consolidated,GTX 1660 TI,55000.0,ASUS,6.0,NVIDIA,NVIDIA,2019.0,6144.0,GDDR6,192.0,928.0,1500.0,288.0,12.0,6.0,1x 8-pin,1536.0,1770.0,GTX,1660.0,Yes,No
Consolidated,RX 5500 XT,2500.0,ZOTAC,4.0,AMD,AMD,2019.0,4096.0,GDDR6,128.0,928.0,1750.0,224.0,7.0,6.0,1x 8-pin,1408.0,1845.0,RX,5500.0,No,No
Consolidated,GTX 1080,55000.0,PALIT,8.0,NVIDIA,NVIDIA,2016.0,8192.0,GDDR5X,256.0,928.0,1251.0,320.3,16.0,7.0,1x 8-pin,2560.0,1733.0,GTX,1080.0,No,No
Consolidated,GTX 1650 SUPER,36500.0,GALAX,4.0,NVIDIA,NVIDIA,2019.0,4096.0,GDDR6,128.0,928.0,1500.0,192.0,12.0,6.0,1x 6-pin,1280.0,1725.0,GTX,1650.0,No,No
Consolidated,GTX 1050,24500.0,MSI,2.0,NVIDIA,NVIDIA,2018.0,3072.0,GDDR5,96.0,928.0,1752.0,84.1,14.0,3.0,Unknown,768.0,1518.0,GTX,1050.0,No,No
Consolidated,RTX 3060,97000.0,GIGABYTE,8.0,NVIDIA,NVIDIA,2022.0,8192.0,GDDR6,128.0,928.0,1875.0,240.0,8.0,12.0,1x 12-pin,3584.0,1777.0,RTX,3060.0,No,No
Consolidated,GTX 970,25000.0,ASUS,6.0,NVIDIA,NVIDIA,2014.0,4096.0,GDDR5,256.0,928.0,1753.0,224.4,28.0,5.0,2x 6-pin,1664.0,1178.0,GTX,970.0,No,No
Consolidated,GTX 1060,35500.0,GIGABYTE,3.0,NVIDIA,NVIDIA,2017.0,5120.0,GDDR5,160.0,928.0,2002.0,160.2,16.0,4.0,1x 6-pin,1280.0,1709.0,GTX,1060.0,No,No
Consolidated,RX 470,21000.0,ZOTAC,8.0,AMD,AMD,2016.0,4096.0,GDDR5,256.0,928.0,1650.0,211.2,14.0,5.0,1x 6-pin,2048.0,1206.0,RX,470.0,No,No
Consolidated,RX 580,35500.0,GALAX,8.0,AMD,AMD,2017.0,8192.0,GDDR5,256.0,928.0,2000.0,256.0,14.0,5.0,1x 8-pin,2304.0,1340.0,RX,580.0,No,No
Consolidated,GTX 1060,37000.0,MSI,6.0,NVIDIA,NVIDIA,2017.0,5120.0,GDDR5,160.0,928.0,2002.0,160.2,16.0,4.0,1x 6-pin,1280.0,1709.0,GTX,1060.0,No,No
Consolidated,GTX 960,23500.0,ZOTAC,4.0,NVIDIA,NVIDIA,2015.0,2048.0,GDDR5,128.0,928.0,1753.0,112.2,28.0,2.0,1x 6-pin,1024.0,1178.0,GTX,960.0,No,No
Consolidated,GTX 1660 SUPER,50500.0,ASUS,6.0,NVIDIA,NVIDIA,2019.0,6144.0,GDDR6,192.0,928.0,1750.0,336.0,12.0,6.0,1x 8-pin,1408.0,1785.0,GTX,1660.0,No,No
Consolidated,GTX 650 TI,7500.0,ZOTAC,2.0,NVIDIA,NVIDIA,2012.0,1024.0,GDDR5,128.0,928.0,1350.0,86.4,28.0,2.0,1x 6-pin,768.0,1620.0,GTX,650.0,Yes,No
Consolidated,GTX 660 TI,6000.0,ASUS,2.0,NVIDIA,NVIDIA,2012.0,2048.0,GDDR5,192.0,928.0,1502.0,144.2,28.0,3.0,2x 6-pin,1344.0,980.0,GTX,660.0,Yes,No
Consolidated,RX 560,17500.0,ASUS,4.0,AMD,AMD,2017.0,4096.0,GDDR5,128.0,928.0,1750.0,112.0,14.0,3.0,Unknown,1024.0,1275.0,RX,560.0,No,No
Consolidated,RTX 3060 TI,89500.0,GIGABYTE,8.0,NVIDIA,NVIDIA,2020.0,8192.0,GDDR6,256.0,928.0,1750.0,448.0,8.0,17.0,1x 12-pin,4864.0,1665.0,RTX,3060.0,Yes,No
Consolidated,GTX 970,28500.0,MSI,6.0,NVIDIA,NVIDIA,2014.0,4096.0,GDDR5,256.0,928.0,1753.0,224.4,28.0,5.0,2x 6-pin,1664.0,1178.0,GTX,970.0,No,No
Consolidated,RTX 3060,101500.0,PALIT,6.0,NVIDIA,NVIDIA,2022.0,8192.0,GDDR6,128.0,928.0,1875.0,240.0,8.0,12.0,1x 12-pin,3584.0,1777.0,RTX,3060.0,No,No
Consolidated,GTX 750 TI,11000.0,PALIT,2.0,NVIDIA,NVIDIA,2014.0,2048.0,GDDR5,128.0,928.0,1350.0,86.4,28.0,1.0,Unknown,640.0,1085.0,GTX,750.0,Yes,No
Consolidated,GTX 960,23000.0,GIGABYTE,2.0,NVIDIA,NVIDIA,2015.0,2048.0,GDDR5,128.0,928.0,1753.0,112.2,28.0,2.0,1x 6-pin,1024.0,1178.0,GTX,960.0,No,No
Consolidated,RX 580,35500.0,ZOTAC,8.0,AMD,AMD,2017.0,8192.0,GDDR5,256.0,928.0,2000.0,256.0,14.0,5.0,1x 8-pin,2304.0,1340.0,RX,580.0,No,No
Consolidated,GTX 960,22500.0,ZOTAC,2.0,NVIDIA,NVIDIA,2015.0,2048.0,GDDR5,128.0,928.0,1753.0,112.2,28.0,2.0,1x 6-pin,1024.0,1178.0,GTX,960.0,No,No
Consolidated,RX 590,34500.0,PALIT,8.0,AMD,AMD,2018.0,8192.0,GDDR5,256.0,928.0,2000.0,256.0,12.0,5.0,1x 8-pin,2304.0,1545.0,RX,590.0,No,No
Consolidated,RX 570,29500.0,GALAX,8.0,AMD,AMD,2017.0,4096.0,GDDR5,256.0,928.0,1750.0,224.0,14.0,5.0,1x 6-pin,2048.0,1244.0,RX,570.0,No,No
Consolidated,RX 5600 XT,48500.0,ZOTAC,6.0,AMD,AMD,2020.0,6144.0,GDDR6,192.0,928.0,1500.0,288.0,7.0,10.0,1x 8-pin,2304.0,1560.0,RX,5600.0,No,No
Consolidated,GTX 1050,20500.0,ASUS,3.0,NVIDIA,NVIDIA,2018.0,3072.0,GDDR5,96.0,928.0,1752.0,84.1,14.0,3.0,Unknown,768.0,1518.0,GTX,1050.0,No,No
Consolidated,GTX 650,7000.0,ZOTAC,2.0,NVIDIA,NVIDIA,2013.0,1024.0,GDDR5,128.0,1058.0,1250.0,80.0,28.0,2.0,1x 6-pin,384.0,1620.0,GTX,650.0,No,No
Consolidated,RX 580,40500.0,GALAX,4.0,AMD,AMD,2017.0,8192.0,GDDR5,256.0,928.0,2000.0,256.0,14.0,5.0,1x 8-pin,2304.0,1340.0,RX,580.0,No,No
Consolidated,RX 5600 XT,55000.0,GALAX,6.0,AMD,AMD,2020.0,6144.0,GDDR6,192.0,928.0,1500.0,288.0,7.0,10.0,1x 8-pin,2304.0,1560.0,RX,5600.0,No,No
Consolidated,RTX 2070,80000.0,MSI,8.0,NVIDIA,NVIDIA,2018.0,8192.0,GDDR6,256.0,928.0,1750.0,448.0,12.0,10.0,1x 8-pin,2304.0,1620.0,RTX,2070.0,No,No
Consolidated,GTX 950,17500.0,ASUS,2.0,NVIDIA,NVIDIA,2015.0,2048.0,GDDR5,128.0,928.0,1653.0,105.8,28.0,2.0,1x 6-pin,768.0,1188.0,GTX,950.0,No,No
Consolidated,RTX 2060 SUPER,68500.0,PALIT,8.0,NVIDIA,NVIDIA,2019.0,8192.0,GDDR6,256.0,928.0,1750.0,448.0,12.0,10.0,1x 8-pin,2176.0,1650.0,RTX,2060.0,No,No
Consolidated,RTX 3070,99500.0,ZOTAC,8.0,NVIDIA,NVIDIA,2020.0,8192.0,GDDR6,256.0,928.0,1750.0,448.0,8.0,17.0,1x 12-pin,5888.0,1725.0,RTX,3070.0,No,No
Consolidated,GTX 1070 TI,56000.0,MSI,8.0,NVIDIA,NVIDIA,2017.0,8192.0,GDDR5,256.0,928.0,2002.0,256.3,16.0,7.0,1x 8-pin,2432.0,1683.0,GTX,1070.0,Yes,No
Consolidated,GTX 980,35500.0,ASUS,8.0,NVIDIA,NVIDIA,2014.0,4096.0,GDDR5,256.0,928.0,1753.0,224.4,28.0,5.0,2x 6-pin,2048.0,1216.0,GTX,980.0,No,No
Consolidated,RTX 3060,108500.0,GIGABYTE,12.0,NVIDIA,NVIDIA,2022.0,8192.0,GDDR6,128.0,928.0,1875.0,240.0,8.0,12.0,1x 12-pin,3584.0,1777.0,RTX,3060.0,No,No
Consolidated,GTX 660,11500.0,ZOTAC,1.5,NVIDIA,NVIDIA,2012.0,2048.0,GDDR5,192.0,928.0,1502.0,144.2,28.0,2.0,1x 6-pin,960.0,1032.0,GTX,660.0,No,No
Consolidated,GTX 1650 SUPER,31500.0,MSI,4.0,NVIDIA,NVIDIA,2019.0,4096.0,GDDR6,128.0,928.0,1500.0,192.0,12.0,6.0,1x 6-pin,1280.0,1725.0,GTX,1650.0,No,No
Consolidated,RX 560,15000.0,MSI,4.0,AMD,AMD,2017.0,4096.0,GDDR5,128.0,928.0,1750.0,112.0,14.0,3.0,Unknown,1024.0,1275.0,RX,560.0,No,No
Consolidated,GTX 950,15500.0,GIGABYTE,2.0,NVIDIA,NVIDIA,2015.0,2048.0,GDDR5,128.0,928.0,1653.0,105.8,28.0,2.0,1x 6-pin,768.0,1188.0,GTX,950.0,No,No
Consolidated,GTX 1050 TI,26000.0,ZOTAC,4.0,NVIDIA,NVIDIA,2016.0,4096.0,GDDR5,128.0,928.0,1752.0,112.1,14.0,3.0,Unknown,768.0,1392.0,GTX,1050.0,Yes,No
Consolidated,RX 5700 XT,63000.0,GALAX,8.0,AMD,AMD,2019.0,8192.0,GDDR6,256.0,928.0,1750.0,448.0,7.0,10.0,1x 6-pin + 1x 8-pin,2560.0,1905.0,RX,5700.0,No,No
Consolidated,GTX 1660 TI,49000.0,ZOTAC,6.0,NVIDIA,NVIDIA,2019.0,6144.0,GDDR6,192.0,928.0,1500.0,288.0,12.0,6.0,1x 8-pin,1536.0,1770.0,GTX,1660.0,Yes,No
Consolidated,GTX 1650,35000.0,ASUS,4.0,NVIDIA,NVIDIA,2019.0,4096.0,GDDR5,128.0,928.0,2001.0,128.1,12.0,4.0,Unknown,896.0,1665.0,GTX,1650.0,No,No
Consolidated,GTX 1070 TI,46000.0,GIGABYTE,8.0,NVIDIA,NVIDIA,2017.0,8192.0,GDDR5,256.0,928.0,2002.0,256.3,16.0,7.0,1x 8-pin,2432.0,1683.0,GTX,1070.0,Yes,No
Consolidated,GTX 1660 SUPER,58000.0,GALAX,6.0,NVIDIA,NVIDIA,2019.0,6144.0,GDDR6,192.0,928.0,1750.0,336.0,12.0,6.0,1x 8-pin,1408.0,1785.0,GTX,1660.0,No,No
Consolidated,RTX 2070,79000.0,GIGABYTE,8.0,NVIDIA,NVIDIA,2018.0,8192.0,GDDR6,256.0,928.0,1750.0,448.0,12.0,10.0,1x 8-pin,2304.0,1620.0,RTX,2070.0,No,No
Consolidated,RTX 2060 SUPER,67500.0,GIGABYTE,8.0,NVIDIA,NVIDIA,2019.0,8192.0,GDDR6,256.0,928.0,1750.0,448.0,12.0,10.0,1x 8-pin,2176.0,1650.0,RTX,2060.0,No,No
Consolidated,GTX 970,24000.0,ASUS,4.0,NVIDIA,NVIDIA,2014.0,4096.0,GDDR5,256.0,928.0,1753.0,224.4,28.0,5.0,2x 6-pin,1664.0,1178.0,GTX,970.0,No,No
Consolidated,RX 580,41500.0,PALIT,8.0,AMD,AMD,2017.0,8192.0,GDDR5,256.0,928.0,2000.0,256.0,14.0,5.0,1x 8-pin,2304.0,1340.0,RX,580.0,No,No
Consolidated,GTX 970,30000.0,PALIT,6.0,NVIDIA,NVIDIA,2014.0,4096.0,GDDR5,256.0,928.0,1753.0,224.4,28.0,5.0,2x 6-pin,1664.0,1178.0,GTX,970.0,No,No
Consolidated,RX 470,18000.0,ASUS,4.0,AMD,AMD,2016.0,4096.0,GDDR5,256.0,928.0,1650.0,211.2,14.0,5.0,1x 6-pin,2048.0,1206.0,RX,470.0,No,No
Consolidated,RX 5500 XT,3000.0,PALIT,4.0,AMD,AMD,2019.0,4096.0,GDDR6,128.0,928.0,1750.0,224.0,7.0,6.0,1x 8-pin,1408.0,1845.0,RX,5500.0,No,No
Consolidated,RX 6600,64500.0,MSI,8.0,AMD,AMD,2021.0,8192.0,GDDR6,128.0,928.0,1750.0,224.0,7.0,11.0,1x 8-pin,1792.0,2491.0,RX,6600.0,No,No
Consolidated,RTX 3050,69000.0,ASUS,4.0,NVIDIA,NVIDIA,2024.0,6144.0,GDDR6,96.0,928.0,1750.0,168.0,8.0,8.0,Unknown,2304.0,1470.0,RTX,3050.0,No,No
Consolidated,GTX 1070 TI,54500.0,ZOTAC,8.0,NVIDIA,NVIDIA,2017.0,8192.0,GDDR5,256.0,928.0,2002.0,256.3,16.0,7.0,1x 8-pin,2432.0,1683.0,GTX,1070.0,Yes,No
Consolidated,RX 5500 XT,3000.0,ZOTAC,4.0,AMD,AMD,2019.0,4096.0,GDDR6,128.0,928.0,1750.0,224.0,7.0,6.0,1x 8-pin,1408.0,1845.0,RX,5500.0,No,No
Consolidated,RTX 3050,70000.0,ASUS,6.0,NVIDIA,NVIDIA,2024.0,6144.0,GDDR6,96.0,928.0,1750.0,168.0,8.0,8.0,Unknown,2304.0,1470.0,RTX,3050.0,No,No
Consolidated,RTX 3070,122000.0,ASUS,8.0,NVIDIA,NVIDIA,2020.0,8192.0,GDDR6,256.0,928.0,1750.0,448.0,8.0,17.0,1x 12-pin,5888.0,1725.0,RTX,3070.0,No,No
Consolidated,RTX 2060 SUPER,78500.0,MSI,8.0,NVIDIA,NVIDIA,2019.0,8192.0,GDDR6,256.0,928.0,1750.0,448.0,12.0,10.0,1x 8-pin,2176.0,1650.0,RTX,2060.0,No,No
Consolidated,GTX 650 TI,7000.0,MSI,1.0,NVIDIA,NVIDIA,2012.0,1024.0,GDDR5,128.0,928.0,1350.0,86.4,28.0,2.0,1x 6-pin,768.0,1620.0,GTX,650.0,Yes,No
Consolidated,GTX 1060,35500.0,MSI,6.0,NVIDIA,NVIDIA,2017.0,5120.0,GDDR5,160.0,928.0,2002.0,160.2,16.0,4.0,1x 6-pin,1280.0,1709.0,GTX,1060.0,No,No
Consolidated,RX 470,19500.0,GIGABYTE,8.0,AMD,AMD,2016.0,4096.0,GDDR5,256.0,928.0,1650.0,211.2,14.0,5.0,1x 6-pin,2048.0,1206.0,RX,470.0,No,No
Consolidated,GTX 1070,39000.0,ASUS,8.0,NVIDIA,NVIDIA,2016.0,8192.0,GDDR5,256.0,928.0,2002.0,256.3,16.0,7.0,1x 8-pin,1920.0,1683.0,GTX,1070.0,No,No
Consolidated,RX 6600,72500.0,GALAX,8.0,AMD,AMD,2021.0,8192.0,GDDR6,128.0,928.0,1750.0,224.0,7.0,11.0,1x 8-pin,1792.0,2491.0,RX,6600.0,No,No
Consolidated,RX 570,31000.0,ZOTAC,8.0,AMD,AMD,2017.0,4096.0,GDDR5,256.0,928.0,1750.0,224.0,14.0,5.0,1x 6-pin,2048.0,1244.0,RX,570.0,No,No
Consolidated,RTX 2060 SUPER,79000.0,ZOTAC,8.0,NVIDIA,NVIDIA,2019.0,8192.0,GDDR6,256.0,928.0,1750.0,448.0,12.0,10.0,1x 8-pin,2176.0,1650.0,RTX,2060.0,No,No
Consolidated,GTX 960,23500.0,GIGABYTE,4.0,NVIDIA,NVIDIA,2015.0,2048.0,GDDR5,128.0,928.0,1753.0,112.2,28.0,2.0,1x 6-pin,1024.0,1178.0,GTX,960.0,No,No
Consolidated,RX 460,15500.0,ZOTAC,2.0,AMD,AMD,2016.0,2048.0,GDDR5,128.0,928.0,1750.0,112.0,14.0,3.0,Unknown,896.0,1200.0,RX,460.0,No,No
Consolidated,GTX 760,17000.0,ZOTAC,1.0,NVIDIA,NVIDIA,2013.0,2048.0,GDDR5,256.0,928.0,1502.0,192.3,28.0,3.0,2x 6-pin,1152.0,1032.0,GTX,760.0,No,No
Consolidated,RTX 3060 TI,108000.0,MSI,8.0,NVIDIA,NVIDIA,2020.0,8192.0,GDDR6,256.0,928.0,1750.0,448.0,8.0,17.0,1x 12-pin,4864.0,1665.0,RTX,3060.0,Yes,No
Consolidated,RX 6600,74500.0,ASUS,8.0,AMD,AMD,2021.0,8192.0,GDDR6,128.0,928.0,1750.0,224.0,7.0,11.0,1x 8-pin,1792.0,2491.0,RX,6600.0,No,No
Consolidated,GTX 660 TI,5000.0,MSI,2.0,NVIDIA,NVIDIA,2012.0,2048.0,GDDR5,192.0,928.0,1502.0,144.2,28.0,3.0,2x 6-pin,1344.0,980.0,GTX,660.0,Yes,No
Consolidated,GTX 650,7000.0,GIGABYTE,1.0,NVIDIA,NVIDIA,2013.0,1024.0,GDDR5,128.0,1058.0,1250.0,80.0,28.0,2.0,1x 6-pin,384.0,1620.0,GTX,650.0,No,No
Consolidated,RX 570,32500.0,ASUS,8.0,AMD,AMD,2017.0,4096.0,GDDR5,256.0,928.0,1750.0,224.0,14.0,5.0,1x 6-pin,2048.0,1244.0,RX,570.0,No,No
Consolidated,RX 6600,59500.0,GALAX,4.0,AMD,AMD,2021.0,8192.0,GDDR6,128.0,928.0,1750.0,224.0,7.0,11.0,1x 8-pin,1792.0,2491.0,RX,6600.0,No,No
Consolidated,GTX 1070 TI,48500.0,ASUS,8.0,NVIDIA,NVIDIA,2017.0,8192.0,GDDR5,256.0,928.0,2002.0,256.3,16.0,7.0,1x 8-pin,2432.0,1683.0,GTX,1070.0,Yes,No
Consolidated,GTX 650 TI,8000.0,GIGABYTE,1.0,NVIDIA,NVIDIA,2012.0,1024.0,GDDR5,128.0,928.0,1350.0,86.4,28.0,2.0,1x 6-pin,768.0,1620.0,GTX,650.0,Yes,No
Consolidated,GTX 1650,40500.0,ASUS,4.0,NVIDIA,NVIDIA,2019.0,4096.0,GDDR5,128.0,928.0,2001.0,128.1,12.0,4.0,Unknown,896.0,1665.0,GTX,1650.0,No,No
Consolidated,GTX 1080,52500.0,MSI,8.0,NVIDIA,NVIDIA,2016.0,8192.0,GDDR5X,256.0,928.0,1251.0,320.3,16.0,7.0,1x 8-pin,2560.0,1733.0,GTX,1080.0,No,No
Consolidated,RX 6600 XT,78500.0,PALIT,8.0,AMD,AMD,2021.0,8192.0,GDDR6,128.0,928.0,2000.0,256.0,7.0,11.0,1x 8-pin,2048.0,2589.0,RX,6600.0,No,No
Consolidated,GTX 1050 TI,26500.0,ASUS,4.0,NVIDIA,NVIDIA,2016.0,4096.0,GDDR5,128.0,928.0,1752.0,112.1,14.0,3.0,Unknown,768.0,1392.0,GTX,1050.0,Yes,No
Consolidated,RTX 3060 TI,105500.0,ASUS,8.0,NVIDIA,NVIDIA,2020.0,8192.0,GDDR6,256.0,928.0,1750.0,448.0,8.0,17.0,1x 12-pin,4864.0,1665.0,RTX,3060.0,Yes,No
Consolidated,GTX 750,10000.0,GIGABYTE,1.0,NVIDIA,NVIDIA,2014.0,1024.0,GDDR5,128.0,928.0,1253.0,80.19,28.0,1.0,Unknown,512.0,1085.0,GTX,750.0,No,No
Consolidated,GTX 550 TI,6500.0,ASUS,1.0,NVIDIA,NVIDIA,2011.0,1024.0,GDDR5,192.0,900.0,1026.0,98.5,40.0,1.0,1x 6-pin,192.0,1620.0,GTX,550.0,Yes,No
Consolidated,GTX 650 TI,9000.0,ZOTAC,1.0,NVIDIA,NVIDIA,2012.0,1024.0,GDDR5,128.0,928.0,1350.0,86.4,28.0,2.0,1x 6-pin,768.0,1620.0,GTX,650.0,Yes,No
Consolidated,RX 6600,78500.0,GIGABYTE,4.0,AMD,AMD,2021.0,8192.0,GDDR6,128.0,928.0,1750.0,224.0,7.0,11.0,1x 8-pin,1792.0,2491.0,RX,6600.0,No,No
Consolidated,RTX 3070 TI,115500.0,GALAX,8.0,NVIDIA,NVIDIA,2021.0,8192.0,GDDR6X,256.0,928.0,1188.0,608.3,8.0,17.0,1x 12-pin,6144.0,1770.0,RTX,3070.0,Yes,No
Consolidated,GTX 1660 TI,59000.0,MSI,6.0,NVIDIA,NVIDIA,2019.0,6144.0,GDDR6,192.0,928.0,1500.0,288.0,12.0,6.0,1x 8-pin,1536.0,1770.0,GTX,1660.0,Yes,No
Consolidated,RX 570,34000.0,ZOTAC,4.0,AMD,AMD,2017.0,4096.0,GDDR5,256.0,928.0,1750.0,224.0,14.0,5.0,1x 6-pin,2048.0,1244.0,RX,570.0,No,No
Consolidated,GTX 1660 TI,59000.0,ZOTAC,6.0,NVIDIA,NVIDIA,2019.0,6144.0,GDDR6,192.0,928.0,1500.0,288.0,12.0,6.0,1x 8-pin,1536.0,1770.0,GTX,1660.0,Yes,No
Consolidated,GTX 980,28500.0,GIGABYTE,6.0,NVIDIA,NVIDIA,2014.0,4096.0,GDDR5,256.0,928.0,1753.0,224.4,28.0,5.0,2x 6-pin,2048.0,1216.0,GTX,980.0,No,No
Consolidated,GTX 1070,41000.0,ASUS,8.0,NVIDIA,NVIDIA,2016.0,8192.0,GDDR5,256.0,928.0,2002.0,256.3,16.0,7.0,1x 8-pin,1920.0,1683.0,GTX,1070.0,No,No
Consolidated,GTX 980,36500.0,MSI,6.0,NVIDIA,NVIDIA,2014.0,4096.0,GDDR5,256.0,928.0,1753.0,224.4,28.0,5.0,2x 6-pin,2048.0,1216.0,GTX,980.0,No,No
Consolidated,GTX 1070,50500.0,ASUS,8.0,NVIDIA,NVIDIA,2016.0,8192.0,GDDR5,256.0,928.0,2002.0,256.3,16.0,7.0,1x 8-pin,1920.0,1683.0,GTX,1070.0,No,No
Consolidated,GTX 660 TI,6000.0,ZOTAC,2.0,NVIDIA,NVIDIA,2012.0,2048.0,GDDR5,192.0,928.0,1502.0,144.2,28.0,3.0,2x 6-pin,1344.0,980.0,GTX,660.0,Yes,No
Consolidated,GTX 1650 SUPER,35000.0,GIGABYTE,4.0,NVIDIA,NVIDIA,2019.0,4096.0,GDDR6,128.0,928.0,1500.0,192.0,12.0,6.0,1x 6-pin,1280.0,1725.0,GTX,1650.0,No,No
Consolidated,GTX 660,10500.0,GIGABYTE,0.5,NVIDIA,NVIDIA,2012.0,2048.0,GDDR5,192.0,928.0,1502.0,144.2,28.0,2.0,1x 6-pin,960.0,1032.0,GTX,660.0,No,No
Consolidated,RTX 3070 TI,112000.0,GIGABYTE,8.0,NVIDIA,NVIDIA,2021.0,8192.0,GDDR6X,256.0,928.0,1188.0,608.3,8.0,17.0,1x 12-pin,6144.0,1770.0,RTX,3070.0,Yes,No
Consolidated,GTX 750 TI,12500.0,ZOTAC,2.0,NVIDIA,NVIDIA,2014.0,2048.0,GDDR5,128.0,928.0,1350.0,86.4,28.0,1.0,Unknown,640.0,1085.0,GTX,750.0,Yes,No
Consolidated,GTX 660,13500.0,GIGABYTE,1.5,NVIDIA,NVIDIA,2012.0,2048.0,GDDR5,192.0,928.0,1502.0,144.2,28.0,2.0,1x 6-pin,960.0,1032.0,GTX,660.0,No,No
Consolidated,RX 6600 XT,74000.0,GALAX,8.0,AMD,AMD,2021.0,8192.0,GDDR6,128.0,928.0,2000.0,256.0,7.0,11.0,1x 8-pin,2048.0,2589.0,RX,6600.0,No,No
Consolidated,RX 470,19000.0,ASUS,8.0,AMD,AMD,2016.0,4096.0,GDDR5,256.0,928.0,1650.0,211.2,14.0,5.0,1x 6-pin,2048.0,1206.0,RX,470.0,No,No
Consolidated,RTX 3070 TI,128000.0,MSI,8.0,NVIDIA,NVIDIA,2021.0,8192.0,GDDR6X,256.0,928.0,1188.0,608.3,8.0,17.0,1x 12-pin,6144.0,1770.0,RTX,3070.0,Yes,No
Consolidated,RTX 3070,116000.0,GIGABYTE,8.0,NVIDIA,NVIDIA,2020.0,8192.0,GDDR6,256.0,928.0,1750.0,448.0,8.0,17.0,1x 12-pin,5888.0,1725.0,RTX,3070.0,No,No
Consolidated,GTX 1080,52500.0,MSI,8.0,NVIDIA,NVIDIA,2016.0,8192.0,GDDR5X,256.0,928.0,1251.0,320.3,16.0,7.0,1x 8-pin,2560.0,1733.0,GTX,1080.0,No,No
Consolidated,RTX 3060 TI,96000.0,PALIT,8.0,NVIDIA,NVIDIA,2020.0,8192.0,GDDR6,256.0,928.0,1750.0,448.0,8.0,17.0,1x 12-pin,4864.0,1665.0,RTX,3060.0,Yes,No
Consolidated,GTX 650,6500.0,ASUS,1.0,NVIDIA,NVIDIA,2013.0,1024.0,GDDR5,128.0,1058.0,1250.0,80.0,28.0,2.0,1x 6-pin,384.0,1620.0,GTX,650.0,No,No
Consolidated,GTX 1650,40500.0,PALIT,4.0,NVIDIA,NVIDIA,2019.0,4096.0,GDDR5,128.0,928.0,2001.0,128.1,12.0,4.0,Unknown,896.0,1665.0,GTX,1650.0,No,No
Consolidated,GTX 650 TI,9500.0,ASUS,2.0,NVIDIA,NVIDIA,2012.0,1024.0,GDDR5,128.0,928.0,1350.0,86.4,28.0,2.0,1x 6-pin,768.0,1620.0,GTX,650.0,Yes,No
Consolidated,RX 6600 XT,82000.0,MSI,8.0,AMD,AMD,2021.0,8192.0,GDDR6,128.0,928.0,2000.0,256.0,7.0,11.0,1x 8-pin,2048.0,2589.0,RX,6600.0,No,No
Consolidated,GTX 1050,25500.0,ASUS,2.0,NVIDIA,NVIDIA,2018.0,3072.0,GDDR5,96.0,928.0,1752.0,84.1,14.0,3.0,Unknown,768.0,1518.0,GTX,1050.0,No,No
Consolidated,RX 6600,72000.0,GIGABYTE,8.0,AMD,AMD,2021.0,8192.0,GDDR6,128.0,928.0,1750.0,224.0,7.0,11.0,1x 8-pin,1792.0,2491.0,RX,6600.0,No,No
Consolidated,RTX 3050,78500.0,PALIT,8.0,NVIDIA,NVIDIA,2024.0,6144.0,GDDR6,96.0,928.0,1750.0,168.0,8.0,8.0,Unknown,2304.0,1470.0,RTX,3050.0,No,No
Consolidated,GTX 1650 SUPER,40500.0,MSI,4.0,NVIDIA,NVIDIA,2019.0,4096.0,GDDR6,128.0,928.0,1500.0,192.0,12.0,6.0,1x 6-pin,1280.0,1725.0,GTX,1650.0,No,No
Consolidated,GTX 1650,34500.0,ZOTAC,4.0,NVIDIA,NVIDIA,2019.0,4096.0,GDDR5,128.0,928.0,2001.0,128.1,12.0,4.0,Unknown,896.0,1665.0,GTX,1650.0,No,No
Consolidated,RX 5700 XT,53000.0,GIGABYTE,8.0,AMD,AMD,2019.0,8192.0,GDDR6,256.0,928.0,1750.0,448.0,7.0,10.0,1x 6-pin + 1x 8-pin,2560.0,1905.0,RX,5700.0,No,No
Consolidated,GTX 1070 TI,55500.0,GALAX,8.0,NVIDIA,NVIDIA,2017.0,8192.0,GDDR5,256.0,928.0,2002.0,256.3,16.0,7.0,1x 8-pin,2432.0,1683.0,GTX,1070.0,Yes,No
Consolidated,RX 6600 XT,70000.0,GIGABYTE,8.0,AMD,AMD,2021.0,8192.0,GDDR6,128.0,928.0,2000.0,256.0,7.0,11.0,1x 8-pin,2048.0,2589.0,RX,6600.0,No,No
Consolidated,RX 5700 XT,58000.0,GALAX,8.0,AMD,AMD,2019.0,8192.0,GDDR6,256.0,928.0,1750.0,448.0,7.0,10.0,1x 6-pin + 1x 8-pin,2560.0,1905.0,RX,5700.0,No,No
Consolidated,RTX 3050,66500.0,GIGABYTE,4.0,NVIDIA,NVIDIA,2024.0,6144.0,GDDR6,96.0,928.0,1750.0,168.0,8.0,8.0,Unknown,2304.0,1470.0,RTX,3050.0,No,No
Consolidated,GTX 960,21500.0,MSI,3.0,NVIDIA,NVIDIA,2015.0,2048.0,GDDR5,128.0,928.0,1753.0,112.2,28.0,2.0,1x 6-pin,1024.0,1178.0,GTX,960.0,No,No
Consolidated,RTX 3060,92000.0,MSI,6.0,NVIDIA,NVIDIA,2022.0,8192.0,GDDR6,128.0,928.0,1875.0,240.0,8.0,12.0,1x 12-pin,3584.0,1777.0,RTX,3060.0,No,No
Consolidated,RTX 3060,92500.0,ZOTAC,8.0,NVIDIA,NVIDIA,2022.0,8192.0,GDDR6,128.0,928.0,1875.0,240.0,8.0,12.0,1x 12-pin,3584.0,1777.0,RTX,3060.0,No,No
Consolidated,RX 470,21500.0,ASUS,4.0,AMD,AMD,2016.0,4096.0,GDDR5,256.0,928.0,1650.0,211.2,14.0,5.0,1x 6-pin,2048.0,1206.0,RX,470.0,No,No
Consolidated,GTX 970,26000.0,ZOTAC,4.0,NVIDIA,NVIDIA,2014.0,4096.0,GDDR5,256.0,928.0,1753.0,224.4,28.0,5.0,2x 6-pin,1664.0,1178.0,GTX,970.0,No,No
Consolidated,GTX 1660 TI,59500.0,ASUS,6.0,NVIDIA,NVIDIA,2019.0,6144.0,GDDR6,192.0,928.0,1500.0,288.0,12.0,6.0,1x 8-pin,1536.0,1770.0,GTX,1660.0,Yes,No
Consolidated,RX 560,16000.0,ZOTAC,4.0,AMD,AMD,2017.0,4096.0,GDDR5,128.0,928.0,1750.0,112.0,14.0,3.0,Unknown,1024.0,1275.0,RX,560.0,No,No
Consolidated,RTX 3070,114000.0,PALIT,8.0,NVIDIA,NVIDIA,2020.0,8192.0,GDDR6,256.0,928.0,1750.0,448.0,8.0,17.0,1x 12-pin,5888.0,1725.0,RTX,3070.0,No,No
Consolidated,GTX 1660 TI,52000.0,PALIT,6.0,NVIDIA,NVIDIA,2019.0,6144.0,GDDR6,192.0,928.0,1500.0,288.0,12.0,6.0,1x 8-pin,1536.0,1770.0,GTX,1660.0,Yes,No
Consolidated,RTX 2060 SUPER,67500.0,GIGABYTE,8.0,NVIDIA,NVIDIA,2019.0,8192.0,GDDR6,256.0,928.0,1750.0,448.0,12.0,10.0,1x 8-pin,2176.0,1650.0,RTX,2060.0,No,No
Consolidated,RTX 3050,71000.0,ASUS,4.0,NVIDIA,NVIDIA,2024.0,6144.0,GDDR6,96.0,928.0,1750.0,168.0,8.0,8.0,Unknown,2304.0,1470.0,RTX,3050.0,No,No
Consolidated,GTX 1650,40000.0,GALAX,4.0,NVIDIA,NVIDIA,2019.0,4096.0,GDDR5,128.0,928.0,2001.0,128.1,12.0,4.0,Unknown,896.0,1665.0,GTX,1650.0,No,No
Consolidated,RTX 3070,91500.0,ASUS,8.0,NVIDIA,NVIDIA,2020.0,8192.0,GDDR6,256.0,928.0,1750.0,448.0,8.0,17.0,1x 12-pin,5888.0,1725.0,RTX,3070.0,No,No
Consolidated,GTX 980,28500.0,ZOTAC,6.0,NVIDIA,NVIDIA,2014.0,4096.0,GDDR5,256.0,928.0,1753.0,224.4,28.0,5.0,2x 6-pin,2048.0,1216.0,GTX,980.0,No,No
Consolidated,RTX 3070,104500.0,ZOTAC,8.0,NVIDIA,NVIDIA,2020.0,8192.0,GDDR6,256.0,928.0,1750.0,448.0,8.0,17.0,1x 12-pin,5888.0,1725.0,RTX,3070.0,No,No
Consolidated,GTX 950,15500.0,GIGABYTE,2.0,NVIDIA,NVIDIA,2015.0,2048.0,GDDR5,128.0,928.0,1653.0,105.8,28.0,2.0,1x 6-pin,768.0,1188.0,GTX,950.0,No,No
Consolidated,GTX 1070,44500.0,ASUS,8.0,NVIDIA,NVIDIA,2016.0,8192.0,GDDR5,256.0,928.0,2002.0,256.3,16.0,7.0,1x 8-pin,1920.0,1683.0,GTX,1070.0,No,No
Consolidated,RX 6600 XT,81000.0,ASUS,8.0,AMD,AMD,2021.0,8192.0,GDDR6,128.0,928.0,2000.0,256.0,7.0,11.0,1x 8-pin,2048.0,2589.0,RX,6600.0,No,No
Consolidated,RTX 3070 TI,105500.0,ASUS,8.0,NVIDIA,NVIDIA,2021.0,8192.0,GDDR6X,256.0,928.0,1188.0,608.3,8.0,17.0,1x 12-pin,6144.0,1770.0,RTX,3070.0,Yes,No
Consolidated,RX 5700 XT,51500.0,ZOTAC,8.0,AMD,AMD,2019.0,8192.0,GDDR6,256.0,928.0,1750.0,448.0,7.0,10.0,1x 6-pin + 1x 8-pin,2560.0,1905.0,RX,5700.0,No,No
Consolidated,RTX 3070 TI,117500.0,MSI,8.0,NVIDIA,NVIDIA,2021.0,8192.0,GDDR6X,256.0,928.0,1188.0,608.3,8.0,17.0,1x 12-pin,6144.0,1770.0,RTX,3070.0,Yes,No
Consolidated,RX 5700 XT,57500.0,GIGABYTE,8.0,AMD,AMD,2019.0,8192.0,GDDR6,256.0,928.0,1750.0,448.0,7.0,10.0,1x 6-pin + 1x 8-pin,2560.0,1905.0,RX,5700.0,No,No
Consolidated,GTX 1660 SUPER,47000.0,ZOTAC,6.0,NVIDIA,NVIDIA,2019.0,6144.0,GDDR6,192.0,928.0,1750.0,336.0,12.0,6.0,1x 8-pin,1408.0,1785.0,GTX,1660.0,No,No
Consolidated,GTX 1650 SUPER,37500.0,MSI,4.0,NVIDIA,NVIDIA,2019.0,4096.0,GDDR6,128.0,928.0,1500.0,192.0,12.0,6.0,1x 6-pin,1280.0,1725.0,GTX,1650.0,No,No
Consolidated,RX 6600,66500.0,MSI,8.0,AMD,AMD,2021.0,8192.0,GDDR6,128.0,928.0,1750.0,224.0,7.0,11.0,1x 8-pin,1792.0,2491.0,RX,6600.0,No,No
Consolidated,RTX 2060 SUPER,69500.0,MSI,8.0,NVIDIA,NVIDIA,2019.0,8192.0,GDDR6,256.0,928.0,1750.0,448.0,12.0,10.0,1x 8-pin,2176.0,1650.0,RTX,2060.0,No,No
Consolidated,RX 6600,80000.0,GALAX,8.0,AMD,AMD,2021.0,8192.0,GDDR6,128.0,928.0,1750.0,224.0,7.0,11.0,1x 8-pin,1792.0,2491.0,RX,6600.0,No,No
Consolidated,GTX 1650,37500.0,ZOTAC,4.0,NVIDIA,NVIDIA,2019.0,4096.0,GDDR5,128.0,928.0,2001.0,128.1,12.0,4.0,Unknown,896.0,1665.0,GTX,1650.0,No,No
Consolidated,GTX 750 TI,12500.0,PALIT,2.0,NVIDIA,NVIDIA,2014.0,2048.0,GDDR5,128.0,928.0,1350.0,86.4,28.0,1.0,Unknown,640.0,1085.0,GTX,750.0,Yes,No
Consolidated,GTX 970,27500.0,ZOTAC,4.0,NVIDIA,NVIDIA,2014.0,4096.0,GDDR5,256.0,928.0,1753.0,224.4,28.0,5.0,2x 6-pin,1664.0,1178.0,GTX,970.0,No,No
Consolidated,RX 5600 XT,47000.0,MSI,6.0,AMD,AMD,2020.0,6144.0,GDDR6,192.0,928.0,1500.0,288.0,7.0,10.0,1x 8-pin,2304.0,1560.0,RX,5600.0,No,No
Consolidated,GTX 750,11000.0,MSI,1.0,NVIDIA,NVIDIA,2014.0,1024.0,GDDR5,128.0,928.0,1253.0,80.19,28.0,1.0,Unknown,512.0,1085.0,GTX,750.0,No,No
Consolidated,GTX 1070,52000.0,ASUS,8.0,NVIDIA,NVIDIA,2016.0,8192.0,GDDR5,256.0,928.0,2002.0,256.3,16.0,7.0,1x 8-pin,1920.0,1683.0,GTX,1070.0,No,No
Consolidated,RX 570,31500.0,MSI,4.0,AMD,AMD,2017.0,4096.0,GDDR5,256.0,928.0,1750.0,224.0,14.0,5.0,1x 6-pin,2048.0,1244.0,RX,570.0,No,No
Consolidated,RTX 3050,66500.0,ZOTAC,8.0,NVIDIA,NVIDIA,2024.0,6144.0,GDDR6,96.0,928.0,1750.0,168.0,8.0,8.0,Unknown,2304.0,1470.0,RTX,3050.0,No,No
Consolidated,GTX 1070 TI,53500.0,ZOTAC,8.0,NVIDIA,NVIDIA,2017.0,8192.0,GDDR5,256.0,928.0,2002.0,256.3,16.0,7.0,1x 8-pin,2432.0,1683.0,GTX,1070.0,Yes,No
Consolidated,RX 5500 XT,2500.0,PALIT,4.0,AMD,AMD,2019.0,4096.0,GDDR6,128.0,928.0,1750.0,224.0,7.0,6.0,1x 8-pin,1408.0,1845.0,RX,5500.0,No,No
Consolidated,RTX 3060 TI,109000.0,MSI,8.0,NVIDIA,NVIDIA,2020.0,8192.0,GDDR6,256.0,928.0,1750.0,448.0,8.0,17.0,1x 12-pin,4864.0,1665.0,RTX,3060.0,Yes,No
Consolidated,RX 460,19000.0,ZOTAC,4.0,AMD,AMD,2016.0,2048.0,GDDR5,128.0,928.0,1750.0,112.0,14.0,3.0,Unknown,896.0,1200.0,RX,460.0,No,No
Consolidated,RTX 2070,85500.0,GIGABYTE,8.0,NVIDIA,NVIDIA,2018.0,8192.0,GDDR6,256.0,928.0,1750.0,448.0,12.0,10.0,1x 8-pin,2304.0,1620.0,RTX,2070.0,No,No
Consolidated,GTX 660 TI,7000.0,GIGABYTE,2.0,NVIDIA,NVIDIA,2012.0,2048.0,GDDR5,192.0,928.0,1502.0,144.2,28.0,3.0,2x 6-pin,1344.0,980.0,GTX,660.0,Yes,No
Consolidated,RTX 2070,66500.0,MSI,8.0,NVIDIA,NVIDIA,2018.0,8192.0,GDDR6,256.0,928.0,1750.0,448.0,12.0,10.0,1x 8-pin,2304.0,1620.0,RTX,2070.0,No,No
Consolidated,RTX 3070,101000.0,GIGABYTE,8.0,NVIDIA,NVIDIA,2020.0,8192.0,GDDR6,256.0,928.0,1750.0,448.0,8.0,17.0,1x 12-pin,5888.0,1725.0,RTX,3070.0,No,No
Consolidated,RTX 3060 TI,92000.0,ASUS,8.0,NVIDIA,NVIDIA,2020.0,8192.0,GDDR6,256.0,928.0,1750.0,448.0,8.0,17.0,1x 12-pin,4864.0,1665.0,RTX,3060.0,Yes,No
Consolidated,GTX 1050 TI,28500.0,MSI,4.0,NVIDIA,NVIDIA,2016.0,4096.0,GDDR5,128.0,928.0,1752.0,112.1,14.0,3.0,Unknown,768.0,1392.0,GTX,1050.0,Yes,No
Consolidated,RX 5500 XT,3000.0,MSI,4.0,AMD,AMD,2019.0,4096.0,GDDR6,128.0,928.0,1750.0,224.0,7.0,6.0,1x 8-pin,1408.0,1845.0,RX,5500.0,No,No
Consolidated,GTX 1660 SUPER,45500.0,ZOTAC,6.0,NVIDIA,NVIDIA,2019.0,6144.0,GDDR6,192.0,928.0,1750.0,336.0,12.0,6.0,1x 8-pin,1408.0,1785.0,GTX,1660.0,No,No
Consolidated,RX 470,21000.0,ZOTAC,8.0,AMD,AMD,2016.0,4096.0,GDDR5,256.0,928.0,1650.0,211.2,14.0,5.0,1x 6-pin,2048.0,1206.0,RX,470.0,No,No
Consolidated,RTX 2070,73500.0,ZOTAC,8.0,NVIDIA,NVIDIA,2018.0,8192.0,GDDR6,256.0,928.0,1750.0,448.0,12.0,10.0,1x 8-pin,2304.0,1620.0,RTX,2070.0,No,No
Consolidated,GTX 760,13000.0,GIGABYTE,1.5,NVIDIA,NVIDIA,2013.0,2048.0,GDDR5,256.0,928.0,1502.0,192.3,28.0,3.0,2x 6-pin,1152.0,1032.0,GTX,760.0,No,No
Consolidated,RX 6600 XT,77000.0,ZOTAC,8.0,AMD,AMD,2021.0,8192.0,GDDR6,128.0,928.0,2000.0,256.0,7.0,11.0,1x 8-pin,2048.0,2589.0,RX,6600.0,No,No
Consolidated,GTX 660 TI,6000.0,MSI,2.0,NVIDIA,NVIDIA,2012.0,2048.0,GDDR5,192.0,928.0,1502.0,144.2,28.0,3.0,2x 6-pin,1344.0,980.0,GTX,660.0,Yes,No
Consolidated,GTX 750,11500.0,MSI,2.0,NVIDIA,NVIDIA,2014.0,1024.0,GDDR5,128.0,928.0,1253.0,80.19,28.0,1.0,Unknown,512.0,1085.0,GTX,750.0,No,No
Consolidated,RX 590,42000.0,ASUS,8.0,AMD,AMD,2018.0,8192.0,GDDR5,256.0,928.0,2000.0,256.0,12.0,5.0,1x 8-pin,2304.0,1545.0,RX,590.0,No,No
Consolidated,GTX 750,11000.0,MSI,2.0,NVIDIA,NVIDIA,2014.0,1024.0,GDDR5,128.0,928.0,1253.0,80.19,28.0,1.0,Unknown,512.0,1085.0,GTX,750.0,No,No
Consolidated,RTX 2070,72500.0,MSI,8.0,NVIDIA,NVIDIA,2018.0,8192.0,GDDR6,256.0,928.0,1750.0,448.0,12.0,10.0,1x 8-pin,2304.0,1620.0,RTX,2070.0,No,No
Consolidated,RTX 3070,116500.0,GIGABYTE,8.0,NVIDIA,NVIDIA,2020.0,8192.0,GDDR6,256.0,928.0,1750.0,448.0,8.0,17.0,1x 12-pin,5888.0,1725.0,RTX,3070.0,No,No
Consolidated,RTX 3050,75500.0,MSI,4.0,NVIDIA,NVIDIA,2024.0,6144.0,GDDR6,96.0,928.0,1750.0,168.0,8.0,8.0,Unknown,2304.0,1470.0,RTX,3050.0,No,No
Consolidated,RX 6600,64000.0,GALAX,4.0,AMD,AMD,2021.0,8192.0,GDDR6,128.0,928.0,1750.0,224.0,7.0,11.0,1x 8-pin,1792.0,2491.0,RX,6600.0,No,No
Consolidated,GTX 1070,51000.0,MSI,8.0,NVIDIA,NVIDIA,2016.0,8192.0,GDDR5,256.0,928.0,2002.0,256.3,16.0,7.0,1x 8-pin,1920.0,1683.0,GTX,1070.0,No,No
Consolidated,GTX 660 TI,5500.0,GIGABYTE,2.0,NVIDIA,NVIDIA,2012.0,2048.0,GDDR5,192.0,928.0,1502.0,144.2,28.0,3.0,2x 6-pin,1344.0,980.0,GTX,660.0,Yes,No
Consolidated,RX 580,34000.0,MSI,8.0,AMD,AMD,2017.0,8192.0,GDDR5,256.0,928.0,2000.0,256.0,14.0,5.0,1x 8-pin,2304.0,1340.0,RX,580.0,No,No
Consolidated,RX 6600,65500.0,GALAX,8.0,AMD,AMD,2021.0,8192.0,GDDR6,128.0,928.0,1750.0,224.0,7.0,11.0,1x 8-pin,1792.0,2491.0,RX,6600.0,No,No
Consolidated,RTX 3060,91000.0,ZOTAC,8.0,NVIDIA,NVIDIA,2022.0,8192.0,GDDR6,128.0,928.0,1875.0,240.0,8.0,12.0,1x 12-pin,3584.0,1777.0,RTX,3060.0,No,No
Consolidated,GTX 750,9500.0,GALAX,1.0,NVIDIA,NVIDIA,2014.0,1024.0,GDDR5,128.0,928.0,1253.0,80.19,28.0,1.0,Unknown,512.0,1085.0,GTX,750.0,No,No
Consolidated,GTX 1060,38000.0,GALAX,5.0,NVIDIA,NVIDIA,2017.0,5120.0,GDDR5,160.0,928.0,2002.0,160.2,16.0,4.0,1x 6-pin,1280.0,1709.0,GTX,1060.0,No,No
Consolidated,RX 470,18500.0,ZOTAC,4.0,AMD,AMD,2016.0,4096.0,GDDR5,256.0,928.0,1650.0,211.2,14.0,5.0,1x 6-pin,2048.0,1206.0,RX,470.0,No,No
Consolidated,RX 5600 XT,48000.0,MSI,6.0,AMD,AMD,2020.0,6144.0,GDDR6,192.0,928.0,1500.0,288.0,7.0,10.0,1x 8-pin,2304.0,1560.0,RX,5600.0,No,No
Consolidated,RX 560,18000.0,GALAX,6.0,AMD,AMD,2017.0,4096.0,GDDR5,128.0,928.0,1750.0,112.0,14.0,3.0,Unknown,1024.0,1275.0,RX,560.0,No,No
Consolidated,RX 470,19000.0,MSI,4.0,AMD,AMD,2016.0,4096.0,GDDR5,256.0,928.0,1650.0,211.2,14.0,5.0,1x 6-pin,2048.0,1206.0,RX,470.0,No,No
Consolidated,GTX 660 TI,6000.0,GIGABYTE,2.0,NVIDIA,NVIDIA,2012.0,2048.0,GDDR5,192.0,928.0,1502.0,144.2,28.0,3.0,2x 6-pin,1344.0,980.0,GTX,660.0,Yes,No
Consolidated,RX 590,39000.0,MSI,8.0,AMD,AMD,2018.0,8192.0,GDDR5,256.0,928.0,2000.0,256.0,12.0,5.0,1x 8-pin,2304.0,1545.0,RX,590.0,No,No
Consolidated,RX 570,33000.0,PALIT,4.0,AMD,AMD,2017.0,4096.0,GDDR5,256.0,928.0,1750.0,224.0,14.0,5.0,1x 6-pin,2048.0,1244.0,RX,570.0,No,No
Consolidated,GTX 1080,48500.0,ZOTAC,8.0,NVIDIA,NVIDIA,2016.0,8192.0,GDDR5X,256.0,928.0,1251.0,320.3,16.0,7.0,1x 8-pin,2560.0,1733.0,GTX,1080.0,No,No
Consolidated,RX 590,43000.0,GIGABYTE,8.0,AMD,AMD,2018.0,8192.0,GDDR5,256.0,928.0,2000.0,256.0,12.0,5.0,1x 8-pin,2304.0,1545.0,RX,590.0,No,No
Consolidated,GTX 760,16500.0,PALIT,2.0,NVIDIA,NVIDIA,2013.0,2048.0,GDDR5,256.0,928.0,1502.0,192.3,28.0,3.0,2x 6-pin,1152.0,1032.0,GTX,760.0,No,No
Consolidated,GTX 970,23500.0,MSI,6.0,NVIDIA,NVIDIA,2014.0,4096.0,GDDR5,256.0,928.0,1753.0,224.4,28.0,5.0,2x 6-pin,1664.0,1178.0,GTX,970.0,No,No
Consolidated,RX 5500 XT,3000.0,ZOTAC,4.0,AMD,AMD,2019.0,4096.0,GDDR6,128.0,928.0,1750.0,224.0,7.0,6.0,1x 8-pin,1408.0,1845.0,RX,5500.0,No,No
Consolidated,GTX 650,7000.0,GIGABYTE,1.0,NVIDIA,NVIDIA,2013.0,1024.0,GDDR5,128.0,1058.0,1250.0,80.0,28.0,2.0,1x 6-pin,384.0,1620.0,GTX,650.0,No,No
Consolidated,RX 6600 XT,78000.0,GIGABYTE,8.0,AMD,AMD,2021.0,8192.0,GDDR6,128.0,928.0,2000.0,256.0,7.0,11.0,1x 8-pin,2048.0,2589.0,RX,6600.0,No,No
Consolidated,GTX 650,8000.0,GIGABYTE,1.0,NVIDIA,NVIDIA,2013.0,1024.0,GDDR5,128.0,1058.0,1250.0,80.0,28.0,2.0,1x 6-pin,384.0,1620.0,GTX,650.0,No,No
Consolidated,GTX 1050 TI,29000.0,GIGABYTE,4.0,NVIDIA,NVIDIA,2016.0,4096.0,GDDR5,128.0,928.0,1752.0,112.1,14.0,3.0,Unknown,768.0,1392.0,GTX,1050.0,Yes,No
Consolidated,RX 5600 XT,60500.0,ZOTAC,6.0,AMD,AMD,2020.0,6144.0,GDDR6,192.0,928.0,1500.0,288.0,7.0,10.0,1x 8-pin,2304.0,1560.0,RX,5600.0,No,No
Consolidated,RX 560,14500.0,ASUS,4.0,AMD,AMD,2017.0,4096.0,GDDR5,128.0,928.0,1750.0,112.0,14.0,3.0,Unknown,1024.0,1275.0,RX,560.0,No,No
Consolidated,RTX 2070,68500.0,ASUS,8.0,NVIDIA,NVIDIA,2018.0,8192.0,GDDR6,256.0,928.0,1750.0,448.0,12.0,10.0,1x 8-pin,2304.0,1620.0,RTX,2070.0,No,No
Consolidated,GTX 1050 TI,28000.0,MSI,4.0,NVIDIA,NVIDIA,2016.0,4096.0,GDDR5,128.0,928.0,1752.0,112.1,14.0,3.0,Unknown,768.0,1392.0,GTX,1050.0,Yes,No
Consolidated,RX 570,31500.0,ASUS,4.0,AMD,AMD,2017.0,4096.0,GDDR5,256.0,928.0,1750.0,224.0,14.0,5.0,1x 6-pin,2048.0,1244.0,RX,570.0,No,No
Consolidated,GTX 660 TI,6500.0,MSI,2.0,NVIDIA,NVIDIA,2012.0,2048.0,GDDR5,192.0,928.0,1502.0,144.2,28.0,3.0,2x 6-pin,1344.0,980.0,GTX,660.0,Yes,No
Consolidated,GTX 1650,34000.0,MSI,4.0,NVIDIA,NVIDIA,2019.0,4096.0,GDDR5,128.0,928.0,2001.0,128.1,12.0,4.0,Unknown,896.0,1665.0,GTX,1650.0,No,No
Consolidated,GTX 1080,47500.0,GIGABYTE,8.0,NVIDIA,NVIDIA,2016.0,8192.0,GDDR5X,256.0,928.0,1251.0,320.3,16.0,7.0,1x 8-pin,2560.0,1733.0,GTX,1080.0,No,No
Consolidated,RTX 2060 SUPER,64500.0,GIGABYTE,8.0,NVIDIA,NVIDIA,2019.0,8192.0,GDDR6,256.0,928.0,1750.0,448.0,12.0,10.0,1x 8-pin,2176.0,1650.0,RTX,2060.0,No,No
Consolidated,GTX 1050 TI,29000.0,ZOTAC,4.0,NVIDIA,NVIDIA,2016.0,4096.0,GDDR5,128.0,928.0,1752.0,112.1,14.0,3.0,Unknown,768.0,1392.0,GTX,1050.0,Yes,No
Consolidated,RX 570,31500.0,MSI,4.0,AMD,AMD,2017.0,4096.0,GDDR5,256.0,928.0,1750.0,224.0,14.0,5.0,1x 6-pin,2048.0,1244.0,RX,570.0,No,No
Consolidated,GTX 1650,35000.0,MSI,4.0,NVIDIA,NVIDIA,2019.0,4096.0,GDDR5,128.0,928.0,2001.0,128.1,12.0,4.0,Unknown,896.0,1665.0,GTX,1650.0,No,No
Consolidated,GTX 550 TI,7000.0,GIGABYTE,1.0,NVIDIA,NVIDIA,2011.0,1024.0,GDDR5,192.0,900.0,1026.0,98.5,40.0,1.0,1x 6-pin,192.0,1620.0,GTX,550.0,Yes,No
Consolidated,GTX 1070,41500.0,ZOTAC,8.0,NVIDIA,NVIDIA,2016.0,8192.0,GDDR5,256.0,928.0,2002.0,256.3,16.0,7.0,1x 8-pin,1920.0,1683.0,GTX,1070.0,No,No
Consolidated,GTX 660,11500.0,ASUS,0.5,NVIDIA,NVIDIA,2012.0,2048.0,GDDR5,192.0,928.0,1502.0,144.2,28.0,2.0,1x 6-pin,960.0,1032.0,GTX,660.0,No,No
Consolidated,RTX 3070 TI,114000.0,MSI,8.0,NVIDIA,NVIDIA,2021.0,8192.0,GDDR6X,256.0,928.0,1188.0,608.3,8.0,17.0,1x 12-pin,6144.0,1770.0,RTX,3070.0,Yes,No
Consolidated,RX 5600 XT,51500.0,GIGABYTE,6.0,AMD,AMD,2020.0,6144.0,GDDR6,192.0,928.0,1500.0,288.0,7.0,10.0,1x 8-pin,2304.0,1560.0,RX,5600.0,No,No
Consolidated,RX 6600,72500.0,MSI,4.0,AMD,AMD,2021.0,8192.0,GDDR6,128.0,928.0,1750.0,224.0,7.0,11.0,1x 8-pin,1792.0,2491.0,RX,6600.0,No,No
Consolidated,RX 590,38500.0,GALAX,8.0,AMD,AMD,2018.0,8192.0,GDDR5,256.0,928.0,2000.0,256.0,12.0,5.0,1x 8-pin,2304.0,1545.0,RX,590.0,No,No
Consolidated,GTX 1650,35500.0,ASUS,4.0,NVIDIA,NVIDIA,2019.0,4096.0,GDDR5,128.0,928.0,2001.0,128.1,12.0,4.0,Unknown,896.0,1665.0,GTX,1650.0,No,No
Consolidated,GTX 650,8000.0,ZOTAC,1.0,NVIDIA,NVIDIA,2013.0,1024.0,GDDR5,128.0,1058.0,1250.0,80.0,28.0,2.0,1x 6-pin,384.0,1620.0,GTX,650.0,No,No
Consolidated,RX 590,33500.0,ASUS,8.0,AMD,AMD,2018.0,8192.0,GDDR5,256.0,928.0,2000.0,256.0,12.0,5.0,1x 8-pin,2304.0,1545.0,RX,590.0,No,No
Consolidated,GTX 1050 TI,30500.0,GIGABYTE,4.0,NVIDIA,NVIDIA,2016.0,4096.0,GDDR5,128.0,928.0,1752.0,112.1,14.0,3.0,Unknown,768.0,1392.0,GTX,1050.0,Yes,No
Consolidated,GTX 660,12000.0,GALAX,2.0,NVIDIA,NVIDIA,2012.0,2048.0,GDDR5,192.0,928.0,1502.0,144.2,28.0,2.0,1x 6-pin,960.0,1032.0,GTX,660.0,No,No
Consolidated,GTX 650,6500.0,PALIT,1.0,NVIDIA,NVIDIA,2013.0,1024.0,GDDR5,128.0,1058.0,1250.0,80.0,28.0,2.0,1x 6-pin,384.0,1620.0,GTX,650.0,No,No
Consolidated,GTX 660,12500.0,ASUS,1.5,NVIDIA,NVIDIA,2012.0,2048.0,GDDR5,192.0,928.0,1502.0,144.2,28.0,2.0,1x 6-pin,960.0,1032.0,GTX,660.0,No,No
Consolidated,GTX 660,13500.0,GIGABYTE,2.0,NVIDIA,NVIDIA,2012.0,2048.0,GDDR5,192.0,928.0,1502.0,144.2,28.0,2.0,1x 6-pin,960.0,1032.0,GTX,660.0,No,No
Consolidated,RX 560,15000.0,MSI,6.0,AMD,AMD,2017.0,4096.0,GDDR5,128.0,928.0,1750.0,112.0,14.0,3.0,Unknown,1024.0,1275.0,RX,560.0,No,No
Consolidated,RTX 2070,79000.0,PALIT,8.0,NVIDIA,NVIDIA,2018.0,8192.0,GDDR6,256.0,928.0,1750.0,448.0,12.0,10.0,1x 8-pin,2304.0,1620.0,RTX,2070.0,No,No
Consolidated,GTX 1050,22000.0,ASUS,2.0,NVIDIA,NVIDIA,2018.0,3072.0,GDDR5,96.0,928.0,1752.0,84.1,14.0,3.0,Unknown,768.0,1518.0,GTX,1050.0,No,No
Consolidated,RX 5600 XT,50500.0,ASUS,6.0,AMD,AMD,2020.0,6144.0,GDDR6,192.0,928.0,1500.0,288.0,7.0,10.0,1x 8-pin,2304.0,1560.0,RX,5600.0,No,No
Consolidated,RX 580,33000.0,GIGABYTE,8.0,AMD,AMD,2017.0,8192.0,GDDR5,256.0,928.0,2000.0,256.0,14.0,5.0,1x 8-pin,2304.0,1340.0,RX,580.0,No,No
Consolidated,GTX 750 TI,12000.0,ZOTAC,2.0,NVIDIA,NVIDIA,2014.0,2048.0,GDDR5,128.0,928.0,1350.0,86.4,28.0,1.0,Unknown,640.0,1085.0,GTX,750.0,Yes,No
Consolidated,RX 6600 XT,88500.0,GIGABYTE,8.0,AMD,AMD,2021.0,8192.0,GDDR6,128.0,928.0,2000.0,256.0,7.0,11.0,1x 8-pin,2048.0,2589.0,RX,6600.0,No,No
Consolidated,GTX 650 TI,7000.0,GIGABYTE,1.0,NVIDIA,NVIDIA,2012.0,1024.0,GDDR5,128.0,928.0,1350.0,86.4,28.0,2.0,1x 6-pin,768.0,1620.0,GTX,650.0,Yes,No
Consolidated,GTX 550 TI,6500.0,ASUS,1.0,NVIDIA,NVIDIA,2011.0,1024.0,GDDR5,192.0,900.0,1026.0,98.5,40.0,1.0,1x 6-pin,192.0,1620.0,GTX,550.0,Yes,No
Consolidated,RX 6600,77000.0,GIGABYTE,4.0,AMD,AMD,2021.0,8192.0,GDDR6,128.0,928.0,1750.0,224.0,7.0,11.0,1x 8-pin,1792.0,2491.0,RX,6600.0,No,No
Consolidated,RX 5500 XT,3500.0,MSI,4.0,AMD,AMD,2019.0,4096.0,GDDR6,128.0,928.0,1750.0,224.0,7.0,6.0,1x 8-pin,1408.0,1845.0,RX,5500.0,No,No
Consolidated,GTX 1050,24000.0,GIGABYTE,3.0,NVIDIA,NVIDIA,2018.0,3072.0,GDDR5,96.0,928.0,1752.0,84.1,14.0,3.0,Unknown,768.0,1518.0,GTX,1050.0,No,No
Consolidated,RTX 3060,86000.0,GIGABYTE,12.0,NVIDIA,NVIDIA,2022.0,8192.0,GDDR6,128.0,928.0,1875.0,240.0,8.0,12.0,1x 12-pin,3584.0,1777.0,RTX,3060.0,No,No
Consolidated,RX 580,32500.0,GALAX,4.0,AMD,AMD,2017.0,8192.0,GDDR5,256.0,928.0,2000.0,256.0,14.0,5.0,1x 8-pin,2304.0,1340.0,RX,580.0,No,No
Consolidated,RX 6600 XT,87000.0,ASUS,8.0,AMD,AMD,2021.0,8192.0,GDDR6,128.0,928.0,2000.0,256.0,7.0,11.0,1x 8-pin,2048.0,2589.0,RX,6600.0,No,No
Consolidated,GTX 750 TI,14500.0,ASUS,2.0,NVIDIA,NVIDIA,2014.0,2048.0,GDDR5,128.0,928.0,1350.0,86.4,28.0,1.0,Unknown,640.0,1085.0,GTX,750.0,Yes,No
Consolidated,GTX 550 TI,6000.0,ZOTAC,1.0,NVIDIA,NVIDIA,2011.0,1024.0,GDDR5,192.0,900.0,1026.0,98.5,40.0,1.0,1x 6-pin,192.0,1620.0,GTX,550.0,Yes,No
Consolidated,GTX 980,37000.0,PALIT,4.0,NVIDIA,NVIDIA,2014.0,4096.0,GDDR5,256.0,928.0,1753.0,224.4,28.0,5.0,2x 6-pin,2048.0,1216.0,GTX,980.0,No,No
Consolidated,RX 5700 XT,52000.0,MSI,8.0,AMD,AMD,2019.0,8192.0,GDDR6,256.0,928.0,1750.0,448.0,7.0,10.0,1x 6-pin + 1x 8-pin,2560.0,1905.0,RX,5700.0,No,No
Consolidated,RX 6600 XT,78500.0,MSI,8.0,AMD,AMD,2021.0,8192.0,GDDR6,128.0,928.0,2000.0,256.0,7.0,11.0,1x 8-pin,2048.0,2589.0,RX,6600.0,No,No
Consolidated,RTX 3070 TI,125000.0,ZOTAC,8.0,NVIDIA,NVIDIA,2021.0,8192.0,GDDR6X,256.0,928.0,1188.0,608.3,8.0,17.0,1x 12-pin,6144.0,1770.0,RTX,3070.0,Yes,No
Consolidated,GTX 1060,39000.0,ASUS,6.0,NVIDIA,NVIDIA,2017.0,5120.0,GDDR5,160.0,928.0,2002.0,160.2,16.0,4.0,1x 6-pin,1280.0,1709.0,GTX,1060.0,No,No
Consolidated,RX 590,32500.0,GIGABYTE,8.0,AMD,AMD,2018.0,8192.0,GDDR5,256.0,928.0,2000.0,256.0,12.0,5.0,1x 8-pin,2304.0,1545.0,RX,590.0,No,No
Consolidated,RX 5600 XT,49000.0,MSI,6.0,AMD,AMD,2020.0,6144.0,GDDR6,192.0,928.0,1500.0,288.0,7.0,10.0,1x 8-pin,2304.0,1560.0,RX,5600.0,No,No
Consolidated,RTX 3060,88000.0,GALAX,8.0,NVIDIA,NVIDIA,2022.0,8192.0,GDDR6,128.0,928.0,1875.0,240.0,8.0,12.0,1x 12-pin,3584.0,1777.0,RTX,3060.0,No,No
Consolidated,GTX 1080 TI,73500.0,ZOTAC,11.0,NVIDIA,NVIDIA,2017.0,11264.0,GDDR5X,352.0,928.0,1376.0,484.4,16.0,11.0,1x 6-pin + 1x 8-pin,3584.0,1582.0,GTX,1080.0,Yes,No
Consolidated,GTX 1070,43500.0,ASUS,8.0,NVIDIA,NVIDIA,2016.0,8192.0,GDDR5,256.0,928.0,2002.0,256.3,16.0,7.0,1x 8-pin,1920.0,1683.0,GTX,1070.0,No,No
Consolidated,GTX 750,10000.0,GALAX,1.0,NVIDIA,NVIDIA,2014.0,1024.0,GDDR5,128.0,928.0,1253.0,80.19,28.0,1.0,Unknown,512.0,1085.0,GTX,750.0,No,No
Consolidated,RX 5500 XT,2500.0,ZOTAC,4.0,AMD,AMD,2019.0,4096.0,GDDR6,128.0,928.0,1750.0,224.0,7.0,6.0,1x 8-pin,1408.0,1845.0,RX,5500.0,No,No
Consolidated,GTX 1050 TI,35000.0,PALIT,4.0,NVIDIA,NVIDIA,2016.0,4096.0,GDDR5,128.0,928.0,1752.0,112.1,14.0,3.0,Unknown,768.0,1392.0,GTX,1050.0,Yes,No
Consolidated,RX 570,29500.0,GIGABYTE,8.0,AMD,AMD,2017.0,4096.0,GDDR5,256.0,928.0,1750.0,224.0,14.0,5.0,1x 6-pin,2048.0,1244.0,RX,570.0,No,No
Consolidated,RTX 3070 TI,130000.0,GIGABYTE,8.0,NVIDIA,NVIDIA,2021.0,8192.0,GDDR6X,256.0,928.0,1188.0,608.3,8.0,17.0,1x 12-pin,6144.0,1770.0,RTX,3070.0,Yes,No
Consolidated,GTX 650 TI,9500.0,ASUS,1.0,NVIDIA,NVIDIA,2012.0,1024.0,GDDR5,128.0,928.0,1350.0,86.4,28.0,2.0,1x 6-pin,768.0,1620.0,GTX,650.0,Yes,No
Consolidated,GTX 1650,35000.0,MSI,4.0,NVIDIA,NVIDIA,2019.0,4096.0,GDDR5,128.0,928.0,2001.0,128.1,12.0,4.0,Unknown,896.0,1665.0,GTX,1650.0,No,No
Consolidated,RX 5600 XT,57500.0,ASUS,6.0,AMD,AMD,2020.0,6144.0,GDDR6,192.0,928.0,1500.0,288.0,7.0,10.0,1x 8-pin,2304.0,1560.0,RX,5600.0,No,No
Consolidated,GTX 660,12500.0,MSI,0.5,NVIDIA,NVIDIA,2012.0,2048.0,GDDR5,192.0,928.0,1502.0,144.2,28.0,2.0,1x 6-pin,960.0,1032.0,GTX,660.0,No,No
Consolidated,GTX 1650 SUPER,33500.0,ZOTAC,4.0,NVIDIA,NVIDIA,2019.0,4096.0,GDDR6,128.0,928.0,1500.0,192.0,12.0,6.0,1x 6-pin,1280.0,1725.0,GTX,1650.0,No,No
Consolidated,RX 570,28500.0,MSI,8.0,AMD,AMD,2017.0,4096.0,GDDR5,256.0,928.0,1750.0,224.0,14.0,5.0,1x 6-pin,2048.0,1244.0,RX,570.0,No,No
Consolidated,GTX 550 TI,7000.0,ZOTAC,1.0,NVIDIA,NVIDIA,2011.0,1024.0,GDDR5,192.0,900.0,1026.0,98.5,40.0,1.0,1x 6-pin,192.0,1620.0,GTX,550.0,Yes,No
Consolidated,GTX 1080,52000.0,GIGABYTE,8.0,NVIDIA,NVIDIA,2016.0,8192.0,GDDR5X,256.0,928.0,1251.0,320.3,16.0,7.0,1x 8-pin,2560.0,1733.0,GTX,1080.0,No,No
Consolidated,GTX 750,11000.0,ZOTAC,1.0,NVIDIA,NVIDIA,2014.0,1024.0,GDDR5,128.0,928.0,1253.0,80.19,28.0,1.0,Unknown,512.0,1085.0,GTX,750.0,No,No
Consolidated,RTX 2060 SUPER,75000.0,ZOTAC,8.0,NVIDIA,NVIDIA,2019.0,8192.0,GDDR6,256.0,928.0,1750.0,448.0,12.0,10.0,1x 8-pin,2176.0,1650.0,RTX,2060.0,No,No
Consolidated,RTX 3060 TI,96000.0,ZOTAC,8.0,NVIDIA,NVIDIA,2020.0,8192.0,GDDR6,256.0,928.0,1750.0,448.0,8.0,17.0,1x 12-pin,4864.0,1665.0,RTX,3060.0,Yes,No
Consolidated,RTX 3070 TI,126000.0,ZOTAC,8.0,NVIDIA,NVIDIA,2021.0,8192.0,GDDR6X,256.0,928.0,1188.0,608.3,8.0,17.0,1x 12-pin,6144.0,1770.0,RTX,3070.0,Yes,No
Consolidated,GTX 1660 SUPER,51000.0,GIGABYTE,6.0,NVIDIA,NVIDIA,2019.0,6144.0,GDDR6,192.0,928.0,1750.0,336.0,12.0,6.0,1x 8-pin,1408.0,1785.0,GTX,1660.0,No,No
Consolidated,GTX 1660 SUPER,50000.0,ZOTAC,6.0,NVIDIA,NVIDIA,2019.0,6144.0,GDDR6,192.0,928.0,1750.0,336.0,12.0,6.0,1x 8-pin,1408.0,1785.0,GTX,1660.0,No,No
Consolidated,RX 580,34000.0,GIGABYTE,8.0,AMD,AMD,2017.0,8192.0,GDDR5,256.0,928.0,2000.0,256.0,14.0,5.0,1x 8-pin,2304.0,1340.0,RX,580.0,No,No
Consolidated,GTX 970,24500.0,PALIT,6.0,NVIDIA,NVIDIA,2014.0,4096.0,GDDR5,256.0,928.0,1753.0,224.4,28.0,5.0,2x 6-pin,1664.0,1178.0,GTX,970.0,No,No
Consolidated,RX 590,37000.0,GIGABYTE,8.0,AMD,AMD,2018.0,8192.0,GDDR5,256.0,928.0,2000.0,256.0,12.0,5.0,1x 8-pin,2304.0,1545.0,RX,590.0,No,No
Consolidated,GTX 650 TI,9500.0,ZOTAC,2.0,NVIDIA,NVIDIA,2012.0,1024.0,GDDR5,128.0,928.0,1350.0,86.4,28.0,2.0,1x 6-pin,768.0,1620.0,GTX,650.0,Yes,No
Consolidated,GTX 1080,48500.0,GIGABYTE,8.0,NVIDIA,NVIDIA,2016.0,8192.0,GDDR5X,256.0,928.0,1251.0,320.3,16.0,7.0,1x 8-pin,2560.0,1733.0,GTX,1080.0,No,No
Consolidated,GTX 1070,42500.0,ASUS,8.0,NVIDIA,NVIDIA,2016.0,8192.0,GDDR5,256.0,928.0,2002.0,256.3,16.0,7.0,1x 8-pin,1920.0,1683.0,GTX,1070.0,No,No
Consolidated,GTX 1050 TI,30500.0,ASUS,4.0,NVIDIA,NVIDIA,2016.0,4096.0,GDDR5,128.0,928.0,1752.0,112.1,14.0,3.0,Unknown,768.0,1392.0,GTX,1050.0,Yes,No
Consolidated,GTX 950,16000.0,GIGABYTE,4.0,NVIDIA,NVIDIA,2015.0,2048.0,GDDR5,128.0,928.0,1653.0,105.8,28.0,2.0,1x 6-pin,768.0,1188.0,GTX,950.0,No,No
Consolidated,GTX 1050 TI,28500.0,ASUS,4.0,NVIDIA,NVIDIA,2016.0,4096.0,GDDR5,128.0,928.0,1752.0,112.1,14.0,3.0,Unknown,768.0,1392.0,GTX,1050.0,Yes,No
Consolidated,GTX 650,7500.0,GIGABYTE,1.0,NVIDIA,NVIDIA,2013.0,1024.0,GDDR5,128.0,1058.0,1250.0,80.0,28.0,2.0,1x 6-pin,384.0,1620.0,GTX,650.0,No,No
Consolidated,GTX 980,34500.0,PALIT,8.0,NVIDIA,NVIDIA,2014.0,4096.0,GDDR5,256.0,928.0,1753.0,224.4,28.0,5.0,2x 6-pin,2048.0,1216.0,GTX,980.0,No,No
Consolidated,GTX 1070 TI,51500.0,MSI,8.0,NVIDIA,NVIDIA,2017.0,8192.0,GDDR5,256.0,928.0,2002.0,256.3,16.0,7.0,1x 8-pin,2432.0,1683.0,GTX,1070.0,Yes,No
Consolidated,GTX 1080,45000.0,ZOTAC,8.0,NVIDIA,NVIDIA,2016.0,8192.0,GDDR5X,256.0,928.0,1251.0,320.3,16.0,7.0,1x 8-pin,2560.0,1733.0,GTX,1080.0,No,No
Consolidated,GTX 1650 SUPER,34500.0,ZOTAC,4.0,NVIDIA,NVIDIA,2019.0,4096.0,GDDR6,128.0,928.0,1500.0,192.0,12.0,6.0,1x 6-pin,1280.0,1725.0,GTX,1650.0,No,No
Consolidated,GTX 660,11500.0,ZOTAC,0.5,NVIDIA,NVIDIA,2012.0,2048.0,GDDR5,192.0,928.0,1502.0,144.2,28.0,2.0,1x 6-pin,960.0,1032.0,GTX,660.0,No,No
Consolidated,RX 6600 XT,68000.0,MSI,8.0,AMD,AMD,2021.0,8192.0,GDDR6,128.0,928.0,2000.0,256.0,7.0,11.0,1x 8-pin,2048.0,2589.0,RX,6600.0,No,No
Consolidated,RTX 2060 SUPER,75500.0,ASUS,8.0,NVIDIA,NVIDIA,2019.0,8192.0,GDDR6,256.0,928.0,1750.0,448.0,12.0,10.0,1x 8-pin,2176.0,1650.0,RTX,2060.0,No,No
Consolidated,RX 5500 XT,3500.0,GIGABYTE,4.0,AMD,AMD,2019.0,4096.0,GDDR6,128.0,928.0,1750.0,224.0,7.0,6.0,1x 8-pin,1408.0,1845.0,RX,5500.0,No,No
Consolidated,RX 6600,68000.0,MSI,4.0,AMD,AMD,2021.0,8192.0,GDDR6,128.0,928.0,1750.0,224.0,7.0,11.0,1x 8-pin,1792.0,2491.0,RX,6600.0,No,No
Consolidated,RX 570,33000.0,GIGABYTE,4.0,AMD,AMD,2017.0,4096.0,GDDR5,256.0,928.0,1750.0,224.0,14.0,5.0,1x 6-pin,2048.0,1244.0,RX,570.0,No,No
Consolidated,RX 5700 XT,64500.0,MSI,8.0,AMD,AMD,2019.0,8192.0,GDDR6,256.0,928.0,1750.0,448.0,7.0,10.0,1x 6-pin + 1x 8-pin,2560.0,1905.0,RX,5700.0,No,No
Consolidated,RTX 3060 TI,90000.0,MSI,8.0,NVIDIA,NVIDIA,2020.0,8192.0,GDDR6,256.0,928.0,1750.0,448.0,8.0,17.0,1x 12-pin,4864.0,1665.0,RTX,3060.0,Yes,No
Consolidated,RX 6600,64000.0,MSI,8.0,AMD,AMD,2021.0,8192.0,GDDR6,128.0,928.0,1750.0,224.0,7.0,11.0,1x 8-pin,1792.0,2491.0,RX,6600.0,No,No
Consolidated,GTX 1080,48000.0,ASUS,8.0,NVIDIA,NVIDIA,2016.0,8192.0,GDDR5X,256.0,928.0,1251.0,320.3,16.0,7.0,1x 8-pin,2560.0,1733.0,GTX,1080.0,No,No
Consolidated,GTX 1080 TI,67000.0,ZOTAC,11.0,NVIDIA,NVIDIA,2017.0,11264.0,GDDR5X,352.0,928.0,1376.0,484.4,16.0,11.0,1x 6-pin + 1x 8-pin,3584.0,1582.0,GTX,1080.0,Yes,No
Consolidated,RX 5600 XT,51500.0,ASUS,6.0,AMD,AMD,2020.0,6144.0,GDDR6,192.0,928.0,1500.0,288.0,7.0,10.0,1x 8-pin,2304.0,1560.0,RX,5600.0,No,No
Consolidated,GTX 550 TI,6500.0,MSI,1.0,NVIDIA,NVIDIA,2011.0,1024.0,GDDR5,192.0,900.0,1026.0,98.5,40.0,1.0,1x 6-pin,192.0,1620.0,GTX,550.0,Yes,No
Consolidated,GTX 1050 TI,33000.0,ZOTAC,4.0,NVIDIA,NVIDIA,2016.0,4096.0,GDDR5,128.0,928.0,1752.0,112.1,14.0,3.0,Unknown,768.0,1392.0,GTX,1050.0,Yes,No
Consolidated,RTX 2060,58000.0,GIGABYTE,6.0,NVIDIA,NVIDIA,2021.0,12288.0,GDDR6,192.0,928.0,1750.0,336.0,12.0,10.0,1x 8-pin,2176.0,1650.0,RTX,2060.0,No,No
Consolidated,GTX 660 TI,7000.0,ASUS,2.0,NVIDIA,NVIDIA,2012.0,2048.0,GDDR5,192.0,928.0,1502.0,144.2,28.0,3.0,2x 6-pin,1344.0,980.0,GTX,660.0,Yes,No
Consolidated,GTX 1050,22500.0,ASUS,3.0,NVIDIA,NVIDIA,2018.0,3072.0,GDDR5,96.0,928.0,1752.0,84.1,14.0,3.0,Unknown,768.0,1518.0,GTX,1050.0,No,No
Consolidated,GTX 1650 SUPER,40000.0,GALAX,4.0,NVIDIA,NVIDIA,2019.0,4096.0,GDDR6,128.0,928.0,1500.0,192.0,12.0,6.0,1x 6-pin,1280.0,1725.0,GTX,1650.0,No,No
Consolidated,GTX 950,19000.0,ZOTAC,2.0,NVIDIA,NVIDIA,2015.0,2048.0,GDDR5,128.0,928.0,1653.0,105.8,28.0,2.0,1x 6-pin,768.0,1188.0,GTX,950.0,No,No
Consolidated,GTX 1060,39000.0,ZOTAC,3.0,NVIDIA,NVIDIA,2017.0,5120.0,GDDR5,160.0,928.0,2002.0,160.2,16.0,4.0,1x 6-pin,1280.0,1709.0,GTX,1060.0,No,No
Consolidated,GTX 660,12500.0,GALAX,1.5,NVIDIA,NVIDIA,2012.0,2048.0,GDDR5,192.0,928.0,1502.0,144.2,28.0,2.0,1x 6-pin,960.0,1032.0,GTX,660.0,No,No
Consolidated,GTX 960,20500.0,PALIT,2.0,NVIDIA,NVIDIA,2015.0,2048.0,GDDR5,128.0,928.0,1753.0,112.2,28.0,2.0,1x 6-pin,1024.0,1178.0,GTX,960.0,No,No
Consolidated,GTX 650,7000.0,ASUS,1.0,NVIDIA,NVIDIA,2013.0,1024.0,GDDR5,128.0,1058.0,1250.0,80.0,28.0,2.0,1x 6-pin,384.0,1620.0,GTX,650.0,No,No
Consolidated,GTX 1080,48500.0,GALAX,8.0,NVIDIA,NVIDIA,2016.0,8192.0,GDDR5X,256.0,928.0,1251.0,320.3,16.0,7.0,1x 8-pin,2560.0,1733.0,GTX,1080.0,No,No
Consolidated,GTX 1050,22500.0,ZOTAC,3.0,NVIDIA,NVIDIA,2018.0,3072.0,GDDR5,96.0,928.0,1752.0,84.1,14.0,3.0,Unknown,768.0,1518.0,GTX,1050.0,No,No
Consolidated,RTX 2060,60000.0,MSI,6.0,NVIDIA,NVIDIA,2021.0,12288.0,GDDR6,192.0,928.0,1750.0,336.0,12.0,10.0,1x 8-pin,2176.0,1650.0,RTX,2060.0,No,No
Consolidated,RX 470,20000.0,MSI,4.0,AMD,AMD,2016.0,4096.0,GDDR5,256.0,928.0,1650.0,211.2,14.0,5.0,1x 6-pin,2048.0,1206.0,RX,470.0,No,No
Consolidated,RTX 3070 TI,114500.0,ASUS,8.0,NVIDIA,NVIDIA,2021.0,8192.0,GDDR6X,256.0,928.0,1188.0,608.3,8.0,17.0,1x 12-pin,6144.0,1770.0,RTX,3070.0,Yes,No
Consolidated,GTX 1660 TI,61000.0,ASUS,6.0,NVIDIA,NVIDIA,2019.0,6144.0,GDDR6,192.0,928.0,1500.0,288.0,12.0,6.0,1x 8-pin,1536.0,1770.0,GTX,1660.0,Yes,No
Consolidated,GTX 1050,21500.0,MSI,3.0,NVIDIA,NVIDIA,2018.0,3072.0,GDDR5,96.0,928.0,1752.0,84.1,14.0,3.0,Unknown,768.0,1518.0,GTX,1050.0,No,No
Consolidated,GTX 980,34500.0,GALAX,8.0,NVIDIA,NVIDIA,2014.0,4096.0,GDDR5,256.0,928.0,1753.0,224.4,28.0,5.0,2x 6-pin,2048.0,1216.0,GTX,980.0,No,No
Consolidated,RTX 2070,84500.0,MSI,8.0,NVIDIA,NVIDIA,2018.0,8192.0,GDDR6,256.0,928.0,1750.0,448.0,12.0,10.0,1x 8-pin,2304.0,1620.0,RTX,2070.0,No,No
Consolidated,RX 6600 XT,87000.0,MSI,8.0,AMD,AMD,2021.0,8192.0,GDDR6,128.0,928.0,2000.0,256.0,7.0,11.0,1x 8-pin,2048.0,2589.0,RX,6600.0,No,No
Consolidated,GTX 1660 SUPER,51000.0,MSI,6.0,NVIDIA,NVIDIA,2019.0,6144.0,GDDR6,192.0,928.0,1750.0,336.0,12.0,6.0,1x 8-pin,1408.0,1785.0,GTX,1660.0,No,No
Consolidated,RX 470,19000.0,MSI,4.0,AMD,AMD,2016.0,4096.0,GDDR5,256.0,928.0,1650.0,211.2,14.0,5.0,1x 6-pin,2048.0,1206.0,RX,470.0,No,No
Consolidated,GTX 1660 TI,48000.0,GIGABYTE,6.0,NVIDIA,NVIDIA,2019.0,6144.0,GDDR6,192.0,928.0,1500.0,288.0,12.0,6.0,1x 8-pin,1536.0,1770.0,GTX,1660.0,Yes,No
Consolidated,RX 5600 XT,53000.0,GIGABYTE,6.0,AMD,AMD,2020.0,6144.0,GDDR6,192.0,928.0,1500.0,288.0,7.0,10.0,1x 8-pin,2304.0,1560.0,RX,5600.0,No,No
Consolidated,GTX 1650,36500.0,MSI,4.0,NVIDIA,NVIDIA,2019.0,4096.0,GDDR5,128.0,928.0,2001.0,128.1,12.0,4.0,Unknown,896.0,1665.0,GTX,1650.0,No,No
Consolidated,RTX 2060,72000.0,ZOTAC,6.0,NVIDIA,NVIDIA,2021.0,12288.0,GDDR6,192.0,928.0,1750.0,336.0,12.0,10.0,1x 8-pin,2176.0,1650.0,RTX,2060.0,No,No
Consolidated,GTX 1050,20500.0,ASUS,3.0,NVIDIA,NVIDIA,2018.0,3072.0,GDDR5,96.0,928.0,1752.0,84.1,14.0,3.0,Unknown,768.0,1518.0,GTX,1050.0,No,No
Consolidated,GTX 760,16000.0,MSI,1.5,NVIDIA,NVIDIA,2013.0,2048.0,GDDR5,256.0,928.0,1502.0,192.3,28.0,3.0,2x 6-pin,1152.0,1032.0,GTX,760.0,No,No
Consolidated,GTX 1080,45000.0,GIGABYTE,8.0,NVIDIA,NVIDIA,2016.0,8192.0,GDDR5X,256.0,928.0,1251.0,320.3,16.0,7.0,1x 8-pin,2560.0,1733.0,GTX,1080.0,No,No
Consolidated,GTX 1080 TI,68000.0,ASUS,11.0,NVIDIA,NVIDIA,2017.0,11264.0,GDDR5X,352.0,928.0,1376.0,484.4,16.0,11.0,1x 6-pin + 1x 8-pin,3584.0,1582.0,GTX,1080.0,Yes,No
Consolidated,GTX 1050,20000.0,ASUS,2.0,NVIDIA,NVIDIA,2018.0,3072.0,GDDR5,96.0,928.0,1752.0,84.1,14.0,3.0,Unknown,768.0,1518.0,GTX,1050.0,No,No
Consolidated,RTX 2060,62500.0,ASUS,6.0,NVIDIA,NVIDIA,2021.0,12288.0,GDDR6,192.0,928.0,1750.0,336.0,12.0,10.0,1x 8-pin,2176.0,1650.0,RTX,2060.0,No,No
Consolidated,GTX 960,21000.0,MSI,3.0,NVIDIA,NVIDIA,2015.0,2048.0,GDDR5,128.0,928.0,1753.0,112.2,28.0,2.0,1x 6-pin,1024.0,1178.0,GTX,960.0,No,No
Consolidated,RTX 2060 SUPER,65500.0,GIGABYTE,8.0,NVIDIA,NVIDIA,2019.0,8192.0,GDDR6,256.0,928.0,1750.0,448.0,12.0,10.0,1x 8-pin,2176.0,1650.0,RTX,2060.0,No,No
Consolidated,GTX 1080 TI,59000.0,MSI,11.0,NVIDIA,NVIDIA,2017.0,11264.0,GDDR5X,352.0,928.0,1376.0,484.4,16.0,11.0,1x 6-pin + 1x 8-pin,3584.0,1582.0,GTX,1080.0,Yes,No
Consolidated,RX 580,37500.0,ASUS,8.0,AMD,AMD,2017.0,8192.0,GDDR5,256.0,928.0,2000.0,256.0,14.0,5.0,1x 8-pin,2304.0,1340.0,RX,580.0,No,No
Consolidated,RX 580,33500.0,ASUS,4.0,AMD,AMD,2017.0,8192.0,GDDR5,256.0,928.0,2000.0,256.0,14.0,5.0,1x 8-pin,2304.0,1340.0,RX,580.0,No,No
Consolidated,RX 5700 XT,57500.0,GIGABYTE,8.0,AMD,AMD,2019.0,8192.0,GDDR6,256.0,928.0,1750.0,448.0,7.0,10.0,1x 6-pin + 1x 8-pin,2560.0,1905.0,RX,5700.0,No,No
Consolidated,GTX 1050 TI,33500.0,MSI,4.0,NVIDIA,NVIDIA,2016.0,4096.0,GDDR5,128.0,928.0,1752.0,112.1,14.0,3.0,Unknown,768.0,1392.0,GTX,1050.0,Yes,No
Consolidated,GTX 970,25000.0,GIGABYTE,6.0,NVIDIA,NVIDIA,2014.0,4096.0,GDDR5,256.0,928.0,1753.0,224.4,28.0,5.0,2x 6-pin,1664.0,1178.0,GTX,970.0,No,No
Consolidated,GTX 650 TI,8500.0,MSI,2.0,NVIDIA,NVIDIA,2012.0,1024.0,GDDR5,128.0,928.0,1350.0,86.4,28.0,2.0,1x 6-pin,768.0,1620.0,GTX,650.0,Yes,No
Consolidated,GTX 750,10500.0,GALAX,2.0,NVIDIA,NVIDIA,2014.0,1024.0,GDDR5,128.0,928.0,1253.0,80.19,28.0,1.0,Unknown,512.0,1085.0,GTX,750.0,No,No
Consolidated,GTX 970,30500.0,GALAX,6.0,NVIDIA,NVIDIA,2014.0,4096.0,GDDR5,256.0,928.0,1753.0,224.4,28.0,5.0,2x 6-pin,1664.0,1178.0,GTX,970.0,No,No
Consolidated,RTX 3050,71500.0,ASUS,8.0,NVIDIA,NVIDIA,2024.0,6144.0,GDDR6,96.0,928.0,1750.0,168.0,8.0,8.0,Unknown,2304.0,1470.0,RTX,3050.0,No,No
Consolidated,GTX 760,14000.0,ASUS,1.5,NVIDIA,NVIDIA,2013.0,2048.0,GDDR5,256.0,928.0,1502.0,192.3,28.0,3.0,2x 6-pin,1152.0,1032.0,GTX,760.0,No,No
Consolidated,GTX 960,24500.0,ASUS,3.0,NVIDIA,NVIDIA,2015.0,2048.0,GDDR5,128.0,928.0,1753.0,112.2,28.0,2.0,1x 6-pin,1024.0,1178.0,GTX,960.0,No,No
Consolidated,GTX 1080 TI,64000.0,GALAX,11.0,NVIDIA,NVIDIA,2017.0,11264.0,GDDR5X,352.0,928.0,1376.0,484.4,16.0,11.0,1x 6-pin + 1x 8-pin,3584.0,1582.0,GTX,1080.0,Yes,No
Consolidated,GTX 980,29500.0,ZOTAC,6.0,NVIDIA,NVIDIA,2014.0,4096.0,GDDR5,256.0,928.0,1753.0,224.4,28.0,5.0,2x 6-pin,2048.0,1216.0,GTX,980.0,No,No
Consolidated,GTX 1070 TI,46000.0,ZOTAC,8.0,NVIDIA,NVIDIA,2017.0,8192.0,GDDR5,256.0,928.0,2002.0,256.3,16.0,7.0,1x 8-pin,2432.0,1683.0,GTX,1070.0,Yes,No
Consolidated,GTX 1650,32500.0,ASUS,4.0,NVIDIA,NVIDIA,2019.0,4096.0,GDDR5,128.0,928.0,2001.0,128.1,12.0,4.0,Unknown,896.0,1665.0,GTX,1650.0,No,No
Consolidated,GTX 660,11500.0,ASUS,0.5,NVIDIA,NVIDIA,2012.0,2048.0,GDDR5,192.0,928.0,1502.0,144.2,28.0,2.0,1x 6-pin,960.0,1032.0,GTX,660.0,No,No
Consolidated,GTX 1060,32500.0,ASUS,5.0,NVIDIA,NVIDIA,2017.0,5120.0,GDDR5,160.0,928.0,2002.0,160.2,16.0,4.0,1x 6-pin,1280.0,1709.0,GTX,1060.0,No,No
Consolidated,RTX 3050,68500.0,MSI,6.0,NVIDIA,NVIDIA,2024.0,6144.0,GDDR6,96.0,928.0,1750.0,168.0,8.0,8.0,Unknown,2304.0,1470.0,RTX,3050.0,No,No
Consolidated,GTX 950,15000.0,MSI,2.0,NVIDIA,NVIDIA,2015.0,2048.0,GDDR5,128.0,928.0,1653.0,105.8,28.0,2.0,1x 6-pin,768.0,1188.0,GTX,950.0,No,No
Consolidated,RTX 2070,76000.0,GIGABYTE,8.0,NVIDIA,NVIDIA,2018.0,8192.0,GDDR6,256.0,928.0,1750.0,448.0,12.0,10.0,1x 8-pin,2304.0,1620.0,RTX,2070.0,No,No
Consolidated,GTX 760,14500.0,ZOTAC,1.5,NVIDIA,NVIDIA,2013.0,2048.0,GDDR5,256.0,928.0,1502.0,192.3,28.0,3.0,2x 6-pin,1152.0,1032.0,GTX,760.0,No,No
Consolidated,GTX 1080,55000.0,ASUS,8.0,NVIDIA,NVIDIA,2016.0,8192.0,GDDR5X,256.0,928.0,1251.0,320.3,16.0,7.0,1x 8-pin,2560.0,1733.0,GTX,1080.0,No,No
Consolidated,RX 570,34000.0,GALAX,4.0,AMD,AMD,2017.0,4096.0,GDDR5,256.0,928.0,1750.0,224.0,14.0,5.0,1x 6-pin,2048.0,1244.0,RX,570.0,No,No
Consolidated,GTX 1050 TI,33000.0,ZOTAC,4.0,NVIDIA,NVIDIA,2016.0,4096.0,GDDR5,128.0,928.0,1752.0,112.1,14.0,3.0,Unknown,768.0,1392.0,GTX,1050.0,Yes,No
Consolidated,RX 5600 XT,48000.0,MSI,6.0,AMD,AMD,2020.0,6144.0,GDDR6,192.0,928.0,1500.0,288.0,7.0,10.0,1x 8-pin,2304.0,1560.0,RX,5600.0,No,No
Consolidated,GTX 1060,31500.0,ZOTAC,3.0,NVIDIA,NVIDIA,2017.0,5120.0,GDDR5,160.0,928.0,2002.0,160.2,16.0,4.0,1x 6-pin,1280.0,1709.0,GTX,1060.0,No,No
Consolidated,RX 460,15500.0,GIGABYTE,2.0,AMD,AMD,2016.0,2048.0,GDDR5,128.0,928.0,1750.0,112.0,14.0,3.0,Unknown,896.0,1200.0,RX,460.0,No,No
Consolidated,GTX 1660 TI,58500.0,MSI,6.0,NVIDIA,NVIDIA,2019.0,6144.0,GDDR6,192.0,928.0,1500.0,288.0,12.0,6.0,1x 8-pin,1536.0,1770.0,GTX,1660.0,Yes,No
Consolidated,GTX 1080 TI,61000.0,ASUS,11.0,NVIDIA,NVIDIA,2017.0,11264.0,GDDR5X,352.0,928.0,1376.0,484.4,16.0,11.0,1x 6-pin + 1x 8-pin,3584.0,1582.0,GTX,1080.0,Yes,No
Consolidated,GTX 650 TI,9500.0,MSI,2.0,NVIDIA,NVIDIA,2012.0,1024.0,GDDR5,128.0,928.0,1350.0,86.4,28.0,2.0,1x 6-pin,768.0,1620.0,GTX,650.0,Yes,No
Consolidated,RTX 2070,74500.0,ZOTAC,8.0,NVIDIA,NVIDIA,2018.0,8192.0,GDDR6,256.0,928.0,1750.0,448.0,12.0,10.0,1x 8-pin,2304.0,1620.0,RTX,2070.0,No,No
Consolidated,RTX 3060 TI,110000.0,ASUS,8.0,NVIDIA,NVIDIA,2020.0,8192.0,GDDR6,256.0,928.0,1750.0,448.0,8.0,17.0,1x 12-pin,4864.0,1665.0,RTX,3060.0,Yes,No
Consolidated,RTX 2070,85500.0,GIGABYTE,8.0,NVIDIA,NVIDIA,2018.0,8192.0,GDDR6,256.0,928.0,1750.0,448.0,12.0,10.0,1x 8-pin,2304.0,1620.0,RTX,2070.0,No,No
Consolidated,GTX 980,33000.0,PALIT,8.0,NVIDIA,NVIDIA,2014.0,4096.0,GDDR5,256.0,928.0,1753.0,224.4,28.0,5.0,2x 6-pin,2048.0,1216.0,GTX,980.0,No,No
Consolidated,GTX 1660 SUPER,58000.0,GALAX,6.0,NVIDIA,NVIDIA,2019.0,6144.0,GDDR6,192.0,928.0,1750.0,336.0,12.0,6.0,1x 8-pin,1408.0,1785.0,GTX,1660.0,No,No
Consolidated,RX 6600 XT,87000.0,PALIT,8.0,AMD,AMD,2021.0,8192.0,GDDR6,128.0,928.0,2000.0,256.0,7.0,11.0,1x 8-pin,2048.0,2589.0,RX,6600.0,No,No
Consolidated,RTX 2070,80000.0,ASUS,8.0,NVIDIA,NVIDIA,2018.0,8192.0,GDDR6,256.0,928.0,1750.0,448.0,12.0,10.0,1x 8-pin,2304.0,1620.0,RTX,2070.0,No,No
Consolidated,GTX 1650 SUPER,31000.0,PALIT,4.0,NVIDIA,NVIDIA,2019.0,4096.0,GDDR6,128.0,928.0,1500.0,192.0,12.0,6.0,1x 6-pin,1280.0,1725.0,GTX,1650.0,No,No
Consolidated,GTX 1660 SUPER,56500.0,MSI,6.0,NVIDIA,NVIDIA,2019.0,6144.0,GDDR6,192.0,928.0,1750.0,336.0,12.0,6.0,1x 8-pin,1408.0,1785.0,GTX,1660.0,No,No
Consolidated,RX 6600 XT,67500.0,GIGABYTE,8.0,AMD,AMD,2021.0,8192.0,GDDR6,128.0,928.0,2000.0,256.0,7.0,11.0,1x 8-pin,2048.0,2589.0,RX,6600.0,No,No
Consolidated,GTX 1050 TI,26500.0,ASUS,4.0,NVIDIA,NVIDIA,2016.0,4096.0,GDDR5,128.0,928.0,1752.0,112.1,14.0,3.0,Unknown,768.0,1392.0,GTX,1050.0,Yes,No
Consolidated,RTX 2060,66000.0,MSI,12.0,NVIDIA,NVIDIA,2021.0,12288.0,GDDR6,192.0,928.0,1750.0,336.0,12.0,10.0,1x 8-pin,2176.0,1650.0,RTX,2060.0,No,No
Consolidated,GTX 1080 TI,57500.0,ZOTAC,11.0,NVIDIA,NVIDIA,2017.0,11264.0,GDDR5X,352.0,928.0,1376.0,484.4,16.0,11.0,1x 6-pin + 1x 8-pin,3584.0,1582.0,GTX,1080.0,Yes,No
Consolidated,RTX 2060 SUPER,72000.0,ASUS,8.0,NVIDIA,NVIDIA,2019.0,8192.0,GDDR6,256.0,928.0,1750.0,448.0,12.0,10.0,1x 8-pin,2176.0,1650.0,RTX,2060.0,No,No
Consolidated,GTX 1060,36500.0,GALAX,6.0,NVIDIA,NVIDIA,2017.0,5120.0,GDDR5,160.0,928.0,2002.0,160.2,16.0,4.0,1x 6-pin,1280.0,1709.0,GTX,1060.0,No,No
Consolidated,RX 570,33000.0,MSI,4.0,AMD,AMD,2017.0,4096.0,GDDR5,256.0,928.0,1750.0,224.0,14.0,5.0,1x 6-pin,2048.0,1244.0,RX,570.0,No,No
Consolidated,RX 580,36000.0,GIGABYTE,4.0,AMD,AMD,2017.0,8192.0,GDDR5,256.0,928.0,2000.0,256.0,14.0,5.0,1x 8-pin,2304.0,1340.0,RX,580.0,No,No
Consolidated,RX 570,32500.0,ASUS,4.0,AMD,AMD,2017.0,4096.0,GDDR5,256.0,928.0,1750.0,224.0,14.0,5.0,1x 6-pin,2048.0,1244.0,RX,570.0,No,No
Consolidated,RX 460,16000.0,MSI,4.0,AMD,AMD,2016.0,2048.0,GDDR5,128.0,928.0,1750.0,112.0,14.0,3.0,Unknown,896.0,1200.0,RX,460.0,No,No
Consolidated,RTX 3060,88000.0,PALIT,6.0,NVIDIA,NVIDIA,2022.0,8192.0,GDDR6,128.0,928.0,1875.0,240.0,8.0,12.0,1x 12-pin,3584.0,1777.0,RTX,3060.0,No,No
Consolidated,RX 470,19500.0,ZOTAC,8.0,AMD,AMD,2016.0,4096.0,GDDR5,256.0,928.0,1650.0,211.2,14.0,5.0,1x 6-pin,2048.0,1206.0,RX,470.0,No,No
Consolidated,RX 6600,77500.0,GIGABYTE,8.0,AMD,AMD,2021.0,8192.0,GDDR6,128.0,928.0,1750.0,224.0,7.0,11.0,1x 8-pin,1792.0,2491.0,RX,6600.0,No,No
Consolidated,GTX 1660 TI,54000.0,ZOTAC,6.0,NVIDIA,NVIDIA,2019.0,6144.0,GDDR6,192.0,928.0,1500.0,288.0,12.0,6.0,1x 8-pin,1536.0,1770.0,GTX,1660.0,Yes,No
Consolidated,RX 6600,72000.0,ZOTAC,8.0,AMD,AMD,2021.0,8192.0,GDDR6,128.0,928.0,1750.0,224.0,7.0,11.0,1x 8-pin,1792.0,2491.0,RX,6600.0,No,No
Consolidated,GTX 1050,20500.0,ASUS,4.0,NVIDIA,NVIDIA,2018.0,3072.0,GDDR5,96.0,928.0,1752.0,84.1,14.0,3.0,Unknown,768.0,1518.0,GTX,1050.0,No,No
Consolidated,GTX 660,11500.0,PALIT,1.5,NVIDIA,NVIDIA,2012.0,2048.0,GDDR5,192.0,928.0,1502.0,144.2,28.0,2.0,1x 6-pin,960.0,1032.0,GTX,660.0,No,No
Consolidated,GTX 650 TI,8500.0,MSI,1.0,NVIDIA,NVIDIA,2012.0,1024.0,GDDR5,128.0,928.0,1350.0,86.4,28.0,2.0,1x 6-pin,768.0,1620.0,GTX,650.0,Yes,No
Consolidated,GTX 550 TI,7500.0,PALIT,1.0,NVIDIA,NVIDIA,2011.0,1024.0,GDDR5,192.0,900.0,1026.0,98.5,40.0,1.0,1x 6-pin,192.0,1620.0,GTX,550.0,Yes,No
Consolidated,GTX 1660 SUPER,59000.0,GIGABYTE,6.0,NVIDIA,NVIDIA,2019.0,6144.0,GDDR6,192.0,928.0,1750.0,336.0,12.0,6.0,1x 8-pin,1408.0,1785.0,GTX,1660.0,No,No
Consolidated,GTX 550 TI,7000.0,ASUS,1.0,NVIDIA,NVIDIA,2011.0,1024.0,GDDR5,192.0,900.0,1026.0,98.5,40.0,1.0,1x 6-pin,192.0,1620.0,GTX,550.0,Yes,No
Consolidated,RTX 3050,81500.0,ASUS,8.0,NVIDIA,NVIDIA,2024.0,6144.0,GDDR6,96.0,928.0,1750.0,168.0,8.0,8.0,Unknown,2304.0,1470.0,RTX,3050.0,No,No
Consolidated,GTX 980,30500.0,ASUS,8.0,NVIDIA,NVIDIA,2014.0,4096.0,GDDR5,256.0,928.0,1753.0,224.4,28.0,5.0,2x 6-pin,2048.0,1216.0,GTX,980.0,No,No
Consolidated,RX 5500 XT,3500.0,PALIT,4.0,AMD,AMD,2019.0,4096.0,GDDR6,128.0,928.0,1750.0,224.0,7.0,6.0,1x 8-pin,1408.0,1845.0,RX,5500.0,No,No
Consolidated,RTX 3060 TI,99500.0,ZOTAC,8.0,NVIDIA,NVIDIA,2020.0,8192.0,GDDR6,256.0,928.0,1750.0,448.0,8.0,17.0,1x 12-pin,4864.0,1665.0,RTX,3060.0,Yes,No
Consolidated,GTX 650 TI,9000.0,GIGABYTE,1.0,NVIDIA,NVIDIA,2012.0,1024.0,GDDR5,128.0,928.0,1350.0,86.4,28.0,2.0,1x 6-pin,768.0,1620.0,GTX,650.0,Yes,No
Consolidated,GTX 950,17500.0,ZOTAC,4.0,NVIDIA,NVIDIA,2015.0,2048.0,GDDR5,128.0,928.0,1653.0,105.8,28.0,2.0,1x 6-pin,768.0,1188.0,GTX,950.0,No,No
Consolidated,GTX 1060,31500.0,MSI,3.0,NVIDIA,NVIDIA,2017.0,5120.0,GDDR5,160.0,928.0,2002.0,160.2,16.0,4.0,1x 6-pin,1280.0,1709.0,GTX,1060.0,No,No
Consolidated,RX 580,37500.0,ASUS,4.0,AMD,AMD,2017.0,8192.0,GDDR5,256.0,928.0,2000.0,256.0,14.0,5.0,1x 8-pin,2304.0,1340.0,RX,580.0,No,No
Consolidated,GTX 660,13000.0,MSI,1.5,NVIDIA,NVIDIA,2012.0,2048.0,GDDR5,192.0,928.0,1502.0,144.2,28.0,2.0,1x 6-pin,960.0,1032.0,GTX,660.0,No,No
Consolidated,RX 590,41500.0,GIGABYTE,8.0,AMD,AMD,2018.0,8192.0,GDDR5,256.0,928.0,2000.0,256.0,12.0,5.0,1x 8-pin,2304.0,1545.0,RX,590.0,No,No
Consolidated,GTX 750 TI,14500.0,MSI,2.0,NVIDIA,NVIDIA,2014.0,2048.0,GDDR5,128.0,928.0,1350.0,86.4,28.0,1.0,Unknown,640.0,1085.0,GTX,750.0,Yes,No
Consolidated,GTX 1050 TI,28500.0,ASUS,4.0,NVIDIA,NVIDIA,2016.0,4096.0,GDDR5,128.0,928.0,1752.0,112.1,14.0,3.0,Unknown,768.0,1392.0,GTX,1050.0,Yes,No
Consolidated,RX 590,34000.0,ZOTAC,8.0,AMD,AMD,2018.0,8192.0,GDDR5,256.0,928.0,2000.0,256.0,12.0,5.0,1x 8-pin,2304.0,1545.0,RX,590.0,No,No
Consolidated,GTX 980,32000.0,GIGABYTE,8.0,NVIDIA,NVIDIA,2014.0,4096.0,GDDR5,256.0,928.0,1753.0,224.4,28.0,5.0,2x 6-pin,2048.0,1216.0,GTX,980.0,No,No
Consolidated,GTX 970,30500.0,MSI,6.0,NVIDIA,NVIDIA,2014.0,4096.0,GDDR5,256.0,928.0,1753.0,224.4,28.0,5.0,2x 6-pin,1664.0,1178.0,GTX,970.0,No,No
Consolidated,RX 6600,69500.0,ZOTAC,8.0,AMD,AMD,2021.0,8192.0,GDDR6,128.0,928.0,1750.0,224.0,7.0,11.0,1x 8-pin,1792.0,2491.0,RX,6600.0,No,No
Consolidated,GTX 1660 TI,57500.0,ZOTAC,6.0,NVIDIA,NVIDIA,2019.0,6144.0,GDDR6,192.0,928.0,1500.0,288.0,12.0,6.0,1x 8-pin,1536.0,1770.0,GTX,1660.0,Yes,No
Consolidated,RX 5500 XT,3000.0,GALAX,4.0,AMD,AMD,2019.0,4096.0,GDDR6,128.0,928.0,1750.0,224.0,7.0,6.0,1x 8-pin,1408.0,1845.0,RX,5500.0,No,No
Consolidated,GTX 650 TI,8000.0,ZOTAC,2.0,NVIDIA,NVIDIA,2012.0,1024.0,GDDR5,128.0,928.0,1350.0,86.4,28.0,2.0,1x 6-pin,768.0,1620.0,GTX,650.0,Yes,No
Consolidated,GTX 1660 TI,57500.0,GIGABYTE,6.0,NVIDIA,NVIDIA,2019.0,6144.0,GDDR6,192.0,928.0,1500.0,288.0,12.0,6.0,1x 8-pin,1536.0,1770.0,GTX,1660.0,Yes,No
Consolidated,GTX 970,29500.0,ZOTAC,6.0,NVIDIA,NVIDIA,2014.0,4096.0,GDDR5,256.0,928.0,1753.0,224.4,28.0,5.0,2x 6-pin,1664.0,1178.0,GTX,970.0,No,No
Consolidated,RTX 3060 TI,114000.0,ASUS,8.0,NVIDIA,NVIDIA,2020.0,8192.0,GDDR6,256.0,928.0,1750.0,448.0,8.0,17.0,1x 12-pin,4864.0,1665.0,RTX,3060.0,Yes,No
Consolidated,RX 5600 XT,52500.0,GIGABYTE,6.0,AMD,AMD,2020.0,6144.0,GDDR6,192.0,928.0,1500.0,288.0,7.0,10.0,1x 8-pin,2304.0,1560.0,RX,5600.0,No,No
Consolidated,GTX 1060,39000.0,PALIT,6.0,NVIDIA,NVIDIA,2017.0,5120.0,GDDR5,160.0,928.0,2002.0,160.2,16.0,4.0,1x 6-pin,1280.0,1709.0,GTX,1060.0,No,No
Consolidated,GTX 660,13000.0,MSI,0.5,NVIDIA,NVIDIA,2012.0,2048.0,GDDR5,192.0,928.0,1502.0,144.2,28.0,2.0,1x 6-pin,960.0,1032.0,GTX,660.0,No,No
Consolidated,GTX 950,18000.0,ASUS,4.0,NVIDIA,NVIDIA,2015.0,2048.0,GDDR5,128.0,928.0,1653.0,105.8,28.0,2.0,1x 6-pin,768.0,1188.0,GTX,950.0,No,No
Consolidated,RX 580,36000.0,ASUS,8.0,AMD,AMD,2017.0,8192.0,GDDR5,256.0,928.0,2000.0,256.0,14.0,5.0,1x 8-pin,2304.0,1340.0,RX,580.0,No,No
Consolidated,RTX 2060,72500.0,ZOTAC,12.0,NVIDIA,NVIDIA,2021.0,12288.0,GDDR6,192.0,928.0,1750.0,336.0,12.0,10.0,1x 8-pin,2176.0,1650.0,RTX,2060.0,No,No
Consolidated,RX 6600 XT,89000.0,ZOTAC,8.0,AMD,AMD,2021.0,8192.0,GDDR6,128.0,928.0,2000.0,256.0,7.0,11.0,1x 8-pin,2048.0,2589.0,RX,6600.0,No,No
Consolidated,RX 570,34000.0,ASUS,8.0,AMD,AMD,2017.0,4096.0,GDDR5,256.0,928.0,1750.0,224.0,14.0,5.0,1x 6-pin,2048.0,1244.0,RX,570.0,No,No
Consolidated,GTX 970,26000.0,ASUS,4.0,NVIDIA,NVIDIA,2014.0,4096.0,GDDR5,256.0,928.0,1753.0,224.4,28.0,5.0,2x 6-pin,1664.0,1178.0,GTX,970.0,No,No
Consolidated,GTX 1080 TI,70500.0,PALIT,11.0,NVIDIA,NVIDIA,2017.0,11264.0,GDDR5X,352.0,928.0,1376.0,484.4,16.0,11.0,1x 6-pin + 1x 8-pin,3584.0,1582.0,GTX,1080.0,Yes,No
Consolidated,RTX 3070 TI,111500.0,MSI,8.0,NVIDIA,NVIDIA,2021.0,8192.0,GDDR6X,256.0,928.0,1188.0,608.3,8.0,17.0,1x 12-pin,6144.0,1770.0,RTX,3070.0,Yes,No
Consolidated,GTX 980,38000.0,GIGABYTE,6.0,NVIDIA,NVIDIA,2014.0,4096.0,GDDR5,256.0,928.0,1753.0,224.4,28.0,5.0,2x 6-pin,2048.0,1216.0,GTX,980.0,No,No
Consolidated,RX 5500 XT,3500.0,ASUS,4.0,AMD,AMD,2019.0,4096.0,GDDR6,128.0,928.0,1750.0,224.0,7.0,6.0,1x 8-pin,1408.0,1845.0,RX,5500.0,No,No
Consolidated,GTX 660,10500.0,GIGABYTE,2.0,NVIDIA,NVIDIA,2012.0,2048.0,GDDR5,192.0,928.0,1502.0,144.2,28.0,2.0,1x 6-pin,960.0,1032.0,GTX,660.0,No,No
Consolidated,RX 6600,75000.0,GIGABYTE,4.0,AMD,AMD,2021.0,8192.0,GDDR6,128.0,928.0,1750.0,224.0,7.0,11.0,1x 8-pin,1792.0,2491.0,RX,6600.0,No,No
Consolidated,RX 470,18000.0,GIGABYTE,8.0,AMD,AMD,2016.0,4096.0,GDDR5,256.0,928.0,1650.0,211.2,14.0,5.0,1x 6-pin,2048.0,1206.0,RX,470.0,No,No
Consolidated,RX 470,21000.0,MSI,4.0,AMD,AMD,2016.0,4096.0,GDDR5,256.0,928.0,1650.0,211.2,14.0,5.0,1x 6-pin,2048.0,1206.0,RX,470.0,No,No
Consolidated,RX 560,15500.0,GIGABYTE,4.0,AMD,AMD,2017.0,4096.0,GDDR5,128.0,928.0,1750.0,112.0,14.0,3.0,Unknown,1024.0,1275.0,RX,560.0,No,No
Consolidated,GTX 1070 TI,52000.0,GALAX,8.0,NVIDIA,NVIDIA,2017.0,8192.0,GDDR5,256.0,928.0,2002.0,256.3,16.0,7.0,1x 8-pin,2432.0,1683.0,GTX,1070.0,Yes,No
Consolidated,GTX 750 TI,11500.0,GALAX,2.0,NVIDIA,NVIDIA,2014.0,2048.0,GDDR5,128.0,928.0,1350.0,86.4,28.0,1.0,Unknown,640.0,1085.0,GTX,750.0,Yes,No
Consolidated,RX 580,37500.0,GALAX,8.0,AMD,AMD,2017.0,8192.0,GDDR5,256.0,928.0,2000.0,256.0,14.0,5.0,1x 8-pin,2304.0,1340.0,RX,580.0,No,No
Consolidated,RX 5500 XT,3000.0,PALIT,4.0,AMD,AMD,2019.0,4096.0,GDDR6,128.0,928.0,1750.0,224.0,7.0,6.0,1x 8-pin,1408.0,1845.0,RX,5500.0,No,No
Consolidated,RTX 2060,58500.0,GIGABYTE,12.0,NVIDIA,NVIDIA,2021.0,12288.0,GDDR6,192.0,928.0,1750.0,336.0,12.0,10.0,1x 8-pin,2176.0,1650.0,RTX,2060.0,No,No
Consolidated,RTX 3060,88500.0,ASUS,6.0,NVIDIA,NVIDIA,2022.0,8192.0,GDDR6,128.0,928.0,1875.0,240.0,8.0,12.0,1x 12-pin,3584.0,1777.0,RTX,3060.0,No,No
Consolidated,GTX 1650,41000.0,ZOTAC,4.0,NVIDIA,NVIDIA,2019.0,4096.0,GDDR5,128.0,928.0,2001.0,128.1,12.0,4.0,Unknown,896.0,1665.0,GTX,1650.0,No,No
Consolidated,RX 6600,70500.0,MSI,8.0,AMD,AMD,2021.0,8192.0,GDDR6,128.0,928.0,1750.0,224.0,7.0,11.0,1x 8-pin,1792.0,2491.0,RX,6600.0,No,No
Consolidated,RTX 3050,62000.0,ASUS,4.0,NVIDIA,NVIDIA,2024.0,6144.0,GDDR6,96.0,928.0,1750.0,168.0,8.0,8.0,Unknown,2304.0,1470.0,RTX,3050.0,No,No
Consolidated,GTX 660,10500.0,MSI,2.0,NVIDIA,NVIDIA,2012.0,2048.0,GDDR5,192.0,928.0,1502.0,144.2,28.0,2.0,1x 6-pin,960.0,1032.0,GTX,660.0,No,No
Consolidated,GTX 660 TI,6500.0,MSI,2.0,NVIDIA,NVIDIA,2012.0,2048.0,GDDR5,192.0,928.0,1502.0,144.2,28.0,3.0,2x 6-pin,1344.0,980.0,GTX,660.0,Yes,No
Consolidated,GTX 1050 TI,33500.0,MSI,4.0,NVIDIA,NVIDIA,2016.0,4096.0,GDDR5,128.0,928.0,1752.0,112.1,14.0,3.0,Unknown,768.0,1392.0,GTX,1050.0,Yes,No
Consolidated,RX 470,20000.0,GALAX,4.0,AMD,AMD,2016.0,4096.0,GDDR5,256.0,928.0,1650.0,211.2,14.0,5.0,1x 6-pin,2048.0,1206.0,RX,470.0,No,No
Consolidated,RTX 3070,93000.0,GALAX,8.0,NVIDIA,NVIDIA,2020.0,8192.0,GDDR6,256.0,928.0,1750.0,448.0,8.0,17.0,1x 12-pin,5888.0,1725.0,RTX,3070.0,No,No
Consolidated,RTX 3060 TI,97500.0,ZOTAC,8.0,NVIDIA,NVIDIA,2020.0,8192.0,GDDR6,256.0,928.0,1750.0,448.0,8.0,17.0,1x 12-pin,4864.0,1665.0,RTX,3060.0,Yes,No
Consolidated,RX 5700 XT,57500.0,GIGABYTE,8.0,AMD,AMD,2019.0,8192.0,GDDR6,256.0,928.0,1750.0,448.0,7.0,10.0,1x 6-pin + 1x 8-pin,2560.0,1905.0,RX,5700.0,No,No
Consolidated,GTX 1050,23500.0,MSI,4.0,NVIDIA,NVIDIA,2018.0,3072.0,GDDR5,96.0,928.0,1752.0,84.1,14.0,3.0,Unknown,768.0,1518.0,GTX,1050.0,No,No
Consolidated,GTX 1650 SUPER,37000.0,MSI,4.0,NVIDIA,NVIDIA,2019.0,4096.0,GDDR6,128.0,928.0,1500.0,192.0,12.0,6.0,1x 6-pin,1280.0,1725.0,GTX,1650.0,No,No
Consolidated,RTX 2060 SUPER,66500.0,MSI,8.0,NVIDIA,NVIDIA,2019.0,8192.0,GDDR6,256.0,928.0,1750.0,448.0,12.0,10.0,1x 8-pin,2176.0,1650.0,RTX,2060.0,No,No
Consolidated,GTX 1650,36000.0,ZOTAC,4.0,NVIDIA,NVIDIA,2019.0,4096.0,GDDR5,128.0,928.0,2001.0,128.1,12.0,4.0,Unknown,896.0,1665.0,GTX,1650.0,No,No
Consolidated,RX 580,39500.0,ZOTAC,4.0,AMD,AMD,2017.0,8192.0,GDDR5,256.0,928.0,2000.0,256.0,14.0,5.0,1x 8-pin,2304.0,1340.0,RX,580.0,No,No
Consolidated,RX 560,15000.0,ASUS,4.0,AMD,AMD,2017.0,4096.0,GDDR5,128.0,928.0,1750.0,112.0,14.0,3.0,Unknown,1024.0,1275.0,RX,560.0,No,No
Consolidated,GTX 550 TI,7500.0,ASUS,1.0,NVIDIA,NVIDIA,2011.0,1024.0,GDDR5,192.0,900.0,1026.0,98.5,40.0,1.0,1x 6-pin,192.0,1620.0,GTX,550.0,Yes,No
Consolidated,GTX 1070 TI,53000.0,ZOTAC,8.0,NVIDIA,NVIDIA,2017.0,8192.0,GDDR5,256.0,928.0,2002.0,256.3,16.0,7.0,1x 8-pin,2432.0,1683.0,GTX,1070.0,Yes,No
Consolidated,GTX 760,13500.0,ASUS,2.0,NVIDIA,NVIDIA,2013.0,2048.0,GDDR5,256.0,928.0,1502.0,192.3,28.0,3.0,2x 6-pin,1152.0,1032.0,GTX,760.0,No,No
Consolidated,RTX 3050,77000.0,MSI,8.0,NVIDIA,NVIDIA,2024.0,6144.0,GDDR6,96.0,928.0,1750.0,168.0,8.0,8.0,Unknown,2304.0,1470.0,RTX,3050.0,No,No
Consolidated,GTX 1650,36500.0,PALIT,4.0,NVIDIA,NVIDIA,2019.0,4096.0,GDDR5,128.0,928.0,2001.0,128.1,12.0,4.0,Unknown,896.0,1665.0,GTX,1650.0,No,No
Consolidated,RX 5700 XT,52000.0,PALIT,8.0,AMD,AMD,2019.0,8192.0,GDDR6,256.0,928.0,1750.0,448.0,7.0,10.0,1x 6-pin + 1x 8-pin,2560.0,1905.0,RX,5700.0,No,No
Consolidated,GTX 760,14000.0,ZOTAC,1.5,NVIDIA,NVIDIA,2013.0,2048.0,GDDR5,256.0,928.0,1502.0,192.3,28.0,3.0,2x 6-pin,1152.0,1032.0,GTX,760.0,No,No
Consolidated,RX 6600,65500.0,ZOTAC,4.0,AMD,AMD,2021.0,8192.0,GDDR6,128.0,928.0,1750.0,224.0,7.0,11.0,1x 8-pin,1792.0,2491.0,RX,6600.0,No,No
Consolidated,GTX 1660 SUPER,57500.0,GALAX,6.0,NVIDIA,NVIDIA,2019.0,6144.0,GDDR6,192.0,928.0,1750.0,336.0,12.0,6.0,1x 8-pin,1408.0,1785.0,GTX,1660.0,No,No
Consolidated,GTX 1650,41500.0,ZOTAC,4.0,NVIDIA,NVIDIA,2019.0,4096.0,GDDR5,128.0,928.0,2001.0,128.1,12.0,4.0,Unknown,896.0,1665.0,GTX,1650.0,No,No
Consolidated,GTX 980,33000.0,GALAX,8.0,NVIDIA,NVIDIA,2014.0,4096.0,GDDR5,256.0,928.0,1753.0,224.4,28.0,5.0,2x 6-pin,2048.0,1216.0,GTX,980.0,No,No
Consolidated,GTX 1070,46500.0,PALIT,8.0,NVIDIA,NVIDIA,2016.0,8192.0,GDDR5,256.0,928.0,2002.0,256.3,16.0,7.0,1x 8-pin,1920.0,1683.0,GTX,1070.0,No,No
Consolidated,GTX 1060,36500.0,ZOTAC,3.0,NVIDIA,NVIDIA,2017.0,5120.0,GDDR5,160.0,928.0,2002.0,160.2,16.0,4.0,1x 6-pin,1280.0,1709.0,GTX,1060.0,No,No
Consolidated,RTX 3050,69500.0,ZOTAC,8.0,NVIDIA,NVIDIA,2024.0,6144.0,GDDR6,96.0,928.0,1750.0,168.0,8.0,8.0,Unknown,2304.0,1470.0,RTX,3050.0,No,No
Consolidated,GTX 750 TI,14500.0,MSI,2.0,NVIDIA,NVIDIA,2014.0,2048.0,GDDR5,128.0,928.0,1350.0,86.4,28.0,1.0,Unknown,640.0,1085.0,GTX,750.0,Yes,No
Consolidated,RX 460,18500.0,ASUS,4.0,AMD,AMD,2016.0,2048.0,GDDR5,128.0,928.0,1750.0,112.0,14.0,3.0,Unknown,896.0,1200.0,RX,460.0,No,No
Consolidated,GTX 650 TI,9500.0,GALAX,1.0,NVIDIA,NVIDIA,2012.0,1024.0,GDDR5,128.0,928.0,1350.0,86.4,28.0,2.0,1x 6-pin,768.0,1620.0,GTX,650.0,Yes,No
Consolidated,GTX 1050,22500.0,PALIT,2.0,NVIDIA,NVIDIA,2018.0,3072.0,GDDR5,96.0,928.0,1752.0,84.1,14.0,3.0,Unknown,768.0,1518.0,GTX,1050.0,No,No
Consolidated,RTX 3050,70000.0,GALAX,4.0,NVIDIA,NVIDIA,2024.0,6144.0,GDDR6,96.0,928.0,1750.0,168.0,8.0,8.0,Unknown,2304.0,1470.0,RTX,3050.0,No,No
Consolidated,GTX 750 TI,12000.0,ASUS,2.0,NVIDIA,NVIDIA,2014.0,2048.0,GDDR5,128.0,928.0,1350.0,86.4,28.0,1.0,Unknown,640.0,1085.0,GTX,750.0,Yes,No
Consolidated,GTX 1080 TI,74000.0,GIGABYTE,11.0,NVIDIA,NVIDIA,2017.0,11264.0,GDDR5X,352.0,928.0,1376.0,484.4,16.0,11.0,1x 6-pin + 1x 8-pin,3584.0,1582.0,GTX,1080.0,Yes,No
Consolidated,RTX 2060 SUPER,70500.0,ASUS,8.0,NVIDIA,NVIDIA,2019.0,8192.0,GDDR6,256.0,928.0,1750.0,448.0,12.0,10.0,1x 8-pin,2176.0,1650.0,RTX,2060.0,No,No
Consolidated,GTX 660 TI,7000.0,MSI,2.0,NVIDIA,NVIDIA,2012.0,2048.0,GDDR5,192.0,928.0,1502.0,144.2,28.0,3.0,2x 6-pin,1344.0,980.0,GTX,660.0,Yes,No
Consolidated,RX 470,19000.0,GALAX,4.0,AMD,AMD,2016.0,4096.0,GDDR5,256.0,928.0,1650.0,211.2,14.0,5.0,1x 6-pin,2048.0,1206.0,RX,470.0,No,No
Consolidated,GTX 750,10000.0,ZOTAC,1.0,NVIDIA,NVIDIA,2014.0,1024.0,GDDR5,128.0,928.0,1253.0,80.19,28.0,1.0,Unknown,512.0,1085.0,GTX,750.0,No,No
Consolidated,RTX 3050,78500.0,GIGABYTE,8.0,NVIDIA,NVIDIA,2024.0,6144.0,GDDR6,96.0,928.0,1750.0,168.0,8.0,8.0,Unknown,2304.0,1470.0,RTX,3050.0,No,No
Consolidated,GTX 1660 TI,49000.0,ZOTAC,6.0,NVIDIA,NVIDIA,2019.0,6144.0,GDDR6,192.0,928.0,1500.0,288.0,12.0,6.0,1x 8-pin,1536.0,1770.0,GTX,1660.0,Yes,No
Consolidated,RX 6600 XT,87500.0,GIGABYTE,8.0,AMD,AMD,2021.0,8192.0,GDDR6,128.0,928.0,2000.0,256.0,7.0,11.0,1x 8-pin,2048.0,2589.0,RX,6600.0,No,No
Consolidated,GTX 1050,20500.0,ASUS,3.0,NVIDIA,NVIDIA,2018.0,3072.0,GDDR5,96.0,928.0,1752.0,84.1,14.0,3.0,Unknown,768.0,1518.0,GTX,1050.0,No,No
Consolidated,RTX 3070 TI,102500.0,MSI,8.0,NVIDIA,NVIDIA,2021.0,8192.0,GDDR6X,256.0,928.0,1188.0,608.3,8.0,17.0,1x 12-pin,6144.0,1770.0,RTX,3070.0,Yes,No
Consolidated,GTX 970,26000.0,PALIT,4.0,NVIDIA,NVIDIA,2014.0,4096.0,GDDR5,256.0,928.0,1753.0,224.4,28.0,5.0,2x 6-pin,1664.0,1178.0,GTX,970.0,No,No
Consolidated,GTX 1660 TI,58500.0,GIGABYTE,6.0,NVIDIA,NVIDIA,2019.0,6144.0,GDDR6,192.0,928.0,1500.0,288.0,12.0,6.0,1x 8-pin,1536.0,1770.0,GTX,1660.0,Yes,No
Consolidated,RX 590,43500.0,MSI,8.0,AMD,AMD,2018.0,8192.0,GDDR5,256.0,928.0,2000.0,256.0,12.0,5.0,1x 8-pin,2304.0,1545.0,RX,590.0,No,No
Consolidated,RX 590,42500.0,PALIT,8.0,AMD,AMD,2018.0,8192.0,GDDR5,256.0,928.0,2000.0,256.0,12.0,5.0,1x 8-pin,2304.0,1545.0,RX,590.0,No,No
Consolidated,GTX 750 TI,14000.0,MSI,2.0,NVIDIA,NVIDIA,2014.0,2048.0,GDDR5,128.0,928.0,1350.0,86.4,28.0,1.0,Unknown,640.0,1085.0,GTX,750.0,Yes,No
Consolidated,GTX 750,9500.0,ZOTAC,1.0,NVIDIA,NVIDIA,2014.0,1024.0,GDDR5,128.0,928.0,1253.0,80.19,28.0,1.0,Unknown,512.0,1085.0,GTX,750.0,No,No
Consolidated,RX 5700 XT,54500.0,MSI,8.0,AMD,AMD,2019.0,8192.0,GDDR6,256.0,928.0,1750.0,448.0,7.0,10.0,1x 6-pin + 1x 8-pin,2560.0,1905.0,RX,5700.0,No,No
Consolidated,GTX 1050 TI,34500.0,ASUS,4.0,NVIDIA,NVIDIA,2016.0,4096.0,GDDR5,128.0,928.0,1752.0,112.1,14.0,3.0,Unknown,768.0,1392.0,GTX,1050.0,Yes,No
Consolidated,GTX 960,19000.0,MSI,4.0,NVIDIA,NVIDIA,2015.0,2048.0,GDDR5,128.0,928.0,1753.0,112.2,28.0,2.0,1x 6-pin,1024.0,1178.0,GTX,960.0,No,No
Consolidated,RX 6600 XT,66500.0,GALAX,8.0,AMD,AMD,2021.0,8192.0,GDDR6,128.0,928.0,2000.0,256.0,7.0,11.0,1x 8-pin,2048.0,2589.0,RX,6600.0,No,No
Consolidated,RTX 3070 TI,119500.0,MSI,8.0,NVIDIA,NVIDIA,2021.0,8192.0,GDDR6X,256.0,928.0,1188.0,608.3,8.0,17.0,1x 12-pin,6144.0,1770.0,RTX,3070.0,Yes,No
Consolidated,RX 470,20000.0,GALAX,4.0,AMD,AMD,2016.0,4096.0,GDDR5,256.0,928.0,1650.0,211.2,14.0,5.0,1x 6-pin,2048.0,1206.0,RX,470.0,No,No
Consolidated,GTX 660,11500.0,ZOTAC,1.5,NVIDIA,NVIDIA,2012.0,2048.0,GDDR5,192.0,928.0,1502.0,144.2,28.0,2.0,1x 6-pin,960.0,1032.0,GTX,660.0,No,No
Consolidated,RTX 2060 SUPER,65000.0,PALIT,8.0,NVIDIA,NVIDIA,2019.0,8192.0,GDDR6,256.0,928.0,1750.0,448.0,12.0,10.0,1x 8-pin,2176.0,1650.0,RTX,2060.0,No,No
Consolidated,RX 560,17500.0,GIGABYTE,4.0,AMD,AMD,2017.0,4096.0,GDDR5,128.0,928.0,1750.0,112.0,14.0,3.0,Unknown,1024.0,1275.0,RX,560.0,No,No
Consolidated,GTX 1660 TI,58000.0,GALAX,6.0,NVIDIA,NVIDIA,2019.0,6144.0,GDDR6,192.0,928.0,1500.0,288.0,12.0,6.0,1x 8-pin,1536.0,1770.0,GTX,1660.0,Yes,No
Consolidated,RX 5600 XT,58500.0,ASUS,6.0,AMD,AMD,2020.0,6144.0,GDDR6,192.0,928.0,1500.0,288.0,7.0,10.0,1x 8-pin,2304.0,1560.0,RX,5600.0,No,No
Consolidated,RX 470,22500.0,ASUS,8.0,AMD,AMD,2016.0,4096.0,GDDR5,256.0,928.0,1650.0,211.2,14.0,5.0,1x 6-pin,2048.0,1206.0,RX,470.0,No,No
Consolidated,GTX 750 TI,11000.0,ZOTAC,2.0,NVIDIA,NVIDIA,2014.0,2048.0,GDDR5,128.0,928.0,1350.0,86.4,28.0,1.0,Unknown,640.0,1085.0,GTX,750.0,Yes,No
Consolidated,RTX 2060 SUPER,79000.0,MSI,8.0,NVIDIA,NVIDIA,2019.0,8192.0,GDDR6,256.0,928.0,1750.0,448.0,12.0,10.0,1x 8-pin,2176.0,1650.0,RTX,2060.0,No,No
Consolidated,RX 6600,76500.0,ZOTAC,8.0,AMD,AMD,2021.0,8192.0,GDDR6,128.0,928.0,1750.0,224.0,7.0,11.0,1x 8-pin,1792.0,2491.0,RX,6600.0,No,No
Consolidated,GTX 1050 TI,34000.0,GIGABYTE,4.0,NVIDIA,NVIDIA,2016.0,4096.0,GDDR5,128.0,928.0,1752.0,112.1,14.0,3.0,Unknown,768.0,1392.0,GTX,1050.0,Yes,No
Consolidated,GTX 1080,46000.0,GIGABYTE,8.0,NVIDIA,NVIDIA,2016.0,8192.0,GDDR5X,256.0,928.0,1251.0,320.3,16.0,7.0,1x 8-pin,2560.0,1733.0,GTX,1080.0,No,No
Consolidated,RX 5500 XT,3000.0,MSI,4.0,AMD,AMD,2019.0,4096.0,GDDR6,128.0,928.0,1750.0,224.0,7.0,6.0,1x 8-pin,1408.0,1845.0,RX,5500.0,No,No
Consolidated,RTX 2070,72500.0,MSI,8.0,NVIDIA,NVIDIA,2018.0,8192.0,GDDR6,256.0,928.0,1750.0,448.0,12.0,10.0,1x 8-pin,2304.0,1620.0,RTX,2070.0,No,No
Consolidated,RX 5600 XT,47000.0,GALAX,6.0,AMD,AMD,2020.0,6144.0,GDDR6,192.0,928.0,1500.0,288.0,7.0,10.0,1x 8-pin,2304.0,1560.0,RX,5600.0,No,No
Consolidated,GTX 760,13500.0,PALIT,1.5,NVIDIA,NVIDIA,2013.0,2048.0,GDDR5,256.0,928.0,1502.0,192.3,28.0,3.0,2x 6-pin,1152.0,1032.0,GTX,760.0,No,No
Consolidated,GTX 1050,25000.0,GALAX,3.0,NVIDIA,NVIDIA,2018.0,3072.0,GDDR5,96.0,928.0,1752.0,84.1,14.0,3.0,Unknown,768.0,1518.0,GTX,1050.0,No,No
Consolidated,GTX 1080 TI,65500.0,ZOTAC,11.0,NVIDIA,NVIDIA,2017.0,11264.0,GDDR5X,352.0,928.0,1376.0,484.4,16.0,11.0,1x 6-pin + 1x 8-pin,3584.0,1582.0,GTX,1080.0,Yes,No
Consolidated,RX 460,16000.0,ZOTAC,2.0,AMD,AMD,2016.0,2048.0,GDDR5,128.0,928.0,1750.0,112.0,14.0,3.0,Unknown,896.0,1200.0,RX,460.0,No,No
Consolidated,RX 6600 XT,68500.0,GIGABYTE,8.0,AMD,AMD,2021.0,8192.0,GDDR6,128.0,928.0,2000.0,256.0,7.0,11.0,1x 8-pin,2048.0,2589.0,RX,6600.0,No,No
Consolidated,GTX 1050 TI,30000.0,ASUS,4.0,NVIDIA,NVIDIA,2016.0,4096.0,GDDR5,128.0,928.0,1752.0,112.1,14.0,3.0,Unknown,768.0,1392.0,GTX,1050.0,Yes,No
Consolidated,GTX 1050,23000.0,GIGABYTE,4.0,NVIDIA,NVIDIA,2018.0,3072.0,GDDR5,96.0,928.0,1752.0,84.1,14.0,3.0,Unknown,768.0,1518.0,GTX,1050.0,No,No
Consolidated,RX 570,34500.0,PALIT,4.0,AMD,AMD,2017.0,4096.0,GDDR5,256.0,928.0,1750.0,224.0,14.0,5.0,1x 6-pin,2048.0,1244.0,RX,570.0,No,No
Consolidated,RTX 2070,84000.0,ZOTAC,8.0,NVIDIA,NVIDIA,2018.0,8192.0,GDDR6,256.0,928.0,1750.0,448.0,12.0,10.0,1x 8-pin,2304.0,1620.0,RTX,2070.0,No,No
Consolidated,GTX 1070 TI,51000.0,ASUS,8.0,NVIDIA,NVIDIA,2017.0,8192.0,GDDR5,256.0,928.0,2002.0,256.3,16.0,7.0,1x 8-pin,2432.0,1683.0,GTX,1070.0,Yes,No
Consolidated,RTX 2060 SUPER,80000.0,GIGABYTE,8.0,NVIDIA,NVIDIA,2019.0,8192.0,GDDR6,256.0,928.0,1750.0,448.0,12.0,10.0,1x 8-pin,2176.0,1650.0,RTX,2060.0,No,No
Consolidated,RX 5700 XT,60500.0,GALAX,8.0,AMD,AMD,2019.0,8192.0,GDDR6,256.0,928.0,1750.0,448.0,7.0,10.0,1x 6-pin + 1x 8-pin,2560.0,1905.0,RX,5700.0,No,No
Consolidated,GTX 960,24500.0,GIGABYTE,4.0,NVIDIA,NVIDIA,2015.0,2048.0,GDDR5,128.0,928.0,1753.0,112.2,28.0,2.0,1x 6-pin,1024.0,1178.0,GTX,960.0,No,No
Consolidated,GTX 650,6500.0,ASUS,2.0,NVIDIA,NVIDIA,2013.0,1024.0,GDDR5,128.0,1058.0,1250.0,80.0,28.0,2.0,1x 6-pin,384.0,1620.0,GTX,650.0,No,No
Consolidated,RX 5600 XT,51000.0,ASUS,6.0,AMD,AMD,2020.0,6144.0,GDDR6,192.0,928.0,1500.0,288.0,7.0,10.0,1x 8-pin,2304.0,1560.0,RX,5600.0,No,No
Consolidated,GTX 750 TI,14000.0,MSI,2.0,NVIDIA,NVIDIA,2014.0,2048.0,GDDR5,128.0,928.0,1350.0,86.4,28.0,1.0,Unknown,640.0,1085.0,GTX,750.0,Yes,No
Consolidated,RX 6600 XT,70000.0,ASUS,8.0,AMD,AMD,2021.0,8192.0,GDDR6,128.0,928.0,2000.0,256.0,7.0,11.0,1x 8-pin,2048.0,2589.0,RX,6600.0,No,No
Consolidated,GTX 1050,25000.0,ASUS,2.0,NVIDIA,NVIDIA,2018.0,3072.0,GDDR5,96.0,928.0,1752.0,84.1,14.0,3.0,Unknown,768.0,1518.0,GTX,1050.0,No,No
Consolidated,RTX 2060,75500.0,GALAX,12.0,NVIDIA,NVIDIA,2021.0,12288.0,GDDR6,192.0,928.0,1750.0,336.0,12.0,10.0,1x 8-pin,2176.0,1650.0,RTX,2060.0,No,No
Consolidated,GTX 1050 TI,26000.0,ZOTAC,4.0,NVIDIA,NVIDIA,2016.0,4096.0,GDDR5,128.0,928.0,1752.0,112.1,14.0,3.0,Unknown,768.0,1392.0,GTX,1050.0,Yes,No
Consolidated,GTX 1070,43000.0,MSI,8.0,NVIDIA,NVIDIA,2016.0,8192.0,GDDR5,256.0,928.0,2002.0,256.3,16.0,7.0,1x 8-pin,1920.0,1683.0,GTX,1070.0,No,No
Consolidated,RTX 3060 TI,95000.0,ZOTAC,8.0,NVIDIA,NVIDIA,2020.0,8192.0,GDDR6,256.0,928.0,1750.0,448.0,8.0,17.0,1x 12-pin,4864.0,1665.0,RTX,3060.0,Yes,No
Consolidated,GTX 1050 TI,26500.0,MSI,4.0,NVIDIA,NVIDIA,2016.0,4096.0,GDDR5,128.0,928.0,1752.0,112.1,14.0,3.0,Unknown,768.0,1392.0,GTX,1050.0,Yes,No
Consolidated,GTX 550 TI,6500.0,PALIT,1.0,NVIDIA,NVIDIA,2011.0,1024.0,GDDR5,192.0,900.0,1026.0,98.5,40.0,1.0,1x 6-pin,192.0,1620.0,GTX,550.0,Yes,No
Consolidated,GTX 1660 TI,49000.0,ASUS,6.0,NVIDIA,NVIDIA,2019.0,6144.0,GDDR6,192.0,928.0,1500.0,288.0,12.0,6.0,1x 8-pin,1536.0,1770.0,GTX,1660.0,Yes,No
Consolidated,GTX 970,25500.0,MSI,4.0,NVIDIA,NVIDIA,2014.0,4096.0,GDDR5,256.0,928.0,1753.0,224.4,28.0,5.0,2x 6-pin,1664.0,1178.0,GTX,970.0,No,No
Consolidated,GTX 660,12000.0,ASUS,0.5,NVIDIA,NVIDIA,2012.0,2048.0,GDDR5,192.0,928.0,1502.0,144.2,28.0,2.0,1x 6-pin,960.0,1032.0,GTX,660.0,No,No
Consolidated,RTX 3050,72500.0,GALAX,4.0,NVIDIA,NVIDIA,2024.0,6144.0,GDDR6,96.0,928.0,1750.0,168.0,8.0,8.0,Unknown,2304.0,1470.0,RTX,3050.0,No,No
Consolidated,GTX 950,18500.0,ASUS,4.0,NVIDIA,NVIDIA,2015.0,2048.0,GDDR5,128.0,928.0,1653.0,105.8,28.0,2.0,1x 6-pin,768.0,1188.0,GTX,950.0,No,No
Consolidated,RTX 3070,104500.0,GIGABYTE,8.0,NVIDIA,NVIDIA,2020.0,8192.0,GDDR6,256.0,928.0,1750.0,448.0,8.0,17.0,1x 12-pin,5888.0,1725.0,RTX,3070.0,No,No
Consolidated,RX 5700 XT,61000.0,GIGABYTE,8.0,AMD,AMD,2019.0,8192.0,GDDR6,256.0,928.0,1750.0,448.0,7.0,10.0,1x 6-pin + 1x 8-pin,2560.0,1905.0,RX,5700.0,No,No
Consolidated,RTX 3070 TI,103000.0,ASUS,8.0,NVIDIA,NVIDIA,2021.0,8192.0,GDDR6X,256.0,928.0,1188.0,608.3,8.0,17.0,1x 12-pin,6144.0,1770.0,RTX,3070.0,Yes,No
Consolidated,GTX 970,25000.0,ASUS,4.0,NVIDIA,NVIDIA,2014.0,4096.0,GDDR5,256.0,928.0,1753.0,224.4,28.0,5.0,2x 6-pin,1664.0,1178.0,GTX,970.0,No,No
Consolidated,GTX 760,15500.0,MSI,2.0,NVIDIA,NVIDIA,2013.0,2048.0,GDDR5,256.0,928.0,1502.0,192.3,28.0,3.0,2x 6-pin,1152.0,1032.0,GTX,760.0,No,No
Consolidated,GTX 970,28500.0,ZOTAC,6.0,NVIDIA,NVIDIA,2014.0,4096.0,GDDR5,256.0,928.0,1753.0,224.4,28.0,5.0,2x 6-pin,1664.0,1178.0,GTX,970.0,No,No
Consolidated,RX 470,21500.0,MSI,8.0,AMD,AMD,2016.0,4096.0,GDDR5,256.0,928.0,1650.0,211.2,14.0,5.0,1x 6-pin,2048.0,1206.0,RX,470.0,No,No
Consolidated,GTX 1050,22000.0,GALAX,2.0,NVIDIA,NVIDIA,2018.0,3072.0,GDDR5,96.0,928.0,1752.0,84.1,14.0,3.0,Unknown,768.0,1518.0,GTX,1050.0,No,No
Consolidated,GTX 650 TI,7000.0,GIGABYTE,1.0,NVIDIA,NVIDIA,2012.0,1024.0,GDDR5,128.0,928.0,1350.0,86.4,28.0,2.0,1x 6-pin,768.0,1620.0,GTX,650.0,Yes,No
Consolidated,RX 470,19500.0,MSI,4.0,AMD,AMD,2016.0,4096.0,GDDR5,256.0,928.0,1650.0,211.2,14.0,5.0,1x 6-pin,2048.0,1206.0,RX,470.0,No,No
Consolidated,RX 5700 XT,49000.0,MSI,8.0,AMD,AMD,2019.0,8192.0,GDDR6,256.0,928.0,1750.0,448.0,7.0,10.0,1x 6-pin + 1x 8-pin,2560.0,1905.0,RX,5700.0,No,No
Consolidated,RTX 2060,61000.0,GALAX,6.0,NVIDIA,NVIDIA,2021.0,12288.0,GDDR6,192.0,928.0,1750.0,336.0,12.0,10.0,1x 8-pin,2176.0,1650.0,RTX,2060.0,No,No
Consolidated,GTX 760,16000.0,ASUS,1.0,NVIDIA,NVIDIA,2013.0,2048.0,GDDR5,256.0,928.0,1502.0,192.3,28.0,3.0,2x 6-pin,1152.0,1032.0,GTX,760.0,No,No
Consolidated,GTX 1650 SUPER,32500.0,MSI,4.0,NVIDIA,NVIDIA,2019.0,4096.0,GDDR6,128.0,928.0,1500.0,192.0,12.0,6.0,1x 6-pin,1280.0,1725.0,GTX,1650.0,No,No
Consolidated,GTX 750,12000.0,ASUS,1.0,NVIDIA,NVIDIA,2014.0,1024.0,GDDR5,128.0,928.0,1253.0,80.19,28.0,1.0,Unknown,512.0,1085.0,GTX,750.0,No,No
Consolidated,RX 5500 XT,3000.0,ZOTAC,4.0,AMD,AMD,2019.0,4096.0,GDDR6,128.0,928.0,1750.0,224.0,7.0,6.0,1x 8-pin,1408.0,1845.0,RX,5500.0,No,No
Consolidated,GTX 750 TI,13000.0,ASUS,2.0,NVIDIA,NVIDIA,2014.0,2048.0,GDDR5,128.0,928.0,1350.0,86.4,28.0,1.0,Unknown,640.0,1085.0,GTX,750.0,Yes,No
Consolidated,RX 590,38000.0,ASUS,8.0,AMD,AMD,2018.0,8192.0,GDDR5,256.0,928.0,2000.0,256.0,12.0,5.0,1x 8-pin,2304.0,1545.0,RX,590.0,No,No
Consolidated,GTX 1060,35000.0,ASUS,3.0,NVIDIA,NVIDIA,2017.0,5120.0,GDDR5,160.0,928.0,2002.0,160.2,16.0,4.0,1x 6-pin,1280.0,1709.0,GTX,1060.0,No,No
Consolidated,RX 590,40500.0,GIGABYTE,8.0,AMD,AMD,2018.0,8192.0,GDDR5,256.0,928.0,2000.0,256.0,12.0,5.0,1x 8-pin,2304.0,1545.0,RX,590.0,No,No
Consolidated,GTX 1660 TI,58000.0,PALIT,6.0,NVIDIA,NVIDIA,2019.0,6144.0,GDDR6,192.0,928.0,1500.0,288.0,12.0,6.0,1x 8-pin,1536.0,1770.0,GTX,1660.0,Yes,No
Consolidated,GTX 1660 SUPER,58000.0,ZOTAC,6.0,NVIDIA,NVIDIA,2019.0,6144.0,GDDR6,192.0,928.0,1750.0,336.0,12.0,6.0,1x 8-pin,1408.0,1785.0,GTX,1660.0,No,No
Consolidated,RX 6600,68000.0,PALIT,4.0,AMD,AMD,2021.0,8192.0,GDDR6,128.0,928.0,1750.0,224.0,7.0,11.0,1x 8-pin,1792.0,2491.0,RX,6600.0,No,No
Consolidated,RX 470,20500.0,GIGABYTE,8.0,AMD,AMD,2016.0,4096.0,GDDR5,256.0,928.0,1650.0,211.2,14.0,5.0,1x 6-pin,2048.0,1206.0,RX,470.0,No,No
Consolidated,GTX 660,11500.0,ASUS,0.5,NVIDIA,NVIDIA,2012.0,2048.0,GDDR5,192.0,928.0,1502.0,144.2,28.0,2.0,1x 6-pin,960.0,1032.0,GTX,660.0,No,No
Consolidated,GTX 1050 TI,31000.0,GIGABYTE,4.0,NVIDIA,NVIDIA,2016.0,4096.0,GDDR5,128.0,928.0,1752.0,112.1,14.0,3.0,Unknown,768.0,1392.0,GTX,1050.0,Yes,No
Consolidated,GTX 1660 TI,46500.0,GIGABYTE,6.0,NVIDIA,NVIDIA,2019.0,6144.0,GDDR6,192.0,928.0,1500.0,288.0,12.0,6.0,1x 8-pin,1536.0,1770.0,GTX,1660.0,Yes,No
Consolidated,RX 6600 XT,66000.0,ZOTAC,8.0,AMD,AMD,2021.0,8192.0,GDDR6,128.0,928.0,2000.0,256.0,7.0,11.0,1x 8-pin,2048.0,2589.0,RX,6600.0,No,No
Consolidated,RTX 3070,96000.0,MSI,8.0,NVIDIA,NVIDIA,2020.0,8192.0,GDDR6,256.0,928.0,1750.0,448.0,8.0,17.0,1x 12-pin,5888.0,1725.0,RTX,3070.0,No,No
Consolidated,RX 570,26500.0,ZOTAC,4.0,AMD,AMD,2017.0,4096.0,GDDR5,256.0,928.0,1750.0,224.0,14.0,5.0,1x 6-pin,2048.0,1244.0,RX,570.0,No,No
Consolidated,GTX 1650,38500.0,ASUS,4.0,NVIDIA,NVIDIA,2019.0,4096.0,GDDR5,128.0,928.0,2001.0,128.1,12.0,4.0,Unknown,896.0,1665.0,GTX,1650.0,No,No
Consolidated,RTX 3050,80500.0,MSI,6.0,NVIDIA,NVIDIA,2024.0,6144.0,GDDR6,96.0,928.0,1750.0,168.0,8.0,8.0,Unknown,2304.0,1470.0,RTX,3050.0,No,No
Consolidated,GTX 650 TI,9000.0,ASUS,1.0,NVIDIA,NVIDIA,2012.0,1024.0,GDDR5,128.0,928.0,1350.0,86.4,28.0,2.0,1x 6-pin,768.0,1620.0,GTX,650.0,Yes,No
Consolidated,GTX 1660 SUPER,49000.0,MSI,6.0,NVIDIA,NVIDIA,2019.0,6144.0,GDDR6,192.0,928.0,1750.0,336.0,12.0,6.0,1x 8-pin,1408.0,1785.0,GTX,1660.0,No,No
Consolidated,RX 5600 XT,55000.0,GIGABYTE,6.0,AMD,AMD,2020.0,6144.0,GDDR6,192.0,928.0,1500.0,288.0,7.0,10.0,1x 8-pin,2304.0,1560.0,RX,5600.0,No,No
Consolidated,RX 6600 XT,84500.0,GIGABYTE,8.0,AMD,AMD,2021.0,8192.0,GDDR6,128.0,928.0,2000.0,256.0,7.0,11.0,1x 8-pin,2048.0,2589.0,RX,6600.0,No,No
Consolidated,GTX 550 TI,7000.0,ASUS,1.0,NVIDIA,NVIDIA,2011.0,1024.0,GDDR5,192.0,900.0,1026.0,98.5,40.0,1.0,1x 6-pin,192.0,1620.0,GTX,550.0,Yes,No
Consolidated,GTX 1070,42500.0,GALAX,8.0,NVIDIA,NVIDIA,2016.0,8192.0,GDDR5,256.0,928.0,2002.0,256.3,16.0,7.0,1x 8-pin,1920.0,1683.0,GTX,1070.0,No,No
Consolidated,GTX 960,24500.0,ZOTAC,2.0,NVIDIA,NVIDIA,2015.0,2048.0,GDDR5,128.0,928.0,1753.0,112.2,28.0,2.0,1x 6-pin,1024.0,1178.0,GTX,960.0,No,No
Consolidated,GTX 1060,40000.0,GIGABYTE,6.0,NVIDIA,NVIDIA,2017.0,5120.0,GDDR5,160.0,928.0,2002.0,160.2,16.0,4.0,1x 6-pin,1280.0,1709.0,GTX,1060.0,No,No
Consolidated,RTX 2070,71500.0,MSI,8.0,NVIDIA,NVIDIA,2018.0,8192.0,GDDR6,256.0,928.0,1750.0,448.0,12.0,10.0,1x 8-pin,2304.0,1620.0,RTX,2070.0,No,No
Consolidated,RX 5700 XT,65500.0,ZOTAC,8.0,AMD,AMD,2019.0,8192.0,GDDR6,256.0,928.0,1750.0,448.0,7.0,10.0,1x 6-pin + 1x 8-pin,2560.0,1905.0,RX,5700.0,No,No
Consolidated,RX 580,36000.0,PALIT,8.0,AMD,AMD,2017.0,8192.0,GDDR5,256.0,928.0,2000.0,256.0,14.0,5.0,1x 8-pin,2304.0,1340.0,RX,580.0,No,No
Consolidated,RX 560,18000.0,GALAX,4.0,AMD,AMD,2017.0,4096.0,GDDR5,128.0,928.0,1750.0,112.0,14.0,3.0,Unknown,1024.0,1275.0,RX,560.0,No,No
Consolidated,GTX 1660 TI,61500.0,ASUS,6.0,NVIDIA,NVIDIA,2019.0,6144.0,GDDR6,192.0,928.0,1500.0,288.0,12.0,6.0,1x 8-pin,1536.0,1770.0,GTX,1660.0,Yes,No
Consolidated,RTX 2060 SUPER,73500.0,MSI,8.0,NVIDIA,NVIDIA,2019.0,8192.0,GDDR6,256.0,928.0,1750.0,448.0,12.0,10.0,1x 8-pin,2176.0,1650.0,RTX,2060.0,No,No
Consolidated,GTX 980,36500.0,ASUS,4.0,NVIDIA,NVIDIA,2014.0,4096.0,GDDR5,256.0,928.0,1753.0,224.4,28.0,5.0,2x 6-pin,2048.0,1216.0,GTX,980.0,No,No
Consolidated,GTX 750 TI,12500.0,GIGABYTE,2.0,NVIDIA,NVIDIA,2014.0,2048.0,GDDR5,128.0,928.0,1350.0,86.4,28.0,1.0,Unknown,640.0,1085.0,GTX,750.0,Yes,No
Consolidated,RX 560,17000.0,GIGABYTE,4.0,AMD,AMD,2017.0,4096.0,GDDR5,128.0,928.0,1750.0,112.0,14.0,3.0,Unknown,1024.0,1275.0,RX,560.0,No,No
Consolidated,RTX 2060 SUPER,74500.0,ASUS,8.0,NVIDIA,NVIDIA,2019.0,8192.0,GDDR6,256.0,928.0,1750.0,448.0,12.0,10.0,1x 8-pin,2176.0,1650.0,RTX,2060.0,No,No
Consolidated,RX 470,22000.0,GALAX,8.0,AMD,AMD,2016.0,4096.0,GDDR5,256.0,928.0,1650.0,211.2,14.0,5.0,1x 6-pin,2048.0,1206.0,RX,470.0,No,No
Consolidated,GTX 760,15500.0,ZOTAC,2.0,NVIDIA,NVIDIA,2013.0,2048.0,GDDR5,256.0,928.0,1502.0,192.3,28.0,3.0,2x 6-pin,1152.0,1032.0,GTX,760.0,No,No
Consolidated,RX 6600 XT,67000.0,MSI,8.0,AMD,AMD,2021.0,8192.0,GDDR6,128.0,928.0,2000.0,256.0,7.0,11.0,1x 8-pin,2048.0,2589.0,RX,6600.0,No,No
Consolidated,RTX 3070 TI,112000.0,ASUS,8.0,NVIDIA,NVIDIA,2021.0,8192.0,GDDR6X,256.0,928.0,1188.0,608.3,8.0,17.0,1x 12-pin,6144.0,1770.0,RTX,3070.0,Yes,No
Consolidated,RX 460,16500.0,PALIT,4.0,AMD,AMD,2016.0,2048.0,GDDR5,128.0,928.0,1750.0,112.0,14.0,3.0,Unknown,896.0,1200.0,RX,460.0,No,No
Consolidated,RTX 2060,65500.0,ZOTAC,12.0,NVIDIA,NVIDIA,2021.0,12288.0,GDDR6,192.0,928.0,1750.0,336.0,12.0,10.0,1x 8-pin,2176.0,1650.0,RTX,2060.0,No,No
Consolidated,GTX 650,6500.0,GIGABYTE,2.0,NVIDIA,NVIDIA,2013.0,1024.0,GDDR5,128.0,1058.0,1250.0,80.0,28.0,2.0,1x 6-pin,384.0,1620.0,GTX,650.0,No,No
Consolidated,GTX 980,32500.0,ASUS,8.0,NVIDIA,NVIDIA,2014.0,4096.0,GDDR5,256.0,928.0,1753.0,224.4,28.0,5.0,2x 6-pin,2048.0,1216.0,GTX,980.0,No,No
Consolidated,GTX 660 TI,6000.0,PALIT,2.0,NVIDIA,NVIDIA,2012.0,2048.0,GDDR5,192.0,928.0,1502.0,144.2,28.0,3.0,2x 6-pin,1344.0,980.0,GTX,660.0,Yes,No
Consolidated,RX 460,15500.0,GIGABYTE,2.0,AMD,AMD,2016.0,2048.0,GDDR5,128.0,928.0,1750.0,112.0,14.0,3.0,Unknown,896.0,1200.0,RX,460.0,No,No
Consolidated,GTX 1650 SUPER,39000.0,GALAX,4.0,NVIDIA,NVIDIA,2019.0,4096.0,GDDR6,128.0,928.0,1500.0,192.0,12.0,6.0,1x 6-pin,1280.0,1725.0,GTX,1650.0,No,No
Consolidated,RTX 3060,91500.0,GIGABYTE,8.0,NVIDIA,NVIDIA,2022.0,8192.0,GDDR6,128.0,928.0,1875.0,240.0,8.0,12.0,1x 12-pin,3584.0,1777.0,RTX,3060.0,No,No
Consolidated,RX 5600 XT,50500.0,ZOTAC,6.0,AMD,AMD,2020.0,6144.0,GDDR6,192.0,928.0,1500.0,288.0,7.0,10.0,1x 8-pin,2304.0,1560.0,RX,5600.0,No,No
Consolidated,RTX 2060,59500.0,ASUS,6.0,NVIDIA,NVIDIA,2021.0,12288.0,GDDR6,192.0,928.0,1750.0,336.0,12.0,10.0,1x 8-pin,2176.0,1650.0,RTX,2060.0,No,No
Consolidated,RX 580,39000.0,MSI,8.0,AMD,AMD,2017.0,8192.0,GDDR5,256.0,928.0,2000.0,256.0,14.0,5.0,1x 8-pin,2304.0,1340.0,RX,580.0,No,No
Consolidated,RX 5500 XT,3000.0,ASUS,4.0,AMD,AMD,2019.0,4096.0,GDDR6,128.0,928.0,1750.0,224.0,7.0,6.0,1x 8-pin,1408.0,1845.0,RX,5500.0,No,No
Consolidated,GTX 1070 TI,54500.0,PALIT,8.0,NVIDIA,NVIDIA,2017.0,8192.0,GDDR5,256.0,928.0,2002.0,256.3,16.0,7.0,1x 8-pin,2432.0,1683.0,GTX,1070.0,Yes,No
Consolidated,RTX 3060,90000.0,PALIT,8.0,NVIDIA,NVIDIA,2022.0,8192.0,GDDR6,128.0,928.0,1875.0,240.0,8.0,12.0,1x 12-pin,3584.0,1777.0,RTX,3060.0,No,No
Consolidated,GTX 1650,36500.0,ASUS,4.0,NVIDIA,NVIDIA,2019.0,4096.0,GDDR5,128.0,928.0,2001.0,128.1,12.0,4.0,Unknown,896.0,1665.0,GTX,1650.0,No,No
Consolidated,GTX 1650 SUPER,34000.0,GIGABYTE,4.0,NVIDIA,NVIDIA,2019.0,4096.0,GDDR6,128.0,928.0,1500.0,192.0,12.0,6.0,1x 6-pin,1280.0,1725.0,GTX,1650.0,No,No
Consolidated,RX 590,41500.0,PALIT,8.0,AMD,AMD,2018.0,8192.0,GDDR5,256.0,928.0,2000.0,256.0,12.0,5.0,1x 8-pin,2304.0,1545.0,RX,590.0,No,No
Consolidated,GTX 1650,32000.0,ZOTAC,4.0,NVIDIA,NVIDIA,2019.0,4096.0,GDDR5,128.0,928.0,2001.0,128.1,12.0,4.0,Unknown,896.0,1665.0,GTX,1650.0,No,No
Consolidated,RX 460,14000.0,ZOTAC,4.0,AMD,AMD,2016.0,2048.0,GDDR5,128.0,928.0,1750.0,112.0,14.0,3.0,Unknown,896.0,1200.0,RX,460.0,No,No
Consolidated,RX 580,31500.0,ZOTAC,8.0,AMD,AMD,2017.0,8192.0,GDDR5,256.0,928.0,2000.0,256.0,14.0,5.0,1x 8-pin,2304.0,1340.0,RX,580.0,No,No
Consolidated,RTX 3060 TI,92000.0,GALAX,8.0,NVIDIA,NVIDIA,2020.0,8192.0,GDDR6,256.0,928.0,1750.0,448.0,8.0,17.0,1x 12-pin,4864.0,1665.0,RTX,3060.0,Yes,No
Consolidated,GTX 1080,57500.0,ASUS,8.0,NVIDIA,NVIDIA,2016.0,8192.0,GDDR5X,256.0,928.0,1251.0,320.3,16.0,7.0,1x 8-pin,2560.0,1733.0,GTX,1080.0,No,No
Consolidated,RTX 2070,84500.0,GIGABYTE,8.0,NVIDIA,NVIDIA,2018.0,8192.0,GDDR6,256.0,928.0,1750.0,448.0,12.0,10.0,1x 8-pin,2304.0,1620.0,RTX,2070.0,No,No
Consolidated,GTX 1070,51500.0,ZOTAC,8.0,NVIDIA,NVIDIA,2016.0,8192.0,GDDR5,256.0,928.0,2002.0,256.3,16.0,7.0,1x 8-pin,1920.0,1683.0,GTX,1070.0,No,No
Consolidated,GTX 750,9000.0,GALAX,1.0,NVIDIA,NVIDIA,2014.0,1024.0,GDDR5,128.0,928.0,1253.0,80.19,28.0,1.0,Unknown,512.0,1085.0,GTX,750.0,No,No
Consolidated,GTX 1660 SUPER,56000.0,GALAX,6.0,NVIDIA,NVIDIA,2019.0,6144.0,GDDR6,192.0,928.0,1750.0,336.0,12.0,6.0,1x 8-pin,1408.0,1785.0,GTX,1660.0,No,No
Consolidated,GTX 660,11000.0,MSI,2.0,NVIDIA,NVIDIA,2012.0,2048.0,GDDR5,192.0,928.0,1502.0,144.2,28.0,2.0,1x 6-pin,960.0,1032.0,GTX,660.0,No,No
Consolidated,RTX 2060,58000.0,ASUS,6.0,NVIDIA,NVIDIA,2021.0,12288.0,GDDR6,192.0,928.0,1750.0,336.0,12.0,10.0,1x 8-pin,2176.0,1650.0,RTX,2060.0,No,No
Consolidated,GTX 960,20000.0,MSI,3.0,NVIDIA,NVIDIA,2015.0,2048.0,GDDR5,128.0,928.0,1753.0,112.2,28.0,2.0,1x 6-pin,1024.0,1178.0,GTX,960.0,No,No
Consolidated,RX 590,40500.0,GALAX,8.0,AMD,AMD,2018.0,8192.0,GDDR5,256.0,928.0,2000.0,256.0,12.0,5.0,1x 8-pin,2304.0,1545.0,RX,590.0,No,No
Consolidated,RX 590,38500.0,ASUS,8.0,AMD,AMD,2018.0,8192.0,GDDR5,256.0,928.0,2000.0,256.0,12.0,5.0,1x 8-pin,2304.0,1545.0,RX,590.0,No,No
Consolidated,GTX 950,18000.0,ZOTAC,2.0,NVIDIA,NVIDIA,2015.0,2048.0,GDDR5,128.0,928.0,1653.0,105.8,28.0,2.0,1x 6-pin,768.0,1188.0,GTX,950.0,No,No
Consolidated,RX 470,19500.0,ASUS,4.0,AMD,AMD,2016.0,4096.0,GDDR5,256.0,928.0,1650.0,211.2,14.0,5.0,1x 6-pin,2048.0,1206.0,RX,470.0,No,No
Consolidated,RX 5500 XT,3000.0,GALAX,4.0,AMD,AMD,2019.0,4096.0,GDDR6,128.0,928.0,1750.0,224.0,7.0,6.0,1x 8-pin,1408.0,1845.0,RX,5500.0,No,No
Consolidated,GTX 650 TI,7000.0,ZOTAC,2.0,NVIDIA,NVIDIA,2012.0,1024.0,GDDR5,128.0,928.0,1350.0,86.4,28.0,2.0,1x 6-pin,768.0,1620.0,GTX,650.0,Yes,No
Consolidated,RX 6600 XT,71500.0,GIGABYTE,8.0,AMD,AMD,2021.0,8192.0,GDDR6,128.0,928.0,2000.0,256.0,7.0,11.0,1x 8-pin,2048.0,2589.0,RX,6600.0,No,No
Consolidated,GTX 970,30500.0,GALAX,4.0,NVIDIA,NVIDIA,2014.0,4096.0,GDDR5,256.0,928.0,1753.0,224.4,28.0,5.0,2x 6-pin,1664.0,1178.0,GTX,970.0,No,No
Consolidated,GTX 750 TI,12000.0,GIGABYTE,2.0,NVIDIA,NVIDIA,2014.0,2048.0,GDDR5,128.0,928.0,1350.0,86.4,28.0,1.0,Unknown,640.0,1085.0,GTX,750.0,Yes,No
Consolidated,GTX 970,29500.0,GALAX,6.0,NVIDIA,NVIDIA,2014.0,4096.0,GDDR5,256.0,928.0,1753.0,224.4,28.0,5.0,2x 6-pin,1664.0,1178.0,GTX,970.0,No,No
Consolidated,RX 6600 XT,71500.0,ZOTAC,8.0,AMD,AMD,2021.0,8192.0,GDDR6,128.0,928.0,2000.0,256.0,7.0,11.0,1x 8-pin,2048.0,2589.0,RX,6600.0,No,No
Consolidated,GTX 1050,24500.0,MSI,2.0,NVIDIA,NVIDIA,2018.0,3072.0,GDDR5,96.0,928.0,1752.0,84.1,14.0,3.0,Unknown,768.0,1518.0,GTX,1050.0,No,No
Consolidated,GTX 660,12000.0,MSI,0.5,NVIDIA,NVIDIA,2012.0,2048.0,GDDR5,192.0,928.0,1502.0,144.2,28.0,2.0,1x 6-pin,960.0,1032.0,GTX,660.0,No,No
Consolidated,GTX 1050 TI,28500.0,GIGABYTE,4.0,NVIDIA,NVIDIA,2016.0,4096.0,GDDR5,128.0,928.0,1752.0,112.1,14.0,3.0,Unknown,768.0,1392.0,GTX,1050.0,Yes,No
Consolidated,GTX 650 TI,9000.0,GALAX,1.0,NVIDIA,NVIDIA,2012.0,1024.0,GDDR5,128.0,928.0,1350.0,86.4,28.0,2.0,1x 6-pin,768.0,1620.0,GTX,650.0,Yes,No
Consolidated,RTX 2070,74000.0,PALIT,8.0,NVIDIA,NVIDIA,2018.0,8192.0,GDDR6,256.0,928.0,1750.0,448.0,12.0,10.0,1x 8-pin,2304.0,1620.0,RTX,2070.0,No,No
Consolidated,GTX 750,10500.0,GIGABYTE,2.0,NVIDIA,NVIDIA,2014.0,1024.0,GDDR5,128.0,928.0,1253.0,80.19,28.0,1.0,Unknown,512.0,1085.0,GTX,750.0,No,No
Consolidated,RTX 2070,69500.0,ASUS,8.0,NVIDIA,NVIDIA,2018.0,8192.0,GDDR6,256.0,928.0,1750.0,448.0,12.0,10.0,1x 8-pin,2304.0,1620.0,RTX,2070.0,No,No
Consolidated,RX 580,41500.0,ASUS,8.0,AMD,AMD,2017.0,8192.0,GDDR5,256.0,928.0,2000.0,256.0,14.0,5.0,1x 8-pin,2304.0,1340.0,RX,580.0,No,No
Consolidated,RTX 2070,84000.0,GALAX,8.0,NVIDIA,NVIDIA,2018.0,8192.0,GDDR6,256.0,928.0,1750.0,448.0,12.0,10.0,1x 8-pin,2304.0,1620.0,RTX,2070.0,No,No
Consolidated,RX 590,39000.0,ZOTAC,8.0,AMD,AMD,2018.0,8192.0,GDDR5,256.0,928.0,2000.0,256.0,12.0,5.0,1x 8-pin,2304.0,1545.0,RX,590.0,No,No
Consolidated,GTX 980,33000.0,MSI,6.0,NVIDIA,NVIDIA,2014.0,4096.0,GDDR5,256.0,928.0,1753.0,224.4,28.0,5.0,2x 6-pin,2048.0,1216.0,GTX,980.0,No,No
Consolidated,GTX 660 TI,6000.0,ASUS,2.0,NVIDIA,NVIDIA,2012.0,2048.0,GDDR5,192.0,928.0,1502.0,144.2,28.0,3.0,2x 6-pin,1344.0,980.0,GTX,660.0,Yes,No
Consolidated,GTX 1660 SUPER,56500.0,ASUS,6.0,NVIDIA,NVIDIA,2019.0,6144.0,GDDR6,192.0,928.0,1750.0,336.0,12.0,6.0,1x 8-pin,1408.0,1785.0,GTX,1660.0,No,No
Consolidated,GTX 1660 SUPER,53500.0,ZOTAC,6.0,NVIDIA,NVIDIA,2019.0,6144.0,GDDR6,192.0,928.0,1750.0,336.0,12.0,6.0,1x 8-pin,1408.0,1785.0,GTX,1660.0,No,No
Consolidated,RX 470,20000.0,MSI,4.0,AMD,AMD,2016.0,4096.0,GDDR5,256.0,928.0,1650.0,211.2,14.0,5.0,1x 6-pin,2048.0,1206.0,RX,470.0,No,No
Consolidated,RTX 3050,65500.0,ASUS,6.0,NVIDIA,NVIDIA,2024.0,6144.0,GDDR6,96.0,928.0,1750.0,168.0,8.0,8.0,Unknown,2304.0,1470.0,RTX,3050.0,No,No
Consolidated,RX 580,38500.0,ZOTAC,8.0,AMD,AMD,2017.0,8192.0,GDDR5,256.0,928.0,2000.0,256.0,14.0,5.0,1x 8-pin,2304.0,1340.0,RX,580.0,No,No
Consolidated,GTX 660,10500.0,MSI,2.0,NVIDIA,NVIDIA,2012.0,2048.0,GDDR5,192.0,928.0,1502.0,144.2,28.0,2.0,1x 6-pin,960.0,1032.0,GTX,660.0,No,No
Consolidated,RTX 2060 SUPER,72500.0,GIGABYTE,8.0,NVIDIA,NVIDIA,2019.0,8192.0,GDDR6,256.0,928.0,1750.0,448.0,12.0,10.0,1x 8-pin,2176.0,1650.0,RTX,2060.0,No,No
Consolidated,GTX 970,31000.0,GALAX,4.0,NVIDIA,NVIDIA,2014.0,4096.0,GDDR5,256.0,928.0,1753.0,224.4,28.0,5.0,2x 6-pin,1664.0,1178.0,GTX,970.0,No,No
Consolidated,RTX 3070,104000.0,MSI,8.0,NVIDIA,NVIDIA,2020.0,8192.0,GDDR6,256.0,928.0,1750.0,448.0,8.0,17.0,1x 12-pin,5888.0,1725.0,RTX,3070.0,No,No
Consolidated,GTX 750 TI,14500.0,PALIT,2.0,NVIDIA,NVIDIA,2014.0,2048.0,GDDR5,128.0,928.0,1350.0,86.4,28.0,1.0,Unknown,640.0,1085.0,GTX,750.0,Yes,No
Consolidated,RTX 2060 SUPER,74500.0,ZOTAC,8.0,NVIDIA,NVIDIA,2019.0,8192.0,GDDR6,256.0,928.0,1750.0,448.0,12.0,10.0,1x 8-pin,2176.0,1650.0,RTX,2060.0,No,No
Consolidated,GTX 960,22500.0,ZOTAC,3.0,NVIDIA,NVIDIA,2015.0,2048.0,GDDR5,128.0,928.0,1753.0,112.2,28.0,2.0,1x 6-pin,1024.0,1178.0,GTX,960.0,No,No
Consolidated,GTX 1080 TI,71500.0,GALAX,11.0,NVIDIA,NVIDIA,2017.0,11264.0,GDDR5X,352.0,928.0,1376.0,484.4,16.0,11.0,1x 6-pin + 1x 8-pin,3584.0,1582.0,GTX,1080.0,Yes,No
Consolidated,GTX 550 TI,7000.0,ZOTAC,1.0,NVIDIA,NVIDIA,2011.0,1024.0,GDDR5,192.0,900.0,1026.0,98.5,40.0,1.0,1x 6-pin,192.0,1620.0,GTX,550.0,Yes,No
Consolidated,GTX 1050,25000.0,ASUS,2.0,NVIDIA,NVIDIA,2018.0,3072.0,GDDR5,96.0,928.0,1752.0,84.1,14.0,3.0,Unknown,768.0,1518.0,GTX,1050.0,No,No
Consolidated,GTX 970,27000.0,ASUS,4.0,NVIDIA,NVIDIA,2014.0,4096.0,GDDR5,256.0,928.0,1753.0,224.4,28.0,5.0,2x 6-pin,1664.0,1178.0,GTX,970.0,No,No
Consolidated,GTX 1650 SUPER,30500.0,GIGABYTE,4.0,NVIDIA,NVIDIA,2019.0,4096.0,GDDR6,128.0,928.0,1500.0,192.0,12.0,6.0,1x 6-pin,1280.0,1725.0,GTX,1650.0,No,No
Consolidated,GTX 1650 SUPER,33000.0,GIGABYTE,4.0,NVIDIA,NVIDIA,2019.0,4096.0,GDDR6,128.0,928.0,1500.0,192.0,12.0,6.0,1x 6-pin,1280.0,1725.0,GTX,1650.0,No,No
Consolidated,GTX 1660 TI,55000.0,GIGABYTE,6.0,NVIDIA,NVIDIA,2019.0,6144.0,GDDR6,192.0,928.0,1500.0,288.0,12.0,6.0,1x 8-pin,1536.0,1770.0,GTX,1660.0,Yes,No
Consolidated,GTX 970,28000.0,MSI,6.0,NVIDIA,NVIDIA,2014.0,4096.0,GDDR5,256.0,928.0,1753.0,224.4,28.0,5.0,2x 6-pin,1664.0,1178.0,GTX,970.0,No,No
Consolidated,GTX 650,7000.0,ASUS,2.0,NVIDIA,NVIDIA,2013.0,1024.0,GDDR5,128.0,1058.0,1250.0,80.0,28.0,2.0,1x 6-pin,384.0,1620.0,GTX,650.0,No,No
Consolidated,GTX 750 TI,14500.0,ZOTAC,2.0,NVIDIA,NVIDIA,2014.0,2048.0,GDDR5,128.0,928.0,1350.0,86.4,28.0,1.0,Unknown,640.0,1085.0,GTX,750.0,Yes,No
Consolidated,GTX 970,24500.0,ASUS,4.0,NVIDIA,NVIDIA,2014.0,4096.0,GDDR5,256.0,928.0,1753.0,224.4,28.0,5.0,2x 6-pin,1664.0,1178.0,GTX,970.0,No,No
Consolidated,RX 570,29500.0,GIGABYTE,8.0,AMD,AMD,2017.0,4096.0,GDDR5,256.0,928.0,1750.0,224.0,14.0,5.0,1x 6-pin,2048.0,1244.0,RX,570.0,No,No
Consolidated,RTX 2060,75000.0,ASUS,12.0,NVIDIA,NVIDIA,2021.0,12288.0,GDDR6,192.0,928.0,1750.0,336.0,12.0,10.0,1x 8-pin,2176.0,1650.0,RTX,2060.0,No,No
Consolidated,RTX 3050,68500.0,GIGABYTE,6.0,NVIDIA,NVIDIA,2024.0,6144.0,GDDR6,96.0,928.0,1750.0,168.0,8.0,8.0,Unknown,2304.0,1470.0,RTX,3050.0,No,No
Consolidated,RTX 2060,67000.0,MSI,6.0,NVIDIA,NVIDIA,2021.0,12288.0,GDDR6,192.0,928.0,1750.0,336.0,12.0,10.0,1x 8-pin,2176.0,1650.0,RTX,2060.0,No,No
Consolidated,GTX 1050 TI,28500.0,GIGABYTE,4.0,NVIDIA,NVIDIA,2016.0,4096.0,GDDR5,128.0,928.0,1752.0,112.1,14.0,3.0,Unknown,768.0,1392.0,GTX,1050.0,Yes,No
Consolidated,GTX 960,19000.0,ASUS,3.0,NVIDIA,NVIDIA,2015.0,2048.0,GDDR5,128.0,928.0,1753.0,112.2,28.0,2.0,1x 6-pin,1024.0,1178.0,GTX,960.0,No,No
Consolidated,RX 5700 XT,57000.0,MSI,8.0,AMD,AMD,2019.0,8192.0,GDDR6,256.0,928.0,1750.0,448.0,7.0,10.0,1x 6-pin + 1x 8-pin,2560.0,1905.0,RX,5700.0,No,No
Consolidated,GTX 550 TI,7500.0,GALAX,1.0,NVIDIA,NVIDIA,2011.0,1024.0,GDDR5,192.0,900.0,1026.0,98.5,40.0,1.0,1x 6-pin,192.0,1620.0,GTX,550.0,Yes,No
Consolidated,GTX 1660 TI,45500.0,GIGABYTE,6.0,NVIDIA,NVIDIA,2019.0,6144.0,GDDR6,192.0,928.0,1500.0,288.0,12.0,6.0,1x 8-pin,1536.0,1770.0,GTX,1660.0,Yes,No
Consolidated,RTX 3070,98500.0,ZOTAC,8.0,NVIDIA,NVIDIA,2020.0,8192.0,GDDR6,256.0,928.0,1750.0,448.0,8.0,17.0,1x 12-pin,5888.0,1725.0,RTX,3070.0,No,No
Consolidated,RX 470,22000.0,GIGABYTE,8.0,AMD,AMD,2016.0,4096.0,GDDR5,256.0,928.0,1650.0,211.2,14.0,5.0,1x 6-pin,2048.0,1206.0,RX,470.0,No,No
Consolidated,GTX 1660 TI,58000.0,MSI,6.0,NVIDIA,NVIDIA,2019.0,6144.0,GDDR6,192.0,928.0,1500.0,288.0,12.0,6.0,1x 8-pin,1536.0,1770.0,GTX,1660.0,Yes,No
Consolidated,GTX 1060,34000.0,ASUS,6.0,NVIDIA,NVIDIA,2017.0,5120.0,GDDR5,160.0,928.0,2002.0,160.2,16.0,4.0,1x 6-pin,1280.0,1709.0,GTX,1060.0,No,No
Consolidated,RX 590,42000.0,PALIT,8.0,AMD,AMD,2018.0,8192.0,GDDR5,256.0,928.0,2000.0,256.0,12.0,5.0,1x 8-pin,2304.0,1545.0,RX,590.0,No,No
Consolidated,GTX 760,17000.0,GIGABYTE,1.5,NVIDIA,NVIDIA,2013.0,2048.0,GDDR5,256.0,928.0,1502.0,192.3,28.0,3.0,2x 6-pin,1152.0,1032.0,GTX,760.0,No,No
Consolidated,RX 560,15500.0,ZOTAC,6.0,AMD,AMD,2017.0,4096.0,GDDR5,128.0,928.0,1750.0,112.0,14.0,3.0,Unknown,1024.0,1275.0,RX,560.0,No,No
Consolidated,GTX 750,9500.0,GALAX,2.0,NVIDIA,NVIDIA,2014.0,1024.0,GDDR5,128.0,928.0,1253.0,80.19,28.0,1.0,Unknown,512.0,1085.0,GTX,750.0,No,No
Consolidated,RTX 3060,102500.0,PALIT,6.0,NVIDIA,NVIDIA,2022.0,8192.0,GDDR6,128.0,928.0,1875.0,240.0,8.0,12.0,1x 12-pin,3584.0,1777.0,RTX,3060.0,No,No
Consolidated,GTX 1660 SUPER,51000.0,GALAX,6.0,NVIDIA,NVIDIA,2019.0,6144.0,GDDR6,192.0,928.0,1750.0,336.0,12.0,6.0,1x 8-pin,1408.0,1785.0,GTX,1660.0,No,No
Consolidated,GTX 1080,59000.0,ZOTAC,8.0,NVIDIA,NVIDIA,2016.0,8192.0,GDDR5X,256.0,928.0,1251.0,320.3,16.0,7.0,1x 8-pin,2560.0,1733.0,GTX,1080.0,No,No
Consolidated,GTX 1070 TI,54000.0,ASUS,8.0,NVIDIA,NVIDIA,2017.0,8192.0,GDDR5,256.0,928.0,2002.0,256.3,16.0,7.0,1x 8-pin,2432.0,1683.0,GTX,1070.0,Yes,No
Consolidated,GTX 1080 TI,65000.0,GIGABYTE,11.0,NVIDIA,NVIDIA,2017.0,11264.0,GDDR5X,352.0,928.0,1376.0,484.4,16.0,11.0,1x 6-pin + 1x 8-pin,3584.0,1582.0,GTX,1080.0,Yes,No
Consolidated,GTX 1660 TI,58000.0,MSI,6.0,NVIDIA,NVIDIA,2019.0,6144.0,GDDR6,192.0,928.0,1500.0,288.0,12.0,6.0,1x 8-pin,1536.0,1770.0,GTX,1660.0,Yes,No
Consolidated,RX 560,16000.0,MSI,6.0,AMD,AMD,2017.0,4096.0,GDDR5,128.0,928.0,1750.0,112.0,14.0,3.0,Unknown,1024.0,1275.0,RX,560.0,No,No
Consolidated,GTX 1080,54500.0,ASUS,8.0,NVIDIA,NVIDIA,2016.0,8192.0,GDDR5X,256.0,928.0,1251.0,320.3,16.0,7.0,1x 8-pin,2560.0,1733.0,GTX,1080.0,No,No
Consolidated,RX 570,29500.0,MSI,8.0,AMD,AMD,2017.0,4096.0,GDDR5,256.0,928.0,1750.0,224.0,14.0,5.0,1x 6-pin,2048.0,1244.0,RX,570.0,No,No
Consolidated,GTX 1050,24000.0,GALAX,2.0,NVIDIA,NVIDIA,2018.0,3072.0,GDDR5,96.0,928.0,1752.0,84.1,14.0,3.0,Unknown,768.0,1518.0,GTX,1050.0,No,No
Consolidated,GTX 750,9500.0,ASUS,1.0,NVIDIA,NVIDIA,2014.0,1024.0,GDDR5,128.0,928.0,1253.0,80.19,28.0,1.0,Unknown,512.0,1085.0,GTX,750.0,No,No
Consolidated,RX 5500 XT,3000.0,MSI,4.0,AMD,AMD,2019.0,4096.0,GDDR6,128.0,928.0,1750.0,224.0,7.0,6.0,1x 8-pin,1408.0,1845.0,RX,5500.0,No,No
Consolidated,RTX 3060,101000.0,MSI,12.0,NVIDIA,NVIDIA,2022.0,8192.0,GDDR6,128.0,928.0,1875.0,240.0,8.0,12.0,1x 12-pin,3584.0,1777.0,RTX,3060.0,No,No
Consolidated,RX 6600 XT,74500.0,GIGABYTE,8.0,AMD,AMD,2021.0,8192.0,GDDR6,128.0,928.0,2000.0,256.0,7.0,11.0,1x 8-pin,2048.0,2589.0,RX,6600.0,No,No
Consolidated,GTX 950,15500.0,ASUS,4.0,NVIDIA,NVIDIA,2015.0,2048.0,GDDR5,128.0,928.0,1653.0,105.8,28.0,2.0,1x 6-pin,768.0,1188.0,GTX,950.0,No,No
Consolidated,GTX 970,26000.0,ZOTAC,6.0,NVIDIA,NVIDIA,2014.0,4096.0,GDDR5,256.0,928.0,1753.0,224.4,28.0,5.0,2x 6-pin,1664.0,1178.0,GTX,970.0,No,No
Consolidated,GTX 1660 TI,51500.0,ASUS,6.0,NVIDIA,NVIDIA,2019.0,6144.0,GDDR6,192.0,928.0,1500.0,288.0,12.0,6.0,1x 8-pin,1536.0,1770.0,GTX,1660.0,Yes,No
Consolidated,GTX 750 TI,13500.0,MSI,2.0,NVIDIA,NVIDIA,2014.0,2048.0,GDDR5,128.0,928.0,1350.0,86.4,28.0,1.0,Unknown,640.0,1085.0,GTX,750.0,Yes,No
Consolidated,GTX 550 TI,6500.0,ASUS,1.0,NVIDIA,NVIDIA,2011.0,1024.0,GDDR5,192.0,900.0,1026.0,98.5,40.0,1.0,1x 6-pin,192.0,1620.0,GTX,550.0,Yes,No
Consolidated,RTX 2060,58500.0,GALAX,12.0,NVIDIA,NVIDIA,2021.0,12288.0,GDDR6,192.0,928.0,1750.0,336.0,12.0,10.0,1x 8-pin,2176.0,1650.0,RTX,2060.0,No,No
Consolidated,GTX 950,19500.0,MSI,2.0,NVIDIA,NVIDIA,2015.0,2048.0,GDDR5,128.0,928.0,1653.0,105.8,28.0,2.0,1x 6-pin,768.0,1188.0,GTX,950.0,No,No
Consolidated,RX 6600,67000.0,PALIT,4.0,AMD,AMD,2021.0,8192.0,GDDR6,128.0,928.0,1750.0,224.0,7.0,11.0,1x 8-pin,1792.0,2491.0,RX,6600.0,No,No
Consolidated,GTX 1070 TI,46000.0,PALIT,8.0,NVIDIA,NVIDIA,2017.0,8192.0,GDDR5,256.0,928.0,2002.0,256.3,16.0,7.0,1x 8-pin,2432.0,1683.0,GTX,1070.0,Yes,No
Consolidated,GTX 1650,34500.0,GALAX,4.0,NVIDIA,NVIDIA,2019.0,4096.0,GDDR5,128.0,928.0,2001.0,128.1,12.0,4.0,Unknown,896.0,1665.0,GTX,1650.0,No,No
Consolidated,GTX 960,24000.0,MSI,2.0,NVIDIA,NVIDIA,2015.0,2048.0,GDDR5,128.0,928.0,1753.0,112.2,28.0,2.0,1x 6-pin,1024.0,1178.0,GTX,960.0,No,No
Consolidated,GTX 660,11500.0,ZOTAC,2.0,NVIDIA,NVIDIA,2012.0,2048.0,GDDR5,192.0,928.0,1502.0,144.2,28.0,2.0,1x 6-pin,960.0,1032.0,GTX,660.0,No,No
Consolidated,GTX 650 TI,8500.0,ASUS,1.0,NVIDIA,NVIDIA,2012.0,1024.0,GDDR5,128.0,928.0,1350.0,86.4,28.0,2.0,1x 6-pin,768.0,1620.0,GTX,650.0,Yes,No
Consolidated,GTX 1050,20500.0,GALAX,2.0,NVIDIA,NVIDIA,2018.0,3072.0,GDDR5,96.0,928.0,1752.0,84.1,14.0,3.0,Unknown,768.0,1518.0,GTX,1050.0,No,No
Consolidated,GTX 1080,54500.0,GIGABYTE,8.0,NVIDIA,NVIDIA,2016.0,8192.0,GDDR5X,256.0,928.0,1251.0,320.3,16.0,7.0,1x 8-pin,2560.0,1733.0,GTX,1080.0,No,No
Consolidated,GTX 1050,21500.0,MSI,2.0,NVIDIA,NVIDIA,2018.0,3072.0,GDDR5,96.0,928.0,1752.0,84.1,14.0,3.0,Unknown,768.0,1518.0,GTX,1050.0,No,No
Consolidated,GTX 960,25000.0,GIGABYTE,2.0,NVIDIA,NVIDIA,2015.0,2048.0,GDDR5,128.0,928.0,1753.0,112.2,28.0,2.0,1x 6-pin,1024.0,1178.0,GTX,960.0,No,No
Consolidated,GTX 660 TI,6500.0,ZOTAC,2.0,NVIDIA,NVIDIA,2012.0,2048.0,GDDR5,192.0,928.0,1502.0,144.2,28.0,3.0,2x 6-pin,1344.0,980.0,GTX,660.0,Yes,No
Consolidated,RTX 2060,63500.0,GIGABYTE,6.0,NVIDIA,NVIDIA,2021.0,12288.0,GDDR6,192.0,928.0,1750.0,336.0,12.0,10.0,1x 8-pin,2176.0,1650.0,RTX,2060.0,No,No
Consolidated,RX 590,37000.0,ASUS,8.0,AMD,AMD,2018.0,8192.0,GDDR5,256.0,928.0,2000.0,256.0,12.0,5.0,1x 8-pin,2304.0,1545.0,RX,590.0,No,No
Consolidated,RX 570,30500.0,MSI,4.0,AMD,AMD,2017.0,4096.0,GDDR5,256.0,928.0,1750.0,224.0,14.0,5.0,1x 6-pin,2048.0,1244.0,RX,570.0,No,No
Consolidated,RTX 2070,66000.0,GIGABYTE,8.0,NVIDIA,NVIDIA,2018.0,8192.0,GDDR6,256.0,928.0,1750.0,448.0,12.0,10.0,1x 8-pin,2304.0,1620.0,RTX,2070.0,No,No
Consolidated,GTX 980,33000.0,MSI,4.0,NVIDIA,NVIDIA,2014.0,4096.0,GDDR5,256.0,928.0,1753.0,224.4,28.0,5.0,2x 6-pin,2048.0,1216.0,GTX,980.0,No,No
Consolidated,RTX 2060,64500.0,MSI,12.0,NVIDIA,NVIDIA,2021.0,12288.0,GDDR6,192.0,928.0,1750.0,336.0,12.0,10.0,1x 8-pin,2176.0,1650.0,RTX,2060.0,No,No
Consolidated,RX 460,14500.0,ZOTAC,4.0,AMD,AMD,2016.0,2048.0,GDDR5,128.0,928.0,1750.0,112.0,14.0,3.0,Unknown,896.0,1200.0,RX,460.0,No,No
Consolidated,GTX 1660 TI,57500.0,PALIT,6.0,NVIDIA,NVIDIA,2019.0,6144.0,GDDR6,192.0,928.0,1500.0,288.0,12.0,6.0,1x 8-pin,1536.0,1770.0,GTX,1660.0,Yes,No
Consolidated,GTX 1650,40500.0,GIGABYTE,4.0,NVIDIA,NVIDIA,2019.0,4096.0,GDDR5,128.0,928.0,2001.0,128.1,12.0,4.0,Unknown,896.0,1665.0,GTX,1650.0,No,No
Consolidated,GTX 650,7500.0,ZOTAC,2.0,NVIDIA,NVIDIA,2013.0,1024.0,GDDR5,128.0,1058.0,1250.0,80.0,28.0,2.0,1x 6-pin,384.0,1620.0,GTX,650.0,No,No
Consolidated,RTX 2070,73000.0,ASUS,8.0,NVIDIA,NVIDIA,2018.0,8192.0,GDDR6,256.0,928.0,1750.0,448.0,12.0,10.0,1x 8-pin,2304.0,1620.0,RTX,2070.0,No,No
Consolidated,GTX 750,10000.0,ASUS,1.0,NVIDIA,NVIDIA,2014.0,1024.0,GDDR5,128.0,928.0,1253.0,80.19,28.0,1.0,Unknown,512.0,1085.0,GTX,750.0,No,No
Consolidated,GTX 650 TI,8500.0,ASUS,1.0,NVIDIA,NVIDIA,2012.0,1024.0,GDDR5,128.0,928.0,1350.0,86.4,28.0,2.0,1x 6-pin,768.0,1620.0,GTX,650.0,Yes,No
Consolidated,RTX 3050,63500.0,ZOTAC,8.0,NVIDIA,NVIDIA,2024.0,6144.0,GDDR6,96.0,928.0,1750.0,168.0,8.0,8.0,Unknown,2304.0,1470.0,RTX,3050.0,No,No
Consolidated,GTX 980,28500.0,GIGABYTE,4.0,NVIDIA,NVIDIA,2014.0,4096.0,GDDR5,256.0,928.0,1753.0,224.4,28.0,5.0,2x 6-pin,2048.0,1216.0,GTX,980.0,No,No
Consolidated,RX 470,20500.0,MSI,8.0,AMD,AMD,2016.0,4096.0,GDDR5,256.0,928.0,1650.0,211.2,14.0,5.0,1x 6-pin,2048.0,1206.0,RX,470.0,No,No
Consolidated,GTX 750,11500.0,PALIT,1.0,NVIDIA,NVIDIA,2014.0,1024.0,GDDR5,128.0,928.0,1253.0,80.19,28.0,1.0,Unknown,512.0,1085.0,GTX,750.0,No,No
Consolidated,GTX 1050,19000.0,MSI,4.0,NVIDIA,NVIDIA,2018.0,3072.0,GDDR5,96.0,928.0,1752.0,84.1,14.0,3.0,Unknown,768.0,1518.0,GTX,1050.0,No,No
Consolidated,RX 590,41000.0,ZOTAC,8.0,AMD,AMD,2018.0,8192.0,GDDR5,256.0,928.0,2000.0,256.0,12.0,5.0,1x 8-pin,2304.0,1545.0,RX,590.0,No,No
Consolidated,GTX 760,15500.0,PALIT,1.0,NVIDIA,NVIDIA,2013.0,2048.0,GDDR5,256.0,928.0,1502.0,192.3,28.0,3.0,2x 6-pin,1152.0,1032.0,GTX,760.0,No,No
Consolidated,GTX 1070,49000.0,ZOTAC,8.0,NVIDIA,NVIDIA,2016.0,8192.0,GDDR5,256.0,928.0,2002.0,256.3,16.0,7.0,1x 8-pin,1920.0,1683.0,GTX,1070.0,No,No
Consolidated,GTX 1060,36000.0,GIGABYTE,5.0,NVIDIA,NVIDIA,2017.0,5120.0,GDDR5,160.0,928.0,2002.0,160.2,16.0,4.0,1x 6-pin,1280.0,1709.0,GTX,1060.0,No,No
Consolidated,GTX 1660 TI,49500.0,ASUS,6.0,NVIDIA,NVIDIA,2019.0,6144.0,GDDR6,192.0,928.0,1500.0,288.0,12.0,6.0,1x 8-pin,1536.0,1770.0,GTX,1660.0,Yes,No
Consolidated,GTX 1060,35000.0,ZOTAC,5.0,NVIDIA,NVIDIA,2017.0,5120.0,GDDR5,160.0,928.0,2002.0,160.2,16.0,4.0,1x 6-pin,1280.0,1709.0,GTX,1060.0,No,No
Consolidated,GTX 950,18000.0,PALIT,4.0,NVIDIA,NVIDIA,2015.0,2048.0,GDDR5,128.0,928.0,1653.0,105.8,28.0,2.0,1x 6-pin,768.0,1188.0,GTX,950.0,No,No
Consolidated,GTX 760,14000.0,GIGABYTE,1.0,NVIDIA,NVIDIA,2013.0,2048.0,GDDR5,256.0,928.0,1502.0,192.3,28.0,3.0,2x 6-pin,1152.0,1032.0,GTX,760.0,No,No
Consolidated,RX 470,18000.0,GIGABYTE,4.0,AMD,AMD,2016.0,4096.0,GDDR5,256.0,928.0,1650.0,211.2,14.0,5.0,1x 6-pin,2048.0,1206.0,RX,470.0,No,No
Consolidated,RX 580,40500.0,MSI,8.0,AMD,AMD,2017.0,8192.0,GDDR5,256.0,928.0,2000.0,256.0,14.0,5.0,1x 8-pin,2304.0,1340.0,RX,580.0,No,No
Consolidated,RTX 3060,108500.0,MSI,8.0,NVIDIA,NVIDIA,2022.0,8192.0,GDDR6,128.0,928.0,1875.0,240.0,8.0,12.0,1x 12-pin,3584.0,1777.0,RTX,3060.0,No,No
Consolidated,GTX 1080,48500.0,ASUS,8.0,NVIDIA,NVIDIA,2016.0,8192.0,GDDR5X,256.0,928.0,1251.0,320.3,16.0,7.0,1x 8-pin,2560.0,1733.0,GTX,1080.0,No,No
Consolidated,GTX 1650,42500.0,ZOTAC,4.0,NVIDIA,NVIDIA,2019.0,4096.0,GDDR5,128.0,928.0,2001.0,128.1,12.0,4.0,Unknown,896.0,1665.0,GTX,1650.0,No,No
Consolidated,GTX 650,8500.0,MSI,1.0,NVIDIA,NVIDIA,2013.0,1024.0,GDDR5,128.0,1058.0,1250.0,80.0,28.0,2.0,1x 6-pin,384.0,1620.0,GTX,650.0,No,No
Consolidated,GTX 750 TI,12000.0,ZOTAC,2.0,NVIDIA,NVIDIA,2014.0,2048.0,GDDR5,128.0,928.0,1350.0,86.4,28.0,1.0,Unknown,640.0,1085.0,GTX,750.0,Yes,No
Consolidated,GTX 950,16000.0,GALAX,4.0,NVIDIA,NVIDIA,2015.0,2048.0,GDDR5,128.0,928.0,1653.0,105.8,28.0,2.0,1x 6-pin,768.0,1188.0,GTX,950.0,No,No
Consolidated,RX 570,34500.0,MSI,4.0,AMD,AMD,2017.0,4096.0,GDDR5,256.0,928.0,1750.0,224.0,14.0,5.0,1x 6-pin,2048.0,1244.0,RX,570.0,No,No
Consolidated,GTX 750,10500.0,MSI,1.0,NVIDIA,NVIDIA,2014.0,1024.0,GDDR5,128.0,928.0,1253.0,80.19,28.0,1.0,Unknown,512.0,1085.0,GTX,750.0,No,No
Consolidated,GTX 1660 SUPER,57000.0,PALIT,6.0,NVIDIA,NVIDIA,2019.0,6144.0,GDDR6,192.0,928.0,1750.0,336.0,12.0,6.0,1x 8-pin,1408.0,1785.0,GTX,1660.0,No,No
Consolidated,GTX 950,18500.0,GIGABYTE,4.0,NVIDIA,NVIDIA,2015.0,2048.0,GDDR5,128.0,928.0,1653.0,105.8,28.0,2.0,1x 6-pin,768.0,1188.0,GTX,950.0,No,No
Consolidated,GTX 750 TI,11000.0,GIGABYTE,2.0,NVIDIA,NVIDIA,2014.0,2048.0,GDDR5,128.0,928.0,1350.0,86.4,28.0,1.0,Unknown,640.0,1085.0,GTX,750.0,Yes,No
Consolidated,RTX 3050,62500.0,MSI,8.0,NVIDIA,NVIDIA,2024.0,6144.0,GDDR6,96.0,928.0,1750.0,168.0,8.0,8.0,Unknown,2304.0,1470.0,RTX,3050.0,No,No
Consolidated,GTX 550 TI,7500.0,GALAX,1.0,NVIDIA,NVIDIA,2011.0,1024.0,GDDR5,192.0,900.0,1026.0,98.5,40.0,1.0,1x 6-pin,192.0,1620.0,GTX,550.0,Yes,No
Consolidated,GTX 980,36000.0,GALAX,6.0,NVIDIA,NVIDIA,2014.0,4096.0,GDDR5,256.0,928.0,1753.0,224.4,28.0,5.0,2x 6-pin,2048.0,1216.0,GTX,980.0,No,No
Consolidated,RX 570,31000.0,ASUS,8.0,AMD,AMD,2017.0,4096.0,GDDR5,256.0,928.0,1750.0,224.0,14.0,5.0,1x 6-pin,2048.0,1244.0,RX,570.0,No,No
Consolidated,GTX 760,13500.0,GIGABYTE,1.5,NVIDIA,NVIDIA,2013.0,2048.0,GDDR5,256.0,928.0,1502.0,192.3,28.0,3.0,2x 6-pin,1152.0,1032.0,GTX,760.0,No,No
Consolidated,GTX 1050,20500.0,ASUS,2.0,NVIDIA,NVIDIA,2018.0,3072.0,GDDR5,96.0,928.0,1752.0,84.1,14.0,3.0,Unknown,768.0,1518.0,GTX,1050.0,No,No
Consolidated,GTX 1650,34500.0,GIGABYTE,4.0,NVIDIA,NVIDIA,2019.0,4096.0,GDDR5,128.0,928.0,2001.0,128.1,12.0,4.0,Unknown,896.0,1665.0,GTX,1650.0,No,No
Consolidated,GTX 760,16500.0,PALIT,1.5,NVIDIA,NVIDIA,2013.0,2048.0,GDDR5,256.0,928.0,1502.0,192.3,28.0,3.0,2x 6-pin,1152.0,1032.0,GTX,760.0,No,No
Consolidated,RTX 3060,85500.0,ZOTAC,8.0,NVIDIA,NVIDIA,2022.0,8192.0,GDDR6,128.0,928.0,1875.0,240.0,8.0,12.0,1x 12-pin,3584.0,1777.0,RTX,3060.0,No,No
Consolidated,GTX 1660 SUPER,45500.0,MSI,6.0,NVIDIA,NVIDIA,2019.0,6144.0,GDDR6,192.0,928.0,1750.0,336.0,12.0,6.0,1x 8-pin,1408.0,1785.0,GTX,1660.0,No,No
Consolidated,GTX 1080 TI,69000.0,MSI,11.0,NVIDIA,NVIDIA,2017.0,11264.0,GDDR5X,352.0,928.0,1376.0,484.4,16.0,11.0,1x 6-pin + 1x 8-pin,3584.0,1582.0,GTX,1080.0,Yes,No
Consolidated,RTX 3070,114500.0,GALAX,8.0,NVIDIA,NVIDIA,2020.0,8192.0,GDDR6,256.0,928.0,1750.0,448.0,8.0,17.0,1x 12-pin,5888.0,1725.0,RTX,3070.0,No,No
Consolidated,RX 570,35000.0,GIGABYTE,8.0,AMD,AMD,2017.0,4096.0,GDDR5,256.0,928.0,1750.0,224.0,14.0,5.0,1x 6-pin,2048.0,1244.0,RX,570.0,No,No
Consolidated,GTX 1080,56500.0,ZOTAC,8.0,NVIDIA,NVIDIA,2016.0,8192.0,GDDR5X,256.0,928.0,1251.0,320.3,16.0,7.0,1x 8-pin,2560.0,1733.0,GTX,1080.0,No,No
Consolidated,GTX 1060,33500.0,GALAX,6.0,NVIDIA,NVIDIA,2017.0,5120.0,GDDR5,160.0,928.0,2002.0,160.2,16.0,4.0,1x 6-pin,1280.0,1709.0,GTX,1060.0,No,No
Consolidated,GTX 750,9000.0,ASUS,2.0,NVIDIA,NVIDIA,2014.0,1024.0,GDDR5,128.0,928.0,1253.0,80.19,28.0,1.0,Unknown,512.0,1085.0,GTX,750.0,No,No
Consolidated,RTX 3060 TI,99000.0,ZOTAC,8.0,NVIDIA,NVIDIA,2020.0,8192.0,GDDR6,256.0,928.0,1750.0,448.0,8.0,17.0,1x 12-pin,4864.0,1665.0,RTX,3060.0,Yes,No
Consolidated,GTX 1070,51000.0,MSI,8.0,NVIDIA,NVIDIA,2016.0,8192.0,GDDR5,256.0,928.0,2002.0,256.3,16.0,7.0,1x 8-pin,1920.0,1683.0,GTX,1070.0,No,No
Consolidated,RTX 3060 TI,102500.0,ASUS,8.0,NVIDIA,NVIDIA,2020.0,8192.0,GDDR6,256.0,928.0,1750.0,448.0,8.0,17.0,1x 12-pin,4864.0,1665.0,RTX,3060.0,Yes,No
Consolidated,GTX 1050,25000.0,PALIT,3.0,NVIDIA,NVIDIA,2018.0,3072.0,GDDR5,96.0,928.0,1752.0,84.1,14.0,3.0,Unknown,768.0,1518.0,GTX,1050.0,No,No
Consolidated,RX 460,16000.0,GIGABYTE,4.0,AMD,AMD,2016.0,2048.0,GDDR5,128.0,928.0,1750.0,112.0,14.0,3.0,Unknown,896.0,1200.0,RX,460.0,No,No
Consolidated,GTX 1050 TI,29500.0,GIGABYTE,4.0,NVIDIA,NVIDIA,2016.0,4096.0,GDDR5,128.0,928.0,1752.0,112.1,14.0,3.0,Unknown,768.0,1392.0,GTX,1050.0,Yes,No
Consolidated,GTX 1660 TI,59000.0,GIGABYTE,6.0,NVIDIA,NVIDIA,2019.0,6144.0,GDDR6,192.0,928.0,1500.0,288.0,12.0,6.0,1x 8-pin,1536.0,1770.0,GTX,1660.0,Yes,No
Consolidated,GTX 980,30500.0,GIGABYTE,8.0,NVIDIA,NVIDIA,2014.0,4096.0,GDDR5,256.0,928.0,1753.0,224.4,28.0,5.0,2x 6-pin,2048.0,1216.0,GTX,980.0,No,No
Consolidated,RTX 2060 SUPER,66000.0,GALAX,8.0,NVIDIA,NVIDIA,2019.0,8192.0,GDDR6,256.0,928.0,1750.0,448.0,12.0,10.0,1x 8-pin,2176.0,1650.0,RTX,2060.0,No,No
Consolidated,GTX 650 TI,8000.0,PALIT,2.0,NVIDIA,NVIDIA,2012.0,1024.0,GDDR5,128.0,928.0,1350.0,86.4,28.0,2.0,1x 6-pin,768.0,1620.0,GTX,650.0,Yes,No
Consolidated,GTX 1660 TI,57000.0,GIGABYTE,6.0,NVIDIA,NVIDIA,2019.0,6144.0,GDDR6,192.0,928.0,1500.0,288.0,12.0,6.0,1x 8-pin,1536.0,1770.0,GTX,1660.0,Yes,No
Consolidated,RX 590,32500.0,GALAX,8.0,AMD,AMD,2018.0,8192.0,GDDR5,256.0,928.0,2000.0,256.0,12.0,5.0,1x 8-pin,2304.0,1545.0,RX,590.0,No,No
Consolidated,GTX 660,11500.0,GIGABYTE,2.0,NVIDIA,NVIDIA,2012.0,2048.0,GDDR5,192.0,928.0,1502.0,144.2,28.0,2.0,1x 6-pin,960.0,1032.0,GTX,660.0,No,No
Consolidated,RX 580,39000.0,GIGABYTE,8.0,AMD,AMD,2017.0,8192.0,GDDR5,256.0,928.0,2000.0,256.0,14.0,5.0,1x 8-pin,2304.0,1340.0,RX,580.0,No,No
Consolidated,GTX 650,7000.0,GALAX,2.0,NVIDIA,NVIDIA,2013.0,1024.0,GDDR5,128.0,1058.0,1250.0,80.0,28.0,2.0,1x 6-pin,384.0,1620.0,GTX,650.0,No,No
Consolidated,GTX 660,11500.0,PALIT,0.5,NVIDIA,NVIDIA,2012.0,2048.0,GDDR5,192.0,928.0,1502.0,144.2,28.0,2.0,1x 6-pin,960.0,1032.0,GTX,660.0,No,No
Consolidated,RX 590,36500.0,MSI,8.0,AMD,AMD,2018.0,8192.0,GDDR5,256.0,928.0,2000.0,256.0,12.0,5.0,1x 8-pin,2304.0,1545.0,RX,590.0,No,No
Consolidated,RX 580,39500.0,GIGABYTE,4.0,AMD,AMD,2017.0,8192.0,GDDR5,256.0,928.0,2000.0,256.0,14.0,5.0,1x 8-pin,2304.0,1340.0,RX,580.0,No,No
Consolidated,RX 460,17500.0,GIGABYTE,4.0,AMD,AMD,2016.0,2048.0,GDDR5,128.0,928.0,1750.0,112.0,14.0,3.0,Unknown,896.0,1200.0,RX,460.0,No,No
Consolidated,GTX 980,31000.0,ASUS,8.0,NVIDIA,NVIDIA,2014.0,4096.0,GDDR5,256.0,928.0,1753.0,224.4,28.0,5.0,2x 6-pin,2048.0,1216.0,GTX,980.0,No,No
Consolidated,GTX 750,12500.0,MSI,2.0,NVIDIA,NVIDIA,2014.0,1024.0,GDDR5,128.0,928.0,1253.0,80.19,28.0,1.0,Unknown,512.0,1085.0,GTX,750.0,No,No
Consolidated,GTX 750 TI,12500.0,GIGABYTE,2.0,NVIDIA,NVIDIA,2014.0,2048.0,GDDR5,128.0,928.0,1350.0,86.4,28.0,1.0,Unknown,640.0,1085.0,GTX,750.0,Yes,No
Consolidated,RX 6600,70000.0,MSI,8.0,AMD,AMD,2021.0,8192.0,GDDR6,128.0,928.0,1750.0,224.0,7.0,11.0,1x 8-pin,1792.0,2491.0,RX,6600.0,No,No
Consolidated,RX 590,39500.0,GIGABYTE,8.0,AMD,AMD,2018.0,8192.0,GDDR5,256.0,928.0,2000.0,256.0,12.0,5.0,1x 8-pin,2304.0,1545.0,RX,590.0,No,No
Consolidated,GTX 970,24000.0,MSI,4.0,NVIDIA,NVIDIA,2014.0,4096.0,GDDR5,256.0,928.0,1753.0,224.4,28.0,5.0,2x 6-pin,1664.0,1178.0,GTX,970.0,No,No
Consolidated,RTX 2060,64000.0,ZOTAC,6.0,NVIDIA,NVIDIA,2021.0,12288.0,GDDR6,192.0,928.0,1750.0,336.0,12.0,10.0,1x 8-pin,2176.0,1650.0,RTX,2060.0,No,No
Consolidated,RTX 3050,82500.0,GIGABYTE,6.0,NVIDIA,NVIDIA,2024.0,6144.0,GDDR6,96.0,928.0,1750.0,168.0,8.0,8.0,Unknown,2304.0,1470.0,RTX,3050.0,No,No
Consolidated,RX 560,17000.0,GALAX,6.0,AMD,AMD,2017.0,4096.0,GDDR5,128.0,928.0,1750.0,112.0,14.0,3.0,Unknown,1024.0,1275.0,RX,560.0,No,No
Consolidated,GTX 1650 SUPER,37500.0,ZOTAC,4.0,NVIDIA,NVIDIA,2019.0,4096.0,GDDR6,128.0,928.0,1500.0,192.0,12.0,6.0,1x 6-pin,1280.0,1725.0,GTX,1650.0,No,No
Consolidated,GTX 1660 TI,47000.0,GIGABYTE,6.0,NVIDIA,NVIDIA,2019.0,6144.0,GDDR6,192.0,928.0,1500.0,288.0,12.0,6.0,1x 8-pin,1536.0,1770.0,GTX,1660.0,Yes,No
Consolidated,GTX 970,29500.0,GALAX,6.0,NVIDIA,NVIDIA,2014.0,4096.0,GDDR5,256.0,928.0,1753.0,224.4,28.0,5.0,2x 6-pin,1664.0,1178.0,GTX,970.0,No,No
Consolidated,RX 470,21000.0,ASUS,4.0,AMD,AMD,2016.0,4096.0,GDDR5,256.0,928.0,1650.0,211.2,14.0,5.0,1x 6-pin,2048.0,1206.0,RX,470.0,No,No
Consolidated,GTX 1060,37500.0,ASUS,3.0,NVIDIA,NVIDIA,2017.0,5120.0,GDDR5,160.0,928.0,2002.0,160.2,16.0,4.0,1x 6-pin,1280.0,1709.0,GTX,1060.0,No,No
Consolidated,GTX 660 TI,5500.0,ASUS,2.0,NVIDIA,NVIDIA,2012.0,2048.0,GDDR5,192.0,928.0,1502.0,144.2,28.0,3.0,2x 6-pin,1344.0,980.0,GTX,660.0,Yes,No
Consolidated,RTX 2060 SUPER,74000.0,GALAX,8.0,NVIDIA,NVIDIA,2019.0,8192.0,GDDR6,256.0,928.0,1750.0,448.0,12.0,10.0,1x 8-pin,2176.0,1650.0,RTX,2060.0,No,No
Consolidated,RX 6600,63000.0,GIGABYTE,8.0,AMD,AMD,2021.0,8192.0,GDDR6,128.0,928.0,1750.0,224.0,7.0,11.0,1x 8-pin,1792.0,2491.0,RX,6600.0,No,No
Consolidated,GTX 750,12000.0,MSI,1.0,NVIDIA,NVIDIA,2014.0,1024.0,GDDR5,128.0,928.0,1253.0,80.19,28.0,1.0,Unknown,512.0,1085.0,GTX,750.0,No,No
Consolidated,RTX 3050,71000.0,ZOTAC,6.0,NVIDIA,NVIDIA,2024.0,6144.0,GDDR6,96.0,928.0,1750.0,168.0,8.0,8.0,Unknown,2304.0,1470.0,RTX,3050.0,No,No
Consolidated,RTX 3070 TI,122000.0,GIGABYTE,8.0,NVIDIA,NVIDIA,2021.0,8192.0,GDDR6X,256.0,928.0,1188.0,608.3,8.0,17.0,1x 12-pin,6144.0,1770.0,RTX,3070.0,Yes,No
Consolidated,GTX 1660 TI,50000.0,GIGABYTE,6.0,NVIDIA,NVIDIA,2019.0,6144.0,GDDR6,192.0,928.0,1500.0,288.0,12.0,6.0,1x 8-pin,1536.0,1770.0,GTX,1660.0,Yes,No
Consolidated,GTX 1050 TI,34500.0,MSI,4.0,NVIDIA,NVIDIA,2016.0,4096.0,GDDR5,128.0,928.0,1752.0,112.1,14.0,3.0,Unknown,768.0,1392.0,GTX,1050.0,Yes,No
Consolidated,GTX 550 TI,6500.0,ZOTAC,1.0,NVIDIA,NVIDIA,2011.0,1024.0,GDDR5,192.0,900.0,1026.0,98.5,40.0,1.0,1x 6-pin,192.0,1620.0,GTX,550.0,Yes,No
Consolidated,GTX 1070,50000.0,MSI,8.0,NVIDIA,NVIDIA,2016.0,8192.0,GDDR5,256.0,928.0,2002.0,256.3,16.0,7.0,1x 8-pin,1920.0,1683.0,GTX,1070.0,No,No
Consolidated,RTX 3050,76500.0,GIGABYTE,8.0,NVIDIA,NVIDIA,2024.0,6144.0,GDDR6,96.0,928.0,1750.0,168.0,8.0,8.0,Unknown,2304.0,1470.0,RTX,3050.0,No,No
Consolidated,GTX 1650 SUPER,39000.0,ZOTAC,4.0,NVIDIA,NVIDIA,2019.0,4096.0,GDDR6,128.0,928.0,1500.0,192.0,12.0,6.0,1x 6-pin,1280.0,1725.0,GTX,1650.0,No,No
Consolidated,GTX 650,8000.0,ZOTAC,1.0,NVIDIA,NVIDIA,2013.0,1024.0,GDDR5,128.0,1058.0,1250.0,80.0,28.0,2.0,1x 6-pin,384.0,1620.0,GTX,650.0,No,No
Consolidated,RTX 3060,91000.0,GIGABYTE,8.0,NVIDIA,NVIDIA,2022.0,8192.0,GDDR6,128.0,928.0,1875.0,240.0,8.0,12.0,1x 12-pin,3584.0,1777.0,RTX,3060.0,No,No
Consolidated,RTX 3070,111500.0,PALIT,8.0,NVIDIA,NVIDIA,2020.0,8192.0,GDDR6,256.0,928.0,1750.0,448.0,8.0,17.0,1x 12-pin,5888.0,1725.0,RTX,3070.0,No,No
Consolidated,RTX 3050,80000.0,MSI,6.0,NVIDIA,NVIDIA,2024.0,6144.0,GDDR6,96.0,928.0,1750.0,168.0,8.0,8.0,Unknown,2304.0,1470.0,RTX,3050.0,No,No
Consolidated,RX 5700 XT,55000.0,ASUS,8.0,AMD,AMD,2019.0,8192.0,GDDR6,256.0,928.0,1750.0,448.0,7.0,10.0,1x 6-pin + 1x 8-pin,2560.0,1905.0,RX,5700.0,No,No
Consolidated,RX 6600 XT,85500.0,MSI,8.0,AMD,AMD,2021.0,8192.0,GDDR6,128.0,928.0,2000.0,256.0,7.0,11.0,1x 8-pin,2048.0,2589.0,RX,6600.0,No,No
Consolidated,GTX 980,32500.0,PALIT,4.0,NVIDIA,NVIDIA,2014.0,4096.0,GDDR5,256.0,928.0,1753.0,224.4,28.0,5.0,2x 6-pin,2048.0,1216.0,GTX,980.0,No,No
Consolidated,RTX 2070,77000.0,ASUS,8.0,NVIDIA,NVIDIA,2018.0,8192.0,GDDR6,256.0,928.0,1750.0,448.0,12.0,10.0,1x 8-pin,2304.0,1620.0,RTX,2070.0,No,No
Consolidated,RTX 3060,96500.0,ASUS,8.0,NVIDIA,NVIDIA,2022.0,8192.0,GDDR6,128.0,928.0,1875.0,240.0,8.0,12.0,1x 12-pin,3584.0,1777.0,RTX,3060.0,No,No
Consolidated,GTX 750 TI,13500.0,GIGABYTE,2.0,NVIDIA,NVIDIA,2014.0,2048.0,GDDR5,128.0,928.0,1350.0,86.4,28.0,1.0,Unknown,640.0,1085.0,GTX,750.0,Yes,No
Consolidated,GTX 1660 SUPER,48500.0,ASUS,6.0,NVIDIA,NVIDIA,2019.0,6144.0,GDDR6,192.0,928.0,1750.0,336.0,12.0,6.0,1x 8-pin,1408.0,1785.0,GTX,1660.0,No,No
Consolidated,RX 5600 XT,55000.0,ASUS,6.0,AMD,AMD,2020.0,6144.0,GDDR6,192.0,928.0,1500.0,288.0,7.0,10.0,1x 8-pin,2304.0,1560.0,RX,5600.0,No,No
Consolidated,RX 580,36000.0,GALAX,8.0,AMD,AMD,2017.0,8192.0,GDDR5,256.0,928.0,2000.0,256.0,14.0,5.0,1x 8-pin,2304.0,1340.0,RX,580.0,No,No
Consolidated,GTX 980,31500.0,ZOTAC,4.0,NVIDIA,NVIDIA,2014.0,4096.0,GDDR5,256.0,928.0,1753.0,224.4,28.0,5.0,2x 6-pin,2048.0,1216.0,GTX,980.0,No,No
Consolidated,RTX 3070 TI,127000.0,PALIT,8.0,NVIDIA,NVIDIA,2021.0,8192.0,GDDR6X,256.0,928.0,1188.0,608.3,8.0,17.0,1x 12-pin,6144.0,1770.0,RTX,3070.0,Yes,No
Consolidated,RTX 3070 TI,117500.0,MSI,8.0,NVIDIA,NVIDIA,2021.0,8192.0,GDDR6X,256.0,928.0,1188.0,608.3,8.0,17.0,1x 12-pin,6144.0,1770.0,RTX,3070.0,Yes,No
Consolidated,RX 6600 XT,82000.0,GALAX,8.0,AMD,AMD,2021.0,8192.0,GDDR6,128.0,928.0,2000.0,256.0,7.0,11.0,1x 8-pin,2048.0,2589.0,RX,6600.0,No,No
Consolidated,GTX 1650 SUPER,39000.0,PALIT,4.0,NVIDIA,NVIDIA,2019.0,4096.0,GDDR6,128.0,928.0,1500.0,192.0,12.0,6.0,1x 6-pin,1280.0,1725.0,GTX,1650.0,No,No
Consolidated,GTX 1050 TI,27000.0,MSI,4.0,NVIDIA,NVIDIA,2016.0,4096.0,GDDR5,128.0,928.0,1752.0,112.1,14.0,3.0,Unknown,768.0,1392.0,GTX,1050.0,Yes,No
Consolidated,RTX 3070,101000.0,ZOTAC,8.0,NVIDIA,NVIDIA,2020.0,8192.0,GDDR6,256.0,928.0,1750.0,448.0,8.0,17.0,1x 12-pin,5888.0,1725.0,RTX,3070.0,No,No
Consolidated,GTX 980,33000.0,GALAX,4.0,NVIDIA,NVIDIA,2014.0,4096.0,GDDR5,256.0,928.0,1753.0,224.4,28.0,5.0,2x 6-pin,2048.0,1216.0,GTX,980.0,No,No
Consolidated,GTX 760,13500.0,ZOTAC,1.5,NVIDIA,NVIDIA,2013.0,2048.0,GDDR5,256.0,928.0,1502.0,192.3,28.0,3.0,2x 6-pin,1152.0,1032.0,GTX,760.0,No,No
Consolidated,RX 5600 XT,49000.0,ASUS,6.0,AMD,AMD,2020.0,6144.0,GDDR6,192.0,928.0,1500.0,288.0,7.0,10.0,1x 8-pin,2304.0,1560.0,RX,5600.0,No,No
Consolidated,RX 590,34000.0,GIGABYTE,8.0,AMD,AMD,2018.0,8192.0,GDDR5,256.0,928.0,2000.0,256.0,12.0,5.0,1x 8-pin,2304.0,1545.0,RX,590.0,No,No
Consolidated,GTX 950,19500.0,ZOTAC,2.0,NVIDIA,NVIDIA,2015.0,2048.0,GDDR5,128.0,928.0,1653.0,105.8,28.0,2.0,1x 6-pin,768.0,1188.0,GTX,950.0,No,No
Consolidated,GTX 650 TI,9000.0,PALIT,2.0,NVIDIA,NVIDIA,2012.0,1024.0,GDDR5,128.0,928.0,1350.0,86.4,28.0,2.0,1x 6-pin,768.0,1620.0,GTX,650.0,Yes,No
Consolidated,RX 470,23000.0,ZOTAC,8.0,AMD,AMD,2016.0,4096.0,GDDR5,256.0,928.0,1650.0,211.2,14.0,5.0,1x 6-pin,2048.0,1206.0,RX,470.0,No,No
Consolidated,RX 5700 XT,60500.0,ASUS,8.0,AMD,AMD,2019.0,8192.0,GDDR6,256.0,928.0,1750.0,448.0,7.0,10.0,1x 6-pin + 1x 8-pin,2560.0,1905.0,RX,5700.0,No,No
Consolidated,RTX 3050,73500.0,ZOTAC,8.0,NVIDIA,NVIDIA,2024.0,6144.0,GDDR6,96.0,928.0,1750.0,168.0,8.0,8.0,Unknown,2304.0,1470.0,RTX,3050.0,No,No
Consolidated,RX 5600 XT,54500.0,ASUS,6.0,AMD,AMD,2020.0,6144.0,GDDR6,192.0,928.0,1500.0,288.0,7.0,10.0,1x 8-pin,2304.0,1560.0,RX,5600.0,No,No
Consolidated,GTX 950,19500.0,GALAX,2.0,NVIDIA,NVIDIA,2015.0,2048.0,GDDR5,128.0,928.0,1653.0,105.8,28.0,2.0,1x 6-pin,768.0,1188.0,GTX,950.0,No,No
Consolidated,GTX 750 TI,13000.0,ASUS,2.0,NVIDIA,NVIDIA,2014.0,2048.0,GDDR5,128.0,928.0,1350.0,86.4,28.0,1.0,Unknown,640.0,1085.0,GTX,750.0,Yes,No
Consolidated,RTX 2060 SUPER,73500.0,MSI,8.0,NVIDIA,NVIDIA,2019.0,8192.0,GDDR6,256.0,928.0,1750.0,448.0,12.0,10.0,1x 8-pin,2176.0,1650.0,RTX,2060.0,No,No
Consolidated,RX 5700 XT,56500.0,MSI,8.0,AMD,AMD,2019.0,8192.0,GDDR6,256.0,928.0,1750.0,448.0,7.0,10.0,1x 6-pin + 1x 8-pin,2560.0,1905.0,RX,5700.0,No,No
Consolidated,GTX 1080,47500.0,GIGABYTE,8.0,NVIDIA,NVIDIA,2016.0,8192.0,GDDR5X,256.0,928.0,1251.0,320.3,16.0,7.0,1x 8-pin,2560.0,1733.0,GTX,1080.0,No,No
Consolidated,GTX 980,37000.0,GIGABYTE,8.0,NVIDIA,NVIDIA,2014.0,4096.0,GDDR5,256.0,928.0,1753.0,224.4,28.0,5.0,2x 6-pin,2048.0,1216.0,GTX,980.0,No,No
Consolidated,RTX 2060 SUPER,63500.0,ASUS,8.0,NVIDIA,NVIDIA,2019.0,8192.0,GDDR6,256.0,928.0,1750.0,448.0,12.0,10.0,1x 8-pin,2176.0,1650.0,RTX,2060.0,No,No
Consolidated,RX 5600 XT,50500.0,PALIT,6.0,AMD,AMD,2020.0,6144.0,GDDR6,192.0,928.0,1500.0,288.0,7.0,10.0,1x 8-pin,2304.0,1560.0,RX,5600.0,No,No
Consolidated,GTX 750,9500.0,GALAX,2.0,NVIDIA,NVIDIA,2014.0,1024.0,GDDR5,128.0,928.0,1253.0,80.19,28.0,1.0,Unknown,512.0,1085.0,GTX,750.0,No,No
Consolidated,GTX 1070,46500.0,GIGABYTE,8.0,NVIDIA,NVIDIA,2016.0,8192.0,GDDR5,256.0,928.0,2002.0,256.3,16.0,7.0,1x 8-pin,1920.0,1683.0,GTX,1070.0,No,No
Consolidated,GTX 1060,36500.0,GIGABYTE,3.0,NVIDIA,NVIDIA,2017.0,5120.0,GDDR5,160.0,928.0,2002.0,160.2,16.0,4.0,1x 6-pin,1280.0,1709.0,GTX,1060.0,No,No
Consolidated,GTX 650,8500.0,GIGABYTE,2.0,NVIDIA,NVIDIA,2013.0,1024.0,GDDR5,128.0,1058.0,1250.0,80.0,28.0,2.0,1x 6-pin,384.0,1620.0,GTX,650.0,No,No
Consolidated,RX 460,15500.0,ASUS,2.0,AMD,AMD,2016.0,2048.0,GDDR5,128.0,928.0,1750.0,112.0,14.0,3.0,Unknown,896.0,1200.0,RX,460.0,No,No
Consolidated,GTX 750,11000.0,PALIT,2.0,NVIDIA,NVIDIA,2014.0,1024.0,GDDR5,128.0,928.0,1253.0,80.19,28.0,1.0,Unknown,512.0,1085.0,GTX,750.0,No,No
Consolidated,RTX 2060,71000.0,ZOTAC,6.0,NVIDIA,NVIDIA,2021.0,12288.0,GDDR6,192.0,928.0,1750.0,336.0,12.0,10.0,1x 8-pin,2176.0,1650.0,RTX,2060.0,No,No
Consolidated,GTX 1650,32000.0,ZOTAC,4.0,NVIDIA,NVIDIA,2019.0,4096.0,GDDR5,128.0,928.0,2001.0,128.1,12.0,4.0,Unknown,896.0,1665.0,GTX,1650.0,No,No
Consolidated,GTX 660,11500.0,GIGABYTE,0.5,NVIDIA,NVIDIA,2012.0,2048.0,GDDR5,192.0,928.0,1502.0,144.2,28.0,2.0,1x 6-pin,960.0,1032.0,GTX,660.0,No,No
Consolidated,GTX 1080 TI,65000.0,MSI,11.0,NVIDIA,NVIDIA,2017.0,11264.0,GDDR5X,352.0,928.0,1376.0,484.4,16.0,11.0,1x 6-pin + 1x 8-pin,3584.0,1582.0,GTX,1080.0,Yes,No
Consolidated,GTX 960,22500.0,MSI,2.0,NVIDIA,NVIDIA,2015.0,2048.0,GDDR5,128.0,928.0,1753.0,112.2,28.0,2.0,1x 6-pin,1024.0,1178.0,GTX,960.0,No,No
Consolidated,RX 560,15500.0,GIGABYTE,6.0,AMD,AMD,2017.0,4096.0,GDDR5,128.0,928.0,1750.0,112.0,14.0,3.0,Unknown,1024.0,1275.0,RX,560.0,No,No
Consolidated,RX 580,39500.0,GIGABYTE,4.0,AMD,AMD,2017.0,8192.0,GDDR5,256.0,928.0,2000.0,256.0,14.0,5.0,1x 8-pin,2304.0,1340.0,RX,580.0,No,No
Consolidated,GTX 660,13000.0,ASUS,1.5,NVIDIA,NVIDIA,2012.0,2048.0,GDDR5,192.0,928.0,1502.0,144.2,28.0,2.0,1x 6-pin,960.0,1032.0,GTX,660.0,No,No
Consolidated,RX 5700 XT,50000.0,GIGABYTE,8.0,AMD,AMD,2019.0,8192.0,GDDR6,256.0,928.0,1750.0,448.0,7.0,10.0,1x 6-pin + 1x 8-pin,2560.0,1905.0,RX,5700.0,No,No
Consolidated,RTX 3070 TI,117500.0,PALIT,8.0,NVIDIA,NVIDIA,2021.0,8192.0,GDDR6X,256.0,928.0,1188.0,608.3,8.0,17.0,1x 12-pin,6144.0,1770.0,RTX,3070.0,Yes,No
Consolidated,GTX 1050,22500.0,MSI,3.0,NVIDIA,NVIDIA,2018.0,3072.0,GDDR5,96.0,928.0,1752.0,84.1,14.0,3.0,Unknown,768.0,1518.0,GTX,1050.0,No,No
Consolidated,GTX 660 TI,6500.0,MSI,2.0,NVIDIA,NVIDIA,2012.0,2048.0,GDDR5,192.0,928.0,1502.0,144.2,28.0,3.0,2x 6-pin,1344.0,980.0,GTX,660.0,Yes,No
Consolidated,GTX 1660 TI,49000.0,ASUS,6.0,NVIDIA,NVIDIA,2019.0,6144.0,GDDR6,192.0,928.0,1500.0,288.0,12.0,6.0,1x 8-pin,1536.0,1770.0,GTX,1660.0,Yes,No
Consolidated,RX 460,15500.0,MSI,4.0,AMD,AMD,2016.0,2048.0,GDDR5,128.0,928.0,1750.0,112.0,14.0,3.0,Unknown,896.0,1200.0,RX,460.0,No,No
Consolidated,GTX 1060,35500.0,GIGABYTE,5.0,NVIDIA,NVIDIA,2017.0,5120.0,GDDR5,160.0,928.0,2002.0,160.2,16.0,4.0,1x 6-pin,1280.0,1709.0,GTX,1060.0,No,No
Consolidated,RX 460,16500.0,GALAX,2.0,AMD,AMD,2016.0,2048.0,GDDR5,128.0,928.0,1750.0,112.0,14.0,3.0,Unknown,896.0,1200.0,RX,460.0,No,No
Consolidated,RTX 2070,73000.0,GALAX,8.0,NVIDIA,NVIDIA,2018.0,8192.0,GDDR6,256.0,928.0,1750.0,448.0,12.0,10.0,1x 8-pin,2304.0,1620.0,RTX,2070.0,No,No
Consolidated,RX 5600 XT,60000.0,MSI,6.0,AMD,AMD,2020.0,6144.0,GDDR6,192.0,928.0,1500.0,288.0,7.0,10.0,1x 8-pin,2304.0,1560.0,RX,5600.0,No,No
Consolidated,GTX 1650 SUPER,34000.0,ZOTAC,4.0,NVIDIA,NVIDIA,2019.0,4096.0,GDDR6,128.0,928.0,1500.0,192.0,12.0,6.0,1x 6-pin,1280.0,1725.0,GTX,1650.0,No,No
Consolidated,GTX 660,11500.0,ZOTAC,2.0,NVIDIA,NVIDIA,2012.0,2048.0,GDDR5,192.0,928.0,1502.0,144.2,28.0,2.0,1x 6-pin,960.0,1032.0,GTX,660.0,No,No
Consolidated,RTX 2060 SUPER,76500.0,MSI,8.0,NVIDIA,NVIDIA,2019.0,8192.0,GDDR6,256.0,928.0,1750.0,448.0,12.0,10.0,1x 8-pin,2176.0,1650.0,RTX,2060.0,No,No
Consolidated,GTX 960,19000.0,ASUS,4.0,NVIDIA,NVIDIA,2015.0,2048.0,GDDR5,128.0,928.0,1753.0,112.2,28.0,2.0,1x 6-pin,1024.0,1178.0,GTX,960.0,No,No
Consolidated,GTX 1070,45000.0,MSI,8.0,NVIDIA,NVIDIA,2016.0,8192.0,GDDR5,256.0,928.0,2002.0,256.3,16.0,7.0,1x 8-pin,1920.0,1683.0,GTX,1070.0,No,No
Consolidated,RX 590,34500.0,ZOTAC,8.0,AMD,AMD,2018.0,8192.0,GDDR5,256.0,928.0,2000.0,256.0,12.0,5.0,1x 8-pin,2304.0,1545.0,RX,590.0,No,No
Consolidated,GTX 1050,25000.0,GIGABYTE,2.0,NVIDIA,NVIDIA,2018.0,3072.0,GDDR5,96.0,928.0,1752.0,84.1,14.0,3.0,Unknown,768.0,1518.0,GTX,1050.0,No,No
Consolidated,RTX 3060 TI,95500.0,PALIT,8.0,NVIDIA,NVIDIA,2020.0,8192.0,GDDR6,256.0,928.0,1750.0,448.0,8.0,17.0,1x 12-pin,4864.0,1665.0,RTX,3060.0,Yes,No
Consolidated,GTX 660,11000.0,GALAX,2.0,NVIDIA,NVIDIA,2012.0,2048.0,GDDR5,192.0,928.0,1502.0,144.2,28.0,2.0,1x 6-pin,960.0,1032.0,GTX,660.0,No,No
Consolidated,RTX 3060,90000.0,GIGABYTE,8.0,NVIDIA,NVIDIA,2022.0,8192.0,GDDR6,128.0,928.0,1875.0,240.0,8.0,12.0,1x 12-pin,3584.0,1777.0,RTX,3060.0,No,No
Consolidated,RX 460,16500.0,MSI,4.0,AMD,AMD,2016.0,2048.0,GDDR5,128.0,928.0,1750.0,112.0,14.0,3.0,Unknown,896.0,1200.0,RX,460.0,No,No
Consolidated,RX 590,33500.0,MSI,8.0,AMD,AMD,2018.0,8192.0,GDDR5,256.0,928.0,2000.0,256.0,12.0,5.0,1x 8-pin,2304.0,1545.0,RX,590.0,No,No
Consolidated,GTX 750 TI,14500.0,ZOTAC,2.0,NVIDIA,NVIDIA,2014.0,2048.0,GDDR5,128.0,928.0,1350.0,86.4,28.0,1.0,Unknown,640.0,1085.0,GTX,750.0,Yes,No
Consolidated,GTX 970,26500.0,GALAX,4.0,NVIDIA,NVIDIA,2014.0,4096.0,GDDR5,256.0,928.0,1753.0,224.4,28.0,5.0,2x 6-pin,1664.0,1178.0,GTX,970.0,No,No
Consolidated,GTX 650 TI,8000.0,MSI,2.0,NVIDIA,NVIDIA,2012.0,1024.0,GDDR5,128.0,928.0,1350.0,86.4,28.0,2.0,1x 6-pin,768.0,1620.0,GTX,650.0,Yes,No
Consolidated,GTX 1070,47500.0,MSI,8.0,NVIDIA,NVIDIA,2016.0,8192.0,GDDR5,256.0,928.0,2002.0,256.3,16.0,7.0,1x 8-pin,1920.0,1683.0,GTX,1070.0,No,No
Consolidated,GTX 1050,25500.0,ASUS,2.0,NVIDIA,NVIDIA,2018.0,3072.0,GDDR5,96.0,928.0,1752.0,84.1,14.0,3.0,Unknown,768.0,1518.0,GTX,1050.0,No,No
Consolidated,GTX 550 TI,6000.0,ASUS,1.0,NVIDIA,NVIDIA,2011.0,1024.0,GDDR5,192.0,900.0,1026.0,98.5,40.0,1.0,1x 6-pin,192.0,1620.0,GTX,550.0,Yes,No
Consolidated,RX 580,37500.0,MSI,8.0,AMD,AMD,2017.0,8192.0,GDDR5,256.0,928.0,2000.0,256.0,14.0,5.0,1x 8-pin,2304.0,1340.0,RX,580.0,No,No
Consolidated,RX 6600,64500.0,ZOTAC,4.0,AMD,AMD,2021.0,8192.0,GDDR6,128.0,928.0,1750.0,224.0,7.0,11.0,1x 8-pin,1792.0,2491.0,RX,6600.0,No,No
Consolidated,RX 460,19000.0,MSI,2.0,AMD,AMD,2016.0,2048.0,GDDR5,128.0,928.0,1750.0,112.0,14.0,3.0,Unknown,896.0,1200.0,RX,460.0,No,No
Consolidated,GTX 1070 TI,51000.0,MSI,8.0,NVIDIA,NVIDIA,2017.0,8192.0,GDDR5,256.0,928.0,2002.0,256.3,16.0,7.0,1x 8-pin,2432.0,1683.0,GTX,1070.0,Yes,No
Consolidated,GTX 950,17000.0,ASUS,4.0,NVIDIA,NVIDIA,2015.0,2048.0,GDDR5,128.0,928.0,1653.0,105.8,28.0,2.0,1x 6-pin,768.0,1188.0,GTX,950.0,No,No
Consolidated,GTX 1660 SUPER,53000.0,MSI,6.0,NVIDIA,NVIDIA,2019.0,6144.0,GDDR6,192.0,928.0,1750.0,336.0,12.0,6.0,1x 8-pin,1408.0,1785.0,GTX,1660.0,No,No
Consolidated,GTX 750,9500.0,GIGABYTE,1.0,NVIDIA,NVIDIA,2014.0,1024.0,GDDR5,128.0,928.0,1253.0,80.19,28.0,1.0,Unknown,512.0,1085.0,GTX,750.0,No,No
Consolidated,RX 590,42000.0,MSI,8.0,AMD,AMD,2018.0,8192.0,GDDR5,256.0,928.0,2000.0,256.0,12.0,5.0,1x 8-pin,2304.0,1545.0,RX,590.0,No,No
Consolidated,RX 460,18000.0,ZOTAC,4.0,AMD,AMD,2016.0,2048.0,GDDR5,128.0,928.0,1750.0,112.0,14.0,3.0,Unknown,896.0,1200.0,RX,460.0,No,No
Consolidated,RTX 3070,113500.0,MSI,8.0,NVIDIA,NVIDIA,2020.0,8192.0,GDDR6,256.0,928.0,1750.0,448.0,8.0,17.0,1x 12-pin,5888.0,1725.0,RTX,3070.0,No,No
Consolidated,RTX 3060 TI,102000.0,ASUS,8.0,NVIDIA,NVIDIA,2020.0,8192.0,GDDR6,256.0,928.0,1750.0,448.0,8.0,17.0,1x 12-pin,4864.0,1665.0,RTX,3060.0,Yes,No
Consolidated,RX 6600,60000.0,GIGABYTE,4.0,AMD,AMD,2021.0,8192.0,GDDR6,128.0,928.0,1750.0,224.0,7.0,11.0,1x 8-pin,1792.0,2491.0,RX,6600.0,No,No
Consolidated,RX 6600,76000.0,GIGABYTE,8.0,AMD,AMD,2021.0,8192.0,GDDR6,128.0,928.0,1750.0,224.0,7.0,11.0,1x 8-pin,1792.0,2491.0,RX,6600.0,No,No
Consolidated,GTX 1070 TI,44000.0,ASUS,8.0,NVIDIA,NVIDIA,2017.0,8192.0,GDDR5,256.0,928.0,2002.0,256.3,16.0,7.0,1x 8-pin,2432.0,1683.0,GTX,1070.0,Yes,No
Consolidated,GTX 1050,24000.0,GIGABYTE,3.0,NVIDIA,NVIDIA,2018.0,3072.0,GDDR5,96.0,928.0,1752.0,84.1,14.0,3.0,Unknown,768.0,1518.0,GTX,1050.0,No,No
Consolidated,RX 5500 XT,3000.0,ZOTAC,4.0,AMD,AMD,2019.0,4096.0,GDDR6,128.0,928.0,1750.0,224.0,7.0,6.0,1x 8-pin,1408.0,1845.0,RX,5500.0,No,No
Consolidated,GTX 960,25000.0,ASUS,3.0,NVIDIA,NVIDIA,2015.0,2048.0,GDDR5,128.0,928.0,1753.0,112.2,28.0,2.0,1x 6-pin,1024.0,1178.0,GTX,960.0,No,No
Consolidated,GTX 660 TI,6500.0,ZOTAC,2.0,NVIDIA,NVIDIA,2012.0,2048.0,GDDR5,192.0,928.0,1502.0,144.2,28.0,3.0,2x 6-pin,1344.0,980.0,GTX,660.0,Yes,No
Consolidated,GTX 980,31500.0,GIGABYTE,6.0,NVIDIA,NVIDIA,2014.0,4096.0,GDDR5,256.0,928.0,1753.0,224.4,28.0,5.0,2x 6-pin,2048.0,1216.0,GTX,980.0,No,No
Consolidated,RTX 3060,97000.0,ZOTAC,6.0,NVIDIA,NVIDIA,2022.0,8192.0,GDDR6,128.0,928.0,1875.0,240.0,8.0,12.0,1x 12-pin,3584.0,1777.0,RTX,3060.0,No,No
Consolidated,RTX 2060,60000.0,ZOTAC,6.0,NVIDIA,NVIDIA,2021.0,12288.0,GDDR6,192.0,928.0,1750.0,336.0,12.0,10.0,1x 8-pin,2176.0,1650.0,RTX,2060.0,No,No
Consolidated,RX 590,37500.0,ASUS,8.0,AMD,AMD,2018.0,8192.0,GDDR5,256.0,928.0,2000.0,256.0,12.0,5.0,1x 8-pin,2304.0,1545.0,RX,590.0,No,No
Consolidated,RX 470,19500.0,ASUS,4.0,AMD,AMD,2016.0,4096.0,GDDR5,256.0,928.0,1650.0,211.2,14.0,5.0,1x 6-pin,2048.0,1206.0,RX,470.0,No,No
Consolidated,RX 6600,77500.0,ZOTAC,8.0,AMD,AMD,2021.0,8192.0,GDDR6,128.0,928.0,1750.0,224.0,7.0,11.0,1x 8-pin,1792.0,2491.0,RX,6600.0,No,No
Consolidated,RTX 3050,63500.0,GIGABYTE,4.0,NVIDIA,NVIDIA,2024.0,6144.0,GDDR6,96.0,928.0,1750.0,168.0,8.0,8.0,Unknown,2304.0,1470.0,RTX,3050.0,No,No
Consolidated,GTX 1070,50000.0,MSI,8.0,NVIDIA,NVIDIA,2016.0,8192.0,GDDR5,256.0,928.0,2002.0,256.3,16.0,7.0,1x 8-pin,1920.0,1683.0,GTX,1070.0,No,No
Consolidated,GTX 960,24000.0,MSI,4.0,NVIDIA,NVIDIA,2015.0,2048.0,GDDR5,128.0,928.0,1753.0,112.2,28.0,2.0,1x 6-pin,1024.0,1178.0,GTX,960.0,No,No
Consolidated,RX 5700 XT,51000.0,ZOTAC,8.0,AMD,AMD,2019.0,8192.0,GDDR6,256.0,928.0,1750.0,448.0,7.0,10.0,1x 6-pin + 1x 8-pin,2560.0,1905.0,RX,5700.0,No,No
Consolidated,RX 5700 XT,56000.0,MSI,8.0,AMD,AMD,2019.0,8192.0,GDDR6,256.0,928.0,1750.0,448.0,7.0,10.0,1x 6-pin + 1x 8-pin,2560.0,1905.0,RX,5700.0,No,No
Consolidated,GTX 960,21500.0,GIGABYTE,4.0,NVIDIA,NVIDIA,2015.0,2048.0,GDDR5,128.0,928.0,1753.0,112.2,28.0,2.0,1x 6-pin,1024.0,1178.0,GTX,960.0,No,No
Consolidated,GTX 1050 TI,30000.0,MSI,4.0,NVIDIA,NVIDIA,2016.0,4096.0,GDDR5,128.0,928.0,1752.0,112.1,14.0,3.0,Unknown,768.0,1392.0,GTX,1050.0,Yes,No
Consolidated,RTX 3050,65500.0,ASUS,8.0,NVIDIA,NVIDIA,2024.0,6144.0,GDDR6,96.0,928.0,1750.0,168.0,8.0,8.0,Unknown,2304.0,1470.0,RTX,3050.0,No,No
Consolidated,GTX 1080 TI,75000.0,GIGABYTE,11.0,NVIDIA,NVIDIA,2017.0,11264.0,GDDR5X,352.0,928.0,1376.0,484.4,16.0,11.0,1x 6-pin + 1x 8-pin,3584.0,1582.0,GTX,1080.0,Yes,No
Consolidated,RX 470,23000.0,ASUS,4.0,AMD,AMD,2016.0,4096.0,GDDR5,256.0,928.0,1650.0,211.2,14.0,5.0,1x 6-pin,2048.0,1206.0,RX,470.0,No,No
Consolidated,GTX 650,7500.0,ASUS,1.0,NVIDIA,NVIDIA,2013.0,1024.0,GDDR5,128.0,1058.0,1250.0,80.0,28.0,2.0,1x 6-pin,384.0,1620.0,GTX,650.0,No,No
Consolidated,GTX 1060,33500.0,MSI,5.0,NVIDIA,NVIDIA,2017.0,5120.0,GDDR5,160.0,928.0,2002.0,160.2,16.0,4.0,1x 6-pin,1280.0,1709.0,GTX,1060.0,No,No
Consolidated,GTX 750,12500.0,ZOTAC,1.0,NVIDIA,NVIDIA,2014.0,1024.0,GDDR5,128.0,928.0,1253.0,80.19,28.0,1.0,Unknown,512.0,1085.0,GTX,750.0,No,No
Consolidated,GTX 750 TI,12500.0,PALIT,2.0,NVIDIA,NVIDIA,2014.0,2048.0,GDDR5,128.0,928.0,1350.0,86.4,28.0,1.0,Unknown,640.0,1085.0,GTX,750.0,Yes,No
Consolidated,RX 6600,66500.0,PALIT,8.0,AMD,AMD,2021.0,8192.0,GDDR6,128.0,928.0,1750.0,224.0,7.0,11.0,1x 8-pin,1792.0,2491.0,RX,6600.0,No,No
Consolidated,GTX 750,10000.0,MSI,1.0,NVIDIA,NVIDIA,2014.0,1024.0,GDDR5,128.0,928.0,1253.0,80.19,28.0,1.0,Unknown,512.0,1085.0,GTX,750.0,No,No
Consolidated,GTX 1650,35500.0,ZOTAC,4.0,NVIDIA,NVIDIA,2019.0,4096.0,GDDR5,128.0,928.0,2001.0,128.1,12.0,4.0,Unknown,896.0,1665.0,GTX,1650.0,No,No
Consolidated,GTX 1650 SUPER,33000.0,MSI,4.0,NVIDIA,NVIDIA,2019.0,4096.0,GDDR6,128.0,928.0,1500.0,192.0,12.0,6.0,1x 6-pin,1280.0,1725.0,GTX,1650.0,No,No
Consolidated,RX 580,41500.0,GALAX,8.0,AMD,AMD,2017.0,8192.0,GDDR5,256.0,928.0,2000.0,256.0,14.0,5.0,1x 8-pin,2304.0,1340.0,RX,580.0,No,No
Consolidated,RX 590,35500.0,ZOTAC,8.0,AMD,AMD,2018.0,8192.0,GDDR5,256.0,928.0,2000.0,256.0,12.0,5.0,1x 8-pin,2304.0,1545.0,RX,590.0,No,No
Consolidated,RTX 3070 TI,113500.0,MSI,8.0,NVIDIA,NVIDIA,2021.0,8192.0,GDDR6X,256.0,928.0,1188.0,608.3,8.0,17.0,1x 12-pin,6144.0,1770.0,RTX,3070.0,Yes,No
Consolidated,GTX 1050,21000.0,ASUS,3.0,NVIDIA,NVIDIA,2018.0,3072.0,GDDR5,96.0,928.0,1752.0,84.1,14.0,3.0,Unknown,768.0,1518.0,GTX,1050.0,No,No
Consolidated,RX 560,16000.0,GALAX,6.0,AMD,AMD,2017.0,4096.0,GDDR5,128.0,928.0,1750.0,112.0,14.0,3.0,Unknown,1024.0,1275.0,RX,560.0,No,No
Consolidated,RTX 3050,78500.0,ASUS,8.0,NVIDIA,NVIDIA,2024.0,6144.0,GDDR6,96.0,928.0,1750.0,168.0,8.0,8.0,Unknown,2304.0,1470.0,RTX,3050.0,No,No
Consolidated,RX 570,31000.0,MSI,8.0,AMD,AMD,2017.0,4096.0,GDDR5,256.0,928.0,1750.0,224.0,14.0,5.0,1x 6-pin,2048.0,1244.0,RX,570.0,No,No
Consolidated,GTX 650,6500.0,ZOTAC,1.0,NVIDIA,NVIDIA,2013.0,1024.0,GDDR5,128.0,1058.0,1250.0,80.0,28.0,2.0,1x 6-pin,384.0,1620.0,GTX,650.0,No,No
Consolidated,GTX 960,20000.0,MSI,2.0,NVIDIA,NVIDIA,2015.0,2048.0,GDDR5,128.0,928.0,1753.0,112.2,28.0,2.0,1x 6-pin,1024.0,1178.0,GTX,960.0,No,No
Consolidated,RX 6600 XT,69000.0,GALAX,8.0,AMD,AMD,2021.0,8192.0,GDDR6,128.0,928.0,2000.0,256.0,7.0,11.0,1x 8-pin,2048.0,2589.0,RX,6600.0,No,No
Consolidated,GTX 650,8000.0,MSI,1.0,NVIDIA,NVIDIA,2013.0,1024.0,GDDR5,128.0,1058.0,1250.0,80.0,28.0,2.0,1x 6-pin,384.0,1620.0,GTX,650.0,No,No
Consolidated,GTX 1050,23000.0,MSI,4.0,NVIDIA,NVIDIA,2018.0,3072.0,GDDR5,96.0,928.0,1752.0,84.1,14.0,3.0,Unknown,768.0,1518.0,GTX,1050.0,No,No
Consolidated,RTX 2060 SUPER,75000.0,ZOTAC,8.0,NVIDIA,NVIDIA,2019.0,8192.0,GDDR6,256.0,928.0,1750.0,448.0,12.0,10.0,1x 8-pin,2176.0,1650.0,RTX,2060.0,No,No
Consolidated,GTX 1660 SUPER,48000.0,ZOTAC,6.0,NVIDIA,NVIDIA,2019.0,6144.0,GDDR6,192.0,928.0,1750.0,336.0,12.0,6.0,1x 8-pin,1408.0,1785.0,GTX,1660.0,No,No
Consolidated,GTX 970,31000.0,MSI,6.0,NVIDIA,NVIDIA,2014.0,4096.0,GDDR5,256.0,928.0,1753.0,224.4,28.0,5.0,2x 6-pin,1664.0,1178.0,GTX,970.0,No,No
Consolidated,RTX 3070,97000.0,PALIT,8.0,NVIDIA,NVIDIA,2020.0,8192.0,GDDR6,256.0,928.0,1750.0,448.0,8.0,17.0,1x 12-pin,5888.0,1725.0,RTX,3070.0,No,No
Consolidated,GTX 750,11000.0,MSI,2.0,NVIDIA,NVIDIA,2014.0,1024.0,GDDR5,128.0,928.0,1253.0,80.19,28.0,1.0,Unknown,512.0,1085.0,GTX,750.0,No,No
Consolidated,RTX 3060 TI,104500.0,ZOTAC,8.0,NVIDIA,NVIDIA,2020.0,8192.0,GDDR6,256.0,928.0,1750.0,448.0,8.0,17.0,1x 12-pin,4864.0,1665.0,RTX,3060.0,Yes,No
Consolidated,GTX 550 TI,8000.0,PALIT,1.0,NVIDIA,NVIDIA,2011.0,1024.0,GDDR5,192.0,900.0,1026.0,98.5,40.0,1.0,1x 6-pin,192.0,1620.0,GTX,550.0,Yes,No
Consolidated,RX 6600 XT,71000.0,ASUS,8.0,AMD,AMD,2021.0,8192.0,GDDR6,128.0,928.0,2000.0,256.0,7.0,11.0,1x 8-pin,2048.0,2589.0,RX,6600.0,No,No
Consolidated,GTX 1080,57500.0,ASUS,8.0,NVIDIA,NVIDIA,2016.0,8192.0,GDDR5X,256.0,928.0,1251.0,320.3,16.0,7.0,1x 8-pin,2560.0,1733.0,GTX,1080.0,No,No
Consolidated,GTX 650,7000.0,PALIT,2.0,NVIDIA,NVIDIA,2013.0,1024.0,GDDR5,128.0,1058.0,1250.0,80.0,28.0,2.0,1x 6-pin,384.0,1620.0,GTX,650.0,No,No
Consolidated,GTX 660,11500.0,MSI,2.0,NVIDIA,NVIDIA,2012.0,2048.0,GDDR5,192.0,928.0,1502.0,144.2,28.0,2.0,1x 6-pin,960.0,1032.0,GTX,660.0,No,No
Consolidated,GTX 660 TI,5500.0,ASUS,2.0,NVIDIA,NVIDIA,2012.0,2048.0,GDDR5,192.0,928.0,1502.0,144.2,28.0,3.0,2x 6-pin,1344.0,980.0,GTX,660.0,Yes,No
Consolidated,RX 470,19000.0,ZOTAC,4.0,AMD,AMD,2016.0,4096.0,GDDR5,256.0,928.0,1650.0,211.2,14.0,5.0,1x 6-pin,2048.0,1206.0,RX,470.0,No,No
Consolidated,RTX 3050,81000.0,ZOTAC,4.0,NVIDIA,NVIDIA,2024.0,6144.0,GDDR6,96.0,928.0,1750.0,168.0,8.0,8.0,Unknown,2304.0,1470.0,RTX,3050.0,No,No
Consolidated,GTX 1660 TI,47000.0,GALAX,6.0,NVIDIA,NVIDIA,2019.0,6144.0,GDDR6,192.0,928.0,1500.0,288.0,12.0,6.0,1x 8-pin,1536.0,1770.0,GTX,1660.0,Yes,No
Consolidated,GTX 1650 SUPER,33000.0,GIGABYTE,4.0,NVIDIA,NVIDIA,2019.0,4096.0,GDDR6,128.0,928.0,1500.0,192.0,12.0,6.0,1x 6-pin,1280.0,1725.0,GTX,1650.0,No,No
Consolidated,RTX 3070 TI,123000.0,PALIT,8.0,NVIDIA,NVIDIA,2021.0,8192.0,GDDR6X,256.0,928.0,1188.0,608.3,8.0,17.0,1x 12-pin,6144.0,1770.0,RTX,3070.0,Yes,No
Consolidated,GTX 1080 TI,67000.0,ZOTAC,11.0,NVIDIA,NVIDIA,2017.0,11264.0,GDDR5X,352.0,928.0,1376.0,484.4,16.0,11.0,1x 6-pin + 1x 8-pin,3584.0,1582.0,GTX,1080.0,Yes,No
Consolidated,RTX 2060,60000.0,MSI,6.0,NVIDIA,NVIDIA,2021.0,12288.0,GDDR6,192.0,928.0,1750.0,336.0,12.0,10.0,1x 8-pin,2176.0,1650.0,RTX,2060.0,No,No
Consolidated,RTX 3050,81500.0,ZOTAC,6.0,NVIDIA,NVIDIA,2024.0,6144.0,GDDR6,96.0,928.0,1750.0,168.0,8.0,8.0,Unknown,2304.0,1470.0,RTX,3050.0,No,No
Consolidated,GTX 550 TI,7000.0,GIGABYTE,1.0,NVIDIA,NVIDIA,2011.0,1024.0,GDDR5,192.0,900.0,1026.0,98.5,40.0,1.0,1x 6-pin,192.0,1620.0,GTX,550.0,Yes,No
Consolidated,RTX 3070 TI,126000.0,ZOTAC,8.0,NVIDIA,NVIDIA,2021.0,8192.0,GDDR6X,256.0,928.0,1188.0,608.3,8.0,17.0,1x 12-pin,6144.0,1770.0,RTX,3070.0,Yes,No
Consolidated,RTX 3060 TI,106000.0,MSI,8.0,NVIDIA,NVIDIA,2020.0,8192.0,GDDR6,256.0,928.0,1750.0,448.0,8.0,17.0,1x 12-pin,4864.0,1665.0,RTX,3060.0,Yes,No
Consolidated,GTX 1650,32500.0,ZOTAC,4.0,NVIDIA,NVIDIA,2019.0,4096.0,GDDR5,128.0,928.0,2001.0,128.1,12.0,4.0,Unknown,896.0,1665.0,GTX,1650.0,No,No
Consolidated,GTX 960,21000.0,ASUS,4.0,NVIDIA,NVIDIA,2015.0,2048.0,GDDR5,128.0,928.0,1753.0,112.2,28.0,2.0,1x 6-pin,1024.0,1178.0,GTX,960.0,No,No
Consolidated,GTX 750,12000.0,PALIT,2.0,NVIDIA,NVIDIA,2014.0,1024.0,GDDR5,128.0,928.0,1253.0,80.19,28.0,1.0,Unknown,512.0,1085.0,GTX,750.0,No,No
Consolidated,GTX 1060,38500.0,ZOTAC,5.0,NVIDIA,NVIDIA,2017.0,5120.0,GDDR5,160.0,928.0,2002.0,160.2,16.0,4.0,1x 6-pin,1280.0,1709.0,GTX,1060.0,No,No
Consolidated,GTX 950,18500.0,MSI,4.0,NVIDIA,NVIDIA,2015.0,2048.0,GDDR5,128.0,928.0,1653.0,105.8,28.0,2.0,1x 6-pin,768.0,1188.0,GTX,950.0,No,No
Consolidated,RX 6600 XT,67500.0,GIGABYTE,8.0,AMD,AMD,2021.0,8192.0,GDDR6,128.0,928.0,2000.0,256.0,7.0,11.0,1x 8-pin,2048.0,2589.0,RX,6600.0,No,No
Consolidated,GTX 660,10500.0,PALIT,2.0,NVIDIA,NVIDIA,2012.0,2048.0,GDDR5,192.0,928.0,1502.0,144.2,28.0,2.0,1x 6-pin,960.0,1032.0,GTX,660.0,No,No
Consolidated,GTX 1060,40500.0,GALAX,6.0,NVIDIA,NVIDIA,2017.0,5120.0,GDDR5,160.0,928.0,2002.0,160.2,16.0,4.0,1x 6-pin,1280.0,1709.0,GTX,1060.0,No,No
Consolidated,RX 5600 XT,51000.0,MSI,6.0,AMD,AMD,2020.0,6144.0,GDDR6,192.0,928.0,1500.0,288.0,7.0,10.0,1x 8-pin,2304.0,1560.0,RX,5600.0,No,No
Consolidated,GTX 960,25000.0,MSI,2.0,NVIDIA,NVIDIA,2015.0,2048.0,GDDR5,128.0,928.0,1753.0,112.2,28.0,2.0,1x 6-pin,1024.0,1178.0,GTX,960.0,No,No
Consolidated,RTX 2060 SUPER,83500.0,ASUS,8.0,NVIDIA,NVIDIA,2019.0,8192.0,GDDR6,256.0,928.0,1750.0,448.0,12.0,10.0,1x 8-pin,2176.0,1650.0,RTX,2060.0,No,No
Consolidated,GTX 1060,34000.0,ZOTAC,3.0,NVIDIA,NVIDIA,2017.0,5120.0,GDDR5,160.0,928.0,2002.0,160.2,16.0,4.0,1x 6-pin,1280.0,1709.0,GTX,1060.0,No,No
Consolidated,GTX 750 TI,14500.0,ASUS,2.0,NVIDIA,NVIDIA,2014.0,2048.0,GDDR5,128.0,928.0,1350.0,86.4,28.0,1.0,Unknown,640.0,1085.0,GTX,750.0,Yes,No
Consolidated,GTX 980,32500.0,PALIT,6.0,NVIDIA,NVIDIA,2014.0,4096.0,GDDR5,256.0,928.0,1753.0,224.4,28.0,5.0,2x 6-pin,2048.0,1216.0,GTX,980.0,No,No
Consolidated,GTX 1070 TI,52000.0,PALIT,8.0,NVIDIA,NVIDIA,2017.0,8192.0,GDDR5,256.0,928.0,2002.0,256.3,16.0,7.0,1x 8-pin,2432.0,1683.0,GTX,1070.0,Yes,No
Consolidated,RX 590,43500.0,PALIT,8.0,AMD,AMD,2018.0,8192.0,GDDR5,256.0,928.0,2000.0,256.0,12.0,5.0,1x 8-pin,2304.0,1545.0,RX,590.0,No,No
Consolidated,GTX 1650 SUPER,35500.0,MSI,4.0,NVIDIA,NVIDIA,2019.0,4096.0,GDDR6,128.0,928.0,1500.0,192.0,12.0,6.0,1x 6-pin,1280.0,1725.0,GTX,1650.0,No,No
Consolidated,RX 5700 XT,64500.0,ZOTAC,8.0,AMD,AMD,2019.0,8192.0,GDDR6,256.0,928.0,1750.0,448.0,7.0,10.0,1x 6-pin + 1x 8-pin,2560.0,1905.0,RX,5700.0,No,No
Consolidated,GTX 1050,20500.0,MSI,4.0,NVIDIA,NVIDIA,2018.0,3072.0,GDDR5,96.0,928.0,1752.0,84.1,14.0,3.0,Unknown,768.0,1518.0,GTX,1050.0,No,No
Consolidated,RX 580,32000.0,GIGABYTE,8.0,AMD,AMD,2017.0,8192.0,GDDR5,256.0,928.0,2000.0,256.0,14.0,5.0,1x 8-pin,2304.0,1340.0,RX,580.0,No,No
Consolidated,GTX 1060,37000.0,GIGABYTE,6.0,NVIDIA,NVIDIA,2017.0,5120.0,GDDR5,160.0,928.0,2002.0,160.2,16.0,4.0,1x 6-pin,1280.0,1709.0,GTX,1060.0,No,No
Consolidated,GTX 1660 SUPER,57500.0,GIGABYTE,6.0,NVIDIA,NVIDIA,2019.0,6144.0,GDDR6,192.0,928.0,1750.0,336.0,12.0,6.0,1x 8-pin,1408.0,1785.0,GTX,1660.0,No,No
Consolidated,GTX 660 TI,6000.0,MSI,2.0,NVIDIA,NVIDIA,2012.0,2048.0,GDDR5,192.0,928.0,1502.0,144.2,28.0,3.0,2x 6-pin,1344.0,980.0,GTX,660.0,Yes,No
Consolidated,RX 590,41000.0,MSI,8.0,AMD,AMD,2018.0,8192.0,GDDR5,256.0,928.0,2000.0,256.0,12.0,5.0,1x 8-pin,2304.0,1545.0,RX,590.0,No,No
Consolidated,GTX 1650,36500.0,ZOTAC,4.0,NVIDIA,NVIDIA,2019.0,4096.0,GDDR5,128.0,928.0,2001.0,128.1,12.0,4.0,Unknown,896.0,1665.0,GTX,1650.0,No,No
Consolidated,RTX 2060,71000.0,GALAX,12.0,NVIDIA,NVIDIA,2021.0,12288.0,GDDR6,192.0,928.0,1750.0,336.0,12.0,10.0,1x 8-pin,2176.0,1650.0,RTX,2060.0,No,No
Consolidated,GTX 960,22000.0,GALAX,3.0,NVIDIA,NVIDIA,2015.0,2048.0,GDDR5,128.0,928.0,1753.0,112.2,28.0,2.0,1x 6-pin,1024.0,1178.0,GTX,960.0,No,No
Consolidated,GTX 550 TI,7500.0,ASUS,1.0,NVIDIA,NVIDIA,2011.0,1024.0,GDDR5,192.0,900.0,1026.0,98.5,40.0,1.0,1x 6-pin,192.0,1620.0,GTX,550.0,Yes,No
Consolidated,RTX 3050,65000.0,ZOTAC,4.0,NVIDIA,NVIDIA,2024.0,6144.0,GDDR6,96.0,928.0,1750.0,168.0,8.0,8.0,Unknown,2304.0,1470.0,RTX,3050.0,No,No
Consolidated,GTX 1070 TI,47500.0,ASUS,8.0,NVIDIA,NVIDIA,2017.0,8192.0,GDDR5,256.0,928.0,2002.0,256.3,16.0,7.0,1x 8-pin,2432.0,1683.0,GTX,1070.0,Yes,No
Consolidated,RTX 2060 SUPER,85000.0,ASUS,8.0,NVIDIA,NVIDIA,2019.0,8192.0,GDDR6,256.0,928.0,1750.0,448.0,12.0,10.0,1x 8-pin,2176.0,1650.0,RTX,2060.0,No,No
Consolidated,RX 580,37500.0,GIGABYTE,4.0,AMD,AMD,2017.0,8192.0,GDDR5,256.0,928.0,2000.0,256.0,14.0,5.0,1x 8-pin,2304.0,1340.0,RX,580.0,No,No
Consolidated,GTX 750,12000.0,ZOTAC,2.0,NVIDIA,NVIDIA,2014.0,1024.0,GDDR5,128.0,928.0,1253.0,80.19,28.0,1.0,Unknown,512.0,1085.0,GTX,750.0,No,No
Consolidated,GTX 1050 TI,31000.0,GIGABYTE,4.0,NVIDIA,NVIDIA,2016.0,4096.0,GDDR5,128.0,928.0,1752.0,112.1,14.0,3.0,Unknown,768.0,1392.0,GTX,1050.0,Yes,No
Consolidated,RX 5600 XT,57000.0,MSI,6.0,AMD,AMD,2020.0,6144.0,GDDR6,192.0,928.0,1500.0,288.0,7.0,10.0,1x 8-pin,2304.0,1560.0,RX,5600.0,No,No
Consolidated,GTX 980,37000.0,ZOTAC,8.0,NVIDIA,NVIDIA,2014.0,4096.0,GDDR5,256.0,928.0,1753.0,224.4,28.0,5.0,2x 6-pin,2048.0,1216.0,GTX,980.0,No,No
Consolidated,GTX 550 TI,7500.0,ZOTAC,1.0,NVIDIA,NVIDIA,2011.0,1024.0,GDDR5,192.0,900.0,1026.0,98.5,40.0,1.0,1x 6-pin,192.0,1620.0,GTX,550.0,Yes,No
Consolidated,GTX 660,11000.0,ZOTAC,1.5,NVIDIA,NVIDIA,2012.0,2048.0,GDDR5,192.0,928.0,1502.0,144.2,28.0,2.0,1x 6-pin,960.0,1032.0,GTX,660.0,No,No
Consolidated,RTX 3070 TI,106500.0,GIGABYTE,8.0,NVIDIA,NVIDIA,2021.0,8192.0,GDDR6X,256.0,928.0,1188.0,608.3,8.0,17.0,1x 12-pin,6144.0,1770.0,RTX,3070.0,Yes,No
Consolidated,GTX 1060,37500.0,MSI,5.0,NVIDIA,NVIDIA,2017.0,5120.0,GDDR5,160.0,928.0,2002.0,160.2,16.0,4.0,1x 6-pin,1280.0,1709.0,GTX,1060.0,No,No
Consolidated,RTX 3060 TI,108000.0,ASUS,8.0,NVIDIA,NVIDIA,2020.0,8192.0,GDDR6,256.0,928.0,1750.0,448.0,8.0,17.0,1x 12-pin,4864.0,1665.0,RTX,3060.0,Yes,No
Consolidated,RX 560,19000.0,ASUS,4.0,AMD,AMD,2017.0,4096.0,GDDR5,128.0,928.0,1750.0,112.0,14.0,3.0,Unknown,1024.0,1275.0,RX,560.0,No,No
Consolidated,RX 5500 XT,3000.0,GALAX,4.0,AMD,AMD,2019.0,4096.0,GDDR6,128.0,928.0,1750.0,224.0,7.0,6.0,1x 8-pin,1408.0,1845.0,RX,5500.0,No,No
Consolidated,RX 570,34000.0,GIGABYTE,8.0,AMD,AMD,2017.0,4096.0,GDDR5,256.0,928.0,1750.0,224.0,14.0,5.0,1x 6-pin,2048.0,1244.0,RX,570.0,No,No
Consolidated,GTX 750,9500.0,GALAX,1.0,NVIDIA,NVIDIA,2014.0,1024.0,GDDR5,128.0,928.0,1253.0,80.19,28.0,1.0,Unknown,512.0,1085.0,GTX,750.0,No,No
Consolidated,GTX 650,8500.0,GIGABYTE,1.0,NVIDIA,NVIDIA,2013.0,1024.0,GDDR5,128.0,1058.0,1250.0,80.0,28.0,2.0,1x 6-pin,384.0,1620.0,GTX,650.0,No,No
Consolidated,RTX 3070,112500.0,PALIT,8.0,NVIDIA,NVIDIA,2020.0,8192.0,GDDR6,256.0,928.0,1750.0,448.0,8.0,17.0,1x 12-pin,5888.0,1725.0,RTX,3070.0,No,No
Consolidated,RX 5600 XT,49000.0,MSI,6.0,AMD,AMD,2020.0,6144.0,GDDR6,192.0,928.0,1500.0,288.0,7.0,10.0,1x 8-pin,2304.0,1560.0,RX,5600.0,No,No
Consolidated,RX 5700 XT,56000.0,PALIT,8.0,AMD,AMD,2019.0,8192.0,GDDR6,256.0,928.0,1750.0,448.0,7.0,10.0,1x 6-pin + 1x 8-pin,2560.0,1905.0,RX,5700.0,No,No
Consolidated,RX 560,15500.0,GALAX,4.0,AMD,AMD,2017.0,4096.0,GDDR5,128.0,928.0,1750.0,112.0,14.0,3.0,Unknown,1024.0,1275.0,RX,560.0,No,No
Consolidated,GTX 750 TI,12500.0,ASUS,2.0,NVIDIA,NVIDIA,2014.0,2048.0,GDDR5,128.0,928.0,1350.0,86.4,28.0,1.0,Unknown,640.0,1085.0,GTX,750.0,Yes,No
Consolidated,GTX 750,11000.0,ZOTAC,1.0,NVIDIA,NVIDIA,2014.0,1024.0,GDDR5,128.0,928.0,1253.0,80.19,28.0,1.0,Unknown,512.0,1085.0,GTX,750.0,No,No
Consolidated,RTX 3060,87500.0,MSI,8.0,NVIDIA,NVIDIA,2022.0,8192.0,GDDR6,128.0,928.0,1875.0,240.0,8.0,12.0,1x 12-pin,3584.0,1777.0,RTX,3060.0,No,No
Consolidated,GTX 1050,19000.0,ZOTAC,3.0,NVIDIA,NVIDIA,2018.0,3072.0,GDDR5,96.0,928.0,1752.0,84.1,14.0,3.0,Unknown,768.0,1518.0,GTX,1050.0,No,No
Consolidated,RTX 3060,94500.0,ZOTAC,12.0,NVIDIA,NVIDIA,2022.0,8192.0,GDDR6,128.0,928.0,1875.0,240.0,8.0,12.0,1x 12-pin,3584.0,1777.0,RTX,3060.0,No,No
Consolidated,RX 560,16500.0,GIGABYTE,6.0,AMD,AMD,2017.0,4096.0,GDDR5,128.0,928.0,1750.0,112.0,14.0,3.0,Unknown,1024.0,1275.0,RX,560.0,No,No
Consolidated,GTX 1060,39000.0,ASUS,6.0,NVIDIA,NVIDIA,2017.0,5120.0,GDDR5,160.0,928.0,2002.0,160.2,16.0,4.0,1x 6-pin,1280.0,1709.0,GTX,1060.0,No,No
Consolidated,GTX 1660 TI,50000.0,ASUS,6.0,NVIDIA,NVIDIA,2019.0,6144.0,GDDR6,192.0,928.0,1500.0,288.0,12.0,6.0,1x 8-pin,1536.0,1770.0,GTX,1660.0,Yes,No
Consolidated,GTX 650 TI,9000.0,ASUS,2.0,NVIDIA,NVIDIA,2012.0,1024.0,GDDR5,128.0,928.0,1350.0,86.4,28.0,2.0,1x 6-pin,768.0,1620.0,GTX,650.0,Yes,No
Consolidated,RX 470,18000.0,GIGABYTE,4.0,AMD,AMD,2016.0,4096.0,GDDR5,256.0,928.0,1650.0,211.2,14.0,5.0,1x 6-pin,2048.0,1206.0,RX,470.0,No,No
Consolidated,GTX 1660 TI,56500.0,GALAX,6.0,NVIDIA,NVIDIA,2019.0,6144.0,GDDR6,192.0,928.0,1500.0,288.0,12.0,6.0,1x 8-pin,1536.0,1770.0,GTX,1660.0,Yes,No
Consolidated,RTX 2060 SUPER,75500.0,ZOTAC,8.0,NVIDIA,NVIDIA,2019.0,8192.0,GDDR6,256.0,928.0,1750.0,448.0,12.0,10.0,1x 8-pin,2176.0,1650.0,RTX,2060.0,No,No
Consolidated,GTX 980,33500.0,ASUS,6.0,NVIDIA,NVIDIA,2014.0,4096.0,GDDR5,256.0,928.0,1753.0,224.4,28.0,5.0,2x 6-pin,2048.0,1216.0,GTX,980.0,No,No
Consolidated,GTX 1660 TI,61000.0,ASUS,6.0,NVIDIA,NVIDIA,2019.0,6144.0,GDDR6,192.0,928.0,1500.0,288.0,12.0,6.0,1x 8-pin,1536.0,1770.0,GTX,1660.0,Yes,No
Consolidated,GTX 650,8000.0,GIGABYTE,1.0,NVIDIA,NVIDIA,2013.0,1024.0,GDDR5,128.0,1058.0,1250.0,80.0,28.0,2.0,1x 6-pin,384.0,1620.0,GTX,650.0,No,No
Consolidated,GTX 980,36000.0,PALIT,6.0,NVIDIA,NVIDIA,2014.0,4096.0,GDDR5,256.0,928.0,1753.0,224.4,28.0,5.0,2x 6-pin,2048.0,1216.0,GTX,980.0,No,No
Consolidated,GTX 1650 SUPER,34500.0,GIGABYTE,4.0,NVIDIA,NVIDIA,2019.0,4096.0,GDDR6,128.0,928.0,1500.0,192.0,12.0,6.0,1x 6-pin,1280.0,1725.0,GTX,1650.0,No,No
Consolidated,GTX 970,29500.0,ASUS,6.0,NVIDIA,NVIDIA,2014.0,4096.0,GDDR5,256.0,928.0,1753.0,224.4,28.0,5.0,2x 6-pin,1664.0,1178.0,GTX,970.0,No,No
Consolidated,GTX 1070,46500.0,GIGABYTE,8.0,NVIDIA,NVIDIA,2016.0,8192.0,GDDR5,256.0,928.0,2002.0,256.3,16.0,7.0,1x 8-pin,1920.0,1683.0,GTX,1070.0,No,No
Consolidated,GTX 1660 SUPER,55500.0,PALIT,6.0,NVIDIA,NVIDIA,2019.0,6144.0,GDDR6,192.0,928.0,1750.0,336.0,12.0,6.0,1x 8-pin,1408.0,1785.0,GTX,1660.0,No,No
Consolidated,GTX 1050 TI,32000.0,ZOTAC,4.0,NVIDIA,NVIDIA,2016.0,4096.0,GDDR5,128.0,928.0,1752.0,112.1,14.0,3.0,Unknown,768.0,1392.0,GTX,1050.0,Yes,No
Consolidated,GTX 1070 TI,55500.0,MSI,8.0,NVIDIA,NVIDIA,2017.0,8192.0,GDDR5,256.0,928.0,2002.0,256.3,16.0,7.0,1x 8-pin,2432.0,1683.0,GTX,1070.0,Yes,No
Consolidated,RTX 3060,99000.0,MSI,6.0,NVIDIA,NVIDIA,2022.0,8192.0,GDDR6,128.0,928.0,1875.0,240.0,8.0,12.0,1x 12-pin,3584.0,1777.0,RTX,3060.0,No,No
Consolidated,GTX 1660 SUPER,47000.0,ZOTAC,6.0,NVIDIA,NVIDIA,2019.0,6144.0,GDDR6,192.0,928.0,1750.0,336.0,12.0,6.0,1x 8-pin,1408.0,1785.0,GTX,1660.0,No,No
Consolidated,GTX 1070,44000.0,ZOTAC,8.0,NVIDIA,NVIDIA,2016.0,8192.0,GDDR5,256.0,928.0,2002.0,256.3,16.0,7.0,1x 8-pin,1920.0,1683.0,GTX,1070.0,No,No
Consolidated,RTX 2060 SUPER,73500.0,GIGABYTE,8.0,NVIDIA,NVIDIA,2019.0,8192.0,GDDR6,256.0,928.0,1750.0,448.0,12.0,10.0,1x 8-pin,2176.0,1650.0,RTX,2060.0,No,No
Consolidated,GTX 650,8500.0,ASUS,1.0,NVIDIA,NVIDIA,2013.0,1024.0,GDDR5,128.0,1058.0,1250.0,80.0,28.0,2.0,1x 6-pin,384.0,1620.0,GTX,650.0,No,No
Consolidated,RX 590,32500.0,ZOTAC,8.0,AMD,AMD,2018.0,8192.0,GDDR5,256.0,928.0,2000.0,256.0,12.0,5.0,1x 8-pin,2304.0,1545.0,RX,590.0,No,No
Consolidated,RTX 3060 TI,105000.0,GIGABYTE,8.0,NVIDIA,NVIDIA,2020.0,8192.0,GDDR6,256.0,928.0,1750.0,448.0,8.0,17.0,1x 12-pin,4864.0,1665.0,RTX,3060.0,Yes,No
Consolidated,GTX 650,8500.0,GIGABYTE,2.0,NVIDIA,NVIDIA,2013.0,1024.0,GDDR5,128.0,1058.0,1250.0,80.0,28.0,2.0,1x 6-pin,384.0,1620.0,GTX,650.0,No,No
Consolidated,GTX 1050 TI,29000.0,ASUS,4.0,NVIDIA,NVIDIA,2016.0,4096.0,GDDR5,128.0,928.0,1752.0,112.1,14.0,3.0,Unknown,768.0,1392.0,GTX,1050.0,Yes,No
Consolidated,GTX 550 TI,7500.0,PALIT,1.0,NVIDIA,NVIDIA,2011.0,1024.0,GDDR5,192.0,900.0,1026.0,98.5,40.0,1.0,1x 6-pin,192.0,1620.0,GTX,550.0,Yes,No
Consolidated,GTX 960,23500.0,GIGABYTE,3.0,NVIDIA,NVIDIA,2015.0,2048.0,GDDR5,128.0,928.0,1753.0,112.2,28.0,2.0,1x 6-pin,1024.0,1178.0,GTX,960.0,No,No
Consolidated,RX 6600,68500.0,ASUS,8.0,AMD,AMD,2021.0,8192.0,GDDR6,128.0,928.0,1750.0,224.0,7.0,11.0,1x 8-pin,1792.0,2491.0,RX,6600.0,No,No
Consolidated,RX 590,38500.0,PALIT,8.0,AMD,AMD,2018.0,8192.0,GDDR5,256.0,928.0,2000.0,256.0,12.0,5.0,1x 8-pin,2304.0,1545.0,RX,590.0,No,No
Consolidated,RX 570,34500.0,ZOTAC,4.0,AMD,AMD,2017.0,4096.0,GDDR5,256.0,928.0,1750.0,224.0,14.0,5.0,1x 6-pin,2048.0,1244.0,RX,570.0,No,No
Consolidated,GTX 650 TI,9500.0,ASUS,2.0,NVIDIA,NVIDIA,2012.0,1024.0,GDDR5,128.0,928.0,1350.0,86.4,28.0,2.0,1x 6-pin,768.0,1620.0,GTX,650.0,Yes,No
Consolidated,RX 6600,62500.0,PALIT,4.0,AMD,AMD,2021.0,8192.0,GDDR6,128.0,928.0,1750.0,224.0,7.0,11.0,1x 8-pin,1792.0,2491.0,RX,6600.0,No,No
Consolidated,GTX 1060,37500.0,ZOTAC,6.0,NVIDIA,NVIDIA,2017.0,5120.0,GDDR5,160.0,928.0,2002.0,160.2,16.0,4.0,1x 6-pin,1280.0,1709.0,GTX,1060.0,No,No
Consolidated,RTX 3060,105000.0,GIGABYTE,8.0,NVIDIA,NVIDIA,2022.0,8192.0,GDDR6,128.0,928.0,1875.0,240.0,8.0,12.0,1x 12-pin,3584.0,1777.0,RTX,3060.0,No,No
Consolidated,RX 460,14500.0,ZOTAC,4.0,AMD,AMD,2016.0,2048.0,GDDR5,128.0,928.0,1750.0,112.0,14.0,3.0,Unknown,896.0,1200.0,RX,460.0,No,No
Consolidated,GTX 750 TI,11000.0,PALIT,2.0,NVIDIA,NVIDIA,2014.0,2048.0,GDDR5,128.0,928.0,1350.0,86.4,28.0,1.0,Unknown,640.0,1085.0,GTX,750.0,Yes,No
Consolidated,GTX 750,10500.0,ZOTAC,1.0,NVIDIA,NVIDIA,2014.0,1024.0,GDDR5,128.0,928.0,1253.0,80.19,28.0,1.0,Unknown,512.0,1085.0,GTX,750.0,No,No
Consolidated,GTX 660,11000.0,ZOTAC,0.5,NVIDIA,NVIDIA,2012.0,2048.0,GDDR5,192.0,928.0,1502.0,144.2,28.0,2.0,1x 6-pin,960.0,1032.0,GTX,660.0,No,No
Consolidated,RX 580,40500.0,GIGABYTE,4.0,AMD,AMD,2017.0,8192.0,GDDR5,256.0,928.0,2000.0,256.0,14.0,5.0,1x 8-pin,2304.0,1340.0,RX,580.0,No,No
Consolidated,RX 5600 XT,57000.0,MSI,6.0,AMD,AMD,2020.0,6144.0,GDDR6,192.0,928.0,1500.0,288.0,7.0,10.0,1x 8-pin,2304.0,1560.0,RX,5600.0,No,No
Consolidated,GTX 1060,38500.0,MSI,3.0,NVIDIA,NVIDIA,2017.0,5120.0,GDDR5,160.0,928.0,2002.0,160.2,16.0,4.0,1x 6-pin,1280.0,1709.0,GTX,1060.0,No,No
Consolidated,RTX 2060 SUPER,82000.0,ASUS,8.0,NVIDIA,NVIDIA,2019.0,8192.0,GDDR6,256.0,928.0,1750.0,448.0,12.0,10.0,1x 8-pin,2176.0,1650.0,RTX,2060.0,No,No
Consolidated,GTX 1650 SUPER,38000.0,PALIT,4.0,NVIDIA,NVIDIA,2019.0,4096.0,GDDR6,128.0,928.0,1500.0,192.0,12.0,6.0,1x 6-pin,1280.0,1725.0,GTX,1650.0,No,No
Consolidated,RX 590,44000.0,ZOTAC,8.0,AMD,AMD,2018.0,8192.0,GDDR5,256.0,928.0,2000.0,256.0,12.0,5.0,1x 8-pin,2304.0,1545.0,RX,590.0,No,No
Consolidated,GTX 660 TI,5000.0,GIGABYTE,2.0,NVIDIA,NVIDIA,2012.0,2048.0,GDDR5,192.0,928.0,1502.0,144.2,28.0,3.0,2x 6-pin,1344.0,980.0,GTX,660.0,Yes,No
Consolidated,RX 560,15000.0,MSI,4.0,AMD,AMD,2017.0,4096.0,GDDR5,128.0,928.0,1750.0,112.0,14.0,3.0,Unknown,1024.0,1275.0,RX,560.0,No,No
Consolidated,RTX 2060,76000.0,ASUS,6.0,NVIDIA,NVIDIA,2021.0,12288.0,GDDR6,192.0,928.0,1750.0,336.0,12.0,10.0,1x 8-pin,2176.0,1650.0,RTX,2060.0,No,No
Consolidated,GTX 1050,21500.0,PALIT,4.0,NVIDIA,NVIDIA,2018.0,3072.0,GDDR5,96.0,928.0,1752.0,84.1,14.0,3.0,Unknown,768.0,1518.0,GTX,1050.0,No,No
Consolidated,GTX 1070,45500.0,GALAX,8.0,NVIDIA,NVIDIA,2016.0,8192.0,GDDR5,256.0,928.0,2002.0,256.3,16.0,7.0,1x 8-pin,1920.0,1683.0,GTX,1070.0,No,No
Consolidated,GTX 750,11000.0,GIGABYTE,2.0,NVIDIA,NVIDIA,2014.0,1024.0,GDDR5,128.0,928.0,1253.0,80.19,28.0,1.0,Unknown,512.0,1085.0,GTX,750.0,No,No
Consolidated,GTX 750,9000.0,PALIT,1.0,NVIDIA,NVIDIA,2014.0,1024.0,GDDR5,128.0,928.0,1253.0,80.19,28.0,1.0,Unknown,512.0,1085.0,GTX,750.0,No,No
Consolidated,RTX 3050,82000.0,GIGABYTE,4.0,NVIDIA,NVIDIA,2024.0,6144.0,GDDR6,96.0,928.0,1750.0,168.0,8.0,8.0,Unknown,2304.0,1470.0,RTX,3050.0,No,No
Consolidated,GTX 750,12000.0,ZOTAC,2.0,NVIDIA,NVIDIA,2014.0,1024.0,GDDR5,128.0,928.0,1253.0,80.19,28.0,1.0,Unknown,512.0,1085.0,GTX,750.0,No,No
Consolidated,GTX 1070 TI,50500.0,GIGABYTE,8.0,NVIDIA,NVIDIA,2017.0,8192.0,GDDR5,256.0,928.0,2002.0,256.3,16.0,7.0,1x 8-pin,2432.0,1683.0,GTX,1070.0,Yes,No
Consolidated,GTX 1050 TI,31500.0,GALAX,4.0,NVIDIA,NVIDIA,2016.0,4096.0,GDDR5,128.0,928.0,1752.0,112.1,14.0,3.0,Unknown,768.0,1392.0,GTX,1050.0,Yes,No
Consolidated,RX 5700 XT,58500.0,MSI,8.0,AMD,AMD,2019.0,8192.0,GDDR6,256.0,928.0,1750.0,448.0,7.0,10.0,1x 6-pin + 1x 8-pin,2560.0,1905.0,RX,5700.0,No,No
Consolidated,GTX 650 TI,8500.0,ZOTAC,2.0,NVIDIA,NVIDIA,2012.0,1024.0,GDDR5,128.0,928.0,1350.0,86.4,28.0,2.0,1x 6-pin,768.0,1620.0,GTX,650.0,Yes,No
Consolidated,GTX 1660 SUPER,57000.0,PALIT,6.0,NVIDIA,NVIDIA,2019.0,6144.0,GDDR6,192.0,928.0,1750.0,336.0,12.0,6.0,1x 8-pin,1408.0,1785.0,GTX,1660.0,No,No
Consolidated,RX 5600 XT,52000.0,MSI,6.0,AMD,AMD,2020.0,6144.0,GDDR6,192.0,928.0,1500.0,288.0,7.0,10.0,1x 8-pin,2304.0,1560.0,RX,5600.0,No,No
Consolidated,RTX 2060 SUPER,64500.0,GIGABYTE,8.0,NVIDIA,NVIDIA,2019.0,8192.0,GDDR6,256.0,928.0,1750.0,448.0,12.0,10.0,1x 8-pin,2176.0,1650.0,RTX,2060.0,No,No
Consolidated,GTX 550 TI,6500.0,GIGABYTE,1.0,NVIDIA,NVIDIA,2011.0,1024.0,GDDR5,192.0,900.0,1026.0,98.5,40.0,1.0,1x 6-pin,192.0,1620.0,GTX,550.0,Yes,No
Consolidated,RTX 3070 TI,129500.0,ASUS,8.0,NVIDIA,NVIDIA,2021.0,8192.0,GDDR6X,256.0,928.0,1188.0,608.3,8.0,17.0,1x 12-pin,6144.0,1770.0,RTX,3070.0,Yes,No
Consolidated,GTX 550 TI,7500.0,ASUS,1.0,NVIDIA,NVIDIA,2011.0,1024.0,GDDR5,192.0,900.0,1026.0,98.5,40.0,1.0,1x 6-pin,192.0,1620.0,GTX,550.0,Yes,No
Consolidated,RX 570,34500.0,ASUS,8.0,AMD,AMD,2017.0,4096.0,GDDR5,256.0,928.0,1750.0,224.0,14.0,5.0,1x 6-pin,2048.0,1244.0,RX,570.0,No,No
Consolidated,RTX 2060 SUPER,81000.0,ASUS,8.0,NVIDIA,NVIDIA,2019.0,8192.0,GDDR6,256.0,928.0,1750.0,448.0,12.0,10.0,1x 8-pin,2176.0,1650.0,RTX,2060.0,No,No
Consolidated,GTX 750,12000.0,GALAX,1.0,NVIDIA,NVIDIA,2014.0,1024.0,GDDR5,128.0,928.0,1253.0,80.19,28.0,1.0,Unknown,512.0,1085.0,GTX,750.0,No,No
Consolidated,RTX 3060 TI,114000.0,GIGABYTE,8.0,NVIDIA,NVIDIA,2020.0,8192.0,GDDR6,256.0,928.0,1750.0,448.0,8.0,17.0,1x 12-pin,4864.0,1665.0,RTX,3060.0,Yes,No
Consolidated,GTX 1080,52500.0,GIGABYTE,8.0,NVIDIA,NVIDIA,2016.0,8192.0,GDDR5X,256.0,928.0,1251.0,320.3,16.0,7.0,1x 8-pin,2560.0,1733.0,GTX,1080.0,No,No
Consolidated,GTX 750 TI,12000.0,PALIT,2.0,NVIDIA,NVIDIA,2014.0,2048.0,GDDR5,128.0,928.0,1350.0,86.4,28.0,1.0,Unknown,640.0,1085.0,GTX,750.0,Yes,No
Consolidated,GTX 960,21000.0,GALAX,3.0,NVIDIA,NVIDIA,2015.0,2048.0,GDDR5,128.0,928.0,1753.0,112.2,28.0,2.0,1x 6-pin,1024.0,1178.0,GTX,960.0,No,No
Consolidated,RTX 2060,60000.0,ASUS,12.0,NVIDIA,NVIDIA,2021.0,12288.0,GDDR6,192.0,928.0,1750.0,336.0,12.0,10.0,1x 8-pin,2176.0,1650.0,RTX,2060.0,No,No
Consolidated,GTX 660,12500.0,GALAX,1.5,NVIDIA,NVIDIA,2012.0,2048.0,GDDR5,192.0,928.0,1502.0,144.2,28.0,2.0,1x 6-pin,960.0,1032.0,GTX,660.0,No,No
Consolidated,GTX 750,12500.0,MSI,1.0,NVIDIA,NVIDIA,2014.0,1024.0,GDDR5,128.0,928.0,1253.0,80.19,28.0,1.0,Unknown,512.0,1085.0,GTX,750.0,No,No
Consolidated,GTX 1050 TI,34000.0,MSI,4.0,NVIDIA,NVIDIA,2016.0,4096.0,GDDR5,128.0,928.0,1752.0,112.1,14.0,3.0,Unknown,768.0,1392.0,GTX,1050.0,Yes,No
Consolidated,RTX 3050,67000.0,ASUS,8.0,NVIDIA,NVIDIA,2024.0,6144.0,GDDR6,96.0,928.0,1750.0,168.0,8.0,8.0,Unknown,2304.0,1470.0,RTX,3050.0,No,No
Consolidated,GTX 1070 TI,49500.0,ASUS,8.0,NVIDIA,NVIDIA,2017.0,8192.0,GDDR5,256.0,928.0,2002.0,256.3,16.0,7.0,1x 8-pin,2432.0,1683.0,GTX,1070.0,Yes,No
Consolidated,GTX 650,7000.0,MSI,2.0,NVIDIA,NVIDIA,2013.0,1024.0,GDDR5,128.0,1058.0,1250.0,80.0,28.0,2.0,1x 6-pin,384.0,1620.0,GTX,650.0,No,No
Consolidated,GTX 1080,51000.0,MSI,8.0,NVIDIA,NVIDIA,2016.0,8192.0,GDDR5X,256.0,928.0,1251.0,320.3,16.0,7.0,1x 8-pin,2560.0,1733.0,GTX,1080.0,No,No
Consolidated,RX 580,37000.0,ASUS,4.0,AMD,AMD,2017.0,8192.0,GDDR5,256.0,928.0,2000.0,256.0,14.0,5.0,1x 8-pin,2304.0,1340.0,RX,580.0,No,No
Consolidated,RX 6600,78000.0,ASUS,4.0,AMD,AMD,2021.0,8192.0,GDDR6,128.0,928.0,1750.0,224.0,7.0,11.0,1x 8-pin,1792.0,2491.0,RX,6600.0,No,No
Consolidated,GTX 750 TI,13000.0,PALIT,2.0,NVIDIA,NVIDIA,2014.0,2048.0,GDDR5,128.0,928.0,1350.0,86.4,28.0,1.0,Unknown,640.0,1085.0,GTX,750.0,Yes,No
Consolidated,GTX 1070,48500.0,GALAX,8.0,NVIDIA,NVIDIA,2016.0,8192.0,GDDR5,256.0,928.0,2002.0,256.3,16.0,7.0,1x 8-pin,1920.0,1683.0,GTX,1070.0,No,No
Consolidated,RX 560,14500.0,PALIT,4.0,AMD,AMD,2017.0,4096.0,GDDR5,128.0,928.0,1750.0,112.0,14.0,3.0,Unknown,1024.0,1275.0,RX,560.0,No,No
Consolidated,GTX 970,25500.0,PALIT,4.0,NVIDIA,NVIDIA,2014.0,4096.0,GDDR5,256.0,928.0,1753.0,224.4,28.0,5.0,2x 6-pin,1664.0,1178.0,GTX,970.0,No,No
Consolidated,GTX 960,19000.0,MSI,4.0,NVIDIA,NVIDIA,2015.0,2048.0,GDDR5,128.0,928.0,1753.0,112.2,28.0,2.0,1x 6-pin,1024.0,1178.0,GTX,960.0,No,No
Consolidated,GTX 1080 TI,70000.0,ASUS,11.0,NVIDIA,NVIDIA,2017.0,11264.0,GDDR5X,352.0,928.0,1376.0,484.4,16.0,11.0,1x 6-pin + 1x 8-pin,3584.0,1582.0,GTX,1080.0,Yes,No
Consolidated,GTX 970,30500.0,ASUS,4.0,NVIDIA,NVIDIA,2014.0,4096.0,GDDR5,256.0,928.0,1753.0,224.4,28.0,5.0,2x 6-pin,1664.0,1178.0,GTX,970.0,No,No
Consolidated,GTX 650,7500.0,GIGABYTE,1.0,NVIDIA,NVIDIA,2013.0,1024.0,GDDR5,128.0,1058.0,1250.0,80.0,28.0,2.0,1x 6-pin,384.0,1620.0,GTX,650.0,No,No
Consolidated,GTX 650 TI,9000.0,ZOTAC,2.0,NVIDIA,NVIDIA,2012.0,1024.0,GDDR5,128.0,928.0,1350.0,86.4,28.0,2.0,1x 6-pin,768.0,1620.0,GTX,650.0,Yes,No
Consolidated,RTX 2070,74500.0,ASUS,8.0,NVIDIA,NVIDIA,2018.0,8192.0,GDDR6,256.0,928.0,1750.0,448.0,12.0,10.0,1x 8-pin,2304.0,1620.0,RTX,2070.0,No,No
Consolidated,GTX 950,15500.0,PALIT,4.0,NVIDIA,NVIDIA,2015.0,2048.0,GDDR5,128.0,928.0,1653.0,105.8,28.0,2.0,1x 6-pin,768.0,1188.0,GTX,950.0,No,No
Consolidated,RTX 2070,73500.0,PALIT,8.0,NVIDIA,NVIDIA,2018.0,8192.0,GDDR6,256.0,928.0,1750.0,448.0,12.0,10.0,1x 8-pin,2304.0,1620.0,RTX,2070.0,No,No
Consolidated,RTX 2060 SUPER,73500.0,MSI,8.0,NVIDIA,NVIDIA,2019.0,8192.0,GDDR6,256.0,928.0,1750.0,448.0,12.0,10.0,1x 8-pin,2176.0,1650.0,RTX,2060.0,No,No
Consolidated,RX 570,30000.0,MSI,8.0,AMD,AMD,2017.0,4096.0,GDDR5,256.0,928.0,1750.0,224.0,14.0,5.0,1x 6-pin,2048.0,1244.0,RX,570.0,No,No
Consolidated,RTX 3050,75500.0,ZOTAC,8.0,NVIDIA,NVIDIA,2024.0,6144.0,GDDR6,96.0,928.0,1750.0,168.0,8.0,8.0,Unknown,2304.0,1470.0,RTX,3050.0,No,No
Consolidated,GTX 1050,22000.0,ZOTAC,3.0,NVIDIA,NVIDIA,2018.0,3072.0,GDDR5,96.0,928.0,1752.0,84.1,14.0,3.0,Unknown,768.0,1518.0,GTX,1050.0,No,No
Consolidated,RTX 3070 TI,125500.0,GIGABYTE,8.0,NVIDIA,NVIDIA,2021.0,8192.0,GDDR6X,256.0,928.0,1188.0,608.3,8.0,17.0,1x 12-pin,6144.0,1770.0,RTX,3070.0,Yes,No
Consolidated,GTX 650 TI,8000.0,MSI,1.0,NVIDIA,NVIDIA,2012.0,1024.0,GDDR5,128.0,928.0,1350.0,86.4,28.0,2.0,1x 6-pin,768.0,1620.0,GTX,650.0,Yes,No
Consolidated,GTX 1070,41000.0,PALIT,8.0,NVIDIA,NVIDIA,2016.0,8192.0,GDDR5,256.0,928.0,2002.0,256.3,16.0,7.0,1x 8-pin,1920.0,1683.0,GTX,1070.0,No,No
Consolidated,GTX 660,11500.0,GIGABYTE,2.0,NVIDIA,NVIDIA,2012.0,2048.0,GDDR5,192.0,928.0,1502.0,144.2,28.0,2.0,1x 6-pin,960.0,1032.0,GTX,660.0,No,No
Consolidated,RX 6600,65500.0,ASUS,8.0,AMD,AMD,2021.0,8192.0,GDDR6,128.0,928.0,1750.0,224.0,7.0,11.0,1x 8-pin,1792.0,2491.0,RX,6600.0,No,No
Consolidated,GTX 1080 TI,65000.0,GIGABYTE,11.0,NVIDIA,NVIDIA,2017.0,11264.0,GDDR5X,352.0,928.0,1376.0,484.4,16.0,11.0,1x 6-pin + 1x 8-pin,3584.0,1582.0,GTX,1080.0,Yes,No
Consolidated,RTX 2060 SUPER,79500.0,GIGABYTE,8.0,NVIDIA,NVIDIA,2019.0,8192.0,GDDR6,256.0,928.0,1750.0,448.0,12.0,10.0,1x 8-pin,2176.0,1650.0,RTX,2060.0,No,No
Consolidated,RTX 2060,67500.0,MSI,12.0,NVIDIA,NVIDIA,2021.0,12288.0,GDDR6,192.0,928.0,1750.0,336.0,12.0,10.0,1x 8-pin,2176.0,1650.0,RTX,2060.0,No,No
Consolidated,RX 560,15500.0,GIGABYTE,6.0,AMD,AMD,2017.0,4096.0,GDDR5,128.0,928.0,1750.0,112.0,14.0,3.0,Unknown,1024.0,1275.0,RX,560.0,No,No
Consolidated,RTX 3060 TI,91000.0,MSI,8.0,NVIDIA,NVIDIA,2020.0,8192.0,GDDR6,256.0,928.0,1750.0,448.0,8.0,17.0,1x 12-pin,4864.0,1665.0,RTX,3060.0,Yes,No
Consolidated,RX 580,35000.0,ASUS,8.0,AMD,AMD,2017.0,8192.0,GDDR5,256.0,928.0,2000.0,256.0,14.0,5.0,1x 8-pin,2304.0,1340.0,RX,580.0,No,No
Consolidated,RX 560,16000.0,GIGABYTE,6.0,AMD,AMD,2017.0,4096.0,GDDR5,128.0,928.0,1750.0,112.0,14.0,3.0,Unknown,1024.0,1275.0,RX,560.0,No,No
Consolidated,GTX 1050 TI,32000.0,ASUS,4.0,NVIDIA,NVIDIA,2016.0,4096.0,GDDR5,128.0,928.0,1752.0,112.1,14.0,3.0,Unknown,768.0,1392.0,GTX,1050.0,Yes,No
Consolidated,GTX 750 TI,12500.0,GIGABYTE,2.0,NVIDIA,NVIDIA,2014.0,2048.0,GDDR5,128.0,928.0,1350.0,86.4,28.0,1.0,Unknown,640.0,1085.0,GTX,750.0,Yes,No
Consolidated,RX 590,35500.0,PALIT,8.0,AMD,AMD,2018.0,8192.0,GDDR5,256.0,928.0,2000.0,256.0,12.0,5.0,1x 8-pin,2304.0,1545.0,RX,590.0,No,No
Consolidated,GTX 750,10000.0,PALIT,2.0,NVIDIA,NVIDIA,2014.0,1024.0,GDDR5,128.0,928.0,1253.0,80.19,28.0,1.0,Unknown,512.0,1085.0,GTX,750.0,No,No
Consolidated,GTX 1650,33000.0,MSI,4.0,NVIDIA,NVIDIA,2019.0,4096.0,GDDR5,128.0,928.0,2001.0,128.1,12.0,4.0,Unknown,896.0,1665.0,GTX,1650.0,No,No
Consolidated,RX 570,28000.0,GIGABYTE,8.0,AMD,AMD,2017.0,4096.0,GDDR5,256.0,928.0,1750.0,224.0,14.0,5.0,1x 6-pin,2048.0,1244.0,RX,570.0,No,No
Consolidated,GTX 1070 TI,46500.0,ZOTAC,8.0,NVIDIA,NVIDIA,2017.0,8192.0,GDDR5,256.0,928.0,2002.0,256.3,16.0,7.0,1x 8-pin,2432.0,1683.0,GTX,1070.0,Yes,No
Consolidated,RTX 3060 TI,106500.0,GIGABYTE,8.0,NVIDIA,NVIDIA,2020.0,8192.0,GDDR6,256.0,928.0,1750.0,448.0,8.0,17.0,1x 12-pin,4864.0,1665.0,RTX,3060.0,Yes,No
Consolidated,GTX 1080,55500.0,MSI,8.0,NVIDIA,NVIDIA,2016.0,8192.0,GDDR5X,256.0,928.0,1251.0,320.3,16.0,7.0,1x 8-pin,2560.0,1733.0,GTX,1080.0,No,No
Consolidated,RX 580,35000.0,GIGABYTE,8.0,AMD,AMD,2017.0,8192.0,GDDR5,256.0,928.0,2000.0,256.0,14.0,5.0,1x 8-pin,2304.0,1340.0,RX,580.0,No,No
Consolidated,GTX 1080,51000.0,ASUS,8.0,NVIDIA,NVIDIA,2016.0,8192.0,GDDR5X,256.0,928.0,1251.0,320.3,16.0,7.0,1x 8-pin,2560.0,1733.0,GTX,1080.0,No,No
Consolidated,GTX 1650,42000.0,MSI,4.0,NVIDIA,NVIDIA,2019.0,4096.0,GDDR5,128.0,928.0,2001.0,128.1,12.0,4.0,Unknown,896.0,1665.0,GTX,1650.0,No,No
Consolidated,GTX 1070 TI,45000.0,MSI,8.0,NVIDIA,NVIDIA,2017.0,8192.0,GDDR5,256.0,928.0,2002.0,256.3,16.0,7.0,1x 8-pin,2432.0,1683.0,GTX,1070.0,Yes,No
Consolidated,GTX 1650 SUPER,39000.0,PALIT,4.0,NVIDIA,NVIDIA,2019.0,4096.0,GDDR6,128.0,928.0,1500.0,192.0,12.0,6.0,1x 6-pin,1280.0,1725.0,GTX,1650.0,No,No
Consolidated,GTX 1080 TI,71500.0,ASUS,11.0,NVIDIA,NVIDIA,2017.0,11264.0,GDDR5X,352.0,928.0,1376.0,484.4,16.0,11.0,1x 6-pin + 1x 8-pin,3584.0,1582.0,GTX,1080.0,Yes,No
Consolidated,GTX 1080 TI,73500.0,GIGABYTE,11.0,NVIDIA,NVIDIA,2017.0,11264.0,GDDR5X,352.0,928.0,1376.0,484.4,16.0,11.0,1x 6-pin + 1x 8-pin,3584.0,1582.0,GTX,1080.0,Yes,No
Consolidated,GTX 1080,59000.0,GALAX,8.0,NVIDIA,NVIDIA,2016.0,8192.0,GDDR5X,256.0,928.0,1251.0,320.3,16.0,7.0,1x 8-pin,2560.0,1733.0,GTX,1080.0,No,No
Consolidated,RX 5500 XT,3000.0,ASUS,4.0,AMD,AMD,2019.0,4096.0,GDDR6,128.0,928.0,1750.0,224.0,7.0,6.0,1x 8-pin,1408.0,1845.0,RX,5500.0,No,No
Consolidated,GTX 960,24000.0,GALAX,3.0,NVIDIA,NVIDIA,2015.0,2048.0,GDDR5,128.0,928.0,1753.0,112.2,28.0,2.0,1x 6-pin,1024.0,1178.0,GTX,960.0,No,No
Consolidated,GTX 1050,21000.0,PALIT,2.0,NVIDIA,NVIDIA,2018.0,3072.0,GDDR5,96.0,928.0,1752.0,84.1,14.0,3.0,Unknown,768.0,1518.0,GTX,1050.0,No,No
Consolidated,GTX 1050 TI,28000.0,GIGABYTE,4.0,NVIDIA,NVIDIA,2016.0,4096.0,GDDR5,128.0,928.0,1752.0,112.1,14.0,3.0,Unknown,768.0,1392.0,GTX,1050.0,Yes,No
Consolidated,GTX 1060,34000.0,GIGABYTE,5.0,NVIDIA,NVIDIA,2017.0,5120.0,GDDR5,160.0,928.0,2002.0,160.2,16.0,4.0,1x 6-pin,1280.0,1709.0,GTX,1060.0,No,No
Consolidated,GTX 1070 TI,49500.0,MSI,8.0,NVIDIA,NVIDIA,2017.0,8192.0,GDDR5,256.0,928.0,2002.0,256.3,16.0,7.0,1x 8-pin,2432.0,1683.0,GTX,1070.0,Yes,No
Consolidated,GTX 1660 TI,55500.0,ASUS,6.0,NVIDIA,NVIDIA,2019.0,6144.0,GDDR6,192.0,928.0,1500.0,288.0,12.0,6.0,1x 8-pin,1536.0,1770.0,GTX,1660.0,Yes,No
Consolidated,RX 570,31500.0,PALIT,4.0,AMD,AMD,2017.0,4096.0,GDDR5,256.0,928.0,1750.0,224.0,14.0,5.0,1x 6-pin,2048.0,1244.0,RX,570.0,No,No
Consolidated,GTX 550 TI,6000.0,ASUS,1.0,NVIDIA,NVIDIA,2011.0,1024.0,GDDR5,192.0,900.0,1026.0,98.5,40.0,1.0,1x 6-pin,192.0,1620.0,GTX,550.0,Yes,No
Consolidated,RTX 2060,77000.0,GIGABYTE,6.0,NVIDIA,NVIDIA,2021.0,12288.0,GDDR6,192.0,928.0,1750.0,336.0,12.0,10.0,1x 8-pin,2176.0,1650.0,RTX,2060.0,No,No
Consolidated,RTX 3060 TI,92000.0,ZOTAC,8.0,NVIDIA,NVIDIA,2020.0,8192.0,GDDR6,256.0,928.0,1750.0,448.0,8.0,17.0,1x 12-pin,4864.0,1665.0,RTX,3060.0,Yes,No
Consolidated,GTX 1660 TI,58000.0,ZOTAC,6.0,NVIDIA,NVIDIA,2019.0,6144.0,GDDR6,192.0,928.0,1500.0,288.0,12.0,6.0,1x 8-pin,1536.0,1770.0,GTX,1660.0,Yes,No
Consolidated,RX 5600 XT,47500.0,GALAX,6.0,AMD,AMD,2020.0,6144.0,GDDR6,192.0,928.0,1500.0,288.0,7.0,10.0,1x 8-pin,2304.0,1560.0,RX,5600.0,No,No
Consolidated,RX 470,19000.0,ZOTAC,8.0,AMD,AMD,2016.0,4096.0,GDDR5,256.0,928.0,1650.0,211.2,14.0,5.0,1x 6-pin,2048.0,1206.0,RX,470.0,No,No
Consolidated,GTX 1080,56000.0,ASUS,8.0,NVIDIA,NVIDIA,2016.0,8192.0,GDDR5X,256.0,928.0,1251.0,320.3,16.0,7.0,1x 8-pin,2560.0,1733.0,GTX,1080.0,No,No
Consolidated,GTX 1070 TI,49000.0,GALAX,8.0,NVIDIA,NVIDIA,2017.0,8192.0,GDDR5,256.0,928.0,2002.0,256.3,16.0,7.0,1x 8-pin,2432.0,1683.0,GTX,1070.0,Yes,No
Consolidated,GTX 650 TI,7500.0,ZOTAC,2.0,NVIDIA,NVIDIA,2012.0,1024.0,GDDR5,128.0,928.0,1350.0,86.4,28.0,2.0,1x 6-pin,768.0,1620.0,GTX,650.0,Yes,No
Consolidated,GTX 1050,19000.0,PALIT,4.0,NVIDIA,NVIDIA,2018.0,3072.0,GDDR5,96.0,928.0,1752.0,84.1,14.0,3.0,Unknown,768.0,1518.0,GTX,1050.0,No,No
Consolidated,GTX 970,28500.0,GIGABYTE,6.0,NVIDIA,NVIDIA,2014.0,4096.0,GDDR5,256.0,928.0,1753.0,224.4,28.0,5.0,2x 6-pin,1664.0,1178.0,GTX,970.0,No,No
Consolidated,GTX 550 TI,7500.0,MSI,1.0,NVIDIA,NVIDIA,2011.0,1024.0,GDDR5,192.0,900.0,1026.0,98.5,40.0,1.0,1x 6-pin,192.0,1620.0,GTX,550.0,Yes,No
Consolidated,GTX 950,19000.0,GIGABYTE,4.0,NVIDIA,NVIDIA,2015.0,2048.0,GDDR5,128.0,928.0,1653.0,105.8,28.0,2.0,1x 6-pin,768.0,1188.0,GTX,950.0,No,No
Consolidated,RTX 3060 TI,89500.0,GIGABYTE,8.0,NVIDIA,NVIDIA,2020.0,8192.0,GDDR6,256.0,928.0,1750.0,448.0,8.0,17.0,1x 12-pin,4864.0,1665.0,RTX,3060.0,Yes,No
Consolidated,RTX 3070,107000.0,ZOTAC,8.0,NVIDIA,NVIDIA,2020.0,8192.0,GDDR6,256.0,928.0,1750.0,448.0,8.0,17.0,1x 12-pin,5888.0,1725.0,RTX,3070.0,No,No
Consolidated,RX 5500 XT,3500.0,MSI,4.0,AMD,AMD,2019.0,4096.0,GDDR6,128.0,928.0,1750.0,224.0,7.0,6.0,1x 8-pin,1408.0,1845.0,RX,5500.0,No,No
Consolidated,GTX 1070,42500.0,ZOTAC,8.0,NVIDIA,NVIDIA,2016.0,8192.0,GDDR5,256.0,928.0,2002.0,256.3,16.0,7.0,1x 8-pin,1920.0,1683.0,GTX,1070.0,No,No
Consolidated,GTX 1070 TI,48500.0,MSI,8.0,NVIDIA,NVIDIA,2017.0,8192.0,GDDR5,256.0,928.0,2002.0,256.3,16.0,7.0,1x 8-pin,2432.0,1683.0,GTX,1070.0,Yes,No
Consolidated,GTX 750,11500.0,ZOTAC,1.0,NVIDIA,NVIDIA,2014.0,1024.0,GDDR5,128.0,928.0,1253.0,80.19,28.0,1.0,Unknown,512.0,1085.0,GTX,750.0,No,No
Consolidated,GTX 660 TI,6500.0,ASUS,2.0,NVIDIA,NVIDIA,2012.0,2048.0,GDDR5,192.0,928.0,1502.0,144.2,28.0,3.0,2x 6-pin,1344.0,980.0,GTX,660.0,Yes,No
Consolidated,GTX 1660 TI,56000.0,MSI,6.0,NVIDIA,NVIDIA,2019.0,6144.0,GDDR6,192.0,928.0,1500.0,288.0,12.0,6.0,1x 8-pin,1536.0,1770.0,GTX,1660.0,Yes,No
Consolidated,GTX 750 TI,12000.0,MSI,2.0,NVIDIA,NVIDIA,2014.0,2048.0,GDDR5,128.0,928.0,1350.0,86.4,28.0,1.0,Unknown,640.0,1085.0,GTX,750.0,Yes,No
Consolidated,RX 5600 XT,48500.0,ZOTAC,6.0,AMD,AMD,2020.0,6144.0,GDDR6,192.0,928.0,1500.0,288.0,7.0,10.0,1x 8-pin,2304.0,1560.0,RX,5600.0,No,No
Consolidated,GTX 650 TI,8000.0,ZOTAC,1.0,NVIDIA,NVIDIA,2012.0,1024.0,GDDR5,128.0,928.0,1350.0,86.4,28.0,2.0,1x 6-pin,768.0,1620.0,GTX,650.0,Yes,No
Consolidated,GTX 1650,40500.0,ASUS,4.0,NVIDIA,NVIDIA,2019.0,4096.0,GDDR5,128.0,928.0,2001.0,128.1,12.0,4.0,Unknown,896.0,1665.0,GTX,1650.0,No,No
Consolidated,GTX 1060,38500.0,PALIT,3.0,NVIDIA,NVIDIA,2017.0,5120.0,GDDR5,160.0,928.0,2002.0,160.2,16.0,4.0,1x 6-pin,1280.0,1709.0,GTX,1060.0,No,No
Consolidated,RX 560,16500.0,PALIT,6.0,AMD,AMD,2017.0,4096.0,GDDR5,128.0,928.0,1750.0,112.0,14.0,3.0,Unknown,1024.0,1275.0,RX,560.0,No,No
Consolidated,GTX 1070,40500.0,GIGABYTE,8.0,NVIDIA,NVIDIA,2016.0,8192.0,GDDR5,256.0,928.0,2002.0,256.3,16.0,7.0,1x 8-pin,1920.0,1683.0,GTX,1070.0,No,No
Consolidated,GTX 970,28500.0,MSI,4.0,NVIDIA,NVIDIA,2014.0,4096.0,GDDR5,256.0,928.0,1753.0,224.4,28.0,5.0,2x 6-pin,1664.0,1178.0,GTX,970.0,No,No
Consolidated,GTX 980,36500.0,PALIT,4.0,NVIDIA,NVIDIA,2014.0,4096.0,GDDR5,256.0,928.0,1753.0,224.4,28.0,5.0,2x 6-pin,2048.0,1216.0,GTX,980.0,No,No
Consolidated,GTX 660,10000.0,ZOTAC,0.5,NVIDIA,NVIDIA,2012.0,2048.0,GDDR5,192.0,928.0,1502.0,144.2,28.0,2.0,1x 6-pin,960.0,1032.0,GTX,660.0,No,No
Consolidated,GTX 1050 TI,28000.0,PALIT,4.0,NVIDIA,NVIDIA,2016.0,4096.0,GDDR5,128.0,928.0,1752.0,112.1,14.0,3.0,Unknown,768.0,1392.0,GTX,1050.0,Yes,No
Consolidated,RTX 2070,68000.0,PALIT,8.0,NVIDIA,NVIDIA,2018.0,8192.0,GDDR6,256.0,928.0,1750.0,448.0,12.0,10.0,1x 8-pin,2304.0,1620.0,RTX,2070.0,No,No
Consolidated,GTX 660,12000.0,GIGABYTE,0.5,NVIDIA,NVIDIA,2012.0,2048.0,GDDR5,192.0,928.0,1502.0,144.2,28.0,2.0,1x 6-pin,960.0,1032.0,GTX,660.0,No,No
Consolidated,RX 570,35000.0,MSI,4.0,AMD,AMD,2017.0,4096.0,GDDR5,256.0,928.0,1750.0,224.0,14.0,5.0,1x 6-pin,2048.0,1244.0,RX,570.0,No,No
Consolidated,GTX 1080,58000.0,GIGABYTE,8.0,NVIDIA,NVIDIA,2016.0,8192.0,GDDR5X,256.0,928.0,1251.0,320.3,16.0,7.0,1x 8-pin,2560.0,1733.0,GTX,1080.0,No,No
Consolidated,GTX 1080 TI,62500.0,MSI,11.0,NVIDIA,NVIDIA,2017.0,11264.0,GDDR5X,352.0,928.0,1376.0,484.4,16.0,11.0,1x 6-pin + 1x 8-pin,3584.0,1582.0,GTX,1080.0,Yes,No
Consolidated,GTX 660,13500.0,GALAX,2.0,NVIDIA,NVIDIA,2012.0,2048.0,GDDR5,192.0,928.0,1502.0,144.2,28.0,2.0,1x 6-pin,960.0,1032.0,GTX,660.0,No,No
Consolidated,RTX 3070,109000.0,MSI,8.0,NVIDIA,NVIDIA,2020.0,8192.0,GDDR6,256.0,928.0,1750.0,448.0,8.0,17.0,1x 12-pin,5888.0,1725.0,RTX,3070.0,No,No
Consolidated,RX 590,37500.0,ASUS,8.0,AMD,AMD,2018.0,8192.0,GDDR5,256.0,928.0,2000.0,256.0,12.0,5.0,1x 8-pin,2304.0,1545.0,RX,590.0,No,No
Consolidated,RTX 3070 TI,122500.0,ASUS,8.0,NVIDIA,NVIDIA,2021.0,8192.0,GDDR6X,256.0,928.0,1188.0,608.3,8.0,17.0,1x 12-pin,6144.0,1770.0,RTX,3070.0,Yes,No
Consolidated,GTX 1070,52500.0,ZOTAC,8.0,NVIDIA,NVIDIA,2016.0,8192.0,GDDR5,256.0,928.0,2002.0,256.3,16.0,7.0,1x 8-pin,1920.0,1683.0,GTX,1070.0,No,No
Consolidated,RX 470,19000.0,GIGABYTE,4.0,AMD,AMD,2016.0,4096.0,GDDR5,256.0,928.0,1650.0,211.2,14.0,5.0,1x 6-pin,2048.0,1206.0,RX,470.0,No,No
Consolidated,GTX 660 TI,5500.0,GIGABYTE,2.0,NVIDIA,NVIDIA,2012.0,2048.0,GDDR5,192.0,928.0,1502.0,144.2,28.0,3.0,2x 6-pin,1344.0,980.0,GTX,660.0,Yes,No
Consolidated,RX 6600,68000.0,MSI,8.0,AMD,AMD,2021.0,8192.0,GDDR6,128.0,928.0,1750.0,224.0,7.0,11.0,1x 8-pin,1792.0,2491.0,RX,6600.0,No,No
Consolidated,RX 560,19000.0,ZOTAC,6.0,AMD,AMD,2017.0,4096.0,GDDR5,128.0,928.0,1750.0,112.0,14.0,3.0,Unknown,1024.0,1275.0,RX,560.0,No,No
Consolidated,RTX 3070,103000.0,GIGABYTE,8.0,NVIDIA,NVIDIA,2020.0,8192.0,GDDR6,256.0,928.0,1750.0,448.0,8.0,17.0,1x 12-pin,5888.0,1725.0,RTX,3070.0,No,No
Consolidated,RX 570,32000.0,ASUS,8.0,AMD,AMD,2017.0,4096.0,GDDR5,256.0,928.0,1750.0,224.0,14.0,5.0,1x 6-pin,2048.0,1244.0,RX,570.0,No,No
Consolidated,RTX 3070 TI,120500.0,ASUS,8.0,NVIDIA,NVIDIA,2021.0,8192.0,GDDR6X,256.0,928.0,1188.0,608.3,8.0,17.0,1x 12-pin,6144.0,1770.0,RTX,3070.0,Yes,No
Consolidated,GTX 1050 TI,34500.0,PALIT,4.0,NVIDIA,NVIDIA,2016.0,4096.0,GDDR5,128.0,928.0,1752.0,112.1,14.0,3.0,Unknown,768.0,1392.0,GTX,1050.0,Yes,No
Consolidated,RX 6600 XT,75500.0,ASUS,8.0,AMD,AMD,2021.0,8192.0,GDDR6,128.0,928.0,2000.0,256.0,7.0,11.0,1x 8-pin,2048.0,2589.0,RX,6600.0,No,No
Consolidated,GTX 660 TI,5000.0,PALIT,2.0,NVIDIA,NVIDIA,2012.0,2048.0,GDDR5,192.0,928.0,1502.0,144.2,28.0,3.0,2x 6-pin,1344.0,980.0,GTX,660.0,Yes,No
Consolidated,RX 590,37500.0,MSI,8.0,AMD,AMD,2018.0,8192.0,GDDR5,256.0,928.0,2000.0,256.0,12.0,5.0,1x 8-pin,2304.0,1545.0,RX,590.0,No,No
Consolidated,GTX 970,30000.0,ASUS,6.0,NVIDIA,NVIDIA,2014.0,4096.0,GDDR5,256.0,928.0,1753.0,224.4,28.0,5.0,2x 6-pin,1664.0,1178.0,GTX,970.0,No,No
Consolidated,RX 560,17500.0,GALAX,6.0,AMD,AMD,2017.0,4096.0,GDDR5,128.0,928.0,1750.0,112.0,14.0,3.0,Unknown,1024.0,1275.0,RX,560.0,No,No
Consolidated,GTX 1650,32500.0,MSI,4.0,NVIDIA,NVIDIA,2019.0,4096.0,GDDR5,128.0,928.0,2001.0,128.1,12.0,4.0,Unknown,896.0,1665.0,GTX,1650.0,No,No
Consolidated,GTX 1660 SUPER,49000.0,ASUS,6.0,NVIDIA,NVIDIA,2019.0,6144.0,GDDR6,192.0,928.0,1750.0,336.0,12.0,6.0,1x 8-pin,1408.0,1785.0,GTX,1660.0,No,No
Consolidated,GTX 1050 TI,33500.0,GIGABYTE,4.0,NVIDIA,NVIDIA,2016.0,4096.0,GDDR5,128.0,928.0,1752.0,112.1,14.0,3.0,Unknown,768.0,1392.0,GTX,1050.0,Yes,No
Consolidated,GTX 960,21500.0,ASUS,4.0,NVIDIA,NVIDIA,2015.0,2048.0,GDDR5,128.0,928.0,1753.0,112.2,28.0,2.0,1x 6-pin,1024.0,1178.0,GTX,960.0,No,No
Consolidated,GTX 550 TI,6500.0,GIGABYTE,1.0,NVIDIA,NVIDIA,2011.0,1024.0,GDDR5,192.0,900.0,1026.0,98.5,40.0,1.0,1x 6-pin,192.0,1620.0,GTX,550.0,Yes,No
Consolidated,GTX 980,33000.0,ZOTAC,6.0,NVIDIA,NVIDIA,2014.0,4096.0,GDDR5,256.0,928.0,1753.0,224.4,28.0,5.0,2x 6-pin,2048.0,1216.0,GTX,980.0,No,No
Consolidated,RX 5700 XT,62000.0,ASUS,8.0,AMD,AMD,2019.0,8192.0,GDDR6,256.0,928.0,1750.0,448.0,7.0,10.0,1x 6-pin + 1x 8-pin,2560.0,1905.0,RX,5700.0,No,No
Consolidated,RTX 3050,69000.0,ZOTAC,6.0,NVIDIA,NVIDIA,2024.0,6144.0,GDDR6,96.0,928.0,1750.0,168.0,8.0,8.0,Unknown,2304.0,1470.0,RTX,3050.0,No,No
Consolidated,RX 5500 XT,3000.0,MSI,4.0,AMD,AMD,2019.0,4096.0,GDDR6,128.0,928.0,1750.0,224.0,7.0,6.0,1x 8-pin,1408.0,1845.0,RX,5500.0,No,No
Consolidated,GTX 750 TI,13000.0,ZOTAC,2.0,NVIDIA,NVIDIA,2014.0,2048.0,GDDR5,128.0,928.0,1350.0,86.4,28.0,1.0,Unknown,640.0,1085.0,GTX,750.0,Yes,No
Consolidated,GTX 1070 TI,48500.0,ZOTAC,8.0,NVIDIA,NVIDIA,2017.0,8192.0,GDDR5,256.0,928.0,2002.0,256.3,16.0,7.0,1x 8-pin,2432.0,1683.0,GTX,1070.0,Yes,No
Consolidated,GTX 980,29000.0,MSI,4.0,NVIDIA,NVIDIA,2014.0,4096.0,GDDR5,256.0,928.0,1753.0,224.4,28.0,5.0,2x 6-pin,2048.0,1216.0,GTX,980.0,No,No
Consolidated,GTX 1650 SUPER,34500.0,PALIT,4.0,NVIDIA,NVIDIA,2019.0,4096.0,GDDR6,128.0,928.0,1500.0,192.0,12.0,6.0,1x 6-pin,1280.0,1725.0,GTX,1650.0,No,No
Consolidated,GTX 750,10000.0,GIGABYTE,2.0,NVIDIA,NVIDIA,2014.0,1024.0,GDDR5,128.0,928.0,1253.0,80.19,28.0,1.0,Unknown,512.0,1085.0,GTX,750.0,No,No
Consolidated,GTX 1080 TI,73000.0,GALAX,11.0,NVIDIA,NVIDIA,2017.0,11264.0,GDDR5X,352.0,928.0,1376.0,484.4,16.0,11.0,1x 6-pin + 1x 8-pin,3584.0,1582.0,GTX,1080.0,Yes,No
Consolidated,GTX 650,6500.0,ZOTAC,1.0,NVIDIA,NVIDIA,2013.0,1024.0,GDDR5,128.0,1058.0,1250.0,80.0,28.0,2.0,1x 6-pin,384.0,1620.0,GTX,650.0,No,No
Consolidated,RX 580,41500.0,GALAX,8.0,AMD,AMD,2017.0,8192.0,GDDR5,256.0,928.0,2000.0,256.0,14.0,5.0,1x 8-pin,2304.0,1340.0,RX,580.0,No,No
Consolidated,RTX 2060,60000.0,GIGABYTE,12.0,NVIDIA,NVIDIA,2021.0,12288.0,GDDR6,192.0,928.0,1750.0,336.0,12.0,10.0,1x 8-pin,2176.0,1650.0,RTX,2060.0,No,No
Consolidated,GTX 650 TI,9000.0,ZOTAC,2.0,NVIDIA,NVIDIA,2012.0,1024.0,GDDR5,128.0,928.0,1350.0,86.4,28.0,2.0,1x 6-pin,768.0,1620.0,GTX,650.0,Yes,No
Consolidated,RX 5600 XT,56000.0,PALIT,6.0,AMD,AMD,2020.0,6144.0,GDDR6,192.0,928.0,1500.0,288.0,7.0,10.0,1x 8-pin,2304.0,1560.0,RX,5600.0,No,No
Consolidated,RTX 2060 SUPER,81500.0,PALIT,8.0,NVIDIA,NVIDIA,2019.0,8192.0,GDDR6,256.0,928.0,1750.0,448.0,12.0,10.0,1x 8-pin,2176.0,1650.0,RTX,2060.0,No,No
Consolidated,RTX 3070,116500.0,GALAX,8.0,NVIDIA,NVIDIA,2020.0,8192.0,GDDR6,256.0,928.0,1750.0,448.0,8.0,17.0,1x 12-pin,5888.0,1725.0,RTX,3070.0,No,No
Consolidated,RTX 3070,113000.0,PALIT,8.0,NVIDIA,NVIDIA,2020.0,8192.0,GDDR6,256.0,928.0,1750.0,448.0,8.0,17.0,1x 12-pin,5888.0,1725.0,RTX,3070.0,No,No
Consolidated,GTX 1080,55500.0,GIGABYTE,8.0,NVIDIA,NVIDIA,2016.0,8192.0,GDDR5X,256.0,928.0,1251.0,320.3,16.0,7.0,1x 8-pin,2560.0,1733.0,GTX,1080.0,No,No
Consolidated,RX 6600,69000.0,GIGABYTE,4.0,AMD,AMD,2021.0,8192.0,GDDR6,128.0,928.0,1750.0,224.0,7.0,11.0,1x 8-pin,1792.0,2491.0,RX,6600.0,No,No
Consolidated,GTX 1660 TI,49500.0,ZOTAC,6.0,NVIDIA,NVIDIA,2019.0,6144.0,GDDR6,192.0,928.0,1500.0,288.0,12.0,6.0,1x 8-pin,1536.0,1770.0,GTX,1660.0,Yes,No
Consolidated,GTX 650,7500.0,ZOTAC,2.0,NVIDIA,NVIDIA,2013.0,1024.0,GDDR5,128.0,1058.0,1250.0,80.0,28.0,2.0,1x 6-pin,384.0,1620.0,GTX,650.0,No,No
Consolidated,GTX 960,21000.0,MSI,2.0,NVIDIA,NVIDIA,2015.0,2048.0,GDDR5,128.0,928.0,1753.0,112.2,28.0,2.0,1x 6-pin,1024.0,1178.0,GTX,960.0,No,No
Consolidated,GTX 1080 TI,73500.0,ZOTAC,11.0,NVIDIA,NVIDIA,2017.0,11264.0,GDDR5X,352.0,928.0,1376.0,484.4,16.0,11.0,1x 6-pin + 1x 8-pin,3584.0,1582.0,GTX,1080.0,Yes,No
Consolidated,GTX 1050 TI,30000.0,GIGABYTE,4.0,NVIDIA,NVIDIA,2016.0,4096.0,GDDR5,128.0,928.0,1752.0,112.1,14.0,3.0,Unknown,768.0,1392.0,GTX,1050.0,Yes,No
Consolidated,GTX 1080,57500.0,ZOTAC,8.0,NVIDIA,NVIDIA,2016.0,8192.0,GDDR5X,256.0,928.0,1251.0,320.3,16.0,7.0,1x 8-pin,2560.0,1733.0,GTX,1080.0,No,No
Consolidated,RTX 3070 TI,103500.0,GIGABYTE,8.0,NVIDIA,NVIDIA,2021.0,8192.0,GDDR6X,256.0,928.0,1188.0,608.3,8.0,17.0,1x 12-pin,6144.0,1770.0,RTX,3070.0,Yes,No
Consolidated,GTX 950,16500.0,GIGABYTE,4.0,NVIDIA,NVIDIA,2015.0,2048.0,GDDR5,128.0,928.0,1653.0,105.8,28.0,2.0,1x 6-pin,768.0,1188.0,GTX,950.0,No,No
Consolidated,GTX 660,10500.0,MSI,1.5,NVIDIA,NVIDIA,2012.0,2048.0,GDDR5,192.0,928.0,1502.0,144.2,28.0,2.0,1x 6-pin,960.0,1032.0,GTX,660.0,No,No
Consolidated,RX 590,39500.0,GIGABYTE,8.0,AMD,AMD,2018.0,8192.0,GDDR5,256.0,928.0,2000.0,256.0,12.0,5.0,1x 8-pin,2304.0,1545.0,RX,590.0,No,No
Consolidated,GTX 1660 TI,52500.0,ZOTAC,6.0,NVIDIA,NVIDIA,2019.0,6144.0,GDDR6,192.0,928.0,1500.0,288.0,12.0,6.0,1x 8-pin,1536.0,1770.0,GTX,1660.0,Yes,No
Consolidated,GTX 1650,34000.0,GIGABYTE,4.0,NVIDIA,NVIDIA,2019.0,4096.0,GDDR5,128.0,928.0,2001.0,128.1,12.0,4.0,Unknown,896.0,1665.0,GTX,1650.0,No,No
Consolidated,RX 570,28000.0,ZOTAC,8.0,AMD,AMD,2017.0,4096.0,GDDR5,256.0,928.0,1750.0,224.0,14.0,5.0,1x 6-pin,2048.0,1244.0,RX,570.0,No,No
Consolidated,RX 6600 XT,82000.0,GIGABYTE,8.0,AMD,AMD,2021.0,8192.0,GDDR6,128.0,928.0,2000.0,256.0,7.0,11.0,1x 8-pin,2048.0,2589.0,RX,6600.0,No,No
Consolidated,RTX 2060,75000.0,ASUS,12.0,NVIDIA,NVIDIA,2021.0,12288.0,GDDR6,192.0,928.0,1750.0,336.0,12.0,10.0,1x 8-pin,2176.0,1650.0,RTX,2060.0,No,No
Consolidated,GTX 1660 TI,48500.0,MSI,6.0,NVIDIA,NVIDIA,2019.0,6144.0,GDDR6,192.0,928.0,1500.0,288.0,12.0,6.0,1x 8-pin,1536.0,1770.0,GTX,1660.0,Yes,No
Consolidated,GTX 1650 SUPER,37500.0,ZOTAC,4.0,NVIDIA,NVIDIA,2019.0,4096.0,GDDR6,128.0,928.0,1500.0,192.0,12.0,6.0,1x 6-pin,1280.0,1725.0,GTX,1650.0,No,No
Consolidated,RX 460,19000.0,ZOTAC,4.0,AMD,AMD,2016.0,2048.0,GDDR5,128.0,928.0,1750.0,112.0,14.0,3.0,Unknown,896.0,1200.0,RX,460.0,No,No
Consolidated,RX 560,18000.0,ASUS,4.0,AMD,AMD,2017.0,4096.0,GDDR5,128.0,928.0,1750.0,112.0,14.0,3.0,Unknown,1024.0,1275.0,RX,560.0,No,No
Consolidated,GTX 660,12500.0,GIGABYTE,1.5,NVIDIA,NVIDIA,2012.0,2048.0,GDDR5,192.0,928.0,1502.0,144.2,28.0,2.0,1x 6-pin,960.0,1032.0,GTX,660.0,No,No
Consolidated,GTX 1050,25000.0,GIGABYTE,4.0,NVIDIA,NVIDIA,2018.0,3072.0,GDDR5,96.0,928.0,1752.0,84.1,14.0,3.0,Unknown,768.0,1518.0,GTX,1050.0,No,No
Consolidated,GTX 970,25500.0,ASUS,4.0,NVIDIA,NVIDIA,2014.0,4096.0,GDDR5,256.0,928.0,1753.0,224.4,28.0,5.0,2x 6-pin,1664.0,1178.0,GTX,970.0,No,No
Consolidated,GTX 1070,50000.0,PALIT,8.0,NVIDIA,NVIDIA,2016.0,8192.0,GDDR5,256.0,928.0,2002.0,256.3,16.0,7.0,1x 8-pin,1920.0,1683.0,GTX,1070.0,No,No
Consolidated,RTX 2070,71500.0,MSI,8.0,NVIDIA,NVIDIA,2018.0,8192.0,GDDR6,256.0,928.0,1750.0,448.0,12.0,10.0,1x 8-pin,2304.0,1620.0,RTX,2070.0,No,No
Consolidated,GTX 660,11000.0,MSI,1.5,NVIDIA,NVIDIA,2012.0,2048.0,GDDR5,192.0,928.0,1502.0,144.2,28.0,2.0,1x 6-pin,960.0,1032.0,GTX,660.0,No,No
Consolidated,GTX 960,24000.0,GIGABYTE,4.0,NVIDIA,NVIDIA,2015.0,2048.0,GDDR5,128.0,928.0,1753.0,112.2,28.0,2.0,1x 6-pin,1024.0,1178.0,GTX,960.0,No,No
Consolidated,GTX 1080 TI,58500.0,ASUS,11.0,NVIDIA,NVIDIA,2017.0,11264.0,GDDR5X,352.0,928.0,1376.0,484.4,16.0,11.0,1x 6-pin + 1x 8-pin,3584.0,1582.0,GTX,1080.0,Yes,No
Consolidated,RTX 3050,69500.0,ZOTAC,6.0,NVIDIA,NVIDIA,2024.0,6144.0,GDDR6,96.0,928.0,1750.0,168.0,8.0,8.0,Unknown,2304.0,1470.0,RTX,3050.0,No,No
Consolidated,RTX 3070,92500.0,PALIT,8.0,NVIDIA,NVIDIA,2020.0,8192.0,GDDR6,256.0,928.0,1750.0,448.0,8.0,17.0,1x 12-pin,5888.0,1725.0,RTX,3070.0,No,No
Consolidated,GTX 650 TI,7500.0,GALAX,2.0,NVIDIA,NVIDIA,2012.0,1024.0,GDDR5,128.0,928.0,1350.0,86.4,28.0,2.0,1x 6-pin,768.0,1620.0,GTX,650.0,Yes,No
Consolidated,RTX 3060 TI,116500.0,MSI,8.0,NVIDIA,NVIDIA,2020.0,8192.0,GDDR6,256.0,928.0,1750.0,448.0,8.0,17.0,1x 12-pin,4864.0,1665.0,RTX,3060.0,Yes,No
Consolidated,GTX 1660 TI,58000.0,MSI,6.0,NVIDIA,NVIDIA,2019.0,6144.0,GDDR6,192.0,928.0,1500.0,288.0,12.0,6.0,1x 8-pin,1536.0,1770.0,GTX,1660.0,Yes,No
Consolidated,GTX 750,9500.0,GIGABYTE,2.0,NVIDIA,NVIDIA,2014.0,1024.0,GDDR5,128.0,928.0,1253.0,80.19,28.0,1.0,Unknown,512.0,1085.0,GTX,750.0,No,No
Consolidated,RX 560,18000.0,GALAX,4.0,AMD,AMD,2017.0,4096.0,GDDR5,128.0,928.0,1750.0,112.0,14.0,3.0,Unknown,1024.0,1275.0,RX,560.0,No,No
Consolidated,GTX 1660 SUPER,56000.0,GIGABYTE,6.0,NVIDIA,NVIDIA,2019.0,6144.0,GDDR6,192.0,928.0,1750.0,336.0,12.0,6.0,1x 8-pin,1408.0,1785.0,GTX,1660.0,No,No
Consolidated,GTX 1050 TI,26500.0,MSI,4.0,NVIDIA,NVIDIA,2016.0,4096.0,GDDR5,128.0,928.0,1752.0,112.1,14.0,3.0,Unknown,768.0,1392.0,GTX,1050.0,Yes,No
Consolidated,RX 5600 XT,61500.0,PALIT,6.0,AMD,AMD,2020.0,6144.0,GDDR6,192.0,928.0,1500.0,288.0,7.0,10.0,1x 8-pin,2304.0,1560.0,RX,5600.0,No,No
Consolidated,GTX 750,12500.0,GIGABYTE,1.0,NVIDIA,NVIDIA,2014.0,1024.0,GDDR5,128.0,928.0,1253.0,80.19,28.0,1.0,Unknown,512.0,1085.0,GTX,750.0,No,No
Consolidated,GTX 1660 SUPER,52500.0,ASUS,6.0,NVIDIA,NVIDIA,2019.0,6144.0,GDDR6,192.0,928.0,1750.0,336.0,12.0,6.0,1x 8-pin,1408.0,1785.0,GTX,1660.0,No,No
Consolidated,RTX 3060 TI,103000.0,GIGABYTE,8.0,NVIDIA,NVIDIA,2020.0,8192.0,GDDR6,256.0,928.0,1750.0,448.0,8.0,17.0,1x 12-pin,4864.0,1665.0,RTX,3060.0,Yes,No
Consolidated,RTX 2070,67000.0,ASUS,8.0,NVIDIA,NVIDIA,2018.0,8192.0,GDDR6,256.0,928.0,1750.0,448.0,12.0,10.0,1x 8-pin,2304.0,1620.0,RTX,2070.0,No,No
Consolidated,GTX 1070,41000.0,PALIT,8.0,NVIDIA,NVIDIA,2016.0,8192.0,GDDR5,256.0,928.0,2002.0,256.3,16.0,7.0,1x 8-pin,1920.0,1683.0,GTX,1070.0,No,No
Consolidated,GTX 980,36500.0,GIGABYTE,8.0,NVIDIA,NVIDIA,2014.0,4096.0,GDDR5,256.0,928.0,1753.0,224.4,28.0,5.0,2x 6-pin,2048.0,1216.0,GTX,980.0,No,No
Consolidated,GTX 1080,60500.0,ASUS,8.0,NVIDIA,NVIDIA,2016.0,8192.0,GDDR5X,256.0,928.0,1251.0,320.3,16.0,7.0,1x 8-pin,2560.0,1733.0,GTX,1080.0,No,No
Consolidated,GTX 1060,33500.0,ASUS,5.0,NVIDIA,NVIDIA,2017.0,5120.0,GDDR5,160.0,928.0,2002.0,160.2,16.0,4.0,1x 6-pin,1280.0,1709.0,GTX,1060.0,No,No
Consolidated,RX 470,20000.0,MSI,4.0,AMD,AMD,2016.0,4096.0,GDDR5,256.0,928.0,1650.0,211.2,14.0,5.0,1x 6-pin,2048.0,1206.0,RX,470.0,No,No
Consolidated,GTX 750,10000.0,ZOTAC,1.0,NVIDIA,NVIDIA,2014.0,1024.0,GDDR5,128.0,928.0,1253.0,80.19,28.0,1.0,Unknown,512.0,1085.0,GTX,750.0,No,No
Consolidated,RTX 2070,75000.0,ZOTAC,8.0,NVIDIA,NVIDIA,2018.0,8192.0,GDDR6,256.0,928.0,1750.0,448.0,12.0,10.0,1x 8-pin,2304.0,1620.0,RTX,2070.0,No,No
Consolidated,GTX 650 TI,8500.0,MSI,1.0,NVIDIA,NVIDIA,2012.0,1024.0,GDDR5,128.0,928.0,1350.0,86.4,28.0,2.0,1x 6-pin,768.0,1620.0,GTX,650.0,Yes,No
Consolidated,GTX 750,11500.0,ZOTAC,2.0,NVIDIA,NVIDIA,2014.0,1024.0,GDDR5,128.0,928.0,1253.0,80.19,28.0,1.0,Unknown,512.0,1085.0,GTX,750.0,No,No
Consolidated,RX 590,40500.0,MSI,8.0,AMD,AMD,2018.0,8192.0,GDDR5,256.0,928.0,2000.0,256.0,12.0,5.0,1x 8-pin,2304.0,1545.0,RX,590.0,No,No
Consolidated,GTX 1080,51000.0,PALIT,8.0,NVIDIA,NVIDIA,2016.0,8192.0,GDDR5X,256.0,928.0,1251.0,320.3,16.0,7.0,1x 8-pin,2560.0,1733.0,GTX,1080.0,No,No
Consolidated,GTX 980,37500.0,ASUS,6.0,NVIDIA,NVIDIA,2014.0,4096.0,GDDR5,256.0,928.0,1753.0,224.4,28.0,5.0,2x 6-pin,2048.0,1216.0,GTX,980.0,No,No
Consolidated,RTX 3060 TI,113500.0,MSI,8.0,NVIDIA,NVIDIA,2020.0,8192.0,GDDR6,256.0,928.0,1750.0,448.0,8.0,17.0,1x 12-pin,4864.0,1665.0,RTX,3060.0,Yes,No
Consolidated,RX 590,33500.0,ASUS,8.0,AMD,AMD,2018.0,8192.0,GDDR5,256.0,928.0,2000.0,256.0,12.0,5.0,1x 8-pin,2304.0,1545.0,RX,590.0,No,No
Consolidated,RX 5600 XT,47000.0,ASUS,6.0,AMD,AMD,2020.0,6144.0,GDDR6,192.0,928.0,1500.0,288.0,7.0,10.0,1x 8-pin,2304.0,1560.0,RX,5600.0,No,No
Consolidated,RTX 2070,72500.0,GIGABYTE,8.0,NVIDIA,NVIDIA,2018.0,8192.0,GDDR6,256.0,928.0,1750.0,448.0,12.0,10.0,1x 8-pin,2304.0,1620.0,RTX,2070.0,No,No
Consolidated,RX 560,16500.0,MSI,6.0,AMD,AMD,2017.0,4096.0,GDDR5,128.0,928.0,1750.0,112.0,14.0,3.0,Unknown,1024.0,1275.0,RX,560.0,No,No
Consolidated,GTX 1080 TI,61000.0,MSI,11.0,NVIDIA,NVIDIA,2017.0,11264.0,GDDR5X,352.0,928.0,1376.0,484.4,16.0,11.0,1x 6-pin + 1x 8-pin,3584.0,1582.0,GTX,1080.0,Yes,No
Consolidated,GTX 1650 SUPER,32500.0,ZOTAC,4.0,NVIDIA,NVIDIA,2019.0,4096.0,GDDR6,128.0,928.0,1500.0,192.0,12.0,6.0,1x 6-pin,1280.0,1725.0,GTX,1650.0,No,No
Consolidated,RX 5700 XT,54000.0,ASUS,8.0,AMD,AMD,2019.0,8192.0,GDDR6,256.0,928.0,1750.0,448.0,7.0,10.0,1x 6-pin + 1x 8-pin,2560.0,1905.0,RX,5700.0,No,No
Consolidated,GTX 1050,23500.0,ZOTAC,3.0,NVIDIA,NVIDIA,2018.0,3072.0,GDDR5,96.0,928.0,1752.0,84.1,14.0,3.0,Unknown,768.0,1518.0,GTX,1050.0,No,No
Consolidated,RTX 2060 SUPER,74500.0,ZOTAC,8.0,NVIDIA,NVIDIA,2019.0,8192.0,GDDR6,256.0,928.0,1750.0,448.0,12.0,10.0,1x 8-pin,2176.0,1650.0,RTX,2060.0,No,No
Consolidated,GTX 550 TI,7000.0,MSI,1.0,NVIDIA,NVIDIA,2011.0,1024.0,GDDR5,192.0,900.0,1026.0,98.5,40.0,1.0,1x 6-pin,192.0,1620.0,GTX,550.0,Yes,No
Consolidated,GTX 760,14000.0,PALIT,1.5,NVIDIA,NVIDIA,2013.0,2048.0,GDDR5,256.0,928.0,1502.0,192.3,28.0,3.0,2x 6-pin,1152.0,1032.0,GTX,760.0,No,No
Consolidated,RX 560,18000.0,ZOTAC,6.0,AMD,AMD,2017.0,4096.0,GDDR5,128.0,928.0,1750.0,112.0,14.0,3.0,Unknown,1024.0,1275.0,RX,560.0,No,No
Consolidated,GTX 980,32500.0,ASUS,4.0,NVIDIA,NVIDIA,2014.0,4096.0,GDDR5,256.0,928.0,1753.0,224.4,28.0,5.0,2x 6-pin,2048.0,1216.0,GTX,980.0,No,No
Consolidated,RTX 3050,68000.0,ZOTAC,6.0,NVIDIA,NVIDIA,2024.0,6144.0,GDDR6,96.0,928.0,1750.0,168.0,8.0,8.0,Unknown,2304.0,1470.0,RTX,3050.0,No,No
Consolidated,GTX 1050 TI,28000.0,GALAX,4.0,NVIDIA,NVIDIA,2016.0,4096.0,GDDR5,128.0,928.0,1752.0,112.1,14.0,3.0,Unknown,768.0,1392.0,GTX,1050.0,Yes,No
Consolidated,GTX 960,23500.0,ASUS,3.0,NVIDIA,NVIDIA,2015.0,2048.0,GDDR5,128.0,928.0,1753.0,112.2,28.0,2.0,1x 6-pin,1024.0,1178.0,GTX,960.0,No,No
Consolidated,GTX 970,28500.0,ASUS,4.0,NVIDIA,NVIDIA,2014.0,4096.0,GDDR5,256.0,928.0,1753.0,224.4,28.0,5.0,2x 6-pin,1664.0,1178.0,GTX,970.0,No,No
Consolidated,GTX 970,27000.0,PALIT,4.0,NVIDIA,NVIDIA,2014.0,4096.0,GDDR5,256.0,928.0,1753.0,224.4,28.0,5.0,2x 6-pin,1664.0,1178.0,GTX,970.0,No,No
Consolidated,RX 5500 XT,3500.0,GIGABYTE,4.0,AMD,AMD,2019.0,4096.0,GDDR6,128.0,928.0,1750.0,224.0,7.0,6.0,1x 8-pin,1408.0,1845.0,RX,5500.0,No,No
Consolidated,GTX 550 TI,7500.0,MSI,1.0,NVIDIA,NVIDIA,2011.0,1024.0,GDDR5,192.0,900.0,1026.0,98.5,40.0,1.0,1x 6-pin,192.0,1620.0,GTX,550.0,Yes,No
Consolidated,GTX 950,15500.0,GALAX,2.0,NVIDIA,NVIDIA,2015.0,2048.0,GDDR5,128.0,928.0,1653.0,105.8,28.0,2.0,1x 6-pin,768.0,1188.0,GTX,950.0,No,No
Consolidated,GTX 970,29000.0,MSI,6.0,NVIDIA,NVIDIA,2014.0,4096.0,GDDR5,256.0,928.0,1753.0,224.4,28.0,5.0,2x 6-pin,1664.0,1178.0,GTX,970.0,No,No
Consolidated,RTX 3050,79000.0,PALIT,4.0,NVIDIA,NVIDIA,2024.0,6144.0,GDDR6,96.0,928.0,1750.0,168.0,8.0,8.0,Unknown,2304.0,1470.0,RTX,3050.0,No,No
Consolidated,RTX 3070 TI,105000.0,GALAX,8.0,NVIDIA,NVIDIA,2021.0,8192.0,GDDR6X,256.0,928.0,1188.0,608.3,8.0,17.0,1x 12-pin,6144.0,1770.0,RTX,3070.0,Yes,No
Consolidated,GT 1030,15000.0,ASUS,2.0,NVIDIA,NVIDIA,2017.0,2048.0,GDDR5,64.0,928.0,1502.0,48.06,14.0,1.0,Unknown,384.0,1468.0,GT,1030.0,No,No
Consolidated,GT 1030,12500.0,ASUS,2.0,NVIDIA,NVIDIA,2017.0,2048.0,GDDR5,64.0,928.0,1502.0,48.06,14.0,1.0,Unknown,384.0,1468.0,GT,1030.0,No,No
Consolidated,GT 1030,17000.0,COLORFUL,4.0,NVIDIA,NVIDIA,2017.0,2048.0,GDDR5,64.0,928.0,1502.0,48.06,14.0,1.0,Unknown,384.0,1468.0,GT,1030.0,No,No
Consolidated,GT 610,6000.0,MSI,2.0,NVIDIA,NVIDIA,2012.0,1024.0,DDR3,64.0,810.0,898.0,14.37,40.0,292.0,Unknown,48.0,1620.0,GT,610.0,No,No
Consolidated,GT 610,2990.0,NVIDIA,1.0,NVIDIA,NVIDIA,2012.0,1024.0,DDR3,64.0,810.0,898.0,14.37,40.0,292.0,Unknown,48.0,1620.0,GT,610.0,No,No
Consolidated,GT 610,4500.0,NVIDIA,1.0,NVIDIA,NVIDIA,2012.0,1024.0,DDR3,64.0,810.0,898.0,14.37,40.0,292.0,Unknown,48.0,1620.0,GT,610.0,No,No
Consolidated,GT 610,6200.0,NVIDIA,2.0,NVIDIA,NVIDIA,2012.0,1024.0,DDR3,64.0,810.0,898.0,14.37,40.0,292.0,Unknown,48.0,1620.0,GT,610.0,No,No
Consolidated,GT 610,4200.0,NVIDIA,1.0,NVIDIA,NVIDIA,2012.0,1024.0,DDR3,64.0,810.0,898.0,14.37,40.0,292.0,Unknown,48.0,1620.0,GT,610.0,No,No
Consolidated,GT 630,7500.0,NVIDIA,2.0,NVIDIA,NVIDIA,2012.0,1024.0,DDR3,128.0,810.0,900.0,28.8,40.0,585.0,Unknown,96.0,1620.0,GT,630.0,No,No
Consolidated,GT 710,8500.0,ASUS,2.0,NVIDIA,NVIDIA,2016.0,1024.0,DDR3,64.0,810.0,898.0,14.37,40.0,292.0,Unknown,48.0,1620.0,GT,710.0,No,No
Consolidated,GT 730,4500.0,GIGABYTE,1.0,NVIDIA,NVIDIA,2014.0,2048.0,DDR3,128.0,700.0,800.0,25.6,40.0,585.0,Unknown,96.0,1620.0,GT,730.0,No,No
Consolidated,GT 730,15000.0,NVIDIA,4.0,NVIDIA,NVIDIA,2014.0,2048.0,DDR3,128.0,700.0,800.0,25.6,40.0,585.0,Unknown,96.0,1620.0,GT,730.0,No,No
Consolidated,GT 730,7500.0,NVIDIA,2.0,NVIDIA,NVIDIA,2014.0,2048.0,DDR3,128.0,700.0,800.0,25.6,40.0,585.0,Unknown,96.0,1620.0,GT,730.0,No,No
Consolidated,GT 730,8000.0,NVIDIA,4.0,NVIDIA,NVIDIA,2014.0,2048.0,DDR3,128.0,700.0,800.0,25.6,40.0,585.0,Unknown,96.0,1620.0,GT,730.0,No,No
Consolidated,GTS 450,4500.0,ASUS,1.0,NVIDIA,NVIDIA,2010.0,1024.0,GDDR5,128.0,783.0,902.0,57.73,40.0,1.0,1x 6-pin,192.0,1620.0,GTS,450.0,No,No
Consolidated,GTS 450,5000.0,GIGABYTE,1.0,NVIDIA,NVIDIA,2010.0,1024.0,GDDR5,128.0,783.0,902.0,57.73,40.0,1.0,1x 6-pin,192.0,1620.0,GTS,450.0,No,No
Consolidated,GTX 1050,22000.0,NVIDIA,2.0,NVIDIA,NVIDIA,2018.0,3072.0,GDDR5,96.0,928.0,1752.0,84.1,14.0,3.0,Unknown,768.0,1518.0,GTX,1050.0,No,No
Consolidated,GTX 1050,23000.0,NVIDIA,2.0,NVIDIA,NVIDIA,2018.0,3072.0,GDDR5,96.0,928.0,1752.0,84.1,14.0,3.0,Unknown,768.0,1518.0,GTX,1050.0,No,No
Consolidated,GTX 1050,21900.0,ZOTAC,2.0,NVIDIA,NVIDIA,2018.0,3072.0,GDDR5,96.0,928.0,1752.0,84.1,14.0,3.0,Unknown,768.0,1518.0,GTX,1050.0,No,No
Consolidated,GTX 1050 TI,33000.0,ASUS,4.0,NVIDIA,NVIDIA,2016.0,4096.0,GDDR5,128.0,928.0,1752.0,112.1,14.0,3.0,Unknown,768.0,1392.0,GTX,1050.0,Yes,No
Consolidated,GTX 1050 TI,21000.0,EMTEK,4.0,NVIDIA,NVIDIA,2016.0,4096.0,GDDR5,128.0,928.0,1752.0,112.1,14.0,3.0,Unknown,768.0,1392.0,GTX,1050.0,Yes,No
Consolidated,GTX 1050 TI,32000.0,GALAX,4.0,NVIDIA,NVIDIA,2016.0,4096.0,GDDR5,128.0,928.0,1752.0,112.1,14.0,3.0,Unknown,768.0,1392.0,GTX,1050.0,Yes,No
Consolidated,GTX 1050 TI,31900.0,GIGABYTE,4.0,NVIDIA,NVIDIA,2016.0,4096.0,GDDR5,128.0,928.0,1752.0,112.1,14.0,3.0,Unknown,768.0,1392.0,GTX,1050.0,Yes,No
Consolidated,GTX 1050 TI,35000.0,GIGABYTE,4.0,NVIDIA,NVIDIA,2016.0,4096.0,GDDR5,128.0,928.0,1752.0,112.1,14.0,3.0,Unknown,768.0,1392.0,GTX,1050.0,Yes,No
Consolidated,GTX 1050 TI,25500.0,MSI,4.0,NVIDIA,NVIDIA,2016.0,4096.0,GDDR5,128.0,928.0,1752.0,112.1,14.0,3.0,Unknown,768.0,1392.0,GTX,1050.0,Yes,No
Consolidated,GTX 1050 TI,33000.0,MSI,4.0,NVIDIA,NVIDIA,2016.0,4096.0,GDDR5,128.0,928.0,1752.0,112.1,14.0,3.0,Unknown,768.0,1392.0,GTX,1050.0,Yes,No
Consolidated,GTX 1050 TI,25000.0,NVIDIA,4.0,NVIDIA,NVIDIA,2016.0,4096.0,GDDR5,128.0,928.0,1752.0,112.1,14.0,3.0,Unknown,768.0,1392.0,GTX,1050.0,Yes,No
Consolidated,GTX 1050 TI,33000.0,NVIDIA,4.0,NVIDIA,NVIDIA,2016.0,4096.0,GDDR5,128.0,928.0,1752.0,112.1,14.0,3.0,Unknown,768.0,1392.0,GTX,1050.0,Yes,No
Consolidated,GTX 1050 TI,32500.0,NVIDIA,4.0,NVIDIA,NVIDIA,2016.0,4096.0,GDDR5,128.0,928.0,1752.0,112.1,14.0,3.0,Unknown,768.0,1392.0,GTX,1050.0,Yes,No
Consolidated,GTX 1050 TI,30000.0,NVIDIA,4.0,NVIDIA,NVIDIA,2016.0,4096.0,GDDR5,128.0,928.0,1752.0,112.1,14.0,3.0,Unknown,768.0,1392.0,GTX,1050.0,Yes,No
Consolidated,GTX 1050 TI,32000.0,PALIT,4.0,NVIDIA,NVIDIA,2016.0,4096.0,GDDR5,128.0,928.0,1752.0,112.1,14.0,3.0,Unknown,768.0,1392.0,GTX,1050.0,Yes,No
Consolidated,GTX 1050 TI,32500.0,ZOTAC,4.0,NVIDIA,NVIDIA,2016.0,4096.0,GDDR5,128.0,928.0,1752.0,112.1,14.0,3.0,Unknown,768.0,1392.0,GTX,1050.0,Yes,No
Consolidated,GTX 1050 TI,30000.0,ZOTAC,4.0,NVIDIA,NVIDIA,2016.0,4096.0,GDDR5,128.0,928.0,1752.0,112.1,14.0,3.0,Unknown,768.0,1392.0,GTX,1050.0,Yes,No
Consolidated,GTX 1060,34500.0,ASUS,3.0,NVIDIA,NVIDIA,2017.0,5120.0,GDDR5,160.0,928.0,2002.0,160.2,16.0,4.0,1x 6-pin,1280.0,1709.0,GTX,1060.0,No,No
Consolidated,GTX 1060,25000.0,ASUS,3.0,NVIDIA,NVIDIA,2017.0,5120.0,GDDR5,160.0,928.0,2002.0,160.2,16.0,4.0,1x 6-pin,1280.0,1709.0,GTX,1060.0,No,No
Consolidated,GTX 1060,27500.0,ASUS,3.0,NVIDIA,NVIDIA,2017.0,5120.0,GDDR5,160.0,928.0,2002.0,160.2,16.0,4.0,1x 6-pin,1280.0,1709.0,GTX,1060.0,No,No
Consolidated,GTX 1060,45000.0,ASUS,6.0,NVIDIA,NVIDIA,2017.0,5120.0,GDDR5,160.0,928.0,2002.0,160.2,16.0,4.0,1x 6-pin,1280.0,1709.0,GTX,1060.0,No,No
Consolidated,GTX 1060,32000.0,ASUS,3.0,NVIDIA,NVIDIA,2017.0,5120.0,GDDR5,160.0,928.0,2002.0,160.2,16.0,4.0,1x 6-pin,1280.0,1709.0,GTX,1060.0,No,No
Consolidated,GTX 1060,40000.0,ASUS,6.0,NVIDIA,NVIDIA,2017.0,5120.0,GDDR5,160.0,928.0,2002.0,160.2,16.0,4.0,1x 6-pin,1280.0,1709.0,GTX,1060.0,No,No
Consolidated,GTX 1060,39000.0,ASUS,6.0,NVIDIA,NVIDIA,2017.0,5120.0,GDDR5,160.0,928.0,2002.0,160.2,16.0,4.0,1x 6-pin,1280.0,1709.0,GTX,1060.0,No,No
Consolidated,GTX 1060,32500.0,ASUS,3.0,NVIDIA,NVIDIA,2017.0,5120.0,GDDR5,160.0,928.0,2002.0,160.2,16.0,4.0,1x 6-pin,1280.0,1709.0,GTX,1060.0,No,No
Consolidated,GTX 1060,27000.0,EMTEK,3.0,NVIDIA,NVIDIA,2017.0,5120.0,GDDR5,160.0,928.0,2002.0,160.2,16.0,4.0,1x 6-pin,1280.0,1709.0,GTX,1060.0,No,No
Consolidated,GTX 1060,32500.0,EMTEK,3.0,NVIDIA,NVIDIA,2017.0,5120.0,GDDR5,160.0,928.0,2002.0,160.2,16.0,4.0,1x 6-pin,1280.0,1709.0,GTX,1060.0,No,No
Consolidated,GTX 1060,40000.0,EMTEK,6.0,NVIDIA,NVIDIA,2017.0,5120.0,GDDR5,160.0,928.0,2002.0,160.2,16.0,4.0,1x 6-pin,1280.0,1709.0,GTX,1060.0,No,No
Consolidated,GTX 1060,32000.0,GALAX,6.0,NVIDIA,NVIDIA,2017.0,5120.0,GDDR5,160.0,928.0,2002.0,160.2,16.0,4.0,1x 6-pin,1280.0,1709.0,GTX,1060.0,No,No
Consolidated,GTX 1060,33000.0,GALAX,3.0,NVIDIA,NVIDIA,2017.0,5120.0,GDDR5,160.0,928.0,2002.0,160.2,16.0,4.0,1x 6-pin,1280.0,1709.0,GTX,1060.0,No,No
Consolidated,GTX 1060,45000.0,GALAX,6.0,NVIDIA,NVIDIA,2017.0,5120.0,GDDR5,160.0,928.0,2002.0,160.2,16.0,4.0,1x 6-pin,1280.0,1709.0,GTX,1060.0,No,No
Consolidated,GTX 1060,29000.0,GIGABYTE,5.0,NVIDIA,NVIDIA,2017.0,5120.0,GDDR5,160.0,928.0,2002.0,160.2,16.0,4.0,1x 6-pin,1280.0,1709.0,GTX,1060.0,No,No
Consolidated,GTX 1060,50000.0,GIGABYTE,6.0,NVIDIA,NVIDIA,2017.0,5120.0,GDDR5,160.0,928.0,2002.0,160.2,16.0,4.0,1x 6-pin,1280.0,1709.0,GTX,1060.0,No,No
Consolidated,GTX 1060,44500.0,GIGABYTE,6.0,NVIDIA,NVIDIA,2017.0,5120.0,GDDR5,160.0,928.0,2002.0,160.2,16.0,4.0,1x 6-pin,1280.0,1709.0,GTX,1060.0,No,No
Consolidated,GTX 1060,45000.0,GIGABYTE,6.0,NVIDIA,NVIDIA,2017.0,5120.0,GDDR5,160.0,928.0,2002.0,160.2,16.0,4.0,1x 6-pin,1280.0,1709.0,GTX,1060.0,No,No
Consolidated,GTX 1060,34000.0,GIGABYTE,3.0,NVIDIA,NVIDIA,2017.0,5120.0,GDDR5,160.0,928.0,2002.0,160.2,16.0,4.0,1x 6-pin,1280.0,1709.0,GTX,1060.0,No,No
Consolidated,GTX 1060,43500.0,MSI,6.0,NVIDIA,NVIDIA,2017.0,5120.0,GDDR5,160.0,928.0,2002.0,160.2,16.0,4.0,1x 6-pin,1280.0,1709.0,GTX,1060.0,No,No
Consolidated,GTX 1060,43500.0,MSI,6.0,NVIDIA,NVIDIA,2017.0,5120.0,GDDR5,160.0,928.0,2002.0,160.2,16.0,4.0,1x 6-pin,1280.0,1709.0,GTX,1060.0,No,No
Consolidated,GTX 1060,43500.0,MSI,6.0,NVIDIA,NVIDIA,2017.0,5120.0,GDDR5,160.0,928.0,2002.0,160.2,16.0,4.0,1x 6-pin,1280.0,1709.0,GTX,1060.0,No,No
Consolidated,GTX 1060,32000.0,MSI,3.0,NVIDIA,NVIDIA,2017.0,5120.0,GDDR5,160.0,928.0,2002.0,160.2,16.0,4.0,1x 6-pin,1280.0,1709.0,GTX,1060.0,No,No
Consolidated,GTX 1060,33000.0,MSI,3.0,NVIDIA,NVIDIA,2017.0,5120.0,GDDR5,160.0,928.0,2002.0,160.2,16.0,4.0,1x 6-pin,1280.0,1709.0,GTX,1060.0,No,No
Consolidated,GTX 1060,45000.0,MSI,6.0,NVIDIA,NVIDIA,2017.0,5120.0,GDDR5,160.0,928.0,2002.0,160.2,16.0,4.0,1x 6-pin,1280.0,1709.0,GTX,1060.0,No,No
Consolidated,GTX 1060,39500.0,MSI,6.0,NVIDIA,NVIDIA,2017.0,5120.0,GDDR5,160.0,928.0,2002.0,160.2,16.0,4.0,1x 6-pin,1280.0,1709.0,GTX,1060.0,No,No
Consolidated,GTX 1060,43500.0,MSI,6.0,NVIDIA,NVIDIA,2017.0,5120.0,GDDR5,160.0,928.0,2002.0,160.2,16.0,4.0,1x 6-pin,1280.0,1709.0,GTX,1060.0,No,No
Consolidated,GTX 1060,26000.0,NVIDIA,3.0,NVIDIA,NVIDIA,2017.0,5120.0,GDDR5,160.0,928.0,2002.0,160.2,16.0,4.0,1x 6-pin,1280.0,1709.0,GTX,1060.0,No,No
Consolidated,GTX 1060,29800.0,NVIDIA,3.0,NVIDIA,NVIDIA,2017.0,5120.0,GDDR5,160.0,928.0,2002.0,160.2,16.0,4.0,1x 6-pin,1280.0,1709.0,GTX,1060.0,No,No
Consolidated,GTX 1060,41000.0,NVIDIA,6.0,NVIDIA,NVIDIA,2017.0,5120.0,GDDR5,160.0,928.0,2002.0,160.2,16.0,4.0,1x 6-pin,1280.0,1709.0,GTX,1060.0,No,No
Consolidated,GTX 1060,32500.0,NVIDIA,6.0,NVIDIA,NVIDIA,2017.0,5120.0,GDDR5,160.0,928.0,2002.0,160.2,16.0,4.0,1x 6-pin,1280.0,1709.0,GTX,1060.0,No,No
Consolidated,GTX 1060,26000.0,NVIDIA,3.0,NVIDIA,NVIDIA,2017.0,5120.0,GDDR5,160.0,928.0,2002.0,160.2,16.0,4.0,1x 6-pin,1280.0,1709.0,GTX,1060.0,No,No
Consolidated,GTX 1060,34500.0,NVIDIA,3.0,NVIDIA,NVIDIA,2017.0,5120.0,GDDR5,160.0,928.0,2002.0,160.2,16.0,4.0,1x 6-pin,1280.0,1709.0,GTX,1060.0,No,No
Consolidated,GTX 1060,26000.0,NVIDIA,3.0,NVIDIA,NVIDIA,2017.0,5120.0,GDDR5,160.0,928.0,2002.0,160.2,16.0,4.0,1x 6-pin,1280.0,1709.0,GTX,1060.0,No,No
Consolidated,GTX 1060,29800.0,NVIDIA,3.0,NVIDIA,NVIDIA,2017.0,5120.0,GDDR5,160.0,928.0,2002.0,160.2,16.0,4.0,1x 6-pin,1280.0,1709.0,GTX,1060.0,No,No
Consolidated,GTX 1060,32500.0,NVIDIA,3.0,NVIDIA,NVIDIA,2017.0,5120.0,GDDR5,160.0,928.0,2002.0,160.2,16.0,4.0,1x 6-pin,1280.0,1709.0,GTX,1060.0,No,No
Consolidated,GTX 1060,45000.0,NVIDIA,6.0,NVIDIA,NVIDIA,2017.0,5120.0,GDDR5,160.0,928.0,2002.0,160.2,16.0,4.0,1x 6-pin,1280.0,1709.0,GTX,1060.0,No,No
Consolidated,GTX 1060,34500.0,NVIDIA,3.0,NVIDIA,NVIDIA,2017.0,5120.0,GDDR5,160.0,928.0,2002.0,160.2,16.0,4.0,1x 6-pin,1280.0,1709.0,GTX,1060.0,No,No
Consolidated,GTX 1060,36000.0,NVIDIA,6.0,NVIDIA,NVIDIA,2017.0,5120.0,GDDR5,160.0,928.0,2002.0,160.2,16.0,4.0,1x 6-pin,1280.0,1709.0,GTX,1060.0,No,No
Consolidated,GTX 1060,32500.0,NVIDIA,3.0,NVIDIA,NVIDIA,2017.0,5120.0,GDDR5,160.0,928.0,2002.0,160.2,16.0,4.0,1x 6-pin,1280.0,1709.0,GTX,1060.0,No,No
Consolidated,GTX 1060,34500.0,NVIDIA,3.0,NVIDIA,NVIDIA,2017.0,5120.0,GDDR5,160.0,928.0,2002.0,160.2,16.0,4.0,1x 6-pin,1280.0,1709.0,GTX,1060.0,No,No
Consolidated,GTX 1060,38000.0,NVIDIA,6.0,NVIDIA,NVIDIA,2017.0,5120.0,GDDR5,160.0,928.0,2002.0,160.2,16.0,4.0,1x 6-pin,1280.0,1709.0,GTX,1060.0,No,No
Consolidated,GTX 1060,32500.0,NVIDIA,3.0,NVIDIA,NVIDIA,2017.0,5120.0,GDDR5,160.0,928.0,2002.0,160.2,16.0,4.0,1x 6-pin,1280.0,1709.0,GTX,1060.0,No,No
Consolidated,GTX 1060,40000.0,NVIDIA,6.0,NVIDIA,NVIDIA,2017.0,5120.0,GDDR5,160.0,928.0,2002.0,160.2,16.0,4.0,1x 6-pin,1280.0,1709.0,GTX,1060.0,No,No
Consolidated,GTX 1060,39500.0,PALIT,6.0,NVIDIA,NVIDIA,2017.0,5120.0,GDDR5,160.0,928.0,2002.0,160.2,16.0,4.0,1x 6-pin,1280.0,1709.0,GTX,1060.0,No,No
Consolidated,GTX 1060,38000.0,PALIT,6.0,NVIDIA,NVIDIA,2017.0,5120.0,GDDR5,160.0,928.0,2002.0,160.2,16.0,4.0,1x 6-pin,1280.0,1709.0,GTX,1060.0,No,No
Consolidated,GTX 1060,40500.0,ZOTAC,6.0,NVIDIA,NVIDIA,2017.0,5120.0,GDDR5,160.0,928.0,2002.0,160.2,16.0,4.0,1x 6-pin,1280.0,1709.0,GTX,1060.0,No,No
Consolidated,GTX 1060,42000.0,ZOTAC,6.0,NVIDIA,NVIDIA,2017.0,5120.0,GDDR5,160.0,928.0,2002.0,160.2,16.0,4.0,1x 6-pin,1280.0,1709.0,GTX,1060.0,No,No
Consolidated,GTX 1060,43500.0,ZOTAC,6.0,NVIDIA,NVIDIA,2017.0,5120.0,GDDR5,160.0,928.0,2002.0,160.2,16.0,4.0,1x 6-pin,1280.0,1709.0,GTX,1060.0,No,No
Consolidated,GTX 1070,48000.0,ASUS,8.0,NVIDIA,NVIDIA,2016.0,8192.0,GDDR5,256.0,928.0,2002.0,256.3,16.0,7.0,1x 8-pin,1920.0,1683.0,GTX,1070.0,No,No
Consolidated,GTX 1070,45000.0,ASUS,8.0,NVIDIA,NVIDIA,2016.0,8192.0,GDDR5,256.0,928.0,2002.0,256.3,16.0,7.0,1x 8-pin,1920.0,1683.0,GTX,1070.0,No,No
Consolidated,GTX 1070,48000.0,ASUS,8.0,NVIDIA,NVIDIA,2016.0,8192.0,GDDR5,256.0,928.0,2002.0,256.3,16.0,7.0,1x 8-pin,1920.0,1683.0,GTX,1070.0,No,No
Consolidated,GTX 1070,42000.0,GALAX,8.0,NVIDIA,NVIDIA,2016.0,8192.0,GDDR5,256.0,928.0,2002.0,256.3,16.0,7.0,1x 8-pin,1920.0,1683.0,GTX,1070.0,No,No
Consolidated,GTX 1070,45000.0,GIGABYTE,8.0,NVIDIA,NVIDIA,2016.0,8192.0,GDDR5,256.0,928.0,2002.0,256.3,16.0,7.0,1x 8-pin,1920.0,1683.0,GTX,1070.0,No,No
Consolidated,GTX 1070,46500.0,MSI,8.0,NVIDIA,NVIDIA,2016.0,8192.0,GDDR5,256.0,928.0,2002.0,256.3,16.0,7.0,1x 8-pin,1920.0,1683.0,GTX,1070.0,No,No
Consolidated,GTX 1070,45000.0,MSI,8.0,NVIDIA,NVIDIA,2016.0,8192.0,GDDR5,256.0,928.0,2002.0,256.3,16.0,7.0,1x 8-pin,1920.0,1683.0,GTX,1070.0,No,No
Consolidated,GTX 1070,46000.0,MSI,8.0,NVIDIA,NVIDIA,2016.0,8192.0,GDDR5,256.0,928.0,2002.0,256.3,16.0,7.0,1x 8-pin,1920.0,1683.0,GTX,1070.0,No,No
Consolidated,GTX 1070,47500.0,MSI,8.0,NVIDIA,NVIDIA,2016.0,8192.0,GDDR5,256.0,928.0,2002.0,256.3,16.0,7.0,1x 8-pin,1920.0,1683.0,GTX,1070.0,No,No
Consolidated,GTX 1070,40000.0,NVIDIA,8.0,NVIDIA,NVIDIA,2016.0,8192.0,GDDR5,256.0,928.0,2002.0,256.3,16.0,7.0,1x 8-pin,1920.0,1683.0,GTX,1070.0,No,No
Consolidated,GTX 1070,39000.0,NVIDIA,8.0,NVIDIA,NVIDIA,2016.0,8192.0,GDDR5,256.0,928.0,2002.0,256.3,16.0,7.0,1x 8-pin,1920.0,1683.0,GTX,1070.0,No,No
Consolidated,GTX 1070,42000.0,NVIDIA,8.0,NVIDIA,NVIDIA,2016.0,8192.0,GDDR5,256.0,928.0,2002.0,256.3,16.0,7.0,1x 8-pin,1920.0,1683.0,GTX,1070.0,No,No
Consolidated,GTX 1070,49999.0,NVIDIA,8.0,NVIDIA,NVIDIA,2016.0,8192.0,GDDR5,256.0,928.0,2002.0,256.3,16.0,7.0,1x 8-pin,1920.0,1683.0,GTX,1070.0,No,No
Consolidated,GTX 1070,47000.0,NVIDIA,8.0,NVIDIA,NVIDIA,2016.0,8192.0,GDDR5,256.0,928.0,2002.0,256.3,16.0,7.0,1x 8-pin,1920.0,1683.0,GTX,1070.0,No,No
Consolidated,GTX 1070,46000.0,NVIDIA,8.0,NVIDIA,NVIDIA,2016.0,8192.0,GDDR5,256.0,928.0,2002.0,256.3,16.0,7.0,1x 8-pin,1920.0,1683.0,GTX,1070.0,No,No
Consolidated,GTX 1070,49000.0,NVIDIA,8.0,NVIDIA,NVIDIA,2016.0,8192.0,GDDR5,256.0,928.0,2002.0,256.3,16.0,7.0,1x 8-pin,1920.0,1683.0,GTX,1070.0,No,No
Consolidated,GTX 1070,46000.0,NVIDIA,8.0,NVIDIA,NVIDIA,2016.0,8192.0,GDDR5,256.0,928.0,2002.0,256.3,16.0,7.0,1x 8-pin,1920.0,1683.0,GTX,1070.0,No,No
Consolidated,GTX 1070,47500.0,NVIDIA,8.0,NVIDIA,NVIDIA,2016.0,8192.0,GDDR5,256.0,928.0,2002.0,256.3,16.0,7.0,1x 8-pin,1920.0,1683.0,GTX,1070.0,No,No
Consolidated,GTX 1070,44000.0,PALIT,8.0,NVIDIA,NVIDIA,2016.0,8192.0,GDDR5,256.0,928.0,2002.0,256.3,16.0,7.0,1x 8-pin,1920.0,1683.0,GTX,1070.0,No,No
Consolidated,GTX 1070,49000.0,PALIT,8.0,NVIDIA,NVIDIA,2016.0,8192.0,GDDR5,256.0,928.0,2002.0,256.3,16.0,7.0,1x 8-pin,1920.0,1683.0,GTX,1070.0,No,No
Consolidated,GTX 1070,48000.0,ZOTAC,8.0,NVIDIA,NVIDIA,2016.0,8192.0,GDDR5,256.0,928.0,2002.0,256.3,16.0,7.0,1x 8-pin,1920.0,1683.0,GTX,1070.0,No,No
Consolidated,GTX 1070 TI,48000.0,ASUS,8.0,NVIDIA,NVIDIA,2017.0,8192.0,GDDR5,256.0,928.0,2002.0,256.3,16.0,7.0,1x 8-pin,2432.0,1683.0,GTX,1070.0,Yes,No
Consolidated,GTX 1070 TI,47000.0,EMTEK,8.0,NVIDIA,NVIDIA,2017.0,8192.0,GDDR5,256.0,928.0,2002.0,256.3,16.0,7.0,1x 8-pin,2432.0,1683.0,GTX,1070.0,Yes,No
Consolidated,GTX 1070 TI,55000.0,GIGABYTE,8.0,NVIDIA,NVIDIA,2017.0,8192.0,GDDR5,256.0,928.0,2002.0,256.3,16.0,7.0,1x 8-pin,2432.0,1683.0,GTX,1070.0,Yes,No
Consolidated,GTX 1070 TI,52000.0,MSI,8.0,NVIDIA,NVIDIA,2017.0,8192.0,GDDR5,256.0,928.0,2002.0,256.3,16.0,7.0,1x 8-pin,2432.0,1683.0,GTX,1070.0,Yes,No
Consolidated,GTX 1070 TI,48000.0,NVIDIA,8.0,NVIDIA,NVIDIA,2017.0,8192.0,GDDR5,256.0,928.0,2002.0,256.3,16.0,7.0,1x 8-pin,2432.0,1683.0,GTX,1070.0,Yes,No
Consolidated,GTX 1070 TI,55000.0,NVIDIA,8.0,NVIDIA,NVIDIA,2017.0,8192.0,GDDR5,256.0,928.0,2002.0,256.3,16.0,7.0,1x 8-pin,2432.0,1683.0,GTX,1070.0,Yes,No
Consolidated,GTX 1070 TI,49000.0,NVIDIA,8.0,NVIDIA,NVIDIA,2017.0,8192.0,GDDR5,256.0,928.0,2002.0,256.3,16.0,7.0,1x 8-pin,2432.0,1683.0,GTX,1070.0,Yes,No
Consolidated,GTX 1070 TI,49500.0,PALIT,8.0,NVIDIA,NVIDIA,2017.0,8192.0,GDDR5,256.0,928.0,2002.0,256.3,16.0,7.0,1x 8-pin,2432.0,1683.0,GTX,1070.0,Yes,No
Consolidated,GTX 1070 TI,49500.0,ZOTAC,8.0,NVIDIA,NVIDIA,2017.0,8192.0,GDDR5,256.0,928.0,2002.0,256.3,16.0,7.0,1x 8-pin,2432.0,1683.0,GTX,1070.0,Yes,No
Consolidated,GTX 1080,58000.0,ASUS,8.0,NVIDIA,NVIDIA,2016.0,8192.0,GDDR5X,256.0,928.0,1251.0,320.3,16.0,7.0,1x 8-pin,2560.0,1733.0,GTX,1080.0,No,No
Consolidated,GTX 1080,51000.0,ASUS,8.0,NVIDIA,NVIDIA,2016.0,8192.0,GDDR5X,256.0,928.0,1251.0,320.3,16.0,7.0,1x 8-pin,2560.0,1733.0,GTX,1080.0,No,No
Consolidated,GTX 1080,55000.0,GALAX,8.0,NVIDIA,NVIDIA,2016.0,8192.0,GDDR5X,256.0,928.0,1251.0,320.3,16.0,7.0,1x 8-pin,2560.0,1733.0,GTX,1080.0,No,No
Consolidated,GTX 1080,58000.0,MSI,8.0,NVIDIA,NVIDIA,2016.0,8192.0,GDDR5X,256.0,928.0,1251.0,320.3,16.0,7.0,1x 8-pin,2560.0,1733.0,GTX,1080.0,No,No
Consolidated,GTX 1080,52000.0,MSI,8.0,NVIDIA,NVIDIA,2016.0,8192.0,GDDR5X,256.0,928.0,1251.0,320.3,16.0,7.0,1x 8-pin,2560.0,1733.0,GTX,1080.0,No,No
Consolidated,GTX 1080,58000.0,MSI,8.0,NVIDIA,NVIDIA,2016.0,8192.0,GDDR5X,256.0,928.0,1251.0,320.3,16.0,7.0,1x 8-pin,2560.0,1733.0,GTX,1080.0,No,No
Consolidated,GTX 1080,46500.0,NVIDIA,8.0,NVIDIA,NVIDIA,2016.0,8192.0,GDDR5X,256.0,928.0,1251.0,320.3,16.0,7.0,1x 8-pin,2560.0,1733.0,GTX,1080.0,No,No
Consolidated,GTX 1080,49000.0,NVIDIA,8.0,NVIDIA,NVIDIA,2016.0,8192.0,GDDR5X,256.0,928.0,1251.0,320.3,16.0,7.0,1x 8-pin,2560.0,1733.0,GTX,1080.0,No,No
Consolidated,GTX 1080,49500.0,NVIDIA,8.0,NVIDIA,NVIDIA,2016.0,8192.0,GDDR5X,256.0,928.0,1251.0,320.3,16.0,7.0,1x 8-pin,2560.0,1733.0,GTX,1080.0,No,No
Consolidated,GTX 1080,52000.0,PALIT,8.0,NVIDIA,NVIDIA,2016.0,8192.0,GDDR5X,256.0,928.0,1251.0,320.3,16.0,7.0,1x 8-pin,2560.0,1733.0,GTX,1080.0,No,No
Consolidated,GTX 1080,55000.0,PALIT,8.0,NVIDIA,NVIDIA,2016.0,8192.0,GDDR5X,256.0,928.0,1251.0,320.3,16.0,7.0,1x 8-pin,2560.0,1733.0,GTX,1080.0,No,No
Consolidated,GTX 1080,53000.0,ZOTAC,8.0,NVIDIA,NVIDIA,2016.0,8192.0,GDDR5X,256.0,928.0,1251.0,320.3,16.0,7.0,1x 8-pin,2560.0,1733.0,GTX,1080.0,No,No
Consolidated,GTX 1080 TI,65000.0,ASUS,8.0,NVIDIA,NVIDIA,2017.0,11264.0,GDDR5X,352.0,928.0,1376.0,484.4,16.0,11.0,1x 6-pin + 1x 8-pin,3584.0,1582.0,GTX,1080.0,Yes,No
Consolidated,GTX 1080 TI,65000.0,GIGABYTE,11.0,NVIDIA,NVIDIA,2017.0,11264.0,GDDR5X,352.0,928.0,1376.0,484.4,16.0,11.0,1x 6-pin + 1x 8-pin,3584.0,1582.0,GTX,1080.0,Yes,No
Consolidated,GTX 1080 TI,70000.0,MSI,11.0,NVIDIA,NVIDIA,2017.0,11264.0,GDDR5X,352.0,928.0,1376.0,484.4,16.0,11.0,1x 6-pin + 1x 8-pin,3584.0,1582.0,GTX,1080.0,Yes,No
Consolidated,GTX 1080 TI,68000.0,MSI,11.0,NVIDIA,NVIDIA,2017.0,11264.0,GDDR5X,352.0,928.0,1376.0,484.4,16.0,11.0,1x 6-pin + 1x 8-pin,3584.0,1582.0,GTX,1080.0,Yes,No
Consolidated,GTX 1080 TI,69000.0,MSI,11.0,NVIDIA,NVIDIA,2017.0,11264.0,GDDR5X,352.0,928.0,1376.0,484.4,16.0,11.0,1x 6-pin + 1x 8-pin,3584.0,1582.0,GTX,1080.0,Yes,No
Consolidated,GTX 1080 TI,68000.0,MSI,11.0,NVIDIA,NVIDIA,2017.0,11264.0,GDDR5X,352.0,928.0,1376.0,484.4,16.0,11.0,1x 6-pin + 1x 8-pin,3584.0,1582.0,GTX,1080.0,Yes,No
Consolidated,GTX 1080 TI,58000.0,NVIDIA,11.0,NVIDIA,NVIDIA,2017.0,11264.0,GDDR5X,352.0,928.0,1376.0,484.4,16.0,11.0,1x 6-pin + 1x 8-pin,3584.0,1582.0,GTX,1080.0,Yes,No
Consolidated,GTX 1080 TI,68000.0,NVIDIA,11.0,NVIDIA,NVIDIA,2017.0,11264.0,GDDR5X,352.0,928.0,1376.0,484.4,16.0,11.0,1x 6-pin + 1x 8-pin,3584.0,1582.0,GTX,1080.0,Yes,No
Consolidated,GTX 1080 TI,68000.0,PALIT,11.0,NVIDIA,NVIDIA,2017.0,11264.0,GDDR5X,352.0,928.0,1376.0,484.4,16.0,11.0,1x 6-pin + 1x 8-pin,3584.0,1582.0,GTX,1080.0,Yes,No
Consolidated,GTX 1080 TI,69000.0,ZOTAC,11.0,NVIDIA,NVIDIA,2017.0,11264.0,GDDR5X,352.0,928.0,1376.0,484.4,16.0,11.0,1x 6-pin + 1x 8-pin,3584.0,1582.0,GTX,1080.0,Yes,No
Consolidated,GTX 1630,34000.0,ZOTAC,4.0,NVIDIA,NVIDIA,2022.0,4096.0,GDDR6,64.0,928.0,1500.0,96.0,12.0,4.0,Unknown,512.0,1785.0,GTX,1630.0,No,No
Consolidated,GTX 1650,42000.0,ASUS,4.0,NVIDIA,NVIDIA,2019.0,4096.0,GDDR5,128.0,928.0,2001.0,128.1,12.0,4.0,Unknown,896.0,1665.0,GTX,1650.0,No,No
Consolidated,GTX 1650,39500.0,ASUS,4.0,NVIDIA,NVIDIA,2019.0,4096.0,GDDR5,128.0,928.0,2001.0,128.1,12.0,4.0,Unknown,896.0,1665.0,GTX,1650.0,No,No
Consolidated,GTX 1650,40000.0,ASUS,4.0,NVIDIA,NVIDIA,2019.0,4096.0,GDDR5,128.0,928.0,2001.0,128.1,12.0,4.0,Unknown,896.0,1665.0,GTX,1650.0,No,No
Consolidated,GTX 1650,37500.0,GALAX,4.0,NVIDIA,NVIDIA,2019.0,4096.0,GDDR5,128.0,928.0,2001.0,128.1,12.0,4.0,Unknown,896.0,1665.0,GTX,1650.0,No,No
Consolidated,GTX 1650,37000.0,GALAX,4.0,NVIDIA,NVIDIA,2019.0,4096.0,GDDR5,128.0,928.0,2001.0,128.1,12.0,4.0,Unknown,896.0,1665.0,GTX,1650.0,No,No
Consolidated,GTX 1650,32000.0,MSI,4.0,NVIDIA,NVIDIA,2019.0,4096.0,GDDR5,128.0,928.0,2001.0,128.1,12.0,4.0,Unknown,896.0,1665.0,GTX,1650.0,No,No
Consolidated,GTX 1650,32000.0,MSI,4.0,NVIDIA,NVIDIA,2019.0,4096.0,GDDR5,128.0,928.0,2001.0,128.1,12.0,4.0,Unknown,896.0,1665.0,GTX,1650.0,No,No
Consolidated,GTX 1650,35000.0,MSI,4.0,NVIDIA,NVIDIA,2019.0,4096.0,GDDR5,128.0,928.0,2001.0,128.1,12.0,4.0,Unknown,896.0,1665.0,GTX,1650.0,No,No
Consolidated,GTX 1650,35000.0,MSI,4.0,NVIDIA,NVIDIA,2019.0,4096.0,GDDR5,128.0,928.0,2001.0,128.1,12.0,4.0,Unknown,896.0,1665.0,GTX,1650.0,No,No
Consolidated,GTX 1650,37000.0,MSI,4.0,NVIDIA,NVIDIA,2019.0,4096.0,GDDR5,128.0,928.0,2001.0,128.1,12.0,4.0,Unknown,896.0,1665.0,GTX,1650.0,No,No
Consolidated,GTX 1650,35000.0,NVIDIA,4.0,NVIDIA,NVIDIA,2019.0,4096.0,GDDR5,128.0,928.0,2001.0,128.1,12.0,4.0,Unknown,896.0,1665.0,GTX,1650.0,No,No
Consolidated,GTX 1650,39500.0,NVIDIA,4.0,NVIDIA,NVIDIA,2019.0,4096.0,GDDR5,128.0,928.0,2001.0,128.1,12.0,4.0,Unknown,896.0,1665.0,GTX,1650.0,No,No
Consolidated,GTX 1650,37000.0,NVIDIA,4.0,NVIDIA,NVIDIA,2019.0,4096.0,GDDR5,128.0,928.0,2001.0,128.1,12.0,4.0,Unknown,896.0,1665.0,GTX,1650.0,No,No
Consolidated,GTX 1650,40000.0,ZOTAC,4.0,NVIDIA,NVIDIA,2019.0,4096.0,GDDR5,128.0,928.0,2001.0,128.1,12.0,4.0,Unknown,896.0,1665.0,GTX,1650.0,No,No
Consolidated,GTX 1650 SUPER,35500.0,GIGABYTE,4.0,NVIDIA,NVIDIA,2019.0,4096.0,GDDR6,128.0,928.0,1500.0,192.0,12.0,6.0,1x 6-pin,1280.0,1725.0,GTX,1650.0,No,No
Consolidated,GTX 1660,47000.0,ASUS,6.0,NVIDIA,NVIDIA,2019.0,6144.0,GDDR5,192.0,928.0,2001.0,192.1,12.0,6.0,1x 8-pin,1408.0,1785.0,GTX,1660.0,No,No
Consolidated,GTX 1660,46000.0,ASUS,6.0,NVIDIA,NVIDIA,2019.0,6144.0,GDDR5,192.0,928.0,2001.0,192.1,12.0,6.0,1x 8-pin,1408.0,1785.0,GTX,1660.0,No,No
Consolidated,GTX 1660,40000.0,ASUS,6.0,NVIDIA,NVIDIA,2019.0,6144.0,GDDR5,192.0,928.0,2001.0,192.1,12.0,6.0,1x 8-pin,1408.0,1785.0,GTX,1660.0,No,No
Consolidated,GTX 1660,42000.0,GALAX,6.0,NVIDIA,NVIDIA,2019.0,6144.0,GDDR5,192.0,928.0,2001.0,192.1,12.0,6.0,1x 8-pin,1408.0,1785.0,GTX,1660.0,No,No
Consolidated,GTX 1660,52000.0,GALAX,6.0,NVIDIA,NVIDIA,2019.0,6144.0,GDDR5,192.0,928.0,2001.0,192.1,12.0,6.0,1x 8-pin,1408.0,1785.0,GTX,1660.0,No,No
Consolidated,GTX 1660,47000.0,GALAX,6.0,NVIDIA,NVIDIA,2019.0,6144.0,GDDR5,192.0,928.0,2001.0,192.1,12.0,6.0,1x 8-pin,1408.0,1785.0,GTX,1660.0,No,No
Consolidated,GTX 1660,50000.0,GIGABYTE,6.0,NVIDIA,NVIDIA,2019.0,6144.0,GDDR5,192.0,928.0,2001.0,192.1,12.0,6.0,1x 8-pin,1408.0,1785.0,GTX,1660.0,No,No
Consolidated,GTX 1660,49000.0,GIGABYTE,6.0,NVIDIA,NVIDIA,2019.0,6144.0,GDDR5,192.0,928.0,2001.0,192.1,12.0,6.0,1x 8-pin,1408.0,1785.0,GTX,1660.0,No,No
Consolidated,GTX 1660,44000.0,INNO3D,6.0,NVIDIA,NVIDIA,2019.0,6144.0,GDDR5,192.0,928.0,2001.0,192.1,12.0,6.0,1x 8-pin,1408.0,1785.0,GTX,1660.0,No,No
Consolidated,GTX 1660,48000.0,MSI,6.0,NVIDIA,NVIDIA,2019.0,6144.0,GDDR5,192.0,928.0,2001.0,192.1,12.0,6.0,1x 8-pin,1408.0,1785.0,GTX,1660.0,No,No
Consolidated,GTX 1660,44000.0,MSI,6.0,NVIDIA,NVIDIA,2019.0,6144.0,GDDR5,192.0,928.0,2001.0,192.1,12.0,6.0,1x 8-pin,1408.0,1785.0,GTX,1660.0,No,No
Consolidated,GTX 1660,49000.0,MSI,6.0,NVIDIA,NVIDIA,2019.0,6144.0,GDDR5,192.0,928.0,2001.0,192.1,12.0,6.0,1x 8-pin,1408.0,1785.0,GTX,1660.0,No,No
Consolidated,GTX 1660,51000.0,MSI,6.0,NVIDIA,NVIDIA,2019.0,6144.0,GDDR5,192.0,928.0,2001.0,192.1,12.0,6.0,1x 8-pin,1408.0,1785.0,GTX,1660.0,No,No
Consolidated,GTX 1660,49000.0,NVIDIA,6.0,NVIDIA,NVIDIA,2019.0,6144.0,GDDR5,192.0,928.0,2001.0,192.1,12.0,6.0,1x 8-pin,1408.0,1785.0,GTX,1660.0,No,No
Consolidated,GTX 1660,49000.0,NVIDIA,6.0,NVIDIA,NVIDIA,2019.0,6144.0,GDDR5,192.0,928.0,2001.0,192.1,12.0,6.0,1x 8-pin,1408.0,1785.0,GTX,1660.0,No,No
Consolidated,GTX 1660,50000.0,NVIDIA,6.0,NVIDIA,NVIDIA,2019.0,6144.0,GDDR5,192.0,928.0,2001.0,192.1,12.0,6.0,1x 8-pin,1408.0,1785.0,GTX,1660.0,No,No
Consolidated,GTX 1660,50000.0,NVIDIA,6.0,NVIDIA,NVIDIA,2019.0,6144.0,GDDR5,192.0,928.0,2001.0,192.1,12.0,6.0,1x 8-pin,1408.0,1785.0,GTX,1660.0,No,No
Consolidated,GTX 1660,49000.0,NVIDIA,6.0,NVIDIA,NVIDIA,2019.0,6144.0,GDDR5,192.0,928.0,2001.0,192.1,12.0,6.0,1x 8-pin,1408.0,1785.0,GTX,1660.0,No,No
Consolidated,GTX 1660,47000.0,NVIDIA,6.0,NVIDIA,NVIDIA,2019.0,6144.0,GDDR5,192.0,928.0,2001.0,192.1,12.0,6.0,1x 8-pin,1408.0,1785.0,GTX,1660.0,No,No
Consolidated,GTX 1660,47000.0,NVIDIA,6.0,NVIDIA,NVIDIA,2019.0,6144.0,GDDR5,192.0,928.0,2001.0,192.1,12.0,6.0,1x 8-pin,1408.0,1785.0,GTX,1660.0,No,No
Consolidated,GTX 1660,43000.0,PALIT,6.0,NVIDIA,NVIDIA,2019.0,6144.0,GDDR5,192.0,928.0,2001.0,192.1,12.0,6.0,1x 8-pin,1408.0,1785.0,GTX,1660.0,No,No
Consolidated,GTX 1660,49000.0,PALIT,6.0,NVIDIA,NVIDIA,2019.0,6144.0,GDDR5,192.0,928.0,2001.0,192.1,12.0,6.0,1x 8-pin,1408.0,1785.0,GTX,1660.0,No,No
Consolidated,GTX 1660,53000.0,ZOTAC,6.0,NVIDIA,NVIDIA,2019.0,6144.0,GDDR5,192.0,928.0,2001.0,192.1,12.0,6.0,1x 8-pin,1408.0,1785.0,GTX,1660.0,No,No
Consolidated,GTX 1660,50000.0,ZOTAC,6.0,NVIDIA,NVIDIA,2019.0,6144.0,GDDR5,192.0,928.0,2001.0,192.1,12.0,6.0,1x 8-pin,1408.0,1785.0,GTX,1660.0,No,No
Consolidated,GTX 1660,45000.0,ZOTAC,6.0,NVIDIA,NVIDIA,2019.0,6144.0,GDDR5,192.0,928.0,2001.0,192.1,12.0,6.0,1x 8-pin,1408.0,1785.0,GTX,1660.0,No,No
Consolidated,GTX 1660 SUPER,55000.0,ASUS,6.0,NVIDIA,NVIDIA,2019.0,6144.0,GDDR6,192.0,928.0,1750.0,336.0,12.0,6.0,1x 8-pin,1408.0,1785.0,GTX,1660.0,No,No
Consolidated,GTX 1660 SUPER,53000.0,GALAX,6.0,NVIDIA,NVIDIA,2019.0,6144.0,GDDR6,192.0,928.0,1750.0,336.0,12.0,6.0,1x 8-pin,1408.0,1785.0,GTX,1660.0,No,No
Consolidated,GTX 1660 SUPER,55000.0,MSI,6.0,NVIDIA,NVIDIA,2019.0,6144.0,GDDR6,192.0,928.0,1750.0,336.0,12.0,6.0,1x 8-pin,1408.0,1785.0,GTX,1660.0,No,No
Consolidated,GTX 1660 SUPER,49900.0,NVIDIA,6.0,NVIDIA,NVIDIA,2019.0,6144.0,GDDR6,192.0,928.0,1750.0,336.0,12.0,6.0,1x 8-pin,1408.0,1785.0,GTX,1660.0,No,No
Consolidated,GTX 1660 SUPER,49500.0,NVIDIA,6.0,NVIDIA,NVIDIA,2019.0,6144.0,GDDR6,192.0,928.0,1750.0,336.0,12.0,6.0,1x 8-pin,1408.0,1785.0,GTX,1660.0,No,No
Consolidated,GTX 1660 SUPER,47500.0,ZOTAC,6.0,NVIDIA,NVIDIA,2019.0,6144.0,GDDR6,192.0,928.0,1750.0,336.0,12.0,6.0,1x 8-pin,1408.0,1785.0,GTX,1660.0,No,No
Consolidated,GTX 1660 TI,46000.0,ASUS,6.0,NVIDIA,NVIDIA,2019.0,6144.0,GDDR6,192.0,928.0,1500.0,288.0,12.0,6.0,1x 8-pin,1536.0,1770.0,GTX,1660.0,Yes,No
Consolidated,GTX 1660 TI,55000.0,ASUS,6.0,NVIDIA,NVIDIA,2019.0,6144.0,GDDR6,192.0,928.0,1500.0,288.0,12.0,6.0,1x 8-pin,1536.0,1770.0,GTX,1660.0,Yes,No
Consolidated,GTX 1660 TI,55000.0,ASUS,6.0,NVIDIA,NVIDIA,2019.0,6144.0,GDDR6,192.0,928.0,1500.0,288.0,12.0,6.0,1x 8-pin,1536.0,1770.0,GTX,1660.0,Yes,No
Consolidated,GTX 1660 TI,55000.0,ASUS,6.0,NVIDIA,NVIDIA,2019.0,6144.0,GDDR6,192.0,928.0,1500.0,288.0,12.0,6.0,1x 8-pin,1536.0,1770.0,GTX,1660.0,Yes,No
Consolidated,GTX 1660 TI,58000.0,ASUS,6.0,NVIDIA,NVIDIA,2019.0,6144.0,GDDR6,192.0,928.0,1500.0,288.0,12.0,6.0,1x 8-pin,1536.0,1770.0,GTX,1660.0,Yes,No
Consolidated,GTX 1660 TI,49500.0,EVGA,6.0,NVIDIA,NVIDIA,2019.0,6144.0,GDDR6,192.0,928.0,1500.0,288.0,12.0,6.0,1x 8-pin,1536.0,1770.0,GTX,1660.0,Yes,No
Consolidated,GTX 1660 TI,55000.0,GIGABYTE,6.0,NVIDIA,NVIDIA,2019.0,6144.0,GDDR6,192.0,928.0,1500.0,288.0,12.0,6.0,1x 8-pin,1536.0,1770.0,GTX,1660.0,Yes,No
Consolidated,GTX 1660 TI,54500.0,MSI,6.0,NVIDIA,NVIDIA,2019.0,6144.0,GDDR6,192.0,928.0,1500.0,288.0,12.0,6.0,1x 8-pin,1536.0,1770.0,GTX,1660.0,Yes,No
Consolidated,GTX 1660 TI,55000.0,MSI,6.0,NVIDIA,NVIDIA,2019.0,6144.0,GDDR6,192.0,928.0,1500.0,288.0,12.0,6.0,1x 8-pin,1536.0,1770.0,GTX,1660.0,Yes,No
Consolidated,GTX 1660 TI,55000.0,MSI,6.0,NVIDIA,NVIDIA,2019.0,6144.0,GDDR6,192.0,928.0,1500.0,288.0,12.0,6.0,1x 8-pin,1536.0,1770.0,GTX,1660.0,Yes,No
Consolidated,GTX 1660 TI,55000.0,MSI,6.0,NVIDIA,NVIDIA,2019.0,6144.0,GDDR6,192.0,928.0,1500.0,288.0,12.0,6.0,1x 8-pin,1536.0,1770.0,GTX,1660.0,Yes,No
Consolidated,GTX 1660 TI,55000.0,MSI,6.0,NVIDIA,NVIDIA,2019.0,6144.0,GDDR6,192.0,928.0,1500.0,288.0,12.0,6.0,1x 8-pin,1536.0,1770.0,GTX,1660.0,Yes,No
Consolidated,GTX 1660 TI,55000.0,MSI,6.0,NVIDIA,NVIDIA,2019.0,6144.0,GDDR6,192.0,928.0,1500.0,288.0,12.0,6.0,1x 8-pin,1536.0,1770.0,GTX,1660.0,Yes,No
Consolidated,GTX 1660 TI,47000.0,NVIDIA,6.0,NVIDIA,NVIDIA,2019.0,6144.0,GDDR6,192.0,928.0,1500.0,288.0,12.0,6.0,1x 8-pin,1536.0,1770.0,GTX,1660.0,Yes,No
Consolidated,GTX 1660 TI,53000.0,PALIT,6.0,NVIDIA,NVIDIA,2019.0,6144.0,GDDR6,192.0,928.0,1500.0,288.0,12.0,6.0,1x 8-pin,1536.0,1770.0,GTX,1660.0,Yes,No
Consolidated,GTX 1660 TI,53000.0,PALIT,6.0,NVIDIA,NVIDIA,2019.0,6144.0,GDDR6,192.0,928.0,1500.0,288.0,12.0,6.0,1x 8-pin,1536.0,1770.0,GTX,1660.0,Yes,No
Consolidated,GTX 1660 TI,53000.0,ZOTAC,6.0,NVIDIA,NVIDIA,2019.0,6144.0,GDDR6,192.0,928.0,1500.0,288.0,12.0,6.0,1x 8-pin,1536.0,1770.0,GTX,1660.0,Yes,No
Consolidated,GTX 1660 TI,55000.0,ZOTAC,6.0,NVIDIA,NVIDIA,2019.0,6144.0,GDDR6,192.0,928.0,1500.0,288.0,12.0,6.0,1x 8-pin,1536.0,1770.0,GTX,1660.0,Yes,No
Consolidated,GTX 550 TI,8000.0,NVIDIA,2.0,NVIDIA,NVIDIA,2011.0,1024.0,GDDR5,192.0,900.0,1026.0,98.5,40.0,1.0,1x 6-pin,192.0,1620.0,GTX,550.0,Yes,No
Consolidated,GTX 550 TI,6500.0,NVIDIA,5.0,NVIDIA,NVIDIA,2011.0,1024.0,GDDR5,192.0,900.0,1026.0,98.5,40.0,1.0,1x 6-pin,192.0,1620.0,GTX,550.0,Yes,No
Consolidated,GTX 550 TI,6500.0,NVIDIA,1.0,NVIDIA,NVIDIA,2011.0,1024.0,GDDR5,192.0,900.0,1026.0,98.5,40.0,1.0,1x 6-pin,192.0,1620.0,GTX,550.0,Yes,No
Consolidated,GTX 560,5000.0,NVIDIA,1.0,NVIDIA,NVIDIA,2011.0,1024.0,GDDR5,256.0,810.0,1000.0,128.0,40.0,1.0,2x 6-pin,336.0,1620.0,GTX,560.0,No,No
Consolidated,GTX 560,5400.0,NVIDIA,1.0,NVIDIA,NVIDIA,2011.0,1024.0,GDDR5,256.0,810.0,1000.0,128.0,40.0,1.0,2x 6-pin,336.0,1620.0,GTX,560.0,No,No
Consolidated,GTX 560 TI,7600.0,NVIDIA,1.0,NVIDIA,NVIDIA,2011.0,1024.0,GDDR5,256.0,823.0,1002.0,128.3,40.0,1.0,2x 6-pin,384.0,1620.0,GTX,560.0,Yes,No
Consolidated,GTX 650,6900.0,NVIDIA,1.0,NVIDIA,NVIDIA,2013.0,1024.0,GDDR5,128.0,1058.0,1250.0,80.0,28.0,2.0,1x 6-pin,384.0,1620.0,GTX,650.0,No,No
Consolidated,GTX 650,6900.0,NVIDIA,1.0,NVIDIA,NVIDIA,2013.0,1024.0,GDDR5,128.0,1058.0,1250.0,80.0,28.0,2.0,1x 6-pin,384.0,1620.0,GTX,650.0,No,No
Consolidated,GTX 650,8500.0,NVIDIA,1.0,NVIDIA,NVIDIA,2013.0,1024.0,GDDR5,128.0,1058.0,1250.0,80.0,28.0,2.0,1x 6-pin,384.0,1620.0,GTX,650.0,No,No
Consolidated,GTX 650 TI,7900.0,NVIDIA,1.0,NVIDIA,NVIDIA,2012.0,1024.0,GDDR5,128.0,928.0,1350.0,86.4,28.0,2.0,1x 6-pin,768.0,1620.0,GTX,650.0,Yes,No
Consolidated,GTX 650 TI,7900.0,NVIDIA,1.0,NVIDIA,NVIDIA,2012.0,1024.0,GDDR5,128.0,928.0,1350.0,86.4,28.0,2.0,1x 6-pin,768.0,1620.0,GTX,650.0,Yes,No
Consolidated,GTX 650 TI,9000.0,NVIDIA,1.0,NVIDIA,NVIDIA,2012.0,1024.0,GDDR5,128.0,928.0,1350.0,86.4,28.0,2.0,1x 6-pin,768.0,1620.0,GTX,650.0,Yes,No
Consolidated,GTX 660,12900.0,GIGABYTE,2.0,NVIDIA,NVIDIA,2012.0,2048.0,GDDR5,192.0,928.0,1502.0,144.2,28.0,2.0,1x 6-pin,960.0,1032.0,GTX,660.0,No,No
Consolidated,GTX 660,11000.0,MSI,2.0,NVIDIA,NVIDIA,2012.0,2048.0,GDDR5,192.0,928.0,1502.0,144.2,28.0,2.0,1x 6-pin,960.0,1032.0,GTX,660.0,No,No
Consolidated,GTX 660,12000.0,NVIDIA,2.0,NVIDIA,NVIDIA,2012.0,2048.0,GDDR5,192.0,928.0,1502.0,144.2,28.0,2.0,1x 6-pin,960.0,1032.0,GTX,660.0,No,No
Consolidated,GTX 660,10000.0,NVIDIA,2.0,NVIDIA,NVIDIA,2012.0,2048.0,GDDR5,192.0,928.0,1502.0,144.2,28.0,2.0,1x 6-pin,960.0,1032.0,GTX,660.0,No,No
Consolidated,GTX 660,11990.0,NVIDIA,2.0,NVIDIA,NVIDIA,2012.0,2048.0,GDDR5,192.0,928.0,1502.0,144.2,28.0,2.0,1x 6-pin,960.0,1032.0,GTX,660.0,No,No
Consolidated,GTX 660,10500.0,NVIDIA,2.0,NVIDIA,NVIDIA,2012.0,2048.0,GDDR5,192.0,928.0,1502.0,144.2,28.0,2.0,1x 6-pin,960.0,1032.0,GTX,660.0,No,No
Consolidated,GTX 660,11990.0,NVIDIA,2.0,NVIDIA,NVIDIA,2012.0,2048.0,GDDR5,192.0,928.0,1502.0,144.2,28.0,2.0,1x 6-pin,960.0,1032.0,GTX,660.0,No,No
Consolidated,GTX 660,13500.0,NVIDIA,2.0,NVIDIA,NVIDIA,2012.0,2048.0,GDDR5,192.0,928.0,1502.0,144.2,28.0,2.0,1x 6-pin,960.0,1032.0,GTX,660.0,No,No
Consolidated,GTX 660,11000.0,NVIDIA,2.0,NVIDIA,NVIDIA,2012.0,2048.0,GDDR5,192.0,928.0,1502.0,144.2,28.0,2.0,1x 6-pin,960.0,1032.0,GTX,660.0,No,No
Consolidated,GTX 660,11000.0,NVIDIA,2.0,NVIDIA,NVIDIA,2012.0,2048.0,GDDR5,192.0,928.0,1502.0,144.2,28.0,2.0,1x 6-pin,960.0,1032.0,GTX,660.0,No,No
Consolidated,GTX 660,8500.0,NVIDIA,2.0,NVIDIA,NVIDIA,2012.0,2048.0,GDDR5,192.0,928.0,1502.0,144.2,28.0,2.0,1x 6-pin,960.0,1032.0,GTX,660.0,No,No
Consolidated,GTX 660,14000.0,NVIDIA,2.0,NVIDIA,NVIDIA,2012.0,2048.0,GDDR5,192.0,928.0,1502.0,144.2,28.0,2.0,1x 6-pin,960.0,1032.0,GTX,660.0,No,No
Consolidated,GTX 660,13450.0,NVIDIA,2.0,NVIDIA,NVIDIA,2012.0,2048.0,GDDR5,192.0,928.0,1502.0,144.2,28.0,2.0,1x 6-pin,960.0,1032.0,GTX,660.0,No,No
Consolidated,GTX 660,10000.0,NVIDIA,2.0,NVIDIA,NVIDIA,2012.0,2048.0,GDDR5,192.0,928.0,1502.0,144.2,28.0,2.0,1x 6-pin,960.0,1032.0,GTX,660.0,No,No
Consolidated,GTX 660,13450.0,NVIDIA,2.0,NVIDIA,NVIDIA,2012.0,2048.0,GDDR5,192.0,928.0,1502.0,144.2,28.0,2.0,1x 6-pin,960.0,1032.0,GTX,660.0,No,No
Consolidated,GTX 660,11000.0,NVIDIA,2.0,NVIDIA,NVIDIA,2012.0,2048.0,GDDR5,192.0,928.0,1502.0,144.2,28.0,2.0,1x 6-pin,960.0,1032.0,GTX,660.0,No,No
Consolidated,GTX 660,11990.0,NVIDIA,2.0,NVIDIA,NVIDIA,2012.0,2048.0,GDDR5,192.0,928.0,1502.0,144.2,28.0,2.0,1x 6-pin,960.0,1032.0,GTX,660.0,No,No
Consolidated,GTX 660,12000.0,NVIDIA,2.0,NVIDIA,NVIDIA,2012.0,2048.0,GDDR5,192.0,928.0,1502.0,144.2,28.0,2.0,1x 6-pin,960.0,1032.0,GTX,660.0,No,No
Consolidated,GTX 660,11990.0,NVIDIA,2.0,NVIDIA,NVIDIA,2012.0,2048.0,GDDR5,192.0,928.0,1502.0,144.2,28.0,2.0,1x 6-pin,960.0,1032.0,GTX,660.0,No,No
Consolidated,GTX 660,11590.0,NVIDIA,2.0,NVIDIA,NVIDIA,2012.0,2048.0,GDDR5,192.0,928.0,1502.0,144.2,28.0,2.0,1x 6-pin,960.0,1032.0,GTX,660.0,No,No
Consolidated,GTX 660,10500.0,NVIDIA,2.0,NVIDIA,NVIDIA,2012.0,2048.0,GDDR5,192.0,928.0,1502.0,144.2,28.0,2.0,1x 6-pin,960.0,1032.0,GTX,660.0,No,No
Consolidated,GTX 660,13500.0,NVIDIA,2.0,NVIDIA,NVIDIA,2012.0,2048.0,GDDR5,192.0,928.0,1502.0,144.2,28.0,2.0,1x 6-pin,960.0,1032.0,GTX,660.0,No,No
Consolidated,GTX 660,9500.0,NVIDIA,5.0,NVIDIA,NVIDIA,2012.0,2048.0,GDDR5,192.0,928.0,1502.0,144.2,28.0,2.0,1x 6-pin,960.0,1032.0,GTX,660.0,No,No
Consolidated,GTX 660,13500.0,NVIDIA,2.0,NVIDIA,NVIDIA,2012.0,2048.0,GDDR5,192.0,928.0,1502.0,144.2,28.0,2.0,1x 6-pin,960.0,1032.0,GTX,660.0,No,No
Consolidated,GTX 670,15500.0,NVIDIA,2.0,NVIDIA,NVIDIA,2012.0,2048.0,GDDR5,256.0,928.0,1502.0,192.3,28.0,3.0,2x 6-pin,1344.0,980.0,GTX,670.0,No,No
Consolidated,GTX 670,14000.0,NVIDIA,2.0,NVIDIA,NVIDIA,2012.0,2048.0,GDDR5,256.0,928.0,1502.0,192.3,28.0,3.0,2x 6-pin,1344.0,980.0,GTX,670.0,No,No
Consolidated,GTX 750,7000.0,NVIDIA,1.0,NVIDIA,NVIDIA,2014.0,1024.0,GDDR5,128.0,928.0,1253.0,80.19,28.0,1.0,Unknown,512.0,1085.0,GTX,750.0,No,No
Consolidated,GTX 750,10500.0,NVIDIA,1.0,NVIDIA,NVIDIA,2014.0,1024.0,GDDR5,128.0,928.0,1253.0,80.19,28.0,1.0,Unknown,512.0,1085.0,GTX,750.0,No,No
Consolidated,GTX 750,15000.0,NVIDIA,2.0,NVIDIA,NVIDIA,2014.0,1024.0,GDDR5,128.0,928.0,1253.0,80.19,28.0,1.0,Unknown,512.0,1085.0,GTX,750.0,No,No
Consolidated,GTX 750,10500.0,ZOTAC,1.0,NVIDIA,NVIDIA,2014.0,1024.0,GDDR5,128.0,928.0,1253.0,80.19,28.0,1.0,Unknown,512.0,1085.0,GTX,750.0,No,No
Consolidated,GTX 750 TI,7500.0,NVIDIA,1.0,NVIDIA,NVIDIA,2014.0,2048.0,GDDR5,128.0,928.0,1350.0,86.4,28.0,1.0,Unknown,640.0,1085.0,GTX,750.0,Yes,No
Consolidated,GTX 750 TI,14500.0,NVIDIA,2.0,NVIDIA,NVIDIA,2014.0,2048.0,GDDR5,128.0,928.0,1350.0,86.4,28.0,1.0,Unknown,640.0,1085.0,GTX,750.0,Yes,No
Consolidated,GTX 750 TI,15500.0,NVIDIA,2.0,NVIDIA,NVIDIA,2014.0,2048.0,GDDR5,128.0,928.0,1350.0,86.4,28.0,1.0,Unknown,640.0,1085.0,GTX,750.0,Yes,No
Consolidated,GTX 750 TI,9500.0,NVIDIA,1.0,NVIDIA,NVIDIA,2014.0,2048.0,GDDR5,128.0,928.0,1350.0,86.4,28.0,1.0,Unknown,640.0,1085.0,GTX,750.0,Yes,No
Consolidated,GTX 750 TI,15000.0,NVIDIA,2.0,NVIDIA,NVIDIA,2014.0,2048.0,GDDR5,128.0,928.0,1350.0,86.4,28.0,1.0,Unknown,640.0,1085.0,GTX,750.0,Yes,No
Consolidated,GTX 750 TI,11000.0,NVIDIA,2.0,NVIDIA,NVIDIA,2014.0,2048.0,GDDR5,128.0,928.0,1350.0,86.4,28.0,1.0,Unknown,640.0,1085.0,GTX,750.0,Yes,No
Consolidated,GTX 750 TI,14500.0,NVIDIA,2.0,NVIDIA,NVIDIA,2014.0,2048.0,GDDR5,128.0,928.0,1350.0,86.4,28.0,1.0,Unknown,640.0,1085.0,GTX,750.0,Yes,No
Consolidated,GTX 750 TI,15500.0,NVIDIA,2.0,NVIDIA,NVIDIA,2014.0,2048.0,GDDR5,128.0,928.0,1350.0,86.4,28.0,1.0,Unknown,640.0,1085.0,GTX,750.0,Yes,No
Consolidated,GTX 750 TI,15500.0,NVIDIA,2.0,NVIDIA,NVIDIA,2014.0,2048.0,GDDR5,128.0,928.0,1350.0,86.4,28.0,1.0,Unknown,640.0,1085.0,GTX,750.0,Yes,No
Consolidated,GTX 750 TI,9900.0,ZOTAC,2.0,NVIDIA,NVIDIA,2014.0,2048.0,GDDR5,128.0,928.0,1350.0,86.4,28.0,1.0,Unknown,640.0,1085.0,GTX,750.0,Yes,No
Consolidated,GTX 760,14500.0,NVIDIA,2.0,NVIDIA,NVIDIA,2013.0,2048.0,GDDR5,256.0,928.0,1502.0,192.3,28.0,3.0,2x 6-pin,1152.0,1032.0,GTX,760.0,No,No
Consolidated,GTX 760,14500.0,NVIDIA,2.0,NVIDIA,NVIDIA,2013.0,2048.0,GDDR5,256.0,928.0,1502.0,192.3,28.0,3.0,2x 6-pin,1152.0,1032.0,GTX,760.0,No,No
Consolidated,GTX 760,15500.0,NVIDIA,2.0,NVIDIA,NVIDIA,2013.0,2048.0,GDDR5,256.0,928.0,1502.0,192.3,28.0,3.0,2x 6-pin,1152.0,1032.0,GTX,760.0,No,No
Consolidated,GTX 760,15500.0,NVIDIA,2.0,NVIDIA,NVIDIA,2013.0,2048.0,GDDR5,256.0,928.0,1502.0,192.3,28.0,3.0,2x 6-pin,1152.0,1032.0,GTX,760.0,No,No
Consolidated,GTX 770,14000.0,NVIDIA,2.0,NVIDIA,NVIDIA,2013.0,2048.0,GDDR5,256.0,928.0,1753.0,224.4,28.0,3.0,1x 6-pin + 1x 8-pin,1536.0,1085.0,GTX,770.0,No,No
Consolidated,GTX 950,20000.0,ASUS,2.0,NVIDIA,NVIDIA,2015.0,2048.0,GDDR5,128.0,928.0,1653.0,105.8,28.0,2.0,1x 6-pin,768.0,1188.0,GTX,950.0,No,No
Consolidated,GTX 950,17000.0,GALAX,2.0,NVIDIA,NVIDIA,2015.0,2048.0,GDDR5,128.0,928.0,1653.0,105.8,28.0,2.0,1x 6-pin,768.0,1188.0,GTX,950.0,No,No
Consolidated,GTX 950,15000.0,NVIDIA,2.0,NVIDIA,NVIDIA,2015.0,2048.0,GDDR5,128.0,928.0,1653.0,105.8,28.0,2.0,1x 6-pin,768.0,1188.0,GTX,950.0,No,No
Consolidated,GTX 960,25000.0,ASUS,4.0,NVIDIA,NVIDIA,2015.0,2048.0,GDDR5,128.0,928.0,1753.0,112.2,28.0,2.0,1x 6-pin,1024.0,1178.0,GTX,960.0,No,No
Consolidated,GTX 960,21000.0,ASUS,2.0,NVIDIA,NVIDIA,2015.0,2048.0,GDDR5,128.0,928.0,1753.0,112.2,28.0,2.0,1x 6-pin,1024.0,1178.0,GTX,960.0,No,No
Consolidated,GTX 960,20500.0,ASUS,2.0,NVIDIA,NVIDIA,2015.0,2048.0,GDDR5,128.0,928.0,1753.0,112.2,28.0,2.0,1x 6-pin,1024.0,1178.0,GTX,960.0,No,No
Consolidated,GTX 960,24500.0,ASUS,4.0,NVIDIA,NVIDIA,2015.0,2048.0,GDDR5,128.0,928.0,1753.0,112.2,28.0,2.0,1x 6-pin,1024.0,1178.0,GTX,960.0,No,No
Consolidated,GTX 960,18500.0,EMTEK,2.0,NVIDIA,NVIDIA,2015.0,2048.0,GDDR5,128.0,928.0,1753.0,112.2,28.0,2.0,1x 6-pin,1024.0,1178.0,GTX,960.0,No,No
Consolidated,GTX 960,20500.0,GALAX,2.0,NVIDIA,NVIDIA,2015.0,2048.0,GDDR5,128.0,928.0,1753.0,112.2,28.0,2.0,1x 6-pin,1024.0,1178.0,GTX,960.0,No,No
Consolidated,GTX 960,23000.0,GIGABYTE,4.0,NVIDIA,NVIDIA,2015.0,2048.0,GDDR5,128.0,928.0,1753.0,112.2,28.0,2.0,1x 6-pin,1024.0,1178.0,GTX,960.0,No,No
Consolidated,GTX 960,24000.0,GIGABYTE,4.0,NVIDIA,NVIDIA,2015.0,2048.0,GDDR5,128.0,928.0,1753.0,112.2,28.0,2.0,1x 6-pin,1024.0,1178.0,GTX,960.0,No,No
Consolidated,GTX 960,28000.0,GIGABYTE,4.0,NVIDIA,NVIDIA,2015.0,2048.0,GDDR5,128.0,928.0,1753.0,112.2,28.0,2.0,1x 6-pin,1024.0,1178.0,GTX,960.0,No,No
Consolidated,GTX 960,19500.0,GIGABYTE,2.0,NVIDIA,NVIDIA,2015.0,2048.0,GDDR5,128.0,928.0,1753.0,112.2,28.0,2.0,1x 6-pin,1024.0,1178.0,GTX,960.0,No,No
Consolidated,GTX 960,16000.0,MSI,2.0,NVIDIA,NVIDIA,2015.0,2048.0,GDDR5,128.0,928.0,1753.0,112.2,28.0,2.0,1x 6-pin,1024.0,1178.0,GTX,960.0,No,No
Consolidated,GTX 960,24000.0,MSI,4.0,NVIDIA,NVIDIA,2015.0,2048.0,GDDR5,128.0,928.0,1753.0,112.2,28.0,2.0,1x 6-pin,1024.0,1178.0,GTX,960.0,No,No
Consolidated,GTX 960,21000.0,MSI,2.0,NVIDIA,NVIDIA,2015.0,2048.0,GDDR5,128.0,928.0,1753.0,112.2,28.0,2.0,1x 6-pin,1024.0,1178.0,GTX,960.0,No,No
Consolidated,GTX 960,18000.0,NVIDIA,2.0,NVIDIA,NVIDIA,2015.0,2048.0,GDDR5,128.0,928.0,1753.0,112.2,28.0,2.0,1x 6-pin,1024.0,1178.0,GTX,960.0,No,No
Consolidated,GTX 960,20500.0,NVIDIA,2.0,NVIDIA,NVIDIA,2015.0,2048.0,GDDR5,128.0,928.0,1753.0,112.2,28.0,2.0,1x 6-pin,1024.0,1178.0,GTX,960.0,No,No
Consolidated,GTX 960,19000.0,NVIDIA,4.0,NVIDIA,NVIDIA,2015.0,2048.0,GDDR5,128.0,928.0,1753.0,112.2,28.0,2.0,1x 6-pin,1024.0,1178.0,GTX,960.0,No,No
Consolidated,GTX 960,26000.0,NVIDIA,4.0,NVIDIA,NVIDIA,2015.0,2048.0,GDDR5,128.0,928.0,1753.0,112.2,28.0,2.0,1x 6-pin,1024.0,1178.0,GTX,960.0,No,No
Consolidated,GTX 960,20000.0,NVIDIA,2.0,NVIDIA,NVIDIA,2015.0,2048.0,GDDR5,128.0,928.0,1753.0,112.2,28.0,2.0,1x 6-pin,1024.0,1178.0,GTX,960.0,No,No
Consolidated,GTX 960,20500.0,NVIDIA,2.0,NVIDIA,NVIDIA,2015.0,2048.0,GDDR5,128.0,928.0,1753.0,112.2,28.0,2.0,1x 6-pin,1024.0,1178.0,GTX,960.0,No,No
Consolidated,GTX 960,22500.0,NVIDIA,4.0,NVIDIA,NVIDIA,2015.0,2048.0,GDDR5,128.0,928.0,1753.0,112.2,28.0,2.0,1x 6-pin,1024.0,1178.0,GTX,960.0,No,No
Consolidated,GTX 960,20500.0,NVIDIA,2.0,NVIDIA,NVIDIA,2015.0,2048.0,GDDR5,128.0,928.0,1753.0,112.2,28.0,2.0,1x 6-pin,1024.0,1178.0,GTX,960.0,No,No
Consolidated,GTX 960,25000.0,NVIDIA,4.0,NVIDIA,NVIDIA,2015.0,2048.0,GDDR5,128.0,928.0,1753.0,112.2,28.0,2.0,1x 6-pin,1024.0,1178.0,GTX,960.0,No,No
Consolidated,GTX 960,18500.0,NVIDIA,2.0,NVIDIA,NVIDIA,2015.0,2048.0,GDDR5,128.0,928.0,1753.0,112.2,28.0,2.0,1x 6-pin,1024.0,1178.0,GTX,960.0,No,No
Consolidated,GTX 960,18000.0,ZOTAC,2.0,NVIDIA,NVIDIA,2015.0,2048.0,GDDR5,128.0,928.0,1753.0,112.2,28.0,2.0,1x 6-pin,1024.0,1178.0,GTX,960.0,No,No
Consolidated,GTX 960,23000.0,ZOTAC,4.0,NVIDIA,NVIDIA,2015.0,2048.0,GDDR5,128.0,928.0,1753.0,112.2,28.0,2.0,1x 6-pin,1024.0,1178.0,GTX,960.0,No,No
Consolidated,GTX 960,28000.0,ZOTAC,4.0,NVIDIA,NVIDIA,2015.0,2048.0,GDDR5,128.0,928.0,1753.0,112.2,28.0,2.0,1x 6-pin,1024.0,1178.0,GTX,960.0,No,No
Consolidated,GTX 960,21000.0,ZOTAC,2.0,NVIDIA,NVIDIA,2015.0,2048.0,GDDR5,128.0,928.0,1753.0,112.2,28.0,2.0,1x 6-pin,1024.0,1178.0,GTX,960.0,No,No
Consolidated,GTX 960,25000.0,ZOTAC,4.0,NVIDIA,NVIDIA,2015.0,2048.0,GDDR5,128.0,928.0,1753.0,112.2,28.0,2.0,1x 6-pin,1024.0,1178.0,GTX,960.0,No,No
Consolidated,GTX 970,28000.0,ASUS,4.0,NVIDIA,NVIDIA,2014.0,4096.0,GDDR5,256.0,928.0,1753.0,224.4,28.0,5.0,2x 6-pin,1664.0,1178.0,GTX,970.0,No,No
Consolidated,GTX 970,28500.0,ASUS,4.0,NVIDIA,NVIDIA,2014.0,4096.0,GDDR5,256.0,928.0,1753.0,224.4,28.0,5.0,2x 6-pin,1664.0,1178.0,GTX,970.0,No,No
Consolidated,GTX 970,30000.0,GALAX,4.0,NVIDIA,NVIDIA,2014.0,4096.0,GDDR5,256.0,928.0,1753.0,224.4,28.0,5.0,2x 6-pin,1664.0,1178.0,GTX,970.0,No,No
Consolidated,GTX 970,29900.0,GIGABYTE,4.0,NVIDIA,NVIDIA,2014.0,4096.0,GDDR5,256.0,928.0,1753.0,224.4,28.0,5.0,2x 6-pin,1664.0,1178.0,GTX,970.0,No,No
Consolidated,GTX 970,31000.0,GIGABYTE,4.0,NVIDIA,NVIDIA,2014.0,4096.0,GDDR5,256.0,928.0,1753.0,224.4,28.0,5.0,2x 6-pin,1664.0,1178.0,GTX,970.0,No,No
Consolidated,GTX 970,27000.0,GIGABYTE,4.0,NVIDIA,NVIDIA,2014.0,4096.0,GDDR5,256.0,928.0,1753.0,224.4,28.0,5.0,2x 6-pin,1664.0,1178.0,GTX,970.0,No,No
Consolidated,GTX 970,31000.0,MSI,4.0,NVIDIA,NVIDIA,2014.0,4096.0,GDDR5,256.0,928.0,1753.0,224.4,28.0,5.0,2x 6-pin,1664.0,1178.0,GTX,970.0,No,No
Consolidated,GTX 970,29000.0,MSI,4.0,NVIDIA,NVIDIA,2014.0,4096.0,GDDR5,256.0,928.0,1753.0,224.4,28.0,5.0,2x 6-pin,1664.0,1178.0,GTX,970.0,No,No
Consolidated,GTX 970,28000.0,NVIDIA,4.0,NVIDIA,NVIDIA,2014.0,4096.0,GDDR5,256.0,928.0,1753.0,224.4,28.0,5.0,2x 6-pin,1664.0,1178.0,GTX,970.0,No,No
Consolidated,GTX 970,24000.0,NVIDIA,4.0,NVIDIA,NVIDIA,2014.0,4096.0,GDDR5,256.0,928.0,1753.0,224.4,28.0,5.0,2x 6-pin,1664.0,1178.0,GTX,970.0,No,No
Consolidated,GTX 970,29500.0,NVIDIA,4.0,NVIDIA,NVIDIA,2014.0,4096.0,GDDR5,256.0,928.0,1753.0,224.4,28.0,5.0,2x 6-pin,1664.0,1178.0,GTX,970.0,No,No
Consolidated,GTX 970,28000.0,NVIDIA,4.0,NVIDIA,NVIDIA,2014.0,4096.0,GDDR5,256.0,928.0,1753.0,224.4,28.0,5.0,2x 6-pin,1664.0,1178.0,GTX,970.0,No,No
Consolidated,GTX 970,22000.0,NVIDIA,4.0,NVIDIA,NVIDIA,2014.0,4096.0,GDDR5,256.0,928.0,1753.0,224.4,28.0,5.0,2x 6-pin,1664.0,1178.0,GTX,970.0,No,No
Consolidated,GTX 970,21000.0,NVIDIA,4.0,NVIDIA,NVIDIA,2014.0,4096.0,GDDR5,256.0,928.0,1753.0,224.4,28.0,5.0,2x 6-pin,1664.0,1178.0,GTX,970.0,No,No
Consolidated,GTX 970,22000.0,NVIDIA,4.0,NVIDIA,NVIDIA,2014.0,4096.0,GDDR5,256.0,928.0,1753.0,224.4,28.0,5.0,2x 6-pin,1664.0,1178.0,GTX,970.0,No,No
Consolidated,GTX 970,31000.0,NVIDIA,4.0,NVIDIA,NVIDIA,2014.0,4096.0,GDDR5,256.0,928.0,1753.0,224.4,28.0,5.0,2x 6-pin,1664.0,1178.0,GTX,970.0,No,No
Consolidated,GTX 970,18500.0,NVIDIA,4.0,NVIDIA,NVIDIA,2014.0,4096.0,GDDR5,256.0,928.0,1753.0,224.4,28.0,5.0,2x 6-pin,1664.0,1178.0,GTX,970.0,No,No
Consolidated,GTX 970,33000.0,NVIDIA,4.0,NVIDIA,NVIDIA,2014.0,4096.0,GDDR5,256.0,928.0,1753.0,224.4,28.0,5.0,2x 6-pin,1664.0,1178.0,GTX,970.0,No,No
Consolidated,GTX 970,28000.0,NVIDIA,4.0,NVIDIA,NVIDIA,2014.0,4096.0,GDDR5,256.0,928.0,1753.0,224.4,28.0,5.0,2x 6-pin,1664.0,1178.0,GTX,970.0,No,No
Consolidated,GTX 970,28000.0,NVIDIA,4.0,NVIDIA,NVIDIA,2014.0,4096.0,GDDR5,256.0,928.0,1753.0,224.4,28.0,5.0,2x 6-pin,1664.0,1178.0,GTX,970.0,No,No
Consolidated,GTX 970,31000.0,NVIDIA,4.0,NVIDIA,NVIDIA,2014.0,4096.0,GDDR5,256.0,928.0,1753.0,224.4,28.0,5.0,2x 6-pin,1664.0,1178.0,GTX,970.0,No,No
Consolidated,GTX 970,31000.0,NVIDIA,4.0,NVIDIA,NVIDIA,2014.0,4096.0,GDDR5,256.0,928.0,1753.0,224.4,28.0,5.0,2x 6-pin,1664.0,1178.0,GTX,970.0,No,No
Consolidated,GTX 970,28000.0,NVIDIA,4.0,NVIDIA,NVIDIA,2014.0,4096.0,GDDR5,256.0,928.0,1753.0,224.4,28.0,5.0,2x 6-pin,1664.0,1178.0,GTX,970.0,No,No
Consolidated,GTX 970,28500.0,NVIDIA,4.0,NVIDIA,NVIDIA,2014.0,4096.0,GDDR5,256.0,928.0,1753.0,224.4,28.0,5.0,2x 6-pin,1664.0,1178.0,GTX,970.0,No,No
Consolidated,GTX 970,28000.0,NVIDIA,4.0,NVIDIA,NVIDIA,2014.0,4096.0,GDDR5,256.0,928.0,1753.0,224.4,28.0,5.0,2x 6-pin,1664.0,1178.0,GTX,970.0,No,No
Consolidated,GTX 970,26500.0,NVIDIA,4.0,NVIDIA,NVIDIA,2014.0,4096.0,GDDR5,256.0,928.0,1753.0,224.4,28.0,5.0,2x 6-pin,1664.0,1178.0,GTX,970.0,No,No
Consolidated,GTX 970,26500.0,PALIT,4.0,NVIDIA,NVIDIA,2014.0,4096.0,GDDR5,256.0,928.0,1753.0,224.4,28.0,5.0,2x 6-pin,1664.0,1178.0,GTX,970.0,No,No
Consolidated,GTX 970,30000.0,ZOTAC,4.0,NVIDIA,NVIDIA,2014.0,4096.0,GDDR5,256.0,928.0,1753.0,224.4,28.0,5.0,2x 6-pin,1664.0,1178.0,GTX,970.0,No,No
Consolidated,GTX 970,28000.0,ZOTAC,4.0,NVIDIA,NVIDIA,2014.0,4096.0,GDDR5,256.0,928.0,1753.0,224.4,28.0,5.0,2x 6-pin,1664.0,1178.0,GTX,970.0,No,No
Consolidated,GTX 980,35000.0,ASUS,4.0,NVIDIA,NVIDIA,2014.0,4096.0,GDDR5,256.0,928.0,1753.0,224.4,28.0,5.0,2x 6-pin,2048.0,1216.0,GTX,980.0,No,No
Consolidated,GTX 980,33500.0,EVGA,4.0,NVIDIA,NVIDIA,2014.0,4096.0,GDDR5,256.0,928.0,1753.0,224.4,28.0,5.0,2x 6-pin,2048.0,1216.0,GTX,980.0,No,No
Consolidated,GTX 980,32500.0,GALAX,4.0,NVIDIA,NVIDIA,2014.0,4096.0,GDDR5,256.0,928.0,1753.0,224.4,28.0,5.0,2x 6-pin,2048.0,1216.0,GTX,980.0,No,No
Consolidated,GTX 980,33500.0,GIGABYTE,4.0,NVIDIA,NVIDIA,2014.0,4096.0,GDDR5,256.0,928.0,1753.0,224.4,28.0,5.0,2x 6-pin,2048.0,1216.0,GTX,980.0,No,No
Consolidated,GTX 980,32500.0,NVIDIA,4.0,NVIDIA,NVIDIA,2014.0,4096.0,GDDR5,256.0,928.0,1753.0,224.4,28.0,5.0,2x 6-pin,2048.0,1216.0,GTX,980.0,No,No
Consolidated,GTX 980 TI,35000.0,MSI,6.0,NVIDIA,NVIDIA,2015.0,6144.0,GDDR5,384.0,928.0,1753.0,336.6,28.0,8.0,1x 6-pin + 1x 8-pin,2816.0,1076.0,GTX,980.0,Yes,No
Consolidated,GTX 980 TI,35000.0,MSI,6.0,NVIDIA,NVIDIA,2015.0,6144.0,GDDR5,384.0,928.0,1753.0,336.6,28.0,8.0,1x 6-pin + 1x 8-pin,2816.0,1076.0,GTX,980.0,Yes,No
Consolidated,GTX 980 TI,34000.0,NVIDIA,6.0,NVIDIA,NVIDIA,2015.0,6144.0,GDDR5,384.0,928.0,1753.0,336.6,28.0,8.0,1x 6-pin + 1x 8-pin,2816.0,1076.0,GTX,980.0,Yes,No
Consolidated,R 7 260,9900.0,GIGABYTE,2.0,Unknown,Unknown,2017.0,5120.0,Unknown,192.0,928.0,1750.0,224.0,14.0,5.0,Unknown,1664.0,1620.0,R,260.0,No,No
Consolidated,RTX 2060,65000.0,ASUS,6.0,NVIDIA,NVIDIA,2021.0,12288.0,GDDR6,192.0,928.0,1750.0,336.0,12.0,10.0,1x 8-pin,2176.0,1650.0,RTX,2060.0,No,No
Consolidated,RTX 2060,80000.0,ASUS,12.0,NVIDIA,NVIDIA,2021.0,12288.0,GDDR6,192.0,928.0,1750.0,336.0,12.0,10.0,1x 8-pin,2176.0,1650.0,RTX,2060.0,No,No
Consolidated,RTX 2060,70000.0,ASUS,6.0,NVIDIA,NVIDIA,2021.0,12288.0,GDDR6,192.0,928.0,1750.0,336.0,12.0,10.0,1x 8-pin,2176.0,1650.0,RTX,2060.0,No,No
Consolidated,RTX 2060,73500.0,ASUS,8.0,NVIDIA,NVIDIA,2021.0,12288.0,GDDR6,192.0,928.0,1750.0,336.0,12.0,10.0,1x 8-pin,2176.0,1650.0,RTX,2060.0,No,No
Consolidated,RTX 2060,65000.0,ASUS,6.0,NVIDIA,NVIDIA,2021.0,12288.0,GDDR6,192.0,928.0,1750.0,336.0,12.0,10.0,1x 8-pin,2176.0,1650.0,RTX,2060.0,No,No
Consolidated,RTX 2060,66000.0,ASUS,6.0,NVIDIA,NVIDIA,2021.0,12288.0,GDDR6,192.0,928.0,1750.0,336.0,12.0,10.0,1x 8-pin,2176.0,1650.0,RTX,2060.0,No,No
Consolidated,RTX 2060,61000.0,GALAX,6.0,NVIDIA,NVIDIA,2021.0,12288.0,GDDR6,192.0,928.0,1750.0,336.0,12.0,10.0,1x 8-pin,2176.0,1650.0,RTX,2060.0,No,No
Consolidated,RTX 2060,72500.0,GALAX,8.0,NVIDIA,NVIDIA,2021.0,12288.0,GDDR6,192.0,928.0,1750.0,336.0,12.0,10.0,1x 8-pin,2176.0,1650.0,RTX,2060.0,No,No
Consolidated,RTX 2060,72500.0,GALAX,8.0,NVIDIA,NVIDIA,2021.0,12288.0,GDDR6,192.0,928.0,1750.0,336.0,12.0,10.0,1x 8-pin,2176.0,1650.0,RTX,2060.0,No,No
Consolidated,RTX 2060,62000.0,GALAX,6.0,NVIDIA,NVIDIA,2021.0,12288.0,GDDR6,192.0,928.0,1750.0,336.0,12.0,10.0,1x 8-pin,2176.0,1650.0,RTX,2060.0,No,No
Consolidated,RTX 2060,59500.0,GALAX,6.0,NVIDIA,NVIDIA,2021.0,12288.0,GDDR6,192.0,928.0,1750.0,336.0,12.0,10.0,1x 8-pin,2176.0,1650.0,RTX,2060.0,No,No
Consolidated,RTX 2060,65000.0,GIGABYTE,6.0,NVIDIA,NVIDIA,2021.0,12288.0,GDDR6,192.0,928.0,1750.0,336.0,12.0,10.0,1x 8-pin,2176.0,1650.0,RTX,2060.0,No,No
Consolidated,RTX 2060,75000.0,GIGABYTE,8.0,NVIDIA,NVIDIA,2021.0,12288.0,GDDR6,192.0,928.0,1750.0,336.0,12.0,10.0,1x 8-pin,2176.0,1650.0,RTX,2060.0,No,No
Consolidated,RTX 2060,72000.0,MSI,8.0,NVIDIA,NVIDIA,2021.0,12288.0,GDDR6,192.0,928.0,1750.0,336.0,12.0,10.0,1x 8-pin,2176.0,1650.0,RTX,2060.0,No,No
Consolidated,RTX 2060,75000.0,MSI,8.0,NVIDIA,NVIDIA,2021.0,12288.0,GDDR6,192.0,928.0,1750.0,336.0,12.0,10.0,1x 8-pin,2176.0,1650.0,RTX,2060.0,No,No
Consolidated,RTX 2060,66000.0,MSI,6.0,NVIDIA,NVIDIA,2021.0,12288.0,GDDR6,192.0,928.0,1750.0,336.0,12.0,10.0,1x 8-pin,2176.0,1650.0,RTX,2060.0,No,No
Consolidated,RTX 2060,70000.0,MSI,8.0,NVIDIA,NVIDIA,2021.0,12288.0,GDDR6,192.0,928.0,1750.0,336.0,12.0,10.0,1x 8-pin,2176.0,1650.0,RTX,2060.0,No,No
Consolidated,RTX 2060,69000.0,MSI,8.0,NVIDIA,NVIDIA,2021.0,12288.0,GDDR6,192.0,928.0,1750.0,336.0,12.0,10.0,1x 8-pin,2176.0,1650.0,RTX,2060.0,No,No
Consolidated,RTX 2060,73500.0,MSI,8.0,NVIDIA,NVIDIA,2021.0,12288.0,GDDR6,192.0,928.0,1750.0,336.0,12.0,10.0,1x 8-pin,2176.0,1650.0,RTX,2060.0,No,No
Consolidated,RTX 2060,72500.0,MSI,8.0,NVIDIA,NVIDIA,2021.0,12288.0,GDDR6,192.0,928.0,1750.0,336.0,12.0,10.0,1x 8-pin,2176.0,1650.0,RTX,2060.0,No,No
Consolidated,RTX 2060,66000.0,NVIDIA,6.0,NVIDIA,NVIDIA,2021.0,12288.0,GDDR6,192.0,928.0,1750.0,336.0,12.0,10.0,1x 8-pin,2176.0,1650.0,RTX,2060.0,No,No
Consolidated,RTX 2060,75000.0,NVIDIA,12.0,NVIDIA,NVIDIA,2021.0,12288.0,GDDR6,192.0,928.0,1750.0,336.0,12.0,10.0,1x 8-pin,2176.0,1650.0,RTX,2060.0,No,No
Consolidated,RTX 2060,59500.0,NVIDIA,6.0,NVIDIA,NVIDIA,2021.0,12288.0,GDDR6,192.0,928.0,1750.0,336.0,12.0,10.0,1x 8-pin,2176.0,1650.0,RTX,2060.0,No,No
Consolidated,RTX 2060,60000.0,NVIDIA,6.0,NVIDIA,NVIDIA,2021.0,12288.0,GDDR6,192.0,928.0,1750.0,336.0,12.0,10.0,1x 8-pin,2176.0,1650.0,RTX,2060.0,No,No
Consolidated,RTX 2060,65450.0,NVIDIA,6.0,NVIDIA,NVIDIA,2021.0,12288.0,GDDR6,192.0,928.0,1750.0,336.0,12.0,10.0,1x 8-pin,2176.0,1650.0,RTX,2060.0,No,No
Consolidated,RTX 2060,65450.0,NVIDIA,6.0,NVIDIA,NVIDIA,2021.0,12288.0,GDDR6,192.0,928.0,1750.0,336.0,12.0,10.0,1x 8-pin,2176.0,1650.0,RTX,2060.0,No,No
Consolidated,RTX 2060,70000.0,NVIDIA,8.0,NVIDIA,NVIDIA,2021.0,12288.0,GDDR6,192.0,928.0,1750.0,336.0,12.0,10.0,1x 8-pin,2176.0,1650.0,RTX,2060.0,No,No
Consolidated,RTX 2060,61000.0,NVIDIA,6.0,NVIDIA,NVIDIA,2021.0,12288.0,GDDR6,192.0,928.0,1750.0,336.0,12.0,10.0,1x 8-pin,2176.0,1650.0,RTX,2060.0,No,No
Consolidated,RTX 2060,59000.0,NVIDIA,8.0,NVIDIA,NVIDIA,2021.0,12288.0,GDDR6,192.0,928.0,1750.0,336.0,12.0,10.0,1x 8-pin,2176.0,1650.0,RTX,2060.0,No,No
Consolidated,RTX 2060,69000.0,NVIDIA,8.0,NVIDIA,NVIDIA,2021.0,12288.0,GDDR6,192.0,928.0,1750.0,336.0,12.0,10.0,1x 8-pin,2176.0,1650.0,RTX,2060.0,No,No
Consolidated,RTX 2060,78000.0,PALIT,12.0,NVIDIA,NVIDIA,2021.0,12288.0,GDDR6,192.0,928.0,1750.0,336.0,12.0,10.0,1x 8-pin,2176.0,1650.0,RTX,2060.0,No,No
Consolidated,RTX 2060,70000.0,PALIT,8.0,NVIDIA,NVIDIA,2021.0,12288.0,GDDR6,192.0,928.0,1750.0,336.0,12.0,10.0,1x 8-pin,2176.0,1650.0,RTX,2060.0,No,No
Consolidated,RTX 2060,66000.0,PALIT,6.0,NVIDIA,NVIDIA,2021.0,12288.0,GDDR6,192.0,928.0,1750.0,336.0,12.0,10.0,1x 8-pin,2176.0,1650.0,RTX,2060.0,No,No
Consolidated,RTX 2060,65000.0,ZOTAC,8.0,NVIDIA,NVIDIA,2021.0,12288.0,GDDR6,192.0,928.0,1750.0,336.0,12.0,10.0,1x 8-pin,2176.0,1650.0,RTX,2060.0,No,No
Consolidated,RTX 2060,65000.0,ZOTAC,6.0,NVIDIA,NVIDIA,2021.0,12288.0,GDDR6,192.0,928.0,1750.0,336.0,12.0,10.0,1x 8-pin,2176.0,1650.0,RTX,2060.0,No,No
Consolidated,RTX 2060 SUPER,74000.0,ASUS,8.0,NVIDIA,NVIDIA,2019.0,8192.0,GDDR6,256.0,928.0,1750.0,448.0,12.0,10.0,1x 8-pin,2176.0,1650.0,RTX,2060.0,No,No
Consolidated,RTX 2060 SUPER,75000.0,ASUS,8.0,NVIDIA,NVIDIA,2019.0,8192.0,GDDR6,256.0,928.0,1750.0,448.0,12.0,10.0,1x 8-pin,2176.0,1650.0,RTX,2060.0,No,No
Consolidated,RTX 2070,80000.0,ASUS,8.0,NVIDIA,NVIDIA,2018.0,8192.0,GDDR6,256.0,928.0,1750.0,448.0,12.0,10.0,1x 8-pin,2304.0,1620.0,RTX,2070.0,No,No
Consolidated,RTX 2070,75000.0,ASUS,8.0,NVIDIA,NVIDIA,2018.0,8192.0,GDDR6,256.0,928.0,1750.0,448.0,12.0,10.0,1x 8-pin,2304.0,1620.0,RTX,2070.0,No,No
Consolidated,RTX 2070,75000.0,ASUS,8.0,NVIDIA,NVIDIA,2018.0,8192.0,GDDR6,256.0,928.0,1750.0,448.0,12.0,10.0,1x 8-pin,2304.0,1620.0,RTX,2070.0,No,No
Consolidated,RTX 2070,77000.0,GALAX,8.0,NVIDIA,NVIDIA,2018.0,8192.0,GDDR6,256.0,928.0,1750.0,448.0,12.0,10.0,1x 8-pin,2304.0,1620.0,RTX,2070.0,No,No
Consolidated,RTX 2070,75000.0,GALAX,8.0,NVIDIA,NVIDIA,2018.0,8192.0,GDDR6,256.0,928.0,1750.0,448.0,12.0,10.0,1x 8-pin,2304.0,1620.0,RTX,2070.0,No,No
Consolidated,RTX 2070,65000.0,GIGABYTE,8.0,NVIDIA,NVIDIA,2018.0,8192.0,GDDR6,256.0,928.0,1750.0,448.0,12.0,10.0,1x 8-pin,2304.0,1620.0,RTX,2070.0,No,No
Consolidated,RTX 2070,70000.0,GIGABYTE,8.0,NVIDIA,NVIDIA,2018.0,8192.0,GDDR6,256.0,928.0,1750.0,448.0,12.0,10.0,1x 8-pin,2304.0,1620.0,RTX,2070.0,No,No
Consolidated,RTX 2070,75000.0,GIGABYTE,8.0,NVIDIA,NVIDIA,2018.0,8192.0,GDDR6,256.0,928.0,1750.0,448.0,12.0,10.0,1x 8-pin,2304.0,1620.0,RTX,2070.0,No,No
Consolidated,RTX 2070,78000.0,GIGABYTE,8.0,NVIDIA,NVIDIA,2018.0,8192.0,GDDR6,256.0,928.0,1750.0,448.0,12.0,10.0,1x 8-pin,2304.0,1620.0,RTX,2070.0,No,No
Consolidated,RTX 2070,73000.0,MSI,8.0,NVIDIA,NVIDIA,2018.0,8192.0,GDDR6,256.0,928.0,1750.0,448.0,12.0,10.0,1x 8-pin,2304.0,1620.0,RTX,2070.0,No,No
Consolidated,RTX 2070,76500.0,MSI,8.0,NVIDIA,NVIDIA,2018.0,8192.0,GDDR6,256.0,928.0,1750.0,448.0,12.0,10.0,1x 8-pin,2304.0,1620.0,RTX,2070.0,No,No
Consolidated,RTX 2070,79000.0,MSI,8.0,NVIDIA,NVIDIA,2018.0,8192.0,GDDR6,256.0,928.0,1750.0,448.0,12.0,10.0,1x 8-pin,2304.0,1620.0,RTX,2070.0,No,No
Consolidated,RTX 2070,78000.0,MSI,8.0,NVIDIA,NVIDIA,2018.0,8192.0,GDDR6,256.0,928.0,1750.0,448.0,12.0,10.0,1x 8-pin,2304.0,1620.0,RTX,2070.0,No,No
Consolidated,RTX 2070,75000.0,MSI,8.0,NVIDIA,NVIDIA,2018.0,8192.0,GDDR6,256.0,928.0,1750.0,448.0,12.0,10.0,1x 8-pin,2304.0,1620.0,RTX,2070.0,No,No
Consolidated,RTX 2070,75000.0,MSI,8.0,NVIDIA,NVIDIA,2018.0,8192.0,GDDR6,256.0,928.0,1750.0,448.0,12.0,10.0,1x 8-pin,2304.0,1620.0,RTX,2070.0,No,No
Consolidated,RTX 2070,78000.0,MSI,8.0,NVIDIA,NVIDIA,2018.0,8192.0,GDDR6,256.0,928.0,1750.0,448.0,12.0,10.0,1x 8-pin,2304.0,1620.0,RTX,2070.0,No,No
Consolidated,RTX 2070,75000.0,MSI,8.0,NVIDIA,NVIDIA,2018.0,8192.0,GDDR6,256.0,928.0,1750.0,448.0,12.0,10.0,1x 8-pin,2304.0,1620.0,RTX,2070.0,No,No
Consolidated,RTX 2070,70000.0,PALIT,8.0,NVIDIA,NVIDIA,2018.0,8192.0,GDDR6,256.0,928.0,1750.0,448.0,12.0,10.0,1x 8-pin,2304.0,1620.0,RTX,2070.0,No,No
Consolidated,RTX 2070,72000.0,PALIT,8.0,NVIDIA,NVIDIA,2018.0,8192.0,GDDR6,256.0,928.0,1750.0,448.0,12.0,10.0,1x 8-pin,2304.0,1620.0,RTX,2070.0,No,No
Consolidated,RTX 2070,78000.0,PALIT,8.0,NVIDIA,NVIDIA,2018.0,8192.0,GDDR6,256.0,928.0,1750.0,448.0,12.0,10.0,1x 8-pin,2304.0,1620.0,RTX,2070.0,No,No
Consolidated,RTX 2070,70000.0,ZOTAC,8.0,NVIDIA,NVIDIA,2018.0,8192.0,GDDR6,256.0,928.0,1750.0,448.0,12.0,10.0,1x 8-pin,2304.0,1620.0,RTX,2070.0,No,No
Consolidated,RTX 2070,75000.0,ZOTAC,8.0,NVIDIA,NVIDIA,2018.0,8192.0,GDDR6,256.0,928.0,1750.0,448.0,12.0,10.0,1x 8-pin,2304.0,1620.0,RTX,2070.0,No,No
Consolidated,RTX 2070,78000.0,ZOTAC,8.0,NVIDIA,NVIDIA,2018.0,8192.0,GDDR6,256.0,928.0,1750.0,448.0,12.0,10.0,1x 8-pin,2304.0,1620.0,RTX,2070.0,No,No
Consolidated,RTX 2070 SUPER,85000.0,ASUS,8.0,NVIDIA,NVIDIA,2019.0,8192.0,GDDR6,256.0,928.0,1750.0,448.0,12.0,13.0,1x 6-pin + 1x 8-pin,2560.0,1770.0,RTX,2070.0,No,No
Consolidated,RTX 2070 SUPER,75000.0,MSI,8.0,NVIDIA,NVIDIA,2019.0,8192.0,GDDR6,256.0,928.0,1750.0,448.0,12.0,13.0,1x 6-pin + 1x 8-pin,2560.0,1770.0,RTX,2070.0,No,No
Consolidated,RTX 2080,90000.0,ASUS,8.0,NVIDIA,NVIDIA,2018.0,8192.0,GDDR6,256.0,928.0,1750.0,448.0,12.0,13.0,1x 6-pin + 1x 8-pin,2944.0,1710.0,RTX,2080.0,No,No
Consolidated,RTX 2080,85000.0,ASUS,8.0,NVIDIA,NVIDIA,2018.0,8192.0,GDDR6,256.0,928.0,1750.0,448.0,12.0,13.0,1x 6-pin + 1x 8-pin,2944.0,1710.0,RTX,2080.0,No,No
Consolidated,RTX 2080,82000.0,GALAX,8.0,NVIDIA,NVIDIA,2018.0,8192.0,GDDR6,256.0,928.0,1750.0,448.0,12.0,13.0,1x 6-pin + 1x 8-pin,2944.0,1710.0,RTX,2080.0,No,No
Consolidated,RTX 2080,88000.0,GIGABYTE,8.0,NVIDIA,NVIDIA,2018.0,8192.0,GDDR6,256.0,928.0,1750.0,448.0,12.0,13.0,1x 6-pin + 1x 8-pin,2944.0,1710.0,RTX,2080.0,No,No
Consolidated,RTX 2080,88000.0,MSI,8.0,NVIDIA,NVIDIA,2018.0,8192.0,GDDR6,256.0,928.0,1750.0,448.0,12.0,13.0,1x 6-pin + 1x 8-pin,2944.0,1710.0,RTX,2080.0,No,No
Consolidated,RTX 2080,88000.0,MSI,8.0,NVIDIA,NVIDIA,2018.0,8192.0,GDDR6,256.0,928.0,1750.0,448.0,12.0,13.0,1x 6-pin + 1x 8-pin,2944.0,1710.0,RTX,2080.0,No,No
Consolidated,RTX 2080,87000.0,MSI,8.0,NVIDIA,NVIDIA,2018.0,8192.0,GDDR6,256.0,928.0,1750.0,448.0,12.0,13.0,1x 6-pin + 1x 8-pin,2944.0,1710.0,RTX,2080.0,No,No
Consolidated,RTX 2080,88000.0,MSI,8.0,NVIDIA,NVIDIA,2018.0,8192.0,GDDR6,256.0,928.0,1750.0,448.0,12.0,13.0,1x 6-pin + 1x 8-pin,2944.0,1710.0,RTX,2080.0,No,No
Consolidated,RTX 2080,80000.0,NVIDIA,8.0,NVIDIA,NVIDIA,2018.0,8192.0,GDDR6,256.0,928.0,1750.0,448.0,12.0,13.0,1x 6-pin + 1x 8-pin,2944.0,1710.0,RTX,2080.0,No,No
Consolidated,RTX 2080,84000.0,PALIT,8.0,NVIDIA,NVIDIA,2018.0,8192.0,GDDR6,256.0,928.0,1750.0,448.0,12.0,13.0,1x 6-pin + 1x 8-pin,2944.0,1710.0,RTX,2080.0,No,No
Consolidated,RTX 2080,89000.0,ZOTAC,8.0,NVIDIA,NVIDIA,2018.0,8192.0,GDDR6,256.0,928.0,1750.0,448.0,12.0,13.0,1x 6-pin + 1x 8-pin,2944.0,1710.0,RTX,2080.0,No,No
Consolidated,RTX 3050,70000.0,ASUS,8.0,NVIDIA,NVIDIA,2024.0,6144.0,GDDR6,96.0,928.0,1750.0,168.0,8.0,8.0,Unknown,2304.0,1470.0,RTX,3050.0,No,No
Consolidated,RTX 3050,75000.0,ASUS,8.0,NVIDIA,NVIDIA,2024.0,6144.0,GDDR6,96.0,928.0,1750.0,168.0,8.0,8.0,Unknown,2304.0,1470.0,RTX,3050.0,No,No
Consolidated,RTX 3060,115000.0,ASUS,12.0,NVIDIA,NVIDIA,2022.0,8192.0,GDDR6,128.0,928.0,1875.0,240.0,8.0,12.0,1x 12-pin,3584.0,1777.0,RTX,3060.0,No,No
Consolidated,RTX 3060,98000.0,ASUS,12.0,NVIDIA,NVIDIA,2022.0,8192.0,GDDR6,128.0,928.0,1875.0,240.0,8.0,12.0,1x 12-pin,3584.0,1777.0,RTX,3060.0,No,No
Consolidated,RTX 3060,93000.0,ASUS,12.0,NVIDIA,NVIDIA,2022.0,8192.0,GDDR6,128.0,928.0,1875.0,240.0,8.0,12.0,1x 12-pin,3584.0,1777.0,RTX,3060.0,No,No
Consolidated,RTX 3060,88000.0,GALAX,12.0,NVIDIA,NVIDIA,2022.0,8192.0,GDDR6,128.0,928.0,1875.0,240.0,8.0,12.0,1x 12-pin,3584.0,1777.0,RTX,3060.0,No,No
Consolidated,RTX 3060,105000.0,GIGABYTE,12.0,NVIDIA,NVIDIA,2022.0,8192.0,GDDR6,128.0,928.0,1875.0,240.0,8.0,12.0,1x 12-pin,3584.0,1777.0,RTX,3060.0,No,No
Consolidated,RTX 3060,88000.0,GIGABYTE,12.0,NVIDIA,NVIDIA,2022.0,8192.0,GDDR6,128.0,928.0,1875.0,240.0,8.0,12.0,1x 12-pin,3584.0,1777.0,RTX,3060.0,No,No
Consolidated,RTX 3060,88000.0,MSI,12.0,NVIDIA,NVIDIA,2022.0,8192.0,GDDR6,128.0,928.0,1875.0,240.0,8.0,12.0,1x 12-pin,3584.0,1777.0,RTX,3060.0,No,No
Consolidated,RTX 3060,90000.0,MSI,12.0,NVIDIA,NVIDIA,2022.0,8192.0,GDDR6,128.0,928.0,1875.0,240.0,8.0,12.0,1x 12-pin,3584.0,1777.0,RTX,3060.0,No,No
Consolidated,RTX 3060,98000.0,MSI,12.0,NVIDIA,NVIDIA,2022.0,8192.0,GDDR6,128.0,928.0,1875.0,240.0,8.0,12.0,1x 12-pin,3584.0,1777.0,RTX,3060.0,No,No
Consolidated,RTX 3060,95000.0,MSI,12.0,NVIDIA,NVIDIA,2022.0,8192.0,GDDR6,128.0,928.0,1875.0,240.0,8.0,12.0,1x 12-pin,3584.0,1777.0,RTX,3060.0,No,No
Consolidated,RTX 3060,95000.0,ZOTAC,12.0,NVIDIA,NVIDIA,2022.0,8192.0,GDDR6,128.0,928.0,1875.0,240.0,8.0,12.0,1x 12-pin,3584.0,1777.0,RTX,3060.0,No,No
Consolidated,RTX 3060,95000.0,ZOTAC,12.0,NVIDIA,NVIDIA,2022.0,8192.0,GDDR6,128.0,928.0,1875.0,240.0,8.0,12.0,1x 12-pin,3584.0,1777.0,RTX,3060.0,No,No
Consolidated,RTX 3060 TI,125000.0,ASUS,8.0,NVIDIA,NVIDIA,2020.0,8192.0,GDDR6,256.0,928.0,1750.0,448.0,8.0,17.0,1x 12-pin,4864.0,1665.0,RTX,3060.0,Yes,No
Consolidated,RTX 3060 TI,90000.0,ASUS,8.0,NVIDIA,NVIDIA,2020.0,8192.0,GDDR6,256.0,928.0,1750.0,448.0,8.0,17.0,1x 12-pin,4864.0,1665.0,RTX,3060.0,Yes,No
Consolidated,RTX 3060 TI,102000.0,ASUS,8.0,NVIDIA,NVIDIA,2020.0,8192.0,GDDR6,256.0,928.0,1750.0,448.0,8.0,17.0,1x 12-pin,4864.0,1665.0,RTX,3060.0,Yes,No
Consolidated,RTX 3060 TI,105000.0,ASUS,8.0,NVIDIA,NVIDIA,2020.0,8192.0,GDDR6,256.0,928.0,1750.0,448.0,8.0,17.0,1x 12-pin,4864.0,1665.0,RTX,3060.0,Yes,No
Consolidated,RTX 3060 TI,100000.0,ASUS,8.0,NVIDIA,NVIDIA,2020.0,8192.0,GDDR6,256.0,928.0,1750.0,448.0,8.0,17.0,1x 12-pin,4864.0,1665.0,RTX,3060.0,Yes,No
Consolidated,RTX 3060 TI,97000.0,GALAX,8.0,NVIDIA,NVIDIA,2020.0,8192.0,GDDR6,256.0,928.0,1750.0,448.0,8.0,17.0,1x 12-pin,4864.0,1665.0,RTX,3060.0,Yes,No
Consolidated,RTX 3060 TI,97000.0,MSI,8.0,NVIDIA,NVIDIA,2020.0,8192.0,GDDR6,256.0,928.0,1750.0,448.0,8.0,17.0,1x 12-pin,4864.0,1665.0,RTX,3060.0,Yes,No
Consolidated,RTX 3060 TI,99000.0,MSI,8.0,NVIDIA,NVIDIA,2020.0,8192.0,GDDR6,256.0,928.0,1750.0,448.0,8.0,17.0,1x 12-pin,4864.0,1665.0,RTX,3060.0,Yes,No
Consolidated,RTX 3060 TI,72500.0,NVIDIA,8.0,NVIDIA,NVIDIA,2020.0,8192.0,GDDR6,256.0,928.0,1750.0,448.0,8.0,17.0,1x 12-pin,4864.0,1665.0,RTX,3060.0,Yes,No
Consolidated,RTX 3060 TI,110000.0,ZOTAC,8.0,NVIDIA,NVIDIA,2020.0,8192.0,GDDR6,256.0,928.0,1750.0,448.0,8.0,17.0,1x 12-pin,4864.0,1665.0,RTX,3060.0,Yes,No
Consolidated,RTX 3070,105000.0,ASUS,8.0,NVIDIA,NVIDIA,2020.0,8192.0,GDDR6,256.0,928.0,1750.0,448.0,8.0,17.0,1x 12-pin,5888.0,1725.0,RTX,3070.0,No,No
Consolidated,RTX 3070,115000.0,ASUS,8.0,NVIDIA,NVIDIA,2020.0,8192.0,GDDR6,256.0,928.0,1750.0,448.0,8.0,17.0,1x 12-pin,5888.0,1725.0,RTX,3070.0,No,No
Consolidated,RTX 3070,110000.0,ASUS,8.0,NVIDIA,NVIDIA,2020.0,8192.0,GDDR6,256.0,928.0,1750.0,448.0,8.0,17.0,1x 12-pin,5888.0,1725.0,RTX,3070.0,No,No
Consolidated,RTX 3070,95000.0,GALAX,8.0,NVIDIA,NVIDIA,2020.0,8192.0,GDDR6,256.0,928.0,1750.0,448.0,8.0,17.0,1x 12-pin,5888.0,1725.0,RTX,3070.0,No,No
Consolidated,RTX 3070,115000.0,GIGABYTE,8.0,NVIDIA,NVIDIA,2020.0,8192.0,GDDR6,256.0,928.0,1750.0,448.0,8.0,17.0,1x 12-pin,5888.0,1725.0,RTX,3070.0,No,No
Consolidated,RTX 3070,115000.0,GIGABYTE,8.0,NVIDIA,NVIDIA,2020.0,8192.0,GDDR6,256.0,928.0,1750.0,448.0,8.0,17.0,1x 12-pin,5888.0,1725.0,RTX,3070.0,No,No
Consolidated,RTX 3070,110000.0,MSI,8.0,NVIDIA,NVIDIA,2020.0,8192.0,GDDR6,256.0,928.0,1750.0,448.0,8.0,17.0,1x 12-pin,5888.0,1725.0,RTX,3070.0,No,No
Consolidated,RTX 3070,115000.0,MSI,8.0,NVIDIA,NVIDIA,2020.0,8192.0,GDDR6,256.0,928.0,1750.0,448.0,8.0,17.0,1x 12-pin,5888.0,1725.0,RTX,3070.0,No,No
Consolidated,RTX 3070,95000.0,MSI,8.0,NVIDIA,NVIDIA,2020.0,8192.0,GDDR6,256.0,928.0,1750.0,448.0,8.0,17.0,1x 12-pin,5888.0,1725.0,RTX,3070.0,No,No
Consolidated,RTX 3070,98000.0,NVIDIA,8.0,NVIDIA,NVIDIA,2020.0,8192.0,GDDR6,256.0,928.0,1750.0,448.0,8.0,17.0,1x 12-pin,5888.0,1725.0,RTX,3070.0,No,No
Consolidated,RTX 3070,120000.0,NVIDIA,8.0,NVIDIA,NVIDIA,2020.0,8192.0,GDDR6,256.0,928.0,1750.0,448.0,8.0,17.0,1x 12-pin,5888.0,1725.0,RTX,3070.0,No,No
Consolidated,RTX 3070,100000.0,PALIT,8.0,NVIDIA,NVIDIA,2020.0,8192.0,GDDR6,256.0,928.0,1750.0,448.0,8.0,17.0,1x 12-pin,5888.0,1725.0,RTX,3070.0,No,No
Consolidated,RTX 3070,95000.0,ZOTAC,8.0,NVIDIA,NVIDIA,2020.0,8192.0,GDDR6,256.0,928.0,1750.0,448.0,8.0,17.0,1x 12-pin,5888.0,1725.0,RTX,3070.0,No,No
Consolidated,RTX 3070,105000.0,ZOTAC,8.0,NVIDIA,NVIDIA,2020.0,8192.0,GDDR6,256.0,928.0,1750.0,448.0,8.0,17.0,1x 12-pin,5888.0,1725.0,RTX,3070.0,No,No
Consolidated,RTX 3070 TI,120000.0,ASUS,8.0,NVIDIA,NVIDIA,2021.0,8192.0,GDDR6X,256.0,928.0,1188.0,608.3,8.0,17.0,1x 12-pin,6144.0,1770.0,RTX,3070.0,Yes,No
Consolidated,RTX 3080,130000.0,ZOTAC,10.0,NVIDIA,NVIDIA,2022.0,12288.0,GDDR6X,384.0,928.0,1188.0,912.4,8.0,28.0,1x 12-pin,8960.0,1710.0,RTX,3080.0,No,No
Consolidated,RTX 4060,113000.0,ASUS,8.0,NVIDIA,NVIDIA,2023.0,8192.0,GDDR6,128.0,928.0,2125.0,272.0,5.0,18.0,1x 12-pin,3072.0,2460.0,RTX,4060.0,No,No
Consolidated,RTX 4060,113000.0,ASUS,8.0,NVIDIA,NVIDIA,2023.0,8192.0,GDDR6,128.0,928.0,2125.0,272.0,5.0,18.0,1x 12-pin,3072.0,2460.0,RTX,4060.0,No,No
Consolidated,RTX 4060,118000.0,GIGABYTE,8.0,NVIDIA,NVIDIA,2023.0,8192.0,GDDR6,128.0,928.0,2125.0,272.0,5.0,18.0,1x 12-pin,3072.0,2460.0,RTX,4060.0,No,No
Consolidated,RTX 4060,110000.0,PNY,8.0,NVIDIA,NVIDIA,2023.0,8192.0,GDDR6,128.0,928.0,2125.0,272.0,5.0,18.0,1x 12-pin,3072.0,2460.0,RTX,4060.0,No,No
Consolidated,RTX 4060 TI,125000.0,ASUS,8.0,NVIDIA,NVIDIA,2023.0,8192.0,GDDR6,128.0,928.0,2250.0,288.0,5.0,22.0,1x 16-pin,4352.0,2535.0,RTX,4060.0,Yes,No
Consolidated,RTX 4060 TI,120000.0,ZOTAC,8.0,NVIDIA,NVIDIA,2023.0,8192.0,GDDR6,128.0,928.0,2250.0,288.0,5.0,22.0,1x 16-pin,4352.0,2535.0,RTX,4060.0,Yes,No
Consolidated,RX 480,32500.0,GIGABYTE,8.0,AMD,AMD,2016.0,8192.0,GDDR5,256.0,928.0,2000.0,256.0,14.0,5.0,1x 6-pin,2304.0,1266.0,RX,480.0,No,No
Consolidated,RX 550,17000.0,AMD,4.0,AMD,AMD,2017.0,2048.0,GDDR5,128.0,928.0,1750.0,112.0,14.0,2.0,Unknown,512.0,1183.0,RX,550.0,No,No
Consolidated,RX 550,23000.0,AMD,4.0,AMD,AMD,2017.0,2048.0,GDDR5,128.0,928.0,1750.0,112.0,14.0,2.0,Unknown,512.0,1183.0,RX,550.0,No,No
Consolidated,RX 550,12000.0,AMD,4.0,AMD,AMD,2017.0,2048.0,GDDR5,128.0,928.0,1750.0,112.0,14.0,2.0,Unknown,512.0,1183.0,RX,550.0,No,No
Consolidated,RX 550,23000.0,AMD,4.0,AMD,AMD,2017.0,2048.0,GDDR5,128.0,928.0,1750.0,112.0,14.0,2.0,Unknown,512.0,1183.0,RX,550.0,No,No
Consolidated,RX 5600 XT,50000.0,MSI,6.0,AMD,AMD,2020.0,6144.0,GDDR6,192.0,928.0,1500.0,288.0,7.0,10.0,1x 8-pin,2304.0,1560.0,RX,5600.0,No,No
Consolidated,RX 5600 XT,60000.0,MSI,6.0,AMD,AMD,2020.0,6144.0,GDDR6,192.0,928.0,1500.0,288.0,7.0,10.0,1x 8-pin,2304.0,1560.0,RX,5600.0,No,No
Consolidated,RX 570,23000.0,AMD,4.0,AMD,AMD,2017.0,4096.0,GDDR5,256.0,928.0,1750.0,224.0,14.0,5.0,1x 6-pin,2048.0,1244.0,RX,570.0,No,No
Consolidated,RX 570,25000.0,AMD,4.0,AMD,AMD,2017.0,4096.0,GDDR5,256.0,928.0,1750.0,224.0,14.0,5.0,1x 6-pin,2048.0,1244.0,RX,570.0,No,No
Consolidated,RX 570,37000.0,ASUS,8.0,AMD,AMD,2017.0,4096.0,GDDR5,256.0,928.0,1750.0,224.0,14.0,5.0,1x 6-pin,2048.0,1244.0,RX,570.0,No,No
Consolidated,RX 570,31500.0,ASUS,8.0,AMD,AMD,2017.0,4096.0,GDDR5,256.0,928.0,1750.0,224.0,14.0,5.0,1x 6-pin,2048.0,1244.0,RX,570.0,No,No
Consolidated,RX 570,31500.0,ASUS,8.0,AMD,AMD,2017.0,4096.0,GDDR5,256.0,928.0,1750.0,224.0,14.0,5.0,1x 6-pin,2048.0,1244.0,RX,570.0,No,No
Consolidated,RX 570,24000.0,GIGABYTE,4.0,AMD,AMD,2017.0,4096.0,GDDR5,256.0,928.0,1750.0,224.0,14.0,5.0,1x 6-pin,2048.0,1244.0,RX,570.0,No,No
Consolidated,RX 570,40000.0,MSI,8.0,AMD,AMD,2017.0,4096.0,GDDR5,256.0,928.0,1750.0,224.0,14.0,5.0,1x 6-pin,2048.0,1244.0,RX,570.0,No,No
Consolidated,RX 570,32000.0,MSI,8.0,AMD,AMD,2017.0,4096.0,GDDR5,256.0,928.0,1750.0,224.0,14.0,5.0,1x 6-pin,2048.0,1244.0,RX,570.0,No,No
Consolidated,RX 570,26000.0,SAPPHIRE,4.0,AMD,AMD,2017.0,4096.0,GDDR5,256.0,928.0,1750.0,224.0,14.0,5.0,1x 6-pin,2048.0,1244.0,RX,570.0,No,No
Consolidated,RX 570,37000.0,SAPPHIRE,8.0,AMD,AMD,2017.0,4096.0,GDDR5,256.0,928.0,1750.0,224.0,14.0,5.0,1x 6-pin,2048.0,1244.0,RX,570.0,No,No
Consolidated,RX 570,31500.0,SAPPHIRE,8.0,AMD,AMD,2017.0,4096.0,GDDR5,256.0,928.0,1750.0,224.0,14.0,5.0,1x 6-pin,2048.0,1244.0,RX,570.0,No,No
Consolidated,RX 5700,53000.0,AMD,8.0,AMD,AMD,2019.0,8192.0,GDDR6,256.0,928.0,1750.0,448.0,7.0,10.0,1x 6-pin + 1x 8-pin,2304.0,1725.0,RX,5700.0,No,No
Consolidated,RX 5700,58000.0,ASROCK,8.0,AMD,AMD,2019.0,8192.0,GDDR6,256.0,928.0,1750.0,448.0,7.0,10.0,1x 6-pin + 1x 8-pin,2304.0,1725.0,RX,5700.0,No,No
Consolidated,RX 5700,63000.0,ASUS,8.0,AMD,AMD,2019.0,8192.0,GDDR6,256.0,928.0,1750.0,448.0,7.0,10.0,1x 6-pin + 1x 8-pin,2304.0,1725.0,RX,5700.0,No,No
Consolidated,RX 5700,60000.0,ASUS,8.0,AMD,AMD,2019.0,8192.0,GDDR6,256.0,928.0,1750.0,448.0,7.0,10.0,1x 6-pin + 1x 8-pin,2304.0,1725.0,RX,5700.0,No,No
Consolidated,RX 5700,60000.0,GIGABYTE,8.0,AMD,AMD,2019.0,8192.0,GDDR6,256.0,928.0,1750.0,448.0,7.0,10.0,1x 6-pin + 1x 8-pin,2304.0,1725.0,RX,5700.0,No,No
Consolidated,RX 5700,53500.0,MSI,8.0,AMD,AMD,2019.0,8192.0,GDDR6,256.0,928.0,1750.0,448.0,7.0,10.0,1x 6-pin + 1x 8-pin,2304.0,1725.0,RX,5700.0,No,No
Consolidated,RX 5700,68500.0,SAPPHIRE,8.0,AMD,AMD,2019.0,8192.0,GDDR6,256.0,928.0,1750.0,448.0,7.0,10.0,1x 6-pin + 1x 8-pin,2304.0,1725.0,RX,5700.0,No,No
Consolidated,RX 5700,55000.0,SAPPHIRE,8.0,AMD,AMD,2019.0,8192.0,GDDR6,256.0,928.0,1750.0,448.0,7.0,10.0,1x 6-pin + 1x 8-pin,2304.0,1725.0,RX,5700.0,No,No
Consolidated,RX 5700 XT,66000.0,AMD,8.0,AMD,AMD,2019.0,8192.0,GDDR6,256.0,928.0,1750.0,448.0,7.0,10.0,1x 6-pin + 1x 8-pin,2560.0,1905.0,RX,5700.0,No,No
Consolidated,RX 5700 XT,58500.0,AMD,8.0,AMD,AMD,2019.0,8192.0,GDDR6,256.0,928.0,1750.0,448.0,7.0,10.0,1x 6-pin + 1x 8-pin,2560.0,1905.0,RX,5700.0,No,No
Consolidated,RX 5700 XT,58500.0,ASUS,8.0,AMD,AMD,2019.0,8192.0,GDDR6,256.0,928.0,1750.0,448.0,7.0,10.0,1x 6-pin + 1x 8-pin,2560.0,1905.0,RX,5700.0,No,No
Consolidated,RX 5700 XT,45000.0,SAPPHIRE,8.0,AMD,AMD,2019.0,8192.0,GDDR6,256.0,928.0,1750.0,448.0,7.0,10.0,1x 6-pin + 1x 8-pin,2560.0,1905.0,RX,5700.0,No,No
Consolidated,RX 580,22000.0,AMD,4.0,AMD,AMD,2017.0,8192.0,GDDR5,256.0,928.0,2000.0,256.0,14.0,5.0,1x 8-pin,2304.0,1340.0,RX,580.0,No,No
Consolidated,RX 580,42000.0,ASUS,8.0,AMD,AMD,2017.0,8192.0,GDDR5,256.0,928.0,2000.0,256.0,14.0,5.0,1x 8-pin,2304.0,1340.0,RX,580.0,No,No
Consolidated,RX 580,45500.0,MSI,8.0,AMD,AMD,2017.0,8192.0,GDDR5,256.0,928.0,2000.0,256.0,14.0,5.0,1x 8-pin,2304.0,1340.0,RX,580.0,No,No
Consolidated,RX 580,35000.0,MSI,8.0,AMD,AMD,2017.0,8192.0,GDDR5,256.0,928.0,2000.0,256.0,14.0,5.0,1x 8-pin,2304.0,1340.0,RX,580.0,No,No
Consolidated,RX 580,38500.0,SAPPHIRE,8.0,AMD,AMD,2017.0,8192.0,GDDR5,256.0,928.0,2000.0,256.0,14.0,5.0,1x 8-pin,2304.0,1340.0,RX,580.0,No,No
Consolidated,RX 580,39000.0,SAPPHIRE,8.0,AMD,AMD,2017.0,8192.0,GDDR5,256.0,928.0,2000.0,256.0,14.0,5.0,1x 8-pin,2304.0,1340.0,RX,580.0,No,No
Consolidated,RX 590,38000.0,AMD,8.0,AMD,AMD,2018.0,8192.0,GDDR5,256.0,928.0,2000.0,256.0,12.0,5.0,1x 8-pin,2304.0,1545.0,RX,590.0,No,No
Consolidated,RX 590,39000.0,SAPPHIRE,8.0,AMD,AMD,2018.0,8192.0,GDDR5,256.0,928.0,2000.0,256.0,12.0,5.0,1x 8-pin,2304.0,1545.0,RX,590.0,No,No
Consolidated,RX 590,38000.0,SAPPHIRE,8.0,AMD,AMD,2018.0,8192.0,GDDR5,256.0,928.0,2000.0,256.0,12.0,5.0,1x 8-pin,2304.0,1545.0,RX,590.0,No,No
Consolidated,RX 6500 XT,55000.0,AMD,4.0,AMD,AMD,2022.0,4096.0,GDDR6,64.0,928.0,2248.0,143.9,6.0,5.0,1x 6-pin,1024.0,2815.0,RX,6500.0,No,No
Consolidated,RX 6500 XT,35000.0,MSI,4.0,AMD,AMD,2022.0,4096.0,GDDR6,64.0,928.0,2248.0,143.9,6.0,5.0,1x 6-pin,1024.0,2815.0,RX,6500.0,No,No
Consolidated,RX 6600,68500.0,AMD,8.0,AMD,AMD,2021.0,8192.0,GDDR6,128.0,928.0,1750.0,224.0,7.0,11.0,1x 8-pin,1792.0,2491.0,RX,6600.0,No,No
Consolidated,RX 6600,55000.0,ASROCK,8.0,AMD,AMD,2021.0,8192.0,GDDR6,128.0,928.0,1750.0,224.0,7.0,11.0,1x 8-pin,1792.0,2491.0,RX,6600.0,No,No
Consolidated,RX 6600,73000.0,ASROCK,8.0,AMD,AMD,2021.0,8192.0,GDDR6,128.0,928.0,1750.0,224.0,7.0,11.0,1x 8-pin,1792.0,2491.0,RX,6600.0,No,No
Consolidated,RX 6600,75000.0,ASUS,8.0,AMD,AMD,2021.0,8192.0,GDDR6,128.0,928.0,1750.0,224.0,7.0,11.0,1x 8-pin,1792.0,2491.0,RX,6600.0,No,No
Consolidated,RX 6600,75000.0,ASUS,8.0,AMD,AMD,2021.0,8192.0,GDDR6,128.0,928.0,1750.0,224.0,7.0,11.0,1x 8-pin,1792.0,2491.0,RX,6600.0,No,No
Consolidated,RX 6600,78000.0,ASUS,8.0,AMD,AMD,2021.0,8192.0,GDDR6,128.0,928.0,1750.0,224.0,7.0,11.0,1x 8-pin,1792.0,2491.0,RX,6600.0,No,No
Consolidated,RX 6600,68000.0,GIGABYTE,8.0,AMD,AMD,2021.0,8192.0,GDDR6,128.0,928.0,1750.0,224.0,7.0,11.0,1x 8-pin,1792.0,2491.0,RX,6600.0,No,No
Consolidated,RX 6600,74000.0,MSI,8.0,AMD,AMD,2021.0,8192.0,GDDR6,128.0,928.0,1750.0,224.0,7.0,11.0,1x 8-pin,1792.0,2491.0,RX,6600.0,No,No
Consolidated,RX 6600,63500.0,MSI,8.0,AMD,AMD,2021.0,8192.0,GDDR6,128.0,928.0,1750.0,224.0,7.0,11.0,1x 8-pin,1792.0,2491.0,RX,6600.0,No,No
Consolidated,RX 6600 XT,75500.0,AMD,8.0,AMD,AMD,2021.0,8192.0,GDDR6,128.0,928.0,2000.0,256.0,7.0,11.0,1x 8-pin,2048.0,2589.0,RX,6600.0,No,No
Consolidated,RX 6600 XT,80000.0,ASROCK,8.0,AMD,AMD,2021.0,8192.0,GDDR6,128.0,928.0,2000.0,256.0,7.0,11.0,1x 8-pin,2048.0,2589.0,RX,6600.0,No,No
Consolidated,RX 6600 XT,75000.0,ASUS,8.0,AMD,AMD,2021.0,8192.0,GDDR6,128.0,928.0,2000.0,256.0,7.0,11.0,1x 8-pin,2048.0,2589.0,RX,6600.0,No,No
Consolidated,RX 6600 XT,79000.0,POWERCOLOR,8.0,AMD,AMD,2021.0,8192.0,GDDR6,128.0,928.0,2000.0,256.0,7.0,11.0,1x 8-pin,2048.0,2589.0,RX,6600.0,No,No
Consolidated,RX 6650 XT,82500.0,ASROCK,8.0,AMD,AMD,2022.0,8192.0,GDDR6,128.0,928.0,2190.0,280.3,7.0,11.0,1x 8-pin,2048.0,2635.0,RX,6650.0,No,No
Consolidated,RX 6650 XT,85000.0,MSI,8.0,AMD,AMD,2022.0,8192.0,GDDR6,128.0,928.0,2190.0,280.3,7.0,11.0,1x 8-pin,2048.0,2635.0,RX,6650.0,No,No
Consolidated,RX 7600,95000.0,ASROCK,8.0,AMD,AMD,2023.0,8192.0,GDDR6,128.0,928.0,2250.0,288.0,6.0,13.0,1x 8-pin,2048.0,2655.0,RX,7600.0,No,No
Consolidated,RX 7600,95000.0,ASROCK,8.0,AMD,AMD,2023.0,8192.0,GDDR6,128.0,928.0,2250.0,288.0,6.0,13.0,1x 8-pin,2048.0,2655.0,RX,7600.0,No,No
Consolidated,RX 7600,90000.0,ASUS,8.0,AMD,AMD,2023.0,8192.0,GDDR6,128.0,928.0,2250.0,288.0,6.0,13.0,1x 8-pin,2048.0,2655.0,RX,7600.0,No,No
Consolidated,RX 7600,95000.0,GIGABYTE,8.0,AMD,AMD,2023.0,8192.0,GDDR6,128.0,928.0,2250.0,288.0,6.0,13.0,1x 8-pin,2048.0,2655.0,RX,7600.0,No,No
