Title,Brand_Cleaned,Model_Cleaned,CPU_Cleaned,Generation_Cleaned,Condition_Cleaned,RAM_GB,Storage_Capacity_GB,Storage_Type,Price_Cleaned
Apple MacBook Pro 2019 4GB 1TB HDD,APPLE,MACBOOK PRO,Other,8,Used,4.0,1024.0,HDD,196500.0
ASUS VivoBook Core i5 6th Gen 8GB 256 SSD,ASUS,VIVOBOOK,I5,6,Used,8.0,256.0,SSD,92000.0
ThinkPad Core i5 6th Gen 16GB 1TB SSD,HP,Other,I5,6,New,16.0,1024.0,SSD,292000.0
HP Gaming Core i5 11th Gen 32GB 256 SSD,HP,Other,I5,11,Used,32.0,256.0,SSD,172999.0
Laptop Core i5 7th Gen 16GB 512 SSD,ACER,Other,I5,7,Used,16.0,512.0,SSD,93000.0
Apple MacBook Pro 2019 8GB 128 SSD,APPLE,MACBOOK PRO,Other,8,Used,8.0,128.0,SSD,184999.0
Pavilion Core i5 Ryzen 7 8GB 256 SSD,ACER,Other,I5,0,New,8.0,256.0,SSD,195500.0
ThinkPad Core i5 Ryzen 5 16GB 1TB HDD,ASUS,Other,I5,0,Used,16.0,1024.0,HDD,123500.0
HP Inspiron Core i5 12th Gen 8GB 256 SSD,HP,Other,I5,12,Used,8.0,256.0,SSD,116000.0
Nitro Core i5 7th Gen 16GB 1TB HDD,HP,Other,I5,7,Used,16.0,1024.0,HDD,120999.0
VivoBook Core i5 11th Gen 4GB 256 SSD,DELL,Other,I5,11,Used,4.0,256.0,SSD,102500.0
ACER Laptop Core i5 Ryzen 7 4GB 512 SSD,ACER,Other,I5,0,Used,4.0,512.0,SSD,99999.0
ThinkPad Core i5 11th Gen 4GB 256 SSD,DELL,Other,I5,11,New,4.0,256.0,SSD,193999.0
Pavilion Core i5 11th Gen 16GB 1TB SSD,ASUS,Other,I5,11,New,16.0,1024.0,SSD,382000.0
HP Laptop Core i5 10th Gen 16GB 1TB SSD,HP,Other,I5,10,Used,16.0,1024.0,SSD,179000.0
Apple MacBook Pro M2 16GB 128 SSD,APPLE,MACBOOK PRO,M2,0,Used,16.0,128.0,SSD,274500.0
ACER Inspiron Core i5 6th Gen 4GB 256 SSD,ACER,Other,I5,6,Used,4.0,256.0,SSD,45999.0
ACER Laptop Core i5 Ryzen 5 16GB 128 SSD,ACER,Other,I5,0,Used,16.0,128.0,SSD,74000.0
Laptop Core i5 8th Gen 16GB 256 SSD,DELL,Other,I5,8,Used,16.0,256.0,SSD,129500.0
DELL Inspiron Core i5 7th Gen 16GB 256 SSD,DELL,INSPIRON,I5,7,Used,16.0,256.0,SSD,106999.0
ASUS VivoBook Core i5 12th Gen 8GB 512 SSD,ASUS,VIVOBOOK,I5,12,Used,8.0,512.0,SSD,146999.0
TUF Core i5 10th Gen 8GB 512 SSD,ASUS,TUF,I5,10,Used,8.0,512.0,SSD,147000.0
TUF Core i5 6th Gen 32GB 1TB HDD,DELL,Other,I5,6,Used,32.0,1024.0,HDD,126000.0
TUF Core i5 Ryzen 7 4GB 512 SSD,ASUS,TUF,I5,0,Used,4.0,512.0,SSD,162000.0
TUF Core i5 Ryzen 7 8GB 1TB HDD,ACER,Other,I5,0,Used,8.0,1024.0,HDD,112000.0
Apple MacBook Pro 2019 8GB 512 SSD,APPLE,MACBOOK PRO,Other,8,Used,8.0,512.0,SSD,216999.0
Apple MacBook Pro 2019 16GB 128 SSD,APPLE,MACBOOK PRO,Other,8,New,16.0,128.0,SSD,362000.0
ACER VivoBook Core i5 Ryzen 7 16GB 256 SSD,ACER,Other,I5,0,Used,16.0,256.0,SSD,113500.0
ACER TUF Core i5 6th Gen 8GB 256 SSD,ACER,Other,I5,6,Used,8.0,256.0,SSD,56500.0
Pavilion Core i5 7th Gen 8GB 1TB SSD,ASUS,Other,I5,7,Used,8.0,1024.0,SSD,129000.0
Gaming Core i5 13th Gen 16GB 256 SSD,ASUS,Other,I5,13,Used,16.0,256.0,SSD,168500.0
Apple MacBook Pro M2 8GB 512 SSD,APPLE,MACBOOK PRO,M2,0,Used,8.0,512.0,SSD,300000.0
HP Nitro Core i5 13th Gen 16GB 128 SSD,HP,Other,I5,13,Used,16.0,128.0,SSD,145500.0
Apple MacBook Pro M2 4GB 256 SSD,APPLE,MACBOOK PRO,M2,0,Used,4.0,256.0,SSD,197500.0
HP Laptop Core i5 11th Gen 32GB 512 SSD,HP,Other,I5,11,New,32.0,512.0,SSD,372500.0
ASUS Inspiron Core i5 11th Gen 4GB 256 SSD,ASUS,Other,I5,11,Used,4.0,256.0,SSD,104500.0
Inspiron Core i5 11th Gen 16GB 512 SSD,DELL,INSPIRON,I5,11,Used,16.0,512.0,SSD,150500.0
Pavilion Core i5 13th Gen 8GB 256 SSD,ASUS,Other,I5,13,Used,8.0,256.0,SSD,161500.0
HP TUF Core i5 8th Gen 8GB 256 SSD,HP,Other,I5,8,New,8.0,256.0,SSD,183500.0
ACER ThinkPad Core i5 10th Gen 16GB 256 SSD,ACER,Other,I5,10,Used,16.0,256.0,SSD,91500.0
Nitro Core i5 6th Gen 8GB 256 SSD,ASUS,Other,I5,6,Used,8.0,256.0,SSD,80500.0
DELL VivoBook Core i5 8th Gen 8GB 128 SSD,DELL,Other,I5,8,New,8.0,128.0,SSD,171999.0
Pavilion Core i5 6th Gen 8GB 256 SSD,ASUS,Other,I5,6,Used,8.0,256.0,SSD,90000.0
DELL VivoBook Core i5 10th Gen 8GB 512 SSD,DELL,Other,I5,10,New,8.0,512.0,SSD,247500.0
Pavilion Core i5 Ryzen 5 16GB 128 SSD,ASUS,Other,I5,0,Used,16.0,128.0,SSD,118999.0
Apple MacBook Pro M3 4GB 128 SSD,APPLE,MACBOOK PRO,M3,0,New,4.0,128.0,SSD,464500.0
ThinkPad Core i5 Ryzen 5 16GB 256 SSD,ASUS,Other,I5,0,Used,16.0,256.0,SSD,125000.0
Latitude Core i5 6th Gen 8GB 1TB HDD,HP,Other,I5,6,Used,8.0,1024.0,HDD,77500.0
DELL Pavilion Core i5 6th Gen 8GB 512 SSD,DELL,Other,I5,6,Used,8.0,512.0,SSD,111000.0
HP ThinkPad Core i5 7th Gen 8GB 512 SSD,HP,Other,I5,7,Used,8.0,512.0,SSD,88000.0
ACER Inspiron Core i5 11th Gen 16GB 256 SSD,ACER,Other,I5,11,Used,16.0,256.0,SSD,99000.0
DELL Gaming Core i5 12th Gen 8GB 1TB HDD,DELL,Other,I5,12,Used,8.0,1024.0,HDD,138500.0
Apple MacBook Pro M2 8GB 512 SSD,APPLE,MACBOOK PRO,M2,0,Used,8.0,512.0,SSD,233999.0
Nitro Core i5 10th Gen 32GB 512 SSD,HP,Other,I5,10,New,32.0,512.0,SSD,370000.0
Apple MacBook Pro M1 16GB 512 SSD,APPLE,MACBOOK PRO,M1,0,Used,16.0,512.0,SSD,256500.0
ASUS Inspiron Core i5 8th Gen 4GB 512 SSD,ASUS,Other,I5,8,Used,4.0,512.0,SSD,119999.0
Latitude Core i5 Ryzen 7 32GB 512 SSD,HP,Other,I5,0,Used,32.0,512.0,SSD,225999.0
HP VivoBook Core i5 8th Gen 32GB 128 SSD,HP,Other,I5,8,Used,32.0,128.0,SSD,111999.0
ASUS Gaming Core i5 Ryzen 7 8GB 256 SSD,ASUS,Other,I5,0,New,8.0,256.0,SSD,279500.0
DELL VivoBook Core i5 12th Gen 4GB 512 SSD,DELL,Other,I5,12,Used,4.0,512.0,SSD,115500.0
VivoBook Core i5 10th Gen 16GB 512 SSD,DELL,Other,I5,10,Used,16.0,512.0,SSD,159999.0
ACER Gaming Core i5 Ryzen 5 8GB 512 SSD,ACER,Other,I5,0,Used,8.0,512.0,SSD,113000.0
ACER TUF Core i5 6th Gen 8GB 512 SSD,ACER,Other,I5,6,Used,8.0,512.0,SSD,73999.0
ACER Inspiron Core i5 Ryzen 5 16GB 256 SSD,ACER,Other,I5,0,Used,16.0,256.0,SSD,102999.0
DELL Gaming Core i5 12th Gen 8GB 1TB SSD,DELL,Other,I5,12,Used,8.0,1024.0,SSD,184000.0
ASUS Nitro Core i5 13th Gen 8GB 512 SSD,ASUS,Other,I5,13,New,8.0,512.0,SSD,386999.0
ThinkPad Core i5 12th Gen 8GB 1TB HDD,ASUS,Other,I5,12,Used,8.0,1024.0,HDD,105000.0
Apple MacBook Pro 2020 16GB 256 SSD,APPLE,MACBOOK PRO,Other,12,Used,16.0,256.0,SSD,239000.0
Apple MacBook Pro M3 4GB 256 SSD,APPLE,MACBOOK PRO,M3,0,Used,4.0,256.0,SSD,271000.0
ASUS Nitro Core i5 10th Gen 16GB 512 SSD,ASUS,Other,I5,10,Used,16.0,512.0,SSD,154999.0
Apple MacBook Pro 2020 16GB 1TB SSD,APPLE,MACBOOK PRO,Other,12,New,16.0,1024.0,SSD,536500.0
ACER TUF Core i5 6th Gen 8GB 1TB SSD,ACER,Other,I5,6,Used,8.0,1024.0,SSD,115999.0
Pavilion Core i5 10th Gen 16GB 512 SSD,DELL,Other,I5,10,Used,16.0,512.0,SSD,168999.0
DELL ThinkPad Core i5 10th Gen 8GB 256 SSD,DELL,Other,I5,10,Used,8.0,256.0,SSD,95000.0
HP Nitro Core i5 Ryzen 5 16GB 128 SSD,HP,Other,I5,0,Used,16.0,128.0,SSD,120500.0
Apple MacBook Pro M3 16GB 256 SSD,APPLE,MACBOOK PRO,M3,0,Used,16.0,256.0,SSD,256500.0
ThinkPad Core i5 Ryzen 7 8GB 1TB SSD,ASUS,Other,I5,0,Used,8.0,1024.0,SSD,173500.0
VivoBook Core i5 7th Gen 16GB 512 SSD,ACER,Other,I5,7,Used,16.0,512.0,SSD,101500.0
VivoBook Core i5 8th Gen 16GB 512 SSD,ACER,Other,I5,8,Used,16.0,512.0,SSD,106500.0
VivoBook Core i5 8th Gen 16GB 1TB HDD,ASUS,VIVOBOOK,I5,8,New,16.0,1024.0,HDD,257000.0
DELL TUF Core i5 13th Gen 16GB 128 SSD,DELL,Other,I5,13,Used,16.0,128.0,SSD,161500.0
DELL Gaming Core i5 11th Gen 16GB 256 SSD,DELL,Other,I5,11,Used,16.0,256.0,SSD,115999.0
HP Inspiron Core i5 6th Gen 32GB 256 SSD,HP,Other,I5,6,Used,32.0,256.0,SSD,150000.0
ASUS Pavilion Core i5 Ryzen 5 8GB 256 SSD,ASUS,Other,I5,0,New,8.0,256.0,SSD,214000.0
Apple MacBook Pro 2020 32GB 1TB SSD,APPLE,MACBOOK PRO,Other,12,Used,32.0,1024.0,SSD,287999.0
HP Gaming Core i5 7th Gen 4GB 1TB SSD,HP,Other,I5,7,Used,4.0,1024.0,SSD,99500.0
Apple MacBook Pro M3 4GB 256 SSD,APPLE,MACBOOK PRO,M3,0,Used,4.0,256.0,SSD,288000.0
Inspiron Core i5 8th Gen 8GB 256 SSD,HP,Other,I5,8,Used,8.0,256.0,SSD,101999.0
ACER Nitro Core i5 11th Gen 32GB 1TB HDD,ACER,NITRO,I5,11,New,32.0,1024.0,HDD,273500.0
ASUS Pavilion Core i5 10th Gen 32GB 256 SSD,ASUS,Other,I5,10,Used,32.0,256.0,SSD,185500.0
HP VivoBook Core i5 6th Gen 8GB 512 SSD,HP,Other,I5,6,New,8.0,512.0,SSD,225999.0
HP Laptop Core i5 6th Gen 8GB 1TB HDD,HP,Other,I5,6,Used,8.0,1024.0,HDD,83000.0
Nitro Core i5 11th Gen 16GB 512 SSD,ASUS,Other,I5,11,Used,16.0,512.0,SSD,176999.0
Inspiron Core i5 7th Gen 4GB 1TB SSD,HP,Other,I5,7,Used,4.0,1024.0,SSD,116999.0
HP ThinkPad Core i5 12th Gen 32GB 256 SSD,HP,Other,I5,12,Used,32.0,256.0,SSD,168999.0
ASUS Pavilion Core i5 7th Gen 32GB 1TB SSD,ASUS,Other,I5,7,Used,32.0,1024.0,SSD,219500.0
Laptop Core i5 7th Gen 8GB 256 SSD,DELL,Other,I5,7,Used,8.0,256.0,SSD,95500.0
ACER ThinkPad Core i5 Ryzen 7 8GB 1TB HDD,ACER,Other,I5,0,Used,8.0,1024.0,HDD,79999.0
HP Laptop Core i5 12th Gen 8GB 512 SSD,HP,Other,I5,12,Used,8.0,512.0,SSD,142500.0
Apple MacBook Pro 2020 8GB 512 SSD,APPLE,MACBOOK PRO,Other,12,Used,8.0,512.0,SSD,237000.0
HP Nitro Core i5 Ryzen 7 8GB 1TB HDD,HP,Other,I5,0,New,8.0,1024.0,HDD,236000.0
Apple MacBook Pro M3 32GB 128 SSD,APPLE,MACBOOK PRO,M3,0,Used,32.0,128.0,SSD,323500.0
HP Nitro Core i5 13th Gen 32GB 128 SSD,HP,Other,I5,13,Used,32.0,128.0,SSD,182000.0
Latitude Core i5 6th Gen 16GB 1TB HDD,DELL,LATITUDE,I5,6,Used,16.0,1024.0,HDD,114500.0
ACER Nitro Core i5 6th Gen 32GB 128 SSD,ACER,NITRO,I5,6,Used,32.0,128.0,SSD,129500.0
DELL VivoBook Core i5 12th Gen 4GB 512 SSD,DELL,Other,I5,12,New,4.0,512.0,SSD,238500.0
HP Latitude Core i5 13th Gen 16GB 1TB SSD,HP,Other,I5,13,Used,16.0,1024.0,SSD,251999.0
Pavilion Core i5 7th Gen 4GB 512 SSD,ACER,Other,I5,7,Used,4.0,512.0,SSD,82000.0
ACER Nitro Core i5 10th Gen 16GB 512 SSD,ACER,NITRO,I5,10,Used,16.0,512.0,SSD,142500.0
DELL Inspiron Core i5 7th Gen 8GB 256 SSD,DELL,INSPIRON,I5,7,Used,8.0,256.0,SSD,89500.0
DELL Latitude Core i5 Ryzen 5 16GB 256 SSD,DELL,LATITUDE,I5,0,Used,16.0,256.0,SSD,139500.0
DELL TUF Core i5 7th Gen 4GB 256 SSD,DELL,Other,I5,7,New,4.0,256.0,SSD,163000.0
Latitude Core i5 7th Gen 16GB 512 SSD,HP,Other,I5,7,New,16.0,512.0,SSD,239999.0
ACER Latitude Core i5 Ryzen 5 32GB 1TB SSD,ACER,Other,I5,0,Used,32.0,1024.0,SSD,196500.0
Apple MacBook Pro 2020 16GB 256 SSD,APPLE,MACBOOK PRO,Other,12,Used,16.0,256.0,SSD,192500.0
ThinkPad Core i5 Ryzen 7 8GB 256 SSD,ASUS,Other,I5,0,Used,8.0,256.0,SSD,113500.0
ASUS ThinkPad Core i5 13th Gen 8GB 512 SSD,ASUS,Other,I5,13,Used,8.0,512.0,SSD,161500.0
Pavilion Core i5 Ryzen 7 4GB 512 SSD,ACER,Other,I5,0,Used,4.0,512.0,SSD,99000.0
ASUS Pavilion Core i5 11th Gen 8GB 256 SSD,ASUS,Other,I5,11,Used,8.0,256.0,SSD,126500.0
Gaming Core i5 11th Gen 4GB 256 SSD,ASUS,Other,I5,11,Used,4.0,256.0,SSD,91999.0
ACER TUF Core i5 Ryzen 5 32GB 512 SSD,ACER,Other,I5,0,Used,32.0,512.0,SSD,179999.0
TUF Core i5 Ryzen 7 8GB 256 SSD,ACER,Other,I5,0,Used,8.0,256.0,SSD,94500.0
TUF Core i5 10th Gen 8GB 512 SSD,ASUS,TUF,I5,10,Used,8.0,512.0,SSD,145999.0
Latitude Core i5 6th Gen 4GB 256 SSD,HP,Other,I5,6,Used,4.0,256.0,SSD,69999.0
Gaming Core i5 12th Gen 8GB 1TB SSD,DELL,Other,I5,12,Used,8.0,1024.0,SSD,175000.0
HP Laptop Core i5 Ryzen 7 16GB 512 SSD,HP,Other,I5,0,Used,16.0,512.0,SSD,164999.0
Latitude Core i5 13th Gen 16GB 1TB SSD,DELL,LATITUDE,I5,13,Used,16.0,1024.0,SSD,167999.0
ACER ThinkPad Core i5 10th Gen 8GB 1TB SSD,ACER,Other,I5,10,Used,8.0,1024.0,SSD,138000.0
ASUS Latitude Core i5 11th Gen 16GB 128 SSD,ASUS,Other,I5,11,New,16.0,128.0,SSD,222500.0
ACER VivoBook Core i5 10th Gen 8GB 512 SSD,ACER,Other,I5,10,Used,8.0,512.0,SSD,81999.0
Inspiron Core i5 7th Gen 16GB 128 SSD,HP,Other,I5,7,Used,16.0,128.0,SSD,95999.0
DELL ThinkPad Core i5 8th Gen 4GB 256 SSD,DELL,Other,I5,8,Used,4.0,256.0,SSD,82500.0
DELL Laptop Core i5 Ryzen 5 8GB 512 SSD,DELL,Other,I5,0,New,8.0,512.0,SSD,249500.0
Inspiron Core i5 13th Gen 8GB 1TB SSD,ASUS,Other,I5,13,Used,8.0,1024.0,SSD,207999.0
ACER TUF Core i5 Ryzen 5 16GB 256 SSD,ACER,Other,I5,0,Used,16.0,256.0,SSD,108000.0
TUF Core i5 Ryzen 5 16GB 1TB HDD,DELL,Other,I5,0,Used,16.0,1024.0,HDD,134500.0
ACER Pavilion Core i5 6th Gen 16GB 512 SSD,ACER,Other,I5,6,Used,16.0,512.0,SSD,103999.0
Nitro Core i5 10th Gen 8GB 512 SSD,ACER,NITRO,I5,10,Used,8.0,512.0,SSD,88000.0
VivoBook Core i5 Ryzen 7 8GB 256 SSD,ACER,Other,I5,0,Used,8.0,256.0,SSD,92999.0
Apple MacBook Pro M1 16GB 256 SSD,APPLE,MACBOOK PRO,M1,0,New,16.0,256.0,SSD,545000.0
Apple MacBook Pro M3 32GB 256 SSD,APPLE,MACBOOK PRO,M3,0,New,32.0,256.0,SSD,668000.0
VivoBook Core i5 10th Gen 16GB 1TB SSD,ASUS,VIVOBOOK,I5,10,New,16.0,1024.0,SSD,379000.0
ACER Latitude Core i5 6th Gen 16GB 1TB SSD,ACER,Other,I5,6,Used,16.0,1024.0,SSD,151999.0
Pavilion Core i5 10th Gen 8GB 1TB SSD,DELL,Other,I5,10,Used,8.0,1024.0,SSD,182999.0
Latitude Core i5 8th Gen 4GB 128 SSD,HP,Other,I5,8,Used,4.0,128.0,SSD,55500.0
Nitro Core i5 7th Gen 8GB 256 SSD,ACER,NITRO,I5,7,Used,8.0,256.0,SSD,65000.0
Apple MacBook Pro M2 8GB 512 SSD,APPLE,MACBOOK PRO,M2,0,New,8.0,512.0,SSD,460000.0
ACER TUF Core i5 12th Gen 8GB 512 SSD,ACER,Other,I5,12,New,8.0,512.0,SSD,233999.0
ACER ThinkPad Core i5 6th Gen 16GB 512 SSD,ACER,Other,I5,6,Used,16.0,512.0,SSD,116500.0
Apple MacBook Pro 2020 8GB 1TB SSD,APPLE,MACBOOK PRO,Other,12,Used,8.0,1024.0,SSD,217999.0
Inspiron Core i5 6th Gen 4GB 512 SSD,ASUS,Other,I5,6,Used,4.0,512.0,SSD,104000.0
VivoBook Core i5 Ryzen 7 8GB 512 SSD,ACER,Other,I5,0,Used,8.0,512.0,SSD,137999.0
ACER Latitude Core i5 7th Gen 8GB 512 SSD,ACER,Other,I5,7,Used,8.0,512.0,SSD,85500.0
HP Nitro Core i5 7th Gen 16GB 256 SSD,HP,Other,I5,7,Used,16.0,256.0,SSD,92999.0
VivoBook Core i5 13th Gen 8GB 1TB HDD,ACER,Other,I5,13,New,8.0,1024.0,HDD,217000.0
Apple MacBook Pro M2 16GB 1TB HDD,APPLE,MACBOOK PRO,M2,0,New,16.0,1024.0,HDD,513999.0
ASUS ThinkPad Core i5 Ryzen 5 4GB 512 SSD,ASUS,Other,I5,0,Used,4.0,512.0,SSD,113999.0
HP Pavilion Core i5 13th Gen 4GB 256 SSD,HP,PAVILION,I5,13,Used,4.0,256.0,SSD,121500.0
Gaming Core i5 6th Gen 32GB 128 SSD,HP,Other,I5,6,Used,32.0,128.0,SSD,126500.0
DELL Laptop Core i5 11th Gen 32GB 128 SSD,DELL,Other,I5,11,Used,32.0,128.0,SSD,183999.0
Inspiron Core i5 8th Gen 16GB 256 SSD,ACER,Other,I5,8,Used,16.0,256.0,SSD,86500.0
Nitro Core i5 Ryzen 7 8GB 1TB SSD,HP,Other,I5,0,Used,8.0,1024.0,SSD,197000.0
ACER TUF Core i5 12th Gen 8GB 256 SSD,ACER,Other,I5,12,Used,8.0,256.0,SSD,97999.0
Inspiron Core i5 Ryzen 5 8GB 256 SSD,ASUS,Other,I5,0,Used,8.0,256.0,SSD,113999.0
DELL Laptop Core i5 11th Gen 16GB 128 SSD,DELL,Other,I5,11,New,16.0,128.0,SSD,246000.0
HP VivoBook Core i5 Ryzen 7 32GB 256 SSD,HP,Other,I5,0,Used,32.0,256.0,SSD,208000.0
Apple MacBook Pro 2020 16GB 128 SSD,APPLE,MACBOOK PRO,Other,12,Used,16.0,128.0,SSD,203000.0
Laptop Core i5 11th Gen 8GB 128 SSD,ASUS,Other,I5,11,Used,8.0,128.0,SSD,92999.0
VivoBook Core i5 11th Gen 16GB 128 SSD,HP,Other,I5,11,Used,16.0,128.0,SSD,111000.0
ASUS Gaming Core i5 13th Gen 16GB 1TB SSD,ASUS,Other,I5,13,New,16.0,1024.0,SSD,443500.0
Latitude Core i5 11th Gen 16GB 256 SSD,HP,Other,I5,11,New,16.0,256.0,SSD,263999.0
ASUS ThinkPad Core i5 Ryzen 7 16GB 128 SSD,ASUS,Other,I5,0,New,16.0,128.0,SSD,259999.0
Apple MacBook Pro M2 8GB 128 SSD,APPLE,MACBOOK PRO,M2,0,Used,8.0,128.0,SSD,221000.0
ACER Nitro Core i5 10th Gen 8GB 256 SSD,ACER,NITRO,I5,10,Used,8.0,256.0,SSD,73500.0
Inspiron Core i5 Ryzen 7 16GB 256 SSD,HP,Other,I5,0,Used,16.0,256.0,SSD,162000.0
TUF Core i5 6th Gen 4GB 256 SSD,DELL,Other,I5,6,Used,4.0,256.0,SSD,74000.0
TUF Core i5 12th Gen 8GB 1TB HDD,ACER,Other,I5,12,Used,8.0,1024.0,HDD,95000.0
ACER ThinkPad Core i5 12th Gen 16GB 1TB SSD,ACER,Other,I5,12,Used,16.0,1024.0,SSD,168000.0
DELL Gaming Core i5 13th Gen 8GB 1TB HDD,DELL,Other,I5,13,New,8.0,1024.0,HDD,310999.0
DELL Latitude Core i5 10th Gen 8GB 512 SSD,DELL,LATITUDE,I5,10,Used,8.0,512.0,SSD,112999.0
HP Laptop Core i5 6th Gen 4GB 1TB HDD,HP,Other,I5,6,New,4.0,1024.0,HDD,115500.0
Gaming Core i5 6th Gen 4GB 256 SSD,HP,Other,I5,6,New,4.0,256.0,SSD,133500.0
DELL ThinkPad Core i5 12th Gen 32GB 512 SSD,DELL,Other,I5,12,Used,32.0,512.0,SSD,248000.0
Gaming Core i5 6th Gen 16GB 512 SSD,ASUS,Other,I5,6,Used,16.0,512.0,SSD,127500.0
ThinkPad Core i5 12th Gen 4GB 1TB HDD,ASUS,Other,I5,12,Used,4.0,1024.0,HDD,110000.0
Apple MacBook Pro M1 4GB 512 SSD,APPLE,MACBOOK PRO,M1,0,Used,4.0,512.0,SSD,246500.0
Pavilion Core i5 13th Gen 16GB 1TB HDD,ASUS,Other,I5,13,Used,16.0,1024.0,HDD,174500.0
Gaming Core i5 11th Gen 16GB 512 SSD,HP,Other,I5,11,Used,16.0,512.0,SSD,134500.0
ACER Latitude Core i5 6th Gen 8GB 512 SSD,ACER,Other,I5,6,Used,8.0,512.0,SSD,90999.0
Latitude Core i5 Ryzen 7 16GB 1TB SSD,HP,Other,I5,0,Used,16.0,1024.0,SSD,229000.0
Pavilion Core i5 12th Gen 16GB 256 SSD,DELL,Other,I5,12,Used,16.0,256.0,SSD,158000.0
Pavilion Core i5 8th Gen 8GB 256 SSD,DELL,Other,I5,8,Used,8.0,256.0,SSD,84000.0
Apple MacBook Pro 2020 16GB 256 SSD,APPLE,MACBOOK PRO,Other,12,Used,16.0,256.0,SSD,225000.0
Inspiron Core i5 Ryzen 5 8GB 512 SSD,ACER,Other,I5,0,New,8.0,512.0,SSD,194500.0
Apple MacBook Pro M1 16GB 256 SSD,APPLE,MACBOOK PRO,M1,0,Used,16.0,256.0,SSD,254500.0
Pavilion Core i5 11th Gen 8GB 256 SSD,ASUS,Other,I5,11,Used,8.0,256.0,SSD,124000.0
Latitude Core i5 Ryzen 5 32GB 1TB SSD,HP,Other,I5,0,Used,32.0,1024.0,SSD,249000.0
Apple MacBook Pro 2019 16GB 256 SSD,APPLE,MACBOOK PRO,Other,8,Used,16.0,256.0,SSD,190999.0
HP Pavilion Core i5 Ryzen 7 32GB 1TB SSD,HP,PAVILION,I5,0,Used,32.0,1024.0,SSD,216000.0
Apple MacBook Pro M1 4GB 1TB HDD,APPLE,MACBOOK PRO,M1,0,Used,4.0,1024.0,HDD,198999.0
VivoBook Core i5 8th Gen 4GB 256 SSD,DELL,Other,I5,8,Used,4.0,256.0,SSD,75000.0
Inspiron Core i5 Ryzen 5 32GB 1TB HDD,ASUS,Other,I5,0,New,32.0,1024.0,HDD,363000.0
Nitro Core i5 7th Gen 4GB 1TB HDD,ASUS,Other,I5,7,Used,4.0,1024.0,HDD,69000.0
Apple MacBook Pro M1 8GB 256 SSD,APPLE,MACBOOK PRO,M1,0,Used,8.0,256.0,SSD,201000.0
Apple MacBook Pro M1 8GB 128 SSD,APPLE,MACBOOK PRO,M1,0,Used,8.0,128.0,SSD,189000.0
Nitro Core i5 12th Gen 16GB 256 SSD,ACER,NITRO,I5,12,New,16.0,256.0,SSD,236000.0
ASUS Latitude Core i5 6th Gen 8GB 1TB HDD,ASUS,Other,I5,6,Used,8.0,1024.0,HDD,75999.0
Laptop Core i5 8th Gen 8GB 256 SSD,DELL,Other,I5,8,Used,8.0,256.0,SSD,99500.0
HP ThinkPad Core i5 8th Gen 8GB 512 SSD,HP,Other,I5,8,New,8.0,512.0,SSD,208000.0
Apple MacBook Pro M1 32GB 256 SSD,APPLE,MACBOOK PRO,M1,0,Used,32.0,256.0,SSD,318000.0
Nitro Core i5 8th Gen 16GB 256 SSD,DELL,Other,I5,8,Used,16.0,256.0,SSD,137999.0
ACER Laptop Core i5 10th Gen 16GB 512 SSD,ACER,Other,I5,10,Used,16.0,512.0,SSD,124500.0
HP ThinkPad Core i5 12th Gen 32GB 256 SSD,HP,Other,I5,12,New,32.0,256.0,SSD,361000.0
ACER Latitude Core i5 6th Gen 8GB 512 SSD,ACER,Other,I5,6,Used,8.0,512.0,SSD,81999.0
ACER Latitude Core i5 12th Gen 8GB 512 SSD,ACER,Other,I5,12,Used,8.0,512.0,SSD,105999.0
VivoBook Core i5 8th Gen 8GB 128 SSD,ASUS,VIVOBOOK,I5,8,Used,8.0,128.0,SSD,79999.0
DELL Pavilion Core i5 10th Gen 8GB 512 SSD,DELL,Other,I5,10,Used,8.0,512.0,SSD,135500.0
Inspiron Core i5 11th Gen 4GB 1TB SSD,HP,Other,I5,11,Used,4.0,1024.0,SSD,169500.0
Apple MacBook Pro 2019 4GB 1TB SSD,APPLE,MACBOOK PRO,Other,8,Used,4.0,1024.0,SSD,273999.0
DELL Inspiron Core i5 11th Gen 16GB 512 SSD,DELL,INSPIRON,I5,11,Used,16.0,512.0,SSD,179500.0
Apple MacBook Pro M3 16GB 1TB SSD,APPLE,MACBOOK PRO,M3,0,New,16.0,1024.0,SSD,638999.0
Apple MacBook Pro 2020 8GB 256 SSD,APPLE,MACBOOK PRO,Other,12,Used,8.0,256.0,SSD,219500.0
DELL ThinkPad Core i5 Ryzen 5 32GB 512 SSD,DELL,Other,I5,0,New,32.0,512.0,SSD,377000.0
HP Nitro Core i5 8th Gen 4GB 1TB HDD,HP,Other,I5,8,Used,4.0,1024.0,HDD,81000.0
Latitude Core i5 13th Gen 4GB 1TB HDD,DELL,LATITUDE,I5,13,Used,4.0,1024.0,HDD,126000.0
Gaming Core i5 13th Gen 8GB 256 SSD,ASUS,Other,I5,13,Used,8.0,256.0,SSD,151000.0
ACER Nitro Core i5 11th Gen 16GB 512 SSD,ACER,NITRO,I5,11,New,16.0,512.0,SSD,286999.0
DELL Nitro Core i5 10th Gen 4GB 256 SSD,DELL,Other,I5,10,Used,4.0,256.0,SSD,82999.0
DELL Laptop Core i5 6th Gen 16GB 256 SSD,DELL,Other,I5,6,Used,16.0,256.0,SSD,97000.0
Apple MacBook Pro M2 32GB 512 SSD,APPLE,MACBOOK PRO,M2,0,New,32.0,512.0,SSD,718500.0
Pavilion Core i5 6th Gen 8GB 1TB SSD,DELL,Other,I5,6,Used,8.0,1024.0,SSD,116500.0
VivoBook Core i5 11th Gen 4GB 256 SSD,ASUS,VIVOBOOK,I5,11,Used,4.0,256.0,SSD,116000.0
ASUS VivoBook Core i5 6th Gen 16GB 256 SSD,ASUS,VIVOBOOK,I5,6,Used,16.0,256.0,SSD,131500.0
ACER TUF Core i5 11th Gen 8GB 1TB SSD,ACER,Other,I5,11,New,8.0,1024.0,SSD,256500.0
ACER Inspiron Core i5 13th Gen 8GB 128 SSD,ACER,Other,I5,13,New,8.0,128.0,SSD,184999.0
ACER Gaming Core i5 Ryzen 5 32GB 1TB HDD,ACER,Other,I5,0,Used,32.0,1024.0,HDD,124000.0
VivoBook Core i5 Ryzen 5 16GB 1TB SSD,ASUS,VIVOBOOK,I5,0,Used,16.0,1024.0,SSD,174500.0
ACER Latitude Core i5 Ryzen 7 8GB 512 SSD,ACER,Other,I5,0,New,8.0,512.0,SSD,209999.0
ThinkPad Core i5 11th Gen 8GB 1TB SSD,DELL,Other,I5,11,Used,8.0,1024.0,SSD,192999.0
Apple MacBook Pro M1 4GB 512 SSD,APPLE,MACBOOK PRO,M1,0,New,4.0,512.0,SSD,462500.0
DELL Laptop Core i5 Ryzen 7 16GB 256 SSD,DELL,Other,I5,0,Used,16.0,256.0,SSD,168500.0
HP ThinkPad Core i5 Ryzen 7 16GB 512 SSD,HP,Other,I5,0,New,16.0,512.0,SSD,346500.0
TUF Core i5 6th Gen 8GB 1TB HDD,ASUS,TUF,I5,6,Used,8.0,1024.0,HDD,88999.0
Apple MacBook Pro M1 16GB 256 SSD,APPLE,MACBOOK PRO,M1,0,Used,16.0,256.0,SSD,237999.0
Laptop Core i5 Ryzen 5 8GB 256 SSD,DELL,Other,I5,0,Used,8.0,256.0,SSD,107500.0
ThinkPad Core i5 Ryzen 7 8GB 128 SSD,ACER,Other,I5,0,New,8.0,128.0,SSD,141500.0
Gaming Core i5 13th Gen 16GB 256 SSD,ASUS,Other,I5,13,New,16.0,256.0,SSD,383999.0
Inspiron Core i5 7th Gen 16GB 512 SSD,ASUS,Other,I5,7,Used,16.0,512.0,SSD,157500.0
Latitude Core i5 Ryzen 5 8GB 1TB SSD,DELL,LATITUDE,I5,0,Used,8.0,1024.0,SSD,180000.0
TUF Core i5 12th Gen 4GB 512 SSD,HP,Other,I5,12,Used,4.0,512.0,SSD,127500.0
ThinkPad Core i5 11th Gen 8GB 256 SSD,HP,Other,I5,11,Used,8.0,256.0,SSD,92999.0
Nitro Core i5 12th Gen 16GB 512 SSD,HP,Other,I5,12,Used,16.0,512.0,SSD,174000.0
ASUS Gaming Core i5 12th Gen 8GB 1TB HDD,ASUS,Other,I5,12,Used,8.0,1024.0,HDD,111000.0
HP Laptop Core i5 7th Gen 16GB 1TB SSD,HP,Other,I5,7,New,16.0,1024.0,SSD,341500.0
DELL ThinkPad Core i5 7th Gen 8GB 512 SSD,DELL,Other,I5,7,Used,8.0,512.0,SSD,114500.0
HP VivoBook Core i5 11th Gen 32GB 1TB HDD,HP,Other,I5,11,Used,32.0,1024.0,HDD,165999.0
HP VivoBook Core i5 Ryzen 5 4GB 512 SSD,HP,Other,I5,0,Used,4.0,512.0,SSD,113000.0
ASUS Inspiron Core i5 Ryzen 5 32GB 1TB SSD,ASUS,Other,I5,0,Used,32.0,1024.0,SSD,254000.0
DELL Nitro Core i5 13th Gen 8GB 256 SSD,DELL,Other,I5,13,Used,8.0,256.0,SSD,140000.0
DELL TUF Core i5 8th Gen 16GB 512 SSD,DELL,Other,I5,8,Used,16.0,512.0,SSD,144500.0
Gaming Core i5 Ryzen 7 32GB 256 SSD,DELL,Other,I5,0,Used,32.0,256.0,SSD,226999.0
HP Inspiron Core i5 Ryzen 7 8GB 128 SSD,HP,Other,I5,0,Used,8.0,128.0,SSD,93500.0
DELL Pavilion Core i5 Ryzen 5 32GB 128 SSD,DELL,Other,I5,0,Used,32.0,128.0,SSD,175500.0
DELL ThinkPad Core i5 7th Gen 4GB 1TB HDD,DELL,Other,I5,7,Used,4.0,1024.0,HDD,83999.0
DELL Nitro Core i5 11th Gen 32GB 1TB HDD,DELL,Other,I5,11,Used,32.0,1024.0,HDD,185000.0
Laptop Core i5 7th Gen 4GB 1TB SSD,HP,Other,I5,7,Used,4.0,1024.0,SSD,127000.0
Apple MacBook Pro M3 16GB 512 SSD,APPLE,MACBOOK PRO,M3,0,New,16.0,512.0,SSD,519500.0
Inspiron Core i5 13th Gen 8GB 512 SSD,ACER,Other,I5,13,Used,8.0,512.0,SSD,108500.0
HP Pavilion Core i5 7th Gen 8GB 1TB HDD,HP,PAVILION,I5,7,New,8.0,1024.0,HDD,146000.0
Laptop Core i5 11th Gen 8GB 256 SSD,ASUS,Other,I5,11,Used,8.0,256.0,SSD,133000.0
TUF Core i5 6th Gen 16GB 512 SSD,ACER,Other,I5,6,Used,16.0,512.0,SSD,102500.0
ASUS Gaming Core i5 11th Gen 32GB 256 SSD,ASUS,Other,I5,11,Used,32.0,256.0,SSD,198500.0
ACER VivoBook Core i5 8th Gen 8GB 1TB SSD,ACER,Other,I5,8,New,8.0,1024.0,SSD,251000.0
DELL Inspiron Core i5 12th Gen 16GB 512 SSD,DELL,INSPIRON,I5,12,Used,16.0,512.0,SSD,192000.0
TUF Core i5 10th Gen 4GB 512 SSD,ASUS,TUF,I5,10,Used,4.0,512.0,SSD,105999.0
Laptop Core i5 6th Gen 8GB 512 SSD,ACER,Other,I5,6,Used,8.0,512.0,SSD,74000.0
Laptop Core i5 10th Gen 8GB 256 SSD,ACER,Other,I5,10,Used,8.0,256.0,SSD,74500.0
ACER Nitro Core i5 13th Gen 4GB 128 SSD,ACER,NITRO,I5,13,Used,4.0,128.0,SSD,101500.0
Inspiron Core i5 7th Gen 16GB 256 SSD,ACER,Other,I5,7,Used,16.0,256.0,SSD,78500.0
Apple MacBook Pro M1 8GB 512 SSD,APPLE,MACBOOK PRO,M1,0,Used,8.0,512.0,SSD,262999.0
Apple MacBook Pro M2 16GB 512 SSD,APPLE,MACBOOK PRO,M2,0,Used,16.0,512.0,SSD,311000.0
HP Laptop Core i5 12th Gen 8GB 128 SSD,HP,Other,I5,12,New,8.0,128.0,SSD,223000.0
HP Gaming Core i5 Ryzen 7 8GB 128 SSD,HP,Other,I5,0,Used,8.0,128.0,SSD,91999.0
Nitro Core i5 11th Gen 16GB 256 SSD,ASUS,Other,I5,11,New,16.0,256.0,SSD,335000.0
ACER Laptop Core i5 11th Gen 32GB 512 SSD,ACER,Other,I5,11,Used,32.0,512.0,SSD,158999.0
Nitro Core i5 8th Gen 16GB 256 SSD,DELL,Other,I5,8,New,16.0,256.0,SSD,216000.0
Gaming Core i5 Ryzen 7 8GB 256 SSD,DELL,Other,I5,0,Used,8.0,256.0,SSD,147500.0
Inspiron Core i5 8th Gen 16GB 1TB HDD,ACER,Other,I5,8,New,16.0,1024.0,HDD,203000.0
DELL VivoBook Core i5 8th Gen 4GB 512 SSD,DELL,Other,I5,8,Used,4.0,512.0,SSD,106000.0
HP Laptop Core i5 Ryzen 5 16GB 1TB SSD,HP,Other,I5,0,Used,16.0,1024.0,SSD,201500.0
Inspiron Core i5 12th Gen 32GB 256 SSD,DELL,INSPIRON,I5,12,New,32.0,256.0,SSD,419999.0
Apple MacBook Pro M3 8GB 256 SSD,APPLE,MACBOOK PRO,M3,0,Used,8.0,256.0,SSD,266000.0
HP VivoBook Core i5 10th Gen 4GB 512 SSD,HP,Other,I5,10,New,4.0,512.0,SSD,207000.0
DELL VivoBook Core i5 7th Gen 16GB 256 SSD,DELL,Other,I5,7,Used,16.0,256.0,SSD,122000.0
Apple MacBook Pro 2020 16GB 256 SSD,APPLE,MACBOOK PRO,Other,12,Used,16.0,256.0,SSD,171500.0
ASUS Pavilion Core i5 Ryzen 7 16GB 1TB SSD,ASUS,Other,I5,0,Used,16.0,1024.0,SSD,201000.0
Pavilion Core i5 10th Gen 4GB 256 SSD,DELL,Other,I5,10,New,4.0,256.0,SSD,212500.0
DELL Latitude Core i5 10th Gen 8GB 512 SSD,DELL,LATITUDE,I5,10,Used,8.0,512.0,SSD,131999.0
Nitro Core i5 10th Gen 8GB 1TB HDD,HP,Other,I5,10,New,8.0,1024.0,HDD,215000.0
Apple MacBook Pro M2 32GB 256 SSD,APPLE,MACBOOK PRO,M2,0,Used,32.0,256.0,SSD,317000.0
Apple MacBook Pro M2 16GB 512 SSD,APPLE,MACBOOK PRO,M2,0,New,16.0,512.0,SSD,617999.0
Inspiron Core i5 13th Gen 32GB 1TB SSD,ASUS,Other,I5,13,Used,32.0,1024.0,SSD,253999.0
ASUS TUF Core i5 8th Gen 16GB 512 SSD,ASUS,TUF,I5,8,Used,16.0,512.0,SSD,122999.0
ACER VivoBook Core i5 13th Gen 8GB 1TB HDD,ACER,Other,I5,13,Used,8.0,1024.0,HDD,113000.0
ASUS VivoBook Core i5 Ryzen 5 8GB 512 SSD,ASUS,VIVOBOOK,I5,0,Used,8.0,512.0,SSD,126000.0
TUF Core i5 Ryzen 7 16GB 256 SSD,ASUS,TUF,I5,0,Used,16.0,256.0,SSD,132500.0
Gaming Core i5 13th Gen 32GB 1TB HDD,ACER,Other,I5,13,New,32.0,1024.0,HDD,398000.0
Laptop Core i5 13th Gen 16GB 128 SSD,HP,Other,I5,13,Used,16.0,128.0,SSD,157500.0
DELL TUF Core i5 13th Gen 4GB 1TB SSD,DELL,Other,I5,13,Used,4.0,1024.0,SSD,200999.0
ASUS Latitude Core i5 10th Gen 32GB 256 SSD,ASUS,Other,I5,10,Used,32.0,256.0,SSD,156500.0
Latitude Core i5 12th Gen 8GB 1TB SSD,HP,Other,I5,12,Used,8.0,1024.0,SSD,178500.0
Gaming Core i5 12th Gen 16GB 512 SSD,ACER,Other,I5,12,Used,16.0,512.0,SSD,153999.0
ASUS ThinkPad Core i5 7th Gen 32GB 512 SSD,ASUS,Other,I5,7,Used,32.0,512.0,SSD,184000.0
DELL Gaming Core i5 6th Gen 16GB 512 SSD,DELL,Other,I5,6,Used,16.0,512.0,SSD,133000.0
Inspiron Core i5 12th Gen 8GB 128 SSD,ASUS,Other,I5,12,New,8.0,128.0,SSD,233000.0
DELL Pavilion Core i5 7th Gen 16GB 512 SSD,DELL,Other,I5,7,Used,16.0,512.0,SSD,140999.0
ACER Laptop Core i5 Ryzen 5 8GB 512 SSD,ACER,Other,I5,0,New,8.0,512.0,SSD,203999.0
Gaming Core i5 8th Gen 8GB 512 SSD,ACER,Other,I5,8,Used,8.0,512.0,SSD,82999.0
Apple MacBook Pro M3 32GB 512 SSD,APPLE,MACBOOK PRO,M3,0,New,32.0,512.0,SSD,642500.0
Apple MacBook Pro 2020 32GB 256 SSD,APPLE,MACBOOK PRO,Other,12,Used,32.0,256.0,SSD,252999.0
Gaming Core i5 12th Gen 32GB 1TB HDD,ACER,Other,I5,12,Used,32.0,1024.0,HDD,159500.0
Apple MacBook Pro M2 4GB 512 SSD,APPLE,MACBOOK PRO,M2,0,Used,4.0,512.0,SSD,216500.0
ACER Inspiron Core i5 11th Gen 4GB 512 SSD,ACER,Other,I5,11,New,4.0,512.0,SSD,204500.0
HP Nitro Core i5 7th Gen 4GB 1TB SSD,HP,Other,I5,7,Used,4.0,1024.0,SSD,117500.0
Apple MacBook Pro M2 8GB 512 SSD,APPLE,MACBOOK PRO,M2,0,Used,8.0,512.0,SSD,228999.0
Pavilion Core i5 6th Gen 8GB 1TB SSD,HP,PAVILION,I5,6,Used,8.0,1024.0,SSD,113000.0
ACER Pavilion Core i5 11th Gen 8GB 1TB HDD,ACER,Other,I5,11,New,8.0,1024.0,HDD,167000.0
VivoBook Core i5 Ryzen 5 8GB 256 SSD,DELL,Other,I5,0,Used,8.0,256.0,SSD,110500.0
Latitude Core i5 12th Gen 16GB 1TB SSD,ACER,Other,I5,12,Used,16.0,1024.0,SSD,213500.0
DELL Nitro Core i5 8th Gen 16GB 256 SSD,DELL,Other,I5,8,Used,16.0,256.0,SSD,135999.0
Latitude Core i5 Ryzen 7 8GB 256 SSD,HP,Other,I5,0,Used,8.0,256.0,SSD,124999.0
Laptop Core i5 Ryzen 5 4GB 512 SSD,DELL,Other,I5,0,Used,4.0,512.0,SSD,116000.0
Apple MacBook Pro M3 16GB 1TB SSD,APPLE,MACBOOK PRO,M3,0,Used,16.0,1024.0,SSD,366500.0
DELL TUF Core i5 Ryzen 7 16GB 256 SSD,DELL,Other,I5,0,New,16.0,256.0,SSD,310000.0
ASUS Latitude Core i5 11th Gen 4GB 512 SSD,ASUS,Other,I5,11,Used,4.0,512.0,SSD,126500.0
Latitude Core i5 12th Gen 4GB 512 SSD,ACER,Other,I5,12,Used,4.0,512.0,SSD,111000.0
ASUS VivoBook Core i5 6th Gen 16GB 1TB SSD,ASUS,VIVOBOOK,I5,6,Used,16.0,1024.0,SSD,163999.0
ASUS VivoBook Core i5 13th Gen 4GB 256 SSD,ASUS,VIVOBOOK,I5,13,New,4.0,256.0,SSD,302500.0
ACER Nitro Core i5 7th Gen 16GB 512 SSD,ACER,NITRO,I5,7,New,16.0,512.0,SSD,197500.0
TUF Core i5 Ryzen 5 4GB 512 SSD,ACER,Other,I5,0,Used,4.0,512.0,SSD,99999.0
ASUS VivoBook Core i5 6th Gen 32GB 256 SSD,ASUS,VIVOBOOK,I5,6,New,32.0,256.0,SSD,331000.0
Apple MacBook Pro M1 16GB 256 SSD,APPLE,MACBOOK PRO,M1,0,Used,16.0,256.0,SSD,238500.0
ThinkPad Core i5 Ryzen 5 16GB 256 SSD,ASUS,Other,I5,0,New,16.0,256.0,SSD,280500.0
Pavilion Core i5 11th Gen 32GB 256 SSD,ASUS,Other,I5,11,Used,32.0,256.0,SSD,184999.0
Laptop Core i5 Ryzen 5 8GB 512 SSD,HP,Other,I5,0,Used,8.0,512.0,SSD,139500.0
ACER Latitude Core i5 13th Gen 16GB 256 SSD,ACER,Other,I5,13,Used,16.0,256.0,SSD,120000.0
HP Pavilion Core i5 7th Gen 4GB 128 SSD,HP,PAVILION,I5,7,Used,4.0,128.0,SSD,57999.0
ACER Nitro Core i5 11th Gen 8GB 256 SSD,ACER,NITRO,I5,11,New,8.0,256.0,SSD,178500.0
ThinkPad Core i5 Ryzen 7 8GB 256 SSD,ASUS,Other,I5,0,Used,8.0,256.0,SSD,135999.0
HP Pavilion Core i5 13th Gen 8GB 512 SSD,HP,PAVILION,I5,13,Used,8.0,512.0,SSD,150500.0
HP TUF Core i5 10th Gen 4GB 1TB SSD,HP,Other,I5,10,Used,4.0,1024.0,SSD,150500.0
Gaming Core i5 10th Gen 16GB 1TB HDD,ACER,Other,I5,10,Used,16.0,1024.0,HDD,101500.0
Apple MacBook Pro M1 16GB 1TB SSD,APPLE,MACBOOK PRO,M1,0,Used,16.0,1024.0,SSD,343999.0
TUF Core i5 11th Gen 32GB 128 SSD,HP,Other,I5,11,New,32.0,128.0,SSD,314500.0
Apple MacBook Pro M3 8GB 512 SSD,APPLE,MACBOOK PRO,M3,0,Used,8.0,512.0,SSD,311500.0
Inspiron Core i5 8th Gen 4GB 1TB HDD,HP,Other,I5,8,New,4.0,1024.0,HDD,140999.0
ASUS TUF Core i5 Ryzen 7 8GB 512 SSD,ASUS,TUF,I5,0,Used,8.0,512.0,SSD,178500.0
Nitro Core i5 11th Gen 4GB 512 SSD,ASUS,Other,I5,11,Used,4.0,512.0,SSD,132999.0
TUF Core i5 11th Gen 32GB 512 SSD,ACER,Other,I5,11,Used,32.0,512.0,SSD,216000.0
DELL Latitude Core i5 13th Gen 32GB 512 SSD,DELL,LATITUDE,I5,13,Used,32.0,512.0,SSD,184000.0
Latitude Core i5 7th Gen 4GB 256 SSD,DELL,LATITUDE,I5,7,New,4.0,256.0,SSD,157000.0
Laptop Core i5 12th Gen 32GB 128 SSD,DELL,Other,I5,12,Used,32.0,128.0,SSD,198000.0
ACER ThinkPad Core i5 8th Gen 16GB 1TB SSD,ACER,Other,I5,8,Used,16.0,1024.0,SSD,135000.0
DELL Nitro Core i5 Ryzen 7 32GB 512 SSD,DELL,Other,I5,0,Used,32.0,512.0,SSD,238000.0
Apple MacBook Pro 2019 8GB 256 SSD,APPLE,MACBOOK PRO,Other,8,Used,8.0,256.0,SSD,213999.0
Apple MacBook Pro 2020 8GB 512 SSD,APPLE,MACBOOK PRO,Other,12,Used,8.0,512.0,SSD,194999.0
ASUS TUF Core i5 13th Gen 16GB 256 SSD,ASUS,TUF,I5,13,New,16.0,256.0,SSD,371500.0
Laptop Core i5 6th Gen 32GB 256 SSD,DELL,Other,I5,6,Used,32.0,256.0,SSD,179000.0
Gaming Core i5 11th Gen 8GB 256 SSD,DELL,Other,I5,11,New,8.0,256.0,SSD,219999.0
Apple MacBook Pro 2020 8GB 128 SSD,APPLE,MACBOOK PRO,Other,12,New,8.0,128.0,SSD,340500.0
ACER VivoBook Core i5 12th Gen 16GB 512 SSD,ACER,Other,I5,12,Used,16.0,512.0,SSD,143999.0
ACER VivoBook Core i5 8th Gen 8GB 512 SSD,ACER,Other,I5,8,New,8.0,512.0,SSD,162500.0
ACER Latitude Core i5 7th Gen 8GB 1TB HDD,ACER,Other,I5,7,Used,8.0,1024.0,HDD,56999.0
ASUS ThinkPad Core i5 Ryzen 7 4GB 256 SSD,ASUS,Other,I5,0,New,4.0,256.0,SSD,251000.0
Apple MacBook Pro M1 8GB 512 SSD,APPLE,MACBOOK PRO,M1,0,Used,8.0,512.0,SSD,251000.0
Pavilion Core i5 8th Gen 8GB 1TB SSD,ACER,Other,I5,8,New,8.0,1024.0,SSD,239000.0
Latitude Core i5 Ryzen 5 4GB 1TB HDD,DELL,LATITUDE,I5,0,New,4.0,1024.0,HDD,162999.0
VivoBook Core i5 Ryzen 7 16GB 256 SSD,HP,Other,I5,0,Used,16.0,256.0,SSD,143999.0
HP Pavilion Core i5 Ryzen 5 8GB 256 SSD,HP,PAVILION,I5,0,Used,8.0,256.0,SSD,111000.0
Laptop Core i5 13th Gen 16GB 256 SSD,DELL,Other,I5,13,Used,16.0,256.0,SSD,171000.0
DELL Pavilion Core i5 Ryzen 5 16GB 1TB HDD,DELL,Other,I5,0,New,16.0,1024.0,HDD,252999.0
ASUS Pavilion Core i5 10th Gen 8GB 1TB SSD,ASUS,Other,I5,10,New,8.0,1024.0,SSD,324000.0
DELL TUF Core i5 Ryzen 5 32GB 256 SSD,DELL,Other,I5,0,Used,32.0,256.0,SSD,147500.0
ACER Latitude Core i5 13th Gen 8GB 512 SSD,ACER,Other,I5,13,New,8.0,512.0,SSD,287500.0
ASUS Laptop Core i5 13th Gen 16GB 512 SSD,ASUS,Other,I5,13,Used,16.0,512.0,SSD,232000.0
Apple MacBook Pro M2 4GB 512 SSD,APPLE,MACBOOK PRO,M2,0,New,4.0,512.0,SSD,468000.0
ACER VivoBook Core i5 10th Gen 8GB 1TB HDD,ACER,Other,I5,10,New,8.0,1024.0,HDD,151500.0
Pavilion Core i5 10th Gen 8GB 512 SSD,ASUS,Other,I5,10,New,8.0,512.0,SSD,279999.0
Laptop Core i5 Ryzen 5 8GB 1TB HDD,DELL,Other,I5,0,Used,8.0,1024.0,HDD,95000.0
VivoBook Core i5 7th Gen 8GB 512 SSD,HP,Other,I5,7,Used,8.0,512.0,SSD,123500.0
DELL VivoBook Core i5 13th Gen 16GB 1TB HDD,DELL,Other,I5,13,New,16.0,1024.0,HDD,350500.0
Pavilion Core i5 12th Gen 32GB 512 SSD,DELL,Other,I5,12,Used,32.0,512.0,SSD,227999.0
VivoBook Core i5 Ryzen 7 16GB 512 SSD,HP,Other,I5,0,Used,16.0,512.0,SSD,174000.0
VivoBook Core i5 11th Gen 4GB 256 SSD,DELL,Other,I5,11,Used,4.0,256.0,SSD,104500.0
Laptop Core i5 Ryzen 7 8GB 512 SSD,ASUS,Other,I5,0,Used,8.0,512.0,SSD,131999.0
ASUS Laptop Core i5 6th Gen 16GB 256 SSD,ASUS,Other,I5,6,Used,16.0,256.0,SSD,138999.0
ThinkPad Core i5 7th Gen 32GB 256 SSD,ACER,Other,I5,7,Used,32.0,256.0,SSD,118000.0
ACER TUF Core i5 6th Gen 8GB 256 SSD,ACER,Other,I5,6,Used,8.0,256.0,SSD,61500.0
DELL Laptop Core i5 8th Gen 8GB 256 SSD,DELL,Other,I5,8,Used,8.0,256.0,SSD,100000.0
ACER Laptop Core i5 7th Gen 32GB 128 SSD,ACER,Other,I5,7,Used,32.0,128.0,SSD,122000.0
ASUS ThinkPad Core i5 8th Gen 8GB 1TB SSD,ASUS,Other,I5,8,Used,8.0,1024.0,SSD,185000.0
Apple MacBook Pro 2020 16GB 512 SSD,APPLE,MACBOOK PRO,Other,12,Used,16.0,512.0,SSD,277500.0
DELL Pavilion Core i5 8th Gen 32GB 512 SSD,DELL,Other,I5,8,Used,32.0,512.0,SSD,158500.0
Apple MacBook Pro M1 8GB 256 SSD,APPLE,MACBOOK PRO,M1,0,Used,8.0,256.0,SSD,237999.0
Pavilion Core i5 6th Gen 32GB 512 SSD,DELL,Other,I5,6,Used,32.0,512.0,SSD,166000.0
Laptop Core i5 13th Gen 4GB 1TB HDD,ASUS,Other,I5,13,Used,4.0,1024.0,HDD,147000.0
Pavilion Core i5 11th Gen 32GB 256 SSD,ACER,Other,I5,11,Used,32.0,256.0,SSD,153000.0
ACER Pavilion Core i5 Ryzen 5 16GB 512 SSD,ACER,Other,I5,0,Used,16.0,512.0,SSD,129999.0
Gaming Core i5 11th Gen 4GB 128 SSD,DELL,Other,I5,11,Used,4.0,128.0,SSD,85000.0
Nitro Core i5 12th Gen 8GB 256 SSD,ACER,NITRO,I5,12,Used,8.0,256.0,SSD,90500.0
Apple MacBook Pro M1 32GB 256 SSD,APPLE,MACBOOK PRO,M1,0,Used,32.0,256.0,SSD,301500.0
Nitro Core i5 7th Gen 32GB 256 SSD,ACER,NITRO,I5,7,Used,32.0,256.0,SSD,110500.0
ACER Nitro Core i5 Ryzen 5 16GB 512 SSD,ACER,NITRO,I5,0,Used,16.0,512.0,SSD,122000.0
TUF Core i5 6th Gen 4GB 128 SSD,DELL,Other,I5,6,New,4.0,128.0,SSD,124500.0
Nitro Core i5 8th Gen 16GB 1TB SSD,ASUS,Other,I5,8,Used,16.0,1024.0,SSD,185500.0
ASUS Pavilion Core i5 8th Gen 8GB 1TB SSD,ASUS,Other,I5,8,Used,8.0,1024.0,SSD,146500.0
Apple MacBook Pro 2019 8GB 512 SSD,APPLE,MACBOOK PRO,Other,8,Used,8.0,512.0,SSD,193500.0
Gaming Core i5 8th Gen 8GB 256 SSD,ASUS,Other,I5,8,Used,8.0,256.0,SSD,93999.0
Apple MacBook Pro M3 16GB 256 SSD,APPLE,MACBOOK PRO,M3,0,Used,16.0,256.0,SSD,310500.0
TUF Core i5 Ryzen 5 8GB 512 SSD,ACER,Other,I5,0,Used,8.0,512.0,SSD,105999.0
ASUS Gaming Core i5 10th Gen 8GB 256 SSD,ASUS,Other,I5,10,Used,8.0,256.0,SSD,99999.0
ACER VivoBook Core i5 Ryzen 7 8GB 128 SSD,ACER,Other,I5,0,Used,8.0,128.0,SSD,86999.0
HP Nitro Core i5 Ryzen 5 4GB 1TB HDD,HP,Other,I5,0,Used,4.0,1024.0,HDD,87000.0
Apple MacBook Pro 2020 32GB 1TB HDD,APPLE,MACBOOK PRO,Other,12,Used,32.0,1024.0,HDD,245999.0
ThinkPad Core i5 7th Gen 16GB 256 SSD,ASUS,Other,I5,7,Used,16.0,256.0,SSD,112999.0
Apple MacBook Pro 2020 16GB 256 SSD,APPLE,MACBOOK PRO,Other,12,Used,16.0,256.0,SSD,233500.0
ASUS Gaming Core i5 10th Gen 16GB 256 SSD,ASUS,Other,I5,10,Used,16.0,256.0,SSD,152500.0
TUF Core i5 8th Gen 8GB 128 SSD,DELL,Other,I5,8,Used,8.0,128.0,SSD,80000.0
ASUS Nitro Core i5 13th Gen 8GB 1TB HDD,ASUS,Other,I5,13,Used,8.0,1024.0,HDD,125999.0
Nitro Core i5 12th Gen 16GB 512 SSD,ACER,NITRO,I5,12,New,16.0,512.0,SSD,283999.0
Gaming Core i5 Ryzen 7 8GB 1TB HDD,ASUS,Other,I5,0,New,8.0,1024.0,HDD,262000.0
Pavilion Core i5 6th Gen 8GB 128 SSD,DELL,Other,I5,6,Used,8.0,128.0,SSD,87999.0
Apple MacBook Pro M3 16GB 256 SSD,APPLE,MACBOOK PRO,M3,0,Used,16.0,256.0,SSD,233000.0
Laptop Core i5 Ryzen 5 4GB 1TB HDD,DELL,Other,I5,0,Used,4.0,1024.0,HDD,89000.0
ThinkPad Core i5 10th Gen 8GB 512 SSD,HP,Other,I5,10,New,8.0,512.0,SSD,243000.0
ASUS ThinkPad Core i5 13th Gen 4GB 1TB SSD,ASUS,Other,I5,13,New,4.0,1024.0,SSD,407000.0
Nitro Core i5 8th Gen 4GB 256 SSD,ASUS,Other,I5,8,New,4.0,256.0,SSD,169999.0
Apple MacBook Pro M2 4GB 256 SSD,APPLE,MACBOOK PRO,M2,0,Used,4.0,256.0,SSD,186999.0
HP TUF Core i5 13th Gen 8GB 1TB SSD,HP,Other,I5,13,Used,8.0,1024.0,SSD,184999.0
HP Pavilion Core i5 11th Gen 8GB 256 SSD,HP,PAVILION,I5,11,Used,8.0,256.0,SSD,91500.0
DELL Gaming Core i5 Ryzen 5 16GB 512 SSD,DELL,Other,I5,0,Used,16.0,512.0,SSD,139000.0
HP Pavilion Core i5 10th Gen 4GB 256 SSD,HP,PAVILION,I5,10,New,4.0,256.0,SSD,173500.0
DELL Inspiron Core i5 Ryzen 5 8GB 256 SSD,DELL,INSPIRON,I5,0,Used,8.0,256.0,SSD,92000.0
Apple MacBook Pro 2019 32GB 256 SSD,APPLE,MACBOOK PRO,Other,8,New,32.0,256.0,SSD,525500.0
Apple MacBook Pro M1 32GB 256 SSD,APPLE,MACBOOK PRO,M1,0,Used,32.0,256.0,SSD,275500.0
Laptop Core i5 13th Gen 8GB 512 SSD,ACER,Other,I5,13,Used,8.0,512.0,SSD,164000.0
ACER Laptop Core i5 7th Gen 8GB 256 SSD,ACER,Other,I5,7,Used,8.0,256.0,SSD,57999.0
DELL Laptop Core i5 Ryzen 5 32GB 1TB SSD,DELL,Other,I5,0,Used,32.0,1024.0,SSD,206000.0
HP TUF Core i5 6th Gen 4GB 512 SSD,HP,Other,I5,6,New,4.0,512.0,SSD,177000.0
ACER Pavilion Core i5 12th Gen 8GB 1TB HDD,ACER,Other,I5,12,Used,8.0,1024.0,HDD,111000.0
DELL Gaming Core i5 8th Gen 32GB 128 SSD,DELL,Other,I5,8,New,32.0,128.0,SSD,308999.0
HP Inspiron Core i5 8th Gen 32GB 1TB SSD,HP,Other,I5,8,Used,32.0,1024.0,SSD,248000.0
Latitude Core i5 Ryzen 5 8GB 256 SSD,ACER,Other,I5,0,Used,8.0,256.0,SSD,80999.0
ASUS TUF Core i5 11th Gen 8GB 1TB SSD,ASUS,TUF,I5,11,New,8.0,1024.0,SSD,356999.0
ACER Inspiron Core i5 12th Gen 8GB 512 SSD,ACER,Other,I5,12,Used,8.0,512.0,SSD,137999.0
Laptop Core i5 10th Gen 4GB 128 SSD,ASUS,Other,I5,10,Used,4.0,128.0,SSD,80999.0
Inspiron Core i5 12th Gen 16GB 1TB SSD,ASUS,Other,I5,12,Used,16.0,1024.0,SSD,223000.0
ASUS VivoBook Core i5 Ryzen 5 8GB 256 SSD,ASUS,VIVOBOOK,I5,0,Used,8.0,256.0,SSD,124999.0
Latitude Core i5 8th Gen 8GB 512 SSD,ASUS,Other,I5,8,Used,8.0,512.0,SSD,131999.0
Pavilion Core i5 8th Gen 16GB 1TB SSD,HP,PAVILION,I5,8,Used,16.0,1024.0,SSD,192000.0
DELL ThinkPad Core i5 Ryzen 7 16GB 512 SSD,DELL,Other,I5,0,Used,16.0,512.0,SSD,187500.0
HP Nitro Core i5 Ryzen 7 8GB 128 SSD,HP,Other,I5,0,Used,8.0,128.0,SSD,110000.0
Gaming Core i5 Ryzen 7 32GB 512 SSD,DELL,Other,I5,0,Used,32.0,512.0,SSD,236500.0
HP Gaming Core i5 12th Gen 4GB 256 SSD,HP,Other,I5,12,Used,4.0,256.0,SSD,113500.0
Nitro Core i5 Ryzen 7 8GB 256 SSD,HP,Other,I5,0,Used,8.0,256.0,SSD,111000.0
Pavilion Core i5 12th Gen 8GB 128 SSD,ASUS,Other,I5,12,Used,8.0,128.0,SSD,107000.0
Apple MacBook Pro M1 16GB 128 SSD,APPLE,MACBOOK PRO,M1,0,Used,16.0,128.0,SSD,242500.0
Pavilion Core i5 Ryzen 5 8GB 256 SSD,HP,PAVILION,I5,0,Used,8.0,256.0,SSD,87000.0
DELL Latitude Core i5 Ryzen 5 32GB 1TB HDD,DELL,LATITUDE,I5,0,Used,32.0,1024.0,HDD,185999.0
DELL Nitro Core i5 10th Gen 16GB 1TB SSD,DELL,Other,I5,10,New,16.0,1024.0,SSD,390000.0
Inspiron Core i5 8th Gen 16GB 256 SSD,DELL,INSPIRON,I5,8,Used,16.0,256.0,SSD,121000.0
DELL ThinkPad Core i5 10th Gen 4GB 512 SSD,DELL,Other,I5,10,New,4.0,512.0,SSD,218000.0
ASUS TUF Core i5 12th Gen 8GB 1TB HDD,ASUS,TUF,I5,12,Used,8.0,1024.0,HDD,136500.0
Latitude Core i5 7th Gen 8GB 256 SSD,ACER,Other,I5,7,Used,8.0,256.0,SSD,57500.0
Apple MacBook Pro M1 8GB 512 SSD,APPLE,MACBOOK PRO,M1,0,Used,8.0,512.0,SSD,213500.0
ACER Inspiron Core i5 7th Gen 4GB 128 SSD,ACER,Other,I5,7,Used,4.0,128.0,SSD,36999.0
DELL Laptop Core i5 8th Gen 8GB 256 SSD,DELL,Other,I5,8,Used,8.0,256.0,SSD,113500.0
Gaming Core i5 11th Gen 16GB 256 SSD,HP,Other,I5,11,Used,16.0,256.0,SSD,141000.0
ASUS Gaming Core i5 Ryzen 7 8GB 512 SSD,ASUS,Other,I5,0,New,8.0,512.0,SSD,314000.0
HP Pavilion Core i5 6th Gen 16GB 256 SSD,HP,PAVILION,I5,6,Used,16.0,256.0,SSD,118500.0
VivoBook Core i5 Ryzen 7 4GB 256 SSD,HP,Other,I5,0,New,4.0,256.0,SSD,206000.0
Inspiron Core i5 10th Gen 16GB 256 SSD,ACER,Other,I5,10,Used,16.0,256.0,SSD,91999.0
Latitude Core i5 Ryzen 7 8GB 1TB SSD,ASUS,Other,I5,0,New,8.0,1024.0,SSD,373500.0
TUF Core i5 10th Gen 16GB 256 SSD,ACER,Other,I5,10,Used,16.0,256.0,SSD,92000.0
ThinkPad Core i5 10th Gen 8GB 256 SSD,ACER,Other,I5,10,Used,8.0,256.0,SSD,80000.0
Apple MacBook Pro 2019 16GB 128 SSD,APPLE,MACBOOK PRO,Other,8,Used,16.0,128.0,SSD,174000.0
VivoBook Core i5 12th Gen 4GB 512 SSD,HP,Other,I5,12,New,4.0,512.0,SSD,239999.0
Apple MacBook Pro M1 16GB 512 SSD,APPLE,MACBOOK PRO,M1,0,Used,16.0,512.0,SSD,259500.0
Apple MacBook Pro M2 4GB 256 SSD,APPLE,MACBOOK PRO,M2,0,Used,4.0,256.0,SSD,228500.0
DELL Laptop Core i5 7th Gen 16GB 256 SSD,DELL,Other,I5,7,Used,16.0,256.0,SSD,104000.0
VivoBook Core i5 13th Gen 16GB 512 SSD,ASUS,VIVOBOOK,I5,13,Used,16.0,512.0,SSD,180999.0
TUF Core i5 6th Gen 8GB 512 SSD,HP,Other,I5,6,Used,8.0,512.0,SSD,106999.0
DELL Nitro Core i5 10th Gen 16GB 512 SSD,DELL,Other,I5,10,Used,16.0,512.0,SSD,176500.0
Apple MacBook Pro M3 32GB 1TB SSD,APPLE,MACBOOK PRO,M3,0,Used,32.0,1024.0,SSD,358999.0
Apple MacBook Pro 2019 4GB 512 SSD,APPLE,MACBOOK PRO,Other,8,New,4.0,512.0,SSD,385999.0
ASUS Latitude Core i5 8th Gen 32GB 128 SSD,ASUS,Other,I5,8,New,32.0,128.0,SSD,267999.0
ThinkPad Core i5 10th Gen 32GB 1TB HDD,ASUS,Other,I5,10,Used,32.0,1024.0,HDD,151500.0
Laptop Core i5 7th Gen 8GB 512 SSD,HP,Other,I5,7,New,8.0,512.0,SSD,188000.0
ASUS Gaming Core i5 Ryzen 5 32GB 128 SSD,ASUS,Other,I5,0,Used,32.0,128.0,SSD,153500.0
HP ThinkPad Core i5 8th Gen 16GB 256 SSD,HP,Other,I5,8,Used,16.0,256.0,SSD,104500.0
Latitude Core i5 10th Gen 16GB 1TB SSD,DELL,LATITUDE,I5,10,Used,16.0,1024.0,SSD,207000.0
HP Laptop Core i5 Ryzen 7 8GB 512 SSD,HP,Other,I5,0,Used,8.0,512.0,SSD,143999.0
DELL Latitude Core i5 6th Gen 8GB 1TB SSD,DELL,LATITUDE,I5,6,Used,8.0,1024.0,SSD,147000.0
Latitude Core i5 7th Gen 16GB 512 SSD,HP,Other,I5,7,New,16.0,512.0,SSD,279000.0
DELL VivoBook Core i5 12th Gen 4GB 1TB HDD,DELL,Other,I5,12,Used,4.0,1024.0,HDD,94500.0
Apple MacBook Pro 2020 16GB 1TB HDD,APPLE,MACBOOK PRO,Other,12,Used,16.0,1024.0,HDD,206500.0
HP Latitude Core i5 7th Gen 8GB 1TB HDD,HP,Other,I5,7,New,8.0,1024.0,HDD,155500.0
ACER Latitude Core i5 10th Gen 16GB 256 SSD,ACER,Other,I5,10,Used,16.0,256.0,SSD,92500.0
Laptop Core i5 11th Gen 16GB 256 SSD,HP,Other,I5,11,Used,16.0,256.0,SSD,124500.0
Apple MacBook Pro M2 16GB 1TB HDD,APPLE,MACBOOK PRO,M2,0,Used,16.0,1024.0,HDD,284500.0
ACER Latitude Core i5 12th Gen 16GB 256 SSD,ACER,Other,I5,12,Used,16.0,256.0,SSD,122500.0
ACER Laptop Core i5 10th Gen 8GB 1TB HDD,ACER,Other,I5,10,Used,8.0,1024.0,HDD,88500.0
ASUS VivoBook Core i5 Ryzen 7 16GB 128 SSD,ASUS,VIVOBOOK,I5,0,Used,16.0,128.0,SSD,146000.0
Apple MacBook Pro M3 8GB 512 SSD,APPLE,MACBOOK PRO,M3,0,Used,8.0,512.0,SSD,252999.0
ACER ThinkPad Core i5 13th Gen 16GB 512 SSD,ACER,Other,I5,13,Used,16.0,512.0,SSD,178999.0
Apple MacBook Pro 2020 8GB 128 SSD,APPLE,MACBOOK PRO,Other,12,Used,8.0,128.0,SSD,182999.0
VivoBook Core i5 8th Gen 4GB 512 SSD,HP,Other,I5,8,Used,4.0,512.0,SSD,90000.0
ACER Latitude Core i5 Ryzen 7 16GB 1TB SSD,ACER,Other,I5,0,Used,16.0,1024.0,SSD,165999.0
HP Latitude Core i5 7th Gen 32GB 128 SSD,HP,Other,I5,7,New,32.0,128.0,SSD,244999.0
Apple MacBook Pro M3 16GB 128 SSD,APPLE,MACBOOK PRO,M3,0,New,16.0,128.0,SSD,512999.0
Apple MacBook Pro M1 32GB 128 SSD,APPLE,MACBOOK PRO,M1,0,Used,32.0,128.0,SSD,248500.0
ASUS VivoBook Core i5 13th Gen 16GB 256 SSD,ASUS,VIVOBOOK,I5,13,New,16.0,256.0,SSD,326000.0
ACER Nitro Core i5 Ryzen 7 16GB 512 SSD,ACER,NITRO,I5,0,Used,16.0,512.0,SSD,125999.0
HP TUF Core i5 Ryzen 7 16GB 512 SSD,HP,Other,I5,0,Used,16.0,512.0,SSD,161500.0
VivoBook Core i5 8th Gen 32GB 512 SSD,ACER,Other,I5,8,Used,32.0,512.0,SSD,164500.0
Gaming Core i5 Ryzen 5 8GB 128 SSD,DELL,Other,I5,0,Used,8.0,128.0,SSD,79500.0
DELL Laptop Core i5 8th Gen 8GB 1TB HDD,DELL,Other,I5,8,Used,8.0,1024.0,HDD,85500.0
DELL Laptop Core i5 7th Gen 8GB 128 SSD,DELL,Other,I5,7,Used,8.0,128.0,SSD,73000.0
VivoBook Core i5 12th Gen 8GB 1TB SSD,DELL,Other,I5,12,Used,8.0,1024.0,SSD,168000.0
VivoBook Core i5 11th Gen 4GB 256 SSD,HP,Other,I5,11,Used,4.0,256.0,SSD,112999.0
Apple MacBook Pro M3 16GB 256 SSD,APPLE,MACBOOK PRO,M3,0,Used,16.0,256.0,SSD,248500.0
Gaming Core i5 7th Gen 4GB 512 SSD,ASUS,Other,I5,7,Used,4.0,512.0,SSD,93000.0
DELL Pavilion Core i5 10th Gen 8GB 1TB SSD,DELL,Other,I5,10,New,8.0,1024.0,SSD,329000.0
VivoBook Core i5 Ryzen 7 8GB 1TB SSD,ASUS,VIVOBOOK,I5,0,Used,8.0,1024.0,SSD,184000.0
Pavilion Core i5 Ryzen 7 8GB 1TB SSD,ASUS,Other,I5,0,Used,8.0,1024.0,SSD,210000.0
Apple MacBook Pro M3 16GB 256 SSD,APPLE,MACBOOK PRO,M3,0,Used,16.0,256.0,SSD,264000.0
ASUS Pavilion Core i5 8th Gen 8GB 512 SSD,ASUS,Other,I5,8,Used,8.0,512.0,SSD,134000.0
ASUS Pavilion Core i5 Ryzen 5 4GB 512 SSD,ASUS,Other,I5,0,Used,4.0,512.0,SSD,121500.0
DELL ThinkPad Core i5 10th Gen 8GB 1TB HDD,DELL,Other,I5,10,Used,8.0,1024.0,HDD,97000.0
HP TUF Core i5 11th Gen 4GB 256 SSD,HP,Other,I5,11,Used,4.0,256.0,SSD,72000.0
TUF Core i5 6th Gen 16GB 1TB SSD,HP,Other,I5,6,Used,16.0,1024.0,SSD,172999.0
Gaming Core i5 11th Gen 16GB 256 SSD,HP,Other,I5,11,Used,16.0,256.0,SSD,148500.0
Apple MacBook Pro M3 16GB 512 SSD,APPLE,MACBOOK PRO,M3,0,New,16.0,512.0,SSD,589000.0
HP Latitude Core i5 7th Gen 4GB 512 SSD,HP,Other,I5,7,Used,4.0,512.0,SSD,107999.0
VivoBook Core i5 Ryzen 5 4GB 512 SSD,ACER,Other,I5,0,Used,4.0,512.0,SSD,76000.0
ThinkPad Core i5 12th Gen 4GB 256 SSD,ACER,Other,I5,12,Used,4.0,256.0,SSD,79000.0
ACER Laptop Core i5 8th Gen 8GB 128 SSD,ACER,Other,I5,8,Used,8.0,128.0,SSD,48000.0
Apple MacBook Pro M3 8GB 256 SSD,APPLE,MACBOOK PRO,M3,0,Used,8.0,256.0,SSD,234500.0
Laptop Core i5 8th Gen 8GB 512 SSD,ACER,Other,I5,8,Used,8.0,512.0,SSD,87999.0
ASUS Nitro Core i5 8th Gen 16GB 512 SSD,ASUS,Other,I5,8,Used,16.0,512.0,SSD,173999.0
DELL VivoBook Core i5 10th Gen 8GB 1TB HDD,DELL,Other,I5,10,Used,8.0,1024.0,HDD,89000.0
Gaming Core i5 Ryzen 5 8GB 1TB SSD,ACER,Other,I5,0,Used,8.0,1024.0,SSD,114500.0
DELL Pavilion Core i5 Ryzen 5 4GB 1TB SSD,DELL,Other,I5,0,Used,4.0,1024.0,SSD,167999.0
Pavilion Core i5 8th Gen 32GB 128 SSD,DELL,Other,I5,8,Used,32.0,128.0,SSD,153999.0
DELL Latitude Core i5 Ryzen 7 32GB 256 SSD,DELL,LATITUDE,I5,0,Used,32.0,256.0,SSD,180000.0
Apple MacBook Pro M3 4GB 512 SSD,APPLE,MACBOOK PRO,M3,0,Used,4.0,512.0,SSD,217500.0
Apple MacBook Pro 2019 32GB 1TB HDD,APPLE,MACBOOK PRO,Other,8,Used,32.0,1024.0,HDD,243999.0
VivoBook Core i5 10th Gen 16GB 256 SSD,DELL,Other,I5,10,Used,16.0,256.0,SSD,128999.0
ASUS Inspiron Core i5 8th Gen 4GB 256 SSD,ASUS,Other,I5,8,Used,4.0,256.0,SSD,100000.0
Apple MacBook Pro M3 32GB 256 SSD,APPLE,MACBOOK PRO,M3,0,Used,32.0,256.0,SSD,308000.0
ASUS VivoBook Core i5 11th Gen 32GB 1TB SSD,ASUS,VIVOBOOK,I5,11,Used,32.0,1024.0,SSD,284000.0
TUF Core i5 6th Gen 16GB 512 SSD,ACER,Other,I5,6,New,16.0,512.0,SSD,212500.0
Gaming Core i5 8th Gen 4GB 1TB SSD,ACER,Other,I5,8,Used,4.0,1024.0,SSD,125000.0
Nitro Core i5 11th Gen 16GB 512 SSD,ACER,NITRO,I5,11,Used,16.0,512.0,SSD,127000.0
Inspiron Core i5 8th Gen 16GB 128 SSD,ACER,Other,I5,8,Used,16.0,128.0,SSD,82999.0
Apple MacBook Pro M3 8GB 1TB HDD,APPLE,MACBOOK PRO,M3,0,Used,8.0,1024.0,HDD,276999.0
Inspiron Core i5 7th Gen 32GB 256 SSD,HP,Other,I5,7,Used,32.0,256.0,SSD,159000.0
DELL Inspiron Core i5 11th Gen 8GB 256 SSD,DELL,INSPIRON,I5,11,Used,8.0,256.0,SSD,126999.0
Apple MacBook Pro 2020 8GB 1TB HDD,APPLE,MACBOOK PRO,Other,12,New,8.0,1024.0,HDD,371500.0
VivoBook Core i5 13th Gen 4GB 512 SSD,ASUS,VIVOBOOK,I5,13,Used,4.0,512.0,SSD,136500.0
Apple MacBook Pro 2020 8GB 512 SSD,APPLE,MACBOOK PRO,Other,12,Used,8.0,512.0,SSD,200500.0
Gaming Core i5 11th Gen 4GB 512 SSD,DELL,Other,I5,11,Used,4.0,512.0,SSD,124500.0
Apple MacBook Pro M3 4GB 512 SSD,APPLE,MACBOOK PRO,M3,0,Used,4.0,512.0,SSD,294999.0
Inspiron Core i5 13th Gen 16GB 1TB SSD,DELL,INSPIRON,I5,13,Used,16.0,1024.0,SSD,254500.0
Apple MacBook Pro M2 32GB 512 SSD,APPLE,MACBOOK PRO,M2,0,Used,32.0,512.0,SSD,349500.0
ACER Laptop Core i5 Ryzen 7 8GB 512 SSD,ACER,Other,I5,0,Used,8.0,512.0,SSD,132000.0
Apple MacBook Pro M1 32GB 1TB SSD,APPLE,MACBOOK PRO,M1,0,Used,32.0,1024.0,SSD,373500.0
Nitro Core i5 11th Gen 8GB 256 SSD,DELL,Other,I5,11,New,8.0,256.0,SSD,231500.0
Apple MacBook Pro 2020 16GB 512 SSD,APPLE,MACBOOK PRO,Other,12,Used,16.0,512.0,SSD,241500.0
Pavilion Core i5 Ryzen 7 8GB 128 SSD,HP,PAVILION,I5,0,Used,8.0,128.0,SSD,117000.0
Latitude Core i5 Ryzen 5 16GB 128 SSD,ACER,Other,I5,0,Used,16.0,128.0,SSD,94999.0
HP TUF Core i5 6th Gen 8GB 1TB SSD,HP,Other,I5,6,New,8.0,1024.0,SSD,271999.0
Apple MacBook Pro M2 8GB 256 SSD,APPLE,MACBOOK PRO,M2,0,Used,8.0,256.0,SSD,255000.0
ACER ThinkPad Core i5 10th Gen 32GB 512 SSD,ACER,Other,I5,10,Used,32.0,512.0,SSD,147000.0
TUF Core i5 11th Gen 32GB 512 SSD,HP,Other,I5,11,New,32.0,512.0,SSD,404000.0
Apple MacBook Pro M2 32GB 256 SSD,APPLE,MACBOOK PRO,M2,0,Used,32.0,256.0,SSD,309000.0
ACER TUF Core i5 6th Gen 16GB 1TB SSD,ACER,Other,I5,6,Used,16.0,1024.0,SSD,120500.0
ACER Latitude Core i5 Ryzen 7 8GB 512 SSD,ACER,Other,I5,0,Used,8.0,512.0,SSD,120000.0
Inspiron Core i5 Ryzen 7 16GB 256 SSD,DELL,INSPIRON,I5,0,Used,16.0,256.0,SSD,141500.0
ASUS Pavilion Core i5 8th Gen 16GB 128 SSD,ASUS,Other,I5,8,Used,16.0,128.0,SSD,91500.0
Apple MacBook Pro M2 8GB 128 SSD,APPLE,MACBOOK PRO,M2,0,Used,8.0,128.0,SSD,237500.0
Gaming Core i5 11th Gen 16GB 512 SSD,ACER,Other,I5,11,New,16.0,512.0,SSD,257000.0
Latitude Core i5 7th Gen 16GB 1TB SSD,ACER,Other,I5,7,Used,16.0,1024.0,SSD,121999.0
ASUS Inspiron Core i5 12th Gen 4GB 512 SSD,ASUS,Other,I5,12,New,4.0,512.0,SSD,295999.0
DELL VivoBook Core i5 6th Gen 4GB 256 SSD,DELL,Other,I5,6,Used,4.0,256.0,SSD,88000.0
ACER Gaming Core i5 8th Gen 16GB 256 SSD,ACER,Other,I5,8,Used,16.0,256.0,SSD,92000.0
TUF Core i5 8th Gen 8GB 512 SSD,HP,Other,I5,8,New,8.0,512.0,SSD,224999.0
DELL Nitro Core i5 Ryzen 5 8GB 512 SSD,DELL,Other,I5,0,Used,8.0,512.0,SSD,110000.0
ThinkPad Core i5 Ryzen 5 16GB 512 SSD,ACER,Other,I5,0,Used,16.0,512.0,SSD,116500.0
HP Nitro Core i5 Ryzen 7 4GB 128 SSD,HP,Other,I5,0,Used,4.0,128.0,SSD,90000.0
Apple MacBook Pro M2 8GB 1TB HDD,APPLE,MACBOOK PRO,M2,0,Used,8.0,1024.0,HDD,200000.0
Latitude Core i5 Ryzen 7 8GB 512 SSD,ACER,Other,I5,0,Used,8.0,512.0,SSD,113999.0
DELL VivoBook Core i5 7th Gen 8GB 256 SSD,DELL,Other,I5,7,Used,8.0,256.0,SSD,80500.0
Apple MacBook Pro 2020 8GB 1TB HDD,APPLE,MACBOOK PRO,Other,12,Used,8.0,1024.0,HDD,230999.0
Apple MacBook Pro M2 8GB 256 SSD,APPLE,MACBOOK PRO,M2,0,Used,8.0,256.0,SSD,263000.0
Laptop Core i5 13th Gen 32GB 512 SSD,ACER,Other,I5,13,Used,32.0,512.0,SSD,189000.0
ACER Nitro Core i5 13th Gen 4GB 1TB SSD,ACER,NITRO,I5,13,Used,4.0,1024.0,SSD,150000.0
Inspiron Core i5 Ryzen 5 16GB 512 SSD,HP,Other,I5,0,Used,16.0,512.0,SSD,126000.0
DELL Nitro Core i5 13th Gen 16GB 1TB HDD,DELL,Other,I5,13,Used,16.0,1024.0,HDD,178500.0
Apple MacBook Pro M1 8GB 512 SSD,APPLE,MACBOOK PRO,M1,0,Used,8.0,512.0,SSD,238000.0
Apple MacBook Pro M2 8GB 1TB SSD,APPLE,MACBOOK PRO,M2,0,Used,8.0,1024.0,SSD,292500.0
Latitude Core i5 10th Gen 16GB 512 SSD,HP,Other,I5,10,Used,16.0,512.0,SSD,133999.0
ThinkPad Core i5 10th Gen 8GB 1TB HDD,ACER,Other,I5,10,Used,8.0,1024.0,HDD,73000.0
Pavilion Core i5 Ryzen 5 16GB 512 SSD,ACER,Other,I5,0,Used,16.0,512.0,SSD,120999.0
ASUS Gaming Core i5 10th Gen 8GB 256 SSD,ASUS,Other,I5,10,Used,8.0,256.0,SSD,122000.0
ASUS ThinkPad Core i5 Ryzen 7 8GB 512 SSD,ASUS,Other,I5,0,Used,8.0,512.0,SSD,160999.0
ACER Nitro Core i5 7th Gen 4GB 128 SSD,ACER,NITRO,I5,7,Used,4.0,128.0,SSD,32999.0
TUF Core i5 Ryzen 5 16GB 256 SSD,ASUS,TUF,I5,0,Used,16.0,256.0,SSD,146000.0
ThinkPad Core i5 Ryzen 7 4GB 128 SSD,ASUS,Other,I5,0,Used,4.0,128.0,SSD,109500.0
Apple MacBook Pro 2020 8GB 512 SSD,APPLE,MACBOOK PRO,Other,12,Used,8.0,512.0,SSD,256000.0
VivoBook Core i5 13th Gen 32GB 1TB HDD,ASUS,VIVOBOOK,I5,13,Used,32.0,1024.0,HDD,218999.0
TUF Core i5 11th Gen 8GB 512 SSD,ASUS,TUF,I5,11,Used,8.0,512.0,SSD,163000.0
DELL Latitude Core i5 11th Gen 8GB 256 SSD,DELL,LATITUDE,I5,11,Used,8.0,256.0,SSD,117500.0
ThinkPad Core i5 13th Gen 32GB 512 SSD,ASUS,Other,I5,13,Used,32.0,512.0,SSD,231000.0
Gaming Core i5 12th Gen 4GB 512 SSD,ACER,Other,I5,12,Used,4.0,512.0,SSD,110000.0
Nitro Core i5 6th Gen 16GB 128 SSD,ASUS,Other,I5,6,Used,16.0,128.0,SSD,106500.0
HP Gaming Core i5 10th Gen 32GB 256 SSD,HP,Other,I5,10,New,32.0,256.0,SSD,338000.0
TUF Core i5 Ryzen 5 8GB 512 SSD,ACER,Other,I5,0,Used,8.0,512.0,SSD,100999.0
HP Pavilion Core i5 8th Gen 16GB 128 SSD,HP,PAVILION,I5,8,Used,16.0,128.0,SSD,106999.0
TUF Core i5 13th Gen 16GB 128 SSD,DELL,Other,I5,13,Used,16.0,128.0,SSD,152000.0
Inspiron Core i5 12th Gen 8GB 1TB SSD,ASUS,Other,I5,12,New,8.0,1024.0,SSD,387500.0
Inspiron Core i5 11th Gen 32GB 1TB SSD,ACER,Other,I5,11,Used,32.0,1024.0,SSD,227000.0
Apple MacBook Pro 2019 32GB 256 SSD,APPLE,MACBOOK PRO,Other,8,Used,32.0,256.0,SSD,295000.0
Apple MacBook Pro 2020 8GB 512 SSD,APPLE,MACBOOK PRO,Other,12,Used,8.0,512.0,SSD,236000.0
ACER Nitro Core i5 10th Gen 32GB 1TB SSD,ACER,NITRO,I5,10,Used,32.0,1024.0,SSD,186999.0
Nitro Core i5 10th Gen 16GB 1TB HDD,ACER,NITRO,I5,10,Used,16.0,1024.0,HDD,94999.0
HP Pavilion Core i5 8th Gen 4GB 1TB HDD,HP,PAVILION,I5,8,Used,4.0,1024.0,HDD,60999.0
DELL Latitude Core i5 12th Gen 32GB 128 SSD,DELL,LATITUDE,I5,12,Used,32.0,128.0,SSD,157000.0
Apple MacBook Pro M3 4GB 512 SSD,APPLE,MACBOOK PRO,M3,0,Used,4.0,512.0,SSD,281500.0
HP Laptop Core i5 7th Gen 8GB 1TB SSD,HP,Other,I5,7,New,8.0,1024.0,SSD,312500.0
Apple MacBook Pro 2019 32GB 128 SSD,APPLE,MACBOOK PRO,Other,8,New,32.0,128.0,SSD,543000.0
Inspiron Core i5 10th Gen 16GB 512 SSD,ACER,Other,I5,10,Used,16.0,512.0,SSD,141999.0
HP Nitro Core i5 12th Gen 32GB 1TB SSD,HP,Other,I5,12,Used,32.0,1024.0,SSD,259000.0
VivoBook Core i5 6th Gen 32GB 128 SSD,HP,Other,I5,6,Used,32.0,128.0,SSD,129999.0
VivoBook Core i5 8th Gen 32GB 512 SSD,DELL,Other,I5,8,Used,32.0,512.0,SSD,175000.0
HP VivoBook Core i5 6th Gen 16GB 256 SSD,HP,Other,I5,6,New,16.0,256.0,SSD,224500.0
Apple MacBook Pro M1 8GB 512 SSD,APPLE,MACBOOK PRO,M1,0,Used,8.0,512.0,SSD,186999.0
TUF Core i5 13th Gen 16GB 256 SSD,DELL,Other,I5,13,Used,16.0,256.0,SSD,162000.0
DELL Pavilion Core i5 13th Gen 32GB 1TB HDD,DELL,Other,I5,13,Used,32.0,1024.0,HDD,223500.0
HP Latitude Core i5 10th Gen 8GB 512 SSD,HP,Other,I5,10,Used,8.0,512.0,SSD,96999.0
Gaming Core i5 Ryzen 5 32GB 1TB HDD,HP,Other,I5,0,Used,32.0,1024.0,HDD,134500.0
Apple MacBook Pro M1 4GB 256 SSD,APPLE,MACBOOK PRO,M1,0,Used,4.0,256.0,SSD,212500.0
Laptop Core i5 12th Gen 16GB 512 SSD,DELL,Other,I5,12,Used,16.0,512.0,SSD,129500.0
DELL VivoBook Core i5 11th Gen 16GB 128 SSD,DELL,Other,I5,11,Used,16.0,128.0,SSD,110000.0
Apple MacBook Pro M2 8GB 256 SSD,APPLE,MACBOOK PRO,M2,0,Used,8.0,256.0,SSD,213000.0
DELL Nitro Core i5 13th Gen 8GB 128 SSD,DELL,Other,I5,13,New,8.0,128.0,SSD,266500.0
HP Nitro Core i5 7th Gen 8GB 256 SSD,HP,Other,I5,7,Used,8.0,256.0,SSD,86500.0
TUF Core i5 13th Gen 8GB 256 SSD,DELL,Other,I5,13,Used,8.0,256.0,SSD,130000.0
Apple MacBook Pro 2020 4GB 1TB SSD,APPLE,MACBOOK PRO,Other,12,Used,4.0,1024.0,SSD,209500.0
HP VivoBook Core i5 11th Gen 4GB 512 SSD,HP,Other,I5,11,Used,4.0,512.0,SSD,111000.0
ACER Latitude Core i5 11th Gen 32GB 256 SSD,ACER,Other,I5,11,Used,32.0,256.0,SSD,176000.0
Laptop Core i5 11th Gen 32GB 1TB HDD,ACER,Other,I5,11,Used,32.0,1024.0,HDD,129500.0
Latitude Core i5 10th Gen 8GB 1TB HDD,HP,Other,I5,10,Used,8.0,1024.0,HDD,75000.0
TUF Core i5 13th Gen 16GB 1TB HDD,DELL,Other,I5,13,Used,16.0,1024.0,HDD,142500.0
Apple MacBook Pro M1 8GB 512 SSD,APPLE,MACBOOK PRO,M1,0,Used,8.0,512.0,SSD,260500.0
ASUS Laptop Core i5 13th Gen 8GB 512 SSD,ASUS,Other,I5,13,Used,8.0,512.0,SSD,157999.0
Apple MacBook Pro 2020 8GB 128 SSD,APPLE,MACBOOK PRO,Other,12,Used,8.0,128.0,SSD,177999.0
DELL ThinkPad Core i5 6th Gen 8GB 1TB HDD,DELL,Other,I5,6,New,8.0,1024.0,HDD,165999.0
Apple MacBook Pro 2020 4GB 1TB SSD,APPLE,MACBOOK PRO,Other,12,New,4.0,1024.0,SSD,456500.0
Apple MacBook Pro M2 32GB 1TB HDD,APPLE,MACBOOK PRO,M2,0,Used,32.0,1024.0,HDD,336999.0
ASUS Latitude Core i5 13th Gen 16GB 512 SSD,ASUS,Other,I5,13,Used,16.0,512.0,SSD,153999.0
ASUS VivoBook Core i5 13th Gen 32GB 256 SSD,ASUS,VIVOBOOK,I5,13,Used,32.0,256.0,SSD,197500.0
DELL Nitro Core i5 7th Gen 32GB 1TB SSD,DELL,Other,I5,7,Used,32.0,1024.0,SSD,198000.0
Pavilion Core i5 11th Gen 4GB 256 SSD,ACER,Other,I5,11,Used,4.0,256.0,SSD,76500.0
Apple MacBook Pro M2 32GB 256 SSD,APPLE,MACBOOK PRO,M2,0,Used,32.0,256.0,SSD,257999.0
Apple MacBook Pro 2020 4GB 128 SSD,APPLE,MACBOOK PRO,Other,12,Used,4.0,128.0,SSD,153500.0
HP ThinkPad Core i5 13th Gen 8GB 256 SSD,HP,Other,I5,13,Used,8.0,256.0,SSD,124500.0
Laptop Core i5 Ryzen 7 8GB 1TB SSD,ASUS,Other,I5,0,New,8.0,1024.0,SSD,425000.0
HP VivoBook Core i5 Ryzen 5 8GB 256 SSD,HP,Other,I5,0,Used,8.0,256.0,SSD,86000.0
Apple MacBook Pro M1 16GB 512 SSD,APPLE,MACBOOK PRO,M1,0,Used,16.0,512.0,SSD,257000.0
HP Nitro Core i5 10th Gen 32GB 1TB SSD,HP,Other,I5,10,New,32.0,1024.0,SSD,438999.0
Latitude Core i5 10th Gen 32GB 256 SSD,HP,Other,I5,10,Used,32.0,256.0,SSD,159999.0
Apple MacBook Pro M3 32GB 512 SSD,APPLE,MACBOOK PRO,M3,0,Used,32.0,512.0,SSD,315500.0
Gaming Core i5 Ryzen 5 16GB 1TB SSD,DELL,Other,I5,0,Used,16.0,1024.0,SSD,190999.0
ThinkPad Core i5 12th Gen 4GB 128 SSD,ACER,Other,I5,12,New,4.0,128.0,SSD,146500.0
Inspiron Core i5 11th Gen 8GB 512 SSD,ASUS,Other,I5,11,Used,8.0,512.0,SSD,119000.0
Pavilion Core i5 11th Gen 16GB 128 SSD,HP,PAVILION,I5,11,Used,16.0,128.0,SSD,110000.0
Gaming Core i5 6th Gen 16GB 512 SSD,ASUS,Other,I5,6,New,16.0,512.0,SSD,256000.0
Apple MacBook Pro M2 8GB 256 SSD,APPLE,MACBOOK PRO,M2,0,Used,8.0,256.0,SSD,221000.0
DELL Latitude Core i5 7th Gen 16GB 256 SSD,DELL,LATITUDE,I5,7,Used,16.0,256.0,SSD,114500.0
Apple MacBook Pro 2019 4GB 256 SSD,APPLE,MACBOOK PRO,Other,8,Used,4.0,256.0,SSD,140500.0
Pavilion Core i5 11th Gen 4GB 256 SSD,HP,PAVILION,I5,11,Used,4.0,256.0,SSD,103000.0
Apple MacBook Pro 2019 32GB 512 SSD,APPLE,MACBOOK PRO,Other,8,Used,32.0,512.0,SSD,306000.0
TUF Core i5 11th Gen 16GB 128 SSD,ACER,Other,I5,11,Used,16.0,128.0,SSD,107000.0
ASUS Gaming Core i5 11th Gen 16GB 256 SSD,ASUS,Other,I5,11,Used,16.0,256.0,SSD,153500.0
Latitude Core i5 7th Gen 16GB 512 SSD,ACER,Other,I5,7,New,16.0,512.0,SSD,212999.0
ThinkPad Core i5 12th Gen 4GB 256 SSD,HP,Other,I5,12,Used,4.0,256.0,SSD,99999.0
DELL ThinkPad Core i5 8th Gen 16GB 256 SSD,DELL,Other,I5,8,Used,16.0,256.0,SSD,138500.0
Apple MacBook Pro 2020 8GB 256 SSD,APPLE,MACBOOK PRO,Other,12,Used,8.0,256.0,SSD,196000.0
ASUS Latitude Core i5 8th Gen 8GB 1TB HDD,ASUS,Other,I5,8,Used,8.0,1024.0,HDD,84000.0
HP ThinkPad Core i5 10th Gen 8GB 512 SSD,HP,Other,I5,10,Used,8.0,512.0,SSD,115999.0
Pavilion Core i5 7th Gen 32GB 256 SSD,ASUS,Other,I5,7,Used,32.0,256.0,SSD,147999.0
Inspiron Core i5 13th Gen 8GB 256 SSD,DELL,INSPIRON,I5,13,Used,8.0,256.0,SSD,137000.0
Apple MacBook Pro M2 4GB 256 SSD,APPLE,MACBOOK PRO,M2,0,Used,4.0,256.0,SSD,233000.0
DELL Laptop Core i5 Ryzen 7 16GB 512 SSD,DELL,Other,I5,0,Used,16.0,512.0,SSD,192000.0
Apple MacBook Pro 2020 4GB 256 SSD,APPLE,MACBOOK PRO,Other,12,Used,4.0,256.0,SSD,183500.0
HP Latitude Core i5 13th Gen 32GB 1TB SSD,HP,Other,I5,13,New,32.0,1024.0,SSD,435000.0
TUF Core i5 6th Gen 8GB 128 SSD,HP,Other,I5,6,Used,8.0,128.0,SSD,65000.0
Inspiron Core i5 11th Gen 8GB 1TB HDD,ASUS,Other,I5,11,Used,8.0,1024.0,HDD,119500.0
Pavilion Core i5 10th Gen 8GB 512 SSD,ACER,Other,I5,10,Used,8.0,512.0,SSD,87999.0
ACER Laptop Core i5 11th Gen 4GB 256 SSD,ACER,Other,I5,11,New,4.0,256.0,SSD,155999.0
Apple MacBook Pro 2019 4GB 256 SSD,APPLE,MACBOOK PRO,Other,8,Used,4.0,256.0,SSD,159999.0
Nitro Core i5 6th Gen 16GB 1TB HDD,HP,Other,I5,6,New,16.0,1024.0,HDD,200000.0
HP Latitude Core i5 Ryzen 7 16GB 1TB HDD,HP,Other,I5,0,Used,16.0,1024.0,HDD,124000.0
Apple MacBook Pro 2019 16GB 256 SSD,APPLE,MACBOOK PRO,Other,8,Used,16.0,256.0,SSD,191999.0
Apple MacBook Pro 2019 8GB 256 SSD,APPLE,MACBOOK PRO,Other,8,Used,8.0,256.0,SSD,159999.0
HP VivoBook Core i5 10th Gen 16GB 1TB SSD,HP,Other,I5,10,Used,16.0,1024.0,SSD,167500.0
Inspiron Core i5 6th Gen 8GB 128 SSD,ASUS,Other,I5,6,Used,8.0,128.0,SSD,78000.0
Inspiron Core i5 Ryzen 7 8GB 1TB HDD,DELL,INSPIRON,I5,0,Used,8.0,1024.0,HDD,116500.0
ACER Pavilion Core i5 10th Gen 8GB 1TB SSD,ACER,Other,I5,10,Used,8.0,1024.0,SSD,121000.0
Nitro Core i5 Ryzen 7 16GB 1TB SSD,HP,Other,I5,0,New,16.0,1024.0,SSD,400999.0
Inspiron Core i5 13th Gen 8GB 1TB SSD,ASUS,Other,I5,13,Used,8.0,1024.0,SSD,240000.0
DELL VivoBook Core i5 Ryzen 5 16GB 256 SSD,DELL,Other,I5,0,Used,16.0,256.0,SSD,145999.0
HP Inspiron Core i5 10th Gen 4GB 1TB HDD,HP,Other,I5,10,Used,4.0,1024.0,HDD,85000.0
DELL VivoBook Core i5 13th Gen 8GB 128 SSD,DELL,Other,I5,13,Used,8.0,128.0,SSD,147500.0
Gaming Core i5 11th Gen 4GB 512 SSD,ACER,Other,I5,11,Used,4.0,512.0,SSD,96999.0
HP TUF Core i5 10th Gen 8GB 1TB SSD,HP,Other,I5,10,Used,8.0,1024.0,SSD,133999.0
Nitro Core i5 6th Gen 32GB 256 SSD,ACER,NITRO,I5,6,Used,32.0,256.0,SSD,142999.0
Inspiron Core i5 11th Gen 16GB 256 SSD,DELL,INSPIRON,I5,11,Used,16.0,256.0,SSD,145000.0
Apple MacBook Pro M1 32GB 512 SSD,APPLE,MACBOOK PRO,M1,0,Used,32.0,512.0,SSD,292000.0
ASUS Nitro Core i5 8th Gen 8GB 256 SSD,ASUS,Other,I5,8,Used,8.0,256.0,SSD,87999.0
HP VivoBook Core i5 13th Gen 8GB 256 SSD,HP,Other,I5,13,Used,8.0,256.0,SSD,158000.0
ACER Pavilion Core i5 Ryzen 7 8GB 1TB SSD,ACER,Other,I5,0,New,8.0,1024.0,SSD,354500.0
Latitude Core i5 Ryzen 5 32GB 512 SSD,DELL,LATITUDE,I5,0,New,32.0,512.0,SSD,402000.0
ACER Inspiron Core i5 8th Gen 16GB 1TB SSD,ACER,Other,I5,8,Used,16.0,1024.0,SSD,144500.0
Apple MacBook Pro 2019 16GB 256 SSD,APPLE,MACBOOK PRO,Other,8,Used,16.0,256.0,SSD,238500.0
Inspiron Core i5 13th Gen 8GB 512 SSD,ACER,Other,I5,13,New,8.0,512.0,SSD,281500.0
DELL Laptop Core i5 10th Gen 16GB 1TB HDD,DELL,Other,I5,10,Used,16.0,1024.0,HDD,110500.0
Apple MacBook Pro M3 16GB 1TB HDD,APPLE,MACBOOK PRO,M3,0,Used,16.0,1024.0,HDD,258500.0
Apple MacBook Pro 2019 32GB 256 SSD,APPLE,MACBOOK PRO,Other,8,Used,32.0,256.0,SSD,279000.0
VivoBook Core i5 13th Gen 8GB 1TB SSD,ASUS,VIVOBOOK,I5,13,Used,8.0,1024.0,SSD,199999.0
Gaming Core i5 13th Gen 4GB 512 SSD,HP,Other,I5,13,Used,4.0,512.0,SSD,143000.0
Apple MacBook Pro M1 4GB 512 SSD,APPLE,MACBOOK PRO,M1,0,Used,4.0,512.0,SSD,230000.0
VivoBook Core i5 Ryzen 5 4GB 256 SSD,ACER,Other,I5,0,Used,4.0,256.0,SSD,62500.0
Apple MacBook Pro M2 32GB 1TB SSD,APPLE,MACBOOK PRO,M2,0,New,32.0,1024.0,SSD,764999.0
Nitro Core i5 6th Gen 32GB 1TB SSD,DELL,Other,I5,6,New,32.0,1024.0,SSD,430000.0
Laptop Core i5 Ryzen 7 32GB 1TB HDD,ACER,Other,I5,0,Used,32.0,1024.0,HDD,165000.0
Apple MacBook Pro M1 16GB 512 SSD,APPLE,MACBOOK PRO,M1,0,Used,16.0,512.0,SSD,262500.0
Pavilion Core i5 11th Gen 16GB 512 SSD,ASUS,Other,I5,11,Used,16.0,512.0,SSD,171500.0
HP Nitro Core i5 Ryzen 5 8GB 128 SSD,HP,Other,I5,0,Used,8.0,128.0,SSD,86999.0
Apple MacBook Pro M2 4GB 1TB HDD,APPLE,MACBOOK PRO,M2,0,Used,4.0,1024.0,HDD,243000.0
ACER Gaming Core i5 Ryzen 5 8GB 256 SSD,ACER,Other,I5,0,Used,8.0,256.0,SSD,92999.0
Apple MacBook Pro M1 16GB 512 SSD,APPLE,MACBOOK PRO,M1,0,New,16.0,512.0,SSD,520000.0
Gaming Core i5 7th Gen 8GB 1TB HDD,DELL,Other,I5,7,Used,8.0,1024.0,HDD,85999.0
Apple MacBook Pro 2019 32GB 512 SSD,APPLE,MACBOOK PRO,Other,8,New,32.0,512.0,SSD,554999.0
HP Gaming Core i5 13th Gen 16GB 128 SSD,HP,Other,I5,13,Used,16.0,128.0,SSD,148000.0
DELL Gaming Core i5 12th Gen 16GB 1TB HDD,DELL,Other,I5,12,Used,16.0,1024.0,HDD,129500.0
ASUS VivoBook Core i5 7th Gen 32GB 256 SSD,ASUS,VIVOBOOK,I5,7,Used,32.0,256.0,SSD,190999.0
ASUS ThinkPad Core i5 10th Gen 32GB 128 SSD,ASUS,Other,I5,10,Used,32.0,128.0,SSD,176500.0
ThinkPad Core i5 Ryzen 7 16GB 256 SSD,DELL,Other,I5,0,Used,16.0,256.0,SSD,130500.0
DELL Laptop Core i5 8th Gen 8GB 1TB HDD,DELL,Other,I5,8,Used,8.0,1024.0,HDD,87500.0
DELL Nitro Core i5 Ryzen 5 8GB 512 SSD,DELL,Other,I5,0,Used,8.0,512.0,SSD,143000.0
DELL Pavilion Core i5 13th Gen 8GB 256 SSD,DELL,Other,I5,13,Used,8.0,256.0,SSD,147999.0
Apple MacBook Pro 2020 16GB 128 SSD,APPLE,MACBOOK PRO,Other,12,Used,16.0,128.0,SSD,213000.0
ASUS Gaming Core i5 10th Gen 8GB 256 SSD,ASUS,Other,I5,10,Used,8.0,256.0,SSD,105000.0
Apple MacBook Pro M3 16GB 256 SSD,APPLE,MACBOOK PRO,M3,0,Used,16.0,256.0,SSD,277999.0
ACER Laptop Core i5 8th Gen 32GB 256 SSD,ACER,Other,I5,8,Used,32.0,256.0,SSD,120999.0
VivoBook Core i5 10th Gen 8GB 512 SSD,ACER,Other,I5,10,Used,8.0,512.0,SSD,103000.0
Gaming Core i5 Ryzen 5 8GB 256 SSD,ACER,Other,I5,0,New,8.0,256.0,SSD,161500.0
Laptop Core i5 6th Gen 16GB 1TB HDD,ASUS,Other,I5,6,Used,16.0,1024.0,HDD,110000.0
Gaming Core i5 8th Gen 16GB 1TB HDD,HP,Other,I5,8,Used,16.0,1024.0,HDD,127999.0
Laptop Core i5 13th Gen 8GB 1TB HDD,ASUS,Other,I5,13,Used,8.0,1024.0,HDD,145000.0
Apple MacBook Pro 2019 16GB 512 SSD,APPLE,MACBOOK PRO,Other,8,Used,16.0,512.0,SSD,256000.0
Latitude Core i5 10th Gen 8GB 128 SSD,ACER,Other,I5,10,Used,8.0,128.0,SSD,66500.0
Gaming Core i5 Ryzen 7 32GB 1TB HDD,ASUS,Other,I5,0,Used,32.0,1024.0,HDD,163999.0
Apple MacBook Pro M3 16GB 1TB SSD,APPLE,MACBOOK PRO,M3,0,Used,16.0,1024.0,SSD,355999.0
Laptop Core i5 10th Gen 8GB 1TB HDD,ASUS,Other,I5,10,New,8.0,1024.0,HDD,209500.0
Apple MacBook Pro M3 8GB 128 SSD,APPLE,MACBOOK PRO,M3,0,Used,8.0,128.0,SSD,225000.0
Gaming Core i5 Ryzen 5 16GB 256 SSD,DELL,Other,I5,0,Used,16.0,256.0,SSD,145500.0
Nitro Core i5 8th Gen 16GB 1TB SSD,ASUS,Other,I5,8,Used,16.0,1024.0,SSD,179000.0
Apple MacBook Pro M2 16GB 512 SSD,APPLE,MACBOOK PRO,M2,0,Used,16.0,512.0,SSD,320500.0
Apple MacBook Pro M2 8GB 1TB SSD,APPLE,MACBOOK PRO,M2,0,Used,8.0,1024.0,SSD,260999.0
Inspiron Core i5 8th Gen 8GB 512 SSD,HP,Other,I5,8,Used,8.0,512.0,SSD,105000.0
Nitro Core i5 10th Gen 8GB 1TB HDD,ASUS,Other,I5,10,Used,8.0,1024.0,HDD,99000.0
Inspiron Core i5 8th Gen 4GB 512 SSD,DELL,INSPIRON,I5,8,Used,4.0,512.0,SSD,88500.0
HP Laptop Core i5 11th Gen 8GB 256 SSD,HP,Other,I5,11,Used,8.0,256.0,SSD,99000.0
Pavilion Core i5 12th Gen 8GB 128 SSD,ACER,Other,I5,12,Used,8.0,128.0,SSD,74000.0
Pavilion Core i5 10th Gen 8GB 1TB SSD,DELL,Other,I5,10,New,8.0,1024.0,SSD,365000.0
ACER Pavilion Core i5 12th Gen 8GB 512 SSD,ACER,Other,I5,12,Used,8.0,512.0,SSD,106000.0
Nitro Core i5 6th Gen 16GB 1TB HDD,DELL,Other,I5,6,Used,16.0,1024.0,HDD,115500.0
HP Laptop Core i5 7th Gen 16GB 1TB HDD,HP,Other,I5,7,Used,16.0,1024.0,HDD,104999.0
ACER Inspiron Core i5 10th Gen 16GB 256 SSD,ACER,Other,I5,10,Used,16.0,256.0,SSD,113999.0
Apple MacBook Pro M1 4GB 1TB SSD,APPLE,MACBOOK PRO,M1,0,New,4.0,1024.0,SSD,523000.0
ACER ThinkPad Core i5 10th Gen 8GB 256 SSD,ACER,Other,I5,10,New,8.0,256.0,SSD,182000.0
Gaming Core i5 13th Gen 32GB 1TB HDD,DELL,Other,I5,13,Used,32.0,1024.0,HDD,235500.0
Latitude Core i5 Ryzen 7 8GB 256 SSD,ASUS,Other,I5,0,Used,8.0,256.0,SSD,148999.0
Nitro Core i5 6th Gen 8GB 256 SSD,ACER,NITRO,I5,6,Used,8.0,256.0,SSD,59000.0
DELL VivoBook Core i5 6th Gen 8GB 512 SSD,DELL,Other,I5,6,Used,8.0,512.0,SSD,123999.0
DELL Gaming Core i5 13th Gen 16GB 512 SSD,DELL,Other,I5,13,Used,16.0,512.0,SSD,209000.0
Apple MacBook Pro M2 16GB 256 SSD,APPLE,MACBOOK PRO,M2,0,New,16.0,256.0,SSD,519500.0
DELL Gaming Core i5 8th Gen 16GB 512 SSD,DELL,Other,I5,8,Used,16.0,512.0,SSD,160000.0
Apple MacBook Pro 2020 8GB 1TB SSD,APPLE,MACBOOK PRO,Other,12,New,8.0,1024.0,SSD,502500.0
Pavilion Core i5 Ryzen 5 8GB 256 SSD,ASUS,Other,I5,0,Used,8.0,256.0,SSD,89999.0
DELL Inspiron Core i5 8th Gen 4GB 512 SSD,DELL,INSPIRON,I5,8,Used,4.0,512.0,SSD,117000.0
Gaming Core i5 12th Gen 16GB 1TB HDD,ACER,Other,I5,12,Used,16.0,1024.0,HDD,102000.0
Apple MacBook Pro M2 8GB 256 SSD,APPLE,MACBOOK PRO,M2,0,Used,8.0,256.0,SSD,223999.0
Apple MacBook Pro 2020 4GB 512 SSD,APPLE,MACBOOK PRO,Other,12,Used,4.0,512.0,SSD,221000.0
Apple MacBook Pro M1 16GB 512 SSD,APPLE,MACBOOK PRO,M1,0,Used,16.0,512.0,SSD,237999.0
ASUS ThinkPad Core i5 13th Gen 8GB 512 SSD,ASUS,Other,I5,13,Used,8.0,512.0,SSD,129000.0
Apple MacBook Pro 2020 32GB 512 SSD,APPLE,MACBOOK PRO,Other,12,Used,32.0,512.0,SSD,297500.0
ACER Latitude Core i5 12th Gen 32GB 1TB HDD,ACER,Other,I5,12,Used,32.0,1024.0,HDD,181999.0
Inspiron Core i5 13th Gen 32GB 256 SSD,DELL,INSPIRON,I5,13,Used,32.0,256.0,SSD,220000.0
VivoBook Core i5 Ryzen 7 8GB 128 SSD,ACER,Other,I5,0,Used,8.0,128.0,SSD,70000.0
DELL VivoBook Core i5 6th Gen 4GB 256 SSD,DELL,Other,I5,6,Used,4.0,256.0,SSD,86999.0
DELL Laptop Core i5 6th Gen 4GB 256 SSD,DELL,Other,I5,6,Used,4.0,256.0,SSD,80000.0
Laptop Core i5 Ryzen 7 16GB 1TB HDD,DELL,Other,I5,0,Used,16.0,1024.0,HDD,170000.0
TUF Core i5 11th Gen 4GB 1TB SSD,ASUS,TUF,I5,11,Used,4.0,1024.0,SSD,146000.0
Inspiron Core i5 7th Gen 16GB 1TB HDD,HP,Other,I5,7,Used,16.0,1024.0,HDD,87500.0
HP Inspiron Core i5 8th Gen 16GB 512 SSD,HP,Other,I5,8,Used,16.0,512.0,SSD,136500.0
Inspiron Core i5 11th Gen 16GB 1TB HDD,ASUS,Other,I5,11,Used,16.0,1024.0,HDD,137999.0
HP TUF Core i5 Ryzen 7 8GB 512 SSD,HP,Other,I5,0,Used,8.0,512.0,SSD,144999.0
Latitude Core i5 13th Gen 16GB 512 SSD,DELL,LATITUDE,I5,13,Used,16.0,512.0,SSD,188500.0
Apple MacBook Pro M1 8GB 256 SSD,APPLE,MACBOOK PRO,M1,0,Used,8.0,256.0,SSD,222500.0
ThinkPad Core i5 13th Gen 16GB 128 SSD,ASUS,Other,I5,13,Used,16.0,128.0,SSD,132500.0
TUF Core i5 7th Gen 4GB 512 SSD,DELL,Other,I5,7,New,4.0,512.0,SSD,173500.0
Apple MacBook Pro M1 32GB 1TB HDD,APPLE,MACBOOK PRO,M1,0,Used,32.0,1024.0,HDD,313999.0
ACER ThinkPad Core i5 13th Gen 16GB 1TB HDD,ACER,Other,I5,13,Used,16.0,1024.0,HDD,140000.0
Apple MacBook Pro M2 16GB 128 SSD,APPLE,MACBOOK PRO,M2,0,Used,16.0,128.0,SSD,239000.0
Inspiron Core i5 11th Gen 8GB 1TB SSD,HP,Other,I5,11,Used,8.0,1024.0,SSD,180000.0
ACER ThinkPad Core i5 12th Gen 8GB 1TB SSD,ACER,Other,I5,12,Used,8.0,1024.0,SSD,161000.0
VivoBook Core i5 10th Gen 16GB 512 SSD,DELL,Other,I5,10,New,16.0,512.0,SSD,344000.0
VivoBook Core i5 Ryzen 7 16GB 128 SSD,ASUS,VIVOBOOK,I5,0,Used,16.0,128.0,SSD,127999.0
Inspiron Core i5 11th Gen 16GB 1TB SSD,HP,Other,I5,11,Used,16.0,1024.0,SSD,150500.0
ThinkPad Core i5 Ryzen 5 4GB 512 SSD,HP,Other,I5,0,Used,4.0,512.0,SSD,98500.0
VivoBook Core i5 6th Gen 32GB 256 SSD,ASUS,VIVOBOOK,I5,6,New,32.0,256.0,SSD,296999.0
ACER Pavilion Core i5 13th Gen 16GB 512 SSD,ACER,Other,I5,13,Used,16.0,512.0,SSD,152500.0
ASUS Inspiron Core i5 11th Gen 16GB 128 SSD,ASUS,Other,I5,11,Used,16.0,128.0,SSD,125999.0
Nitro Core i5 7th Gen 16GB 512 SSD,DELL,Other,I5,7,New,16.0,512.0,SSD,261000.0
VivoBook Core i5 11th Gen 16GB 1TB HDD,HP,Other,I5,11,Used,16.0,1024.0,HDD,123500.0
DELL VivoBook Core i5 13th Gen 16GB 256 SSD,DELL,Other,I5,13,Used,16.0,256.0,SSD,204500.0
Apple MacBook Pro 2020 8GB 256 SSD,APPLE,MACBOOK PRO,Other,12,New,8.0,256.0,SSD,374500.0
Nitro Core i5 Ryzen 5 8GB 1TB SSD,HP,Other,I5,0,Used,8.0,1024.0,SSD,154500.0
Pavilion Core i5 6th Gen 16GB 256 SSD,ASUS,Other,I5,6,Used,16.0,256.0,SSD,130000.0
Laptop Core i5 12th Gen 16GB 512 SSD,ACER,Other,I5,12,New,16.0,512.0,SSD,273500.0
ASUS TUF Core i5 10th Gen 4GB 1TB SSD,ASUS,TUF,I5,10,Used,4.0,1024.0,SSD,131500.0
TUF Core i5 8th Gen 8GB 256 SSD,ASUS,TUF,I5,8,Used,8.0,256.0,SSD,86000.0
Gaming Core i5 10th Gen 16GB 1TB HDD,ACER,Other,I5,10,Used,16.0,1024.0,HDD,103500.0
Apple MacBook Pro M2 8GB 256 SSD,APPLE,MACBOOK PRO,M2,0,Used,8.0,256.0,SSD,262999.0
DELL TUF Core i5 Ryzen 7 16GB 256 SSD,DELL,Other,I5,0,Used,16.0,256.0,SSD,136000.0
Apple MacBook Pro 2020 8GB 256 SSD,APPLE,MACBOOK PRO,Other,12,Used,8.0,256.0,SSD,213999.0
HP TUF Core i5 6th Gen 16GB 1TB SSD,HP,Other,I5,6,Used,16.0,1024.0,SSD,149999.0
HP Pavilion Core i5 7th Gen 16GB 256 SSD,HP,PAVILION,I5,7,Used,16.0,256.0,SSD,95000.0
ACER Gaming Core i5 11th Gen 16GB 256 SSD,ACER,Other,I5,11,Used,16.0,256.0,SSD,116500.0
VivoBook Core i5 7th Gen 16GB 256 SSD,HP,Other,I5,7,Used,16.0,256.0,SSD,110000.0
ASUS ThinkPad Core i5 Ryzen 5 8GB 512 SSD,ASUS,Other,I5,0,Used,8.0,512.0,SSD,115000.0
Apple MacBook Pro 2020 16GB 512 SSD,APPLE,MACBOOK PRO,Other,12,Used,16.0,512.0,SSD,287500.0
ASUS Gaming Core i5 10th Gen 32GB 256 SSD,ASUS,Other,I5,10,New,32.0,256.0,SSD,361500.0
ASUS Latitude Core i5 13th Gen 4GB 256 SSD,ASUS,Other,I5,13,Used,4.0,256.0,SSD,141999.0
Laptop Core i5 10th Gen 4GB 512 SSD,HP,Other,I5,10,Used,4.0,512.0,SSD,119000.0
Apple MacBook Pro M3 8GB 256 SSD,APPLE,MACBOOK PRO,M3,0,Used,8.0,256.0,SSD,314000.0
Latitude Core i5 8th Gen 8GB 256 SSD,DELL,LATITUDE,I5,8,New,8.0,256.0,SSD,187000.0
ThinkPad Core i5 Ryzen 5 8GB 128 SSD,ASUS,Other,I5,0,New,8.0,128.0,SSD,200500.0
Apple MacBook Pro 2019 16GB 512 SSD,APPLE,MACBOOK PRO,Other,8,Used,16.0,512.0,SSD,274500.0
HP Inspiron Core i5 13th Gen 32GB 1TB SSD,HP,Other,I5,13,Used,32.0,1024.0,SSD,286000.0
ACER Nitro Core i5 13th Gen 8GB 512 SSD,ACER,NITRO,I5,13,Used,8.0,512.0,SSD,152999.0
HP Gaming Core i5 13th Gen 32GB 256 SSD,HP,Other,I5,13,Used,32.0,256.0,SSD,218000.0
Pavilion Core i5 8th Gen 8GB 128 SSD,ASUS,Other,I5,8,New,8.0,128.0,SSD,179999.0
Apple MacBook Pro 2019 32GB 256 SSD,APPLE,MACBOOK PRO,Other,8,Used,32.0,256.0,SSD,243500.0
Apple MacBook Pro 2019 32GB 1TB SSD,APPLE,MACBOOK PRO,Other,8,Used,32.0,1024.0,SSD,316000.0
Apple MacBook Pro 2020 8GB 256 SSD,APPLE,MACBOOK PRO,Other,12,Used,8.0,256.0,SSD,213999.0
Laptop Core i5 Ryzen 5 16GB 128 SSD,ACER,Other,I5,0,Used,16.0,128.0,SSD,85000.0
VivoBook Core i5 6th Gen 32GB 512 SSD,ASUS,VIVOBOOK,I5,6,New,32.0,512.0,SSD,313999.0
TUF Core i5 Ryzen 7 4GB 512 SSD,ASUS,TUF,I5,0,Used,4.0,512.0,SSD,107999.0
DELL Gaming Core i5 12th Gen 16GB 1TB SSD,DELL,Other,I5,12,Used,16.0,1024.0,SSD,222000.0
DELL ThinkPad Core i5 Ryzen 5 8GB 256 SSD,DELL,Other,I5,0,Used,8.0,256.0,SSD,100500.0
TUF Core i5 11th Gen 4GB 1TB SSD,HP,Other,I5,11,New,4.0,1024.0,SSD,282999.0
DELL TUF Core i5 13th Gen 16GB 1TB HDD,DELL,Other,I5,13,Used,16.0,1024.0,HDD,169999.0
Apple MacBook Pro 2019 16GB 256 SSD,APPLE,MACBOOK PRO,Other,8,New,16.0,256.0,SSD,420500.0
TUF Core i5 11th Gen 16GB 512 SSD,ACER,Other,I5,11,Used,16.0,512.0,SSD,140999.0
ASUS ThinkPad Core i5 Ryzen 7 16GB 128 SSD,ASUS,Other,I5,0,Used,16.0,128.0,SSD,120000.0
ASUS Gaming Core i5 10th Gen 16GB 1TB SSD,ASUS,Other,I5,10,Used,16.0,1024.0,SSD,174000.0
DELL VivoBook Core i5 13th Gen 32GB 256 SSD,DELL,Other,I5,13,Used,32.0,256.0,SSD,230000.0
Apple MacBook Pro 2019 32GB 256 SSD,APPLE,MACBOOK PRO,Other,8,New,32.0,256.0,SSD,567000.0
ACER Nitro Core i5 Ryzen 5 4GB 512 SSD,ACER,NITRO,I5,0,Used,4.0,512.0,SSD,86999.0
ASUS ThinkPad Core i5 10th Gen 8GB 256 SSD,ASUS,Other,I5,10,New,8.0,256.0,SSD,242000.0
TUF Core i5 10th Gen 16GB 256 SSD,ASUS,TUF,I5,10,Used,16.0,256.0,SSD,146999.0
TUF Core i5 Ryzen 5 8GB 1TB HDD,DELL,Other,I5,0,Used,8.0,1024.0,HDD,113000.0
Nitro Core i5 8th Gen 8GB 512 SSD,ASUS,Other,I5,8,Used,8.0,512.0,SSD,138500.0
Latitude Core i5 11th Gen 8GB 1TB HDD,ACER,Other,I5,11,Used,8.0,1024.0,HDD,75999.0
TUF Core i5 11th Gen 16GB 256 SSD,DELL,Other,I5,11,Used,16.0,256.0,SSD,137500.0
Gaming Core i5 Ryzen 7 4GB 512 SSD,ASUS,Other,I5,0,Used,4.0,512.0,SSD,124999.0
HP VivoBook Core i5 6th Gen 8GB 128 SSD,HP,Other,I5,6,New,8.0,128.0,SSD,124999.0
VivoBook Core i5 12th Gen 16GB 1TB SSD,DELL,Other,I5,12,Used,16.0,1024.0,SSD,224500.0
HP Gaming Core i5 13th Gen 16GB 512 SSD,HP,Other,I5,13,New,16.0,512.0,SSD,424999.0
Laptop Core i5 8th Gen 32GB 1TB HDD,HP,Other,I5,8,Used,32.0,1024.0,HDD,159500.0
Gaming Core i5 13th Gen 16GB 256 SSD,ASUS,Other,I5,13,New,16.0,256.0,SSD,349999.0
HP Nitro Core i5 11th Gen 4GB 1TB HDD,HP,Other,I5,11,Used,4.0,1024.0,HDD,96999.0
Laptop Core i5 8th Gen 16GB 512 SSD,ASUS,Other,I5,8,Used,16.0,512.0,SSD,174500.0
HP Pavilion Core i5 12th Gen 8GB 256 SSD,HP,PAVILION,I5,12,Used,8.0,256.0,SSD,113000.0
DELL Laptop Core i5 Ryzen 7 16GB 256 SSD,DELL,Other,I5,0,New,16.0,256.0,SSD,336000.0
ASUS Laptop Core i5 7th Gen 8GB 512 SSD,ASUS,Other,I5,7,Used,8.0,512.0,SSD,105500.0
HP Pavilion Core i5 7th Gen 16GB 512 SSD,HP,PAVILION,I5,7,Used,16.0,512.0,SSD,137000.0
HP Inspiron Core i5 6th Gen 4GB 256 SSD,HP,Other,I5,6,New,4.0,256.0,SSD,145000.0
ACER Gaming Core i5 Ryzen 7 8GB 128 SSD,ACER,Other,I5,0,Used,8.0,128.0,SSD,79500.0
Apple MacBook Pro M2 8GB 512 SSD,APPLE,MACBOOK PRO,M2,0,Used,8.0,512.0,SSD,262999.0
Latitude Core i5 10th Gen 16GB 256 SSD,ACER,Other,I5,10,Used,16.0,256.0,SSD,89999.0
ACER TUF Core i5 Ryzen 7 4GB 256 SSD,ACER,Other,I5,0,Used,4.0,256.0,SSD,74500.0
Laptop Core i5 7th Gen 8GB 512 SSD,HP,Other,I5,7,New,8.0,512.0,SSD,193999.0
ACER Gaming Core i5 6th Gen 8GB 1TB HDD,ACER,Other,I5,6,Used,8.0,1024.0,HDD,55999.0
Apple MacBook Pro M3 8GB 512 SSD,APPLE,MACBOOK PRO,M3,0,Used,8.0,512.0,SSD,259000.0
Latitude Core i5 11th Gen 16GB 512 SSD,HP,Other,I5,11,Used,16.0,512.0,SSD,173999.0
HP VivoBook Core i5 10th Gen 8GB 1TB SSD,HP,Other,I5,10,Used,8.0,1024.0,SSD,135000.0
Apple MacBook Pro M2 4GB 512 SSD,APPLE,MACBOOK PRO,M2,0,Used,4.0,512.0,SSD,282000.0
HP Pavilion Core i5 7th Gen 16GB 512 SSD,HP,PAVILION,I5,7,Used,16.0,512.0,SSD,121999.0
TUF Core i5 Ryzen 7 16GB 1TB SSD,ACER,Other,I5,0,New,16.0,1024.0,SSD,332500.0
ASUS Laptop Core i5 10th Gen 16GB 512 SSD,ASUS,Other,I5,10,Used,16.0,512.0,SSD,184999.0
Laptop Core i5 7th Gen 16GB 512 SSD,ASUS,Other,I5,7,Used,16.0,512.0,SSD,123999.0
Latitude Core i5 Ryzen 5 8GB 256 SSD,DELL,LATITUDE,I5,0,Used,8.0,256.0,SSD,115999.0
ASUS Pavilion Core i5 10th Gen 4GB 256 SSD,ASUS,Other,I5,10,New,4.0,256.0,SSD,198500.0
HP Nitro Core i5 13th Gen 16GB 1TB HDD,HP,Other,I5,13,New,16.0,1024.0,HDD,294999.0
DELL Gaming Core i5 13th Gen 8GB 256 SSD,DELL,Other,I5,13,Used,8.0,256.0,SSD,160999.0
Apple MacBook Pro M1 8GB 512 SSD,APPLE,MACBOOK PRO,M1,0,Used,8.0,512.0,SSD,299000.0
Apple MacBook Pro M2 16GB 512 SSD,APPLE,MACBOOK PRO,M2,0,Used,16.0,512.0,SSD,270500.0
ThinkPad Core i5 7th Gen 4GB 512 SSD,ASUS,Other,I5,7,Used,4.0,512.0,SSD,95500.0
VivoBook Core i5 Ryzen 7 8GB 1TB HDD,ACER,Other,I5,0,Used,8.0,1024.0,HDD,97500.0
ThinkPad Core i5 7th Gen 8GB 256 SSD,ASUS,Other,I5,7,Used,8.0,256.0,SSD,104500.0
HP Latitude Core i5 12th Gen 8GB 1TB SSD,HP,Other,I5,12,Used,8.0,1024.0,SSD,180999.0
Latitude Core i5 Ryzen 5 16GB 1TB HDD,ACER,Other,I5,0,Used,16.0,1024.0,HDD,94000.0
DELL Latitude Core i5 10th Gen 16GB 512 SSD,DELL,LATITUDE,I5,10,Used,16.0,512.0,SSD,153500.0
HP Gaming Core i5 Ryzen 5 8GB 1TB HDD,HP,Other,I5,0,Used,8.0,1024.0,HDD,108500.0
TUF Core i5 6th Gen 8GB 1TB SSD,HP,Other,I5,6,Used,8.0,1024.0,SSD,148000.0
Apple MacBook Pro M3 16GB 256 SSD,APPLE,MACBOOK PRO,M3,0,Used,16.0,256.0,SSD,258000.0
DELL TUF Core i5 13th Gen 8GB 512 SSD,DELL,Other,I5,13,Used,8.0,512.0,SSD,177000.0
TUF Core i5 Ryzen 7 16GB 1TB SSD,DELL,Other,I5,0,Used,16.0,1024.0,SSD,196000.0
Pavilion Core i5 12th Gen 8GB 1TB HDD,ASUS,Other,I5,12,Used,8.0,1024.0,HDD,108999.0
TUF Core i5 8th Gen 8GB 256 SSD,HP,Other,I5,8,Used,8.0,256.0,SSD,90500.0
HP ThinkPad Core i5 6th Gen 8GB 256 SSD,HP,Other,I5,6,Used,8.0,256.0,SSD,86999.0
ACER Laptop Core i5 12th Gen 4GB 1TB SSD,ACER,Other,I5,12,Used,4.0,1024.0,SSD,152000.0
Laptop Core i5 10th Gen 16GB 256 SSD,ASUS,Other,I5,10,Used,16.0,256.0,SSD,137999.0
ASUS TUF Core i5 7th Gen 16GB 128 SSD,ASUS,TUF,I5,7,Used,16.0,128.0,SSD,111000.0
ACER Inspiron Core i5 10th Gen 8GB 256 SSD,ACER,Other,I5,10,Used,8.0,256.0,SSD,85500.0
Latitude Core i5 Ryzen 7 32GB 512 SSD,HP,Other,I5,0,Used,32.0,512.0,SSD,212500.0
Latitude Core i5 11th Gen 8GB 256 SSD,ASUS,Other,I5,11,Used,8.0,256.0,SSD,134000.0
ACER Inspiron Core i5 10th Gen 16GB 128 SSD,ACER,Other,I5,10,Used,16.0,128.0,SSD,76999.0
Laptop Core i5 10th Gen 8GB 1TB SSD,ASUS,Other,I5,10,Used,8.0,1024.0,SSD,164500.0
Apple MacBook Pro 2019 4GB 512 SSD,APPLE,MACBOOK PRO,Other,8,Used,4.0,512.0,SSD,207999.0
Nitro Core i5 Ryzen 7 32GB 512 SSD,ACER,NITRO,I5,0,Used,32.0,512.0,SSD,208999.0
VivoBook Core i5 7th Gen 8GB 1TB SSD,ASUS,VIVOBOOK,I5,7,New,8.0,1024.0,SSD,301000.0
Nitro Core i5 10th Gen 4GB 512 SSD,DELL,Other,I5,10,New,4.0,512.0,SSD,224999.0
Apple MacBook Pro M3 4GB 512 SSD,APPLE,MACBOOK PRO,M3,0,Used,4.0,512.0,SSD,314500.0
Gaming Core i5 Ryzen 7 16GB 128 SSD,HP,Other,I5,0,New,16.0,128.0,SSD,287999.0
ASUS Latitude Core i5 10th Gen 4GB 256 SSD,ASUS,Other,I5,10,New,4.0,256.0,SSD,193500.0
ACER Pavilion Core i5 7th Gen 16GB 1TB SSD,ACER,Other,I5,7,New,16.0,1024.0,SSD,313000.0
Apple MacBook Pro 2019 16GB 256 SSD,APPLE,MACBOOK PRO,Other,8,Used,16.0,256.0,SSD,227000.0
Apple MacBook Pro M1 8GB 1TB HDD,APPLE,MACBOOK PRO,M1,0,Used,8.0,1024.0,HDD,199500.0
HP Latitude Core i5 12th Gen 8GB 512 SSD,HP,Other,I5,12,Used,8.0,512.0,SSD,132500.0
VivoBook Core i5 12th Gen 4GB 512 SSD,DELL,Other,I5,12,Used,4.0,512.0,SSD,124000.0
HP VivoBook Core i5 Ryzen 7 8GB 1TB SSD,HP,Other,I5,0,Used,8.0,1024.0,SSD,181000.0
Inspiron Core i5 11th Gen 4GB 128 SSD,ACER,Other,I5,11,Used,4.0,128.0,SSD,62000.0
Gaming Core i5 12th Gen 16GB 1TB HDD,DELL,Other,I5,12,Used,16.0,1024.0,HDD,165000.0
HP Gaming Core i5 11th Gen 8GB 512 SSD,HP,Other,I5,11,Used,8.0,512.0,SSD,122500.0
ACER Nitro Core i5 Ryzen 5 8GB 512 SSD,ACER,NITRO,I5,0,New,8.0,512.0,SSD,205000.0
ACER VivoBook Core i5 12th Gen 8GB 512 SSD,ACER,Other,I5,12,New,8.0,512.0,SSD,254500.0
Laptop Core i5 6th Gen 8GB 128 SSD,HP,Other,I5,6,Used,8.0,128.0,SSD,68999.0
DELL Latitude Core i5 8th Gen 32GB 256 SSD,DELL,LATITUDE,I5,8,Used,32.0,256.0,SSD,150999.0
VivoBook Core i5 8th Gen 16GB 256 SSD,ASUS,VIVOBOOK,I5,8,Used,16.0,256.0,SSD,137500.0
ThinkPad Core i5 12th Gen 32GB 256 SSD,DELL,Other,I5,12,New,32.0,256.0,SSD,340999.0
HP Pavilion Core i5 12th Gen 4GB 256 SSD,HP,PAVILION,I5,12,Used,4.0,256.0,SSD,94000.0
Gaming Core i5 8th Gen 8GB 256 SSD,ACER,Other,I5,8,Used,8.0,256.0,SSD,73500.0
Nitro Core i5 7th Gen 8GB 1TB SSD,ACER,NITRO,I5,7,New,8.0,1024.0,SSD,231999.0
HP Nitro Core i5 7th Gen 4GB 128 SSD,HP,Other,I5,7,Used,4.0,128.0,SSD,47000.0
ACER Nitro Core i5 8th Gen 8GB 1TB HDD,ACER,NITRO,I5,8,Used,8.0,1024.0,HDD,63500.0
Apple MacBook Pro M2 16GB 128 SSD,APPLE,MACBOOK PRO,M2,0,Used,16.0,128.0,SSD,272999.0
Apple MacBook Pro 2019 32GB 1TB HDD,APPLE,MACBOOK PRO,Other,8,Used,32.0,1024.0,HDD,207500.0
ASUS ThinkPad Core i5 6th Gen 16GB 256 SSD,ASUS,Other,I5,6,Used,16.0,256.0,SSD,102000.0
ACER Gaming Core i5 8th Gen 16GB 512 SSD,ACER,Other,I5,8,Used,16.0,512.0,SSD,122500.0
Gaming Core i5 11th Gen 8GB 256 SSD,DELL,Other,I5,11,New,8.0,256.0,SSD,260500.0
ACER VivoBook Core i5 6th Gen 16GB 1TB SSD,ACER,Other,I5,6,Used,16.0,1024.0,SSD,132000.0
Nitro Core i5 7th Gen 8GB 256 SSD,ACER,NITRO,I5,7,New,8.0,256.0,SSD,119000.0
TUF Core i5 11th Gen 8GB 256 SSD,HP,Other,I5,11,New,8.0,256.0,SSD,235999.0
Apple MacBook Pro M1 8GB 128 SSD,APPLE,MACBOOK PRO,M1,0,New,8.0,128.0,SSD,441500.0
Laptop Core i5 Ryzen 7 8GB 256 SSD,DELL,Other,I5,0,New,8.0,256.0,SSD,249500.0
VivoBook Core i5 8th Gen 4GB 1TB SSD,ACER,Other,I5,8,New,4.0,1024.0,SSD,229000.0
Laptop Core i5 Ryzen 5 8GB 512 SSD,ACER,Other,I5,0,Used,8.0,512.0,SSD,114999.0
ACER Nitro Core i5 Ryzen 5 16GB 256 SSD,ACER,NITRO,I5,0,Used,16.0,256.0,SSD,97999.0
DELL Laptop Core i5 12th Gen 8GB 256 SSD,DELL,Other,I5,12,Used,8.0,256.0,SSD,110500.0
Apple MacBook Pro M2 4GB 1TB HDD,APPLE,MACBOOK PRO,M2,0,Used,4.0,1024.0,HDD,203000.0
Apple MacBook Pro M1 16GB 128 SSD,APPLE,MACBOOK PRO,M1,0,Used,16.0,128.0,SSD,233999.0
Pavilion Core i5 6th Gen 4GB 512 SSD,ACER,Other,I5,6,New,4.0,512.0,SSD,133999.0
Laptop Core i5 11th Gen 4GB 512 SSD,DELL,Other,I5,11,Used,4.0,512.0,SSD,114000.0
Apple MacBook Pro M3 4GB 256 SSD,APPLE,MACBOOK PRO,M3,0,Used,4.0,256.0,SSD,263999.0
Latitude Core i5 11th Gen 16GB 1TB HDD,ACER,Other,I5,11,Used,16.0,1024.0,HDD,95500.0
HP Pavilion Core i5 7th Gen 8GB 256 SSD,HP,PAVILION,I5,7,Used,8.0,256.0,SSD,78000.0
HP ThinkPad Core i5 11th Gen 4GB 512 SSD,HP,Other,I5,11,Used,4.0,512.0,SSD,104999.0
Gaming Core i5 Ryzen 7 4GB 512 SSD,ACER,Other,I5,0,Used,4.0,512.0,SSD,118999.0
Latitude Core i5 8th Gen 8GB 256 SSD,HP,Other,I5,8,Used,8.0,256.0,SSD,91999.0
ASUS Laptop Core i5 8th Gen 16GB 1TB SSD,ASUS,Other,I5,8,New,16.0,1024.0,SSD,343999.0
DELL ThinkPad Core i5 6th Gen 16GB 512 SSD,DELL,Other,I5,6,Used,16.0,512.0,SSD,122500.0
Apple MacBook Pro M1 8GB 256 SSD,APPLE,MACBOOK PRO,M1,0,New,8.0,256.0,SSD,441999.0
Apple MacBook Pro 2020 16GB 1TB SSD,APPLE,MACBOOK PRO,Other,12,Used,16.0,1024.0,SSD,224000.0
DELL Laptop Core i5 10th Gen 4GB 1TB HDD,DELL,Other,I5,10,Used,4.0,1024.0,HDD,81999.0
ACER Latitude Core i5 12th Gen 8GB 1TB HDD,ACER,Other,I5,12,Used,8.0,1024.0,HDD,104999.0
ASUS ThinkPad Core i5 10th Gen 32GB 256 SSD,ASUS,Other,I5,10,Used,32.0,256.0,SSD,172000.0
Apple MacBook Pro M2 8GB 1TB HDD,APPLE,MACBOOK PRO,M2,0,Used,8.0,1024.0,HDD,254000.0
VivoBook Core i5 Ryzen 5 8GB 256 SSD,ACER,Other,I5,0,Used,8.0,256.0,SSD,70500.0
Nitro Core i5 7th Gen 8GB 1TB HDD,HP,Other,I5,7,Used,8.0,1024.0,HDD,76500.0
ACER ThinkPad Core i5 8th Gen 16GB 1TB SSD,ACER,Other,I5,8,New,16.0,1024.0,SSD,306999.0
HP Inspiron Core i5 12th Gen 32GB 1TB SSD,HP,Other,I5,12,Used,32.0,1024.0,SSD,229000.0
Apple MacBook Pro M3 8GB 256 SSD,APPLE,MACBOOK PRO,M3,0,Used,8.0,256.0,SSD,277999.0
TUF Core i5 13th Gen 8GB 1TB HDD,HP,Other,I5,13,Used,8.0,1024.0,HDD,131999.0
Apple MacBook Pro 2020 16GB 512 SSD,APPLE,MACBOOK PRO,Other,12,Used,16.0,512.0,SSD,217999.0
Apple MacBook Pro 2020 32GB 128 SSD,APPLE,MACBOOK PRO,Other,12,Used,32.0,128.0,SSD,241000.0
ACER VivoBook Core i5 13th Gen 32GB 512 SSD,ACER,Other,I5,13,New,32.0,512.0,SSD,424000.0
Pavilion Core i5 6th Gen 8GB 1TB SSD,ASUS,Other,I5,6,Used,8.0,1024.0,SSD,113999.0
ASUS Gaming Core i5 8th Gen 4GB 256 SSD,ASUS,Other,I5,8,Used,4.0,256.0,SSD,87999.0
Apple MacBook Pro M3 4GB 1TB HDD,APPLE,MACBOOK PRO,M3,0,Used,4.0,1024.0,HDD,222999.0
ACER ThinkPad Core i5 11th Gen 16GB 1TB HDD,ACER,Other,I5,11,Used,16.0,1024.0,HDD,100999.0
ASUS Inspiron Core i5 11th Gen 4GB 256 SSD,ASUS,Other,I5,11,Used,4.0,256.0,SSD,89000.0
ACER Gaming Core i5 Ryzen 5 16GB 1TB HDD,ACER,Other,I5,0,Used,16.0,1024.0,HDD,93999.0
Latitude Core i5 12th Gen 8GB 1TB SSD,ASUS,Other,I5,12,Used,8.0,1024.0,SSD,171999.0
Nitro Core i5 11th Gen 16GB 256 SSD,DELL,Other,I5,11,Used,16.0,256.0,SSD,116500.0
Apple MacBook Pro M3 8GB 256 SSD,APPLE,MACBOOK PRO,M3,0,Used,8.0,256.0,SSD,212999.0
ACER Gaming Core i5 8th Gen 16GB 256 SSD,ACER,Other,I5,8,Used,16.0,256.0,SSD,79999.0
Apple MacBook Pro M3 4GB 256 SSD,APPLE,MACBOOK PRO,M3,0,New,4.0,256.0,SSD,458000.0
HP TUF Core i5 13th Gen 8GB 1TB HDD,HP,Other,I5,13,Used,8.0,1024.0,HDD,124000.0
ASUS Inspiron Core i5 7th Gen 16GB 256 SSD,ASUS,Other,I5,7,Used,16.0,256.0,SSD,120999.0
Pavilion Core i5 6th Gen 8GB 512 SSD,DELL,Other,I5,6,Used,8.0,512.0,SSD,114000.0
Laptop Core i5 6th Gen 32GB 256 SSD,HP,Other,I5,6,New,32.0,256.0,SSD,308000.0
DELL TUF Core i5 10th Gen 32GB 1TB SSD,DELL,Other,I5,10,Used,32.0,1024.0,SSD,234000.0
ASUS Nitro Core i5 8th Gen 8GB 128 SSD,ASUS,Other,I5,8,Used,8.0,128.0,SSD,84000.0
HP Gaming Core i5 11th Gen 16GB 256 SSD,HP,Other,I5,11,New,16.0,256.0,SSD,256500.0
ACER ThinkPad Core i5 Ryzen 7 32GB 256 SSD,ACER,Other,I5,0,Used,32.0,256.0,SSD,174999.0
HP TUF Core i5 6th Gen 32GB 1TB HDD,HP,Other,I5,6,New,32.0,1024.0,HDD,298000.0
DELL Latitude Core i5 13th Gen 8GB 512 SSD,DELL,LATITUDE,I5,13,Used,8.0,512.0,SSD,151500.0
Apple MacBook Pro M2 8GB 1TB SSD,APPLE,MACBOOK PRO,M2,0,Used,8.0,1024.0,SSD,369999.0
HP Latitude Core i5 7th Gen 16GB 1TB SSD,HP,Other,I5,7,Used,16.0,1024.0,SSD,166999.0
HP VivoBook Core i5 Ryzen 7 16GB 128 SSD,HP,Other,I5,0,Used,16.0,128.0,SSD,133999.0
ASUS Latitude Core i5 13th Gen 16GB 512 SSD,ASUS,Other,I5,13,Used,16.0,512.0,SSD,182000.0
Laptop Core i5 Ryzen 5 16GB 1TB SSD,ASUS,Other,I5,0,Used,16.0,1024.0,SSD,160500.0
HP TUF Core i5 12th Gen 8GB 256 SSD,HP,Other,I5,12,New,8.0,256.0,SSD,216999.0
VivoBook Core i5 8th Gen 16GB 512 SSD,ASUS,VIVOBOOK,I5,8,Used,16.0,512.0,SSD,150000.0
DELL Nitro Core i5 7th Gen 8GB 256 SSD,DELL,Other,I5,7,Used,8.0,256.0,SSD,76000.0
ThinkPad Core i5 12th Gen 8GB 1TB HDD,ACER,Other,I5,12,New,8.0,1024.0,HDD,194999.0
Apple MacBook Pro M3 16GB 1TB HDD,APPLE,MACBOOK PRO,M3,0,Used,16.0,1024.0,HDD,251999.0
ASUS ThinkPad Core i5 Ryzen 7 8GB 512 SSD,ASUS,Other,I5,0,Used,8.0,512.0,SSD,148000.0
ThinkPad Core i5 12th Gen 16GB 256 SSD,DELL,Other,I5,12,Used,16.0,256.0,SSD,126500.0
DELL Latitude Core i5 13th Gen 32GB 512 SSD,DELL,LATITUDE,I5,13,New,32.0,512.0,SSD,435000.0
Laptop Core i5 8th Gen 16GB 1TB HDD,ASUS,Other,I5,8,Used,16.0,1024.0,HDD,115500.0
HP Gaming Core i5 11th Gen 16GB 1TB HDD,HP,Other,I5,11,Used,16.0,1024.0,HDD,126000.0
ACER Nitro Core i5 8th Gen 16GB 512 SSD,ACER,NITRO,I5,8,Used,16.0,512.0,SSD,99000.0
Gaming Core i5 10th Gen 4GB 256 SSD,ASUS,Other,I5,10,Used,4.0,256.0,SSD,106500.0
ASUS TUF Core i5 13th Gen 32GB 512 SSD,ASUS,TUF,I5,13,New,32.0,512.0,SSD,412000.0
Pavilion Core i5 Ryzen 5 8GB 128 SSD,HP,PAVILION,I5,0,Used,8.0,128.0,SSD,81000.0
ASUS Gaming Core i5 13th Gen 8GB 128 SSD,ASUS,Other,I5,13,Used,8.0,128.0,SSD,112999.0
DELL Gaming Core i5 Ryzen 7 16GB 256 SSD,DELL,Other,I5,0,Used,16.0,256.0,SSD,158999.0
Apple MacBook Pro 2019 16GB 1TB HDD,APPLE,MACBOOK PRO,Other,8,Used,16.0,1024.0,HDD,224999.0
HP ThinkPad Core i5 Ryzen 7 32GB 128 SSD,HP,Other,I5,0,New,32.0,128.0,SSD,340500.0
TUF Core i5 Ryzen 5 8GB 256 SSD,ASUS,TUF,I5,0,Used,8.0,256.0,SSD,114999.0
Pavilion Core i5 6th Gen 8GB 256 SSD,ACER,Other,I5,6,Used,8.0,256.0,SSD,57000.0
Pavilion Core i5 12th Gen 4GB 1TB SSD,HP,PAVILION,I5,12,New,4.0,1024.0,SSD,330999.0
HP Nitro Core i5 Ryzen 7 16GB 256 SSD,HP,Other,I5,0,Used,16.0,256.0,SSD,162999.0
HP ThinkPad Core i5 Ryzen 7 16GB 128 SSD,HP,Other,I5,0,Used,16.0,128.0,SSD,115000.0
Apple MacBook Pro M3 32GB 256 SSD,APPLE,MACBOOK PRO,M3,0,New,32.0,256.0,SSD,651000.0
ThinkPad Core i5 6th Gen 32GB 512 SSD,ACER,Other,I5,6,Used,32.0,512.0,SSD,142000.0
Nitro Core i5 8th Gen 16GB 512 SSD,HP,Other,I5,8,Used,16.0,512.0,SSD,109500.0
VivoBook Core i5 7th Gen 32GB 256 SSD,HP,Other,I5,7,Used,32.0,256.0,SSD,131500.0
Apple MacBook Pro 2019 32GB 256 SSD,APPLE,MACBOOK PRO,Other,8,Used,32.0,256.0,SSD,212000.0
Apple MacBook Pro 2019 8GB 512 SSD,APPLE,MACBOOK PRO,Other,8,Used,8.0,512.0,SSD,226999.0
Apple MacBook Pro M2 16GB 1TB SSD,APPLE,MACBOOK PRO,M2,0,Used,16.0,1024.0,SSD,311999.0
ASUS Pavilion Core i5 Ryzen 7 4GB 1TB HDD,ASUS,Other,I5,0,Used,4.0,1024.0,HDD,100500.0
ThinkPad Core i5 Ryzen 5 32GB 256 SSD,ACER,Other,I5,0,Used,32.0,256.0,SSD,148000.0
VivoBook Core i5 13th Gen 16GB 512 SSD,ASUS,VIVOBOOK,I5,13,Used,16.0,512.0,SSD,177500.0
Pavilion Core i5 11th Gen 16GB 1TB SSD,DELL,Other,I5,11,New,16.0,1024.0,SSD,404500.0
Pavilion Core i5 11th Gen 4GB 256 SSD,DELL,Other,I5,11,Used,4.0,256.0,SSD,124500.0
DELL Latitude Core i5 Ryzen 7 8GB 512 SSD,DELL,LATITUDE,I5,0,Used,8.0,512.0,SSD,134000.0
DELL Nitro Core i5 8th Gen 8GB 512 SSD,DELL,Other,I5,8,Used,8.0,512.0,SSD,117500.0
ACER ThinkPad Core i5 11th Gen 32GB 256 SSD,ACER,Other,I5,11,Used,32.0,256.0,SSD,161500.0
Nitro Core i5 Ryzen 5 8GB 256 SSD,HP,Other,I5,0,Used,8.0,256.0,SSD,97000.0
Gaming Core i5 13th Gen 32GB 256 SSD,DELL,Other,I5,13,Used,32.0,256.0,SSD,197999.0
ASUS TUF Core i5 6th Gen 8GB 128 SSD,ASUS,TUF,I5,6,New,8.0,128.0,SSD,142000.0
Gaming Core i5 Ryzen 7 32GB 256 SSD,HP,Other,I5,0,Used,32.0,256.0,SSD,182999.0
ThinkPad Core i5 6th Gen 16GB 512 SSD,DELL,Other,I5,6,Used,16.0,512.0,SSD,113999.0
ASUS Pavilion Core i5 8th Gen 32GB 128 SSD,ASUS,Other,I5,8,New,32.0,128.0,SSD,335000.0
Laptop Core i5 8th Gen 32GB 256 SSD,HP,Other,I5,8,New,32.0,256.0,SSD,311500.0
Apple MacBook Pro 2019 16GB 1TB SSD,APPLE,MACBOOK PRO,Other,8,Used,16.0,1024.0,SSD,274999.0
HP ThinkPad Core i5 13th Gen 8GB 256 SSD,HP,Other,I5,13,Used,8.0,256.0,SSD,137000.0
Latitude Core i5 13th Gen 32GB 256 SSD,ACER,Other,I5,13,New,32.0,256.0,SSD,362000.0
TUF Core i5 8th Gen 32GB 128 SSD,HP,Other,I5,8,Used,32.0,128.0,SSD,133500.0
Apple MacBook Pro 2019 32GB 256 SSD,APPLE,MACBOOK PRO,Other,8,New,32.0,256.0,SSD,530000.0
Apple MacBook Pro M3 4GB 128 SSD,APPLE,MACBOOK PRO,M3,0,Used,4.0,128.0,SSD,197000.0
Laptop Core i5 12th Gen 16GB 1TB SSD,HP,Other,I5,12,Used,16.0,1024.0,SSD,223999.0
ThinkPad Core i5 6th Gen 4GB 256 SSD,DELL,Other,I5,6,Used,4.0,256.0,SSD,96999.0
ACER Nitro Core i5 8th Gen 8GB 1TB HDD,ACER,NITRO,I5,8,New,8.0,1024.0,HDD,119999.0
ASUS Pavilion Core i5 10th Gen 4GB 256 SSD,ASUS,Other,I5,10,Used,4.0,256.0,SSD,109500.0
Inspiron Core i5 11th Gen 8GB 1TB SSD,ASUS,Other,I5,11,Used,8.0,1024.0,SSD,197000.0
Apple MacBook Pro M2 16GB 1TB HDD,APPLE,MACBOOK PRO,M2,0,New,16.0,1024.0,HDD,579000.0
ASUS ThinkPad Core i5 13th Gen 16GB 256 SSD,ASUS,Other,I5,13,Used,16.0,256.0,SSD,171999.0
ACER Gaming Core i5 Ryzen 7 32GB 128 SSD,ACER,Other,I5,0,Used,32.0,128.0,SSD,127999.0
ThinkPad Core i5 Ryzen 7 16GB 256 SSD,HP,Other,I5,0,Used,16.0,256.0,SSD,136500.0
Pavilion Core i5 10th Gen 16GB 256 SSD,ASUS,Other,I5,10,Used,16.0,256.0,SSD,143000.0
ASUS TUF Core i5 6th Gen 32GB 1TB SSD,ASUS,TUF,I5,6,Used,32.0,1024.0,SSD,200500.0
Apple MacBook Pro M1 8GB 1TB HDD,APPLE,MACBOOK PRO,M1,0,Used,8.0,1024.0,HDD,213500.0
ThinkPad Core i5 12th Gen 8GB 128 SSD,HP,Other,I5,12,Used,8.0,128.0,SSD,86999.0
Gaming Core i5 Ryzen 5 4GB 512 SSD,DELL,Other,I5,0,New,4.0,512.0,SSD,212500.0
ASUS Inspiron Core i5 Ryzen 5 16GB 512 SSD,ASUS,Other,I5,0,New,16.0,512.0,SSD,338500.0
Apple MacBook Pro M3 4GB 1TB HDD,APPLE,MACBOOK PRO,M3,0,Used,4.0,1024.0,HDD,202500.0
Nitro Core i5 11th Gen 8GB 256 SSD,HP,Other,I5,11,Used,8.0,256.0,SSD,88999.0
ASUS VivoBook Core i5 11th Gen 8GB 512 SSD,ASUS,VIVOBOOK,I5,11,Used,8.0,512.0,SSD,135500.0
HP Nitro Core i5 13th Gen 32GB 256 SSD,HP,Other,I5,13,Used,32.0,256.0,SSD,174999.0
Pavilion Core i5 13th Gen 16GB 256 SSD,HP,PAVILION,I5,13,Used,16.0,256.0,SSD,180999.0
Inspiron Core i5 12th Gen 8GB 256 SSD,ASUS,Other,I5,12,New,8.0,256.0,SSD,277000.0
ASUS Pavilion Core i5 10th Gen 8GB 512 SSD,ASUS,Other,I5,10,New,8.0,512.0,SSD,263000.0
ACER Pavilion Core i5 7th Gen 32GB 1TB HDD,ACER,Other,I5,7,New,32.0,1024.0,HDD,257500.0
HP Gaming Core i5 10th Gen 16GB 256 SSD,HP,Other,I5,10,Used,16.0,256.0,SSD,108999.0
HP Nitro Core i5 7th Gen 4GB 512 SSD,HP,Other,I5,7,New,4.0,512.0,SSD,178000.0
ThinkPad Core i5 10th Gen 32GB 128 SSD,DELL,Other,I5,10,Used,32.0,128.0,SSD,140500.0
ThinkPad Core i5 6th Gen 8GB 512 SSD,HP,Other,I5,6,Used,8.0,512.0,SSD,89500.0
HP Latitude Core i5 11th Gen 8GB 512 SSD,HP,Other,I5,11,Used,8.0,512.0,SSD,139000.0
Laptop Core i5 12th Gen 16GB 512 SSD,HP,Other,I5,12,Used,16.0,512.0,SSD,158000.0
Latitude Core i5 6th Gen 4GB 1TB SSD,ASUS,Other,I5,6,Used,4.0,1024.0,SSD,155500.0
Pavilion Core i5 7th Gen 8GB 1TB HDD,ASUS,Other,I5,7,Used,8.0,1024.0,HDD,74000.0
ThinkPad Core i5 11th Gen 8GB 256 SSD,HP,Other,I5,11,Used,8.0,256.0,SSD,93000.0
ASUS ThinkPad Core i5 6th Gen 16GB 1TB SSD,ASUS,Other,I5,6,Used,16.0,1024.0,SSD,149999.0
ASUS Latitude Core i5 11th Gen 8GB 512 SSD,ASUS,Other,I5,11,Used,8.0,512.0,SSD,124999.0
Laptop Core i5 Ryzen 5 16GB 128 SSD,HP,Other,I5,0,New,16.0,128.0,SSD,216500.0
DELL Nitro Core i5 11th Gen 4GB 256 SSD,DELL,Other,I5,11,New,4.0,256.0,SSD,204999.0
Apple MacBook Pro M2 8GB 1TB HDD,APPLE,MACBOOK PRO,M2,0,Used,8.0,1024.0,HDD,254000.0
Nitro Core i5 Ryzen 7 16GB 512 SSD,HP,Other,I5,0,Used,16.0,512.0,SSD,146000.0
ASUS VivoBook Core i5 6th Gen 32GB 256 SSD,ASUS,VIVOBOOK,I5,6,Used,32.0,256.0,SSD,154000.0
Apple MacBook Pro 2020 8GB 512 SSD,APPLE,MACBOOK PRO,Other,12,New,8.0,512.0,SSD,406500.0
ACER Nitro Core i5 8th Gen 16GB 256 SSD,ACER,NITRO,I5,8,Used,16.0,256.0,SSD,80000.0
ThinkPad Core i5 Ryzen 7 4GB 256 SSD,HP,Other,I5,0,Used,4.0,256.0,SSD,122000.0
Apple MacBook Pro M3 8GB 128 SSD,APPLE,MACBOOK PRO,M3,0,Used,8.0,128.0,SSD,210000.0
ThinkPad Core i5 7th Gen 8GB 1TB HDD,ACER,Other,I5,7,Used,8.0,1024.0,HDD,55500.0
ASUS Nitro Core i5 Ryzen 7 8GB 512 SSD,ASUS,Other,I5,0,New,8.0,512.0,SSD,318999.0
Pavilion Core i5 Ryzen 5 32GB 1TB SSD,ACER,Other,I5,0,Used,32.0,1024.0,SSD,185500.0
Apple MacBook Pro 2020 32GB 128 SSD,APPLE,MACBOOK PRO,Other,12,Used,32.0,128.0,SSD,271999.0
ASUS Gaming Core i5 10th Gen 16GB 1TB SSD,ASUS,Other,I5,10,Used,16.0,1024.0,SSD,209999.0
TUF Core i5 Ryzen 7 16GB 128 SSD,DELL,Other,I5,0,Used,16.0,128.0,SSD,155999.0
HP TUF Core i5 6th Gen 32GB 128 SSD,HP,Other,I5,6,New,32.0,128.0,SSD,290999.0
ASUS VivoBook Core i5 10th Gen 8GB 256 SSD,ASUS,VIVOBOOK,I5,10,Used,8.0,256.0,SSD,101999.0
TUF Core i5 10th Gen 16GB 1TB HDD,ASUS,TUF,I5,10,New,16.0,1024.0,HDD,286500.0
Apple MacBook Pro M2 16GB 1TB HDD,APPLE,MACBOOK PRO,M2,0,New,16.0,1024.0,HDD,493999.0
Gaming Core i5 6th Gen 8GB 1TB SSD,ASUS,Other,I5,6,Used,8.0,1024.0,SSD,168999.0
DELL Pavilion Core i5 7th Gen 16GB 128 SSD,DELL,Other,I5,7,Used,16.0,128.0,SSD,102000.0
Laptop Core i5 11th Gen 8GB 128 SSD,ASUS,Other,I5,11,Used,8.0,128.0,SSD,101000.0
Apple MacBook Pro M3 4GB 256 SSD,APPLE,MACBOOK PRO,M3,0,Used,4.0,256.0,SSD,210000.0
DELL Laptop Core i5 10th Gen 4GB 512 SSD,DELL,Other,I5,10,Used,4.0,512.0,SSD,119000.0
Latitude Core i5 Ryzen 7 8GB 256 SSD,ACER,Other,I5,0,Used,8.0,256.0,SSD,90500.0
ASUS Gaming Core i5 12th Gen 8GB 256 SSD,ASUS,Other,I5,12,New,8.0,256.0,SSD,246999.0
ASUS Inspiron Core i5 8th Gen 8GB 128 SSD,ASUS,Other,I5,8,Used,8.0,128.0,SSD,90000.0
Gaming Core i5 10th Gen 8GB 512 SSD,DELL,Other,I5,10,Used,8.0,512.0,SSD,129000.0
HP VivoBook Core i5 Ryzen 5 16GB 256 SSD,HP,Other,I5,0,Used,16.0,256.0,SSD,114500.0
DELL Latitude Core i5 6th Gen 8GB 1TB HDD,DELL,LATITUDE,I5,6,Used,8.0,1024.0,HDD,75500.0
ASUS Pavilion Core i5 13th Gen 8GB 512 SSD,ASUS,Other,I5,13,New,8.0,512.0,SSD,345000.0
Apple MacBook Pro M1 16GB 256 SSD,APPLE,MACBOOK PRO,M1,0,Used,16.0,256.0,SSD,225500.0
Apple MacBook Pro 2019 32GB 256 SSD,APPLE,MACBOOK PRO,Other,8,Used,32.0,256.0,SSD,222500.0
Apple MacBook Pro 2019 16GB 256 SSD,APPLE,MACBOOK PRO,Other,8,Used,16.0,256.0,SSD,195500.0
ACER TUF Core i5 12th Gen 16GB 512 SSD,ACER,Other,I5,12,New,16.0,512.0,SSD,279999.0
ThinkPad Core i5 12th Gen 4GB 1TB HDD,ACER,Other,I5,12,Used,4.0,1024.0,HDD,94500.0
TUF Core i5 10th Gen 32GB 256 SSD,ASUS,TUF,I5,10,New,32.0,256.0,SSD,302999.0
Apple MacBook Pro M3 32GB 512 SSD,APPLE,MACBOOK PRO,M3,0,Used,32.0,512.0,SSD,307000.0
ACER Laptop Core i5 10th Gen 8GB 256 SSD,ACER,Other,I5,10,Used,8.0,256.0,SSD,85000.0
ACER Gaming Core i5 12th Gen 4GB 512 SSD,ACER,Other,I5,12,New,4.0,512.0,SSD,224500.0
DELL TUF Core i5 8th Gen 8GB 512 SSD,DELL,Other,I5,8,Used,8.0,512.0,SSD,105000.0
ACER Pavilion Core i5 6th Gen 4GB 512 SSD,ACER,Other,I5,6,Used,4.0,512.0,SSD,71500.0
Apple MacBook Pro M2 8GB 512 SSD,APPLE,MACBOOK PRO,M2,0,Used,8.0,512.0,SSD,242000.0
ASUS ThinkPad Core i5 7th Gen 32GB 512 SSD,ASUS,Other,I5,7,Used,32.0,512.0,SSD,154000.0
DELL ThinkPad Core i5 13th Gen 16GB 512 SSD,DELL,Other,I5,13,Used,16.0,512.0,SSD,182500.0
Apple MacBook Pro 2019 8GB 128 SSD,APPLE,MACBOOK PRO,Other,8,Used,8.0,128.0,SSD,173999.0
Pavilion Core i5 13th Gen 8GB 512 SSD,HP,PAVILION,I5,13,New,8.0,512.0,SSD,316000.0
HP Gaming Core i5 Ryzen 7 8GB 512 SSD,HP,Other,I5,0,Used,8.0,512.0,SSD,166999.0
ACER TUF Core i5 7th Gen 16GB 512 SSD,ACER,Other,I5,7,Used,16.0,512.0,SSD,93000.0
ACER Inspiron Core i5 7th Gen 4GB 256 SSD,ACER,Other,I5,7,Used,4.0,256.0,SSD,41500.0
DELL Pavilion Core i5 12th Gen 16GB 256 SSD,DELL,Other,I5,12,Used,16.0,256.0,SSD,140999.0
Apple MacBook Pro M1 32GB 1TB HDD,APPLE,MACBOOK PRO,M1,0,Used,32.0,1024.0,HDD,297500.0
ASUS Inspiron Core i5 Ryzen 5 32GB 1TB HDD,ASUS,Other,I5,0,Used,32.0,1024.0,HDD,180999.0
Pavilion Core i5 12th Gen 8GB 512 SSD,HP,PAVILION,I5,12,New,8.0,512.0,SSD,274999.0
Gaming Core i5 13th Gen 16GB 256 SSD,ACER,Other,I5,13,Used,16.0,256.0,SSD,150999.0
ASUS VivoBook Core i5 13th Gen 8GB 512 SSD,ASUS,VIVOBOOK,I5,13,Used,8.0,512.0,SSD,167000.0
TUF Core i5 10th Gen 16GB 256 SSD,DELL,Other,I5,10,Used,16.0,256.0,SSD,115500.0
DELL Gaming Core i5 Ryzen 7 16GB 512 SSD,DELL,Other,I5,0,Used,16.0,512.0,SSD,135500.0
TUF Core i5 10th Gen 16GB 1TB SSD,ASUS,TUF,I5,10,Used,16.0,1024.0,SSD,163999.0
TUF Core i5 8th Gen 4GB 256 SSD,DELL,Other,I5,8,Used,4.0,256.0,SSD,82000.0
DELL Gaming Core i5 8th Gen 32GB 512 SSD,DELL,Other,I5,8,Used,32.0,512.0,SSD,189000.0
Apple MacBook Pro M2 8GB 512 SSD,APPLE,MACBOOK PRO,M2,0,Used,8.0,512.0,SSD,251999.0
ACER ThinkPad Core i5 11th Gen 4GB 512 SSD,ACER,Other,I5,11,Used,4.0,512.0,SSD,91999.0
HP Pavilion Core i5 11th Gen 32GB 1TB SSD,HP,PAVILION,I5,11,New,32.0,1024.0,SSD,436000.0
Inspiron Core i5 Ryzen 5 8GB 256 SSD,DELL,INSPIRON,I5,0,New,8.0,256.0,SSD,219999.0
DELL Latitude Core i5 8th Gen 16GB 512 SSD,DELL,LATITUDE,I5,8,Used,16.0,512.0,SSD,136999.0
VivoBook Core i5 13th Gen 16GB 512 SSD,HP,Other,I5,13,New,16.0,512.0,SSD,375000.0
Latitude Core i5 12th Gen 8GB 256 SSD,HP,Other,I5,12,New,8.0,256.0,SSD,209999.0
ACER ThinkPad Core i5 Ryzen 5 4GB 1TB SSD,ACER,Other,I5,0,Used,4.0,1024.0,SSD,123000.0
HP Pavilion Core i5 13th Gen 8GB 1TB SSD,HP,PAVILION,I5,13,Used,8.0,1024.0,SSD,225000.0
Laptop Core i5 8th Gen 32GB 512 SSD,HP,Other,I5,8,Used,32.0,512.0,SSD,197500.0
Apple MacBook Pro M2 8GB 1TB HDD,APPLE,MACBOOK PRO,M2,0,Used,8.0,1024.0,HDD,230500.0
Apple MacBook Pro 2019 4GB 512 SSD,APPLE,MACBOOK PRO,Other,8,Used,4.0,512.0,SSD,220500.0
Apple MacBook Pro M2 8GB 128 SSD,APPLE,MACBOOK PRO,M2,0,Used,8.0,128.0,SSD,251999.0
Nitro Core i5 Ryzen 5 16GB 128 SSD,DELL,Other,I5,0,Used,16.0,128.0,SSD,106500.0
Apple MacBook Pro 2020 8GB 1TB HDD,APPLE,MACBOOK PRO,Other,12,Used,8.0,1024.0,HDD,184000.0
ASUS Inspiron Core i5 10th Gen 32GB 1TB HDD,ASUS,Other,I5,10,Used,32.0,1024.0,HDD,170000.0
Apple MacBook Pro M3 8GB 128 SSD,APPLE,MACBOOK PRO,M3,0,Used,8.0,128.0,SSD,233500.0
Apple MacBook Pro M2 16GB 512 SSD,APPLE,MACBOOK PRO,M2,0,Used,16.0,512.0,SSD,278999.0
HP TUF Core i5 12th Gen 16GB 128 SSD,HP,Other,I5,12,Used,16.0,128.0,SSD,137500.0
Nitro Core i5 Ryzen 5 16GB 128 SSD,HP,Other,I5,0,New,16.0,128.0,SSD,203500.0
Inspiron Core i5 13th Gen 8GB 256 SSD,ACER,Other,I5,13,New,8.0,256.0,SSD,238000.0
Laptop Core i5 13th Gen 4GB 512 SSD,ACER,Other,I5,13,Used,4.0,512.0,SSD,112999.0
ACER Gaming Core i5 12th Gen 32GB 1TB SSD,ACER,Other,I5,12,Used,32.0,1024.0,SSD,227000.0
ASUS Laptop Core i5 12th Gen 4GB 128 SSD,ASUS,Other,I5,12,New,4.0,128.0,SSD,206000.0
ASUS Pavilion Core i5 6th Gen 16GB 256 SSD,ASUS,Other,I5,6,Used,16.0,256.0,SSD,111500.0
Apple MacBook Pro M1 8GB 512 SSD,APPLE,MACBOOK PRO,M1,0,Used,8.0,512.0,SSD,255999.0
VivoBook Core i5 Ryzen 5 32GB 1TB SSD,DELL,Other,I5,0,Used,32.0,1024.0,SSD,270500.0
Latitude Core i5 13th Gen 4GB 256 SSD,ACER,Other,I5,13,Used,4.0,256.0,SSD,96999.0
VivoBook Core i5 10th Gen 8GB 1TB SSD,ACER,Other,I5,10,Used,8.0,1024.0,SSD,109999.0
Apple MacBook Pro M2 32GB 512 SSD,APPLE,MACBOOK PRO,M2,0,Used,32.0,512.0,SSD,297500.0
DELL Nitro Core i5 Ryzen 5 8GB 256 SSD,DELL,Other,I5,0,New,8.0,256.0,SSD,213500.0
TUF Core i5 11th Gen 16GB 512 SSD,DELL,Other,I5,11,New,16.0,512.0,SSD,342999.0
Apple MacBook Pro 2020 16GB 512 SSD,APPLE,MACBOOK PRO,Other,12,Used,16.0,512.0,SSD,222999.0
ASUS Laptop Core i5 Ryzen 5 16GB 128 SSD,ASUS,Other,I5,0,Used,16.0,128.0,SSD,110999.0
DELL Laptop Core i5 11th Gen 4GB 256 SSD,DELL,Other,I5,11,Used,4.0,256.0,SSD,110000.0
HP VivoBook Core i5 11th Gen 8GB 128 SSD,HP,Other,I5,11,Used,8.0,128.0,SSD,99000.0
Gaming Core i5 Ryzen 5 16GB 1TB SSD,ASUS,Other,I5,0,Used,16.0,1024.0,SSD,203500.0
ASUS Latitude Core i5 Ryzen 5 16GB 512 SSD,ASUS,Other,I5,0,Used,16.0,512.0,SSD,181500.0
ACER ThinkPad Core i5 11th Gen 16GB 512 SSD,ACER,Other,I5,11,Used,16.0,512.0,SSD,148000.0
Apple MacBook Pro M1 4GB 256 SSD,APPLE,MACBOOK PRO,M1,0,New,4.0,256.0,SSD,458500.0
Apple MacBook Pro M2 8GB 512 SSD,APPLE,MACBOOK PRO,M2,0,Used,8.0,512.0,SSD,253000.0
Latitude Core i5 7th Gen 32GB 512 SSD,ACER,Other,I5,7,Used,32.0,512.0,SSD,138000.0
ACER Gaming Core i5 6th Gen 32GB 256 SSD,ACER,Other,I5,6,Used,32.0,256.0,SSD,112500.0
Gaming Core i5 10th Gen 16GB 1TB SSD,ACER,Other,I5,10,Used,16.0,1024.0,SSD,175000.0
Gaming Core i5 8th Gen 8GB 256 SSD,DELL,Other,I5,8,Used,8.0,256.0,SSD,94999.0
Inspiron Core i5 6th Gen 8GB 1TB HDD,ACER,Other,I5,6,New,8.0,1024.0,HDD,110999.0
Apple MacBook Pro M2 16GB 256 SSD,APPLE,MACBOOK PRO,M2,0,Used,16.0,256.0,SSD,295500.0
ASUS VivoBook Core i5 6th Gen 16GB 1TB HDD,ASUS,VIVOBOOK,I5,6,Used,16.0,1024.0,HDD,105000.0
ACER VivoBook Core i5 Ryzen 7 32GB 1TB SSD,ACER,Other,I5,0,Used,32.0,1024.0,SSD,184000.0
ASUS VivoBook Core i5 6th Gen 4GB 512 SSD,ASUS,VIVOBOOK,I5,6,Used,4.0,512.0,SSD,115500.0
ThinkPad Core i5 7th Gen 4GB 128 SSD,HP,Other,I5,7,New,4.0,128.0,SSD,106000.0
Pavilion Core i5 8th Gen 16GB 256 SSD,DELL,Other,I5,8,New,16.0,256.0,SSD,240000.0
ACER TUF Core i5 6th Gen 16GB 128 SSD,ACER,Other,I5,6,Used,16.0,128.0,SSD,73999.0
VivoBook Core i5 8th Gen 16GB 256 SSD,ACER,Other,I5,8,Used,16.0,256.0,SSD,99500.0
DELL Latitude Core i5 12th Gen 4GB 1TB SSD,DELL,LATITUDE,I5,12,New,4.0,1024.0,SSD,341500.0
ASUS ThinkPad Core i5 11th Gen 4GB 128 SSD,ASUS,Other,I5,11,Used,4.0,128.0,SSD,91000.0
Apple MacBook Pro M2 32GB 1TB SSD,APPLE,MACBOOK PRO,M2,0,Used,32.0,1024.0,SSD,393000.0
Apple MacBook Pro M3 4GB 512 SSD,APPLE,MACBOOK PRO,M3,0,Used,4.0,512.0,SSD,228000.0
Laptop Core i5 10th Gen 16GB 512 SSD,ACER,Other,I5,10,Used,16.0,512.0,SSD,114500.0
ACER Pavilion Core i5 11th Gen 8GB 1TB SSD,ACER,Other,I5,11,Used,8.0,1024.0,SSD,145000.0
ACER Latitude Core i5 8th Gen 16GB 256 SSD,ACER,Other,I5,8,Used,16.0,256.0,SSD,102500.0
HP Laptop Core i5 13th Gen 32GB 512 SSD,HP,Other,I5,13,New,32.0,512.0,SSD,393999.0
DELL TUF Core i5 12th Gen 16GB 1TB SSD,DELL,Other,I5,12,Used,16.0,1024.0,SSD,213000.0
ASUS Nitro Core i5 13th Gen 4GB 1TB SSD,ASUS,Other,I5,13,Used,4.0,1024.0,SSD,195999.0
Apple MacBook Pro M2 16GB 256 SSD,APPLE,MACBOOK PRO,M2,0,New,16.0,256.0,SSD,536500.0
HP ThinkPad Core i5 12th Gen 16GB 512 SSD,HP,Other,I5,12,Used,16.0,512.0,SSD,148000.0
Gaming Core i5 10th Gen 8GB 256 SSD,ACER,Other,I5,10,Used,8.0,256.0,SSD,83000.0
Latitude Core i5 Ryzen 5 16GB 512 SSD,ASUS,Other,I5,0,Used,16.0,512.0,SSD,155999.0
HP Nitro Core i5 10th Gen 8GB 1TB SSD,HP,Other,I5,10,Used,8.0,1024.0,SSD,121000.0
Laptop Core i5 Ryzen 5 16GB 128 SSD,ASUS,Other,I5,0,Used,16.0,128.0,SSD,127000.0
Nitro Core i5 7th Gen 16GB 512 SSD,HP,Other,I5,7,Used,16.0,512.0,SSD,137000.0
Apple MacBook Pro M3 16GB 1TB HDD,APPLE,MACBOOK PRO,M3,0,Used,16.0,1024.0,HDD,303500.0
ASUS Inspiron Core i5 12th Gen 16GB 512 SSD,ASUS,Other,I5,12,Used,16.0,512.0,SSD,195500.0
TUF Core i5 6th Gen 32GB 1TB HDD,ACER,Other,I5,6,Used,32.0,1024.0,HDD,127500.0
TUF Core i5 10th Gen 8GB 256 SSD,HP,Other,I5,10,Used,8.0,256.0,SSD,99000.0
Pavilion Core i5 Ryzen 5 8GB 256 SSD,ASUS,Other,I5,0,Used,8.0,256.0,SSD,92500.0
DELL Nitro Core i5 10th Gen 8GB 256 SSD,DELL,Other,I5,10,Used,8.0,256.0,SSD,105000.0
Laptop Core i5 6th Gen 4GB 1TB HDD,HP,Other,I5,6,Used,4.0,1024.0,HDD,75000.0
TUF Core i5 7th Gen 8GB 1TB SSD,ACER,Other,I5,7,Used,8.0,1024.0,SSD,118000.0
Apple MacBook Pro M1 16GB 512 SSD,APPLE,MACBOOK PRO,M1,0,Used,16.0,512.0,SSD,224000.0
VivoBook Core i5 12th Gen 16GB 1TB HDD,HP,Other,I5,12,Used,16.0,1024.0,HDD,113999.0
HP Nitro Core i5 Ryzen 5 16GB 512 SSD,HP,Other,I5,0,Used,16.0,512.0,SSD,114000.0
Apple MacBook Pro M2 16GB 256 SSD,APPLE,MACBOOK PRO,M2,0,Used,16.0,256.0,SSD,284500.0
Gaming Core i5 7th Gen 8GB 512 SSD,ACER,Other,I5,7,Used,8.0,512.0,SSD,93500.0
Pavilion Core i5 10th Gen 8GB 1TB HDD,ACER,Other,I5,10,Used,8.0,1024.0,HDD,58000.0
ASUS Laptop Core i5 Ryzen 7 8GB 1TB HDD,ASUS,Other,I5,0,New,8.0,1024.0,HDD,235999.0
Apple MacBook Pro 2019 8GB 512 SSD,APPLE,MACBOOK PRO,Other,8,Used,8.0,512.0,SSD,239999.0
ThinkPad Core i5 Ryzen 5 16GB 256 SSD,HP,Other,I5,0,Used,16.0,256.0,SSD,136500.0
Nitro Core i5 11th Gen 16GB 128 SSD,ACER,NITRO,I5,11,Used,16.0,128.0,SSD,94000.0
HP Laptop Core i5 10th Gen 8GB 256 SSD,HP,Other,I5,10,New,8.0,256.0,SSD,163500.0
HP Laptop Core i5 6th Gen 8GB 1TB SSD,HP,Other,I5,6,New,8.0,1024.0,SSD,238500.0
VivoBook Core i5 12th Gen 4GB 512 SSD,HP,Other,I5,12,Used,4.0,512.0,SSD,126999.0
ASUS Laptop Core i5 7th Gen 8GB 512 SSD,ASUS,Other,I5,7,New,8.0,512.0,SSD,199500.0
Laptop Core i5 Ryzen 5 8GB 256 SSD,HP,Other,I5,0,New,8.0,256.0,SSD,197000.0
ASUS VivoBook Core i5 6th Gen 16GB 512 SSD,ASUS,VIVOBOOK,I5,6,Used,16.0,512.0,SSD,156999.0
ASUS Inspiron Core i5 Ryzen 7 8GB 512 SSD,ASUS,Other,I5,0,Used,8.0,512.0,SSD,153999.0
Pavilion Core i5 Ryzen 5 16GB 512 SSD,DELL,Other,I5,0,Used,16.0,512.0,SSD,140999.0
ACER VivoBook Core i5 10th Gen 32GB 1TB HDD,ACER,Other,I5,10,Used,32.0,1024.0,HDD,163999.0
Apple MacBook Pro M3 16GB 128 SSD,APPLE,MACBOOK PRO,M3,0,Used,16.0,128.0,SSD,306000.0
ACER VivoBook Core i5 12th Gen 4GB 512 SSD,ACER,Other,I5,12,Used,4.0,512.0,SSD,116999.0
Nitro Core i5 7th Gen 32GB 256 SSD,DELL,Other,I5,7,Used,32.0,256.0,SSD,159500.0
Nitro Core i5 7th Gen 16GB 512 SSD,ACER,NITRO,I5,7,New,16.0,512.0,SSD,215999.0
ACER Nitro Core i5 Ryzen 7 8GB 128 SSD,ACER,NITRO,I5,0,New,8.0,128.0,SSD,174500.0
DELL Laptop Core i5 13th Gen 8GB 128 SSD,DELL,Other,I5,13,Used,8.0,128.0,SSD,124500.0
Nitro Core i5 6th Gen 16GB 1TB HDD,ASUS,Other,I5,6,Used,16.0,1024.0,HDD,108999.0
Apple MacBook Pro M2 16GB 1TB HDD,APPLE,MACBOOK PRO,M2,0,Used,16.0,1024.0,HDD,258999.0
Latitude Core i5 11th Gen 16GB 256 SSD,HP,Other,I5,11,Used,16.0,256.0,SSD,134000.0
ACER Nitro Core i5 13th Gen 8GB 128 SSD,ACER,NITRO,I5,13,Used,8.0,128.0,SSD,86500.0
Nitro Core i5 Ryzen 7 32GB 1TB HDD,HP,Other,I5,0,Used,32.0,1024.0,HDD,171999.0
Nitro Core i5 Ryzen 7 16GB 512 SSD,DELL,Other,I5,0,Used,16.0,512.0,SSD,189999.0
Pavilion Core i5 11th Gen 32GB 1TB HDD,ACER,Other,I5,11,Used,32.0,1024.0,HDD,138000.0
Pavilion Core i5 10th Gen 4GB 512 SSD,HP,PAVILION,I5,10,Used,4.0,512.0,SSD,104500.0
Laptop Core i5 11th Gen 8GB 512 SSD,DELL,Other,I5,11,Used,8.0,512.0,SSD,132500.0
HP Laptop Core i5 13th Gen 4GB 512 SSD,HP,Other,I5,13,New,4.0,512.0,SSD,272999.0
VivoBook Core i5 11th Gen 8GB 512 SSD,HP,Other,I5,11,Used,8.0,512.0,SSD,137999.0
DELL Gaming Core i5 10th Gen 32GB 1TB SSD,DELL,Other,I5,10,New,32.0,1024.0,SSD,470000.0
Apple MacBook Pro 2020 8GB 512 SSD,APPLE,MACBOOK PRO,Other,12,New,8.0,512.0,SSD,376000.0
Latitude Core i5 6th Gen 16GB 1TB SSD,ACER,Other,I5,6,Used,16.0,1024.0,SSD,143999.0
Gaming Core i5 7th Gen 16GB 512 SSD,DELL,Other,I5,7,New,16.0,512.0,SSD,289999.0
Apple MacBook Pro 2020 16GB 512 SSD,APPLE,MACBOOK PRO,Other,12,Used,16.0,512.0,SSD,214000.0
Latitude Core i5 12th Gen 8GB 512 SSD,ACER,Other,I5,12,Used,8.0,512.0,SSD,120000.0
Laptop Core i5 Ryzen 5 16GB 512 SSD,DELL,Other,I5,0,New,16.0,512.0,SSD,360000.0
Inspiron Core i5 13th Gen 32GB 1TB SSD,HP,Other,I5,13,New,32.0,1024.0,SSD,525000.0
Gaming Core i5 12th Gen 8GB 512 SSD,ASUS,Other,I5,12,Used,8.0,512.0,SSD,153000.0
DELL Nitro Core i5 7th Gen 16GB 512 SSD,DELL,Other,I5,7,Used,16.0,512.0,SSD,152999.0
VivoBook Core i5 8th Gen 8GB 512 SSD,DELL,Other,I5,8,Used,8.0,512.0,SSD,113500.0
DELL Laptop Core i5 7th Gen 32GB 128 SSD,DELL,Other,I5,7,Used,32.0,128.0,SSD,146500.0
ASUS Nitro Core i5 11th Gen 32GB 1TB SSD,ASUS,Other,I5,11,Used,32.0,1024.0,SSD,249500.0
DELL VivoBook Core i5 6th Gen 8GB 256 SSD,DELL,Other,I5,6,Used,8.0,256.0,SSD,88000.0
Apple MacBook Pro M1 16GB 512 SSD,APPLE,MACBOOK PRO,M1,0,New,16.0,512.0,SSD,545000.0
Nitro Core i5 13th Gen 4GB 128 SSD,DELL,Other,I5,13,New,4.0,128.0,SSD,226999.0
HP TUF Core i5 12th Gen 8GB 512 SSD,HP,Other,I5,12,Used,8.0,512.0,SSD,133500.0
DELL Inspiron Core i5 8th Gen 4GB 1TB SSD,DELL,INSPIRON,I5,8,New,4.0,1024.0,SSD,260000.0
ASUS Nitro Core i5 Ryzen 5 8GB 512 SSD,ASUS,Other,I5,0,Used,8.0,512.0,SSD,145500.0
ASUS Pavilion Core i5 10th Gen 32GB 128 SSD,ASUS,Other,I5,10,Used,32.0,128.0,SSD,163500.0
Apple MacBook Pro 2019 8GB 512 SSD,APPLE,MACBOOK PRO,Other,8,Used,8.0,512.0,SSD,184500.0
Apple MacBook Pro M3 4GB 256 SSD,APPLE,MACBOOK PRO,M3,0,Used,4.0,256.0,SSD,270500.0
Apple MacBook Pro M1 16GB 512 SSD,APPLE,MACBOOK PRO,M1,0,New,16.0,512.0,SSD,485000.0
DELL Gaming Core i5 Ryzen 7 32GB 256 SSD,DELL,Other,I5,0,Used,32.0,256.0,SSD,169500.0
ACER Pavilion Core i5 12th Gen 16GB 512 SSD,ACER,Other,I5,12,Used,16.0,512.0,SSD,170500.0
Inspiron Core i5 6th Gen 16GB 128 SSD,ASUS,Other,I5,6,Used,16.0,128.0,SSD,110500.0
HP Laptop Core i5 Ryzen 5 32GB 1TB SSD,HP,Other,I5,0,Used,32.0,1024.0,SSD,247500.0
TUF Core i5 7th Gen 16GB 1TB SSD,ASUS,TUF,I5,7,New,16.0,1024.0,SSD,400500.0
Pavilion Core i5 7th Gen 4GB 1TB HDD,ACER,Other,I5,7,New,4.0,1024.0,HDD,91000.0
ACER TUF Core i5 12th Gen 16GB 256 SSD,ACER,Other,I5,12,Used,16.0,256.0,SSD,108999.0
Gaming Core i5 6th Gen 4GB 128 SSD,DELL,Other,I5,6,Used,4.0,128.0,SSD,57999.0
ASUS Latitude Core i5 10th Gen 32GB 1TB HDD,ASUS,Other,I5,10,Used,32.0,1024.0,HDD,187000.0
Nitro Core i5 Ryzen 5 32GB 1TB HDD,ASUS,Other,I5,0,Used,32.0,1024.0,HDD,176999.0
ACER Inspiron Core i5 8th Gen 16GB 1TB SSD,ACER,Other,I5,8,Used,16.0,1024.0,SSD,156500.0
Gaming Core i5 6th Gen 8GB 1TB HDD,ASUS,Other,I5,6,Used,8.0,1024.0,HDD,92999.0
HP ThinkPad Core i5 6th Gen 16GB 512 SSD,HP,Other,I5,6,Used,16.0,512.0,SSD,97000.0
HP Pavilion Core i5 Ryzen 7 16GB 1TB SSD,HP,PAVILION,I5,0,Used,16.0,1024.0,SSD,195000.0
Laptop Core i5 11th Gen 4GB 128 SSD,ACER,Other,I5,11,New,4.0,128.0,SSD,120000.0
DELL TUF Core i5 8th Gen 8GB 256 SSD,DELL,Other,I5,8,New,8.0,256.0,SSD,195999.0
Nitro Core i5 12th Gen 8GB 512 SSD,HP,Other,I5,12,Used,8.0,512.0,SSD,134500.0
TUF Core i5 8th Gen 16GB 256 SSD,ACER,Other,I5,8,Used,16.0,256.0,SSD,105000.0
HP Gaming Core i5 6th Gen 4GB 256 SSD,HP,Other,I5,6,Used,4.0,256.0,SSD,81500.0
HP VivoBook Core i5 6th Gen 16GB 128 SSD,HP,Other,I5,6,Used,16.0,128.0,SSD,87999.0
ASUS VivoBook Core i5 6th Gen 4GB 512 SSD,ASUS,VIVOBOOK,I5,6,Used,4.0,512.0,SSD,97500.0
ASUS Laptop Core i5 7th Gen 16GB 1TB HDD,ASUS,Other,I5,7,New,16.0,1024.0,HDD,237000.0
ThinkPad Core i5 12th Gen 4GB 256 SSD,HP,Other,I5,12,New,4.0,256.0,SSD,214999.0
ACER Laptop Core i5 8th Gen 16GB 1TB HDD,ACER,Other,I5,8,Used,16.0,1024.0,HDD,92500.0
Apple MacBook Pro 2019 16GB 1TB SSD,APPLE,MACBOOK PRO,Other,8,New,16.0,1024.0,SSD,500000.0
Pavilion Core i5 8th Gen 8GB 512 SSD,HP,PAVILION,I5,8,Used,8.0,512.0,SSD,101500.0
HP Gaming Core i5 6th Gen 32GB 128 SSD,HP,Other,I5,6,Used,32.0,128.0,SSD,114000.0
Apple MacBook Pro M1 16GB 256 SSD,APPLE,MACBOOK PRO,M1,0,Used,16.0,256.0,SSD,259999.0
ASUS Pavilion Core i5 Ryzen 7 8GB 256 SSD,ASUS,Other,I5,0,Used,8.0,256.0,SSD,125999.0
Gaming Core i5 7th Gen 16GB 256 SSD,HP,Other,I5,7,Used,16.0,256.0,SSD,112999.0
ASUS Latitude Core i5 8th Gen 32GB 512 SSD,ASUS,Other,I5,8,Used,32.0,512.0,SSD,143000.0
HP Nitro Core i5 6th Gen 16GB 512 SSD,HP,Other,I5,6,Used,16.0,512.0,SSD,121999.0
HP Nitro Core i5 Ryzen 7 4GB 128 SSD,HP,Other,I5,0,Used,4.0,128.0,SSD,79999.0
Apple MacBook Pro 2020 32GB 1TB HDD,APPLE,MACBOOK PRO,Other,12,Used,32.0,1024.0,HDD,238000.0
DELL Laptop Core i5 12th Gen 16GB 1TB HDD,DELL,Other,I5,12,Used,16.0,1024.0,HDD,141500.0
DELL Inspiron Core i5 7th Gen 8GB 256 SSD,DELL,INSPIRON,I5,7,Used,8.0,256.0,SSD,89000.0
VivoBook Core i5 7th Gen 16GB 512 SSD,HP,Other,I5,7,Used,16.0,512.0,SSD,119000.0
ASUS Laptop Core i5 13th Gen 8GB 1TB SSD,ASUS,Other,I5,13,New,8.0,1024.0,SSD,403500.0
Apple MacBook Pro M1 32GB 256 SSD,APPLE,MACBOOK PRO,M1,0,Used,32.0,256.0,SSD,273999.0
ACER Pavilion Core i5 8th Gen 4GB 512 SSD,ACER,Other,I5,8,New,4.0,512.0,SSD,158500.0
Inspiron Core i5 8th Gen 8GB 1TB SSD,HP,Other,I5,8,Used,8.0,1024.0,SSD,142500.0
TUF Core i5 13th Gen 4GB 1TB SSD,DELL,Other,I5,13,Used,4.0,1024.0,SSD,153500.0
HP Laptop Core i5 13th Gen 32GB 512 SSD,HP,Other,I5,13,Used,32.0,512.0,SSD,219999.0
HP Gaming Core i5 10th Gen 16GB 256 SSD,HP,Other,I5,10,Used,16.0,256.0,SSD,135000.0
DELL Gaming Core i5 13th Gen 8GB 256 SSD,DELL,Other,I5,13,Used,8.0,256.0,SSD,129500.0
ThinkPad Core i5 6th Gen 16GB 512 SSD,ACER,Other,I5,6,Used,16.0,512.0,SSD,89999.0
Inspiron Core i5 12th Gen 4GB 512 SSD,DELL,INSPIRON,I5,12,Used,4.0,512.0,SSD,158500.0
VivoBook Core i5 Ryzen 5 16GB 128 SSD,HP,Other,I5,0,Used,16.0,128.0,SSD,100999.0
Inspiron Core i5 10th Gen 16GB 512 SSD,DELL,INSPIRON,I5,10,Used,16.0,512.0,SSD,139999.0
Inspiron Core i5 Ryzen 7 8GB 256 SSD,DELL,INSPIRON,I5,0,Used,8.0,256.0,SSD,137500.0
Apple MacBook Pro 2019 32GB 256 SSD,APPLE,MACBOOK PRO,Other,8,Used,32.0,256.0,SSD,216000.0
Laptop Core i5 Ryzen 7 4GB 1TB HDD,HP,Other,I5,0,Used,4.0,1024.0,HDD,101500.0
Nitro Core i5 10th Gen 8GB 128 SSD,ASUS,Other,I5,10,Used,8.0,128.0,SSD,118500.0
Apple MacBook Pro 2019 16GB 512 SSD,APPLE,MACBOOK PRO,Other,8,New,16.0,512.0,SSD,427999.0
Apple MacBook Pro 2020 8GB 1TB SSD,APPLE,MACBOOK PRO,Other,12,Used,8.0,1024.0,SSD,251500.0
TUF Core i5 8th Gen 8GB 1TB SSD,ASUS,TUF,I5,8,Used,8.0,1024.0,SSD,178999.0
DELL Laptop Core i5 7th Gen 4GB 256 SSD,DELL,Other,I5,7,Used,4.0,256.0,SSD,67500.0
ACER ThinkPad Core i5 7th Gen 8GB 256 SSD,ACER,Other,I5,7,Used,8.0,256.0,SSD,68000.0
DELL Inspiron Core i5 12th Gen 8GB 512 SSD,DELL,INSPIRON,I5,12,Used,8.0,512.0,SSD,155000.0
HP Nitro Core i5 Ryzen 7 8GB 128 SSD,HP,Other,I5,0,Used,8.0,128.0,SSD,99000.0
Nitro Core i5 8th Gen 32GB 512 SSD,DELL,Other,I5,8,Used,32.0,512.0,SSD,174000.0
HP Gaming Core i5 Ryzen 7 8GB 128 SSD,HP,Other,I5,0,Used,8.0,128.0,SSD,100999.0
ACER Pavilion Core i5 Ryzen 7 16GB 128 SSD,ACER,Other,I5,0,Used,16.0,128.0,SSD,120500.0
DELL ThinkPad Core i5 12th Gen 8GB 1TB HDD,DELL,Other,I5,12,Used,8.0,1024.0,HDD,98000.0
Apple MacBook Pro M1 16GB 512 SSD,APPLE,MACBOOK PRO,M1,0,Used,16.0,512.0,SSD,260000.0
DELL Laptop Core i5 10th Gen 16GB 256 SSD,DELL,Other,I5,10,Used,16.0,256.0,SSD,119999.0
HP Pavilion Core i5 10th Gen 32GB 1TB SSD,HP,PAVILION,I5,10,Used,32.0,1024.0,SSD,258000.0
Apple MacBook Pro M3 8GB 512 SSD,APPLE,MACBOOK PRO,M3,0,Used,8.0,512.0,SSD,266500.0
ASUS Inspiron Core i5 Ryzen 5 4GB 256 SSD,ASUS,Other,I5,0,New,4.0,256.0,SSD,166500.0
ACER Pavilion Core i5 10th Gen 16GB 128 SSD,ACER,Other,I5,10,Used,16.0,128.0,SSD,87000.0
Laptop Core i5 10th Gen 8GB 128 SSD,ASUS,Other,I5,10,Used,8.0,128.0,SSD,100500.0
DELL Laptop Core i5 8th Gen 8GB 1TB HDD,DELL,Other,I5,8,Used,8.0,1024.0,HDD,93999.0
DELL Latitude Core i5 13th Gen 16GB 256 SSD,DELL,LATITUDE,I5,13,Used,16.0,256.0,SSD,194500.0
DELL Latitude Core i5 Ryzen 5 16GB 512 SSD,DELL,LATITUDE,I5,0,Used,16.0,512.0,SSD,169000.0
TUF Core i5 13th Gen 8GB 256 SSD,ACER,Other,I5,13,Used,8.0,256.0,SSD,132999.0
ACER ThinkPad Core i5 Ryzen 7 8GB 512 SSD,ACER,Other,I5,0,Used,8.0,512.0,SSD,102000.0
ASUS Latitude Core i5 Ryzen 5 16GB 256 SSD,ASUS,Other,I5,0,New,16.0,256.0,SSD,273000.0
Apple MacBook Pro 2019 4GB 256 SSD,APPLE,MACBOOK PRO,Other,8,Used,4.0,256.0,SSD,171999.0
Pavilion Core i5 6th Gen 8GB 512 SSD,HP,PAVILION,I5,6,Used,8.0,512.0,SSD,118500.0
VivoBook Core i5 6th Gen 8GB 1TB HDD,DELL,Other,I5,6,Used,8.0,1024.0,HDD,92500.0
Gaming Core i5 7th Gen 4GB 512 SSD,ACER,Other,I5,7,Used,4.0,512.0,SSD,67000.0
TUF Core i5 Ryzen 7 16GB 128 SSD,HP,Other,I5,0,New,16.0,128.0,SSD,280500.0
Pavilion Core i5 12th Gen 8GB 256 SSD,HP,PAVILION,I5,12,Used,8.0,256.0,SSD,119999.0
ACER Inspiron Core i5 12th Gen 4GB 1TB SSD,ACER,Other,I5,12,Used,4.0,1024.0,SSD,130999.0
Gaming Core i5 Ryzen 5 16GB 512 SSD,DELL,Other,I5,0,Used,16.0,512.0,SSD,145000.0
Apple MacBook Pro M1 8GB 128 SSD,APPLE,MACBOOK PRO,M1,0,Used,8.0,128.0,SSD,197500.0
Apple MacBook Pro M1 8GB 256 SSD,APPLE,MACBOOK PRO,M1,0,New,8.0,256.0,SSD,409500.0
ACER ThinkPad Core i5 Ryzen 5 4GB 1TB HDD,ACER,Other,I5,0,Used,4.0,1024.0,HDD,60999.0
TUF Core i5 8th Gen 8GB 256 SSD,HP,Other,I5,8,Used,8.0,256.0,SSD,79500.0
ASUS Latitude Core i5 8th Gen 4GB 256 SSD,ASUS,Other,I5,8,Used,4.0,256.0,SSD,99500.0
Gaming Core i5 11th Gen 4GB 1TB HDD,ASUS,Other,I5,11,Used,4.0,1024.0,HDD,116999.0
HP TUF Core i5 Ryzen 5 32GB 512 SSD,HP,Other,I5,0,Used,32.0,512.0,SSD,178000.0
Laptop Core i5 10th Gen 4GB 512 SSD,HP,Other,I5,10,Used,4.0,512.0,SSD,92999.0
Latitude Core i5 12th Gen 4GB 256 SSD,ACER,Other,I5,12,Used,4.0,256.0,SSD,97500.0
Apple MacBook Pro 2019 8GB 1TB SSD,APPLE,MACBOOK PRO,Other,8,Used,8.0,1024.0,SSD,217500.0
Laptop Core i5 11th Gen 4GB 1TB HDD,DELL,Other,I5,11,Used,4.0,1024.0,HDD,94999.0
ASUS Inspiron Core i5 8th Gen 8GB 256 SSD,ASUS,Other,I5,8,Used,8.0,256.0,SSD,107500.0
Apple MacBook Pro M1 32GB 256 SSD,APPLE,MACBOOK PRO,M1,0,Used,32.0,256.0,SSD,340000.0
ASUS Laptop Core i5 Ryzen 5 4GB 256 SSD,ASUS,Other,I5,0,Used,4.0,256.0,SSD,104999.0
Apple MacBook Pro M3 4GB 1TB SSD,APPLE,MACBOOK PRO,M3,0,Used,4.0,1024.0,SSD,306500.0
HP TUF Core i5 Ryzen 5 16GB 256 SSD,HP,Other,I5,0,Used,16.0,256.0,SSD,121000.0
Apple MacBook Pro M2 32GB 256 SSD,APPLE,MACBOOK PRO,M2,0,Used,32.0,256.0,SSD,320999.0
ACER Inspiron Core i5 Ryzen 5 8GB 512 SSD,ACER,Other,I5,0,Used,8.0,512.0,SSD,105999.0
DELL Latitude Core i5 8th Gen 8GB 1TB SSD,DELL,LATITUDE,I5,8,Used,8.0,1024.0,SSD,165000.0
Nitro Core i5 11th Gen 16GB 512 SSD,ASUS,Other,I5,11,Used,16.0,512.0,SSD,170500.0
ACER ThinkPad Core i5 6th Gen 8GB 512 SSD,ACER,Other,I5,6,New,8.0,512.0,SSD,192500.0
DELL VivoBook Core i5 11th Gen 16GB 256 SSD,DELL,Other,I5,11,New,16.0,256.0,SSD,301000.0
Gaming Core i5 12th Gen 4GB 1TB SSD,ACER,Other,I5,12,Used,4.0,1024.0,SSD,128500.0
Pavilion Core i5 12th Gen 8GB 256 SSD,ACER,Other,I5,12,New,8.0,256.0,SSD,192500.0
Gaming Core i5 12th Gen 16GB 256 SSD,ACER,Other,I5,12,Used,16.0,256.0,SSD,144999.0
HP Gaming Core i5 8th Gen 32GB 1TB SSD,HP,Other,I5,8,Used,32.0,1024.0,SSD,232500.0
Pavilion Core i5 Ryzen 7 8GB 256 SSD,ACER,Other,I5,0,Used,8.0,256.0,SSD,86500.0
DELL Latitude Core i5 7th Gen 4GB 512 SSD,DELL,LATITUDE,I5,7,Used,4.0,512.0,SSD,92999.0
TUF Core i5 10th Gen 16GB 1TB SSD,HP,Other,I5,10,Used,16.0,1024.0,SSD,153500.0
Inspiron Core i5 Ryzen 5 8GB 256 SSD,ASUS,Other,I5,0,Used,8.0,256.0,SSD,116999.0
Inspiron Core i5 6th Gen 16GB 128 SSD,DELL,INSPIRON,I5,6,Used,16.0,128.0,SSD,85500.0
DELL ThinkPad Core i5 7th Gen 16GB 1TB HDD,DELL,Other,I5,7,Used,16.0,1024.0,HDD,122500.0
VivoBook Core i5 12th Gen 32GB 256 SSD,ACER,Other,I5,12,Used,32.0,256.0,SSD,191500.0
ACER Gaming Core i5 12th Gen 16GB 256 SSD,ACER,Other,I5,12,Used,16.0,256.0,SSD,141999.0
Gaming Core i5 Ryzen 7 4GB 1TB SSD,ACER,Other,I5,0,New,4.0,1024.0,SSD,265000.0
Laptop Core i5 12th Gen 32GB 256 SSD,DELL,Other,I5,12,New,32.0,256.0,SSD,437000.0
ASUS Gaming Core i5 11th Gen 4GB 128 SSD,ASUS,Other,I5,11,Used,4.0,128.0,SSD,102999.0
Apple MacBook Pro M2 32GB 1TB SSD,APPLE,MACBOOK PRO,M2,0,Used,32.0,1024.0,SSD,292999.0
Laptop Core i5 6th Gen 16GB 256 SSD,ASUS,Other,I5,6,Used,16.0,256.0,SSD,119999.0
TUF Core i5 7th Gen 32GB 128 SSD,ACER,Other,I5,7,Used,32.0,128.0,SSD,102500.0
Apple MacBook Pro 2019 16GB 1TB SSD,APPLE,MACBOOK PRO,Other,8,Used,16.0,1024.0,SSD,255000.0
VivoBook Core i5 12th Gen 16GB 256 SSD,ACER,Other,I5,12,Used,16.0,256.0,SSD,120500.0
Pavilion Core i5 Ryzen 5 4GB 512 SSD,ASUS,Other,I5,0,Used,4.0,512.0,SSD,126500.0
Nitro Core i5 10th Gen 16GB 512 SSD,DELL,Other,I5,10,New,16.0,512.0,SSD,296000.0
Apple MacBook Pro M3 4GB 512 SSD,APPLE,MACBOOK PRO,M3,0,Used,4.0,512.0,SSD,247999.0
Nitro Core i5 13th Gen 8GB 256 SSD,ASUS,Other,I5,13,Used,8.0,256.0,SSD,135999.0
DELL VivoBook Core i5 Ryzen 7 16GB 512 SSD,DELL,Other,I5,0,New,16.0,512.0,SSD,367500.0
ASUS TUF Core i5 Ryzen 7 8GB 512 SSD,ASUS,TUF,I5,0,Used,8.0,512.0,SSD,165000.0
ACER Gaming Core i5 13th Gen 8GB 256 SSD,ACER,Other,I5,13,Used,8.0,256.0,SSD,99999.0
DELL ThinkPad Core i5 Ryzen 5 8GB 1TB HDD,DELL,Other,I5,0,Used,8.0,1024.0,HDD,118999.0
Apple MacBook Pro 2019 16GB 512 SSD,APPLE,MACBOOK PRO,Other,8,Used,16.0,512.0,SSD,231999.0
TUF Core i5 8th Gen 4GB 1TB HDD,DELL,Other,I5,8,Used,4.0,1024.0,HDD,86500.0
Latitude Core i5 7th Gen 16GB 1TB SSD,ACER,Other,I5,7,Used,16.0,1024.0,SSD,112999.0
Apple MacBook Pro M2 32GB 1TB SSD,APPLE,MACBOOK PRO,M2,0,New,32.0,1024.0,SSD,723000.0
ASUS Pavilion Core i5 10th Gen 8GB 128 SSD,ASUS,Other,I5,10,Used,8.0,128.0,SSD,84000.0
ASUS Gaming Core i5 13th Gen 32GB 512 SSD,ASUS,Other,I5,13,New,32.0,512.0,SSD,557500.0
ACER Gaming Core i5 Ryzen 5 4GB 256 SSD,ACER,Other,I5,0,Used,4.0,256.0,SSD,75000.0
VivoBook Core i5 8th Gen 16GB 256 SSD,ACER,Other,I5,8,New,16.0,256.0,SSD,177500.0
Laptop Core i5 Ryzen 5 16GB 256 SSD,DELL,Other,I5,0,Used,16.0,256.0,SSD,146000.0
Nitro Core i5 10th Gen 8GB 512 SSD,HP,Other,I5,10,New,8.0,512.0,SSD,242999.0
Nitro Core i5 11th Gen 16GB 256 SSD,ACER,NITRO,I5,11,Used,16.0,256.0,SSD,118000.0
Apple MacBook Pro M2 16GB 512 SSD,APPLE,MACBOOK PRO,M2,0,Used,16.0,512.0,SSD,263000.0
Apple MacBook Pro 2020 8GB 128 SSD,APPLE,MACBOOK PRO,Other,12,New,8.0,128.0,SSD,307500.0
HP ThinkPad Core i5 Ryzen 7 32GB 256 SSD,HP,Other,I5,0,Used,32.0,256.0,SSD,161500.0
Apple MacBook Pro 2020 32GB 1TB HDD,APPLE,MACBOOK PRO,Other,12,New,32.0,1024.0,HDD,535999.0
ASUS Nitro Core i5 Ryzen 5 16GB 256 SSD,ASUS,Other,I5,0,New,16.0,256.0,SSD,290999.0
ASUS VivoBook Core i5 13th Gen 8GB 128 SSD,ASUS,VIVOBOOK,I5,13,Used,8.0,128.0,SSD,103999.0
Inspiron Core i5 7th Gen 8GB 128 SSD,DELL,INSPIRON,I5,7,New,8.0,128.0,SSD,150000.0
Apple MacBook Pro M1 16GB 1TB HDD,APPLE,MACBOOK PRO,M1,0,Used,16.0,1024.0,HDD,273000.0
Latitude Core i5 7th Gen 4GB 1TB SSD,HP,Other,I5,7,Used,4.0,1024.0,SSD,132000.0
ASUS ThinkPad Core i5 6th Gen 16GB 128 SSD,ASUS,Other,I5,6,Used,16.0,128.0,SSD,108500.0
ACER Gaming Core i5 8th Gen 4GB 512 SSD,ACER,Other,I5,8,Used,4.0,512.0,SSD,79500.0
HP ThinkPad Core i5 7th Gen 8GB 256 SSD,HP,Other,I5,7,Used,8.0,256.0,SSD,79500.0
ASUS Laptop Core i5 Ryzen 5 32GB 256 SSD,ASUS,Other,I5,0,Used,32.0,256.0,SSD,185000.0
Inspiron Core i5 13th Gen 16GB 1TB HDD,ACER,Other,I5,13,Used,16.0,1024.0,HDD,126500.0
ASUS Latitude Core i5 8th Gen 16GB 1TB HDD,ASUS,Other,I5,8,Used,16.0,1024.0,HDD,110500.0
DELL VivoBook Core i5 13th Gen 16GB 512 SSD,DELL,Other,I5,13,New,16.0,512.0,SSD,404999.0
HP TUF Core i5 13th Gen 32GB 256 SSD,HP,Other,I5,13,Used,32.0,256.0,SSD,220999.0
Apple MacBook Pro M3 8GB 128 SSD,APPLE,MACBOOK PRO,M3,0,Used,8.0,128.0,SSD,247000.0
Inspiron Core i5 11th Gen 32GB 1TB HDD,ASUS,Other,I5,11,New,32.0,1024.0,HDD,347999.0
Apple MacBook Pro 2020 16GB 1TB HDD,APPLE,MACBOOK PRO,Other,12,Used,16.0,1024.0,HDD,259999.0
VivoBook Core i5 13th Gen 4GB 128 SSD,HP,Other,I5,13,Used,4.0,128.0,SSD,117500.0
Nitro Core i5 Ryzen 7 8GB 1TB SSD,HP,Other,I5,0,Used,8.0,1024.0,SSD,197500.0
Apple MacBook Pro M2 16GB 256 SSD,APPLE,MACBOOK PRO,M2,0,Used,16.0,256.0,SSD,287000.0
ACER Nitro Core i5 8th Gen 16GB 256 SSD,ACER,NITRO,I5,8,Used,16.0,256.0,SSD,107999.0
VivoBook Core i5 8th Gen 4GB 128 SSD,DELL,Other,I5,8,Used,4.0,128.0,SSD,69999.0
Laptop Core i5 Ryzen 5 16GB 1TB HDD,DELL,Other,I5,0,Used,16.0,1024.0,HDD,134500.0
Gaming Core i5 7th Gen 8GB 512 SSD,DELL,Other,I5,7,New,8.0,512.0,SSD,193000.0
ASUS Nitro Core i5 11th Gen 8GB 1TB HDD,ASUS,Other,I5,11,Used,8.0,1024.0,HDD,99000.0
ACER Gaming Core i5 11th Gen 16GB 512 SSD,ACER,Other,I5,11,Used,16.0,512.0,SSD,108999.0
ACER TUF Core i5 8th Gen 8GB 512 SSD,ACER,Other,I5,8,Used,8.0,512.0,SSD,89999.0
ThinkPad Core i5 13th Gen 8GB 256 SSD,ASUS,Other,I5,13,Used,8.0,256.0,SSD,164999.0
ThinkPad Core i5 10th Gen 16GB 256 SSD,ASUS,Other,I5,10,Used,16.0,256.0,SSD,141500.0
DELL Gaming Core i5 Ryzen 5 8GB 256 SSD,DELL,Other,I5,0,Used,8.0,256.0,SSD,112999.0
DELL Pavilion Core i5 6th Gen 16GB 128 SSD,DELL,Other,I5,6,New,16.0,128.0,SSD,202999.0
Pavilion Core i5 Ryzen 7 16GB 1TB SSD,ACER,Other,I5,0,Used,16.0,1024.0,SSD,200500.0
ACER Inspiron Core i5 10th Gen 8GB 1TB SSD,ACER,Other,I5,10,Used,8.0,1024.0,SSD,111000.0
DELL Laptop Core i5 8th Gen 32GB 128 SSD,DELL,Other,I5,8,New,32.0,128.0,SSD,295999.0
ACER VivoBook Core i5 10th Gen 4GB 512 SSD,ACER,Other,I5,10,Used,4.0,512.0,SSD,94500.0
HP Gaming Core i5 13th Gen 4GB 256 SSD,HP,Other,I5,13,Used,4.0,256.0,SSD,132999.0
Laptop Core i5 12th Gen 8GB 256 SSD,HP,Other,I5,12,Used,8.0,256.0,SSD,120000.0
VivoBook Core i5 Ryzen 7 16GB 1TB HDD,ASUS,VIVOBOOK,I5,0,Used,16.0,1024.0,HDD,147999.0
ACER Gaming Core i5 6th Gen 32GB 128 SSD,ACER,Other,I5,6,Used,32.0,128.0,SSD,112000.0
ThinkPad Core i5 7th Gen 8GB 1TB HDD,ACER,Other,I5,7,Used,8.0,1024.0,HDD,61500.0
Laptop Core i5 Ryzen 7 16GB 128 SSD,ASUS,Other,I5,0,Used,16.0,128.0,SSD,130500.0
DELL Gaming Core i5 8th Gen 8GB 1TB SSD,DELL,Other,I5,8,Used,8.0,1024.0,SSD,153500.0
DELL Latitude Core i5 8th Gen 4GB 1TB SSD,DELL,LATITUDE,I5,8,Used,4.0,1024.0,SSD,146500.0
ACER Nitro Core i5 8th Gen 32GB 1TB HDD,ACER,NITRO,I5,8,Used,32.0,1024.0,HDD,105999.0
ThinkPad Core i5 6th Gen 32GB 256 SSD,ASUS,Other,I5,6,Used,32.0,256.0,SSD,140000.0
HP Gaming Core i5 6th Gen 8GB 1TB SSD,HP,Other,I5,6,New,8.0,1024.0,SSD,239500.0
ASUS TUF Core i5 6th Gen 8GB 1TB SSD,ASUS,TUF,I5,6,Used,8.0,1024.0,SSD,141000.0
DELL Latitude Core i5 Ryzen 7 4GB 512 SSD,DELL,LATITUDE,I5,0,Used,4.0,512.0,SSD,125999.0
ASUS Pavilion Core i5 12th Gen 4GB 256 SSD,ASUS,Other,I5,12,Used,4.0,256.0,SSD,136000.0
ASUS TUF Core i5 Ryzen 5 16GB 256 SSD,ASUS,TUF,I5,0,Used,16.0,256.0,SSD,115500.0
Apple MacBook Pro M1 16GB 512 SSD,APPLE,MACBOOK PRO,M1,0,New,16.0,512.0,SSD,492000.0
Gaming Core i5 8th Gen 8GB 1TB HDD,ACER,Other,I5,8,Used,8.0,1024.0,HDD,67500.0
Apple MacBook Pro 2019 8GB 256 SSD,APPLE,MACBOOK PRO,Other,8,Used,8.0,256.0,SSD,174000.0
TUF Core i5 10th Gen 16GB 128 SSD,DELL,Other,I5,10,Used,16.0,128.0,SSD,130000.0
Inspiron Core i5 10th Gen 32GB 512 SSD,DELL,INSPIRON,I5,10,Used,32.0,512.0,SSD,192999.0
Pavilion Core i5 7th Gen 32GB 256 SSD,ACER,Other,I5,7,Used,32.0,256.0,SSD,115000.0
HP TUF Core i5 Ryzen 7 8GB 512 SSD,HP,Other,I5,0,Used,8.0,512.0,SSD,130500.0
DELL TUF Core i5 6th Gen 8GB 1TB SSD,DELL,Other,I5,6,Used,8.0,1024.0,SSD,152500.0
TUF Core i5 10th Gen 4GB 512 SSD,ASUS,TUF,I5,10,Used,4.0,512.0,SSD,129000.0
DELL Inspiron Core i5 11th Gen 8GB 512 SSD,DELL,INSPIRON,I5,11,Used,8.0,512.0,SSD,131000.0
Nitro Core i5 Ryzen 5 8GB 256 SSD,ACER,NITRO,I5,0,Used,8.0,256.0,SSD,88500.0
ACER ThinkPad Core i5 6th Gen 8GB 128 SSD,ACER,Other,I5,6,Used,8.0,128.0,SSD,48500.0
ACER TUF Core i5 Ryzen 5 32GB 1TB SSD,ACER,Other,I5,0,Used,32.0,1024.0,SSD,187000.0
Apple MacBook Pro 2020 8GB 256 SSD,APPLE,MACBOOK PRO,Other,12,Used,8.0,256.0,SSD,213999.0
HP VivoBook Core i5 10th Gen 16GB 256 SSD,HP,Other,I5,10,Used,16.0,256.0,SSD,123000.0
TUF Core i5 12th Gen 16GB 512 SSD,ACER,Other,I5,12,New,16.0,512.0,SSD,270500.0
HP Pavilion Core i5 13th Gen 32GB 512 SSD,HP,PAVILION,I5,13,Used,32.0,512.0,SSD,243999.0
Gaming Core i5 12th Gen 8GB 1TB HDD,ACER,Other,I5,12,Used,8.0,1024.0,HDD,94000.0
Gaming Core i5 Ryzen 5 32GB 1TB HDD,ACER,Other,I5,0,Used,32.0,1024.0,HDD,126000.0
Inspiron Core i5 13th Gen 4GB 256 SSD,ACER,Other,I5,13,Used,4.0,256.0,SSD,92500.0
Apple MacBook Pro M2 4GB 1TB SSD,APPLE,MACBOOK PRO,M2,0,Used,4.0,1024.0,SSD,278000.0
Nitro Core i5 13th Gen 16GB 512 SSD,HP,Other,I5,13,Used,16.0,512.0,SSD,155000.0
Apple MacBook Pro M2 4GB 512 SSD,APPLE,MACBOOK PRO,M2,0,Used,4.0,512.0,SSD,261500.0
ASUS Inspiron Core i5 10th Gen 8GB 256 SSD,ASUS,Other,I5,10,Used,8.0,256.0,SSD,121000.0
Gaming Core i5 7th Gen 16GB 128 SSD,DELL,Other,I5,7,New,16.0,128.0,SSD,217999.0
TUF Core i5 11th Gen 4GB 128 SSD,DELL,Other,I5,11,Used,4.0,128.0,SSD,78000.0
ASUS ThinkPad Core i5 7th Gen 4GB 256 SSD,ASUS,Other,I5,7,New,4.0,256.0,SSD,151500.0
Apple MacBook Pro 2020 32GB 256 SSD,APPLE,MACBOOK PRO,Other,12,Used,32.0,256.0,SSD,249999.0
Pavilion Core i5 7th Gen 16GB 512 SSD,DELL,Other,I5,7,New,16.0,512.0,SSD,276000.0
DELL Nitro Core i5 Ryzen 5 8GB 256 SSD,DELL,Other,I5,0,New,8.0,256.0,SSD,230500.0
HP VivoBook Core i5 7th Gen 16GB 256 SSD,HP,Other,I5,7,New,16.0,256.0,SSD,218999.0
DELL Inspiron Core i5 10th Gen 16GB 512 SSD,DELL,INSPIRON,I5,10,New,16.0,512.0,SSD,317500.0
Apple MacBook Pro M1 16GB 1TB SSD,APPLE,MACBOOK PRO,M1,0,Used,16.0,1024.0,SSD,330000.0
Apple MacBook Pro M1 8GB 1TB HDD,APPLE,MACBOOK PRO,M1,0,Used,8.0,1024.0,HDD,192500.0
Latitude Core i5 10th Gen 8GB 1TB HDD,ASUS,Other,I5,10,Used,8.0,1024.0,HDD,94000.0
Latitude Core i5 Ryzen 7 8GB 1TB HDD,ACER,Other,I5,0,Used,8.0,1024.0,HDD,81999.0
DELL ThinkPad Core i5 8th Gen 32GB 256 SSD,DELL,Other,I5,8,Used,32.0,256.0,SSD,166500.0
Pavilion Core i5 Ryzen 7 32GB 256 SSD,HP,PAVILION,I5,0,New,32.0,256.0,SSD,341500.0
Pavilion Core i5 8th Gen 16GB 1TB HDD,ASUS,Other,I5,8,Used,16.0,1024.0,HDD,148999.0
HP ThinkPad Core i5 11th Gen 16GB 512 SSD,HP,Other,I5,11,New,16.0,512.0,SSD,299500.0
ASUS VivoBook Core i5 13th Gen 8GB 1TB HDD,ASUS,VIVOBOOK,I5,13,Used,8.0,1024.0,HDD,152999.0
DELL VivoBook Core i5 13th Gen 8GB 512 SSD,DELL,Other,I5,13,New,8.0,512.0,SSD,309999.0
ThinkPad Core i5 Ryzen 7 16GB 256 SSD,HP,Other,I5,0,Used,16.0,256.0,SSD,155000.0
Latitude Core i5 10th Gen 8GB 512 SSD,HP,Other,I5,10,New,8.0,512.0,SSD,242000.0
ThinkPad Core i5 12th Gen 16GB 1TB HDD,ACER,Other,I5,12,Used,16.0,1024.0,HDD,129500.0
ThinkPad Core i5 6th Gen 16GB 512 SSD,DELL,Other,I5,6,Used,16.0,512.0,SSD,107000.0
ASUS VivoBook Core i5 8th Gen 16GB 256 SSD,ASUS,VIVOBOOK,I5,8,Used,16.0,256.0,SSD,139000.0
ThinkPad Core i5 Ryzen 5 32GB 1TB SSD,ASUS,Other,I5,0,Used,32.0,1024.0,SSD,250500.0
Laptop Core i5 7th Gen 4GB 1TB HDD,ACER,Other,I5,7,Used,4.0,1024.0,HDD,45500.0
Laptop Core i5 Ryzen 7 16GB 512 SSD,ASUS,Other,I5,0,New,16.0,512.0,SSD,354999.0
HP VivoBook Core i5 Ryzen 7 16GB 128 SSD,HP,Other,I5,0,New,16.0,128.0,SSD,229999.0
ThinkPad Core i5 11th Gen 8GB 1TB SSD,ACER,Other,I5,11,Used,8.0,1024.0,SSD,138999.0
ASUS TUF Core i5 Ryzen 7 32GB 256 SSD,ASUS,TUF,I5,0,Used,32.0,256.0,SSD,152500.0
TUF Core i5 7th Gen 32GB 1TB SSD,ACER,Other,I5,7,Used,32.0,1024.0,SSD,158500.0
DELL Gaming Core i5 10th Gen 32GB 512 SSD,DELL,Other,I5,10,Used,32.0,512.0,SSD,213500.0
TUF Core i5 13th Gen 16GB 512 SSD,DELL,Other,I5,13,Used,16.0,512.0,SSD,219000.0
Inspiron Core i5 Ryzen 7 8GB 1TB SSD,ASUS,Other,I5,0,Used,8.0,1024.0,SSD,193500.0
Apple MacBook Pro M1 4GB 256 SSD,APPLE,MACBOOK PRO,M1,0,Used,4.0,256.0,SSD,209999.0
Apple MacBook Pro M3 8GB 256 SSD,APPLE,MACBOOK PRO,M3,0,Used,8.0,256.0,SSD,293999.0
ASUS Gaming Core i5 13th Gen 8GB 128 SSD,ASUS,Other,I5,13,New,8.0,128.0,SSD,271000.0
Apple MacBook Pro M1 4GB 512 SSD,APPLE,MACBOOK PRO,M1,0,Used,4.0,512.0,SSD,208000.0
Apple MacBook Pro M2 8GB 128 SSD,APPLE,MACBOOK PRO,M2,0,New,8.0,128.0,SSD,447999.0
Inspiron Core i5 13th Gen 8GB 512 SSD,ACER,Other,I5,13,Used,8.0,512.0,SSD,140999.0
DELL ThinkPad Core i5 8th Gen 16GB 512 SSD,DELL,Other,I5,8,Used,16.0,512.0,SSD,140500.0
HP Latitude Core i5 12th Gen 8GB 1TB SSD,HP,Other,I5,12,Used,8.0,1024.0,SSD,165000.0
DELL Laptop Core i5 13th Gen 16GB 1TB SSD,DELL,Other,I5,13,Used,16.0,1024.0,SSD,218999.0
HP Inspiron Core i5 8th Gen 32GB 128 SSD,HP,Other,I5,8,Used,32.0,128.0,SSD,121999.0
Gaming Core i5 6th Gen 32GB 1TB HDD,ASUS,Other,I5,6,Used,32.0,1024.0,HDD,165000.0
DELL Gaming Core i5 10th Gen 32GB 512 SSD,DELL,Other,I5,10,Used,32.0,512.0,SSD,181500.0
Apple MacBook Pro 2020 16GB 256 SSD,APPLE,MACBOOK PRO,Other,12,Used,16.0,256.0,SSD,191500.0
ACER Inspiron Core i5 8th Gen 4GB 1TB HDD,ACER,Other,I5,8,New,4.0,1024.0,HDD,106000.0
Apple MacBook Pro 2019 16GB 256 SSD,APPLE,MACBOOK PRO,Other,8,Used,16.0,256.0,SSD,191500.0
Latitude Core i5 Ryzen 5 16GB 256 SSD,ASUS,Other,I5,0,Used,16.0,256.0,SSD,124999.0
Apple MacBook Pro 2020 4GB 1TB HDD,APPLE,MACBOOK PRO,Other,12,Used,4.0,1024.0,HDD,192500.0
ASUS Laptop Core i5 11th Gen 32GB 512 SSD,ASUS,Other,I5,11,New,32.0,512.0,SSD,461999.0
Pavilion Core i5 Ryzen 5 16GB 256 SSD,ASUS,Other,I5,0,Used,16.0,256.0,SSD,140000.0
Latitude Core i5 8th Gen 8GB 512 SSD,ASUS,Other,I5,8,Used,8.0,512.0,SSD,113500.0
HP Inspiron Core i5 11th Gen 16GB 1TB SSD,HP,Other,I5,11,New,16.0,1024.0,SSD,358000.0
Apple MacBook Pro M2 8GB 128 SSD,APPLE,MACBOOK PRO,M2,0,Used,8.0,128.0,SSD,214500.0
ThinkPad Core i5 10th Gen 4GB 512 SSD,ACER,Other,I5,10,New,4.0,512.0,SSD,171999.0
Inspiron Core i5 10th Gen 32GB 1TB SSD,ACER,Other,I5,10,Used,32.0,1024.0,SSD,208500.0
Laptop Core i5 12th Gen 8GB 1TB HDD,ASUS,Other,I5,12,Used,8.0,1024.0,HDD,137000.0
Inspiron Core i5 10th Gen 16GB 256 SSD,DELL,INSPIRON,I5,10,Used,16.0,256.0,SSD,137500.0
HP TUF Core i5 6th Gen 4GB 256 SSD,HP,Other,I5,6,Used,4.0,256.0,SSD,68000.0
Pavilion Core i5 Ryzen 5 16GB 128 SSD,ASUS,Other,I5,0,Used,16.0,128.0,SSD,101999.0
ASUS ThinkPad Core i5 6th Gen 16GB 256 SSD,ASUS,Other,I5,6,Used,16.0,256.0,SSD,120500.0
Apple MacBook Pro 2019 8GB 1TB HDD,APPLE,MACBOOK PRO,Other,8,Used,8.0,1024.0,HDD,193500.0
Apple MacBook Pro M2 32GB 512 SSD,APPLE,MACBOOK PRO,M2,0,Used,32.0,512.0,SSD,317999.0
DELL Laptop Core i5 Ryzen 5 8GB 128 SSD,DELL,Other,I5,0,New,8.0,128.0,SSD,193500.0
ThinkPad Core i5 Ryzen 5 32GB 1TB SSD,DELL,Other,I5,0,Used,32.0,1024.0,SSD,183000.0
HP TUF Core i5 6th Gen 32GB 256 SSD,HP,Other,I5,6,Used,32.0,256.0,SSD,161999.0
Nitro Core i5 6th Gen 8GB 1TB SSD,HP,Other,I5,6,Used,8.0,1024.0,SSD,141999.0
ACER Pavilion Core i5 6th Gen 16GB 512 SSD,ACER,Other,I5,6,Used,16.0,512.0,SSD,109500.0
TUF Core i5 Ryzen 5 8GB 256 SSD,ACER,Other,I5,0,Used,8.0,256.0,SSD,80500.0
Pavilion Core i5 11th Gen 16GB 256 SSD,HP,PAVILION,I5,11,Used,16.0,256.0,SSD,119999.0
ThinkPad Core i5 8th Gen 8GB 512 SSD,ASUS,Other,I5,8,Used,8.0,512.0,SSD,133000.0
HP TUF Core i5 10th Gen 8GB 1TB HDD,HP,Other,I5,10,Used,8.0,1024.0,HDD,112500.0
Apple MacBook Pro 2019 16GB 512 SSD,APPLE,MACBOOK PRO,Other,8,Used,16.0,512.0,SSD,227000.0
HP TUF Core i5 13th Gen 32GB 512 SSD,HP,Other,I5,13,Used,32.0,512.0,SSD,216999.0
ACER VivoBook Core i5 8th Gen 32GB 128 SSD,ACER,Other,I5,8,Used,32.0,128.0,SSD,118500.0
Apple MacBook Pro M3 32GB 256 SSD,APPLE,MACBOOK PRO,M3,0,Used,32.0,256.0,SSD,310500.0
ACER Pavilion Core i5 11th Gen 16GB 128 SSD,ACER,Other,I5,11,Used,16.0,128.0,SSD,95999.0
ASUS Laptop Core i5 11th Gen 8GB 256 SSD,ASUS,Other,I5,11,Used,8.0,256.0,SSD,115000.0
ASUS TUF Core i5 6th Gen 4GB 1TB HDD,ASUS,TUF,I5,6,New,4.0,1024.0,HDD,162500.0
DELL Gaming Core i5 10th Gen 8GB 1TB SSD,DELL,Other,I5,10,Used,8.0,1024.0,SSD,154000.0
Nitro Core i5 Ryzen 7 8GB 256 SSD,HP,Other,I5,0,Used,8.0,256.0,SSD,107000.0
ACER Inspiron Core i5 6th Gen 32GB 1TB HDD,ACER,Other,I5,6,Used,32.0,1024.0,HDD,139999.0
Apple MacBook Pro M1 16GB 512 SSD,APPLE,MACBOOK PRO,M1,0,Used,16.0,512.0,SSD,233999.0
Apple MacBook Pro 2019 32GB 128 SSD,APPLE,MACBOOK PRO,Other,8,Used,32.0,128.0,SSD,242500.0
ThinkPad Core i5 6th Gen 8GB 1TB SSD,DELL,Other,I5,6,New,8.0,1024.0,SSD,257000.0
ACER Laptop Core i5 10th Gen 4GB 128 SSD,ACER,Other,I5,10,Used,4.0,128.0,SSD,54500.0
Apple MacBook Pro 2019 32GB 128 SSD,APPLE,MACBOOK PRO,Other,8,Used,32.0,128.0,SSD,224000.0
Apple MacBook Pro 2019 32GB 1TB SSD,APPLE,MACBOOK PRO,Other,8,Used,32.0,1024.0,SSD,327999.0
Nitro Core i5 Ryzen 7 16GB 512 SSD,DELL,Other,I5,0,Used,16.0,512.0,SSD,182500.0
Apple MacBook Pro M1 8GB 512 SSD,APPLE,MACBOOK PRO,M1,0,Used,8.0,512.0,SSD,202999.0
ASUS ThinkPad Core i5 12th Gen 16GB 1TB HDD,ASUS,Other,I5,12,Used,16.0,1024.0,HDD,147000.0
Pavilion Core i5 Ryzen 7 16GB 256 SSD,DELL,Other,I5,0,Used,16.0,256.0,SSD,157500.0
Inspiron Core i5 10th Gen 8GB 128 SSD,ASUS,Other,I5,10,Used,8.0,128.0,SSD,76000.0
Gaming Core i5 10th Gen 4GB 512 SSD,HP,Other,I5,10,Used,4.0,512.0,SSD,104000.0
Apple MacBook Pro 2019 8GB 256 SSD,APPLE,MACBOOK PRO,Other,8,Used,8.0,256.0,SSD,156000.0
Gaming Core i5 13th Gen 4GB 512 SSD,HP,Other,I5,13,Used,4.0,512.0,SSD,128500.0
Laptop Core i5 Ryzen 5 8GB 512 SSD,DELL,Other,I5,0,Used,8.0,512.0,SSD,110000.0
Latitude Core i5 Ryzen 5 16GB 128 SSD,ACER,Other,I5,0,Used,16.0,128.0,SSD,98500.0
Apple MacBook Pro M1 16GB 256 SSD,APPLE,MACBOOK PRO,M1,0,Used,16.0,256.0,SSD,264500.0
Pavilion Core i5 8th Gen 32GB 512 SSD,DELL,Other,I5,8,Used,32.0,512.0,SSD,205999.0
HP Laptop Core i5 6th Gen 16GB 256 SSD,HP,Other,I5,6,New,16.0,256.0,SSD,204999.0
Apple MacBook Pro 2020 8GB 512 SSD,APPLE,MACBOOK PRO,Other,12,Used,8.0,512.0,SSD,239000.0
HP Nitro Core i5 13th Gen 8GB 256 SSD,HP,Other,I5,13,Used,8.0,256.0,SSD,140500.0
ASUS Gaming Core i5 13th Gen 32GB 1TB SSD,ASUS,Other,I5,13,Used,32.0,1024.0,SSD,239000.0
ASUS Latitude Core i5 11th Gen 8GB 512 SSD,ASUS,Other,I5,11,New,8.0,512.0,SSD,298999.0
DELL Inspiron Core i5 6th Gen 8GB 512 SSD,DELL,INSPIRON,I5,6,Used,8.0,512.0,SSD,112500.0
Laptop Core i5 Ryzen 5 8GB 128 SSD,DELL,Other,I5,0,Used,8.0,128.0,SSD,84000.0
HP Inspiron Core i5 Ryzen 5 16GB 512 SSD,HP,Other,I5,0,Used,16.0,512.0,SSD,144500.0
Laptop Core i5 Ryzen 5 16GB 256 SSD,HP,Other,I5,0,Used,16.0,256.0,SSD,134000.0
HP Latitude Core i5 8th Gen 32GB 1TB HDD,HP,Other,I5,8,Used,32.0,1024.0,HDD,160500.0
Apple MacBook Pro 2019 8GB 256 SSD,APPLE,MACBOOK PRO,Other,8,Used,8.0,256.0,SSD,184999.0
ACER Gaming Core i5 13th Gen 8GB 512 SSD,ACER,Other,I5,13,Used,8.0,512.0,SSD,122000.0
HP Gaming Core i5 7th Gen 8GB 512 SSD,HP,Other,I5,7,Used,8.0,512.0,SSD,111999.0
Pavilion Core i5 Ryzen 7 8GB 1TB SSD,DELL,Other,I5,0,New,8.0,1024.0,SSD,311000.0
DELL Laptop Core i5 12th Gen 16GB 256 SSD,DELL,Other,I5,12,Used,16.0,256.0,SSD,176000.0
DELL Latitude Core i5 6th Gen 8GB 256 SSD,DELL,LATITUDE,I5,6,Used,8.0,256.0,SSD,82000.0
Apple MacBook Pro M1 8GB 1TB HDD,APPLE,MACBOOK PRO,M1,0,Used,8.0,1024.0,HDD,169999.0
ACER Latitude Core i5 6th Gen 16GB 1TB SSD,ACER,Other,I5,6,Used,16.0,1024.0,SSD,124000.0
Apple MacBook Pro 2020 8GB 128 SSD,APPLE,MACBOOK PRO,Other,12,Used,8.0,128.0,SSD,174000.0
Latitude Core i5 8th Gen 8GB 256 SSD,DELL,LATITUDE,I5,8,Used,8.0,256.0,SSD,99000.0
HP ThinkPad Core i5 11th Gen 16GB 256 SSD,HP,Other,I5,11,Used,16.0,256.0,SSD,136500.0
ACER Latitude Core i5 12th Gen 32GB 512 SSD,ACER,Other,I5,12,Used,32.0,512.0,SSD,152500.0
VivoBook Core i5 13th Gen 8GB 1TB HDD,ACER,Other,I5,13,Used,8.0,1024.0,HDD,108999.0
ACER Pavilion Core i5 6th Gen 32GB 512 SSD,ACER,Other,I5,6,Used,32.0,512.0,SSD,171500.0
ASUS Latitude Core i5 12th Gen 8GB 512 SSD,ASUS,Other,I5,12,New,8.0,512.0,SSD,280500.0
HP Inspiron Core i5 11th Gen 8GB 512 SSD,HP,Other,I5,11,Used,8.0,512.0,SSD,129999.0
ACER TUF Core i5 Ryzen 7 8GB 1TB SSD,ACER,Other,I5,0,Used,8.0,1024.0,SSD,135000.0
Gaming Core i5 13th Gen 16GB 1TB SSD,ASUS,Other,I5,13,Used,16.0,1024.0,SSD,200000.0
Apple MacBook Pro 2020 4GB 512 SSD,APPLE,MACBOOK PRO,Other,12,Used,4.0,512.0,SSD,220000.0
Gaming Core i5 10th Gen 32GB 256 SSD,DELL,Other,I5,10,Used,32.0,256.0,SSD,135999.0
ThinkPad Core i5 7th Gen 16GB 512 SSD,DELL,Other,I5,7,Used,16.0,512.0,SSD,142000.0
ASUS ThinkPad Core i5 13th Gen 8GB 1TB SSD,ASUS,Other,I5,13,Used,8.0,1024.0,SSD,169500.0
Apple MacBook Pro 2019 4GB 256 SSD,APPLE,MACBOOK PRO,Other,8,Used,4.0,256.0,SSD,165999.0
Pavilion Core i5 12th Gen 8GB 512 SSD,DELL,Other,I5,12,New,8.0,512.0,SSD,286000.0
ASUS Laptop Core i5 11th Gen 32GB 1TB HDD,ASUS,Other,I5,11,New,32.0,1024.0,HDD,400000.0
Gaming Core i5 6th Gen 8GB 1TB SSD,DELL,Other,I5,6,New,8.0,1024.0,SSD,343000.0
VivoBook Core i5 11th Gen 4GB 128 SSD,HP,Other,I5,11,New,4.0,128.0,SSD,162500.0
ACER TUF Core i5 6th Gen 8GB 512 SSD,ACER,Other,I5,6,Used,8.0,512.0,SSD,88000.0
Apple MacBook Pro M2 4GB 512 SSD,APPLE,MACBOOK PRO,M2,0,New,4.0,512.0,SSD,464000.0
Pavilion Core i5 13th Gen 8GB 128 SSD,ASUS,Other,I5,13,New,8.0,128.0,SSD,256000.0
Inspiron Core i5 Ryzen 7 16GB 512 SSD,DELL,INSPIRON,I5,0,Used,16.0,512.0,SSD,187500.0
HP Nitro Core i5 6th Gen 4GB 128 SSD,HP,Other,I5,6,New,4.0,128.0,SSD,97000.0
Apple MacBook Pro 2020 16GB 512 SSD,APPLE,MACBOOK PRO,Other,12,New,16.0,512.0,SSD,463999.0
Apple MacBook Pro 2020 8GB 512 SSD,APPLE,MACBOOK PRO,Other,12,New,8.0,512.0,SSD,426500.0
ASUS ThinkPad Core i5 10th Gen 16GB 128 SSD,ASUS,Other,I5,10,Used,16.0,128.0,SSD,138000.0
Apple MacBook Pro M1 32GB 512 SSD,APPLE,MACBOOK PRO,M1,0,New,32.0,512.0,SSD,667999.0
Inspiron Core i5 10th Gen 8GB 512 SSD,DELL,INSPIRON,I5,10,Used,8.0,512.0,SSD,140500.0
Apple MacBook Pro M1 4GB 256 SSD,APPLE,MACBOOK PRO,M1,0,New,4.0,256.0,SSD,419500.0
Nitro Core i5 Ryzen 5 4GB 256 SSD,ACER,NITRO,I5,0,New,4.0,256.0,SSD,139500.0
HP Latitude Core i5 10th Gen 32GB 1TB SSD,HP,Other,I5,10,Used,32.0,1024.0,SSD,221000.0
Nitro Core i5 12th Gen 16GB 1TB HDD,DELL,Other,I5,12,Used,16.0,1024.0,HDD,161999.0
Inspiron Core i5 13th Gen 32GB 256 SSD,DELL,INSPIRON,I5,13,Used,32.0,256.0,SSD,217500.0
DELL Pavilion Core i5 Ryzen 5 16GB 128 SSD,DELL,Other,I5,0,Used,16.0,128.0,SSD,110000.0
Gaming Core i5 Ryzen 5 16GB 256 SSD,ACER,Other,I5,0,Used,16.0,256.0,SSD,94500.0
Apple MacBook Pro M2 16GB 128 SSD,APPLE,MACBOOK PRO,M2,0,Used,16.0,128.0,SSD,248999.0
Gaming Core i5 Ryzen 5 16GB 256 SSD,ACER,Other,I5,0,New,16.0,256.0,SSD,208000.0
Nitro Core i5 6th Gen 16GB 512 SSD,ACER,NITRO,I5,6,Used,16.0,512.0,SSD,111999.0
Apple MacBook Pro M1 32GB 256 SSD,APPLE,MACBOOK PRO,M1,0,Used,32.0,256.0,SSD,237999.0
DELL Pavilion Core i5 Ryzen 7 8GB 256 SSD,DELL,Other,I5,0,Used,8.0,256.0,SSD,108500.0
DELL Nitro Core i5 6th Gen 8GB 256 SSD,DELL,Other,I5,6,New,8.0,256.0,SSD,170000.0
ACER Nitro Core i5 10th Gen 4GB 512 SSD,ACER,NITRO,I5,10,Used,4.0,512.0,SSD,92500.0
Inspiron Core i5 8th Gen 4GB 512 SSD,ASUS,Other,I5,8,Used,4.0,512.0,SSD,124000.0
ASUS Latitude Core i5 13th Gen 16GB 256 SSD,ASUS,Other,I5,13,New,16.0,256.0,SSD,324000.0
Apple MacBook Pro M1 8GB 256 SSD,APPLE,MACBOOK PRO,M1,0,New,8.0,256.0,SSD,469500.0
Latitude Core i5 10th Gen 8GB 128 SSD,ACER,Other,I5,10,Used,8.0,128.0,SSD,61500.0
Pavilion Core i5 7th Gen 16GB 512 SSD,DELL,Other,I5,7,Used,16.0,512.0,SSD,162000.0
Inspiron Core i5 7th Gen 4GB 512 SSD,HP,Other,I5,7,Used,4.0,512.0,SSD,83500.0
DELL ThinkPad Core i5 11th Gen 4GB 1TB HDD,DELL,Other,I5,11,New,4.0,1024.0,HDD,197000.0
Gaming Core i5 Ryzen 7 16GB 512 SSD,DELL,Other,I5,0,New,16.0,512.0,SSD,306000.0
Latitude Core i5 Ryzen 7 8GB 512 SSD,DELL,LATITUDE,I5,0,Used,8.0,512.0,SSD,138000.0
Pavilion Core i5 12th Gen 16GB 1TB SSD,ACER,Other,I5,12,Used,16.0,1024.0,SSD,194500.0
ASUS Inspiron Core i5 13th Gen 32GB 128 SSD,ASUS,Other,I5,13,Used,32.0,128.0,SSD,173500.0
VivoBook Core i5 10th Gen 8GB 256 SSD,ASUS,VIVOBOOK,I5,10,Used,8.0,256.0,SSD,111000.0
Inspiron Core i5 Ryzen 5 8GB 512 SSD,ACER,Other,I5,0,Used,8.0,512.0,SSD,108000.0
ASUS Nitro Core i5 10th Gen 4GB 512 SSD,ASUS,Other,I5,10,Used,4.0,512.0,SSD,118000.0
ACER Pavilion Core i5 13th Gen 8GB 1TB HDD,ACER,Other,I5,13,Used,8.0,1024.0,HDD,122999.0
HP Inspiron Core i5 6th Gen 32GB 512 SSD,HP,Other,I5,6,Used,32.0,512.0,SSD,157500.0
Laptop Core i5 Ryzen 7 4GB 512 SSD,ACER,Other,I5,0,Used,4.0,512.0,SSD,118500.0
ACER Gaming Core i5 7th Gen 8GB 128 SSD,ACER,Other,I5,7,Used,8.0,128.0,SSD,49999.0
Apple MacBook Pro 2020 16GB 512 SSD,APPLE,MACBOOK PRO,Other,12,Used,16.0,512.0,SSD,257000.0
Pavilion Core i5 11th Gen 32GB 128 SSD,ASUS,Other,I5,11,Used,32.0,128.0,SSD,182999.0
ASUS ThinkPad Core i5 Ryzen 7 16GB 128 SSD,ASUS,Other,I5,0,Used,16.0,128.0,SSD,140000.0
Apple MacBook Pro M2 8GB 512 SSD,APPLE,MACBOOK PRO,M2,0,New,8.0,512.0,SSD,513999.0
ACER Inspiron Core i5 Ryzen 7 16GB 512 SSD,ACER,Other,I5,0,Used,16.0,512.0,SSD,133999.0
ACER Laptop Core i5 8th Gen 16GB 128 SSD,ACER,Other,I5,8,Used,16.0,128.0,SSD,84500.0
HP Pavilion Core i5 10th Gen 16GB 512 SSD,HP,PAVILION,I5,10,New,16.0,512.0,SSD,289000.0
Apple MacBook Pro M3 4GB 512 SSD,APPLE,MACBOOK PRO,M3,0,New,4.0,512.0,SSD,467999.0
ASUS Pavilion Core i5 11th Gen 32GB 1TB SSD,ASUS,Other,I5,11,Used,32.0,1024.0,SSD,244999.0
ACER VivoBook Core i5 13th Gen 16GB 512 SSD,ACER,Other,I5,13,Used,16.0,512.0,SSD,188999.0
Apple MacBook Pro 2020 16GB 128 SSD,APPLE,MACBOOK PRO,Other,12,Used,16.0,128.0,SSD,187999.0
Pavilion Core i5 7th Gen 16GB 512 SSD,HP,PAVILION,I5,7,New,16.0,512.0,SSD,273000.0
ACER Laptop Core i5 12th Gen 16GB 1TB HDD,ACER,Other,I5,12,Used,16.0,1024.0,HDD,121000.0
ASUS Pavilion Core i5 Ryzen 7 4GB 1TB HDD,ASUS,Other,I5,0,Used,4.0,1024.0,HDD,108500.0
Laptop Core i5 Ryzen 7 16GB 256 SSD,ACER,Other,I5,0,New,16.0,256.0,SSD,238000.0
HP Inspiron Core i5 8th Gen 16GB 128 SSD,HP,Other,I5,8,Used,16.0,128.0,SSD,98500.0
ThinkPad Core i5 Ryzen 7 8GB 256 SSD,ACER,Other,I5,0,New,8.0,256.0,SSD,194000.0
Laptop Core i5 13th Gen 8GB 1TB SSD,DELL,Other,I5,13,Used,8.0,1024.0,SSD,177000.0
ACER TUF Core i5 13th Gen 8GB 128 SSD,ACER,Other,I5,13,Used,8.0,128.0,SSD,94000.0
DELL ThinkPad Core i5 12th Gen 8GB 128 SSD,DELL,Other,I5,12,Used,8.0,128.0,SSD,117500.0
Apple MacBook Pro 2020 4GB 1TB SSD,APPLE,MACBOOK PRO,Other,12,Used,4.0,1024.0,SSD,225500.0
TUF Core i5 12th Gen 16GB 256 SSD,DELL,Other,I5,12,New,16.0,256.0,SSD,295999.0
TUF Core i5 11th Gen 16GB 256 SSD,DELL,Other,I5,11,Used,16.0,256.0,SSD,131999.0
VivoBook Core i5 11th Gen 8GB 512 SSD,DELL,Other,I5,11,Used,8.0,512.0,SSD,126500.0
TUF Core i5 8th Gen 16GB 1TB SSD,ACER,Other,I5,8,Used,16.0,1024.0,SSD,120500.0
TUF Core i5 13th Gen 32GB 1TB HDD,HP,Other,I5,13,Used,32.0,1024.0,HDD,220500.0
HP VivoBook Core i5 11th Gen 4GB 128 SSD,HP,Other,I5,11,New,4.0,128.0,SSD,152999.0
Apple MacBook Pro 2020 8GB 1TB SSD,APPLE,MACBOOK PRO,Other,12,New,8.0,1024.0,SSD,479999.0
DELL Gaming Core i5 Ryzen 5 8GB 512 SSD,DELL,Other,I5,0,Used,8.0,512.0,SSD,135500.0
DELL TUF Core i5 11th Gen 16GB 1TB SSD,DELL,Other,I5,11,Used,16.0,1024.0,SSD,176500.0
Pavilion Core i5 8th Gen 4GB 256 SSD,ACER,Other,I5,8,Used,4.0,256.0,SSD,57500.0
DELL TUF Core i5 Ryzen 7 32GB 512 SSD,DELL,Other,I5,0,Used,32.0,512.0,SSD,180500.0
Apple MacBook Pro M3 16GB 512 SSD,APPLE,MACBOOK PRO,M3,0,Used,16.0,512.0,SSD,299999.0
VivoBook Core i5 13th Gen 32GB 1TB SSD,HP,Other,I5,13,Used,32.0,1024.0,SSD,251999.0
ASUS TUF Core i5 Ryzen 7 8GB 256 SSD,ASUS,TUF,I5,0,Used,8.0,256.0,SSD,140000.0
ThinkPad Core i5 8th Gen 32GB 512 SSD,HP,Other,I5,8,Used,32.0,512.0,SSD,156999.0
Apple MacBook Pro M3 8GB 256 SSD,APPLE,MACBOOK PRO,M3,0,Used,8.0,256.0,SSD,227999.0
ThinkPad Core i5 Ryzen 5 16GB 256 SSD,HP,Other,I5,0,Used,16.0,256.0,SSD,132000.0
VivoBook Core i5 11th Gen 16GB 512 SSD,ACER,Other,I5,11,Used,16.0,512.0,SSD,136999.0
HP Pavilion Core i5 12th Gen 32GB 256 SSD,HP,PAVILION,I5,12,Used,32.0,256.0,SSD,195999.0
Laptop Core i5 8th Gen 4GB 256 SSD,HP,Other,I5,8,Used,4.0,256.0,SSD,67999.0
ThinkPad Core i5 8th Gen 32GB 512 SSD,ASUS,Other,I5,8,Used,32.0,512.0,SSD,187999.0
ASUS ThinkPad Core i5 8th Gen 16GB 1TB SSD,ASUS,Other,I5,8,Used,16.0,1024.0,SSD,230500.0
HP Nitro Core i5 10th Gen 32GB 256 SSD,HP,Other,I5,10,Used,32.0,256.0,SSD,154000.0
Apple MacBook Pro M3 8GB 512 SSD,APPLE,MACBOOK PRO,M3,0,Used,8.0,512.0,SSD,248999.0
DELL Pavilion Core i5 Ryzen 7 16GB 128 SSD,DELL,Other,I5,0,Used,16.0,128.0,SSD,142500.0
HP TUF Core i5 7th Gen 8GB 256 SSD,HP,Other,I5,7,Used,8.0,256.0,SSD,70000.0
DELL Latitude Core i5 8th Gen 8GB 256 SSD,DELL,LATITUDE,I5,8,Used,8.0,256.0,SSD,103000.0
Apple MacBook Pro M3 4GB 512 SSD,APPLE,MACBOOK PRO,M3,0,New,4.0,512.0,SSD,596999.0
ASUS TUF Core i5 11th Gen 16GB 512 SSD,ASUS,TUF,I5,11,Used,16.0,512.0,SSD,168500.0
Apple MacBook Pro M2 8GB 128 SSD,APPLE,MACBOOK PRO,M2,0,Used,8.0,128.0,SSD,232999.0
VivoBook Core i5 Ryzen 7 16GB 1TB SSD,DELL,Other,I5,0,Used,16.0,1024.0,SSD,175000.0
Apple MacBook Pro 2020 4GB 512 SSD,APPLE,MACBOOK PRO,Other,12,Used,4.0,512.0,SSD,193999.0
DELL Latitude Core i5 11th Gen 16GB 256 SSD,DELL,LATITUDE,I5,11,Used,16.0,256.0,SSD,133500.0
DELL Latitude Core i5 Ryzen 7 8GB 512 SSD,DELL,LATITUDE,I5,0,New,8.0,512.0,SSD,283500.0
HP TUF Core i5 6th Gen 8GB 1TB HDD,HP,Other,I5,6,Used,8.0,1024.0,HDD,66999.0
Apple MacBook Pro 2020 8GB 256 SSD,APPLE,MACBOOK PRO,Other,12,Used,8.0,256.0,SSD,213500.0
Laptop Core i5 13th Gen 16GB 256 SSD,HP,Other,I5,13,Used,16.0,256.0,SSD,145000.0
Latitude Core i5 10th Gen 8GB 1TB SSD,HP,Other,I5,10,Used,8.0,1024.0,SSD,138000.0
HP VivoBook Core i5 10th Gen 4GB 1TB HDD,HP,Other,I5,10,Used,4.0,1024.0,HDD,93999.0
ASUS VivoBook Core i5 11th Gen 16GB 512 SSD,ASUS,VIVOBOOK,I5,11,Used,16.0,512.0,SSD,167999.0
DELL ThinkPad Core i5 10th Gen 4GB 512 SSD,DELL,Other,I5,10,Used,4.0,512.0,SSD,91000.0
ASUS Gaming Core i5 6th Gen 16GB 1TB SSD,ASUS,Other,I5,6,New,16.0,1024.0,SSD,346999.0
Apple MacBook Pro 2019 16GB 512 SSD,APPLE,MACBOOK PRO,Other,8,Used,16.0,512.0,SSD,244500.0
ACER TUF Core i5 7th Gen 16GB 128 SSD,ACER,Other,I5,7,Used,16.0,128.0,SSD,73500.0
ACER Laptop Core i5 11th Gen 32GB 256 SSD,ACER,Other,I5,11,Used,32.0,256.0,SSD,152000.0
HP Laptop Core i5 11th Gen 32GB 1TB SSD,HP,Other,I5,11,Used,32.0,1024.0,SSD,243999.0
ACER Gaming Core i5 13th Gen 4GB 256 SSD,ACER,Other,I5,13,Used,4.0,256.0,SSD,85999.0
Apple MacBook Pro M1 16GB 256 SSD,APPLE,MACBOOK PRO,M1,0,Used,16.0,256.0,SSD,277999.0
DELL Nitro Core i5 11th Gen 16GB 1TB HDD,DELL,Other,I5,11,Used,16.0,1024.0,HDD,141000.0
ACER Pavilion Core i5 12th Gen 16GB 512 SSD,ACER,Other,I5,12,New,16.0,512.0,SSD,239000.0
ThinkPad Core i5 7th Gen 32GB 1TB HDD,DELL,Other,I5,7,New,32.0,1024.0,HDD,312500.0
ASUS Laptop Core i5 11th Gen 16GB 1TB SSD,ASUS,Other,I5,11,Used,16.0,1024.0,SSD,202999.0
DELL Nitro Core i5 8th Gen 8GB 1TB HDD,DELL,Other,I5,8,Used,8.0,1024.0,HDD,110000.0
DELL Nitro Core i5 7th Gen 16GB 256 SSD,DELL,Other,I5,7,Used,16.0,256.0,SSD,117000.0
ASUS ThinkPad Core i5 12th Gen 32GB 512 SSD,ASUS,Other,I5,12,Used,32.0,512.0,SSD,247000.0
Apple MacBook Pro M3 8GB 512 SSD,APPLE,MACBOOK PRO,M3,0,Used,8.0,512.0,SSD,286000.0
DELL Gaming Core i5 Ryzen 7 8GB 512 SSD,DELL,Other,I5,0,Used,8.0,512.0,SSD,164000.0
Inspiron Core i5 Ryzen 7 4GB 256 SSD,ASUS,Other,I5,0,New,4.0,256.0,SSD,234500.0
Apple MacBook Pro M3 8GB 512 SSD,APPLE,MACBOOK PRO,M3,0,Used,8.0,512.0,SSD,310000.0
ACER Pavilion Core i5 7th Gen 4GB 1TB SSD,ACER,Other,I5,7,Used,4.0,1024.0,SSD,124999.0
Gaming Core i5 7th Gen 4GB 512 SSD,ACER,Other,I5,7,Used,4.0,512.0,SSD,85500.0
ASUS Laptop Core i5 6th Gen 4GB 128 SSD,ASUS,Other,I5,6,Used,4.0,128.0,SSD,61999.0
ACER Laptop Core i5 8th Gen 16GB 128 SSD,ACER,Other,I5,8,Used,16.0,128.0,SSD,78999.0
Apple MacBook Pro 2019 8GB 1TB HDD,APPLE,MACBOOK PRO,Other,8,New,8.0,1024.0,HDD,373000.0
DELL ThinkPad Core i5 10th Gen 4GB 512 SSD,DELL,Other,I5,10,Used,4.0,512.0,SSD,125000.0
Apple MacBook Pro M3 16GB 128 SSD,APPLE,MACBOOK PRO,M3,0,Used,16.0,128.0,SSD,265500.0
Dell Latitude 7480 Laptop,DELL,LATITUDE,Other,0,Used,8.0,256.0,HDD,73000.0
laptop prology screen extender,Other,Other,Other,0,Used,16.0,512.0,Unknown,149990.0
Thinkpad T495s +Ryzen 5 Pro +8GB|256GB|2GB VGA Laptops,Other,Other,RYZEN 5,0,Used,16.0,256.0,SSD,79500.0
Thinkpad T495s +Ryzen 5 Pro +|256GB|2GB VGA Laptops |New Condition,Other,Other,RYZEN 5,0,Used,16.0,256.0,SSD,79500.0
"Laptop i5 i7 6th 13th (8/16GB RAM|256GB NVME) Touch|14"" FHD|Gaming",Other,Other,I7,0,Used,16.0,256.0,SSD,76450.0
HP Core i5 12th Gen 16GB RAM 512GB NVME Professional Laptop,HP,Other,I5,12,Used,16.0,512.0,SSD,189990.0
Toshiba Laptop,Other,Other,Other,0,Used,16.0,512.0,Unknown,20000.0
Acer nitro V15 Gaming laptop,ACER,NITRO,Other,0,Used,16.0,512.0,SSD,220000.0
Singer Laptop,Other,Other,Other,0,Used,16.0,512.0,Unknown,29000.0
I5 11gen Laptop,Other,Other,I5,11,Used,8.0,1024.0,HDD,75000.0
Aser Aspire 3 Laptop,Other,Other,Other,0,Used,16.0,512.0,Unknown,16000.0
Travel Mate P4 14 Laptop,Other,Other,Other,0,Used,16.0,512.0,SSD,140000.0
MSI Laptop,Other,Other,Other,0,Used,16.0,512.0,SSD,157000.0
HP Laptop,HP,Other,Other,0,Used,8.0,512.0,Unknown,110000.0
Dell Laptop,DELL,Other,Other,0,Used,16.0,512.0,Unknown,29500.0
Asus Laptop,ASUS,Other,Other,0,Used,16.0,512.0,Unknown,40000.0
Asus i3 1.90Ghz 4th Gen 8GB 256GB Laptop,ASUS,Other,I3,4,Used,16.0,256.0,SSD,39500.0
Dell Laptop,DELL,Other,Other,0,Used,16.0,512.0,Unknown,110000.0
Samsung Laptop,Other,Other,Other,0,Used,16.0,512.0,Unknown,21000.0
"Gaming Laptop i7 7th Gen - GTX 1050, 1060|8GB RAM|256GB SSD NVME",Other,Other,I7,7,Used,8.0,256.0,SSD,148000.0
Asus TUF Gaming A15 (RTX 4060 8GB) Laptop,ASUS,TUF,Other,0,Used,16.0,1024.0,SSD,300000.0
Dell Latitude 5420 - i7 11th Gen Laptop,DELL,LATITUDE,I7,11,Used,16.0,512.0,SSD,133500.0
Dell Latitude 3410 - 10th Gen i7 Laptop,DELL,LATITUDE,I7,10,Used,16.0,512.0,SSD,117000.0
HP Pavillion Gaming Laptop,HP,Other,Other,0,Used,16.0,512.0,Unknown,115000.0
MSI Stealth GS66 - i7 12th Gen Graphics Laptop,Other,Other,I7,12,Used,16.0,512.0,SSD,334500.0
Acer Laptop,ACER,Other,Other,0,Used,16.0,512.0,Unknown,75000.0
"Laptop i7 7th Gen (8GB RAM|256GB SSD NVME) Lenovo - Wi-Fi|WEBCAM|14"" FHD",Other,Other,I7,7,Used,8.0,256.0,SSD,76450.0
Lenovo ThinkPad T490 - 8th Gen i5 Laptop,Other,Other,I5,8,Used,16.0,256.0,SSD,92500.0
Dell Latitude 5480 6th Gen - i5 Laptop,DELL,LATITUDE,I5,6,Used,16.0,256.0,SSD,61500.0
Dell Latitude 5490 - 8th Gen i5 Laptop,DELL,LATITUDE,I5,8,Used,16.0,256.0,SSD,79000.0
Dell Latitude E5440 - i5 4th Gen Laptop,DELL,LATITUDE,I5,4,Used,16.0,256.0,SSD,49000.0
HP EliteBook 10th Gen - 15.6 Inch Laptop,HP,ELITEBOOK,Other,10,Used,16.0,512.0,SSD,126500.0
HP Laptop,HP,Other,Other,0,Used,16.0,1024.0,HDD,32000.0
Acer Laptop,ACER,Other,Other,0,Used,16.0,512.0,Unknown,33000.0
"Dell Latitude 5510 - i5 10th Gen -8GB RAM /256GB NVME +15.6 Inch Laptop,",DELL,LATITUDE,I5,10,Used,8.0,256.0,SSD,97999.0
Dell Latitude 5520 - i5 11th Gen + 8GB RAM /256GB NVME-15.6 Inch Laptop,DELL,LATITUDE,I5,11,Used,8.0,256.0,SSD,109999.0
Dell inspiron 5590 i7 10th Gen -MX250 2GB Dedicated VGA 8GB RAM Laptop,DELL,INSPIRON,I7,10,Used,8.0,256.0,SSD,135000.0
ASUS VIVOBOOK - RYZEN 5 + 16GB RAM / 512GB NVME SSD 15.6 Inch Laptop,ASUS,VIVOBOOK,RYZEN 5,0,Used,16.0,512.0,SSD,192000.0
HP AMD Ryzen 5 Laptop,HP,Other,RYZEN 5,0,Used,16.0,512.0,Unknown,249990.0
HP Ryzen 3 13th Gen Laptop,HP,Other,RYZEN 3,13,Used,16.0,512.0,SSD,85999.0
Asus E510K Laptop,ASUS,Other,Other,0,Used,4.0,128.0,HDD,79999.0
Surface Pro 7 i7-16GB 512GB Laptop,Other,Other,I7,0,Used,16.0,512.0,SSD,175000.0
Lenovo I7 13 Gen Laptop,Other,Other,I7,13,Used,16.0,512.0,Unknown,180000.0
Dell Latitude 5490 - i5 8th Gen Laptop,DELL,LATITUDE,I5,8,Used,16.0,256.0,SSD,83000.0
Dell Latitude 5420 - i7 11th Gen Laptop,DELL,LATITUDE,I7,11,Used,16.0,256.0,SSD,131500.0
Lenovo ThinkPad T490 8th Gen - i5 Laptop,Other,Other,I5,8,Used,16.0,256.0,SSD,90000.0
Dell Inspiron 15 5570 | 8th Gen Core i7 16GB Laptop,DELL,INSPIRON,I7,8,Used,16.0,512.0,Unknown,55000.0
Acer Core I3 Laptop,ACER,Other,I3,0,Used,16.0,128.0,SSD,49000.0
MSI Gaming Laptop,Other,Other,Other,0,Used,8.0,512.0,SSD,385000.0
HP Windows 11 Laptop,HP,Other,Other,0,Used,8.0,512.0,Unknown,160000.0
"Laptop Dell Latitude 7480|i5 6th Gen|8GB RAM|256GB SSD|Wi-Fi|14""Display",DELL,LATITUDE,I5,6,Used,8.0,256.0,SSD,62950.0
Dell i7 8th Gen Laptop,DELL,Other,I7,8,Used,16.0,256.0,SSD,124000.0
"RAM 8GB 16GB DDR4 2666 3200 - Laptop, Computer",Other,Other,Other,0,Used,32.0,512.0,Unknown,15250.0
RAM 16GB 3200 DDR4 (PNY) Laptop - Brand New,Other,Other,Other,0,Used,16.0,512.0,Unknown,33250.0
"i5 8th Gen Laptop Dell Latitude 3490|8GB RAM|512GB NVME|WiFi|14"" Display",DELL,LATITUDE,I5,8,Used,8.0,512.0,SSD,82950.0
"i7 7th Gen Gaming Laptop - 16GB RAM|512GB NVME|GTX 1050 TI 4GB|15.6""",Other,Other,I7,7,Used,16.0,512.0,SSD,129950.0
Acer i5 12th Gen Laptop,ACER,Other,I5,12,Used,16.0,512.0,SSD,117500.0
"Laptop i5 10th Gen|HP ProBook 430 G7|8GB RAM|256GB NVME|Wi-Fi|14""",HP,PROBOOK,I5,10,Used,8.0,256.0,SSD,96950.0
Dell Inspiron 14 5410 2-in-1 Touch Laptop (Intel Core i7 11th Gen),DELL,INSPIRON,I7,11,Used,16.0,512.0,Unknown,92000.0
HP ProBook 640 G8 i5 - 11th Gen Laptop,HP,PROBOOK,I5,11,Used,16.0,256.0,SSD,121000.0
HP ProBook 640 G8 - i5 11th Gen Laptop,HP,PROBOOK,I5,11,Used,16.0,256.0,SSD,121000.0
Lenovo i5 13th GEN Laptop,Other,Other,I5,13,Used,16.0,512.0,SSD,135500.0
Acer Chromebook 360 Laptop,ACER,Other,Other,0,Used,16.0,32.0,HDD,30500.0
HP ZBook Firefly 14 G8 16GB i5 11th Gen Xe Graphics laptop,HP,ZBOOK,I5,11,Used,16.0,256.0,SSD,125000.0
Asus i5 12th GEN Laptop,ASUS,Other,I5,12,Used,16.0,512.0,SSD,131500.0
Msi I3 13th GEN Laptop,Other,Other,I3,13,Used,16.0,512.0,SSD,91500.0
Lenovo i5 13th GEN Laptop,Other,Other,I5,13,Used,16.0,512.0,SSD,135500.0
Asus VivoBook i7 12th GEN Laptop,ASUS,VIVOBOOK,I7,12,Used,16.0,512.0,SSD,128500.0
Lenovo i5 13th GEN Laptop,Other,Other,I5,13,Used,16.0,512.0,SSD,135500.0
Lenovo i5 13th GEN Laptop,Other,Other,I5,13,Used,16.0,512.0,SSD,135500.0
MSI i3 13th GEN Laptop,Other,Other,I3,13,Used,16.0,512.0,SSD,91500.0
Acer Chromebook Laptop,ACER,Other,Other,0,Used,16.0,16.0,HDD,30500.0
Lenovo i7 11thGen Thinkpad T14s 32GB RAM 14 inch FHD IPS Laptop,Other,Other,I7,11,Used,32.0,256.0,SSD,139500.0
Acer Aspire A515 Core i3 Laptop,ACER,ASPIRE,I3,0,Used,16.0,1024.0,HDD,53000.0
Acer i3 8th GEN Laptop,ACER,Other,I3,8,Used,16.0,1024.0,HDD,40500.0
HP Envy ×360 2-in-1 Laptop 14-es0xxx,HP,ENVY,Other,0,Used,16.0,1024.0,SSD,157500.0
Asus i7 12th Gen Laptop,ASUS,Other,I7,12,Used,16.0,512.0,SSD,122500.0
Dell Latitude 3440 i3 4th Gen Laptop,DELL,LATITUDE,I3,4,Used,4.0,512.0,Unknown,33000.0
HP Chromebook Laptop,HP,Other,Other,0,Used,16.0,16.0,HDD,20000.0
HP Laptop,HP,Other,Other,0,Used,16.0,120.0,SSD,56500.0
Asus Vivobook i3 13th GEN Laptop,ASUS,VIVOBOOK,I3,13,Used,16.0,256.0,SSD,85500.0
Dell i3 11th GEN Laptop,DELL,Other,I3,11,Used,16.0,256.0,SSD,57500.0
HP AMD Ryzen 3 Laptop,HP,Other,RYZEN 3,0,Used,16.0,120.0,SSD,56500.0
Dell i3 11th GEN Laptop,DELL,Other,I3,11,Used,16.0,256.0,SSD,56500.0
Acer Laptop,ACER,Other,Other,0,Used,16.0,512.0,SSD,118500.0
Asus Vivobook Laptop X1502ZA,ASUS,VIVOBOOK,Other,0,Used,16.0,512.0,SSD,120500.0
Laptop,Other,Other,Other,0,Used,16.0,512.0,Unknown,68000.0
Dell i3 11th GEN Laptop,DELL,Other,I3,11,Used,16.0,256.0,SSD,58500.0
Asus Vivobook i3 13th GEN Laptop,ASUS,VIVOBOOK,I3,13,Used,16.0,512.0,SSD,85500.0
Asus vivobook i3 13th GEN Laptop,ASUS,VIVOBOOK,I3,13,Used,16.0,256.0,SSD,86500.0
Hp Chromebook Laptop,HP,Other,Other,0,Used,16.0,512.0,Unknown,20000.0
Dell i3 11th GEN Laptop,DELL,Other,I3,11,Used,16.0,1024.0,HDD,57500.0
Asus Vivobook i3 13th GEN Laptop,ASUS,VIVOBOOK,I3,13,Used,16.0,256.0,SSD,85500.0
Dell Latitude 5420 i5 11th Gen 256GB NVME 8GB RAM 14 Inch-Laptop,DELL,LATITUDE,I5,11,Used,8.0,256.0,SSD,94999.0
HP Victus i5 13th Gen + RTX 3050 6GB VGA / 512GB NVME SSD Laptop',HP,VICTUS,I5,13,Used,16.0,512.0,SSD,279000.0
HP ProBook 440 G6 Laptop,HP,PROBOOK,Other,0,Used,68.0,512.0,Unknown,45000.0
Asus Expertbook I5 11th Gen 8GB RAM 500GB Laptop,ASUS,EXPERTBOOK,I5,11,Used,8.0,500.0,SSD,120000.0
Acer Aspire5 I5 13th Gen Rtx 2050 Laptop,ACER,ASPIRE,I5,13,Used,16.0,512.0,Unknown,176500.0
Hp Elitebook 640 G9 Core I5 12TH GEN 8GB RAM 256GB SSD Laptop,HP,ELITEBOOK,I5,12,Used,8.0,256.0,SSD,125000.0
Dell Latitude 5430 CORE I5 12TH GEN 8GB RAM 256GB SSD USED LAPTOP,DELL,LATITUDE,I5,12,Used,8.0,256.0,SSD,112000.0
Ryzen 5 PRO Lenovo ThinkPad A285 16GB Ram 256GB NVMe Laptop#1,Other,Other,RYZEN 5,0,Used,16.0,256.0,SSD,59000.0
Brand New HP Victus 15 Core i5 \13420H \RTX 3050 6GB Gaming Laptops,HP,VICTUS,I5,0,Used,16.0,512.0,SSD,279000.0
Dell i3 12th Gen Laptop,DELL,Other,I3,12,Used,8.0,512.0,Unknown,59900.0
Acer E1 VSWE2 I5 Laptop,ACER,Other,I5,0,Used,4.0,500.0,HDD,30000.0
Hp i3 12th GEN Laptop,HP,Other,I3,12,Used,16.0,256.0,SSD,75500.0
Asus Vivobook i3 13th GEN Laptop,ASUS,VIVOBOOK,I3,13,Used,16.0,256.0,SSD,85500.0
Dell Latitude 7410 14 inch Full HD IPS i5 10th Gen laptop,DELL,LATITUDE,I5,10,Used,16.0,256.0,SSD,89500.0
Dell i3 11th Gen Laptop,DELL,Other,I3,11,Used,16.0,1024.0,HDD,57500.0
Hp i3 12th GEN Laptop,HP,Other,I3,12,Used,16.0,256.0,SSD,75500.0
HP i3 12th GEN Laptop,HP,Other,I3,12,Used,16.0,256.0,SSD,75500.0
HP i5 8th Gen Laptop,HP,Other,I5,8,Used,16.0,512.0,Unknown,70000.0
HP 15 Ryzen 5 7520U 8GB DDR5 RAM 512GB NVMe AMD Radeon VGA Laptop,HP,Other,RYZEN 5,0,Used,16.0,512.0,SSD,189000.0
HP i5 4th GEN Laptop,HP,Other,I5,4,Used,4.0,300.0,HDD,32500.0
Dell Latitude 5520 Core i7 1185G7 11th Gen 16GB 512GB Laptop,DELL,LATITUDE,I7,11,Used,16.0,512.0,SSD,149000.0
Lenovo i5 13th gen laptop,Other,Other,I5,13,Used,16.0,512.0,SSD,165000.0
Dell G15 AMD Ryzen 5 -5600H -RTX 3050/4GB 8GB DDR4 512GB SSD laptop,DELL,G15,RYZEN 5,0,Used,16.0,512.0,SSD,212000.0
AMD Ryzen 7 5800H 16GB DDR4 RAM 512GB NVMe GeForce RTX 3060/6GB Laptop,Other,Other,RYZEN 7,0,Used,16.0,512.0,SSD,229000.0
HP Laptop 17t (Core i7 13th Gen / 64GB RAM 2TB SSD) - UK Import,HP,Other,I7,13,Used,64.0,2048.0,SSD,375000.0
i7 Dell Laptop,DELL,Other,I7,0,Used,16.0,256.0,SSD,85000.0
ASUS TUF AMD Ryzen 7 -260 -16GB DDR5-512GB NVMe RTX™ 5070 / 8GB Laptop,ASUS,TUF,RYZEN 7,0,Used,16.0,512.0,SSD,529000.0
Brandnew Asus TUF A16 Ryzen 7 -16GB DDR5 RTX 4050 8GB VGA Gaming Laptop,ASUS,TUF,RYZEN 7,0,Used,16.0,512.0,SSD,389000.0
HP AMD Ryzen 7 5700U 8GB RAM 512GB NVME Professional Laptop,HP,Other,RYZEN 7,0,Used,8.0,512.0,SSD,109990.0
DELL LATITUDE 5530 CORE I5 12TH GEN 8GB RAM 256GB SSD USED LAPTOP,DELL,LATITUDE,I5,12,Used,8.0,256.0,SSD,128000.0
laptop,Other,Other,Other,0,Used,16.0,512.0,Unknown,170000.0
HP 15 i3 12th Gen Laptop,HP,Other,I3,12,Used,12.0,512.0,Unknown,90000.0
"Asus Tuf f15 laptop, RTX 3050, 1tb,16gb,i5 12th gen, used",ASUS,TUF,I5,12,Used,16.0,1024.0,SSD,200000.0
Brand New MSI Cyborg 15 Core 7-15th Gen|RTX 5060/8GB VGA Gaming Laptops,Other,Other,Other,15,Used,16.0,512.0,Unknown,439000.0
Dell Lattitude I5 4th Gen Laptop,DELL,Other,I5,4,Used,8.0,512.0,Unknown,36000.0
HP LAPTOP ZHAN 66Pro,HP,Other,Other,0,Used,16.0,512.0,Unknown,89500.0
HP LAPTOP ZHAN 66Pro,HP,Other,Other,0,Used,16.0,512.0,Unknown,89500.0
HP i3 5th Gen Laptop,HP,Other,I3,5,Used,16.0,512.0,Unknown,32000.0
laptop,Other,Other,Other,0,Used,16.0,512.0,Unknown,55000.0
Dell Latitude 5520 Core i7 -1185G7 11th Gen |16GB RAM|512GB NVMe Laptop,DELL,LATITUDE,I7,11,Used,16.0,512.0,SSD,149000.0
HP Elitebook i5 8th gen Laptop,HP,ELITEBOOK,I5,8,Used,16.0,250.0,SSD,48000.0
Acer E5-576G-801H Core i7 8th Gen Laptop 16GB RAM NVIDIA GeForce MX150,ACER,Other,I7,8,Used,16.0,128.0,SSD,85000.0
Dell Laptop,DELL,Other,Other,0,Used,16.0,512.0,SSD,107000.0
Brand New HP Victus 15|RTX 3050/6GB VGA|Core i5-13th Gen Gaming Laptops,HP,VICTUS,I5,13,Used,16.0,512.0,SSD,279000.0
Hp 250 G10 Core I3 13th Gen 8GB RAM / 512GB SSD New Laptop,HP,Other,I3,13,Used,8.0,512.0,SSD,182000.0
"Laptop i5 10th Gen|16GB RAM|256GB NVME|Dell Latitude 5410|14"" FHD|Wi-Fi",DELL,LATITUDE,I5,10,Used,16.0,256.0,SSD,89950.0
HP ProBook 640 G5 Laptop – Intel Core i5 8th Gen 8GB RAM 256GB SSD,HP,PROBOOK,I5,8,Used,8.0,256.0,SSD,80000.0
"Laptop i5 7th Gen|8GB RAM|Wi-Fi|Dell Latitude 3480 - SSD,RAM Can Upgrade",DELL,LATITUDE,I5,7,Used,8.0,128.0,SSD,59950.0
Lenovo ThinkPad T480 Core i5-8th Gen|8GB RAM|256GB NVme Laptop,Other,Other,I5,8,Used,8.0,256.0,SSD,79500.0
Dell G15 AMD Ryzen 5 5600H RTX 3050/4GB 8GB DDR4 512GB SSD laptop,DELL,G15,RYZEN 5,0,Used,16.0,512.0,SSD,212000.0
HP Core i5 8th Gen Laptop 8GB RAM 1TB + 240GB SSD,HP,Other,I5,8,Used,8.0,240.0,SSD,72500.0
Asus VivoBook E15 AMD Ryzen 5-7520U|8GB RAM| 512GB SSD Laptop,ASUS,VIVOBOOK,RYZEN 5,0,Used,8.0,512.0,SSD,186000.0
2 in 1 convertable Laptop,Other,Other,Other,0,Used,4.0,60.0,HDD,42000.0
core i5 11th Gen Latitude 7420 16GB laptop,Other,Other,I5,11,Used,16.0,256.0,SSD,105000.0
Brand New ASUS VIVOBOOK Core 5 120U 14th Gen|512GB NVMe|8GB DDR5 Laptop,ASUS,VIVOBOOK,Other,14,Used,16.0,512.0,SSD,205000.0
Dell Latitude 3400 Intel Core I5 8th Gen 8GB RAM 256GB SSD Used Laptop,DELL,LATITUDE,I5,8,Used,8.0,256.0,SSD,73000.0
"Asus Vivobook - Intel Core 7 150U +16GB RAM /512GB NVME SSD ,New Laptop",ASUS,VIVOBOOK,Other,0,Used,16.0,512.0,SSD,267000.0
Dell Latitude 5300 - 8th Gen i7 Laptop,DELL,LATITUDE,I7,8,Used,16.0,256.0,SSD,90000.0
HP Elitebook i5 | 16GB RAM Laptop,HP,ELITEBOOK,I5,0,Used,16.0,256.0,SSD,77000.0
Asus vivobook Laptop,ASUS,VIVOBOOK,Other,0,Used,8.0,512.0,Unknown,150000.0
MSI Modern 15 Core i5 13th Gen 8GB RAM 512GB NVME Laptop,Other,Other,I5,13,Used,8.0,512.0,SSD,218000.0
HP Victus i5 13th Gen + RTX 3050 6GB VGA / 512GB NVME SSD -Laptop,HP,VICTUS,I5,13,Used,16.0,512.0,SSD,279000.0
Acer Predator Neo 16 -Ultra 9+RTX 5060 8GB VGA inch Oled-1TB Laptop,ACER,PREDATOR,Other,0,Used,16.0,1024.0,SSD,579000.0
MSI Modern 15 Core i5 13th Gen 8GB RAM 512GB NVME Laptop,Other,Other,I5,13,Used,8.0,512.0,SSD,218000.0
Dell Ultrabook SLIM i5 6TH GEN 8GB RAM 256GB SSD Laptop,DELL,Other,I5,6,Used,8.0,256.0,SSD,58500.0
Dell 5th gen laptop,DELL,Other,Other,5,Used,4.0,512.0,Unknown,34900.0
DELL Intel Core i7 Laptop 8GB RAM NVIDIA GeForce 920M SSD + HDD,DELL,Other,I7,0,Used,8.0,120.0,SSD,40000.0
Asus Tuf Gaming Laptop,ASUS,TUF,Other,0,Used,6.0,512.0,Unknown,145000.0
Msi GF65 Thin Gaming Laptop,Other,Other,Other,0,Used,16.0,512.0,SSD,200000.0
HP Victus 15 Gaming Laptop,HP,VICTUS,Other,0,Used,16.0,512.0,SSD,160000.0
Dell I5 6th Gen Laptop,DELL,Other,I5,6,Used,16.0,512.0,Unknown,27000.0
Acer Aspire E5-576 Laptop,ACER,ASPIRE,Other,0,Used,4.0,500.0,HDD,28500.0
Asus Tuf Gaming A15 Laptop,ASUS,TUF,Other,0,Used,16.0,512.0,SSD,280000.0
Intel i7 8th Gen Laptop,Other,Other,I7,8,Used,8.0,1024.0,HDD,55000.0
Dell Laptop i7,DELL,Other,I7,0,Used,8.0,512.0,SSD,32000.0
Core i5 8th Gen Laptop,Other,Other,I5,8,Used,8.0,128.0,SSD,47000.0
Dell i5 8th Gen Laptop,DELL,Other,I5,8,Used,8.0,256.0,SSD,60000.0
Asus Vivobook I3 Th Gen Touch Laptop,ASUS,VIVOBOOK,I3,0,Used,8.0,128.0,SSD,52500.0
MSI Gaming Laptop,Other,Other,Other,0,Used,16.0,512.0,Unknown,90000.0
"Gaming Laptop i7 7th Gen|16GB RAM|512GB NVME|GTX 1050 TI 4GB|15.6""",Other,Other,I7,7,Used,16.0,512.0,SSD,129950.0
Lenovo Thinkpad X1 Yoga Laptop,Other,Other,Other,0,Used,16.0,256.0,SSD,125000.0
Lenovo ThinkPad T490s i7 - 8th Gen Laptop,Other,Other,I7,8,Used,16.0,256.0,SSD,99500.0
Dell Latitude 5440 - i5 13th Gen Laptop,DELL,LATITUDE,I5,13,Used,16.0,256.0,SSD,149000.0
Acer aspire AG15-31P N100 (12th GEN) Laptop,ACER,ASPIRE,Other,12,Used,16.0,128.0,SSD,58990.0
Asus i3 Laptop,ASUS,Other,I3,0,Used,16.0,256.0,SSD,45000.0
HP 15-fc0534AU Ryzen 3 7320U Laptop,HP,Other,RYZEN 3,0,Used,8.0,512.0,SSD,125000.0
Acer Predator Neo 16 -Ultra 9+RTX 5060 8GB VGA inch Oled-1TB Laptop,ACER,PREDATOR,Other,0,Used,16.0,1024.0,SSD,579000.0
MSI Modern 15 Core i5 13th Gen 8GB RAM 512GB NVME Laptop,Other,Other,I5,13,Used,8.0,512.0,SSD,218000.0
Hp probook 440 G8 - I5 11th Gen + 8GB RAM 256GB SSD -14 Inch Laptop,HP,PROBOOK,I5,11,Used,8.0,256.0,SSD,99000.0
HP i3 7th gen Laptop,HP,Other,I3,7,Used,8.0,512.0,Unknown,47000.0
Dell I3 4gen 4gb Ram 500 Hard Laptop,DELL,Other,I3,4,Used,4.0,512.0,Unknown,22500.0
Samsung Chorme Book Laptop,Other,Other,Other,0,Used,4.0,512.0,Unknown,18500.0
Asus TUF A16 Gaming Laptop,ASUS,TUF,Other,0,Used,16.0,7512.0,SSD,290000.0
gaming laptop,Other,Other,Other,0,Used,16.0,1024.0,SSD,270000.0
dell i3 4gen 4gb ram 500 hard laptop,DELL,Other,I3,4,Used,4.0,512.0,Unknown,22500.0
Surface Laptop 7 13.8 X Plus 16GB/256GB Silver Japan,Other,Other,Other,0,Used,16.0,512.0,Unknown,340000.0
Dell Latitude 5420 i5 11th Gen 256GB NVME 8GB RAM 14 Inch-Laptop,DELL,LATITUDE,I5,11,Used,8.0,256.0,SSD,94999.0
HP Victus - i5 13th Gen + RTX 3050 6GB VGA / 512GB NVME SSD -Laptop,HP,VICTUS,I5,13,Used,16.0,512.0,SSD,279000.0
Asus Rog Strix G16 Ryzen 9 9955HX RTX5060 8GB VGA -16GB RAM-Laptop~!'::,ASUS,ROG,RYZEN 9,0,Used,16.0,1024.0,SSD,655000.0
Acer Predator Neo 16 -Ultra 9+RTX 5060 8GB VGA inch Oled-1TB Laptop,ACER,PREDATOR,Other,0,Used,16.0,1024.0,SSD,579000.0
Latitude 5320 i5 11th Gen 16GB 2 in 1 360 Rotatable Touch Screen laptop,Other,Other,I5,11,Used,16.0,256.0,SSD,109500.0
HP Laptop i3 7th Gen 8GB 512 SSD,HP,Other,I3,7,Used,16.0,512.0,SSD,46000.0
ASUS Vivobook LAPTOP – i3 13th GEN 8GB RAM,ASUS,VIVOBOOK,I3,13,Used,8.0,512.0,Unknown,160000.0
"Laptop Dell Latitude 5410|i5 10th Gen|16GB RAM|256GB NVME|14"" FHD|Wi-Fi",DELL,LATITUDE,I5,10,Used,16.0,256.0,SSD,89950.0
"Laptop Dell Latitude 3490|i5 8th Gen 8GB RAM|512GB NVME|WiFi|14"" Display",DELL,LATITUDE,I5,8,Used,8.0,512.0,SSD,82950.0
HP Laptop i3 7th Generation,HP,Other,I3,7,Used,16.0,500.0,HDD,42000.0
HP 2000 Laptop – Available Now!,HP,Other,Other,0,Used,16.0,512.0,Unknown,34000.0
ACER ASPIRE 15 LAPTOP,ACER,ASPIRE,Other,0,Used,16.0,512.0,SSD,79990.0
Dell Latitude 5420 i5 11th Gen 8GB 256GB NVMe 4GB VGA Laptop,DELL,LATITUDE,I5,11,Used,16.0,256.0,SSD,86500.0
Lenovo Legion 5 -RYZEN 7- 260 +RTX 5060/8GB /16GB /15.1 OLED -NEW LAPTOP,Other,Other,RYZEN 7,0,Used,16.0,512.0,SSD,529000.0
Lenovo ThinkPad T14 Core i-7 11th GEN -16GB RAM 256GB Nvme SSD Laptop,Other,Other,Other,11,Used,16.0,256.0,SSD,139000.0
Lenovo Thinkpad T14 i5 10th Gen 16GB laptop,Other,Other,I5,10,Used,16.0,256.0,SSD,105000.0
DELL LATITUDE 5430 CORE I5 12TH GEN 8GB RAM 256GB SSD USED LAPTOP,DELL,LATITUDE,I5,12,Used,8.0,256.0,SSD,112000.0
Hp Elitebook 640 G9 Core I5 12TH GEN 8GB RAM 256GB SSD Laptop,HP,ELITEBOOK,I5,12,Used,8.0,256.0,SSD,125000.0
Lenovo ThinkPad A285 Ryzen 5 PRO 16GB Ram 256GB NVMe Laptop,Other,Other,RYZEN 5,0,Used,16.0,256.0,SSD,59000.0
12th Gen Latitude 5330 13.3 inch laptop,Other,Other,Other,12,Used,16.0,256.0,SSD,89500.0
Dell Latitude 5480 Laptop,DELL,LATITUDE,Other,0,Used,16.0,238.0,SSD,55000.0
HP Laptop For Sale in Kadawatha,HP,Other,Other,0,Used,16.0,512.0,Unknown,19000.0
Brandnew Asus TUF A16 Ryzen 7 -16GB DDR5 RTX 4050 8GB VGA Gaming Laptop,ASUS,TUF,RYZEN 7,0,Used,16.0,512.0,SSD,389000.0
ASUS TUF AMD Ryzen 7 260 -16GB DDR5- 512GB NVMe RTX™ 5070 / 8GB Laptop,ASUS,TUF,RYZEN 7,0,Used,16.0,512.0,SSD,529000.0
Hp Elitebook 640 G9 Core I5 12TH GEN 8GB RAM 256GB SSD Laptop,HP,ELITEBOOK,I5,12,Used,8.0,256.0,SSD,125000.0
Asus TUF Core i5 RTX 2050 16GB Ram 512GB|Laptops,ASUS,TUF,I5,12,Used,16.0,512.0,SSD,209000.0
HP Notebook 250 G10 i5 13th Gen Laptop,HP,NOTEBOOK,I5,13,Used,16.0,512.0,SSD,119990.0
Lenovo G50 Laptop,Other,Other,Other,0,Used,4.0,512.0,Unknown,30000.0
DELL Latitude 5400 i5 8th GEN Laptop,DELL,LATITUDE,I5,8,Used,16.0,256.0,SSD,67990.0
Dell Latitude E7470 6th Gen Laptop,DELL,LATITUDE,Other,6,Used,16.0,512.0,Unknown,56000.0
Dell Latitude 5430 CORE I5 12TH GEN 8GB RAM 256GB SSD USED LAPTOP,DELL,LATITUDE,I5,12,Used,8.0,256.0,SSD,112000.0
HP EliteBook i5 8th (i5-8365U) 8GB 256GB BackLight Laptop,HP,ELITEBOOK,I5,0,Used,16.0,512.0,Unknown,79000.0
Lenovo Thinkpad i7 laptop,Other,Other,I7,0,Used,12.0,256.0,SSD,76500.0
"Gaming Laptop i7 7th Gen - GTX 1050 TI 4GB|15.6""|16GB RAM|512GB NVME",Other,Other,I7,7,Used,16.0,512.0,SSD,129950.0
HP Chromebook Laptop,HP,Other,Other,0,Used,16.0,512.0,Unknown,20000.0
"Laptop i5 7th Gen|8GB RAM|SSD,RAM Can Upgrade|Wi-Fi|Dell Latitude 3480",DELL,LATITUDE,I5,7,Used,8.0,128.0,SSD,59950.0
Dell Latitude 3420 intel Core i5-11th Gen 8GB RAM 256GB Nvme SSD Laptops,DELL,LATITUDE,I5,11,Used,8.0,256.0,SSD,89000.0
Dell Latitude 5520 Core i7 -1185G7 11th Gen |16GB Ram|512GB NVMe Laptop,DELL,LATITUDE,I7,11,Used,16.0,512.0,SSD,149000.0
HP Victus - i5 13TH GEN + RTX 3050 6GB VGA / 512GB NVME SSD -Laptop,HP,VICTUS,I5,13,Used,16.0,512.0,SSD,279000.0
Brand New ASUS VIVOBOOK Core 5 120U 14th Gen|8GB DDR5|512GB NVMe Laptop,ASUS,VIVOBOOK,Other,14,Used,16.0,512.0,SSD,205000.0
Lenovo LOQ core-i7 14th gen 24GB RAM RTX-5050 GPU laptop,Other,Other,I7,14,Used,24.0,512.0,SSD,595000.0
Brand New HP Victus 15|Core i5-13th Gen Gaming |RTX 3050/6GB VGA Laptops,HP,VICTUS,I5,13,Used,16.0,512.0,SSD,279000.0
HP Probook i5 13th Gen Laptop,HP,PROBOOK,I5,13,Used,16.0,256.0,SSD,175000.0
HP Elitebook I5 10th GEN Laptop|8GB RAM|256GB Nvme|FHD Display,HP,ELITEBOOK,I5,10,Used,8.0,256.0,SSD,96000.0
"Laptop HP ProBook 430 G7 - i5 10th Gen|8GB RAM|256GB NVME|Wi-Fi|14""",HP,PROBOOK,I5,10,Used,8.0,256.0,SSD,96950.0
Lenovo ThinkPad A285 256GB NVMe 16GB Ram Ryzen 5 PRO Laptop,Other,Other,RYZEN 5,0,Used,16.0,256.0,SSD,59000.0
"Laptop i5 6th Gen|8GB RAM|256GB SSD|Dell Latitude 7480|Wi-Fi|14""Display",DELL,LATITUDE,I5,6,Used,8.0,256.0,SSD,62950.0
HP ProBook 450 G7 256GB NVMe 8GB Ram i5 10th Gen Laptop,HP,PROBOOK,I5,10,Used,8.0,256.0,SSD,109500.0
Dell Latitude E5430 i5 12th Gen 256GB NVMe 8GB Ram Laptop,DELL,LATITUDE,I5,12,Used,8.0,256.0,SSD,114500.0
Asus Rog Strix G15 –CORE i7 10TH GEN + 144Hz -GTX 1650TI 4GB VGA -LAPTOP,ASUS,ROG,I7,10,Used,8.0,256.0,SSD,224999.0
Dell Latitude Laptop(Touch screen) windows,DELL,LATITUDE,Other,0,Used,16.0,512.0,Unknown,95000.0
Dell Vostro 3515 RYZEN 7 LAPTOP,DELL,VOSTRO,RYZEN 7,0,Used,0.0,512.0,SSD,84990.0
DELL 5411 i5 10th GEN 16GB RAM 512GB NVME Laptop,DELL,Other,I5,10,Used,16.0,512.0,SSD,88000.0
Asus Rog Strix G16 Ryzen 9 9955HX RTX5060 8GB VGA 16GB RAM Laptop,ASUS,ROG,RYZEN 9,0,Used,16.0,1024.0,SSD,655000.0
MSI Modern 15 Core i5 13th Gen 8GB RAM 512GB NVME Laptop,Other,Other,I5,13,Used,8.0,512.0,SSD,218000.0
Asus ROG Zephyrus Ultra 7 2025RTX 5060 8GB VGA 1TB NVME Laptop,ASUS,ROG,Other,12,Used,16.0,1024.0,SSD,624000.0
Acer Predator Neo 16 -Ultra 9+RTX 5060 8GB VGA inch Oled-1TB Laptop,ACER,PREDATOR,Other,0,Used,16.0,1024.0,SSD,579000.0
Apple MacBook Pro A1398 16GB RAM 256GB Flash Storage Laptop,APPLE,MACBOOK PRO,Other,0,Used,16.0,512.0,Unknown,122900.0
Lenovo Thinkpad T470 i5 7th Gen FHD IPS UHD Laptop,Other,Other,I5,7,Used,16.0,256.0,SSD,69500.0
Dell Latitude 5420 - i5 11th Gen Laptop,DELL,LATITUDE,I5,11,Used,16.0,256.0,SSD,109000.0
DELL LATITUDE 5470 INTEL CORE I5 6TH GEN / 8GB RAM / 256GB SSD USED LAPTOP,DELL,LATITUDE,I5,6,Used,8.0,256.0,SSD,59000.0
DELL LATITUDE 7390 CORE I5 8TH GEN / 8GB RAM / 256GB SSD USED LAPTOP( TOUCHPAD NOT WORKING ),DELL,LATITUDE,I5,8,Used,8.0,256.0,SSD,65000.0
DELL LATITUDE 5400 – INTEL CORE I5 8TH GEN / 8GB RAM / 256GB NVME SSD USED LAPTOP,DELL,LATITUDE,I5,8,Used,8.0,256.0,SSD,73000.0
DELL LATITUDE 3400 – INTEL CORE I5 8TH GEN 8GB RAM 256GB SSD USED LAPTOP,DELL,LATITUDE,I5,8,Used,8.0,256.0,SSD,73000.0
DELL LATITUDE  7400 INTEL CORE I5 8TH GEN 8GB RAM 256GB NVME USED LAPTOP,DELL,LATITUDE,I5,8,Used,8.0,256.0,SSD,79000.0
HP PROBOOK 645 G4 – RYZEN 7 / 8GB RAM / 256GB NVME SSD USED LAPTOP,HP,PROBOOK,RYZEN 7,0,Used,8.0,256.0,SSD,79000.0
HP ELITEBOOK 840 G7 CORE I7 10TH GEN / 8GB RAM / 256GB NVME SSD USED LAPTOP ( CAMERA ERROR ),HP,ELITEBOOK,I7,10,Used,8.0,256.0,SSD,89000.0
HP ELITEBOOK 850 G5/ G6 – CORE I5 8TH – 15.6 INCH –  8GB RAM – 256GB NVME SSD – USED LAPTOP,HP,ELITEBOOK,I5,0,Used,8.0,256.0,SSD,90000.0
DELL LATITUDE 5500 – CORE I7 8TH GEN / 8GB RAM / 256GB NVME SSD USED LAPTOP,DELL,LATITUDE,I7,8,Used,8.0,256.0,SSD,92000.0
DELL LATITUDE 5510 – I5 10TH GEN / 8GB RAM / 256GB NVME SSD USED LAPTOP,DELL,LATITUDE,I5,10,Used,8.0,256.0,SSD,92000.0
HP ELITEBOOK 840 G7 CORE I5 10TH GEN / 8GB RAM / 256GB NVME SSD USED LAPTOP,HP,ELITEBOOK,I5,10,Used,8.0,256.0,SSD,93000.0
DELL LATITUDE 3510 – CORE I5 10TH GEN – 8GB RAM – 256GB NVME SSD USED LAPTOP,DELL,LATITUDE,I5,10,Used,8.0,256.0,SSD,93000.0
DELL LATITUDE 5420 – INTEL CORE I5 11TH GEN / 8GB RAM /256GB NVME SSD USED LAPTOP,DELL,LATITUDE,I5,11,Used,8.0,256.0,SSD,95000.0
DELL LATITUDE 3420 – INTEL CORE I5 11TH GEN -8GB RAM /256GB NVME SSD USED LAPTOP,DELL,LATITUDE,I5,11,Used,8.0,256.0,SSD,95000.0
HP ELITEBOOK X360 1040 G7 – INTEL CORE I5 10TH GEN / 16GB RAM / 256GB NVME SSD USED LAPTOP ( SCREEN NO TOUCH ),HP,ELITEBOOK,I5,10,Used,16.0,256.0,SSD,99000.0
DELL LATITUDE 5420 – CORE I7 11TH GEN / 8GB RAM / 256GB SSD USED LAPTOP ( DISPLAY WHITE PATCH ),DELL,LATITUDE,I7,11,Used,8.0,256.0,SSD,102000.0
DELL LATITUDE 5320 – INTEL CORE I5 11TH GEN 16GB RAM 256GB NVME SSD USED LAPTOP,DELL,LATITUDE,I5,11,Used,16.0,256.0,SSD,105000.0
HP ELITEBOOK 840 G8 – INTEL CORE I5 11TH GEN /8GB RAM / 256GB NVME SSD USED LAPTOP,HP,ELITEBOOK,I5,11,Used,8.0,256.0,SSD,107000.0
HP ELITEBOOK 850 G7 – CORE I5 10TH GEN – 8GB RAM – 256GB NVME SSD USED LAPTOP,HP,ELITEBOOK,I5,10,Used,8.0,256.0,SSD,108000.0
DELL LATITUDE 5430 – INTEL CORE I5 12TH GEN / 8GB RAM / 256GB NVME SSD USED LAPTOP,DELL,LATITUDE,I5,12,Used,8.0,256.0,SSD,112000.0
DELL LATITUDE 5430 – INTEL CORE I5 12TH GEN / 8GB RAM / 256GB NVME SSD REFUBLISH LAPTOP (WITH BOX),DELL,LATITUDE,I5,12,Used,8.0,256.0,SSD,127000.0
DELL LATITUDE 5530 – CORE I5 12TH GEN – 8GB RAM – 256GB SSD USED LAPTOP,DELL,LATITUDE,I5,12,Used,8.0,256.0,SSD,128000.0
DELL LATITUDE 5440 – CORE  I5 13TH GEN – 8GB RAM – 256GB NVME SSD USED LAPTOP,DELL,LATITUDE,I5,13,Used,8.0,256.0,SSD,140000.0
DELL LATITUDE 5530 – CORE I5 12TH GEN – 8GB RAM – 256GB SSD REFUBLISH LAPTOP (WITH BOX),DELL,LATITUDE,I5,12,Used,8.0,256.0,SSD,143000.0
HP ELITEBOOK 640 G9 –  INTEL CORE I5 12TH GEN –  16GB RAM  – 512GB NVME SSD USED LAPTOP,HP,ELITEBOOK,I5,12,Used,16.0,512.0,SSD,145000.0
DELL LATITUDE 5540 – CORE I5 13TH GEN – 8GB RAM – 256GB NVME SSD USED LAPTOP,DELL,LATITUDE,I5,13,Used,8.0,256.0,SSD,152000.0
DELL LATITUDE 5440 – CORE I5 13TH GEN – 8GB RAM – 256GB NVME SSD REFUBLISH LAPTOP (WITH BOX),DELL,LATITUDE,I5,13,Used,8.0,256.0,SSD,155000.0
DELL LATITUDE 5540 – CORE I5 13TH GEN – 8GB RAM – 256GB NVME SSD REPUBLISHED LAPTOP ( WITH BOX ),DELL,LATITUDE,I5,13,Used,8.0,256.0,SSD,167000.0
ASUS ROG STRIX G15 – G512 – INTEL CORE I7 10TH GEN – DDR4 8GB RAM – 256GB NVME SSD – GTX 1650TI 4GB VGA USED LAPTOP,ASUS,ROG,I7,10,Used,8.0,256.0,SSD,225000.0
DELL LATITUDE E7470 – INTEL CORE I5 6TH GEN / 8GB RAM / 256GB SSD USED LAPTOP,DELL,LATITUDE,I5,6,Used,8.0,256.0,SSD,59000.0
DELL LATITUDE 5300 – CORE I5 8TH GEN 8GB RAM 256GB NVME SSD  USED LAPTOP,DELL,LATITUDE,I5,8,Used,8.0,256.0,SSD,65000.0
HP PROBOOK 640 G5 INTEL CORE I5 8TH GEN 8GB RAM 256GB NVME USED LAPTOP,HP,PROBOOK,I5,8,Used,8.0,256.0,SSD,65000.0
DELL LATITUDE 5400 -CORE I5 8TH GEN 8GB RAM 256GB NVME SSD USED LAPTOP ( TOUCHPAD NOT WORKING ),DELL,LATITUDE,I5,8,Used,8.0,256.0,SSD,69000.0
HP ELITEBOK 840 G6 CORE I5 8TH GEN 8GB RAM -256GB NVME SSD  LAPTOP ( White Pach ),HP,ELITE,I5,8,Used,8.0,256.0,SSD,70000.0
DELL LATITUDE 5491 – CORE I5 8TH GEN / 8GB RAM / 256GB NVME SSD USED LAPTOP,DELL,LATITUDE,I5,8,Used,8.0,256.0,SSD,78000.0
HP PROBOOK 450 G6 -CORE I5 8TH GEN -8GB RAM- 256GB NVME SSD -LAPTOP,HP,PROBOOK,I5,8,Used,8.0,256.0,SSD,89000.0
DELL LATITUDE 5410 – INTEL CORE I5 10TH GEN / 8GB RAM / 256GB NVME SSD USED LAPTOP ( 03 month warranty ),DELL,LATITUDE,I5,10,Used,8.0,256.0,SSD,89000.0
HP ELITEBOOK 845 G7 – RYZEN 5 PRO 4650U – 16GB RAM – 256GB SSD USED LAPTOP,HP,ELITEBOOK,RYZEN 5,0,Used,16.0,256.0,SSD,90000.0
DELL LATITUDE 3540 CORE I7 8TH GEN 8GB RAM 256GB SSD USED LAPTOP,DELL,LATITUDE,I7,8,Used,8.0,256.0,SSD,95000.0
DELL LATITUDE 5320 INTEL CORE I5 11TH GEN 8GB RAM 256GB NVME SSD USED LAPTOP,DELL,LATITUDE,I5,11,Used,8.0,256.0,SSD,95000.0
DELL LATITUDE 5511 – CORE I5 10TH GEN / 8GB RAM / 256GB NVME SSD USED LAPTOP,DELL,LATITUDE,I5,10,Used,8.0,256.0,SSD,96000.0
HP ELITEBOOK 840 G7 CORE I7 10TH GEN / 8GB RAM / 256GB NVME SSD USED LAPTOP,HP,ELITEBOOK,I7,10,Used,8.0,256.0,SSD,98000.0
DELL LATITUDE 5410 CORE I7 10TH GEN / 8GB RAM / 256GB NVME SSD USED LAPTOP,DELL,LATITUDE,I7,10,Used,8.0,256.0,SSD,98000.0
HP PROBOOK 440 G8 – INTEL CORE I5 11GEN 8GB RAM 256GB NVME SSD USED LAPTOP,HP,PROBOOK,I5,11,Used,8.0,256.0,SSD,99000.0
DELL LATITUDE 5510 – I7 10TH GEN / 16GB RAM / 256GB NVME SSD USED LAPTOP,DELL,LATITUDE,I7,10,Used,16.0,256.0,SSD,105000.0
HP PROBOOK 650 G8 – CORE I5 11TH GEN / 8GB RAM / 256GB NVME SSD USED LAPTOP,HP,PROBOOK,I5,11,Used,8.0,256.0,SSD,105000.0
HP PROBOOK 640 G8 CORE I5 11TH GEN 8GB RAM 256GB NVME SSD USED LAPTOP,HP,PROBOOK,I5,11,Used,8.0,256.0,SSD,107000.0
HP ELITEBOOK X360 830 G7 – CORE I5 10TH GEN 16GB RAM 256GB NVME USED LAPTOP,HP,ELITEBOOK,I5,10,Used,16.0,256.0,SSD,109000.0
DELL LATITUDE 5420 – CORE I7 11TH GEN / 8GB RAM / 256GB SSD USED LAPTOP,DELL,LATITUDE,I7,11,Used,8.0,256.0,SSD,109000.0
DELL LATITUDE 5520 – CORE I5 11TH GEN / 8GB RAM / 256GB NVME SSD USED LAPTOP,DELL,LATITUDE,I5,11,Used,8.0,256.0,SSD,110000.0
DELL LATITUDE 7420 – CORE I7 11TH GEN / 16GB RAM / 256GB SSD USED LAPTOP,DELL,LATITUDE,I7,11,Used,16.0,256.0,SSD,112000.0
HP ELITEBOOK X360 1040 G7 – INTEL CORE I5 10TH GEN / 16GB RAM / 256GB NVME SSD USED LAPTOP,HP,ELITEBOOK,I5,10,Used,16.0,256.0,SSD,112000.0
DELL LATITUDE 7430 -INTEL CORE I5 12TH GEN 16GB RAM 256GB NVME SSD USED LAPTOP,DELL,LATITUDE,I5,12,Used,16.0,256.0,SSD,118000.0
DELL LATITUDE 5520 – CORE I7 11TH GEN / 8GB RAM / 256GB NVME SSD USED LAPTOP,DELL,LATITUDE,I7,11,Used,8.0,256.0,SSD,120000.0
DELL LATITUDE 5531 CORE I5 12TH GEN 8GB RAM 512GB SSD USED LAPTOP,HP,Other,I5,12,Used,8.0,512.0,SSD,125000.0
HP ELITEBOOK 650 G9 INTEL CORE I5 12TH GEN 16GB RAM / 256GB SSD USED LAPTOP,HP,ELITEBOOK,I5,12,Used,16.0,256.0,SSD,127000.0
DELL INSPIRON 5590 -CORE I7 10TH GEN / 8GB RAM / 256GB NVME SSD / NVIDIA MX250 2GB VGA USED LAPTOP,DELL,INSPIRON,I7,10,Used,8.0,256.0,SSD,132000.0
HP ELITEBOOK 850 G8 – CORE I7 11TH GEN – 8GB RAM – 256GB NVME SSD USED LAPTOP,HP,ELITEBOOK,I7,11,Used,8.0,256.0,SSD,135000.0
APPLE MACBOOK AIR - APPLE M1  / 32GB RAM / 1024GB SSD USED LAPTOP,APPLE,MACBOOK AIR,M1,0,Used,32.0,1024.0,SSD,232200.0
ASUS TUF - AMD RYZEN 3 5th Gen / 32GB RAM / 256GB SSD USED LAPTOP,ASUS,TUF,RYZEN 3,5,Used,32.0,256.0,SSD,114800.0
HP ENVY - AMD RYZEN 3 5th Gen / 32GB RAM / 256GB SSD USED LAPTOP,HP,ENVY,RYZEN 3,5,Used,32.0,256.0,SSD,108100.0
DELL INSPIRON - AMD RYZEN 7 8th Gen / 32GB RAM / 512GB SSD USED LAPTOP,DELL,INSPIRON,RYZEN 7,8,Used,32.0,512.0,SSD,194600.0
HP VICTUS - AMD RYZEN 5 7th Gen / 16GB RAM / 512GB SSD NEW LAPTOP,HP,VICTUS,RYZEN 5,7,New,16.0,512.0,SSD,179900.0
APPLE MACBOOK AIR - APPLE M3  / 8GB RAM / 256GB SSD USED LAPTOP,APPLE,MACBOOK AIR,M3,0,Used,8.0,256.0,SSD,257400.0
ACER SWIFT - AMD RYZEN 5 7th Gen / 16GB RAM / 256GB SSD USED LAPTOP,ACER,SWIFT,RYZEN 5,7,Used,16.0,256.0,SSD,112700.0
ACER SWIFT - INTEL CORE I7 10th Gen / 16GB RAM / 512GB SSD USED LAPTOP,ACER,SWIFT,I7,10,Used,16.0,512.0,SSD,165800.0
DELL XPS - INTEL CORE I9 9th Gen / 32GB RAM / 512GB SSD NEW LAPTOP,DELL,XPS,I9,9,New,32.0,512.0,SSD,345000.0
ASUS ROG - INTEL CORE I5 13th Gen / 16GB RAM / 1024GB SSD NEW LAPTOP,ASUS,ROG,I5,13,New,16.0,1024.0,SSD,269700.0
DELL PRECISION - AMD RYZEN 5 7th Gen / 8GB RAM / 512GB SSD USED LAPTOP,DELL,PRECISION,RYZEN 5,7,Used,8.0,512.0,SSD,112200.0
APPLE MACBOOK PRO - APPLE M3  / 16GB RAM / 1024GB SSD USED LAPTOP,APPLE,MACBOOK PRO,M3,0,Used,16.0,1024.0,SSD,284500.0
HP VICTUS - INTEL CORE I9 13th Gen / 16GB RAM / 256GB SSD USED LAPTOP,HP,VICTUS,I9,13,Used,16.0,256.0,SSD,228100.0
HP VICTUS - INTEL CORE I3 9th Gen / 32GB RAM / 256GB SSD USED LAPTOP,HP,VICTUS,I3,9,Used,32.0,256.0,SSD,138400.0
ASUS TUF - AMD RYZEN 3 5th Gen / 32GB RAM / 256GB SSD USED LAPTOP,ASUS,TUF,RYZEN 3,5,Used,32.0,256.0,SSD,112200.0
APPLE MACBOOK PRO - INTEL CORE I7 10th Gen / 8GB RAM / 512GB SSD USED LAPTOP,APPLE,MACBOOK PRO,I7,10,Used,8.0,512.0,SSD,163300.0
ACER SWIFT - AMD RYZEN 7 8th Gen / 8GB RAM / 512GB SSD USED LAPTOP,ACER,SWIFT,RYZEN 7,8,Used,8.0,512.0,SSD,124400.0
APPLE MACBOOK PRO - APPLE M3  / 16GB RAM / 256GB SSD USED LAPTOP,APPLE,MACBOOK PRO,M3,0,Used,16.0,256.0,SSD,249700.0
ACER ASPIRE - INTEL CORE I9 10th Gen / 32GB RAM / 1024GB SSD USED LAPTOP,ACER,ASPIRE,I9,10,Used,32.0,1024.0,SSD,295500.0
ASUS VIVOBOOK - INTEL CORE I5 10th Gen / 8GB RAM / 512GB SSD NEW LAPTOP,ASUS,VIVOBOOK,I5,10,New,8.0,512.0,SSD,193200.0
APPLE MACBOOK AIR - INTEL CORE I7 9th Gen / 16GB RAM / 512GB SSD NEW LAPTOP,APPLE,MACBOOK AIR,I7,9,New,16.0,512.0,SSD,260300.0
APPLE MACBOOK AIR - APPLE M1  / 8GB RAM / 256GB SSD NEW LAPTOP,APPLE,MACBOOK AIR,M1,0,New,8.0,256.0,SSD,209200.0
ACER SWIFT - AMD RYZEN 5 7th Gen / 16GB RAM / 512GB SSD USED LAPTOP,ACER,SWIFT,RYZEN 5,7,Used,16.0,512.0,SSD,109100.0
HP ELITEBOOK - AMD RYZEN 5 7th Gen / 32GB RAM / 256GB SSD USED LAPTOP,HP,ELITEBOOK,RYZEN 5,7,Used,32.0,256.0,SSD,150100.0
ACER SWIFT - AMD RYZEN 7 8th Gen / 8GB RAM / 512GB SSD NEW LAPTOP,ACER,SWIFT,RYZEN 7,8,New,8.0,512.0,SSD,193100.0
APPLE MACBOOK PRO - APPLE M1  / 32GB RAM / 1024GB SSD USED LAPTOP,APPLE,MACBOOK PRO,M1,0,Used,32.0,1024.0,SSD,254300.0
DELL LATITUDE - INTEL CORE I7 7th Gen / 8GB RAM / 256GB SSD USED LAPTOP,DELL,LATITUDE,I7,7,Used,8.0,256.0,SSD,118800.0
HP PROBOOK - INTEL CORE I3 12th Gen / 32GB RAM / 256GB SSD NEW LAPTOP,HP,PROBOOK,I3,12,New,32.0,256.0,SSD,254200.0
ASUS ZENBOOK - AMD RYZEN 5 7th Gen / 16GB RAM / 256GB SSD NEW LAPTOP,ASUS,ZENBOOK,RYZEN 5,7,New,16.0,256.0,SSD,158000.0
ASUS ZENBOOK - AMD RYZEN 3 5th Gen / 8GB RAM / 256GB SSD USED LAPTOP,ASUS,ZENBOOK,RYZEN 3,5,Used,8.0,256.0,SSD,59700.0
ASUS VIVOBOOK - AMD RYZEN 5 7th Gen / 8GB RAM / 256GB SSD USED LAPTOP,ASUS,VIVOBOOK,RYZEN 5,7,Used,8.0,256.0,SSD,93300.0
ACER ASPIRE - INTEL CORE I3 11th Gen / 32GB RAM / 512GB SSD USED LAPTOP,ACER,ASPIRE,I3,11,Used,32.0,512.0,SSD,183000.0
APPLE MACBOOK AIR - APPLE M3  / 32GB RAM / 1024GB SSD USED LAPTOP,APPLE,MACBOOK AIR,M3,0,Used,32.0,1024.0,SSD,324900.0
ASUS VIVOBOOK - INTEL CORE I7 9th Gen / 32GB RAM / 256GB SSD NEW LAPTOP,ASUS,VIVOBOOK,I7,9,New,32.0,256.0,SSD,253900.0
APPLE MACBOOK AIR - APPLE M2  / 32GB RAM / 256GB SSD USED LAPTOP,APPLE,MACBOOK AIR,M2,0,Used,32.0,256.0,SSD,244800.0
HP PAVILION - INTEL CORE I9 8th Gen / 8GB RAM / 1024GB HDD USED LAPTOP,HP,PAVILION,I9,8,Used,8.0,1024.0,HDD,207200.0
APPLE MACBOOK PRO - APPLE M3  / 8GB RAM / 256GB SSD USED LAPTOP,APPLE,MACBOOK PRO,M3,0,Used,8.0,256.0,SSD,239300.0
DELL VOSTRO - AMD RYZEN 7 8th Gen / 8GB RAM / 512GB SSD USED LAPTOP,DELL,VOSTRO,RYZEN 7,8,Used,8.0,512.0,SSD,140600.0
ASUS ZENBOOK - INTEL CORE I5 8th Gen / 16GB RAM / 512GB SSD NEW LAPTOP,ASUS,ZENBOOK,I5,8,New,16.0,512.0,SSD,192100.0
DELL INSPIRON - AMD RYZEN 3 5th Gen / 32GB RAM / 512GB SSD USED LAPTOP,DELL,INSPIRON,RYZEN 3,5,Used,32.0,512.0,SSD,133400.0
HP ENVY - AMD RYZEN 7 8th Gen / 16GB RAM / 512GB SSD NEW LAPTOP,HP,ENVY,RYZEN 7,8,New,16.0,512.0,SSD,225400.0
HP ELITEBOOK - AMD RYZEN 5 7th Gen / 16GB RAM / 1024GB HDD USED LAPTOP,HP,ELITEBOOK,RYZEN 5,7,Used,16.0,1024.0,HDD,122700.0
ACER ASPIRE - AMD RYZEN 3 5th Gen / 32GB RAM / 512GB SSD USED LAPTOP,ACER,ASPIRE,RYZEN 3,5,Used,32.0,512.0,SSD,123000.0
ASUS VIVOBOOK - AMD RYZEN 3 5th Gen / 8GB RAM / 256GB SSD USED LAPTOP,ASUS,VIVOBOOK,RYZEN 3,5,Used,8.0,256.0,SSD,57800.0
APPLE MACBOOK PRO - INTEL CORE I7 8th Gen / 32GB RAM / 256GB SSD USED LAPTOP,APPLE,MACBOOK PRO,I7,8,Used,32.0,256.0,SSD,192400.0
ACER NITRO - AMD RYZEN 5 7th Gen / 8GB RAM / 512GB SSD USED LAPTOP,ACER,NITRO,RYZEN 5,7,Used,8.0,512.0,SSD,104100.0
ACER SWIFT - AMD RYZEN 3 5th Gen / 32GB RAM / 512GB SSD USED LAPTOP,ACER,SWIFT,RYZEN 3,5,Used,32.0,512.0,SSD,115400.0
HP PROBOOK - AMD RYZEN 7 8th Gen / 8GB RAM / 512GB SSD USED LAPTOP,HP,PROBOOK,RYZEN 7,8,Used,8.0,512.0,SSD,135500.0
ASUS TUF - INTEL CORE I7 10th Gen / 32GB RAM / 512GB SSD USED LAPTOP,ASUS,TUF,I7,10,Used,32.0,512.0,SSD,211300.0
ASUS TUF - AMD RYZEN 5 7th Gen / 16GB RAM / 1024GB HDD USED LAPTOP,ASUS,TUF,RYZEN 5,7,Used,16.0,1024.0,HDD,132600.0
ASUS VIVOBOOK - INTEL CORE I9 10th Gen / 32GB RAM / 256GB SSD NEW LAPTOP,ASUS,VIVOBOOK,I9,10,New,32.0,256.0,SSD,386500.0
APPLE MACBOOK PRO - APPLE M1  / 32GB RAM / 512GB SSD NEW LAPTOP,APPLE,MACBOOK PRO,M1,0,New,32.0,512.0,SSD,299100.0
HP PAVILION - AMD RYZEN 7 8th Gen / 16GB RAM / 512GB SSD USED LAPTOP,HP,PAVILION,RYZEN 7,8,Used,16.0,512.0,SSD,146100.0
APPLE MACBOOK AIR - INTEL CORE I7 10th Gen / 8GB RAM / 512GB SSD USED LAPTOP,APPLE,MACBOOK AIR,I7,10,Used,8.0,512.0,SSD,176400.0
ACER ASPIRE - INTEL CORE I3 8th Gen / 32GB RAM / 1024GB HDD NEW LAPTOP,ACER,ASPIRE,I3,8,New,32.0,1024.0,HDD,226900.0
ACER ASPIRE - AMD RYZEN 5 7th Gen / 16GB RAM / 256GB SSD NEW LAPTOP,ACER,ASPIRE,RYZEN 5,7,New,16.0,256.0,SSD,151100.0
DELL PRECISION - AMD RYZEN 3 5th Gen / 32GB RAM / 1024GB HDD USED LAPTOP,DELL,PRECISION,RYZEN 3,5,Used,32.0,1024.0,HDD,131700.0
APPLE MACBOOK PRO - INTEL CORE I7 7th Gen / 32GB RAM / 1024GB SSD USED LAPTOP,APPLE,MACBOOK PRO,I7,7,Used,32.0,1024.0,SSD,222800.0
ASUS ROG - AMD RYZEN 3 5th Gen / 32GB RAM / 1024GB SSD USED LAPTOP,ASUS,ROG,RYZEN 3,5,Used,32.0,1024.0,SSD,140800.0
APPLE MACBOOK PRO - APPLE M1  / 8GB RAM / 512GB SSD USED LAPTOP,APPLE,MACBOOK PRO,M1,0,Used,8.0,512.0,SSD,165900.0
ACER SWIFT - INTEL CORE I7 10th Gen / 8GB RAM / 1024GB SSD USED LAPTOP,ACER,SWIFT,I7,10,Used,8.0,1024.0,SSD,187700.0
HP VICTUS - AMD RYZEN 7 8th Gen / 32GB RAM / 1024GB HDD USED LAPTOP,HP,VICTUS,RYZEN 7,8,Used,32.0,1024.0,HDD,203800.0
DELL LATITUDE - AMD RYZEN 5 7th Gen / 32GB RAM / 256GB SSD USED LAPTOP,DELL,LATITUDE,RYZEN 5,7,Used,32.0,256.0,SSD,145200.0
ACER NITRO - INTEL CORE I7 13th Gen / 16GB RAM / 256GB SSD USED LAPTOP,ACER,NITRO,I7,13,Used,16.0,256.0,SSD,182300.0
DELL INSPIRON - INTEL CORE I9 12th Gen / 16GB RAM / 256GB SSD USED LAPTOP,DELL,INSPIRON,I9,12,Used,16.0,256.0,SSD,256300.0
ASUS ROG - INTEL CORE I7 6th Gen / 16GB RAM / 512GB SSD USED LAPTOP,ASUS,ROG,I7,6,Used,16.0,512.0,SSD,138900.0
APPLE MACBOOK PRO - INTEL CORE I5 11th Gen / 8GB RAM / 256GB SSD USED LAPTOP,APPLE,MACBOOK PRO,I5,11,Used,8.0,256.0,SSD,152200.0
DELL INSPIRON - INTEL CORE I3 12th Gen / 16GB RAM / 1024GB HDD USED LAPTOP,DELL,INSPIRON,I3,12,Used,16.0,1024.0,HDD,164000.0
APPLE MACBOOK AIR - APPLE M1  / 16GB RAM / 1024GB SSD USED LAPTOP,APPLE,MACBOOK AIR,M1,0,Used,16.0,1024.0,SSD,222200.0
ACER ASPIRE - AMD RYZEN 3 5th Gen / 32GB RAM / 256GB SSD USED LAPTOP,ACER,ASPIRE,RYZEN 3,5,Used,32.0,256.0,SSD,100600.0
ASUS VIVOBOOK - AMD RYZEN 7 8th Gen / 8GB RAM / 256GB SSD USED LAPTOP,ASUS,VIVOBOOK,RYZEN 7,8,Used,8.0,256.0,SSD,135800.0
ASUS VIVOBOOK - AMD RYZEN 7 8th Gen / 32GB RAM / 1024GB SSD USED LAPTOP,ASUS,VIVOBOOK,RYZEN 7,8,Used,32.0,1024.0,SSD,213000.0
HP VICTUS - INTEL CORE I5 7th Gen / 16GB RAM / 512GB SSD NEW LAPTOP,HP,VICTUS,I5,7,New,16.0,512.0,SSD,157200.0
APPLE MACBOOK PRO - APPLE M2  / 32GB RAM / 256GB SSD USED LAPTOP,APPLE,MACBOOK PRO,M2,0,Used,32.0,256.0,SSD,236400.0
DELL VOSTRO - INTEL CORE I9 12th Gen / 32GB RAM / 1024GB SSD USED LAPTOP,DELL,VOSTRO,I9,12,Used,32.0,1024.0,SSD,337400.0
APPLE MACBOOK PRO - INTEL CORE I5 10th Gen / 32GB RAM / 512GB SSD USED LAPTOP,APPLE,MACBOOK PRO,I5,10,Used,32.0,512.0,SSD,208200.0
ACER ASPIRE - AMD RYZEN 5 7th Gen / 32GB RAM / 256GB SSD USED LAPTOP,ACER,ASPIRE,RYZEN 5,7,Used,32.0,256.0,SSD,140200.0
ASUS VIVOBOOK - INTEL CORE I9 12th Gen / 16GB RAM / 1024GB SSD USED LAPTOP,ASUS,VIVOBOOK,I9,12,Used,16.0,1024.0,SSD,267900.0
HP VICTUS - AMD RYZEN 5 7th Gen / 8GB RAM / 512GB SSD USED LAPTOP,HP,VICTUS,RYZEN 5,7,Used,8.0,512.0,SSD,109700.0
ASUS TUF - INTEL CORE I9 13th Gen / 8GB RAM / 256GB SSD USED LAPTOP,ASUS,TUF,I9,13,Used,8.0,256.0,SSD,241500.0
DELL PRECISION - AMD RYZEN 5 7th Gen / 16GB RAM / 512GB SSD USED LAPTOP,DELL,PRECISION,RYZEN 5,7,Used,16.0,512.0,SSD,118700.0
ASUS TUF - AMD RYZEN 7 8th Gen / 32GB RAM / 1024GB SSD NEW LAPTOP,ASUS,TUF,RYZEN 7,8,New,32.0,1024.0,SSD,290200.0
APPLE MACBOOK PRO - INTEL CORE I7 13th Gen / 32GB RAM / 256GB SSD NEW LAPTOP,APPLE,MACBOOK PRO,I7,13,New,32.0,256.0,SSD,358000.0
ASUS TUF - AMD RYZEN 3 5th Gen / 32GB RAM / 1024GB HDD NEW LAPTOP,ASUS,TUF,RYZEN 3,5,New,32.0,1024.0,HDD,207000.0
HP SPECTRE - AMD RYZEN 3 5th Gen / 8GB RAM / 512GB SSD USED LAPTOP,HP,SPECTRE,RYZEN 3,5,Used,8.0,512.0,SSD,72700.0
ACER SWIFT - AMD RYZEN 3 5th Gen / 8GB RAM / 256GB SSD USED LAPTOP,ACER,SWIFT,RYZEN 3,5,Used,8.0,256.0,SSD,52700.0
HP PROBOOK - AMD RYZEN 5 7th Gen / 16GB RAM / 256GB SSD USED LAPTOP,HP,PROBOOK,RYZEN 5,7,Used,16.0,256.0,SSD,113500.0
ASUS ROG - AMD RYZEN 5 7th Gen / 8GB RAM / 1024GB HDD NEW LAPTOP,ASUS,ROG,RYZEN 5,7,New,8.0,1024.0,HDD,173700.0
ACER NITRO - INTEL CORE I5 8th Gen / 32GB RAM / 512GB SSD NEW LAPTOP,ACER,NITRO,I5,8,New,32.0,512.0,SSD,225900.0
ACER NITRO - AMD RYZEN 7 8th Gen / 8GB RAM / 256GB SSD USED LAPTOP,ACER,NITRO,RYZEN 7,8,Used,8.0,256.0,SSD,114100.0
ASUS TUF - AMD RYZEN 5 7th Gen / 32GB RAM / 256GB SSD USED LAPTOP,ASUS,TUF,RYZEN 5,7,Used,32.0,256.0,SSD,140500.0
ASUS VIVOBOOK - INTEL CORE I3 13th Gen / 32GB RAM / 256GB SSD USED LAPTOP,ASUS,VIVOBOOK,I3,13,Used,32.0,256.0,SSD,193700.0
DELL LATITUDE - AMD RYZEN 3 5th Gen / 16GB RAM / 1024GB SSD USED LAPTOP,DELL,LATITUDE,RYZEN 3,5,Used,16.0,1024.0,SSD,110500.0
ACER NITRO - INTEL CORE I3 8th Gen / 32GB RAM / 256GB SSD NEW LAPTOP,ACER,NITRO,I3,8,New,32.0,256.0,SSD,195400.0
DELL LATITUDE - INTEL CORE I9 11th Gen / 32GB RAM / 256GB SSD USED LAPTOP,DELL,LATITUDE,I9,11,Used,32.0,256.0,SSD,253100.0
HP ELITEBOOK - INTEL CORE I7 6th Gen / 32GB RAM / 256GB SSD NEW LAPTOP,HP,ELITEBOOK,I7,6,New,32.0,256.0,SSD,212100.0
ASUS VIVOBOOK - AMD RYZEN 7 8th Gen / 32GB RAM / 256GB SSD USED LAPTOP,ASUS,VIVOBOOK,RYZEN 7,8,Used,32.0,256.0,SSD,178400.0
ASUS VIVOBOOK - INTEL CORE I5 12th Gen / 32GB RAM / 512GB SSD USED LAPTOP,ASUS,VIVOBOOK,I5,12,Used,32.0,512.0,SSD,218800.0
DELL LATITUDE - INTEL CORE I9 13th Gen / 16GB RAM / 256GB SSD USED LAPTOP,DELL,LATITUDE,I9,13,Used,16.0,256.0,SSD,263400.0
ACER ASPIRE - INTEL CORE I5 12th Gen / 8GB RAM / 1024GB HDD USED LAPTOP,ACER,ASPIRE,I5,12,Used,8.0,1024.0,HDD,149500.0
HP ELITEBOOK - INTEL CORE I9 7th Gen / 8GB RAM / 1024GB SSD USED LAPTOP,HP,ELITEBOOK,I9,7,Used,8.0,1024.0,SSD,211100.0
ASUS ROG - INTEL CORE I5 11th Gen / 16GB RAM / 256GB SSD USED LAPTOP,ASUS,ROG,I5,11,Used,16.0,256.0,SSD,140900.0
ASUS TUF - INTEL CORE I3 10th Gen / 32GB RAM / 256GB SSD USED LAPTOP,ASUS,TUF,I3,10,Used,32.0,256.0,SSD,167000.0
ASUS TUF - INTEL CORE I5 9th Gen / 8GB RAM / 1024GB SSD NEW LAPTOP,ASUS,TUF,I5,9,New,8.0,1024.0,SSD,192400.0
HP ELITEBOOK - INTEL CORE I7 10th Gen / 16GB RAM / 1024GB SSD USED LAPTOP,HP,ELITEBOOK,I7,10,Used,16.0,1024.0,SSD,186600.0
APPLE MACBOOK PRO - APPLE M3  / 32GB RAM / 512GB SSD USED LAPTOP,APPLE,MACBOOK PRO,M3,0,Used,32.0,512.0,SSD,297400.0
ACER ASPIRE - INTEL CORE I5 11th Gen / 8GB RAM / 512GB SSD USED LAPTOP,ACER,ASPIRE,I5,11,Used,8.0,512.0,SSD,133700.0
APPLE MACBOOK AIR - APPLE M1  / 32GB RAM / 256GB SSD USED LAPTOP,APPLE,MACBOOK AIR,M1,0,Used,32.0,256.0,SSD,217600.0
ACER ASPIRE - AMD RYZEN 7 8th Gen / 16GB RAM / 1024GB SSD USED LAPTOP,ACER,ASPIRE,RYZEN 7,8,Used,16.0,1024.0,SSD,187000.0
ASUS TUF - INTEL CORE I7 9th Gen / 32GB RAM / 1024GB SSD USED LAPTOP,ASUS,TUF,I7,9,Used,32.0,1024.0,SSD,222200.0
DELL PRECISION - INTEL CORE I5 13th Gen / 32GB RAM / 1024GB SSD USED LAPTOP,DELL,PRECISION,I5,13,Used,32.0,1024.0,SSD,245100.0
HP SPECTRE - INTEL CORE I3 12th Gen / 32GB RAM / 1024GB HDD USED LAPTOP,HP,SPECTRE,I3,12,Used,32.0,1024.0,HDD,207000.0
ASUS ROG - INTEL CORE I9 11th Gen / 32GB RAM / 512GB SSD USED LAPTOP,ASUS,ROG,I9,11,Used,32.0,512.0,SSD,302200.0
ACER SWIFT - AMD RYZEN 5 7th Gen / 16GB RAM / 512GB SSD USED LAPTOP,ACER,SWIFT,RYZEN 5,7,Used,16.0,512.0,SSD,118400.0
ASUS ZENBOOK - AMD RYZEN 7 8th Gen / 32GB RAM / 256GB SSD USED LAPTOP,ASUS,ZENBOOK,RYZEN 7,8,Used,32.0,256.0,SSD,179400.0
APPLE MACBOOK AIR - INTEL CORE I7 11th Gen / 16GB RAM / 512GB SSD USED LAPTOP,APPLE,MACBOOK AIR,I7,11,Used,16.0,512.0,SSD,188600.0
APPLE MACBOOK PRO - APPLE M1  / 8GB RAM / 1024GB HDD NEW LAPTOP,APPLE,MACBOOK PRO,M1,0,New,8.0,1024.0,HDD,236300.0
ASUS ZENBOOK - INTEL CORE I3 7th Gen / 32GB RAM / 1024GB SSD USED LAPTOP,ASUS,ZENBOOK,I3,7,Used,32.0,1024.0,SSD,169800.0
HP SPECTRE - INTEL CORE I7 12th Gen / 32GB RAM / 512GB SSD USED LAPTOP,HP,SPECTRE,I7,12,Used,32.0,512.0,SSD,213600.0
APPLE MACBOOK PRO - APPLE M2  / 32GB RAM / 512GB SSD USED LAPTOP,APPLE,MACBOOK PRO,M2,0,Used,32.0,512.0,SSD,255700.0
DELL VOSTRO - AMD RYZEN 3 5th Gen / 32GB RAM / 512GB SSD NEW LAPTOP,DELL,VOSTRO,RYZEN 3,5,New,32.0,512.0,SSD,188700.0
ACER ASPIRE - AMD RYZEN 3 5th Gen / 8GB RAM / 512GB SSD USED LAPTOP,ACER,ASPIRE,RYZEN 3,5,Used,8.0,512.0,SSD,67900.0
HP PROBOOK - INTEL CORE I3 7th Gen / 16GB RAM / 1024GB SSD USED LAPTOP,HP,PROBOOK,I3,7,Used,16.0,1024.0,SSD,123900.0
APPLE MACBOOK AIR - INTEL CORE I7 9th Gen / 8GB RAM / 512GB SSD NEW LAPTOP,APPLE,MACBOOK AIR,I7,9,New,8.0,512.0,SSD,241700.0
APPLE MACBOOK PRO - APPLE M3  / 16GB RAM / 256GB SSD USED LAPTOP,APPLE,MACBOOK PRO,M3,0,Used,16.0,256.0,SSD,253200.0
ASUS VIVOBOOK - INTEL CORE I5 10th Gen / 16GB RAM / 1024GB SSD USED LAPTOP,ASUS,VIVOBOOK,I5,10,Used,16.0,1024.0,SSD,167300.0
ASUS VIVOBOOK - AMD RYZEN 7 8th Gen / 16GB RAM / 1024GB HDD USED LAPTOP,ASUS,VIVOBOOK,RYZEN 7,8,Used,16.0,1024.0,HDD,162700.0
ACER ASPIRE - INTEL CORE I3 6th Gen / 16GB RAM / 512GB SSD USED LAPTOP,ACER,ASPIRE,I3,6,Used,16.0,512.0,SSD,99600.0
DELL PRECISION - INTEL CORE I7 7th Gen / 8GB RAM / 256GB SSD USED LAPTOP,DELL,PRECISION,I7,7,Used,8.0,256.0,SSD,116400.0
DELL XPS - INTEL CORE I3 8th Gen / 32GB RAM / 256GB SSD USED LAPTOP,DELL,XPS,I3,8,Used,32.0,256.0,SSD,141900.0
ACER SWIFT - INTEL CORE I3 11th Gen / 16GB RAM / 256GB SSD USED LAPTOP,ACER,SWIFT,I3,11,Used,16.0,256.0,SSD,132800.0
DELL INSPIRON - AMD RYZEN 3 5th Gen / 8GB RAM / 1024GB HDD NEW LAPTOP,DELL,INSPIRON,RYZEN 3,5,New,8.0,1024.0,HDD,120800.0
HP PAVILION - INTEL CORE I7 9th Gen / 16GB RAM / 1024GB HDD USED LAPTOP,HP,PAVILION,I7,9,Used,16.0,1024.0,HDD,170200.0
HP VICTUS - INTEL CORE I3 9th Gen / 16GB RAM / 512GB SSD USED LAPTOP,HP,VICTUS,I3,9,Used,16.0,512.0,SSD,124200.0
DELL VOSTRO - INTEL CORE I3 10th Gen / 32GB RAM / 1024GB SSD NEW LAPTOP,DELL,VOSTRO,I3,10,New,32.0,1024.0,SSD,280500.0
DELL PRECISION - AMD RYZEN 3 5th Gen / 32GB RAM / 1024GB SSD USED LAPTOP,DELL,PRECISION,RYZEN 3,5,Used,32.0,1024.0,SSD,143600.0
DELL XPS - AMD RYZEN 7 8th Gen / 16GB RAM / 256GB SSD USED LAPTOP,DELL,XPS,RYZEN 7,8,Used,16.0,256.0,SSD,147800.0
ACER ASPIRE - AMD RYZEN 5 7th Gen / 16GB RAM / 256GB SSD USED LAPTOP,ACER,ASPIRE,RYZEN 5,7,Used,16.0,256.0,SSD,111000.0
HP VICTUS - INTEL CORE I7 10th Gen / 16GB RAM / 1024GB SSD USED LAPTOP,HP,VICTUS,I7,10,Used,16.0,1024.0,SSD,190800.0
HP SPECTRE - INTEL CORE I3 7th Gen / 32GB RAM / 512GB SSD USED LAPTOP,HP,SPECTRE,I3,7,Used,32.0,512.0,SSD,149000.0
ACER SWIFT - INTEL CORE I7 11th Gen / 32GB RAM / 256GB SSD NEW LAPTOP,ACER,SWIFT,I7,11,New,32.0,256.0,SSD,296800.0
ASUS ROG - AMD RYZEN 3 5th Gen / 16GB RAM / 512GB SSD USED LAPTOP,ASUS,ROG,RYZEN 3,5,Used,16.0,512.0,SSD,91800.0
HP VICTUS - AMD RYZEN 5 7th Gen / 16GB RAM / 512GB SSD USED LAPTOP,HP,VICTUS,RYZEN 5,7,Used,16.0,512.0,SSD,118200.0
ASUS VIVOBOOK - AMD RYZEN 3 5th Gen / 32GB RAM / 512GB SSD USED LAPTOP,ASUS,VIVOBOOK,RYZEN 3,5,Used,32.0,512.0,SSD,125900.0
ACER ASPIRE - INTEL CORE I9 7th Gen / 8GB RAM / 1024GB SSD USED LAPTOP,ACER,ASPIRE,I9,7,Used,8.0,1024.0,SSD,208600.0
APPLE MACBOOK AIR - INTEL CORE I5 8th Gen / 32GB RAM / 512GB SSD USED LAPTOP,APPLE,MACBOOK AIR,I5,8,Used,32.0,512.0,SSD,179000.0
HP PROBOOK - AMD RYZEN 3 5th Gen / 32GB RAM / 1024GB HDD USED LAPTOP,HP,PROBOOK,RYZEN 3,5,Used,32.0,1024.0,HDD,137500.0
ASUS ZENBOOK - INTEL CORE I7 7th Gen / 16GB RAM / 1024GB SSD USED LAPTOP,ASUS,ZENBOOK,I7,7,Used,16.0,1024.0,SSD,159900.0
HP SPECTRE - AMD RYZEN 7 8th Gen / 32GB RAM / 1024GB SSD USED LAPTOP,HP,SPECTRE,RYZEN 7,8,Used,32.0,1024.0,SSD,209400.0
APPLE MACBOOK AIR - APPLE M1  / 16GB RAM / 256GB SSD USED LAPTOP,APPLE,MACBOOK AIR,M1,0,Used,16.0,256.0,SSD,178500.0
APPLE MACBOOK PRO - INTEL CORE I5 10th Gen / 8GB RAM / 1024GB SSD USED LAPTOP,APPLE,MACBOOK PRO,I5,10,Used,8.0,1024.0,SSD,172700.0
DELL VOSTRO - AMD RYZEN 5 7th Gen / 8GB RAM / 256GB SSD USED LAPTOP,DELL,VOSTRO,RYZEN 5,7,Used,8.0,256.0,SSD,92100.0
ASUS ROG - INTEL CORE I9 12th Gen / 8GB RAM / 256GB SSD USED LAPTOP,ASUS,ROG,I9,12,Used,8.0,256.0,SSD,228400.0
ASUS ROG - AMD RYZEN 7 8th Gen / 8GB RAM / 512GB SSD USED LAPTOP,ASUS,ROG,RYZEN 7,8,Used,8.0,512.0,SSD,131800.0
ACER SWIFT - AMD RYZEN 7 8th Gen / 32GB RAM / 256GB SSD USED LAPTOP,ACER,SWIFT,RYZEN 7,8,Used,32.0,256.0,SSD,188700.0
ACER NITRO - INTEL CORE I5 9th Gen / 8GB RAM / 1024GB SSD NEW LAPTOP,ACER,NITRO,I5,9,New,8.0,1024.0,SSD,202000.0
DELL PRECISION - AMD RYZEN 7 8th Gen / 8GB RAM / 512GB SSD USED LAPTOP,DELL,PRECISION,RYZEN 7,8,Used,8.0,512.0,SSD,133000.0
ACER NITRO - INTEL CORE I7 8th Gen / 16GB RAM / 256GB SSD USED LAPTOP,ACER,NITRO,I7,8,Used,16.0,256.0,SSD,132500.0
APPLE MACBOOK PRO - APPLE M3  / 16GB RAM / 512GB SSD USED LAPTOP,APPLE,MACBOOK PRO,M3,0,Used,16.0,512.0,SSD,274000.0
ASUS ZENBOOK - INTEL CORE I9 9th Gen / 16GB RAM / 256GB SSD NEW LAPTOP,ASUS,ZENBOOK,I9,9,New,16.0,256.0,SSD,325500.0
HP SPECTRE - AMD RYZEN 3 5th Gen / 16GB RAM / 512GB SSD NEW LAPTOP,HP,SPECTRE,RYZEN 3,5,New,16.0,512.0,SSD,120400.0
APPLE MACBOOK AIR - INTEL CORE I5 12th Gen / 8GB RAM / 512GB SSD USED LAPTOP,APPLE,MACBOOK AIR,I5,12,Used,8.0,512.0,SSD,171400.0
ACER SWIFT - INTEL CORE I5 12th Gen / 32GB RAM / 256GB SSD NEW LAPTOP,ACER,SWIFT,I5,12,New,32.0,256.0,SSD,271100.0
HP SPECTRE - AMD RYZEN 7 8th Gen / 32GB RAM / 1024GB SSD USED LAPTOP,HP,SPECTRE,RYZEN 7,8,Used,32.0,1024.0,SSD,199700.0
APPLE MACBOOK AIR - APPLE M1  / 32GB RAM / 512GB SSD USED LAPTOP,APPLE,MACBOOK AIR,M1,0,Used,32.0,512.0,SSD,231000.0
DELL LATITUDE - INTEL CORE I7 13th Gen / 8GB RAM / 512GB SSD USED LAPTOP,DELL,LATITUDE,I7,13,Used,8.0,512.0,SSD,175300.0
ASUS ROG - INTEL CORE I3 8th Gen / 16GB RAM / 512GB SSD USED LAPTOP,ASUS,ROG,I3,8,Used,16.0,512.0,SSD,124000.0
ASUS ZENBOOK - INTEL CORE I9 6th Gen / 16GB RAM / 256GB SSD USED LAPTOP,ASUS,ZENBOOK,I9,6,Used,16.0,256.0,SSD,176200.0
APPLE MACBOOK PRO - APPLE M1  / 16GB RAM / 512GB SSD USED LAPTOP,APPLE,MACBOOK PRO,M1,0,Used,16.0,512.0,SSD,192900.0
HP PROBOOK - AMD RYZEN 3 5th Gen / 8GB RAM / 512GB SSD NEW LAPTOP,HP,PROBOOK,RYZEN 3,5,New,8.0,512.0,SSD,92000.0
ASUS ROG - INTEL CORE I5 9th Gen / 16GB RAM / 256GB SSD USED LAPTOP,ASUS,ROG,I5,9,Used,16.0,256.0,SSD,123000.0
ASUS VIVOBOOK - AMD RYZEN 3 5th Gen / 32GB RAM / 512GB SSD NEW LAPTOP,ASUS,VIVOBOOK,RYZEN 3,5,New,32.0,512.0,SSD,165500.0
HP PROBOOK - INTEL CORE I3 12th Gen / 8GB RAM / 1024GB SSD USED LAPTOP,HP,PROBOOK,I3,12,Used,8.0,1024.0,SSD,166300.0
ASUS ROG - AMD RYZEN 7 8th Gen / 32GB RAM / 512GB SSD USED LAPTOP,ASUS,ROG,RYZEN 7,8,Used,32.0,512.0,SSD,204400.0
ACER ASPIRE - INTEL CORE I5 8th Gen / 32GB RAM / 1024GB SSD USED LAPTOP,ACER,ASPIRE,I5,8,Used,32.0,1024.0,SSD,195700.0
ASUS ZENBOOK - AMD RYZEN 7 8th Gen / 16GB RAM / 512GB SSD NEW LAPTOP,ASUS,ZENBOOK,RYZEN 7,8,New,16.0,512.0,SSD,219200.0
ACER SWIFT - INTEL CORE I3 11th Gen / 16GB RAM / 1024GB SSD NEW LAPTOP,ACER,SWIFT,I3,11,New,16.0,1024.0,SSD,213800.0
ACER ASPIRE - INTEL CORE I9 10th Gen / 32GB RAM / 1024GB SSD USED LAPTOP,ACER,ASPIRE,I9,10,Used,32.0,1024.0,SSD,310200.0
ASUS ZENBOOK - AMD RYZEN 7 8th Gen / 16GB RAM / 512GB SSD USED LAPTOP,ASUS,ZENBOOK,RYZEN 7,8,Used,16.0,512.0,SSD,153900.0
ASUS ROG - INTEL CORE I7 13th Gen / 8GB RAM / 256GB SSD USED LAPTOP,ASUS,ROG,I7,13,Used,8.0,256.0,SSD,163300.0
APPLE MACBOOK AIR - INTEL CORE I7 6th Gen / 8GB RAM / 512GB SSD NEW LAPTOP,APPLE,MACBOOK AIR,I7,6,New,8.0,512.0,SSD,196900.0
HP ENVY - AMD RYZEN 3 5th Gen / 8GB RAM / 1024GB SSD USED LAPTOP,HP,ENVY,RYZEN 3,5,Used,8.0,1024.0,SSD,87300.0
ACER NITRO - AMD RYZEN 3 5th Gen / 8GB RAM / 1024GB HDD USED LAPTOP,ACER,NITRO,RYZEN 3,5,Used,8.0,1024.0,HDD,73800.0
HP ELITEBOOK - INTEL CORE I7 12th Gen / 16GB RAM / 512GB SSD USED LAPTOP,HP,ELITEBOOK,I7,12,Used,16.0,512.0,SSD,184700.0
ASUS TUF - AMD RYZEN 3 5th Gen / 32GB RAM / 1024GB SSD USED LAPTOP,ASUS,TUF,RYZEN 3,5,Used,32.0,1024.0,SSD,153300.0
DELL VOSTRO - AMD RYZEN 7 8th Gen / 16GB RAM / 256GB SSD USED LAPTOP,DELL,VOSTRO,RYZEN 7,8,Used,16.0,256.0,SSD,151100.0
APPLE MACBOOK AIR - APPLE M2  / 16GB RAM / 256GB SSD USED LAPTOP,APPLE,MACBOOK AIR,M2,0,Used,16.0,256.0,SSD,217300.0
ACER NITRO - AMD RYZEN 5 7th Gen / 8GB RAM / 1024GB SSD NEW LAPTOP,ACER,NITRO,RYZEN 5,7,New,8.0,1024.0,SSD,168500.0
HP PROBOOK - AMD RYZEN 7 8th Gen / 16GB RAM / 1024GB HDD NEW LAPTOP,HP,PROBOOK,RYZEN 7,8,New,16.0,1024.0,HDD,236100.0
HP PAVILION - INTEL CORE I5 11th Gen / 32GB RAM / 1024GB SSD USED LAPTOP,HP,PAVILION,I5,11,Used,32.0,1024.0,SSD,225800.0
ASUS ROG - AMD RYZEN 7 8th Gen / 16GB RAM / 512GB SSD USED LAPTOP,ASUS,ROG,RYZEN 7,8,Used,16.0,512.0,SSD,159500.0
HP VICTUS - INTEL CORE I9 12th Gen / 32GB RAM / 1024GB SSD NEW LAPTOP,HP,VICTUS,I9,12,New,32.0,1024.0,SSD,418900.0
ASUS ZENBOOK - AMD RYZEN 5 7th Gen / 16GB RAM / 512GB SSD NEW LAPTOP,ASUS,ZENBOOK,RYZEN 5,7,New,16.0,512.0,SSD,183500.0
DELL INSPIRON - INTEL CORE I7 13th Gen / 8GB RAM / 256GB SSD USED LAPTOP,DELL,INSPIRON,I7,13,Used,8.0,256.0,SSD,160600.0
DELL INSPIRON - AMD RYZEN 5 7th Gen / 8GB RAM / 256GB SSD USED LAPTOP,DELL,INSPIRON,RYZEN 5,7,Used,8.0,256.0,SSD,93600.0
HP PROBOOK - AMD RYZEN 3 5th Gen / 8GB RAM / 1024GB SSD USED LAPTOP,HP,PROBOOK,RYZEN 3,5,Used,8.0,1024.0,SSD,89400.0
ASUS ZENBOOK - INTEL CORE I9 13th Gen / 32GB RAM / 512GB SSD USED LAPTOP,ASUS,ZENBOOK,I9,13,Used,32.0,512.0,SSD,311300.0
ASUS ROG - INTEL CORE I3 12th Gen / 8GB RAM / 256GB SSD USED LAPTOP,ASUS,ROG,I3,12,Used,8.0,256.0,SSD,134500.0
APPLE MACBOOK PRO - INTEL CORE I7 6th Gen / 32GB RAM / 256GB SSD USED LAPTOP,APPLE,MACBOOK PRO,I7,6,Used,32.0,256.0,SSD,196600.0
DELL VOSTRO - INTEL CORE I3 6th Gen / 32GB RAM / 256GB SSD USED LAPTOP,DELL,VOSTRO,I3,6,Used,32.0,256.0,SSD,117800.0
ACER ASPIRE - AMD RYZEN 7 8th Gen / 16GB RAM / 256GB SSD USED LAPTOP,ACER,ASPIRE,RYZEN 7,8,Used,16.0,256.0,SSD,130800.0
HP PAVILION - AMD RYZEN 7 8th Gen / 32GB RAM / 1024GB SSD USED LAPTOP,HP,PAVILION,RYZEN 7,8,Used,32.0,1024.0,SSD,224200.0
DELL PRECISION - INTEL CORE I5 11th Gen / 8GB RAM / 256GB SSD USED LAPTOP,DELL,PRECISION,I5,11,Used,8.0,256.0,SSD,140600.0
HP VICTUS - INTEL CORE I3 10th Gen / 8GB RAM / 256GB SSD USED LAPTOP,HP,VICTUS,I3,10,Used,8.0,256.0,SSD,103300.0
APPLE MACBOOK PRO - APPLE M1  / 8GB RAM / 512GB SSD USED LAPTOP,APPLE,MACBOOK PRO,M1,0,Used,8.0,512.0,SSD,171100.0
ASUS ROG - AMD RYZEN 3 5th Gen / 8GB RAM / 1024GB SSD USED LAPTOP,ASUS,ROG,RYZEN 3,5,Used,8.0,1024.0,SSD,90300.0
HP VICTUS - AMD RYZEN 5 7th Gen / 16GB RAM / 1024GB SSD USED LAPTOP,HP,VICTUS,RYZEN 5,7,Used,16.0,1024.0,SSD,144200.0
HP PAVILION - AMD RYZEN 3 5th Gen / 32GB RAM / 1024GB SSD USED LAPTOP,HP,PAVILION,RYZEN 3,5,Used,32.0,1024.0,SSD,143700.0
HP ELITEBOOK - INTEL CORE I3 8th Gen / 8GB RAM / 1024GB SSD USED LAPTOP,HP,ELITEBOOK,I3,8,Used,8.0,1024.0,SSD,121200.0
ASUS ROG - INTEL CORE I5 6th Gen / 16GB RAM / 256GB SSD USED LAPTOP,ASUS,ROG,I5,6,Used,16.0,256.0,SSD,99800.0
ASUS ZENBOOK - INTEL CORE I3 8th Gen / 8GB RAM / 1024GB SSD USED LAPTOP,ASUS,ZENBOOK,I3,8,Used,8.0,1024.0,SSD,133200.0
ACER SWIFT - INTEL CORE I9 10th Gen / 16GB RAM / 1024GB SSD USED LAPTOP,ACER,SWIFT,I9,10,Used,16.0,1024.0,SSD,240500.0
DELL VOSTRO - INTEL CORE I9 13th Gen / 32GB RAM / 256GB SSD USED LAPTOP,DELL,VOSTRO,I9,13,Used,32.0,256.0,SSD,296100.0
ACER ASPIRE - INTEL CORE I7 12th Gen / 16GB RAM / 512GB SSD USED LAPTOP,ACER,ASPIRE,I7,12,Used,16.0,512.0,SSD,173300.0
HP VICTUS - INTEL CORE I7 12th Gen / 16GB RAM / 512GB SSD USED LAPTOP,HP,VICTUS,I7,12,Used,16.0,512.0,SSD,182500.0
DELL LATITUDE - AMD RYZEN 7 8th Gen / 16GB RAM / 512GB SSD USED LAPTOP,DELL,LATITUDE,RYZEN 7,8,Used,16.0,512.0,SSD,157600.0
HP PAVILION - AMD RYZEN 5 7th Gen / 32GB RAM / 512GB SSD USED LAPTOP,HP,PAVILION,RYZEN 5,7,Used,32.0,512.0,SSD,152500.0
ASUS VIVOBOOK - INTEL CORE I5 6th Gen / 8GB RAM / 1024GB SSD USED LAPTOP,ASUS,VIVOBOOK,I5,6,Used,8.0,1024.0,SSD,115700.0
ASUS ROG - INTEL CORE I5 9th Gen / 32GB RAM / 512GB SSD NEW LAPTOP,ASUS,ROG,I5,9,New,32.0,512.0,SSD,265800.0
ASUS TUF - AMD RYZEN 7 8th Gen / 8GB RAM / 1024GB SSD USED LAPTOP,ASUS,TUF,RYZEN 7,8,Used,8.0,1024.0,SSD,154500.0
ACER ASPIRE - INTEL CORE I5 10th Gen / 16GB RAM / 512GB SSD USED LAPTOP,ACER,ASPIRE,I5,10,Used,16.0,512.0,SSD,155400.0
DELL VOSTRO - INTEL CORE I3 9th Gen / 32GB RAM / 512GB SSD USED LAPTOP,DELL,VOSTRO,I3,9,Used,32.0,512.0,SSD,175400.0
ASUS ZENBOOK - AMD RYZEN 5 7th Gen / 8GB RAM / 512GB SSD USED LAPTOP,ASUS,ZENBOOK,RYZEN 5,7,Used,8.0,512.0,SSD,103400.0
DELL INSPIRON - INTEL CORE I3 13th Gen / 32GB RAM / 512GB SSD NEW LAPTOP,DELL,INSPIRON,I3,13,New,32.0,512.0,SSD,300300.0
DELL LATITUDE - INTEL CORE I3 11th Gen / 8GB RAM / 512GB SSD USED LAPTOP,DELL,LATITUDE,I3,11,Used,8.0,512.0,SSD,133400.0
ASUS ZENBOOK - INTEL CORE I5 10th Gen / 8GB RAM / 256GB SSD USED LAPTOP,ASUS,ZENBOOK,I5,10,Used,8.0,256.0,SSD,114400.0
DELL XPS - INTEL CORE I7 11th Gen / 8GB RAM / 512GB SSD USED LAPTOP,DELL,XPS,I7,11,Used,8.0,512.0,SSD,155500.0
ASUS VIVOBOOK - INTEL CORE I7 7th Gen / 16GB RAM / 256GB SSD USED LAPTOP,ASUS,VIVOBOOK,I7,7,Used,16.0,256.0,SSD,133800.0
ASUS VIVOBOOK - AMD RYZEN 7 8th Gen / 32GB RAM / 1024GB SSD USED LAPTOP,ASUS,VIVOBOOK,RYZEN 7,8,Used,32.0,1024.0,SSD,209600.0
ASUS TUF - INTEL CORE I5 9th Gen / 8GB RAM / 512GB SSD USED LAPTOP,ASUS,TUF,I5,9,Used,8.0,512.0,SSD,121000.0
APPLE MACBOOK PRO - APPLE M2  / 16GB RAM / 1024GB HDD NEW LAPTOP,APPLE,MACBOOK PRO,M2,0,New,16.0,1024.0,HDD,318800.0
ASUS TUF - AMD RYZEN 7 8th Gen / 8GB RAM / 512GB SSD USED LAPTOP,ASUS,TUF,RYZEN 7,8,Used,8.0,512.0,SSD,142500.0
DELL LATITUDE - AMD RYZEN 7 8th Gen / 16GB RAM / 256GB SSD USED LAPTOP,DELL,LATITUDE,RYZEN 7,8,Used,16.0,256.0,SSD,147100.0
ACER NITRO - INTEL CORE I9 9th Gen / 32GB RAM / 256GB SSD NEW LAPTOP,ACER,NITRO,I9,9,New,32.0,256.0,SSD,366800.0
DELL PRECISION - AMD RYZEN 3 5th Gen / 8GB RAM / 1024GB SSD USED LAPTOP,DELL,PRECISION,RYZEN 3,5,Used,8.0,1024.0,SSD,98100.0
HP PROBOOK - AMD RYZEN 7 8th Gen / 8GB RAM / 512GB SSD USED LAPTOP,HP,PROBOOK,RYZEN 7,8,Used,8.0,512.0,SSD,130900.0
APPLE MACBOOK PRO - APPLE M2  / 8GB RAM / 1024GB HDD USED LAPTOP,APPLE,MACBOOK PRO,M2,0,Used,8.0,1024.0,HDD,230300.0
DELL PRECISION - INTEL CORE I9 7th Gen / 32GB RAM / 512GB SSD USED LAPTOP,DELL,PRECISION,I9,7,Used,32.0,512.0,SSD,237500.0
ASUS VIVOBOOK - AMD RYZEN 5 7th Gen / 32GB RAM / 512GB SSD USED LAPTOP,ASUS,VIVOBOOK,RYZEN 5,7,Used,32.0,512.0,SSD,148700.0
ASUS VIVOBOOK - INTEL CORE I5 7th Gen / 32GB RAM / 512GB SSD USED LAPTOP,ASUS,VIVOBOOK,I5,7,Used,32.0,512.0,SSD,157500.0
HP PAVILION - INTEL CORE I7 10th Gen / 32GB RAM / 256GB SSD USED LAPTOP,HP,PAVILION,I7,10,Used,32.0,256.0,SSD,204100.0
APPLE MACBOOK PRO - APPLE M3  / 8GB RAM / 1024GB SSD USED LAPTOP,APPLE,MACBOOK PRO,M3,0,Used,8.0,1024.0,SSD,301600.0
ACER SWIFT - INTEL CORE I7 13th Gen / 32GB RAM / 256GB SSD USED LAPTOP,ACER,SWIFT,I7,13,Used,32.0,256.0,SSD,224800.0
ASUS ROG - AMD RYZEN 7 8th Gen / 8GB RAM / 256GB SSD USED LAPTOP,ASUS,ROG,RYZEN 7,8,Used,8.0,256.0,SSD,120000.0
HP PAVILION - AMD RYZEN 5 7th Gen / 16GB RAM / 1024GB SSD NEW LAPTOP,HP,PAVILION,RYZEN 5,7,New,16.0,1024.0,SSD,206500.0
APPLE MACBOOK AIR - APPLE M2  / 8GB RAM / 512GB SSD NEW LAPTOP,APPLE,MACBOOK AIR,M2,0,New,8.0,512.0,SSD,272000.0
APPLE MACBOOK AIR - INTEL CORE I5 7th Gen / 32GB RAM / 512GB SSD USED LAPTOP,APPLE,MACBOOK AIR,I5,7,Used,32.0,512.0,SSD,182300.0
HP PAVILION - AMD RYZEN 5 7th Gen / 32GB RAM / 512GB SSD USED LAPTOP,HP,PAVILION,RYZEN 5,7,Used,32.0,512.0,SSD,154400.0
HP ELITEBOOK - INTEL CORE I3 10th Gen / 32GB RAM / 256GB SSD USED LAPTOP,HP,ELITEBOOK,I3,10,Used,32.0,256.0,SSD,148100.0
DELL LATITUDE - INTEL CORE I3 12th Gen / 8GB RAM / 512GB SSD NEW LAPTOP,DELL,LATITUDE,I3,12,New,8.0,512.0,SSD,207100.0
ACER NITRO - INTEL CORE I7 10th Gen / 32GB RAM / 256GB SSD USED LAPTOP,ACER,NITRO,I7,10,Used,32.0,256.0,SSD,202100.0
APPLE MACBOOK AIR - APPLE M1  / 16GB RAM / 1024GB HDD USED LAPTOP,APPLE,MACBOOK AIR,M1,0,Used,16.0,1024.0,HDD,209000.0
HP PAVILION - INTEL CORE I3 7th Gen / 8GB RAM / 256GB SSD USED LAPTOP,HP,PAVILION,I3,7,Used,8.0,256.0,SSD,73500.0
ACER SWIFT - INTEL CORE I7 12th Gen / 8GB RAM / 256GB SSD USED LAPTOP,ACER,SWIFT,I7,12,Used,8.0,256.0,SSD,152800.0
ASUS ZENBOOK - INTEL CORE I9 12th Gen / 32GB RAM / 256GB SSD NEW LAPTOP,ASUS,ZENBOOK,I9,12,New,32.0,256.0,SSD,361200.0
ASUS ROG - INTEL CORE I3 13th Gen / 16GB RAM / 1024GB SSD NEW LAPTOP,ASUS,ROG,I3,13,New,16.0,1024.0,SSD,267800.0
HP ENVY - INTEL CORE I3 13th Gen / 8GB RAM / 512GB SSD NEW LAPTOP,HP,ENVY,I3,13,New,8.0,512.0,SSD,183100.0
DELL VOSTRO - INTEL CORE I5 9th Gen / 32GB RAM / 512GB SSD USED LAPTOP,DELL,VOSTRO,I5,9,Used,32.0,512.0,SSD,191100.0
APPLE MACBOOK PRO - INTEL CORE I7 7th Gen / 16GB RAM / 512GB SSD USED LAPTOP,APPLE,MACBOOK PRO,I7,7,Used,16.0,512.0,SSD,177200.0
DELL VOSTRO - INTEL CORE I5 11th Gen / 16GB RAM / 512GB SSD USED LAPTOP,DELL,VOSTRO,I5,11,Used,16.0,512.0,SSD,155300.0
APPLE MACBOOK PRO - INTEL CORE I7 9th Gen / 8GB RAM / 256GB SSD USED LAPTOP,APPLE,MACBOOK PRO,I7,9,Used,8.0,256.0,SSD,144900.0
HP ELITEBOOK - INTEL CORE I9 12th Gen / 16GB RAM / 256GB SSD USED LAPTOP,HP,ELITEBOOK,I9,12,Used,16.0,256.0,SSD,221900.0
HP PAVILION - AMD RYZEN 5 7th Gen / 32GB RAM / 256GB SSD USED LAPTOP,HP,PAVILION,RYZEN 5,7,Used,32.0,256.0,SSD,140900.0
DELL PRECISION - INTEL CORE I7 9th Gen / 32GB RAM / 512GB SSD NEW LAPTOP,DELL,PRECISION,I7,9,New,32.0,512.0,SSD,288100.0
DELL XPS - AMD RYZEN 7 8th Gen / 8GB RAM / 256GB SSD USED LAPTOP,DELL,XPS,RYZEN 7,8,Used,8.0,256.0,SSD,139800.0
HP ELITEBOOK - INTEL CORE I3 13th Gen / 8GB RAM / 256GB SSD USED LAPTOP,HP,ELITEBOOK,I3,13,Used,8.0,256.0,SSD,126800.0
ASUS ZENBOOK - INTEL CORE I5 9th Gen / 32GB RAM / 1024GB SSD NEW LAPTOP,ASUS,ZENBOOK,I5,9,New,32.0,1024.0,SSD,269100.0
APPLE MACBOOK PRO - APPLE M1  / 8GB RAM / 256GB SSD NEW LAPTOP,APPLE,MACBOOK PRO,M1,0,New,8.0,256.0,SSD,207500.0
DELL INSPIRON - INTEL CORE I7 9th Gen / 16GB RAM / 512GB SSD NEW LAPTOP,DELL,INSPIRON,I7,9,New,16.0,512.0,SSD,234400.0
HP VICTUS - INTEL CORE I9 8th Gen / 16GB RAM / 256GB SSD NEW LAPTOP,HP,VICTUS,I9,8,New,16.0,256.0,SSD,276500.0
DELL INSPIRON - INTEL CORE I9 9th Gen / 16GB RAM / 1024GB SSD USED LAPTOP,DELL,INSPIRON,I9,9,Used,16.0,1024.0,SSD,264300.0
HP ENVY - INTEL CORE I3 7th Gen / 8GB RAM / 256GB SSD USED LAPTOP,HP,ENVY,I3,7,Used,8.0,256.0,SSD,71200.0
HP VICTUS - INTEL CORE I9 10th Gen / 32GB RAM / 1024GB HDD USED LAPTOP,HP,VICTUS,I9,10,Used,32.0,1024.0,HDD,293200.0
ACER ASPIRE - INTEL CORE I9 8th Gen / 16GB RAM / 512GB SSD USED LAPTOP,ACER,ASPIRE,I9,8,Used,16.0,512.0,SSD,223700.0
APPLE MACBOOK AIR - APPLE M3  / 32GB RAM / 1024GB SSD USED LAPTOP,APPLE,MACBOOK AIR,M3,0,Used,32.0,1024.0,SSD,353100.0
ASUS TUF - AMD RYZEN 3 5th Gen / 8GB RAM / 256GB SSD USED LAPTOP,ASUS,TUF,RYZEN 3,5,Used,8.0,256.0,SSD,60500.0
APPLE MACBOOK AIR - INTEL CORE I7 12th Gen / 16GB RAM / 1024GB SSD USED LAPTOP,APPLE,MACBOOK AIR,I7,12,Used,16.0,1024.0,SSD,248200.0
HP SPECTRE - AMD RYZEN 7 8th Gen / 8GB RAM / 512GB SSD USED LAPTOP,HP,SPECTRE,RYZEN 7,8,Used,8.0,512.0,SSD,129700.0
HP SPECTRE - AMD RYZEN 3 5th Gen / 16GB RAM / 512GB SSD USED LAPTOP,HP,SPECTRE,RYZEN 3,5,Used,16.0,512.0,SSD,89400.0
APPLE MACBOOK PRO - APPLE M3  / 8GB RAM / 256GB SSD USED LAPTOP,APPLE,MACBOOK PRO,M3,0,Used,8.0,256.0,SSD,255300.0
DELL LATITUDE - INTEL CORE I5 11th Gen / 8GB RAM / 512GB SSD USED LAPTOP,DELL,LATITUDE,I5,11,Used,8.0,512.0,SSD,139100.0
ASUS VIVOBOOK - INTEL CORE I5 10th Gen / 8GB RAM / 512GB SSD USED LAPTOP,ASUS,VIVOBOOK,I5,10,Used,8.0,512.0,SSD,136200.0
APPLE MACBOOK AIR - APPLE M1  / 8GB RAM / 256GB SSD NEW LAPTOP,APPLE,MACBOOK AIR,M1,0,New,8.0,256.0,SSD,212500.0
DELL INSPIRON - INTEL CORE I3 10th Gen / 8GB RAM / 256GB SSD NEW LAPTOP,DELL,INSPIRON,I3,10,New,8.0,256.0,SSD,143700.0
ASUS ZENBOOK - INTEL CORE I9 10th Gen / 32GB RAM / 256GB SSD USED LAPTOP,ASUS,ZENBOOK,I9,10,Used,32.0,256.0,SSD,274800.0
HP SPECTRE - AMD RYZEN 5 7th Gen / 8GB RAM / 256GB SSD USED LAPTOP,HP,SPECTRE,RYZEN 5,7,Used,8.0,256.0,SSD,85900.0
DELL VOSTRO - AMD RYZEN 3 5th Gen / 8GB RAM / 1024GB SSD USED LAPTOP,DELL,VOSTRO,RYZEN 3,5,Used,8.0,1024.0,SSD,93300.0
ACER ASPIRE - INTEL CORE I7 10th Gen / 8GB RAM / 512GB SSD USED LAPTOP,ACER,ASPIRE,I7,10,Used,8.0,512.0,SSD,162300.0
HP ELITEBOOK - INTEL CORE I5 12th Gen / 8GB RAM / 512GB SSD USED LAPTOP,HP,ELITEBOOK,I5,12,Used,8.0,512.0,SSD,143900.0
ACER ASPIRE - AMD RYZEN 3 5th Gen / 8GB RAM / 256GB SSD NEW LAPTOP,ACER,ASPIRE,RYZEN 3,5,New,8.0,256.0,SSD,77700.0
DELL LATITUDE - AMD RYZEN 3 5th Gen / 32GB RAM / 256GB SSD USED LAPTOP,DELL,LATITUDE,RYZEN 3,5,Used,32.0,256.0,SSD,114100.0
HP SPECTRE - AMD RYZEN 7 8th Gen / 8GB RAM / 1024GB SSD USED LAPTOP,HP,SPECTRE,RYZEN 7,8,Used,8.0,1024.0,SSD,156300.0
DELL INSPIRON - INTEL CORE I7 12th Gen / 32GB RAM / 1024GB SSD USED LAPTOP,DELL,INSPIRON,I7,12,Used,32.0,1024.0,SSD,244600.0
DELL INSPIRON - INTEL CORE I3 6th Gen / 8GB RAM / 256GB SSD USED LAPTOP,DELL,INSPIRON,I3,6,Used,8.0,256.0,SSD,75000.0
ACER SWIFT - INTEL CORE I7 8th Gen / 32GB RAM / 256GB SSD USED LAPTOP,ACER,SWIFT,I7,8,Used,32.0,256.0,SSD,162700.0
HP ELITEBOOK - INTEL CORE I5 12th Gen / 8GB RAM / 1024GB HDD NEW LAPTOP,HP,ELITEBOOK,I5,12,New,8.0,1024.0,HDD,233100.0
ACER NITRO - INTEL CORE I9 8th Gen / 16GB RAM / 512GB SSD NEW LAPTOP,ACER,NITRO,I9,8,New,16.0,512.0,SSD,313900.0
ACER NITRO - INTEL CORE I3 7th Gen / 32GB RAM / 256GB SSD USED LAPTOP,ACER,NITRO,I3,7,Used,32.0,256.0,SSD,121200.0
HP SPECTRE - AMD RYZEN 7 8th Gen / 32GB RAM / 256GB SSD USED LAPTOP,HP,SPECTRE,RYZEN 7,8,Used,32.0,256.0,SSD,166500.0
HP PAVILION - INTEL CORE I7 9th Gen / 8GB RAM / 1024GB HDD USED LAPTOP,HP,PAVILION,I7,9,Used,8.0,1024.0,HDD,162800.0
ACER NITRO - AMD RYZEN 3 5th Gen / 32GB RAM / 512GB SSD USED LAPTOP,ACER,NITRO,RYZEN 3,5,Used,32.0,512.0,SSD,124000.0
ASUS ZENBOOK - AMD RYZEN 7 8th Gen / 16GB RAM / 256GB SSD USED LAPTOP,ASUS,ZENBOOK,RYZEN 7,8,Used,16.0,256.0,SSD,153900.0
HP PAVILION - INTEL CORE I5 8th Gen / 16GB RAM / 512GB SSD USED LAPTOP,HP,PAVILION,I5,8,Used,16.0,512.0,SSD,122200.0
ASUS VIVOBOOK - AMD RYZEN 7 8th Gen / 8GB RAM / 1024GB SSD USED LAPTOP,ASUS,VIVOBOOK,RYZEN 7,8,Used,8.0,1024.0,SSD,160600.0
ASUS TUF - INTEL CORE I9 6th Gen / 8GB RAM / 256GB SSD USED LAPTOP,ASUS,TUF,I9,6,Used,8.0,256.0,SSD,162000.0
DELL XPS - INTEL CORE I5 12th Gen / 32GB RAM / 256GB SSD USED LAPTOP,DELL,XPS,I5,12,Used,32.0,256.0,SSD,206700.0
ACER SWIFT - INTEL CORE I5 8th Gen / 32GB RAM / 512GB SSD USED LAPTOP,ACER,SWIFT,I5,8,Used,32.0,512.0,SSD,150800.0
ASUS ZENBOOK - AMD RYZEN 3 5th Gen / 16GB RAM / 256GB SSD USED LAPTOP,ASUS,ZENBOOK,RYZEN 3,5,Used,16.0,256.0,SSD,73700.0
DELL INSPIRON - INTEL CORE I9 12th Gen / 32GB RAM / 256GB SSD USED LAPTOP,DELL,INSPIRON,I9,12,Used,32.0,256.0,SSD,283800.0
ACER SWIFT - AMD RYZEN 3 5th Gen / 16GB RAM / 512GB SSD USED LAPTOP,ACER,SWIFT,RYZEN 3,5,Used,16.0,512.0,SSD,84700.0
ACER NITRO - INTEL CORE I7 11th Gen / 16GB RAM / 1024GB SSD USED LAPTOP,ACER,NITRO,I7,11,Used,16.0,1024.0,SSD,199900.0
ACER SWIFT - AMD RYZEN 7 8th Gen / 32GB RAM / 1024GB SSD USED LAPTOP,ACER,SWIFT,RYZEN 7,8,Used,32.0,1024.0,SSD,223500.0
ACER SWIFT - INTEL CORE I5 7th Gen / 8GB RAM / 256GB SSD USED LAPTOP,ACER,SWIFT,I5,7,Used,8.0,256.0,SSD,91500.0
DELL PRECISION - AMD RYZEN 3 5th Gen / 8GB RAM / 256GB SSD USED LAPTOP,DELL,PRECISION,RYZEN 3,5,Used,8.0,256.0,SSD,67500.0
DELL VOSTRO - INTEL CORE I9 11th Gen / 8GB RAM / 1024GB SSD USED LAPTOP,DELL,VOSTRO,I9,11,Used,8.0,1024.0,SSD,253500.0
HP ELITEBOOK - INTEL CORE I3 12th Gen / 16GB RAM / 256GB SSD USED LAPTOP,HP,ELITEBOOK,I3,12,Used,16.0,256.0,SSD,138600.0
APPLE MACBOOK PRO - APPLE M1  / 16GB RAM / 1024GB SSD USED LAPTOP,APPLE,MACBOOK PRO,M1,0,Used,16.0,1024.0,SSD,216600.0
ASUS VIVOBOOK - AMD RYZEN 5 7th Gen / 16GB RAM / 256GB SSD USED LAPTOP,ASUS,VIVOBOOK,RYZEN 5,7,Used,16.0,256.0,SSD,117200.0
HP SPECTRE - INTEL CORE I5 11th Gen / 32GB RAM / 1024GB SSD USED LAPTOP,HP,SPECTRE,I5,11,Used,32.0,1024.0,SSD,229000.0
APPLE MACBOOK AIR - APPLE M3  / 16GB RAM / 256GB SSD USED LAPTOP,APPLE,MACBOOK AIR,M3,0,Used,16.0,256.0,SSD,255400.0
ASUS ZENBOOK - INTEL CORE I7 8th Gen / 8GB RAM / 1024GB SSD USED LAPTOP,ASUS,ZENBOOK,I7,8,Used,8.0,1024.0,SSD,173200.0
HP ELITEBOOK - INTEL CORE I7 7th Gen / 8GB RAM / 512GB SSD USED LAPTOP,HP,ELITEBOOK,I7,7,Used,8.0,512.0,SSD,118600.0
APPLE MACBOOK AIR - APPLE M1  / 8GB RAM / 256GB SSD USED LAPTOP,APPLE,MACBOOK AIR,M1,0,Used,8.0,256.0,SSD,151800.0
ASUS VIVOBOOK - INTEL CORE I9 13th Gen / 32GB RAM / 512GB SSD NEW LAPTOP,ASUS,VIVOBOOK,I9,13,New,32.0,512.0,SSD,444700.0
APPLE MACBOOK AIR - APPLE M3  / 16GB RAM / 1024GB HDD NEW LAPTOP,APPLE,MACBOOK AIR,M3,0,New,16.0,1024.0,HDD,420100.0
ACER NITRO - AMD RYZEN 5 7th Gen / 8GB RAM / 1024GB HDD USED LAPTOP,ACER,NITRO,RYZEN 5,7,Used,8.0,1024.0,HDD,116900.0
ASUS VIVOBOOK - AMD RYZEN 7 8th Gen / 8GB RAM / 1024GB SSD USED LAPTOP,ASUS,VIVOBOOK,RYZEN 7,8,Used,8.0,1024.0,SSD,173300.0
DELL INSPIRON - AMD RYZEN 5 7th Gen / 16GB RAM / 512GB SSD USED LAPTOP,DELL,INSPIRON,RYZEN 5,7,Used,16.0,512.0,SSD,124100.0
DELL LATITUDE - AMD RYZEN 3 5th Gen / 16GB RAM / 1024GB HDD USED LAPTOP,DELL,LATITUDE,RYZEN 3,5,Used,16.0,1024.0,HDD,102700.0
HP ELITEBOOK - AMD RYZEN 5 7th Gen / 16GB RAM / 1024GB HDD USED LAPTOP,HP,ELITEBOOK,RYZEN 5,7,Used,16.0,1024.0,HDD,133600.0
DELL INSPIRON - AMD RYZEN 3 5th Gen / 8GB RAM / 512GB SSD USED LAPTOP,DELL,INSPIRON,RYZEN 3,5,Used,8.0,512.0,SSD,78700.0
HP PAVILION - INTEL CORE I5 10th Gen / 16GB RAM / 1024GB HDD USED LAPTOP,HP,PAVILION,I5,10,Used,16.0,1024.0,HDD,149100.0
HP PROBOOK - AMD RYZEN 7 8th Gen / 16GB RAM / 1024GB SSD USED LAPTOP,HP,PROBOOK,RYZEN 7,8,Used,16.0,1024.0,SSD,179500.0
DELL PRECISION - AMD RYZEN 3 5th Gen / 32GB RAM / 256GB SSD USED LAPTOP,DELL,PRECISION,RYZEN 3,5,Used,32.0,256.0,SSD,111700.0
APPLE MACBOOK PRO - APPLE M3  / 16GB RAM / 256GB SSD USED LAPTOP,APPLE,MACBOOK PRO,M3,0,Used,16.0,256.0,SSD,268700.0
ACER NITRO - INTEL CORE I7 7th Gen / 8GB RAM / 1024GB SSD USED LAPTOP,ACER,NITRO,I7,7,Used,8.0,1024.0,SSD,147300.0
ASUS ROG - INTEL CORE I5 11th Gen / 16GB RAM / 512GB SSD USED LAPTOP,ASUS,ROG,I5,11,Used,16.0,512.0,SSD,153900.0
ACER NITRO - INTEL CORE I9 11th Gen / 8GB RAM / 256GB SSD USED LAPTOP,ACER,NITRO,I9,11,Used,8.0,256.0,SSD,216000.0
ASUS TUF - INTEL CORE I3 7th Gen / 16GB RAM / 512GB SSD NEW LAPTOP,ASUS,TUF,I3,7,New,16.0,512.0,SSD,155700.0
APPLE MACBOOK AIR - INTEL CORE I7 6th Gen / 32GB RAM / 512GB SSD USED LAPTOP,APPLE,MACBOOK AIR,I7,6,Used,32.0,512.0,SSD,189300.0
APPLE MACBOOK PRO - INTEL CORE I7 11th Gen / 32GB RAM / 512GB SSD USED LAPTOP,APPLE,MACBOOK PRO,I7,11,Used,32.0,512.0,SSD,223700.0
APPLE MACBOOK PRO - INTEL CORE I7 7th Gen / 16GB RAM / 256GB SSD USED LAPTOP,APPLE,MACBOOK PRO,I7,7,Used,16.0,256.0,SSD,153600.0
DELL PRECISION - INTEL CORE I9 9th Gen / 32GB RAM / 512GB SSD USED LAPTOP,DELL,PRECISION,I9,9,Used,32.0,512.0,SSD,244900.0
HP PROBOOK - INTEL CORE I5 10th Gen / 32GB RAM / 512GB SSD USED LAPTOP,HP,PROBOOK,I5,10,Used,32.0,512.0,SSD,194800.0
ASUS VIVOBOOK - AMD RYZEN 3 5th Gen / 32GB RAM / 256GB SSD USED LAPTOP,ASUS,VIVOBOOK,RYZEN 3,5,Used,32.0,256.0,SSD,115200.0
DELL PRECISION - INTEL CORE I7 13th Gen / 8GB RAM / 256GB SSD USED LAPTOP,DELL,PRECISION,I7,13,Used,8.0,256.0,SSD,161000.0
ACER ASPIRE - AMD RYZEN 5 7th Gen / 16GB RAM / 512GB SSD USED LAPTOP,ACER,ASPIRE,RYZEN 5,7,Used,16.0,512.0,SSD,121700.0
DELL XPS - AMD RYZEN 7 8th Gen / 16GB RAM / 512GB SSD USED LAPTOP,DELL,XPS,RYZEN 7,8,Used,16.0,512.0,SSD,160900.0
APPLE MACBOOK AIR - APPLE M3  / 8GB RAM / 512GB SSD USED LAPTOP,APPLE,MACBOOK AIR,M3,0,Used,8.0,512.0,SSD,272500.0
ACER SWIFT - AMD RYZEN 3 5th Gen / 8GB RAM / 1024GB SSD USED LAPTOP,ACER,SWIFT,RYZEN 3,5,Used,8.0,1024.0,SSD,91100.0
APPLE MACBOOK PRO - INTEL CORE I5 9th Gen / 32GB RAM / 256GB SSD USED LAPTOP,APPLE,MACBOOK PRO,I5,9,Used,32.0,256.0,SSD,176800.0
DELL PRECISION - INTEL CORE I7 6th Gen / 8GB RAM / 256GB SSD NEW LAPTOP,DELL,PRECISION,I7,6,New,8.0,256.0,SSD,166900.0
APPLE MACBOOK PRO - APPLE M3  / 32GB RAM / 256GB SSD USED LAPTOP,APPLE,MACBOOK PRO,M3,0,Used,32.0,256.0,SSD,287600.0
ACER SWIFT - INTEL CORE I7 10th Gen / 16GB RAM / 1024GB SSD USED LAPTOP,ACER,SWIFT,I7,10,Used,16.0,1024.0,SSD,179000.0
DELL INSPIRON - INTEL CORE I7 6th Gen / 32GB RAM / 512GB SSD USED LAPTOP,DELL,INSPIRON,I7,6,Used,32.0,512.0,SSD,186400.0
APPLE MACBOOK PRO - APPLE M2  / 16GB RAM / 256GB SSD USED LAPTOP,APPLE,MACBOOK PRO,M2,0,Used,16.0,256.0,SSD,217200.0
DELL VOSTRO - INTEL CORE I7 7th Gen / 8GB RAM / 1024GB SSD USED LAPTOP,DELL,VOSTRO,I7,7,Used,8.0,1024.0,SSD,152500.0
APPLE MACBOOK PRO - APPLE M2  / 32GB RAM / 256GB SSD USED LAPTOP,APPLE,MACBOOK PRO,M2,0,Used,32.0,256.0,SSD,252400.0
HP SPECTRE - AMD RYZEN 5 7th Gen / 32GB RAM / 512GB SSD NEW LAPTOP,HP,SPECTRE,RYZEN 5,7,New,32.0,512.0,SSD,209200.0
ASUS ZENBOOK - INTEL CORE I9 8th Gen / 8GB RAM / 1024GB SSD USED LAPTOP,ASUS,ZENBOOK,I9,8,Used,8.0,1024.0,SSD,240900.0
ASUS TUF - INTEL CORE I3 12th Gen / 16GB RAM / 512GB SSD USED LAPTOP,ASUS,TUF,I3,12,Used,16.0,512.0,SSD,161800.0
HP ELITEBOOK - INTEL CORE I9 10th Gen / 32GB RAM / 256GB SSD NEW LAPTOP,HP,ELITEBOOK,I9,10,New,32.0,256.0,SSD,373200.0
ASUS ZENBOOK - AMD RYZEN 7 8th Gen / 8GB RAM / 512GB SSD USED LAPTOP,ASUS,ZENBOOK,RYZEN 7,8,Used,8.0,512.0,SSD,144400.0
ASUS ROG - AMD RYZEN 7 8th Gen / 32GB RAM / 1024GB SSD USED LAPTOP,ASUS,ROG,RYZEN 7,8,Used,32.0,1024.0,SSD,204900.0
ACER ASPIRE - INTEL CORE I3 7th Gen / 8GB RAM / 1024GB SSD USED LAPTOP,ACER,ASPIRE,I3,7,Used,8.0,1024.0,SSD,108700.0
ASUS VIVOBOOK - INTEL CORE I9 6th Gen / 32GB RAM / 256GB SSD USED LAPTOP,ASUS,VIVOBOOK,I9,6,Used,32.0,256.0,SSD,219300.0
ACER SWIFT - AMD RYZEN 7 8th Gen / 32GB RAM / 1024GB HDD USED LAPTOP,ACER,SWIFT,RYZEN 7,8,Used,32.0,1024.0,HDD,209800.0
ASUS ZENBOOK - INTEL CORE I3 10th Gen / 8GB RAM / 512GB SSD USED LAPTOP,ASUS,ZENBOOK,I3,10,Used,8.0,512.0,SSD,113500.0
HP PAVILION - AMD RYZEN 7 8th Gen / 16GB RAM / 256GB SSD NEW LAPTOP,HP,PAVILION,RYZEN 7,8,New,16.0,256.0,SSD,195800.0
ACER SWIFT - INTEL CORE I9 8th Gen / 32GB RAM / 1024GB SSD USED LAPTOP,ACER,SWIFT,I9,8,Used,32.0,1024.0,SSD,263300.0
ACER ASPIRE - INTEL CORE I5 8th Gen / 8GB RAM / 256GB SSD NEW LAPTOP,ACER,ASPIRE,I5,8,New,8.0,256.0,SSD,142600.0
ASUS TUF - INTEL CORE I7 9th Gen / 32GB RAM / 1024GB SSD USED LAPTOP,ASUS,TUF,I7,9,Used,32.0,1024.0,SSD,221400.0
HP SPECTRE - AMD RYZEN 3 5th Gen / 8GB RAM / 256GB SSD USED LAPTOP,HP,SPECTRE,RYZEN 3,5,Used,8.0,256.0,SSD,56800.0
ACER NITRO - INTEL CORE I3 13th Gen / 32GB RAM / 512GB SSD USED LAPTOP,ACER,NITRO,I3,13,Used,32.0,512.0,SSD,205500.0
DELL VOSTRO - INTEL CORE I9 11th Gen / 8GB RAM / 256GB SSD NEW LAPTOP,DELL,VOSTRO,I9,11,New,8.0,256.0,SSD,307900.0
ASUS TUF - AMD RYZEN 3 5th Gen / 8GB RAM / 1024GB SSD USED LAPTOP,ASUS,TUF,RYZEN 3,5,Used,8.0,1024.0,SSD,97700.0
APPLE MACBOOK AIR - APPLE M1  / 8GB RAM / 256GB SSD USED LAPTOP,APPLE,MACBOOK AIR,M1,0,Used,8.0,256.0,SSD,163200.0
ASUS TUF - AMD RYZEN 7 8th Gen / 8GB RAM / 1024GB HDD USED LAPTOP,ASUS,TUF,RYZEN 7,8,Used,8.0,1024.0,HDD,141600.0
ASUS ROG - INTEL CORE I3 13th Gen / 16GB RAM / 256GB SSD USED LAPTOP,ASUS,ROG,I3,13,Used,16.0,256.0,SSD,148100.0
ACER ASPIRE - INTEL CORE I5 9th Gen / 8GB RAM / 1024GB HDD NEW LAPTOP,ACER,ASPIRE,I5,9,New,8.0,1024.0,HDD,168500.0
ACER ASPIRE - INTEL CORE I9 8th Gen / 32GB RAM / 1024GB HDD USED LAPTOP,ACER,ASPIRE,I9,8,Used,32.0,1024.0,HDD,244200.0
HP SPECTRE - AMD RYZEN 5 7th Gen / 16GB RAM / 512GB SSD USED LAPTOP,HP,SPECTRE,RYZEN 5,7,Used,16.0,512.0,SSD,121300.0
DELL VOSTRO - AMD RYZEN 5 7th Gen / 8GB RAM / 512GB SSD USED LAPTOP,DELL,VOSTRO,RYZEN 5,7,Used,8.0,512.0,SSD,99800.0
DELL INSPIRON - INTEL CORE I5 13th Gen / 8GB RAM / 512GB SSD USED LAPTOP,DELL,INSPIRON,I5,13,Used,8.0,512.0,SSD,152400.0
ASUS ZENBOOK - AMD RYZEN 5 7th Gen / 16GB RAM / 1024GB SSD USED LAPTOP,ASUS,ZENBOOK,RYZEN 5,7,Used,16.0,1024.0,SSD,141200.0
APPLE MACBOOK PRO - APPLE M3  / 32GB RAM / 256GB SSD NEW LAPTOP,APPLE,MACBOOK PRO,M3,0,New,32.0,256.0,SSD,448300.0
DELL PRECISION - AMD RYZEN 7 8th Gen / 8GB RAM / 256GB SSD USED LAPTOP,DELL,PRECISION,RYZEN 7,8,Used,8.0,256.0,SSD,132100.0
ACER SWIFT - AMD RYZEN 3 5th Gen / 32GB RAM / 1024GB HDD USED LAPTOP,ACER,SWIFT,RYZEN 3,5,Used,32.0,1024.0,HDD,129800.0
DELL VOSTRO - INTEL CORE I3 8th Gen / 16GB RAM / 512GB SSD USED LAPTOP,DELL,VOSTRO,I3,8,Used,16.0,512.0,SSD,119200.0
ACER NITRO - INTEL CORE I3 13th Gen / 8GB RAM / 1024GB SSD USED LAPTOP,ACER,NITRO,I3,13,Used,8.0,1024.0,SSD,158100.0
APPLE MACBOOK PRO - APPLE M2  / 16GB RAM / 512GB SSD USED LAPTOP,APPLE,MACBOOK PRO,M2,0,Used,16.0,512.0,SSD,220800.0
DELL INSPIRON - AMD RYZEN 5 7th Gen / 32GB RAM / 256GB SSD USED LAPTOP,DELL,INSPIRON,RYZEN 5,7,Used,32.0,256.0,SSD,136600.0
DELL LATITUDE - AMD RYZEN 7 8th Gen / 8GB RAM / 256GB SSD USED LAPTOP,DELL,LATITUDE,RYZEN 7,8,Used,8.0,256.0,SSD,122200.0
HP ENVY - INTEL CORE I5 13th Gen / 32GB RAM / 512GB SSD USED LAPTOP,HP,ENVY,I5,13,Used,32.0,512.0,SSD,220900.0
ASUS TUF - INTEL CORE I7 8th Gen / 16GB RAM / 256GB SSD USED LAPTOP,ASUS,TUF,I7,8,Used,16.0,256.0,SSD,154000.0
ASUS ROG - INTEL CORE I3 11th Gen / 16GB RAM / 512GB SSD USED LAPTOP,ASUS,ROG,I3,11,Used,16.0,512.0,SSD,146400.0
APPLE MACBOOK PRO - INTEL CORE I7 13th Gen / 32GB RAM / 512GB SSD USED LAPTOP,APPLE,MACBOOK PRO,I7,13,Used,32.0,512.0,SSD,237000.0
ACER ASPIRE - AMD RYZEN 5 7th Gen / 8GB RAM / 256GB SSD USED LAPTOP,ACER,ASPIRE,RYZEN 5,7,Used,8.0,256.0,SSD,95300.0
ASUS ROG - AMD RYZEN 3 5th Gen / 32GB RAM / 1024GB HDD USED LAPTOP,ASUS,ROG,RYZEN 3,5,Used,32.0,1024.0,HDD,133900.0
ACER ASPIRE - INTEL CORE I5 9th Gen / 8GB RAM / 256GB SSD USED LAPTOP,ACER,ASPIRE,I5,9,Used,8.0,256.0,SSD,99700.0
HP ELITEBOOK - AMD RYZEN 3 5th Gen / 8GB RAM / 512GB SSD USED LAPTOP,HP,ELITEBOOK,RYZEN 3,5,Used,8.0,512.0,SSD,74300.0
DELL PRECISION - INTEL CORE I9 7th Gen / 16GB RAM / 1024GB HDD USED LAPTOP,DELL,PRECISION,I9,7,Used,16.0,1024.0,HDD,223100.0
ASUS ZENBOOK - INTEL CORE I5 13th Gen / 16GB RAM / 512GB SSD USED LAPTOP,ASUS,ZENBOOK,I5,13,Used,16.0,512.0,SSD,187400.0
ASUS TUF - AMD RYZEN 7 8th Gen / 16GB RAM / 256GB SSD USED LAPTOP,ASUS,TUF,RYZEN 7,8,Used,16.0,256.0,SSD,146200.0
APPLE MACBOOK PRO - INTEL CORE I7 8th Gen / 16GB RAM / 512GB SSD USED LAPTOP,APPLE,MACBOOK PRO,I7,8,Used,16.0,512.0,SSD,163300.0
DELL PRECISION - INTEL CORE I9 8th Gen / 8GB RAM / 256GB SSD USED LAPTOP,DELL,PRECISION,I9,8,Used,8.0,256.0,SSD,177800.0
DELL XPS - INTEL CORE I5 7th Gen / 16GB RAM / 1024GB SSD NEW LAPTOP,DELL,XPS,I5,7,New,16.0,1024.0,SSD,195600.0
ACER NITRO - INTEL CORE I9 13th Gen / 8GB RAM / 1024GB SSD USED LAPTOP,ACER,NITRO,I9,13,Used,8.0,1024.0,SSD,262600.0
DELL LATITUDE - AMD RYZEN 5 7th Gen / 8GB RAM / 256GB SSD USED LAPTOP,DELL,LATITUDE,RYZEN 5,7,Used,8.0,256.0,SSD,98900.0
ACER SWIFT - AMD RYZEN 5 7th Gen / 32GB RAM / 1024GB SSD USED LAPTOP,ACER,SWIFT,RYZEN 5,7,Used,32.0,1024.0,SSD,190000.0
DELL XPS - INTEL CORE I3 11th Gen / 8GB RAM / 512GB SSD USED LAPTOP,DELL,XPS,I3,11,Used,8.0,512.0,SSD,127800.0
APPLE MACBOOK AIR - APPLE M3  / 32GB RAM / 1024GB SSD USED LAPTOP,APPLE,MACBOOK AIR,M3,0,Used,32.0,1024.0,SSD,311100.0
DELL LATITUDE - AMD RYZEN 7 8th Gen / 32GB RAM / 256GB SSD USED LAPTOP,DELL,LATITUDE,RYZEN 7,8,Used,32.0,256.0,SSD,192500.0
ASUS TUF - INTEL CORE I9 6th Gen / 16GB RAM / 512GB SSD USED LAPTOP,ASUS,TUF,I9,6,Used,16.0,512.0,SSD,214200.0
DELL VOSTRO - INTEL CORE I9 9th Gen / 16GB RAM / 256GB SSD USED LAPTOP,DELL,VOSTRO,I9,9,Used,16.0,256.0,SSD,203200.0
HP ENVY - AMD RYZEN 5 7th Gen / 8GB RAM / 1024GB SSD NEW LAPTOP,HP,ENVY,RYZEN 5,7,New,8.0,1024.0,SSD,189400.0
ACER NITRO - INTEL CORE I7 7th Gen / 32GB RAM / 256GB SSD USED LAPTOP,ACER,NITRO,I7,7,Used,32.0,256.0,SSD,159800.0
ASUS ZENBOOK - AMD RYZEN 7 8th Gen / 16GB RAM / 1024GB SSD USED LAPTOP,ASUS,ZENBOOK,RYZEN 7,8,Used,16.0,1024.0,SSD,171500.0
HP ENVY - AMD RYZEN 7 8th Gen / 8GB RAM / 256GB SSD NEW LAPTOP,HP,ENVY,RYZEN 7,8,New,8.0,256.0,SSD,170900.0
DELL XPS - INTEL CORE I5 6th Gen / 8GB RAM / 512GB SSD NEW LAPTOP,DELL,XPS,I5,6,New,8.0,512.0,SSD,146600.0
ACER ASPIRE - INTEL CORE I3 10th Gen / 32GB RAM / 512GB SSD NEW LAPTOP,ACER,ASPIRE,I3,10,New,32.0,512.0,SSD,227800.0
ASUS ZENBOOK - INTEL CORE I9 13th Gen / 32GB RAM / 1024GB SSD NEW LAPTOP,ASUS,ZENBOOK,I9,13,New,32.0,1024.0,SSD,486300.0
HP ENVY - INTEL CORE I7 11th Gen / 16GB RAM / 256GB SSD USED LAPTOP,HP,ENVY,I7,11,Used,16.0,256.0,SSD,174400.0
ASUS ZENBOOK - INTEL CORE I7 9th Gen / 16GB RAM / 256GB SSD USED LAPTOP,ASUS,ZENBOOK,I7,9,Used,16.0,256.0,SSD,145600.0
DELL XPS - AMD RYZEN 3 5th Gen / 16GB RAM / 256GB SSD USED LAPTOP,DELL,XPS,RYZEN 3,5,Used,16.0,256.0,SSD,81800.0
ACER ASPIRE - INTEL CORE I7 8th Gen / 32GB RAM / 1024GB SSD NEW LAPTOP,ACER,ASPIRE,I7,8,New,32.0,1024.0,SSD,291500.0
HP SPECTRE - AMD RYZEN 5 7th Gen / 32GB RAM / 1024GB SSD USED LAPTOP,HP,SPECTRE,RYZEN 5,7,Used,32.0,1024.0,SSD,190100.0
HP VICTUS - AMD RYZEN 5 7th Gen / 32GB RAM / 1024GB SSD USED LAPTOP,HP,VICTUS,RYZEN 5,7,Used,32.0,1024.0,SSD,181300.0
APPLE MACBOOK AIR - APPLE M2  / 32GB RAM / 256GB SSD USED LAPTOP,APPLE,MACBOOK AIR,M2,0,Used,32.0,256.0,SSD,242100.0
DELL XPS - INTEL CORE I5 9th Gen / 16GB RAM / 512GB SSD USED LAPTOP,DELL,XPS,I5,9,Used,16.0,512.0,SSD,151900.0
DELL VOSTRO - AMD RYZEN 7 8th Gen / 8GB RAM / 256GB SSD USED LAPTOP,DELL,VOSTRO,RYZEN 7,8,Used,8.0,256.0,SSD,126200.0
ACER SWIFT - AMD RYZEN 3 5th Gen / 32GB RAM / 1024GB HDD USED LAPTOP,ACER,SWIFT,RYZEN 3,5,Used,32.0,1024.0,HDD,129100.0
ASUS TUF - AMD RYZEN 3 5th Gen / 32GB RAM / 256GB SSD USED LAPTOP,ASUS,TUF,RYZEN 3,5,Used,32.0,256.0,SSD,107900.0
ASUS ZENBOOK - INTEL CORE I9 8th Gen / 16GB RAM / 256GB SSD USED LAPTOP,ASUS,ZENBOOK,I9,8,Used,16.0,256.0,SSD,191100.0
APPLE MACBOOK AIR - APPLE M3  / 32GB RAM / 256GB SSD USED LAPTOP,APPLE,MACBOOK AIR,M3,0,Used,32.0,256.0,SSD,324600.0
APPLE MACBOOK PRO - APPLE M3  / 16GB RAM / 256GB SSD USED LAPTOP,APPLE,MACBOOK PRO,M3,0,Used,16.0,256.0,SSD,283300.0
APPLE MACBOOK AIR - INTEL CORE I5 13th Gen / 16GB RAM / 256GB SSD USED LAPTOP,APPLE,MACBOOK AIR,I5,13,Used,16.0,256.0,SSD,189600.0
APPLE MACBOOK AIR - APPLE M1  / 16GB RAM / 256GB SSD USED LAPTOP,APPLE,MACBOOK AIR,M1,0,Used,16.0,256.0,SSD,177500.0
DELL XPS - INTEL CORE I5 9th Gen / 16GB RAM / 256GB SSD USED LAPTOP,DELL,XPS,I5,9,Used,16.0,256.0,SSD,140900.0
APPLE MACBOOK PRO - APPLE M2  / 8GB RAM / 1024GB SSD USED LAPTOP,APPLE,MACBOOK PRO,M2,0,Used,8.0,1024.0,SSD,246300.0
APPLE MACBOOK AIR - APPLE M3  / 32GB RAM / 1024GB SSD USED LAPTOP,APPLE,MACBOOK AIR,M3,0,Used,32.0,1024.0,SSD,347000.0
HP SPECTRE - INTEL CORE I7 10th Gen / 16GB RAM / 256GB SSD USED LAPTOP,HP,SPECTRE,I7,10,Used,16.0,256.0,SSD,158400.0
DELL XPS - INTEL CORE I9 11th Gen / 8GB RAM / 1024GB SSD NEW LAPTOP,DELL,XPS,I9,11,New,8.0,1024.0,SSD,343200.0
ACER SWIFT - INTEL CORE I9 6th Gen / 16GB RAM / 512GB SSD USED LAPTOP,ACER,SWIFT,I9,6,Used,16.0,512.0,SSD,187400.0
ACER SWIFT - AMD RYZEN 7 8th Gen / 32GB RAM / 1024GB SSD USED LAPTOP,ACER,SWIFT,RYZEN 7,8,Used,32.0,1024.0,SSD,209900.0
HP ENVY - AMD RYZEN 3 5th Gen / 32GB RAM / 1024GB SSD USED LAPTOP,HP,ENVY,RYZEN 3,5,Used,32.0,1024.0,SSD,140000.0
ASUS ROG - AMD RYZEN 3 5th Gen / 32GB RAM / 1024GB SSD USED LAPTOP,ASUS,ROG,RYZEN 3,5,Used,32.0,1024.0,SSD,158600.0
APPLE MACBOOK PRO - APPLE M2  / 32GB RAM / 256GB SSD USED LAPTOP,APPLE,MACBOOK PRO,M2,0,Used,32.0,256.0,SSD,248600.0
DELL VOSTRO - AMD RYZEN 7 8th Gen / 32GB RAM / 512GB SSD USED LAPTOP,DELL,VOSTRO,RYZEN 7,8,Used,32.0,512.0,SSD,194800.0
ASUS TUF - AMD RYZEN 3 5th Gen / 16GB RAM / 1024GB SSD USED LAPTOP,ASUS,TUF,RYZEN 3,5,Used,16.0,1024.0,SSD,119800.0
APPLE MACBOOK PRO - INTEL CORE I5 6th Gen / 32GB RAM / 1024GB SSD NEW LAPTOP,APPLE,MACBOOK PRO,I5,6,New,32.0,1024.0,SSD,284900.0
DELL XPS - INTEL CORE I3 9th Gen / 16GB RAM / 1024GB SSD USED LAPTOP,DELL,XPS,I3,9,Used,16.0,1024.0,SSD,157200.0
ASUS TUF - INTEL CORE I7 6th Gen / 8GB RAM / 256GB SSD USED LAPTOP,ASUS,TUF,I7,6,Used,8.0,256.0,SSD,103400.0
ACER NITRO - INTEL CORE I7 13th Gen / 8GB RAM / 256GB SSD USED LAPTOP,ACER,NITRO,I7,13,Used,8.0,256.0,SSD,178800.0
ACER ASPIRE - AMD RYZEN 3 5th Gen / 8GB RAM / 512GB SSD USED LAPTOP,ACER,ASPIRE,RYZEN 3,5,Used,8.0,512.0,SSD,72500.0
ASUS ZENBOOK - AMD RYZEN 7 8th Gen / 8GB RAM / 512GB SSD USED LAPTOP,ASUS,ZENBOOK,RYZEN 7,8,Used,8.0,512.0,SSD,131400.0
ACER SWIFT - INTEL CORE I9 11th Gen / 32GB RAM / 512GB SSD USED LAPTOP,ACER,SWIFT,I9,11,Used,32.0,512.0,SSD,270300.0
DELL PRECISION - AMD RYZEN 3 5th Gen / 8GB RAM / 1024GB HDD NEW LAPTOP,DELL,PRECISION,RYZEN 3,5,New,8.0,1024.0,HDD,110100.0
HP PROBOOK - AMD RYZEN 7 8th Gen / 8GB RAM / 512GB SSD USED LAPTOP,HP,PROBOOK,RYZEN 7,8,Used,8.0,512.0,SSD,143000.0
ACER SWIFT - AMD RYZEN 7 8th Gen / 8GB RAM / 512GB SSD USED LAPTOP,ACER,SWIFT,RYZEN 7,8,Used,8.0,512.0,SSD,136400.0
HP SPECTRE - INTEL CORE I3 11th Gen / 8GB RAM / 1024GB SSD USED LAPTOP,HP,SPECTRE,I3,11,Used,8.0,1024.0,SSD,147600.0
HP VICTUS - INTEL CORE I3 6th Gen / 8GB RAM / 512GB SSD USED LAPTOP,HP,VICTUS,I3,6,Used,8.0,512.0,SSD,83200.0
ACER SWIFT - AMD RYZEN 3 5th Gen / 32GB RAM / 256GB SSD USED LAPTOP,ACER,SWIFT,RYZEN 3,5,Used,32.0,256.0,SSD,107700.0
DELL XPS - INTEL CORE I9 7th Gen / 8GB RAM / 256GB SSD USED LAPTOP,DELL,XPS,I9,7,Used,8.0,256.0,SSD,180000.0
ASUS ROG - AMD RYZEN 7 8th Gen / 8GB RAM / 256GB SSD USED LAPTOP,ASUS,ROG,RYZEN 7,8,Used,8.0,256.0,SSD,125600.0
ACER ASPIRE - AMD RYZEN 7 8th Gen / 8GB RAM / 256GB SSD USED LAPTOP,ACER,ASPIRE,RYZEN 7,8,Used,8.0,256.0,SSD,119100.0
ACER NITRO - AMD RYZEN 5 7th Gen / 16GB RAM / 512GB SSD USED LAPTOP,ACER,NITRO,RYZEN 5,7,Used,16.0,512.0,SSD,125600.0
ASUS VIVOBOOK - AMD RYZEN 5 7th Gen / 16GB RAM / 1024GB HDD NEW LAPTOP,ASUS,VIVOBOOK,RYZEN 5,7,New,16.0,1024.0,HDD,195400.0
ACER NITRO - INTEL CORE I7 12th Gen / 8GB RAM / 256GB SSD USED LAPTOP,ACER,NITRO,I7,12,Used,8.0,256.0,SSD,155000.0
HP ELITEBOOK - AMD RYZEN 5 7th Gen / 16GB RAM / 256GB SSD USED LAPTOP,HP,ELITEBOOK,RYZEN 5,7,Used,16.0,256.0,SSD,114300.0
HP PROBOOK - AMD RYZEN 7 8th Gen / 16GB RAM / 256GB SSD NEW LAPTOP,HP,PROBOOK,RYZEN 7,8,New,16.0,256.0,SSD,212700.0
DELL LATITUDE - INTEL CORE I9 13th Gen / 16GB RAM / 1024GB SSD NEW LAPTOP,DELL,LATITUDE,I9,13,New,16.0,1024.0,SSD,376100.0
ACER SWIFT - INTEL CORE I3 8th Gen / 32GB RAM / 1024GB SSD USED LAPTOP,ACER,SWIFT,I3,8,Used,32.0,1024.0,SSD,171300.0
DELL INSPIRON - AMD RYZEN 3 5th Gen / 16GB RAM / 1024GB HDD USED LAPTOP,DELL,INSPIRON,RYZEN 3,5,Used,16.0,1024.0,HDD,108300.0
APPLE MACBOOK AIR - APPLE M1  / 8GB RAM / 512GB SSD USED LAPTOP,APPLE,MACBOOK AIR,M1,0,Used,8.0,512.0,SSD,158300.0
DELL VOSTRO - INTEL CORE I3 7th Gen / 32GB RAM / 512GB SSD USED LAPTOP,DELL,VOSTRO,I3,7,Used,32.0,512.0,SSD,145600.0
ACER NITRO - INTEL CORE I5 7th Gen / 8GB RAM / 1024GB SSD USED LAPTOP,ACER,NITRO,I5,7,Used,8.0,1024.0,SSD,123400.0
APPLE MACBOOK PRO - APPLE M1  / 32GB RAM / 1024GB SSD USED LAPTOP,APPLE,MACBOOK PRO,M1,0,Used,32.0,1024.0,SSD,237900.0
ASUS ROG - INTEL CORE I9 7th Gen / 32GB RAM / 1024GB SSD NEW LAPTOP,ASUS,ROG,I9,7,New,32.0,1024.0,SSD,360800.0
ACER NITRO - INTEL CORE I7 7th Gen / 32GB RAM / 1024GB SSD USED LAPTOP,ACER,NITRO,I7,7,Used,32.0,1024.0,SSD,195000.0
ASUS TUF - AMD RYZEN 3 5th Gen / 32GB RAM / 1024GB SSD USED LAPTOP,ASUS,TUF,RYZEN 3,5,Used,32.0,1024.0,SSD,143700.0
HP PROBOOK - AMD RYZEN 3 5th Gen / 16GB RAM / 1024GB SSD USED LAPTOP,HP,PROBOOK,RYZEN 3,5,Used,16.0,1024.0,SSD,113000.0
ASUS VIVOBOOK - AMD RYZEN 3 5th Gen / 32GB RAM / 512GB SSD USED LAPTOP,ASUS,VIVOBOOK,RYZEN 3,5,Used,32.0,512.0,SSD,119300.0
ACER NITRO - INTEL CORE I9 10th Gen / 32GB RAM / 256GB SSD USED LAPTOP,ACER,NITRO,I9,10,Used,32.0,256.0,SSD,253800.0
APPLE MACBOOK PRO - INTEL CORE I5 11th Gen / 32GB RAM / 512GB SSD NEW LAPTOP,APPLE,MACBOOK PRO,I5,11,New,32.0,512.0,SSD,292500.0
ACER ASPIRE - INTEL CORE I5 13th Gen / 32GB RAM / 512GB SSD USED LAPTOP,ACER,ASPIRE,I5,13,Used,32.0,512.0,SSD,222000.0
ASUS TUF - INTEL CORE I9 11th Gen / 32GB RAM / 512GB SSD USED LAPTOP,ASUS,TUF,I9,11,Used,32.0,512.0,SSD,260900.0
APPLE MACBOOK PRO - APPLE M2  / 16GB RAM / 512GB SSD USED LAPTOP,APPLE,MACBOOK PRO,M2,0,Used,16.0,512.0,SSD,242100.0
HP SPECTRE - INTEL CORE I5 13th Gen / 8GB RAM / 512GB SSD NEW LAPTOP,HP,SPECTRE,I5,13,New,8.0,512.0,SSD,229400.0
DELL LATITUDE - AMD RYZEN 5 7th Gen / 16GB RAM / 256GB SSD USED LAPTOP,DELL,LATITUDE,RYZEN 5,7,Used,16.0,256.0,SSD,108300.0
ACER NITRO - AMD RYZEN 3 5th Gen / 8GB RAM / 1024GB HDD USED LAPTOP,ACER,NITRO,RYZEN 3,5,Used,8.0,1024.0,HDD,75500.0
APPLE MACBOOK AIR - APPLE M3  / 8GB RAM / 1024GB SSD USED LAPTOP,APPLE,MACBOOK AIR,M3,0,Used,8.0,1024.0,SSD,291600.0
APPLE MACBOOK PRO - INTEL CORE I5 11th Gen / 32GB RAM / 1024GB SSD USED LAPTOP,APPLE,MACBOOK PRO,I5,11,Used,32.0,1024.0,SSD,252800.0
DELL INSPIRON - AMD RYZEN 5 7th Gen / 8GB RAM / 1024GB SSD USED LAPTOP,DELL,INSPIRON,RYZEN 5,7,Used,8.0,1024.0,SSD,129000.0
ASUS ZENBOOK - INTEL CORE I3 6th Gen / 32GB RAM / 1024GB SSD USED LAPTOP,ASUS,ZENBOOK,I3,6,Used,32.0,1024.0,SSD,152500.0
ACER ASPIRE - INTEL CORE I3 6th Gen / 16GB RAM / 256GB SSD USED LAPTOP,ACER,ASPIRE,I3,6,Used,16.0,256.0,SSD,77700.0
HP ELITEBOOK - INTEL CORE I9 12th Gen / 8GB RAM / 512GB SSD NEW LAPTOP,HP,ELITEBOOK,I9,12,New,8.0,512.0,SSD,340000.0
APPLE MACBOOK AIR - APPLE M3  / 16GB RAM / 512GB SSD USED LAPTOP,APPLE,MACBOOK AIR,M3,0,Used,16.0,512.0,SSD,286900.0
HP ENVY - AMD RYZEN 3 5th Gen / 32GB RAM / 512GB SSD USED LAPTOP,HP,ENVY,RYZEN 3,5,Used,32.0,512.0,SSD,129400.0
ACER NITRO - INTEL CORE I5 8th Gen / 8GB RAM / 256GB SSD USED LAPTOP,ACER,NITRO,I5,8,Used,8.0,256.0,SSD,91900.0
ACER ASPIRE - INTEL CORE I9 11th Gen / 32GB RAM / 256GB SSD USED LAPTOP,ACER,ASPIRE,I9,11,Used,32.0,256.0,SSD,265300.0
DELL VOSTRO - INTEL CORE I7 12th Gen / 16GB RAM / 1024GB SSD USED LAPTOP,DELL,VOSTRO,I7,12,Used,16.0,1024.0,SSD,200500.0
HP VICTUS - INTEL CORE I7 8th Gen / 16GB RAM / 512GB SSD NEW LAPTOP,HP,VICTUS,I7,8,New,16.0,512.0,SSD,206900.0
ACER NITRO - INTEL CORE I3 6th Gen / 8GB RAM / 1024GB SSD NEW LAPTOP,ACER,NITRO,I3,6,New,8.0,1024.0,SSD,140900.0
HP PROBOOK - INTEL CORE I3 6th Gen / 16GB RAM / 512GB SSD USED LAPTOP,HP,PROBOOK,I3,6,Used,16.0,512.0,SSD,102200.0
ASUS VIVOBOOK - AMD RYZEN 5 7th Gen / 8GB RAM / 256GB SSD NEW LAPTOP,ASUS,VIVOBOOK,RYZEN 5,7,New,8.0,256.0,SSD,137500.0
APPLE MACBOOK AIR - INTEL CORE I7 7th Gen / 32GB RAM / 256GB SSD USED LAPTOP,APPLE,MACBOOK AIR,I7,7,Used,32.0,256.0,SSD,184400.0
APPLE MACBOOK AIR - INTEL CORE I7 6th Gen / 8GB RAM / 512GB SSD USED LAPTOP,APPLE,MACBOOK AIR,I7,6,Used,8.0,512.0,SSD,129800.0
HP PROBOOK - AMD RYZEN 7 8th Gen / 8GB RAM / 256GB SSD NEW LAPTOP,HP,PROBOOK,RYZEN 7,8,New,8.0,256.0,SSD,170900.0
DELL INSPIRON - AMD RYZEN 3 5th Gen / 8GB RAM / 1024GB HDD NEW LAPTOP,DELL,INSPIRON,RYZEN 3,5,New,8.0,1024.0,HDD,122500.0
DELL LATITUDE - AMD RYZEN 3 5th Gen / 8GB RAM / 512GB SSD USED LAPTOP,DELL,LATITUDE,RYZEN 3,5,Used,8.0,512.0,SSD,71900.0
APPLE MACBOOK PRO - INTEL CORE I5 6th Gen / 16GB RAM / 512GB SSD USED LAPTOP,APPLE,MACBOOK PRO,I5,6,Used,16.0,512.0,SSD,130400.0
ACER NITRO - AMD RYZEN 7 8th Gen / 8GB RAM / 256GB SSD USED LAPTOP,ACER,NITRO,RYZEN 7,8,Used,8.0,256.0,SSD,117900.0
HP ELITEBOOK - INTEL CORE I5 6th Gen / 32GB RAM / 512GB SSD USED LAPTOP,HP,ELITEBOOK,I5,6,Used,32.0,512.0,SSD,142200.0
ASUS TUF - INTEL CORE I7 6th Gen / 32GB RAM / 256GB SSD NEW LAPTOP,ASUS,TUF,I7,6,New,32.0,256.0,SSD,215100.0
ACER NITRO - AMD RYZEN 3 5th Gen / 16GB RAM / 256GB SSD USED LAPTOP,ACER,NITRO,RYZEN 3,5,Used,16.0,256.0,SSD,68900.0
APPLE MACBOOK PRO - APPLE M1  / 8GB RAM / 1024GB SSD NEW LAPTOP,APPLE,MACBOOK PRO,M1,0,New,8.0,1024.0,SSD,262800.0
DELL INSPIRON - INTEL CORE I5 12th Gen / 16GB RAM / 1024GB SSD USED LAPTOP,DELL,INSPIRON,I5,12,Used,16.0,1024.0,SSD,185100.0
DELL INSPIRON - AMD RYZEN 5 7th Gen / 32GB RAM / 1024GB SSD USED LAPTOP,DELL,INSPIRON,RYZEN 5,7,Used,32.0,1024.0,SSD,179700.0
ACER NITRO - INTEL CORE I3 10th Gen / 32GB RAM / 512GB SSD USED LAPTOP,ACER,NITRO,I3,10,Used,32.0,512.0,SSD,173400.0
DELL INSPIRON - AMD RYZEN 7 8th Gen / 16GB RAM / 256GB SSD USED LAPTOP,DELL,INSPIRON,RYZEN 7,8,Used,16.0,256.0,SSD,146100.0
HP PAVILION - AMD RYZEN 7 8th Gen / 8GB RAM / 512GB SSD USED LAPTOP,HP,PAVILION,RYZEN 7,8,Used,8.0,512.0,SSD,135400.0
HP VICTUS - INTEL CORE I7 10th Gen / 16GB RAM / 1024GB HDD USED LAPTOP,HP,VICTUS,I7,10,Used,16.0,1024.0,HDD,188400.0
DELL XPS - INTEL CORE I9 7th Gen / 8GB RAM / 1024GB SSD NEW LAPTOP,DELL,XPS,I9,7,New,8.0,1024.0,SSD,293300.0
ACER ASPIRE - INTEL CORE I5 8th Gen / 16GB RAM / 512GB SSD USED LAPTOP,ACER,ASPIRE,I5,8,Used,16.0,512.0,SSD,121500.0
HP ELITEBOOK - AMD RYZEN 7 8th Gen / 16GB RAM / 512GB SSD USED LAPTOP,HP,ELITEBOOK,RYZEN 7,8,Used,16.0,512.0,SSD,149200.0
APPLE MACBOOK AIR - INTEL CORE I7 10th Gen / 32GB RAM / 256GB SSD USED LAPTOP,APPLE,MACBOOK AIR,I7,10,Used,32.0,256.0,SSD,216900.0
APPLE MACBOOK PRO - INTEL CORE I7 6th Gen / 16GB RAM / 256GB SSD NEW LAPTOP,APPLE,MACBOOK PRO,I7,6,New,16.0,256.0,SSD,200700.0
ASUS VIVOBOOK - INTEL CORE I9 13th Gen / 8GB RAM / 512GB SSD USED LAPTOP,ASUS,VIVOBOOK,I9,13,Used,8.0,512.0,SSD,231300.0
ACER SWIFT - INTEL CORE I3 6th Gen / 16GB RAM / 512GB SSD USED LAPTOP,ACER,SWIFT,I3,6,Used,16.0,512.0,SSD,99200.0
APPLE MACBOOK PRO - APPLE M2  / 32GB RAM / 1024GB HDD USED LAPTOP,APPLE,MACBOOK PRO,M2,0,Used,32.0,1024.0,HDD,281700.0
ACER SWIFT - INTEL CORE I7 10th Gen / 32GB RAM / 1024GB HDD USED LAPTOP,ACER,SWIFT,I7,10,Used,32.0,1024.0,HDD,199300.0
DELL INSPIRON - AMD RYZEN 7 8th Gen / 8GB RAM / 256GB SSD NEW LAPTOP,DELL,INSPIRON,RYZEN 7,8,New,8.0,256.0,SSD,168800.0
ACER NITRO - AMD RYZEN 5 7th Gen / 16GB RAM / 1024GB SSD USED LAPTOP,ACER,NITRO,RYZEN 5,7,Used,16.0,1024.0,SSD,148600.0
APPLE MACBOOK PRO - INTEL CORE I7 9th Gen / 16GB RAM / 512GB SSD USED LAPTOP,APPLE,MACBOOK PRO,I7,9,Used,16.0,512.0,SSD,182200.0
ASUS VIVOBOOK - INTEL CORE I7 7th Gen / 8GB RAM / 256GB SSD USED LAPTOP,ASUS,VIVOBOOK,I7,7,Used,8.0,256.0,SSD,115700.0
DELL LATITUDE - INTEL CORE I7 11th Gen / 8GB RAM / 256GB SSD NEW LAPTOP,DELL,LATITUDE,I7,11,New,8.0,256.0,SSD,205200.0
ACER NITRO - INTEL CORE I5 6th Gen / 8GB RAM / 256GB SSD USED LAPTOP,ACER,NITRO,I5,6,Used,8.0,256.0,SSD,75700.0
HP ELITEBOOK - INTEL CORE I3 11th Gen / 16GB RAM / 1024GB SSD NEW LAPTOP,HP,ELITEBOOK,I3,11,New,16.0,1024.0,SSD,230400.0
ACER ASPIRE - INTEL CORE I9 8th Gen / 8GB RAM / 1024GB SSD USED LAPTOP,ACER,ASPIRE,I9,8,Used,8.0,1024.0,SSD,200000.0
ASUS VIVOBOOK - AMD RYZEN 5 7th Gen / 32GB RAM / 1024GB SSD USED LAPTOP,ASUS,VIVOBOOK,RYZEN 5,7,Used,32.0,1024.0,SSD,193200.0
DELL PRECISION - INTEL CORE I5 8th Gen / 32GB RAM / 256GB SSD USED LAPTOP,DELL,PRECISION,I5,8,Used,32.0,256.0,SSD,159000.0
APPLE MACBOOK AIR - INTEL CORE I5 7th Gen / 8GB RAM / 1024GB HDD NEW LAPTOP,APPLE,MACBOOK AIR,I5,7,New,8.0,1024.0,HDD,177400.0
ACER ASPIRE - AMD RYZEN 5 7th Gen / 16GB RAM / 256GB SSD USED LAPTOP,ACER,ASPIRE,RYZEN 5,7,Used,16.0,256.0,SSD,114000.0
DELL VOSTRO - INTEL CORE I7 8th Gen / 8GB RAM / 1024GB SSD NEW LAPTOP,DELL,VOSTRO,I7,8,New,8.0,1024.0,SSD,247400.0
HP VICTUS - INTEL CORE I9 10th Gen / 32GB RAM / 1024GB HDD USED LAPTOP,HP,VICTUS,I9,10,Used,32.0,1024.0,HDD,294800.0
HP PROBOOK - INTEL CORE I9 12th Gen / 32GB RAM / 1024GB SSD USED LAPTOP,HP,PROBOOK,I9,12,Used,32.0,1024.0,SSD,302000.0
HP ELITEBOOK - INTEL CORE I9 12th Gen / 16GB RAM / 1024GB SSD USED LAPTOP,HP,ELITEBOOK,I9,12,Used,16.0,1024.0,SSD,288200.0
ASUS ROG - INTEL CORE I5 9th Gen / 16GB RAM / 256GB SSD NEW LAPTOP,ASUS,ROG,I5,9,New,16.0,256.0,SSD,179200.0
APPLE MACBOOK AIR - APPLE M3  / 32GB RAM / 512GB SSD USED LAPTOP,APPLE,MACBOOK AIR,M3,0,Used,32.0,512.0,SSD,297300.0
ACER ASPIRE - AMD RYZEN 7 8th Gen / 8GB RAM / 1024GB SSD USED LAPTOP,ACER,ASPIRE,RYZEN 7,8,Used,8.0,1024.0,SSD,157000.0
DELL VOSTRO - INTEL CORE I5 12th Gen / 8GB RAM / 512GB SSD USED LAPTOP,DELL,VOSTRO,I5,12,Used,8.0,512.0,SSD,151500.0
DELL LATITUDE - AMD RYZEN 3 5th Gen / 8GB RAM / 512GB SSD NEW LAPTOP,DELL,LATITUDE,RYZEN 3,5,New,8.0,512.0,SSD,107500.0
APPLE MACBOOK PRO - APPLE M3  / 32GB RAM / 512GB SSD USED LAPTOP,APPLE,MACBOOK PRO,M3,0,Used,32.0,512.0,SSD,291100.0
ACER SWIFT - INTEL CORE I5 7th Gen / 16GB RAM / 256GB SSD USED LAPTOP,ACER,SWIFT,I5,7,Used,16.0,256.0,SSD,111900.0
APPLE MACBOOK PRO - APPLE M2  / 16GB RAM / 512GB SSD USED LAPTOP,APPLE,MACBOOK PRO,M2,0,Used,16.0,512.0,SSD,232400.0
ACER NITRO - INTEL CORE I9 13th Gen / 8GB RAM / 512GB SSD USED LAPTOP,ACER,NITRO,I9,13,Used,8.0,512.0,SSD,253700.0
DELL LATITUDE - AMD RYZEN 5 7th Gen / 16GB RAM / 256GB SSD USED LAPTOP,DELL,LATITUDE,RYZEN 5,7,Used,16.0,256.0,SSD,108500.0
HP ELITEBOOK - INTEL CORE I3 6th Gen / 8GB RAM / 1024GB SSD USED LAPTOP,HP,ELITEBOOK,I3,6,Used,8.0,1024.0,SSD,105700.0
APPLE MACBOOK AIR - APPLE M3  / 32GB RAM / 512GB SSD USED LAPTOP,APPLE,MACBOOK AIR,M3,0,Used,32.0,512.0,SSD,314200.0
DELL LATITUDE - INTEL CORE I9 8th Gen / 16GB RAM / 256GB SSD USED LAPTOP,DELL,LATITUDE,I9,8,Used,16.0,256.0,SSD,198300.0
ASUS VIVOBOOK - AMD RYZEN 3 5th Gen / 8GB RAM / 256GB SSD NEW LAPTOP,ASUS,VIVOBOOK,RYZEN 3,5,New,8.0,256.0,SSD,87300.0
APPLE MACBOOK AIR - INTEL CORE I7 6th Gen / 8GB RAM / 256GB SSD USED LAPTOP,APPLE,MACBOOK AIR,I7,6,Used,8.0,256.0,SSD,139700.0
DELL PRECISION - AMD RYZEN 7 8th Gen / 16GB RAM / 512GB SSD USED LAPTOP,DELL,PRECISION,RYZEN 7,8,Used,16.0,512.0,SSD,156700.0
APPLE MACBOOK PRO - APPLE M1  / 8GB RAM / 256GB SSD USED LAPTOP,APPLE,MACBOOK PRO,M1,0,Used,8.0,256.0,SSD,166700.0
ACER NITRO - AMD RYZEN 5 7th Gen / 32GB RAM / 1024GB SSD USED LAPTOP,ACER,NITRO,RYZEN 5,7,Used,32.0,1024.0,SSD,181400.0
ASUS VIVOBOOK - AMD RYZEN 7 8th Gen / 32GB RAM / 512GB SSD USED LAPTOP,ASUS,VIVOBOOK,RYZEN 7,8,Used,32.0,512.0,SSD,202500.0
DELL LATITUDE - INTEL CORE I5 10th Gen / 32GB RAM / 1024GB SSD USED LAPTOP,DELL,LATITUDE,I5,10,Used,32.0,1024.0,SSD,225100.0
HP VICTUS - AMD RYZEN 5 7th Gen / 8GB RAM / 1024GB SSD NEW LAPTOP,HP,VICTUS,RYZEN 5,7,New,8.0,1024.0,SSD,175000.0
ACER ASPIRE - INTEL CORE I9 7th Gen / 8GB RAM / 1024GB HDD USED LAPTOP,ACER,ASPIRE,I9,7,Used,8.0,1024.0,HDD,210800.0
APPLE MACBOOK AIR - APPLE M3  / 8GB RAM / 512GB SSD USED LAPTOP,APPLE,MACBOOK AIR,M3,0,Used,8.0,512.0,SSD,280200.0
HP ENVY - INTEL CORE I5 8th Gen / 32GB RAM / 1024GB SSD NEW LAPTOP,HP,ENVY,I5,8,New,32.0,1024.0,SSD,261500.0
ASUS ROG - INTEL CORE I9 7th Gen / 32GB RAM / 512GB SSD USED LAPTOP,ASUS,ROG,I9,7,Used,32.0,512.0,SSD,257700.0
HP VICTUS - INTEL CORE I7 12th Gen / 16GB RAM / 256GB SSD USED LAPTOP,HP,VICTUS,I7,12,Used,16.0,256.0,SSD,185700.0
HP ELITEBOOK - INTEL CORE I5 8th Gen / 32GB RAM / 256GB SSD USED LAPTOP,HP,ELITEBOOK,I5,8,Used,32.0,256.0,SSD,163000.0
HP ELITEBOOK - AMD RYZEN 7 8th Gen / 32GB RAM / 1024GB SSD USED LAPTOP,HP,ELITEBOOK,RYZEN 7,8,Used,32.0,1024.0,SSD,225600.0
DELL XPS - AMD RYZEN 7 8th Gen / 32GB RAM / 512GB SSD USED LAPTOP,DELL,XPS,RYZEN 7,8,Used,32.0,512.0,SSD,191400.0
APPLE MACBOOK AIR - APPLE M2  / 16GB RAM / 1024GB SSD USED LAPTOP,APPLE,MACBOOK AIR,M2,0,Used,16.0,1024.0,SSD,270800.0
DELL VOSTRO - AMD RYZEN 7 8th Gen / 32GB RAM / 512GB SSD USED LAPTOP,DELL,VOSTRO,RYZEN 7,8,Used,32.0,512.0,SSD,206200.0
ASUS TUF - AMD RYZEN 5 7th Gen / 32GB RAM / 512GB SSD USED LAPTOP,ASUS,TUF,RYZEN 5,7,Used,32.0,512.0,SSD,160300.0
DELL PRECISION - INTEL CORE I7 13th Gen / 8GB RAM / 1024GB SSD USED LAPTOP,DELL,PRECISION,I7,13,Used,8.0,1024.0,SSD,198000.0
ASUS VIVOBOOK - INTEL CORE I3 9th Gen / 8GB RAM / 512GB SSD USED LAPTOP,ASUS,VIVOBOOK,I3,9,Used,8.0,512.0,SSD,102900.0
ASUS VIVOBOOK - INTEL CORE I5 12th Gen / 8GB RAM / 512GB SSD USED LAPTOP,ASUS,VIVOBOOK,I5,12,Used,8.0,512.0,SSD,145900.0
DELL XPS - AMD RYZEN 5 7th Gen / 16GB RAM / 256GB SSD USED LAPTOP,DELL,XPS,RYZEN 5,7,Used,16.0,256.0,SSD,117700.0
ASUS VIVOBOOK - INTEL CORE I9 11th Gen / 8GB RAM / 512GB SSD USED LAPTOP,ASUS,VIVOBOOK,I9,11,Used,8.0,512.0,SSD,215900.0
ASUS TUF - INTEL CORE I9 7th Gen / 32GB RAM / 256GB SSD USED LAPTOP,ASUS,TUF,I9,7,Used,32.0,256.0,SSD,233800.0
ASUS VIVOBOOK - AMD RYZEN 5 7th Gen / 32GB RAM / 256GB SSD NEW LAPTOP,ASUS,VIVOBOOK,RYZEN 5,7,New,32.0,256.0,SSD,219500.0
ASUS VIVOBOOK - INTEL CORE I5 11th Gen / 32GB RAM / 1024GB SSD USED LAPTOP,ASUS,VIVOBOOK,I5,11,Used,32.0,1024.0,SSD,220900.0
ACER SWIFT - INTEL CORE I7 10th Gen / 32GB RAM / 512GB SSD USED LAPTOP,ACER,SWIFT,I7,10,Used,32.0,512.0,SSD,215300.0
ACER NITRO - AMD RYZEN 5 7th Gen / 8GB RAM / 1024GB SSD USED LAPTOP,ACER,NITRO,RYZEN 5,7,Used,8.0,1024.0,SSD,118200.0
ASUS ZENBOOK - AMD RYZEN 5 7th Gen / 32GB RAM / 1024GB SSD USED LAPTOP,ASUS,ZENBOOK,RYZEN 5,7,Used,32.0,1024.0,SSD,173800.0
APPLE MACBOOK PRO - INTEL CORE I7 13th Gen / 32GB RAM / 256GB SSD USED LAPTOP,APPLE,MACBOOK PRO,I7,13,Used,32.0,256.0,SSD,258600.0
DELL PRECISION - INTEL CORE I9 7th Gen / 16GB RAM / 1024GB SSD USED LAPTOP,DELL,PRECISION,I9,7,Used,16.0,1024.0,SSD,217500.0
HP PROBOOK - INTEL CORE I5 13th Gen / 8GB RAM / 1024GB SSD USED LAPTOP,HP,PROBOOK,I5,13,Used,8.0,1024.0,SSD,170500.0
ACER NITRO - AMD RYZEN 7 8th Gen / 16GB RAM / 512GB SSD USED LAPTOP,ACER,NITRO,RYZEN 7,8,Used,16.0,512.0,SSD,150900.0
ASUS ZENBOOK - INTEL CORE I5 12th Gen / 16GB RAM / 1024GB HDD USED LAPTOP,ASUS,ZENBOOK,I5,12,Used,16.0,1024.0,HDD,166300.0
ACER NITRO - INTEL CORE I3 8th Gen / 8GB RAM / 512GB SSD USED LAPTOP,ACER,NITRO,I3,8,Used,8.0,512.0,SSD,90700.0
DELL VOSTRO - AMD RYZEN 3 5th Gen / 8GB RAM / 512GB SSD USED LAPTOP,DELL,VOSTRO,RYZEN 3,5,Used,8.0,512.0,SSD,70800.0
APPLE MACBOOK PRO - INTEL CORE I7 12th Gen / 32GB RAM / 256GB SSD USED LAPTOP,APPLE,MACBOOK PRO,I7,12,Used,32.0,256.0,SSD,224200.0
DELL LATITUDE - AMD RYZEN 3 5th Gen / 16GB RAM / 1024GB SSD NEW LAPTOP,DELL,LATITUDE,RYZEN 3,5,New,16.0,1024.0,SSD,159100.0
ACER NITRO - AMD RYZEN 3 5th Gen / 16GB RAM / 512GB SSD USED LAPTOP,ACER,NITRO,RYZEN 3,5,Used,16.0,512.0,SSD,87200.0
ACER NITRO - AMD RYZEN 7 8th Gen / 8GB RAM / 1024GB HDD USED LAPTOP,ACER,NITRO,RYZEN 7,8,Used,8.0,1024.0,HDD,148500.0
APPLE MACBOOK PRO - APPLE M2  / 16GB RAM / 1024GB SSD USED LAPTOP,APPLE,MACBOOK PRO,M2,0,Used,16.0,1024.0,SSD,268400.0
DELL PRECISION - AMD RYZEN 3 5th Gen / 32GB RAM / 1024GB SSD USED LAPTOP,DELL,PRECISION,RYZEN 3,5,Used,32.0,1024.0,SSD,138500.0
ACER SWIFT - INTEL CORE I5 7th Gen / 32GB RAM / 512GB SSD USED LAPTOP,ACER,SWIFT,I5,7,Used,32.0,512.0,SSD,145700.0
ASUS ROG - INTEL CORE I9 6th Gen / 8GB RAM / 1024GB SSD USED LAPTOP,ASUS,ROG,I9,6,Used,8.0,1024.0,SSD,209000.0
ACER SWIFT - AMD RYZEN 5 7th Gen / 32GB RAM / 512GB SSD USED LAPTOP,ACER,SWIFT,RYZEN 5,7,Used,32.0,512.0,SSD,153800.0
DELL XPS - INTEL CORE I9 6th Gen / 32GB RAM / 512GB SSD USED LAPTOP,DELL,XPS,I9,6,Used,32.0,512.0,SSD,233100.0
APPLE MACBOOK PRO - INTEL CORE I7 6th Gen / 16GB RAM / 512GB SSD NEW LAPTOP,APPLE,MACBOOK PRO,I7,6,New,16.0,512.0,SSD,217800.0
HP ENVY - AMD RYZEN 5 7th Gen / 8GB RAM / 512GB SSD USED LAPTOP,HP,ENVY,RYZEN 5,7,Used,8.0,512.0,SSD,97200.0
ACER NITRO - INTEL CORE I3 13th Gen / 32GB RAM / 512GB SSD USED LAPTOP,ACER,NITRO,I3,13,Used,32.0,512.0,SSD,180100.0
APPLE MACBOOK AIR - INTEL CORE I7 6th Gen / 8GB RAM / 1024GB SSD USED LAPTOP,APPLE,MACBOOK AIR,I7,6,Used,8.0,1024.0,SSD,172900.0
ACER SWIFT - AMD RYZEN 7 8th Gen / 8GB RAM / 512GB SSD USED LAPTOP,ACER,SWIFT,RYZEN 7,8,Used,8.0,512.0,SSD,141300.0
ASUS ZENBOOK - AMD RYZEN 3 5th Gen / 8GB RAM / 512GB SSD NEW LAPTOP,ASUS,ZENBOOK,RYZEN 3,5,New,8.0,512.0,SSD,99600.0
HP PROBOOK - AMD RYZEN 5 7th Gen / 32GB RAM / 1024GB SSD NEW LAPTOP,HP,PROBOOK,RYZEN 5,7,New,32.0,1024.0,SSD,269100.0
ASUS VIVOBOOK - INTEL CORE I7 9th Gen / 8GB RAM / 512GB SSD USED LAPTOP,ASUS,VIVOBOOK,I7,9,Used,8.0,512.0,SSD,148300.0
DELL INSPIRON - INTEL CORE I7 9th Gen / 8GB RAM / 512GB SSD NEW LAPTOP,DELL,INSPIRON,I7,9,New,8.0,512.0,SSD,224400.0
HP PROBOOK - AMD RYZEN 5 7th Gen / 16GB RAM / 512GB SSD USED LAPTOP,HP,PROBOOK,RYZEN 5,7,Used,16.0,512.0,SSD,129000.0
DELL LATITUDE - INTEL CORE I5 12th Gen / 16GB RAM / 512GB SSD USED LAPTOP,DELL,LATITUDE,I5,12,Used,16.0,512.0,SSD,182300.0
ACER SWIFT - AMD RYZEN 3 5th Gen / 8GB RAM / 512GB SSD USED LAPTOP,ACER,SWIFT,RYZEN 3,5,Used,8.0,512.0,SSD,68200.0
ACER NITRO - INTEL CORE I9 7th Gen / 8GB RAM / 256GB SSD USED LAPTOP,ACER,NITRO,I9,7,Used,8.0,256.0,SSD,184800.0
HP ELITEBOOK - INTEL CORE I7 11th Gen / 16GB RAM / 1024GB HDD USED LAPTOP,HP,ELITEBOOK,I7,11,Used,16.0,1024.0,HDD,205600.0
HP ENVY - AMD RYZEN 7 8th Gen / 16GB RAM / 1024GB SSD USED LAPTOP,HP,ENVY,RYZEN 7,8,Used,16.0,1024.0,SSD,174900.0
ASUS ZENBOOK - AMD RYZEN 7 8th Gen / 32GB RAM / 256GB SSD USED LAPTOP,ASUS,ZENBOOK,RYZEN 7,8,Used,32.0,256.0,SSD,179200.0
APPLE MACBOOK AIR - APPLE M1  / 16GB RAM / 256GB SSD USED LAPTOP,APPLE,MACBOOK AIR,M1,0,Used,16.0,256.0,SSD,165000.0
APPLE MACBOOK PRO - INTEL CORE I7 7th Gen / 8GB RAM / 256GB SSD USED LAPTOP,APPLE,MACBOOK PRO,I7,7,Used,8.0,256.0,SSD,128600.0
HP PAVILION - INTEL CORE I7 12th Gen / 16GB RAM / 256GB SSD USED LAPTOP,HP,PAVILION,I7,12,Used,16.0,256.0,SSD,188000.0
ACER NITRO - AMD RYZEN 3 5th Gen / 8GB RAM / 512GB SSD USED LAPTOP,ACER,NITRO,RYZEN 3,5,Used,8.0,512.0,SSD,69800.0
DELL VOSTRO - INTEL CORE I3 8th Gen / 8GB RAM / 512GB SSD NEW LAPTOP,DELL,VOSTRO,I3,8,New,8.0,512.0,SSD,134800.0
DELL XPS - INTEL CORE I5 9th Gen / 8GB RAM / 512GB SSD USED LAPTOP,DELL,XPS,I5,9,Used,8.0,512.0,SSD,133200.0
DELL PRECISION - AMD RYZEN 5 7th Gen / 8GB RAM / 1024GB SSD USED LAPTOP,DELL,PRECISION,RYZEN 5,7,Used,8.0,1024.0,SSD,123400.0
APPLE MACBOOK AIR - APPLE M1  / 32GB RAM / 512GB SSD USED LAPTOP,APPLE,MACBOOK AIR,M1,0,Used,32.0,512.0,SSD,233700.0
ACER SWIFT - INTEL CORE I5 10th Gen / 32GB RAM / 512GB SSD USED LAPTOP,ACER,SWIFT,I5,10,Used,32.0,512.0,SSD,170600.0
APPLE MACBOOK PRO - APPLE M2  / 32GB RAM / 512GB SSD USED LAPTOP,APPLE,MACBOOK PRO,M2,0,Used,32.0,512.0,SSD,243700.0
ACER NITRO - AMD RYZEN 7 8th Gen / 32GB RAM / 256GB SSD USED LAPTOP,ACER,NITRO,RYZEN 7,8,Used,32.0,256.0,SSD,179500.0
HP ENVY - INTEL CORE I9 11th Gen / 8GB RAM / 256GB SSD USED LAPTOP,HP,ENVY,I9,11,Used,8.0,256.0,SSD,206900.0
DELL PRECISION - AMD RYZEN 3 5th Gen / 32GB RAM / 1024GB SSD USED LAPTOP,DELL,PRECISION,RYZEN 3,5,Used,32.0,1024.0,SSD,155900.0
HP SPECTRE - AMD RYZEN 7 8th Gen / 8GB RAM / 256GB SSD NEW LAPTOP,HP,SPECTRE,RYZEN 7,8,New,8.0,256.0,SSD,168100.0
HP ELITEBOOK - INTEL CORE I9 12th Gen / 8GB RAM / 512GB SSD USED LAPTOP,HP,ELITEBOOK,I9,12,Used,8.0,512.0,SSD,229100.0
ASUS TUF - INTEL CORE I5 7th Gen / 32GB RAM / 512GB SSD USED LAPTOP,ASUS,TUF,I5,7,Used,32.0,512.0,SSD,149900.0
HP PAVILION - INTEL CORE I3 6th Gen / 16GB RAM / 256GB SSD NEW LAPTOP,HP,PAVILION,I3,6,New,16.0,256.0,SSD,127500.0
ASUS TUF - AMD RYZEN 3 5th Gen / 16GB RAM / 512GB SSD USED LAPTOP,ASUS,TUF,RYZEN 3,5,Used,16.0,512.0,SSD,89600.0
ACER SWIFT - AMD RYZEN 7 8th Gen / 16GB RAM / 1024GB SSD USED LAPTOP,ACER,SWIFT,RYZEN 7,8,Used,16.0,1024.0,SSD,179200.0
ACER ASPIRE - INTEL CORE I5 6th Gen / 16GB RAM / 1024GB HDD USED LAPTOP,ACER,ASPIRE,I5,6,Used,16.0,1024.0,HDD,117600.0
HP VICTUS - AMD RYZEN 3 5th Gen / 16GB RAM / 1024GB HDD USED LAPTOP,HP,VICTUS,RYZEN 3,5,Used,16.0,1024.0,HDD,92600.0
DELL PRECISION - AMD RYZEN 5 7th Gen / 8GB RAM / 512GB SSD USED LAPTOP,DELL,PRECISION,RYZEN 5,7,Used,8.0,512.0,SSD,108400.0
ACER NITRO - INTEL CORE I9 7th Gen / 32GB RAM / 256GB SSD USED LAPTOP,ACER,NITRO,I9,7,Used,32.0,256.0,SSD,218300.0
APPLE MACBOOK PRO - INTEL CORE I5 11th Gen / 8GB RAM / 1024GB SSD USED LAPTOP,APPLE,MACBOOK PRO,I5,11,Used,8.0,1024.0,SSD,184900.0
HP VICTUS - INTEL CORE I3 9th Gen / 32GB RAM / 512GB SSD USED LAPTOP,HP,VICTUS,I3,9,Used,32.0,512.0,SSD,151900.0
DELL VOSTRO - INTEL CORE I7 11th Gen / 8GB RAM / 256GB SSD USED LAPTOP,DELL,VOSTRO,I7,11,Used,8.0,256.0,SSD,151100.0
APPLE MACBOOK PRO - INTEL CORE I7 7th Gen / 16GB RAM / 512GB SSD USED LAPTOP,APPLE,MACBOOK PRO,I7,7,Used,16.0,512.0,SSD,169300.0
HP ELITEBOOK - AMD RYZEN 7 8th Gen / 16GB RAM / 1024GB SSD USED LAPTOP,HP,ELITEBOOK,RYZEN 7,8,Used,16.0,1024.0,SSD,189700.0
APPLE MACBOOK PRO - APPLE M3  / 8GB RAM / 1024GB SSD NEW LAPTOP,APPLE,MACBOOK PRO,M3,0,New,8.0,1024.0,SSD,422000.0
DELL PRECISION - AMD RYZEN 7 8th Gen / 16GB RAM / 512GB SSD USED LAPTOP,DELL,PRECISION,RYZEN 7,8,Used,16.0,512.0,SSD,146900.0
HP PAVILION - INTEL CORE I7 6th Gen / 8GB RAM / 256GB SSD USED LAPTOP,HP,PAVILION,I7,6,Used,8.0,256.0,SSD,114300.0
HP ENVY - INTEL CORE I9 8th Gen / 16GB RAM / 1024GB HDD NEW LAPTOP,HP,ENVY,I9,8,New,16.0,1024.0,HDD,324300.0
ASUS TUF - AMD RYZEN 7 8th Gen / 8GB RAM / 512GB SSD USED LAPTOP,ASUS,TUF,RYZEN 7,8,Used,8.0,512.0,SSD,138700.0
DELL INSPIRON - AMD RYZEN 3 5th Gen / 32GB RAM / 512GB SSD USED LAPTOP,DELL,INSPIRON,RYZEN 3,5,Used,32.0,512.0,SSD,121800.0
ASUS TUF - AMD RYZEN 3 5th Gen / 8GB RAM / 1024GB SSD USED LAPTOP,ASUS,TUF,RYZEN 3,5,Used,8.0,1024.0,SSD,91700.0
APPLE MACBOOK AIR - APPLE M1  / 32GB RAM / 1024GB SSD USED LAPTOP,APPLE,MACBOOK AIR,M1,0,Used,32.0,1024.0,SSD,236800.0
ASUS ZENBOOK - AMD RYZEN 5 7th Gen / 8GB RAM / 1024GB SSD NEW LAPTOP,ASUS,ZENBOOK,RYZEN 5,7,New,8.0,1024.0,SSD,188800.0
ASUS TUF - AMD RYZEN 5 7th Gen / 16GB RAM / 256GB SSD USED LAPTOP,ASUS,TUF,RYZEN 5,7,Used,16.0,256.0,SSD,115200.0
ACER SWIFT - INTEL CORE I3 11th Gen / 8GB RAM / 512GB SSD USED LAPTOP,ACER,SWIFT,I3,11,Used,8.0,512.0,SSD,118500.0
HP SPECTRE - INTEL CORE I7 13th Gen / 32GB RAM / 512GB SSD USED LAPTOP,HP,SPECTRE,I7,13,Used,32.0,512.0,SSD,237600.0
ACER SWIFT - INTEL CORE I5 6th Gen / 16GB RAM / 512GB SSD NEW LAPTOP,ACER,SWIFT,I5,6,New,16.0,512.0,SSD,143200.0
ASUS VIVOBOOK - AMD RYZEN 7 8th Gen / 8GB RAM / 256GB SSD USED LAPTOP,ASUS,VIVOBOOK,RYZEN 7,8,Used,8.0,256.0,SSD,128500.0
APPLE MACBOOK AIR - APPLE M3  / 16GB RAM / 1024GB SSD USED LAPTOP,APPLE,MACBOOK AIR,M3,0,Used,16.0,1024.0,SSD,294700.0
ASUS ROG - AMD RYZEN 3 5th Gen / 32GB RAM / 256GB SSD USED LAPTOP,ASUS,ROG,RYZEN 3,5,Used,32.0,256.0,SSD,117500.0
HP ENVY - INTEL CORE I3 8th Gen / 32GB RAM / 512GB SSD USED LAPTOP,HP,ENVY,I3,8,Used,32.0,512.0,SSD,151900.0
ASUS TUF - INTEL CORE I5 9th Gen / 16GB RAM / 256GB SSD USED LAPTOP,ASUS,TUF,I5,9,Used,16.0,256.0,SSD,121800.0
HP PAVILION - INTEL CORE I5 6th Gen / 32GB RAM / 256GB SSD USED LAPTOP,HP,PAVILION,I5,6,Used,32.0,256.0,SSD,142100.0
DELL PRECISION - AMD RYZEN 5 7th Gen / 32GB RAM / 256GB SSD USED LAPTOP,DELL,PRECISION,RYZEN 5,7,Used,32.0,256.0,SSD,147700.0
HP PROBOOK - INTEL CORE I9 11th Gen / 32GB RAM / 512GB SSD USED LAPTOP,HP,PROBOOK,I9,11,Used,32.0,512.0,SSD,274000.0
ASUS ROG - AMD RYZEN 5 7th Gen / 32GB RAM / 512GB SSD USED LAPTOP,ASUS,ROG,RYZEN 5,7,Used,32.0,512.0,SSD,163800.0
APPLE MACBOOK PRO - INTEL CORE I7 7th Gen / 32GB RAM / 512GB SSD USED LAPTOP,APPLE,MACBOOK PRO,I7,7,Used,32.0,512.0,SSD,218400.0
APPLE MACBOOK PRO - INTEL CORE I5 12th Gen / 8GB RAM / 512GB SSD NEW LAPTOP,APPLE,MACBOOK PRO,I5,12,New,8.0,512.0,SSD,240100.0
DELL PRECISION - INTEL CORE I5 9th Gen / 32GB RAM / 512GB SSD NEW LAPTOP,DELL,PRECISION,I5,9,New,32.0,512.0,SSD,234800.0
ASUS ZENBOOK - AMD RYZEN 3 5th Gen / 32GB RAM / 512GB SSD USED LAPTOP,ASUS,ZENBOOK,RYZEN 3,5,Used,32.0,512.0,SSD,127300.0
ACER NITRO - AMD RYZEN 5 7th Gen / 16GB RAM / 512GB SSD USED LAPTOP,ACER,NITRO,RYZEN 5,7,Used,16.0,512.0,SSD,121800.0
APPLE MACBOOK AIR - APPLE M3  / 8GB RAM / 1024GB SSD USED LAPTOP,APPLE,MACBOOK AIR,M3,0,Used,8.0,1024.0,SSD,263300.0
DELL LATITUDE - INTEL CORE I9 8th Gen / 16GB RAM / 512GB SSD USED LAPTOP,DELL,LATITUDE,I9,8,Used,16.0,512.0,SSD,232800.0
APPLE MACBOOK PRO - APPLE M1  / 8GB RAM / 512GB SSD USED LAPTOP,APPLE,MACBOOK PRO,M1,0,Used,8.0,512.0,SSD,174100.0
ACER NITRO - AMD RYZEN 3 5th Gen / 8GB RAM / 1024GB SSD USED LAPTOP,ACER,NITRO,RYZEN 3,5,Used,8.0,1024.0,SSD,91200.0
ASUS VIVOBOOK - INTEL CORE I3 13th Gen / 32GB RAM / 1024GB HDD USED LAPTOP,ASUS,VIVOBOOK,I3,13,Used,32.0,1024.0,HDD,212800.0
ASUS VIVOBOOK - INTEL CORE I9 13th Gen / 32GB RAM / 512GB SSD NEW LAPTOP,ASUS,VIVOBOOK,I9,13,New,32.0,512.0,SSD,400500.0
APPLE MACBOOK AIR - APPLE M1  / 32GB RAM / 256GB SSD NEW LAPTOP,APPLE,MACBOOK AIR,M1,0,New,32.0,256.0,SSD,276300.0
ACER NITRO - AMD RYZEN 7 8th Gen / 16GB RAM / 512GB SSD USED LAPTOP,ACER,NITRO,RYZEN 7,8,Used,16.0,512.0,SSD,143400.0
HP PROBOOK - INTEL CORE I3 13th Gen / 32GB RAM / 256GB SSD NEW LAPTOP,HP,PROBOOK,I3,13,New,32.0,256.0,SSD,247100.0
DELL VOSTRO - INTEL CORE I9 10th Gen / 8GB RAM / 256GB SSD NEW LAPTOP,DELL,VOSTRO,I9,10,New,8.0,256.0,SSD,276300.0
ASUS TUF - INTEL CORE I5 9th Gen / 32GB RAM / 512GB SSD USED LAPTOP,ASUS,TUF,I5,9,Used,32.0,512.0,SSD,190600.0
HP PROBOOK - AMD RYZEN 7 8th Gen / 8GB RAM / 1024GB HDD NEW LAPTOP,HP,PROBOOK,RYZEN 7,8,New,8.0,1024.0,HDD,199900.0
APPLE MACBOOK AIR - APPLE M1  / 32GB RAM / 1024GB SSD USED LAPTOP,APPLE,MACBOOK AIR,M1,0,Used,32.0,1024.0,SSD,263000.0
DELL LATITUDE - INTEL CORE I5 7th Gen / 32GB RAM / 512GB SSD NEW LAPTOP,DELL,LATITUDE,I5,7,New,32.0,512.0,SSD,225900.0
HP ELITEBOOK - INTEL CORE I3 6th Gen / 8GB RAM / 1024GB HDD USED LAPTOP,HP,ELITEBOOK,I3,6,Used,8.0,1024.0,HDD,91700.0
APPLE MACBOOK AIR - INTEL CORE I5 11th Gen / 16GB RAM / 256GB SSD USED LAPTOP,APPLE,MACBOOK AIR,I5,11,Used,16.0,256.0,SSD,155700.0
ASUS ZENBOOK - INTEL CORE I7 12th Gen / 8GB RAM / 1024GB SSD USED LAPTOP,ASUS,ZENBOOK,I7,12,Used,8.0,1024.0,SSD,194200.0
HP SPECTRE - AMD RYZEN 7 8th Gen / 8GB RAM / 1024GB SSD USED LAPTOP,HP,SPECTRE,RYZEN 7,8,Used,8.0,1024.0,SSD,148100.0
ACER NITRO - AMD RYZEN 5 7th Gen / 8GB RAM / 256GB SSD NEW LAPTOP,ACER,NITRO,RYZEN 5,7,New,8.0,256.0,SSD,125900.0
APPLE MACBOOK AIR - APPLE M2  / 8GB RAM / 512GB SSD USED LAPTOP,APPLE,MACBOOK AIR,M2,0,Used,8.0,512.0,SSD,204700.0
HP SPECTRE - AMD RYZEN 5 7th Gen / 32GB RAM / 512GB SSD USED LAPTOP,HP,SPECTRE,RYZEN 5,7,Used,32.0,512.0,SSD,159000.0
ACER NITRO - INTEL CORE I9 10th Gen / 16GB RAM / 512GB SSD USED LAPTOP,ACER,NITRO,I9,10,Used,16.0,512.0,SSD,238600.0
ACER SWIFT - INTEL CORE I9 6th Gen / 8GB RAM / 1024GB SSD USED LAPTOP,ACER,SWIFT,I9,6,Used,8.0,1024.0,SSD,210400.0
APPLE MACBOOK PRO - INTEL CORE I5 7th Gen / 32GB RAM / 512GB SSD USED LAPTOP,APPLE,MACBOOK PRO,I5,7,Used,32.0,512.0,SSD,183200.0
ACER SWIFT - INTEL CORE I3 13th Gen / 32GB RAM / 1024GB HDD USED LAPTOP,ACER,SWIFT,I3,13,Used,32.0,1024.0,HDD,192100.0
DELL VOSTRO - AMD RYZEN 7 8th Gen / 16GB RAM / 1024GB HDD USED LAPTOP,DELL,VOSTRO,RYZEN 7,8,Used,16.0,1024.0,HDD,173500.0
DELL PRECISION - INTEL CORE I3 13th Gen / 8GB RAM / 512GB SSD USED LAPTOP,DELL,PRECISION,I3,13,Used,8.0,512.0,SSD,143300.0
ACER SWIFT - INTEL CORE I3 8th Gen / 32GB RAM / 256GB SSD USED LAPTOP,ACER,SWIFT,I3,8,Used,32.0,256.0,SSD,136100.0
ASUS ROG - INTEL CORE I3 13th Gen / 16GB RAM / 256GB SSD USED LAPTOP,ASUS,ROG,I3,13,Used,16.0,256.0,SSD,143400.0
HP PAVILION - AMD RYZEN 5 7th Gen / 32GB RAM / 256GB SSD USED LAPTOP,HP,PAVILION,RYZEN 5,7,Used,32.0,256.0,SSD,150900.0
ASUS VIVOBOOK - AMD RYZEN 5 7th Gen / 16GB RAM / 512GB SSD USED LAPTOP,ASUS,VIVOBOOK,RYZEN 5,7,Used,16.0,512.0,SSD,130600.0
DELL INSPIRON - INTEL CORE I7 7th Gen / 8GB RAM / 256GB SSD USED LAPTOP,DELL,INSPIRON,I7,7,Used,8.0,256.0,SSD,124700.0
APPLE MACBOOK PRO - INTEL CORE I7 11th Gen / 32GB RAM / 256GB SSD USED LAPTOP,APPLE,MACBOOK PRO,I7,11,Used,32.0,256.0,SSD,225400.0
APPLE MACBOOK AIR - INTEL CORE I7 12th Gen / 8GB RAM / 1024GB SSD NEW LAPTOP,APPLE,MACBOOK AIR,I7,12,New,8.0,1024.0,SSD,328600.0
ACER NITRO - INTEL CORE I9 11th Gen / 8GB RAM / 256GB SSD USED LAPTOP,ACER,NITRO,I9,11,Used,8.0,256.0,SSD,208300.0
DELL XPS - INTEL CORE I9 6th Gen / 32GB RAM / 512GB SSD USED LAPTOP,DELL,XPS,I9,6,Used,32.0,512.0,SSD,228100.0
DELL PRECISION - INTEL CORE I3 7th Gen / 8GB RAM / 1024GB SSD USED LAPTOP,DELL,PRECISION,I3,7,Used,8.0,1024.0,SSD,107900.0
ACER ASPIRE - INTEL CORE I7 9th Gen / 8GB RAM / 256GB SSD USED LAPTOP,ACER,ASPIRE,I7,9,Used,8.0,256.0,SSD,126000.0
HP PAVILION - INTEL CORE I9 8th Gen / 16GB RAM / 256GB SSD USED LAPTOP,HP,PAVILION,I9,8,Used,16.0,256.0,SSD,202300.0
APPLE MACBOOK AIR - APPLE M3  / 16GB RAM / 256GB SSD USED LAPTOP,APPLE,MACBOOK AIR,M3,0,Used,16.0,256.0,SSD,257500.0
ASUS ROG - INTEL CORE I7 8th Gen / 8GB RAM / 256GB SSD USED LAPTOP,ASUS,ROG,I7,8,Used,8.0,256.0,SSD,132200.0
APPLE MACBOOK AIR - APPLE M1  / 32GB RAM / 256GB SSD USED LAPTOP,APPLE,MACBOOK AIR,M1,0,Used,32.0,256.0,SSD,221500.0
ACER ASPIRE - AMD RYZEN 7 8th Gen / 32GB RAM / 1024GB SSD USED LAPTOP,ACER,ASPIRE,RYZEN 7,8,Used,32.0,1024.0,SSD,221000.0
APPLE MACBOOK AIR - APPLE M1  / 16GB RAM / 512GB SSD USED LAPTOP,APPLE,MACBOOK AIR,M1,0,Used,16.0,512.0,SSD,177600.0
DELL XPS - INTEL CORE I9 10th Gen / 32GB RAM / 1024GB SSD USED LAPTOP,DELL,XPS,I9,10,Used,32.0,1024.0,SSD,288400.0
HP ELITEBOOK - AMD RYZEN 3 5th Gen / 16GB RAM / 1024GB HDD USED LAPTOP,HP,ELITEBOOK,RYZEN 3,5,Used,16.0,1024.0,HDD,101000.0
APPLE MACBOOK PRO - INTEL CORE I7 9th Gen / 8GB RAM / 512GB SSD USED LAPTOP,APPLE,MACBOOK PRO,I7,9,Used,8.0,512.0,SSD,159200.0
DELL VOSTRO - INTEL CORE I7 12th Gen / 32GB RAM / 256GB SSD USED LAPTOP,DELL,VOSTRO,I7,12,Used,32.0,256.0,SSD,230800.0
ACER NITRO - AMD RYZEN 3 5th Gen / 8GB RAM / 1024GB SSD USED LAPTOP,ACER,NITRO,RYZEN 3,5,Used,8.0,1024.0,SSD,88800.0
DELL XPS - AMD RYZEN 3 5th Gen / 32GB RAM / 256GB SSD USED LAPTOP,DELL,XPS,RYZEN 3,5,Used,32.0,256.0,SSD,122800.0
APPLE MACBOOK PRO - APPLE M1  / 8GB RAM / 256GB SSD USED LAPTOP,APPLE,MACBOOK PRO,M1,0,Used,8.0,256.0,SSD,152600.0
ACER ASPIRE - AMD RYZEN 7 8th Gen / 8GB RAM / 256GB SSD USED LAPTOP,ACER,ASPIRE,RYZEN 7,8,Used,8.0,256.0,SSD,116200.0
APPLE MACBOOK AIR - APPLE M2  / 32GB RAM / 256GB SSD USED LAPTOP,APPLE,MACBOOK AIR,M2,0,Used,32.0,256.0,SSD,268400.0
ACER NITRO - INTEL CORE I5 7th Gen / 32GB RAM / 512GB SSD USED LAPTOP,ACER,NITRO,I5,7,Used,32.0,512.0,SSD,158700.0
ASUS VIVOBOOK - INTEL CORE I3 10th Gen / 32GB RAM / 1024GB SSD USED LAPTOP,ASUS,VIVOBOOK,I3,10,Used,32.0,1024.0,SSD,205700.0
HP VICTUS - AMD RYZEN 5 7th Gen / 32GB RAM / 256GB SSD USED LAPTOP,HP,VICTUS,RYZEN 5,7,Used,32.0,256.0,SSD,137600.0
APPLE MACBOOK AIR - INTEL CORE I7 7th Gen / 32GB RAM / 512GB SSD USED LAPTOP,APPLE,MACBOOK AIR,I7,7,Used,32.0,512.0,SSD,197900.0
ASUS ROG - AMD RYZEN 7 8th Gen / 8GB RAM / 256GB SSD USED LAPTOP,ASUS,ROG,RYZEN 7,8,Used,8.0,256.0,SSD,126900.0
ACER ASPIRE - AMD RYZEN 5 7th Gen / 8GB RAM / 256GB SSD USED LAPTOP,ACER,ASPIRE,RYZEN 5,7,Used,8.0,256.0,SSD,82100.0
ACER SWIFT - AMD RYZEN 3 5th Gen / 16GB RAM / 1024GB SSD USED LAPTOP,ACER,SWIFT,RYZEN 3,5,Used,16.0,1024.0,SSD,113200.0
DELL XPS - AMD RYZEN 3 5th Gen / 16GB RAM / 1024GB SSD USED LAPTOP,DELL,XPS,RYZEN 3,5,Used,16.0,1024.0,SSD,110500.0
APPLE MACBOOK PRO - APPLE M3  / 8GB RAM / 512GB SSD USED LAPTOP,APPLE,MACBOOK PRO,M3,0,Used,8.0,512.0,SSD,251500.0
APPLE MACBOOK PRO - APPLE M2  / 32GB RAM / 512GB SSD USED LAPTOP,APPLE,MACBOOK PRO,M2,0,Used,32.0,512.0,SSD,268500.0
ASUS ZENBOOK - INTEL CORE I9 10th Gen / 8GB RAM / 256GB SSD NEW LAPTOP,ASUS,ZENBOOK,I9,10,New,8.0,256.0,SSD,310900.0
APPLE MACBOOK PRO - INTEL CORE I7 6th Gen / 8GB RAM / 256GB SSD USED LAPTOP,APPLE,MACBOOK PRO,I7,6,Used,8.0,256.0,SSD,137300.0
HP SPECTRE - INTEL CORE I9 7th Gen / 8GB RAM / 1024GB SSD USED LAPTOP,HP,SPECTRE,I9,7,Used,8.0,1024.0,SSD,201200.0
HP ENVY - INTEL CORE I7 13th Gen / 16GB RAM / 1024GB SSD USED LAPTOP,HP,ENVY,I7,13,Used,16.0,1024.0,SSD,214100.0
ACER SWIFT - INTEL CORE I9 12th Gen / 16GB RAM / 512GB SSD USED LAPTOP,ACER,SWIFT,I9,12,Used,16.0,512.0,SSD,229900.0
HP VICTUS - AMD RYZEN 5 7th Gen / 8GB RAM / 1024GB SSD USED LAPTOP,HP,VICTUS,RYZEN 5,7,Used,8.0,1024.0,SSD,129200.0
APPLE MACBOOK PRO - INTEL CORE I5 7th Gen / 32GB RAM / 512GB SSD NEW LAPTOP,APPLE,MACBOOK PRO,I5,7,New,32.0,512.0,SSD,255800.0
ASUS TUF - AMD RYZEN 3 5th Gen / 16GB RAM / 1024GB SSD USED LAPTOP,ASUS,TUF,RYZEN 3,5,Used,16.0,1024.0,SSD,110900.0
HP VICTUS - AMD RYZEN 5 7th Gen / 32GB RAM / 512GB SSD USED LAPTOP,HP,VICTUS,RYZEN 5,7,Used,32.0,512.0,SSD,160700.0
DELL INSPIRON - INTEL CORE I9 10th Gen / 16GB RAM / 512GB SSD USED LAPTOP,DELL,INSPIRON,I9,10,Used,16.0,512.0,SSD,250500.0
DELL PRECISION - INTEL CORE I5 6th Gen / 8GB RAM / 256GB SSD USED LAPTOP,DELL,PRECISION,I5,6,Used,8.0,256.0,SSD,92900.0
ACER SWIFT - INTEL CORE I5 10th Gen / 16GB RAM / 256GB SSD USED LAPTOP,ACER,SWIFT,I5,10,Used,16.0,256.0,SSD,138900.0
HP PROBOOK - INTEL CORE I3 8th Gen / 8GB RAM / 1024GB SSD USED LAPTOP,HP,PROBOOK,I3,8,Used,8.0,1024.0,SSD,121000.0
ACER NITRO - INTEL CORE I5 10th Gen / 16GB RAM / 1024GB HDD USED LAPTOP,ACER,NITRO,I5,10,Used,16.0,1024.0,HDD,149700.0
ACER SWIFT - INTEL CORE I3 11th Gen / 16GB RAM / 512GB SSD USED LAPTOP,ACER,SWIFT,I3,11,Used,16.0,512.0,SSD,144300.0
ASUS ZENBOOK - INTEL CORE I3 8th Gen / 16GB RAM / 512GB SSD NEW LAPTOP,ASUS,ZENBOOK,I3,8,New,16.0,512.0,SSD,161600.0
APPLE MACBOOK PRO - INTEL CORE I5 7th Gen / 8GB RAM / 1024GB SSD NEW LAPTOP,APPLE,MACBOOK PRO,I5,7,New,8.0,1024.0,SSD,212900.0
ACER NITRO - INTEL CORE I3 11th Gen / 16GB RAM / 256GB SSD USED LAPTOP,ACER,NITRO,I3,11,Used,16.0,256.0,SSD,120000.0
ASUS VIVOBOOK - INTEL CORE I9 12th Gen / 32GB RAM / 512GB SSD USED LAPTOP,ASUS,VIVOBOOK,I9,12,Used,32.0,512.0,SSD,269800.0
ASUS ZENBOOK - AMD RYZEN 5 7th Gen / 8GB RAM / 256GB SSD USED LAPTOP,ASUS,ZENBOOK,RYZEN 5,7,Used,8.0,256.0,SSD,99100.0
APPLE MACBOOK AIR - APPLE M3  / 8GB RAM / 1024GB SSD USED LAPTOP,APPLE,MACBOOK AIR,M3,0,Used,8.0,1024.0,SSD,285500.0
HP VICTUS - AMD RYZEN 5 7th Gen / 16GB RAM / 512GB SSD USED LAPTOP,HP,VICTUS,RYZEN 5,7,Used,16.0,512.0,SSD,124500.0
ASUS ROG - INTEL CORE I5 13th Gen / 8GB RAM / 256GB SSD USED LAPTOP,ASUS,ROG,I5,13,Used,8.0,256.0,SSD,145400.0
APPLE MACBOOK AIR - INTEL CORE I5 13th Gen / 32GB RAM / 1024GB SSD USED LAPTOP,APPLE,MACBOOK AIR,I5,13,Used,32.0,1024.0,SSD,256000.0
APPLE MACBOOK AIR - INTEL CORE I5 8th Gen / 16GB RAM / 1024GB SSD USED LAPTOP,APPLE,MACBOOK AIR,I5,8,Used,16.0,1024.0,SSD,185200.0
APPLE MACBOOK PRO - APPLE M3  / 16GB RAM / 512GB SSD NEW LAPTOP,APPLE,MACBOOK PRO,M3,0,New,16.0,512.0,SSD,396600.0
DELL INSPIRON - INTEL CORE I9 8th Gen / 32GB RAM / 256GB SSD USED LAPTOP,DELL,INSPIRON,I9,8,Used,32.0,256.0,SSD,230000.0
DELL LATITUDE - INTEL CORE I9 9th Gen / 8GB RAM / 512GB SSD NEW LAPTOP,DELL,LATITUDE,I9,9,New,8.0,512.0,SSD,303100.0
ASUS VIVOBOOK - INTEL CORE I5 9th Gen / 16GB RAM / 1024GB SSD USED LAPTOP,ASUS,VIVOBOOK,I5,9,Used,16.0,1024.0,SSD,176500.0
DELL INSPIRON - AMD RYZEN 5 7th Gen / 32GB RAM / 512GB SSD USED LAPTOP,DELL,INSPIRON,RYZEN 5,7,Used,32.0,512.0,SSD,157600.0
ACER NITRO - AMD RYZEN 3 5th Gen / 32GB RAM / 256GB SSD USED LAPTOP,ACER,NITRO,RYZEN 3,5,Used,32.0,256.0,SSD,109300.0
DELL PRECISION - INTEL CORE I5 11th Gen / 8GB RAM / 256GB SSD USED LAPTOP,DELL,PRECISION,I5,11,Used,8.0,256.0,SSD,122000.0
HP ENVY - AMD RYZEN 7 8th Gen / 32GB RAM / 512GB SSD USED LAPTOP,HP,ENVY,RYZEN 7,8,Used,32.0,512.0,SSD,200100.0
HP ENVY - AMD RYZEN 7 8th Gen / 8GB RAM / 1024GB SSD USED LAPTOP,HP,ENVY,RYZEN 7,8,Used,8.0,1024.0,SSD,147300.0
ASUS TUF - AMD RYZEN 3 5th Gen / 8GB RAM / 256GB SSD USED LAPTOP,ASUS,TUF,RYZEN 3,5,Used,8.0,256.0,SSD,63800.0
ACER NITRO - INTEL CORE I5 11th Gen / 16GB RAM / 256GB SSD USED LAPTOP,ACER,NITRO,I5,11,Used,16.0,256.0,SSD,149100.0
ACER ASPIRE - INTEL CORE I9 10th Gen / 16GB RAM / 512GB SSD NEW LAPTOP,ACER,ASPIRE,I9,10,New,16.0,512.0,SSD,328100.0
DELL LATITUDE - INTEL CORE I5 7th Gen / 32GB RAM / 1024GB SSD USED LAPTOP,DELL,LATITUDE,I5,7,Used,32.0,1024.0,SSD,179700.0
ASUS ZENBOOK - AMD RYZEN 5 7th Gen / 8GB RAM / 256GB SSD USED LAPTOP,ASUS,ZENBOOK,RYZEN 5,7,Used,8.0,256.0,SSD,97100.0
APPLE MACBOOK AIR - APPLE M1  / 16GB RAM / 512GB SSD USED LAPTOP,APPLE,MACBOOK AIR,M1,0,Used,16.0,512.0,SSD,181200.0
ASUS TUF - AMD RYZEN 7 8th Gen / 32GB RAM / 1024GB HDD USED LAPTOP,ASUS,TUF,RYZEN 7,8,Used,32.0,1024.0,HDD,203600.0
APPLE MACBOOK PRO - APPLE M1  / 16GB RAM / 1024GB SSD NEW LAPTOP,APPLE,MACBOOK PRO,M1,0,New,16.0,1024.0,SSD,278100.0
ASUS ZENBOOK - INTEL CORE I9 9th Gen / 8GB RAM / 1024GB SSD NEW LAPTOP,ASUS,ZENBOOK,I9,9,New,8.0,1024.0,SSD,320400.0
APPLE MACBOOK AIR - INTEL CORE I7 7th Gen / 16GB RAM / 1024GB HDD USED LAPTOP,APPLE,MACBOOK AIR,I7,7,Used,16.0,1024.0,HDD,175000.0
ACER ASPIRE - INTEL CORE I7 10th Gen / 16GB RAM / 1024GB HDD USED LAPTOP,ACER,ASPIRE,I7,10,Used,16.0,1024.0,HDD,186600.0
DELL XPS - INTEL CORE I3 6th Gen / 32GB RAM / 512GB SSD USED LAPTOP,DELL,XPS,I3,6,Used,32.0,512.0,SSD,129800.0
HP ENVY - INTEL CORE I3 10th Gen / 32GB RAM / 512GB SSD USED LAPTOP,HP,ENVY,I3,10,Used,32.0,512.0,SSD,179500.0
DELL VOSTRO - INTEL CORE I7 12th Gen / 8GB RAM / 512GB SSD NEW LAPTOP,DELL,VOSTRO,I7,12,New,8.0,512.0,SSD,258600.0
ASUS TUF - AMD RYZEN 7 8th Gen / 16GB RAM / 256GB SSD NEW LAPTOP,ASUS,TUF,RYZEN 7,8,New,16.0,256.0,SSD,207000.0
ACER NITRO - AMD RYZEN 7 8th Gen / 32GB RAM / 1024GB SSD USED LAPTOP,ACER,NITRO,RYZEN 7,8,Used,32.0,1024.0,SSD,224800.0
APPLE MACBOOK PRO - INTEL CORE I7 12th Gen / 8GB RAM / 256GB SSD USED LAPTOP,APPLE,MACBOOK PRO,I7,12,Used,8.0,256.0,SSD,177800.0
APPLE MACBOOK PRO - APPLE M3  / 32GB RAM / 512GB SSD USED LAPTOP,APPLE,MACBOOK PRO,M3,0,Used,32.0,512.0,SSD,332900.0
ASUS ROG - INTEL CORE I3 9th Gen / 16GB RAM / 1024GB SSD USED LAPTOP,ASUS,ROG,I3,9,Used,16.0,1024.0,SSD,144400.0
ACER ASPIRE - INTEL CORE I3 7th Gen / 32GB RAM / 512GB SSD USED LAPTOP,ACER,ASPIRE,I3,7,Used,32.0,512.0,SSD,144000.0
ACER NITRO - AMD RYZEN 7 8th Gen / 32GB RAM / 1024GB SSD USED LAPTOP,ACER,NITRO,RYZEN 7,8,Used,32.0,1024.0,SSD,219000.0
DELL PRECISION - INTEL CORE I5 7th Gen / 32GB RAM / 256GB SSD NEW LAPTOP,DELL,PRECISION,I5,7,New,32.0,256.0,SSD,211600.0
ACER SWIFT - INTEL CORE I5 8th Gen / 16GB RAM / 512GB SSD USED LAPTOP,ACER,SWIFT,I5,8,Used,16.0,512.0,SSD,132900.0
HP ENVY - INTEL CORE I3 10th Gen / 16GB RAM / 512GB SSD USED LAPTOP,HP,ENVY,I3,10,Used,16.0,512.0,SSD,124600.0
APPLE MACBOOK PRO - APPLE M3  / 8GB RAM / 256GB SSD USED LAPTOP,APPLE,MACBOOK PRO,M3,0,Used,8.0,256.0,SSD,237300.0
DELL INSPIRON - INTEL CORE I7 11th Gen / 16GB RAM / 256GB SSD USED LAPTOP,DELL,INSPIRON,I7,11,Used,16.0,256.0,SSD,177700.0
ASUS VIVOBOOK - AMD RYZEN 5 7th Gen / 16GB RAM / 256GB SSD NEW LAPTOP,ASUS,VIVOBOOK,RYZEN 5,7,New,16.0,256.0,SSD,160300.0
DELL VOSTRO - INTEL CORE I7 13th Gen / 8GB RAM / 512GB SSD USED LAPTOP,DELL,VOSTRO,I7,13,Used,8.0,512.0,SSD,182800.0
ACER ASPIRE - AMD RYZEN 5 7th Gen / 16GB RAM / 512GB SSD USED LAPTOP,ACER,ASPIRE,RYZEN 5,7,Used,16.0,512.0,SSD,114100.0
DELL PRECISION - INTEL CORE I5 9th Gen / 16GB RAM / 256GB SSD USED LAPTOP,DELL,PRECISION,I5,9,Used,16.0,256.0,SSD,130300.0
ACER ASPIRE - INTEL CORE I9 7th Gen / 8GB RAM / 256GB SSD USED LAPTOP,ACER,ASPIRE,I9,7,Used,8.0,256.0,SSD,166100.0
ASUS ROG - INTEL CORE I9 11th Gen / 32GB RAM / 256GB SSD USED LAPTOP,ASUS,ROG,I9,11,Used,32.0,256.0,SSD,280300.0
APPLE MACBOOK PRO - APPLE M1  / 16GB RAM / 256GB SSD USED LAPTOP,APPLE,MACBOOK PRO,M1,0,Used,16.0,256.0,SSD,181900.0
DELL PRECISION - AMD RYZEN 3 5th Gen / 32GB RAM / 512GB SSD USED LAPTOP,DELL,PRECISION,RYZEN 3,5,Used,32.0,512.0,SSD,122400.0
HP PROBOOK - INTEL CORE I9 9th Gen / 32GB RAM / 512GB SSD NEW LAPTOP,HP,PROBOOK,I9,9,New,32.0,512.0,SSD,388600.0
ASUS ROG - INTEL CORE I3 12th Gen / 8GB RAM / 512GB SSD USED LAPTOP,ASUS,ROG,I3,12,Used,8.0,512.0,SSD,146900.0
ACER NITRO - INTEL CORE I3 6th Gen / 32GB RAM / 1024GB SSD USED LAPTOP,ACER,NITRO,I3,6,Used,32.0,1024.0,SSD,162800.0
HP VICTUS - INTEL CORE I3 12th Gen / 32GB RAM / 1024GB HDD USED LAPTOP,HP,VICTUS,I3,12,Used,32.0,1024.0,HDD,196100.0
ACER ASPIRE - INTEL CORE I5 8th Gen / 16GB RAM / 512GB SSD USED LAPTOP,ACER,ASPIRE,I5,8,Used,16.0,512.0,SSD,129200.0
ACER ASPIRE - INTEL CORE I7 9th Gen / 16GB RAM / 1024GB SSD USED LAPTOP,ACER,ASPIRE,I7,9,Used,16.0,1024.0,SSD,198300.0
DELL XPS - INTEL CORE I3 8th Gen / 16GB RAM / 1024GB SSD USED LAPTOP,DELL,XPS,I3,8,Used,16.0,1024.0,SSD,138200.0
DELL PRECISION - AMD RYZEN 7 8th Gen / 8GB RAM / 1024GB SSD NEW LAPTOP,DELL,PRECISION,RYZEN 7,8,New,8.0,1024.0,SSD,213700.0
APPLE MACBOOK PRO - INTEL CORE I5 11th Gen / 8GB RAM / 1024GB SSD USED LAPTOP,APPLE,MACBOOK PRO,I5,11,Used,8.0,1024.0,SSD,187200.0
APPLE MACBOOK PRO - INTEL CORE I5 10th Gen / 32GB RAM / 1024GB SSD USED LAPTOP,APPLE,MACBOOK PRO,I5,10,Used,32.0,1024.0,SSD,234600.0
ACER SWIFT - INTEL CORE I9 6th Gen / 8GB RAM / 256GB SSD USED LAPTOP,ACER,SWIFT,I9,6,Used,8.0,256.0,SSD,167500.0
HP ELITEBOOK - INTEL CORE I9 11th Gen / 8GB RAM / 256GB SSD USED LAPTOP,HP,ELITEBOOK,I9,11,Used,8.0,256.0,SSD,211600.0
ASUS ROG - AMD RYZEN 3 5th Gen / 32GB RAM / 256GB SSD USED LAPTOP,ASUS,ROG,RYZEN 3,5,Used,32.0,256.0,SSD,122800.0
ASUS TUF - AMD RYZEN 3 5th Gen / 16GB RAM / 512GB SSD USED LAPTOP,ASUS,TUF,RYZEN 3,5,Used,16.0,512.0,SSD,86500.0
ACER NITRO - AMD RYZEN 5 7th Gen / 8GB RAM / 512GB SSD USED LAPTOP,ACER,NITRO,RYZEN 5,7,Used,8.0,512.0,SSD,94700.0
DELL XPS - AMD RYZEN 3 5th Gen / 8GB RAM / 512GB SSD USED LAPTOP,DELL,XPS,RYZEN 3,5,Used,8.0,512.0,SSD,71700.0
APPLE MACBOOK PRO - INTEL CORE I7 12th Gen / 32GB RAM / 512GB SSD USED LAPTOP,APPLE,MACBOOK PRO,I7,12,Used,32.0,512.0,SSD,250200.0
APPLE MACBOOK AIR - APPLE M1  / 8GB RAM / 256GB SSD USED LAPTOP,APPLE,MACBOOK AIR,M1,0,Used,8.0,256.0,SSD,163700.0
DELL LATITUDE - INTEL CORE I5 10th Gen / 16GB RAM / 256GB SSD USED LAPTOP,DELL,LATITUDE,I5,10,Used,16.0,256.0,SSD,149200.0
DELL INSPIRON - AMD RYZEN 5 7th Gen / 8GB RAM / 256GB SSD USED LAPTOP,DELL,INSPIRON,RYZEN 5,7,Used,8.0,256.0,SSD,98600.0
HP SPECTRE - AMD RYZEN 3 5th Gen / 16GB RAM / 256GB SSD USED LAPTOP,HP,SPECTRE,RYZEN 3,5,Used,16.0,256.0,SSD,77500.0
APPLE MACBOOK AIR - APPLE M3  / 32GB RAM / 512GB SSD USED LAPTOP,APPLE,MACBOOK AIR,M3,0,Used,32.0,512.0,SSD,333300.0
APPLE MACBOOK AIR - APPLE M1  / 32GB RAM / 256GB SSD NEW LAPTOP,APPLE,MACBOOK AIR,M1,0,New,32.0,256.0,SSD,297800.0
ASUS VIVOBOOK - INTEL CORE I3 7th Gen / 8GB RAM / 256GB SSD USED LAPTOP,ASUS,VIVOBOOK,I3,7,Used,8.0,256.0,SSD,79000.0
APPLE MACBOOK PRO - APPLE M3  / 16GB RAM / 512GB SSD USED LAPTOP,APPLE,MACBOOK PRO,M3,0,Used,16.0,512.0,SSD,259900.0
ACER ASPIRE - INTEL CORE I9 6th Gen / 16GB RAM / 512GB SSD USED LAPTOP,ACER,ASPIRE,I9,6,Used,16.0,512.0,SSD,208400.0
APPLE MACBOOK AIR - INTEL CORE I7 6th Gen / 32GB RAM / 1024GB HDD USED LAPTOP,APPLE,MACBOOK AIR,I7,6,Used,32.0,1024.0,HDD,192900.0
ASUS TUF - INTEL CORE I5 12th Gen / 16GB RAM / 512GB SSD USED LAPTOP,ASUS,TUF,I5,12,Used,16.0,512.0,SSD,181500.0
DELL XPS - INTEL CORE I9 11th Gen / 8GB RAM / 256GB SSD NEW LAPTOP,DELL,XPS,I9,11,New,8.0,256.0,SSD,311700.0
HP ELITEBOOK - INTEL CORE I9 12th Gen / 16GB RAM / 256GB SSD USED LAPTOP,HP,ELITEBOOK,I9,12,Used,16.0,256.0,SSD,257400.0
ASUS ROG - AMD RYZEN 7 8th Gen / 8GB RAM / 1024GB SSD NEW LAPTOP,ASUS,ROG,RYZEN 7,8,New,8.0,1024.0,SSD,228200.0
ACER ASPIRE - INTEL CORE I5 12th Gen / 8GB RAM / 512GB SSD USED LAPTOP,ACER,ASPIRE,I5,12,Used,8.0,512.0,SSD,146500.0
ASUS ZENBOOK - INTEL CORE I7 12th Gen / 32GB RAM / 1024GB SSD USED LAPTOP,ASUS,ZENBOOK,I7,12,Used,32.0,1024.0,SSD,272800.0
HP PAVILION - INTEL CORE I7 11th Gen / 8GB RAM / 512GB SSD USED LAPTOP,HP,PAVILION,I7,11,Used,8.0,512.0,SSD,164400.0
APPLE MACBOOK PRO - INTEL CORE I7 13th Gen / 8GB RAM / 256GB SSD USED LAPTOP,APPLE,MACBOOK PRO,I7,13,Used,8.0,256.0,SSD,196900.0
ASUS TUF - AMD RYZEN 5 7th Gen / 32GB RAM / 512GB SSD NEW LAPTOP,ASUS,TUF,RYZEN 5,7,New,32.0,512.0,SSD,228200.0
HP ELITEBOOK - INTEL CORE I3 8th Gen / 8GB RAM / 1024GB HDD USED LAPTOP,HP,ELITEBOOK,I3,8,Used,8.0,1024.0,HDD,112300.0
APPLE MACBOOK AIR - INTEL CORE I5 13th Gen / 32GB RAM / 512GB SSD USED LAPTOP,APPLE,MACBOOK AIR,I5,13,Used,32.0,512.0,SSD,244600.0
HP ENVY - INTEL CORE I7 13th Gen / 8GB RAM / 256GB SSD USED LAPTOP,HP,ENVY,I7,13,Used,8.0,256.0,SSD,182300.0
DELL VOSTRO - AMD RYZEN 5 7th Gen / 32GB RAM / 512GB SSD USED LAPTOP,DELL,VOSTRO,RYZEN 5,7,Used,32.0,512.0,SSD,164100.0
ACER NITRO - INTEL CORE I9 10th Gen / 8GB RAM / 256GB SSD USED LAPTOP,ACER,NITRO,I9,10,Used,8.0,256.0,SSD,212700.0
HP ENVY - INTEL CORE I9 9th Gen / 16GB RAM / 1024GB SSD USED LAPTOP,HP,ENVY,I9,9,Used,16.0,1024.0,SSD,241600.0
DELL INSPIRON - INTEL CORE I5 10th Gen / 16GB RAM / 512GB SSD USED LAPTOP,DELL,INSPIRON,I5,10,Used,16.0,512.0,SSD,141300.0
HP PROBOOK - INTEL CORE I5 11th Gen / 8GB RAM / 1024GB SSD USED LAPTOP,HP,PROBOOK,I5,11,Used,8.0,1024.0,SSD,157900.0
ASUS ZENBOOK - INTEL CORE I5 9th Gen / 8GB RAM / 1024GB SSD NEW LAPTOP,ASUS,ZENBOOK,I5,9,New,8.0,1024.0,SSD,198100.0
ACER SWIFT - INTEL CORE I5 11th Gen / 16GB RAM / 512GB SSD NEW LAPTOP,ACER,SWIFT,I5,11,New,16.0,512.0,SSD,202500.0
DELL VOSTRO - INTEL CORE I3 7th Gen / 16GB RAM / 512GB SSD USED LAPTOP,DELL,VOSTRO,I3,7,Used,16.0,512.0,SSD,107300.0
APPLE MACBOOK PRO - APPLE M3  / 8GB RAM / 512GB SSD NEW LAPTOP,APPLE,MACBOOK PRO,M3,0,New,8.0,512.0,SSD,384300.0
DELL VOSTRO - AMD RYZEN 7 8th Gen / 8GB RAM / 256GB SSD NEW LAPTOP,DELL,VOSTRO,RYZEN 7,8,New,8.0,256.0,SSD,170400.0
HP ENVY - AMD RYZEN 3 5th Gen / 16GB RAM / 512GB SSD USED LAPTOP,HP,ENVY,RYZEN 3,5,Used,16.0,512.0,SSD,85100.0
APPLE MACBOOK PRO - APPLE M3  / 8GB RAM / 256GB SSD USED LAPTOP,APPLE,MACBOOK PRO,M3,0,Used,8.0,256.0,SSD,247900.0
DELL XPS - INTEL CORE I5 8th Gen / 32GB RAM / 512GB SSD USED LAPTOP,DELL,XPS,I5,8,Used,32.0,512.0,SSD,177900.0
ASUS ROG - INTEL CORE I7 9th Gen / 16GB RAM / 1024GB SSD USED LAPTOP,ASUS,ROG,I7,9,Used,16.0,1024.0,SSD,190100.0
DELL LATITUDE - INTEL CORE I3 7th Gen / 32GB RAM / 256GB SSD USED LAPTOP,DELL,LATITUDE,I3,7,Used,32.0,256.0,SSD,133300.0
ASUS ROG - INTEL CORE I9 13th Gen / 16GB RAM / 512GB SSD NEW LAPTOP,ASUS,ROG,I9,13,New,16.0,512.0,SSD,362400.0
ACER ASPIRE - INTEL CORE I7 8th Gen / 16GB RAM / 1024GB SSD USED LAPTOP,ACER,ASPIRE,I7,8,Used,16.0,1024.0,SSD,187400.0
ASUS ZENBOOK - AMD RYZEN 7 8th Gen / 8GB RAM / 256GB SSD USED LAPTOP,ASUS,ZENBOOK,RYZEN 7,8,Used,8.0,256.0,SSD,131200.0
ACER ASPIRE - AMD RYZEN 5 7th Gen / 16GB RAM / 1024GB SSD USED LAPTOP,ACER,ASPIRE,RYZEN 5,7,Used,16.0,1024.0,SSD,131700.0
HP SPECTRE - AMD RYZEN 3 5th Gen / 32GB RAM / 1024GB HDD USED LAPTOP,HP,SPECTRE,RYZEN 3,5,Used,32.0,1024.0,HDD,139300.0
DELL XPS - INTEL CORE I5 7th Gen / 16GB RAM / 512GB SSD USED LAPTOP,DELL,XPS,I5,7,Used,16.0,512.0,SSD,131900.0
APPLE MACBOOK AIR - INTEL CORE I5 11th Gen / 16GB RAM / 1024GB HDD USED LAPTOP,APPLE,MACBOOK AIR,I5,11,Used,16.0,1024.0,HDD,188100.0
HP ELITEBOOK - INTEL CORE I7 6th Gen / 32GB RAM / 512GB SSD USED LAPTOP,HP,ELITEBOOK,I7,6,Used,32.0,512.0,SSD,182400.0
APPLE MACBOOK PRO - INTEL CORE I5 12th Gen / 8GB RAM / 512GB SSD NEW LAPTOP,APPLE,MACBOOK PRO,I5,12,New,8.0,512.0,SSD,230100.0
HP PAVILION - INTEL CORE I9 7th Gen / 32GB RAM / 1024GB SSD USED LAPTOP,HP,PAVILION,I9,7,Used,32.0,1024.0,SSD,279300.0
ACER SWIFT - INTEL CORE I5 7th Gen / 16GB RAM / 512GB SSD USED LAPTOP,ACER,SWIFT,I5,7,Used,16.0,512.0,SSD,120200.0
DELL LATITUDE - INTEL CORE I7 6th Gen / 8GB RAM / 1024GB HDD USED LAPTOP,DELL,LATITUDE,I7,6,Used,8.0,1024.0,HDD,137000.0
DELL INSPIRON - INTEL CORE I9 7th Gen / 8GB RAM / 1024GB SSD USED LAPTOP,DELL,INSPIRON,I9,7,Used,8.0,1024.0,SSD,199100.0
APPLE MACBOOK PRO - INTEL CORE I5 9th Gen / 16GB RAM / 256GB SSD USED LAPTOP,APPLE,MACBOOK PRO,I5,9,Used,16.0,256.0,SSD,157900.0
DELL INSPIRON - AMD RYZEN 7 8th Gen / 8GB RAM / 1024GB HDD USED LAPTOP,DELL,INSPIRON,RYZEN 7,8,Used,8.0,1024.0,HDD,162000.0
HP PROBOOK - INTEL CORE I7 6th Gen / 16GB RAM / 1024GB HDD USED LAPTOP,HP,PROBOOK,I7,6,Used,16.0,1024.0,HDD,154400.0
APPLE MACBOOK AIR - APPLE M2  / 8GB RAM / 256GB SSD USED LAPTOP,APPLE,MACBOOK AIR,M2,0,Used,8.0,256.0,SSD,187900.0
HP PROBOOK - INTEL CORE I3 10th Gen / 16GB RAM / 1024GB SSD USED LAPTOP,HP,PROBOOK,I3,10,Used,16.0,1024.0,SSD,159500.0
DELL XPS - AMD RYZEN 3 5th Gen / 8GB RAM / 1024GB HDD USED LAPTOP,DELL,XPS,RYZEN 3,5,Used,8.0,1024.0,HDD,82800.0
DELL INSPIRON - INTEL CORE I9 7th Gen / 16GB RAM / 1024GB SSD USED LAPTOP,DELL,INSPIRON,I9,7,Used,16.0,1024.0,SSD,215700.0
HP ENVY - AMD RYZEN 5 7th Gen / 32GB RAM / 1024GB SSD USED LAPTOP,HP,ENVY,RYZEN 5,7,Used,32.0,1024.0,SSD,186000.0
DELL VOSTRO - AMD RYZEN 5 7th Gen / 32GB RAM / 256GB SSD USED LAPTOP,DELL,VOSTRO,RYZEN 5,7,Used,32.0,256.0,SSD,141500.0
HP ENVY - INTEL CORE I3 6th Gen / 8GB RAM / 1024GB HDD USED LAPTOP,HP,ENVY,I3,6,Used,8.0,1024.0,HDD,95000.0
ACER ASPIRE - INTEL CORE I5 13th Gen / 8GB RAM / 256GB SSD USED LAPTOP,ACER,ASPIRE,I5,13,Used,8.0,256.0,SSD,150600.0
DELL LATITUDE - INTEL CORE I9 12th Gen / 32GB RAM / 256GB SSD USED LAPTOP,DELL,LATITUDE,I9,12,Used,32.0,256.0,SSD,256300.0
DELL XPS - INTEL CORE I7 8th Gen / 8GB RAM / 512GB SSD USED LAPTOP,DELL,XPS,I7,8,Used,8.0,512.0,SSD,133900.0
ACER ASPIRE - AMD RYZEN 3 5th Gen / 8GB RAM / 256GB SSD USED LAPTOP,ACER,ASPIRE,RYZEN 3,5,Used,8.0,256.0,SSD,59200.0
APPLE MACBOOK AIR - APPLE M2  / 32GB RAM / 512GB SSD USED LAPTOP,APPLE,MACBOOK AIR,M2,0,Used,32.0,512.0,SSD,246700.0
APPLE MACBOOK AIR - APPLE M3  / 32GB RAM / 1024GB SSD USED LAPTOP,APPLE,MACBOOK AIR,M3,0,Used,32.0,1024.0,SSD,336100.0
ASUS ZENBOOK - AMD RYZEN 5 7th Gen / 8GB RAM / 1024GB SSD USED LAPTOP,ASUS,ZENBOOK,RYZEN 5,7,Used,8.0,1024.0,SSD,132100.0
ACER NITRO - INTEL CORE I7 12th Gen / 16GB RAM / 512GB SSD USED LAPTOP,ACER,NITRO,I7,12,Used,16.0,512.0,SSD,176600.0
ASUS ZENBOOK - INTEL CORE I3 13th Gen / 16GB RAM / 256GB SSD USED LAPTOP,ASUS,ZENBOOK,I3,13,Used,16.0,256.0,SSD,149900.0
HP PROBOOK - INTEL CORE I9 8th Gen / 8GB RAM / 256GB SSD USED LAPTOP,HP,PROBOOK,I9,8,Used,8.0,256.0,SSD,176100.0
ACER NITRO - AMD RYZEN 3 5th Gen / 16GB RAM / 512GB SSD USED LAPTOP,ACER,NITRO,RYZEN 3,5,Used,16.0,512.0,SSD,82300.0
ASUS ROG - INTEL CORE I3 9th Gen / 8GB RAM / 256GB SSD USED LAPTOP,ASUS,ROG,I3,9,Used,8.0,256.0,SSD,95200.0
ASUS VIVOBOOK - INTEL CORE I9 7th Gen / 16GB RAM / 512GB SSD USED LAPTOP,ASUS,VIVOBOOK,I9,7,Used,16.0,512.0,SSD,208000.0
ACER SWIFT - INTEL CORE I5 7th Gen / 16GB RAM / 1024GB SSD NEW LAPTOP,ACER,SWIFT,I5,7,New,16.0,1024.0,SSD,192600.0
HP PROBOOK - INTEL CORE I5 9th Gen / 32GB RAM / 256GB SSD NEW LAPTOP,HP,PROBOOK,I5,9,New,32.0,256.0,SSD,224400.0
ASUS VIVOBOOK - AMD RYZEN 5 7th Gen / 16GB RAM / 256GB SSD USED LAPTOP,ASUS,VIVOBOOK,RYZEN 5,7,Used,16.0,256.0,SSD,105100.0
APPLE MACBOOK AIR - INTEL CORE I5 8th Gen / 8GB RAM / 512GB SSD USED LAPTOP,APPLE,MACBOOK AIR,I5,8,Used,8.0,512.0,SSD,135400.0
DELL VOSTRO - INTEL CORE I7 8th Gen / 8GB RAM / 512GB SSD USED LAPTOP,DELL,VOSTRO,I7,8,Used,8.0,512.0,SSD,145200.0
ACER NITRO - INTEL CORE I9 6th Gen / 32GB RAM / 1024GB SSD USED LAPTOP,ACER,NITRO,I9,6,Used,32.0,1024.0,SSD,239900.0
HP PAVILION - AMD RYZEN 5 7th Gen / 8GB RAM / 1024GB HDD USED LAPTOP,HP,PAVILION,RYZEN 5,7,Used,8.0,1024.0,HDD,114000.0
APPLE MACBOOK PRO - INTEL CORE I5 7th Gen / 32GB RAM / 512GB SSD USED LAPTOP,APPLE,MACBOOK PRO,I5,7,Used,32.0,512.0,SSD,168000.0
ACER NITRO - AMD RYZEN 5 7th Gen / 16GB RAM / 256GB SSD USED LAPTOP,ACER,NITRO,RYZEN 5,7,Used,16.0,256.0,SSD,101100.0
ASUS ROG - AMD RYZEN 7 8th Gen / 32GB RAM / 256GB SSD USED LAPTOP,ASUS,ROG,RYZEN 7,8,Used,32.0,256.0,SSD,175300.0
ASUS ROG - INTEL CORE I9 9th Gen / 8GB RAM / 512GB SSD USED LAPTOP,ASUS,ROG,I9,9,Used,8.0,512.0,SSD,206900.0
HP PROBOOK - INTEL CORE I5 12th Gen / 16GB RAM / 256GB SSD USED LAPTOP,HP,PROBOOK,I5,12,Used,16.0,256.0,SSD,151000.0
HP VICTUS - INTEL CORE I3 9th Gen / 8GB RAM / 1024GB SSD USED LAPTOP,HP,VICTUS,I3,9,Used,8.0,1024.0,SSD,124200.0
DELL INSPIRON - INTEL CORE I5 13th Gen / 16GB RAM / 1024GB SSD USED LAPTOP,DELL,INSPIRON,I5,13,Used,16.0,1024.0,SSD,187800.0
ACER NITRO - INTEL CORE I7 13th Gen / 32GB RAM / 512GB SSD USED LAPTOP,ACER,NITRO,I7,13,Used,32.0,512.0,SSD,237100.0
HP VICTUS - INTEL CORE I5 13th Gen / 16GB RAM / 256GB SSD NEW LAPTOP,HP,VICTUS,I5,13,New,16.0,256.0,SSD,220800.0
HP SPECTRE - INTEL CORE I5 9th Gen / 8GB RAM / 512GB SSD USED LAPTOP,HP,SPECTRE,I5,9,Used,8.0,512.0,SSD,121700.0
ASUS TUF - INTEL CORE I3 8th Gen / 8GB RAM / 256GB SSD USED LAPTOP,ASUS,TUF,I3,8,Used,8.0,256.0,SSD,83900.0
APPLE MACBOOK AIR - APPLE M1  / 32GB RAM / 256GB SSD USED LAPTOP,APPLE,MACBOOK AIR,M1,0,Used,32.0,256.0,SSD,212400.0
ACER ASPIRE - INTEL CORE I3 10th Gen / 32GB RAM / 256GB SSD NEW LAPTOP,ACER,ASPIRE,I3,10,New,32.0,256.0,SSD,218900.0
ASUS VIVOBOOK - INTEL CORE I9 11th Gen / 16GB RAM / 512GB SSD USED LAPTOP,ASUS,VIVOBOOK,I9,11,Used,16.0,512.0,SSD,231200.0
ASUS TUF - INTEL CORE I3 13th Gen / 32GB RAM / 1024GB SSD USED LAPTOP,ASUS,TUF,I3,13,Used,32.0,1024.0,SSD,237500.0
ASUS TUF - INTEL CORE I9 9th Gen / 8GB RAM / 1024GB SSD USED LAPTOP,ASUS,TUF,I9,9,Used,8.0,1024.0,SSD,226100.0
HP VICTUS - INTEL CORE I3 7th Gen / 16GB RAM / 256GB SSD NEW LAPTOP,HP,VICTUS,I3,7,New,16.0,256.0,SSD,136500.0
ACER NITRO - INTEL CORE I7 12th Gen / 32GB RAM / 512GB SSD USED LAPTOP,ACER,NITRO,I7,12,Used,32.0,512.0,SSD,227800.0
ASUS TUF - INTEL CORE I9 6th Gen / 32GB RAM / 1024GB SSD USED LAPTOP,ASUS,TUF,I9,6,Used,32.0,1024.0,SSD,255800.0
HP PROBOOK - INTEL CORE I3 9th Gen / 32GB RAM / 512GB SSD USED LAPTOP,HP,PROBOOK,I3,9,Used,32.0,512.0,SSD,157300.0
ACER SWIFT - INTEL CORE I3 9th Gen / 8GB RAM / 512GB SSD USED LAPTOP,ACER,SWIFT,I3,9,Used,8.0,512.0,SSD,101600.0
ASUS VIVOBOOK - INTEL CORE I5 13th Gen / 8GB RAM / 512GB SSD USED LAPTOP,ASUS,VIVOBOOK,I5,13,Used,8.0,512.0,SSD,156600.0
DELL PRECISION - INTEL CORE I9 7th Gen / 16GB RAM / 1024GB SSD USED LAPTOP,DELL,PRECISION,I9,7,Used,16.0,1024.0,SSD,246100.0
HP ELITEBOOK - INTEL CORE I9 9th Gen / 16GB RAM / 256GB SSD USED LAPTOP,HP,ELITEBOOK,I9,9,Used,16.0,256.0,SSD,213600.0
ASUS VIVOBOOK - INTEL CORE I5 8th Gen / 32GB RAM / 512GB SSD USED LAPTOP,ASUS,VIVOBOOK,I5,8,Used,32.0,512.0,SSD,175400.0
ACER NITRO - INTEL CORE I5 6th Gen / 8GB RAM / 1024GB SSD NEW LAPTOP,ACER,NITRO,I5,6,New,8.0,1024.0,SSD,167100.0
ACER ASPIRE - INTEL CORE I5 9th Gen / 16GB RAM / 512GB SSD USED LAPTOP,ACER,ASPIRE,I5,9,Used,16.0,512.0,SSD,141300.0
ASUS TUF - INTEL CORE I9 12th Gen / 8GB RAM / 512GB SSD USED LAPTOP,ASUS,TUF,I9,12,Used,8.0,512.0,SSD,235400.0
DELL VOSTRO - INTEL CORE I7 6th Gen / 8GB RAM / 512GB SSD USED LAPTOP,DELL,VOSTRO,I7,6,Used,8.0,512.0,SSD,120500.0
APPLE MACBOOK AIR - INTEL CORE I5 8th Gen / 8GB RAM / 1024GB SSD USED LAPTOP,APPLE,MACBOOK AIR,I5,8,Used,8.0,1024.0,SSD,152700.0
DELL PRECISION - INTEL CORE I5 13th Gen / 8GB RAM / 1024GB SSD USED LAPTOP,DELL,PRECISION,I5,13,Used,8.0,1024.0,SSD,180900.0
ASUS ROG - INTEL CORE I5 7th Gen / 32GB RAM / 512GB SSD USED LAPTOP,ASUS,ROG,I5,7,Used,32.0,512.0,SSD,157100.0
ACER SWIFT - INTEL CORE I9 8th Gen / 8GB RAM / 512GB SSD USED LAPTOP,ACER,SWIFT,I9,8,Used,8.0,512.0,SSD,181500.0
APPLE MACBOOK AIR - INTEL CORE I5 12th Gen / 16GB RAM / 512GB SSD NEW LAPTOP,APPLE,MACBOOK AIR,I5,12,New,16.0,512.0,SSD,271200.0
DELL XPS - AMD RYZEN 5 7th Gen / 8GB RAM / 256GB SSD USED LAPTOP,DELL,XPS,RYZEN 5,7,Used,8.0,256.0,SSD,88900.0
ACER ASPIRE - INTEL CORE I3 13th Gen / 16GB RAM / 512GB SSD USED LAPTOP,ACER,ASPIRE,I3,13,Used,16.0,512.0,SSD,169200.0
ASUS TUF - INTEL CORE I9 13th Gen / 32GB RAM / 1024GB HDD USED LAPTOP,ASUS,TUF,I9,13,Used,32.0,1024.0,HDD,304800.0
ASUS ROG - INTEL CORE I9 10th Gen / 32GB RAM / 256GB SSD USED LAPTOP,ASUS,ROG,I9,10,Used,32.0,256.0,SSD,244900.0
ASUS ZENBOOK - INTEL CORE I3 7th Gen / 32GB RAM / 256GB SSD USED LAPTOP,ASUS,ZENBOOK,I3,7,Used,32.0,256.0,SSD,140200.0
DELL VOSTRO - AMD RYZEN 3 5th Gen / 32GB RAM / 256GB SSD USED LAPTOP,DELL,VOSTRO,RYZEN 3,5,Used,32.0,256.0,SSD,110400.0
ASUS ZENBOOK - AMD RYZEN 7 8th Gen / 8GB RAM / 256GB SSD USED LAPTOP,ASUS,ZENBOOK,RYZEN 7,8,Used,8.0,256.0,SSD,126100.0
ACER ASPIRE - INTEL CORE I3 10th Gen / 8GB RAM / 512GB SSD USED LAPTOP,ACER,ASPIRE,I3,10,Used,8.0,512.0,SSD,117500.0
ACER SWIFT - INTEL CORE I9 11th Gen / 16GB RAM / 512GB SSD NEW LAPTOP,ACER,SWIFT,I9,11,New,16.0,512.0,SSD,344100.0
DELL VOSTRO - AMD RYZEN 7 8th Gen / 16GB RAM / 512GB SSD USED LAPTOP,DELL,VOSTRO,RYZEN 7,8,Used,16.0,512.0,SSD,161900.0
ACER ASPIRE - AMD RYZEN 7 8th Gen / 8GB RAM / 512GB SSD USED LAPTOP,ACER,ASPIRE,RYZEN 7,8,Used,8.0,512.0,SSD,132300.0
APPLE MACBOOK AIR - APPLE M3  / 8GB RAM / 256GB SSD USED LAPTOP,APPLE,MACBOOK AIR,M3,0,Used,8.0,256.0,SSD,248300.0
ASUS TUF - AMD RYZEN 3 5th Gen / 32GB RAM / 1024GB SSD USED LAPTOP,ASUS,TUF,RYZEN 3,5,Used,32.0,1024.0,SSD,147300.0
ACER SWIFT - INTEL CORE I9 11th Gen / 8GB RAM / 512GB SSD USED LAPTOP,ACER,SWIFT,I9,11,Used,8.0,512.0,SSD,217900.0
ASUS ROG - INTEL CORE I3 8th Gen / 16GB RAM / 1024GB SSD USED LAPTOP,ASUS,ROG,I3,8,Used,16.0,1024.0,SSD,136200.0
ACER ASPIRE - INTEL CORE I3 12th Gen / 16GB RAM / 512GB SSD USED LAPTOP,ACER,ASPIRE,I3,12,Used,16.0,512.0,SSD,136100.0
DELL LATITUDE - INTEL CORE I9 6th Gen / 8GB RAM / 1024GB SSD USED LAPTOP,DELL,LATITUDE,I9,6,Used,8.0,1024.0,SSD,212900.0
HP ENVY - INTEL CORE I9 13th Gen / 32GB RAM / 1024GB HDD USED LAPTOP,HP,ENVY,I9,13,Used,32.0,1024.0,HDD,317700.0
ASUS TUF - INTEL CORE I7 8th Gen / 8GB RAM / 512GB SSD USED LAPTOP,ASUS,TUF,I7,8,Used,8.0,512.0,SSD,144000.0
ACER NITRO - INTEL CORE I9 6th Gen / 16GB RAM / 256GB SSD USED LAPTOP,ACER,NITRO,I9,6,Used,16.0,256.0,SSD,175100.0
ACER SWIFT - INTEL CORE I3 11th Gen / 32GB RAM / 1024GB HDD USED LAPTOP,ACER,SWIFT,I3,11,Used,32.0,1024.0,HDD,178600.0
DELL PRECISION - INTEL CORE I9 8th Gen / 16GB RAM / 256GB SSD USED LAPTOP,DELL,PRECISION,I9,8,Used,16.0,256.0,SSD,193400.0
HP ELITEBOOK - INTEL CORE I5 10th Gen / 32GB RAM / 1024GB HDD USED LAPTOP,HP,ELITEBOOK,I5,10,Used,32.0,1024.0,HDD,200000.0
HP PAVILION - AMD RYZEN 5 7th Gen / 16GB RAM / 512GB SSD USED LAPTOP,HP,PAVILION,RYZEN 5,7,Used,16.0,512.0,SSD,122200.0
DELL LATITUDE - INTEL CORE I9 12th Gen / 8GB RAM / 256GB SSD USED LAPTOP,DELL,LATITUDE,I9,12,Used,8.0,256.0,SSD,243300.0
APPLE MACBOOK AIR - INTEL CORE I5 13th Gen / 8GB RAM / 512GB SSD USED LAPTOP,APPLE,MACBOOK AIR,I5,13,Used,8.0,512.0,SSD,174500.0
ACER ASPIRE - INTEL CORE I3 6th Gen / 8GB RAM / 512GB SSD USED LAPTOP,ACER,ASPIRE,I3,6,Used,8.0,512.0,SSD,77100.0
DELL XPS - INTEL CORE I7 7th Gen / 32GB RAM / 512GB SSD NEW LAPTOP,DELL,XPS,I7,7,New,32.0,512.0,SSD,240800.0
ACER ASPIRE - AMD RYZEN 3 5th Gen / 16GB RAM / 256GB SSD USED LAPTOP,ACER,ASPIRE,RYZEN 3,5,Used,16.0,256.0,SSD,70000.0
ACER NITRO - INTEL CORE I5 12th Gen / 8GB RAM / 1024GB SSD USED LAPTOP,ACER,NITRO,I5,12,Used,8.0,1024.0,SSD,164400.0
ASUS ZENBOOK - INTEL CORE I9 6th Gen / 8GB RAM / 1024GB HDD USED LAPTOP,ASUS,ZENBOOK,I9,6,Used,8.0,1024.0,HDD,202500.0
HP VICTUS - INTEL CORE I5 11th Gen / 16GB RAM / 1024GB SSD USED LAPTOP,HP,VICTUS,I5,11,Used,16.0,1024.0,SSD,171300.0
ACER ASPIRE - AMD RYZEN 5 7th Gen / 8GB RAM / 256GB SSD USED LAPTOP,ACER,ASPIRE,RYZEN 5,7,Used,8.0,256.0,SSD,93100.0
APPLE MACBOOK AIR - APPLE M2  / 16GB RAM / 1024GB SSD USED LAPTOP,APPLE,MACBOOK AIR,M2,0,Used,16.0,1024.0,SSD,260600.0
ACER ASPIRE - AMD RYZEN 3 5th Gen / 8GB RAM / 1024GB SSD USED LAPTOP,ACER,ASPIRE,RYZEN 3,5,Used,8.0,1024.0,SSD,88600.0
ACER ASPIRE - AMD RYZEN 7 8th Gen / 8GB RAM / 1024GB HDD USED LAPTOP,ACER,ASPIRE,RYZEN 7,8,Used,8.0,1024.0,HDD,139300.0
HP PROBOOK - AMD RYZEN 3 5th Gen / 16GB RAM / 512GB SSD USED LAPTOP,HP,PROBOOK,RYZEN 3,5,Used,16.0,512.0,SSD,87700.0
ASUS ROG - INTEL CORE I5 8th Gen / 8GB RAM / 1024GB HDD USED LAPTOP,ASUS,ROG,I5,8,Used,8.0,1024.0,HDD,119600.0
DELL PRECISION - INTEL CORE I7 8th Gen / 32GB RAM / 256GB SSD USED LAPTOP,DELL,PRECISION,I7,8,Used,32.0,256.0,SSD,170100.0
DELL VOSTRO - AMD RYZEN 3 5th Gen / 8GB RAM / 512GB SSD NEW LAPTOP,DELL,VOSTRO,RYZEN 3,5,New,8.0,512.0,SSD,106100.0
HP SPECTRE - INTEL CORE I7 6th Gen / 32GB RAM / 512GB SSD USED LAPTOP,HP,SPECTRE,I7,6,Used,32.0,512.0,SSD,177500.0
ASUS ZENBOOK - INTEL CORE I3 9th Gen / 16GB RAM / 1024GB HDD USED LAPTOP,ASUS,ZENBOOK,I3,9,Used,16.0,1024.0,HDD,140600.0
ACER NITRO - INTEL CORE I3 13th Gen / 16GB RAM / 256GB SSD USED LAPTOP,ACER,NITRO,I3,13,Used,16.0,256.0,SSD,136300.0
ASUS VIVOBOOK - INTEL CORE I7 7th Gen / 8GB RAM / 512GB SSD USED LAPTOP,ASUS,VIVOBOOK,I7,7,Used,8.0,512.0,SSD,129400.0
HP VICTUS - INTEL CORE I3 8th Gen / 32GB RAM / 1024GB HDD USED LAPTOP,HP,VICTUS,I3,8,Used,32.0,1024.0,HDD,152700.0
HP PROBOOK - INTEL CORE I9 11th Gen / 8GB RAM / 256GB SSD USED LAPTOP,HP,PROBOOK,I9,11,Used,8.0,256.0,SSD,219900.0
APPLE MACBOOK AIR - APPLE M2  / 32GB RAM / 256GB SSD USED LAPTOP,APPLE,MACBOOK AIR,M2,0,Used,32.0,256.0,SSD,240200.0
APPLE MACBOOK PRO - APPLE M1  / 32GB RAM / 512GB SSD USED LAPTOP,APPLE,MACBOOK PRO,M1,0,Used,32.0,512.0,SSD,223000.0
ACER NITRO - AMD RYZEN 7 8th Gen / 8GB RAM / 1024GB SSD USED LAPTOP,ACER,NITRO,RYZEN 7,8,Used,8.0,1024.0,SSD,153800.0
ACER NITRO - INTEL CORE I7 6th Gen / 8GB RAM / 1024GB HDD USED LAPTOP,ACER,NITRO,I7,6,Used,8.0,1024.0,HDD,137200.0
ACER ASPIRE - INTEL CORE I5 12th Gen / 8GB RAM / 256GB SSD USED LAPTOP,ACER,ASPIRE,I5,12,Used,8.0,256.0,SSD,138200.0
ASUS VIVOBOOK - INTEL CORE I3 11th Gen / 32GB RAM / 256GB SSD USED LAPTOP,ASUS,VIVOBOOK,I3,11,Used,32.0,256.0,SSD,161600.0
HP ENVY - INTEL CORE I7 13th Gen / 32GB RAM / 1024GB SSD USED LAPTOP,HP,ENVY,I7,13,Used,32.0,1024.0,SSD,237500.0
ACER SWIFT - INTEL CORE I9 8th Gen / 32GB RAM / 256GB SSD USED LAPTOP,ACER,SWIFT,I9,8,Used,32.0,256.0,SSD,233000.0
ASUS VIVOBOOK - INTEL CORE I5 13th Gen / 32GB RAM / 1024GB SSD USED LAPTOP,ASUS,VIVOBOOK,I5,13,Used,32.0,1024.0,SSD,238800.0
DELL INSPIRON - AMD RYZEN 5 7th Gen / 16GB RAM / 256GB SSD USED LAPTOP,DELL,INSPIRON,RYZEN 5,7,Used,16.0,256.0,SSD,113200.0
APPLE MACBOOK PRO - APPLE M2  / 32GB RAM / 256GB SSD USED LAPTOP,APPLE,MACBOOK PRO,M2,0,Used,32.0,256.0,SSD,246700.0
ACER SWIFT - AMD RYZEN 3 5th Gen / 16GB RAM / 512GB SSD NEW LAPTOP,ACER,SWIFT,RYZEN 3,5,New,16.0,512.0,SSD,125900.0
APPLE MACBOOK AIR - INTEL CORE I5 6th Gen / 16GB RAM / 256GB SSD USED LAPTOP,APPLE,MACBOOK AIR,I5,6,Used,16.0,256.0,SSD,130300.0
HP ELITEBOOK - AMD RYZEN 7 8th Gen / 32GB RAM / 1024GB SSD NEW LAPTOP,HP,ELITEBOOK,RYZEN 7,8,New,32.0,1024.0,SSD,287000.0
ASUS TUF - AMD RYZEN 5 7th Gen / 32GB RAM / 512GB SSD USED LAPTOP,ASUS,TUF,RYZEN 5,7,Used,32.0,512.0,SSD,153400.0
ACER NITRO - INTEL CORE I7 6th Gen / 32GB RAM / 1024GB SSD USED LAPTOP,ACER,NITRO,I7,6,Used,32.0,1024.0,SSD,187300.0
DELL VOSTRO - INTEL CORE I7 13th Gen / 8GB RAM / 512GB SSD USED LAPTOP,DELL,VOSTRO,I7,13,Used,8.0,512.0,SSD,185600.0
HP VICTUS - AMD RYZEN 5 7th Gen / 16GB RAM / 256GB SSD USED LAPTOP,HP,VICTUS,RYZEN 5,7,Used,16.0,256.0,SSD,115400.0
DELL PRECISION - INTEL CORE I5 6th Gen / 8GB RAM / 1024GB SSD NEW LAPTOP,DELL,PRECISION,I5,6,New,8.0,1024.0,SSD,164300.0
HP PROBOOK - INTEL CORE I7 11th Gen / 8GB RAM / 512GB SSD USED LAPTOP,HP,PROBOOK,I7,11,Used,8.0,512.0,SSD,167200.0
APPLE MACBOOK AIR - APPLE M3  / 32GB RAM / 256GB SSD USED LAPTOP,APPLE,MACBOOK AIR,M3,0,Used,32.0,256.0,SSD,294100.0
APPLE MACBOOK PRO - APPLE M3  / 8GB RAM / 1024GB HDD USED LAPTOP,APPLE,MACBOOK PRO,M3,0,Used,8.0,1024.0,HDD,274900.0
HP VICTUS - INTEL CORE I3 10th Gen / 8GB RAM / 256GB SSD USED LAPTOP,HP,VICTUS,I3,10,Used,8.0,256.0,SSD,99600.0
HP ELITEBOOK - INTEL CORE I3 6th Gen / 32GB RAM / 1024GB SSD USED LAPTOP,HP,ELITEBOOK,I3,6,Used,32.0,1024.0,SSD,166500.0
APPLE MACBOOK PRO - APPLE M1  / 8GB RAM / 1024GB HDD USED LAPTOP,APPLE,MACBOOK PRO,M1,0,Used,8.0,1024.0,HDD,187100.0
HP PROBOOK - INTEL CORE I7 6th Gen / 8GB RAM / 512GB SSD USED LAPTOP,HP,PROBOOK,I7,6,Used,8.0,512.0,SSD,113500.0
ASUS TUF - INTEL CORE I9 11th Gen / 16GB RAM / 512GB SSD NEW LAPTOP,ASUS,TUF,I9,11,New,16.0,512.0,SSD,341600.0
DELL XPS - AMD RYZEN 7 8th Gen / 8GB RAM / 1024GB HDD USED LAPTOP,DELL,XPS,RYZEN 7,8,Used,8.0,1024.0,HDD,148200.0
HP ENVY - INTEL CORE I3 9th Gen / 8GB RAM / 1024GB SSD USED LAPTOP,HP,ENVY,I3,9,Used,8.0,1024.0,SSD,132500.0
DELL LATITUDE - INTEL CORE I5 7th Gen / 16GB RAM / 1024GB HDD USED LAPTOP,DELL,LATITUDE,I5,7,Used,16.0,1024.0,HDD,128600.0
ASUS VIVOBOOK - AMD RYZEN 3 5th Gen / 8GB RAM / 256GB SSD USED LAPTOP,ASUS,VIVOBOOK,RYZEN 3,5,Used,8.0,256.0,SSD,62200.0
APPLE MACBOOK PRO - APPLE M3  / 32GB RAM / 1024GB SSD USED LAPTOP,APPLE,MACBOOK PRO,M3,0,Used,32.0,1024.0,SSD,363600.0
ACER NITRO - AMD RYZEN 5 7th Gen / 8GB RAM / 1024GB SSD NEW LAPTOP,ACER,NITRO,RYZEN 5,7,New,8.0,1024.0,SSD,185100.0
HP VICTUS - AMD RYZEN 3 5th Gen / 16GB RAM / 1024GB HDD NEW LAPTOP,HP,VICTUS,RYZEN 3,5,New,16.0,1024.0,HDD,145200.0
HP PROBOOK - AMD RYZEN 7 8th Gen / 8GB RAM / 256GB SSD NEW LAPTOP,HP,PROBOOK,RYZEN 7,8,New,8.0,256.0,SSD,175600.0
ASUS ZENBOOK - AMD RYZEN 5 7th Gen / 16GB RAM / 1024GB HDD USED LAPTOP,ASUS,ZENBOOK,RYZEN 5,7,Used,16.0,1024.0,HDD,131400.0
ACER SWIFT - AMD RYZEN 7 8th Gen / 16GB RAM / 512GB SSD USED LAPTOP,ACER,SWIFT,RYZEN 7,8,Used,16.0,512.0,SSD,154100.0
HP ENVY - INTEL CORE I3 9th Gen / 16GB RAM / 256GB SSD USED LAPTOP,HP,ENVY,I3,9,Used,16.0,256.0,SSD,116000.0
APPLE MACBOOK AIR - INTEL CORE I7 8th Gen / 32GB RAM / 512GB SSD NEW LAPTOP,APPLE,MACBOOK AIR,I7,8,New,32.0,512.0,SSD,303000.0
HP ENVY - INTEL CORE I9 13th Gen / 32GB RAM / 256GB SSD USED LAPTOP,HP,ENVY,I9,13,Used,32.0,256.0,SSD,261200.0
DELL XPS - AMD RYZEN 5 7th Gen / 8GB RAM / 512GB SSD USED LAPTOP,DELL,XPS,RYZEN 5,7,Used,8.0,512.0,SSD,104000.0
HP SPECTRE - AMD RYZEN 5 7th Gen / 32GB RAM / 256GB SSD USED LAPTOP,HP,SPECTRE,RYZEN 5,7,Used,32.0,256.0,SSD,139800.0
DELL XPS - INTEL CORE I9 6th Gen / 8GB RAM / 256GB SSD USED LAPTOP,DELL,XPS,I9,6,Used,8.0,256.0,SSD,172500.0
HP PROBOOK - INTEL CORE I7 6th Gen / 16GB RAM / 512GB SSD USED LAPTOP,HP,PROBOOK,I7,6,Used,16.0,512.0,SSD,140500.0
ASUS VIVOBOOK - AMD RYZEN 7 8th Gen / 16GB RAM / 512GB SSD USED LAPTOP,ASUS,VIVOBOOK,RYZEN 7,8,Used,16.0,512.0,SSD,169900.0
HP VICTUS - AMD RYZEN 3 5th Gen / 8GB RAM / 256GB SSD NEW LAPTOP,HP,VICTUS,RYZEN 3,5,New,8.0,256.0,SSD,77600.0
DELL XPS - INTEL CORE I7 9th Gen / 16GB RAM / 1024GB HDD USED LAPTOP,DELL,XPS,I7,9,Used,16.0,1024.0,HDD,168600.0
DELL LATITUDE - INTEL CORE I9 13th Gen / 16GB RAM / 1024GB SSD USED LAPTOP,DELL,LATITUDE,I9,13,Used,16.0,1024.0,SSD,268100.0
ACER ASPIRE - INTEL CORE I5 13th Gen / 8GB RAM / 512GB SSD USED LAPTOP,ACER,ASPIRE,I5,13,Used,8.0,512.0,SSD,158000.0
HP ELITEBOOK - INTEL CORE I3 9th Gen / 32GB RAM / 512GB SSD NEW LAPTOP,HP,ELITEBOOK,I3,9,New,32.0,512.0,SSD,234800.0
ACER ASPIRE - INTEL CORE I5 7th Gen / 16GB RAM / 1024GB HDD USED LAPTOP,ACER,ASPIRE,I5,7,Used,16.0,1024.0,HDD,125600.0
DELL LATITUDE - AMD RYZEN 5 7th Gen / 32GB RAM / 256GB SSD USED LAPTOP,DELL,LATITUDE,RYZEN 5,7,Used,32.0,256.0,SSD,138500.0
HP PROBOOK - INTEL CORE I3 10th Gen / 8GB RAM / 1024GB SSD USED LAPTOP,HP,PROBOOK,I3,10,Used,8.0,1024.0,SSD,127400.0
ACER SWIFT - INTEL CORE I5 8th Gen / 32GB RAM / 256GB SSD USED LAPTOP,ACER,SWIFT,I5,8,Used,32.0,256.0,SSD,144400.0
DELL VOSTRO - INTEL CORE I7 10th Gen / 8GB RAM / 512GB SSD NEW LAPTOP,DELL,VOSTRO,I7,10,New,8.0,512.0,SSD,221500.0
APPLE MACBOOK PRO - APPLE M1  / 32GB RAM / 256GB SSD USED LAPTOP,APPLE,MACBOOK PRO,M1,0,Used,32.0,256.0,SSD,205400.0
DELL LATITUDE - INTEL CORE I3 13th Gen / 16GB RAM / 1024GB HDD USED LAPTOP,DELL,LATITUDE,I3,13,Used,16.0,1024.0,HDD,162500.0
HP ELITEBOOK - AMD RYZEN 7 8th Gen / 16GB RAM / 1024GB HDD USED LAPTOP,HP,ELITEBOOK,RYZEN 7,8,Used,16.0,1024.0,HDD,152700.0
DELL VOSTRO - INTEL CORE I7 9th Gen / 32GB RAM / 512GB SSD USED LAPTOP,DELL,VOSTRO,I7,9,Used,32.0,512.0,SSD,212600.0
DELL VOSTRO - AMD RYZEN 5 7th Gen / 8GB RAM / 512GB SSD USED LAPTOP,DELL,VOSTRO,RYZEN 5,7,Used,8.0,512.0,SSD,100900.0
APPLE MACBOOK AIR - INTEL CORE I7 7th Gen / 32GB RAM / 512GB SSD USED LAPTOP,APPLE,MACBOOK AIR,I7,7,Used,32.0,512.0,SSD,186900.0
ACER SWIFT - INTEL CORE I7 12th Gen / 16GB RAM / 1024GB SSD USED LAPTOP,ACER,SWIFT,I7,12,Used,16.0,1024.0,SSD,204400.0
APPLE MACBOOK AIR - INTEL CORE I5 10th Gen / 8GB RAM / 256GB SSD USED LAPTOP,APPLE,MACBOOK AIR,I5,10,Used,8.0,256.0,SSD,149500.0
ACER ASPIRE - INTEL CORE I7 6th Gen / 8GB RAM / 512GB SSD USED LAPTOP,ACER,ASPIRE,I7,6,Used,8.0,512.0,SSD,107200.0
DELL INSPIRON - INTEL CORE I7 13th Gen / 16GB RAM / 256GB SSD USED LAPTOP,DELL,INSPIRON,I7,13,Used,16.0,256.0,SSD,177700.0
DELL LATITUDE - AMD RYZEN 7 8th Gen / 8GB RAM / 512GB SSD USED LAPTOP,DELL,LATITUDE,RYZEN 7,8,Used,8.0,512.0,SSD,129900.0
ACER SWIFT - AMD RYZEN 5 7th Gen / 16GB RAM / 512GB SSD USED LAPTOP,ACER,SWIFT,RYZEN 5,7,Used,16.0,512.0,SSD,117500.0
DELL LATITUDE - AMD RYZEN 3 5th Gen / 8GB RAM / 512GB SSD USED LAPTOP,DELL,LATITUDE,RYZEN 3,5,Used,8.0,512.0,SSD,69300.0
HP ELITEBOOK - INTEL CORE I7 13th Gen / 8GB RAM / 1024GB SSD USED LAPTOP,HP,ELITEBOOK,I7,13,Used,8.0,1024.0,SSD,210700.0
ASUS ROG - INTEL CORE I9 8th Gen / 32GB RAM / 1024GB HDD USED LAPTOP,ASUS,ROG,I9,8,Used,32.0,1024.0,HDD,285500.0
DELL VOSTRO - AMD RYZEN 3 5th Gen / 8GB RAM / 256GB SSD NEW LAPTOP,DELL,VOSTRO,RYZEN 3,5,New,8.0,256.0,SSD,83700.0
ASUS TUF - AMD RYZEN 3 5th Gen / 8GB RAM / 512GB SSD USED LAPTOP,ASUS,TUF,RYZEN 3,5,Used,8.0,512.0,SSD,68100.0
HP PAVILION - INTEL CORE I7 10th Gen / 32GB RAM / 256GB SSD NEW LAPTOP,HP,PAVILION,I7,10,New,32.0,256.0,SSD,260100.0
ASUS VIVOBOOK - INTEL CORE I5 11th Gen / 8GB RAM / 1024GB SSD NEW LAPTOP,ASUS,VIVOBOOK,I5,11,New,8.0,1024.0,SSD,235300.0
ACER ASPIRE - AMD RYZEN 7 8th Gen / 32GB RAM / 512GB SSD USED LAPTOP,ACER,ASPIRE,RYZEN 7,8,Used,32.0,512.0,SSD,173700.0
ASUS ROG - INTEL CORE I9 8th Gen / 32GB RAM / 1024GB HDD USED LAPTOP,ASUS,ROG,I9,8,Used,32.0,1024.0,HDD,251300.0
ASUS ROG - INTEL CORE I5 9th Gen / 8GB RAM / 1024GB HDD NEW LAPTOP,ASUS,ROG,I5,9,New,8.0,1024.0,HDD,204400.0
ASUS TUF - AMD RYZEN 7 8th Gen / 8GB RAM / 256GB SSD USED LAPTOP,ASUS,TUF,RYZEN 7,8,Used,8.0,256.0,SSD,134500.0
HP SPECTRE - INTEL CORE I7 12th Gen / 8GB RAM / 512GB SSD NEW LAPTOP,HP,SPECTRE,I7,12,New,8.0,512.0,SSD,233900.0
HP ENVY - INTEL CORE I9 10th Gen / 8GB RAM / 512GB SSD USED LAPTOP,HP,ENVY,I9,10,Used,8.0,512.0,SSD,203000.0
ACER SWIFT - AMD RYZEN 3 5th Gen / 32GB RAM / 256GB SSD USED LAPTOP,ACER,SWIFT,RYZEN 3,5,Used,32.0,256.0,SSD,115000.0
ACER ASPIRE - INTEL CORE I7 11th Gen / 16GB RAM / 256GB SSD USED LAPTOP,ACER,ASPIRE,I7,11,Used,16.0,256.0,SSD,173500.0
ASUS VIVOBOOK - INTEL CORE I9 8th Gen / 8GB RAM / 256GB SSD USED LAPTOP,ASUS,VIVOBOOK,I9,8,Used,8.0,256.0,SSD,193900.0
ASUS ROG - INTEL CORE I5 9th Gen / 8GB RAM / 256GB SSD USED LAPTOP,ASUS,ROG,I5,9,Used,8.0,256.0,SSD,120600.0
HP ENVY - INTEL CORE I3 8th Gen / 8GB RAM / 256GB SSD USED LAPTOP,HP,ENVY,I3,8,Used,8.0,256.0,SSD,78400.0
DELL XPS - INTEL CORE I9 6th Gen / 16GB RAM / 1024GB SSD USED LAPTOP,DELL,XPS,I9,6,Used,16.0,1024.0,SSD,223800.0
HP SPECTRE - INTEL CORE I9 11th Gen / 16GB RAM / 512GB SSD NEW LAPTOP,HP,SPECTRE,I9,11,New,16.0,512.0,SSD,325600.0
ACER ASPIRE - INTEL CORE I5 8th Gen / 32GB RAM / 256GB SSD USED LAPTOP,ACER,ASPIRE,I5,8,Used,32.0,256.0,SSD,157700.0
APPLE MACBOOK PRO - INTEL CORE I7 11th Gen / 32GB RAM / 512GB SSD USED LAPTOP,APPLE,MACBOOK PRO,I7,11,Used,32.0,512.0,SSD,255100.0
ASUS ZENBOOK - INTEL CORE I9 12th Gen / 8GB RAM / 1024GB SSD USED LAPTOP,ASUS,ZENBOOK,I9,12,Used,8.0,1024.0,SSD,275800.0
ACER NITRO - INTEL CORE I5 11th Gen / 32GB RAM / 1024GB HDD USED LAPTOP,ACER,NITRO,I5,11,Used,32.0,1024.0,HDD,212300.0
APPLE MACBOOK PRO - APPLE M3  / 16GB RAM / 256GB SSD USED LAPTOP,APPLE,MACBOOK PRO,M3,0,Used,16.0,256.0,SSD,271500.0
APPLE MACBOOK PRO - APPLE M2  / 8GB RAM / 256GB SSD USED LAPTOP,APPLE,MACBOOK PRO,M2,0,Used,8.0,256.0,SSD,205000.0
HP SPECTRE - AMD RYZEN 3 5th Gen / 32GB RAM / 256GB SSD USED LAPTOP,HP,SPECTRE,RYZEN 3,5,Used,32.0,256.0,SSD,105600.0
ACER SWIFT - INTEL CORE I3 9th Gen / 16GB RAM / 1024GB HDD USED LAPTOP,ACER,SWIFT,I3,9,Used,16.0,1024.0,HDD,127100.0
ASUS TUF - AMD RYZEN 3 5th Gen / 8GB RAM / 256GB SSD USED LAPTOP,ASUS,TUF,RYZEN 3,5,Used,8.0,256.0,SSD,61700.0
DELL INSPIRON - INTEL CORE I9 10th Gen / 32GB RAM / 256GB SSD USED LAPTOP,DELL,INSPIRON,I9,10,Used,32.0,256.0,SSD,244400.0
ACER NITRO - INTEL CORE I7 6th Gen / 32GB RAM / 256GB SSD USED LAPTOP,ACER,NITRO,I7,6,Used,32.0,256.0,SSD,160000.0
DELL PRECISION - INTEL CORE I3 7th Gen / 16GB RAM / 512GB SSD USED LAPTOP,DELL,PRECISION,I3,7,Used,16.0,512.0,SSD,106300.0
ASUS VIVOBOOK - INTEL CORE I5 12th Gen / 8GB RAM / 1024GB SSD USED LAPTOP,ASUS,VIVOBOOK,I5,12,Used,8.0,1024.0,SSD,186800.0
DELL PRECISION - INTEL CORE I3 10th Gen / 8GB RAM / 256GB SSD USED LAPTOP,DELL,PRECISION,I3,10,Used,8.0,256.0,SSD,110300.0
HP ELITEBOOK - INTEL CORE I9 11th Gen / 16GB RAM / 256GB SSD USED LAPTOP,HP,ELITEBOOK,I9,11,Used,16.0,256.0,SSD,216900.0
HP PROBOOK - INTEL CORE I5 11th Gen / 8GB RAM / 512GB SSD USED LAPTOP,HP,PROBOOK,I5,11,Used,8.0,512.0,SSD,148700.0
HP VICTUS - AMD RYZEN 7 8th Gen / 32GB RAM / 1024GB SSD USED LAPTOP,HP,VICTUS,RYZEN 7,8,Used,32.0,1024.0,SSD,220200.0
ASUS ZENBOOK - INTEL CORE I9 11th Gen / 32GB RAM / 256GB SSD USED LAPTOP,ASUS,ZENBOOK,I9,11,Used,32.0,256.0,SSD,283700.0
APPLE MACBOOK PRO - INTEL CORE I7 13th Gen / 8GB RAM / 256GB SSD USED LAPTOP,APPLE,MACBOOK PRO,I7,13,Used,8.0,256.0,SSD,191100.0
DELL VOSTRO - INTEL CORE I5 7th Gen / 16GB RAM / 1024GB SSD USED LAPTOP,DELL,VOSTRO,I5,7,Used,16.0,1024.0,SSD,155800.0
APPLE MACBOOK PRO - APPLE M1  / 8GB RAM / 512GB SSD USED LAPTOP,APPLE,MACBOOK PRO,M1,0,Used,8.0,512.0,SSD,182800.0
APPLE MACBOOK PRO - APPLE M3  / 32GB RAM / 512GB SSD USED LAPTOP,APPLE,MACBOOK PRO,M3,0,Used,32.0,512.0,SSD,312200.0
ASUS TUF - INTEL CORE I7 11th Gen / 16GB RAM / 1024GB SSD USED LAPTOP,ASUS,TUF,I7,11,Used,16.0,1024.0,SSD,214600.0
ASUS VIVOBOOK - INTEL CORE I7 6th Gen / 16GB RAM / 256GB SSD USED LAPTOP,ASUS,VIVOBOOK,I7,6,Used,16.0,256.0,SSD,126400.0
HP VICTUS - INTEL CORE I3 6th Gen / 32GB RAM / 512GB SSD USED LAPTOP,HP,VICTUS,I3,6,Used,32.0,512.0,SSD,124300.0
DELL VOSTRO - AMD RYZEN 5 7th Gen / 16GB RAM / 256GB SSD USED LAPTOP,DELL,VOSTRO,RYZEN 5,7,Used,16.0,256.0,SSD,109700.0
ACER NITRO - INTEL CORE I9 12th Gen / 32GB RAM / 256GB SSD USED LAPTOP,ACER,NITRO,I9,12,Used,32.0,256.0,SSD,257900.0
ACER NITRO - INTEL CORE I3 10th Gen / 32GB RAM / 256GB SSD USED LAPTOP,ACER,NITRO,I3,10,Used,32.0,256.0,SSD,158500.0
HP PAVILION - AMD RYZEN 7 8th Gen / 32GB RAM / 512GB SSD USED LAPTOP,HP,PAVILION,RYZEN 7,8,Used,32.0,512.0,SSD,199500.0
APPLE MACBOOK AIR - APPLE M3  / 16GB RAM / 512GB SSD NEW LAPTOP,APPLE,MACBOOK AIR,M3,0,New,16.0,512.0,SSD,407600.0
ASUS ZENBOOK - AMD RYZEN 5 7th Gen / 16GB RAM / 256GB SSD USED LAPTOP,ASUS,ZENBOOK,RYZEN 5,7,Used,16.0,256.0,SSD,105200.0
ASUS VIVOBOOK - AMD RYZEN 7 8th Gen / 8GB RAM / 1024GB SSD NEW LAPTOP,ASUS,VIVOBOOK,RYZEN 7,8,New,8.0,1024.0,SSD,229300.0
DELL XPS - AMD RYZEN 7 8th Gen / 32GB RAM / 256GB SSD USED LAPTOP,DELL,XPS,RYZEN 7,8,Used,32.0,256.0,SSD,174100.0
ASUS ROG - INTEL CORE I3 10th Gen / 32GB RAM / 1024GB SSD USED LAPTOP,ASUS,ROG,I3,10,Used,32.0,1024.0,SSD,203400.0
ACER SWIFT - INTEL CORE I3 10th Gen / 8GB RAM / 512GB SSD NEW LAPTOP,ACER,SWIFT,I3,10,New,8.0,512.0,SSD,154600.0
HP ELITEBOOK - AMD RYZEN 7 8th Gen / 32GB RAM / 512GB SSD USED LAPTOP,HP,ELITEBOOK,RYZEN 7,8,Used,32.0,512.0,SSD,202200.0
ASUS VIVOBOOK - INTEL CORE I5 8th Gen / 8GB RAM / 512GB SSD USED LAPTOP,ASUS,VIVOBOOK,I5,8,Used,8.0,512.0,SSD,106900.0
DELL VOSTRO - AMD RYZEN 5 7th Gen / 8GB RAM / 512GB SSD USED LAPTOP,DELL,VOSTRO,RYZEN 5,7,Used,8.0,512.0,SSD,114000.0
ACER NITRO - AMD RYZEN 7 8th Gen / 16GB RAM / 256GB SSD USED LAPTOP,ACER,NITRO,RYZEN 7,8,Used,16.0,256.0,SSD,150000.0
APPLE MACBOOK AIR - APPLE M3  / 32GB RAM / 512GB SSD USED LAPTOP,APPLE,MACBOOK AIR,M3,0,Used,32.0,512.0,SSD,308300.0
ACER ASPIRE - AMD RYZEN 5 7th Gen / 8GB RAM / 512GB SSD USED LAPTOP,ACER,ASPIRE,RYZEN 5,7,Used,8.0,512.0,SSD,97400.0
HP SPECTRE - AMD RYZEN 7 8th Gen / 8GB RAM / 1024GB SSD USED LAPTOP,HP,SPECTRE,RYZEN 7,8,Used,8.0,1024.0,SSD,150000.0
ASUS ZENBOOK - INTEL CORE I5 11th Gen / 8GB RAM / 1024GB SSD USED LAPTOP,ASUS,ZENBOOK,I5,11,Used,8.0,1024.0,SSD,157300.0
ASUS VIVOBOOK - AMD RYZEN 7 8th Gen / 32GB RAM / 512GB SSD USED LAPTOP,ASUS,VIVOBOOK,RYZEN 7,8,Used,32.0,512.0,SSD,187900.0
APPLE MACBOOK PRO - APPLE M2  / 32GB RAM / 256GB SSD USED LAPTOP,APPLE,MACBOOK PRO,M2,0,Used,32.0,256.0,SSD,245700.0
HP PROBOOK - INTEL CORE I7 12th Gen / 32GB RAM / 512GB SSD USED LAPTOP,HP,PROBOOK,I7,12,Used,32.0,512.0,SSD,210300.0
ACER NITRO - INTEL CORE I7 8th Gen / 32GB RAM / 1024GB SSD USED LAPTOP,ACER,NITRO,I7,8,Used,32.0,1024.0,SSD,219500.0
ACER NITRO - INTEL CORE I5 11th Gen / 32GB RAM / 1024GB SSD USED LAPTOP,ACER,NITRO,I5,11,Used,32.0,1024.0,SSD,200100.0
ACER SWIFT - AMD RYZEN 7 8th Gen / 16GB RAM / 256GB SSD NEW LAPTOP,ACER,SWIFT,RYZEN 7,8,New,16.0,256.0,SSD,211800.0
DELL VOSTRO - INTEL CORE I9 11th Gen / 16GB RAM / 256GB SSD USED LAPTOP,DELL,VOSTRO,I9,11,Used,16.0,256.0,SSD,217100.0
DELL VOSTRO - AMD RYZEN 5 7th Gen / 16GB RAM / 512GB SSD USED LAPTOP,DELL,VOSTRO,RYZEN 5,7,Used,16.0,512.0,SSD,133700.0
APPLE MACBOOK PRO - INTEL CORE I7 10th Gen / 8GB RAM / 256GB SSD NEW LAPTOP,APPLE,MACBOOK PRO,I7,10,New,8.0,256.0,SSD,229800.0
DELL VOSTRO - AMD RYZEN 3 5th Gen / 8GB RAM / 256GB SSD USED LAPTOP,DELL,VOSTRO,RYZEN 3,5,Used,8.0,256.0,SSD,61800.0
DELL INSPIRON - INTEL CORE I7 6th Gen / 8GB RAM / 512GB SSD USED LAPTOP,DELL,INSPIRON,I7,6,Used,8.0,512.0,SSD,118300.0
ASUS ZENBOOK - INTEL CORE I3 6th Gen / 8GB RAM / 256GB SSD USED LAPTOP,ASUS,ZENBOOK,I3,6,Used,8.0,256.0,SSD,70600.0
DELL INSPIRON - INTEL CORE I9 8th Gen / 16GB RAM / 1024GB SSD NEW LAPTOP,DELL,INSPIRON,I9,8,New,16.0,1024.0,SSD,348300.0
DELL PRECISION - INTEL CORE I7 11th Gen / 16GB RAM / 512GB SSD USED LAPTOP,DELL,PRECISION,I7,11,Used,16.0,512.0,SSD,183500.0
ACER ASPIRE - INTEL CORE I9 9th Gen / 8GB RAM / 256GB SSD USED LAPTOP,ACER,ASPIRE,I9,9,Used,8.0,256.0,SSD,187300.0
DELL LATITUDE - INTEL CORE I3 7th Gen / 16GB RAM / 1024GB HDD USED LAPTOP,DELL,LATITUDE,I3,7,Used,16.0,1024.0,HDD,120100.0
ASUS ZENBOOK - AMD RYZEN 7 8th Gen / 16GB RAM / 1024GB SSD USED LAPTOP,ASUS,ZENBOOK,RYZEN 7,8,Used,16.0,1024.0,SSD,168200.0
DELL VOSTRO - INTEL CORE I5 13th Gen / 32GB RAM / 256GB SSD USED LAPTOP,DELL,VOSTRO,I5,13,Used,32.0,256.0,SSD,199300.0
ACER SWIFT - INTEL CORE I5 8th Gen / 16GB RAM / 512GB SSD USED LAPTOP,ACER,SWIFT,I5,8,Used,16.0,512.0,SSD,136200.0
APPLE MACBOOK PRO - INTEL CORE I5 11th Gen / 32GB RAM / 1024GB SSD USED LAPTOP,APPLE,MACBOOK PRO,I5,11,Used,32.0,1024.0,SSD,235700.0
DELL PRECISION - INTEL CORE I5 8th Gen / 16GB RAM / 256GB SSD USED LAPTOP,DELL,PRECISION,I5,8,Used,16.0,256.0,SSD,113200.0
ASUS VIVOBOOK - AMD RYZEN 5 7th Gen / 8GB RAM / 256GB SSD USED LAPTOP,ASUS,VIVOBOOK,RYZEN 5,7,Used,8.0,256.0,SSD,92200.0
APPLE MACBOOK AIR - INTEL CORE I5 13th Gen / 16GB RAM / 512GB SSD USED LAPTOP,APPLE,MACBOOK AIR,I5,13,Used,16.0,512.0,SSD,212000.0
ACER SWIFT - INTEL CORE I3 12th Gen / 8GB RAM / 1024GB SSD USED LAPTOP,ACER,SWIFT,I3,12,Used,8.0,1024.0,SSD,146900.0
APPLE MACBOOK PRO - APPLE M3  / 32GB RAM / 1024GB HDD USED LAPTOP,APPLE,MACBOOK PRO,M3,0,Used,32.0,1024.0,HDD,348500.0
ACER NITRO - INTEL CORE I3 7th Gen / 8GB RAM / 1024GB SSD NEW LAPTOP,ACER,NITRO,I3,7,New,8.0,1024.0,SSD,155800.0
HP VICTUS - AMD RYZEN 5 7th Gen / 32GB RAM / 256GB SSD USED LAPTOP,HP,VICTUS,RYZEN 5,7,Used,32.0,256.0,SSD,136000.0
HP PROBOOK - INTEL CORE I3 11th Gen / 8GB RAM / 512GB SSD NEW LAPTOP,HP,PROBOOK,I3,11,New,8.0,512.0,SSD,179900.0
ACER NITRO - INTEL CORE I7 6th Gen / 16GB RAM / 1024GB SSD NEW LAPTOP,ACER,NITRO,I7,6,New,16.0,1024.0,SSD,228600.0
DELL PRECISION - INTEL CORE I9 7th Gen / 16GB RAM / 1024GB SSD USED LAPTOP,DELL,PRECISION,I9,7,Used,16.0,1024.0,SSD,238900.0
DELL PRECISION - INTEL CORE I7 12th Gen / 8GB RAM / 256GB SSD USED LAPTOP,DELL,PRECISION,I7,12,Used,8.0,256.0,SSD,166800.0
ASUS VIVOBOOK - AMD RYZEN 3 5th Gen / 16GB RAM / 512GB SSD USED LAPTOP,ASUS,VIVOBOOK,RYZEN 3,5,Used,16.0,512.0,SSD,97100.0
DELL XPS - AMD RYZEN 7 8th Gen / 32GB RAM / 1024GB SSD USED LAPTOP,DELL,XPS,RYZEN 7,8,Used,32.0,1024.0,SSD,222000.0
ACER NITRO - INTEL CORE I3 6th Gen / 32GB RAM / 512GB SSD USED LAPTOP,ACER,NITRO,I3,6,Used,32.0,512.0,SSD,122500.0
HP VICTUS - AMD RYZEN 3 5th Gen / 8GB RAM / 1024GB HDD USED LAPTOP,HP,VICTUS,RYZEN 3,5,Used,8.0,1024.0,HDD,78100.0
ASUS VIVOBOOK - INTEL CORE I7 12th Gen / 32GB RAM / 256GB SSD NEW LAPTOP,ASUS,VIVOBOOK,I7,12,New,32.0,256.0,SSD,300500.0
ASUS TUF - INTEL CORE I9 13th Gen / 16GB RAM / 1024GB SSD USED LAPTOP,ASUS,TUF,I9,13,Used,16.0,1024.0,SSD,296400.0
ACER SWIFT - INTEL CORE I7 8th Gen / 16GB RAM / 512GB SSD USED LAPTOP,ACER,SWIFT,I7,8,Used,16.0,512.0,SSD,155200.0
APPLE MACBOOK PRO - APPLE M2  / 32GB RAM / 256GB SSD NEW LAPTOP,APPLE,MACBOOK PRO,M2,0,New,32.0,256.0,SSD,333600.0
ASUS ZENBOOK - AMD RYZEN 3 5th Gen / 16GB RAM / 256GB SSD USED LAPTOP,ASUS,ZENBOOK,RYZEN 3,5,Used,16.0,256.0,SSD,85800.0
HP ENVY - AMD RYZEN 7 8th Gen / 16GB RAM / 256GB SSD USED LAPTOP,HP,ENVY,RYZEN 7,8,Used,16.0,256.0,SSD,138700.0
APPLE MACBOOK PRO - APPLE M3  / 32GB RAM / 256GB SSD USED LAPTOP,APPLE,MACBOOK PRO,M3,0,Used,32.0,256.0,SSD,295600.0
ASUS TUF - AMD RYZEN 7 8th Gen / 8GB RAM / 512GB SSD NEW LAPTOP,ASUS,TUF,RYZEN 7,8,New,8.0,512.0,SSD,197300.0
ASUS ZENBOOK - INTEL CORE I5 7th Gen / 8GB RAM / 512GB SSD NEW LAPTOP,ASUS,ZENBOOK,I5,7,New,8.0,512.0,SSD,150800.0
ASUS ROG - AMD RYZEN 3 5th Gen / 8GB RAM / 256GB SSD USED LAPTOP,ASUS,ROG,RYZEN 3,5,Used,8.0,256.0,SSD,58600.0
DELL XPS - AMD RYZEN 5 7th Gen / 8GB RAM / 1024GB SSD USED LAPTOP,DELL,XPS,RYZEN 5,7,Used,8.0,1024.0,SSD,129400.0
ASUS TUF - INTEL CORE I7 12th Gen / 32GB RAM / 256GB SSD USED LAPTOP,ASUS,TUF,I7,12,Used,32.0,256.0,SSD,202500.0
HP VICTUS - AMD RYZEN 3 5th Gen / 32GB RAM / 1024GB HDD NEW LAPTOP,HP,VICTUS,RYZEN 3,5,New,32.0,1024.0,HDD,175500.0
APPLE MACBOOK AIR - INTEL CORE I5 8th Gen / 8GB RAM / 1024GB SSD USED LAPTOP,APPLE,MACBOOK AIR,I5,8,Used,8.0,1024.0,SSD,155800.0
ASUS ROG - INTEL CORE I3 13th Gen / 16GB RAM / 256GB SSD USED LAPTOP,ASUS,ROG,I3,13,Used,16.0,256.0,SSD,154800.0
APPLE MACBOOK PRO - APPLE M2  / 32GB RAM / 1024GB SSD NEW LAPTOP,APPLE,MACBOOK PRO,M2,0,New,32.0,1024.0,SSD,415100.0
DELL PRECISION - INTEL CORE I9 13th Gen / 16GB RAM / 1024GB SSD USED LAPTOP,DELL,PRECISION,I9,13,Used,16.0,1024.0,SSD,283100.0
ASUS ROG - AMD RYZEN 3 5th Gen / 8GB RAM / 512GB SSD USED LAPTOP,ASUS,ROG,RYZEN 3,5,Used,8.0,512.0,SSD,70400.0
HP PAVILION - INTEL CORE I3 9th Gen / 16GB RAM / 512GB SSD USED LAPTOP,HP,PAVILION,I3,9,Used,16.0,512.0,SSD,131900.0
ACER NITRO - AMD RYZEN 3 5th Gen / 32GB RAM / 512GB SSD NEW LAPTOP,ACER,NITRO,RYZEN 3,5,New,32.0,512.0,SSD,160200.0
ACER NITRO - INTEL CORE I9 13th Gen / 16GB RAM / 512GB SSD USED LAPTOP,ACER,NITRO,I9,13,Used,16.0,512.0,SSD,263800.0
ACER ASPIRE - AMD RYZEN 3 5th Gen / 16GB RAM / 512GB SSD USED LAPTOP,ACER,ASPIRE,RYZEN 3,5,Used,16.0,512.0,SSD,78900.0
HP ELITEBOOK - INTEL CORE I5 10th Gen / 16GB RAM / 256GB SSD USED LAPTOP,HP,ELITEBOOK,I5,10,Used,16.0,256.0,SSD,146100.0
APPLE MACBOOK AIR - INTEL CORE I7 10th Gen / 32GB RAM / 256GB SSD USED LAPTOP,APPLE,MACBOOK AIR,I7,10,Used,32.0,256.0,SSD,203700.0
DELL INSPIRON - INTEL CORE I5 9th Gen / 16GB RAM / 256GB SSD USED LAPTOP,DELL,INSPIRON,I5,9,Used,16.0,256.0,SSD,132300.0
ASUS VIVOBOOK - AMD RYZEN 3 5th Gen / 8GB RAM / 1024GB HDD USED LAPTOP,ASUS,VIVOBOOK,RYZEN 3,5,Used,8.0,1024.0,HDD,81000.0
APPLE MACBOOK AIR - APPLE M2  / 16GB RAM / 1024GB SSD USED LAPTOP,APPLE,MACBOOK AIR,M2,0,Used,16.0,1024.0,SSD,254100.0
HP VICTUS - AMD RYZEN 7 8th Gen / 8GB RAM / 1024GB SSD USED LAPTOP,HP,VICTUS,RYZEN 7,8,Used,8.0,1024.0,SSD,157600.0
DELL PRECISION - INTEL CORE I5 10th Gen / 8GB RAM / 256GB SSD USED LAPTOP,DELL,PRECISION,I5,10,Used,8.0,256.0,SSD,128200.0
ACER ASPIRE - INTEL CORE I9 9th Gen / 16GB RAM / 512GB SSD USED LAPTOP,ACER,ASPIRE,I9,9,Used,16.0,512.0,SSD,216200.0
APPLE MACBOOK PRO - APPLE M1  / 32GB RAM / 256GB SSD USED LAPTOP,APPLE,MACBOOK PRO,M1,0,Used,32.0,256.0,SSD,226900.0
APPLE MACBOOK PRO - APPLE M3  / 16GB RAM / 256GB SSD USED LAPTOP,APPLE,MACBOOK PRO,M3,0,Used,16.0,256.0,SSD,254300.0
ASUS VIVOBOOK - INTEL CORE I9 11th Gen / 16GB RAM / 512GB SSD USED LAPTOP,ASUS,VIVOBOOK,I9,11,Used,16.0,512.0,SSD,242600.0
ASUS ROG - INTEL CORE I5 11th Gen / 16GB RAM / 1024GB SSD NEW LAPTOP,ASUS,ROG,I5,11,New,16.0,1024.0,SSD,263600.0
DELL INSPIRON - INTEL CORE I3 7th Gen / 32GB RAM / 1024GB SSD USED LAPTOP,DELL,INSPIRON,I3,7,Used,32.0,1024.0,SSD,169200.0
ASUS VIVOBOOK - INTEL CORE I5 13th Gen / 16GB RAM / 1024GB SSD NEW LAPTOP,ASUS,VIVOBOOK,I5,13,New,16.0,1024.0,SSD,280500.0
ASUS VIVOBOOK - AMD RYZEN 3 5th Gen / 16GB RAM / 1024GB SSD USED LAPTOP,ASUS,VIVOBOOK,RYZEN 3,5,Used,16.0,1024.0,SSD,120200.0
ASUS TUF - AMD RYZEN 7 8th Gen / 16GB RAM / 256GB SSD USED LAPTOP,ASUS,TUF,RYZEN 7,8,Used,16.0,256.0,SSD,158900.0
HP ENVY - AMD RYZEN 7 8th Gen / 32GB RAM / 256GB SSD USED LAPTOP,HP,ENVY,RYZEN 7,8,Used,32.0,256.0,SSD,186400.0
ASUS TUF - INTEL CORE I7 6th Gen / 8GB RAM / 512GB SSD USED LAPTOP,ASUS,TUF,I7,6,Used,8.0,512.0,SSD,126000.0
ASUS VIVOBOOK - AMD RYZEN 3 5th Gen / 16GB RAM / 256GB SSD USED LAPTOP,ASUS,VIVOBOOK,RYZEN 3,5,Used,16.0,256.0,SSD,86100.0
ACER NITRO - AMD RYZEN 5 7th Gen / 8GB RAM / 512GB SSD NEW LAPTOP,ACER,NITRO,RYZEN 5,7,New,8.0,512.0,SSD,148800.0
APPLE MACBOOK AIR - INTEL CORE I5 7th Gen / 32GB RAM / 1024GB SSD USED LAPTOP,APPLE,MACBOOK AIR,I5,7,Used,32.0,1024.0,SSD,198400.0
HP PROBOOK - AMD RYZEN 7 8th Gen / 8GB RAM / 256GB SSD USED LAPTOP,HP,PROBOOK,RYZEN 7,8,Used,8.0,256.0,SSD,121600.0
APPLE MACBOOK PRO - INTEL CORE I7 7th Gen / 16GB RAM / 1024GB SSD NEW LAPTOP,APPLE,MACBOOK PRO,I7,7,New,16.0,1024.0,SSD,270900.0
ASUS VIVOBOOK - AMD RYZEN 5 7th Gen / 8GB RAM / 1024GB HDD USED LAPTOP,ASUS,VIVOBOOK,RYZEN 5,7,Used,8.0,1024.0,HDD,118400.0
APPLE MACBOOK PRO - INTEL CORE I5 9th Gen / 32GB RAM / 256GB SSD USED LAPTOP,APPLE,MACBOOK PRO,I5,9,Used,32.0,256.0,SSD,180800.0
HP VICTUS - INTEL CORE I3 11th Gen / 8GB RAM / 1024GB SSD USED LAPTOP,HP,VICTUS,I3,11,Used,8.0,1024.0,SSD,135300.0
ACER ASPIRE - INTEL CORE I9 7th Gen / 8GB RAM / 512GB SSD USED LAPTOP,ACER,ASPIRE,I9,7,Used,8.0,512.0,SSD,174100.0
ASUS ROG - INTEL CORE I7 6th Gen / 32GB RAM / 1024GB SSD USED LAPTOP,ASUS,ROG,I7,6,Used,32.0,1024.0,SSD,187900.0
ASUS ROG - AMD RYZEN 7 8th Gen / 8GB RAM / 1024GB SSD USED LAPTOP,ASUS,ROG,RYZEN 7,8,Used,8.0,1024.0,SSD,165600.0
APPLE MACBOOK PRO - APPLE M1  / 8GB RAM / 512GB SSD USED LAPTOP,APPLE,MACBOOK PRO,M1,0,Used,8.0,512.0,SSD,164300.0
DELL VOSTRO - INTEL CORE I3 7th Gen / 32GB RAM / 512GB SSD USED LAPTOP,DELL,VOSTRO,I3,7,Used,32.0,512.0,SSD,149500.0
APPLE MACBOOK PRO - APPLE M1  / 8GB RAM / 1024GB SSD USED LAPTOP,APPLE,MACBOOK PRO,M1,0,Used,8.0,1024.0,SSD,199300.0
HP ENVY - AMD RYZEN 7 8th Gen / 8GB RAM / 256GB SSD USED LAPTOP,HP,ENVY,RYZEN 7,8,Used,8.0,256.0,SSD,132600.0
HP ENVY - INTEL CORE I7 6th Gen / 16GB RAM / 256GB SSD USED LAPTOP,HP,ENVY,I7,6,Used,16.0,256.0,SSD,131000.0
DELL INSPIRON - AMD RYZEN 3 5th Gen / 16GB RAM / 512GB SSD USED LAPTOP,DELL,INSPIRON,RYZEN 3,5,Used,16.0,512.0,SSD,98400.0
HP PAVILION - AMD RYZEN 7 8th Gen / 16GB RAM / 512GB SSD USED LAPTOP,HP,PAVILION,RYZEN 7,8,Used,16.0,512.0,SSD,146200.0
DELL XPS - AMD RYZEN 7 8th Gen / 32GB RAM / 512GB SSD USED LAPTOP,DELL,XPS,RYZEN 7,8,Used,32.0,512.0,SSD,196300.0
HP ENVY - AMD RYZEN 5 7th Gen / 8GB RAM / 1024GB SSD USED LAPTOP,HP,ENVY,RYZEN 5,7,Used,8.0,1024.0,SSD,124500.0
ACER SWIFT - AMD RYZEN 5 7th Gen / 32GB RAM / 512GB SSD USED LAPTOP,ACER,SWIFT,RYZEN 5,7,Used,32.0,512.0,SSD,155500.0
DELL XPS - INTEL CORE I3 8th Gen / 8GB RAM / 256GB SSD USED LAPTOP,DELL,XPS,I3,8,Used,8.0,256.0,SSD,84200.0
HP SPECTRE - INTEL CORE I7 7th Gen / 32GB RAM / 1024GB SSD USED LAPTOP,HP,SPECTRE,I7,7,Used,32.0,1024.0,SSD,213900.0
ACER SWIFT - AMD RYZEN 5 7th Gen / 32GB RAM / 1024GB HDD USED LAPTOP,ACER,SWIFT,RYZEN 5,7,Used,32.0,1024.0,HDD,154200.0
HP SPECTRE - AMD RYZEN 5 7th Gen / 32GB RAM / 256GB SSD NEW LAPTOP,HP,SPECTRE,RYZEN 5,7,New,32.0,256.0,SSD,214300.0
HP ELITEBOOK - INTEL CORE I5 8th Gen / 32GB RAM / 256GB SSD NEW LAPTOP,HP,ELITEBOOK,I5,8,New,32.0,256.0,SSD,216400.0
HP ELITEBOOK - INTEL CORE I7 10th Gen / 16GB RAM / 512GB SSD USED LAPTOP,HP,ELITEBOOK,I7,10,Used,16.0,512.0,SSD,176900.0
HP SPECTRE - INTEL CORE I9 13th Gen / 32GB RAM / 512GB SSD USED LAPTOP,HP,SPECTRE,I9,13,Used,32.0,512.0,SSD,280400.0
DELL XPS - AMD RYZEN 7 8th Gen / 32GB RAM / 1024GB SSD NEW LAPTOP,DELL,XPS,RYZEN 7,8,New,32.0,1024.0,SSD,299200.0
APPLE MACBOOK AIR - APPLE M2  / 8GB RAM / 1024GB SSD USED LAPTOP,APPLE,MACBOOK AIR,M2,0,Used,8.0,1024.0,SSD,242300.0
DELL XPS - AMD RYZEN 7 8th Gen / 16GB RAM / 256GB SSD NEW LAPTOP,DELL,XPS,RYZEN 7,8,New,16.0,256.0,SSD,200600.0
HP SPECTRE - AMD RYZEN 3 5th Gen / 32GB RAM / 1024GB SSD USED LAPTOP,HP,SPECTRE,RYZEN 3,5,Used,32.0,1024.0,SSD,146400.0
APPLE MACBOOK PRO - INTEL CORE I7 12th Gen / 32GB RAM / 1024GB HDD USED LAPTOP,APPLE,MACBOOK PRO,I7,12,Used,32.0,1024.0,HDD,262400.0
APPLE MACBOOK PRO - APPLE M2  / 32GB RAM / 512GB SSD USED LAPTOP,APPLE,MACBOOK PRO,M2,0,Used,32.0,512.0,SSD,282500.0
HP SPECTRE - AMD RYZEN 7 8th Gen / 16GB RAM / 1024GB SSD USED LAPTOP,HP,SPECTRE,RYZEN 7,8,Used,16.0,1024.0,SSD,164800.0
ACER SWIFT - INTEL CORE I3 7th Gen / 32GB RAM / 256GB SSD USED LAPTOP,ACER,SWIFT,I3,7,Used,32.0,256.0,SSD,119200.0
APPLE MACBOOK AIR - INTEL CORE I7 12th Gen / 8GB RAM / 256GB SSD USED LAPTOP,APPLE,MACBOOK AIR,I7,12,Used,8.0,256.0,SSD,190300.0
ACER ASPIRE - INTEL CORE I3 13th Gen / 32GB RAM / 256GB SSD USED LAPTOP,ACER,ASPIRE,I3,13,Used,32.0,256.0,SSD,183500.0
ASUS VIVOBOOK - INTEL CORE I3 12th Gen / 8GB RAM / 512GB SSD USED LAPTOP,ASUS,VIVOBOOK,I3,12,Used,8.0,512.0,SSD,138300.0
ACER NITRO - INTEL CORE I7 8th Gen / 32GB RAM / 512GB SSD USED LAPTOP,ACER,NITRO,I7,8,Used,32.0,512.0,SSD,180700.0
DELL LATITUDE - INTEL CORE I7 9th Gen / 16GB RAM / 1024GB SSD USED LAPTOP,DELL,LATITUDE,I7,9,Used,16.0,1024.0,SSD,181300.0
HP SPECTRE - INTEL CORE I9 11th Gen / 8GB RAM / 256GB SSD USED LAPTOP,HP,SPECTRE,I9,11,Used,8.0,256.0,SSD,195500.0
DELL XPS - INTEL CORE I5 6th Gen / 8GB RAM / 256GB SSD USED LAPTOP,DELL,XPS,I5,6,Used,8.0,256.0,SSD,81100.0
ASUS TUF - AMD RYZEN 5 7th Gen / 32GB RAM / 256GB SSD NEW LAPTOP,ASUS,TUF,RYZEN 5,7,New,32.0,256.0,SSD,202200.0
APPLE MACBOOK AIR - APPLE M2  / 32GB RAM / 256GB SSD NEW LAPTOP,APPLE,MACBOOK AIR,M2,0,New,32.0,256.0,SSD,349000.0
DELL LATITUDE - INTEL CORE I5 7th Gen / 32GB RAM / 256GB SSD USED LAPTOP,DELL,LATITUDE,I5,7,Used,32.0,256.0,SSD,149300.0
ACER ASPIRE - INTEL CORE I5 11th Gen / 8GB RAM / 1024GB HDD USED LAPTOP,ACER,ASPIRE,I5,11,Used,8.0,1024.0,HDD,140200.0
DELL PRECISION - INTEL CORE I3 12th Gen / 16GB RAM / 512GB SSD USED LAPTOP,DELL,PRECISION,I3,12,Used,16.0,512.0,SSD,156200.0
ACER ASPIRE - INTEL CORE I7 11th Gen / 32GB RAM / 256GB SSD USED LAPTOP,ACER,ASPIRE,I7,11,Used,32.0,256.0,SSD,186500.0
ACER SWIFT - AMD RYZEN 7 8th Gen / 32GB RAM / 512GB SSD NEW LAPTOP,ACER,SWIFT,RYZEN 7,8,New,32.0,512.0,SSD,262200.0
ACER SWIFT - AMD RYZEN 3 5th Gen / 16GB RAM / 512GB SSD USED LAPTOP,ACER,SWIFT,RYZEN 3,5,Used,16.0,512.0,SSD,81500.0
ACER NITRO - AMD RYZEN 3 5th Gen / 8GB RAM / 256GB SSD USED LAPTOP,ACER,NITRO,RYZEN 3,5,Used,8.0,256.0,SSD,53700.0
APPLE MACBOOK AIR - APPLE M3  / 32GB RAM / 512GB SSD USED LAPTOP,APPLE,MACBOOK AIR,M3,0,Used,32.0,512.0,SSD,322500.0
HP ENVY - INTEL CORE I5 10th Gen / 16GB RAM / 512GB SSD USED LAPTOP,HP,ENVY,I5,10,Used,16.0,512.0,SSD,139800.0
ASUS VIVOBOOK - INTEL CORE I7 11th Gen / 32GB RAM / 256GB SSD USED LAPTOP,ASUS,VIVOBOOK,I7,11,Used,32.0,256.0,SSD,211300.0
HP PAVILION - INTEL CORE I5 10th Gen / 16GB RAM / 1024GB SSD NEW LAPTOP,HP,PAVILION,I5,10,New,16.0,1024.0,SSD,231000.0
DELL INSPIRON - INTEL CORE I9 6th Gen / 32GB RAM / 512GB SSD USED LAPTOP,DELL,INSPIRON,I9,6,Used,32.0,512.0,SSD,219200.0
DELL XPS - AMD RYZEN 3 5th Gen / 8GB RAM / 256GB SSD USED LAPTOP,DELL,XPS,RYZEN 3,5,Used,8.0,256.0,SSD,60000.0
HP PROBOOK - AMD RYZEN 7 8th Gen / 32GB RAM / 512GB SSD USED LAPTOP,HP,PROBOOK,RYZEN 7,8,Used,32.0,512.0,SSD,199000.0
HP ELITEBOOK - INTEL CORE I7 13th Gen / 8GB RAM / 256GB SSD USED LAPTOP,HP,ELITEBOOK,I7,13,Used,8.0,256.0,SSD,181400.0
APPLE MACBOOK AIR - INTEL CORE I7 13th Gen / 8GB RAM / 256GB SSD USED LAPTOP,APPLE,MACBOOK AIR,I7,13,Used,8.0,256.0,SSD,179200.0
ACER ASPIRE - INTEL CORE I3 13th Gen / 32GB RAM / 512GB SSD USED LAPTOP,ACER,ASPIRE,I3,13,Used,32.0,512.0,SSD,189200.0
ACER SWIFT - INTEL CORE I5 9th Gen / 8GB RAM / 512GB SSD USED LAPTOP,ACER,SWIFT,I5,9,Used,8.0,512.0,SSD,115100.0
ACER ASPIRE - INTEL CORE I3 13th Gen / 32GB RAM / 1024GB HDD USED LAPTOP,ACER,ASPIRE,I3,13,Used,32.0,1024.0,HDD,212400.0
APPLE MACBOOK AIR - APPLE M1  / 32GB RAM / 256GB SSD USED LAPTOP,APPLE,MACBOOK AIR,M1,0,Used,32.0,256.0,SSD,221200.0
ASUS VIVOBOOK - AMD RYZEN 7 8th Gen / 16GB RAM / 512GB SSD NEW LAPTOP,ASUS,VIVOBOOK,RYZEN 7,8,New,16.0,512.0,SSD,216600.0
HP ENVY - INTEL CORE I9 7th Gen / 32GB RAM / 512GB SSD USED LAPTOP,HP,ENVY,I9,7,Used,32.0,512.0,SSD,227800.0
DELL LATITUDE - AMD RYZEN 3 5th Gen / 16GB RAM / 1024GB HDD USED LAPTOP,DELL,LATITUDE,RYZEN 3,5,Used,16.0,1024.0,HDD,109400.0
ACER ASPIRE - INTEL CORE I9 12th Gen / 16GB RAM / 1024GB HDD USED LAPTOP,ACER,ASPIRE,I9,12,Used,16.0,1024.0,HDD,264000.0
APPLE MACBOOK PRO - APPLE M3  / 16GB RAM / 512GB SSD USED LAPTOP,APPLE,MACBOOK PRO,M3,0,Used,16.0,512.0,SSD,283500.0
DELL PRECISION - INTEL CORE I9 9th Gen / 32GB RAM / 512GB SSD NEW LAPTOP,DELL,PRECISION,I9,9,New,32.0,512.0,SSD,360000.0
ACER ASPIRE - AMD RYZEN 5 7th Gen / 8GB RAM / 512GB SSD USED LAPTOP,ACER,ASPIRE,RYZEN 5,7,Used,8.0,512.0,SSD,105400.0
ASUS ZENBOOK - AMD RYZEN 5 7th Gen / 32GB RAM / 512GB SSD USED LAPTOP,ASUS,ZENBOOK,RYZEN 5,7,Used,32.0,512.0,SSD,166400.0
APPLE MACBOOK PRO - INTEL CORE I5 8th Gen / 16GB RAM / 512GB SSD USED LAPTOP,APPLE,MACBOOK PRO,I5,8,Used,16.0,512.0,SSD,143100.0
ASUS ZENBOOK - INTEL CORE I7 6th Gen / 32GB RAM / 1024GB SSD USED LAPTOP,ASUS,ZENBOOK,I7,6,Used,32.0,1024.0,SSD,192600.0
HP VICTUS - AMD RYZEN 3 5th Gen / 16GB RAM / 256GB SSD USED LAPTOP,HP,VICTUS,RYZEN 3,5,Used,16.0,256.0,SSD,78300.0
HP PROBOOK - INTEL CORE I3 10th Gen / 32GB RAM / 256GB SSD USED LAPTOP,HP,PROBOOK,I3,10,Used,32.0,256.0,SSD,151700.0
ASUS ZENBOOK - AMD RYZEN 3 5th Gen / 32GB RAM / 1024GB SSD USED LAPTOP,ASUS,ZENBOOK,RYZEN 3,5,Used,32.0,1024.0,SSD,142200.0
ACER NITRO - INTEL CORE I7 7th Gen / 16GB RAM / 512GB SSD USED LAPTOP,ACER,NITRO,I7,7,Used,16.0,512.0,SSD,138000.0
HP ENVY - INTEL CORE I9 11th Gen / 8GB RAM / 1024GB SSD USED LAPTOP,HP,ENVY,I9,11,Used,8.0,1024.0,SSD,250400.0
APPLE MACBOOK AIR - INTEL CORE I5 7th Gen / 8GB RAM / 1024GB SSD USED LAPTOP,APPLE,MACBOOK AIR,I5,7,Used,8.0,1024.0,SSD,158200.0
HP SPECTRE - AMD RYZEN 3 5th Gen / 16GB RAM / 256GB SSD USED LAPTOP,HP,SPECTRE,RYZEN 3,5,Used,16.0,256.0,SSD,81600.0
ASUS VIVOBOOK - INTEL CORE I3 12th Gen / 32GB RAM / 1024GB SSD USED LAPTOP,ASUS,VIVOBOOK,I3,12,Used,32.0,1024.0,SSD,206500.0
DELL LATITUDE - AMD RYZEN 7 8th Gen / 8GB RAM / 256GB SSD USED LAPTOP,DELL,LATITUDE,RYZEN 7,8,Used,8.0,256.0,SSD,121800.0
HP PROBOOK - INTEL CORE I5 6th Gen / 32GB RAM / 512GB SSD USED LAPTOP,HP,PROBOOK,I5,6,Used,32.0,512.0,SSD,146700.0
APPLE MACBOOK AIR - APPLE M1  / 16GB RAM / 512GB SSD USED LAPTOP,APPLE,MACBOOK AIR,M1,0,Used,16.0,512.0,SSD,182200.0
ACER SWIFT - AMD RYZEN 5 7th Gen / 16GB RAM / 512GB SSD USED LAPTOP,ACER,SWIFT,RYZEN 5,7,Used,16.0,512.0,SSD,111200.0
ACER SWIFT - INTEL CORE I5 10th Gen / 8GB RAM / 256GB SSD USED LAPTOP,ACER,SWIFT,I5,10,Used,8.0,256.0,SSD,113200.0
ACER ASPIRE - INTEL CORE I9 9th Gen / 32GB RAM / 512GB SSD USED LAPTOP,ACER,ASPIRE,I9,9,Used,32.0,512.0,SSD,255600.0
APPLE MACBOOK PRO - INTEL CORE I5 9th Gen / 16GB RAM / 256GB SSD USED LAPTOP,APPLE,MACBOOK PRO,I5,9,Used,16.0,256.0,SSD,151700.0
HP PROBOOK - INTEL CORE I3 9th Gen / 8GB RAM / 1024GB SSD USED LAPTOP,HP,PROBOOK,I3,9,Used,8.0,1024.0,SSD,129500.0
ACER NITRO - AMD RYZEN 7 8th Gen / 8GB RAM / 1024GB SSD USED LAPTOP,ACER,NITRO,RYZEN 7,8,Used,8.0,1024.0,SSD,165500.0
APPLE MACBOOK PRO - APPLE M1  / 8GB RAM / 512GB SSD USED LAPTOP,APPLE,MACBOOK PRO,M1,0,Used,8.0,512.0,SSD,178500.0
HP PROBOOK - INTEL CORE I7 11th Gen / 32GB RAM / 1024GB SSD NEW LAPTOP,HP,PROBOOK,I7,11,New,32.0,1024.0,SSD,336700.0
APPLE MACBOOK AIR - APPLE M1  / 8GB RAM / 1024GB HDD NEW LAPTOP,APPLE,MACBOOK AIR,M1,0,New,8.0,1024.0,HDD,241100.0
APPLE MACBOOK AIR - APPLE M1  / 16GB RAM / 256GB SSD USED LAPTOP,APPLE,MACBOOK AIR,M1,0,Used,16.0,256.0,SSD,186900.0
ACER SWIFT - AMD RYZEN 3 5th Gen / 32GB RAM / 256GB SSD USED LAPTOP,ACER,SWIFT,RYZEN 3,5,Used,32.0,256.0,SSD,103900.0
ACER NITRO - INTEL CORE I9 8th Gen / 32GB RAM / 256GB SSD USED LAPTOP,ACER,NITRO,I9,8,Used,32.0,256.0,SSD,233300.0
HP VICTUS - AMD RYZEN 3 5th Gen / 16GB RAM / 256GB SSD USED LAPTOP,HP,VICTUS,RYZEN 3,5,Used,16.0,256.0,SSD,79800.0
ACER ASPIRE - AMD RYZEN 7 8th Gen / 16GB RAM / 256GB SSD USED LAPTOP,ACER,ASPIRE,RYZEN 7,8,Used,16.0,256.0,SSD,131100.0
DELL INSPIRON - INTEL CORE I9 12th Gen / 8GB RAM / 1024GB SSD USED LAPTOP,DELL,INSPIRON,I9,12,Used,8.0,1024.0,SSD,249000.0
ASUS TUF - INTEL CORE I5 9th Gen / 8GB RAM / 1024GB SSD USED LAPTOP,ASUS,TUF,I5,9,Used,8.0,1024.0,SSD,140300.0
ASUS VIVOBOOK - INTEL CORE I5 10th Gen / 16GB RAM / 256GB SSD NEW LAPTOP,ASUS,VIVOBOOK,I5,10,New,16.0,256.0,SSD,195900.0
HP VICTUS - INTEL CORE I9 10th Gen / 32GB RAM / 256GB SSD USED LAPTOP,HP,VICTUS,I9,10,Used,32.0,256.0,SSD,254500.0
HP PAVILION - INTEL CORE I7 10th Gen / 16GB RAM / 512GB SSD NEW LAPTOP,HP,PAVILION,I7,10,New,16.0,512.0,SSD,239200.0
ASUS TUF - AMD RYZEN 7 8th Gen / 16GB RAM / 512GB SSD USED LAPTOP,ASUS,TUF,RYZEN 7,8,Used,16.0,512.0,SSD,156600.0
ASUS ZENBOOK - INTEL CORE I3 6th Gen / 32GB RAM / 512GB SSD USED LAPTOP,ASUS,ZENBOOK,I3,6,Used,32.0,512.0,SSD,133900.0
ASUS ROG - INTEL CORE I7 7th Gen / 16GB RAM / 256GB SSD USED LAPTOP,ASUS,ROG,I7,7,Used,16.0,256.0,SSD,148800.0
HP SPECTRE - INTEL CORE I3 8th Gen / 8GB RAM / 1024GB SSD NEW LAPTOP,HP,SPECTRE,I3,8,New,8.0,1024.0,SSD,156700.0
ACER SWIFT - INTEL CORE I3 9th Gen / 32GB RAM / 1024GB HDD USED LAPTOP,ACER,SWIFT,I3,9,Used,32.0,1024.0,HDD,158500.0
ACER SWIFT - AMD RYZEN 5 7th Gen / 8GB RAM / 256GB SSD USED LAPTOP,ACER,SWIFT,RYZEN 5,7,Used,8.0,256.0,SSD,92900.0
HP SPECTRE - INTEL CORE I5 7th Gen / 8GB RAM / 512GB SSD USED LAPTOP,HP,SPECTRE,I5,7,Used,8.0,512.0,SSD,107200.0
DELL XPS - AMD RYZEN 7 8th Gen / 32GB RAM / 1024GB SSD USED LAPTOP,DELL,XPS,RYZEN 7,8,Used,32.0,1024.0,SSD,226300.0
HP PAVILION - AMD RYZEN 7 8th Gen / 16GB RAM / 256GB SSD USED LAPTOP,HP,PAVILION,RYZEN 7,8,Used,16.0,256.0,SSD,147600.0
ASUS TUF - INTEL CORE I3 11th Gen / 16GB RAM / 512GB SSD USED LAPTOP,ASUS,TUF,I3,11,Used,16.0,512.0,SSD,144300.0
ASUS ROG - AMD RYZEN 7 8th Gen / 32GB RAM / 256GB SSD NEW LAPTOP,ASUS,ROG,RYZEN 7,8,New,32.0,256.0,SSD,255600.0
ACER SWIFT - AMD RYZEN 3 5th Gen / 16GB RAM / 1024GB SSD USED LAPTOP,ACER,SWIFT,RYZEN 3,5,Used,16.0,1024.0,SSD,115300.0
DELL VOSTRO - INTEL CORE I3 7th Gen / 8GB RAM / 256GB SSD USED LAPTOP,DELL,VOSTRO,I3,7,Used,8.0,256.0,SSD,86400.0
DELL VOSTRO - INTEL CORE I3 12th Gen / 16GB RAM / 256GB SSD USED LAPTOP,DELL,VOSTRO,I3,12,Used,16.0,256.0,SSD,138600.0
ASUS VIVOBOOK - AMD RYZEN 5 7th Gen / 32GB RAM / 1024GB SSD USED LAPTOP,ASUS,VIVOBOOK,RYZEN 5,7,Used,32.0,1024.0,SSD,177500.0
ASUS TUF - AMD RYZEN 7 8th Gen / 16GB RAM / 1024GB SSD USED LAPTOP,ASUS,TUF,RYZEN 7,8,Used,16.0,1024.0,SSD,188100.0
HP SPECTRE - INTEL CORE I5 11th Gen / 16GB RAM / 256GB SSD USED LAPTOP,HP,SPECTRE,I5,11,Used,16.0,256.0,SSD,140800.0
DELL XPS - AMD RYZEN 3 5th Gen / 32GB RAM / 1024GB HDD USED LAPTOP,DELL,XPS,RYZEN 3,5,Used,32.0,1024.0,HDD,145700.0
APPLE MACBOOK PRO - INTEL CORE I5 8th Gen / 32GB RAM / 1024GB SSD USED LAPTOP,APPLE,MACBOOK PRO,I5,8,Used,32.0,1024.0,SSD,193800.0
DELL LATITUDE - AMD RYZEN 5 7th Gen / 16GB RAM / 1024GB SSD USED LAPTOP,DELL,LATITUDE,RYZEN 5,7,Used,16.0,1024.0,SSD,145900.0
HP PAVILION - INTEL CORE I5 13th Gen / 16GB RAM / 512GB SSD NEW LAPTOP,HP,PAVILION,I5,13,New,16.0,512.0,SSD,246100.0
ACER NITRO - INTEL CORE I5 12th Gen / 16GB RAM / 512GB SSD NEW LAPTOP,ACER,NITRO,I5,12,New,16.0,512.0,SSD,244000.0
HP ELITEBOOK - INTEL CORE I5 11th Gen / 16GB RAM / 1024GB SSD USED LAPTOP,HP,ELITEBOOK,I5,11,Used,16.0,1024.0,SSD,188100.0
ASUS TUF - AMD RYZEN 3 5th Gen / 16GB RAM / 256GB SSD USED LAPTOP,ASUS,TUF,RYZEN 3,5,Used,16.0,256.0,SSD,83200.0
ASUS ROG - INTEL CORE I7 10th Gen / 8GB RAM / 512GB SSD USED LAPTOP,ASUS,ROG,I7,10,Used,8.0,512.0,SSD,147300.0
ACER ASPIRE - INTEL CORE I3 11th Gen / 8GB RAM / 1024GB SSD USED LAPTOP,ACER,ASPIRE,I3,11,Used,8.0,1024.0,SSD,134900.0
ASUS TUF - INTEL CORE I3 13th Gen / 8GB RAM / 256GB SSD NEW LAPTOP,ASUS,TUF,I3,13,New,8.0,256.0,SSD,184800.0
APPLE MACBOOK AIR - APPLE M2  / 16GB RAM / 256GB SSD USED LAPTOP,APPLE,MACBOOK AIR,M2,0,Used,16.0,256.0,SSD,204300.0
APPLE MACBOOK AIR - INTEL CORE I7 10th Gen / 16GB RAM / 512GB SSD USED LAPTOP,APPLE,MACBOOK AIR,I7,10,Used,16.0,512.0,SSD,195300.0
APPLE MACBOOK PRO - APPLE M1  / 32GB RAM / 1024GB HDD USED LAPTOP,APPLE,MACBOOK PRO,M1,0,Used,32.0,1024.0,HDD,248700.0
ASUS ROG - INTEL CORE I9 11th Gen / 16GB RAM / 1024GB SSD USED LAPTOP,ASUS,ROG,I9,11,Used,16.0,1024.0,SSD,264000.0
HP SPECTRE - INTEL CORE I3 10th Gen / 16GB RAM / 256GB SSD USED LAPTOP,HP,SPECTRE,I3,10,Used,16.0,256.0,SSD,119300.0
HP ELITEBOOK - INTEL CORE I9 8th Gen / 32GB RAM / 512GB SSD USED LAPTOP,HP,ELITEBOOK,I9,8,Used,32.0,512.0,SSD,260700.0
HP PROBOOK - AMD RYZEN 3 5th Gen / 8GB RAM / 1024GB SSD USED LAPTOP,HP,PROBOOK,RYZEN 3,5,Used,8.0,1024.0,SSD,93500.0
ACER NITRO - INTEL CORE I3 6th Gen / 16GB RAM / 256GB SSD USED LAPTOP,ACER,NITRO,I3,6,Used,16.0,256.0,SSD,78100.0
APPLE MACBOOK PRO - INTEL CORE I5 10th Gen / 8GB RAM / 256GB SSD USED LAPTOP,APPLE,MACBOOK PRO,I5,10,Used,8.0,256.0,SSD,138900.0
ASUS VIVOBOOK - INTEL CORE I5 10th Gen / 8GB RAM / 512GB SSD USED LAPTOP,ASUS,VIVOBOOK,I5,10,Used,8.0,512.0,SSD,144200.0
DELL LATITUDE - AMD RYZEN 3 5th Gen / 8GB RAM / 1024GB HDD USED LAPTOP,DELL,LATITUDE,RYZEN 3,5,Used,8.0,1024.0,HDD,81400.0
APPLE MACBOOK PRO - INTEL CORE I7 11th Gen / 32GB RAM / 512GB SSD NEW LAPTOP,APPLE,MACBOOK PRO,I7,11,New,32.0,512.0,SSD,347400.0
DELL LATITUDE - INTEL CORE I9 6th Gen / 8GB RAM / 256GB SSD USED LAPTOP,DELL,LATITUDE,I9,6,Used,8.0,256.0,SSD,172300.0
ACER ASPIRE - AMD RYZEN 7 8th Gen / 8GB RAM / 256GB SSD USED LAPTOP,ACER,ASPIRE,RYZEN 7,8,Used,8.0,256.0,SSD,125900.0
HP ELITEBOOK - AMD RYZEN 5 7th Gen / 32GB RAM / 512GB SSD USED LAPTOP,HP,ELITEBOOK,RYZEN 5,7,Used,32.0,512.0,SSD,162200.0
APPLE MACBOOK AIR - APPLE M2  / 8GB RAM / 1024GB SSD USED LAPTOP,APPLE,MACBOOK AIR,M2,0,Used,8.0,1024.0,SSD,246900.0
ACER ASPIRE - AMD RYZEN 3 5th Gen / 8GB RAM / 256GB SSD USED LAPTOP,ACER,ASPIRE,RYZEN 3,5,Used,8.0,256.0,SSD,57600.0
ASUS VIVOBOOK - AMD RYZEN 5 7th Gen / 32GB RAM / 1024GB SSD USED LAPTOP,ASUS,VIVOBOOK,RYZEN 5,7,Used,32.0,1024.0,SSD,188000.0
DELL INSPIRON - AMD RYZEN 7 8th Gen / 16GB RAM / 1024GB SSD NEW LAPTOP,DELL,INSPIRON,RYZEN 7,8,New,16.0,1024.0,SSD,257200.0
ACER SWIFT - AMD RYZEN 3 5th Gen / 16GB RAM / 1024GB SSD USED LAPTOP,ACER,SWIFT,RYZEN 3,5,Used,16.0,1024.0,SSD,109600.0
ACER NITRO - INTEL CORE I7 10th Gen / 32GB RAM / 1024GB SSD USED LAPTOP,ACER,NITRO,I7,10,Used,32.0,1024.0,SSD,242800.0
ASUS ROG - INTEL CORE I5 9th Gen / 16GB RAM / 256GB SSD USED LAPTOP,ASUS,ROG,I5,9,Used,16.0,256.0,SSD,131000.0
APPLE MACBOOK AIR - INTEL CORE I5 8th Gen / 8GB RAM / 512GB SSD USED LAPTOP,APPLE,MACBOOK AIR,I5,8,Used,8.0,512.0,SSD,142200.0
HP PAVILION - AMD RYZEN 7 8th Gen / 8GB RAM / 256GB SSD USED LAPTOP,HP,PAVILION,RYZEN 7,8,Used,8.0,256.0,SSD,126500.0
HP ENVY - AMD RYZEN 5 7th Gen / 8GB RAM / 256GB SSD USED LAPTOP,HP,ENVY,RYZEN 5,7,Used,8.0,256.0,SSD,89700.0
DELL VOSTRO - INTEL CORE I7 10th Gen / 8GB RAM / 1024GB SSD USED LAPTOP,DELL,VOSTRO,I7,10,Used,8.0,1024.0,SSD,181700.0
ACER NITRO - INTEL CORE I9 11th Gen / 8GB RAM / 1024GB SSD USED LAPTOP,ACER,NITRO,I9,11,Used,8.0,1024.0,SSD,250200.0
ACER ASPIRE - INTEL CORE I5 8th Gen / 16GB RAM / 1024GB HDD USED LAPTOP,ACER,ASPIRE,I5,8,Used,16.0,1024.0,HDD,142000.0
DELL LATITUDE - INTEL CORE I3 9th Gen / 32GB RAM / 512GB SSD USED LAPTOP,DELL,LATITUDE,I3,9,Used,32.0,512.0,SSD,152900.0
ASUS ZENBOOK - AMD RYZEN 3 5th Gen / 16GB RAM / 1024GB HDD USED LAPTOP,ASUS,ZENBOOK,RYZEN 3,5,Used,16.0,1024.0,HDD,101200.0
ACER ASPIRE - INTEL CORE I3 11th Gen / 32GB RAM / 1024GB SSD USED LAPTOP,ACER,ASPIRE,I3,11,Used,32.0,1024.0,SSD,195200.0
DELL VOSTRO - INTEL CORE I9 7th Gen / 8GB RAM / 256GB SSD NEW LAPTOP,DELL,VOSTRO,I9,7,New,8.0,256.0,SSD,268600.0
ASUS TUF - INTEL CORE I9 13th Gen / 32GB RAM / 256GB SSD USED LAPTOP,ASUS,TUF,I9,13,Used,32.0,256.0,SSD,276200.0
ACER NITRO - INTEL CORE I7 12th Gen / 32GB RAM / 512GB SSD USED LAPTOP,ACER,NITRO,I7,12,Used,32.0,512.0,SSD,228300.0
ACER SWIFT - INTEL CORE I3 10th Gen / 16GB RAM / 256GB SSD USED LAPTOP,ACER,SWIFT,I3,10,Used,16.0,256.0,SSD,111600.0
ASUS VIVOBOOK - INTEL CORE I7 9th Gen / 32GB RAM / 512GB SSD USED LAPTOP,ASUS,VIVOBOOK,I7,9,Used,32.0,512.0,SSD,209200.0
APPLE MACBOOK PRO - APPLE M1  / 32GB RAM / 512GB SSD USED LAPTOP,APPLE,MACBOOK PRO,M1,0,Used,32.0,512.0,SSD,207300.0
APPLE MACBOOK PRO - APPLE M2  / 32GB RAM / 512GB SSD USED LAPTOP,APPLE,MACBOOK PRO,M2,0,Used,32.0,512.0,SSD,265900.0
APPLE MACBOOK PRO - APPLE M3  / 32GB RAM / 1024GB SSD USED LAPTOP,APPLE,MACBOOK PRO,M3,0,Used,32.0,1024.0,SSD,327600.0
HP ELITEBOOK - INTEL CORE I7 6th Gen / 16GB RAM / 512GB SSD USED LAPTOP,HP,ELITEBOOK,I7,6,Used,16.0,512.0,SSD,144300.0
ASUS ZENBOOK - INTEL CORE I5 13th Gen / 32GB RAM / 512GB SSD USED LAPTOP,ASUS,ZENBOOK,I5,13,Used,32.0,512.0,SSD,204300.0
HP ELITEBOOK - INTEL CORE I3 12th Gen / 16GB RAM / 256GB SSD USED LAPTOP,HP,ELITEBOOK,I3,12,Used,16.0,256.0,SSD,139000.0
DELL VOSTRO - AMD RYZEN 3 5th Gen / 32GB RAM / 512GB SSD USED LAPTOP,DELL,VOSTRO,RYZEN 3,5,Used,32.0,512.0,SSD,129000.0
ASUS ROG - AMD RYZEN 3 5th Gen / 32GB RAM / 1024GB SSD USED LAPTOP,ASUS,ROG,RYZEN 3,5,Used,32.0,1024.0,SSD,142700.0
ASUS ROG - INTEL CORE I3 10th Gen / 32GB RAM / 512GB SSD USED LAPTOP,ASUS,ROG,I3,10,Used,32.0,512.0,SSD,184100.0
ASUS VIVOBOOK - INTEL CORE I3 7th Gen / 32GB RAM / 1024GB HDD USED LAPTOP,ASUS,VIVOBOOK,I3,7,Used,32.0,1024.0,HDD,152000.0
ACER SWIFT - INTEL CORE I5 12th Gen / 32GB RAM / 256GB SSD USED LAPTOP,ACER,SWIFT,I5,12,Used,32.0,256.0,SSD,173300.0
DELL INSPIRON - AMD RYZEN 3 5th Gen / 8GB RAM / 512GB SSD USED LAPTOP,DELL,INSPIRON,RYZEN 3,5,Used,8.0,512.0,SSD,71400.0
APPLE MACBOOK PRO - APPLE M2  / 8GB RAM / 256GB SSD USED LAPTOP,APPLE,MACBOOK PRO,M2,0,Used,8.0,256.0,SSD,191100.0
ACER ASPIRE - AMD RYZEN 7 8th Gen / 32GB RAM / 512GB SSD USED LAPTOP,ACER,ASPIRE,RYZEN 7,8,Used,32.0,512.0,SSD,174900.0
APPLE MACBOOK PRO - APPLE M3  / 8GB RAM / 256GB SSD USED LAPTOP,APPLE,MACBOOK PRO,M3,0,Used,8.0,256.0,SSD,243400.0
HP SPECTRE - AMD RYZEN 3 5th Gen / 32GB RAM / 256GB SSD USED LAPTOP,HP,SPECTRE,RYZEN 3,5,Used,32.0,256.0,SSD,105700.0
ASUS TUF - AMD RYZEN 3 5th Gen / 8GB RAM / 1024GB SSD NEW LAPTOP,ASUS,TUF,RYZEN 3,5,New,8.0,1024.0,SSD,126500.0
DELL LATITUDE - AMD RYZEN 3 5th Gen / 8GB RAM / 1024GB HDD USED LAPTOP,DELL,LATITUDE,RYZEN 3,5,Used,8.0,1024.0,HDD,91300.0
ASUS ZENBOOK - AMD RYZEN 5 7th Gen / 32GB RAM / 256GB SSD USED LAPTOP,ASUS,ZENBOOK,RYZEN 5,7,Used,32.0,256.0,SSD,143600.0
ACER ASPIRE - AMD RYZEN 3 5th Gen / 16GB RAM / 256GB SSD USED LAPTOP,ACER,ASPIRE,RYZEN 3,5,Used,16.0,256.0,SSD,73900.0
ACER ASPIRE - INTEL CORE I5 8th Gen / 16GB RAM / 256GB SSD USED LAPTOP,ACER,ASPIRE,I5,8,Used,16.0,256.0,SSD,118800.0
ASUS VIVOBOOK - INTEL CORE I5 9th Gen / 16GB RAM / 512GB SSD NEW LAPTOP,ASUS,VIVOBOOK,I5,9,New,16.0,512.0,SSD,189400.0
APPLE MACBOOK PRO - APPLE M3  / 8GB RAM / 512GB SSD NEW LAPTOP,APPLE,MACBOOK PRO,M3,0,New,8.0,512.0,SSD,355500.0
ASUS ROG - AMD RYZEN 5 7th Gen / 8GB RAM / 512GB SSD USED LAPTOP,ASUS,ROG,RYZEN 5,7,Used,8.0,512.0,SSD,99100.0
DELL LATITUDE - AMD RYZEN 5 7th Gen / 32GB RAM / 1024GB SSD USED LAPTOP,DELL,LATITUDE,RYZEN 5,7,Used,32.0,1024.0,SSD,192600.0
ACER SWIFT - AMD RYZEN 3 5th Gen / 16GB RAM / 256GB SSD USED LAPTOP,ACER,SWIFT,RYZEN 3,5,Used,16.0,256.0,SSD,76300.0
HP ELITEBOOK - INTEL CORE I7 12th Gen / 8GB RAM / 1024GB SSD USED LAPTOP,HP,ELITEBOOK,I7,12,Used,8.0,1024.0,SSD,189800.0
APPLE MACBOOK AIR - INTEL CORE I5 12th Gen / 8GB RAM / 512GB SSD NEW LAPTOP,APPLE,MACBOOK AIR,I5,12,New,8.0,512.0,SSD,231000.0
HP SPECTRE - INTEL CORE I9 11th Gen / 32GB RAM / 1024GB SSD USED LAPTOP,HP,SPECTRE,I9,11,Used,32.0,1024.0,SSD,286300.0
DELL PRECISION - INTEL CORE I3 8th Gen / 8GB RAM / 1024GB SSD USED LAPTOP,DELL,PRECISION,I3,8,Used,8.0,1024.0,SSD,118000.0
DELL LATITUDE - AMD RYZEN 3 5th Gen / 32GB RAM / 256GB SSD USED LAPTOP,DELL,LATITUDE,RYZEN 3,5,Used,32.0,256.0,SSD,110800.0
APPLE MACBOOK PRO - APPLE M3  / 8GB RAM / 256GB SSD USED LAPTOP,APPLE,MACBOOK PRO,M3,0,Used,8.0,256.0,SSD,268700.0
DELL LATITUDE - INTEL CORE I5 6th Gen / 16GB RAM / 512GB SSD USED LAPTOP,DELL,LATITUDE,I5,6,Used,16.0,512.0,SSD,106500.0
APPLE MACBOOK AIR - APPLE M3  / 16GB RAM / 256GB SSD USED LAPTOP,APPLE,MACBOOK AIR,M3,0,Used,16.0,256.0,SSD,254900.0
DELL PRECISION - AMD RYZEN 7 8th Gen / 8GB RAM / 1024GB SSD USED LAPTOP,DELL,PRECISION,RYZEN 7,8,Used,8.0,1024.0,SSD,163300.0
HP PAVILION - INTEL CORE I9 9th Gen / 16GB RAM / 512GB SSD USED LAPTOP,HP,PAVILION,I9,9,Used,16.0,512.0,SSD,230200.0
HP ENVY - INTEL CORE I5 13th Gen / 16GB RAM / 512GB SSD USED LAPTOP,HP,ENVY,I5,13,Used,16.0,512.0,SSD,170800.0
APPLE MACBOOK PRO - INTEL CORE I7 9th Gen / 16GB RAM / 512GB SSD USED LAPTOP,APPLE,MACBOOK PRO,I7,9,Used,16.0,512.0,SSD,175300.0
APPLE MACBOOK AIR - INTEL CORE I7 11th Gen / 32GB RAM / 512GB SSD NEW LAPTOP,APPLE,MACBOOK AIR,I7,11,New,32.0,512.0,SSD,354500.0
HP VICTUS - AMD RYZEN 3 5th Gen / 8GB RAM / 1024GB SSD USED LAPTOP,HP,VICTUS,RYZEN 3,5,Used,8.0,1024.0,SSD,90900.0
APPLE MACBOOK AIR - APPLE M1  / 32GB RAM / 512GB SSD USED LAPTOP,APPLE,MACBOOK AIR,M1,0,Used,32.0,512.0,SSD,221400.0
ACER NITRO - INTEL CORE I3 12th Gen / 8GB RAM / 1024GB SSD NEW LAPTOP,ACER,NITRO,I3,12,New,8.0,1024.0,SSD,219500.0
APPLE MACBOOK AIR - APPLE M1  / 32GB RAM / 1024GB SSD NEW LAPTOP,APPLE,MACBOOK AIR,M1,0,New,32.0,1024.0,SSD,343000.0
HP ELITEBOOK - AMD RYZEN 7 8th Gen / 8GB RAM / 256GB SSD USED LAPTOP,HP,ELITEBOOK,RYZEN 7,8,Used,8.0,256.0,SSD,122200.0
HP PROBOOK - AMD RYZEN 7 8th Gen / 8GB RAM / 1024GB HDD USED LAPTOP,HP,PROBOOK,RYZEN 7,8,Used,8.0,1024.0,HDD,154100.0
ACER SWIFT - AMD RYZEN 3 5th Gen / 32GB RAM / 1024GB SSD USED LAPTOP,ACER,SWIFT,RYZEN 3,5,Used,32.0,1024.0,SSD,147200.0
APPLE MACBOOK AIR - APPLE M1  / 8GB RAM / 512GB SSD USED LAPTOP,APPLE,MACBOOK AIR,M1,0,Used,8.0,512.0,SSD,161700.0
ACER ASPIRE - INTEL CORE I9 9th Gen / 32GB RAM / 512GB SSD USED LAPTOP,ACER,ASPIRE,I9,9,Used,32.0,512.0,SSD,245000.0
DELL PRECISION - AMD RYZEN 5 7th Gen / 32GB RAM / 1024GB SSD USED LAPTOP,DELL,PRECISION,RYZEN 5,7,Used,32.0,1024.0,SSD,178500.0
DELL INSPIRON - AMD RYZEN 7 8th Gen / 8GB RAM / 1024GB SSD USED LAPTOP,DELL,INSPIRON,RYZEN 7,8,Used,8.0,1024.0,SSD,165500.0
ACER NITRO - INTEL CORE I5 13th Gen / 8GB RAM / 512GB SSD USED LAPTOP,ACER,NITRO,I5,13,Used,8.0,512.0,SSD,142200.0
ACER ASPIRE - INTEL CORE I3 9th Gen / 16GB RAM / 1024GB SSD USED LAPTOP,ACER,ASPIRE,I3,9,Used,16.0,1024.0,SSD,133800.0
APPLE MACBOOK PRO - APPLE M1  / 32GB RAM / 1024GB SSD USED LAPTOP,APPLE,MACBOOK PRO,M1,0,Used,32.0,1024.0,SSD,249100.0
ASUS TUF - INTEL CORE I3 7th Gen / 32GB RAM / 1024GB SSD USED LAPTOP,ASUS,TUF,I3,7,Used,32.0,1024.0,SSD,169700.0
DELL PRECISION - AMD RYZEN 7 8th Gen / 16GB RAM / 256GB SSD USED LAPTOP,DELL,PRECISION,RYZEN 7,8,Used,16.0,256.0,SSD,139500.0
ASUS ZENBOOK - AMD RYZEN 3 5th Gen / 16GB RAM / 512GB SSD NEW LAPTOP,ASUS,ZENBOOK,RYZEN 3,5,New,16.0,512.0,SSD,121800.0
APPLE MACBOOK AIR - INTEL CORE I5 8th Gen / 8GB RAM / 256GB SSD USED LAPTOP,APPLE,MACBOOK AIR,I5,8,Used,8.0,256.0,SSD,121200.0
HP VICTUS - INTEL CORE I3 13th Gen / 8GB RAM / 512GB SSD USED LAPTOP,HP,VICTUS,I3,13,Used,8.0,512.0,SSD,139500.0
APPLE MACBOOK PRO - APPLE M1  / 16GB RAM / 512GB SSD USED LAPTOP,APPLE,MACBOOK PRO,M1,0,Used,16.0,512.0,SSD,194800.0
ACER ASPIRE - AMD RYZEN 7 8th Gen / 16GB RAM / 1024GB SSD USED LAPTOP,ACER,ASPIRE,RYZEN 7,8,Used,16.0,1024.0,SSD,175000.0
DELL INSPIRON - INTEL CORE I3 11th Gen / 16GB RAM / 512GB SSD USED LAPTOP,DELL,INSPIRON,I3,11,Used,16.0,512.0,SSD,143800.0
ACER SWIFT - INTEL CORE I9 10th Gen / 8GB RAM / 1024GB SSD USED LAPTOP,ACER,SWIFT,I9,10,Used,8.0,1024.0,SSD,231200.0
ACER SWIFT - AMD RYZEN 7 8th Gen / 8GB RAM / 512GB SSD USED LAPTOP,ACER,SWIFT,RYZEN 7,8,Used,8.0,512.0,SSD,135300.0
HP PAVILION - AMD RYZEN 3 5th Gen / 16GB RAM / 512GB SSD USED LAPTOP,HP,PAVILION,RYZEN 3,5,Used,16.0,512.0,SSD,91100.0
APPLE MACBOOK PRO - APPLE M1  / 32GB RAM / 512GB SSD USED LAPTOP,APPLE,MACBOOK PRO,M1,0,Used,32.0,512.0,SSD,234700.0
APPLE MACBOOK PRO - APPLE M1  / 32GB RAM / 256GB SSD USED LAPTOP,APPLE,MACBOOK PRO,M1,0,Used,32.0,256.0,SSD,208200.0
APPLE MACBOOK PRO - APPLE M2  / 16GB RAM / 512GB SSD USED LAPTOP,APPLE,MACBOOK PRO,M2,0,Used,16.0,512.0,SSD,225400.0
ASUS ROG - AMD RYZEN 7 8th Gen / 16GB RAM / 1024GB HDD NEW LAPTOP,ASUS,ROG,RYZEN 7,8,New,16.0,1024.0,HDD,234900.0
ACER NITRO - INTEL CORE I9 11th Gen / 8GB RAM / 256GB SSD USED LAPTOP,ACER,NITRO,I9,11,Used,8.0,256.0,SSD,208700.0
ACER NITRO - INTEL CORE I3 6th Gen / 8GB RAM / 1024GB HDD NEW LAPTOP,ACER,NITRO,I3,6,New,8.0,1024.0,HDD,112500.0
HP PAVILION - AMD RYZEN 5 7th Gen / 32GB RAM / 256GB SSD USED LAPTOP,HP,PAVILION,RYZEN 5,7,Used,32.0,256.0,SSD,135200.0
DELL LATITUDE - INTEL CORE I5 8th Gen / 16GB RAM / 512GB SSD USED LAPTOP,DELL,LATITUDE,I5,8,Used,16.0,512.0,SSD,136000.0
ACER SWIFT - INTEL CORE I5 13th Gen / 16GB RAM / 512GB SSD NEW LAPTOP,ACER,SWIFT,I5,13,New,16.0,512.0,SSD,228900.0
DELL XPS - INTEL CORE I5 8th Gen / 32GB RAM / 512GB SSD USED LAPTOP,DELL,XPS,I5,8,Used,32.0,512.0,SSD,175100.0
ACER NITRO - INTEL CORE I3 12th Gen / 16GB RAM / 256GB SSD USED LAPTOP,ACER,NITRO,I3,12,Used,16.0,256.0,SSD,132400.0
HP ELITEBOOK - AMD RYZEN 5 7th Gen / 8GB RAM / 256GB SSD USED LAPTOP,HP,ELITEBOOK,RYZEN 5,7,Used,8.0,256.0,SSD,88600.0
APPLE MACBOOK AIR - APPLE M1  / 16GB RAM / 1024GB SSD USED LAPTOP,APPLE,MACBOOK AIR,M1,0,Used,16.0,1024.0,SSD,208800.0
ASUS ZENBOOK - AMD RYZEN 5 7th Gen / 32GB RAM / 256GB SSD USED LAPTOP,ASUS,ZENBOOK,RYZEN 5,7,Used,32.0,256.0,SSD,145300.0
DELL INSPIRON - INTEL CORE I3 7th Gen / 16GB RAM / 1024GB SSD USED LAPTOP,DELL,INSPIRON,I3,7,Used,16.0,1024.0,SSD,127300.0
DELL PRECISION - INTEL CORE I9 12th Gen / 8GB RAM / 512GB SSD USED LAPTOP,DELL,PRECISION,I9,12,Used,8.0,512.0,SSD,224700.0
ACER ASPIRE - AMD RYZEN 5 7th Gen / 16GB RAM / 256GB SSD USED LAPTOP,ACER,ASPIRE,RYZEN 5,7,Used,16.0,256.0,SSD,103400.0
DELL LATITUDE - AMD RYZEN 5 7th Gen / 8GB RAM / 256GB SSD USED LAPTOP,DELL,LATITUDE,RYZEN 5,7,Used,8.0,256.0,SSD,92400.0
ASUS TUF - INTEL CORE I7 13th Gen / 32GB RAM / 256GB SSD USED LAPTOP,ASUS,TUF,I7,13,Used,32.0,256.0,SSD,230600.0
ASUS VIVOBOOK - INTEL CORE I5 13th Gen / 8GB RAM / 256GB SSD USED LAPTOP,ASUS,VIVOBOOK,I5,13,Used,8.0,256.0,SSD,139900.0
DELL INSPIRON - INTEL CORE I7 7th Gen / 32GB RAM / 512GB SSD USED LAPTOP,DELL,INSPIRON,I7,7,Used,32.0,512.0,SSD,172400.0
HP PROBOOK - AMD RYZEN 3 5th Gen / 8GB RAM / 512GB SSD USED LAPTOP,HP,PROBOOK,RYZEN 3,5,Used,8.0,512.0,SSD,73900.0
DELL LATITUDE - INTEL CORE I9 9th Gen / 16GB RAM / 512GB SSD USED LAPTOP,DELL,LATITUDE,I9,9,Used,16.0,512.0,SSD,212200.0
ACER ASPIRE - AMD RYZEN 3 5th Gen / 16GB RAM / 512GB SSD USED LAPTOP,ACER,ASPIRE,RYZEN 3,5,Used,16.0,512.0,SSD,79200.0
ASUS ROG - AMD RYZEN 5 7th Gen / 16GB RAM / 256GB SSD USED LAPTOP,ASUS,ROG,RYZEN 5,7,Used,16.0,256.0,SSD,107100.0
DELL XPS - INTEL CORE I9 11th Gen / 8GB RAM / 256GB SSD USED LAPTOP,DELL,XPS,I9,11,Used,8.0,256.0,SSD,214500.0
HP PAVILION - INTEL CORE I5 11th Gen / 16GB RAM / 256GB SSD USED LAPTOP,HP,PAVILION,I5,11,Used,16.0,256.0,SSD,155700.0
ACER ASPIRE - INTEL CORE I5 7th Gen / 8GB RAM / 512GB SSD USED LAPTOP,ACER,ASPIRE,I5,7,Used,8.0,512.0,SSD,93100.0
ASUS ROG - INTEL CORE I5 6th Gen / 16GB RAM / 512GB SSD USED LAPTOP,ASUS,ROG,I5,6,Used,16.0,512.0,SSD,114200.0
HP ELITEBOOK - AMD RYZEN 7 8th Gen / 16GB RAM / 1024GB SSD USED LAPTOP,HP,ELITEBOOK,RYZEN 7,8,Used,16.0,1024.0,SSD,184300.0
DELL XPS - INTEL CORE I5 9th Gen / 16GB RAM / 1024GB HDD USED LAPTOP,DELL,XPS,I5,9,Used,16.0,1024.0,HDD,159700.0
ASUS TUF - INTEL CORE I3 8th Gen / 16GB RAM / 1024GB HDD USED LAPTOP,ASUS,TUF,I3,8,Used,16.0,1024.0,HDD,133600.0
APPLE MACBOOK PRO - APPLE M2  / 16GB RAM / 512GB SSD NEW LAPTOP,APPLE,MACBOOK PRO,M2,0,New,16.0,512.0,SSD,327500.0
DELL XPS - INTEL CORE I3 12th Gen / 32GB RAM / 1024GB SSD USED LAPTOP,DELL,XPS,I3,12,Used,32.0,1024.0,SSD,203100.0
APPLE MACBOOK PRO - INTEL CORE I5 13th Gen / 8GB RAM / 512GB SSD NEW LAPTOP,APPLE,MACBOOK PRO,I5,13,New,8.0,512.0,SSD,231800.0
APPLE MACBOOK AIR - APPLE M1  / 8GB RAM / 512GB SSD NEW LAPTOP,APPLE,MACBOOK AIR,M1,0,New,8.0,512.0,SSD,232400.0
ACER NITRO - INTEL CORE I7 7th Gen / 8GB RAM / 512GB SSD NEW LAPTOP,ACER,NITRO,I7,7,New,8.0,512.0,SSD,177100.0
APPLE MACBOOK PRO - INTEL CORE I7 6th Gen / 8GB RAM / 512GB SSD NEW LAPTOP,APPLE,MACBOOK PRO,I7,6,New,8.0,512.0,SSD,196400.0
APPLE MACBOOK AIR - APPLE M1  / 16GB RAM / 1024GB SSD USED LAPTOP,APPLE,MACBOOK AIR,M1,0,Used,16.0,1024.0,SSD,211600.0
ACER ASPIRE - INTEL CORE I5 13th Gen / 32GB RAM / 512GB SSD USED LAPTOP,ACER,ASPIRE,I5,13,Used,32.0,512.0,SSD,223200.0
APPLE MACBOOK PRO - APPLE M3  / 32GB RAM / 512GB SSD USED LAPTOP,APPLE,MACBOOK PRO,M3,0,Used,32.0,512.0,SSD,321000.0
HP SPECTRE - AMD RYZEN 5 7th Gen / 32GB RAM / 256GB SSD NEW LAPTOP,HP,SPECTRE,RYZEN 5,7,New,32.0,256.0,SSD,191900.0
DELL PRECISION - INTEL CORE I9 13th Gen / 32GB RAM / 512GB SSD USED LAPTOP,DELL,PRECISION,I9,13,Used,32.0,512.0,SSD,311800.0
DELL PRECISION - INTEL CORE I7 6th Gen / 16GB RAM / 256GB SSD NEW LAPTOP,DELL,PRECISION,I7,6,New,16.0,256.0,SSD,171100.0
HP ELITEBOOK - AMD RYZEN 3 5th Gen / 8GB RAM / 512GB SSD USED LAPTOP,HP,ELITEBOOK,RYZEN 3,5,Used,8.0,512.0,SSD,69300.0
DELL VOSTRO - INTEL CORE I7 8th Gen / 8GB RAM / 256GB SSD NEW LAPTOP,DELL,VOSTRO,I7,8,New,8.0,256.0,SSD,195500.0
DELL PRECISION - INTEL CORE I3 11th Gen / 16GB RAM / 512GB SSD USED LAPTOP,DELL,PRECISION,I3,11,Used,16.0,512.0,SSD,138500.0
APPLE MACBOOK PRO - APPLE M3  / 16GB RAM / 256GB SSD NEW LAPTOP,APPLE,MACBOOK PRO,M3,0,New,16.0,256.0,SSD,403300.0
ASUS ZENBOOK - INTEL CORE I7 12th Gen / 32GB RAM / 512GB SSD USED LAPTOP,ASUS,ZENBOOK,I7,12,Used,32.0,512.0,SSD,219900.0
HP ELITEBOOK - INTEL CORE I7 13th Gen / 16GB RAM / 256GB SSD USED LAPTOP,HP,ELITEBOOK,I7,13,Used,16.0,256.0,SSD,181700.0
ACER ASPIRE - AMD RYZEN 7 8th Gen / 8GB RAM / 256GB SSD USED LAPTOP,ACER,ASPIRE,RYZEN 7,8,Used,8.0,256.0,SSD,114100.0
ACER ASPIRE - INTEL CORE I9 10th Gen / 16GB RAM / 1024GB SSD USED LAPTOP,ACER,ASPIRE,I9,10,Used,16.0,1024.0,SSD,253400.0
APPLE MACBOOK AIR - APPLE M1  / 16GB RAM / 256GB SSD USED LAPTOP,APPLE,MACBOOK AIR,M1,0,Used,16.0,256.0,SSD,176100.0
APPLE MACBOOK AIR - INTEL CORE I5 13th Gen / 32GB RAM / 256GB SSD USED LAPTOP,APPLE,MACBOOK AIR,I5,13,Used,32.0,256.0,SSD,215900.0
APPLE MACBOOK PRO - APPLE M2  / 32GB RAM / 1024GB SSD USED LAPTOP,APPLE,MACBOOK PRO,M2,0,Used,32.0,1024.0,SSD,282000.0
ACER ASPIRE - INTEL CORE I9 6th Gen / 16GB RAM / 1024GB HDD USED LAPTOP,ACER,ASPIRE,I9,6,Used,16.0,1024.0,HDD,195600.0
APPLE MACBOOK AIR - INTEL CORE I5 9th Gen / 32GB RAM / 1024GB SSD NEW LAPTOP,APPLE,MACBOOK AIR,I5,9,New,32.0,1024.0,SSD,320700.0
HP PAVILION - INTEL CORE I9 9th Gen / 16GB RAM / 512GB SSD USED LAPTOP,HP,PAVILION,I9,9,Used,16.0,512.0,SSD,216000.0
HP PROBOOK - INTEL CORE I9 13th Gen / 8GB RAM / 1024GB SSD NEW LAPTOP,HP,PROBOOK,I9,13,New,8.0,1024.0,SSD,342800.0
ACER NITRO - AMD RYZEN 5 7th Gen / 16GB RAM / 512GB SSD USED LAPTOP,ACER,NITRO,RYZEN 5,7,Used,16.0,512.0,SSD,111000.0
ACER NITRO - AMD RYZEN 5 7th Gen / 16GB RAM / 1024GB HDD USED LAPTOP,ACER,NITRO,RYZEN 5,7,Used,16.0,1024.0,HDD,131700.0
DELL PRECISION - INTEL CORE I5 10th Gen / 8GB RAM / 512GB SSD USED LAPTOP,DELL,PRECISION,I5,10,Used,8.0,512.0,SSD,130800.0
APPLE MACBOOK PRO - APPLE M3  / 16GB RAM / 1024GB HDD USED LAPTOP,APPLE,MACBOOK PRO,M3,0,Used,16.0,1024.0,HDD,293200.0
APPLE MACBOOK AIR - APPLE M3  / 8GB RAM / 512GB SSD NEW LAPTOP,APPLE,MACBOOK AIR,M3,0,New,8.0,512.0,SSD,355900.0
DELL LATITUDE - INTEL CORE I5 9th Gen / 32GB RAM / 1024GB HDD USED LAPTOP,DELL,LATITUDE,I5,9,Used,32.0,1024.0,HDD,199600.0
HP ELITEBOOK - INTEL CORE I7 13th Gen / 16GB RAM / 1024GB SSD USED LAPTOP,HP,ELITEBOOK,I7,13,Used,16.0,1024.0,SSD,228000.0
HP SPECTRE - INTEL CORE I3 6th Gen / 8GB RAM / 256GB SSD USED LAPTOP,HP,SPECTRE,I3,6,Used,8.0,256.0,SSD,69900.0
HP ENVY - AMD RYZEN 3 5th Gen / 8GB RAM / 512GB SSD USED LAPTOP,HP,ENVY,RYZEN 3,5,Used,8.0,512.0,SSD,70400.0
DELL XPS - INTEL CORE I9 10th Gen / 16GB RAM / 512GB SSD USED LAPTOP,DELL,XPS,I9,10,Used,16.0,512.0,SSD,252500.0
APPLE MACBOOK PRO - INTEL CORE I5 7th Gen / 8GB RAM / 1024GB SSD USED LAPTOP,APPLE,MACBOOK PRO,I5,7,Used,8.0,1024.0,SSD,147100.0
ASUS ROG - AMD RYZEN 5 7th Gen / 8GB RAM / 256GB SSD USED LAPTOP,ASUS,ROG,RYZEN 5,7,Used,8.0,256.0,SSD,88700.0
ACER ASPIRE - AMD RYZEN 7 8th Gen / 16GB RAM / 512GB SSD USED LAPTOP,ACER,ASPIRE,RYZEN 7,8,Used,16.0,512.0,SSD,147800.0
APPLE MACBOOK PRO - INTEL CORE I7 9th Gen / 8GB RAM / 256GB SSD USED LAPTOP,APPLE,MACBOOK PRO,I7,9,Used,8.0,256.0,SSD,148400.0
HP ELITEBOOK - AMD RYZEN 3 5th Gen / 8GB RAM / 256GB SSD USED LAPTOP,HP,ELITEBOOK,RYZEN 3,5,Used,8.0,256.0,SSD,54000.0
ASUS ROG - AMD RYZEN 3 5th Gen / 32GB RAM / 512GB SSD USED LAPTOP,ASUS,ROG,RYZEN 3,5,Used,32.0,512.0,SSD,125600.0
ASUS TUF - INTEL CORE I7 6th Gen / 16GB RAM / 256GB SSD USED LAPTOP,ASUS,TUF,I7,6,Used,16.0,256.0,SSD,126700.0
HP PROBOOK - AMD RYZEN 7 8th Gen / 16GB RAM / 1024GB SSD USED LAPTOP,HP,PROBOOK,RYZEN 7,8,Used,16.0,1024.0,SSD,167600.0
DELL INSPIRON - INTEL CORE I3 8th Gen / 8GB RAM / 512GB SSD USED LAPTOP,DELL,INSPIRON,I3,8,Used,8.0,512.0,SSD,107500.0
ACER SWIFT - AMD RYZEN 3 5th Gen / 8GB RAM / 256GB SSD NEW LAPTOP,ACER,SWIFT,RYZEN 3,5,New,8.0,256.0,SSD,78400.0
ACER ASPIRE - INTEL CORE I3 9th Gen / 8GB RAM / 512GB SSD USED LAPTOP,ACER,ASPIRE,I3,9,Used,8.0,512.0,SSD,97300.0
ACER ASPIRE - INTEL CORE I5 8th Gen / 8GB RAM / 256GB SSD USED LAPTOP,ACER,ASPIRE,I5,8,Used,8.0,256.0,SSD,91000.0
DELL XPS - INTEL CORE I7 10th Gen / 8GB RAM / 256GB SSD USED LAPTOP,DELL,XPS,I7,10,Used,8.0,256.0,SSD,145000.0
DELL INSPIRON - AMD RYZEN 3 5th Gen / 8GB RAM / 1024GB SSD USED LAPTOP,DELL,INSPIRON,RYZEN 3,5,Used,8.0,1024.0,SSD,93600.0
APPLE MACBOOK PRO - APPLE M1  / 16GB RAM / 1024GB HDD USED LAPTOP,APPLE,MACBOOK PRO,M1,0,Used,16.0,1024.0,HDD,189600.0
APPLE MACBOOK AIR - APPLE M3  / 8GB RAM / 512GB SSD USED LAPTOP,APPLE,MACBOOK AIR,M3,0,Used,8.0,512.0,SSD,248600.0
ASUS TUF - AMD RYZEN 3 5th Gen / 32GB RAM / 1024GB SSD USED LAPTOP,ASUS,TUF,RYZEN 3,5,Used,32.0,1024.0,SSD,155300.0
HP PAVILION - INTEL CORE I9 13th Gen / 8GB RAM / 1024GB SSD USED LAPTOP,HP,PAVILION,I9,13,Used,8.0,1024.0,SSD,276400.0
DELL XPS - AMD RYZEN 3 5th Gen / 8GB RAM / 256GB SSD USED LAPTOP,DELL,XPS,RYZEN 3,5,Used,8.0,256.0,SSD,63000.0
ASUS ZENBOOK - INTEL CORE I7 10th Gen / 8GB RAM / 256GB SSD USED LAPTOP,ASUS,ZENBOOK,I7,10,Used,8.0,256.0,SSD,149200.0
DELL XPS - AMD RYZEN 7 8th Gen / 32GB RAM / 1024GB HDD USED LAPTOP,DELL,XPS,RYZEN 7,8,Used,32.0,1024.0,HDD,192600.0
APPLE MACBOOK PRO - APPLE M3  / 8GB RAM / 256GB SSD USED LAPTOP,APPLE,MACBOOK PRO,M3,0,Used,8.0,256.0,SSD,254800.0
APPLE MACBOOK AIR - INTEL CORE I5 6th Gen / 32GB RAM / 1024GB HDD NEW LAPTOP,APPLE,MACBOOK AIR,I5,6,New,32.0,1024.0,HDD,263900.0
HP SPECTRE - INTEL CORE I7 6th Gen / 8GB RAM / 512GB SSD USED LAPTOP,HP,SPECTRE,I7,6,Used,8.0,512.0,SSD,126700.0
ASUS ZENBOOK - INTEL CORE I3 13th Gen / 8GB RAM / 256GB SSD USED LAPTOP,ASUS,ZENBOOK,I3,13,Used,8.0,256.0,SSD,141200.0
ASUS VIVOBOOK - AMD RYZEN 3 5th Gen / 32GB RAM / 1024GB SSD USED LAPTOP,ASUS,VIVOBOOK,RYZEN 3,5,Used,32.0,1024.0,SSD,139600.0
APPLE MACBOOK PRO - APPLE M3  / 32GB RAM / 1024GB SSD USED LAPTOP,APPLE,MACBOOK PRO,M3,0,Used,32.0,1024.0,SSD,315000.0
ACER SWIFT - INTEL CORE I5 12th Gen / 32GB RAM / 256GB SSD USED LAPTOP,ACER,SWIFT,I5,12,Used,32.0,256.0,SSD,185000.0
ASUS ZENBOOK - AMD RYZEN 7 8th Gen / 16GB RAM / 256GB SSD USED LAPTOP,ASUS,ZENBOOK,RYZEN 7,8,Used,16.0,256.0,SSD,156200.0
ACER ASPIRE - INTEL CORE I7 9th Gen / 8GB RAM / 512GB SSD NEW LAPTOP,ACER,ASPIRE,I7,9,New,8.0,512.0,SSD,210500.0
DELL LATITUDE - INTEL CORE I7 12th Gen / 16GB RAM / 1024GB HDD USED LAPTOP,DELL,LATITUDE,I7,12,Used,16.0,1024.0,HDD,204700.0
HP VICTUS - INTEL CORE I7 8th Gen / 16GB RAM / 256GB SSD NEW LAPTOP,HP,VICTUS,I7,8,New,16.0,256.0,SSD,184100.0
ACER NITRO - INTEL CORE I5 11th Gen / 32GB RAM / 512GB SSD USED LAPTOP,ACER,NITRO,I5,11,Used,32.0,512.0,SSD,181700.0
DELL PRECISION - INTEL CORE I9 8th Gen / 8GB RAM / 1024GB SSD USED LAPTOP,DELL,PRECISION,I9,8,Used,8.0,1024.0,SSD,216000.0
HP ELITEBOOK - AMD RYZEN 5 7th Gen / 8GB RAM / 512GB SSD USED LAPTOP,HP,ELITEBOOK,RYZEN 5,7,Used,8.0,512.0,SSD,110300.0
DELL PRECISION - INTEL CORE I5 7th Gen / 16GB RAM / 1024GB SSD NEW LAPTOP,DELL,PRECISION,I5,7,New,16.0,1024.0,SSD,219600.0
ASUS VIVOBOOK - AMD RYZEN 5 7th Gen / 16GB RAM / 512GB SSD USED LAPTOP,ASUS,VIVOBOOK,RYZEN 5,7,Used,16.0,512.0,SSD,118300.0
ACER ASPIRE - AMD RYZEN 5 7th Gen / 32GB RAM / 1024GB HDD USED LAPTOP,ACER,ASPIRE,RYZEN 5,7,Used,32.0,1024.0,HDD,164100.0
ACER SWIFT - INTEL CORE I9 7th Gen / 16GB RAM / 256GB SSD USED LAPTOP,ACER,SWIFT,I9,7,Used,16.0,256.0,SSD,188500.0
ASUS ROG - AMD RYZEN 3 5th Gen / 8GB RAM / 256GB SSD NEW LAPTOP,ASUS,ROG,RYZEN 3,5,New,8.0,256.0,SSD,91100.0
HP ENVY - AMD RYZEN 7 8th Gen / 16GB RAM / 1024GB HDD USED LAPTOP,HP,ENVY,RYZEN 7,8,Used,16.0,1024.0,HDD,172200.0
DELL XPS - INTEL CORE I5 10th Gen / 16GB RAM / 1024GB SSD USED LAPTOP,DELL,XPS,I5,10,Used,16.0,1024.0,SSD,170700.0
DELL LATITUDE - AMD RYZEN 5 7th Gen / 16GB RAM / 1024GB HDD USED LAPTOP,DELL,LATITUDE,RYZEN 5,7,Used,16.0,1024.0,HDD,132000.0
ASUS VIVOBOOK - AMD RYZEN 5 7th Gen / 16GB RAM / 512GB SSD USED LAPTOP,ASUS,VIVOBOOK,RYZEN 5,7,Used,16.0,512.0,SSD,119500.0
ASUS VIVOBOOK - INTEL CORE I3 6th Gen / 32GB RAM / 1024GB SSD USED LAPTOP,ASUS,VIVOBOOK,I3,6,Used,32.0,1024.0,SSD,162600.0
APPLE MACBOOK PRO - APPLE M1  / 16GB RAM / 1024GB SSD USED LAPTOP,APPLE,MACBOOK PRO,M1,0,Used,16.0,1024.0,SSD,217600.0
ACER ASPIRE - AMD RYZEN 3 5th Gen / 32GB RAM / 1024GB SSD NEW LAPTOP,ACER,ASPIRE,RYZEN 3,5,New,32.0,1024.0,SSD,205700.0
ASUS ROG - AMD RYZEN 7 8th Gen / 32GB RAM / 512GB SSD USED LAPTOP,ASUS,ROG,RYZEN 7,8,Used,32.0,512.0,SSD,195100.0
ACER SWIFT - INTEL CORE I9 10th Gen / 32GB RAM / 1024GB HDD NEW LAPTOP,ACER,SWIFT,I9,10,New,32.0,1024.0,HDD,393400.0
ASUS ZENBOOK - INTEL CORE I9 12th Gen / 32GB RAM / 512GB SSD USED LAPTOP,ASUS,ZENBOOK,I9,12,Used,32.0,512.0,SSD,277700.0
ACER NITRO - INTEL CORE I3 11th Gen / 32GB RAM / 512GB SSD USED LAPTOP,ACER,NITRO,I3,11,Used,32.0,512.0,SSD,167700.0
HP PAVILION - INTEL CORE I7 7th Gen / 16GB RAM / 512GB SSD USED LAPTOP,HP,PAVILION,I7,7,Used,16.0,512.0,SSD,145900.0
HP VICTUS - INTEL CORE I9 10th Gen / 16GB RAM / 1024GB SSD USED LAPTOP,HP,VICTUS,I9,10,Used,16.0,1024.0,SSD,248600.0
ACER ASPIRE - INTEL CORE I3 9th Gen / 8GB RAM / 256GB SSD USED LAPTOP,ACER,ASPIRE,I3,9,Used,8.0,256.0,SSD,97300.0
HP PROBOOK - INTEL CORE I9 13th Gen / 32GB RAM / 256GB SSD USED LAPTOP,HP,PROBOOK,I9,13,Used,32.0,256.0,SSD,268600.0
ACER NITRO - INTEL CORE I3 7th Gen / 32GB RAM / 512GB SSD USED LAPTOP,ACER,NITRO,I3,7,Used,32.0,512.0,SSD,146000.0
HP VICTUS - AMD RYZEN 5 7th Gen / 8GB RAM / 256GB SSD USED LAPTOP,HP,VICTUS,RYZEN 5,7,Used,8.0,256.0,SSD,84100.0
HP ELITEBOOK - INTEL CORE I9 9th Gen / 16GB RAM / 256GB SSD NEW LAPTOP,HP,ELITEBOOK,I9,9,New,16.0,256.0,SSD,275200.0
APPLE MACBOOK AIR - APPLE M2  / 8GB RAM / 1024GB HDD USED LAPTOP,APPLE,MACBOOK AIR,M2,0,Used,8.0,1024.0,HDD,209700.0
APPLE MACBOOK AIR - APPLE M1  / 16GB RAM / 512GB SSD USED LAPTOP,APPLE,MACBOOK AIR,M1,0,Used,16.0,512.0,SSD,188500.0
ACER SWIFT - AMD RYZEN 5 7th Gen / 32GB RAM / 1024GB SSD USED LAPTOP,ACER,SWIFT,RYZEN 5,7,Used,32.0,1024.0,SSD,184500.0
ASUS VIVOBOOK - INTEL CORE I5 12th Gen / 32GB RAM / 1024GB SSD USED LAPTOP,ASUS,VIVOBOOK,I5,12,Used,32.0,1024.0,SSD,245800.0
HP PAVILION - INTEL CORE I3 10th Gen / 16GB RAM / 512GB SSD USED LAPTOP,HP,PAVILION,I3,10,Used,16.0,512.0,SSD,131800.0
ASUS VIVOBOOK - AMD RYZEN 7 8th Gen / 8GB RAM / 1024GB SSD USED LAPTOP,ASUS,VIVOBOOK,RYZEN 7,8,Used,8.0,1024.0,SSD,162400.0
APPLE MACBOOK PRO - APPLE M1  / 16GB RAM / 1024GB SSD USED LAPTOP,APPLE,MACBOOK PRO,M1,0,Used,16.0,1024.0,SSD,202000.0
ASUS ROG - AMD RYZEN 3 5th Gen / 8GB RAM / 1024GB HDD NEW LAPTOP,ASUS,ROG,RYZEN 3,5,New,8.0,1024.0,HDD,125000.0
ASUS ZENBOOK - AMD RYZEN 5 7th Gen / 8GB RAM / 1024GB SSD USED LAPTOP,ASUS,ZENBOOK,RYZEN 5,7,Used,8.0,1024.0,SSD,128400.0
DELL LATITUDE - INTEL CORE I9 12th Gen / 8GB RAM / 256GB SSD USED LAPTOP,DELL,LATITUDE,I9,12,Used,8.0,256.0,SSD,218000.0
ACER SWIFT - INTEL CORE I7 13th Gen / 16GB RAM / 1024GB SSD USED LAPTOP,ACER,SWIFT,I7,13,Used,16.0,1024.0,SSD,234900.0
ACER SWIFT - INTEL CORE I9 12th Gen / 16GB RAM / 512GB SSD USED LAPTOP,ACER,SWIFT,I9,12,Used,16.0,512.0,SSD,262100.0
DELL LATITUDE - AMD RYZEN 3 5th Gen / 16GB RAM / 1024GB SSD USED LAPTOP,DELL,LATITUDE,RYZEN 3,5,Used,16.0,1024.0,SSD,123400.0
APPLE MACBOOK PRO - INTEL CORE I7 7th Gen / 16GB RAM / 1024GB SSD USED LAPTOP,APPLE,MACBOOK PRO,I7,7,Used,16.0,1024.0,SSD,195600.0
ACER ASPIRE - INTEL CORE I3 8th Gen / 16GB RAM / 1024GB HDD USED LAPTOP,ACER,ASPIRE,I3,8,Used,16.0,1024.0,HDD,113500.0
DELL INSPIRON - AMD RYZEN 7 8th Gen / 8GB RAM / 256GB SSD NEW LAPTOP,DELL,INSPIRON,RYZEN 7,8,New,8.0,256.0,SSD,189800.0
ASUS ROG - AMD RYZEN 5 7th Gen / 8GB RAM / 1024GB SSD USED LAPTOP,ASUS,ROG,RYZEN 5,7,Used,8.0,1024.0,SSD,130400.0
ACER NITRO - AMD RYZEN 3 5th Gen / 8GB RAM / 256GB SSD USED LAPTOP,ACER,NITRO,RYZEN 3,5,Used,8.0,256.0,SSD,54500.0
DELL XPS - INTEL CORE I7 12th Gen / 8GB RAM / 256GB SSD USED LAPTOP,DELL,XPS,I7,12,Used,8.0,256.0,SSD,164700.0
DELL XPS - AMD RYZEN 3 5th Gen / 32GB RAM / 512GB SSD USED LAPTOP,DELL,XPS,RYZEN 3,5,Used,32.0,512.0,SSD,128400.0
ACER SWIFT - AMD RYZEN 7 8th Gen / 16GB RAM / 1024GB HDD USED LAPTOP,ACER,SWIFT,RYZEN 7,8,Used,16.0,1024.0,HDD,165600.0
HP PROBOOK - INTEL CORE I5 7th Gen / 16GB RAM / 256GB SSD USED LAPTOP,HP,PROBOOK,I5,7,Used,16.0,256.0,SSD,109900.0
HP ELITEBOOK - INTEL CORE I5 9th Gen / 16GB RAM / 256GB SSD NEW LAPTOP,HP,ELITEBOOK,I5,9,New,16.0,256.0,SSD,191200.0
DELL LATITUDE - INTEL CORE I9 13th Gen / 16GB RAM / 256GB SSD USED LAPTOP,DELL,LATITUDE,I9,13,Used,16.0,256.0,SSD,270400.0
APPLE MACBOOK PRO - APPLE M2  / 16GB RAM / 256GB SSD NEW LAPTOP,APPLE,MACBOOK PRO,M2,0,New,16.0,256.0,SSD,313900.0
DELL XPS - INTEL CORE I3 11th Gen / 8GB RAM / 512GB SSD USED LAPTOP,DELL,XPS,I3,11,Used,8.0,512.0,SSD,127400.0
APPLE MACBOOK AIR - APPLE M3  / 8GB RAM / 512GB SSD USED LAPTOP,APPLE,MACBOOK AIR,M3,0,Used,8.0,512.0,SSD,262800.0
ASUS TUF - INTEL CORE I7 7th Gen / 8GB RAM / 256GB SSD USED LAPTOP,ASUS,TUF,I7,7,Used,8.0,256.0,SSD,112600.0
HP ENVY - INTEL CORE I7 9th Gen / 8GB RAM / 256GB SSD NEW LAPTOP,HP,ENVY,I7,9,New,8.0,256.0,SSD,201500.0
DELL XPS - AMD RYZEN 3 5th Gen / 16GB RAM / 512GB SSD USED LAPTOP,DELL,XPS,RYZEN 3,5,Used,16.0,512.0,SSD,93600.0
ACER NITRO - INTEL CORE I9 9th Gen / 16GB RAM / 256GB SSD USED LAPTOP,ACER,NITRO,I9,9,Used,16.0,256.0,SSD,211400.0
APPLE MACBOOK AIR - APPLE M1  / 32GB RAM / 256GB SSD USED LAPTOP,APPLE,MACBOOK AIR,M1,0,Used,32.0,256.0,SSD,215700.0
DELL PRECISION - INTEL CORE I3 11th Gen / 32GB RAM / 512GB SSD USED LAPTOP,DELL,PRECISION,I3,11,Used,32.0,512.0,SSD,192000.0
APPLE MACBOOK PRO - INTEL CORE I5 9th Gen / 16GB RAM / 512GB SSD USED LAPTOP,APPLE,MACBOOK PRO,I5,9,Used,16.0,512.0,SSD,150800.0
ACER NITRO - INTEL CORE I7 8th Gen / 32GB RAM / 1024GB HDD USED LAPTOP,ACER,NITRO,I7,8,Used,32.0,1024.0,HDD,207800.0
APPLE MACBOOK PRO - INTEL CORE I5 8th Gen / 16GB RAM / 256GB SSD USED LAPTOP,APPLE,MACBOOK PRO,I5,8,Used,16.0,256.0,SSD,146600.0
ACER ASPIRE - INTEL CORE I7 8th Gen / 32GB RAM / 1024GB SSD USED LAPTOP,ACER,ASPIRE,I7,8,Used,32.0,1024.0,SSD,217000.0
HP PAVILION - INTEL CORE I3 10th Gen / 16GB RAM / 512GB SSD USED LAPTOP,HP,PAVILION,I3,10,Used,16.0,512.0,SSD,141200.0
ACER ASPIRE - INTEL CORE I9 10th Gen / 8GB RAM / 1024GB SSD USED LAPTOP,ACER,ASPIRE,I9,10,Used,8.0,1024.0,SSD,250100.0
APPLE MACBOOK PRO - INTEL CORE I5 10th Gen / 8GB RAM / 1024GB HDD USED LAPTOP,APPLE,MACBOOK PRO,I5,10,Used,8.0,1024.0,HDD,165800.0
HP PAVILION - AMD RYZEN 5 7th Gen / 16GB RAM / 256GB SSD USED LAPTOP,HP,PAVILION,RYZEN 5,7,Used,16.0,256.0,SSD,102700.0
ACER ASPIRE - INTEL CORE I5 11th Gen / 16GB RAM / 256GB SSD NEW LAPTOP,ACER,ASPIRE,I5,11,New,16.0,256.0,SSD,190300.0
ASUS ZENBOOK - INTEL CORE I3 6th Gen / 32GB RAM / 256GB SSD USED LAPTOP,ASUS,ZENBOOK,I3,6,Used,32.0,256.0,SSD,123100.0
APPLE MACBOOK PRO - APPLE M3  / 32GB RAM / 1024GB SSD USED LAPTOP,APPLE,MACBOOK PRO,M3,0,Used,32.0,1024.0,SSD,326400.0
ASUS ZENBOOK - INTEL CORE I7 7th Gen / 8GB RAM / 256GB SSD USED LAPTOP,ASUS,ZENBOOK,I7,7,Used,8.0,256.0,SSD,128900.0
ASUS VIVOBOOK - INTEL CORE I3 8th Gen / 8GB RAM / 512GB SSD USED LAPTOP,ASUS,VIVOBOOK,I3,8,Used,8.0,512.0,SSD,101400.0
ACER SWIFT - INTEL CORE I7 13th Gen / 8GB RAM / 512GB SSD USED LAPTOP,ACER,SWIFT,I7,13,Used,8.0,512.0,SSD,168900.0
ASUS VIVOBOOK - INTEL CORE I7 9th Gen / 8GB RAM / 256GB SSD USED LAPTOP,ASUS,VIVOBOOK,I7,9,Used,8.0,256.0,SSD,134800.0
ACER SWIFT - INTEL CORE I9 7th Gen / 32GB RAM / 512GB SSD USED LAPTOP,ACER,SWIFT,I9,7,Used,32.0,512.0,SSD,238200.0
APPLE MACBOOK PRO - INTEL CORE I5 13th Gen / 32GB RAM / 256GB SSD USED LAPTOP,APPLE,MACBOOK PRO,I5,13,Used,32.0,256.0,SSD,219900.0
DELL INSPIRON - INTEL CORE I3 11th Gen / 32GB RAM / 256GB SSD USED LAPTOP,DELL,INSPIRON,I3,11,Used,32.0,256.0,SSD,156700.0
ASUS TUF - AMD RYZEN 7 8th Gen / 32GB RAM / 1024GB SSD USED LAPTOP,ASUS,TUF,RYZEN 7,8,Used,32.0,1024.0,SSD,231500.0
DELL VOSTRO - INTEL CORE I7 13th Gen / 8GB RAM / 256GB SSD USED LAPTOP,DELL,VOSTRO,I7,13,Used,8.0,256.0,SSD,182200.0
ASUS ZENBOOK - AMD RYZEN 5 7th Gen / 8GB RAM / 1024GB SSD USED LAPTOP,ASUS,ZENBOOK,RYZEN 5,7,Used,8.0,1024.0,SSD,137500.0
ASUS ROG - AMD RYZEN 7 8th Gen / 16GB RAM / 512GB SSD USED LAPTOP,ASUS,ROG,RYZEN 7,8,Used,16.0,512.0,SSD,145900.0
APPLE MACBOOK AIR - INTEL CORE I5 9th Gen / 8GB RAM / 256GB SSD NEW LAPTOP,APPLE,MACBOOK AIR,I5,9,New,8.0,256.0,SSD,170500.0
ACER NITRO - INTEL CORE I3 11th Gen / 8GB RAM / 1024GB SSD USED LAPTOP,ACER,NITRO,I3,11,Used,8.0,1024.0,SSD,134600.0
ACER NITRO - AMD RYZEN 5 7th Gen / 16GB RAM / 512GB SSD USED LAPTOP,ACER,NITRO,RYZEN 5,7,Used,16.0,512.0,SSD,108800.0
DELL LATITUDE - INTEL CORE I5 8th Gen / 32GB RAM / 256GB SSD USED LAPTOP,DELL,LATITUDE,I5,8,Used,32.0,256.0,SSD,153300.0
ASUS ZENBOOK - AMD RYZEN 5 7th Gen / 8GB RAM / 512GB SSD NEW LAPTOP,ASUS,ZENBOOK,RYZEN 5,7,New,8.0,512.0,SSD,157500.0
ACER ASPIRE - AMD RYZEN 5 7th Gen / 16GB RAM / 256GB SSD NEW LAPTOP,ACER,ASPIRE,RYZEN 5,7,New,16.0,256.0,SSD,151500.0
ASUS VIVOBOOK - AMD RYZEN 3 5th Gen / 16GB RAM / 256GB SSD USED LAPTOP,ASUS,VIVOBOOK,RYZEN 3,5,Used,16.0,256.0,SSD,77000.0
DELL VOSTRO - INTEL CORE I5 11th Gen / 8GB RAM / 256GB SSD USED LAPTOP,DELL,VOSTRO,I5,11,Used,8.0,256.0,SSD,131700.0
ASUS ZENBOOK - AMD RYZEN 7 8th Gen / 32GB RAM / 1024GB SSD USED LAPTOP,ASUS,ZENBOOK,RYZEN 7,8,Used,32.0,1024.0,SSD,229600.0
DELL XPS - INTEL CORE I7 9th Gen / 32GB RAM / 256GB SSD USED LAPTOP,DELL,XPS,I7,9,Used,32.0,256.0,SSD,194800.0
ACER NITRO - INTEL CORE I9 13th Gen / 16GB RAM / 256GB SSD USED LAPTOP,ACER,NITRO,I9,13,Used,16.0,256.0,SSD,236000.0
APPLE MACBOOK AIR - APPLE M1  / 16GB RAM / 512GB SSD NEW LAPTOP,APPLE,MACBOOK AIR,M1,0,New,16.0,512.0,SSD,260600.0
ACER ASPIRE - INTEL CORE I5 13th Gen / 32GB RAM / 512GB SSD USED LAPTOP,ACER,ASPIRE,I5,13,Used,32.0,512.0,SSD,219300.0
DELL PRECISION - AMD RYZEN 7 8th Gen / 32GB RAM / 256GB SSD USED LAPTOP,DELL,PRECISION,RYZEN 7,8,Used,32.0,256.0,SSD,188100.0
ASUS ZENBOOK - AMD RYZEN 3 5th Gen / 16GB RAM / 256GB SSD USED LAPTOP,ASUS,ZENBOOK,RYZEN 3,5,Used,16.0,256.0,SSD,75000.0
ACER NITRO - INTEL CORE I7 11th Gen / 16GB RAM / 512GB SSD USED LAPTOP,ACER,NITRO,I7,11,Used,16.0,512.0,SSD,179000.0
ACER SWIFT - INTEL CORE I7 7th Gen / 16GB RAM / 1024GB HDD USED LAPTOP,ACER,SWIFT,I7,7,Used,16.0,1024.0,HDD,155500.0
APPLE MACBOOK AIR - APPLE M1  / 16GB RAM / 1024GB SSD NEW LAPTOP,APPLE,MACBOOK AIR,M1,0,New,16.0,1024.0,SSD,319700.0
DELL PRECISION - INTEL CORE I9 11th Gen / 8GB RAM / 256GB SSD USED LAPTOP,DELL,PRECISION,I9,11,Used,8.0,256.0,SSD,222100.0
DELL INSPIRON - INTEL CORE I7 11th Gen / 8GB RAM / 1024GB HDD NEW LAPTOP,DELL,INSPIRON,I7,11,New,8.0,1024.0,HDD,235800.0
DELL INSPIRON - AMD RYZEN 5 7th Gen / 32GB RAM / 1024GB HDD USED LAPTOP,DELL,INSPIRON,RYZEN 5,7,Used,32.0,1024.0,HDD,160500.0
ACER SWIFT - AMD RYZEN 7 8th Gen / 32GB RAM / 256GB SSD NEW LAPTOP,ACER,SWIFT,RYZEN 7,8,New,32.0,256.0,SSD,262200.0
DELL LATITUDE - INTEL CORE I5 13th Gen / 8GB RAM / 1024GB SSD USED LAPTOP,DELL,LATITUDE,I5,13,Used,8.0,1024.0,SSD,183900.0
APPLE MACBOOK AIR - INTEL CORE I5 11th Gen / 32GB RAM / 1024GB SSD USED LAPTOP,APPLE,MACBOOK AIR,I5,11,Used,32.0,1024.0,SSD,247000.0
ACER SWIFT - INTEL CORE I9 12th Gen / 16GB RAM / 1024GB SSD USED LAPTOP,ACER,SWIFT,I9,12,Used,16.0,1024.0,SSD,278600.0
ACER NITRO - INTEL CORE I5 12th Gen / 32GB RAM / 256GB SSD USED LAPTOP,ACER,NITRO,I5,12,Used,32.0,256.0,SSD,190500.0
ASUS VIVOBOOK - AMD RYZEN 7 8th Gen / 8GB RAM / 256GB SSD USED LAPTOP,ASUS,VIVOBOOK,RYZEN 7,8,Used,8.0,256.0,SSD,129700.0
ASUS TUF - AMD RYZEN 7 8th Gen / 16GB RAM / 512GB SSD USED LAPTOP,ASUS,TUF,RYZEN 7,8,Used,16.0,512.0,SSD,163200.0
ACER NITRO - INTEL CORE I9 10th Gen / 32GB RAM / 512GB SSD USED LAPTOP,ACER,NITRO,I9,10,Used,32.0,512.0,SSD,263700.0
APPLE MACBOOK AIR - APPLE M2  / 8GB RAM / 256GB SSD USED LAPTOP,APPLE,MACBOOK AIR,M2,0,Used,8.0,256.0,SSD,194900.0
ASUS TUF - INTEL CORE I7 13th Gen / 8GB RAM / 256GB SSD USED LAPTOP,ASUS,TUF,I7,13,Used,8.0,256.0,SSD,168100.0
HP PROBOOK - INTEL CORE I9 10th Gen / 8GB RAM / 1024GB HDD USED LAPTOP,HP,PROBOOK,I9,10,Used,8.0,1024.0,HDD,221600.0
HP SPECTRE - AMD RYZEN 7 8th Gen / 8GB RAM / 1024GB SSD USED LAPTOP,HP,SPECTRE,RYZEN 7,8,Used,8.0,1024.0,SSD,163000.0
APPLE MACBOOK PRO - APPLE M1  / 32GB RAM / 1024GB SSD USED LAPTOP,APPLE,MACBOOK PRO,M1,0,Used,32.0,1024.0,SSD,241100.0
ASUS TUF - AMD RYZEN 5 7th Gen / 32GB RAM / 256GB SSD NEW LAPTOP,ASUS,TUF,RYZEN 5,7,New,32.0,256.0,SSD,222200.0
DELL PRECISION - AMD RYZEN 7 8th Gen / 16GB RAM / 512GB SSD USED LAPTOP,DELL,PRECISION,RYZEN 7,8,Used,16.0,512.0,SSD,165600.0
DELL INSPIRON - INTEL CORE I9 13th Gen / 8GB RAM / 256GB SSD USED LAPTOP,DELL,INSPIRON,I9,13,Used,8.0,256.0,SSD,246500.0
ACER SWIFT - INTEL CORE I7 9th Gen / 32GB RAM / 512GB SSD USED LAPTOP,ACER,SWIFT,I7,9,Used,32.0,512.0,SSD,201500.0
DELL LATITUDE - AMD RYZEN 7 8th Gen / 32GB RAM / 1024GB SSD USED LAPTOP,DELL,LATITUDE,RYZEN 7,8,Used,32.0,1024.0,SSD,233100.0
APPLE MACBOOK PRO - APPLE M3  / 32GB RAM / 1024GB HDD USED LAPTOP,APPLE,MACBOOK PRO,M3,0,Used,32.0,1024.0,HDD,303000.0
APPLE MACBOOK PRO - APPLE M1  / 16GB RAM / 256GB SSD NEW LAPTOP,APPLE,MACBOOK PRO,M1,0,New,16.0,256.0,SSD,228300.0
HP PROBOOK - INTEL CORE I5 8th Gen / 8GB RAM / 512GB SSD USED LAPTOP,HP,PROBOOK,I5,8,Used,8.0,512.0,SSD,102800.0
HP VICTUS - AMD RYZEN 5 7th Gen / 8GB RAM / 1024GB SSD NEW LAPTOP,HP,VICTUS,RYZEN 5,7,New,8.0,1024.0,SSD,176300.0
ACER ASPIRE - AMD RYZEN 5 7th Gen / 16GB RAM / 1024GB SSD USED LAPTOP,ACER,ASPIRE,RYZEN 5,7,Used,16.0,1024.0,SSD,135700.0
ACER ASPIRE - AMD RYZEN 7 8th Gen / 32GB RAM / 256GB SSD USED LAPTOP,ACER,ASPIRE,RYZEN 7,8,Used,32.0,256.0,SSD,181100.0
ASUS ROG - AMD RYZEN 3 5th Gen / 8GB RAM / 256GB SSD USED LAPTOP,ASUS,ROG,RYZEN 3,5,Used,8.0,256.0,SSD,62300.0
HP PAVILION - INTEL CORE I3 9th Gen / 32GB RAM / 512GB SSD USED LAPTOP,HP,PAVILION,I3,9,Used,32.0,512.0,SSD,163000.0
HP SPECTRE - INTEL CORE I9 10th Gen / 8GB RAM / 512GB SSD USED LAPTOP,HP,SPECTRE,I9,10,Used,8.0,512.0,SSD,200700.0
HP SPECTRE - INTEL CORE I5 6th Gen / 8GB RAM / 512GB SSD NEW LAPTOP,HP,SPECTRE,I5,6,New,8.0,512.0,SSD,141400.0
ACER NITRO - INTEL CORE I5 10th Gen / 16GB RAM / 256GB SSD NEW LAPTOP,ACER,NITRO,I5,10,New,16.0,256.0,SSD,187600.0
DELL INSPIRON - AMD RYZEN 3 5th Gen / 16GB RAM / 256GB SSD USED LAPTOP,DELL,INSPIRON,RYZEN 3,5,Used,16.0,256.0,SSD,78400.0
APPLE MACBOOK AIR - INTEL CORE I5 13th Gen / 8GB RAM / 512GB SSD USED LAPTOP,APPLE,MACBOOK AIR,I5,13,Used,8.0,512.0,SSD,174800.0
ASUS VIVOBOOK - AMD RYZEN 3 5th Gen / 16GB RAM / 512GB SSD USED LAPTOP,ASUS,VIVOBOOK,RYZEN 3,5,Used,16.0,512.0,SSD,89100.0
ASUS TUF - AMD RYZEN 5 7th Gen / 32GB RAM / 1024GB SSD USED LAPTOP,ASUS,TUF,RYZEN 5,7,Used,32.0,1024.0,SSD,187500.0
ASUS ROG - AMD RYZEN 7 8th Gen / 16GB RAM / 512GB SSD USED LAPTOP,ASUS,ROG,RYZEN 7,8,Used,16.0,512.0,SSD,149700.0
HP ELITEBOOK - AMD RYZEN 7 8th Gen / 8GB RAM / 512GB SSD USED LAPTOP,HP,ELITEBOOK,RYZEN 7,8,Used,8.0,512.0,SSD,139800.0
ASUS VIVOBOOK - AMD RYZEN 3 5th Gen / 32GB RAM / 512GB SSD USED LAPTOP,ASUS,VIVOBOOK,RYZEN 3,5,Used,32.0,512.0,SSD,135600.0
APPLE MACBOOK AIR - APPLE M3  / 16GB RAM / 1024GB SSD NEW LAPTOP,APPLE,MACBOOK AIR,M3,0,New,16.0,1024.0,SSD,395800.0
HP VICTUS - AMD RYZEN 7 8th Gen / 16GB RAM / 512GB SSD USED LAPTOP,HP,VICTUS,RYZEN 7,8,Used,16.0,512.0,SSD,147200.0
ACER ASPIRE - INTEL CORE I3 7th Gen / 32GB RAM / 1024GB SSD NEW LAPTOP,ACER,ASPIRE,I3,7,New,32.0,1024.0,SSD,210600.0
DELL XPS - INTEL CORE I9 10th Gen / 32GB RAM / 1024GB SSD USED LAPTOP,DELL,XPS,I9,10,Used,32.0,1024.0,SSD,282500.0
DELL XPS - AMD RYZEN 3 5th Gen / 16GB RAM / 256GB SSD USED LAPTOP,DELL,XPS,RYZEN 3,5,Used,16.0,256.0,SSD,82300.0
ASUS ROG - AMD RYZEN 7 8th Gen / 16GB RAM / 512GB SSD USED LAPTOP,ASUS,ROG,RYZEN 7,8,Used,16.0,512.0,SSD,156800.0
DELL XPS - INTEL CORE I3 10th Gen / 8GB RAM / 512GB SSD USED LAPTOP,DELL,XPS,I3,10,Used,8.0,512.0,SSD,122900.0
DELL XPS - AMD RYZEN 3 5th Gen / 32GB RAM / 256GB SSD USED LAPTOP,DELL,XPS,RYZEN 3,5,Used,32.0,256.0,SSD,112800.0
ASUS ZENBOOK - INTEL CORE I9 9th Gen / 16GB RAM / 256GB SSD USED LAPTOP,ASUS,ZENBOOK,I9,9,Used,16.0,256.0,SSD,201100.0
HP ELITEBOOK - INTEL CORE I7 6th Gen / 16GB RAM / 256GB SSD USED LAPTOP,HP,ELITEBOOK,I7,6,Used,16.0,256.0,SSD,116500.0
APPLE MACBOOK AIR - APPLE M2  / 8GB RAM / 256GB SSD NEW LAPTOP,APPLE,MACBOOK AIR,M2,0,New,8.0,256.0,SSD,272000.0
DELL VOSTRO - AMD RYZEN 7 8th Gen / 8GB RAM / 1024GB HDD USED LAPTOP,DELL,VOSTRO,RYZEN 7,8,Used,8.0,1024.0,HDD,147700.0
DELL PRECISION - AMD RYZEN 5 7th Gen / 16GB RAM / 256GB SSD USED LAPTOP,DELL,PRECISION,RYZEN 5,7,Used,16.0,256.0,SSD,111800.0
ASUS ROG - AMD RYZEN 3 5th Gen / 32GB RAM / 256GB SSD USED LAPTOP,ASUS,ROG,RYZEN 3,5,Used,32.0,256.0,SSD,116000.0
DELL XPS - INTEL CORE I7 12th Gen / 16GB RAM / 256GB SSD USED LAPTOP,DELL,XPS,I7,12,Used,16.0,256.0,SSD,185400.0
DELL PRECISION - INTEL CORE I9 13th Gen / 8GB RAM / 256GB SSD USED LAPTOP,DELL,PRECISION,I9,13,Used,8.0,256.0,SSD,228100.0
ASUS ROG - AMD RYZEN 3 5th Gen / 16GB RAM / 512GB SSD USED LAPTOP,ASUS,ROG,RYZEN 3,5,Used,16.0,512.0,SSD,93500.0
HP VICTUS - AMD RYZEN 7 8th Gen / 32GB RAM / 256GB SSD USED LAPTOP,HP,VICTUS,RYZEN 7,8,Used,32.0,256.0,SSD,169400.0
ACER SWIFT - INTEL CORE I5 7th Gen / 8GB RAM / 512GB SSD USED LAPTOP,ACER,SWIFT,I5,7,Used,8.0,512.0,SSD,107200.0
APPLE MACBOOK PRO - APPLE M1  / 16GB RAM / 1024GB SSD NEW LAPTOP,APPLE,MACBOOK PRO,M1,0,New,16.0,1024.0,SSD,319900.0
ACER ASPIRE - INTEL CORE I7 12th Gen / 8GB RAM / 1024GB HDD USED LAPTOP,ACER,ASPIRE,I7,12,Used,8.0,1024.0,HDD,194500.0
APPLE MACBOOK AIR - APPLE M2  / 16GB RAM / 512GB SSD USED LAPTOP,APPLE,MACBOOK AIR,M2,0,Used,16.0,512.0,SSD,211000.0
HP PROBOOK - AMD RYZEN 3 5th Gen / 16GB RAM / 1024GB SSD USED LAPTOP,HP,PROBOOK,RYZEN 3,5,Used,16.0,1024.0,SSD,111800.0
ACER ASPIRE - AMD RYZEN 7 8th Gen / 8GB RAM / 256GB SSD USED LAPTOP,ACER,ASPIRE,RYZEN 7,8,Used,8.0,256.0,SSD,113100.0
DELL VOSTRO - INTEL CORE I9 11th Gen / 16GB RAM / 1024GB SSD USED LAPTOP,DELL,VOSTRO,I9,11,Used,16.0,1024.0,SSD,261000.0
APPLE MACBOOK AIR - INTEL CORE I5 10th Gen / 32GB RAM / 1024GB SSD USED LAPTOP,APPLE,MACBOOK AIR,I5,10,Used,32.0,1024.0,SSD,230300.0
HP VICTUS - INTEL CORE I5 13th Gen / 32GB RAM / 256GB SSD USED LAPTOP,HP,VICTUS,I5,13,Used,32.0,256.0,SSD,203400.0
ASUS ZENBOOK - AMD RYZEN 5 7th Gen / 32GB RAM / 1024GB SSD USED LAPTOP,ASUS,ZENBOOK,RYZEN 5,7,Used,32.0,1024.0,SSD,195800.0
ACER NITRO - AMD RYZEN 3 5th Gen / 32GB RAM / 256GB SSD USED LAPTOP,ACER,NITRO,RYZEN 3,5,Used,32.0,256.0,SSD,103200.0
ASUS VIVOBOOK - INTEL CORE I5 6th Gen / 8GB RAM / 1024GB HDD USED LAPTOP,ASUS,VIVOBOOK,I5,6,Used,8.0,1024.0,HDD,100900.0
ACER ASPIRE - AMD RYZEN 5 7th Gen / 8GB RAM / 256GB SSD USED LAPTOP,ACER,ASPIRE,RYZEN 5,7,Used,8.0,256.0,SSD,95800.0
APPLE MACBOOK AIR - INTEL CORE I7 13th Gen / 32GB RAM / 512GB SSD USED LAPTOP,APPLE,MACBOOK AIR,I7,13,Used,32.0,512.0,SSD,258000.0
HP ELITEBOOK - AMD RYZEN 7 8th Gen / 8GB RAM / 256GB SSD USED LAPTOP,HP,ELITEBOOK,RYZEN 7,8,Used,8.0,256.0,SSD,125900.0
ASUS TUF - AMD RYZEN 3 5th Gen / 8GB RAM / 256GB SSD USED LAPTOP,ASUS,TUF,RYZEN 3,5,Used,8.0,256.0,SSD,59800.0
DELL PRECISION - INTEL CORE I3 8th Gen / 16GB RAM / 512GB SSD USED LAPTOP,DELL,PRECISION,I3,8,Used,16.0,512.0,SSD,114500.0
ACER ASPIRE - AMD RYZEN 3 5th Gen / 8GB RAM / 512GB SSD NEW LAPTOP,ACER,ASPIRE,RYZEN 3,5,New,8.0,512.0,SSD,94800.0
APPLE MACBOOK AIR - INTEL CORE I5 6th Gen / 8GB RAM / 256GB SSD NEW LAPTOP,APPLE,MACBOOK AIR,I5,6,New,8.0,256.0,SSD,138600.0
HP SPECTRE - INTEL CORE I7 6th Gen / 16GB RAM / 256GB SSD USED LAPTOP,HP,SPECTRE,I7,6,Used,16.0,256.0,SSD,129500.0
HP SPECTRE - AMD RYZEN 3 5th Gen / 32GB RAM / 1024GB SSD USED LAPTOP,HP,SPECTRE,RYZEN 3,5,Used,32.0,1024.0,SSD,157000.0
HP PROBOOK - AMD RYZEN 3 5th Gen / 16GB RAM / 1024GB SSD USED LAPTOP,HP,PROBOOK,RYZEN 3,5,Used,16.0,1024.0,SSD,115200.0
ACER NITRO - AMD RYZEN 5 7th Gen / 32GB RAM / 1024GB SSD USED LAPTOP,ACER,NITRO,RYZEN 5,7,Used,32.0,1024.0,SSD,162300.0
APPLE MACBOOK PRO - APPLE M3  / 8GB RAM / 512GB SSD NEW LAPTOP,APPLE,MACBOOK PRO,M3,0,New,8.0,512.0,SSD,375200.0
DELL VOSTRO - AMD RYZEN 7 8th Gen / 16GB RAM / 256GB SSD USED LAPTOP,DELL,VOSTRO,RYZEN 7,8,Used,16.0,256.0,SSD,149000.0
DELL XPS - INTEL CORE I9 7th Gen / 8GB RAM / 256GB SSD USED LAPTOP,DELL,XPS,I9,7,Used,8.0,256.0,SSD,186800.0
HP VICTUS - AMD RYZEN 7 8th Gen / 8GB RAM / 256GB SSD USED LAPTOP,HP,VICTUS,RYZEN 7,8,Used,8.0,256.0,SSD,123600.0
ASUS ROG - AMD RYZEN 3 5th Gen / 16GB RAM / 512GB SSD USED LAPTOP,ASUS,ROG,RYZEN 3,5,Used,16.0,512.0,SSD,86800.0
DELL LATITUDE - AMD RYZEN 7 8th Gen / 8GB RAM / 1024GB SSD NEW LAPTOP,DELL,LATITUDE,RYZEN 7,8,New,8.0,1024.0,SSD,245000.0
ASUS ZENBOOK - INTEL CORE I9 7th Gen / 16GB RAM / 512GB SSD NEW LAPTOP,ASUS,ZENBOOK,I9,7,New,16.0,512.0,SSD,295400.0
DELL PRECISION - AMD RYZEN 7 8th Gen / 16GB RAM / 1024GB SSD USED LAPTOP,DELL,PRECISION,RYZEN 7,8,Used,16.0,1024.0,SSD,176000.0
ASUS ZENBOOK - INTEL CORE I9 11th Gen / 32GB RAM / 1024GB SSD USED LAPTOP,ASUS,ZENBOOK,I9,11,Used,32.0,1024.0,SSD,320300.0
ACER SWIFT - INTEL CORE I3 9th Gen / 8GB RAM / 512GB SSD USED LAPTOP,ACER,SWIFT,I3,9,Used,8.0,512.0,SSD,97000.0
APPLE MACBOOK PRO - INTEL CORE I7 11th Gen / 8GB RAM / 1024GB SSD USED LAPTOP,APPLE,MACBOOK PRO,I7,11,Used,8.0,1024.0,SSD,225000.0
HP PAVILION - AMD RYZEN 5 7th Gen / 32GB RAM / 256GB SSD NEW LAPTOP,HP,PAVILION,RYZEN 5,7,New,32.0,256.0,SSD,211000.0
HP PAVILION - INTEL CORE I5 12th Gen / 16GB RAM / 256GB SSD USED LAPTOP,HP,PAVILION,I5,12,Used,16.0,256.0,SSD,164700.0
ACER NITRO - INTEL CORE I7 12th Gen / 16GB RAM / 1024GB SSD USED LAPTOP,ACER,NITRO,I7,12,Used,16.0,1024.0,SSD,205900.0
HP ENVY - INTEL CORE I3 10th Gen / 8GB RAM / 256GB SSD USED LAPTOP,HP,ENVY,I3,10,Used,8.0,256.0,SSD,106700.0
ASUS ROG - AMD RYZEN 5 7th Gen / 8GB RAM / 256GB SSD USED LAPTOP,ASUS,ROG,RYZEN 5,7,Used,8.0,256.0,SSD,94000.0
DELL VOSTRO - INTEL CORE I7 7th Gen / 16GB RAM / 512GB SSD NEW LAPTOP,DELL,VOSTRO,I7,7,New,16.0,512.0,SSD,215800.0
HP ELITEBOOK - INTEL CORE I7 6th Gen / 8GB RAM / 1024GB SSD USED LAPTOP,HP,ELITEBOOK,I7,6,Used,8.0,1024.0,SSD,142500.0
DELL INSPIRON - AMD RYZEN 7 8th Gen / 8GB RAM / 256GB SSD NEW LAPTOP,DELL,INSPIRON,RYZEN 7,8,New,8.0,256.0,SSD,180900.0
APPLE MACBOOK PRO - APPLE M1  / 16GB RAM / 1024GB SSD USED LAPTOP,APPLE,MACBOOK PRO,M1,0,Used,16.0,1024.0,SSD,218600.0
APPLE MACBOOK AIR - INTEL CORE I5 10th Gen / 16GB RAM / 256GB SSD NEW LAPTOP,APPLE,MACBOOK AIR,I5,10,New,16.0,256.0,SSD,207700.0
ACER NITRO - INTEL CORE I5 13th Gen / 8GB RAM / 1024GB SSD USED LAPTOP,ACER,NITRO,I5,13,Used,8.0,1024.0,SSD,173500.0
HP PAVILION - INTEL CORE I3 6th Gen / 16GB RAM / 256GB SSD USED LAPTOP,HP,PAVILION,I3,6,Used,16.0,256.0,SSD,88500.0
DELL VOSTRO - AMD RYZEN 3 5th Gen / 32GB RAM / 1024GB HDD USED LAPTOP,DELL,VOSTRO,RYZEN 3,5,Used,32.0,1024.0,HDD,129600.0
ACER ASPIRE - INTEL CORE I7 12th Gen / 32GB RAM / 512GB SSD USED LAPTOP,ACER,ASPIRE,I7,12,Used,32.0,512.0,SSD,221100.0
ACER NITRO - INTEL CORE I3 9th Gen / 16GB RAM / 256GB SSD USED LAPTOP,ACER,NITRO,I3,9,Used,16.0,256.0,SSD,111700.0
DELL PRECISION - INTEL CORE I5 7th Gen / 8GB RAM / 256GB SSD USED LAPTOP,DELL,PRECISION,I5,7,Used,8.0,256.0,SSD,90800.0
HP PROBOOK - AMD RYZEN 7 8th Gen / 32GB RAM / 256GB SSD NEW LAPTOP,HP,PROBOOK,RYZEN 7,8,New,32.0,256.0,SSD,251800.0
APPLE MACBOOK AIR - APPLE M3  / 32GB RAM / 256GB SSD NEW LAPTOP,APPLE,MACBOOK AIR,M3,0,New,32.0,256.0,SSD,444900.0
APPLE MACBOOK PRO - APPLE M1  / 8GB RAM / 1024GB SSD USED LAPTOP,APPLE,MACBOOK PRO,M1,0,Used,8.0,1024.0,SSD,205500.0
DELL XPS - INTEL CORE I9 11th Gen / 8GB RAM / 256GB SSD USED LAPTOP,DELL,XPS,I9,11,Used,8.0,256.0,SSD,216500.0
ACER SWIFT - AMD RYZEN 5 7th Gen / 16GB RAM / 256GB SSD USED LAPTOP,ACER,SWIFT,RYZEN 5,7,Used,16.0,256.0,SSD,105400.0
ACER SWIFT - AMD RYZEN 7 8th Gen / 8GB RAM / 256GB SSD USED LAPTOP,ACER,SWIFT,RYZEN 7,8,Used,8.0,256.0,SSD,126900.0
ACER ASPIRE - AMD RYZEN 7 8th Gen / 8GB RAM / 512GB SSD USED LAPTOP,ACER,ASPIRE,RYZEN 7,8,Used,8.0,512.0,SSD,130200.0
ACER ASPIRE - INTEL CORE I7 13th Gen / 32GB RAM / 512GB SSD USED LAPTOP,ACER,ASPIRE,I7,13,Used,32.0,512.0,SSD,245000.0
APPLE MACBOOK PRO - APPLE M1  / 16GB RAM / 256GB SSD USED LAPTOP,APPLE,MACBOOK PRO,M1,0,Used,16.0,256.0,SSD,189600.0
ACER SWIFT - AMD RYZEN 7 8th Gen / 8GB RAM / 1024GB HDD USED LAPTOP,ACER,SWIFT,RYZEN 7,8,Used,8.0,1024.0,HDD,136600.0
ACER ASPIRE - AMD RYZEN 3 5th Gen / 8GB RAM / 1024GB SSD USED LAPTOP,ACER,ASPIRE,RYZEN 3,5,Used,8.0,1024.0,SSD,90100.0
HP VICTUS - INTEL CORE I5 9th Gen / 32GB RAM / 1024GB SSD USED LAPTOP,HP,VICTUS,I5,9,Used,32.0,1024.0,SSD,210500.0
DELL INSPIRON - INTEL CORE I5 9th Gen / 8GB RAM / 256GB SSD USED LAPTOP,DELL,INSPIRON,I5,9,Used,8.0,256.0,SSD,122500.0
ASUS ROG - INTEL CORE I9 6th Gen / 8GB RAM / 512GB SSD USED LAPTOP,ASUS,ROG,I9,6,Used,8.0,512.0,SSD,186200.0
DELL VOSTRO - AMD RYZEN 7 8th Gen / 32GB RAM / 1024GB SSD USED LAPTOP,DELL,VOSTRO,RYZEN 7,8,Used,32.0,1024.0,SSD,211600.0
ACER NITRO - INTEL CORE I3 8th Gen / 32GB RAM / 1024GB HDD USED LAPTOP,ACER,NITRO,I3,8,Used,32.0,1024.0,HDD,152100.0
ACER ASPIRE - AMD RYZEN 3 5th Gen / 8GB RAM / 1024GB SSD USED LAPTOP,ACER,ASPIRE,RYZEN 3,5,Used,8.0,1024.0,SSD,94500.0
DELL PRECISION - INTEL CORE I9 12th Gen / 8GB RAM / 1024GB SSD USED LAPTOP,DELL,PRECISION,I9,12,Used,8.0,1024.0,SSD,247500.0
DELL LATITUDE - AMD RYZEN 3 5th Gen / 8GB RAM / 256GB SSD USED LAPTOP,DELL,LATITUDE,RYZEN 3,5,Used,8.0,256.0,SSD,61700.0
DELL LATITUDE - INTEL CORE I3 12th Gen / 32GB RAM / 256GB SSD USED LAPTOP,DELL,LATITUDE,I3,12,Used,32.0,256.0,SSD,189600.0
APPLE MACBOOK PRO - APPLE M3  / 8GB RAM / 1024GB HDD USED LAPTOP,APPLE,MACBOOK PRO,M3,0,Used,8.0,1024.0,HDD,263800.0
ASUS ZENBOOK - INTEL CORE I9 13th Gen / 32GB RAM / 512GB SSD USED LAPTOP,ASUS,ZENBOOK,I9,13,Used,32.0,512.0,SSD,310700.0
ASUS VIVOBOOK - INTEL CORE I7 6th Gen / 8GB RAM / 256GB SSD USED LAPTOP,ASUS,VIVOBOOK,I7,6,Used,8.0,256.0,SSD,106300.0
HP PROBOOK - AMD RYZEN 3 5th Gen / 8GB RAM / 1024GB SSD USED LAPTOP,HP,PROBOOK,RYZEN 3,5,Used,8.0,1024.0,SSD,91200.0
ASUS TUF - AMD RYZEN 5 7th Gen / 32GB RAM / 1024GB SSD USED LAPTOP,ASUS,TUF,RYZEN 5,7,Used,32.0,1024.0,SSD,176300.0
APPLE MACBOOK PRO - APPLE M1  / 16GB RAM / 1024GB SSD USED LAPTOP,APPLE,MACBOOK PRO,M1,0,Used,16.0,1024.0,SSD,215700.0
ACER NITRO - INTEL CORE I9 8th Gen / 16GB RAM / 256GB SSD USED LAPTOP,ACER,NITRO,I9,8,Used,16.0,256.0,SSD,212100.0
ASUS VIVOBOOK - INTEL CORE I7 6th Gen / 8GB RAM / 256GB SSD USED LAPTOP,ASUS,VIVOBOOK,I7,6,Used,8.0,256.0,SSD,119900.0
ACER SWIFT - INTEL CORE I3 8th Gen / 16GB RAM / 256GB SSD USED LAPTOP,ACER,SWIFT,I3,8,Used,16.0,256.0,SSD,107300.0
DELL VOSTRO - AMD RYZEN 3 5th Gen / 32GB RAM / 1024GB HDD USED LAPTOP,DELL,VOSTRO,RYZEN 3,5,Used,32.0,1024.0,HDD,129300.0
ACER ASPIRE - INTEL CORE I3 6th Gen / 32GB RAM / 1024GB SSD USED LAPTOP,ACER,ASPIRE,I3,6,Used,32.0,1024.0,SSD,158500.0
ASUS ROG - AMD RYZEN 5 7th Gen / 16GB RAM / 256GB SSD USED LAPTOP,ASUS,ROG,RYZEN 5,7,Used,16.0,256.0,SSD,118200.0
APPLE MACBOOK PRO - INTEL CORE I5 12th Gen / 16GB RAM / 512GB SSD USED LAPTOP,APPLE,MACBOOK PRO,I5,12,Used,16.0,512.0,SSD,181900.0
ACER NITRO - INTEL CORE I7 9th Gen / 32GB RAM / 1024GB HDD USED LAPTOP,ACER,NITRO,I7,9,Used,32.0,1024.0,HDD,209500.0
ASUS VIVOBOOK - AMD RYZEN 3 5th Gen / 32GB RAM / 256GB SSD USED LAPTOP,ASUS,VIVOBOOK,RYZEN 3,5,Used,32.0,256.0,SSD,116900.0
ASUS ROG - AMD RYZEN 3 5th Gen / 16GB RAM / 1024GB SSD USED LAPTOP,ASUS,ROG,RYZEN 3,5,Used,16.0,1024.0,SSD,107600.0
ASUS TUF - INTEL CORE I3 8th Gen / 32GB RAM / 256GB SSD USED LAPTOP,ASUS,TUF,I3,8,Used,32.0,256.0,SSD,141800.0
ACER SWIFT - INTEL CORE I7 13th Gen / 16GB RAM / 512GB SSD USED LAPTOP,ACER,SWIFT,I7,13,Used,16.0,512.0,SSD,210400.0
DELL INSPIRON - INTEL CORE I5 8th Gen / 32GB RAM / 1024GB SSD USED LAPTOP,DELL,INSPIRON,I5,8,Used,32.0,1024.0,SSD,189000.0
ACER NITRO - INTEL CORE I7 8th Gen / 8GB RAM / 1024GB HDD USED LAPTOP,ACER,NITRO,I7,8,Used,8.0,1024.0,HDD,141700.0
DELL LATITUDE - AMD RYZEN 5 7th Gen / 32GB RAM / 256GB SSD USED LAPTOP,DELL,LATITUDE,RYZEN 5,7,Used,32.0,256.0,SSD,142500.0
HP ELITEBOOK - INTEL CORE I7 6th Gen / 8GB RAM / 256GB SSD USED LAPTOP,HP,ELITEBOOK,I7,6,Used,8.0,256.0,SSD,99400.0
ASUS TUF - AMD RYZEN 5 7th Gen / 16GB RAM / 1024GB SSD USED LAPTOP,ASUS,TUF,RYZEN 5,7,Used,16.0,1024.0,SSD,145700.0
ASUS ROG - INTEL CORE I9 7th Gen / 8GB RAM / 256GB SSD USED LAPTOP,ASUS,ROG,I9,7,Used,8.0,256.0,SSD,193900.0
ASUS VIVOBOOK - INTEL CORE I5 8th Gen / 8GB RAM / 1024GB SSD USED LAPTOP,ASUS,VIVOBOOK,I5,8,Used,8.0,1024.0,SSD,142700.0
ACER NITRO - AMD RYZEN 5 7th Gen / 16GB RAM / 1024GB SSD USED LAPTOP,ACER,NITRO,RYZEN 5,7,Used,16.0,1024.0,SSD,150600.0
APPLE MACBOOK PRO - INTEL CORE I5 11th Gen / 8GB RAM / 1024GB SSD USED LAPTOP,APPLE,MACBOOK PRO,I5,11,Used,8.0,1024.0,SSD,174100.0
ACER ASPIRE - INTEL CORE I9 7th Gen / 32GB RAM / 1024GB SSD USED LAPTOP,ACER,ASPIRE,I9,7,Used,32.0,1024.0,SSD,257300.0
HP SPECTRE - INTEL CORE I9 6th Gen / 8GB RAM / 1024GB HDD USED LAPTOP,HP,SPECTRE,I9,6,Used,8.0,1024.0,HDD,181800.0
DELL PRECISION - AMD RYZEN 7 8th Gen / 16GB RAM / 1024GB HDD NEW LAPTOP,DELL,PRECISION,RYZEN 7,8,New,16.0,1024.0,HDD,228900.0
DELL XPS - AMD RYZEN 3 5th Gen / 8GB RAM / 256GB SSD USED LAPTOP,DELL,XPS,RYZEN 3,5,Used,8.0,256.0,SSD,61800.0
ACER ASPIRE - INTEL CORE I9 8th Gen / 32GB RAM / 512GB SSD USED LAPTOP,ACER,ASPIRE,I9,8,Used,32.0,512.0,SSD,230400.0
ACER ASPIRE - AMD RYZEN 3 5th Gen / 16GB RAM / 256GB SSD USED LAPTOP,ACER,ASPIRE,RYZEN 3,5,Used,16.0,256.0,SSD,71500.0
ASUS ZENBOOK - INTEL CORE I5 8th Gen / 32GB RAM / 1024GB SSD NEW LAPTOP,ASUS,ZENBOOK,I5,8,New,32.0,1024.0,SSD,257800.0
ACER ASPIRE - INTEL CORE I5 12th Gen / 32GB RAM / 256GB SSD USED LAPTOP,ACER,ASPIRE,I5,12,Used,32.0,256.0,SSD,179000.0
ACER SWIFT - AMD RYZEN 7 8th Gen / 8GB RAM / 1024GB SSD USED LAPTOP,ACER,SWIFT,RYZEN 7,8,Used,8.0,1024.0,SSD,149900.0
APPLE MACBOOK PRO - APPLE M3  / 32GB RAM / 256GB SSD USED LAPTOP,APPLE,MACBOOK PRO,M3,0,Used,32.0,256.0,SSD,292300.0
APPLE MACBOOK PRO - INTEL CORE I5 11th Gen / 32GB RAM / 1024GB HDD NEW LAPTOP,APPLE,MACBOOK PRO,I5,11,New,32.0,1024.0,HDD,308500.0
ASUS ROG - AMD RYZEN 5 7th Gen / 32GB RAM / 512GB SSD USED LAPTOP,ASUS,ROG,RYZEN 5,7,Used,32.0,512.0,SSD,152700.0
ASUS ZENBOOK - INTEL CORE I9 11th Gen / 32GB RAM / 512GB SSD USED LAPTOP,ASUS,ZENBOOK,I9,11,Used,32.0,512.0,SSD,282300.0
ASUS ROG - INTEL CORE I7 12th Gen / 16GB RAM / 1024GB HDD USED LAPTOP,ASUS,ROG,I7,12,Used,16.0,1024.0,HDD,189800.0
APPLE MACBOOK PRO - INTEL CORE I5 7th Gen / 32GB RAM / 256GB SSD USED LAPTOP,APPLE,MACBOOK PRO,I5,7,Used,32.0,256.0,SSD,154000.0
ACER SWIFT - INTEL CORE I9 7th Gen / 16GB RAM / 1024GB HDD USED LAPTOP,ACER,SWIFT,I9,7,Used,16.0,1024.0,HDD,208500.0
HP SPECTRE - INTEL CORE I7 11th Gen / 16GB RAM / 512GB SSD USED LAPTOP,HP,SPECTRE,I7,11,Used,16.0,512.0,SSD,176400.0
APPLE MACBOOK PRO - APPLE M1  / 16GB RAM / 512GB SSD NEW LAPTOP,APPLE,MACBOOK PRO,M1,0,New,16.0,512.0,SSD,263600.0
DELL LATITUDE - INTEL CORE I7 6th Gen / 16GB RAM / 256GB SSD USED LAPTOP,DELL,LATITUDE,I7,6,Used,16.0,256.0,SSD,136600.0
ASUS TUF - AMD RYZEN 3 5th Gen / 16GB RAM / 1024GB SSD USED LAPTOP,ASUS,TUF,RYZEN 3,5,Used,16.0,1024.0,SSD,114900.0
DELL PRECISION - INTEL CORE I5 8th Gen / 16GB RAM / 1024GB SSD USED LAPTOP,DELL,PRECISION,I5,8,Used,16.0,1024.0,SSD,153200.0
ACER ASPIRE - INTEL CORE I9 11th Gen / 32GB RAM / 256GB SSD USED LAPTOP,ACER,ASPIRE,I9,11,Used,32.0,256.0,SSD,256000.0
DELL INSPIRON - INTEL CORE I5 11th Gen / 16GB RAM / 256GB SSD USED LAPTOP,DELL,INSPIRON,I5,11,Used,16.0,256.0,SSD,160600.0
DELL LATITUDE - INTEL CORE I3 11th Gen / 8GB RAM / 1024GB SSD NEW LAPTOP,DELL,LATITUDE,I3,11,New,8.0,1024.0,SSD,226200.0
APPLE MACBOOK AIR - APPLE M2  / 16GB RAM / 1024GB SSD USED LAPTOP,APPLE,MACBOOK AIR,M2,0,Used,16.0,1024.0,SSD,252400.0
DELL VOSTRO - AMD RYZEN 7 8th Gen / 32GB RAM / 512GB SSD USED LAPTOP,DELL,VOSTRO,RYZEN 7,8,Used,32.0,512.0,SSD,205600.0
APPLE MACBOOK PRO - APPLE M2  / 16GB RAM / 1024GB SSD USED LAPTOP,APPLE,MACBOOK PRO,M2,0,Used,16.0,1024.0,SSD,257800.0
APPLE MACBOOK PRO - APPLE M2  / 16GB RAM / 256GB SSD USED LAPTOP,APPLE,MACBOOK PRO,M2,0,Used,16.0,256.0,SSD,214900.0
ACER ASPIRE - INTEL CORE I5 10th Gen / 8GB RAM / 512GB SSD USED LAPTOP,ACER,ASPIRE,I5,10,Used,8.0,512.0,SSD,126100.0
ASUS ROG - INTEL CORE I9 6th Gen / 16GB RAM / 256GB SSD USED LAPTOP,ASUS,ROG,I9,6,Used,16.0,256.0,SSD,188100.0
DELL INSPIRON - AMD RYZEN 7 8th Gen / 8GB RAM / 256GB SSD USED LAPTOP,DELL,INSPIRON,RYZEN 7,8,Used,8.0,256.0,SSD,125300.0
DELL VOSTRO - INTEL CORE I3 6th Gen / 16GB RAM / 512GB SSD NEW LAPTOP,DELL,VOSTRO,I3,6,New,16.0,512.0,SSD,146900.0
DELL LATITUDE - AMD RYZEN 7 8th Gen / 16GB RAM / 1024GB HDD USED LAPTOP,DELL,LATITUDE,RYZEN 7,8,Used,16.0,1024.0,HDD,170800.0
DELL VOSTRO - INTEL CORE I5 11th Gen / 32GB RAM / 512GB SSD USED LAPTOP,DELL,VOSTRO,I5,11,Used,32.0,512.0,SSD,184700.0
HP VICTUS - INTEL CORE I7 8th Gen / 8GB RAM / 1024GB HDD USED LAPTOP,HP,VICTUS,I7,8,Used,8.0,1024.0,HDD,135900.0
DELL INSPIRON - INTEL CORE I3 8th Gen / 16GB RAM / 512GB SSD NEW LAPTOP,DELL,INSPIRON,I3,8,New,16.0,512.0,SSD,158100.0
ASUS ZENBOOK - INTEL CORE I5 7th Gen / 8GB RAM / 1024GB SSD USED LAPTOP,ASUS,ZENBOOK,I5,7,Used,8.0,1024.0,SSD,138800.0
APPLE MACBOOK AIR - INTEL CORE I7 13th Gen / 16GB RAM / 512GB SSD USED LAPTOP,APPLE,MACBOOK AIR,I7,13,Used,16.0,512.0,SSD,229600.0
HP ENVY - AMD RYZEN 5 7th Gen / 8GB RAM / 512GB SSD NEW LAPTOP,HP,ENVY,RYZEN 5,7,New,8.0,512.0,SSD,136700.0
ACER NITRO - AMD RYZEN 7 8th Gen / 32GB RAM / 512GB SSD USED LAPTOP,ACER,NITRO,RYZEN 7,8,Used,32.0,512.0,SSD,195900.0
ASUS ZENBOOK - INTEL CORE I3 6th Gen / 8GB RAM / 512GB SSD USED LAPTOP,ASUS,ZENBOOK,I3,6,Used,8.0,512.0,SSD,85300.0
HP ENVY - AMD RYZEN 3 5th Gen / 32GB RAM / 512GB SSD USED LAPTOP,HP,ENVY,RYZEN 3,5,Used,32.0,512.0,SSD,127400.0
ASUS ROG - INTEL CORE I9 12th Gen / 32GB RAM / 512GB SSD USED LAPTOP,ASUS,ROG,I9,12,Used,32.0,512.0,SSD,280900.0
DELL INSPIRON - AMD RYZEN 3 5th Gen / 32GB RAM / 512GB SSD USED LAPTOP,DELL,INSPIRON,RYZEN 3,5,Used,32.0,512.0,SSD,122200.0
HP ELITEBOOK - INTEL CORE I5 10th Gen / 32GB RAM / 256GB SSD USED LAPTOP,HP,ELITEBOOK,I5,10,Used,32.0,256.0,SSD,167100.0
ASUS ZENBOOK - AMD RYZEN 5 7th Gen / 16GB RAM / 256GB SSD USED LAPTOP,ASUS,ZENBOOK,RYZEN 5,7,Used,16.0,256.0,SSD,110700.0
HP VICTUS - INTEL CORE I9 10th Gen / 32GB RAM / 256GB SSD USED LAPTOP,HP,VICTUS,I9,10,Used,32.0,256.0,SSD,274300.0
ACER NITRO - AMD RYZEN 3 5th Gen / 32GB RAM / 1024GB HDD USED LAPTOP,ACER,NITRO,RYZEN 3,5,Used,32.0,1024.0,HDD,125500.0
ASUS ROG - INTEL CORE I9 9th Gen / 32GB RAM / 1024GB SSD NEW LAPTOP,ASUS,ROG,I9,9,New,32.0,1024.0,SSD,402800.0
ASUS ZENBOOK - AMD RYZEN 7 8th Gen / 8GB RAM / 256GB SSD USED LAPTOP,ASUS,ZENBOOK,RYZEN 7,8,Used,8.0,256.0,SSD,138600.0
ASUS VIVOBOOK - AMD RYZEN 3 5th Gen / 32GB RAM / 256GB SSD USED LAPTOP,ASUS,VIVOBOOK,RYZEN 3,5,Used,32.0,256.0,SSD,116600.0
ASUS ZENBOOK - AMD RYZEN 3 5th Gen / 8GB RAM / 1024GB SSD USED LAPTOP,ASUS,ZENBOOK,RYZEN 3,5,Used,8.0,1024.0,SSD,99100.0
APPLE MACBOOK AIR - APPLE M3  / 8GB RAM / 1024GB HDD USED LAPTOP,APPLE,MACBOOK AIR,M3,0,Used,8.0,1024.0,HDD,253600.0
HP PROBOOK - AMD RYZEN 5 7th Gen / 16GB RAM / 512GB SSD USED LAPTOP,HP,PROBOOK,RYZEN 5,7,Used,16.0,512.0,SSD,127500.0
ASUS VIVOBOOK - INTEL CORE I9 7th Gen / 8GB RAM / 512GB SSD USED LAPTOP,ASUS,VIVOBOOK,I9,7,Used,8.0,512.0,SSD,206200.0
DELL LATITUDE - AMD RYZEN 7 8th Gen / 8GB RAM / 256GB SSD USED LAPTOP,DELL,LATITUDE,RYZEN 7,8,Used,8.0,256.0,SSD,119200.0
ASUS ZENBOOK - AMD RYZEN 7 8th Gen / 16GB RAM / 256GB SSD USED LAPTOP,ASUS,ZENBOOK,RYZEN 7,8,Used,16.0,256.0,SSD,156300.0
APPLE MACBOOK PRO - APPLE M1  / 16GB RAM / 1024GB SSD USED LAPTOP,APPLE,MACBOOK PRO,M1,0,Used,16.0,1024.0,SSD,201100.0
DELL INSPIRON - AMD RYZEN 5 7th Gen / 8GB RAM / 256GB SSD USED LAPTOP,DELL,INSPIRON,RYZEN 5,7,Used,8.0,256.0,SSD,101900.0
HP ENVY - AMD RYZEN 5 7th Gen / 32GB RAM / 256GB SSD NEW LAPTOP,HP,ENVY,RYZEN 5,7,New,32.0,256.0,SSD,215200.0
DELL VOSTRO - INTEL CORE I3 10th Gen / 32GB RAM / 1024GB HDD USED LAPTOP,DELL,VOSTRO,I3,10,Used,32.0,1024.0,HDD,196500.0
ASUS ROG - INTEL CORE I7 12th Gen / 8GB RAM / 1024GB SSD USED LAPTOP,ASUS,ROG,I7,12,Used,8.0,1024.0,SSD,212500.0
HP PROBOOK - INTEL CORE I5 13th Gen / 32GB RAM / 1024GB HDD USED LAPTOP,HP,PROBOOK,I5,13,Used,32.0,1024.0,HDD,208100.0
APPLE MACBOOK PRO - APPLE M3  / 32GB RAM / 1024GB SSD USED LAPTOP,APPLE,MACBOOK PRO,M3,0,Used,32.0,1024.0,SSD,362400.0
HP PROBOOK - INTEL CORE I3 6th Gen / 16GB RAM / 1024GB SSD NEW LAPTOP,HP,PROBOOK,I3,6,New,16.0,1024.0,SSD,165600.0
ASUS ROG - INTEL CORE I9 6th Gen / 32GB RAM / 1024GB SSD USED LAPTOP,ASUS,ROG,I9,6,Used,32.0,1024.0,SSD,244200.0
ASUS ROG - INTEL CORE I5 7th Gen / 16GB RAM / 1024GB HDD NEW LAPTOP,ASUS,ROG,I5,7,New,16.0,1024.0,HDD,200900.0
ACER SWIFT - AMD RYZEN 3 5th Gen / 16GB RAM / 256GB SSD NEW LAPTOP,ACER,SWIFT,RYZEN 3,5,New,16.0,256.0,SSD,95900.0
ACER SWIFT - INTEL CORE I9 11th Gen / 32GB RAM / 512GB SSD NEW LAPTOP,ACER,SWIFT,I9,11,New,32.0,512.0,SSD,376200.0
ASUS ZENBOOK - INTEL CORE I3 8th Gen / 8GB RAM / 512GB SSD USED LAPTOP,ASUS,ZENBOOK,I3,8,Used,8.0,512.0,SSD,98100.0
ASUS TUF - AMD RYZEN 3 5th Gen / 16GB RAM / 256GB SSD USED LAPTOP,ASUS,TUF,RYZEN 3,5,Used,16.0,256.0,SSD,78500.0
ASUS TUF - AMD RYZEN 7 8th Gen / 16GB RAM / 512GB SSD USED LAPTOP,ASUS,TUF,RYZEN 7,8,Used,16.0,512.0,SSD,150100.0
ACER SWIFT - AMD RYZEN 3 5th Gen / 32GB RAM / 512GB SSD USED LAPTOP,ACER,SWIFT,RYZEN 3,5,Used,32.0,512.0,SSD,113600.0
ACER SWIFT - AMD RYZEN 7 8th Gen / 16GB RAM / 256GB SSD USED LAPTOP,ACER,SWIFT,RYZEN 7,8,Used,16.0,256.0,SSD,139800.0
ASUS VIVOBOOK - INTEL CORE I7 12th Gen / 8GB RAM / 512GB SSD USED LAPTOP,ASUS,VIVOBOOK,I7,12,Used,8.0,512.0,SSD,166500.0
DELL INSPIRON - INTEL CORE I7 12th Gen / 16GB RAM / 512GB SSD USED LAPTOP,DELL,INSPIRON,I7,12,Used,16.0,512.0,SSD,198000.0
ACER SWIFT - INTEL CORE I5 13th Gen / 8GB RAM / 256GB SSD NEW LAPTOP,ACER,SWIFT,I5,13,New,8.0,256.0,SSD,212900.0
ASUS VIVOBOOK - AMD RYZEN 7 8th Gen / 8GB RAM / 512GB SSD USED LAPTOP,ASUS,VIVOBOOK,RYZEN 7,8,Used,8.0,512.0,SSD,133000.0
ASUS TUF - INTEL CORE I5 7th Gen / 16GB RAM / 1024GB HDD USED LAPTOP,ASUS,TUF,I5,7,Used,16.0,1024.0,HDD,138600.0
ASUS VIVOBOOK - AMD RYZEN 7 8th Gen / 32GB RAM / 256GB SSD USED LAPTOP,ASUS,VIVOBOOK,RYZEN 7,8,Used,32.0,256.0,SSD,170000.0
HP VICTUS - INTEL CORE I7 9th Gen / 32GB RAM / 1024GB SSD NEW LAPTOP,HP,VICTUS,I7,9,New,32.0,1024.0,SSD,295800.0
DELL XPS - AMD RYZEN 5 7th Gen / 32GB RAM / 1024GB SSD USED LAPTOP,DELL,XPS,RYZEN 5,7,Used,32.0,1024.0,SSD,175000.0
ACER SWIFT - AMD RYZEN 3 5th Gen / 16GB RAM / 512GB SSD USED LAPTOP,ACER,SWIFT,RYZEN 3,5,Used,16.0,512.0,SSD,88800.0
ACER SWIFT - AMD RYZEN 5 7th Gen / 8GB RAM / 1024GB HDD NEW LAPTOP,ACER,SWIFT,RYZEN 5,7,New,8.0,1024.0,HDD,157000.0
APPLE MACBOOK AIR - APPLE M3  / 16GB RAM / 1024GB SSD USED LAPTOP,APPLE,MACBOOK AIR,M3,0,Used,16.0,1024.0,SSD,297300.0
DELL INSPIRON - INTEL CORE I3 13th Gen / 32GB RAM / 256GB SSD USED LAPTOP,DELL,INSPIRON,I3,13,Used,32.0,256.0,SSD,199700.0
ASUS ROG - INTEL CORE I5 7th Gen / 16GB RAM / 256GB SSD NEW LAPTOP,ASUS,ROG,I5,7,New,16.0,256.0,SSD,169400.0
ASUS ZENBOOK - AMD RYZEN 7 8th Gen / 16GB RAM / 1024GB SSD USED LAPTOP,ASUS,ZENBOOK,RYZEN 7,8,Used,16.0,1024.0,SSD,181400.0
HP ELITEBOOK - INTEL CORE I5 12th Gen / 8GB RAM / 512GB SSD USED LAPTOP,HP,ELITEBOOK,I5,12,Used,8.0,512.0,SSD,155800.0
APPLE MACBOOK AIR - APPLE M3  / 32GB RAM / 1024GB SSD USED LAPTOP,APPLE,MACBOOK AIR,M3,0,Used,32.0,1024.0,SSD,341800.0
HP ELITEBOOK - AMD RYZEN 7 8th Gen / 8GB RAM / 512GB SSD USED LAPTOP,HP,ELITEBOOK,RYZEN 7,8,Used,8.0,512.0,SSD,142400.0
ACER ASPIRE - INTEL CORE I3 13th Gen / 8GB RAM / 1024GB HDD USED LAPTOP,ACER,ASPIRE,I3,13,Used,8.0,1024.0,HDD,152400.0
APPLE MACBOOK AIR - APPLE M1  / 32GB RAM / 1024GB HDD USED LAPTOP,APPLE,MACBOOK AIR,M1,0,Used,32.0,1024.0,HDD,231200.0
APPLE MACBOOK AIR - APPLE M1  / 16GB RAM / 256GB SSD USED LAPTOP,APPLE,MACBOOK AIR,M1,0,Used,16.0,256.0,SSD,189100.0
DELL LATITUDE - AMD RYZEN 3 5th Gen / 16GB RAM / 512GB SSD USED LAPTOP,DELL,LATITUDE,RYZEN 3,5,Used,16.0,512.0,SSD,84900.0
HP ENVY - AMD RYZEN 3 5th Gen / 8GB RAM / 512GB SSD USED LAPTOP,HP,ENVY,RYZEN 3,5,Used,8.0,512.0,SSD,69600.0
ASUS ZENBOOK - INTEL CORE I9 12th Gen / 16GB RAM / 256GB SSD USED LAPTOP,ASUS,ZENBOOK,I9,12,Used,16.0,256.0,SSD,235400.0
APPLE MACBOOK PRO - APPLE M2  / 32GB RAM / 256GB SSD USED LAPTOP,APPLE,MACBOOK PRO,M2,0,Used,32.0,256.0,SSD,241300.0
APPLE MACBOOK AIR - APPLE M3  / 8GB RAM / 256GB SSD USED LAPTOP,APPLE,MACBOOK AIR,M3,0,Used,8.0,256.0,SSD,241400.0
APPLE MACBOOK PRO - INTEL CORE I5 12th Gen / 16GB RAM / 1024GB HDD USED LAPTOP,APPLE,MACBOOK PRO,I5,12,Used,16.0,1024.0,HDD,188200.0
HP VICTUS - AMD RYZEN 7 8th Gen / 8GB RAM / 1024GB HDD USED LAPTOP,HP,VICTUS,RYZEN 7,8,Used,8.0,1024.0,HDD,153400.0
APPLE MACBOOK AIR - APPLE M1  / 32GB RAM / 1024GB SSD USED LAPTOP,APPLE,MACBOOK AIR,M1,0,Used,32.0,1024.0,SSD,248600.0
DELL PRECISION - AMD RYZEN 3 5th Gen / 32GB RAM / 1024GB SSD NEW LAPTOP,DELL,PRECISION,RYZEN 3,5,New,32.0,1024.0,SSD,220600.0
DELL LATITUDE - AMD RYZEN 3 5th Gen / 8GB RAM / 512GB SSD USED LAPTOP,DELL,LATITUDE,RYZEN 3,5,Used,8.0,512.0,SSD,71000.0
APPLE MACBOOK PRO - APPLE M1  / 8GB RAM / 1024GB SSD USED LAPTOP,APPLE,MACBOOK PRO,M1,0,Used,8.0,1024.0,SSD,208500.0
HP PROBOOK - AMD RYZEN 7 8th Gen / 8GB RAM / 256GB SSD NEW LAPTOP,HP,PROBOOK,RYZEN 7,8,New,8.0,256.0,SSD,174200.0
ASUS ROG - INTEL CORE I9 8th Gen / 32GB RAM / 1024GB SSD USED LAPTOP,ASUS,ROG,I9,8,Used,32.0,1024.0,SSD,291500.0
APPLE MACBOOK AIR - APPLE M2  / 16GB RAM / 512GB SSD USED LAPTOP,APPLE,MACBOOK AIR,M2,0,Used,16.0,512.0,SSD,213400.0
DELL INSPIRON - AMD RYZEN 5 7th Gen / 32GB RAM / 512GB SSD USED LAPTOP,DELL,INSPIRON,RYZEN 5,7,Used,32.0,512.0,SSD,169900.0
APPLE MACBOOK PRO - INTEL CORE I7 9th Gen / 32GB RAM / 512GB SSD USED LAPTOP,APPLE,MACBOOK PRO,I7,9,Used,32.0,512.0,SSD,210100.0
ASUS ROG - AMD RYZEN 3 5th Gen / 8GB RAM / 512GB SSD USED LAPTOP,ASUS,ROG,RYZEN 3,5,Used,8.0,512.0,SSD,75500.0
DELL INSPIRON - AMD RYZEN 5 7th Gen / 32GB RAM / 512GB SSD NEW LAPTOP,DELL,INSPIRON,RYZEN 5,7,New,32.0,512.0,SSD,219900.0
DELL VOSTRO - AMD RYZEN 7 8th Gen / 32GB RAM / 512GB SSD USED LAPTOP,DELL,VOSTRO,RYZEN 7,8,Used,32.0,512.0,SSD,184900.0
DELL PRECISION - INTEL CORE I7 7th Gen / 16GB RAM / 512GB SSD USED LAPTOP,DELL,PRECISION,I7,7,Used,16.0,512.0,SSD,148100.0
HP ELITEBOOK - INTEL CORE I5 10th Gen / 16GB RAM / 1024GB SSD USED LAPTOP,HP,ELITEBOOK,I5,10,Used,16.0,1024.0,SSD,169900.0
ASUS ZENBOOK - INTEL CORE I9 9th Gen / 16GB RAM / 1024GB SSD USED LAPTOP,ASUS,ZENBOOK,I9,9,Used,16.0,1024.0,SSD,270600.0
APPLE MACBOOK AIR - APPLE M2  / 8GB RAM / 1024GB SSD USED LAPTOP,APPLE,MACBOOK AIR,M2,0,Used,8.0,1024.0,SSD,220000.0
ASUS ROG - AMD RYZEN 7 8th Gen / 32GB RAM / 256GB SSD USED LAPTOP,ASUS,ROG,RYZEN 7,8,Used,32.0,256.0,SSD,171200.0
ASUS VIVOBOOK - AMD RYZEN 7 8th Gen / 32GB RAM / 1024GB SSD USED LAPTOP,ASUS,VIVOBOOK,RYZEN 7,8,Used,32.0,1024.0,SSD,204600.0
ACER NITRO - AMD RYZEN 3 5th Gen / 32GB RAM / 512GB SSD USED LAPTOP,ACER,NITRO,RYZEN 3,5,Used,32.0,512.0,SSD,111800.0
DELL INSPIRON - INTEL CORE I7 12th Gen / 32GB RAM / 512GB SSD USED LAPTOP,DELL,INSPIRON,I7,12,Used,32.0,512.0,SSD,225000.0
APPLE MACBOOK AIR - APPLE M3  / 32GB RAM / 256GB SSD USED LAPTOP,APPLE,MACBOOK AIR,M3,0,Used,32.0,256.0,SSD,290700.0
APPLE MACBOOK PRO - INTEL CORE I5 6th Gen / 16GB RAM / 256GB SSD NEW LAPTOP,APPLE,MACBOOK PRO,I5,6,New,16.0,256.0,SSD,161900.0
DELL XPS - AMD RYZEN 5 7th Gen / 8GB RAM / 256GB SSD NEW LAPTOP,DELL,XPS,RYZEN 5,7,New,8.0,256.0,SSD,140000.0
DELL VOSTRO - INTEL CORE I3 9th Gen / 32GB RAM / 256GB SSD USED LAPTOP,DELL,VOSTRO,I3,9,Used,32.0,256.0,SSD,162000.0
DELL PRECISION - AMD RYZEN 5 7th Gen / 32GB RAM / 1024GB HDD USED LAPTOP,DELL,PRECISION,RYZEN 5,7,Used,32.0,1024.0,HDD,173700.0
HP ELITEBOOK - INTEL CORE I5 10th Gen / 32GB RAM / 1024GB SSD USED LAPTOP,HP,ELITEBOOK,I5,10,Used,32.0,1024.0,SSD,193000.0
APPLE MACBOOK PRO - INTEL CORE I7 8th Gen / 8GB RAM / 512GB SSD USED LAPTOP,APPLE,MACBOOK PRO,I7,8,Used,8.0,512.0,SSD,166300.0
DELL VOSTRO - INTEL CORE I7 10th Gen / 16GB RAM / 256GB SSD USED LAPTOP,DELL,VOSTRO,I7,10,Used,16.0,256.0,SSD,159100.0
APPLE MACBOOK AIR - INTEL CORE I5 12th Gen / 32GB RAM / 256GB SSD USED LAPTOP,APPLE,MACBOOK AIR,I5,12,Used,32.0,256.0,SSD,213600.0
APPLE MACBOOK PRO - APPLE M3  / 8GB RAM / 256GB SSD USED LAPTOP,APPLE,MACBOOK PRO,M3,0,Used,8.0,256.0,SSD,248000.0
ASUS ZENBOOK - AMD RYZEN 7 8th Gen / 32GB RAM / 1024GB SSD USED LAPTOP,ASUS,ZENBOOK,RYZEN 7,8,Used,32.0,1024.0,SSD,227100.0
APPLE MACBOOK PRO - APPLE M1  / 32GB RAM / 512GB SSD USED LAPTOP,APPLE,MACBOOK PRO,M1,0,Used,32.0,512.0,SSD,231100.0
ACER SWIFT - AMD RYZEN 7 8th Gen / 32GB RAM / 1024GB HDD USED LAPTOP,ACER,SWIFT,RYZEN 7,8,Used,32.0,1024.0,HDD,195400.0
ACER SWIFT - INTEL CORE I5 9th Gen / 16GB RAM / 1024GB SSD USED LAPTOP,ACER,SWIFT,I5,9,Used,16.0,1024.0,SSD,146900.0
APPLE MACBOOK PRO - APPLE M1  / 16GB RAM / 1024GB SSD USED LAPTOP,APPLE,MACBOOK PRO,M1,0,Used,16.0,1024.0,SSD,202900.0
DELL XPS - INTEL CORE I3 11th Gen / 8GB RAM / 1024GB HDD USED LAPTOP,DELL,XPS,I3,11,Used,8.0,1024.0,HDD,146800.0
HP ENVY - INTEL CORE I3 13th Gen / 16GB RAM / 512GB SSD USED LAPTOP,HP,ENVY,I3,13,Used,16.0,512.0,SSD,150200.0
DELL LATITUDE - AMD RYZEN 3 5th Gen / 16GB RAM / 512GB SSD USED LAPTOP,DELL,LATITUDE,RYZEN 3,5,Used,16.0,512.0,SSD,97200.0
HP PAVILION - AMD RYZEN 7 8th Gen / 8GB RAM / 512GB SSD USED LAPTOP,HP,PAVILION,RYZEN 7,8,Used,8.0,512.0,SSD,146100.0
APPLE MACBOOK PRO - APPLE M2  / 32GB RAM / 256GB SSD USED LAPTOP,APPLE,MACBOOK PRO,M2,0,Used,32.0,256.0,SSD,267900.0
DELL INSPIRON - AMD RYZEN 5 7th Gen / 8GB RAM / 1024GB SSD USED LAPTOP,DELL,INSPIRON,RYZEN 5,7,Used,8.0,1024.0,SSD,123800.0
ASUS TUF - AMD RYZEN 7 8th Gen / 16GB RAM / 512GB SSD USED LAPTOP,ASUS,TUF,RYZEN 7,8,Used,16.0,512.0,SSD,151500.0
ASUS TUF - INTEL CORE I7 12th Gen / 16GB RAM / 512GB SSD USED LAPTOP,ASUS,TUF,I7,12,Used,16.0,512.0,SSD,193900.0
APPLE MACBOOK AIR - INTEL CORE I7 12th Gen / 8GB RAM / 256GB SSD USED LAPTOP,APPLE,MACBOOK AIR,I7,12,Used,8.0,256.0,SSD,186600.0
HP ELITEBOOK - INTEL CORE I3 9th Gen / 32GB RAM / 256GB SSD USED LAPTOP,HP,ELITEBOOK,I3,9,Used,32.0,256.0,SSD,137200.0
ASUS TUF - AMD RYZEN 5 7th Gen / 16GB RAM / 512GB SSD USED LAPTOP,ASUS,TUF,RYZEN 5,7,Used,16.0,512.0,SSD,131400.0
ACER ASPIRE - AMD RYZEN 3 5th Gen / 16GB RAM / 1024GB HDD USED LAPTOP,ACER,ASPIRE,RYZEN 3,5,Used,16.0,1024.0,HDD,102600.0
ACER NITRO - AMD RYZEN 5 7th Gen / 8GB RAM / 1024GB SSD USED LAPTOP,ACER,NITRO,RYZEN 5,7,Used,8.0,1024.0,SSD,114300.0
ASUS ZENBOOK - AMD RYZEN 7 8th Gen / 32GB RAM / 1024GB HDD NEW LAPTOP,ASUS,ZENBOOK,RYZEN 7,8,New,32.0,1024.0,HDD,264700.0
HP SPECTRE - AMD RYZEN 5 7th Gen / 8GB RAM / 256GB SSD USED LAPTOP,HP,SPECTRE,RYZEN 5,7,Used,8.0,256.0,SSD,93100.0
ACER SWIFT - AMD RYZEN 3 5th Gen / 8GB RAM / 1024GB SSD USED LAPTOP,ACER,SWIFT,RYZEN 3,5,Used,8.0,1024.0,SSD,84300.0
ASUS TUF - AMD RYZEN 5 7th Gen / 8GB RAM / 512GB SSD USED LAPTOP,ASUS,TUF,RYZEN 5,7,Used,8.0,512.0,SSD,100000.0
DELL XPS - INTEL CORE I3 12th Gen / 8GB RAM / 512GB SSD USED LAPTOP,DELL,XPS,I3,12,Used,8.0,512.0,SSD,145700.0
APPLE MACBOOK PRO - APPLE M1  / 16GB RAM / 1024GB HDD NEW LAPTOP,APPLE,MACBOOK PRO,M1,0,New,16.0,1024.0,HDD,295800.0
ASUS ROG - AMD RYZEN 5 7th Gen / 16GB RAM / 1024GB HDD USED LAPTOP,ASUS,ROG,RYZEN 5,7,Used,16.0,1024.0,HDD,138400.0
APPLE MACBOOK AIR - INTEL CORE I7 12th Gen / 16GB RAM / 512GB SSD USED LAPTOP,APPLE,MACBOOK AIR,I7,12,Used,16.0,512.0,SSD,201300.0
DELL PRECISION - INTEL CORE I3 9th Gen / 8GB RAM / 1024GB SSD USED LAPTOP,DELL,PRECISION,I3,9,Used,8.0,1024.0,SSD,136500.0
ACER NITRO - AMD RYZEN 7 8th Gen / 8GB RAM / 256GB SSD USED LAPTOP,ACER,NITRO,RYZEN 7,8,Used,8.0,256.0,SSD,131600.0
ACER ASPIRE - INTEL CORE I5 11th Gen / 8GB RAM / 256GB SSD USED LAPTOP,ACER,ASPIRE,I5,11,Used,8.0,256.0,SSD,117200.0
APPLE MACBOOK PRO - APPLE M2  / 32GB RAM / 256GB SSD USED LAPTOP,APPLE,MACBOOK PRO,M2,0,Used,32.0,256.0,SSD,234000.0
ASUS ZENBOOK - AMD RYZEN 5 7th Gen / 8GB RAM / 256GB SSD USED LAPTOP,ASUS,ZENBOOK,RYZEN 5,7,Used,8.0,256.0,SSD,93300.0
ACER SWIFT - INTEL CORE I3 6th Gen / 16GB RAM / 512GB SSD USED LAPTOP,ACER,SWIFT,I3,6,Used,16.0,512.0,SSD,87800.0
APPLE MACBOOK PRO - APPLE M3  / 32GB RAM / 512GB SSD USED LAPTOP,APPLE,MACBOOK PRO,M3,0,Used,32.0,512.0,SSD,289000.0
APPLE MACBOOK AIR - APPLE M3  / 16GB RAM / 256GB SSD USED LAPTOP,APPLE,MACBOOK AIR,M3,0,Used,16.0,256.0,SSD,276300.0
APPLE MACBOOK PRO - INTEL CORE I5 10th Gen / 16GB RAM / 512GB SSD USED LAPTOP,APPLE,MACBOOK PRO,I5,10,Used,16.0,512.0,SSD,170600.0
DELL INSPIRON - AMD RYZEN 3 5th Gen / 32GB RAM / 256GB SSD USED LAPTOP,DELL,INSPIRON,RYZEN 3,5,Used,32.0,256.0,SSD,111900.0
HP PROBOOK - INTEL CORE I5 12th Gen / 16GB RAM / 1024GB SSD USED LAPTOP,HP,PROBOOK,I5,12,Used,16.0,1024.0,SSD,196000.0
APPLE MACBOOK PRO - APPLE M2  / 16GB RAM / 1024GB HDD USED LAPTOP,APPLE,MACBOOK PRO,M2,0,Used,16.0,1024.0,HDD,252100.0
APPLE MACBOOK AIR - APPLE M1  / 8GB RAM / 512GB SSD USED LAPTOP,APPLE,MACBOOK AIR,M1,0,Used,8.0,512.0,SSD,164400.0
DELL VOSTRO - AMD RYZEN 7 8th Gen / 16GB RAM / 1024GB SSD USED LAPTOP,DELL,VOSTRO,RYZEN 7,8,Used,16.0,1024.0,SSD,181300.0
DELL LATITUDE - INTEL CORE I3 7th Gen / 32GB RAM / 1024GB SSD USED LAPTOP,DELL,LATITUDE,I3,7,Used,32.0,1024.0,SSD,176400.0
HP ELITEBOOK - INTEL CORE I7 11th Gen / 16GB RAM / 1024GB SSD USED LAPTOP,HP,ELITEBOOK,I7,11,Used,16.0,1024.0,SSD,195800.0
APPLE MACBOOK PRO - INTEL CORE I5 13th Gen / 16GB RAM / 256GB SSD NEW LAPTOP,APPLE,MACBOOK PRO,I5,13,New,16.0,256.0,SSD,247400.0
DELL XPS - INTEL CORE I7 8th Gen / 32GB RAM / 256GB SSD USED LAPTOP,DELL,XPS,I7,8,Used,32.0,256.0,SSD,187100.0
APPLE MACBOOK PRO - INTEL CORE I5 7th Gen / 8GB RAM / 512GB SSD USED LAPTOP,APPLE,MACBOOK PRO,I5,7,Used,8.0,512.0,SSD,115300.0
HP PROBOOK - AMD RYZEN 3 5th Gen / 16GB RAM / 1024GB SSD USED LAPTOP,HP,PROBOOK,RYZEN 3,5,Used,16.0,1024.0,SSD,113500.0
APPLE MACBOOK PRO - INTEL CORE I7 6th Gen / 8GB RAM / 1024GB HDD USED LAPTOP,APPLE,MACBOOK PRO,I7,6,Used,8.0,1024.0,HDD,151800.0
ASUS VIVOBOOK - INTEL CORE I5 6th Gen / 16GB RAM / 256GB SSD USED LAPTOP,ASUS,VIVOBOOK,I5,6,Used,16.0,256.0,SSD,107800.0
HP ENVY - INTEL CORE I5 7th Gen / 8GB RAM / 256GB SSD USED LAPTOP,HP,ENVY,I5,7,Used,8.0,256.0,SSD,86000.0
ASUS ZENBOOK - AMD RYZEN 3 5th Gen / 8GB RAM / 1024GB SSD USED LAPTOP,ASUS,ZENBOOK,RYZEN 3,5,Used,8.0,1024.0,SSD,99300.0
ACER SWIFT - INTEL CORE I3 7th Gen / 8GB RAM / 1024GB SSD USED LAPTOP,ACER,SWIFT,I3,7,Used,8.0,1024.0,SSD,105400.0
DELL VOSTRO - INTEL CORE I5 11th Gen / 32GB RAM / 1024GB SSD USED LAPTOP,DELL,VOSTRO,I5,11,Used,32.0,1024.0,SSD,213200.0
DELL INSPIRON - INTEL CORE I5 6th Gen / 32GB RAM / 512GB SSD USED LAPTOP,DELL,INSPIRON,I5,6,Used,32.0,512.0,SSD,160100.0
ACER SWIFT - INTEL CORE I7 10th Gen / 16GB RAM / 512GB SSD USED LAPTOP,ACER,SWIFT,I7,10,Used,16.0,512.0,SSD,157300.0
ACER NITRO - AMD RYZEN 3 5th Gen / 8GB RAM / 1024GB SSD USED LAPTOP,ACER,NITRO,RYZEN 3,5,Used,8.0,1024.0,SSD,94000.0
APPLE MACBOOK AIR - APPLE M2  / 16GB RAM / 512GB SSD USED LAPTOP,APPLE,MACBOOK AIR,M2,0,Used,16.0,512.0,SSD,214300.0
ACER ASPIRE - AMD RYZEN 7 8th Gen / 32GB RAM / 512GB SSD NEW LAPTOP,ACER,ASPIRE,RYZEN 7,8,New,32.0,512.0,SSD,263900.0
HP ENVY - INTEL CORE I7 11th Gen / 32GB RAM / 1024GB SSD USED LAPTOP,HP,ENVY,I7,11,Used,32.0,1024.0,SSD,251100.0
HP PAVILION - INTEL CORE I5 11th Gen / 32GB RAM / 256GB SSD USED LAPTOP,HP,PAVILION,I5,11,Used,32.0,256.0,SSD,177200.0
DELL INSPIRON - INTEL CORE I3 10th Gen / 16GB RAM / 512GB SSD USED LAPTOP,DELL,INSPIRON,I3,10,Used,16.0,512.0,SSD,146000.0
APPLE MACBOOK AIR - APPLE M1  / 32GB RAM / 256GB SSD USED LAPTOP,APPLE,MACBOOK AIR,M1,0,Used,32.0,256.0,SSD,208400.0
ASUS ZENBOOK - AMD RYZEN 3 5th Gen / 16GB RAM / 512GB SSD USED LAPTOP,ASUS,ZENBOOK,RYZEN 3,5,Used,16.0,512.0,SSD,94100.0
ACER ASPIRE - AMD RYZEN 5 7th Gen / 16GB RAM / 256GB SSD USED LAPTOP,ACER,ASPIRE,RYZEN 5,7,Used,16.0,256.0,SSD,107100.0
ASUS VIVOBOOK - INTEL CORE I5 12th Gen / 8GB RAM / 1024GB SSD USED LAPTOP,ASUS,VIVOBOOK,I5,12,Used,8.0,1024.0,SSD,161800.0
HP SPECTRE - INTEL CORE I3 6th Gen / 16GB RAM / 512GB SSD USED LAPTOP,HP,SPECTRE,I3,6,Used,16.0,512.0,SSD,103400.0
DELL VOSTRO - AMD RYZEN 5 7th Gen / 16GB RAM / 256GB SSD USED LAPTOP,DELL,VOSTRO,RYZEN 5,7,Used,16.0,256.0,SSD,105300.0
APPLE MACBOOK AIR - APPLE M2  / 16GB RAM / 256GB SSD NEW LAPTOP,APPLE,MACBOOK AIR,M2,0,New,16.0,256.0,SSD,317300.0
HP ELITEBOOK - AMD RYZEN 3 5th Gen / 8GB RAM / 1024GB SSD USED LAPTOP,HP,ELITEBOOK,RYZEN 3,5,Used,8.0,1024.0,SSD,91600.0
ASUS ZENBOOK - AMD RYZEN 3 5th Gen / 16GB RAM / 512GB SSD NEW LAPTOP,ASUS,ZENBOOK,RYZEN 3,5,New,16.0,512.0,SSD,124000.0
APPLE MACBOOK PRO - APPLE M1  / 32GB RAM / 256GB SSD NEW LAPTOP,APPLE,MACBOOK PRO,M1,0,New,32.0,256.0,SSD,296400.0
ASUS ROG - AMD RYZEN 5 7th Gen / 32GB RAM / 512GB SSD USED LAPTOP,ASUS,ROG,RYZEN 5,7,Used,32.0,512.0,SSD,147200.0
HP PROBOOK - AMD RYZEN 3 5th Gen / 16GB RAM / 256GB SSD USED LAPTOP,HP,PROBOOK,RYZEN 3,5,Used,16.0,256.0,SSD,81000.0
HP ENVY - AMD RYZEN 3 5th Gen / 8GB RAM / 256GB SSD USED LAPTOP,HP,ENVY,RYZEN 3,5,Used,8.0,256.0,SSD,61500.0
ACER NITRO - INTEL CORE I9 12th Gen / 8GB RAM / 512GB SSD USED LAPTOP,ACER,NITRO,I9,12,Used,8.0,512.0,SSD,234200.0
ACER NITRO - INTEL CORE I9 7th Gen / 16GB RAM / 512GB SSD USED LAPTOP,ACER,NITRO,I9,7,Used,16.0,512.0,SSD,213100.0
APPLE MACBOOK PRO - APPLE M1  / 32GB RAM / 256GB SSD USED LAPTOP,APPLE,MACBOOK PRO,M1,0,Used,32.0,256.0,SSD,200500.0
ASUS ROG - AMD RYZEN 5 7th Gen / 8GB RAM / 1024GB SSD NEW LAPTOP,ASUS,ROG,RYZEN 5,7,New,8.0,1024.0,SSD,175200.0
HP PROBOOK - INTEL CORE I9 7th Gen / 32GB RAM / 1024GB HDD USED LAPTOP,HP,PROBOOK,I9,7,Used,32.0,1024.0,HDD,247700.0
ASUS TUF - AMD RYZEN 3 5th Gen / 16GB RAM / 1024GB SSD USED LAPTOP,ASUS,TUF,RYZEN 3,5,Used,16.0,1024.0,SSD,121900.0
APPLE MACBOOK AIR - APPLE M2  / 16GB RAM / 512GB SSD USED LAPTOP,APPLE,MACBOOK AIR,M2,0,Used,16.0,512.0,SSD,244300.0
ASUS VIVOBOOK - INTEL CORE I5 7th Gen / 16GB RAM / 256GB SSD USED LAPTOP,ASUS,VIVOBOOK,I5,7,Used,16.0,256.0,SSD,116200.0
ACER NITRO - INTEL CORE I3 8th Gen / 32GB RAM / 512GB SSD NEW LAPTOP,ACER,NITRO,I3,8,New,32.0,512.0,SSD,207700.0
ACER SWIFT - INTEL CORE I3 8th Gen / 32GB RAM / 256GB SSD USED LAPTOP,ACER,SWIFT,I3,8,Used,32.0,256.0,SSD,128500.0
APPLE MACBOOK PRO - INTEL CORE I5 11th Gen / 32GB RAM / 256GB SSD USED LAPTOP,APPLE,MACBOOK PRO,I5,11,Used,32.0,256.0,SSD,216900.0
ACER SWIFT - AMD RYZEN 7 8th Gen / 8GB RAM / 512GB SSD USED LAPTOP,ACER,SWIFT,RYZEN 7,8,Used,8.0,512.0,SSD,125900.0
DELL PRECISION - AMD RYZEN 5 7th Gen / 16GB RAM / 1024GB HDD USED LAPTOP,DELL,PRECISION,RYZEN 5,7,Used,16.0,1024.0,HDD,143100.0
APPLE MACBOOK PRO - INTEL CORE I7 9th Gen / 16GB RAM / 256GB SSD USED LAPTOP,APPLE,MACBOOK PRO,I7,9,Used,16.0,256.0,SSD,171100.0
HP ELITEBOOK - INTEL CORE I3 9th Gen / 8GB RAM / 512GB SSD USED LAPTOP,HP,ELITEBOOK,I3,9,Used,8.0,512.0,SSD,111700.0
HP PROBOOK - INTEL CORE I5 11th Gen / 32GB RAM / 1024GB HDD NEW LAPTOP,HP,PROBOOK,I5,11,New,32.0,1024.0,HDD,269900.0
ASUS ROG - AMD RYZEN 7 8th Gen / 8GB RAM / 1024GB SSD NEW LAPTOP,ASUS,ROG,RYZEN 7,8,New,8.0,1024.0,SSD,228200.0
ASUS ROG - AMD RYZEN 5 7th Gen / 8GB RAM / 512GB SSD NEW LAPTOP,ASUS,ROG,RYZEN 5,7,New,8.0,512.0,SSD,150900.0
HP ENVY - INTEL CORE I3 12th Gen / 8GB RAM / 256GB SSD USED LAPTOP,HP,ENVY,I3,12,Used,8.0,256.0,SSD,121900.0
ASUS ROG - AMD RYZEN 7 8th Gen / 32GB RAM / 256GB SSD USED LAPTOP,ASUS,ROG,RYZEN 7,8,Used,32.0,256.0,SSD,172300.0
APPLE MACBOOK PRO - APPLE M1  / 8GB RAM / 512GB SSD NEW LAPTOP,APPLE,MACBOOK PRO,M1,0,New,8.0,512.0,SSD,235300.0
APPLE MACBOOK PRO - APPLE M3  / 16GB RAM / 512GB SSD USED LAPTOP,APPLE,MACBOOK PRO,M3,0,Used,16.0,512.0,SSD,293200.0
ACER SWIFT - INTEL CORE I9 13th Gen / 32GB RAM / 1024GB HDD USED LAPTOP,ACER,SWIFT,I9,13,Used,32.0,1024.0,HDD,304600.0
ASUS ZENBOOK - INTEL CORE I5 9th Gen / 8GB RAM / 256GB SSD USED LAPTOP,ASUS,ZENBOOK,I5,9,Used,8.0,256.0,SSD,108400.0
APPLE MACBOOK AIR - INTEL CORE I5 10th Gen / 8GB RAM / 512GB SSD USED LAPTOP,APPLE,MACBOOK AIR,I5,10,Used,8.0,512.0,SSD,156200.0
HP VICTUS - AMD RYZEN 7 8th Gen / 32GB RAM / 256GB SSD NEW LAPTOP,HP,VICTUS,RYZEN 7,8,New,32.0,256.0,SSD,248000.0
APPLE MACBOOK PRO - APPLE M3  / 16GB RAM / 256GB SSD USED LAPTOP,APPLE,MACBOOK PRO,M3,0,Used,16.0,256.0,SSD,279700.0
APPLE MACBOOK AIR - APPLE M2  / 32GB RAM / 256GB SSD USED LAPTOP,APPLE,MACBOOK AIR,M2,0,Used,32.0,256.0,SSD,234000.0
ACER NITRO - AMD RYZEN 7 8th Gen / 8GB RAM / 1024GB SSD NEW LAPTOP,ACER,NITRO,RYZEN 7,8,New,8.0,1024.0,SSD,219100.0
ACER SWIFT - AMD RYZEN 3 5th Gen / 8GB RAM / 512GB SSD NEW LAPTOP,ACER,SWIFT,RYZEN 3,5,New,8.0,512.0,SSD,92900.0
APPLE MACBOOK PRO - APPLE M2  / 32GB RAM / 512GB SSD USED LAPTOP,APPLE,MACBOOK PRO,M2,0,Used,32.0,512.0,SSD,273700.0
HP VICTUS - INTEL CORE I9 11th Gen / 8GB RAM / 256GB SSD USED LAPTOP,HP,VICTUS,I9,11,Used,8.0,256.0,SSD,224800.0
ASUS TUF - INTEL CORE I3 9th Gen / 8GB RAM / 1024GB HDD USED LAPTOP,ASUS,TUF,I3,9,Used,8.0,1024.0,HDD,120200.0
ASUS TUF - INTEL CORE I9 10th Gen / 32GB RAM / 256GB SSD USED LAPTOP,ASUS,TUF,I9,10,Used,32.0,256.0,SSD,240100.0
HP PAVILION - AMD RYZEN 3 5th Gen / 16GB RAM / 1024GB SSD USED LAPTOP,HP,PAVILION,RYZEN 3,5,Used,16.0,1024.0,SSD,114200.0
DELL PRECISION - INTEL CORE I3 7th Gen / 32GB RAM / 512GB SSD USED LAPTOP,DELL,PRECISION,I3,7,Used,32.0,512.0,SSD,155200.0
DELL PRECISION - AMD RYZEN 3 5th Gen / 8GB RAM / 256GB SSD USED LAPTOP,DELL,PRECISION,RYZEN 3,5,Used,8.0,256.0,SSD,64600.0
ASUS ZENBOOK - INTEL CORE I5 9th Gen / 16GB RAM / 256GB SSD NEW LAPTOP,ASUS,ZENBOOK,I5,9,New,16.0,256.0,SSD,179200.0
APPLE MACBOOK PRO - APPLE M1  / 8GB RAM / 512GB SSD USED LAPTOP,APPLE,MACBOOK PRO,M1,0,Used,8.0,512.0,SSD,182500.0
HP SPECTRE - INTEL CORE I9 11th Gen / 32GB RAM / 256GB SSD USED LAPTOP,HP,SPECTRE,I9,11,Used,32.0,256.0,SSD,248700.0
ACER SWIFT - INTEL CORE I3 12th Gen / 16GB RAM / 1024GB SSD USED LAPTOP,ACER,SWIFT,I3,12,Used,16.0,1024.0,SSD,164900.0
DELL VOSTRO - INTEL CORE I9 9th Gen / 8GB RAM / 1024GB SSD USED LAPTOP,DELL,VOSTRO,I9,9,Used,8.0,1024.0,SSD,235300.0
APPLE MACBOOK PRO - INTEL CORE I7 12th Gen / 8GB RAM / 256GB SSD USED LAPTOP,APPLE,MACBOOK PRO,I7,12,Used,8.0,256.0,SSD,182300.0
HP SPECTRE - INTEL CORE I7 9th Gen / 8GB RAM / 256GB SSD USED LAPTOP,HP,SPECTRE,I7,9,Used,8.0,256.0,SSD,138100.0
ACER SWIFT - INTEL CORE I9 8th Gen / 16GB RAM / 1024GB SSD NEW LAPTOP,ACER,SWIFT,I9,8,New,16.0,1024.0,SSD,310700.0
APPLE MACBOOK PRO - APPLE M1  / 16GB RAM / 256GB SSD USED LAPTOP,APPLE,MACBOOK PRO,M1,0,Used,16.0,256.0,SSD,186100.0
ACER SWIFT - AMD RYZEN 3 5th Gen / 8GB RAM / 1024GB SSD USED LAPTOP,ACER,SWIFT,RYZEN 3,5,Used,8.0,1024.0,SSD,86700.0
ACER SWIFT - INTEL CORE I7 8th Gen / 32GB RAM / 256GB SSD USED LAPTOP,ACER,SWIFT,I7,8,Used,32.0,256.0,SSD,182900.0
HP VICTUS - INTEL CORE I9 11th Gen / 8GB RAM / 1024GB SSD USED LAPTOP,HP,VICTUS,I9,11,Used,8.0,1024.0,SSD,227200.0
HP ENVY - INTEL CORE I7 9th Gen / 8GB RAM / 1024GB SSD USED LAPTOP,HP,ENVY,I7,9,Used,8.0,1024.0,SSD,157600.0
DELL INSPIRON - AMD RYZEN 7 8th Gen / 8GB RAM / 256GB SSD USED LAPTOP,DELL,INSPIRON,RYZEN 7,8,Used,8.0,256.0,SSD,126200.0
ASUS TUF - AMD RYZEN 3 5th Gen / 8GB RAM / 256GB SSD USED LAPTOP,ASUS,TUF,RYZEN 3,5,Used,8.0,256.0,SSD,66200.0
DELL PRECISION - AMD RYZEN 7 8th Gen / 8GB RAM / 256GB SSD USED LAPTOP,DELL,PRECISION,RYZEN 7,8,Used,8.0,256.0,SSD,137800.0
APPLE MACBOOK PRO - APPLE M3  / 16GB RAM / 512GB SSD USED LAPTOP,APPLE,MACBOOK PRO,M3,0,Used,16.0,512.0,SSD,291500.0
ASUS TUF - INTEL CORE I3 8th Gen / 32GB RAM / 1024GB SSD USED LAPTOP,ASUS,TUF,I3,8,Used,32.0,1024.0,SSD,165900.0
ACER SWIFT - INTEL CORE I3 10th Gen / 32GB RAM / 1024GB HDD USED LAPTOP,ACER,SWIFT,I3,10,Used,32.0,1024.0,HDD,184600.0
APPLE MACBOOK AIR - APPLE M2  / 8GB RAM / 512GB SSD USED LAPTOP,APPLE,MACBOOK AIR,M2,0,Used,8.0,512.0,SSD,216600.0
HP VICTUS - AMD RYZEN 3 5th Gen / 8GB RAM / 512GB SSD USED LAPTOP,HP,VICTUS,RYZEN 3,5,Used,8.0,512.0,SSD,66300.0
ASUS TUF - AMD RYZEN 5 7th Gen / 8GB RAM / 512GB SSD USED LAPTOP,ASUS,TUF,RYZEN 5,7,Used,8.0,512.0,SSD,112400.0
DELL LATITUDE - INTEL CORE I3 10th Gen / 32GB RAM / 256GB SSD NEW LAPTOP,DELL,LATITUDE,I3,10,New,32.0,256.0,SSD,215800.0
APPLE MACBOOK AIR - INTEL CORE I7 10th Gen / 8GB RAM / 1024GB SSD USED LAPTOP,APPLE,MACBOOK AIR,I7,10,Used,8.0,1024.0,SSD,184500.0
DELL VOSTRO - INTEL CORE I3 12th Gen / 8GB RAM / 256GB SSD USED LAPTOP,DELL,VOSTRO,I3,12,Used,8.0,256.0,SSD,127100.0
DELL VOSTRO - INTEL CORE I9 9th Gen / 8GB RAM / 256GB SSD USED LAPTOP,DELL,VOSTRO,I9,9,Used,8.0,256.0,SSD,190900.0
ASUS ROG - AMD RYZEN 7 8th Gen / 16GB RAM / 1024GB SSD USED LAPTOP,ASUS,ROG,RYZEN 7,8,Used,16.0,1024.0,SSD,192600.0
HP SPECTRE - INTEL CORE I5 13th Gen / 8GB RAM / 1024GB HDD USED LAPTOP,HP,SPECTRE,I5,13,Used,8.0,1024.0,HDD,161600.0
DELL XPS - INTEL CORE I9 7th Gen / 32GB RAM / 512GB SSD USED LAPTOP,DELL,XPS,I9,7,Used,32.0,512.0,SSD,237800.0
ACER ASPIRE - INTEL CORE I9 13th Gen / 32GB RAM / 1024GB SSD USED LAPTOP,ACER,ASPIRE,I9,13,Used,32.0,1024.0,SSD,308300.0
HP VICTUS - INTEL CORE I3 11th Gen / 32GB RAM / 1024GB SSD USED LAPTOP,HP,VICTUS,I3,11,Used,32.0,1024.0,SSD,201800.0
ACER ASPIRE - AMD RYZEN 5 7th Gen / 8GB RAM / 1024GB SSD USED LAPTOP,ACER,ASPIRE,RYZEN 5,7,Used,8.0,1024.0,SSD,131300.0
DELL XPS - AMD RYZEN 7 8th Gen / 16GB RAM / 1024GB SSD USED LAPTOP,DELL,XPS,RYZEN 7,8,Used,16.0,1024.0,SSD,179300.0
DELL INSPIRON - AMD RYZEN 5 7th Gen / 8GB RAM / 1024GB SSD USED LAPTOP,DELL,INSPIRON,RYZEN 5,7,Used,8.0,1024.0,SSD,121300.0
ASUS VIVOBOOK - AMD RYZEN 3 5th Gen / 32GB RAM / 512GB SSD USED LAPTOP,ASUS,VIVOBOOK,RYZEN 3,5,Used,32.0,512.0,SSD,125700.0
APPLE MACBOOK PRO - APPLE M3  / 32GB RAM / 1024GB SSD USED LAPTOP,APPLE,MACBOOK PRO,M3,0,Used,32.0,1024.0,SSD,330200.0
ACER ASPIRE - INTEL CORE I3 10th Gen / 32GB RAM / 512GB SSD USED LAPTOP,ACER,ASPIRE,I3,10,Used,32.0,512.0,SSD,171800.0
DELL INSPIRON - AMD RYZEN 7 8th Gen / 16GB RAM / 512GB SSD USED LAPTOP,DELL,INSPIRON,RYZEN 7,8,Used,16.0,512.0,SSD,146300.0
ACER NITRO - AMD RYZEN 7 8th Gen / 16GB RAM / 512GB SSD USED LAPTOP,ACER,NITRO,RYZEN 7,8,Used,16.0,512.0,SSD,157200.0
ASUS ZENBOOK - AMD RYZEN 5 7th Gen / 32GB RAM / 256GB SSD USED LAPTOP,ASUS,ZENBOOK,RYZEN 5,7,Used,32.0,256.0,SSD,158900.0
ACER ASPIRE - INTEL CORE I5 10th Gen / 8GB RAM / 512GB SSD USED LAPTOP,ACER,ASPIRE,I5,10,Used,8.0,512.0,SSD,137300.0
ASUS TUF - AMD RYZEN 7 8th Gen / 8GB RAM / 512GB SSD NEW LAPTOP,ASUS,TUF,RYZEN 7,8,New,8.0,512.0,SSD,193400.0
ASUS ZENBOOK - INTEL CORE I5 7th Gen / 16GB RAM / 1024GB HDD USED LAPTOP,ASUS,ZENBOOK,I5,7,Used,16.0,1024.0,HDD,135500.0
ASUS ROG - AMD RYZEN 3 5th Gen / 8GB RAM / 256GB SSD USED LAPTOP,ASUS,ROG,RYZEN 3,5,Used,8.0,256.0,SSD,63100.0
APPLE MACBOOK AIR - INTEL CORE I7 11th Gen / 32GB RAM / 512GB SSD USED LAPTOP,APPLE,MACBOOK AIR,I7,11,Used,32.0,512.0,SSD,239000.0
HP ELITEBOOK - INTEL CORE I9 8th Gen / 8GB RAM / 256GB SSD USED LAPTOP,HP,ELITEBOOK,I9,8,Used,8.0,256.0,SSD,177800.0
ASUS ROG - INTEL CORE I5 12th Gen / 16GB RAM / 1024GB SSD USED LAPTOP,ASUS,ROG,I5,12,Used,16.0,1024.0,SSD,183800.0
DELL INSPIRON - INTEL CORE I3 8th Gen / 8GB RAM / 1024GB HDD NEW LAPTOP,DELL,INSPIRON,I3,8,New,8.0,1024.0,HDD,160600.0
ACER ASPIRE - INTEL CORE I3 7th Gen / 8GB RAM / 256GB SSD USED LAPTOP,ACER,ASPIRE,I3,7,Used,8.0,256.0,SSD,75700.0
ASUS TUF - INTEL CORE I3 12th Gen / 32GB RAM / 512GB SSD USED LAPTOP,ASUS,TUF,I3,12,Used,32.0,512.0,SSD,193200.0
HP SPECTRE - AMD RYZEN 7 8th Gen / 16GB RAM / 512GB SSD USED LAPTOP,HP,SPECTRE,RYZEN 7,8,Used,16.0,512.0,SSD,145300.0
ASUS ROG - INTEL CORE I9 13th Gen / 16GB RAM / 1024GB HDD USED LAPTOP,ASUS,ROG,I9,13,Used,16.0,1024.0,HDD,260900.0
HP PAVILION - AMD RYZEN 3 5th Gen / 16GB RAM / 1024GB SSD USED LAPTOP,HP,PAVILION,RYZEN 3,5,Used,16.0,1024.0,SSD,107100.0
ACER ASPIRE - AMD RYZEN 3 5th Gen / 8GB RAM / 512GB SSD NEW LAPTOP,ACER,ASPIRE,RYZEN 3,5,New,8.0,512.0,SSD,96200.0
ASUS VIVOBOOK - INTEL CORE I5 10th Gen / 8GB RAM / 1024GB SSD USED LAPTOP,ASUS,VIVOBOOK,I5,10,Used,8.0,1024.0,SSD,144600.0
APPLE MACBOOK PRO - APPLE M3  / 32GB RAM / 256GB SSD USED LAPTOP,APPLE,MACBOOK PRO,M3,0,Used,32.0,256.0,SSD,309300.0
ACER NITRO - AMD RYZEN 5 7th Gen / 16GB RAM / 256GB SSD USED LAPTOP,ACER,NITRO,RYZEN 5,7,Used,16.0,256.0,SSD,109600.0
ACER NITRO - INTEL CORE I7 7th Gen / 32GB RAM / 1024GB SSD USED LAPTOP,ACER,NITRO,I7,7,Used,32.0,1024.0,SSD,213000.0
APPLE MACBOOK AIR - APPLE M1  / 8GB RAM / 1024GB SSD USED LAPTOP,APPLE,MACBOOK AIR,M1,0,Used,8.0,1024.0,SSD,203100.0
APPLE MACBOOK AIR - INTEL CORE I7 8th Gen / 16GB RAM / 512GB SSD USED LAPTOP,APPLE,MACBOOK AIR,I7,8,Used,16.0,512.0,SSD,166700.0
APPLE MACBOOK PRO - APPLE M3  / 16GB RAM / 512GB SSD USED LAPTOP,APPLE,MACBOOK PRO,M3,0,Used,16.0,512.0,SSD,300300.0
ASUS VIVOBOOK - INTEL CORE I9 8th Gen / 32GB RAM / 1024GB SSD USED LAPTOP,ASUS,VIVOBOOK,I9,8,Used,32.0,1024.0,SSD,257200.0
APPLE MACBOOK PRO - APPLE M3  / 16GB RAM / 1024GB SSD USED LAPTOP,APPLE,MACBOOK PRO,M3,0,Used,16.0,1024.0,SSD,302200.0
ASUS ROG - AMD RYZEN 5 7th Gen / 32GB RAM / 512GB SSD USED LAPTOP,ASUS,ROG,RYZEN 5,7,Used,32.0,512.0,SSD,162700.0
DELL XPS - INTEL CORE I9 7th Gen / 32GB RAM / 512GB SSD USED LAPTOP,DELL,XPS,I9,7,Used,32.0,512.0,SSD,247300.0
DELL PRECISION - INTEL CORE I5 7th Gen / 32GB RAM / 256GB SSD NEW LAPTOP,DELL,PRECISION,I5,7,New,32.0,256.0,SSD,207000.0
DELL XPS - INTEL CORE I5 12th Gen / 8GB RAM / 256GB SSD USED LAPTOP,DELL,XPS,I5,12,Used,8.0,256.0,SSD,150900.0
APPLE MACBOOK AIR - APPLE M3  / 16GB RAM / 256GB SSD USED LAPTOP,APPLE,MACBOOK AIR,M3,0,Used,16.0,256.0,SSD,282800.0
ASUS TUF - INTEL CORE I3 9th Gen / 16GB RAM / 512GB SSD NEW LAPTOP,ASUS,TUF,I3,9,New,16.0,512.0,SSD,190300.0
HP SPECTRE - INTEL CORE I3 6th Gen / 32GB RAM / 1024GB SSD NEW LAPTOP,HP,SPECTRE,I3,6,New,32.0,1024.0,SSD,227400.0
ASUS ROG - INTEL CORE I3 9th Gen / 32GB RAM / 1024GB SSD USED LAPTOP,ASUS,ROG,I3,9,Used,32.0,1024.0,SSD,193400.0
DELL PRECISION - INTEL CORE I3 7th Gen / 16GB RAM / 512GB SSD NEW LAPTOP,DELL,PRECISION,I3,7,New,16.0,512.0,SSD,142000.0
ASUS VIVOBOOK - AMD RYZEN 7 8th Gen / 8GB RAM / 256GB SSD USED LAPTOP,ASUS,VIVOBOOK,RYZEN 7,8,Used,8.0,256.0,SSD,124700.0
DELL PRECISION - AMD RYZEN 5 7th Gen / 8GB RAM / 512GB SSD USED LAPTOP,DELL,PRECISION,RYZEN 5,7,Used,8.0,512.0,SSD,110900.0
DELL XPS - INTEL CORE I5 13th Gen / 8GB RAM / 512GB SSD USED LAPTOP,DELL,XPS,I5,13,Used,8.0,512.0,SSD,165500.0
DELL LATITUDE - INTEL CORE I3 8th Gen / 16GB RAM / 512GB SSD USED LAPTOP,DELL,LATITUDE,I3,8,Used,16.0,512.0,SSD,124700.0
APPLE MACBOOK AIR - INTEL CORE I7 12th Gen / 8GB RAM / 1024GB SSD USED LAPTOP,APPLE,MACBOOK AIR,I7,12,Used,8.0,1024.0,SSD,231400.0
ASUS ROG - INTEL CORE I7 11th Gen / 8GB RAM / 1024GB SSD USED LAPTOP,ASUS,ROG,I7,11,Used,8.0,1024.0,SSD,198800.0
DELL PRECISION - AMD RYZEN 5 7th Gen / 16GB RAM / 512GB SSD USED LAPTOP,DELL,PRECISION,RYZEN 5,7,Used,16.0,512.0,SSD,134500.0
APPLE MACBOOK AIR - INTEL CORE I5 9th Gen / 8GB RAM / 1024GB HDD USED LAPTOP,APPLE,MACBOOK AIR,I5,9,Used,8.0,1024.0,HDD,143700.0
ASUS ROG - AMD RYZEN 7 8th Gen / 16GB RAM / 512GB SSD USED LAPTOP,ASUS,ROG,RYZEN 7,8,Used,16.0,512.0,SSD,160400.0
HP VICTUS - AMD RYZEN 3 5th Gen / 8GB RAM / 256GB SSD USED LAPTOP,HP,VICTUS,RYZEN 3,5,Used,8.0,256.0,SSD,59600.0
ACER SWIFT - INTEL CORE I7 6th Gen / 16GB RAM / 256GB SSD USED LAPTOP,ACER,SWIFT,I7,6,Used,16.0,256.0,SSD,131100.0
DELL INSPIRON - AMD RYZEN 7 8th Gen / 32GB RAM / 1024GB SSD USED LAPTOP,DELL,INSPIRON,RYZEN 7,8,Used,32.0,1024.0,SSD,229400.0
ASUS ZENBOOK - AMD RYZEN 7 8th Gen / 32GB RAM / 1024GB SSD USED LAPTOP,ASUS,ZENBOOK,RYZEN 7,8,Used,32.0,1024.0,SSD,201500.0
HP ENVY - AMD RYZEN 3 5th Gen / 8GB RAM / 512GB SSD USED LAPTOP,HP,ENVY,RYZEN 3,5,Used,8.0,512.0,SSD,74000.0
ASUS ZENBOOK - INTEL CORE I7 7th Gen / 8GB RAM / 1024GB SSD USED LAPTOP,ASUS,ZENBOOK,I7,7,Used,8.0,1024.0,SSD,143600.0
HP PROBOOK - AMD RYZEN 3 5th Gen / 8GB RAM / 256GB SSD USED LAPTOP,HP,PROBOOK,RYZEN 3,5,Used,8.0,256.0,SSD,60100.0
ACER SWIFT - AMD RYZEN 3 5th Gen / 8GB RAM / 1024GB SSD NEW LAPTOP,ACER,SWIFT,RYZEN 3,5,New,8.0,1024.0,SSD,129400.0
ASUS TUF - INTEL CORE I5 12th Gen / 16GB RAM / 256GB SSD USED LAPTOP,ASUS,TUF,I5,12,Used,16.0,256.0,SSD,162700.0
HP VICTUS - INTEL CORE I9 8th Gen / 8GB RAM / 512GB SSD USED LAPTOP,HP,VICTUS,I9,8,Used,8.0,512.0,SSD,210600.0
ASUS TUF - AMD RYZEN 5 7th Gen / 32GB RAM / 256GB SSD USED LAPTOP,ASUS,TUF,RYZEN 5,7,Used,32.0,256.0,SSD,155000.0
ACER ASPIRE - INTEL CORE I7 7th Gen / 8GB RAM / 1024GB HDD USED LAPTOP,ACER,ASPIRE,I7,7,Used,8.0,1024.0,HDD,129000.0
HP PROBOOK - INTEL CORE I7 8th Gen / 32GB RAM / 1024GB SSD USED LAPTOP,HP,PROBOOK,I7,8,Used,32.0,1024.0,SSD,219900.0
ACER ASPIRE - AMD RYZEN 5 7th Gen / 16GB RAM / 1024GB SSD USED LAPTOP,ACER,ASPIRE,RYZEN 5,7,Used,16.0,1024.0,SSD,139900.0
HP SPECTRE - AMD RYZEN 3 5th Gen / 16GB RAM / 1024GB HDD NEW LAPTOP,HP,SPECTRE,RYZEN 3,5,New,16.0,1024.0,HDD,145300.0
DELL INSPIRON - AMD RYZEN 7 8th Gen / 16GB RAM / 512GB SSD USED LAPTOP,DELL,INSPIRON,RYZEN 7,8,Used,16.0,512.0,SSD,159100.0
DELL LATITUDE - AMD RYZEN 7 8th Gen / 8GB RAM / 256GB SSD USED LAPTOP,DELL,LATITUDE,RYZEN 7,8,Used,8.0,256.0,SSD,138300.0
ASUS VIVOBOOK - INTEL CORE I3 7th Gen / 8GB RAM / 256GB SSD USED LAPTOP,ASUS,VIVOBOOK,I3,7,Used,8.0,256.0,SSD,81200.0
APPLE MACBOOK PRO - APPLE M3  / 8GB RAM / 256GB SSD USED LAPTOP,APPLE,MACBOOK PRO,M3,0,Used,8.0,256.0,SSD,268900.0
DELL LATITUDE - INTEL CORE I9 12th Gen / 8GB RAM / 256GB SSD USED LAPTOP,DELL,LATITUDE,I9,12,Used,8.0,256.0,SSD,235000.0
ASUS ZENBOOK - AMD RYZEN 3 5th Gen / 32GB RAM / 512GB SSD USED LAPTOP,ASUS,ZENBOOK,RYZEN 3,5,Used,32.0,512.0,SSD,136800.0
APPLE MACBOOK AIR - INTEL CORE I5 6th Gen / 8GB RAM / 512GB SSD USED LAPTOP,APPLE,MACBOOK AIR,I5,6,Used,8.0,512.0,SSD,110000.0
DELL LATITUDE - INTEL CORE I7 13th Gen / 16GB RAM / 256GB SSD USED LAPTOP,DELL,LATITUDE,I7,13,Used,16.0,256.0,SSD,191400.0
HP ENVY - INTEL CORE I5 6th Gen / 8GB RAM / 256GB SSD NEW LAPTOP,HP,ENVY,I5,6,New,8.0,256.0,SSD,124000.0
ASUS ZENBOOK - INTEL CORE I3 12th Gen / 16GB RAM / 256GB SSD USED LAPTOP,ASUS,ZENBOOK,I3,12,Used,16.0,256.0,SSD,153200.0
APPLE MACBOOK PRO - INTEL CORE I7 7th Gen / 8GB RAM / 512GB SSD NEW LAPTOP,APPLE,MACBOOK PRO,I7,7,New,8.0,512.0,SSD,226400.0
ACER ASPIRE - AMD RYZEN 3 5th Gen / 16GB RAM / 256GB SSD USED LAPTOP,ACER,ASPIRE,RYZEN 3,5,Used,16.0,256.0,SSD,71400.0
ASUS ZENBOOK - AMD RYZEN 5 7th Gen / 16GB RAM / 1024GB HDD NEW LAPTOP,ASUS,ZENBOOK,RYZEN 5,7,New,16.0,1024.0,HDD,204900.0
HP PAVILION - INTEL CORE I9 9th Gen / 16GB RAM / 256GB SSD USED LAPTOP,HP,PAVILION,I9,9,Used,16.0,256.0,SSD,213400.0
DELL XPS - AMD RYZEN 7 8th Gen / 32GB RAM / 512GB SSD USED LAPTOP,DELL,XPS,RYZEN 7,8,Used,32.0,512.0,SSD,184400.0
ACER ASPIRE - AMD RYZEN 5 7th Gen / 8GB RAM / 512GB SSD USED LAPTOP,ACER,ASPIRE,RYZEN 5,7,Used,8.0,512.0,SSD,100000.0
ASUS ZENBOOK - AMD RYZEN 5 7th Gen / 8GB RAM / 1024GB SSD USED LAPTOP,ASUS,ZENBOOK,RYZEN 5,7,Used,8.0,1024.0,SSD,122300.0
ASUS ROG - AMD RYZEN 7 8th Gen / 32GB RAM / 512GB SSD USED LAPTOP,ASUS,ROG,RYZEN 7,8,Used,32.0,512.0,SSD,198000.0
DELL LATITUDE - INTEL CORE I7 10th Gen / 32GB RAM / 1024GB HDD USED LAPTOP,DELL,LATITUDE,I7,10,Used,32.0,1024.0,HDD,219800.0
ASUS VIVOBOOK - INTEL CORE I7 11th Gen / 8GB RAM / 256GB SSD USED LAPTOP,ASUS,VIVOBOOK,I7,11,Used,8.0,256.0,SSD,157000.0
DELL PRECISION - AMD RYZEN 5 7th Gen / 16GB RAM / 1024GB SSD USED LAPTOP,DELL,PRECISION,RYZEN 5,7,Used,16.0,1024.0,SSD,147500.0
APPLE MACBOOK PRO - APPLE M3  / 8GB RAM / 1024GB HDD USED LAPTOP,APPLE,MACBOOK PRO,M3,0,Used,8.0,1024.0,HDD,285300.0
DELL XPS - INTEL CORE I7 8th Gen / 32GB RAM / 512GB SSD USED LAPTOP,DELL,XPS,I7,8,Used,32.0,512.0,SSD,206600.0
DELL LATITUDE - AMD RYZEN 7 8th Gen / 16GB RAM / 256GB SSD USED LAPTOP,DELL,LATITUDE,RYZEN 7,8,Used,16.0,256.0,SSD,137200.0
APPLE MACBOOK AIR - INTEL CORE I7 6th Gen / 8GB RAM / 1024GB SSD USED LAPTOP,APPLE,MACBOOK AIR,I7,6,Used,8.0,1024.0,SSD,172100.0
DELL PRECISION - AMD RYZEN 3 5th Gen / 8GB RAM / 512GB SSD NEW LAPTOP,DELL,PRECISION,RYZEN 3,5,New,8.0,512.0,SSD,100000.0
ASUS VIVOBOOK - INTEL CORE I3 6th Gen / 16GB RAM / 1024GB SSD USED LAPTOP,ASUS,VIVOBOOK,I3,6,Used,16.0,1024.0,SSD,129800.0
ASUS ZENBOOK - AMD RYZEN 7 8th Gen / 32GB RAM / 512GB SSD USED LAPTOP,ASUS,ZENBOOK,RYZEN 7,8,Used,32.0,512.0,SSD,193300.0
APPLE MACBOOK PRO - APPLE M2  / 8GB RAM / 512GB SSD USED LAPTOP,APPLE,MACBOOK PRO,M2,0,Used,8.0,512.0,SSD,201200.0
APPLE MACBOOK AIR - INTEL CORE I7 8th Gen / 16GB RAM / 1024GB SSD USED LAPTOP,APPLE,MACBOOK AIR,I7,8,Used,16.0,1024.0,SSD,201100.0
APPLE MACBOOK PRO - APPLE M3  / 16GB RAM / 256GB SSD USED LAPTOP,APPLE,MACBOOK PRO,M3,0,Used,16.0,256.0,SSD,274700.0
DELL LATITUDE - INTEL CORE I3 6th Gen / 32GB RAM / 1024GB SSD USED LAPTOP,DELL,LATITUDE,I3,6,Used,32.0,1024.0,SSD,168400.0
APPLE MACBOOK AIR - APPLE M2  / 8GB RAM / 1024GB HDD USED LAPTOP,APPLE,MACBOOK AIR,M2,0,Used,8.0,1024.0,HDD,222300.0
ACER ASPIRE - AMD RYZEN 5 7th Gen / 8GB RAM / 512GB SSD USED LAPTOP,ACER,ASPIRE,RYZEN 5,7,Used,8.0,512.0,SSD,105000.0
ACER SWIFT - AMD RYZEN 7 8th Gen / 8GB RAM / 512GB SSD NEW LAPTOP,ACER,SWIFT,RYZEN 7,8,New,8.0,512.0,SSD,189500.0
DELL PRECISION - AMD RYZEN 3 5th Gen / 16GB RAM / 1024GB SSD USED LAPTOP,DELL,PRECISION,RYZEN 3,5,Used,16.0,1024.0,SSD,119800.0
DELL PRECISION - INTEL CORE I3 12th Gen / 8GB RAM / 256GB SSD USED LAPTOP,DELL,PRECISION,I3,12,Used,8.0,256.0,SSD,121900.0
APPLE MACBOOK PRO - INTEL CORE I7 10th Gen / 32GB RAM / 256GB SSD NEW LAPTOP,APPLE,MACBOOK PRO,I7,10,New,32.0,256.0,SSD,316800.0
ACER ASPIRE - INTEL CORE I5 6th Gen / 8GB RAM / 512GB SSD USED LAPTOP,ACER,ASPIRE,I5,6,Used,8.0,512.0,SSD,95000.0
DELL INSPIRON - INTEL CORE I5 13th Gen / 16GB RAM / 512GB SSD USED LAPTOP,DELL,INSPIRON,I5,13,Used,16.0,512.0,SSD,170700.0
APPLE MACBOOK PRO - APPLE M2  / 16GB RAM / 512GB SSD USED LAPTOP,APPLE,MACBOOK PRO,M2,0,Used,16.0,512.0,SSD,235100.0
HP PAVILION - INTEL CORE I3 13th Gen / 32GB RAM / 1024GB SSD USED LAPTOP,HP,PAVILION,I3,13,Used,32.0,1024.0,SSD,222100.0
ACER SWIFT - AMD RYZEN 3 5th Gen / 32GB RAM / 256GB SSD USED LAPTOP,ACER,SWIFT,RYZEN 3,5,Used,32.0,256.0,SSD,115300.0
ACER NITRO - INTEL CORE I5 8th Gen / 32GB RAM / 1024GB HDD USED LAPTOP,ACER,NITRO,I5,8,Used,32.0,1024.0,HDD,166900.0
ASUS ZENBOOK - INTEL CORE I3 7th Gen / 16GB RAM / 1024GB HDD USED LAPTOP,ASUS,ZENBOOK,I3,7,Used,16.0,1024.0,HDD,119800.0
ACER NITRO - AMD RYZEN 7 8th Gen / 16GB RAM / 256GB SSD NEW LAPTOP,ACER,NITRO,RYZEN 7,8,New,16.0,256.0,SSD,205100.0
DELL XPS - AMD RYZEN 7 8th Gen / 16GB RAM / 512GB SSD USED LAPTOP,DELL,XPS,RYZEN 7,8,Used,16.0,512.0,SSD,169900.0
APPLE MACBOOK AIR - INTEL CORE I7 10th Gen / 16GB RAM / 512GB SSD USED LAPTOP,APPLE,MACBOOK AIR,I7,10,Used,16.0,512.0,SSD,183900.0
HP ENVY - AMD RYZEN 3 5th Gen / 16GB RAM / 256GB SSD USED LAPTOP,HP,ENVY,RYZEN 3,5,Used,16.0,256.0,SSD,71700.0
HP PROBOOK - AMD RYZEN 7 8th Gen / 16GB RAM / 1024GB HDD USED LAPTOP,HP,PROBOOK,RYZEN 7,8,Used,16.0,1024.0,HDD,166000.0
ASUS ROG - AMD RYZEN 5 7th Gen / 16GB RAM / 1024GB SSD USED LAPTOP,ASUS,ROG,RYZEN 5,7,Used,16.0,1024.0,SSD,152600.0
APPLE MACBOOK PRO - INTEL CORE I7 11th Gen / 8GB RAM / 256GB SSD USED LAPTOP,APPLE,MACBOOK PRO,I7,11,Used,8.0,256.0,SSD,169600.0
ASUS ROG - INTEL CORE I3 8th Gen / 16GB RAM / 1024GB HDD USED LAPTOP,ASUS,ROG,I3,8,Used,16.0,1024.0,HDD,133100.0
APPLE MACBOOK AIR - INTEL CORE I5 6th Gen / 32GB RAM / 256GB SSD USED LAPTOP,APPLE,MACBOOK AIR,I5,6,Used,32.0,256.0,SSD,168900.0
HP VICTUS - INTEL CORE I7 8th Gen / 32GB RAM / 1024GB SSD NEW LAPTOP,HP,VICTUS,I7,8,New,32.0,1024.0,SSD,294300.0
ASUS TUF - AMD RYZEN 7 8th Gen / 32GB RAM / 256GB SSD USED LAPTOP,ASUS,TUF,RYZEN 7,8,Used,32.0,256.0,SSD,176400.0
APPLE MACBOOK PRO - APPLE M1  / 8GB RAM / 512GB SSD USED LAPTOP,APPLE,MACBOOK PRO,M1,0,Used,8.0,512.0,SSD,164100.0
ASUS ZENBOOK - INTEL CORE I7 13th Gen / 8GB RAM / 512GB SSD USED LAPTOP,ASUS,ZENBOOK,I7,13,Used,8.0,512.0,SSD,193800.0
HP VICTUS - INTEL CORE I9 10th Gen / 32GB RAM / 512GB SSD USED LAPTOP,HP,VICTUS,I9,10,Used,32.0,512.0,SSD,257100.0
ACER SWIFT - AMD RYZEN 7 8th Gen / 8GB RAM / 1024GB HDD USED LAPTOP,ACER,SWIFT,RYZEN 7,8,Used,8.0,1024.0,HDD,156600.0
DELL PRECISION - AMD RYZEN 5 7th Gen / 16GB RAM / 256GB SSD USED LAPTOP,DELL,PRECISION,RYZEN 5,7,Used,16.0,256.0,SSD,113800.0
ACER NITRO - INTEL CORE I9 7th Gen / 16GB RAM / 256GB SSD USED LAPTOP,ACER,NITRO,I9,7,Used,16.0,256.0,SSD,194500.0
APPLE MACBOOK AIR - APPLE M3  / 32GB RAM / 256GB SSD USED LAPTOP,APPLE,MACBOOK AIR,M3,0,Used,32.0,256.0,SSD,278400.0
ASUS VIVOBOOK - AMD RYZEN 3 5th Gen / 8GB RAM / 1024GB SSD USED LAPTOP,ASUS,VIVOBOOK,RYZEN 3,5,Used,8.0,1024.0,SSD,90600.0
DELL INSPIRON - INTEL CORE I7 10th Gen / 16GB RAM / 1024GB SSD USED LAPTOP,DELL,INSPIRON,I7,10,Used,16.0,1024.0,SSD,201800.0
ASUS ROG - AMD RYZEN 7 8th Gen / 16GB RAM / 512GB SSD NEW LAPTOP,ASUS,ROG,RYZEN 7,8,New,16.0,512.0,SSD,230200.0
ACER ASPIRE - AMD RYZEN 3 5th Gen / 32GB RAM / 1024GB HDD USED LAPTOP,ACER,ASPIRE,RYZEN 3,5,Used,32.0,1024.0,HDD,140700.0
ACER NITRO - INTEL CORE I7 8th Gen / 32GB RAM / 1024GB HDD USED LAPTOP,ACER,NITRO,I7,8,Used,32.0,1024.0,HDD,183800.0
ACER ASPIRE - INTEL CORE I9 7th Gen / 16GB RAM / 1024GB HDD USED LAPTOP,ACER,ASPIRE,I9,7,Used,16.0,1024.0,HDD,207200.0
HP SPECTRE - INTEL CORE I9 6th Gen / 16GB RAM / 1024GB HDD NEW LAPTOP,HP,SPECTRE,I9,6,New,16.0,1024.0,HDD,285200.0
DELL PRECISION - AMD RYZEN 3 5th Gen / 32GB RAM / 256GB SSD USED LAPTOP,DELL,PRECISION,RYZEN 3,5,Used,32.0,256.0,SSD,108400.0
HP PAVILION - INTEL CORE I9 10th Gen / 8GB RAM / 256GB SSD NEW LAPTOP,HP,PAVILION,I9,10,New,8.0,256.0,SSD,272200.0
ASUS ZENBOOK - INTEL CORE I9 10th Gen / 16GB RAM / 1024GB SSD USED LAPTOP,ASUS,ZENBOOK,I9,10,Used,16.0,1024.0,SSD,244600.0
APPLE MACBOOK PRO - APPLE M3  / 8GB RAM / 1024GB SSD USED LAPTOP,APPLE,MACBOOK PRO,M3,0,Used,8.0,1024.0,SSD,290400.0
DELL XPS - AMD RYZEN 3 5th Gen / 16GB RAM / 512GB SSD USED LAPTOP,DELL,XPS,RYZEN 3,5,Used,16.0,512.0,SSD,87300.0
APPLE MACBOOK AIR - APPLE M3  / 8GB RAM / 512GB SSD NEW LAPTOP,APPLE,MACBOOK AIR,M3,0,New,8.0,512.0,SSD,357200.0
ACER ASPIRE - INTEL CORE I3 10th Gen / 8GB RAM / 256GB SSD USED LAPTOP,ACER,ASPIRE,I3,10,Used,8.0,256.0,SSD,98800.0
APPLE MACBOOK PRO - INTEL CORE I7 8th Gen / 32GB RAM / 512GB SSD USED LAPTOP,APPLE,MACBOOK PRO,I7,8,Used,32.0,512.0,SSD,215600.0
APPLE MACBOOK AIR - APPLE M1  / 32GB RAM / 256GB SSD NEW LAPTOP,APPLE,MACBOOK AIR,M1,0,New,32.0,256.0,SSD,276600.0
ASUS TUF - INTEL CORE I9 13th Gen / 32GB RAM / 1024GB SSD USED LAPTOP,ASUS,TUF,I9,13,Used,32.0,1024.0,SSD,341100.0
HP ENVY - INTEL CORE I3 13th Gen / 16GB RAM / 1024GB HDD USED LAPTOP,HP,ENVY,I3,13,Used,16.0,1024.0,HDD,171900.0
HP ELITEBOOK - INTEL CORE I3 10th Gen / 32GB RAM / 256GB SSD USED LAPTOP,HP,ELITEBOOK,I3,10,Used,32.0,256.0,SSD,146500.0
APPLE MACBOOK PRO - APPLE M3  / 16GB RAM / 1024GB HDD USED LAPTOP,APPLE,MACBOOK PRO,M3,0,Used,16.0,1024.0,HDD,310400.0
APPLE MACBOOK PRO - INTEL CORE I7 9th Gen / 16GB RAM / 256GB SSD USED LAPTOP,APPLE,MACBOOK PRO,I7,9,Used,16.0,256.0,SSD,186500.0
HP SPECTRE - AMD RYZEN 5 7th Gen / 16GB RAM / 512GB SSD USED LAPTOP,HP,SPECTRE,RYZEN 5,7,Used,16.0,512.0,SSD,124000.0
ACER SWIFT - AMD RYZEN 7 8th Gen / 16GB RAM / 256GB SSD USED LAPTOP,ACER,SWIFT,RYZEN 7,8,Used,16.0,256.0,SSD,150800.0
DELL VOSTRO - INTEL CORE I3 7th Gen / 8GB RAM / 256GB SSD USED LAPTOP,DELL,VOSTRO,I3,7,Used,8.0,256.0,SSD,84500.0
ACER ASPIRE - INTEL CORE I9 9th Gen / 16GB RAM / 512GB SSD USED LAPTOP,ACER,ASPIRE,I9,9,Used,16.0,512.0,SSD,227400.0
DELL LATITUDE - INTEL CORE I9 8th Gen / 32GB RAM / 256GB SSD USED LAPTOP,DELL,LATITUDE,I9,8,Used,32.0,256.0,SSD,242300.0
ACER ASPIRE - INTEL CORE I3 9th Gen / 16GB RAM / 1024GB HDD NEW LAPTOP,ACER,ASPIRE,I3,9,New,16.0,1024.0,HDD,194000.0
APPLE MACBOOK AIR - INTEL CORE I5 10th Gen / 8GB RAM / 512GB SSD NEW LAPTOP,APPLE,MACBOOK AIR,I5,10,New,8.0,512.0,SSD,212000.0
APPLE MACBOOK PRO - APPLE M1  / 16GB RAM / 256GB SSD USED LAPTOP,APPLE,MACBOOK PRO,M1,0,Used,16.0,256.0,SSD,176300.0
DELL XPS - AMD RYZEN 3 5th Gen / 16GB RAM / 256GB SSD USED LAPTOP,DELL,XPS,RYZEN 3,5,Used,16.0,256.0,SSD,80500.0
HP ENVY - INTEL CORE I5 7th Gen / 32GB RAM / 1024GB SSD NEW LAPTOP,HP,ENVY,I5,7,New,32.0,1024.0,SSD,239000.0
HP PROBOOK - AMD RYZEN 7 8th Gen / 32GB RAM / 512GB SSD USED LAPTOP,HP,PROBOOK,RYZEN 7,8,Used,32.0,512.0,SSD,199400.0
ACER NITRO - AMD RYZEN 3 5th Gen / 16GB RAM / 1024GB SSD USED LAPTOP,ACER,NITRO,RYZEN 3,5,Used,16.0,1024.0,SSD,107600.0
APPLE MACBOOK AIR - APPLE M2  / 8GB RAM / 512GB SSD NEW LAPTOP,APPLE,MACBOOK AIR,M2,0,New,8.0,512.0,SSD,273400.0
DELL VOSTRO - AMD RYZEN 3 5th Gen / 8GB RAM / 256GB SSD USED LAPTOP,DELL,VOSTRO,RYZEN 3,5,Used,8.0,256.0,SSD,64900.0
DELL XPS - AMD RYZEN 7 8th Gen / 8GB RAM / 512GB SSD USED LAPTOP,DELL,XPS,RYZEN 7,8,Used,8.0,512.0,SSD,134100.0
ASUS ZENBOOK - INTEL CORE I9 12th Gen / 8GB RAM / 1024GB SSD USED LAPTOP,ASUS,ZENBOOK,I9,12,Used,8.0,1024.0,SSD,245700.0
ACER NITRO - INTEL CORE I7 11th Gen / 8GB RAM / 512GB SSD USED LAPTOP,ACER,NITRO,I7,11,Used,8.0,512.0,SSD,151600.0
HP ELITEBOOK - AMD RYZEN 3 5th Gen / 16GB RAM / 256GB SSD USED LAPTOP,HP,ELITEBOOK,RYZEN 3,5,Used,16.0,256.0,SSD,77400.0
APPLE MACBOOK AIR - INTEL CORE I7 11th Gen / 8GB RAM / 512GB SSD USED LAPTOP,APPLE,MACBOOK AIR,I7,11,Used,8.0,512.0,SSD,200200.0
ASUS ROG - INTEL CORE I3 13th Gen / 32GB RAM / 256GB SSD USED LAPTOP,ASUS,ROG,I3,13,Used,32.0,256.0,SSD,185700.0
ASUS ZENBOOK - INTEL CORE I7 8th Gen / 16GB RAM / 256GB SSD NEW LAPTOP,ASUS,ZENBOOK,I7,8,New,16.0,256.0,SSD,190000.0
ACER SWIFT - AMD RYZEN 3 5th Gen / 32GB RAM / 1024GB SSD USED LAPTOP,ACER,SWIFT,RYZEN 3,5,Used,32.0,1024.0,SSD,141100.0
DELL PRECISION - INTEL CORE I3 8th Gen / 32GB RAM / 512GB SSD USED LAPTOP,DELL,PRECISION,I3,8,Used,32.0,512.0,SSD,152200.0
HP ELITEBOOK - INTEL CORE I3 7th Gen / 16GB RAM / 1024GB SSD NEW LAPTOP,HP,ELITEBOOK,I3,7,New,16.0,1024.0,SSD,184000.0
APPLE MACBOOK AIR - APPLE M3  / 32GB RAM / 1024GB SSD USED LAPTOP,APPLE,MACBOOK AIR,M3,0,Used,32.0,1024.0,SSD,361500.0
ASUS ROG - AMD RYZEN 5 7th Gen / 16GB RAM / 512GB SSD NEW LAPTOP,ASUS,ROG,RYZEN 5,7,New,16.0,512.0,SSD,161100.0
ACER SWIFT - INTEL CORE I9 11th Gen / 32GB RAM / 512GB SSD USED LAPTOP,ACER,SWIFT,I9,11,Used,32.0,512.0,SSD,265900.0
ASUS ROG - AMD RYZEN 3 5th Gen / 32GB RAM / 256GB SSD USED LAPTOP,ASUS,ROG,RYZEN 3,5,Used,32.0,256.0,SSD,111200.0
ASUS TUF - AMD RYZEN 3 5th Gen / 32GB RAM / 1024GB SSD NEW LAPTOP,ASUS,TUF,RYZEN 3,5,New,32.0,1024.0,SSD,218400.0
ACER SWIFT - INTEL CORE I9 6th Gen / 16GB RAM / 1024GB SSD USED LAPTOP,ACER,SWIFT,I9,6,Used,16.0,1024.0,SSD,203800.0
APPLE MACBOOK AIR - INTEL CORE I5 10th Gen / 16GB RAM / 256GB SSD USED LAPTOP,APPLE,MACBOOK AIR,I5,10,Used,16.0,256.0,SSD,167400.0
ACER NITRO - AMD RYZEN 5 7th Gen / 8GB RAM / 1024GB HDD NEW LAPTOP,ACER,NITRO,RYZEN 5,7,New,8.0,1024.0,HDD,159600.0
HP PROBOOK - INTEL CORE I7 10th Gen / 32GB RAM / 1024GB SSD USED LAPTOP,HP,PROBOOK,I7,10,Used,32.0,1024.0,SSD,239700.0
DELL INSPIRON - AMD RYZEN 3 5th Gen / 16GB RAM / 1024GB SSD USED LAPTOP,DELL,INSPIRON,RYZEN 3,5,Used,16.0,1024.0,SSD,119000.0
HP ENVY - INTEL CORE I9 6th Gen / 8GB RAM / 256GB SSD USED LAPTOP,HP,ENVY,I9,6,Used,8.0,256.0,SSD,153800.0
HP SPECTRE - AMD RYZEN 7 8th Gen / 8GB RAM / 512GB SSD USED LAPTOP,HP,SPECTRE,RYZEN 7,8,Used,8.0,512.0,SSD,125700.0
APPLE MACBOOK AIR - APPLE M3  / 8GB RAM / 512GB SSD USED LAPTOP,APPLE,MACBOOK AIR,M3,0,Used,8.0,512.0,SSD,258400.0
HP VICTUS - AMD RYZEN 7 8th Gen / 8GB RAM / 256GB SSD USED LAPTOP,HP,VICTUS,RYZEN 7,8,Used,8.0,256.0,SSD,123400.0
ASUS ROG - INTEL CORE I9 8th Gen / 16GB RAM / 256GB SSD USED LAPTOP,ASUS,ROG,I9,8,Used,16.0,256.0,SSD,211900.0
APPLE MACBOOK PRO - INTEL CORE I5 13th Gen / 16GB RAM / 256GB SSD USED LAPTOP,APPLE,MACBOOK PRO,I5,13,Used,16.0,256.0,SSD,187800.0
ASUS TUF - AMD RYZEN 3 5th Gen / 8GB RAM / 256GB SSD NEW LAPTOP,ASUS,TUF,RYZEN 3,5,New,8.0,256.0,SSD,92800.0
ASUS ZENBOOK - INTEL CORE I3 13th Gen / 32GB RAM / 1024GB SSD USED LAPTOP,ASUS,ZENBOOK,I3,13,Used,32.0,1024.0,SSD,210800.0
APPLE MACBOOK AIR - APPLE M2  / 32GB RAM / 256GB SSD NEW LAPTOP,APPLE,MACBOOK AIR,M2,0,New,32.0,256.0,SSD,367500.0
DELL INSPIRON - AMD RYZEN 3 5th Gen / 32GB RAM / 256GB SSD USED LAPTOP,DELL,INSPIRON,RYZEN 3,5,Used,32.0,256.0,SSD,107200.0
ASUS TUF - AMD RYZEN 7 8th Gen / 8GB RAM / 256GB SSD USED LAPTOP,ASUS,TUF,RYZEN 7,8,Used,8.0,256.0,SSD,134800.0
DELL XPS - INTEL CORE I7 12th Gen / 8GB RAM / 256GB SSD USED LAPTOP,DELL,XPS,I7,12,Used,8.0,256.0,SSD,167900.0
ASUS ZENBOOK - AMD RYZEN 5 7th Gen / 32GB RAM / 512GB SSD USED LAPTOP,ASUS,ZENBOOK,RYZEN 5,7,Used,32.0,512.0,SSD,167100.0
APPLE MACBOOK AIR - INTEL CORE I5 10th Gen / 32GB RAM / 1024GB SSD USED LAPTOP,APPLE,MACBOOK AIR,I5,10,Used,32.0,1024.0,SSD,228800.0
ASUS ROG - AMD RYZEN 5 7th Gen / 32GB RAM / 256GB SSD NEW LAPTOP,ASUS,ROG,RYZEN 5,7,New,32.0,256.0,SSD,198800.0
ACER NITRO - INTEL CORE I7 10th Gen / 32GB RAM / 1024GB SSD USED LAPTOP,ACER,NITRO,I7,10,Used,32.0,1024.0,SSD,214900.0
ASUS ROG - AMD RYZEN 5 7th Gen / 16GB RAM / 512GB SSD USED LAPTOP,ASUS,ROG,RYZEN 5,7,Used,16.0,512.0,SSD,115600.0
HP ENVY - AMD RYZEN 5 7th Gen / 16GB RAM / 512GB SSD USED LAPTOP,HP,ENVY,RYZEN 5,7,Used,16.0,512.0,SSD,128300.0
HP VICTUS - AMD RYZEN 5 7th Gen / 16GB RAM / 256GB SSD USED LAPTOP,HP,VICTUS,RYZEN 5,7,Used,16.0,256.0,SSD,109400.0
ASUS ZENBOOK - INTEL CORE I5 7th Gen / 8GB RAM / 512GB SSD USED LAPTOP,ASUS,ZENBOOK,I5,7,Used,8.0,512.0,SSD,109400.0
ACER NITRO - AMD RYZEN 7 8th Gen / 32GB RAM / 512GB SSD USED LAPTOP,ACER,NITRO,RYZEN 7,8,Used,32.0,512.0,SSD,194000.0
ASUS VIVOBOOK - INTEL CORE I9 12th Gen / 8GB RAM / 256GB SSD USED LAPTOP,ASUS,VIVOBOOK,I9,12,Used,8.0,256.0,SSD,216800.0
APPLE MACBOOK AIR - APPLE M2  / 16GB RAM / 512GB SSD NEW LAPTOP,APPLE,MACBOOK AIR,M2,0,New,16.0,512.0,SSD,328400.0
DELL VOSTRO - INTEL CORE I5 12th Gen / 8GB RAM / 256GB SSD USED LAPTOP,DELL,VOSTRO,I5,12,Used,8.0,256.0,SSD,146700.0
HP SPECTRE - INTEL CORE I5 10th Gen / 8GB RAM / 1024GB SSD NEW LAPTOP,HP,SPECTRE,I5,10,New,8.0,1024.0,SSD,224900.0
APPLE MACBOOK PRO - INTEL CORE I7 9th Gen / 8GB RAM / 256GB SSD USED LAPTOP,APPLE,MACBOOK PRO,I7,9,Used,8.0,256.0,SSD,158200.0
ASUS TUF - AMD RYZEN 7 8th Gen / 32GB RAM / 512GB SSD NEW LAPTOP,ASUS,TUF,RYZEN 7,8,New,32.0,512.0,SSD,288600.0
ACER NITRO - INTEL CORE I7 7th Gen / 32GB RAM / 512GB SSD USED LAPTOP,ACER,NITRO,I7,7,Used,32.0,512.0,SSD,180300.0
HP VICTUS - INTEL CORE I9 6th Gen / 8GB RAM / 512GB SSD USED LAPTOP,HP,VICTUS,I9,6,Used,8.0,512.0,SSD,172700.0
DELL VOSTRO - INTEL CORE I3 11th Gen / 32GB RAM / 512GB SSD USED LAPTOP,DELL,VOSTRO,I3,11,Used,32.0,512.0,SSD,186500.0
APPLE MACBOOK PRO - INTEL CORE I7 7th Gen / 32GB RAM / 1024GB SSD USED LAPTOP,APPLE,MACBOOK PRO,I7,7,Used,32.0,1024.0,SSD,219000.0
DELL XPS - INTEL CORE I7 13th Gen / 32GB RAM / 1024GB SSD USED LAPTOP,DELL,XPS,I7,13,Used,32.0,1024.0,SSD,272600.0
DELL LATITUDE - AMD RYZEN 3 5th Gen / 16GB RAM / 256GB SSD USED LAPTOP,DELL,LATITUDE,RYZEN 3,5,Used,16.0,256.0,SSD,83000.0
ACER ASPIRE - INTEL CORE I9 11th Gen / 16GB RAM / 512GB SSD USED LAPTOP,ACER,ASPIRE,I9,11,Used,16.0,512.0,SSD,257700.0
ACER ASPIRE - AMD RYZEN 3 5th Gen / 32GB RAM / 1024GB HDD USED LAPTOP,ACER,ASPIRE,RYZEN 3,5,Used,32.0,1024.0,HDD,133600.0
HP PAVILION - INTEL CORE I5 8th Gen / 16GB RAM / 256GB SSD USED LAPTOP,HP,PAVILION,I5,8,Used,16.0,256.0,SSD,124600.0
ACER NITRO - AMD RYZEN 7 8th Gen / 16GB RAM / 256GB SSD USED LAPTOP,ACER,NITRO,RYZEN 7,8,Used,16.0,256.0,SSD,141600.0
HP ENVY - INTEL CORE I3 9th Gen / 8GB RAM / 512GB SSD USED LAPTOP,HP,ENVY,I3,9,Used,8.0,512.0,SSD,101100.0
ASUS ZENBOOK - AMD RYZEN 3 5th Gen / 16GB RAM / 256GB SSD USED LAPTOP,ASUS,ZENBOOK,RYZEN 3,5,Used,16.0,256.0,SSD,81300.0
APPLE MACBOOK PRO - APPLE M2  / 32GB RAM / 1024GB SSD USED LAPTOP,APPLE,MACBOOK PRO,M2,0,Used,32.0,1024.0,SSD,276600.0
HP ELITEBOOK - INTEL CORE I3 6th Gen / 32GB RAM / 256GB SSD USED LAPTOP,HP,ELITEBOOK,I3,6,Used,32.0,256.0,SSD,116600.0
HP ENVY - AMD RYZEN 3 5th Gen / 32GB RAM / 512GB SSD USED LAPTOP,HP,ENVY,RYZEN 3,5,Used,32.0,512.0,SSD,114900.0
DELL PRECISION - AMD RYZEN 3 5th Gen / 32GB RAM / 256GB SSD USED LAPTOP,DELL,PRECISION,RYZEN 3,5,Used,32.0,256.0,SSD,122300.0
APPLE MACBOOK AIR - INTEL CORE I7 6th Gen / 8GB RAM / 1024GB SSD NEW LAPTOP,APPLE,MACBOOK AIR,I7,6,New,8.0,1024.0,SSD,238200.0
HP SPECTRE - INTEL CORE I5 7th Gen / 32GB RAM / 1024GB SSD NEW LAPTOP,HP,SPECTRE,I5,7,New,32.0,1024.0,SSD,233000.0
ASUS VIVOBOOK - INTEL CORE I5 7th Gen / 32GB RAM / 1024GB HDD NEW LAPTOP,ASUS,VIVOBOOK,I5,7,New,32.0,1024.0,HDD,232200.0
ASUS TUF - AMD RYZEN 5 7th Gen / 16GB RAM / 1024GB HDD NEW LAPTOP,ASUS,TUF,RYZEN 5,7,New,16.0,1024.0,HDD,202700.0
HP PROBOOK - AMD RYZEN 5 7th Gen / 32GB RAM / 1024GB SSD USED LAPTOP,HP,PROBOOK,RYZEN 5,7,Used,32.0,1024.0,SSD,166200.0
ASUS VIVOBOOK - INTEL CORE I5 10th Gen / 8GB RAM / 1024GB SSD USED LAPTOP,ASUS,VIVOBOOK,I5,10,Used,8.0,1024.0,SSD,165000.0
HP ELITEBOOK - INTEL CORE I3 9th Gen / 16GB RAM / 1024GB SSD USED LAPTOP,HP,ELITEBOOK,I3,9,Used,16.0,1024.0,SSD,146900.0
ACER SWIFT - INTEL CORE I5 12th Gen / 8GB RAM / 1024GB SSD USED LAPTOP,ACER,SWIFT,I5,12,Used,8.0,1024.0,SSD,177300.0
DELL PRECISION - AMD RYZEN 5 7th Gen / 16GB RAM / 512GB SSD USED LAPTOP,DELL,PRECISION,RYZEN 5,7,Used,16.0,512.0,SSD,120000.0
ACER SWIFT - AMD RYZEN 7 8th Gen / 16GB RAM / 256GB SSD NEW LAPTOP,ACER,SWIFT,RYZEN 7,8,New,16.0,256.0,SSD,210800.0
ASUS ZENBOOK - AMD RYZEN 3 5th Gen / 8GB RAM / 1024GB SSD USED LAPTOP,ASUS,ZENBOOK,RYZEN 3,5,Used,8.0,1024.0,SSD,98900.0
DELL XPS - AMD RYZEN 7 8th Gen / 8GB RAM / 256GB SSD USED LAPTOP,DELL,XPS,RYZEN 7,8,Used,8.0,256.0,SSD,130300.0
APPLE MACBOOK PRO - APPLE M2  / 8GB RAM / 256GB SSD USED LAPTOP,APPLE,MACBOOK PRO,M2,0,Used,8.0,256.0,SSD,210900.0
HP PAVILION - INTEL CORE I9 10th Gen / 32GB RAM / 256GB SSD USED LAPTOP,HP,PAVILION,I9,10,Used,32.0,256.0,SSD,268600.0
DELL VOSTRO - AMD RYZEN 7 8th Gen / 16GB RAM / 1024GB SSD USED LAPTOP,DELL,VOSTRO,RYZEN 7,8,Used,16.0,1024.0,SSD,167600.0
APPLE MACBOOK PRO - APPLE M2  / 8GB RAM / 256GB SSD USED LAPTOP,APPLE,MACBOOK PRO,M2,0,Used,8.0,256.0,SSD,212200.0
DELL PRECISION - INTEL CORE I5 7th Gen / 32GB RAM / 1024GB SSD USED LAPTOP,DELL,PRECISION,I5,7,Used,32.0,1024.0,SSD,196100.0
APPLE MACBOOK PRO - INTEL CORE I7 8th Gen / 8GB RAM / 256GB SSD USED LAPTOP,APPLE,MACBOOK PRO,I7,8,Used,8.0,256.0,SSD,139600.0
DELL PRECISION - AMD RYZEN 3 5th Gen / 8GB RAM / 256GB SSD USED LAPTOP,DELL,PRECISION,RYZEN 3,5,Used,8.0,256.0,SSD,66400.0
HP PAVILION - INTEL CORE I9 12th Gen / 16GB RAM / 512GB SSD USED LAPTOP,HP,PAVILION,I9,12,Used,16.0,512.0,SSD,235500.0
ACER SWIFT - INTEL CORE I9 11th Gen / 32GB RAM / 512GB SSD USED LAPTOP,ACER,SWIFT,I9,11,Used,32.0,512.0,SSD,266900.0
HP PROBOOK - AMD RYZEN 3 5th Gen / 16GB RAM / 512GB SSD USED LAPTOP,HP,PROBOOK,RYZEN 3,5,Used,16.0,512.0,SSD,89500.0
ACER NITRO - INTEL CORE I7 6th Gen / 8GB RAM / 512GB SSD USED LAPTOP,ACER,NITRO,I7,6,Used,8.0,512.0,SSD,124400.0
HP PAVILION - INTEL CORE I9 9th Gen / 8GB RAM / 256GB SSD USED LAPTOP,HP,PAVILION,I9,9,Used,8.0,256.0,SSD,190600.0
DELL LATITUDE - INTEL CORE I5 7th Gen / 8GB RAM / 256GB SSD NEW LAPTOP,DELL,LATITUDE,I5,7,New,8.0,256.0,SSD,141900.0
DELL VOSTRO - INTEL CORE I5 11th Gen / 8GB RAM / 1024GB SSD USED LAPTOP,DELL,VOSTRO,I5,11,Used,8.0,1024.0,SSD,168300.0
HP ELITEBOOK - INTEL CORE I7 10th Gen / 8GB RAM / 512GB SSD USED LAPTOP,HP,ELITEBOOK,I7,10,Used,8.0,512.0,SSD,158500.0
ASUS ZENBOOK - AMD RYZEN 7 8th Gen / 8GB RAM / 512GB SSD USED LAPTOP,ASUS,ZENBOOK,RYZEN 7,8,Used,8.0,512.0,SSD,135300.0
HP SPECTRE - INTEL CORE I3 11th Gen / 16GB RAM / 1024GB SSD USED LAPTOP,HP,SPECTRE,I3,11,Used,16.0,1024.0,SSD,161000.0
ASUS ROG - AMD RYZEN 3 5th Gen / 32GB RAM / 1024GB SSD NEW LAPTOP,ASUS,ROG,RYZEN 3,5,New,32.0,1024.0,SSD,202900.0
ACER ASPIRE - AMD RYZEN 3 5th Gen / 8GB RAM / 256GB SSD USED LAPTOP,ACER,ASPIRE,RYZEN 3,5,Used,8.0,256.0,SSD,59800.0
DELL VOSTRO - INTEL CORE I5 9th Gen / 32GB RAM / 256GB SSD NEW LAPTOP,DELL,VOSTRO,I5,9,New,32.0,256.0,SSD,245400.0
HP ENVY - AMD RYZEN 7 8th Gen / 16GB RAM / 1024GB SSD USED LAPTOP,HP,ENVY,RYZEN 7,8,Used,16.0,1024.0,SSD,188900.0
DELL INSPIRON - AMD RYZEN 5 7th Gen / 32GB RAM / 512GB SSD USED LAPTOP,DELL,INSPIRON,RYZEN 5,7,Used,32.0,512.0,SSD,166800.0
HP ELITEBOOK - AMD RYZEN 5 7th Gen / 32GB RAM / 256GB SSD USED LAPTOP,HP,ELITEBOOK,RYZEN 5,7,Used,32.0,256.0,SSD,149100.0
HP PROBOOK - INTEL CORE I5 12th Gen / 8GB RAM / 256GB SSD USED LAPTOP,HP,PROBOOK,I5,12,Used,8.0,256.0,SSD,137100.0
ASUS ROG - INTEL CORE I5 7th Gen / 8GB RAM / 256GB SSD USED LAPTOP,ASUS,ROG,I5,7,Used,8.0,256.0,SSD,97700.0
APPLE MACBOOK AIR - APPLE M1  / 32GB RAM / 512GB SSD USED LAPTOP,APPLE,MACBOOK AIR,M1,0,Used,32.0,512.0,SSD,219600.0
APPLE MACBOOK AIR - APPLE M1  / 32GB RAM / 256GB SSD USED LAPTOP,APPLE,MACBOOK AIR,M1,0,Used,32.0,256.0,SSD,208000.0
ASUS ROG - INTEL CORE I5 7th Gen / 32GB RAM / 256GB SSD USED LAPTOP,ASUS,ROG,I5,7,Used,32.0,256.0,SSD,146600.0
DELL VOSTRO - INTEL CORE I5 11th Gen / 32GB RAM / 1024GB SSD NEW LAPTOP,DELL,VOSTRO,I5,11,New,32.0,1024.0,SSD,323200.0
APPLE MACBOOK AIR - INTEL CORE I7 10th Gen / 16GB RAM / 512GB SSD USED LAPTOP,APPLE,MACBOOK AIR,I7,10,Used,16.0,512.0,SSD,194300.0
HP ELITEBOOK - INTEL CORE I3 12th Gen / 32GB RAM / 256GB SSD USED LAPTOP,HP,ELITEBOOK,I3,12,Used,32.0,256.0,SSD,170500.0
ACER NITRO - INTEL CORE I9 9th Gen / 8GB RAM / 1024GB SSD USED LAPTOP,ACER,NITRO,I9,9,Used,8.0,1024.0,SSD,215700.0
DELL LATITUDE - INTEL CORE I7 13th Gen / 8GB RAM / 512GB SSD USED LAPTOP,DELL,LATITUDE,I7,13,Used,8.0,512.0,SSD,176400.0
DELL VOSTRO - AMD RYZEN 5 7th Gen / 16GB RAM / 512GB SSD USED LAPTOP,DELL,VOSTRO,RYZEN 5,7,Used,16.0,512.0,SSD,116700.0
APPLE MACBOOK PRO - APPLE M2  / 32GB RAM / 512GB SSD NEW LAPTOP,APPLE,MACBOOK PRO,M2,0,New,32.0,512.0,SSD,345400.0
ACER NITRO - INTEL CORE I3 8th Gen / 32GB RAM / 512GB SSD USED LAPTOP,ACER,NITRO,I3,8,Used,32.0,512.0,SSD,136300.0
APPLE MACBOOK AIR - INTEL CORE I5 7th Gen / 8GB RAM / 1024GB SSD USED LAPTOP,APPLE,MACBOOK AIR,I5,7,Used,8.0,1024.0,SSD,159700.0
APPLE MACBOOK PRO - APPLE M2  / 16GB RAM / 512GB SSD USED LAPTOP,APPLE,MACBOOK PRO,M2,0,Used,16.0,512.0,SSD,218800.0
ACER NITRO - INTEL CORE I3 13th Gen / 8GB RAM / 1024GB SSD NEW LAPTOP,ACER,NITRO,I3,13,New,8.0,1024.0,SSD,217700.0
ACER SWIFT - AMD RYZEN 7 8th Gen / 32GB RAM / 256GB SSD USED LAPTOP,ACER,SWIFT,RYZEN 7,8,Used,32.0,256.0,SSD,183100.0
HP VICTUS - INTEL CORE I5 11th Gen / 8GB RAM / 1024GB SSD NEW LAPTOP,HP,VICTUS,I5,11,New,8.0,1024.0,SSD,233400.0
ASUS VIVOBOOK - AMD RYZEN 5 7th Gen / 8GB RAM / 512GB SSD USED LAPTOP,ASUS,VIVOBOOK,RYZEN 5,7,Used,8.0,512.0,SSD,105200.0
HP ELITEBOOK - INTEL CORE I9 8th Gen / 16GB RAM / 1024GB HDD USED LAPTOP,HP,ELITEBOOK,I9,8,Used,16.0,1024.0,HDD,220700.0
APPLE MACBOOK PRO - APPLE M2  / 8GB RAM / 256GB SSD USED LAPTOP,APPLE,MACBOOK PRO,M2,0,Used,8.0,256.0,SSD,203000.0
HP ENVY - AMD RYZEN 7 8th Gen / 8GB RAM / 1024GB HDD USED LAPTOP,HP,ENVY,RYZEN 7,8,Used,8.0,1024.0,HDD,138400.0
DELL VOSTRO - AMD RYZEN 7 8th Gen / 8GB RAM / 512GB SSD USED LAPTOP,DELL,VOSTRO,RYZEN 7,8,Used,8.0,512.0,SSD,140600.0
APPLE MACBOOK PRO - APPLE M2  / 8GB RAM / 512GB SSD NEW LAPTOP,APPLE,MACBOOK PRO,M2,0,New,8.0,512.0,SSD,298300.0
ASUS ROG - INTEL CORE I3 11th Gen / 16GB RAM / 256GB SSD USED LAPTOP,ASUS,ROG,I3,11,Used,16.0,256.0,SSD,127600.0
APPLE MACBOOK AIR - APPLE M2  / 8GB RAM / 512GB SSD USED LAPTOP,APPLE,MACBOOK AIR,M2,0,Used,8.0,512.0,SSD,223500.0
ACER ASPIRE - INTEL CORE I9 13th Gen / 32GB RAM / 1024GB SSD USED LAPTOP,ACER,ASPIRE,I9,13,Used,32.0,1024.0,SSD,307500.0
ACER SWIFT - AMD RYZEN 3 5th Gen / 32GB RAM / 256GB SSD USED LAPTOP,ACER,SWIFT,RYZEN 3,5,Used,32.0,256.0,SSD,108900.0
APPLE MACBOOK AIR - APPLE M2  / 32GB RAM / 1024GB SSD USED LAPTOP,APPLE,MACBOOK AIR,M2,0,Used,32.0,1024.0,SSD,279600.0
DELL INSPIRON - AMD RYZEN 7 8th Gen / 16GB RAM / 256GB SSD USED LAPTOP,DELL,INSPIRON,RYZEN 7,8,Used,16.0,256.0,SSD,141800.0
ACER SWIFT - AMD RYZEN 5 7th Gen / 16GB RAM / 512GB SSD USED LAPTOP,ACER,SWIFT,RYZEN 5,7,Used,16.0,512.0,SSD,124300.0
APPLE MACBOOK PRO - INTEL CORE I5 7th Gen / 8GB RAM / 1024GB SSD USED LAPTOP,APPLE,MACBOOK PRO,I5,7,Used,8.0,1024.0,SSD,159300.0
HP ELITEBOOK - INTEL CORE I3 11th Gen / 32GB RAM / 512GB SSD USED LAPTOP,HP,ELITEBOOK,I3,11,Used,32.0,512.0,SSD,185600.0
HP SPECTRE - AMD RYZEN 5 7th Gen / 16GB RAM / 1024GB HDD USED LAPTOP,HP,SPECTRE,RYZEN 5,7,Used,16.0,1024.0,HDD,140700.0
DELL XPS - AMD RYZEN 7 8th Gen / 32GB RAM / 512GB SSD USED LAPTOP,DELL,XPS,RYZEN 7,8,Used,32.0,512.0,SSD,180800.0
ACER NITRO - AMD RYZEN 5 7th Gen / 16GB RAM / 512GB SSD USED LAPTOP,ACER,NITRO,RYZEN 5,7,Used,16.0,512.0,SSD,121800.0
DELL XPS - AMD RYZEN 7 8th Gen / 8GB RAM / 1024GB HDD USED LAPTOP,DELL,XPS,RYZEN 7,8,Used,8.0,1024.0,HDD,149400.0
APPLE MACBOOK AIR - APPLE M3  / 32GB RAM / 256GB SSD USED LAPTOP,APPLE,MACBOOK AIR,M3,0,Used,32.0,256.0,SSD,308600.0
HP PROBOOK - AMD RYZEN 3 5th Gen / 8GB RAM / 512GB SSD USED LAPTOP,HP,PROBOOK,RYZEN 3,5,Used,8.0,512.0,SSD,67300.0
ACER ASPIRE - AMD RYZEN 5 7th Gen / 8GB RAM / 512GB SSD USED LAPTOP,ACER,ASPIRE,RYZEN 5,7,Used,8.0,512.0,SSD,97200.0
APPLE MACBOOK PRO - APPLE M2  / 16GB RAM / 256GB SSD USED LAPTOP,APPLE,MACBOOK PRO,M2,0,Used,16.0,256.0,SSD,208700.0
ACER NITRO - INTEL CORE I5 8th Gen / 8GB RAM / 512GB SSD USED LAPTOP,ACER,NITRO,I5,8,Used,8.0,512.0,SSD,111000.0
DELL LATITUDE - INTEL CORE I5 10th Gen / 8GB RAM / 256GB SSD USED LAPTOP,DELL,LATITUDE,I5,10,Used,8.0,256.0,SSD,126800.0
APPLE MACBOOK PRO - INTEL CORE I7 9th Gen / 8GB RAM / 256GB SSD USED LAPTOP,APPLE,MACBOOK PRO,I7,9,Used,8.0,256.0,SSD,151200.0
ASUS ROG - AMD RYZEN 5 7th Gen / 32GB RAM / 512GB SSD USED LAPTOP,ASUS,ROG,RYZEN 5,7,Used,32.0,512.0,SSD,164600.0
APPLE MACBOOK PRO - APPLE M1  / 32GB RAM / 512GB SSD USED LAPTOP,APPLE,MACBOOK PRO,M1,0,Used,32.0,512.0,SSD,213600.0
DELL XPS - INTEL CORE I5 7th Gen / 16GB RAM / 512GB SSD NEW LAPTOP,DELL,XPS,I5,7,New,16.0,512.0,SSD,181800.0
HP SPECTRE - INTEL CORE I7 13th Gen / 8GB RAM / 512GB SSD USED LAPTOP,HP,SPECTRE,I7,13,Used,8.0,512.0,SSD,168400.0
ASUS TUF - INTEL CORE I9 9th Gen / 16GB RAM / 1024GB SSD USED LAPTOP,ASUS,TUF,I9,9,Used,16.0,1024.0,SSD,264300.0
ACER SWIFT - INTEL CORE I5 13th Gen / 8GB RAM / 1024GB HDD USED LAPTOP,ACER,SWIFT,I5,13,Used,8.0,1024.0,HDD,167700.0
APPLE MACBOOK PRO - APPLE M3  / 16GB RAM / 256GB SSD USED LAPTOP,APPLE,MACBOOK PRO,M3,0,Used,16.0,256.0,SSD,250600.0
HP PAVILION - INTEL CORE I5 12th Gen / 32GB RAM / 512GB SSD USED LAPTOP,HP,PAVILION,I5,12,Used,32.0,512.0,SSD,211800.0
APPLE MACBOOK AIR - INTEL CORE I7 10th Gen / 8GB RAM / 256GB SSD USED LAPTOP,APPLE,MACBOOK AIR,I7,10,Used,8.0,256.0,SSD,176400.0
APPLE MACBOOK PRO - APPLE M1  / 16GB RAM / 256GB SSD USED LAPTOP,APPLE,MACBOOK PRO,M1,0,Used,16.0,256.0,SSD,188000.0
ACER NITRO - INTEL CORE I9 10th Gen / 32GB RAM / 1024GB SSD USED LAPTOP,ACER,NITRO,I9,10,Used,32.0,1024.0,SSD,273600.0
ASUS ROG - AMD RYZEN 7 8th Gen / 8GB RAM / 256GB SSD USED LAPTOP,ASUS,ROG,RYZEN 7,8,Used,8.0,256.0,SSD,132600.0
ACER NITRO - AMD RYZEN 5 7th Gen / 16GB RAM / 512GB SSD USED LAPTOP,ACER,NITRO,RYZEN 5,7,Used,16.0,512.0,SSD,111600.0
ACER NITRO - INTEL CORE I5 12th Gen / 16GB RAM / 1024GB SSD USED LAPTOP,ACER,NITRO,I5,12,Used,16.0,1024.0,SSD,196100.0
ACER ASPIRE - INTEL CORE I3 7th Gen / 16GB RAM / 256GB SSD USED LAPTOP,ACER,ASPIRE,I3,7,Used,16.0,256.0,SSD,93700.0
DELL INSPIRON - AMD RYZEN 5 7th Gen / 32GB RAM / 512GB SSD USED LAPTOP,DELL,INSPIRON,RYZEN 5,7,Used,32.0,512.0,SSD,159700.0
APPLE MACBOOK PRO - INTEL CORE I5 7th Gen / 32GB RAM / 1024GB SSD USED LAPTOP,APPLE,MACBOOK PRO,I5,7,Used,32.0,1024.0,SSD,216200.0
HP PROBOOK - INTEL CORE I7 13th Gen / 32GB RAM / 256GB SSD USED LAPTOP,HP,PROBOOK,I7,13,Used,32.0,256.0,SSD,239900.0
ASUS TUF - AMD RYZEN 5 7th Gen / 8GB RAM / 256GB SSD USED LAPTOP,ASUS,TUF,RYZEN 5,7,Used,8.0,256.0,SSD,92500.0
HP PROBOOK - INTEL CORE I3 13th Gen / 8GB RAM / 256GB SSD USED LAPTOP,HP,PROBOOK,I3,13,Used,8.0,256.0,SSD,132600.0
HP PROBOOK - INTEL CORE I5 8th Gen / 16GB RAM / 256GB SSD USED LAPTOP,HP,PROBOOK,I5,8,Used,16.0,256.0,SSD,119100.0
DELL XPS - AMD RYZEN 7 8th Gen / 16GB RAM / 512GB SSD USED LAPTOP,DELL,XPS,RYZEN 7,8,Used,16.0,512.0,SSD,154700.0
ASUS VIVOBOOK - INTEL CORE I3 8th Gen / 8GB RAM / 512GB SSD USED LAPTOP,ASUS,VIVOBOOK,I3,8,Used,8.0,512.0,SSD,96100.0
ACER ASPIRE - INTEL CORE I9 12th Gen / 8GB RAM / 1024GB HDD USED LAPTOP,ACER,ASPIRE,I9,12,Used,8.0,1024.0,HDD,234100.0
ASUS TUF - INTEL CORE I7 6th Gen / 8GB RAM / 512GB SSD NEW LAPTOP,ASUS,TUF,I7,6,New,8.0,512.0,SSD,184100.0
HP ELITEBOOK - AMD RYZEN 7 8th Gen / 16GB RAM / 1024GB SSD USED LAPTOP,HP,ELITEBOOK,RYZEN 7,8,Used,16.0,1024.0,SSD,179400.0
DELL VOSTRO - AMD RYZEN 5 7th Gen / 16GB RAM / 512GB SSD USED LAPTOP,DELL,VOSTRO,RYZEN 5,7,Used,16.0,512.0,SSD,119000.0
APPLE MACBOOK PRO - APPLE M1  / 32GB RAM / 256GB SSD USED LAPTOP,APPLE,MACBOOK PRO,M1,0,Used,32.0,256.0,SSD,227500.0
DELL XPS - AMD RYZEN 7 8th Gen / 32GB RAM / 1024GB HDD USED LAPTOP,DELL,XPS,RYZEN 7,8,Used,32.0,1024.0,HDD,200000.0
APPLE MACBOOK AIR - INTEL CORE I5 13th Gen / 16GB RAM / 256GB SSD USED LAPTOP,APPLE,MACBOOK AIR,I5,13,Used,16.0,256.0,SSD,192900.0
APPLE MACBOOK AIR - INTEL CORE I5 6th Gen / 8GB RAM / 1024GB SSD USED LAPTOP,APPLE,MACBOOK AIR,I5,6,Used,8.0,1024.0,SSD,144900.0
DELL XPS - AMD RYZEN 5 7th Gen / 8GB RAM / 256GB SSD NEW LAPTOP,DELL,XPS,RYZEN 5,7,New,8.0,256.0,SSD,123700.0
ASUS ROG - AMD RYZEN 7 8th Gen / 32GB RAM / 256GB SSD USED LAPTOP,ASUS,ROG,RYZEN 7,8,Used,32.0,256.0,SSD,184100.0
ASUS TUF - INTEL CORE I3 9th Gen / 8GB RAM / 512GB SSD NEW LAPTOP,ASUS,TUF,I3,9,New,8.0,512.0,SSD,155900.0
HP ENVY - AMD RYZEN 5 7th Gen / 8GB RAM / 1024GB SSD USED LAPTOP,HP,ENVY,RYZEN 5,7,Used,8.0,1024.0,SSD,123500.0
DELL VOSTRO - AMD RYZEN 5 7th Gen / 32GB RAM / 1024GB HDD NEW LAPTOP,DELL,VOSTRO,RYZEN 5,7,New,32.0,1024.0,HDD,231800.0
DELL LATITUDE - AMD RYZEN 3 5th Gen / 32GB RAM / 256GB SSD USED LAPTOP,DELL,LATITUDE,RYZEN 3,5,Used,32.0,256.0,SSD,114900.0
HP ENVY - INTEL CORE I3 6th Gen / 8GB RAM / 512GB SSD NEW LAPTOP,HP,ENVY,I3,6,New,8.0,512.0,SSD,115200.0
ACER SWIFT - INTEL CORE I5 9th Gen / 32GB RAM / 1024GB SSD NEW LAPTOP,ACER,SWIFT,I5,9,New,32.0,1024.0,SSD,284700.0
ACER ASPIRE - AMD RYZEN 5 7th Gen / 8GB RAM / 256GB SSD USED LAPTOP,ACER,ASPIRE,RYZEN 5,7,Used,8.0,256.0,SSD,89700.0
APPLE MACBOOK AIR - APPLE M1  / 16GB RAM / 512GB SSD USED LAPTOP,APPLE,MACBOOK AIR,M1,0,Used,16.0,512.0,SSD,180900.0
ASUS VIVOBOOK - INTEL CORE I9 13th Gen / 8GB RAM / 1024GB SSD USED LAPTOP,ASUS,VIVOBOOK,I9,13,Used,8.0,1024.0,SSD,278900.0
ACER SWIFT - INTEL CORE I7 11th Gen / 16GB RAM / 1024GB HDD USED LAPTOP,ACER,SWIFT,I7,11,Used,16.0,1024.0,HDD,183200.0
APPLE MACBOOK AIR - APPLE M1  / 16GB RAM / 1024GB HDD USED LAPTOP,APPLE,MACBOOK AIR,M1,0,Used,16.0,1024.0,HDD,206400.0
DELL INSPIRON - INTEL CORE I3 6th Gen / 16GB RAM / 256GB SSD USED LAPTOP,DELL,INSPIRON,I3,6,Used,16.0,256.0,SSD,82800.0
DELL PRECISION - AMD RYZEN 7 8th Gen / 8GB RAM / 512GB SSD USED LAPTOP,DELL,PRECISION,RYZEN 7,8,Used,8.0,512.0,SSD,146600.0
HP PAVILION - AMD RYZEN 7 8th Gen / 32GB RAM / 256GB SSD USED LAPTOP,HP,PAVILION,RYZEN 7,8,Used,32.0,256.0,SSD,175200.0
ACER ASPIRE - INTEL CORE I9 12th Gen / 8GB RAM / 256GB SSD USED LAPTOP,ACER,ASPIRE,I9,12,Used,8.0,256.0,SSD,219600.0
APPLE MACBOOK PRO - INTEL CORE I5 8th Gen / 16GB RAM / 512GB SSD NEW LAPTOP,APPLE,MACBOOK PRO,I5,8,New,16.0,512.0,SSD,205400.0
HP SPECTRE - AMD RYZEN 3 5th Gen / 8GB RAM / 512GB SSD USED LAPTOP,HP,SPECTRE,RYZEN 3,5,Used,8.0,512.0,SSD,68700.0
DELL LATITUDE - INTEL CORE I3 6th Gen / 8GB RAM / 512GB SSD USED LAPTOP,DELL,LATITUDE,I3,6,Used,8.0,512.0,SSD,86500.0
APPLE MACBOOK AIR - APPLE M3  / 8GB RAM / 256GB SSD USED LAPTOP,APPLE,MACBOOK AIR,M3,0,Used,8.0,256.0,SSD,242300.0
HP PROBOOK - INTEL CORE I9 11th Gen / 16GB RAM / 256GB SSD USED LAPTOP,HP,PROBOOK,I9,11,Used,16.0,256.0,SSD,233100.0
HP ENVY - INTEL CORE I7 8th Gen / 16GB RAM / 256GB SSD USED LAPTOP,HP,ENVY,I7,8,Used,16.0,256.0,SSD,135000.0
APPLE MACBOOK PRO - APPLE M3  / 32GB RAM / 1024GB SSD USED LAPTOP,APPLE,MACBOOK PRO,M3,0,Used,32.0,1024.0,SSD,332300.0
DELL VOSTRO - AMD RYZEN 5 7th Gen / 16GB RAM / 512GB SSD USED LAPTOP,DELL,VOSTRO,RYZEN 5,7,Used,16.0,512.0,SSD,129400.0
ASUS VIVOBOOK - INTEL CORE I9 8th Gen / 16GB RAM / 1024GB SSD USED LAPTOP,ASUS,VIVOBOOK,I9,8,Used,16.0,1024.0,SSD,252800.0
ASUS TUF - INTEL CORE I7 12th Gen / 8GB RAM / 256GB SSD USED LAPTOP,ASUS,TUF,I7,12,Used,8.0,256.0,SSD,165500.0
HP PROBOOK - AMD RYZEN 3 5th Gen / 8GB RAM / 1024GB SSD USED LAPTOP,HP,PROBOOK,RYZEN 3,5,Used,8.0,1024.0,SSD,88900.0
ACER SWIFT - AMD RYZEN 7 8th Gen / 8GB RAM / 256GB SSD USED LAPTOP,ACER,SWIFT,RYZEN 7,8,Used,8.0,256.0,SSD,123600.0
ASUS VIVOBOOK - AMD RYZEN 5 7th Gen / 32GB RAM / 512GB SSD USED LAPTOP,ASUS,VIVOBOOK,RYZEN 5,7,Used,32.0,512.0,SSD,148400.0
ASUS ZENBOOK - INTEL CORE I5 11th Gen / 8GB RAM / 512GB SSD USED LAPTOP,ASUS,ZENBOOK,I5,11,Used,8.0,512.0,SSD,148600.0
APPLE MACBOOK AIR - APPLE M2  / 8GB RAM / 256GB SSD USED LAPTOP,APPLE,MACBOOK AIR,M2,0,Used,8.0,256.0,SSD,214900.0
ACER NITRO - AMD RYZEN 5 7th Gen / 16GB RAM / 256GB SSD USED LAPTOP,ACER,NITRO,RYZEN 5,7,Used,16.0,256.0,SSD,100800.0
HP VICTUS - AMD RYZEN 7 8th Gen / 32GB RAM / 256GB SSD USED LAPTOP,HP,VICTUS,RYZEN 7,8,Used,32.0,256.0,SSD,171200.0
HP SPECTRE - INTEL CORE I7 12th Gen / 8GB RAM / 512GB SSD USED LAPTOP,HP,SPECTRE,I7,12,Used,8.0,512.0,SSD,177000.0
DELL INSPIRON - INTEL CORE I9 9th Gen / 32GB RAM / 512GB SSD USED LAPTOP,DELL,INSPIRON,I9,9,Used,32.0,512.0,SSD,242100.0
APPLE MACBOOK PRO - APPLE M3  / 8GB RAM / 1024GB SSD NEW LAPTOP,APPLE,MACBOOK PRO,M3,0,New,8.0,1024.0,SSD,389200.0
ASUS TUF - INTEL CORE I3 6th Gen / 16GB RAM / 1024GB HDD NEW LAPTOP,ASUS,TUF,I3,6,New,16.0,1024.0,HDD,145400.0
ACER NITRO - AMD RYZEN 3 5th Gen / 32GB RAM / 256GB SSD USED LAPTOP,ACER,NITRO,RYZEN 3,5,Used,32.0,256.0,SSD,101600.0
ASUS ZENBOOK - INTEL CORE I9 11th Gen / 32GB RAM / 1024GB HDD USED LAPTOP,ASUS,ZENBOOK,I9,11,Used,32.0,1024.0,HDD,292800.0
HP PROBOOK - AMD RYZEN 3 5th Gen / 32GB RAM / 256GB SSD USED LAPTOP,HP,PROBOOK,RYZEN 3,5,Used,32.0,256.0,SSD,115100.0
DELL XPS - INTEL CORE I5 13th Gen / 32GB RAM / 512GB SSD USED LAPTOP,DELL,XPS,I5,13,Used,32.0,512.0,SSD,219100.0
APPLE MACBOOK AIR - INTEL CORE I7 13th Gen / 8GB RAM / 256GB SSD USED LAPTOP,APPLE,MACBOOK AIR,I7,13,Used,8.0,256.0,SSD,196300.0
HP ELITEBOOK - INTEL CORE I9 13th Gen / 8GB RAM / 512GB SSD USED LAPTOP,HP,ELITEBOOK,I9,13,Used,8.0,512.0,SSD,229000.0
HP PROBOOK - INTEL CORE I5 8th Gen / 32GB RAM / 1024GB SSD USED LAPTOP,HP,PROBOOK,I5,8,Used,32.0,1024.0,SSD,197600.0
ACER NITRO - INTEL CORE I9 10th Gen / 16GB RAM / 512GB SSD USED LAPTOP,ACER,NITRO,I9,10,Used,16.0,512.0,SSD,246300.0
ACER ASPIRE - AMD RYZEN 3 5th Gen / 8GB RAM / 256GB SSD USED LAPTOP,ACER,ASPIRE,RYZEN 3,5,Used,8.0,256.0,SSD,55300.0
DELL XPS - AMD RYZEN 5 7th Gen / 32GB RAM / 1024GB SSD USED LAPTOP,DELL,XPS,RYZEN 5,7,Used,32.0,1024.0,SSD,184900.0
HP VICTUS - INTEL CORE I3 12th Gen / 8GB RAM / 512GB SSD USED LAPTOP,HP,VICTUS,I3,12,Used,8.0,512.0,SSD,134600.0
ACER ASPIRE - AMD RYZEN 5 7th Gen / 16GB RAM / 512GB SSD USED LAPTOP,ACER,ASPIRE,RYZEN 5,7,Used,16.0,512.0,SSD,124800.0
HP PROBOOK - INTEL CORE I5 13th Gen / 8GB RAM / 1024GB SSD USED LAPTOP,HP,PROBOOK,I5,13,Used,8.0,1024.0,SSD,188100.0
ASUS VIVOBOOK - AMD RYZEN 3 5th Gen / 32GB RAM / 512GB SSD USED LAPTOP,ASUS,VIVOBOOK,RYZEN 3,5,Used,32.0,512.0,SSD,127800.0
APPLE MACBOOK PRO - APPLE M3  / 8GB RAM / 512GB SSD USED LAPTOP,APPLE,MACBOOK PRO,M3,0,Used,8.0,512.0,SSD,247500.0
HP ENVY - INTEL CORE I7 10th Gen / 32GB RAM / 512GB SSD NEW LAPTOP,HP,ENVY,I7,10,New,32.0,512.0,SSD,291800.0
DELL INSPIRON - INTEL CORE I5 13th Gen / 16GB RAM / 512GB SSD USED LAPTOP,DELL,INSPIRON,I5,13,Used,16.0,512.0,SSD,183500.0
ASUS ZENBOOK - INTEL CORE I9 13th Gen / 8GB RAM / 1024GB SSD USED LAPTOP,ASUS,ZENBOOK,I9,13,Used,8.0,1024.0,SSD,251200.0
ASUS VIVOBOOK - INTEL CORE I7 7th Gen / 32GB RAM / 256GB SSD USED LAPTOP,ASUS,VIVOBOOK,I7,7,Used,32.0,256.0,SSD,166500.0
DELL XPS - AMD RYZEN 7 8th Gen / 8GB RAM / 1024GB HDD USED LAPTOP,DELL,XPS,RYZEN 7,8,Used,8.0,1024.0,HDD,154600.0
APPLE MACBOOK AIR - INTEL CORE I5 10th Gen / 32GB RAM / 512GB SSD USED LAPTOP,APPLE,MACBOOK AIR,I5,10,Used,32.0,512.0,SSD,189800.0
DELL XPS - INTEL CORE I3 13th Gen / 32GB RAM / 512GB SSD NEW LAPTOP,DELL,XPS,I3,13,New,32.0,512.0,SSD,264000.0
APPLE MACBOOK AIR - APPLE M3  / 32GB RAM / 256GB SSD USED LAPTOP,APPLE,MACBOOK AIR,M3,0,Used,32.0,256.0,SSD,322300.0
ASUS TUF - AMD RYZEN 5 7th Gen / 16GB RAM / 256GB SSD USED LAPTOP,ASUS,TUF,RYZEN 5,7,Used,16.0,256.0,SSD,110400.0
APPLE MACBOOK PRO - APPLE M3  / 32GB RAM / 512GB SSD NEW LAPTOP,APPLE,MACBOOK PRO,M3,0,New,32.0,512.0,SSD,418200.0
DELL LATITUDE - INTEL CORE I9 12th Gen / 8GB RAM / 256GB SSD USED LAPTOP,DELL,LATITUDE,I9,12,Used,8.0,256.0,SSD,233800.0
ACER ASPIRE - AMD RYZEN 3 5th Gen / 16GB RAM / 512GB SSD USED LAPTOP,ACER,ASPIRE,RYZEN 3,5,Used,16.0,512.0,SSD,79100.0
ACER ASPIRE - INTEL CORE I3 8th Gen / 8GB RAM / 256GB SSD USED LAPTOP,ACER,ASPIRE,I3,8,Used,8.0,256.0,SSD,80300.0
ASUS TUF - INTEL CORE I3 12th Gen / 8GB RAM / 512GB SSD USED LAPTOP,ASUS,TUF,I3,12,Used,8.0,512.0,SSD,133600.0
HP PROBOOK - AMD RYZEN 5 7th Gen / 8GB RAM / 256GB SSD USED LAPTOP,HP,PROBOOK,RYZEN 5,7,Used,8.0,256.0,SSD,92800.0
ACER NITRO - INTEL CORE I9 9th Gen / 32GB RAM / 512GB SSD USED LAPTOP,ACER,NITRO,I9,9,Used,32.0,512.0,SSD,255600.0
DELL XPS - INTEL CORE I9 8th Gen / 8GB RAM / 256GB SSD USED LAPTOP,DELL,XPS,I9,8,Used,8.0,256.0,SSD,190300.0
ACER ASPIRE - INTEL CORE I3 9th Gen / 8GB RAM / 256GB SSD USED LAPTOP,ACER,ASPIRE,I3,9,Used,8.0,256.0,SSD,97700.0
HP PAVILION - INTEL CORE I3 7th Gen / 32GB RAM / 1024GB SSD NEW LAPTOP,HP,PAVILION,I3,7,New,32.0,1024.0,SSD,223600.0
HP SPECTRE - INTEL CORE I7 13th Gen / 32GB RAM / 256GB SSD USED LAPTOP,HP,SPECTRE,I7,13,Used,32.0,256.0,SSD,226800.0
DELL LATITUDE - AMD RYZEN 7 8th Gen / 32GB RAM / 256GB SSD USED LAPTOP,DELL,LATITUDE,RYZEN 7,8,Used,32.0,256.0,SSD,169700.0
ACER NITRO - AMD RYZEN 5 7th Gen / 8GB RAM / 1024GB HDD USED LAPTOP,ACER,NITRO,RYZEN 5,7,Used,8.0,1024.0,HDD,117400.0
ASUS VIVOBOOK - AMD RYZEN 5 7th Gen / 16GB RAM / 256GB SSD USED LAPTOP,ASUS,VIVOBOOK,RYZEN 5,7,Used,16.0,256.0,SSD,112600.0
APPLE MACBOOK AIR - APPLE M1  / 32GB RAM / 512GB SSD USED LAPTOP,APPLE,MACBOOK AIR,M1,0,Used,32.0,512.0,SSD,215000.0
APPLE MACBOOK AIR - APPLE M2  / 32GB RAM / 1024GB SSD USED LAPTOP,APPLE,MACBOOK AIR,M2,0,Used,32.0,1024.0,SSD,268800.0
DELL INSPIRON - AMD RYZEN 5 7th Gen / 16GB RAM / 512GB SSD USED LAPTOP,DELL,INSPIRON,RYZEN 5,7,Used,16.0,512.0,SSD,117200.0
APPLE MACBOOK AIR - INTEL CORE I5 9th Gen / 16GB RAM / 512GB SSD USED LAPTOP,APPLE,MACBOOK AIR,I5,9,Used,16.0,512.0,SSD,151900.0
ACER ASPIRE - INTEL CORE I9 6th Gen / 16GB RAM / 1024GB SSD USED LAPTOP,ACER,ASPIRE,I9,6,Used,16.0,1024.0,SSD,215700.0
ACER ASPIRE - AMD RYZEN 7 8th Gen / 16GB RAM / 1024GB SSD USED LAPTOP,ACER,ASPIRE,RYZEN 7,8,Used,16.0,1024.0,SSD,187500.0
ACER ASPIRE - INTEL CORE I9 7th Gen / 16GB RAM / 256GB SSD USED LAPTOP,ACER,ASPIRE,I9,7,Used,16.0,256.0,SSD,185400.0
APPLE MACBOOK AIR - APPLE M3  / 8GB RAM / 256GB SSD USED LAPTOP,APPLE,MACBOOK AIR,M3,0,Used,8.0,256.0,SSD,259500.0
APPLE MACBOOK AIR - INTEL CORE I7 11th Gen / 32GB RAM / 256GB SSD USED LAPTOP,APPLE,MACBOOK AIR,I7,11,Used,32.0,256.0,SSD,211100.0
ASUS ZENBOOK - AMD RYZEN 5 7th Gen / 32GB RAM / 256GB SSD USED LAPTOP,ASUS,ZENBOOK,RYZEN 5,7,Used,32.0,256.0,SSD,159500.0
HP ENVY - INTEL CORE I3 6th Gen / 16GB RAM / 1024GB HDD USED LAPTOP,HP,ENVY,I3,6,Used,16.0,1024.0,HDD,113500.0
ACER ASPIRE - INTEL CORE I3 12th Gen / 8GB RAM / 512GB SSD NEW LAPTOP,ACER,ASPIRE,I3,12,New,8.0,512.0,SSD,172700.0
HP PROBOOK - INTEL CORE I5 13th Gen / 16GB RAM / 256GB SSD NEW LAPTOP,HP,PROBOOK,I5,13,New,16.0,256.0,SSD,226000.0
ASUS ROG - INTEL CORE I9 13th Gen / 32GB RAM / 1024GB HDD USED LAPTOP,ASUS,ROG,I9,13,Used,32.0,1024.0,HDD,322500.0
HP ELITEBOOK - INTEL CORE I9 6th Gen / 16GB RAM / 1024GB HDD USED LAPTOP,HP,ELITEBOOK,I9,6,Used,16.0,1024.0,HDD,205400.0
DELL INSPIRON - INTEL CORE I9 6th Gen / 8GB RAM / 512GB SSD USED LAPTOP,DELL,INSPIRON,I9,6,Used,8.0,512.0,SSD,183100.0
HP SPECTRE - INTEL CORE I9 7th Gen / 32GB RAM / 256GB SSD USED LAPTOP,HP,SPECTRE,I9,7,Used,32.0,256.0,SSD,213400.0
DELL PRECISION - INTEL CORE I5 13th Gen / 32GB RAM / 1024GB SSD NEW LAPTOP,DELL,PRECISION,I5,13,New,32.0,1024.0,SSD,318600.0
ASUS TUF - AMD RYZEN 7 8th Gen / 32GB RAM / 1024GB SSD USED LAPTOP,ASUS,TUF,RYZEN 7,8,Used,32.0,1024.0,SSD,220300.0
HP ENVY - INTEL CORE I3 8th Gen / 8GB RAM / 1024GB SSD USED LAPTOP,HP,ENVY,I3,8,Used,8.0,1024.0,SSD,121900.0
ACER ASPIRE - INTEL CORE I7 8th Gen / 32GB RAM / 256GB SSD NEW LAPTOP,ACER,ASPIRE,I7,8,New,32.0,256.0,SSD,244200.0
ACER SWIFT - INTEL CORE I9 6th Gen / 16GB RAM / 512GB SSD USED LAPTOP,ACER,SWIFT,I9,6,Used,16.0,512.0,SSD,200400.0
APPLE MACBOOK PRO - APPLE M2  / 32GB RAM / 256GB SSD USED LAPTOP,APPLE,MACBOOK PRO,M2,0,Used,32.0,256.0,SSD,249600.0
ASUS ZENBOOK - INTEL CORE I5 10th Gen / 32GB RAM / 1024GB SSD USED LAPTOP,ASUS,ZENBOOK,I5,10,Used,32.0,1024.0,SSD,200000.0
HP ELITEBOOK - INTEL CORE I9 11th Gen / 8GB RAM / 1024GB SSD USED LAPTOP,HP,ELITEBOOK,I9,11,Used,8.0,1024.0,SSD,256000.0
ACER ASPIRE - AMD RYZEN 3 5th Gen / 16GB RAM / 1024GB SSD USED LAPTOP,ACER,ASPIRE,RYZEN 3,5,Used,16.0,1024.0,SSD,100000.0
DELL INSPIRON - INTEL CORE I3 6th Gen / 16GB RAM / 256GB SSD USED LAPTOP,DELL,INSPIRON,I3,6,Used,16.0,256.0,SSD,83500.0
DELL LATITUDE - INTEL CORE I7 9th Gen / 8GB RAM / 256GB SSD USED LAPTOP,DELL,LATITUDE,I7,9,Used,8.0,256.0,SSD,140400.0
HP PROBOOK - AMD RYZEN 3 5th Gen / 16GB RAM / 1024GB HDD USED LAPTOP,HP,PROBOOK,RYZEN 3,5,Used,16.0,1024.0,HDD,95600.0
ASUS VIVOBOOK - AMD RYZEN 7 8th Gen / 32GB RAM / 512GB SSD USED LAPTOP,ASUS,VIVOBOOK,RYZEN 7,8,Used,32.0,512.0,SSD,187000.0
HP SPECTRE - AMD RYZEN 3 5th Gen / 32GB RAM / 256GB SSD USED LAPTOP,HP,SPECTRE,RYZEN 3,5,Used,32.0,256.0,SSD,111900.0
DELL PRECISION - INTEL CORE I5 12th Gen / 16GB RAM / 1024GB SSD USED LAPTOP,DELL,PRECISION,I5,12,Used,16.0,1024.0,SSD,184800.0
ASUS ROG - INTEL CORE I3 7th Gen / 16GB RAM / 512GB SSD USED LAPTOP,ASUS,ROG,I3,7,Used,16.0,512.0,SSD,108400.0
ASUS ZENBOOK - INTEL CORE I7 10th Gen / 8GB RAM / 1024GB SSD USED LAPTOP,ASUS,ZENBOOK,I7,10,Used,8.0,1024.0,SSD,189000.0
ACER SWIFT - AMD RYZEN 3 5th Gen / 32GB RAM / 1024GB SSD USED LAPTOP,ACER,SWIFT,RYZEN 3,5,Used,32.0,1024.0,SSD,138200.0
ASUS ZENBOOK - INTEL CORE I5 12th Gen / 32GB RAM / 256GB SSD USED LAPTOP,ASUS,ZENBOOK,I5,12,Used,32.0,256.0,SSD,197800.0
ACER NITRO - AMD RYZEN 3 5th Gen / 32GB RAM / 256GB SSD USED LAPTOP,ACER,NITRO,RYZEN 3,5,Used,32.0,256.0,SSD,107600.0
HP ENVY - INTEL CORE I3 7th Gen / 16GB RAM / 1024GB HDD USED LAPTOP,HP,ENVY,I3,7,Used,16.0,1024.0,HDD,119800.0
APPLE MACBOOK AIR - APPLE M3  / 16GB RAM / 1024GB SSD USED LAPTOP,APPLE,MACBOOK AIR,M3,0,Used,16.0,1024.0,SSD,316900.0
ACER NITRO - AMD RYZEN 5 7th Gen / 8GB RAM / 256GB SSD USED LAPTOP,ACER,NITRO,RYZEN 5,7,Used,8.0,256.0,SSD,91000.0
ASUS ROG - AMD RYZEN 5 7th Gen / 32GB RAM / 1024GB SSD USED LAPTOP,ASUS,ROG,RYZEN 5,7,Used,32.0,1024.0,SSD,192300.0
HP PROBOOK - INTEL CORE I5 11th Gen / 32GB RAM / 256GB SSD USED LAPTOP,HP,PROBOOK,I5,11,Used,32.0,256.0,SSD,184400.0
ACER NITRO - AMD RYZEN 5 7th Gen / 16GB RAM / 512GB SSD USED LAPTOP,ACER,NITRO,RYZEN 5,7,Used,16.0,512.0,SSD,109200.0
DELL LATITUDE - AMD RYZEN 5 7th Gen / 8GB RAM / 1024GB SSD NEW LAPTOP,DELL,LATITUDE,RYZEN 5,7,New,8.0,1024.0,SSD,193500.0
ASUS ZENBOOK - INTEL CORE I7 12th Gen / 16GB RAM / 1024GB SSD USED LAPTOP,ASUS,ZENBOOK,I7,12,Used,16.0,1024.0,SSD,212800.0
ASUS TUF - AMD RYZEN 7 8th Gen / 32GB RAM / 256GB SSD USED LAPTOP,ASUS,TUF,RYZEN 7,8,Used,32.0,256.0,SSD,182800.0
ASUS ZENBOOK - INTEL CORE I9 6th Gen / 32GB RAM / 256GB SSD USED LAPTOP,ASUS,ZENBOOK,I9,6,Used,32.0,256.0,SSD,219100.0
ASUS TUF - INTEL CORE I3 6th Gen / 16GB RAM / 512GB SSD USED LAPTOP,ASUS,TUF,I3,6,Used,16.0,512.0,SSD,98400.0
ACER ASPIRE - INTEL CORE I7 9th Gen / 32GB RAM / 256GB SSD USED LAPTOP,ACER,ASPIRE,I7,9,Used,32.0,256.0,SSD,187800.0
ASUS ZENBOOK - INTEL CORE I9 12th Gen / 32GB RAM / 1024GB HDD USED LAPTOP,ASUS,ZENBOOK,I9,12,Used,32.0,1024.0,HDD,316400.0
HP ELITEBOOK - AMD RYZEN 3 5th Gen / 32GB RAM / 256GB SSD NEW LAPTOP,HP,ELITEBOOK,RYZEN 3,5,New,32.0,256.0,SSD,160100.0
DELL VOSTRO - INTEL CORE I9 9th Gen / 32GB RAM / 512GB SSD USED LAPTOP,DELL,VOSTRO,I9,9,Used,32.0,512.0,SSD,253600.0
HP ELITEBOOK - INTEL CORE I7 8th Gen / 16GB RAM / 512GB SSD USED LAPTOP,HP,ELITEBOOK,I7,8,Used,16.0,512.0,SSD,160700.0
ASUS TUF - INTEL CORE I3 8th Gen / 32GB RAM / 256GB SSD USED LAPTOP,ASUS,TUF,I3,8,Used,32.0,256.0,SSD,142000.0
HP VICTUS - INTEL CORE I5 12th Gen / 16GB RAM / 512GB SSD USED LAPTOP,HP,VICTUS,I5,12,Used,16.0,512.0,SSD,173300.0
ASUS ZENBOOK - AMD RYZEN 5 7th Gen / 8GB RAM / 1024GB SSD USED LAPTOP,ASUS,ZENBOOK,RYZEN 5,7,Used,8.0,1024.0,SSD,122200.0
APPLE MACBOOK PRO - APPLE M1  / 8GB RAM / 512GB SSD NEW LAPTOP,APPLE,MACBOOK PRO,M1,0,New,8.0,512.0,SSD,227400.0
HP VICTUS - INTEL CORE I7 10th Gen / 32GB RAM / 512GB SSD USED LAPTOP,HP,VICTUS,I7,10,Used,32.0,512.0,SSD,199400.0
HP VICTUS - INTEL CORE I3 13th Gen / 16GB RAM / 1024GB SSD USED LAPTOP,HP,VICTUS,I3,13,Used,16.0,1024.0,SSD,176100.0
DELL INSPIRON - AMD RYZEN 5 7th Gen / 32GB RAM / 1024GB SSD USED LAPTOP,DELL,INSPIRON,RYZEN 5,7,Used,32.0,1024.0,SSD,184900.0
ACER ASPIRE - AMD RYZEN 3 5th Gen / 32GB RAM / 512GB SSD USED LAPTOP,ACER,ASPIRE,RYZEN 3,5,Used,32.0,512.0,SSD,129100.0
HP SPECTRE - INTEL CORE I9 10th Gen / 8GB RAM / 1024GB SSD USED LAPTOP,HP,SPECTRE,I9,10,Used,8.0,1024.0,SSD,234700.0
DELL XPS - INTEL CORE I3 13th Gen / 16GB RAM / 512GB SSD USED LAPTOP,DELL,XPS,I3,13,Used,16.0,512.0,SSD,159600.0
ACER NITRO - AMD RYZEN 7 8th Gen / 16GB RAM / 1024GB SSD USED LAPTOP,ACER,NITRO,RYZEN 7,8,Used,16.0,1024.0,SSD,186200.0
HP PAVILION - AMD RYZEN 7 8th Gen / 8GB RAM / 256GB SSD NEW LAPTOP,HP,PAVILION,RYZEN 7,8,New,8.0,256.0,SSD,175400.0
HP PROBOOK - AMD RYZEN 7 8th Gen / 32GB RAM / 256GB SSD USED LAPTOP,HP,PROBOOK,RYZEN 7,8,Used,32.0,256.0,SSD,180700.0
DELL XPS - AMD RYZEN 3 5th Gen / 32GB RAM / 256GB SSD USED LAPTOP,DELL,XPS,RYZEN 3,5,Used,32.0,256.0,SSD,122700.0
ASUS ROG - INTEL CORE I7 7th Gen / 32GB RAM / 1024GB SSD USED LAPTOP,ASUS,ROG,I7,7,Used,32.0,1024.0,SSD,222400.0
ASUS TUF - AMD RYZEN 3 5th Gen / 16GB RAM / 256GB SSD USED LAPTOP,ASUS,TUF,RYZEN 3,5,Used,16.0,256.0,SSD,76000.0
ASUS TUF - AMD RYZEN 5 7th Gen / 32GB RAM / 1024GB SSD USED LAPTOP,ASUS,TUF,RYZEN 5,7,Used,32.0,1024.0,SSD,193000.0
HP ELITEBOOK - AMD RYZEN 5 7th Gen / 8GB RAM / 1024GB SSD USED LAPTOP,HP,ELITEBOOK,RYZEN 5,7,Used,8.0,1024.0,SSD,134700.0
ACER NITRO - AMD RYZEN 3 5th Gen / 16GB RAM / 512GB SSD USED LAPTOP,ACER,NITRO,RYZEN 3,5,Used,16.0,512.0,SSD,82900.0
APPLE MACBOOK PRO - INTEL CORE I7 9th Gen / 8GB RAM / 256GB SSD USED LAPTOP,APPLE,MACBOOK PRO,I7,9,Used,8.0,256.0,SSD,154200.0
DELL PRECISION - INTEL CORE I5 13th Gen / 8GB RAM / 256GB SSD NEW LAPTOP,DELL,PRECISION,I5,13,New,8.0,256.0,SSD,221300.0
DELL PRECISION - AMD RYZEN 7 8th Gen / 8GB RAM / 1024GB SSD USED LAPTOP,DELL,PRECISION,RYZEN 7,8,Used,8.0,1024.0,SSD,153700.0
DELL PRECISION - INTEL CORE I9 8th Gen / 8GB RAM / 256GB SSD USED LAPTOP,DELL,PRECISION,I9,8,Used,8.0,256.0,SSD,191100.0
HP ELITEBOOK - AMD RYZEN 7 8th Gen / 16GB RAM / 512GB SSD USED LAPTOP,HP,ELITEBOOK,RYZEN 7,8,Used,16.0,512.0,SSD,143400.0
DELL VOSTRO - AMD RYZEN 7 8th Gen / 32GB RAM / 256GB SSD USED LAPTOP,DELL,VOSTRO,RYZEN 7,8,Used,32.0,256.0,SSD,187600.0
ASUS VIVOBOOK - INTEL CORE I7 10th Gen / 32GB RAM / 1024GB SSD USED LAPTOP,ASUS,VIVOBOOK,I7,10,Used,32.0,1024.0,SSD,241800.0
APPLE MACBOOK AIR - APPLE M3  / 8GB RAM / 512GB SSD NEW LAPTOP,APPLE,MACBOOK AIR,M3,0,New,8.0,512.0,SSD,352600.0
ASUS ROG - INTEL CORE I3 6th Gen / 8GB RAM / 1024GB SSD USED LAPTOP,ASUS,ROG,I3,6,Used,8.0,1024.0,SSD,101600.0
DELL PRECISION - INTEL CORE I3 13th Gen / 32GB RAM / 256GB SSD NEW LAPTOP,DELL,PRECISION,I3,13,New,32.0,256.0,SSD,282600.0
APPLE MACBOOK PRO - APPLE M2  / 8GB RAM / 1024GB HDD USED LAPTOP,APPLE,MACBOOK PRO,M2,0,Used,8.0,1024.0,HDD,233800.0
DELL XPS - INTEL CORE I3 11th Gen / 16GB RAM / 512GB SSD USED LAPTOP,DELL,XPS,I3,11,Used,16.0,512.0,SSD,141000.0
ASUS ROG - AMD RYZEN 7 8th Gen / 32GB RAM / 1024GB SSD NEW LAPTOP,ASUS,ROG,RYZEN 7,8,New,32.0,1024.0,SSD,317200.0
ACER SWIFT - INTEL CORE I9 9th Gen / 8GB RAM / 1024GB SSD USED LAPTOP,ACER,SWIFT,I9,9,Used,8.0,1024.0,SSD,214800.0
APPLE MACBOOK PRO - INTEL CORE I5 10th Gen / 8GB RAM / 1024GB SSD USED LAPTOP,APPLE,MACBOOK PRO,I5,10,Used,8.0,1024.0,SSD,184200.0
ACER NITRO - AMD RYZEN 3 5th Gen / 16GB RAM / 1024GB HDD USED LAPTOP,ACER,NITRO,RYZEN 3,5,Used,16.0,1024.0,HDD,88800.0
ACER ASPIRE - INTEL CORE I9 7th Gen / 16GB RAM / 512GB SSD USED LAPTOP,ACER,ASPIRE,I9,7,Used,16.0,512.0,SSD,218300.0
ASUS TUF - AMD RYZEN 3 5th Gen / 16GB RAM / 256GB SSD USED LAPTOP,ASUS,TUF,RYZEN 3,5,Used,16.0,256.0,SSD,74300.0
HP PAVILION - AMD RYZEN 3 5th Gen / 32GB RAM / 1024GB SSD USED LAPTOP,HP,PAVILION,RYZEN 3,5,Used,32.0,1024.0,SSD,145100.0
ASUS ZENBOOK - INTEL CORE I5 13th Gen / 16GB RAM / 512GB SSD USED LAPTOP,ASUS,ZENBOOK,I5,13,Used,16.0,512.0,SSD,185500.0
ACER ASPIRE - INTEL CORE I5 10th Gen / 8GB RAM / 256GB SSD NEW LAPTOP,ACER,ASPIRE,I5,10,New,8.0,256.0,SSD,151500.0
DELL PRECISION - INTEL CORE I3 13th Gen / 32GB RAM / 512GB SSD USED LAPTOP,DELL,PRECISION,I3,13,Used,32.0,512.0,SSD,191200.0
ACER SWIFT - AMD RYZEN 5 7th Gen / 8GB RAM / 1024GB SSD USED LAPTOP,ACER,SWIFT,RYZEN 5,7,Used,8.0,1024.0,SSD,130200.0
APPLE MACBOOK AIR - APPLE M2  / 16GB RAM / 512GB SSD USED LAPTOP,APPLE,MACBOOK AIR,M2,0,Used,16.0,512.0,SSD,242000.0
ASUS ROG - AMD RYZEN 5 7th Gen / 16GB RAM / 512GB SSD USED LAPTOP,ASUS,ROG,RYZEN 5,7,Used,16.0,512.0,SSD,125500.0
APPLE MACBOOK AIR - APPLE M1  / 8GB RAM / 1024GB SSD USED LAPTOP,APPLE,MACBOOK AIR,M1,0,Used,8.0,1024.0,SSD,188100.0
ASUS VIVOBOOK - INTEL CORE I5 7th Gen / 32GB RAM / 256GB SSD USED LAPTOP,ASUS,VIVOBOOK,I5,7,Used,32.0,256.0,SSD,141000.0
ACER SWIFT - AMD RYZEN 3 5th Gen / 8GB RAM / 512GB SSD USED LAPTOP,ACER,SWIFT,RYZEN 3,5,Used,8.0,512.0,SSD,63600.0
HP PROBOOK - INTEL CORE I7 12th Gen / 32GB RAM / 1024GB SSD USED LAPTOP,HP,PROBOOK,I7,12,Used,32.0,1024.0,SSD,258800.0
APPLE MACBOOK AIR - APPLE M3  / 32GB RAM / 256GB SSD USED LAPTOP,APPLE,MACBOOK AIR,M3,0,Used,32.0,256.0,SSD,313100.0
APPLE MACBOOK AIR - INTEL CORE I7 6th Gen / 8GB RAM / 512GB SSD NEW LAPTOP,APPLE,MACBOOK AIR,I7,6,New,8.0,512.0,SSD,208500.0
HP SPECTRE - INTEL CORE I7 13th Gen / 16GB RAM / 256GB SSD USED LAPTOP,HP,SPECTRE,I7,13,Used,16.0,256.0,SSD,180400.0
APPLE MACBOOK AIR - INTEL CORE I7 8th Gen / 16GB RAM / 512GB SSD USED LAPTOP,APPLE,MACBOOK AIR,I7,8,Used,16.0,512.0,SSD,167300.0
HP VICTUS - AMD RYZEN 7 8th Gen / 32GB RAM / 512GB SSD USED LAPTOP,HP,VICTUS,RYZEN 7,8,Used,32.0,512.0,SSD,201300.0
HP ENVY - AMD RYZEN 5 7th Gen / 32GB RAM / 256GB SSD USED LAPTOP,HP,ENVY,RYZEN 5,7,Used,32.0,256.0,SSD,147600.0
ACER SWIFT - INTEL CORE I5 8th Gen / 16GB RAM / 1024GB HDD USED LAPTOP,ACER,SWIFT,I5,8,Used,16.0,1024.0,HDD,148300.0
APPLE MACBOOK PRO - APPLE M2  / 16GB RAM / 256GB SSD USED LAPTOP,APPLE,MACBOOK PRO,M2,0,Used,16.0,256.0,SSD,228700.0
APPLE MACBOOK PRO - APPLE M2  / 32GB RAM / 256GB SSD USED LAPTOP,APPLE,MACBOOK PRO,M2,0,Used,32.0,256.0,SSD,257400.0
ASUS TUF - INTEL CORE I7 8th Gen / 32GB RAM / 512GB SSD NEW LAPTOP,ASUS,TUF,I7,8,New,32.0,512.0,SSD,268200.0
DELL LATITUDE - AMD RYZEN 5 7th Gen / 16GB RAM / 512GB SSD USED LAPTOP,DELL,LATITUDE,RYZEN 5,7,Used,16.0,512.0,SSD,127200.0
DELL LATITUDE - INTEL CORE I7 10th Gen / 16GB RAM / 1024GB HDD NEW LAPTOP,DELL,LATITUDE,I7,10,New,16.0,1024.0,HDD,266000.0
DELL LATITUDE - INTEL CORE I9 9th Gen / 16GB RAM / 1024GB SSD USED LAPTOP,DELL,LATITUDE,I9,9,Used,16.0,1024.0,SSD,260600.0
ACER NITRO - AMD RYZEN 7 8th Gen / 32GB RAM / 256GB SSD USED LAPTOP,ACER,NITRO,RYZEN 7,8,Used,32.0,256.0,SSD,181500.0
ASUS VIVOBOOK - AMD RYZEN 7 8th Gen / 16GB RAM / 1024GB HDD USED LAPTOP,ASUS,VIVOBOOK,RYZEN 7,8,Used,16.0,1024.0,HDD,162000.0
DELL VOSTRO - AMD RYZEN 5 7th Gen / 16GB RAM / 1024GB SSD USED LAPTOP,DELL,VOSTRO,RYZEN 5,7,Used,16.0,1024.0,SSD,158300.0
HP SPECTRE - AMD RYZEN 5 7th Gen / 32GB RAM / 512GB SSD USED LAPTOP,HP,SPECTRE,RYZEN 5,7,Used,32.0,512.0,SSD,145900.0
HP PROBOOK - INTEL CORE I5 6th Gen / 16GB RAM / 512GB SSD USED LAPTOP,HP,PROBOOK,I5,6,Used,16.0,512.0,SSD,112400.0
HP ELITEBOOK - INTEL CORE I7 9th Gen / 16GB RAM / 512GB SSD NEW LAPTOP,HP,ELITEBOOK,I7,9,New,16.0,512.0,SSD,238800.0
DELL XPS - INTEL CORE I9 12th Gen / 16GB RAM / 512GB SSD USED LAPTOP,DELL,XPS,I9,12,Used,16.0,512.0,SSD,267400.0
HP ELITEBOOK - INTEL CORE I9 10th Gen / 8GB RAM / 256GB SSD USED LAPTOP,HP,ELITEBOOK,I9,10,Used,8.0,256.0,SSD,214300.0
ASUS TUF - INTEL CORE I5 13th Gen / 16GB RAM / 1024GB HDD USED LAPTOP,ASUS,TUF,I5,13,Used,16.0,1024.0,HDD,195300.0
APPLE MACBOOK AIR - APPLE M1  / 32GB RAM / 512GB SSD USED LAPTOP,APPLE,MACBOOK AIR,M1,0,Used,32.0,512.0,SSD,214300.0
ASUS VIVOBOOK - AMD RYZEN 3 5th Gen / 8GB RAM / 1024GB SSD USED LAPTOP,ASUS,VIVOBOOK,RYZEN 3,5,Used,8.0,1024.0,SSD,95400.0
DELL PRECISION - INTEL CORE I3 13th Gen / 16GB RAM / 256GB SSD USED LAPTOP,DELL,PRECISION,I3,13,Used,16.0,256.0,SSD,154600.0
DELL PRECISION - INTEL CORE I7 10th Gen / 8GB RAM / 256GB SSD NEW LAPTOP,DELL,PRECISION,I7,10,New,8.0,256.0,SSD,196100.0
ACER NITRO - AMD RYZEN 3 5th Gen / 32GB RAM / 1024GB SSD USED LAPTOP,ACER,NITRO,RYZEN 3,5,Used,32.0,1024.0,SSD,143800.0
HP ENVY - INTEL CORE I9 13th Gen / 32GB RAM / 256GB SSD NEW LAPTOP,HP,ENVY,I9,13,New,32.0,256.0,SSD,382300.0
HP SPECTRE - AMD RYZEN 3 5th Gen / 32GB RAM / 1024GB HDD USED LAPTOP,HP,SPECTRE,RYZEN 3,5,Used,32.0,1024.0,HDD,138300.0
ACER SWIFT - AMD RYZEN 7 8th Gen / 16GB RAM / 256GB SSD USED LAPTOP,ACER,SWIFT,RYZEN 7,8,Used,16.0,256.0,SSD,145700.0
ASUS TUF - INTEL CORE I7 9th Gen / 16GB RAM / 256GB SSD USED LAPTOP,ASUS,TUF,I7,9,Used,16.0,256.0,SSD,159800.0
ACER NITRO - INTEL CORE I3 12th Gen / 8GB RAM / 512GB SSD USED LAPTOP,ACER,NITRO,I3,12,Used,8.0,512.0,SSD,129700.0
APPLE MACBOOK PRO - APPLE M3  / 16GB RAM / 1024GB SSD USED LAPTOP,APPLE,MACBOOK PRO,M3,0,Used,16.0,1024.0,SSD,324300.0
HP ELITEBOOK - INTEL CORE I9 6th Gen / 8GB RAM / 512GB SSD USED LAPTOP,HP,ELITEBOOK,I9,6,Used,8.0,512.0,SSD,190200.0
APPLE MACBOOK AIR - INTEL CORE I5 7th Gen / 32GB RAM / 1024GB HDD USED LAPTOP,APPLE,MACBOOK AIR,I5,7,Used,32.0,1024.0,HDD,192200.0
HP PAVILION - INTEL CORE I3 8th Gen / 16GB RAM / 512GB SSD USED LAPTOP,HP,PAVILION,I3,8,Used,16.0,512.0,SSD,106600.0
ACER ASPIRE - AMD RYZEN 5 7th Gen / 8GB RAM / 256GB SSD USED LAPTOP,ACER,ASPIRE,RYZEN 5,7,Used,8.0,256.0,SSD,87400.0
APPLE MACBOOK AIR - APPLE M2  / 32GB RAM / 1024GB SSD NEW LAPTOP,APPLE,MACBOOK AIR,M2,0,New,32.0,1024.0,SSD,379400.0
ACER NITRO - INTEL CORE I9 10th Gen / 8GB RAM / 256GB SSD NEW LAPTOP,ACER,NITRO,I9,10,New,8.0,256.0,SSD,275900.0
HP SPECTRE - AMD RYZEN 5 7th Gen / 16GB RAM / 1024GB SSD USED LAPTOP,HP,SPECTRE,RYZEN 5,7,Used,16.0,1024.0,SSD,149100.0
HP SPECTRE - INTEL CORE I7 11th Gen / 16GB RAM / 1024GB SSD USED LAPTOP,HP,SPECTRE,I7,11,Used,16.0,1024.0,SSD,206300.0
DELL PRECISION - INTEL CORE I9 6th Gen / 32GB RAM / 512GB SSD USED LAPTOP,DELL,PRECISION,I9,6,Used,32.0,512.0,SSD,248000.0
HP PROBOOK - AMD RYZEN 5 7th Gen / 32GB RAM / 512GB SSD NEW LAPTOP,HP,PROBOOK,RYZEN 5,7,New,32.0,512.0,SSD,201500.0
HP PAVILION - AMD RYZEN 3 5th Gen / 8GB RAM / 256GB SSD USED LAPTOP,HP,PAVILION,RYZEN 3,5,Used,8.0,256.0,SSD,62600.0
ASUS ZENBOOK - INTEL CORE I7 13th Gen / 8GB RAM / 256GB SSD NEW LAPTOP,ASUS,ZENBOOK,I7,13,New,8.0,256.0,SSD,247800.0
HP ELITEBOOK - INTEL CORE I7 9th Gen / 32GB RAM / 1024GB HDD NEW LAPTOP,HP,ELITEBOOK,I7,9,New,32.0,1024.0,HDD,307100.0
DELL PRECISION - INTEL CORE I9 10th Gen / 16GB RAM / 1024GB HDD USED LAPTOP,DELL,PRECISION,I9,10,Used,16.0,1024.0,HDD,235100.0
ACER SWIFT - INTEL CORE I9 12th Gen / 16GB RAM / 1024GB SSD USED LAPTOP,ACER,SWIFT,I9,12,Used,16.0,1024.0,SSD,250200.0
ACER ASPIRE - INTEL CORE I9 13th Gen / 32GB RAM / 512GB SSD USED LAPTOP,ACER,ASPIRE,I9,13,Used,32.0,512.0,SSD,286800.0
ASUS TUF - INTEL CORE I5 8th Gen / 32GB RAM / 512GB SSD USED LAPTOP,ASUS,TUF,I5,8,Used,32.0,512.0,SSD,162900.0
ASUS ZENBOOK - INTEL CORE I9 7th Gen / 16GB RAM / 1024GB SSD USED LAPTOP,ASUS,ZENBOOK,I9,7,Used,16.0,1024.0,SSD,243100.0
DELL INSPIRON - INTEL CORE I5 13th Gen / 16GB RAM / 256GB SSD USED LAPTOP,DELL,INSPIRON,I5,13,Used,16.0,256.0,SSD,155600.0
HP ELITEBOOK - AMD RYZEN 5 7th Gen / 32GB RAM / 1024GB SSD USED LAPTOP,HP,ELITEBOOK,RYZEN 5,7,Used,32.0,1024.0,SSD,187700.0
APPLE MACBOOK AIR - APPLE M1  / 16GB RAM / 256GB SSD USED LAPTOP,APPLE,MACBOOK AIR,M1,0,Used,16.0,256.0,SSD,171600.0
APPLE MACBOOK AIR - APPLE M3  / 16GB RAM / 256GB SSD USED LAPTOP,APPLE,MACBOOK AIR,M3,0,Used,16.0,256.0,SSD,263200.0
DELL LATITUDE - INTEL CORE I7 11th Gen / 8GB RAM / 256GB SSD USED LAPTOP,DELL,LATITUDE,I7,11,Used,8.0,256.0,SSD,161400.0
HP ELITEBOOK - INTEL CORE I5 8th Gen / 32GB RAM / 256GB SSD USED LAPTOP,HP,ELITEBOOK,I5,8,Used,32.0,256.0,SSD,142500.0
ASUS VIVOBOOK - INTEL CORE I9 8th Gen / 16GB RAM / 256GB SSD USED LAPTOP,ASUS,VIVOBOOK,I9,8,Used,16.0,256.0,SSD,221600.0
HP SPECTRE - AMD RYZEN 5 7th Gen / 16GB RAM / 256GB SSD USED LAPTOP,HP,SPECTRE,RYZEN 5,7,Used,16.0,256.0,SSD,111700.0
ASUS VIVOBOOK - INTEL CORE I3 8th Gen / 16GB RAM / 256GB SSD USED LAPTOP,ASUS,VIVOBOOK,I3,8,Used,16.0,256.0,SSD,107900.0
DELL PRECISION - INTEL CORE I3 13th Gen / 8GB RAM / 1024GB SSD USED LAPTOP,DELL,PRECISION,I3,13,Used,8.0,1024.0,SSD,166200.0
HP PROBOOK - INTEL CORE I9 9th Gen / 16GB RAM / 1024GB SSD USED LAPTOP,HP,PROBOOK,I9,9,Used,16.0,1024.0,SSD,252300.0
DELL LATITUDE - AMD RYZEN 7 8th Gen / 16GB RAM / 1024GB SSD USED LAPTOP,DELL,LATITUDE,RYZEN 7,8,Used,16.0,1024.0,SSD,182900.0
ASUS TUF - INTEL CORE I3 10th Gen / 16GB RAM / 1024GB SSD NEW LAPTOP,ASUS,TUF,I3,10,New,16.0,1024.0,SSD,229100.0
DELL PRECISION - AMD RYZEN 5 7th Gen / 16GB RAM / 512GB SSD USED LAPTOP,DELL,PRECISION,RYZEN 5,7,Used,16.0,512.0,SSD,123500.0
HP ELITEBOOK - INTEL CORE I3 10th Gen / 8GB RAM / 256GB SSD USED LAPTOP,HP,ELITEBOOK,I3,10,Used,8.0,256.0,SSD,101100.0
HP ELITEBOOK - AMD RYZEN 3 5th Gen / 32GB RAM / 1024GB SSD USED LAPTOP,HP,ELITEBOOK,RYZEN 3,5,Used,32.0,1024.0,SSD,150000.0
DELL PRECISION - AMD RYZEN 3 5th Gen / 8GB RAM / 256GB SSD USED LAPTOP,DELL,PRECISION,RYZEN 3,5,Used,8.0,256.0,SSD,58500.0
HP VICTUS - INTEL CORE I3 8th Gen / 16GB RAM / 512GB SSD USED LAPTOP,HP,VICTUS,I3,8,Used,16.0,512.0,SSD,115200.0
DELL VOSTRO - INTEL CORE I7 7th Gen / 32GB RAM / 256GB SSD USED LAPTOP,DELL,VOSTRO,I7,7,Used,32.0,256.0,SSD,180100.0
ASUS TUF - INTEL CORE I5 10th Gen / 16GB RAM / 512GB SSD USED LAPTOP,ASUS,TUF,I5,10,Used,16.0,512.0,SSD,157000.0
HP SPECTRE - AMD RYZEN 3 5th Gen / 8GB RAM / 256GB SSD NEW LAPTOP,HP,SPECTRE,RYZEN 3,5,New,8.0,256.0,SSD,85700.0
ACER SWIFT - AMD RYZEN 5 7th Gen / 8GB RAM / 256GB SSD NEW LAPTOP,ACER,SWIFT,RYZEN 5,7,New,8.0,256.0,SSD,117000.0
APPLE MACBOOK PRO - INTEL CORE I5 9th Gen / 32GB RAM / 1024GB HDD USED LAPTOP,APPLE,MACBOOK PRO,I5,9,Used,32.0,1024.0,HDD,219200.0
DELL LATITUDE - INTEL CORE I3 6th Gen / 8GB RAM / 256GB SSD USED LAPTOP,DELL,LATITUDE,I3,6,Used,8.0,256.0,SSD,66100.0
DELL LATITUDE - AMD RYZEN 5 7th Gen / 8GB RAM / 512GB SSD USED LAPTOP,DELL,LATITUDE,RYZEN 5,7,Used,8.0,512.0,SSD,103700.0
DELL VOSTRO - AMD RYZEN 7 8th Gen / 32GB RAM / 512GB SSD USED LAPTOP,DELL,VOSTRO,RYZEN 7,8,Used,32.0,512.0,SSD,205000.0
APPLE MACBOOK PRO - APPLE M3  / 32GB RAM / 256GB SSD USED LAPTOP,APPLE,MACBOOK PRO,M3,0,Used,32.0,256.0,SSD,278300.0
HP ELITEBOOK - INTEL CORE I5 11th Gen / 16GB RAM / 256GB SSD USED LAPTOP,HP,ELITEBOOK,I5,11,Used,16.0,256.0,SSD,142700.0
ASUS VIVOBOOK - INTEL CORE I5 12th Gen / 8GB RAM / 256GB SSD USED LAPTOP,ASUS,VIVOBOOK,I5,12,Used,8.0,256.0,SSD,142800.0
ACER NITRO - INTEL CORE I7 10th Gen / 8GB RAM / 256GB SSD USED LAPTOP,ACER,NITRO,I7,10,Used,8.0,256.0,SSD,151700.0
DELL INSPIRON - AMD RYZEN 3 5th Gen / 16GB RAM / 256GB SSD USED LAPTOP,DELL,INSPIRON,RYZEN 3,5,Used,16.0,256.0,SSD,76900.0
APPLE MACBOOK PRO - APPLE M3  / 16GB RAM / 256GB SSD USED LAPTOP,APPLE,MACBOOK PRO,M3,0,Used,16.0,256.0,SSD,278500.0
DELL LATITUDE - INTEL CORE I3 11th Gen / 32GB RAM / 1024GB SSD USED LAPTOP,DELL,LATITUDE,I3,11,Used,32.0,1024.0,SSD,189900.0
ASUS ROG - AMD RYZEN 3 5th Gen / 32GB RAM / 512GB SSD USED LAPTOP,ASUS,ROG,RYZEN 3,5,Used,32.0,512.0,SSD,136200.0
HP VICTUS - INTEL CORE I3 7th Gen / 16GB RAM / 1024GB SSD USED LAPTOP,HP,VICTUS,I3,7,Used,16.0,1024.0,SSD,136800.0
DELL VOSTRO - INTEL CORE I9 11th Gen / 8GB RAM / 512GB SSD USED LAPTOP,DELL,VOSTRO,I9,11,Used,8.0,512.0,SSD,216700.0
DELL XPS - INTEL CORE I9 7th Gen / 32GB RAM / 512GB SSD NEW LAPTOP,DELL,XPS,I9,7,New,32.0,512.0,SSD,326500.0
APPLE MACBOOK AIR - APPLE M3  / 16GB RAM / 1024GB HDD USED LAPTOP,APPLE,MACBOOK AIR,M3,0,Used,16.0,1024.0,HDD,299000.0
APPLE MACBOOK AIR - APPLE M2  / 32GB RAM / 512GB SSD USED LAPTOP,APPLE,MACBOOK AIR,M2,0,Used,32.0,512.0,SSD,252100.0
DELL XPS - AMD RYZEN 7 8th Gen / 32GB RAM / 1024GB HDD USED LAPTOP,DELL,XPS,RYZEN 7,8,Used,32.0,1024.0,HDD,195100.0
ACER NITRO - AMD RYZEN 5 7th Gen / 16GB RAM / 256GB SSD USED LAPTOP,ACER,NITRO,RYZEN 5,7,Used,16.0,256.0,SSD,110900.0
ACER NITRO - INTEL CORE I7 9th Gen / 8GB RAM / 512GB SSD USED LAPTOP,ACER,NITRO,I7,9,Used,8.0,512.0,SSD,139400.0
HP PROBOOK - INTEL CORE I7 12th Gen / 8GB RAM / 256GB SSD USED LAPTOP,HP,PROBOOK,I7,12,Used,8.0,256.0,SSD,156700.0
DELL VOSTRO - INTEL CORE I7 12th Gen / 32GB RAM / 256GB SSD USED LAPTOP,DELL,VOSTRO,I7,12,Used,32.0,256.0,SSD,217900.0
HP PAVILION - AMD RYZEN 5 7th Gen / 32GB RAM / 256GB SSD USED LAPTOP,HP,PAVILION,RYZEN 5,7,Used,32.0,256.0,SSD,150500.0
ACER SWIFT - AMD RYZEN 5 7th Gen / 32GB RAM / 1024GB SSD USED LAPTOP,ACER,SWIFT,RYZEN 5,7,Used,32.0,1024.0,SSD,167700.0
HP ENVY - INTEL CORE I9 9th Gen / 32GB RAM / 256GB SSD USED LAPTOP,HP,ENVY,I9,9,Used,32.0,256.0,SSD,265800.0
ASUS VIVOBOOK - INTEL CORE I3 8th Gen / 8GB RAM / 512GB SSD USED LAPTOP,ASUS,VIVOBOOK,I3,8,Used,8.0,512.0,SSD,107800.0
ASUS TUF - INTEL CORE I3 12th Gen / 16GB RAM / 256GB SSD NEW LAPTOP,ASUS,TUF,I3,12,New,16.0,256.0,SSD,214100.0
DELL INSPIRON - AMD RYZEN 5 7th Gen / 8GB RAM / 1024GB SSD USED LAPTOP,DELL,INSPIRON,RYZEN 5,7,Used,8.0,1024.0,SSD,129200.0
ACER ASPIRE - AMD RYZEN 3 5th Gen / 32GB RAM / 1024GB SSD USED LAPTOP,ACER,ASPIRE,RYZEN 3,5,Used,32.0,1024.0,SSD,145400.0
ASUS ROG - AMD RYZEN 7 8th Gen / 16GB RAM / 256GB SSD NEW LAPTOP,ASUS,ROG,RYZEN 7,8,New,16.0,256.0,SSD,220400.0
ACER ASPIRE - INTEL CORE I9 6th Gen / 8GB RAM / 256GB SSD USED LAPTOP,ACER,ASPIRE,I9,6,Used,8.0,256.0,SSD,162600.0
HP PROBOOK - AMD RYZEN 5 7th Gen / 32GB RAM / 512GB SSD USED LAPTOP,HP,PROBOOK,RYZEN 5,7,Used,32.0,512.0,SSD,147600.0
APPLE MACBOOK PRO - INTEL CORE I5 8th Gen / 8GB RAM / 512GB SSD USED LAPTOP,APPLE,MACBOOK PRO,I5,8,Used,8.0,512.0,SSD,127400.0
ACER SWIFT - INTEL CORE I7 7th Gen / 16GB RAM / 256GB SSD USED LAPTOP,ACER,SWIFT,I7,7,Used,16.0,256.0,SSD,141800.0
HP ELITEBOOK - AMD RYZEN 5 7th Gen / 8GB RAM / 1024GB SSD NEW LAPTOP,HP,ELITEBOOK,RYZEN 5,7,New,8.0,1024.0,SSD,162400.0
ACER ASPIRE - AMD RYZEN 7 8th Gen / 16GB RAM / 256GB SSD USED LAPTOP,ACER,ASPIRE,RYZEN 7,8,Used,16.0,256.0,SSD,143100.0
HP SPECTRE - INTEL CORE I7 12th Gen / 16GB RAM / 256GB SSD USED LAPTOP,HP,SPECTRE,I7,12,Used,16.0,256.0,SSD,168800.0
APPLE MACBOOK PRO - APPLE M1  / 32GB RAM / 512GB SSD USED LAPTOP,APPLE,MACBOOK PRO,M1,0,Used,32.0,512.0,SSD,223300.0
HP ELITEBOOK - AMD RYZEN 3 5th Gen / 8GB RAM / 1024GB SSD USED LAPTOP,HP,ELITEBOOK,RYZEN 3,5,Used,8.0,1024.0,SSD,94800.0
ACER NITRO - INTEL CORE I5 11th Gen / 8GB RAM / 1024GB HDD USED LAPTOP,ACER,NITRO,I5,11,Used,8.0,1024.0,HDD,149500.0
ACER ASPIRE - AMD RYZEN 5 7th Gen / 32GB RAM / 256GB SSD USED LAPTOP,ACER,ASPIRE,RYZEN 5,7,Used,32.0,256.0,SSD,140300.0
HP PROBOOK - INTEL CORE I7 13th Gen / 16GB RAM / 256GB SSD USED LAPTOP,HP,PROBOOK,I7,13,Used,16.0,256.0,SSD,199300.0
HP ELITEBOOK - AMD RYZEN 5 7th Gen / 32GB RAM / 1024GB HDD USED LAPTOP,HP,ELITEBOOK,RYZEN 5,7,Used,32.0,1024.0,HDD,171900.0
HP PAVILION - INTEL CORE I5 13th Gen / 16GB RAM / 256GB SSD USED LAPTOP,HP,PAVILION,I5,13,Used,16.0,256.0,SSD,174500.0
ASUS VIVOBOOK - AMD RYZEN 3 5th Gen / 16GB RAM / 1024GB SSD USED LAPTOP,ASUS,VIVOBOOK,RYZEN 3,5,Used,16.0,1024.0,SSD,109000.0
HP ELITEBOOK - AMD RYZEN 3 5th Gen / 8GB RAM / 1024GB SSD NEW LAPTOP,HP,ELITEBOOK,RYZEN 3,5,New,8.0,1024.0,SSD,122500.0
APPLE MACBOOK PRO - APPLE M2  / 16GB RAM / 256GB SSD NEW LAPTOP,APPLE,MACBOOK PRO,M2,0,New,16.0,256.0,SSD,292300.0
ASUS VIVOBOOK - INTEL CORE I3 9th Gen / 16GB RAM / 512GB SSD USED LAPTOP,ASUS,VIVOBOOK,I3,9,Used,16.0,512.0,SSD,119400.0
APPLE MACBOOK AIR - APPLE M3  / 8GB RAM / 1024GB SSD USED LAPTOP,APPLE,MACBOOK AIR,M3,0,Used,8.0,1024.0,SSD,282400.0
DELL INSPIRON - AMD RYZEN 7 8th Gen / 16GB RAM / 256GB SSD USED LAPTOP,DELL,INSPIRON,RYZEN 7,8,Used,16.0,256.0,SSD,154800.0
APPLE MACBOOK PRO - APPLE M3  / 16GB RAM / 1024GB SSD USED LAPTOP,APPLE,MACBOOK PRO,M3,0,Used,16.0,1024.0,SSD,286300.0
HP ELITEBOOK - AMD RYZEN 5 7th Gen / 8GB RAM / 1024GB SSD USED LAPTOP,HP,ELITEBOOK,RYZEN 5,7,Used,8.0,1024.0,SSD,134200.0
DELL XPS - AMD RYZEN 5 7th Gen / 32GB RAM / 512GB SSD USED LAPTOP,DELL,XPS,RYZEN 5,7,Used,32.0,512.0,SSD,165900.0
ASUS ZENBOOK - INTEL CORE I7 13th Gen / 32GB RAM / 1024GB SSD USED LAPTOP,ASUS,ZENBOOK,I7,13,Used,32.0,1024.0,SSD,249900.0
ACER ASPIRE - AMD RYZEN 7 8th Gen / 8GB RAM / 256GB SSD USED LAPTOP,ACER,ASPIRE,RYZEN 7,8,Used,8.0,256.0,SSD,120500.0
APPLE MACBOOK PRO - APPLE M2  / 8GB RAM / 1024GB HDD USED LAPTOP,APPLE,MACBOOK PRO,M2,0,Used,8.0,1024.0,HDD,238200.0
ASUS ZENBOOK - INTEL CORE I3 6th Gen / 16GB RAM / 1024GB SSD USED LAPTOP,ASUS,ZENBOOK,I3,6,Used,16.0,1024.0,SSD,117800.0
ASUS ZENBOOK - AMD RYZEN 5 7th Gen / 32GB RAM / 256GB SSD USED LAPTOP,ASUS,ZENBOOK,RYZEN 5,7,Used,32.0,256.0,SSD,144500.0
ACER ASPIRE - INTEL CORE I5 12th Gen / 16GB RAM / 512GB SSD USED LAPTOP,ACER,ASPIRE,I5,12,Used,16.0,512.0,SSD,167900.0
ACER ASPIRE - AMD RYZEN 5 7th Gen / 32GB RAM / 256GB SSD USED LAPTOP,ACER,ASPIRE,RYZEN 5,7,Used,32.0,256.0,SSD,141200.0
HP PAVILION - AMD RYZEN 5 7th Gen / 16GB RAM / 256GB SSD USED LAPTOP,HP,PAVILION,RYZEN 5,7,Used,16.0,256.0,SSD,104000.0
HP PAVILION - AMD RYZEN 7 8th Gen / 16GB RAM / 1024GB SSD USED LAPTOP,HP,PAVILION,RYZEN 7,8,Used,16.0,1024.0,SSD,184400.0
ACER ASPIRE - INTEL CORE I7 9th Gen / 16GB RAM / 256GB SSD USED LAPTOP,ACER,ASPIRE,I7,9,Used,16.0,256.0,SSD,141900.0
ASUS TUF - AMD RYZEN 5 7th Gen / 32GB RAM / 512GB SSD USED LAPTOP,ASUS,TUF,RYZEN 5,7,Used,32.0,512.0,SSD,171800.0
APPLE MACBOOK PRO - INTEL CORE I7 10th Gen / 8GB RAM / 1024GB HDD USED LAPTOP,APPLE,MACBOOK PRO,I7,10,Used,8.0,1024.0,HDD,185000.0
APPLE MACBOOK PRO - APPLE M3  / 8GB RAM / 256GB SSD USED LAPTOP,APPLE,MACBOOK PRO,M3,0,Used,8.0,256.0,SSD,239800.0
APPLE MACBOOK AIR - APPLE M2  / 8GB RAM / 256GB SSD USED LAPTOP,APPLE,MACBOOK AIR,M2,0,Used,8.0,256.0,SSD,194000.0
ASUS VIVOBOOK - INTEL CORE I3 8th Gen / 8GB RAM / 512GB SSD USED LAPTOP,ASUS,VIVOBOOK,I3,8,Used,8.0,512.0,SSD,106900.0
ACER NITRO - INTEL CORE I9 9th Gen / 32GB RAM / 512GB SSD USED LAPTOP,ACER,NITRO,I9,9,Used,32.0,512.0,SSD,237500.0
APPLE MACBOOK AIR - INTEL CORE I5 10th Gen / 8GB RAM / 256GB SSD USED LAPTOP,APPLE,MACBOOK AIR,I5,10,Used,8.0,256.0,SSD,133700.0
HP SPECTRE - INTEL CORE I3 6th Gen / 32GB RAM / 1024GB SSD USED LAPTOP,HP,SPECTRE,I3,6,Used,32.0,1024.0,SSD,146300.0
ACER NITRO - INTEL CORE I3 10th Gen / 32GB RAM / 512GB SSD USED LAPTOP,ACER,NITRO,I3,10,Used,32.0,512.0,SSD,152500.0
DELL XPS - INTEL CORE I9 13th Gen / 8GB RAM / 1024GB HDD USED LAPTOP,DELL,XPS,I9,13,Used,8.0,1024.0,HDD,246100.0
HP SPECTRE - INTEL CORE I9 9th Gen / 16GB RAM / 1024GB HDD USED LAPTOP,HP,SPECTRE,I9,9,Used,16.0,1024.0,HDD,242800.0
ASUS TUF - INTEL CORE I3 9th Gen / 16GB RAM / 256GB SSD USED LAPTOP,ASUS,TUF,I3,9,Used,16.0,256.0,SSD,118900.0
ASUS TUF - AMD RYZEN 5 7th Gen / 16GB RAM / 1024GB SSD NEW LAPTOP,ASUS,TUF,RYZEN 5,7,New,16.0,1024.0,SSD,205900.0
DELL INSPIRON - AMD RYZEN 3 5th Gen / 16GB RAM / 1024GB SSD USED LAPTOP,DELL,INSPIRON,RYZEN 3,5,Used,16.0,1024.0,SSD,116000.0
ASUS ZENBOOK - AMD RYZEN 5 7th Gen / 32GB RAM / 1024GB HDD USED LAPTOP,ASUS,ZENBOOK,RYZEN 5,7,Used,32.0,1024.0,HDD,177000.0
HP ENVY - AMD RYZEN 3 5th Gen / 32GB RAM / 512GB SSD USED LAPTOP,HP,ENVY,RYZEN 3,5,Used,32.0,512.0,SSD,124700.0
ASUS ZENBOOK - INTEL CORE I3 13th Gen / 8GB RAM / 512GB SSD USED LAPTOP,ASUS,ZENBOOK,I3,13,Used,8.0,512.0,SSD,137400.0
HP SPECTRE - AMD RYZEN 5 7th Gen / 32GB RAM / 512GB SSD USED LAPTOP,HP,SPECTRE,RYZEN 5,7,Used,32.0,512.0,SSD,167200.0
APPLE MACBOOK PRO - APPLE M1  / 8GB RAM / 1024GB SSD NEW LAPTOP,APPLE,MACBOOK PRO,M1,0,New,8.0,1024.0,SSD,261900.0
ACER SWIFT - AMD RYZEN 5 7th Gen / 16GB RAM / 512GB SSD USED LAPTOP,ACER,SWIFT,RYZEN 5,7,Used,16.0,512.0,SSD,109500.0
DELL XPS - INTEL CORE I7 13th Gen / 32GB RAM / 1024GB HDD USED LAPTOP,DELL,XPS,I7,13,Used,32.0,1024.0,HDD,269500.0
APPLE MACBOOK PRO - APPLE M2  / 16GB RAM / 512GB SSD USED LAPTOP,APPLE,MACBOOK PRO,M2,0,Used,16.0,512.0,SSD,235500.0
APPLE MACBOOK PRO - APPLE M1  / 32GB RAM / 1024GB SSD USED LAPTOP,APPLE,MACBOOK PRO,M1,0,Used,32.0,1024.0,SSD,259700.0
DELL PRECISION - INTEL CORE I5 11th Gen / 8GB RAM / 256GB SSD USED LAPTOP,DELL,PRECISION,I5,11,Used,8.0,256.0,SSD,136800.0
ACER NITRO - INTEL CORE I5 10th Gen / 32GB RAM / 512GB SSD NEW LAPTOP,ACER,NITRO,I5,10,New,32.0,512.0,SSD,272000.0
ASUS TUF - INTEL CORE I3 10th Gen / 16GB RAM / 256GB SSD USED LAPTOP,ASUS,TUF,I3,10,Used,16.0,256.0,SSD,118200.0
ASUS TUF - INTEL CORE I5 12th Gen / 16GB RAM / 256GB SSD USED LAPTOP,ASUS,TUF,I5,12,Used,16.0,256.0,SSD,157100.0
APPLE MACBOOK AIR - INTEL CORE I7 7th Gen / 32GB RAM / 512GB SSD USED LAPTOP,APPLE,MACBOOK AIR,I7,7,Used,32.0,512.0,SSD,203400.0
APPLE MACBOOK AIR - INTEL CORE I5 8th Gen / 16GB RAM / 512GB SSD USED LAPTOP,APPLE,MACBOOK AIR,I5,8,Used,16.0,512.0,SSD,162000.0
HP PROBOOK - INTEL CORE I5 11th Gen / 8GB RAM / 256GB SSD USED LAPTOP,HP,PROBOOK,I5,11,Used,8.0,256.0,SSD,127900.0
ACER ASPIRE - INTEL CORE I5 12th Gen / 16GB RAM / 256GB SSD USED LAPTOP,ACER,ASPIRE,I5,12,Used,16.0,256.0,SSD,139400.0
ACER SWIFT - AMD RYZEN 7 8th Gen / 16GB RAM / 256GB SSD NEW LAPTOP,ACER,SWIFT,RYZEN 7,8,New,16.0,256.0,SSD,192700.0
APPLE MACBOOK PRO - APPLE M3  / 32GB RAM / 512GB SSD USED LAPTOP,APPLE,MACBOOK PRO,M3,0,Used,32.0,512.0,SSD,291400.0
HP ENVY - INTEL CORE I7 12th Gen / 32GB RAM / 256GB SSD USED LAPTOP,HP,ENVY,I7,12,Used,32.0,256.0,SSD,221300.0
ASUS TUF - AMD RYZEN 5 7th Gen / 32GB RAM / 512GB SSD USED LAPTOP,ASUS,TUF,RYZEN 5,7,Used,32.0,512.0,SSD,148600.0
APPLE MACBOOK AIR - APPLE M2  / 8GB RAM / 1024GB SSD USED LAPTOP,APPLE,MACBOOK AIR,M2,0,Used,8.0,1024.0,SSD,230600.0
HP ELITEBOOK - INTEL CORE I3 11th Gen / 32GB RAM / 256GB SSD USED LAPTOP,HP,ELITEBOOK,I3,11,Used,32.0,256.0,SSD,156100.0
ASUS TUF - INTEL CORE I9 13th Gen / 8GB RAM / 256GB SSD USED LAPTOP,ASUS,TUF,I9,13,Used,8.0,256.0,SSD,221300.0
APPLE MACBOOK PRO - INTEL CORE I5 11th Gen / 16GB RAM / 512GB SSD USED LAPTOP,APPLE,MACBOOK PRO,I5,11,Used,16.0,512.0,SSD,176100.0
DELL INSPIRON - INTEL CORE I5 13th Gen / 32GB RAM / 1024GB SSD NEW LAPTOP,DELL,INSPIRON,I5,13,New,32.0,1024.0,SSD,311600.0
ACER ASPIRE - INTEL CORE I3 6th Gen / 16GB RAM / 1024GB HDD USED LAPTOP,ACER,ASPIRE,I3,6,Used,16.0,1024.0,HDD,106400.0
ACER SWIFT - INTEL CORE I5 9th Gen / 8GB RAM / 512GB SSD NEW LAPTOP,ACER,SWIFT,I5,9,New,8.0,512.0,SSD,162600.0
HP ELITEBOOK - INTEL CORE I3 11th Gen / 8GB RAM / 512GB SSD USED LAPTOP,HP,ELITEBOOK,I3,11,Used,8.0,512.0,SSD,129600.0
ASUS VIVOBOOK - INTEL CORE I7 8th Gen / 16GB RAM / 512GB SSD NEW LAPTOP,ASUS,VIVOBOOK,I7,8,New,16.0,512.0,SSD,225400.0
APPLE MACBOOK PRO - INTEL CORE I7 11th Gen / 8GB RAM / 1024GB SSD USED LAPTOP,APPLE,MACBOOK PRO,I7,11,Used,8.0,1024.0,SSD,198400.0
DELL LATITUDE - AMD RYZEN 7 8th Gen / 16GB RAM / 256GB SSD USED LAPTOP,DELL,LATITUDE,RYZEN 7,8,Used,16.0,256.0,SSD,157200.0
ACER SWIFT - INTEL CORE I5 13th Gen / 16GB RAM / 512GB SSD USED LAPTOP,ACER,SWIFT,I5,13,Used,16.0,512.0,SSD,167300.0
HP SPECTRE - AMD RYZEN 3 5th Gen / 32GB RAM / 1024GB SSD USED LAPTOP,HP,SPECTRE,RYZEN 3,5,Used,32.0,1024.0,SSD,148300.0
DELL XPS - INTEL CORE I3 8th Gen / 32GB RAM / 256GB SSD USED LAPTOP,DELL,XPS,I3,8,Used,32.0,256.0,SSD,132000.0
ACER ASPIRE - INTEL CORE I9 12th Gen / 8GB RAM / 512GB SSD USED LAPTOP,ACER,ASPIRE,I9,12,Used,8.0,512.0,SSD,225200.0
DELL XPS - INTEL CORE I7 10th Gen / 16GB RAM / 1024GB SSD USED LAPTOP,DELL,XPS,I7,10,Used,16.0,1024.0,SSD,200700.0
ACER NITRO - INTEL CORE I3 11th Gen / 16GB RAM / 1024GB SSD USED LAPTOP,ACER,NITRO,I3,11,Used,16.0,1024.0,SSD,159900.0
ACER NITRO - AMD RYZEN 7 8th Gen / 32GB RAM / 512GB SSD USED LAPTOP,ACER,NITRO,RYZEN 7,8,Used,32.0,512.0,SSD,178000.0
ASUS ROG - INTEL CORE I7 10th Gen / 8GB RAM / 512GB SSD USED LAPTOP,ASUS,ROG,I7,10,Used,8.0,512.0,SSD,152400.0
APPLE MACBOOK AIR - INTEL CORE I7 6th Gen / 16GB RAM / 256GB SSD USED LAPTOP,APPLE,MACBOOK AIR,I7,6,Used,16.0,256.0,SSD,142400.0
DELL LATITUDE - INTEL CORE I9 7th Gen / 16GB RAM / 256GB SSD NEW LAPTOP,DELL,LATITUDE,I9,7,New,16.0,256.0,SSD,282000.0
ASUS VIVOBOOK - AMD RYZEN 7 8th Gen / 32GB RAM / 512GB SSD USED LAPTOP,ASUS,VIVOBOOK,RYZEN 7,8,Used,32.0,512.0,SSD,208800.0
HP PROBOOK - AMD RYZEN 5 7th Gen / 8GB RAM / 1024GB HDD NEW LAPTOP,HP,PROBOOK,RYZEN 5,7,New,8.0,1024.0,HDD,157600.0
ACER NITRO - AMD RYZEN 5 7th Gen / 8GB RAM / 1024GB HDD USED LAPTOP,ACER,NITRO,RYZEN 5,7,Used,8.0,1024.0,HDD,116000.0
ASUS ZENBOOK - INTEL CORE I9 11th Gen / 32GB RAM / 1024GB HDD USED LAPTOP,ASUS,ZENBOOK,I9,11,Used,32.0,1024.0,HDD,288000.0
ACER ASPIRE - INTEL CORE I3 13th Gen / 32GB RAM / 256GB SSD USED LAPTOP,ACER,ASPIRE,I3,13,Used,32.0,256.0,SSD,189400.0
APPLE MACBOOK PRO - APPLE M1  / 32GB RAM / 256GB SSD NEW LAPTOP,APPLE,MACBOOK PRO,M1,0,New,32.0,256.0,SSD,315700.0
DELL LATITUDE - AMD RYZEN 5 7th Gen / 8GB RAM / 512GB SSD USED LAPTOP,DELL,LATITUDE,RYZEN 5,7,Used,8.0,512.0,SSD,101300.0
ASUS ZENBOOK - AMD RYZEN 5 7th Gen / 16GB RAM / 512GB SSD NEW LAPTOP,ASUS,ZENBOOK,RYZEN 5,7,New,16.0,512.0,SSD,177400.0
HP PAVILION - INTEL CORE I9 10th Gen / 16GB RAM / 1024GB SSD USED LAPTOP,HP,PAVILION,I9,10,Used,16.0,1024.0,SSD,268700.0
APPLE MACBOOK AIR - INTEL CORE I7 9th Gen / 32GB RAM / 512GB SSD USED LAPTOP,APPLE,MACBOOK AIR,I7,9,Used,32.0,512.0,SSD,224900.0
HP SPECTRE - AMD RYZEN 5 7th Gen / 16GB RAM / 256GB SSD USED LAPTOP,HP,SPECTRE,RYZEN 5,7,Used,16.0,256.0,SSD,112800.0
HP SPECTRE - AMD RYZEN 3 5th Gen / 32GB RAM / 512GB SSD USED LAPTOP,HP,SPECTRE,RYZEN 3,5,Used,32.0,512.0,SSD,119300.0
DELL INSPIRON - AMD RYZEN 7 8th Gen / 32GB RAM / 256GB SSD USED LAPTOP,DELL,INSPIRON,RYZEN 7,8,Used,32.0,256.0,SSD,183400.0
APPLE MACBOOK PRO - INTEL CORE I5 6th Gen / 16GB RAM / 256GB SSD USED LAPTOP,APPLE,MACBOOK PRO,I5,6,Used,16.0,256.0,SSD,118600.0
DELL XPS - INTEL CORE I9 7th Gen / 8GB RAM / 1024GB SSD USED LAPTOP,DELL,XPS,I9,7,Used,8.0,1024.0,SSD,223500.0
DELL VOSTRO - INTEL CORE I9 11th Gen / 32GB RAM / 1024GB SSD USED LAPTOP,DELL,VOSTRO,I9,11,Used,32.0,1024.0,SSD,326000.0
ACER NITRO - INTEL CORE I5 12th Gen / 32GB RAM / 512GB SSD USED LAPTOP,ACER,NITRO,I5,12,Used,32.0,512.0,SSD,193200.0
HP ENVY - INTEL CORE I3 11th Gen / 32GB RAM / 512GB SSD NEW LAPTOP,HP,ENVY,I3,11,New,32.0,512.0,SSD,259300.0
ASUS ZENBOOK - INTEL CORE I3 11th Gen / 16GB RAM / 1024GB SSD NEW LAPTOP,ASUS,ZENBOOK,I3,11,New,16.0,1024.0,SSD,244300.0
ASUS VIVOBOOK - AMD RYZEN 5 7th Gen / 8GB RAM / 1024GB HDD USED LAPTOP,ASUS,VIVOBOOK,RYZEN 5,7,Used,8.0,1024.0,HDD,122700.0
ASUS VIVOBOOK - INTEL CORE I7 9th Gen / 8GB RAM / 512GB SSD USED LAPTOP,ASUS,VIVOBOOK,I7,9,Used,8.0,512.0,SSD,156300.0
APPLE MACBOOK PRO - APPLE M3  / 8GB RAM / 256GB SSD NEW LAPTOP,APPLE,MACBOOK PRO,M3,0,New,8.0,256.0,SSD,322800.0
APPLE MACBOOK PRO - INTEL CORE I5 13th Gen / 8GB RAM / 512GB SSD USED LAPTOP,APPLE,MACBOOK PRO,I5,13,Used,8.0,512.0,SSD,167900.0
ASUS TUF - INTEL CORE I5 12th Gen / 16GB RAM / 256GB SSD USED LAPTOP,ASUS,TUF,I5,12,Used,16.0,256.0,SSD,165000.0
APPLE MACBOOK PRO - APPLE M1  / 32GB RAM / 512GB SSD USED LAPTOP,APPLE,MACBOOK PRO,M1,0,Used,32.0,512.0,SSD,225600.0
HP SPECTRE - INTEL CORE I3 6th Gen / 16GB RAM / 1024GB SSD USED LAPTOP,HP,SPECTRE,I3,6,Used,16.0,1024.0,SSD,121800.0
APPLE MACBOOK AIR - APPLE M1  / 32GB RAM / 512GB SSD NEW LAPTOP,APPLE,MACBOOK AIR,M1,0,New,32.0,512.0,SSD,334900.0
ASUS ZENBOOK - AMD RYZEN 7 8th Gen / 16GB RAM / 256GB SSD USED LAPTOP,ASUS,ZENBOOK,RYZEN 7,8,Used,16.0,256.0,SSD,146100.0
ASUS ROG - AMD RYZEN 7 8th Gen / 8GB RAM / 1024GB HDD NEW LAPTOP,ASUS,ROG,RYZEN 7,8,New,8.0,1024.0,HDD,208800.0
ACER NITRO - AMD RYZEN 3 5th Gen / 32GB RAM / 1024GB SSD USED LAPTOP,ACER,NITRO,RYZEN 3,5,Used,32.0,1024.0,SSD,144300.0
APPLE MACBOOK PRO - APPLE M3  / 32GB RAM / 256GB SSD USED LAPTOP,APPLE,MACBOOK PRO,M3,0,Used,32.0,256.0,SSD,301400.0
ACER ASPIRE - INTEL CORE I3 6th Gen / 8GB RAM / 1024GB HDD NEW LAPTOP,ACER,ASPIRE,I3,6,New,8.0,1024.0,HDD,118300.0
ASUS ZENBOOK - AMD RYZEN 5 7th Gen / 8GB RAM / 512GB SSD USED LAPTOP,ASUS,ZENBOOK,RYZEN 5,7,Used,8.0,512.0,SSD,108600.0
HP ENVY - AMD RYZEN 7 8th Gen / 32GB RAM / 256GB SSD USED LAPTOP,HP,ENVY,RYZEN 7,8,Used,32.0,256.0,SSD,178000.0
ASUS ZENBOOK - AMD RYZEN 7 8th Gen / 8GB RAM / 256GB SSD USED LAPTOP,ASUS,ZENBOOK,RYZEN 7,8,Used,8.0,256.0,SSD,121100.0
ASUS ZENBOOK - INTEL CORE I9 8th Gen / 16GB RAM / 1024GB SSD USED LAPTOP,ASUS,ZENBOOK,I9,8,Used,16.0,1024.0,SSD,236200.0
DELL PRECISION - AMD RYZEN 7 8th Gen / 32GB RAM / 512GB SSD USED LAPTOP,DELL,PRECISION,RYZEN 7,8,Used,32.0,512.0,SSD,200500.0
ASUS TUF - INTEL CORE I5 7th Gen / 8GB RAM / 1024GB SSD USED LAPTOP,ASUS,TUF,I5,7,Used,8.0,1024.0,SSD,129700.0
APPLE MACBOOK AIR - INTEL CORE I7 11th Gen / 32GB RAM / 512GB SSD USED LAPTOP,APPLE,MACBOOK AIR,I7,11,Used,32.0,512.0,SSD,239100.0
APPLE MACBOOK AIR - INTEL CORE I5 6th Gen / 32GB RAM / 256GB SSD USED LAPTOP,APPLE,MACBOOK AIR,I5,6,Used,32.0,256.0,SSD,146600.0
ACER SWIFT - INTEL CORE I9 11th Gen / 32GB RAM / 512GB SSD USED LAPTOP,ACER,SWIFT,I9,11,Used,32.0,512.0,SSD,252400.0
APPLE MACBOOK AIR - INTEL CORE I5 9th Gen / 16GB RAM / 1024GB SSD USED LAPTOP,APPLE,MACBOOK AIR,I5,9,Used,16.0,1024.0,SSD,172200.0
HP PAVILION - AMD RYZEN 7 8th Gen / 8GB RAM / 512GB SSD USED LAPTOP,HP,PAVILION,RYZEN 7,8,Used,8.0,512.0,SSD,125800.0
DELL XPS - INTEL CORE I7 6th Gen / 8GB RAM / 256GB SSD USED LAPTOP,DELL,XPS,I7,6,Used,8.0,256.0,SSD,108200.0
DELL INSPIRON - INTEL CORE I7 11th Gen / 32GB RAM / 1024GB SSD USED LAPTOP,DELL,INSPIRON,I7,11,Used,32.0,1024.0,SSD,249900.0
APPLE MACBOOK AIR - INTEL CORE I7 12th Gen / 32GB RAM / 256GB SSD USED LAPTOP,APPLE,MACBOOK AIR,I7,12,Used,32.0,256.0,SSD,229200.0
ASUS ZENBOOK - INTEL CORE I7 7th Gen / 16GB RAM / 256GB SSD USED LAPTOP,ASUS,ZENBOOK,I7,7,Used,16.0,256.0,SSD,138500.0
APPLE MACBOOK PRO - APPLE M1  / 16GB RAM / 512GB SSD NEW LAPTOP,APPLE,MACBOOK PRO,M1,0,New,16.0,512.0,SSD,251400.0
ASUS ZENBOOK - AMD RYZEN 7 8th Gen / 8GB RAM / 512GB SSD USED LAPTOP,ASUS,ZENBOOK,RYZEN 7,8,Used,8.0,512.0,SSD,131900.0
ASUS VIVOBOOK - AMD RYZEN 7 8th Gen / 8GB RAM / 512GB SSD USED LAPTOP,ASUS,VIVOBOOK,RYZEN 7,8,Used,8.0,512.0,SSD,147500.0
ASUS VIVOBOOK - INTEL CORE I7 7th Gen / 8GB RAM / 256GB SSD USED LAPTOP,ASUS,VIVOBOOK,I7,7,Used,8.0,256.0,SSD,113100.0
DELL VOSTRO - INTEL CORE I5 11th Gen / 8GB RAM / 512GB SSD USED LAPTOP,DELL,VOSTRO,I5,11,Used,8.0,512.0,SSD,136300.0
DELL VOSTRO - INTEL CORE I3 11th Gen / 8GB RAM / 1024GB HDD USED LAPTOP,DELL,VOSTRO,I3,11,Used,8.0,1024.0,HDD,128300.0
ASUS ZENBOOK - INTEL CORE I9 10th Gen / 32GB RAM / 256GB SSD USED LAPTOP,ASUS,ZENBOOK,I9,10,Used,32.0,256.0,SSD,274900.0
HP PROBOOK - INTEL CORE I7 10th Gen / 16GB RAM / 512GB SSD USED LAPTOP,HP,PROBOOK,I7,10,Used,16.0,512.0,SSD,173000.0
HP SPECTRE - INTEL CORE I3 11th Gen / 8GB RAM / 1024GB SSD USED LAPTOP,HP,SPECTRE,I3,11,Used,8.0,1024.0,SSD,144800.0
ACER SWIFT - INTEL CORE I5 7th Gen / 16GB RAM / 512GB SSD USED LAPTOP,ACER,SWIFT,I5,7,Used,16.0,512.0,SSD,120400.0
HP VICTUS - INTEL CORE I9 12th Gen / 16GB RAM / 1024GB HDD USED LAPTOP,HP,VICTUS,I9,12,Used,16.0,1024.0,HDD,249300.0
APPLE MACBOOK AIR - INTEL CORE I5 12th Gen / 32GB RAM / 512GB SSD USED LAPTOP,APPLE,MACBOOK AIR,I5,12,Used,32.0,512.0,SSD,207700.0
HP ELITEBOOK - INTEL CORE I9 10th Gen / 16GB RAM / 1024GB HDD USED LAPTOP,HP,ELITEBOOK,I9,10,Used,16.0,1024.0,HDD,252300.0
ACER ASPIRE - INTEL CORE I5 7th Gen / 32GB RAM / 256GB SSD USED LAPTOP,ACER,ASPIRE,I5,7,Used,32.0,256.0,SSD,134100.0
HP PROBOOK - INTEL CORE I7 13th Gen / 8GB RAM / 512GB SSD USED LAPTOP,HP,PROBOOK,I7,13,Used,8.0,512.0,SSD,192800.0
ASUS ROG - AMD RYZEN 3 5th Gen / 32GB RAM / 1024GB HDD USED LAPTOP,ASUS,ROG,RYZEN 3,5,Used,32.0,1024.0,HDD,145400.0
ACER SWIFT - INTEL CORE I9 12th Gen / 8GB RAM / 512GB SSD USED LAPTOP,ACER,SWIFT,I9,12,Used,8.0,512.0,SSD,236700.0
HP ELITEBOOK - INTEL CORE I3 9th Gen / 16GB RAM / 256GB SSD USED LAPTOP,HP,ELITEBOOK,I3,9,Used,16.0,256.0,SSD,104400.0
HP SPECTRE - AMD RYZEN 3 5th Gen / 32GB RAM / 256GB SSD USED LAPTOP,HP,SPECTRE,RYZEN 3,5,Used,32.0,256.0,SSD,119200.0
ACER ASPIRE - INTEL CORE I5 13th Gen / 32GB RAM / 1024GB HDD NEW LAPTOP,ACER,ASPIRE,I5,13,New,32.0,1024.0,HDD,313500.0
HP VICTUS - AMD RYZEN 3 5th Gen / 32GB RAM / 512GB SSD USED LAPTOP,HP,VICTUS,RYZEN 3,5,Used,32.0,512.0,SSD,119400.0
HP VICTUS - INTEL CORE I5 13th Gen / 16GB RAM / 512GB SSD USED LAPTOP,HP,VICTUS,I5,13,Used,16.0,512.0,SSD,166000.0
HP ENVY - AMD RYZEN 7 8th Gen / 8GB RAM / 256GB SSD USED LAPTOP,HP,ENVY,RYZEN 7,8,Used,8.0,256.0,SSD,119100.0
HP SPECTRE - AMD RYZEN 5 7th Gen / 8GB RAM / 1024GB SSD USED LAPTOP,HP,SPECTRE,RYZEN 5,7,Used,8.0,1024.0,SSD,117000.0
HP PROBOOK - AMD RYZEN 5 7th Gen / 16GB RAM / 1024GB SSD USED LAPTOP,HP,PROBOOK,RYZEN 5,7,Used,16.0,1024.0,SSD,139500.0
APPLE MACBOOK AIR - APPLE M3  / 8GB RAM / 1024GB SSD USED LAPTOP,APPLE,MACBOOK AIR,M3,0,Used,8.0,1024.0,SSD,286200.0
ACER ASPIRE - INTEL CORE I3 11th Gen / 16GB RAM / 1024GB HDD USED LAPTOP,ACER,ASPIRE,I3,11,Used,16.0,1024.0,HDD,139900.0
HP SPECTRE - AMD RYZEN 5 7th Gen / 8GB RAM / 1024GB SSD USED LAPTOP,HP,SPECTRE,RYZEN 5,7,Used,8.0,1024.0,SSD,120300.0
DELL PRECISION - INTEL CORE I3 9th Gen / 16GB RAM / 256GB SSD USED LAPTOP,DELL,PRECISION,I3,9,Used,16.0,256.0,SSD,116700.0
APPLE MACBOOK PRO - INTEL CORE I5 11th Gen / 8GB RAM / 1024GB SSD NEW LAPTOP,APPLE,MACBOOK PRO,I5,11,New,8.0,1024.0,SSD,273400.0
ACER ASPIRE - INTEL CORE I3 13th Gen / 32GB RAM / 512GB SSD USED LAPTOP,ACER,ASPIRE,I3,13,Used,32.0,512.0,SSD,177800.0
ASUS TUF - AMD RYZEN 7 8th Gen / 8GB RAM / 1024GB HDD USED LAPTOP,ASUS,TUF,RYZEN 7,8,Used,8.0,1024.0,HDD,140500.0
ASUS ZENBOOK - INTEL CORE I7 9th Gen / 32GB RAM / 512GB SSD USED LAPTOP,ASUS,ZENBOOK,I7,9,Used,32.0,512.0,SSD,218400.0
DELL LATITUDE - AMD RYZEN 3 5th Gen / 16GB RAM / 256GB SSD USED LAPTOP,DELL,LATITUDE,RYZEN 3,5,Used,16.0,256.0,SSD,79500.0
ACER SWIFT - AMD RYZEN 5 7th Gen / 8GB RAM / 1024GB SSD USED LAPTOP,ACER,SWIFT,RYZEN 5,7,Used,8.0,1024.0,SSD,117700.0
APPLE MACBOOK PRO - INTEL CORE I5 8th Gen / 16GB RAM / 256GB SSD USED LAPTOP,APPLE,MACBOOK PRO,I5,8,Used,16.0,256.0,SSD,129100.0
ACER NITRO - INTEL CORE I3 8th Gen / 8GB RAM / 256GB SSD USED LAPTOP,ACER,NITRO,I3,8,Used,8.0,256.0,SSD,85900.0
HP ELITEBOOK - AMD RYZEN 7 8th Gen / 32GB RAM / 1024GB SSD USED LAPTOP,HP,ELITEBOOK,RYZEN 7,8,Used,32.0,1024.0,SSD,217000.0
APPLE MACBOOK AIR - APPLE M2  / 32GB RAM / 256GB SSD USED LAPTOP,APPLE,MACBOOK AIR,M2,0,Used,32.0,256.0,SSD,259200.0
APPLE MACBOOK AIR - APPLE M2  / 8GB RAM / 256GB SSD USED LAPTOP,APPLE,MACBOOK AIR,M2,0,Used,8.0,256.0,SSD,211700.0
ASUS ROG - AMD RYZEN 7 8th Gen / 16GB RAM / 1024GB SSD USED LAPTOP,ASUS,ROG,RYZEN 7,8,Used,16.0,1024.0,SSD,192300.0
DELL XPS - INTEL CORE I5 7th Gen / 32GB RAM / 1024GB SSD NEW LAPTOP,DELL,XPS,I5,7,New,32.0,1024.0,SSD,239500.0
DELL VOSTRO - AMD RYZEN 5 7th Gen / 8GB RAM / 256GB SSD USED LAPTOP,DELL,VOSTRO,RYZEN 5,7,Used,8.0,256.0,SSD,98600.0
APPLE MACBOOK AIR - INTEL CORE I7 12th Gen / 32GB RAM / 512GB SSD USED LAPTOP,APPLE,MACBOOK AIR,I7,12,Used,32.0,512.0,SSD,260700.0
ACER SWIFT - AMD RYZEN 7 8th Gen / 16GB RAM / 1024GB SSD NEW LAPTOP,ACER,SWIFT,RYZEN 7,8,New,16.0,1024.0,SSD,234400.0
ACER NITRO - INTEL CORE I5 9th Gen / 8GB RAM / 1024GB SSD USED LAPTOP,ACER,NITRO,I5,9,Used,8.0,1024.0,SSD,148000.0
APPLE MACBOOK AIR - APPLE M2  / 8GB RAM / 1024GB SSD USED LAPTOP,APPLE,MACBOOK AIR,M2,0,Used,8.0,1024.0,SSD,240000.0
ACER SWIFT - AMD RYZEN 3 5th Gen / 16GB RAM / 1024GB SSD USED LAPTOP,ACER,SWIFT,RYZEN 3,5,Used,16.0,1024.0,SSD,109700.0
ACER ASPIRE - INTEL CORE I3 10th Gen / 32GB RAM / 512GB SSD USED LAPTOP,ACER,ASPIRE,I3,10,Used,32.0,512.0,SSD,176800.0
ASUS ZENBOOK - INTEL CORE I3 10th Gen / 32GB RAM / 1024GB SSD USED LAPTOP,ASUS,ZENBOOK,I3,10,Used,32.0,1024.0,SSD,182400.0
DELL XPS - INTEL CORE I5 9th Gen / 32GB RAM / 256GB SSD USED LAPTOP,DELL,XPS,I5,9,Used,32.0,256.0,SSD,158200.0
ASUS VIVOBOOK - AMD RYZEN 3 5th Gen / 16GB RAM / 1024GB SSD USED LAPTOP,ASUS,VIVOBOOK,RYZEN 3,5,Used,16.0,1024.0,SSD,115400.0
HP SPECTRE - INTEL CORE I3 12th Gen / 32GB RAM / 256GB SSD NEW LAPTOP,HP,SPECTRE,I3,12,New,32.0,256.0,SSD,235000.0
ASUS TUF - INTEL CORE I7 7th Gen / 8GB RAM / 512GB SSD NEW LAPTOP,ASUS,TUF,I7,7,New,8.0,512.0,SSD,185700.0
HP PAVILION - INTEL CORE I7 8th Gen / 16GB RAM / 1024GB SSD USED LAPTOP,HP,PAVILION,I7,8,Used,16.0,1024.0,SSD,177300.0
ACER SWIFT - AMD RYZEN 3 5th Gen / 8GB RAM / 512GB SSD USED LAPTOP,ACER,SWIFT,RYZEN 3,5,Used,8.0,512.0,SSD,65200.0
HP PAVILION - INTEL CORE I9 10th Gen / 8GB RAM / 1024GB HDD USED LAPTOP,HP,PAVILION,I9,10,Used,8.0,1024.0,HDD,231500.0
ACER NITRO - INTEL CORE I5 13th Gen / 16GB RAM / 512GB SSD USED LAPTOP,ACER,NITRO,I5,13,Used,16.0,512.0,SSD,168100.0
ACER ASPIRE - INTEL CORE I3 11th Gen / 32GB RAM / 1024GB SSD USED LAPTOP,ACER,ASPIRE,I3,11,Used,32.0,1024.0,SSD,181600.0
DELL XPS - AMD RYZEN 5 7th Gen / 16GB RAM / 256GB SSD USED LAPTOP,DELL,XPS,RYZEN 5,7,Used,16.0,256.0,SSD,113900.0
APPLE MACBOOK PRO - APPLE M1  / 32GB RAM / 1024GB HDD USED LAPTOP,APPLE,MACBOOK PRO,M1,0,Used,32.0,1024.0,HDD,223700.0
HP PROBOOK - AMD RYZEN 3 5th Gen / 8GB RAM / 512GB SSD USED LAPTOP,HP,PROBOOK,RYZEN 3,5,Used,8.0,512.0,SSD,64800.0
DELL XPS - INTEL CORE I7 13th Gen / 8GB RAM / 512GB SSD USED LAPTOP,DELL,XPS,I7,13,Used,8.0,512.0,SSD,199800.0
ACER SWIFT - INTEL CORE I9 11th Gen / 16GB RAM / 512GB SSD USED LAPTOP,ACER,SWIFT,I9,11,Used,16.0,512.0,SSD,232700.0
ASUS ROG - AMD RYZEN 7 8th Gen / 16GB RAM / 512GB SSD NEW LAPTOP,ASUS,ROG,RYZEN 7,8,New,16.0,512.0,SSD,239100.0
ACER ASPIRE - INTEL CORE I7 6th Gen / 16GB RAM / 256GB SSD USED LAPTOP,ACER,ASPIRE,I7,6,Used,16.0,256.0,SSD,131500.0
ASUS VIVOBOOK - INTEL CORE I7 7th Gen / 32GB RAM / 256GB SSD USED LAPTOP,ASUS,VIVOBOOK,I7,7,Used,32.0,256.0,SSD,182000.0
DELL PRECISION - INTEL CORE I9 10th Gen / 8GB RAM / 256GB SSD USED LAPTOP,DELL,PRECISION,I9,10,Used,8.0,256.0,SSD,194400.0
HP SPECTRE - INTEL CORE I5 7th Gen / 8GB RAM / 256GB SSD USED LAPTOP,HP,SPECTRE,I5,7,Used,8.0,256.0,SSD,91200.0
ACER SWIFT - AMD RYZEN 3 5th Gen / 8GB RAM / 256GB SSD USED LAPTOP,ACER,SWIFT,RYZEN 3,5,Used,8.0,256.0,SSD,59000.0
APPLE MACBOOK AIR - APPLE M2  / 16GB RAM / 512GB SSD USED LAPTOP,APPLE,MACBOOK AIR,M2,0,Used,16.0,512.0,SSD,239900.0
HP PAVILION - INTEL CORE I9 13th Gen / 8GB RAM / 512GB SSD NEW LAPTOP,HP,PAVILION,I9,13,New,8.0,512.0,SSD,330000.0
HP ELITEBOOK - AMD RYZEN 7 8th Gen / 8GB RAM / 512GB SSD USED LAPTOP,HP,ELITEBOOK,RYZEN 7,8,Used,8.0,512.0,SSD,134600.0
HP SPECTRE - INTEL CORE I7 8th Gen / 8GB RAM / 256GB SSD USED LAPTOP,HP,SPECTRE,I7,8,Used,8.0,256.0,SSD,124700.0
DELL VOSTRO - AMD RYZEN 7 8th Gen / 16GB RAM / 1024GB SSD USED LAPTOP,DELL,VOSTRO,RYZEN 7,8,Used,16.0,1024.0,SSD,193400.0
ACER SWIFT - AMD RYZEN 3 5th Gen / 16GB RAM / 512GB SSD USED LAPTOP,ACER,SWIFT,RYZEN 3,5,Used,16.0,512.0,SSD,84100.0
APPLE MACBOOK PRO - APPLE M1  / 8GB RAM / 512GB SSD NEW LAPTOP,APPLE,MACBOOK PRO,M1,0,New,8.0,512.0,SSD,227700.0
ASUS ZENBOOK - AMD RYZEN 7 8th Gen / 8GB RAM / 512GB SSD USED LAPTOP,ASUS,ZENBOOK,RYZEN 7,8,Used,8.0,512.0,SSD,134600.0
HP SPECTRE - INTEL CORE I3 11th Gen / 16GB RAM / 256GB SSD NEW LAPTOP,HP,SPECTRE,I3,11,New,16.0,256.0,SSD,168700.0
DELL XPS - AMD RYZEN 5 7th Gen / 16GB RAM / 512GB SSD USED LAPTOP,DELL,XPS,RYZEN 5,7,Used,16.0,512.0,SSD,116900.0
ASUS VIVOBOOK - INTEL CORE I9 11th Gen / 8GB RAM / 512GB SSD NEW LAPTOP,ASUS,VIVOBOOK,I9,11,New,8.0,512.0,SSD,343000.0
ASUS ZENBOOK - INTEL CORE I7 7th Gen / 8GB RAM / 1024GB HDD USED LAPTOP,ASUS,ZENBOOK,I7,7,Used,8.0,1024.0,HDD,143200.0
HP PROBOOK - AMD RYZEN 5 7th Gen / 16GB RAM / 256GB SSD USED LAPTOP,HP,PROBOOK,RYZEN 5,7,Used,16.0,256.0,SSD,116700.0
ACER NITRO - AMD RYZEN 5 7th Gen / 8GB RAM / 1024GB SSD USED LAPTOP,ACER,NITRO,RYZEN 5,7,Used,8.0,1024.0,SSD,122300.0
APPLE MACBOOK PRO - INTEL CORE I5 12th Gen / 32GB RAM / 512GB SSD USED LAPTOP,APPLE,MACBOOK PRO,I5,12,Used,32.0,512.0,SSD,222900.0
APPLE MACBOOK PRO - APPLE M1  / 8GB RAM / 512GB SSD USED LAPTOP,APPLE,MACBOOK PRO,M1,0,Used,8.0,512.0,SSD,174500.0
HP ENVY - INTEL CORE I7 12th Gen / 32GB RAM / 512GB SSD USED LAPTOP,HP,ENVY,I7,12,Used,32.0,512.0,SSD,223300.0
ACER ASPIRE - INTEL CORE I3 7th Gen / 8GB RAM / 1024GB SSD USED LAPTOP,ACER,ASPIRE,I3,7,Used,8.0,1024.0,SSD,108000.0
ASUS ZENBOOK - INTEL CORE I9 9th Gen / 16GB RAM / 256GB SSD USED LAPTOP,ASUS,ZENBOOK,I9,9,Used,16.0,256.0,SSD,205400.0
ASUS ZENBOOK - INTEL CORE I3 13th Gen / 8GB RAM / 256GB SSD USED LAPTOP,ASUS,ZENBOOK,I3,13,Used,8.0,256.0,SSD,124900.0
ACER SWIFT - AMD RYZEN 3 5th Gen / 8GB RAM / 1024GB SSD USED LAPTOP,ACER,SWIFT,RYZEN 3,5,Used,8.0,1024.0,SSD,85500.0
DELL XPS - AMD RYZEN 5 7th Gen / 16GB RAM / 256GB SSD USED LAPTOP,DELL,XPS,RYZEN 5,7,Used,16.0,256.0,SSD,116200.0
ASUS ROG - INTEL CORE I7 13th Gen / 8GB RAM / 256GB SSD NEW LAPTOP,ASUS,ROG,I7,13,New,8.0,256.0,SSD,252400.0
APPLE MACBOOK PRO - INTEL CORE I5 11th Gen / 16GB RAM / 256GB SSD USED LAPTOP,APPLE,MACBOOK PRO,I5,11,Used,16.0,256.0,SSD,156800.0
ASUS VIVOBOOK - INTEL CORE I9 10th Gen / 16GB RAM / 512GB SSD USED LAPTOP,ASUS,VIVOBOOK,I9,10,Used,16.0,512.0,SSD,218800.0
APPLE MACBOOK PRO - APPLE M2  / 16GB RAM / 1024GB SSD NEW LAPTOP,APPLE,MACBOOK PRO,M2,0,New,16.0,1024.0,SSD,372600.0
ACER SWIFT - AMD RYZEN 5 7th Gen / 16GB RAM / 256GB SSD NEW LAPTOP,ACER,SWIFT,RYZEN 5,7,New,16.0,256.0,SSD,142300.0
ASUS ZENBOOK - AMD RYZEN 7 8th Gen / 32GB RAM / 256GB SSD USED LAPTOP,ASUS,ZENBOOK,RYZEN 7,8,Used,32.0,256.0,SSD,177500.0
DELL INSPIRON - INTEL CORE I7 11th Gen / 16GB RAM / 512GB SSD USED LAPTOP,DELL,INSPIRON,I7,11,Used,16.0,512.0,SSD,179300.0
APPLE MACBOOK AIR - INTEL CORE I5 8th Gen / 32GB RAM / 256GB SSD USED LAPTOP,APPLE,MACBOOK AIR,I5,8,Used,32.0,256.0,SSD,179700.0
DELL PRECISION - AMD RYZEN 3 5th Gen / 32GB RAM / 512GB SSD USED LAPTOP,DELL,PRECISION,RYZEN 3,5,Used,32.0,512.0,SSD,134800.0
HP PAVILION - AMD RYZEN 7 8th Gen / 16GB RAM / 256GB SSD USED LAPTOP,HP,PAVILION,RYZEN 7,8,Used,16.0,256.0,SSD,149700.0
ACER NITRO - INTEL CORE I3 7th Gen / 8GB RAM / 256GB SSD USED LAPTOP,ACER,NITRO,I3,7,Used,8.0,256.0,SSD,76100.0
ASUS VIVOBOOK - AMD RYZEN 7 8th Gen / 8GB RAM / 256GB SSD USED LAPTOP,ASUS,VIVOBOOK,RYZEN 7,8,Used,8.0,256.0,SSD,134800.0
ACER NITRO - INTEL CORE I3 10th Gen / 16GB RAM / 512GB SSD USED LAPTOP,ACER,NITRO,I3,10,Used,16.0,512.0,SSD,126800.0
ASUS VIVOBOOK - INTEL CORE I5 6th Gen / 16GB RAM / 1024GB SSD USED LAPTOP,ASUS,VIVOBOOK,I5,6,Used,16.0,1024.0,SSD,134800.0
APPLE MACBOOK PRO - INTEL CORE I7 13th Gen / 32GB RAM / 256GB SSD USED LAPTOP,APPLE,MACBOOK PRO,I7,13,Used,32.0,256.0,SSD,262400.0
HP ENVY - INTEL CORE I5 8th Gen / 8GB RAM / 1024GB SSD USED LAPTOP,HP,ENVY,I5,8,Used,8.0,1024.0,SSD,131000.0
ASUS TUF - AMD RYZEN 7 8th Gen / 8GB RAM / 512GB SSD USED LAPTOP,ASUS,TUF,RYZEN 7,8,Used,8.0,512.0,SSD,131600.0
ASUS TUF - INTEL CORE I9 7th Gen / 16GB RAM / 512GB SSD USED LAPTOP,ASUS,TUF,I9,7,Used,16.0,512.0,SSD,224700.0
APPLE MACBOOK AIR - APPLE M1  / 8GB RAM / 512GB SSD USED LAPTOP,APPLE,MACBOOK AIR,M1,0,Used,8.0,512.0,SSD,166200.0
APPLE MACBOOK AIR - INTEL CORE I7 11th Gen / 32GB RAM / 512GB SSD USED LAPTOP,APPLE,MACBOOK AIR,I7,11,Used,32.0,512.0,SSD,234800.0
ASUS TUF - AMD RYZEN 7 8th Gen / 32GB RAM / 512GB SSD USED LAPTOP,ASUS,TUF,RYZEN 7,8,Used,32.0,512.0,SSD,197100.0
APPLE MACBOOK AIR - INTEL CORE I5 12th Gen / 8GB RAM / 1024GB SSD USED LAPTOP,APPLE,MACBOOK AIR,I5,12,Used,8.0,1024.0,SSD,207200.0
ACER ASPIRE - INTEL CORE I3 13th Gen / 32GB RAM / 256GB SSD USED LAPTOP,ACER,ASPIRE,I3,13,Used,32.0,256.0,SSD,176600.0
ACER ASPIRE - INTEL CORE I7 12th Gen / 32GB RAM / 256GB SSD USED LAPTOP,ACER,ASPIRE,I7,12,Used,32.0,256.0,SSD,207800.0
APPLE MACBOOK PRO - INTEL CORE I7 6th Gen / 32GB RAM / 512GB SSD USED LAPTOP,APPLE,MACBOOK PRO,I7,6,Used,32.0,512.0,SSD,180600.0
HP ENVY - AMD RYZEN 3 5th Gen / 16GB RAM / 512GB SSD USED LAPTOP,HP,ENVY,RYZEN 3,5,Used,16.0,512.0,SSD,86900.0
ACER SWIFT - INTEL CORE I7 8th Gen / 16GB RAM / 256GB SSD USED LAPTOP,ACER,SWIFT,I7,8,Used,16.0,256.0,SSD,145400.0
HP PROBOOK - AMD RYZEN 5 7th Gen / 16GB RAM / 256GB SSD USED LAPTOP,HP,PROBOOK,RYZEN 5,7,Used,16.0,256.0,SSD,104300.0
ACER ASPIRE - INTEL CORE I3 6th Gen / 8GB RAM / 1024GB SSD USED LAPTOP,ACER,ASPIRE,I3,6,Used,8.0,1024.0,SSD,91700.0
DELL LATITUDE - INTEL CORE I9 12th Gen / 8GB RAM / 512GB SSD USED LAPTOP,DELL,LATITUDE,I9,12,Used,8.0,512.0,SSD,250300.0
ACER NITRO - INTEL CORE I9 6th Gen / 8GB RAM / 1024GB SSD USED LAPTOP,ACER,NITRO,I9,6,Used,8.0,1024.0,SSD,213900.0
DELL PRECISION - AMD RYZEN 5 7th Gen / 32GB RAM / 512GB SSD USED LAPTOP,DELL,PRECISION,RYZEN 5,7,Used,32.0,512.0,SSD,150400.0
DELL LATITUDE - INTEL CORE I5 7th Gen / 32GB RAM / 1024GB HDD NEW LAPTOP,DELL,LATITUDE,I5,7,New,32.0,1024.0,HDD,240400.0
APPLE MACBOOK PRO - APPLE M3  / 8GB RAM / 512GB SSD USED LAPTOP,APPLE,MACBOOK PRO,M3,0,Used,8.0,512.0,SSD,279000.0
DELL INSPIRON - AMD RYZEN 3 5th Gen / 8GB RAM / 256GB SSD NEW LAPTOP,DELL,INSPIRON,RYZEN 3,5,New,8.0,256.0,SSD,82000.0
HP VICTUS - AMD RYZEN 3 5th Gen / 16GB RAM / 256GB SSD USED LAPTOP,HP,VICTUS,RYZEN 3,5,Used,16.0,256.0,SSD,78300.0
ACER NITRO - INTEL CORE I5 9th Gen / 16GB RAM / 256GB SSD USED LAPTOP,ACER,NITRO,I5,9,Used,16.0,256.0,SSD,115800.0
ASUS ROG - AMD RYZEN 3 5th Gen / 8GB RAM / 1024GB SSD USED LAPTOP,ASUS,ROG,RYZEN 3,5,Used,8.0,1024.0,SSD,89900.0
ASUS ZENBOOK - AMD RYZEN 5 7th Gen / 32GB RAM / 1024GB SSD USED LAPTOP,ASUS,ZENBOOK,RYZEN 5,7,Used,32.0,1024.0,SSD,176900.0
ASUS ROG - AMD RYZEN 5 7th Gen / 8GB RAM / 1024GB HDD NEW LAPTOP,ASUS,ROG,RYZEN 5,7,New,8.0,1024.0,HDD,159000.0
ASUS TUF - AMD RYZEN 7 8th Gen / 32GB RAM / 512GB SSD USED LAPTOP,ASUS,TUF,RYZEN 7,8,Used,32.0,512.0,SSD,183300.0
ASUS TUF - INTEL CORE I5 6th Gen / 8GB RAM / 512GB SSD USED LAPTOP,ASUS,TUF,I5,6,Used,8.0,512.0,SSD,101600.0
APPLE MACBOOK PRO - APPLE M3  / 16GB RAM / 256GB SSD USED LAPTOP,APPLE,MACBOOK PRO,M3,0,Used,16.0,256.0,SSD,256100.0
ASUS ROG - INTEL CORE I7 9th Gen / 16GB RAM / 512GB SSD USED LAPTOP,ASUS,ROG,I7,9,Used,16.0,512.0,SSD,177600.0
ACER SWIFT - INTEL CORE I7 12th Gen / 16GB RAM / 256GB SSD USED LAPTOP,ACER,SWIFT,I7,12,Used,16.0,256.0,SSD,168700.0
DELL VOSTRO - AMD RYZEN 5 7th Gen / 16GB RAM / 1024GB SSD USED LAPTOP,DELL,VOSTRO,RYZEN 5,7,Used,16.0,1024.0,SSD,142500.0
APPLE MACBOOK PRO - APPLE M1  / 16GB RAM / 512GB SSD USED LAPTOP,APPLE,MACBOOK PRO,M1,0,Used,16.0,512.0,SSD,192700.0
ASUS ROG - INTEL CORE I7 8th Gen / 16GB RAM / 256GB SSD USED LAPTOP,ASUS,ROG,I7,8,Used,16.0,256.0,SSD,150200.0
APPLE MACBOOK AIR - INTEL CORE I5 6th Gen / 16GB RAM / 256GB SSD NEW LAPTOP,APPLE,MACBOOK AIR,I5,6,New,16.0,256.0,SSD,162200.0
APPLE MACBOOK AIR - APPLE M1  / 16GB RAM / 1024GB SSD NEW LAPTOP,APPLE,MACBOOK AIR,M1,0,New,16.0,1024.0,SSD,278500.0
DELL PRECISION - INTEL CORE I9 12th Gen / 16GB RAM / 512GB SSD USED LAPTOP,DELL,PRECISION,I9,12,Used,16.0,512.0,SSD,271300.0
ASUS TUF - INTEL CORE I7 7th Gen / 16GB RAM / 256GB SSD NEW LAPTOP,ASUS,TUF,I7,7,New,16.0,256.0,SSD,197600.0
DELL PRECISION - AMD RYZEN 3 5th Gen / 8GB RAM / 1024GB HDD USED LAPTOP,DELL,PRECISION,RYZEN 3,5,Used,8.0,1024.0,HDD,91400.0
HP PROBOOK - AMD RYZEN 5 7th Gen / 8GB RAM / 1024GB HDD USED LAPTOP,HP,PROBOOK,RYZEN 5,7,Used,8.0,1024.0,HDD,110900.0
HP VICTUS - INTEL CORE I5 12th Gen / 32GB RAM / 256GB SSD USED LAPTOP,HP,VICTUS,I5,12,Used,32.0,256.0,SSD,185200.0
APPLE MACBOOK AIR - APPLE M3  / 8GB RAM / 1024GB SSD USED LAPTOP,APPLE,MACBOOK AIR,M3,0,Used,8.0,1024.0,SSD,266400.0
ACER ASPIRE - INTEL CORE I9 11th Gen / 8GB RAM / 256GB SSD USED LAPTOP,ACER,ASPIRE,I9,11,Used,8.0,256.0,SSD,204700.0
DELL LATITUDE - INTEL CORE I9 7th Gen / 16GB RAM / 256GB SSD USED LAPTOP,DELL,LATITUDE,I9,7,Used,16.0,256.0,SSD,205700.0
APPLE MACBOOK AIR - APPLE M3  / 8GB RAM / 512GB SSD NEW LAPTOP,APPLE,MACBOOK AIR,M3,0,New,8.0,512.0,SSD,365600.0
HP VICTUS - INTEL CORE I7 9th Gen / 32GB RAM / 512GB SSD USED LAPTOP,HP,VICTUS,I7,9,Used,32.0,512.0,SSD,199800.0
HP ENVY - INTEL CORE I3 6th Gen / 16GB RAM / 1024GB SSD USED LAPTOP,HP,ENVY,I3,6,Used,16.0,1024.0,SSD,122500.0
ACER NITRO - AMD RYZEN 7 8th Gen / 16GB RAM / 512GB SSD USED LAPTOP,ACER,NITRO,RYZEN 7,8,Used,16.0,512.0,SSD,146800.0
ASUS ROG - INTEL CORE I3 9th Gen / 16GB RAM / 1024GB HDD USED LAPTOP,ASUS,ROG,I3,9,Used,16.0,1024.0,HDD,134200.0
APPLE MACBOOK AIR - INTEL CORE I5 8th Gen / 16GB RAM / 1024GB SSD USED LAPTOP,APPLE,MACBOOK AIR,I5,8,Used,16.0,1024.0,SSD,170700.0
ASUS ROG - AMD RYZEN 3 5th Gen / 8GB RAM / 1024GB HDD NEW LAPTOP,ASUS,ROG,RYZEN 3,5,New,8.0,1024.0,HDD,122500.0
ACER NITRO - AMD RYZEN 5 7th Gen / 8GB RAM / 1024GB SSD USED LAPTOP,ACER,NITRO,RYZEN 5,7,Used,8.0,1024.0,SSD,123300.0
ASUS ROG - AMD RYZEN 3 5th Gen / 32GB RAM / 1024GB SSD USED LAPTOP,ASUS,ROG,RYZEN 3,5,Used,32.0,1024.0,SSD,148300.0
ASUS ZENBOOK - INTEL CORE I7 6th Gen / 32GB RAM / 512GB SSD USED LAPTOP,ASUS,ZENBOOK,I7,6,Used,32.0,512.0,SSD,186600.0
APPLE MACBOOK PRO - INTEL CORE I5 11th Gen / 8GB RAM / 256GB SSD USED LAPTOP,APPLE,MACBOOK PRO,I5,11,Used,8.0,256.0,SSD,144600.0
APPLE MACBOOK PRO - APPLE M1  / 8GB RAM / 256GB SSD USED LAPTOP,APPLE,MACBOOK PRO,M1,0,Used,8.0,256.0,SSD,159600.0
ASUS ROG - INTEL CORE I3 11th Gen / 8GB RAM / 1024GB HDD USED LAPTOP,ASUS,ROG,I3,11,Used,8.0,1024.0,HDD,132300.0
ASUS ROG - INTEL CORE I9 13th Gen / 32GB RAM / 512GB SSD USED LAPTOP,ASUS,ROG,I9,13,Used,32.0,512.0,SSD,315300.0
APPLE MACBOOK PRO - APPLE M1  / 32GB RAM / 512GB SSD USED LAPTOP,APPLE,MACBOOK PRO,M1,0,Used,32.0,512.0,SSD,238900.0
HP VICTUS - INTEL CORE I9 6th Gen / 8GB RAM / 1024GB SSD NEW LAPTOP,HP,VICTUS,I9,6,New,8.0,1024.0,SSD,289400.0
ACER NITRO - INTEL CORE I3 12th Gen / 8GB RAM / 256GB SSD USED LAPTOP,ACER,NITRO,I3,12,Used,8.0,256.0,SSD,127400.0
ACER ASPIRE - AMD RYZEN 3 5th Gen / 16GB RAM / 512GB SSD USED LAPTOP,ACER,ASPIRE,RYZEN 3,5,Used,16.0,512.0,SSD,88000.0
HP ELITEBOOK - INTEL CORE I3 10th Gen / 16GB RAM / 256GB SSD USED LAPTOP,HP,ELITEBOOK,I3,10,Used,16.0,256.0,SSD,126100.0
ASUS ZENBOOK - AMD RYZEN 5 7th Gen / 8GB RAM / 256GB SSD USED LAPTOP,ASUS,ZENBOOK,RYZEN 5,7,Used,8.0,256.0,SSD,99500.0
DELL LATITUDE - AMD RYZEN 7 8th Gen / 32GB RAM / 1024GB SSD USED LAPTOP,DELL,LATITUDE,RYZEN 7,8,Used,32.0,1024.0,SSD,207000.0
HP ENVY - INTEL CORE I7 13th Gen / 32GB RAM / 512GB SSD USED LAPTOP,HP,ENVY,I7,13,Used,32.0,512.0,SSD,245200.0
ACER SWIFT - INTEL CORE I5 10th Gen / 16GB RAM / 1024GB SSD NEW LAPTOP,ACER,SWIFT,I5,10,New,16.0,1024.0,SSD,222300.0
DELL PRECISION - INTEL CORE I5 6th Gen / 16GB RAM / 1024GB SSD NEW LAPTOP,DELL,PRECISION,I5,6,New,16.0,1024.0,SSD,193400.0
DELL XPS - INTEL CORE I5 6th Gen / 16GB RAM / 256GB SSD USED LAPTOP,DELL,XPS,I5,6,Used,16.0,256.0,SSD,99200.0
APPLE MACBOOK PRO - APPLE M3  / 8GB RAM / 256GB SSD USED LAPTOP,APPLE,MACBOOK PRO,M3,0,Used,8.0,256.0,SSD,254400.0
HP PROBOOK - AMD RYZEN 7 8th Gen / 8GB RAM / 256GB SSD USED LAPTOP,HP,PROBOOK,RYZEN 7,8,Used,8.0,256.0,SSD,133700.0
HP VICTUS - INTEL CORE I7 6th Gen / 16GB RAM / 512GB SSD USED LAPTOP,HP,VICTUS,I7,6,Used,16.0,512.0,SSD,146900.0
ACER NITRO - INTEL CORE I5 8th Gen / 8GB RAM / 256GB SSD USED LAPTOP,ACER,NITRO,I5,8,Used,8.0,256.0,SSD,103800.0
DELL INSPIRON - AMD RYZEN 5 7th Gen / 16GB RAM / 256GB SSD NEW LAPTOP,DELL,INSPIRON,RYZEN 5,7,New,16.0,256.0,SSD,150100.0
APPLE MACBOOK AIR - INTEL CORE I7 9th Gen / 32GB RAM / 512GB SSD USED LAPTOP,APPLE,MACBOOK AIR,I7,9,Used,32.0,512.0,SSD,230400.0
ACER NITRO - INTEL CORE I5 10th Gen / 16GB RAM / 1024GB SSD NEW LAPTOP,ACER,NITRO,I5,10,New,16.0,1024.0,SSD,232700.0
ASUS VIVOBOOK - INTEL CORE I7 12th Gen / 32GB RAM / 256GB SSD USED LAPTOP,ASUS,VIVOBOOK,I7,12,Used,32.0,256.0,SSD,228300.0
APPLE MACBOOK AIR - INTEL CORE I7 11th Gen / 16GB RAM / 512GB SSD USED LAPTOP,APPLE,MACBOOK AIR,I7,11,Used,16.0,512.0,SSD,197900.0
ACER NITRO - INTEL CORE I3 11th Gen / 8GB RAM / 512GB SSD USED LAPTOP,ACER,NITRO,I3,11,Used,8.0,512.0,SSD,118000.0
ASUS ROG - INTEL CORE I7 12th Gen / 32GB RAM / 1024GB SSD USED LAPTOP,ASUS,ROG,I7,12,Used,32.0,1024.0,SSD,237200.0
APPLE MACBOOK PRO - APPLE M2  / 32GB RAM / 512GB SSD USED LAPTOP,APPLE,MACBOOK PRO,M2,0,Used,32.0,512.0,SSD,271200.0
ASUS ROG - INTEL CORE I5 6th Gen / 16GB RAM / 256GB SSD USED LAPTOP,ASUS,ROG,I5,6,Used,16.0,256.0,SSD,105000.0
HP ELITEBOOK - AMD RYZEN 5 7th Gen / 32GB RAM / 512GB SSD USED LAPTOP,HP,ELITEBOOK,RYZEN 5,7,Used,32.0,512.0,SSD,165900.0
HP SPECTRE - INTEL CORE I9 8th Gen / 8GB RAM / 256GB SSD USED LAPTOP,HP,SPECTRE,I9,8,Used,8.0,256.0,SSD,197300.0
ACER ASPIRE - AMD RYZEN 3 5th Gen / 32GB RAM / 512GB SSD USED LAPTOP,ACER,ASPIRE,RYZEN 3,5,Used,32.0,512.0,SSD,122100.0
DELL VOSTRO - AMD RYZEN 5 7th Gen / 32GB RAM / 256GB SSD USED LAPTOP,DELL,VOSTRO,RYZEN 5,7,Used,32.0,256.0,SSD,141600.0
APPLE MACBOOK AIR - APPLE M2  / 16GB RAM / 1024GB SSD USED LAPTOP,APPLE,MACBOOK AIR,M2,0,Used,16.0,1024.0,SSD,258100.0
HP PAVILION - INTEL CORE I3 6th Gen / 16GB RAM / 512GB SSD USED LAPTOP,HP,PAVILION,I3,6,Used,16.0,512.0,SSD,89400.0
APPLE MACBOOK PRO - INTEL CORE I7 10th Gen / 8GB RAM / 1024GB SSD USED LAPTOP,APPLE,MACBOOK PRO,I7,10,Used,8.0,1024.0,SSD,212000.0
APPLE MACBOOK PRO - APPLE M2  / 16GB RAM / 1024GB SSD USED LAPTOP,APPLE,MACBOOK PRO,M2,0,Used,16.0,1024.0,SSD,253800.0
ASUS ZENBOOK - INTEL CORE I7 6th Gen / 16GB RAM / 256GB SSD USED LAPTOP,ASUS,ZENBOOK,I7,6,Used,16.0,256.0,SSD,128900.0
HP SPECTRE - AMD RYZEN 5 7th Gen / 32GB RAM / 1024GB SSD NEW LAPTOP,HP,SPECTRE,RYZEN 5,7,New,32.0,1024.0,SSD,255100.0
ASUS ROG - AMD RYZEN 7 8th Gen / 8GB RAM / 512GB SSD USED LAPTOP,ASUS,ROG,RYZEN 7,8,Used,8.0,512.0,SSD,147700.0
HP ELITEBOOK - INTEL CORE I3 11th Gen / 32GB RAM / 256GB SSD NEW LAPTOP,HP,ELITEBOOK,I3,11,New,32.0,256.0,SSD,235400.0
HP PROBOOK - INTEL CORE I3 10th Gen / 16GB RAM / 1024GB SSD USED LAPTOP,HP,PROBOOK,I3,10,Used,16.0,1024.0,SSD,144800.0
DELL LATITUDE - AMD RYZEN 5 7th Gen / 16GB RAM / 512GB SSD USED LAPTOP,DELL,LATITUDE,RYZEN 5,7,Used,16.0,512.0,SSD,125300.0
ACER SWIFT - INTEL CORE I5 11th Gen / 8GB RAM / 512GB SSD USED LAPTOP,ACER,SWIFT,I5,11,Used,8.0,512.0,SSD,136700.0
ASUS TUF - AMD RYZEN 7 8th Gen / 32GB RAM / 512GB SSD USED LAPTOP,ASUS,TUF,RYZEN 7,8,Used,32.0,512.0,SSD,190500.0
APPLE MACBOOK AIR - APPLE M2  / 16GB RAM / 512GB SSD NEW LAPTOP,APPLE,MACBOOK AIR,M2,0,New,16.0,512.0,SSD,312500.0
HP PAVILION - INTEL CORE I9 11th Gen / 32GB RAM / 512GB SSD USED LAPTOP,HP,PAVILION,I9,11,Used,32.0,512.0,SSD,276000.0
HP VICTUS - INTEL CORE I9 7th Gen / 16GB RAM / 512GB SSD USED LAPTOP,HP,VICTUS,I9,7,Used,16.0,512.0,SSD,190000.0
APPLE MACBOOK AIR - INTEL CORE I7 11th Gen / 16GB RAM / 512GB SSD NEW LAPTOP,APPLE,MACBOOK AIR,I7,11,New,16.0,512.0,SSD,307100.0
APPLE MACBOOK PRO - INTEL CORE I7 12th Gen / 16GB RAM / 512GB SSD USED LAPTOP,APPLE,MACBOOK PRO,I7,12,Used,16.0,512.0,SSD,198600.0
ASUS VIVOBOOK - INTEL CORE I9 11th Gen / 8GB RAM / 256GB SSD USED LAPTOP,ASUS,VIVOBOOK,I9,11,Used,8.0,256.0,SSD,221000.0
APPLE MACBOOK PRO - APPLE M1  / 32GB RAM / 1024GB SSD USED LAPTOP,APPLE,MACBOOK PRO,M1,0,Used,32.0,1024.0,SSD,248500.0
DELL LATITUDE - AMD RYZEN 7 8th Gen / 16GB RAM / 512GB SSD USED LAPTOP,DELL,LATITUDE,RYZEN 7,8,Used,16.0,512.0,SSD,161600.0
APPLE MACBOOK PRO - INTEL CORE I5 13th Gen / 8GB RAM / 256GB SSD NEW LAPTOP,APPLE,MACBOOK PRO,I5,13,New,8.0,256.0,SSD,221800.0
HP ENVY - AMD RYZEN 5 7th Gen / 16GB RAM / 1024GB HDD USED LAPTOP,HP,ENVY,RYZEN 5,7,Used,16.0,1024.0,HDD,126100.0
ACER SWIFT - AMD RYZEN 3 5th Gen / 32GB RAM / 256GB SSD USED LAPTOP,ACER,SWIFT,RYZEN 3,5,Used,32.0,256.0,SSD,109800.0
ACER SWIFT - INTEL CORE I9 12th Gen / 16GB RAM / 512GB SSD USED LAPTOP,ACER,SWIFT,I9,12,Used,16.0,512.0,SSD,245900.0
APPLE MACBOOK AIR - INTEL CORE I5 13th Gen / 32GB RAM / 1024GB SSD USED LAPTOP,APPLE,MACBOOK AIR,I5,13,Used,32.0,1024.0,SSD,242600.0
ACER NITRO - AMD RYZEN 5 7th Gen / 32GB RAM / 256GB SSD NEW LAPTOP,ACER,NITRO,RYZEN 5,7,New,32.0,256.0,SSD,189600.0
DELL LATITUDE - AMD RYZEN 3 5th Gen / 16GB RAM / 256GB SSD USED LAPTOP,DELL,LATITUDE,RYZEN 3,5,Used,16.0,256.0,SSD,78400.0
DELL VOSTRO - INTEL CORE I7 10th Gen / 16GB RAM / 256GB SSD USED LAPTOP,DELL,VOSTRO,I7,10,Used,16.0,256.0,SSD,169100.0
DELL PRECISION - INTEL CORE I3 11th Gen / 8GB RAM / 256GB SSD USED LAPTOP,DELL,PRECISION,I3,11,Used,8.0,256.0,SSD,112400.0
APPLE MACBOOK PRO - APPLE M2  / 32GB RAM / 1024GB HDD NEW LAPTOP,APPLE,MACBOOK PRO,M2,0,New,32.0,1024.0,HDD,408600.0
APPLE MACBOOK AIR - INTEL CORE I7 7th Gen / 16GB RAM / 256GB SSD USED LAPTOP,APPLE,MACBOOK AIR,I7,7,Used,16.0,256.0,SSD,151500.0
APPLE MACBOOK PRO - APPLE M1  / 16GB RAM / 256GB SSD USED LAPTOP,APPLE,MACBOOK PRO,M1,0,Used,16.0,256.0,SSD,180300.0
HP ELITEBOOK - AMD RYZEN 5 7th Gen / 16GB RAM / 1024GB SSD USED LAPTOP,HP,ELITEBOOK,RYZEN 5,7,Used,16.0,1024.0,SSD,139200.0
APPLE MACBOOK AIR - APPLE M1  / 32GB RAM / 1024GB SSD USED LAPTOP,APPLE,MACBOOK AIR,M1,0,Used,32.0,1024.0,SSD,249000.0
ASUS TUF - INTEL CORE I3 11th Gen / 8GB RAM / 256GB SSD USED LAPTOP,ASUS,TUF,I3,11,Used,8.0,256.0,SSD,116200.0
DELL INSPIRON - AMD RYZEN 5 7th Gen / 32GB RAM / 1024GB HDD USED LAPTOP,DELL,INSPIRON,RYZEN 5,7,Used,32.0,1024.0,HDD,168100.0
APPLE MACBOOK PRO - INTEL CORE I5 13th Gen / 16GB RAM / 1024GB SSD USED LAPTOP,APPLE,MACBOOK PRO,I5,13,Used,16.0,1024.0,SSD,218500.0
ACER NITRO - AMD RYZEN 7 8th Gen / 8GB RAM / 1024GB SSD USED LAPTOP,ACER,NITRO,RYZEN 7,8,Used,8.0,1024.0,SSD,169200.0
APPLE MACBOOK PRO - APPLE M1  / 16GB RAM / 512GB SSD USED LAPTOP,APPLE,MACBOOK PRO,M1,0,Used,16.0,512.0,SSD,199900.0
DELL VOSTRO - INTEL CORE I3 7th Gen / 16GB RAM / 256GB SSD USED LAPTOP,DELL,VOSTRO,I3,7,Used,16.0,256.0,SSD,103600.0
ACER NITRO - INTEL CORE I7 6th Gen / 16GB RAM / 256GB SSD USED LAPTOP,ACER,NITRO,I7,6,Used,16.0,256.0,SSD,117300.0
ACER ASPIRE - AMD RYZEN 3 5th Gen / 16GB RAM / 512GB SSD USED LAPTOP,ACER,ASPIRE,RYZEN 3,5,Used,16.0,512.0,SSD,85700.0
ASUS TUF - AMD RYZEN 7 8th Gen / 8GB RAM / 1024GB HDD USED LAPTOP,ASUS,TUF,RYZEN 7,8,Used,8.0,1024.0,HDD,148100.0
APPLE MACBOOK AIR - INTEL CORE I7 7th Gen / 32GB RAM / 512GB SSD USED LAPTOP,APPLE,MACBOOK AIR,I7,7,Used,32.0,512.0,SSD,189800.0
HP PAVILION - AMD RYZEN 7 8th Gen / 32GB RAM / 512GB SSD USED LAPTOP,HP,PAVILION,RYZEN 7,8,Used,32.0,512.0,SSD,176400.0
ACER SWIFT - AMD RYZEN 5 7th Gen / 32GB RAM / 512GB SSD USED LAPTOP,ACER,SWIFT,RYZEN 5,7,Used,32.0,512.0,SSD,163000.0
ACER NITRO - AMD RYZEN 5 7th Gen / 16GB RAM / 1024GB HDD USED LAPTOP,ACER,NITRO,RYZEN 5,7,Used,16.0,1024.0,HDD,138500.0
HP VICTUS - INTEL CORE I3 9th Gen / 16GB RAM / 256GB SSD USED LAPTOP,HP,VICTUS,I3,9,Used,16.0,256.0,SSD,105000.0
DELL XPS - INTEL CORE I5 8th Gen / 32GB RAM / 256GB SSD USED LAPTOP,DELL,XPS,I5,8,Used,32.0,256.0,SSD,153400.0
HP PAVILION - AMD RYZEN 3 5th Gen / 32GB RAM / 256GB SSD USED LAPTOP,HP,PAVILION,RYZEN 3,5,Used,32.0,256.0,SSD,113100.0
HP PAVILION - INTEL CORE I9 9th Gen / 32GB RAM / 1024GB SSD USED LAPTOP,HP,PAVILION,I9,9,Used,32.0,1024.0,SSD,260700.0
ASUS ROG - INTEL CORE I5 12th Gen / 8GB RAM / 1024GB SSD USED LAPTOP,ASUS,ROG,I5,12,Used,8.0,1024.0,SSD,169600.0
ASUS ROG - AMD RYZEN 5 7th Gen / 32GB RAM / 512GB SSD NEW LAPTOP,ASUS,ROG,RYZEN 5,7,New,32.0,512.0,SSD,222800.0
HP ENVY - INTEL CORE I3 10th Gen / 16GB RAM / 256GB SSD NEW LAPTOP,HP,ENVY,I3,10,New,16.0,256.0,SSD,162100.0
HP SPECTRE - INTEL CORE I9 13th Gen / 16GB RAM / 256GB SSD USED LAPTOP,HP,SPECTRE,I9,13,Used,16.0,256.0,SSD,240000.0
HP SPECTRE - INTEL CORE I9 8th Gen / 16GB RAM / 256GB SSD USED LAPTOP,HP,SPECTRE,I9,8,Used,16.0,256.0,SSD,211800.0
ASUS VIVOBOOK - AMD RYZEN 5 7th Gen / 32GB RAM / 512GB SSD USED LAPTOP,ASUS,VIVOBOOK,RYZEN 5,7,Used,32.0,512.0,SSD,154500.0
ACER ASPIRE - AMD RYZEN 5 7th Gen / 8GB RAM / 1024GB SSD USED LAPTOP,ACER,ASPIRE,RYZEN 5,7,Used,8.0,1024.0,SSD,131500.0
APPLE MACBOOK AIR - APPLE M2  / 16GB RAM / 1024GB HDD USED LAPTOP,APPLE,MACBOOK AIR,M2,0,Used,16.0,1024.0,HDD,252000.0
DELL PRECISION - INTEL CORE I7 6th Gen / 16GB RAM / 1024GB SSD USED LAPTOP,DELL,PRECISION,I7,6,Used,16.0,1024.0,SSD,154100.0
HP ELITEBOOK - INTEL CORE I5 7th Gen / 32GB RAM / 512GB SSD USED LAPTOP,HP,ELITEBOOK,I5,7,Used,32.0,512.0,SSD,150100.0
ASUS ROG - AMD RYZEN 7 8th Gen / 8GB RAM / 512GB SSD USED LAPTOP,ASUS,ROG,RYZEN 7,8,Used,8.0,512.0,SSD,133000.0
APPLE MACBOOK AIR - APPLE M2  / 32GB RAM / 1024GB HDD USED LAPTOP,APPLE,MACBOOK AIR,M2,0,Used,32.0,1024.0,HDD,279000.0
HP ENVY - AMD RYZEN 5 7th Gen / 8GB RAM / 256GB SSD USED LAPTOP,HP,ENVY,RYZEN 5,7,Used,8.0,256.0,SSD,95600.0
DELL INSPIRON - AMD RYZEN 7 8th Gen / 16GB RAM / 512GB SSD USED LAPTOP,DELL,INSPIRON,RYZEN 7,8,Used,16.0,512.0,SSD,159400.0
HP PAVILION - INTEL CORE I9 10th Gen / 32GB RAM / 512GB SSD USED LAPTOP,HP,PAVILION,I9,10,Used,32.0,512.0,SSD,272800.0
ACER SWIFT - INTEL CORE I3 9th Gen / 8GB RAM / 1024GB SSD USED LAPTOP,ACER,SWIFT,I3,9,Used,8.0,1024.0,SSD,131300.0
ASUS VIVOBOOK - AMD RYZEN 3 5th Gen / 16GB RAM / 512GB SSD USED LAPTOP,ASUS,VIVOBOOK,RYZEN 3,5,Used,16.0,512.0,SSD,94500.0
APPLE MACBOOK PRO - APPLE M2  / 32GB RAM / 256GB SSD USED LAPTOP,APPLE,MACBOOK PRO,M2,0,Used,32.0,256.0,SSD,250500.0
APPLE MACBOOK PRO - INTEL CORE I7 9th Gen / 8GB RAM / 1024GB SSD USED LAPTOP,APPLE,MACBOOK PRO,I7,9,Used,8.0,1024.0,SSD,193900.0
ASUS ROG - INTEL CORE I9 6th Gen / 32GB RAM / 512GB SSD USED LAPTOP,ASUS,ROG,I9,6,Used,32.0,512.0,SSD,243000.0
APPLE MACBOOK AIR - APPLE M3  / 32GB RAM / 1024GB SSD NEW LAPTOP,APPLE,MACBOOK AIR,M3,0,New,32.0,1024.0,SSD,445900.0
APPLE MACBOOK PRO - INTEL CORE I7 7th Gen / 8GB RAM / 512GB SSD USED LAPTOP,APPLE,MACBOOK PRO,I7,7,Used,8.0,512.0,SSD,139500.0
DELL PRECISION - INTEL CORE I7 6th Gen / 8GB RAM / 1024GB SSD USED LAPTOP,DELL,PRECISION,I7,6,Used,8.0,1024.0,SSD,152300.0
DELL XPS - INTEL CORE I7 12th Gen / 32GB RAM / 256GB SSD USED LAPTOP,DELL,XPS,I7,12,Used,32.0,256.0,SSD,217100.0
ACER NITRO - INTEL CORE I7 7th Gen / 8GB RAM / 256GB SSD USED LAPTOP,ACER,NITRO,I7,7,Used,8.0,256.0,SSD,110000.0
ASUS ZENBOOK - INTEL CORE I3 6th Gen / 8GB RAM / 256GB SSD USED LAPTOP,ASUS,ZENBOOK,I3,6,Used,8.0,256.0,SSD,74100.0
ASUS VIVOBOOK - AMD RYZEN 3 5th Gen / 32GB RAM / 256GB SSD USED LAPTOP,ASUS,VIVOBOOK,RYZEN 3,5,Used,32.0,256.0,SSD,111300.0
DELL PRECISION - AMD RYZEN 3 5th Gen / 16GB RAM / 256GB SSD NEW LAPTOP,DELL,PRECISION,RYZEN 3,5,New,16.0,256.0,SSD,113200.0
ASUS ROG - AMD RYZEN 7 8th Gen / 8GB RAM / 256GB SSD USED LAPTOP,ASUS,ROG,RYZEN 7,8,Used,8.0,256.0,SSD,128100.0
HP ENVY - AMD RYZEN 7 8th Gen / 16GB RAM / 256GB SSD NEW LAPTOP,HP,ENVY,RYZEN 7,8,New,16.0,256.0,SSD,191200.0
APPLE MACBOOK PRO - APPLE M2  / 8GB RAM / 512GB SSD NEW LAPTOP,APPLE,MACBOOK PRO,M2,0,New,8.0,512.0,SSD,275100.0
DELL PRECISION - AMD RYZEN 3 5th Gen / 8GB RAM / 256GB SSD USED LAPTOP,DELL,PRECISION,RYZEN 3,5,Used,8.0,256.0,SSD,57700.0
HP ELITEBOOK - AMD RYZEN 3 5th Gen / 32GB RAM / 256GB SSD USED LAPTOP,HP,ELITEBOOK,RYZEN 3,5,Used,32.0,256.0,SSD,113100.0
APPLE MACBOOK PRO - APPLE M1  / 32GB RAM / 256GB SSD USED LAPTOP,APPLE,MACBOOK PRO,M1,0,Used,32.0,256.0,SSD,216800.0
DELL INSPIRON - AMD RYZEN 7 8th Gen / 8GB RAM / 256GB SSD USED LAPTOP,DELL,INSPIRON,RYZEN 7,8,Used,8.0,256.0,SSD,120500.0
DELL VOSTRO - AMD RYZEN 3 5th Gen / 32GB RAM / 256GB SSD USED LAPTOP,DELL,VOSTRO,RYZEN 3,5,Used,32.0,256.0,SSD,113600.0
HP ENVY - INTEL CORE I3 6th Gen / 16GB RAM / 512GB SSD USED LAPTOP,HP,ENVY,I3,6,Used,16.0,512.0,SSD,92100.0
DELL INSPIRON - AMD RYZEN 5 7th Gen / 16GB RAM / 1024GB SSD NEW LAPTOP,DELL,INSPIRON,RYZEN 5,7,New,16.0,1024.0,SSD,192000.0
ACER ASPIRE - INTEL CORE I5 6th Gen / 16GB RAM / 256GB SSD USED LAPTOP,ACER,ASPIRE,I5,6,Used,16.0,256.0,SSD,95300.0
HP SPECTRE - AMD RYZEN 5 7th Gen / 16GB RAM / 512GB SSD NEW LAPTOP,HP,SPECTRE,RYZEN 5,7,New,16.0,512.0,SSD,167200.0
ACER NITRO - INTEL CORE I9 13th Gen / 16GB RAM / 512GB SSD USED LAPTOP,ACER,NITRO,I9,13,Used,16.0,512.0,SSD,260400.0
ACER SWIFT - INTEL CORE I5 12th Gen / 32GB RAM / 256GB SSD USED LAPTOP,ACER,SWIFT,I5,12,Used,32.0,256.0,SSD,176100.0
ASUS ROG - AMD RYZEN 7 8th Gen / 32GB RAM / 1024GB SSD USED LAPTOP,ASUS,ROG,RYZEN 7,8,Used,32.0,1024.0,SSD,233800.0
ACER SWIFT - INTEL CORE I9 7th Gen / 32GB RAM / 256GB SSD USED LAPTOP,ACER,SWIFT,I9,7,Used,32.0,256.0,SSD,209200.0
DELL XPS - INTEL CORE I9 10th Gen / 8GB RAM / 1024GB SSD NEW LAPTOP,DELL,XPS,I9,10,New,8.0,1024.0,SSD,353100.0
DELL LATITUDE - INTEL CORE I9 10th Gen / 8GB RAM / 256GB SSD USED LAPTOP,DELL,LATITUDE,I9,10,Used,8.0,256.0,SSD,206300.0
ASUS ROG - AMD RYZEN 7 8th Gen / 16GB RAM / 512GB SSD USED LAPTOP,ASUS,ROG,RYZEN 7,8,Used,16.0,512.0,SSD,162600.0
ACER NITRO - AMD RYZEN 3 5th Gen / 8GB RAM / 512GB SSD NEW LAPTOP,ACER,NITRO,RYZEN 3,5,New,8.0,512.0,SSD,94100.0
APPLE MACBOOK AIR - INTEL CORE I7 11th Gen / 8GB RAM / 1024GB SSD USED LAPTOP,APPLE,MACBOOK AIR,I7,11,Used,8.0,1024.0,SSD,214100.0
ACER NITRO - INTEL CORE I9 6th Gen / 32GB RAM / 512GB SSD NEW LAPTOP,ACER,NITRO,I9,6,New,32.0,512.0,SSD,319500.0
DELL PRECISION - AMD RYZEN 5 7th Gen / 8GB RAM / 512GB SSD USED LAPTOP,DELL,PRECISION,RYZEN 5,7,Used,8.0,512.0,SSD,100400.0
HP ELITEBOOK - AMD RYZEN 3 5th Gen / 32GB RAM / 1024GB SSD USED LAPTOP,HP,ELITEBOOK,RYZEN 3,5,Used,32.0,1024.0,SSD,157000.0
APPLE MACBOOK AIR - APPLE M2  / 8GB RAM / 512GB SSD USED LAPTOP,APPLE,MACBOOK AIR,M2,0,Used,8.0,512.0,SSD,214000.0
APPLE MACBOOK PRO - APPLE M1  / 8GB RAM / 1024GB SSD NEW LAPTOP,APPLE,MACBOOK PRO,M1,0,New,8.0,1024.0,SSD,290500.0
DELL INSPIRON - INTEL CORE I5 6th Gen / 16GB RAM / 1024GB HDD USED LAPTOP,DELL,INSPIRON,I5,6,Used,16.0,1024.0,HDD,130400.0
APPLE MACBOOK AIR - APPLE M2  / 16GB RAM / 1024GB SSD USED LAPTOP,APPLE,MACBOOK AIR,M2,0,Used,16.0,1024.0,SSD,253600.0
APPLE MACBOOK AIR - INTEL CORE I7 7th Gen / 8GB RAM / 256GB SSD USED LAPTOP,APPLE,MACBOOK AIR,I7,7,Used,8.0,256.0,SSD,137700.0
APPLE MACBOOK AIR - INTEL CORE I7 8th Gen / 32GB RAM / 1024GB SSD USED LAPTOP,APPLE,MACBOOK AIR,I7,8,Used,32.0,1024.0,SSD,227100.0
DELL PRECISION - INTEL CORE I7 11th Gen / 32GB RAM / 512GB SSD NEW LAPTOP,DELL,PRECISION,I7,11,New,32.0,512.0,SSD,323300.0
APPLE MACBOOK PRO - APPLE M3  / 8GB RAM / 256GB SSD USED LAPTOP,APPLE,MACBOOK PRO,M3,0,Used,8.0,256.0,SSD,247400.0
ACER ASPIRE - INTEL CORE I7 6th Gen / 32GB RAM / 256GB SSD USED LAPTOP,ACER,ASPIRE,I7,6,Used,32.0,256.0,SSD,146400.0
ACER SWIFT - INTEL CORE I9 13th Gen / 8GB RAM / 512GB SSD USED LAPTOP,ACER,SWIFT,I9,13,Used,8.0,512.0,SSD,253400.0
HP ENVY - INTEL CORE I3 11th Gen / 16GB RAM / 512GB SSD NEW LAPTOP,HP,ENVY,I3,11,New,16.0,512.0,SSD,206100.0
ACER SWIFT - INTEL CORE I7 8th Gen / 16GB RAM / 256GB SSD USED LAPTOP,ACER,SWIFT,I7,8,Used,16.0,256.0,SSD,136900.0
APPLE MACBOOK AIR - INTEL CORE I5 8th Gen / 8GB RAM / 512GB SSD USED LAPTOP,APPLE,MACBOOK AIR,I5,8,Used,8.0,512.0,SSD,140000.0
DELL PRECISION - INTEL CORE I3 10th Gen / 16GB RAM / 256GB SSD USED LAPTOP,DELL,PRECISION,I3,10,Used,16.0,256.0,SSD,129200.0
APPLE MACBOOK AIR - INTEL CORE I5 12th Gen / 8GB RAM / 256GB SSD USED LAPTOP,APPLE,MACBOOK AIR,I5,12,Used,8.0,256.0,SSD,170700.0
APPLE MACBOOK AIR - INTEL CORE I7 10th Gen / 8GB RAM / 512GB SSD NEW LAPTOP,APPLE,MACBOOK AIR,I7,10,New,8.0,512.0,SSD,243000.0
DELL PRECISION - INTEL CORE I3 11th Gen / 8GB RAM / 1024GB HDD USED LAPTOP,DELL,PRECISION,I3,11,Used,8.0,1024.0,HDD,140900.0
ACER SWIFT - AMD RYZEN 3 5th Gen / 32GB RAM / 1024GB HDD USED LAPTOP,ACER,SWIFT,RYZEN 3,5,Used,32.0,1024.0,HDD,125500.0
ACER NITRO - INTEL CORE I3 7th Gen / 32GB RAM / 512GB SSD USED LAPTOP,ACER,NITRO,I3,7,Used,32.0,512.0,SSD,127700.0
HP PAVILION - AMD RYZEN 7 8th Gen / 32GB RAM / 512GB SSD NEW LAPTOP,HP,PAVILION,RYZEN 7,8,New,32.0,512.0,SSD,263300.0
ASUS VIVOBOOK - AMD RYZEN 3 5th Gen / 8GB RAM / 1024GB SSD NEW LAPTOP,ASUS,VIVOBOOK,RYZEN 3,5,New,8.0,1024.0,SSD,129300.0
HP PAVILION - INTEL CORE I5 9th Gen / 8GB RAM / 1024GB HDD USED LAPTOP,HP,PAVILION,I5,9,Used,8.0,1024.0,HDD,136500.0
ASUS ROG - INTEL CORE I7 12th Gen / 8GB RAM / 512GB SSD USED LAPTOP,ASUS,ROG,I7,12,Used,8.0,512.0,SSD,184500.0
ACER SWIFT - AMD RYZEN 5 7th Gen / 16GB RAM / 256GB SSD USED LAPTOP,ACER,SWIFT,RYZEN 5,7,Used,16.0,256.0,SSD,99100.0
DELL PRECISION - INTEL CORE I3 12th Gen / 16GB RAM / 1024GB SSD USED LAPTOP,DELL,PRECISION,I3,12,Used,16.0,1024.0,SSD,165000.0
HP ELITEBOOK - AMD RYZEN 5 7th Gen / 32GB RAM / 256GB SSD USED LAPTOP,HP,ELITEBOOK,RYZEN 5,7,Used,32.0,256.0,SSD,139200.0
APPLE MACBOOK AIR - INTEL CORE I5 11th Gen / 16GB RAM / 256GB SSD USED LAPTOP,APPLE,MACBOOK AIR,I5,11,Used,16.0,256.0,SSD,177900.0
ACER ASPIRE - INTEL CORE I9 7th Gen / 16GB RAM / 256GB SSD USED LAPTOP,ACER,ASPIRE,I9,7,Used,16.0,256.0,SSD,182100.0
DELL LATITUDE - INTEL CORE I7 7th Gen / 32GB RAM / 256GB SSD USED LAPTOP,DELL,LATITUDE,I7,7,Used,32.0,256.0,SSD,173200.0
DELL INSPIRON - AMD RYZEN 5 7th Gen / 8GB RAM / 512GB SSD USED LAPTOP,DELL,INSPIRON,RYZEN 5,7,Used,8.0,512.0,SSD,105100.0
APPLE MACBOOK PRO - APPLE M2  / 16GB RAM / 512GB SSD NEW LAPTOP,APPLE,MACBOOK PRO,M2,0,New,16.0,512.0,SSD,311800.0
ACER SWIFT - AMD RYZEN 7 8th Gen / 32GB RAM / 1024GB HDD NEW LAPTOP,ACER,SWIFT,RYZEN 7,8,New,32.0,1024.0,HDD,271600.0
ASUS ZENBOOK - INTEL CORE I7 6th Gen / 16GB RAM / 512GB SSD USED LAPTOP,ASUS,ZENBOOK,I7,6,Used,16.0,512.0,SSD,141900.0
HP VICTUS - INTEL CORE I3 11th Gen / 8GB RAM / 256GB SSD USED LAPTOP,HP,VICTUS,I3,11,Used,8.0,256.0,SSD,113800.0
APPLE MACBOOK AIR - INTEL CORE I5 7th Gen / 8GB RAM / 1024GB HDD USED LAPTOP,APPLE,MACBOOK AIR,I5,7,Used,8.0,1024.0,HDD,126700.0
ACER SWIFT - AMD RYZEN 3 5th Gen / 16GB RAM / 256GB SSD USED LAPTOP,ACER,SWIFT,RYZEN 3,5,Used,16.0,256.0,SSD,74000.0
ACER NITRO - INTEL CORE I9 11th Gen / 16GB RAM / 1024GB HDD USED LAPTOP,ACER,NITRO,I9,11,Used,16.0,1024.0,HDD,233400.0
APPLE MACBOOK PRO - APPLE M1  / 8GB RAM / 256GB SSD USED LAPTOP,APPLE,MACBOOK PRO,M1,0,Used,8.0,256.0,SSD,164100.0
ACER ASPIRE - AMD RYZEN 7 8th Gen / 8GB RAM / 256GB SSD USED LAPTOP,ACER,ASPIRE,RYZEN 7,8,Used,8.0,256.0,SSD,118000.0
APPLE MACBOOK AIR - APPLE M2  / 16GB RAM / 512GB SSD USED LAPTOP,APPLE,MACBOOK AIR,M2,0,Used,16.0,512.0,SSD,242200.0
ACER SWIFT - INTEL CORE I9 11th Gen / 32GB RAM / 512GB SSD USED LAPTOP,ACER,SWIFT,I9,11,Used,32.0,512.0,SSD,276200.0
ASUS VIVOBOOK - AMD RYZEN 3 5th Gen / 16GB RAM / 1024GB SSD USED LAPTOP,ASUS,VIVOBOOK,RYZEN 3,5,Used,16.0,1024.0,SSD,114700.0
ACER ASPIRE - INTEL CORE I9 6th Gen / 32GB RAM / 512GB SSD USED LAPTOP,ACER,ASPIRE,I9,6,Used,32.0,512.0,SSD,222800.0
ACER SWIFT - AMD RYZEN 3 5th Gen / 32GB RAM / 1024GB SSD USED LAPTOP,ACER,SWIFT,RYZEN 3,5,Used,32.0,1024.0,SSD,150300.0
APPLE MACBOOK AIR - APPLE M1  / 16GB RAM / 512GB SSD USED LAPTOP,APPLE,MACBOOK AIR,M1,0,Used,16.0,512.0,SSD,202300.0
HP ENVY - INTEL CORE I9 8th Gen / 32GB RAM / 256GB SSD USED LAPTOP,HP,ENVY,I9,8,Used,32.0,256.0,SSD,234400.0
HP ENVY - AMD RYZEN 3 5th Gen / 32GB RAM / 256GB SSD USED LAPTOP,HP,ENVY,RYZEN 3,5,Used,32.0,256.0,SSD,110100.0
DELL LATITUDE - INTEL CORE I9 7th Gen / 8GB RAM / 256GB SSD USED LAPTOP,DELL,LATITUDE,I9,7,Used,8.0,256.0,SSD,176900.0
HP ELITEBOOK - INTEL CORE I7 6th Gen / 32GB RAM / 1024GB SSD USED LAPTOP,HP,ELITEBOOK,I7,6,Used,32.0,1024.0,SSD,204700.0
ASUS ROG - INTEL CORE I5 12th Gen / 32GB RAM / 1024GB SSD NEW LAPTOP,ASUS,ROG,I5,12,New,32.0,1024.0,SSD,318600.0
HP ENVY - INTEL CORE I9 6th Gen / 8GB RAM / 256GB SSD USED LAPTOP,HP,ENVY,I9,6,Used,8.0,256.0,SSD,159000.0
ASUS VIVOBOOK - AMD RYZEN 7 8th Gen / 32GB RAM / 1024GB HDD USED LAPTOP,ASUS,VIVOBOOK,RYZEN 7,8,Used,32.0,1024.0,HDD,203100.0
ASUS ROG - AMD RYZEN 7 8th Gen / 32GB RAM / 256GB SSD USED LAPTOP,ASUS,ROG,RYZEN 7,8,Used,32.0,256.0,SSD,190000.0
ACER NITRO - INTEL CORE I3 11th Gen / 32GB RAM / 512GB SSD USED LAPTOP,ACER,NITRO,I3,11,Used,32.0,512.0,SSD,174900.0
DELL VOSTRO - AMD RYZEN 5 7th Gen / 8GB RAM / 1024GB SSD USED LAPTOP,DELL,VOSTRO,RYZEN 5,7,Used,8.0,1024.0,SSD,131500.0
ACER NITRO - AMD RYZEN 3 5th Gen / 8GB RAM / 256GB SSD NEW LAPTOP,ACER,NITRO,RYZEN 3,5,New,8.0,256.0,SSD,79000.0
HP PAVILION - AMD RYZEN 5 7th Gen / 16GB RAM / 1024GB SSD USED LAPTOP,HP,PAVILION,RYZEN 5,7,Used,16.0,1024.0,SSD,133300.0
ASUS ZENBOOK - AMD RYZEN 7 8th Gen / 8GB RAM / 256GB SSD USED LAPTOP,ASUS,ZENBOOK,RYZEN 7,8,Used,8.0,256.0,SSD,134400.0
ASUS ROG - INTEL CORE I9 8th Gen / 32GB RAM / 256GB SSD NEW LAPTOP,ASUS,ROG,I9,8,New,32.0,256.0,SSD,345400.0
APPLE MACBOOK AIR - APPLE M3  / 16GB RAM / 256GB SSD NEW LAPTOP,APPLE,MACBOOK AIR,M3,0,New,16.0,256.0,SSD,356600.0
APPLE MACBOOK PRO - APPLE M2  / 32GB RAM / 256GB SSD USED LAPTOP,APPLE,MACBOOK PRO,M2,0,Used,32.0,256.0,SSD,264900.0
ASUS TUF - INTEL CORE I7 6th Gen / 16GB RAM / 512GB SSD USED LAPTOP,ASUS,TUF,I7,6,Used,16.0,512.0,SSD,143600.0
DELL INSPIRON - AMD RYZEN 5 7th Gen / 32GB RAM / 256GB SSD NEW LAPTOP,DELL,INSPIRON,RYZEN 5,7,New,32.0,256.0,SSD,192500.0
HP PAVILION - INTEL CORE I5 7th Gen / 16GB RAM / 256GB SSD USED LAPTOP,HP,PAVILION,I5,7,Used,16.0,256.0,SSD,108700.0
HP ELITEBOOK - INTEL CORE I5 13th Gen / 8GB RAM / 1024GB SSD USED LAPTOP,HP,ELITEBOOK,I5,13,Used,8.0,1024.0,SSD,193900.0
DELL VOSTRO - AMD RYZEN 7 8th Gen / 16GB RAM / 512GB SSD USED LAPTOP,DELL,VOSTRO,RYZEN 7,8,Used,16.0,512.0,SSD,158200.0
HP ELITEBOOK - AMD RYZEN 3 5th Gen / 32GB RAM / 256GB SSD USED LAPTOP,HP,ELITEBOOK,RYZEN 3,5,Used,32.0,256.0,SSD,114300.0
HP SPECTRE - AMD RYZEN 7 8th Gen / 8GB RAM / 1024GB HDD NEW LAPTOP,HP,SPECTRE,RYZEN 7,8,New,8.0,1024.0,HDD,193800.0
HP ENVY - INTEL CORE I7 8th Gen / 16GB RAM / 256GB SSD USED LAPTOP,HP,ENVY,I7,8,Used,16.0,256.0,SSD,147300.0
DELL INSPIRON - AMD RYZEN 7 8th Gen / 8GB RAM / 1024GB SSD USED LAPTOP,DELL,INSPIRON,RYZEN 7,8,Used,8.0,1024.0,SSD,175900.0
ACER NITRO - AMD RYZEN 5 7th Gen / 8GB RAM / 256GB SSD USED LAPTOP,ACER,NITRO,RYZEN 5,7,Used,8.0,256.0,SSD,95100.0
APPLE MACBOOK PRO - INTEL CORE I5 9th Gen / 16GB RAM / 512GB SSD USED LAPTOP,APPLE,MACBOOK PRO,I5,9,Used,16.0,512.0,SSD,151000.0
ASUS ZENBOOK - AMD RYZEN 7 8th Gen / 16GB RAM / 1024GB HDD USED LAPTOP,ASUS,ZENBOOK,RYZEN 7,8,Used,16.0,1024.0,HDD,168700.0
ASUS ZENBOOK - AMD RYZEN 3 5th Gen / 8GB RAM / 256GB SSD USED LAPTOP,ASUS,ZENBOOK,RYZEN 3,5,Used,8.0,256.0,SSD,65500.0
ASUS VIVOBOOK - AMD RYZEN 3 5th Gen / 16GB RAM / 512GB SSD USED LAPTOP,ASUS,VIVOBOOK,RYZEN 3,5,Used,16.0,512.0,SSD,97800.0
HP ELITEBOOK - INTEL CORE I7 11th Gen / 32GB RAM / 512GB SSD USED LAPTOP,HP,ELITEBOOK,I7,11,Used,32.0,512.0,SSD,209800.0
HP ENVY - INTEL CORE I9 11th Gen / 8GB RAM / 256GB SSD USED LAPTOP,HP,ENVY,I9,11,Used,8.0,256.0,SSD,201600.0
ASUS TUF - AMD RYZEN 3 5th Gen / 16GB RAM / 512GB SSD USED LAPTOP,ASUS,TUF,RYZEN 3,5,Used,16.0,512.0,SSD,93800.0
HP ELITEBOOK - AMD RYZEN 7 8th Gen / 32GB RAM / 256GB SSD USED LAPTOP,HP,ELITEBOOK,RYZEN 7,8,Used,32.0,256.0,SSD,173500.0
ACER SWIFT - AMD RYZEN 7 8th Gen / 8GB RAM / 1024GB HDD NEW LAPTOP,ACER,SWIFT,RYZEN 7,8,New,8.0,1024.0,HDD,215200.0
ASUS VIVOBOOK - INTEL CORE I3 11th Gen / 32GB RAM / 256GB SSD USED LAPTOP,ASUS,VIVOBOOK,I3,11,Used,32.0,256.0,SSD,167600.0
ACER NITRO - INTEL CORE I3 9th Gen / 8GB RAM / 1024GB SSD USED LAPTOP,ACER,NITRO,I3,9,Used,8.0,1024.0,SSD,129500.0
ACER SWIFT - INTEL CORE I5 10th Gen / 32GB RAM / 512GB SSD USED LAPTOP,ACER,SWIFT,I5,10,Used,32.0,512.0,SSD,180500.0
ACER NITRO - INTEL CORE I5 7th Gen / 8GB RAM / 256GB SSD USED LAPTOP,ACER,NITRO,I5,7,Used,8.0,256.0,SSD,82000.0
HP ENVY - AMD RYZEN 3 5th Gen / 16GB RAM / 256GB SSD USED LAPTOP,HP,ENVY,RYZEN 3,5,Used,16.0,256.0,SSD,70200.0
ASUS ROG - INTEL CORE I7 13th Gen / 8GB RAM / 256GB SSD USED LAPTOP,ASUS,ROG,I7,13,Used,8.0,256.0,SSD,165000.0
HP VICTUS - AMD RYZEN 5 7th Gen / 16GB RAM / 512GB SSD USED LAPTOP,HP,VICTUS,RYZEN 5,7,Used,16.0,512.0,SSD,117600.0
DELL PRECISION - INTEL CORE I5 8th Gen / 16GB RAM / 512GB SSD USED LAPTOP,DELL,PRECISION,I5,8,Used,16.0,512.0,SSD,136600.0
APPLE MACBOOK AIR - INTEL CORE I5 10th Gen / 8GB RAM / 256GB SSD USED LAPTOP,APPLE,MACBOOK AIR,I5,10,Used,8.0,256.0,SSD,130200.0
ASUS ROG - INTEL CORE I3 12th Gen / 16GB RAM / 512GB SSD USED LAPTOP,ASUS,ROG,I3,12,Used,16.0,512.0,SSD,152900.0
ACER SWIFT - INTEL CORE I3 11th Gen / 8GB RAM / 512GB SSD USED LAPTOP,ACER,SWIFT,I3,11,Used,8.0,512.0,SSD,118800.0
DELL XPS - INTEL CORE I5 8th Gen / 32GB RAM / 512GB SSD USED LAPTOP,DELL,XPS,I5,8,Used,32.0,512.0,SSD,181700.0
ACER SWIFT - INTEL CORE I5 9th Gen / 8GB RAM / 1024GB SSD USED LAPTOP,ACER,SWIFT,I5,9,Used,8.0,1024.0,SSD,139300.0
APPLE MACBOOK PRO - INTEL CORE I5 9th Gen / 8GB RAM / 512GB SSD NEW LAPTOP,APPLE,MACBOOK PRO,I5,9,New,8.0,512.0,SSD,210100.0
DELL LATITUDE - INTEL CORE I5 12th Gen / 8GB RAM / 1024GB HDD USED LAPTOP,DELL,LATITUDE,I5,12,Used,8.0,1024.0,HDD,158900.0
ACER NITRO - INTEL CORE I5 13th Gen / 16GB RAM / 1024GB SSD USED LAPTOP,ACER,NITRO,I5,13,Used,16.0,1024.0,SSD,186200.0
ACER NITRO - AMD RYZEN 7 8th Gen / 8GB RAM / 256GB SSD USED LAPTOP,ACER,NITRO,RYZEN 7,8,Used,8.0,256.0,SSD,116900.0
APPLE MACBOOK PRO - APPLE M3  / 8GB RAM / 1024GB SSD USED LAPTOP,APPLE,MACBOOK PRO,M3,0,Used,8.0,1024.0,SSD,288300.0
ASUS ZENBOOK - AMD RYZEN 3 5th Gen / 32GB RAM / 512GB SSD USED LAPTOP,ASUS,ZENBOOK,RYZEN 3,5,Used,32.0,512.0,SSD,128500.0
DELL PRECISION - INTEL CORE I3 6th Gen / 32GB RAM / 256GB SSD USED LAPTOP,DELL,PRECISION,I3,6,Used,32.0,256.0,SSD,133000.0
APPLE MACBOOK AIR - INTEL CORE I7 9th Gen / 16GB RAM / 256GB SSD USED LAPTOP,APPLE,MACBOOK AIR,I7,9,Used,16.0,256.0,SSD,164300.0
APPLE MACBOOK AIR - APPLE M2  / 16GB RAM / 1024GB SSD USED LAPTOP,APPLE,MACBOOK AIR,M2,0,Used,16.0,1024.0,SSD,250500.0
HP SPECTRE - AMD RYZEN 5 7th Gen / 32GB RAM / 1024GB HDD USED LAPTOP,HP,SPECTRE,RYZEN 5,7,Used,32.0,1024.0,HDD,168200.0
DELL VOSTRO - INTEL CORE I3 10th Gen / 8GB RAM / 256GB SSD USED LAPTOP,DELL,VOSTRO,I3,10,Used,8.0,256.0,SSD,107000.0
APPLE MACBOOK AIR - APPLE M1  / 8GB RAM / 1024GB SSD NEW LAPTOP,APPLE,MACBOOK AIR,M1,0,New,8.0,1024.0,SSD,283400.0
ACER NITRO - INTEL CORE I9 12th Gen / 32GB RAM / 256GB SSD USED LAPTOP,ACER,NITRO,I9,12,Used,32.0,256.0,SSD,264000.0
ASUS ROG - AMD RYZEN 7 8th Gen / 16GB RAM / 1024GB SSD USED LAPTOP,ASUS,ROG,RYZEN 7,8,Used,16.0,1024.0,SSD,192000.0
DELL VOSTRO - INTEL CORE I5 11th Gen / 8GB RAM / 256GB SSD NEW LAPTOP,DELL,VOSTRO,I5,11,New,8.0,256.0,SSD,176100.0
HP PROBOOK - AMD RYZEN 5 7th Gen / 32GB RAM / 512GB SSD NEW LAPTOP,HP,PROBOOK,RYZEN 5,7,New,32.0,512.0,SSD,226800.0
DELL VOSTRO - INTEL CORE I7 9th Gen / 16GB RAM / 256GB SSD USED LAPTOP,DELL,VOSTRO,I7,9,Used,16.0,256.0,SSD,163900.0
APPLE MACBOOK PRO - APPLE M2  / 32GB RAM / 512GB SSD USED LAPTOP,APPLE,MACBOOK PRO,M2,0,Used,32.0,512.0,SSD,261700.0
DELL XPS - INTEL CORE I5 6th Gen / 32GB RAM / 512GB SSD NEW LAPTOP,DELL,XPS,I5,6,New,32.0,512.0,SSD,225300.0
DELL VOSTRO - INTEL CORE I9 8th Gen / 16GB RAM / 1024GB SSD USED LAPTOP,DELL,VOSTRO,I9,8,Used,16.0,1024.0,SSD,249900.0
APPLE MACBOOK PRO - APPLE M2  / 16GB RAM / 256GB SSD USED LAPTOP,APPLE,MACBOOK PRO,M2,0,Used,16.0,256.0,SSD,215600.0
APPLE MACBOOK AIR - APPLE M3  / 16GB RAM / 256GB SSD USED LAPTOP,APPLE,MACBOOK AIR,M3,0,Used,16.0,256.0,SSD,266900.0
HP ELITEBOOK - INTEL CORE I9 11th Gen / 16GB RAM / 1024GB SSD NEW LAPTOP,HP,ELITEBOOK,I9,11,New,16.0,1024.0,SSD,357400.0
ASUS TUF - INTEL CORE I9 11th Gen / 16GB RAM / 512GB SSD USED LAPTOP,ASUS,TUF,I9,11,Used,16.0,512.0,SSD,250700.0
APPLE MACBOOK AIR - APPLE M1  / 8GB RAM / 512GB SSD USED LAPTOP,APPLE,MACBOOK AIR,M1,0,Used,8.0,512.0,SSD,161600.0
APPLE MACBOOK PRO - APPLE M2  / 32GB RAM / 256GB SSD USED LAPTOP,APPLE,MACBOOK PRO,M2,0,Used,32.0,256.0,SSD,250800.0
DELL VOSTRO - INTEL CORE I7 6th Gen / 8GB RAM / 512GB SSD USED LAPTOP,DELL,VOSTRO,I7,6,Used,8.0,512.0,SSD,128100.0
APPLE MACBOOK PRO - INTEL CORE I7 10th Gen / 32GB RAM / 256GB SSD USED LAPTOP,APPLE,MACBOOK PRO,I7,10,Used,32.0,256.0,SSD,202300.0
ACER SWIFT - AMD RYZEN 5 7th Gen / 32GB RAM / 256GB SSD USED LAPTOP,ACER,SWIFT,RYZEN 5,7,Used,32.0,256.0,SSD,132200.0
ACER SWIFT - INTEL CORE I3 6th Gen / 8GB RAM / 1024GB SSD USED LAPTOP,ACER,SWIFT,I3,6,Used,8.0,1024.0,SSD,100700.0
APPLE MACBOOK AIR - APPLE M1  / 32GB RAM / 256GB SSD USED LAPTOP,APPLE,MACBOOK AIR,M1,0,Used,32.0,256.0,SSD,229200.0
ACER ASPIRE - INTEL CORE I7 6th Gen / 8GB RAM / 256GB SSD USED LAPTOP,ACER,ASPIRE,I7,6,Used,8.0,256.0,SSD,112900.0
APPLE MACBOOK AIR - APPLE M3  / 32GB RAM / 256GB SSD USED LAPTOP,APPLE,MACBOOK AIR,M3,0,Used,32.0,256.0,SSD,297100.0
ASUS ROG - AMD RYZEN 3 5th Gen / 8GB RAM / 1024GB SSD USED LAPTOP,ASUS,ROG,RYZEN 3,5,Used,8.0,1024.0,SSD,103300.0
ACER NITRO - AMD RYZEN 7 8th Gen / 32GB RAM / 256GB SSD USED LAPTOP,ACER,NITRO,RYZEN 7,8,Used,32.0,256.0,SSD,175600.0
DELL LATITUDE - INTEL CORE I9 12th Gen / 8GB RAM / 512GB SSD USED LAPTOP,DELL,LATITUDE,I9,12,Used,8.0,512.0,SSD,249500.0
ACER SWIFT - INTEL CORE I7 11th Gen / 16GB RAM / 256GB SSD USED LAPTOP,ACER,SWIFT,I7,11,Used,16.0,256.0,SSD,168600.0
HP PAVILION - AMD RYZEN 3 5th Gen / 8GB RAM / 512GB SSD USED LAPTOP,HP,PAVILION,RYZEN 3,5,Used,8.0,512.0,SSD,73600.0
DELL VOSTRO - INTEL CORE I7 10th Gen / 32GB RAM / 512GB SSD USED LAPTOP,DELL,VOSTRO,I7,10,Used,32.0,512.0,SSD,197600.0
DELL VOSTRO - INTEL CORE I7 6th Gen / 16GB RAM / 1024GB SSD USED LAPTOP,DELL,VOSTRO,I7,6,Used,16.0,1024.0,SSD,159200.0
ASUS TUF - AMD RYZEN 5 7th Gen / 8GB RAM / 256GB SSD USED LAPTOP,ASUS,TUF,RYZEN 5,7,Used,8.0,256.0,SSD,99500.0
ACER ASPIRE - AMD RYZEN 3 5th Gen / 32GB RAM / 256GB SSD USED LAPTOP,ACER,ASPIRE,RYZEN 3,5,Used,32.0,256.0,SSD,102100.0
HP VICTUS - AMD RYZEN 7 8th Gen / 16GB RAM / 256GB SSD USED LAPTOP,HP,VICTUS,RYZEN 7,8,Used,16.0,256.0,SSD,147900.0
HP ELITEBOOK - INTEL CORE I9 11th Gen / 32GB RAM / 256GB SSD USED LAPTOP,HP,ELITEBOOK,I9,11,Used,32.0,256.0,SSD,270800.0
ACER SWIFT - INTEL CORE I5 11th Gen / 32GB RAM / 512GB SSD USED LAPTOP,ACER,SWIFT,I5,11,Used,32.0,512.0,SSD,192900.0
DELL XPS - INTEL CORE I9 13th Gen / 16GB RAM / 1024GB HDD USED LAPTOP,DELL,XPS,I9,13,Used,16.0,1024.0,HDD,288700.0
ACER ASPIRE - INTEL CORE I5 12th Gen / 8GB RAM / 512GB SSD USED LAPTOP,ACER,ASPIRE,I5,12,Used,8.0,512.0,SSD,134800.0
HP ENVY - AMD RYZEN 5 7th Gen / 8GB RAM / 1024GB SSD USED LAPTOP,HP,ENVY,RYZEN 5,7,Used,8.0,1024.0,SSD,116700.0
ACER ASPIRE - AMD RYZEN 7 8th Gen / 32GB RAM / 512GB SSD USED LAPTOP,ACER,ASPIRE,RYZEN 7,8,Used,32.0,512.0,SSD,175100.0
APPLE MACBOOK AIR - INTEL CORE I7 7th Gen / 8GB RAM / 1024GB SSD USED LAPTOP,APPLE,MACBOOK AIR,I7,7,Used,8.0,1024.0,SSD,182400.0
ACER ASPIRE - AMD RYZEN 3 5th Gen / 32GB RAM / 512GB SSD USED LAPTOP,ACER,ASPIRE,RYZEN 3,5,Used,32.0,512.0,SSD,110500.0
ASUS VIVOBOOK - INTEL CORE I5 13th Gen / 8GB RAM / 256GB SSD USED LAPTOP,ASUS,VIVOBOOK,I5,13,Used,8.0,256.0,SSD,142300.0
APPLE MACBOOK AIR - APPLE M1  / 16GB RAM / 1024GB SSD USED LAPTOP,APPLE,MACBOOK AIR,M1,0,Used,16.0,1024.0,SSD,209600.0
APPLE MACBOOK PRO - APPLE M3  / 16GB RAM / 1024GB SSD USED LAPTOP,APPLE,MACBOOK PRO,M3,0,Used,16.0,1024.0,SSD,281000.0
DELL XPS - INTEL CORE I5 11th Gen / 8GB RAM / 512GB SSD USED LAPTOP,DELL,XPS,I5,11,Used,8.0,512.0,SSD,141100.0
HP VICTUS - AMD RYZEN 5 7th Gen / 8GB RAM / 512GB SSD USED LAPTOP,HP,VICTUS,RYZEN 5,7,Used,8.0,512.0,SSD,107200.0
ACER NITRO - INTEL CORE I9 10th Gen / 8GB RAM / 1024GB SSD USED LAPTOP,ACER,NITRO,I9,10,Used,8.0,1024.0,SSD,217700.0
HP PROBOOK - INTEL CORE I5 8th Gen / 32GB RAM / 1024GB SSD USED LAPTOP,HP,PROBOOK,I5,8,Used,32.0,1024.0,SSD,188900.0
APPLE MACBOOK PRO - APPLE M1  / 16GB RAM / 512GB SSD USED LAPTOP,APPLE,MACBOOK PRO,M1,0,Used,16.0,512.0,SSD,193700.0
APPLE MACBOOK PRO - APPLE M1  / 32GB RAM / 1024GB SSD USED LAPTOP,APPLE,MACBOOK PRO,M1,0,Used,32.0,1024.0,SSD,236400.0
ACER SWIFT - INTEL CORE I3 13th Gen / 32GB RAM / 512GB SSD USED LAPTOP,ACER,SWIFT,I3,13,Used,32.0,512.0,SSD,192700.0
APPLE MACBOOK AIR - APPLE M3  / 16GB RAM / 1024GB HDD USED LAPTOP,APPLE,MACBOOK AIR,M3,0,Used,16.0,1024.0,HDD,300500.0
ASUS TUF - AMD RYZEN 3 5th Gen / 32GB RAM / 1024GB SSD USED LAPTOP,ASUS,TUF,RYZEN 3,5,Used,32.0,1024.0,SSD,145000.0
DELL VOSTRO - AMD RYZEN 3 5th Gen / 32GB RAM / 512GB SSD NEW LAPTOP,DELL,VOSTRO,RYZEN 3,5,New,32.0,512.0,SSD,165500.0
APPLE MACBOOK PRO - APPLE M1  / 16GB RAM / 1024GB SSD NEW LAPTOP,APPLE,MACBOOK PRO,M1,0,New,16.0,1024.0,SSD,286900.0
HP VICTUS - AMD RYZEN 3 5th Gen / 16GB RAM / 512GB SSD USED LAPTOP,HP,VICTUS,RYZEN 3,5,Used,16.0,512.0,SSD,88800.0
ASUS TUF - INTEL CORE I3 6th Gen / 8GB RAM / 512GB SSD USED LAPTOP,ASUS,TUF,I3,6,Used,8.0,512.0,SSD,78200.0
ACER NITRO - INTEL CORE I9 10th Gen / 16GB RAM / 256GB SSD USED LAPTOP,ACER,NITRO,I9,10,Used,16.0,256.0,SSD,207800.0
ASUS VIVOBOOK - INTEL CORE I9 12th Gen / 16GB RAM / 256GB SSD USED LAPTOP,ASUS,VIVOBOOK,I9,12,Used,16.0,256.0,SSD,224300.0
DELL VOSTRO - INTEL CORE I3 13th Gen / 32GB RAM / 512GB SSD USED LAPTOP,DELL,VOSTRO,I3,13,Used,32.0,512.0,SSD,187500.0
DELL XPS - INTEL CORE I7 10th Gen / 32GB RAM / 512GB SSD USED LAPTOP,DELL,XPS,I7,10,Used,32.0,512.0,SSD,214200.0
ASUS ZENBOOK - INTEL CORE I5 9th Gen / 32GB RAM / 256GB SSD USED LAPTOP,ASUS,ZENBOOK,I5,9,Used,32.0,256.0,SSD,163400.0
ASUS VIVOBOOK - INTEL CORE I9 8th Gen / 32GB RAM / 512GB SSD USED LAPTOP,ASUS,VIVOBOOK,I9,8,Used,32.0,512.0,SSD,237100.0
APPLE MACBOOK PRO - APPLE M3  / 8GB RAM / 1024GB HDD USED LAPTOP,APPLE,MACBOOK PRO,M3,0,Used,8.0,1024.0,HDD,274600.0
HP VICTUS - INTEL CORE I7 11th Gen / 8GB RAM / 1024GB SSD USED LAPTOP,HP,VICTUS,I7,11,Used,8.0,1024.0,SSD,188900.0
APPLE MACBOOK PRO - INTEL CORE I7 11th Gen / 8GB RAM / 256GB SSD USED LAPTOP,APPLE,MACBOOK PRO,I7,11,Used,8.0,256.0,SSD,187500.0
DELL LATITUDE - INTEL CORE I3 8th Gen / 32GB RAM / 512GB SSD USED LAPTOP,DELL,LATITUDE,I3,8,Used,32.0,512.0,SSD,143300.0
HP VICTUS - INTEL CORE I7 8th Gen / 32GB RAM / 1024GB SSD USED LAPTOP,HP,VICTUS,I7,8,Used,32.0,1024.0,SSD,203400.0
DELL INSPIRON - INTEL CORE I9 11th Gen / 8GB RAM / 1024GB SSD USED LAPTOP,DELL,INSPIRON,I9,11,Used,8.0,1024.0,SSD,247600.0
ASUS TUF - AMD RYZEN 5 7th Gen / 16GB RAM / 1024GB SSD USED LAPTOP,ASUS,TUF,RYZEN 5,7,Used,16.0,1024.0,SSD,146400.0
ACER SWIFT - AMD RYZEN 3 5th Gen / 8GB RAM / 256GB SSD USED LAPTOP,ACER,SWIFT,RYZEN 3,5,Used,8.0,256.0,SSD,54000.0
HP ELITEBOOK - AMD RYZEN 7 8th Gen / 16GB RAM / 1024GB SSD USED LAPTOP,HP,ELITEBOOK,RYZEN 7,8,Used,16.0,1024.0,SSD,168000.0
ACER ASPIRE - INTEL CORE I3 11th Gen / 8GB RAM / 256GB SSD USED LAPTOP,ACER,ASPIRE,I3,11,Used,8.0,256.0,SSD,117400.0
ACER SWIFT - AMD RYZEN 5 7th Gen / 16GB RAM / 512GB SSD USED LAPTOP,ACER,SWIFT,RYZEN 5,7,Used,16.0,512.0,SSD,108800.0
APPLE MACBOOK AIR - APPLE M2  / 32GB RAM / 1024GB HDD USED LAPTOP,APPLE,MACBOOK AIR,M2,0,Used,32.0,1024.0,HDD,269400.0
HP PAVILION - INTEL CORE I5 13th Gen / 16GB RAM / 512GB SSD USED LAPTOP,HP,PAVILION,I5,13,Used,16.0,512.0,SSD,175100.0
ASUS TUF - AMD RYZEN 3 5th Gen / 32GB RAM / 1024GB SSD USED LAPTOP,ASUS,TUF,RYZEN 3,5,Used,32.0,1024.0,SSD,153700.0
DELL LATITUDE - AMD RYZEN 3 5th Gen / 16GB RAM / 256GB SSD USED LAPTOP,DELL,LATITUDE,RYZEN 3,5,Used,16.0,256.0,SSD,83000.0
APPLE MACBOOK AIR - APPLE M1  / 16GB RAM / 512GB SSD USED LAPTOP,APPLE,MACBOOK AIR,M1,0,Used,16.0,512.0,SSD,173800.0
APPLE MACBOOK PRO - APPLE M2  / 16GB RAM / 1024GB SSD USED LAPTOP,APPLE,MACBOOK PRO,M2,0,Used,16.0,1024.0,SSD,270600.0
APPLE MACBOOK AIR - APPLE M1  / 32GB RAM / 1024GB SSD USED LAPTOP,APPLE,MACBOOK AIR,M1,0,Used,32.0,1024.0,SSD,228000.0
APPLE MACBOOK PRO - INTEL CORE I5 9th Gen / 8GB RAM / 1024GB SSD USED LAPTOP,APPLE,MACBOOK PRO,I5,9,Used,8.0,1024.0,SSD,159000.0
ACER SWIFT - INTEL CORE I9 6th Gen / 32GB RAM / 512GB SSD USED LAPTOP,ACER,SWIFT,I9,6,Used,32.0,512.0,SSD,218900.0
DELL VOSTRO - INTEL CORE I3 13th Gen / 16GB RAM / 512GB SSD USED LAPTOP,DELL,VOSTRO,I3,13,Used,16.0,512.0,SSD,171800.0
DELL PRECISION - AMD RYZEN 5 7th Gen / 32GB RAM / 512GB SSD USED LAPTOP,DELL,PRECISION,RYZEN 5,7,Used,32.0,512.0,SSD,151500.0
DELL INSPIRON - INTEL CORE I9 6th Gen / 16GB RAM / 1024GB HDD USED LAPTOP,DELL,INSPIRON,I9,6,Used,16.0,1024.0,HDD,197500.0
DELL INSPIRON - AMD RYZEN 7 8th Gen / 32GB RAM / 512GB SSD USED LAPTOP,DELL,INSPIRON,RYZEN 7,8,Used,32.0,512.0,SSD,201400.0
ASUS VIVOBOOK - INTEL CORE I9 9th Gen / 8GB RAM / 512GB SSD USED LAPTOP,ASUS,VIVOBOOK,I9,9,Used,8.0,512.0,SSD,196800.0
ACER NITRO - AMD RYZEN 7 8th Gen / 16GB RAM / 512GB SSD USED LAPTOP,ACER,NITRO,RYZEN 7,8,Used,16.0,512.0,SSD,150400.0
HP VICTUS - INTEL CORE I3 11th Gen / 16GB RAM / 1024GB SSD USED LAPTOP,HP,VICTUS,I3,11,Used,16.0,1024.0,SSD,155300.0
ASUS ROG - AMD RYZEN 3 5th Gen / 16GB RAM / 1024GB SSD USED LAPTOP,ASUS,ROG,RYZEN 3,5,Used,16.0,1024.0,SSD,119600.0
HP SPECTRE - AMD RYZEN 7 8th Gen / 8GB RAM / 256GB SSD USED LAPTOP,HP,SPECTRE,RYZEN 7,8,Used,8.0,256.0,SSD,130000.0
DELL XPS - INTEL CORE I7 13th Gen / 8GB RAM / 1024GB SSD USED LAPTOP,DELL,XPS,I7,13,Used,8.0,1024.0,SSD,203400.0
DELL LATITUDE - INTEL CORE I3 10th Gen / 32GB RAM / 512GB SSD USED LAPTOP,DELL,LATITUDE,I3,10,Used,32.0,512.0,SSD,160000.0
ASUS VIVOBOOK - INTEL CORE I3 11th Gen / 8GB RAM / 1024GB SSD USED LAPTOP,ASUS,VIVOBOOK,I3,11,Used,8.0,1024.0,SSD,141500.0
APPLE MACBOOK PRO - APPLE M1  / 16GB RAM / 256GB SSD NEW LAPTOP,APPLE,MACBOOK PRO,M1,0,New,16.0,256.0,SSD,240600.0
ASUS TUF - AMD RYZEN 7 8th Gen / 8GB RAM / 1024GB SSD NEW LAPTOP,ASUS,TUF,RYZEN 7,8,New,8.0,1024.0,SSD,227800.0
HP ELITEBOOK - INTEL CORE I3 8th Gen / 8GB RAM / 512GB SSD USED LAPTOP,HP,ELITEBOOK,I3,8,Used,8.0,512.0,SSD,93300.0
ASUS VIVOBOOK - AMD RYZEN 5 7th Gen / 8GB RAM / 256GB SSD USED LAPTOP,ASUS,VIVOBOOK,RYZEN 5,7,Used,8.0,256.0,SSD,91700.0
APPLE MACBOOK AIR - INTEL CORE I7 13th Gen / 32GB RAM / 512GB SSD USED LAPTOP,APPLE,MACBOOK AIR,I7,13,Used,32.0,512.0,SSD,275600.0
ASUS TUF - AMD RYZEN 7 8th Gen / 32GB RAM / 512GB SSD USED LAPTOP,ASUS,TUF,RYZEN 7,8,Used,32.0,512.0,SSD,195800.0
APPLE MACBOOK AIR - INTEL CORE I5 9th Gen / 32GB RAM / 512GB SSD USED LAPTOP,APPLE,MACBOOK AIR,I5,9,Used,32.0,512.0,SSD,190600.0
ASUS ZENBOOK - INTEL CORE I5 9th Gen / 8GB RAM / 1024GB SSD USED LAPTOP,ASUS,ZENBOOK,I5,9,Used,8.0,1024.0,SSD,144700.0
ASUS VIVOBOOK - INTEL CORE I5 7th Gen / 8GB RAM / 512GB SSD USED LAPTOP,ASUS,VIVOBOOK,I5,7,Used,8.0,512.0,SSD,105300.0
HP ENVY - INTEL CORE I5 11th Gen / 8GB RAM / 256GB SSD USED LAPTOP,HP,ENVY,I5,11,Used,8.0,256.0,SSD,134800.0
HP SPECTRE - AMD RYZEN 5 7th Gen / 16GB RAM / 1024GB SSD USED LAPTOP,HP,SPECTRE,RYZEN 5,7,Used,16.0,1024.0,SSD,148800.0
APPLE MACBOOK PRO - APPLE M1  / 16GB RAM / 256GB SSD USED LAPTOP,APPLE,MACBOOK PRO,M1,0,Used,16.0,256.0,SSD,166600.0
ASUS VIVOBOOK - AMD RYZEN 3 5th Gen / 8GB RAM / 256GB SSD USED LAPTOP,ASUS,VIVOBOOK,RYZEN 3,5,Used,8.0,256.0,SSD,58600.0
DELL LATITUDE - INTEL CORE I5 7th Gen / 32GB RAM / 256GB SSD USED LAPTOP,DELL,LATITUDE,I5,7,Used,32.0,256.0,SSD,143200.0
APPLE MACBOOK AIR - APPLE M1  / 16GB RAM / 1024GB HDD USED LAPTOP,APPLE,MACBOOK AIR,M1,0,Used,16.0,1024.0,HDD,193000.0
APPLE MACBOOK PRO - APPLE M1  / 16GB RAM / 256GB SSD NEW LAPTOP,APPLE,MACBOOK PRO,M1,0,New,16.0,256.0,SSD,242300.0
APPLE MACBOOK PRO - INTEL CORE I7 9th Gen / 16GB RAM / 512GB SSD USED LAPTOP,APPLE,MACBOOK PRO,I7,9,Used,16.0,512.0,SSD,179600.0
APPLE MACBOOK PRO - APPLE M3  / 32GB RAM / 512GB SSD USED LAPTOP,APPLE,MACBOOK PRO,M3,0,Used,32.0,512.0,SSD,327700.0
ASUS ROG - AMD RYZEN 3 5th Gen / 16GB RAM / 1024GB SSD USED LAPTOP,ASUS,ROG,RYZEN 3,5,Used,16.0,1024.0,SSD,108500.0
ASUS VIVOBOOK - INTEL CORE I5 10th Gen / 32GB RAM / 512GB SSD USED LAPTOP,ASUS,VIVOBOOK,I5,10,Used,32.0,512.0,SSD,174200.0
DELL PRECISION - AMD RYZEN 5 7th Gen / 16GB RAM / 256GB SSD USED LAPTOP,DELL,PRECISION,RYZEN 5,7,Used,16.0,256.0,SSD,111300.0
APPLE MACBOOK AIR - APPLE M2  / 32GB RAM / 256GB SSD USED LAPTOP,APPLE,MACBOOK AIR,M2,0,Used,32.0,256.0,SSD,265700.0
ASUS TUF - AMD RYZEN 3 5th Gen / 8GB RAM / 512GB SSD USED LAPTOP,ASUS,TUF,RYZEN 3,5,Used,8.0,512.0,SSD,71000.0
HP PROBOOK - AMD RYZEN 3 5th Gen / 8GB RAM / 256GB SSD NEW LAPTOP,HP,PROBOOK,RYZEN 3,5,New,8.0,256.0,SSD,79300.0
APPLE MACBOOK AIR - INTEL CORE I7 12th Gen / 8GB RAM / 256GB SSD USED LAPTOP,APPLE,MACBOOK AIR,I7,12,Used,8.0,256.0,SSD,189600.0
APPLE MACBOOK AIR - INTEL CORE I5 10th Gen / 32GB RAM / 1024GB SSD USED LAPTOP,APPLE,MACBOOK AIR,I5,10,Used,32.0,1024.0,SSD,240400.0
ASUS VIVOBOOK - AMD RYZEN 5 7th Gen / 32GB RAM / 1024GB SSD NEW LAPTOP,ASUS,VIVOBOOK,RYZEN 5,7,New,32.0,1024.0,SSD,252700.0
DELL PRECISION - INTEL CORE I9 12th Gen / 8GB RAM / 1024GB SSD USED LAPTOP,DELL,PRECISION,I9,12,Used,8.0,1024.0,SSD,266600.0
APPLE MACBOOK AIR - APPLE M3  / 8GB RAM / 512GB SSD USED LAPTOP,APPLE,MACBOOK AIR,M3,0,Used,8.0,512.0,SSD,250900.0
ACER NITRO - INTEL CORE I3 7th Gen / 16GB RAM / 512GB SSD USED LAPTOP,ACER,NITRO,I3,7,Used,16.0,512.0,SSD,95200.0
APPLE MACBOOK AIR - INTEL CORE I7 9th Gen / 32GB RAM / 512GB SSD USED LAPTOP,APPLE,MACBOOK AIR,I7,9,Used,32.0,512.0,SSD,211400.0
ASUS ROG - AMD RYZEN 3 5th Gen / 16GB RAM / 1024GB SSD USED LAPTOP,ASUS,ROG,RYZEN 3,5,Used,16.0,1024.0,SSD,112800.0
ACER SWIFT - INTEL CORE I7 9th Gen / 32GB RAM / 256GB SSD USED LAPTOP,ACER,SWIFT,I7,9,Used,32.0,256.0,SSD,189500.0
HP PROBOOK - INTEL CORE I5 11th Gen / 32GB RAM / 1024GB SSD NEW LAPTOP,HP,PROBOOK,I5,11,New,32.0,1024.0,SSD,315300.0
HP ENVY - INTEL CORE I7 13th Gen / 16GB RAM / 1024GB SSD USED LAPTOP,HP,ENVY,I7,13,Used,16.0,1024.0,SSD,221300.0
HP VICTUS - INTEL CORE I5 7th Gen / 8GB RAM / 1024GB SSD USED LAPTOP,HP,VICTUS,I5,7,Used,8.0,1024.0,SSD,126900.0
APPLE MACBOOK AIR - INTEL CORE I5 12th Gen / 32GB RAM / 512GB SSD NEW LAPTOP,APPLE,MACBOOK AIR,I5,12,New,32.0,512.0,SSD,289100.0
HP ENVY - INTEL CORE I5 9th Gen / 32GB RAM / 1024GB SSD USED LAPTOP,HP,ENVY,I5,9,Used,32.0,1024.0,SSD,201100.0
HP PAVILION - INTEL CORE I7 8th Gen / 8GB RAM / 512GB SSD USED LAPTOP,HP,PAVILION,I7,8,Used,8.0,512.0,SSD,141900.0
ACER ASPIRE - AMD RYZEN 7 8th Gen / 8GB RAM / 512GB SSD NEW LAPTOP,ACER,ASPIRE,RYZEN 7,8,New,8.0,512.0,SSD,180100.0
ASUS ZENBOOK - INTEL CORE I7 9th Gen / 16GB RAM / 1024GB SSD USED LAPTOP,ASUS,ZENBOOK,I7,9,Used,16.0,1024.0,SSD,201400.0
DELL PRECISION - INTEL CORE I9 13th Gen / 8GB RAM / 256GB SSD USED LAPTOP,DELL,PRECISION,I9,13,Used,8.0,256.0,SSD,248000.0
DELL XPS - AMD RYZEN 7 8th Gen / 32GB RAM / 256GB SSD USED LAPTOP,DELL,XPS,RYZEN 7,8,Used,32.0,256.0,SSD,193000.0
APPLE MACBOOK PRO - INTEL CORE I7 6th Gen / 16GB RAM / 1024GB HDD USED LAPTOP,APPLE,MACBOOK PRO,I7,6,Used,16.0,1024.0,HDD,178100.0
APPLE MACBOOK PRO - APPLE M1  / 32GB RAM / 256GB SSD USED LAPTOP,APPLE,MACBOOK PRO,M1,0,Used,32.0,256.0,SSD,209700.0
APPLE MACBOOK AIR - APPLE M3  / 8GB RAM / 512GB SSD USED LAPTOP,APPLE,MACBOOK AIR,M3,0,Used,8.0,512.0,SSD,269500.0
ASUS ZENBOOK - INTEL CORE I9 6th Gen / 16GB RAM / 256GB SSD USED LAPTOP,ASUS,ZENBOOK,I9,6,Used,16.0,256.0,SSD,192600.0
DELL PRECISION - INTEL CORE I7 6th Gen / 8GB RAM / 512GB SSD USED LAPTOP,DELL,PRECISION,I7,6,Used,8.0,512.0,SSD,131100.0
ACER NITRO - INTEL CORE I3 11th Gen / 32GB RAM / 1024GB HDD USED LAPTOP,ACER,NITRO,I3,11,Used,32.0,1024.0,HDD,189800.0
DELL PRECISION - INTEL CORE I5 11th Gen / 32GB RAM / 256GB SSD NEW LAPTOP,DELL,PRECISION,I5,11,New,32.0,256.0,SSD,276700.0
ASUS TUF - AMD RYZEN 3 5th Gen / 16GB RAM / 1024GB SSD NEW LAPTOP,ASUS,TUF,RYZEN 3,5,New,16.0,1024.0,SSD,155700.0
HP VICTUS - AMD RYZEN 5 7th Gen / 8GB RAM / 1024GB SSD USED LAPTOP,HP,VICTUS,RYZEN 5,7,Used,8.0,1024.0,SSD,122500.0
APPLE MACBOOK AIR - APPLE M2  / 16GB RAM / 256GB SSD USED LAPTOP,APPLE,MACBOOK AIR,M2,0,Used,16.0,256.0,SSD,224100.0
ASUS ZENBOOK - INTEL CORE I7 9th Gen / 32GB RAM / 256GB SSD USED LAPTOP,ASUS,ZENBOOK,I7,9,Used,32.0,256.0,SSD,179900.0
ACER SWIFT - INTEL CORE I5 7th Gen / 16GB RAM / 256GB SSD USED LAPTOP,ACER,SWIFT,I5,7,Used,16.0,256.0,SSD,100300.0
ACER NITRO - AMD RYZEN 7 8th Gen / 8GB RAM / 256GB SSD USED LAPTOP,ACER,NITRO,RYZEN 7,8,Used,8.0,256.0,SSD,115600.0
ACER ASPIRE - INTEL CORE I7 6th Gen / 32GB RAM / 512GB SSD USED LAPTOP,ACER,ASPIRE,I7,6,Used,32.0,512.0,SSD,171400.0
DELL VOSTRO - AMD RYZEN 7 8th Gen / 8GB RAM / 256GB SSD USED LAPTOP,DELL,VOSTRO,RYZEN 7,8,Used,8.0,256.0,SSD,129700.0
HP ENVY - AMD RYZEN 5 7th Gen / 16GB RAM / 1024GB HDD USED LAPTOP,HP,ENVY,RYZEN 5,7,Used,16.0,1024.0,HDD,140300.0
DELL PRECISION - AMD RYZEN 5 7th Gen / 32GB RAM / 1024GB SSD USED LAPTOP,DELL,PRECISION,RYZEN 5,7,Used,32.0,1024.0,SSD,169900.0
ACER SWIFT - AMD RYZEN 7 8th Gen / 32GB RAM / 1024GB HDD USED LAPTOP,ACER,SWIFT,RYZEN 7,8,Used,32.0,1024.0,HDD,200900.0
ASUS ZENBOOK - INTEL CORE I9 7th Gen / 32GB RAM / 1024GB SSD USED LAPTOP,ASUS,ZENBOOK,I9,7,Used,32.0,1024.0,SSD,286300.0
DELL VOSTRO - AMD RYZEN 5 7th Gen / 32GB RAM / 1024GB HDD USED LAPTOP,DELL,VOSTRO,RYZEN 5,7,Used,32.0,1024.0,HDD,166100.0
APPLE MACBOOK AIR - INTEL CORE I7 9th Gen / 32GB RAM / 512GB SSD NEW LAPTOP,APPLE,MACBOOK AIR,I7,9,New,32.0,512.0,SSD,285900.0
HP SPECTRE - AMD RYZEN 3 5th Gen / 8GB RAM / 256GB SSD USED LAPTOP,HP,SPECTRE,RYZEN 3,5,Used,8.0,256.0,SSD,62100.0
ASUS TUF - INTEL CORE I7 13th Gen / 32GB RAM / 512GB SSD USED LAPTOP,ASUS,TUF,I7,13,Used,32.0,512.0,SSD,221800.0
DELL PRECISION - INTEL CORE I9 8th Gen / 32GB RAM / 1024GB SSD USED LAPTOP,DELL,PRECISION,I9,8,Used,32.0,1024.0,SSD,257200.0
APPLE MACBOOK PRO - INTEL CORE I7 11th Gen / 8GB RAM / 1024GB HDD USED LAPTOP,APPLE,MACBOOK PRO,I7,11,Used,8.0,1024.0,HDD,194700.0
ASUS ROG - AMD RYZEN 5 7th Gen / 8GB RAM / 256GB SSD USED LAPTOP,ASUS,ROG,RYZEN 5,7,Used,8.0,256.0,SSD,103100.0
DELL INSPIRON - INTEL CORE I5 8th Gen / 16GB RAM / 512GB SSD USED LAPTOP,DELL,INSPIRON,I5,8,Used,16.0,512.0,SSD,142300.0
ASUS TUF - AMD RYZEN 5 7th Gen / 16GB RAM / 1024GB SSD USED LAPTOP,ASUS,TUF,RYZEN 5,7,Used,16.0,1024.0,SSD,156500.0
DELL VOSTRO - INTEL CORE I7 12th Gen / 32GB RAM / 512GB SSD NEW LAPTOP,DELL,VOSTRO,I7,12,New,32.0,512.0,SSD,312000.0
HP PAVILION - AMD RYZEN 5 7th Gen / 8GB RAM / 1024GB SSD USED LAPTOP,HP,PAVILION,RYZEN 5,7,Used,8.0,1024.0,SSD,131200.0
ACER NITRO - INTEL CORE I7 13th Gen / 32GB RAM / 256GB SSD USED LAPTOP,ACER,NITRO,I7,13,Used,32.0,256.0,SSD,229500.0
DELL VOSTRO - INTEL CORE I7 12th Gen / 32GB RAM / 512GB SSD USED LAPTOP,DELL,VOSTRO,I7,12,Used,32.0,512.0,SSD,224800.0
ACER ASPIRE - INTEL CORE I7 9th Gen / 32GB RAM / 512GB SSD USED LAPTOP,ACER,ASPIRE,I7,9,Used,32.0,512.0,SSD,205800.0
DELL PRECISION - AMD RYZEN 7 8th Gen / 32GB RAM / 256GB SSD USED LAPTOP,DELL,PRECISION,RYZEN 7,8,Used,32.0,256.0,SSD,183400.0
ACER NITRO - AMD RYZEN 5 7th Gen / 16GB RAM / 1024GB SSD USED LAPTOP,ACER,NITRO,RYZEN 5,7,Used,16.0,1024.0,SSD,138300.0
ACER SWIFT - AMD RYZEN 7 8th Gen / 32GB RAM / 1024GB HDD USED LAPTOP,ACER,SWIFT,RYZEN 7,8,Used,32.0,1024.0,HDD,206600.0
DELL INSPIRON - INTEL CORE I3 11th Gen / 8GB RAM / 256GB SSD USED LAPTOP,DELL,INSPIRON,I3,11,Used,8.0,256.0,SSD,114600.0
ASUS TUF - INTEL CORE I5 9th Gen / 8GB RAM / 512GB SSD USED LAPTOP,ASUS,TUF,I5,9,Used,8.0,512.0,SSD,118200.0
ASUS ROG - INTEL CORE I9 8th Gen / 16GB RAM / 256GB SSD USED LAPTOP,ASUS,ROG,I9,8,Used,16.0,256.0,SSD,202800.0
ACER NITRO - INTEL CORE I7 13th Gen / 8GB RAM / 256GB SSD USED LAPTOP,ACER,NITRO,I7,13,Used,8.0,256.0,SSD,156800.0
ACER SWIFT - INTEL CORE I9 6th Gen / 16GB RAM / 1024GB SSD USED LAPTOP,ACER,SWIFT,I9,6,Used,16.0,1024.0,SSD,219800.0
HP ELITEBOOK - INTEL CORE I7 11th Gen / 16GB RAM / 1024GB SSD USED LAPTOP,HP,ELITEBOOK,I7,11,Used,16.0,1024.0,SSD,193300.0
ASUS ZENBOOK - AMD RYZEN 3 5th Gen / 32GB RAM / 256GB SSD USED LAPTOP,ASUS,ZENBOOK,RYZEN 3,5,Used,32.0,256.0,SSD,106900.0
ASUS TUF - INTEL CORE I3 8th Gen / 16GB RAM / 256GB SSD NEW LAPTOP,ASUS,TUF,I3,8,New,16.0,256.0,SSD,144300.0
ACER ASPIRE - INTEL CORE I7 8th Gen / 32GB RAM / 256GB SSD NEW LAPTOP,ACER,ASPIRE,I7,8,New,32.0,256.0,SSD,236200.0
DELL VOSTRO - INTEL CORE I7 12th Gen / 8GB RAM / 1024GB SSD USED LAPTOP,DELL,VOSTRO,I7,12,Used,8.0,1024.0,SSD,215300.0
ASUS ROG - AMD RYZEN 5 7th Gen / 16GB RAM / 256GB SSD NEW LAPTOP,ASUS,ROG,RYZEN 5,7,New,16.0,256.0,SSD,148900.0
HP ENVY - AMD RYZEN 7 8th Gen / 8GB RAM / 512GB SSD USED LAPTOP,HP,ENVY,RYZEN 7,8,Used,8.0,512.0,SSD,140500.0
DELL INSPIRON - AMD RYZEN 3 5th Gen / 32GB RAM / 1024GB HDD USED LAPTOP,DELL,INSPIRON,RYZEN 3,5,Used,32.0,1024.0,HDD,146900.0
HP ENVY - INTEL CORE I5 11th Gen / 8GB RAM / 256GB SSD USED LAPTOP,HP,ENVY,I5,11,Used,8.0,256.0,SSD,129300.0
ASUS TUF - AMD RYZEN 3 5th Gen / 16GB RAM / 1024GB SSD USED LAPTOP,ASUS,TUF,RYZEN 3,5,Used,16.0,1024.0,SSD,108200.0
HP ENVY - INTEL CORE I5 7th Gen / 32GB RAM / 256GB SSD USED LAPTOP,HP,ENVY,I5,7,Used,32.0,256.0,SSD,154000.0
ACER NITRO - INTEL CORE I5 6th Gen / 32GB RAM / 256GB SSD USED LAPTOP,ACER,NITRO,I5,6,Used,32.0,256.0,SSD,135600.0
HP VICTUS - AMD RYZEN 7 8th Gen / 16GB RAM / 512GB SSD USED LAPTOP,HP,VICTUS,RYZEN 7,8,Used,16.0,512.0,SSD,151400.0
ASUS ZENBOOK - INTEL CORE I5 7th Gen / 32GB RAM / 256GB SSD USED LAPTOP,ASUS,ZENBOOK,I5,7,Used,32.0,256.0,SSD,153700.0
APPLE MACBOOK PRO - INTEL CORE I5 12th Gen / 8GB RAM / 1024GB SSD USED LAPTOP,APPLE,MACBOOK PRO,I5,12,Used,8.0,1024.0,SSD,182200.0
APPLE MACBOOK AIR - APPLE M1  / 16GB RAM / 256GB SSD USED LAPTOP,APPLE,MACBOOK AIR,M1,0,Used,16.0,256.0,SSD,176700.0
HP VICTUS - INTEL CORE I5 9th Gen / 32GB RAM / 512GB SSD USED LAPTOP,HP,VICTUS,I5,9,Used,32.0,512.0,SSD,174200.0
ASUS VIVOBOOK - INTEL CORE I9 10th Gen / 32GB RAM / 256GB SSD USED LAPTOP,ASUS,VIVOBOOK,I9,10,Used,32.0,256.0,SSD,276600.0
HP VICTUS - AMD RYZEN 7 8th Gen / 32GB RAM / 512GB SSD USED LAPTOP,HP,VICTUS,RYZEN 7,8,Used,32.0,512.0,SSD,182800.0
APPLE MACBOOK AIR - APPLE M3  / 8GB RAM / 256GB SSD USED LAPTOP,APPLE,MACBOOK AIR,M3,0,Used,8.0,256.0,SSD,246900.0
APPLE MACBOOK PRO - APPLE M3  / 32GB RAM / 512GB SSD USED LAPTOP,APPLE,MACBOOK PRO,M3,0,Used,32.0,512.0,SSD,308900.0
ACER ASPIRE - INTEL CORE I7 11th Gen / 8GB RAM / 1024GB HDD USED LAPTOP,ACER,ASPIRE,I7,11,Used,8.0,1024.0,HDD,173000.0
APPLE MACBOOK PRO - INTEL CORE I5 7th Gen / 16GB RAM / 1024GB SSD USED LAPTOP,APPLE,MACBOOK PRO,I5,7,Used,16.0,1024.0,SSD,177700.0
HP SPECTRE - AMD RYZEN 3 5th Gen / 32GB RAM / 1024GB SSD NEW LAPTOP,HP,SPECTRE,RYZEN 3,5,New,32.0,1024.0,SSD,215100.0
DELL INSPIRON - AMD RYZEN 5 7th Gen / 16GB RAM / 256GB SSD USED LAPTOP,DELL,INSPIRON,RYZEN 5,7,Used,16.0,256.0,SSD,111600.0
HP SPECTRE - AMD RYZEN 5 7th Gen / 16GB RAM / 256GB SSD USED LAPTOP,HP,SPECTRE,RYZEN 5,7,Used,16.0,256.0,SSD,100100.0
HP PAVILION - AMD RYZEN 5 7th Gen / 16GB RAM / 256GB SSD USED LAPTOP,HP,PAVILION,RYZEN 5,7,Used,16.0,256.0,SSD,100500.0
APPLE MACBOOK PRO - APPLE M2  / 16GB RAM / 256GB SSD NEW LAPTOP,APPLE,MACBOOK PRO,M2,0,New,16.0,256.0,SSD,301900.0
HP SPECTRE - INTEL CORE I5 9th Gen / 8GB RAM / 1024GB SSD NEW LAPTOP,HP,SPECTRE,I5,9,New,8.0,1024.0,SSD,198200.0
ASUS ROG - AMD RYZEN 7 8th Gen / 16GB RAM / 1024GB SSD USED LAPTOP,ASUS,ROG,RYZEN 7,8,Used,16.0,1024.0,SSD,191300.0
DELL XPS - INTEL CORE I9 8th Gen / 16GB RAM / 512GB SSD USED LAPTOP,DELL,XPS,I9,8,Used,16.0,512.0,SSD,208600.0
HP ENVY - INTEL CORE I7 13th Gen / 16GB RAM / 512GB SSD USED LAPTOP,HP,ENVY,I7,13,Used,16.0,512.0,SSD,205000.0
HP ELITEBOOK - INTEL CORE I9 11th Gen / 32GB RAM / 256GB SSD USED LAPTOP,HP,ELITEBOOK,I9,11,Used,32.0,256.0,SSD,270800.0
APPLE MACBOOK PRO - APPLE M1  / 16GB RAM / 512GB SSD USED LAPTOP,APPLE,MACBOOK PRO,M1,0,Used,16.0,512.0,SSD,174400.0
ASUS TUF - INTEL CORE I9 11th Gen / 32GB RAM / 256GB SSD USED LAPTOP,ASUS,TUF,I9,11,Used,32.0,256.0,SSD,262000.0
ACER NITRO - INTEL CORE I5 6th Gen / 32GB RAM / 256GB SSD NEW LAPTOP,ACER,NITRO,I5,6,New,32.0,256.0,SSD,184900.0
DELL VOSTRO - AMD RYZEN 3 5th Gen / 8GB RAM / 256GB SSD USED LAPTOP,DELL,VOSTRO,RYZEN 3,5,Used,8.0,256.0,SSD,64000.0
DELL INSPIRON - INTEL CORE I3 13th Gen / 16GB RAM / 512GB SSD USED LAPTOP,DELL,INSPIRON,I3,13,Used,16.0,512.0,SSD,173300.0
DELL PRECISION - INTEL CORE I7 6th Gen / 32GB RAM / 512GB SSD NEW LAPTOP,DELL,PRECISION,I7,6,New,32.0,512.0,SSD,253300.0
APPLE MACBOOK PRO - INTEL CORE I5 9th Gen / 16GB RAM / 256GB SSD USED LAPTOP,APPLE,MACBOOK PRO,I5,9,Used,16.0,256.0,SSD,142300.0
ASUS TUF - AMD RYZEN 7 8th Gen / 32GB RAM / 256GB SSD NEW LAPTOP,ASUS,TUF,RYZEN 7,8,New,32.0,256.0,SSD,249000.0
ACER NITRO - INTEL CORE I9 12th Gen / 8GB RAM / 256GB SSD USED LAPTOP,ACER,NITRO,I9,12,Used,8.0,256.0,SSD,204400.0
HP VICTUS - INTEL CORE I5 8th Gen / 32GB RAM / 512GB SSD USED LAPTOP,HP,VICTUS,I5,8,Used,32.0,512.0,SSD,163700.0
ACER NITRO - INTEL CORE I9 8th Gen / 8GB RAM / 512GB SSD USED LAPTOP,ACER,NITRO,I9,8,Used,8.0,512.0,SSD,180000.0
HP ELITEBOOK - INTEL CORE I3 13th Gen / 32GB RAM / 512GB SSD NEW LAPTOP,HP,ELITEBOOK,I3,13,New,32.0,512.0,SSD,282700.0
ACER ASPIRE - INTEL CORE I3 7th Gen / 8GB RAM / 1024GB HDD NEW LAPTOP,ACER,ASPIRE,I3,7,New,8.0,1024.0,HDD,129200.0
ACER NITRO - AMD RYZEN 5 7th Gen / 32GB RAM / 512GB SSD USED LAPTOP,ACER,NITRO,RYZEN 5,7,Used,32.0,512.0,SSD,145300.0
DELL XPS - INTEL CORE I9 6th Gen / 32GB RAM / 512GB SSD USED LAPTOP,DELL,XPS,I9,6,Used,32.0,512.0,SSD,228500.0
DELL INSPIRON - AMD RYZEN 7 8th Gen / 16GB RAM / 256GB SSD USED LAPTOP,DELL,INSPIRON,RYZEN 7,8,Used,16.0,256.0,SSD,152100.0
HP PAVILION - AMD RYZEN 3 5th Gen / 32GB RAM / 256GB SSD NEW LAPTOP,HP,PAVILION,RYZEN 3,5,New,32.0,256.0,SSD,163800.0
DELL PRECISION - INTEL CORE I5 10th Gen / 32GB RAM / 1024GB HDD USED LAPTOP,DELL,PRECISION,I5,10,Used,32.0,1024.0,HDD,209800.0
DELL INSPIRON - INTEL CORE I5 10th Gen / 8GB RAM / 1024GB HDD USED LAPTOP,DELL,INSPIRON,I5,10,Used,8.0,1024.0,HDD,152200.0
HP ELITEBOOK - AMD RYZEN 3 5th Gen / 8GB RAM / 256GB SSD USED LAPTOP,HP,ELITEBOOK,RYZEN 3,5,Used,8.0,256.0,SSD,58400.0
ACER NITRO - AMD RYZEN 5 7th Gen / 16GB RAM / 256GB SSD USED LAPTOP,ACER,NITRO,RYZEN 5,7,Used,16.0,256.0,SSD,99300.0
DELL XPS - INTEL CORE I3 9th Gen / 16GB RAM / 512GB SSD NEW LAPTOP,DELL,XPS,I3,9,New,16.0,512.0,SSD,183100.0
APPLE MACBOOK AIR - INTEL CORE I7 6th Gen / 32GB RAM / 256GB SSD USED LAPTOP,APPLE,MACBOOK AIR,I7,6,Used,32.0,256.0,SSD,187300.0
ACER ASPIRE - INTEL CORE I9 10th Gen / 8GB RAM / 256GB SSD USED LAPTOP,ACER,ASPIRE,I9,10,Used,8.0,256.0,SSD,195800.0
HP PAVILION - AMD RYZEN 7 8th Gen / 8GB RAM / 512GB SSD USED LAPTOP,HP,PAVILION,RYZEN 7,8,Used,8.0,512.0,SSD,137400.0
DELL VOSTRO - INTEL CORE I9 6th Gen / 32GB RAM / 512GB SSD USED LAPTOP,DELL,VOSTRO,I9,6,Used,32.0,512.0,SSD,243800.0
DELL INSPIRON - INTEL CORE I7 10th Gen / 32GB RAM / 256GB SSD USED LAPTOP,DELL,INSPIRON,I7,10,Used,32.0,256.0,SSD,208900.0
HP ENVY - INTEL CORE I3 11th Gen / 32GB RAM / 1024GB HDD USED LAPTOP,HP,ENVY,I3,11,Used,32.0,1024.0,HDD,173000.0
DELL XPS - INTEL CORE I9 11th Gen / 8GB RAM / 1024GB HDD USED LAPTOP,DELL,XPS,I9,11,Used,8.0,1024.0,HDD,238200.0
DELL PRECISION - INTEL CORE I5 10th Gen / 32GB RAM / 1024GB SSD USED LAPTOP,DELL,PRECISION,I5,10,Used,32.0,1024.0,SSD,201700.0
DELL LATITUDE - AMD RYZEN 5 7th Gen / 8GB RAM / 256GB SSD USED LAPTOP,DELL,LATITUDE,RYZEN 5,7,Used,8.0,256.0,SSD,88900.0
HP ELITEBOOK - INTEL CORE I7 8th Gen / 32GB RAM / 256GB SSD USED LAPTOP,HP,ELITEBOOK,I7,8,Used,32.0,256.0,SSD,171500.0
ACER NITRO - AMD RYZEN 3 5th Gen / 32GB RAM / 256GB SSD NEW LAPTOP,ACER,NITRO,RYZEN 3,5,New,32.0,256.0,SSD,144500.0
HP ENVY - AMD RYZEN 5 7th Gen / 32GB RAM / 512GB SSD USED LAPTOP,HP,ENVY,RYZEN 5,7,Used,32.0,512.0,SSD,162000.0
APPLE MACBOOK PRO - APPLE M2  / 8GB RAM / 256GB SSD USED LAPTOP,APPLE,MACBOOK PRO,M2,0,Used,8.0,256.0,SSD,207800.0
ACER SWIFT - INTEL CORE I5 7th Gen / 16GB RAM / 1024GB SSD USED LAPTOP,ACER,SWIFT,I5,7,Used,16.0,1024.0,SSD,145400.0
APPLE MACBOOK AIR - APPLE M2  / 8GB RAM / 1024GB HDD USED LAPTOP,APPLE,MACBOOK AIR,M2,0,Used,8.0,1024.0,HDD,204500.0
ASUS TUF - INTEL CORE I3 7th Gen / 16GB RAM / 256GB SSD USED LAPTOP,ASUS,TUF,I3,7,Used,16.0,256.0,SSD,103900.0
DELL INSPIRON - INTEL CORE I9 7th Gen / 8GB RAM / 1024GB SSD USED LAPTOP,DELL,INSPIRON,I9,7,Used,8.0,1024.0,SSD,198400.0
DELL PRECISION - AMD RYZEN 7 8th Gen / 32GB RAM / 256GB SSD USED LAPTOP,DELL,PRECISION,RYZEN 7,8,Used,32.0,256.0,SSD,191600.0
ASUS ROG - INTEL CORE I3 6th Gen / 8GB RAM / 512GB SSD USED LAPTOP,ASUS,ROG,I3,6,Used,8.0,512.0,SSD,84000.0
ACER SWIFT - INTEL CORE I3 8th Gen / 16GB RAM / 256GB SSD USED LAPTOP,ACER,SWIFT,I3,8,Used,16.0,256.0,SSD,105500.0
ACER SWIFT - AMD RYZEN 3 5th Gen / 8GB RAM / 1024GB HDD USED LAPTOP,ACER,SWIFT,RYZEN 3,5,Used,8.0,1024.0,HDD,76400.0
HP VICTUS - INTEL CORE I3 9th Gen / 32GB RAM / 256GB SSD USED LAPTOP,HP,VICTUS,I3,9,Used,32.0,256.0,SSD,150900.0
ASUS ROG - INTEL CORE I3 11th Gen / 16GB RAM / 1024GB SSD USED LAPTOP,ASUS,ROG,I3,11,Used,16.0,1024.0,SSD,179300.0
ASUS TUF - INTEL CORE I5 12th Gen / 32GB RAM / 512GB SSD USED LAPTOP,ASUS,TUF,I5,12,Used,32.0,512.0,SSD,219400.0
DELL PRECISION - AMD RYZEN 5 7th Gen / 32GB RAM / 256GB SSD USED LAPTOP,DELL,PRECISION,RYZEN 5,7,Used,32.0,256.0,SSD,154000.0
ACER ASPIRE - INTEL CORE I7 11th Gen / 32GB RAM / 256GB SSD USED LAPTOP,ACER,ASPIRE,I7,11,Used,32.0,256.0,SSD,216400.0
APPLE MACBOOK AIR - APPLE M3  / 16GB RAM / 256GB SSD USED LAPTOP,APPLE,MACBOOK AIR,M3,0,Used,16.0,256.0,SSD,264600.0
ASUS TUF - INTEL CORE I7 12th Gen / 32GB RAM / 512GB SSD USED LAPTOP,ASUS,TUF,I7,12,Used,32.0,512.0,SSD,236200.0
APPLE MACBOOK AIR - INTEL CORE I7 7th Gen / 16GB RAM / 1024GB SSD USED LAPTOP,APPLE,MACBOOK AIR,I7,7,Used,16.0,1024.0,SSD,183800.0
APPLE MACBOOK AIR - APPLE M3  / 16GB RAM / 512GB SSD NEW LAPTOP,APPLE,MACBOOK AIR,M3,0,New,16.0,512.0,SSD,375400.0
APPLE MACBOOK PRO - INTEL CORE I5 13th Gen / 32GB RAM / 256GB SSD USED LAPTOP,APPLE,MACBOOK PRO,I5,13,Used,32.0,256.0,SSD,209400.0
HP PROBOOK - INTEL CORE I9 10th Gen / 16GB RAM / 1024GB SSD USED LAPTOP,HP,PROBOOK,I9,10,Used,16.0,1024.0,SSD,266700.0
ASUS ZENBOOK - INTEL CORE I9 8th Gen / 16GB RAM / 1024GB SSD USED LAPTOP,ASUS,ZENBOOK,I9,8,Used,16.0,1024.0,SSD,229700.0
APPLE MACBOOK AIR - APPLE M2  / 8GB RAM / 256GB SSD USED LAPTOP,APPLE,MACBOOK AIR,M2,0,Used,8.0,256.0,SSD,204200.0
HP PROBOOK - INTEL CORE I9 10th Gen / 8GB RAM / 256GB SSD USED LAPTOP,HP,PROBOOK,I9,10,Used,8.0,256.0,SSD,209100.0
ASUS ROG - INTEL CORE I5 12th Gen / 32GB RAM / 512GB SSD USED LAPTOP,ASUS,ROG,I5,12,Used,32.0,512.0,SSD,188800.0
ACER NITRO - INTEL CORE I3 9th Gen / 8GB RAM / 512GB SSD USED LAPTOP,ACER,NITRO,I3,9,Used,8.0,512.0,SSD,109200.0
ASUS TUF - AMD RYZEN 5 7th Gen / 8GB RAM / 1024GB SSD USED LAPTOP,ASUS,TUF,RYZEN 5,7,Used,8.0,1024.0,SSD,140000.0
APPLE MACBOOK PRO - APPLE M3  / 16GB RAM / 1024GB SSD USED LAPTOP,APPLE,MACBOOK PRO,M3,0,Used,16.0,1024.0,SSD,322500.0
APPLE MACBOOK PRO - APPLE M2  / 8GB RAM / 512GB SSD USED LAPTOP,APPLE,MACBOOK PRO,M2,0,Used,8.0,512.0,SSD,227100.0
DELL XPS - INTEL CORE I7 6th Gen / 32GB RAM / 512GB SSD USED LAPTOP,DELL,XPS,I7,6,Used,32.0,512.0,SSD,177600.0
ACER SWIFT - INTEL CORE I7 10th Gen / 8GB RAM / 256GB SSD USED LAPTOP,ACER,SWIFT,I7,10,Used,8.0,256.0,SSD,150500.0
APPLE MACBOOK AIR - APPLE M1  / 32GB RAM / 256GB SSD USED LAPTOP,APPLE,MACBOOK AIR,M1,0,Used,32.0,256.0,SSD,219400.0
APPLE MACBOOK PRO - INTEL CORE I7 8th Gen / 32GB RAM / 1024GB SSD NEW LAPTOP,APPLE,MACBOOK PRO,I7,8,New,32.0,1024.0,SSD,341400.0
ACER NITRO - INTEL CORE I3 13th Gen / 16GB RAM / 256GB SSD USED LAPTOP,ACER,NITRO,I3,13,Used,16.0,256.0,SSD,151900.0
APPLE MACBOOK PRO - APPLE M2  / 32GB RAM / 1024GB SSD USED LAPTOP,APPLE,MACBOOK PRO,M2,0,Used,32.0,1024.0,SSD,292500.0
HP VICTUS - INTEL CORE I7 7th Gen / 32GB RAM / 256GB SSD NEW LAPTOP,HP,VICTUS,I7,7,New,32.0,256.0,SSD,218000.0
DELL PRECISION - AMD RYZEN 7 8th Gen / 32GB RAM / 1024GB SSD USED LAPTOP,DELL,PRECISION,RYZEN 7,8,Used,32.0,1024.0,SSD,215500.0
ASUS VIVOBOOK - INTEL CORE I5 13th Gen / 16GB RAM / 512GB SSD USED LAPTOP,ASUS,VIVOBOOK,I5,13,Used,16.0,512.0,SSD,171000.0
DELL INSPIRON - AMD RYZEN 5 7th Gen / 32GB RAM / 256GB SSD USED LAPTOP,DELL,INSPIRON,RYZEN 5,7,Used,32.0,256.0,SSD,159600.0
ASUS ZENBOOK - INTEL CORE I7 6th Gen / 32GB RAM / 512GB SSD NEW LAPTOP,ASUS,ZENBOOK,I7,6,New,32.0,512.0,SSD,253800.0
ACER ASPIRE - INTEL CORE I9 7th Gen / 16GB RAM / 512GB SSD USED LAPTOP,ACER,ASPIRE,I9,7,Used,16.0,512.0,SSD,190000.0
ACER SWIFT - AMD RYZEN 7 8th Gen / 32GB RAM / 1024GB SSD USED LAPTOP,ACER,SWIFT,RYZEN 7,8,Used,32.0,1024.0,SSD,207100.0
ACER SWIFT - AMD RYZEN 7 8th Gen / 16GB RAM / 256GB SSD USED LAPTOP,ACER,SWIFT,RYZEN 7,8,Used,16.0,256.0,SSD,141000.0
APPLE MACBOOK PRO - APPLE M3  / 8GB RAM / 256GB SSD USED LAPTOP,APPLE,MACBOOK PRO,M3,0,Used,8.0,256.0,SSD,254400.0
APPLE MACBOOK AIR - APPLE M2  / 8GB RAM / 1024GB SSD USED LAPTOP,APPLE,MACBOOK AIR,M2,0,Used,8.0,1024.0,SSD,227500.0
HP ENVY - INTEL CORE I7 6th Gen / 16GB RAM / 256GB SSD USED LAPTOP,HP,ENVY,I7,6,Used,16.0,256.0,SSD,120600.0
DELL PRECISION - INTEL CORE I5 8th Gen / 8GB RAM / 1024GB SSD USED LAPTOP,DELL,PRECISION,I5,8,Used,8.0,1024.0,SSD,141200.0
HP ELITEBOOK - AMD RYZEN 5 7th Gen / 32GB RAM / 1024GB SSD USED LAPTOP,HP,ELITEBOOK,RYZEN 5,7,Used,32.0,1024.0,SSD,176400.0
HP PAVILION - INTEL CORE I7 7th Gen / 32GB RAM / 1024GB SSD USED LAPTOP,HP,PAVILION,I7,7,Used,32.0,1024.0,SSD,192400.0
ASUS ZENBOOK - INTEL CORE I5 9th Gen / 32GB RAM / 512GB SSD USED LAPTOP,ASUS,ZENBOOK,I5,9,Used,32.0,512.0,SSD,184900.0
DELL XPS - INTEL CORE I7 12th Gen / 8GB RAM / 256GB SSD USED LAPTOP,DELL,XPS,I7,12,Used,8.0,256.0,SSD,169300.0
ASUS VIVOBOOK - AMD RYZEN 3 5th Gen / 16GB RAM / 256GB SSD USED LAPTOP,ASUS,VIVOBOOK,RYZEN 3,5,Used,16.0,256.0,SSD,78500.0
ASUS TUF - INTEL CORE I9 12th Gen / 32GB RAM / 512GB SSD USED LAPTOP,ASUS,TUF,I9,12,Used,32.0,512.0,SSD,302100.0
HP PROBOOK - INTEL CORE I9 13th Gen / 16GB RAM / 256GB SSD USED LAPTOP,HP,PROBOOK,I9,13,Used,16.0,256.0,SSD,264600.0
ACER ASPIRE - AMD RYZEN 3 5th Gen / 16GB RAM / 256GB SSD USED LAPTOP,ACER,ASPIRE,RYZEN 3,5,Used,16.0,256.0,SSD,73600.0
ACER NITRO - AMD RYZEN 7 8th Gen / 16GB RAM / 256GB SSD USED LAPTOP,ACER,NITRO,RYZEN 7,8,Used,16.0,256.0,SSD,144500.0
APPLE MACBOOK PRO - INTEL CORE I7 9th Gen / 8GB RAM / 256GB SSD USED LAPTOP,APPLE,MACBOOK PRO,I7,9,Used,8.0,256.0,SSD,166500.0
HP PROBOOK - INTEL CORE I5 10th Gen / 32GB RAM / 256GB SSD USED LAPTOP,HP,PROBOOK,I5,10,Used,32.0,256.0,SSD,168300.0
APPLE MACBOOK AIR - APPLE M2  / 32GB RAM / 512GB SSD USED LAPTOP,APPLE,MACBOOK AIR,M2,0,Used,32.0,512.0,SSD,275300.0
ACER NITRO - INTEL CORE I7 7th Gen / 16GB RAM / 1024GB SSD USED LAPTOP,ACER,NITRO,I7,7,Used,16.0,1024.0,SSD,178900.0
ASUS VIVOBOOK - AMD RYZEN 7 8th Gen / 16GB RAM / 512GB SSD USED LAPTOP,ASUS,VIVOBOOK,RYZEN 7,8,Used,16.0,512.0,SSD,148900.0
HP ELITEBOOK - INTEL CORE I7 12th Gen / 16GB RAM / 512GB SSD USED LAPTOP,HP,ELITEBOOK,I7,12,Used,16.0,512.0,SSD,198100.0
APPLE MACBOOK AIR - INTEL CORE I5 10th Gen / 32GB RAM / 256GB SSD USED LAPTOP,APPLE,MACBOOK AIR,I5,10,Used,32.0,256.0,SSD,188400.0
HP VICTUS - INTEL CORE I9 6th Gen / 32GB RAM / 1024GB HDD USED LAPTOP,HP,VICTUS,I9,6,Used,32.0,1024.0,HDD,240600.0
ASUS TUF - INTEL CORE I7 6th Gen / 32GB RAM / 1024GB HDD USED LAPTOP,ASUS,TUF,I7,6,Used,32.0,1024.0,HDD,183800.0
ASUS ROG - AMD RYZEN 7 8th Gen / 32GB RAM / 512GB SSD USED LAPTOP,ASUS,ROG,RYZEN 7,8,Used,32.0,512.0,SSD,197500.0
DELL INSPIRON - AMD RYZEN 5 7th Gen / 8GB RAM / 1024GB SSD USED LAPTOP,DELL,INSPIRON,RYZEN 5,7,Used,8.0,1024.0,SSD,133600.0
HP PAVILION - AMD RYZEN 7 8th Gen / 32GB RAM / 1024GB SSD USED LAPTOP,HP,PAVILION,RYZEN 7,8,Used,32.0,1024.0,SSD,220400.0
DELL XPS - AMD RYZEN 3 5th Gen / 8GB RAM / 256GB SSD USED LAPTOP,DELL,XPS,RYZEN 3,5,Used,8.0,256.0,SSD,67000.0
DELL PRECISION - INTEL CORE I7 11th Gen / 16GB RAM / 256GB SSD NEW LAPTOP,DELL,PRECISION,I7,11,New,16.0,256.0,SSD,240400.0
ACER SWIFT - INTEL CORE I5 7th Gen / 16GB RAM / 1024GB SSD USED LAPTOP,ACER,SWIFT,I5,7,Used,16.0,1024.0,SSD,133200.0
ASUS ROG - AMD RYZEN 5 7th Gen / 16GB RAM / 256GB SSD USED LAPTOP,ASUS,ROG,RYZEN 5,7,Used,16.0,256.0,SSD,107000.0
APPLE MACBOOK PRO - APPLE M3  / 8GB RAM / 1024GB HDD NEW LAPTOP,APPLE,MACBOOK PRO,M3,0,New,8.0,1024.0,HDD,365000.0
ACER NITRO - INTEL CORE I7 9th Gen / 8GB RAM / 512GB SSD USED LAPTOP,ACER,NITRO,I7,9,Used,8.0,512.0,SSD,134500.0
DELL LATITUDE - AMD RYZEN 3 5th Gen / 32GB RAM / 256GB SSD USED LAPTOP,DELL,LATITUDE,RYZEN 3,5,Used,32.0,256.0,SSD,123600.0
DELL LATITUDE - AMD RYZEN 3 5th Gen / 32GB RAM / 512GB SSD USED LAPTOP,DELL,LATITUDE,RYZEN 3,5,Used,32.0,512.0,SSD,120100.0
APPLE MACBOOK PRO - INTEL CORE I7 6th Gen / 16GB RAM / 1024GB SSD USED LAPTOP,APPLE,MACBOOK PRO,I7,6,Used,16.0,1024.0,SSD,184800.0
APPLE MACBOOK AIR - APPLE M2  / 32GB RAM / 1024GB SSD USED LAPTOP,APPLE,MACBOOK AIR,M2,0,Used,32.0,1024.0,SSD,291900.0
ASUS ROG - INTEL CORE I7 12th Gen / 32GB RAM / 1024GB SSD NEW LAPTOP,ASUS,ROG,I7,12,New,32.0,1024.0,SSD,353400.0
ASUS TUF - AMD RYZEN 7 8th Gen / 8GB RAM / 1024GB SSD USED LAPTOP,ASUS,TUF,RYZEN 7,8,Used,8.0,1024.0,SSD,167500.0
DELL INSPIRON - INTEL CORE I5 8th Gen / 8GB RAM / 1024GB HDD USED LAPTOP,DELL,INSPIRON,I5,8,Used,8.0,1024.0,HDD,129200.0
ASUS ROG - INTEL CORE I3 12th Gen / 32GB RAM / 512GB SSD USED LAPTOP,ASUS,ROG,I3,12,Used,32.0,512.0,SSD,191800.0
ASUS VIVOBOOK - AMD RYZEN 7 8th Gen / 8GB RAM / 512GB SSD NEW LAPTOP,ASUS,VIVOBOOK,RYZEN 7,8,New,8.0,512.0,SSD,184500.0
ASUS VIVOBOOK - INTEL CORE I7 11th Gen / 8GB RAM / 1024GB SSD USED LAPTOP,ASUS,VIVOBOOK,I7,11,Used,8.0,1024.0,SSD,178000.0
DELL LATITUDE - INTEL CORE I3 8th Gen / 32GB RAM / 512GB SSD USED LAPTOP,DELL,LATITUDE,I3,8,Used,32.0,512.0,SSD,154300.0
DELL LATITUDE - INTEL CORE I9 11th Gen / 32GB RAM / 1024GB SSD USED LAPTOP,DELL,LATITUDE,I9,11,Used,32.0,1024.0,SSD,310700.0
HP SPECTRE - INTEL CORE I3 8th Gen / 8GB RAM / 1024GB HDD NEW LAPTOP,HP,SPECTRE,I3,8,New,8.0,1024.0,HDD,152200.0
ACER NITRO - INTEL CORE I5 7th Gen / 32GB RAM / 256GB SSD USED LAPTOP,ACER,NITRO,I5,7,Used,32.0,256.0,SSD,132500.0
APPLE MACBOOK PRO - APPLE M1  / 32GB RAM / 512GB SSD USED LAPTOP,APPLE,MACBOOK PRO,M1,0,Used,32.0,512.0,SSD,228200.0
ASUS ROG - INTEL CORE I7 9th Gen / 16GB RAM / 1024GB SSD USED LAPTOP,ASUS,ROG,I7,9,Used,16.0,1024.0,SSD,192700.0
ASUS TUF - INTEL CORE I3 9th Gen / 16GB RAM / 256GB SSD USED LAPTOP,ASUS,TUF,I3,9,Used,16.0,256.0,SSD,122600.0
DELL LATITUDE - AMD RYZEN 3 5th Gen / 16GB RAM / 1024GB HDD USED LAPTOP,DELL,LATITUDE,RYZEN 3,5,Used,16.0,1024.0,HDD,105900.0
ASUS TUF - INTEL CORE I9 6th Gen / 32GB RAM / 1024GB HDD USED LAPTOP,ASUS,TUF,I9,6,Used,32.0,1024.0,HDD,243100.0
ACER SWIFT - AMD RYZEN 7 8th Gen / 32GB RAM / 256GB SSD USED LAPTOP,ACER,SWIFT,RYZEN 7,8,Used,32.0,256.0,SSD,161900.0
ASUS ZENBOOK - INTEL CORE I3 10th Gen / 16GB RAM / 256GB SSD NEW LAPTOP,ASUS,ZENBOOK,I3,10,New,16.0,256.0,SSD,165700.0
APPLE MACBOOK PRO - APPLE M2  / 32GB RAM / 256GB SSD USED LAPTOP,APPLE,MACBOOK PRO,M2,0,Used,32.0,256.0,SSD,238100.0
ASUS TUF - AMD RYZEN 5 7th Gen / 16GB RAM / 512GB SSD USED LAPTOP,ASUS,TUF,RYZEN 5,7,Used,16.0,512.0,SSD,122300.0
ACER SWIFT - AMD RYZEN 3 5th Gen / 8GB RAM / 1024GB HDD NEW LAPTOP,ACER,SWIFT,RYZEN 3,5,New,8.0,1024.0,HDD,116300.0
HP SPECTRE - INTEL CORE I7 7th Gen / 32GB RAM / 512GB SSD USED LAPTOP,HP,SPECTRE,I7,7,Used,32.0,512.0,SSD,184500.0
DELL VOSTRO - INTEL CORE I7 13th Gen / 32GB RAM / 256GB SSD USED LAPTOP,DELL,VOSTRO,I7,13,Used,32.0,256.0,SSD,215800.0
ACER ASPIRE - AMD RYZEN 7 8th Gen / 16GB RAM / 512GB SSD USED LAPTOP,ACER,ASPIRE,RYZEN 7,8,Used,16.0,512.0,SSD,160600.0
HP ELITEBOOK - AMD RYZEN 3 5th Gen / 16GB RAM / 256GB SSD NEW LAPTOP,HP,ELITEBOOK,RYZEN 3,5,New,16.0,256.0,SSD,114000.0
APPLE MACBOOK AIR - INTEL CORE I5 8th Gen / 8GB RAM / 256GB SSD USED LAPTOP,APPLE,MACBOOK AIR,I5,8,Used,8.0,256.0,SSD,112800.0
APPLE MACBOOK PRO - INTEL CORE I7 12th Gen / 8GB RAM / 512GB SSD NEW LAPTOP,APPLE,MACBOOK PRO,I7,12,New,8.0,512.0,SSD,294300.0
ASUS ROG - AMD RYZEN 3 5th Gen / 16GB RAM / 256GB SSD USED LAPTOP,ASUS,ROG,RYZEN 3,5,Used,16.0,256.0,SSD,82600.0
APPLE MACBOOK AIR - INTEL CORE I5 12th Gen / 32GB RAM / 1024GB SSD USED LAPTOP,APPLE,MACBOOK AIR,I5,12,Used,32.0,1024.0,SSD,231800.0
HP VICTUS - INTEL CORE I7 8th Gen / 32GB RAM / 1024GB SSD USED LAPTOP,HP,VICTUS,I7,8,Used,32.0,1024.0,SSD,227900.0
ASUS TUF - INTEL CORE I3 10th Gen / 16GB RAM / 1024GB HDD USED LAPTOP,ASUS,TUF,I3,10,Used,16.0,1024.0,HDD,143600.0
HP ELITEBOOK - AMD RYZEN 7 8th Gen / 32GB RAM / 256GB SSD USED LAPTOP,HP,ELITEBOOK,RYZEN 7,8,Used,32.0,256.0,SSD,171500.0
ASUS TUF - INTEL CORE I9 6th Gen / 16GB RAM / 1024GB HDD USED LAPTOP,ASUS,TUF,I9,6,Used,16.0,1024.0,HDD,217700.0
ASUS TUF - INTEL CORE I5 12th Gen / 8GB RAM / 1024GB SSD USED LAPTOP,ASUS,TUF,I5,12,Used,8.0,1024.0,SSD,179700.0
APPLE MACBOOK PRO - APPLE M1  / 8GB RAM / 256GB SSD USED LAPTOP,APPLE,MACBOOK PRO,M1,0,Used,8.0,256.0,SSD,163100.0
DELL INSPIRON - INTEL CORE I9 8th Gen / 16GB RAM / 512GB SSD USED LAPTOP,DELL,INSPIRON,I9,8,Used,16.0,512.0,SSD,223200.0
DELL LATITUDE - INTEL CORE I7 10th Gen / 16GB RAM / 256GB SSD USED LAPTOP,DELL,LATITUDE,I7,10,Used,16.0,256.0,SSD,163300.0
APPLE MACBOOK AIR - APPLE M1  / 32GB RAM / 512GB SSD USED LAPTOP,APPLE,MACBOOK AIR,M1,0,Used,32.0,512.0,SSD,217100.0
HP ENVY - INTEL CORE I9 11th Gen / 32GB RAM / 1024GB SSD USED LAPTOP,HP,ENVY,I9,11,Used,32.0,1024.0,SSD,277100.0
HP PAVILION - AMD RYZEN 7 8th Gen / 8GB RAM / 1024GB SSD USED LAPTOP,HP,PAVILION,RYZEN 7,8,Used,8.0,1024.0,SSD,157000.0
ACER NITRO - INTEL CORE I7 9th Gen / 8GB RAM / 1024GB SSD USED LAPTOP,ACER,NITRO,I7,9,Used,8.0,1024.0,SSD,169300.0
APPLE MACBOOK AIR - INTEL CORE I7 6th Gen / 16GB RAM / 512GB SSD USED LAPTOP,APPLE,MACBOOK AIR,I7,6,Used,16.0,512.0,SSD,148500.0
HP ENVY - AMD RYZEN 7 8th Gen / 32GB RAM / 256GB SSD USED LAPTOP,HP,ENVY,RYZEN 7,8,Used,32.0,256.0,SSD,173700.0
ACER ASPIRE - AMD RYZEN 5 7th Gen / 32GB RAM / 512GB SSD USED LAPTOP,ACER,ASPIRE,RYZEN 5,7,Used,32.0,512.0,SSD,147200.0
HP PAVILION - AMD RYZEN 7 8th Gen / 8GB RAM / 512GB SSD NEW LAPTOP,HP,PAVILION,RYZEN 7,8,New,8.0,512.0,SSD,180900.0
ACER NITRO - AMD RYZEN 3 5th Gen / 32GB RAM / 256GB SSD USED LAPTOP,ACER,NITRO,RYZEN 3,5,Used,32.0,256.0,SSD,105200.0
DELL VOSTRO - AMD RYZEN 7 8th Gen / 32GB RAM / 1024GB SSD USED LAPTOP,DELL,VOSTRO,RYZEN 7,8,Used,32.0,1024.0,SSD,209300.0
ASUS VIVOBOOK - INTEL CORE I7 7th Gen / 16GB RAM / 1024GB HDD USED LAPTOP,ASUS,VIVOBOOK,I7,7,Used,16.0,1024.0,HDD,149800.0
HP VICTUS - AMD RYZEN 3 5th Gen / 8GB RAM / 256GB SSD USED LAPTOP,HP,VICTUS,RYZEN 3,5,Used,8.0,256.0,SSD,60400.0
APPLE MACBOOK PRO - INTEL CORE I5 12th Gen / 32GB RAM / 256GB SSD USED LAPTOP,APPLE,MACBOOK PRO,I5,12,Used,32.0,256.0,SSD,199700.0
HP PROBOOK - AMD RYZEN 3 5th Gen / 8GB RAM / 256GB SSD USED LAPTOP,HP,PROBOOK,RYZEN 3,5,Used,8.0,256.0,SSD,60800.0
DELL INSPIRON - INTEL CORE I9 10th Gen / 32GB RAM / 256GB SSD USED LAPTOP,DELL,INSPIRON,I9,10,Used,32.0,256.0,SSD,254600.0
ACER NITRO - AMD RYZEN 5 7th Gen / 16GB RAM / 1024GB SSD USED LAPTOP,ACER,NITRO,RYZEN 5,7,Used,16.0,1024.0,SSD,133100.0
DELL VOSTRO - INTEL CORE I3 9th Gen / 8GB RAM / 512GB SSD USED LAPTOP,DELL,VOSTRO,I3,9,Used,8.0,512.0,SSD,106600.0
DELL INSPIRON - AMD RYZEN 5 7th Gen / 8GB RAM / 256GB SSD USED LAPTOP,DELL,INSPIRON,RYZEN 5,7,Used,8.0,256.0,SSD,101400.0
HP SPECTRE - INTEL CORE I9 9th Gen / 8GB RAM / 256GB SSD USED LAPTOP,HP,SPECTRE,I9,9,Used,8.0,256.0,SSD,186800.0
ASUS VIVOBOOK - AMD RYZEN 7 8th Gen / 8GB RAM / 256GB SSD USED LAPTOP,ASUS,VIVOBOOK,RYZEN 7,8,Used,8.0,256.0,SSD,127700.0
DELL INSPIRON - INTEL CORE I3 13th Gen / 8GB RAM / 256GB SSD NEW LAPTOP,DELL,INSPIRON,I3,13,New,8.0,256.0,SSD,198200.0
ACER ASPIRE - INTEL CORE I7 6th Gen / 32GB RAM / 512GB SSD NEW LAPTOP,ACER,ASPIRE,I7,6,New,32.0,512.0,SSD,232500.0
ASUS TUF - INTEL CORE I3 7th Gen / 8GB RAM / 256GB SSD USED LAPTOP,ASUS,TUF,I3,7,Used,8.0,256.0,SSD,77900.0
ACER SWIFT - AMD RYZEN 3 5th Gen / 8GB RAM / 1024GB SSD NEW LAPTOP,ACER,SWIFT,RYZEN 3,5,New,8.0,1024.0,SSD,123000.0
ASUS ZENBOOK - INTEL CORE I7 10th Gen / 16GB RAM / 512GB SSD USED LAPTOP,ASUS,ZENBOOK,I7,10,Used,16.0,512.0,SSD,169000.0
DELL INSPIRON - AMD RYZEN 5 7th Gen / 32GB RAM / 1024GB SSD USED LAPTOP,DELL,INSPIRON,RYZEN 5,7,Used,32.0,1024.0,SSD,190000.0
HP VICTUS - INTEL CORE I3 11th Gen / 8GB RAM / 256GB SSD USED LAPTOP,HP,VICTUS,I3,11,Used,8.0,256.0,SSD,111500.0
HP ENVY - INTEL CORE I3 12th Gen / 16GB RAM / 1024GB SSD USED LAPTOP,HP,ENVY,I3,12,Used,16.0,1024.0,SSD,169400.0
APPLE MACBOOK PRO - APPLE M3  / 16GB RAM / 1024GB SSD USED LAPTOP,APPLE,MACBOOK PRO,M3,0,Used,16.0,1024.0,SSD,291000.0
ACER SWIFT - AMD RYZEN 5 7th Gen / 16GB RAM / 1024GB SSD USED LAPTOP,ACER,SWIFT,RYZEN 5,7,Used,16.0,1024.0,SSD,133500.0
DELL LATITUDE - AMD RYZEN 7 8th Gen / 32GB RAM / 1024GB SSD USED LAPTOP,DELL,LATITUDE,RYZEN 7,8,Used,32.0,1024.0,SSD,203300.0
HP ENVY - AMD RYZEN 5 7th Gen / 32GB RAM / 512GB SSD NEW LAPTOP,HP,ENVY,RYZEN 5,7,New,32.0,512.0,SSD,202800.0
HP PAVILION - INTEL CORE I9 7th Gen / 16GB RAM / 512GB SSD USED LAPTOP,HP,PAVILION,I9,7,Used,16.0,512.0,SSD,189000.0
DELL INSPIRON - INTEL CORE I9 7th Gen / 16GB RAM / 256GB SSD USED LAPTOP,DELL,INSPIRON,I9,7,Used,16.0,256.0,SSD,188200.0
DELL VOSTRO - INTEL CORE I9 12th Gen / 8GB RAM / 256GB SSD USED LAPTOP,DELL,VOSTRO,I9,12,Used,8.0,256.0,SSD,214400.0
DELL INSPIRON - AMD RYZEN 5 7th Gen / 16GB RAM / 512GB SSD USED LAPTOP,DELL,INSPIRON,RYZEN 5,7,Used,16.0,512.0,SSD,134500.0
HP VICTUS - INTEL CORE I3 8th Gen / 8GB RAM / 1024GB HDD USED LAPTOP,HP,VICTUS,I3,8,Used,8.0,1024.0,HDD,104800.0
DELL INSPIRON - AMD RYZEN 3 5th Gen / 8GB RAM / 512GB SSD USED LAPTOP,DELL,INSPIRON,RYZEN 3,5,Used,8.0,512.0,SSD,71900.0
ASUS ZENBOOK - AMD RYZEN 7 8th Gen / 8GB RAM / 256GB SSD USED LAPTOP,ASUS,ZENBOOK,RYZEN 7,8,Used,8.0,256.0,SSD,135100.0
HP PROBOOK - AMD RYZEN 5 7th Gen / 32GB RAM / 1024GB SSD USED LAPTOP,HP,PROBOOK,RYZEN 5,7,Used,32.0,1024.0,SSD,173400.0
ASUS ROG - INTEL CORE I5 9th Gen / 16GB RAM / 1024GB SSD USED LAPTOP,ASUS,ROG,I5,9,Used,16.0,1024.0,SSD,167100.0
ASUS TUF - INTEL CORE I9 9th Gen / 8GB RAM / 1024GB SSD USED LAPTOP,ASUS,TUF,I9,9,Used,8.0,1024.0,SSD,241300.0
APPLE MACBOOK AIR - INTEL CORE I5 8th Gen / 16GB RAM / 1024GB SSD USED LAPTOP,APPLE,MACBOOK AIR,I5,8,Used,16.0,1024.0,SSD,186300.0
HP SPECTRE - AMD RYZEN 3 5th Gen / 16GB RAM / 256GB SSD USED LAPTOP,HP,SPECTRE,RYZEN 3,5,Used,16.0,256.0,SSD,72300.0
ACER SWIFT - AMD RYZEN 3 5th Gen / 32GB RAM / 1024GB SSD USED LAPTOP,ACER,SWIFT,RYZEN 3,5,Used,32.0,1024.0,SSD,133100.0
APPLE MACBOOK PRO - INTEL CORE I5 12th Gen / 32GB RAM / 256GB SSD USED LAPTOP,APPLE,MACBOOK PRO,I5,12,Used,32.0,256.0,SSD,211900.0
ACER SWIFT - AMD RYZEN 3 5th Gen / 8GB RAM / 256GB SSD NEW LAPTOP,ACER,SWIFT,RYZEN 3,5,New,8.0,256.0,SSD,74200.0
ASUS TUF - INTEL CORE I3 8th Gen / 16GB RAM / 1024GB SSD USED LAPTOP,ASUS,TUF,I3,8,Used,16.0,1024.0,SSD,139100.0
DELL INSPIRON - INTEL CORE I5 8th Gen / 32GB RAM / 256GB SSD USED LAPTOP,DELL,INSPIRON,I5,8,Used,32.0,256.0,SSD,163300.0
ACER SWIFT - INTEL CORE I9 8th Gen / 16GB RAM / 256GB SSD USED LAPTOP,ACER,SWIFT,I9,8,Used,16.0,256.0,SSD,204200.0
DELL INSPIRON - INTEL CORE I7 10th Gen / 32GB RAM / 256GB SSD USED LAPTOP,DELL,INSPIRON,I7,10,Used,32.0,256.0,SSD,211900.0
HP PROBOOK - AMD RYZEN 7 8th Gen / 32GB RAM / 256GB SSD USED LAPTOP,HP,PROBOOK,RYZEN 7,8,Used,32.0,256.0,SSD,186200.0
HP PAVILION - INTEL CORE I7 12th Gen / 16GB RAM / 256GB SSD USED LAPTOP,HP,PAVILION,I7,12,Used,16.0,256.0,SSD,182600.0
HP ELITEBOOK - AMD RYZEN 3 5th Gen / 16GB RAM / 512GB SSD USED LAPTOP,HP,ELITEBOOK,RYZEN 3,5,Used,16.0,512.0,SSD,82000.0
HP SPECTRE - INTEL CORE I7 7th Gen / 8GB RAM / 512GB SSD USED LAPTOP,HP,SPECTRE,I7,7,Used,8.0,512.0,SSD,120500.0
ACER NITRO - AMD RYZEN 3 5th Gen / 32GB RAM / 512GB SSD USED LAPTOP,ACER,NITRO,RYZEN 3,5,Used,32.0,512.0,SSD,127200.0
ACER NITRO - AMD RYZEN 7 8th Gen / 8GB RAM / 512GB SSD USED LAPTOP,ACER,NITRO,RYZEN 7,8,Used,8.0,512.0,SSD,131500.0
HP PROBOOK - INTEL CORE I5 10th Gen / 32GB RAM / 256GB SSD NEW LAPTOP,HP,PROBOOK,I5,10,New,32.0,256.0,SSD,252400.0
HP SPECTRE - AMD RYZEN 5 7th Gen / 8GB RAM / 256GB SSD NEW LAPTOP,HP,SPECTRE,RYZEN 5,7,New,8.0,256.0,SSD,132900.0
HP ENVY - INTEL CORE I9 13th Gen / 32GB RAM / 1024GB SSD USED LAPTOP,HP,ENVY,I9,13,Used,32.0,1024.0,SSD,338900.0
HP PAVILION - INTEL CORE I7 8th Gen / 32GB RAM / 256GB SSD USED LAPTOP,HP,PAVILION,I7,8,Used,32.0,256.0,SSD,188600.0
DELL VOSTRO - AMD RYZEN 3 5th Gen / 16GB RAM / 1024GB SSD USED LAPTOP,DELL,VOSTRO,RYZEN 3,5,Used,16.0,1024.0,SSD,106000.0
APPLE MACBOOK PRO - APPLE M3  / 32GB RAM / 512GB SSD USED LAPTOP,APPLE,MACBOOK PRO,M3,0,Used,32.0,512.0,SSD,316700.0
ASUS TUF - INTEL CORE I5 7th Gen / 16GB RAM / 1024GB SSD USED LAPTOP,ASUS,TUF,I5,7,Used,16.0,1024.0,SSD,141000.0
DELL INSPIRON - AMD RYZEN 7 8th Gen / 32GB RAM / 512GB SSD USED LAPTOP,DELL,INSPIRON,RYZEN 7,8,Used,32.0,512.0,SSD,187000.0
DELL VOSTRO - INTEL CORE I3 12th Gen / 16GB RAM / 256GB SSD NEW LAPTOP,DELL,VOSTRO,I3,12,New,16.0,256.0,SSD,187200.0
APPLE MACBOOK AIR - INTEL CORE I5 9th Gen / 8GB RAM / 512GB SSD USED LAPTOP,APPLE,MACBOOK AIR,I5,9,Used,8.0,512.0,SSD,133100.0
ASUS VIVOBOOK - INTEL CORE I9 11th Gen / 16GB RAM / 512GB SSD USED LAPTOP,ASUS,VIVOBOOK,I9,11,Used,16.0,512.0,SSD,239300.0
ASUS ROG - INTEL CORE I3 9th Gen / 16GB RAM / 512GB SSD USED LAPTOP,ASUS,ROG,I3,9,Used,16.0,512.0,SSD,123800.0
ACER NITRO - AMD RYZEN 5 7th Gen / 32GB RAM / 512GB SSD USED LAPTOP,ACER,NITRO,RYZEN 5,7,Used,32.0,512.0,SSD,150000.0
ACER ASPIRE - AMD RYZEN 7 8th Gen / 16GB RAM / 256GB SSD USED LAPTOP,ACER,ASPIRE,RYZEN 7,8,Used,16.0,256.0,SSD,147200.0
DELL LATITUDE - INTEL CORE I7 8th Gen / 32GB RAM / 1024GB HDD USED LAPTOP,DELL,LATITUDE,I7,8,Used,32.0,1024.0,HDD,208800.0
APPLE MACBOOK AIR - APPLE M1  / 8GB RAM / 1024GB SSD USED LAPTOP,APPLE,MACBOOK AIR,M1,0,Used,8.0,1024.0,SSD,178900.0
HP PROBOOK - AMD RYZEN 3 5th Gen / 32GB RAM / 256GB SSD NEW LAPTOP,HP,PROBOOK,RYZEN 3,5,New,32.0,256.0,SSD,144100.0
DELL INSPIRON - INTEL CORE I9 8th Gen / 32GB RAM / 256GB SSD USED LAPTOP,DELL,INSPIRON,I9,8,Used,32.0,256.0,SSD,257900.0
ASUS TUF - INTEL CORE I9 11th Gen / 8GB RAM / 256GB SSD NEW LAPTOP,ASUS,TUF,I9,11,New,8.0,256.0,SSD,297800.0
HP ENVY - AMD RYZEN 3 5th Gen / 16GB RAM / 256GB SSD NEW LAPTOP,HP,ENVY,RYZEN 3,5,New,16.0,256.0,SSD,112700.0
ACER NITRO - INTEL CORE I3 8th Gen / 32GB RAM / 1024GB SSD USED LAPTOP,ACER,NITRO,I3,8,Used,32.0,1024.0,SSD,163000.0
ASUS VIVOBOOK - AMD RYZEN 7 8th Gen / 32GB RAM / 512GB SSD USED LAPTOP,ASUS,VIVOBOOK,RYZEN 7,8,Used,32.0,512.0,SSD,207300.0
DELL LATITUDE - AMD RYZEN 3 5th Gen / 16GB RAM / 1024GB SSD USED LAPTOP,DELL,LATITUDE,RYZEN 3,5,Used,16.0,1024.0,SSD,120700.0
DELL VOSTRO - INTEL CORE I5 13th Gen / 8GB RAM / 256GB SSD USED LAPTOP,DELL,VOSTRO,I5,13,Used,8.0,256.0,SSD,141300.0
HP PROBOOK - INTEL CORE I5 12th Gen / 8GB RAM / 512GB SSD USED LAPTOP,HP,PROBOOK,I5,12,Used,8.0,512.0,SSD,159200.0
APPLE MACBOOK AIR - INTEL CORE I7 12th Gen / 8GB RAM / 1024GB SSD USED LAPTOP,APPLE,MACBOOK AIR,I7,12,Used,8.0,1024.0,SSD,224000.0
ACER ASPIRE - INTEL CORE I3 13th Gen / 8GB RAM / 256GB SSD NEW LAPTOP,ACER,ASPIRE,I3,13,New,8.0,256.0,SSD,173400.0
HP PAVILION - AMD RYZEN 7 8th Gen / 16GB RAM / 512GB SSD USED LAPTOP,HP,PAVILION,RYZEN 7,8,Used,16.0,512.0,SSD,161900.0
HP ELITEBOOK - INTEL CORE I7 11th Gen / 32GB RAM / 256GB SSD NEW LAPTOP,HP,ELITEBOOK,I7,11,New,32.0,256.0,SSD,289900.0
HP ELITEBOOK - AMD RYZEN 7 8th Gen / 32GB RAM / 512GB SSD USED LAPTOP,HP,ELITEBOOK,RYZEN 7,8,Used,32.0,512.0,SSD,191300.0
HP SPECTRE - AMD RYZEN 7 8th Gen / 16GB RAM / 1024GB SSD USED LAPTOP,HP,SPECTRE,RYZEN 7,8,Used,16.0,1024.0,SSD,184800.0
DELL LATITUDE - INTEL CORE I5 8th Gen / 16GB RAM / 512GB SSD USED LAPTOP,DELL,LATITUDE,I5,8,Used,16.0,512.0,SSD,139100.0
DELL XPS - AMD RYZEN 3 5th Gen / 32GB RAM / 512GB SSD USED LAPTOP,DELL,XPS,RYZEN 3,5,Used,32.0,512.0,SSD,132500.0
HP SPECTRE - AMD RYZEN 5 7th Gen / 16GB RAM / 256GB SSD USED LAPTOP,HP,SPECTRE,RYZEN 5,7,Used,16.0,256.0,SSD,102200.0
APPLE MACBOOK PRO - APPLE M3  / 32GB RAM / 512GB SSD USED LAPTOP,APPLE,MACBOOK PRO,M3,0,Used,32.0,512.0,SSD,323100.0
ACER ASPIRE - AMD RYZEN 5 7th Gen / 8GB RAM / 1024GB HDD USED LAPTOP,ACER,ASPIRE,RYZEN 5,7,Used,8.0,1024.0,HDD,106500.0
DELL PRECISION - INTEL CORE I5 6th Gen / 32GB RAM / 256GB SSD USED LAPTOP,DELL,PRECISION,I5,6,Used,32.0,256.0,SSD,140100.0
DELL PRECISION - INTEL CORE I7 8th Gen / 8GB RAM / 256GB SSD USED LAPTOP,DELL,PRECISION,I7,8,Used,8.0,256.0,SSD,132200.0
DELL PRECISION - AMD RYZEN 7 8th Gen / 32GB RAM / 1024GB SSD USED LAPTOP,DELL,PRECISION,RYZEN 7,8,Used,32.0,1024.0,SSD,211600.0
ASUS TUF - INTEL CORE I7 7th Gen / 8GB RAM / 1024GB SSD USED LAPTOP,ASUS,TUF,I7,7,Used,8.0,1024.0,SSD,166300.0
APPLE MACBOOK PRO - INTEL CORE I5 8th Gen / 16GB RAM / 1024GB SSD USED LAPTOP,APPLE,MACBOOK PRO,I5,8,Used,16.0,1024.0,SSD,164700.0
ASUS TUF - INTEL CORE I7 8th Gen / 8GB RAM / 1024GB SSD NEW LAPTOP,ASUS,TUF,I7,8,New,8.0,1024.0,SSD,234000.0
APPLE MACBOOK AIR - APPLE M1  / 32GB RAM / 256GB SSD USED LAPTOP,APPLE,MACBOOK AIR,M1,0,Used,32.0,256.0,SSD,203800.0
ASUS ROG - AMD RYZEN 3 5th Gen / 32GB RAM / 1024GB HDD USED LAPTOP,ASUS,ROG,RYZEN 3,5,Used,32.0,1024.0,HDD,135800.0
ASUS ROG - AMD RYZEN 3 5th Gen / 32GB RAM / 512GB SSD USED LAPTOP,ASUS,ROG,RYZEN 3,5,Used,32.0,512.0,SSD,124400.0
ASUS TUF - AMD RYZEN 7 8th Gen / 32GB RAM / 1024GB HDD USED LAPTOP,ASUS,TUF,RYZEN 7,8,Used,32.0,1024.0,HDD,217500.0
ASUS ROG - INTEL CORE I7 7th Gen / 32GB RAM / 256GB SSD USED LAPTOP,ASUS,ROG,I7,7,Used,32.0,256.0,SSD,164200.0
APPLE MACBOOK PRO - APPLE M3  / 32GB RAM / 1024GB SSD NEW LAPTOP,APPLE,MACBOOK PRO,M3,0,New,32.0,1024.0,SSD,441800.0
APPLE MACBOOK AIR - APPLE M2  / 16GB RAM / 1024GB SSD NEW LAPTOP,APPLE,MACBOOK AIR,M2,0,New,16.0,1024.0,SSD,325900.0
ASUS ZENBOOK - AMD RYZEN 7 8th Gen / 32GB RAM / 1024GB HDD USED LAPTOP,ASUS,ZENBOOK,RYZEN 7,8,Used,32.0,1024.0,HDD,190800.0
HP ENVY - AMD RYZEN 5 7th Gen / 16GB RAM / 256GB SSD USED LAPTOP,HP,ENVY,RYZEN 5,7,Used,16.0,256.0,SSD,101900.0
HP PROBOOK - INTEL CORE I3 10th Gen / 32GB RAM / 512GB SSD USED LAPTOP,HP,PROBOOK,I3,10,Used,32.0,512.0,SSD,155000.0
ACER SWIFT - INTEL CORE I7 11th Gen / 32GB RAM / 256GB SSD USED LAPTOP,ACER,SWIFT,I7,11,Used,32.0,256.0,SSD,194800.0
ASUS ROG - AMD RYZEN 3 5th Gen / 32GB RAM / 512GB SSD USED LAPTOP,ASUS,ROG,RYZEN 3,5,Used,32.0,512.0,SSD,128100.0
HP VICTUS - AMD RYZEN 7 8th Gen / 32GB RAM / 512GB SSD NEW LAPTOP,HP,VICTUS,RYZEN 7,8,New,32.0,512.0,SSD,245900.0
ACER ASPIRE - AMD RYZEN 7 8th Gen / 8GB RAM / 512GB SSD USED LAPTOP,ACER,ASPIRE,RYZEN 7,8,Used,8.0,512.0,SSD,131700.0
ASUS ROG - AMD RYZEN 7 8th Gen / 16GB RAM / 512GB SSD NEW LAPTOP,ASUS,ROG,RYZEN 7,8,New,16.0,512.0,SSD,216700.0
ASUS VIVOBOOK - AMD RYZEN 7 8th Gen / 32GB RAM / 256GB SSD USED LAPTOP,ASUS,VIVOBOOK,RYZEN 7,8,Used,32.0,256.0,SSD,191200.0
ACER NITRO - AMD RYZEN 3 5th Gen / 8GB RAM / 1024GB SSD USED LAPTOP,ACER,NITRO,RYZEN 3,5,Used,8.0,1024.0,SSD,85500.0
DELL XPS - INTEL CORE I9 6th Gen / 16GB RAM / 256GB SSD NEW LAPTOP,DELL,XPS,I9,6,New,16.0,256.0,SSD,249500.0
HP PROBOOK - AMD RYZEN 7 8th Gen / 32GB RAM / 1024GB SSD USED LAPTOP,HP,PROBOOK,RYZEN 7,8,Used,32.0,1024.0,SSD,211600.0
APPLE MACBOOK AIR - APPLE M1  / 8GB RAM / 512GB SSD USED LAPTOP,APPLE,MACBOOK AIR,M1,0,Used,8.0,512.0,SSD,166300.0
DELL INSPIRON - INTEL CORE I5 12th Gen / 32GB RAM / 512GB SSD USED LAPTOP,DELL,INSPIRON,I5,12,Used,32.0,512.0,SSD,202800.0
ACER SWIFT - AMD RYZEN 5 7th Gen / 16GB RAM / 256GB SSD USED LAPTOP,ACER,SWIFT,RYZEN 5,7,Used,16.0,256.0,SSD,99600.0
DELL XPS - AMD RYZEN 5 7th Gen / 8GB RAM / 512GB SSD USED LAPTOP,DELL,XPS,RYZEN 5,7,Used,8.0,512.0,SSD,109800.0
ACER SWIFT - AMD RYZEN 5 7th Gen / 32GB RAM / 256GB SSD USED LAPTOP,ACER,SWIFT,RYZEN 5,7,Used,32.0,256.0,SSD,141800.0
HP PROBOOK - AMD RYZEN 5 7th Gen / 32GB RAM / 1024GB SSD USED LAPTOP,HP,PROBOOK,RYZEN 5,7,Used,32.0,1024.0,SSD,176700.0
HP ENVY - INTEL CORE I3 6th Gen / 8GB RAM / 1024GB SSD NEW LAPTOP,HP,ENVY,I3,6,New,8.0,1024.0,SSD,145400.0
HP ENVY - INTEL CORE I9 6th Gen / 8GB RAM / 256GB SSD USED LAPTOP,HP,ENVY,I9,6,Used,8.0,256.0,SSD,167600.0
HP ELITEBOOK - INTEL CORE I3 7th Gen / 16GB RAM / 1024GB SSD USED LAPTOP,HP,ELITEBOOK,I3,7,Used,16.0,1024.0,SSD,127300.0
APPLE MACBOOK AIR - APPLE M1  / 32GB RAM / 1024GB SSD USED LAPTOP,APPLE,MACBOOK AIR,M1,0,Used,32.0,1024.0,SSD,242000.0
ACER ASPIRE - AMD RYZEN 3 5th Gen / 32GB RAM / 256GB SSD USED LAPTOP,ACER,ASPIRE,RYZEN 3,5,Used,32.0,256.0,SSD,116200.0
ACER NITRO - INTEL CORE I9 7th Gen / 16GB RAM / 512GB SSD USED LAPTOP,ACER,NITRO,I9,7,Used,16.0,512.0,SSD,210100.0
APPLE MACBOOK PRO - APPLE M2  / 16GB RAM / 256GB SSD USED LAPTOP,APPLE,MACBOOK PRO,M2,0,Used,16.0,256.0,SSD,215000.0
HP PROBOOK - INTEL CORE I5 8th Gen / 32GB RAM / 1024GB HDD USED LAPTOP,HP,PROBOOK,I5,8,Used,32.0,1024.0,HDD,174200.0
ASUS ZENBOOK - INTEL CORE I7 9th Gen / 8GB RAM / 512GB SSD USED LAPTOP,ASUS,ZENBOOK,I7,9,Used,8.0,512.0,SSD,161200.0
ASUS ZENBOOK - INTEL CORE I3 13th Gen / 16GB RAM / 1024GB HDD USED LAPTOP,ASUS,ZENBOOK,I3,13,Used,16.0,1024.0,HDD,178900.0
DELL VOSTRO - INTEL CORE I9 10th Gen / 8GB RAM / 512GB SSD USED LAPTOP,DELL,VOSTRO,I9,10,Used,8.0,512.0,SSD,230200.0
ACER SWIFT - AMD RYZEN 5 7th Gen / 16GB RAM / 256GB SSD USED LAPTOP,ACER,SWIFT,RYZEN 5,7,Used,16.0,256.0,SSD,113500.0
ACER SWIFT - INTEL CORE I9 9th Gen / 32GB RAM / 1024GB SSD USED LAPTOP,ACER,SWIFT,I9,9,Used,32.0,1024.0,SSD,266900.0
APPLE MACBOOK AIR - APPLE M3  / 32GB RAM / 512GB SSD USED LAPTOP,APPLE,MACBOOK AIR,M3,0,Used,32.0,512.0,SSD,295100.0
DELL INSPIRON - INTEL CORE I7 9th Gen / 32GB RAM / 512GB SSD USED LAPTOP,DELL,INSPIRON,I7,9,Used,32.0,512.0,SSD,213400.0
ASUS ZENBOOK - INTEL CORE I7 13th Gen / 16GB RAM / 256GB SSD NEW LAPTOP,ASUS,ZENBOOK,I7,13,New,16.0,256.0,SSD,247700.0
ASUS ROG - INTEL CORE I9 7th Gen / 32GB RAM / 512GB SSD USED LAPTOP,ASUS,ROG,I9,7,Used,32.0,512.0,SSD,237700.0
ASUS VIVOBOOK - INTEL CORE I3 10th Gen / 16GB RAM / 1024GB HDD USED LAPTOP,ASUS,VIVOBOOK,I3,10,Used,16.0,1024.0,HDD,158100.0
ASUS ROG - INTEL CORE I9 13th Gen / 8GB RAM / 512GB SSD NEW LAPTOP,ASUS,ROG,I9,13,New,8.0,512.0,SSD,341500.0
APPLE MACBOOK PRO - INTEL CORE I5 13th Gen / 8GB RAM / 1024GB SSD USED LAPTOP,APPLE,MACBOOK PRO,I5,13,Used,8.0,1024.0,SSD,214300.0
APPLE MACBOOK AIR - APPLE M1  / 16GB RAM / 256GB SSD USED LAPTOP,APPLE,MACBOOK AIR,M1,0,Used,16.0,256.0,SSD,177800.0
DELL LATITUDE - INTEL CORE I9 6th Gen / 8GB RAM / 512GB SSD USED LAPTOP,DELL,LATITUDE,I9,6,Used,8.0,512.0,SSD,183200.0
ASUS TUF - INTEL CORE I3 11th Gen / 8GB RAM / 512GB SSD USED LAPTOP,ASUS,TUF,I3,11,Used,8.0,512.0,SSD,129600.0
APPLE MACBOOK AIR - APPLE M2  / 16GB RAM / 512GB SSD USED LAPTOP,APPLE,MACBOOK AIR,M2,0,Used,16.0,512.0,SSD,237200.0
APPLE MACBOOK AIR - APPLE M3  / 32GB RAM / 256GB SSD USED LAPTOP,APPLE,MACBOOK AIR,M3,0,Used,32.0,256.0,SSD,283500.0
ASUS VIVOBOOK - INTEL CORE I3 13th Gen / 16GB RAM / 512GB SSD USED LAPTOP,ASUS,VIVOBOOK,I3,13,Used,16.0,512.0,SSD,167600.0
APPLE MACBOOK PRO - INTEL CORE I7 12th Gen / 16GB RAM / 256GB SSD USED LAPTOP,APPLE,MACBOOK PRO,I7,12,Used,16.0,256.0,SSD,194600.0
APPLE MACBOOK PRO - INTEL CORE I5 10th Gen / 16GB RAM / 1024GB SSD USED LAPTOP,APPLE,MACBOOK PRO,I5,10,Used,16.0,1024.0,SSD,205300.0
APPLE MACBOOK PRO - INTEL CORE I5 8th Gen / 8GB RAM / 256GB SSD NEW LAPTOP,APPLE,MACBOOK PRO,I5,8,New,8.0,256.0,SSD,171700.0
HP ENVY - INTEL CORE I9 7th Gen / 32GB RAM / 256GB SSD USED LAPTOP,HP,ENVY,I9,7,Used,32.0,256.0,SSD,234800.0
ASUS TUF - INTEL CORE I7 12th Gen / 32GB RAM / 256GB SSD USED LAPTOP,ASUS,TUF,I7,12,Used,32.0,256.0,SSD,206900.0
ASUS ROG - AMD RYZEN 3 5th Gen / 32GB RAM / 256GB SSD USED LAPTOP,ASUS,ROG,RYZEN 3,5,Used,32.0,256.0,SSD,120100.0
APPLE MACBOOK AIR - INTEL CORE I5 6th Gen / 32GB RAM / 256GB SSD USED LAPTOP,APPLE,MACBOOK AIR,I5,6,Used,32.0,256.0,SSD,145600.0
ASUS TUF - INTEL CORE I3 13th Gen / 32GB RAM / 512GB SSD USED LAPTOP,ASUS,TUF,I3,13,Used,32.0,512.0,SSD,184700.0
DELL INSPIRON - INTEL CORE I7 13th Gen / 32GB RAM / 1024GB SSD USED LAPTOP,DELL,INSPIRON,I7,13,Used,32.0,1024.0,SSD,261500.0
APPLE MACBOOK AIR - APPLE M2  / 16GB RAM / 1024GB HDD USED LAPTOP,APPLE,MACBOOK AIR,M2,0,Used,16.0,1024.0,HDD,248400.0
APPLE MACBOOK AIR - APPLE M1  / 8GB RAM / 1024GB SSD USED LAPTOP,APPLE,MACBOOK AIR,M1,0,Used,8.0,1024.0,SSD,180100.0
DELL XPS - INTEL CORE I5 8th Gen / 16GB RAM / 512GB SSD USED LAPTOP,DELL,XPS,I5,8,Used,16.0,512.0,SSD,128100.0
ASUS TUF - AMD RYZEN 3 5th Gen / 8GB RAM / 256GB SSD USED LAPTOP,ASUS,TUF,RYZEN 3,5,Used,8.0,256.0,SSD,59900.0
APPLE MACBOOK AIR - APPLE M1  / 8GB RAM / 1024GB HDD USED LAPTOP,APPLE,MACBOOK AIR,M1,0,Used,8.0,1024.0,HDD,188800.0
ASUS ROG - AMD RYZEN 5 7th Gen / 8GB RAM / 512GB SSD USED LAPTOP,ASUS,ROG,RYZEN 5,7,Used,8.0,512.0,SSD,113400.0
ACER NITRO - INTEL CORE I7 6th Gen / 32GB RAM / 1024GB HDD USED LAPTOP,ACER,NITRO,I7,6,Used,32.0,1024.0,HDD,184000.0
ASUS TUF - INTEL CORE I9 10th Gen / 16GB RAM / 256GB SSD USED LAPTOP,ASUS,TUF,I9,10,Used,16.0,256.0,SSD,232900.0
ASUS ZENBOOK - AMD RYZEN 7 8th Gen / 32GB RAM / 1024GB SSD USED LAPTOP,ASUS,ZENBOOK,RYZEN 7,8,Used,32.0,1024.0,SSD,207500.0
HP PAVILION - INTEL CORE I9 12th Gen / 16GB RAM / 256GB SSD USED LAPTOP,HP,PAVILION,I9,12,Used,16.0,256.0,SSD,251600.0
HP VICTUS - INTEL CORE I7 8th Gen / 32GB RAM / 512GB SSD USED LAPTOP,HP,VICTUS,I7,8,Used,32.0,512.0,SSD,199600.0
DELL PRECISION - AMD RYZEN 5 7th Gen / 16GB RAM / 1024GB SSD NEW LAPTOP,DELL,PRECISION,RYZEN 5,7,New,16.0,1024.0,SSD,202800.0
DELL LATITUDE - INTEL CORE I7 12th Gen / 32GB RAM / 256GB SSD USED LAPTOP,DELL,LATITUDE,I7,12,Used,32.0,256.0,SSD,212900.0
ACER ASPIRE - INTEL CORE I5 10th Gen / 8GB RAM / 1024GB SSD NEW LAPTOP,ACER,ASPIRE,I5,10,New,8.0,1024.0,SSD,226400.0
ACER SWIFT - AMD RYZEN 7 8th Gen / 8GB RAM / 256GB SSD USED LAPTOP,ACER,SWIFT,RYZEN 7,8,Used,8.0,256.0,SSD,126000.0
DELL XPS - INTEL CORE I5 8th Gen / 16GB RAM / 256GB SSD NEW LAPTOP,DELL,XPS,I5,8,New,16.0,256.0,SSD,161200.0
HP PAVILION - INTEL CORE I7 10th Gen / 32GB RAM / 512GB SSD USED LAPTOP,HP,PAVILION,I7,10,Used,32.0,512.0,SSD,198200.0
DELL INSPIRON - AMD RYZEN 3 5th Gen / 16GB RAM / 256GB SSD USED LAPTOP,DELL,INSPIRON,RYZEN 3,5,Used,16.0,256.0,SSD,78900.0
ASUS TUF - INTEL CORE I3 9th Gen / 8GB RAM / 256GB SSD USED LAPTOP,ASUS,TUF,I3,9,Used,8.0,256.0,SSD,100400.0
DELL INSPIRON - AMD RYZEN 5 7th Gen / 32GB RAM / 1024GB SSD USED LAPTOP,DELL,INSPIRON,RYZEN 5,7,Used,32.0,1024.0,SSD,180500.0
ASUS ROG - AMD RYZEN 7 8th Gen / 32GB RAM / 512GB SSD USED LAPTOP,ASUS,ROG,RYZEN 7,8,Used,32.0,512.0,SSD,185100.0
DELL INSPIRON - INTEL CORE I9 6th Gen / 16GB RAM / 1024GB SSD USED LAPTOP,DELL,INSPIRON,I9,6,Used,16.0,1024.0,SSD,232900.0
HP ENVY - AMD RYZEN 3 5th Gen / 32GB RAM / 512GB SSD USED LAPTOP,HP,ENVY,RYZEN 3,5,Used,32.0,512.0,SSD,117500.0
HP PROBOOK - AMD RYZEN 3 5th Gen / 16GB RAM / 512GB SSD USED LAPTOP,HP,PROBOOK,RYZEN 3,5,Used,16.0,512.0,SSD,85400.0
ACER SWIFT - INTEL CORE I9 6th Gen / 32GB RAM / 256GB SSD USED LAPTOP,ACER,SWIFT,I9,6,Used,32.0,256.0,SSD,217900.0
ACER ASPIRE - INTEL CORE I7 11th Gen / 32GB RAM / 256GB SSD USED LAPTOP,ACER,ASPIRE,I7,11,Used,32.0,256.0,SSD,187200.0
DELL PRECISION - INTEL CORE I9 11th Gen / 16GB RAM / 256GB SSD USED LAPTOP,DELL,PRECISION,I9,11,Used,16.0,256.0,SSD,231000.0
HP PROBOOK - AMD RYZEN 5 7th Gen / 16GB RAM / 1024GB SSD USED LAPTOP,HP,PROBOOK,RYZEN 5,7,Used,16.0,1024.0,SSD,152500.0
ACER SWIFT - AMD RYZEN 7 8th Gen / 8GB RAM / 256GB SSD USED LAPTOP,ACER,SWIFT,RYZEN 7,8,Used,8.0,256.0,SSD,131900.0
HP ELITEBOOK - INTEL CORE I5 11th Gen / 16GB RAM / 512GB SSD USED LAPTOP,HP,ELITEBOOK,I5,11,Used,16.0,512.0,SSD,149300.0
HP ENVY - INTEL CORE I5 12th Gen / 16GB RAM / 1024GB HDD USED LAPTOP,HP,ENVY,I5,12,Used,16.0,1024.0,HDD,171100.0
HP PAVILION - INTEL CORE I3 8th Gen / 8GB RAM / 256GB SSD USED LAPTOP,HP,PAVILION,I3,8,Used,8.0,256.0,SSD,80600.0
DELL XPS - AMD RYZEN 5 7th Gen / 16GB RAM / 512GB SSD USED LAPTOP,DELL,XPS,RYZEN 5,7,Used,16.0,512.0,SSD,128300.0
APPLE MACBOOK AIR - APPLE M1  / 8GB RAM / 1024GB SSD USED LAPTOP,APPLE,MACBOOK AIR,M1,0,Used,8.0,1024.0,SSD,205100.0
ASUS TUF - AMD RYZEN 7 8th Gen / 16GB RAM / 1024GB SSD NEW LAPTOP,ASUS,TUF,RYZEN 7,8,New,16.0,1024.0,SSD,272600.0
ACER NITRO - AMD RYZEN 7 8th Gen / 16GB RAM / 512GB SSD USED LAPTOP,ACER,NITRO,RYZEN 7,8,Used,16.0,512.0,SSD,141000.0
HP SPECTRE - AMD RYZEN 5 7th Gen / 8GB RAM / 512GB SSD USED LAPTOP,HP,SPECTRE,RYZEN 5,7,Used,8.0,512.0,SSD,100200.0
HP PAVILION - AMD RYZEN 7 8th Gen / 32GB RAM / 512GB SSD USED LAPTOP,HP,PAVILION,RYZEN 7,8,Used,32.0,512.0,SSD,199700.0
DELL LATITUDE - AMD RYZEN 5 7th Gen / 32GB RAM / 256GB SSD USED LAPTOP,DELL,LATITUDE,RYZEN 5,7,Used,32.0,256.0,SSD,159800.0
ACER NITRO - INTEL CORE I3 6th Gen / 32GB RAM / 256GB SSD USED LAPTOP,ACER,NITRO,I3,6,Used,32.0,256.0,SSD,110200.0
APPLE MACBOOK PRO - APPLE M1  / 16GB RAM / 256GB SSD NEW LAPTOP,APPLE,MACBOOK PRO,M1,0,New,16.0,256.0,SSD,257200.0
ACER NITRO - INTEL CORE I9 11th Gen / 16GB RAM / 256GB SSD USED LAPTOP,ACER,NITRO,I9,11,Used,16.0,256.0,SSD,243600.0
HP SPECTRE - INTEL CORE I9 8th Gen / 8GB RAM / 1024GB SSD USED LAPTOP,HP,SPECTRE,I9,8,Used,8.0,1024.0,SSD,212000.0
HP PROBOOK - INTEL CORE I7 13th Gen / 32GB RAM / 256GB SSD USED LAPTOP,HP,PROBOOK,I7,13,Used,32.0,256.0,SSD,209000.0
ACER SWIFT - INTEL CORE I5 7th Gen / 32GB RAM / 256GB SSD USED LAPTOP,ACER,SWIFT,I5,7,Used,32.0,256.0,SSD,142600.0
DELL INSPIRON - AMD RYZEN 5 7th Gen / 16GB RAM / 512GB SSD USED LAPTOP,DELL,INSPIRON,RYZEN 5,7,Used,16.0,512.0,SSD,115600.0
HP PAVILION - INTEL CORE I9 10th Gen / 8GB RAM / 1024GB SSD USED LAPTOP,HP,PAVILION,I9,10,Used,8.0,1024.0,SSD,247200.0
DELL XPS - INTEL CORE I3 7th Gen / 32GB RAM / 1024GB SSD USED LAPTOP,DELL,XPS,I3,7,Used,32.0,1024.0,SSD,159300.0
HP PAVILION - INTEL CORE I9 8th Gen / 16GB RAM / 512GB SSD USED LAPTOP,HP,PAVILION,I9,8,Used,16.0,512.0,SSD,203500.0
ACER SWIFT - INTEL CORE I3 6th Gen / 32GB RAM / 256GB SSD USED LAPTOP,ACER,SWIFT,I3,6,Used,32.0,256.0,SSD,122500.0
HP ENVY - INTEL CORE I9 7th Gen / 8GB RAM / 512GB SSD USED LAPTOP,HP,ENVY,I9,7,Used,8.0,512.0,SSD,175300.0
ASUS ROG - INTEL CORE I9 6th Gen / 32GB RAM / 512GB SSD USED LAPTOP,ASUS,ROG,I9,6,Used,32.0,512.0,SSD,239200.0
DELL LATITUDE - INTEL CORE I3 11th Gen / 8GB RAM / 512GB SSD USED LAPTOP,DELL,LATITUDE,I3,11,Used,8.0,512.0,SSD,123400.0
HP PROBOOK - AMD RYZEN 3 5th Gen / 8GB RAM / 256GB SSD USED LAPTOP,HP,PROBOOK,RYZEN 3,5,Used,8.0,256.0,SSD,61100.0
HP SPECTRE - AMD RYZEN 5 7th Gen / 8GB RAM / 512GB SSD USED LAPTOP,HP,SPECTRE,RYZEN 5,7,Used,8.0,512.0,SSD,96500.0
APPLE MACBOOK AIR - INTEL CORE I5 8th Gen / 16GB RAM / 512GB SSD USED LAPTOP,APPLE,MACBOOK AIR,I5,8,Used,16.0,512.0,SSD,158800.0
HP SPECTRE - INTEL CORE I9 6th Gen / 16GB RAM / 512GB SSD USED LAPTOP,HP,SPECTRE,I9,6,Used,16.0,512.0,SSD,184600.0
ASUS ROG - INTEL CORE I3 6th Gen / 16GB RAM / 512GB SSD USED LAPTOP,ASUS,ROG,I3,6,Used,16.0,512.0,SSD,99900.0
HP PAVILION - INTEL CORE I3 13th Gen / 16GB RAM / 256GB SSD USED LAPTOP,HP,PAVILION,I3,13,Used,16.0,256.0,SSD,146900.0
DELL INSPIRON - INTEL CORE I3 13th Gen / 8GB RAM / 512GB SSD NEW LAPTOP,DELL,INSPIRON,I3,13,New,8.0,512.0,SSD,217000.0
ASUS ROG - AMD RYZEN 5 7th Gen / 32GB RAM / 1024GB SSD USED LAPTOP,ASUS,ROG,RYZEN 5,7,Used,32.0,1024.0,SSD,190700.0
HP PAVILION - INTEL CORE I3 10th Gen / 32GB RAM / 1024GB SSD USED LAPTOP,HP,PAVILION,I3,10,Used,32.0,1024.0,SSD,182900.0
ACER SWIFT - AMD RYZEN 5 7th Gen / 16GB RAM / 512GB SSD NEW LAPTOP,ACER,SWIFT,RYZEN 5,7,New,16.0,512.0,SSD,158500.0
ACER SWIFT - AMD RYZEN 5 7th Gen / 16GB RAM / 512GB SSD USED LAPTOP,ACER,SWIFT,RYZEN 5,7,Used,16.0,512.0,SSD,117200.0
ACER ASPIRE - AMD RYZEN 5 7th Gen / 32GB RAM / 256GB SSD USED LAPTOP,ACER,ASPIRE,RYZEN 5,7,Used,32.0,256.0,SSD,133100.0
APPLE MACBOOK PRO - INTEL CORE I5 10th Gen / 16GB RAM / 1024GB SSD NEW LAPTOP,APPLE,MACBOOK PRO,I5,10,New,16.0,1024.0,SSD,263700.0
ACER SWIFT - INTEL CORE I7 11th Gen / 16GB RAM / 512GB SSD USED LAPTOP,ACER,SWIFT,I7,11,Used,16.0,512.0,SSD,171200.0
ACER ASPIRE - AMD RYZEN 7 8th Gen / 8GB RAM / 512GB SSD USED LAPTOP,ACER,ASPIRE,RYZEN 7,8,Used,8.0,512.0,SSD,127200.0
DELL PRECISION - AMD RYZEN 7 8th Gen / 32GB RAM / 256GB SSD USED LAPTOP,DELL,PRECISION,RYZEN 7,8,Used,32.0,256.0,SSD,182100.0
DELL XPS - AMD RYZEN 5 7th Gen / 8GB RAM / 256GB SSD USED LAPTOP,DELL,XPS,RYZEN 5,7,Used,8.0,256.0,SSD,94300.0
ASUS TUF - INTEL CORE I3 8th Gen / 8GB RAM / 1024GB HDD USED LAPTOP,ASUS,TUF,I3,8,Used,8.0,1024.0,HDD,109600.0
HP ENVY - INTEL CORE I7 12th Gen / 8GB RAM / 1024GB SSD USED LAPTOP,HP,ENVY,I7,12,Used,8.0,1024.0,SSD,198100.0
DELL PRECISION - INTEL CORE I3 13th Gen / 16GB RAM / 256GB SSD USED LAPTOP,DELL,PRECISION,I3,13,Used,16.0,256.0,SSD,164100.0
APPLE MACBOOK AIR - INTEL CORE I5 9th Gen / 32GB RAM / 256GB SSD USED LAPTOP,APPLE,MACBOOK AIR,I5,9,Used,32.0,256.0,SSD,183700.0
ACER NITRO - AMD RYZEN 3 5th Gen / 8GB RAM / 1024GB SSD USED LAPTOP,ACER,NITRO,RYZEN 3,5,Used,8.0,1024.0,SSD,92800.0
APPLE MACBOOK AIR - INTEL CORE I7 7th Gen / 16GB RAM / 512GB SSD USED LAPTOP,APPLE,MACBOOK AIR,I7,7,Used,16.0,512.0,SSD,155800.0
HP ENVY - AMD RYZEN 3 5th Gen / 16GB RAM / 1024GB SSD USED LAPTOP,HP,ENVY,RYZEN 3,5,Used,16.0,1024.0,SSD,108600.0
APPLE MACBOOK AIR - APPLE M3  / 32GB RAM / 1024GB SSD USED LAPTOP,APPLE,MACBOOK AIR,M3,0,Used,32.0,1024.0,SSD,326100.0
ACER SWIFT - AMD RYZEN 3 5th Gen / 16GB RAM / 1024GB SSD USED LAPTOP,ACER,SWIFT,RYZEN 3,5,Used,16.0,1024.0,SSD,113800.0
APPLE MACBOOK AIR - INTEL CORE I5 9th Gen / 32GB RAM / 512GB SSD USED LAPTOP,APPLE,MACBOOK AIR,I5,9,Used,32.0,512.0,SSD,198600.0
APPLE MACBOOK PRO - APPLE M1  / 32GB RAM / 512GB SSD USED LAPTOP,APPLE,MACBOOK PRO,M1,0,Used,32.0,512.0,SSD,230300.0
ACER SWIFT - INTEL CORE I5 10th Gen / 16GB RAM / 512GB SSD USED LAPTOP,ACER,SWIFT,I5,10,Used,16.0,512.0,SSD,146000.0
DELL XPS - AMD RYZEN 5 7th Gen / 32GB RAM / 512GB SSD NEW LAPTOP,DELL,XPS,RYZEN 5,7,New,32.0,512.0,SSD,216700.0
ACER ASPIRE - INTEL CORE I7 7th Gen / 32GB RAM / 1024GB SSD USED LAPTOP,ACER,ASPIRE,I7,7,Used,32.0,1024.0,SSD,188700.0
APPLE MACBOOK PRO - INTEL CORE I7 8th Gen / 8GB RAM / 256GB SSD NEW LAPTOP,APPLE,MACBOOK PRO,I7,8,New,8.0,256.0,SSD,219100.0
DELL INSPIRON - INTEL CORE I3 11th Gen / 16GB RAM / 256GB SSD USED LAPTOP,DELL,INSPIRON,I3,11,Used,16.0,256.0,SSD,138100.0
ASUS VIVOBOOK - AMD RYZEN 7 8th Gen / 8GB RAM / 1024GB SSD USED LAPTOP,ASUS,VIVOBOOK,RYZEN 7,8,Used,8.0,1024.0,SSD,163500.0
ASUS TUF - INTEL CORE I9 8th Gen / 16GB RAM / 512GB SSD USED LAPTOP,ASUS,TUF,I9,8,Used,16.0,512.0,SSD,211400.0
ACER SWIFT - INTEL CORE I3 10th Gen / 8GB RAM / 1024GB SSD USED LAPTOP,ACER,SWIFT,I3,10,Used,8.0,1024.0,SSD,132000.0
HP ELITEBOOK - INTEL CORE I5 12th Gen / 16GB RAM / 512GB SSD NEW LAPTOP,HP,ELITEBOOK,I5,12,New,16.0,512.0,SSD,249200.0
HP PAVILION - AMD RYZEN 7 8th Gen / 8GB RAM / 256GB SSD USED LAPTOP,HP,PAVILION,RYZEN 7,8,Used,8.0,256.0,SSD,124500.0
ACER ASPIRE - INTEL CORE I5 10th Gen / 16GB RAM / 512GB SSD USED LAPTOP,ACER,ASPIRE,I5,10,Used,16.0,512.0,SSD,142900.0
DELL PRECISION - INTEL CORE I9 8th Gen / 32GB RAM / 256GB SSD NEW LAPTOP,DELL,PRECISION,I9,8,New,32.0,256.0,SSD,331900.0
HP VICTUS - AMD RYZEN 5 7th Gen / 16GB RAM / 512GB SSD USED LAPTOP,HP,VICTUS,RYZEN 5,7,Used,16.0,512.0,SSD,129600.0
APPLE MACBOOK AIR - INTEL CORE I7 8th Gen / 16GB RAM / 256GB SSD USED LAPTOP,APPLE,MACBOOK AIR,I7,8,Used,16.0,256.0,SSD,158800.0
APPLE MACBOOK PRO - INTEL CORE I7 12th Gen / 16GB RAM / 256GB SSD USED LAPTOP,APPLE,MACBOOK PRO,I7,12,Used,16.0,256.0,SSD,201700.0
ACER SWIFT - INTEL CORE I5 8th Gen / 8GB RAM / 1024GB SSD USED LAPTOP,ACER,SWIFT,I5,8,Used,8.0,1024.0,SSD,134900.0
APPLE MACBOOK AIR - APPLE M2  / 16GB RAM / 512GB SSD USED LAPTOP,APPLE,MACBOOK AIR,M2,0,Used,16.0,512.0,SSD,221000.0
DELL LATITUDE - INTEL CORE I3 6th Gen / 8GB RAM / 512GB SSD USED LAPTOP,DELL,LATITUDE,I3,6,Used,8.0,512.0,SSD,85600.0
HP PAVILION - AMD RYZEN 3 5th Gen / 32GB RAM / 256GB SSD NEW LAPTOP,HP,PAVILION,RYZEN 3,5,New,32.0,256.0,SSD,161400.0
ACER SWIFT - AMD RYZEN 5 7th Gen / 8GB RAM / 1024GB SSD USED LAPTOP,ACER,SWIFT,RYZEN 5,7,Used,8.0,1024.0,SSD,123800.0
APPLE MACBOOK PRO - INTEL CORE I5 11th Gen / 8GB RAM / 512GB SSD USED LAPTOP,APPLE,MACBOOK PRO,I5,11,Used,8.0,512.0,SSD,173700.0
DELL PRECISION - AMD RYZEN 5 7th Gen / 16GB RAM / 1024GB SSD USED LAPTOP,DELL,PRECISION,RYZEN 5,7,Used,16.0,1024.0,SSD,141300.0
DELL VOSTRO - AMD RYZEN 7 8th Gen / 32GB RAM / 512GB SSD USED LAPTOP,DELL,VOSTRO,RYZEN 7,8,Used,32.0,512.0,SSD,196900.0
ASUS ZENBOOK - AMD RYZEN 3 5th Gen / 32GB RAM / 512GB SSD USED LAPTOP,ASUS,ZENBOOK,RYZEN 3,5,Used,32.0,512.0,SSD,133600.0
ACER SWIFT - INTEL CORE I9 10th Gen / 16GB RAM / 1024GB SSD USED LAPTOP,ACER,SWIFT,I9,10,Used,16.0,1024.0,SSD,259000.0
ACER ASPIRE - AMD RYZEN 7 8th Gen / 32GB RAM / 256GB SSD USED LAPTOP,ACER,ASPIRE,RYZEN 7,8,Used,32.0,256.0,SSD,184400.0
ASUS VIVOBOOK - INTEL CORE I7 6th Gen / 16GB RAM / 1024GB SSD USED LAPTOP,ASUS,VIVOBOOK,I7,6,Used,16.0,1024.0,SSD,160900.0
HP VICTUS - AMD RYZEN 5 7th Gen / 8GB RAM / 512GB SSD USED LAPTOP,HP,VICTUS,RYZEN 5,7,Used,8.0,512.0,SSD,103400.0
ACER NITRO - AMD RYZEN 7 8th Gen / 32GB RAM / 1024GB HDD USED LAPTOP,ACER,NITRO,RYZEN 7,8,Used,32.0,1024.0,HDD,183900.0
ASUS ROG - AMD RYZEN 7 8th Gen / 8GB RAM / 1024GB SSD USED LAPTOP,ASUS,ROG,RYZEN 7,8,Used,8.0,1024.0,SSD,173900.0
HP PROBOOK - AMD RYZEN 5 7th Gen / 16GB RAM / 512GB SSD USED LAPTOP,HP,PROBOOK,RYZEN 5,7,Used,16.0,512.0,SSD,122200.0
HP SPECTRE - INTEL CORE I7 7th Gen / 8GB RAM / 512GB SSD USED LAPTOP,HP,SPECTRE,I7,7,Used,8.0,512.0,SSD,135300.0
ACER ASPIRE - AMD RYZEN 3 5th Gen / 8GB RAM / 1024GB SSD USED LAPTOP,ACER,ASPIRE,RYZEN 3,5,Used,8.0,1024.0,SSD,95200.0
ACER ASPIRE - INTEL CORE I3 7th Gen / 16GB RAM / 512GB SSD USED LAPTOP,ACER,ASPIRE,I3,7,Used,16.0,512.0,SSD,94700.0
HP VICTUS - INTEL CORE I3 6th Gen / 32GB RAM / 512GB SSD USED LAPTOP,HP,VICTUS,I3,6,Used,32.0,512.0,SSD,133000.0
DELL XPS - INTEL CORE I9 13th Gen / 32GB RAM / 256GB SSD USED LAPTOP,DELL,XPS,I9,13,Used,32.0,256.0,SSD,284100.0
HP VICTUS - AMD RYZEN 5 7th Gen / 32GB RAM / 512GB SSD USED LAPTOP,HP,VICTUS,RYZEN 5,7,Used,32.0,512.0,SSD,153300.0
ACER NITRO - AMD RYZEN 5 7th Gen / 32GB RAM / 512GB SSD USED LAPTOP,ACER,NITRO,RYZEN 5,7,Used,32.0,512.0,SSD,162900.0
ACER NITRO - AMD RYZEN 3 5th Gen / 8GB RAM / 1024GB SSD NEW LAPTOP,ACER,NITRO,RYZEN 3,5,New,8.0,1024.0,SSD,123100.0
HP PAVILION - AMD RYZEN 5 7th Gen / 32GB RAM / 512GB SSD USED LAPTOP,HP,PAVILION,RYZEN 5,7,Used,32.0,512.0,SSD,148300.0
ASUS TUF - INTEL CORE I9 7th Gen / 8GB RAM / 512GB SSD USED LAPTOP,ASUS,TUF,I9,7,Used,8.0,512.0,SSD,178200.0
ACER SWIFT - INTEL CORE I7 12th Gen / 8GB RAM / 512GB SSD USED LAPTOP,ACER,SWIFT,I7,12,Used,8.0,512.0,SSD,168900.0
HP ENVY - INTEL CORE I7 7th Gen / 32GB RAM / 1024GB HDD USED LAPTOP,HP,ENVY,I7,7,Used,32.0,1024.0,HDD,190900.0
HP ELITEBOOK - AMD RYZEN 3 5th Gen / 16GB RAM / 512GB SSD USED LAPTOP,HP,ELITEBOOK,RYZEN 3,5,Used,16.0,512.0,SSD,93000.0
APPLE MACBOOK AIR - APPLE M3  / 32GB RAM / 1024GB SSD USED LAPTOP,APPLE,MACBOOK AIR,M3,0,Used,32.0,1024.0,SSD,346500.0
APPLE MACBOOK AIR - APPLE M2  / 8GB RAM / 1024GB HDD USED LAPTOP,APPLE,MACBOOK AIR,M2,0,Used,8.0,1024.0,HDD,208200.0
ASUS ZENBOOK - AMD RYZEN 3 5th Gen / 16GB RAM / 1024GB SSD USED LAPTOP,ASUS,ZENBOOK,RYZEN 3,5,Used,16.0,1024.0,SSD,112600.0
ASUS TUF - INTEL CORE I9 7th Gen / 8GB RAM / 256GB SSD NEW LAPTOP,ASUS,TUF,I9,7,New,8.0,256.0,SSD,260000.0
DELL INSPIRON - INTEL CORE I7 7th Gen / 16GB RAM / 512GB SSD USED LAPTOP,DELL,INSPIRON,I7,7,Used,16.0,512.0,SSD,142300.0
DELL VOSTRO - AMD RYZEN 7 8th Gen / 16GB RAM / 1024GB HDD USED LAPTOP,DELL,VOSTRO,RYZEN 7,8,Used,16.0,1024.0,HDD,167000.0
HP PROBOOK - AMD RYZEN 7 8th Gen / 8GB RAM / 256GB SSD USED LAPTOP,HP,PROBOOK,RYZEN 7,8,Used,8.0,256.0,SSD,132500.0
HP PROBOOK - AMD RYZEN 3 5th Gen / 16GB RAM / 1024GB SSD USED LAPTOP,HP,PROBOOK,RYZEN 3,5,Used,16.0,1024.0,SSD,118400.0
ACER ASPIRE - AMD RYZEN 7 8th Gen / 8GB RAM / 512GB SSD USED LAPTOP,ACER,ASPIRE,RYZEN 7,8,Used,8.0,512.0,SSD,134500.0
ACER SWIFT - INTEL CORE I3 11th Gen / 8GB RAM / 512GB SSD USED LAPTOP,ACER,SWIFT,I3,11,Used,8.0,512.0,SSD,112900.0
ACER ASPIRE - AMD RYZEN 7 8th Gen / 32GB RAM / 1024GB SSD USED LAPTOP,ACER,ASPIRE,RYZEN 7,8,Used,32.0,1024.0,SSD,221600.0
APPLE MACBOOK AIR - APPLE M2  / 32GB RAM / 1024GB SSD USED LAPTOP,APPLE,MACBOOK AIR,M2,0,Used,32.0,1024.0,SSD,298600.0
ACER NITRO - INTEL CORE I9 11th Gen / 16GB RAM / 1024GB SSD USED LAPTOP,ACER,NITRO,I9,11,Used,16.0,1024.0,SSD,279300.0
DELL PRECISION - AMD RYZEN 5 7th Gen / 32GB RAM / 256GB SSD USED LAPTOP,DELL,PRECISION,RYZEN 5,7,Used,32.0,256.0,SSD,149500.0
ASUS VIVOBOOK - INTEL CORE I7 13th Gen / 16GB RAM / 1024GB SSD USED LAPTOP,ASUS,VIVOBOOK,I7,13,Used,16.0,1024.0,SSD,210000.0
HP PAVILION - INTEL CORE I3 12th Gen / 32GB RAM / 512GB SSD NEW LAPTOP,HP,PAVILION,I3,12,New,32.0,512.0,SSD,269400.0
ACER ASPIRE - AMD RYZEN 7 8th Gen / 16GB RAM / 1024GB SSD USED LAPTOP,ACER,ASPIRE,RYZEN 7,8,Used,16.0,1024.0,SSD,184900.0
APPLE MACBOOK AIR - APPLE M3  / 8GB RAM / 256GB SSD USED LAPTOP,APPLE,MACBOOK AIR,M3,0,Used,8.0,256.0,SSD,236600.0
HP ELITEBOOK - INTEL CORE I7 11th Gen / 8GB RAM / 256GB SSD USED LAPTOP,HP,ELITEBOOK,I7,11,Used,8.0,256.0,SSD,146300.0
APPLE MACBOOK AIR - APPLE M1  / 16GB RAM / 256GB SSD USED LAPTOP,APPLE,MACBOOK AIR,M1,0,Used,16.0,256.0,SSD,170700.0
HP SPECTRE - AMD RYZEN 7 8th Gen / 32GB RAM / 256GB SSD USED LAPTOP,HP,SPECTRE,RYZEN 7,8,Used,32.0,256.0,SSD,176500.0
ACER NITRO - AMD RYZEN 7 8th Gen / 32GB RAM / 1024GB SSD USED LAPTOP,ACER,NITRO,RYZEN 7,8,Used,32.0,1024.0,SSD,204100.0
HP ENVY - INTEL CORE I7 8th Gen / 16GB RAM / 512GB SSD USED LAPTOP,HP,ENVY,I7,8,Used,16.0,512.0,SSD,154300.0
ACER SWIFT - INTEL CORE I9 6th Gen / 32GB RAM / 512GB SSD USED LAPTOP,ACER,SWIFT,I9,6,Used,32.0,512.0,SSD,247200.0
HP SPECTRE - AMD RYZEN 5 7th Gen / 16GB RAM / 256GB SSD USED LAPTOP,HP,SPECTRE,RYZEN 5,7,Used,16.0,256.0,SSD,99900.0
ACER NITRO - INTEL CORE I5 12th Gen / 8GB RAM / 512GB SSD USED LAPTOP,ACER,NITRO,I5,12,Used,8.0,512.0,SSD,140100.0
HP SPECTRE - AMD RYZEN 5 7th Gen / 16GB RAM / 1024GB SSD USED LAPTOP,HP,SPECTRE,RYZEN 5,7,Used,16.0,1024.0,SSD,137700.0
HP PAVILION - AMD RYZEN 7 8th Gen / 16GB RAM / 256GB SSD USED LAPTOP,HP,PAVILION,RYZEN 7,8,Used,16.0,256.0,SSD,149100.0
ASUS TUF - AMD RYZEN 5 7th Gen / 32GB RAM / 512GB SSD USED LAPTOP,ASUS,TUF,RYZEN 5,7,Used,32.0,512.0,SSD,165600.0
ACER NITRO - AMD RYZEN 3 5th Gen / 16GB RAM / 256GB SSD USED LAPTOP,ACER,NITRO,RYZEN 3,5,Used,16.0,256.0,SSD,78000.0
HP PROBOOK - INTEL CORE I5 11th Gen / 8GB RAM / 256GB SSD USED LAPTOP,HP,PROBOOK,I5,11,Used,8.0,256.0,SSD,123100.0
DELL XPS - INTEL CORE I7 10th Gen / 8GB RAM / 256GB SSD USED LAPTOP,DELL,XPS,I7,10,Used,8.0,256.0,SSD,142500.0
APPLE MACBOOK PRO - APPLE M3  / 32GB RAM / 256GB SSD USED LAPTOP,APPLE,MACBOOK PRO,M3,0,Used,32.0,256.0,SSD,319700.0
ACER SWIFT - INTEL CORE I7 12th Gen / 8GB RAM / 1024GB HDD USED LAPTOP,ACER,SWIFT,I7,12,Used,8.0,1024.0,HDD,191300.0
ACER ASPIRE - INTEL CORE I3 13th Gen / 8GB RAM / 256GB SSD USED LAPTOP,ACER,ASPIRE,I3,13,Used,8.0,256.0,SSD,120200.0
HP PAVILION - INTEL CORE I5 8th Gen / 8GB RAM / 256GB SSD USED LAPTOP,HP,PAVILION,I5,8,Used,8.0,256.0,SSD,94000.0
ASUS ZENBOOK - INTEL CORE I5 13th Gen / 8GB RAM / 256GB SSD USED LAPTOP,ASUS,ZENBOOK,I5,13,Used,8.0,256.0,SSD,142400.0
APPLE MACBOOK AIR - APPLE M2  / 16GB RAM / 1024GB SSD USED LAPTOP,APPLE,MACBOOK AIR,M2,0,Used,16.0,1024.0,SSD,232100.0
APPLE MACBOOK AIR - INTEL CORE I5 13th Gen / 8GB RAM / 1024GB SSD USED LAPTOP,APPLE,MACBOOK AIR,I5,13,Used,8.0,1024.0,SSD,211100.0
DELL PRECISION - INTEL CORE I5 7th Gen / 16GB RAM / 512GB SSD USED LAPTOP,DELL,PRECISION,I5,7,Used,16.0,512.0,SSD,118100.0
ACER SWIFT - INTEL CORE I5 9th Gen / 8GB RAM / 512GB SSD USED LAPTOP,ACER,SWIFT,I5,9,Used,8.0,512.0,SSD,114100.0
ASUS TUF - AMD RYZEN 7 8th Gen / 16GB RAM / 512GB SSD USED LAPTOP,ASUS,TUF,RYZEN 7,8,Used,16.0,512.0,SSD,171200.0
ACER SWIFT - INTEL CORE I9 11th Gen / 32GB RAM / 256GB SSD NEW LAPTOP,ACER,SWIFT,I9,11,New,32.0,256.0,SSD,389000.0
APPLE MACBOOK PRO - APPLE M2  / 8GB RAM / 1024GB SSD NEW LAPTOP,APPLE,MACBOOK PRO,M2,0,New,8.0,1024.0,SSD,308000.0
ACER SWIFT - AMD RYZEN 7 8th Gen / 16GB RAM / 512GB SSD USED LAPTOP,ACER,SWIFT,RYZEN 7,8,Used,16.0,512.0,SSD,161800.0
ACER SWIFT - INTEL CORE I5 6th Gen / 32GB RAM / 256GB SSD USED LAPTOP,ACER,SWIFT,I5,6,Used,32.0,256.0,SSD,139700.0
ACER SWIFT - AMD RYZEN 5 7th Gen / 16GB RAM / 512GB SSD NEW LAPTOP,ACER,SWIFT,RYZEN 5,7,New,16.0,512.0,SSD,161800.0
APPLE MACBOOK AIR - INTEL CORE I5 11th Gen / 32GB RAM / 256GB SSD USED LAPTOP,APPLE,MACBOOK AIR,I5,11,Used,32.0,256.0,SSD,213000.0
DELL VOSTRO - AMD RYZEN 3 5th Gen / 8GB RAM / 256GB SSD USED LAPTOP,DELL,VOSTRO,RYZEN 3,5,Used,8.0,256.0,SSD,66500.0
APPLE MACBOOK PRO - INTEL CORE I5 11th Gen / 16GB RAM / 256GB SSD USED LAPTOP,APPLE,MACBOOK PRO,I5,11,Used,16.0,256.0,SSD,161700.0
HP ELITEBOOK - INTEL CORE I5 13th Gen / 32GB RAM / 256GB SSD USED LAPTOP,HP,ELITEBOOK,I5,13,Used,32.0,256.0,SSD,194500.0
ASUS ROG - AMD RYZEN 5 7th Gen / 16GB RAM / 1024GB SSD USED LAPTOP,ASUS,ROG,RYZEN 5,7,Used,16.0,1024.0,SSD,153200.0
ASUS ROG - AMD RYZEN 5 7th Gen / 8GB RAM / 512GB SSD USED LAPTOP,ASUS,ROG,RYZEN 5,7,Used,8.0,512.0,SSD,99600.0
ASUS VIVOBOOK - INTEL CORE I9 6th Gen / 8GB RAM / 512GB SSD USED LAPTOP,ASUS,VIVOBOOK,I9,6,Used,8.0,512.0,SSD,183300.0
APPLE MACBOOK PRO - INTEL CORE I7 11th Gen / 32GB RAM / 256GB SSD USED LAPTOP,APPLE,MACBOOK PRO,I7,11,Used,32.0,256.0,SSD,216600.0
DELL VOSTRO - INTEL CORE I5 10th Gen / 16GB RAM / 1024GB SSD USED LAPTOP,DELL,VOSTRO,I5,10,Used,16.0,1024.0,SSD,169800.0
HP PAVILION - INTEL CORE I9 8th Gen / 8GB RAM / 1024GB SSD USED LAPTOP,HP,PAVILION,I9,8,Used,8.0,1024.0,SSD,215900.0
APPLE MACBOOK PRO - INTEL CORE I5 11th Gen / 32GB RAM / 1024GB SSD USED LAPTOP,APPLE,MACBOOK PRO,I5,11,Used,32.0,1024.0,SSD,219800.0
ASUS VIVOBOOK - INTEL CORE I3 11th Gen / 16GB RAM / 1024GB HDD USED LAPTOP,ASUS,VIVOBOOK,I3,11,Used,16.0,1024.0,HDD,146600.0
ASUS ZENBOOK - AMD RYZEN 3 5th Gen / 32GB RAM / 512GB SSD NEW LAPTOP,ASUS,ZENBOOK,RYZEN 3,5,New,32.0,512.0,SSD,185100.0
DELL LATITUDE - INTEL CORE I3 12th Gen / 32GB RAM / 1024GB SSD USED LAPTOP,DELL,LATITUDE,I3,12,Used,32.0,1024.0,SSD,223400.0
ASUS ZENBOOK - INTEL CORE I5 13th Gen / 32GB RAM / 256GB SSD USED LAPTOP,ASUS,ZENBOOK,I5,13,Used,32.0,256.0,SSD,203200.0
HP ENVY - INTEL CORE I7 10th Gen / 16GB RAM / 512GB SSD USED LAPTOP,HP,ENVY,I7,10,Used,16.0,512.0,SSD,179300.0
DELL XPS - INTEL CORE I3 9th Gen / 8GB RAM / 256GB SSD NEW LAPTOP,DELL,XPS,I3,9,New,8.0,256.0,SSD,140100.0
ACER ASPIRE - INTEL CORE I9 10th Gen / 8GB RAM / 256GB SSD USED LAPTOP,ACER,ASPIRE,I9,10,Used,8.0,256.0,SSD,185400.0
ACER ASPIRE - INTEL CORE I5 13th Gen / 32GB RAM / 256GB SSD USED LAPTOP,ACER,ASPIRE,I5,13,Used,32.0,256.0,SSD,196800.0
ACER SWIFT - INTEL CORE I9 12th Gen / 32GB RAM / 512GB SSD USED LAPTOP,ACER,SWIFT,I9,12,Used,32.0,512.0,SSD,297100.0
ASUS VIVOBOOK - INTEL CORE I7 9th Gen / 16GB RAM / 256GB SSD USED LAPTOP,ASUS,VIVOBOOK,I7,9,Used,16.0,256.0,SSD,149400.0
ACER NITRO - AMD RYZEN 3 5th Gen / 32GB RAM / 256GB SSD NEW LAPTOP,ACER,NITRO,RYZEN 3,5,New,32.0,256.0,SSD,155200.0
APPLE MACBOOK PRO - APPLE M2  / 16GB RAM / 512GB SSD USED LAPTOP,APPLE,MACBOOK PRO,M2,0,Used,16.0,512.0,SSD,224500.0
DELL VOSTRO - AMD RYZEN 7 8th Gen / 16GB RAM / 512GB SSD USED LAPTOP,DELL,VOSTRO,RYZEN 7,8,Used,16.0,512.0,SSD,166300.0
DELL XPS - INTEL CORE I7 9th Gen / 16GB RAM / 512GB SSD USED LAPTOP,DELL,XPS,I7,9,Used,16.0,512.0,SSD,166400.0
APPLE MACBOOK AIR - INTEL CORE I7 8th Gen / 16GB RAM / 512GB SSD USED LAPTOP,APPLE,MACBOOK AIR,I7,8,Used,16.0,512.0,SSD,171600.0
ASUS VIVOBOOK - AMD RYZEN 3 5th Gen / 32GB RAM / 256GB SSD NEW LAPTOP,ASUS,VIVOBOOK,RYZEN 3,5,New,32.0,256.0,SSD,168800.0
HP ELITEBOOK - INTEL CORE I7 9th Gen / 8GB RAM / 1024GB SSD USED LAPTOP,HP,ELITEBOOK,I7,9,Used,8.0,1024.0,SSD,168600.0
DELL PRECISION - INTEL CORE I7 7th Gen / 16GB RAM / 256GB SSD USED LAPTOP,DELL,PRECISION,I7,7,Used,16.0,256.0,SSD,146300.0
APPLE MACBOOK PRO - INTEL CORE I7 12th Gen / 8GB RAM / 256GB SSD USED LAPTOP,APPLE,MACBOOK PRO,I7,12,Used,8.0,256.0,SSD,170600.0
ASUS VIVOBOOK - INTEL CORE I7 8th Gen / 8GB RAM / 512GB SSD USED LAPTOP,ASUS,VIVOBOOK,I7,8,Used,8.0,512.0,SSD,146100.0
HP PROBOOK - AMD RYZEN 3 5th Gen / 16GB RAM / 1024GB HDD NEW LAPTOP,HP,PROBOOK,RYZEN 3,5,New,16.0,1024.0,HDD,133000.0
ASUS ROG - AMD RYZEN 3 5th Gen / 16GB RAM / 1024GB SSD NEW LAPTOP,ASUS,ROG,RYZEN 3,5,New,16.0,1024.0,SSD,156800.0
DELL PRECISION - INTEL CORE I3 10th Gen / 8GB RAM / 512GB SSD USED LAPTOP,DELL,PRECISION,I3,10,Used,8.0,512.0,SSD,117900.0
HP PAVILION - AMD RYZEN 3 5th Gen / 8GB RAM / 256GB SSD USED LAPTOP,HP,PAVILION,RYZEN 3,5,Used,8.0,256.0,SSD,56400.0
APPLE MACBOOK PRO - APPLE M1  / 32GB RAM / 1024GB HDD USED LAPTOP,APPLE,MACBOOK PRO,M1,0,Used,32.0,1024.0,HDD,228100.0
ASUS VIVOBOOK - AMD RYZEN 3 5th Gen / 16GB RAM / 256GB SSD USED LAPTOP,ASUS,VIVOBOOK,RYZEN 3,5,Used,16.0,256.0,SSD,77100.0
ASUS ROG - AMD RYZEN 5 7th Gen / 8GB RAM / 512GB SSD USED LAPTOP,ASUS,ROG,RYZEN 5,7,Used,8.0,512.0,SSD,102800.0
DELL XPS - INTEL CORE I7 11th Gen / 16GB RAM / 256GB SSD USED LAPTOP,DELL,XPS,I7,11,Used,16.0,256.0,SSD,185300.0
ASUS ZENBOOK - INTEL CORE I3 12th Gen / 8GB RAM / 1024GB SSD USED LAPTOP,ASUS,ZENBOOK,I3,12,Used,8.0,1024.0,SSD,150800.0
DELL VOSTRO - INTEL CORE I7 6th Gen / 32GB RAM / 512GB SSD USED LAPTOP,DELL,VOSTRO,I7,6,Used,32.0,512.0,SSD,185300.0
APPLE MACBOOK PRO - APPLE M1  / 8GB RAM / 256GB SSD NEW LAPTOP,APPLE,MACBOOK PRO,M1,0,New,8.0,256.0,SSD,232000.0
DELL VOSTRO - AMD RYZEN 7 8th Gen / 16GB RAM / 256GB SSD USED LAPTOP,DELL,VOSTRO,RYZEN 7,8,Used,16.0,256.0,SSD,158700.0
ASUS TUF - INTEL CORE I7 7th Gen / 16GB RAM / 1024GB SSD USED LAPTOP,ASUS,TUF,I7,7,Used,16.0,1024.0,SSD,176600.0
DELL VOSTRO - INTEL CORE I3 13th Gen / 8GB RAM / 512GB SSD USED LAPTOP,DELL,VOSTRO,I3,13,Used,8.0,512.0,SSD,155000.0
ASUS ROG - INTEL CORE I3 11th Gen / 16GB RAM / 512GB SSD USED LAPTOP,ASUS,ROG,I3,11,Used,16.0,512.0,SSD,145000.0
ASUS VIVOBOOK - AMD RYZEN 7 8th Gen / 8GB RAM / 256GB SSD USED LAPTOP,ASUS,VIVOBOOK,RYZEN 7,8,Used,8.0,256.0,SSD,133700.0
ASUS VIVOBOOK - AMD RYZEN 3 5th Gen / 32GB RAM / 256GB SSD USED LAPTOP,ASUS,VIVOBOOK,RYZEN 3,5,Used,32.0,256.0,SSD,122800.0
ASUS VIVOBOOK - INTEL CORE I5 13th Gen / 16GB RAM / 256GB SSD NEW LAPTOP,ASUS,VIVOBOOK,I5,13,New,16.0,256.0,SSD,243900.0
DELL XPS - AMD RYZEN 7 8th Gen / 32GB RAM / 512GB SSD USED LAPTOP,DELL,XPS,RYZEN 7,8,Used,32.0,512.0,SSD,202700.0
ASUS TUF - AMD RYZEN 3 5th Gen / 32GB RAM / 512GB SSD USED LAPTOP,ASUS,TUF,RYZEN 3,5,Used,32.0,512.0,SSD,126400.0
ASUS ROG - INTEL CORE I3 6th Gen / 32GB RAM / 1024GB SSD USED LAPTOP,ASUS,ROG,I3,6,Used,32.0,1024.0,SSD,148000.0
DELL LATITUDE - INTEL CORE I5 6th Gen / 16GB RAM / 1024GB SSD USED LAPTOP,DELL,LATITUDE,I5,6,Used,16.0,1024.0,SSD,144100.0
HP SPECTRE - INTEL CORE I9 9th Gen / 8GB RAM / 256GB SSD USED LAPTOP,HP,SPECTRE,I9,9,Used,8.0,256.0,SSD,201700.0
HP PROBOOK - AMD RYZEN 3 5th Gen / 8GB RAM / 1024GB SSD NEW LAPTOP,HP,PROBOOK,RYZEN 3,5,New,8.0,1024.0,SSD,120100.0
ASUS ROG - INTEL CORE I9 8th Gen / 16GB RAM / 512GB SSD USED LAPTOP,ASUS,ROG,I9,8,Used,16.0,512.0,SSD,204600.0
APPLE MACBOOK PRO - APPLE M1  / 8GB RAM / 512GB SSD USED LAPTOP,APPLE,MACBOOK PRO,M1,0,Used,8.0,512.0,SSD,167900.0
ACER SWIFT - INTEL CORE I3 9th Gen / 16GB RAM / 512GB SSD USED LAPTOP,ACER,SWIFT,I3,9,Used,16.0,512.0,SSD,120600.0
HP ELITEBOOK - AMD RYZEN 7 8th Gen / 32GB RAM / 256GB SSD USED LAPTOP,HP,ELITEBOOK,RYZEN 7,8,Used,32.0,256.0,SSD,191100.0
ASUS ROG - INTEL CORE I3 9th Gen / 32GB RAM / 512GB SSD USED LAPTOP,ASUS,ROG,I3,9,Used,32.0,512.0,SSD,172700.0
HP SPECTRE - AMD RYZEN 3 5th Gen / 16GB RAM / 512GB SSD USED LAPTOP,HP,SPECTRE,RYZEN 3,5,Used,16.0,512.0,SSD,86300.0
APPLE MACBOOK AIR - INTEL CORE I7 11th Gen / 8GB RAM / 256GB SSD NEW LAPTOP,APPLE,MACBOOK AIR,I7,11,New,8.0,256.0,SSD,261800.0
ASUS TUF - INTEL CORE I5 9th Gen / 8GB RAM / 1024GB HDD USED LAPTOP,ASUS,TUF,I5,9,Used,8.0,1024.0,HDD,141800.0
APPLE MACBOOK AIR - INTEL CORE I7 13th Gen / 32GB RAM / 1024GB HDD USED LAPTOP,APPLE,MACBOOK AIR,I7,13,Used,32.0,1024.0,HDD,250100.0
DELL VOSTRO - INTEL CORE I7 12th Gen / 8GB RAM / 512GB SSD USED LAPTOP,DELL,VOSTRO,I7,12,Used,8.0,512.0,SSD,172400.0
DELL XPS - INTEL CORE I3 9th Gen / 16GB RAM / 256GB SSD USED LAPTOP,DELL,XPS,I3,9,Used,16.0,256.0,SSD,116900.0
ACER SWIFT - INTEL CORE I3 12th Gen / 16GB RAM / 512GB SSD USED LAPTOP,ACER,SWIFT,I3,12,Used,16.0,512.0,SSD,153500.0
APPLE MACBOOK PRO - APPLE M3  / 32GB RAM / 512GB SSD USED LAPTOP,APPLE,MACBOOK PRO,M3,0,Used,32.0,512.0,SSD,313600.0
DELL INSPIRON - INTEL CORE I3 10th Gen / 8GB RAM / 1024GB SSD USED LAPTOP,DELL,INSPIRON,I3,10,Used,8.0,1024.0,SSD,143700.0
HP SPECTRE - AMD RYZEN 5 7th Gen / 32GB RAM / 256GB SSD USED LAPTOP,HP,SPECTRE,RYZEN 5,7,Used,32.0,256.0,SSD,148000.0
ACER SWIFT - AMD RYZEN 5 7th Gen / 8GB RAM / 1024GB SSD USED LAPTOP,ACER,SWIFT,RYZEN 5,7,Used,8.0,1024.0,SSD,130900.0
ACER ASPIRE - INTEL CORE I7 13th Gen / 32GB RAM / 1024GB SSD USED LAPTOP,ACER,ASPIRE,I7,13,Used,32.0,1024.0,SSD,245800.0
DELL XPS - INTEL CORE I7 11th Gen / 32GB RAM / 256GB SSD USED LAPTOP,DELL,XPS,I7,11,Used,32.0,256.0,SSD,209600.0
APPLE MACBOOK PRO - INTEL CORE I7 9th Gen / 32GB RAM / 256GB SSD USED LAPTOP,APPLE,MACBOOK PRO,I7,9,Used,32.0,256.0,SSD,204000.0
ASUS ZENBOOK - AMD RYZEN 7 8th Gen / 16GB RAM / 1024GB HDD USED LAPTOP,ASUS,ZENBOOK,RYZEN 7,8,Used,16.0,1024.0,HDD,164900.0
HP ELITEBOOK - INTEL CORE I3 12th Gen / 8GB RAM / 256GB SSD NEW LAPTOP,HP,ELITEBOOK,I3,12,New,8.0,256.0,SSD,170600.0
APPLE MACBOOK PRO - APPLE M1  / 8GB RAM / 256GB SSD USED LAPTOP,APPLE,MACBOOK PRO,M1,0,Used,8.0,256.0,SSD,156300.0
ASUS VIVOBOOK - INTEL CORE I3 13th Gen / 16GB RAM / 1024GB SSD USED LAPTOP,ASUS,VIVOBOOK,I3,13,Used,16.0,1024.0,SSD,195400.0
ASUS TUF - INTEL CORE I3 7th Gen / 32GB RAM / 512GB SSD USED LAPTOP,ASUS,TUF,I3,7,Used,32.0,512.0,SSD,142700.0
ACER NITRO - INTEL CORE I3 6th Gen / 16GB RAM / 512GB SSD USED LAPTOP,ACER,NITRO,I3,6,Used,16.0,512.0,SSD,99800.0
ACER SWIFT - INTEL CORE I3 10th Gen / 8GB RAM / 1024GB SSD USED LAPTOP,ACER,SWIFT,I3,10,Used,8.0,1024.0,SSD,142000.0
HP ENVY - INTEL CORE I9 11th Gen / 16GB RAM / 512GB SSD USED LAPTOP,HP,ENVY,I9,11,Used,16.0,512.0,SSD,245600.0
APPLE MACBOOK PRO - INTEL CORE I5 8th Gen / 32GB RAM / 512GB SSD USED LAPTOP,APPLE,MACBOOK PRO,I5,8,Used,32.0,512.0,SSD,175700.0
APPLE MACBOOK PRO - APPLE M1  / 16GB RAM / 512GB SSD USED LAPTOP,APPLE,MACBOOK PRO,M1,0,Used,16.0,512.0,SSD,195800.0
ACER ASPIRE - INTEL CORE I5 6th Gen / 8GB RAM / 1024GB HDD USED LAPTOP,ACER,ASPIRE,I5,6,Used,8.0,1024.0,HDD,101300.0
HP PAVILION - AMD RYZEN 7 8th Gen / 32GB RAM / 1024GB SSD NEW LAPTOP,HP,PAVILION,RYZEN 7,8,New,32.0,1024.0,SSD,306800.0
HP ELITEBOOK - INTEL CORE I7 8th Gen / 32GB RAM / 256GB SSD USED LAPTOP,HP,ELITEBOOK,I7,8,Used,32.0,256.0,SSD,189500.0
ACER ASPIRE - AMD RYZEN 5 7th Gen / 8GB RAM / 512GB SSD USED LAPTOP,ACER,ASPIRE,RYZEN 5,7,Used,8.0,512.0,SSD,96900.0
DELL PRECISION - AMD RYZEN 3 5th Gen / 8GB RAM / 1024GB HDD NEW LAPTOP,DELL,PRECISION,RYZEN 3,5,New,8.0,1024.0,HDD,112800.0
DELL PRECISION - AMD RYZEN 5 7th Gen / 16GB RAM / 1024GB SSD USED LAPTOP,DELL,PRECISION,RYZEN 5,7,Used,16.0,1024.0,SSD,156800.0
HP VICTUS - INTEL CORE I5 8th Gen / 8GB RAM / 512GB SSD NEW LAPTOP,HP,VICTUS,I5,8,New,8.0,512.0,SSD,166800.0
DELL PRECISION - INTEL CORE I5 9th Gen / 16GB RAM / 256GB SSD USED LAPTOP,DELL,PRECISION,I5,9,Used,16.0,256.0,SSD,127400.0
ASUS ROG - AMD RYZEN 5 7th Gen / 16GB RAM / 256GB SSD USED LAPTOP,ASUS,ROG,RYZEN 5,7,Used,16.0,256.0,SSD,104900.0
APPLE MACBOOK PRO - INTEL CORE I5 7th Gen / 32GB RAM / 256GB SSD NEW LAPTOP,APPLE,MACBOOK PRO,I5,7,New,32.0,256.0,SSD,249200.0
ASUS TUF - INTEL CORE I5 6th Gen / 16GB RAM / 512GB SSD NEW LAPTOP,ASUS,TUF,I5,6,New,16.0,512.0,SSD,169700.0
APPLE MACBOOK PRO - INTEL CORE I5 9th Gen / 8GB RAM / 512GB SSD USED LAPTOP,APPLE,MACBOOK PRO,I5,9,Used,8.0,512.0,SSD,138200.0
ACER ASPIRE - AMD RYZEN 5 7th Gen / 32GB RAM / 1024GB HDD NEW LAPTOP,ACER,ASPIRE,RYZEN 5,7,New,32.0,1024.0,HDD,232400.0
ASUS TUF - INTEL CORE I9 11th Gen / 32GB RAM / 256GB SSD NEW LAPTOP,ASUS,TUF,I9,11,New,32.0,256.0,SSD,357200.0
ASUS ZENBOOK - AMD RYZEN 7 8th Gen / 8GB RAM / 512GB SSD USED LAPTOP,ASUS,ZENBOOK,RYZEN 7,8,Used,8.0,512.0,SSD,135100.0
APPLE MACBOOK PRO - APPLE M1  / 8GB RAM / 256GB SSD USED LAPTOP,APPLE,MACBOOK PRO,M1,0,Used,8.0,256.0,SSD,163100.0
HP PAVILION - INTEL CORE I9 11th Gen / 16GB RAM / 1024GB SSD USED LAPTOP,HP,PAVILION,I9,11,Used,16.0,1024.0,SSD,276900.0
APPLE MACBOOK PRO - INTEL CORE I5 13th Gen / 32GB RAM / 1024GB SSD USED LAPTOP,APPLE,MACBOOK PRO,I5,13,Used,32.0,1024.0,SSD,271700.0
HP ELITEBOOK - INTEL CORE I9 7th Gen / 8GB RAM / 512GB SSD USED LAPTOP,HP,ELITEBOOK,I9,7,Used,8.0,512.0,SSD,186500.0
HP PROBOOK - INTEL CORE I3 9th Gen / 16GB RAM / 512GB SSD USED LAPTOP,HP,PROBOOK,I3,9,Used,16.0,512.0,SSD,116200.0
APPLE MACBOOK PRO - APPLE M2  / 32GB RAM / 1024GB HDD USED LAPTOP,APPLE,MACBOOK PRO,M2,0,Used,32.0,1024.0,HDD,269100.0
APPLE MACBOOK AIR - APPLE M2  / 8GB RAM / 1024GB SSD USED LAPTOP,APPLE,MACBOOK AIR,M2,0,Used,8.0,1024.0,SSD,219900.0
DELL INSPIRON - INTEL CORE I7 13th Gen / 8GB RAM / 512GB SSD USED LAPTOP,DELL,INSPIRON,I7,13,Used,8.0,512.0,SSD,184400.0
DELL XPS - INTEL CORE I9 7th Gen / 8GB RAM / 1024GB SSD USED LAPTOP,DELL,XPS,I9,7,Used,8.0,1024.0,SSD,206000.0
HP PROBOOK - INTEL CORE I9 13th Gen / 16GB RAM / 512GB SSD USED LAPTOP,HP,PROBOOK,I9,13,Used,16.0,512.0,SSD,249400.0
HP ELITEBOOK - INTEL CORE I3 13th Gen / 8GB RAM / 256GB SSD USED LAPTOP,HP,ELITEBOOK,I3,13,Used,8.0,256.0,SSD,136100.0
ASUS ZENBOOK - AMD RYZEN 3 5th Gen / 16GB RAM / 512GB SSD NEW LAPTOP,ASUS,ZENBOOK,RYZEN 3,5,New,16.0,512.0,SSD,132300.0
DELL PRECISION - AMD RYZEN 3 5th Gen / 8GB RAM / 256GB SSD USED LAPTOP,DELL,PRECISION,RYZEN 3,5,Used,8.0,256.0,SSD,61100.0
HP ENVY - INTEL CORE I5 12th Gen / 32GB RAM / 512GB SSD USED LAPTOP,HP,ENVY,I5,12,Used,32.0,512.0,SSD,196900.0
DELL INSPIRON - INTEL CORE I9 10th Gen / 8GB RAM / 512GB SSD USED LAPTOP,DELL,INSPIRON,I9,10,Used,8.0,512.0,SSD,233300.0
ACER ASPIRE - INTEL CORE I5 13th Gen / 16GB RAM / 512GB SSD USED LAPTOP,ACER,ASPIRE,I5,13,Used,16.0,512.0,SSD,159400.0
APPLE MACBOOK PRO - INTEL CORE I5 10th Gen / 32GB RAM / 512GB SSD USED LAPTOP,APPLE,MACBOOK PRO,I5,10,Used,32.0,512.0,SSD,211300.0
ACER NITRO - INTEL CORE I9 9th Gen / 8GB RAM / 512GB SSD USED LAPTOP,ACER,NITRO,I9,9,Used,8.0,512.0,SSD,213400.0
DELL XPS - AMD RYZEN 5 7th Gen / 8GB RAM / 256GB SSD USED LAPTOP,DELL,XPS,RYZEN 5,7,Used,8.0,256.0,SSD,99600.0
HP PROBOOK - AMD RYZEN 3 5th Gen / 8GB RAM / 1024GB SSD USED LAPTOP,HP,PROBOOK,RYZEN 3,5,Used,8.0,1024.0,SSD,97200.0
APPLE MACBOOK AIR - APPLE M1  / 16GB RAM / 512GB SSD USED LAPTOP,APPLE,MACBOOK AIR,M1,0,Used,16.0,512.0,SSD,174600.0
APPLE MACBOOK AIR - INTEL CORE I7 8th Gen / 8GB RAM / 1024GB SSD USED LAPTOP,APPLE,MACBOOK AIR,I7,8,Used,8.0,1024.0,SSD,189400.0
ACER SWIFT - INTEL CORE I3 11th Gen / 16GB RAM / 256GB SSD USED LAPTOP,ACER,SWIFT,I3,11,Used,16.0,256.0,SSD,137500.0
APPLE MACBOOK AIR - APPLE M1  / 32GB RAM / 256GB SSD USED LAPTOP,APPLE,MACBOOK AIR,M1,0,Used,32.0,256.0,SSD,212700.0
HP ENVY - INTEL CORE I9 8th Gen / 8GB RAM / 1024GB SSD NEW LAPTOP,HP,ENVY,I9,8,New,8.0,1024.0,SSD,287100.0
ASUS ZENBOOK - INTEL CORE I9 6th Gen / 8GB RAM / 512GB SSD NEW LAPTOP,ASUS,ZENBOOK,I9,6,New,8.0,512.0,SSD,274800.0
HP ENVY - AMD RYZEN 3 5th Gen / 32GB RAM / 256GB SSD NEW LAPTOP,HP,ENVY,RYZEN 3,5,New,32.0,256.0,SSD,147300.0
HP ENVY - INTEL CORE I5 11th Gen / 8GB RAM / 512GB SSD USED LAPTOP,HP,ENVY,I5,11,Used,8.0,512.0,SSD,144600.0
APPLE MACBOOK AIR - APPLE M1  / 8GB RAM / 1024GB SSD USED LAPTOP,APPLE,MACBOOK AIR,M1,0,Used,8.0,1024.0,SSD,202500.0
ACER ASPIRE - INTEL CORE I9 8th Gen / 8GB RAM / 512GB SSD USED LAPTOP,ACER,ASPIRE,I9,8,Used,8.0,512.0,SSD,192600.0
ACER SWIFT - AMD RYZEN 3 5th Gen / 16GB RAM / 512GB SSD USED LAPTOP,ACER,SWIFT,RYZEN 3,5,Used,16.0,512.0,SSD,79600.0
ASUS ZENBOOK - INTEL CORE I3 10th Gen / 16GB RAM / 512GB SSD USED LAPTOP,ASUS,ZENBOOK,I3,10,Used,16.0,512.0,SSD,126800.0
DELL PRECISION - AMD RYZEN 7 8th Gen / 8GB RAM / 512GB SSD USED LAPTOP,DELL,PRECISION,RYZEN 7,8,Used,8.0,512.0,SSD,134800.0
APPLE MACBOOK PRO - APPLE M3  / 8GB RAM / 512GB SSD USED LAPTOP,APPLE,MACBOOK PRO,M3,0,Used,8.0,512.0,SSD,265400.0
APPLE MACBOOK PRO - APPLE M1  / 32GB RAM / 256GB SSD USED LAPTOP,APPLE,MACBOOK PRO,M1,0,Used,32.0,256.0,SSD,204400.0
ASUS ZENBOOK - AMD RYZEN 7 8th Gen / 8GB RAM / 256GB SSD USED LAPTOP,ASUS,ZENBOOK,RYZEN 7,8,Used,8.0,256.0,SSD,136400.0
ACER NITRO - INTEL CORE I3 13th Gen / 16GB RAM / 512GB SSD USED LAPTOP,ACER,NITRO,I3,13,Used,16.0,512.0,SSD,162300.0
APPLE MACBOOK AIR - APPLE M2  / 32GB RAM / 512GB SSD USED LAPTOP,APPLE,MACBOOK AIR,M2,0,Used,32.0,512.0,SSD,265700.0
HP VICTUS - AMD RYZEN 7 8th Gen / 8GB RAM / 256GB SSD USED LAPTOP,HP,VICTUS,RYZEN 7,8,Used,8.0,256.0,SSD,122300.0
DELL XPS - INTEL CORE I5 9th Gen / 32GB RAM / 1024GB SSD NEW LAPTOP,DELL,XPS,I5,9,New,32.0,1024.0,SSD,298300.0
HP ENVY - AMD RYZEN 3 5th Gen / 16GB RAM / 512GB SSD NEW LAPTOP,HP,ENVY,RYZEN 3,5,New,16.0,512.0,SSD,123000.0
APPLE MACBOOK PRO - APPLE M3  / 8GB RAM / 256GB SSD USED LAPTOP,APPLE,MACBOOK PRO,M3,0,Used,8.0,256.0,SSD,236700.0
DELL PRECISION - AMD RYZEN 3 5th Gen / 32GB RAM / 512GB SSD USED LAPTOP,DELL,PRECISION,RYZEN 3,5,Used,32.0,512.0,SSD,128700.0
HP VICTUS - AMD RYZEN 5 7th Gen / 16GB RAM / 256GB SSD USED LAPTOP,HP,VICTUS,RYZEN 5,7,Used,16.0,256.0,SSD,114900.0
DELL XPS - INTEL CORE I3 6th Gen / 8GB RAM / 256GB SSD USED LAPTOP,DELL,XPS,I3,6,Used,8.0,256.0,SSD,73300.0
HP ELITEBOOK - AMD RYZEN 7 8th Gen / 8GB RAM / 256GB SSD USED LAPTOP,HP,ELITEBOOK,RYZEN 7,8,Used,8.0,256.0,SSD,132300.0
ACER ASPIRE - INTEL CORE I5 8th Gen / 8GB RAM / 256GB SSD USED LAPTOP,ACER,ASPIRE,I5,8,Used,8.0,256.0,SSD,104000.0
ASUS VIVOBOOK - AMD RYZEN 3 5th Gen / 8GB RAM / 512GB SSD USED LAPTOP,ASUS,VIVOBOOK,RYZEN 3,5,Used,8.0,512.0,SSD,74900.0
HP PROBOOK - INTEL CORE I9 13th Gen / 32GB RAM / 256GB SSD NEW LAPTOP,HP,PROBOOK,I9,13,New,32.0,256.0,SSD,381500.0
HP ELITEBOOK - INTEL CORE I3 9th Gen / 8GB RAM / 1024GB SSD USED LAPTOP,HP,ELITEBOOK,I3,9,Used,8.0,1024.0,SSD,130200.0
ACER NITRO - AMD RYZEN 3 5th Gen / 16GB RAM / 1024GB SSD USED LAPTOP,ACER,NITRO,RYZEN 3,5,Used,16.0,1024.0,SSD,105900.0
HP ENVY - INTEL CORE I9 7th Gen / 32GB RAM / 1024GB SSD USED LAPTOP,HP,ENVY,I9,7,Used,32.0,1024.0,SSD,245900.0
HP ENVY - AMD RYZEN 3 5th Gen / 32GB RAM / 512GB SSD NEW LAPTOP,HP,ENVY,RYZEN 3,5,New,32.0,512.0,SSD,183000.0
ASUS TUF - INTEL CORE I3 12th Gen / 8GB RAM / 512GB SSD USED LAPTOP,ASUS,TUF,I3,12,Used,8.0,512.0,SSD,143500.0
HP SPECTRE - AMD RYZEN 7 8th Gen / 32GB RAM / 256GB SSD USED LAPTOP,HP,SPECTRE,RYZEN 7,8,Used,32.0,256.0,SSD,185500.0
DELL PRECISION - INTEL CORE I3 12th Gen / 32GB RAM / 1024GB HDD USED LAPTOP,DELL,PRECISION,I3,12,Used,32.0,1024.0,HDD,203700.0
ACER NITRO - AMD RYZEN 7 8th Gen / 16GB RAM / 256GB SSD NEW LAPTOP,ACER,NITRO,RYZEN 7,8,New,16.0,256.0,SSD,183700.0
HP PROBOOK - AMD RYZEN 3 5th Gen / 8GB RAM / 512GB SSD USED LAPTOP,HP,PROBOOK,RYZEN 3,5,Used,8.0,512.0,SSD,73200.0
ACER ASPIRE - INTEL CORE I7 8th Gen / 16GB RAM / 256GB SSD USED LAPTOP,ACER,ASPIRE,I7,8,Used,16.0,256.0,SSD,129200.0
DELL PRECISION - INTEL CORE I3 8th Gen / 32GB RAM / 256GB SSD NEW LAPTOP,DELL,PRECISION,I3,8,New,32.0,256.0,SSD,195200.0
HP ELITEBOOK - INTEL CORE I3 7th Gen / 32GB RAM / 1024GB SSD NEW LAPTOP,HP,ELITEBOOK,I3,7,New,32.0,1024.0,SSD,243600.0
ACER ASPIRE - AMD RYZEN 3 5th Gen / 16GB RAM / 512GB SSD USED LAPTOP,ACER,ASPIRE,RYZEN 3,5,Used,16.0,512.0,SSD,84600.0
APPLE MACBOOK PRO - INTEL CORE I7 6th Gen / 8GB RAM / 1024GB HDD USED LAPTOP,APPLE,MACBOOK PRO,I7,6,Used,8.0,1024.0,HDD,156700.0
ACER SWIFT - INTEL CORE I7 12th Gen / 8GB RAM / 1024GB SSD USED LAPTOP,ACER,SWIFT,I7,12,Used,8.0,1024.0,SSD,197700.0
APPLE MACBOOK AIR - APPLE M1  / 16GB RAM / 1024GB HDD NEW LAPTOP,APPLE,MACBOOK AIR,M1,0,New,16.0,1024.0,HDD,269300.0
HP ELITEBOOK - AMD RYZEN 7 8th Gen / 32GB RAM / 256GB SSD USED LAPTOP,HP,ELITEBOOK,RYZEN 7,8,Used,32.0,256.0,SSD,191400.0
APPLE MACBOOK AIR - INTEL CORE I7 12th Gen / 16GB RAM / 512GB SSD USED LAPTOP,APPLE,MACBOOK AIR,I7,12,Used,16.0,512.0,SSD,202300.0
HP PAVILION - AMD RYZEN 5 7th Gen / 32GB RAM / 512GB SSD USED LAPTOP,HP,PAVILION,RYZEN 5,7,Used,32.0,512.0,SSD,164300.0
APPLE MACBOOK AIR - INTEL CORE I5 9th Gen / 16GB RAM / 256GB SSD USED LAPTOP,APPLE,MACBOOK AIR,I5,9,Used,16.0,256.0,SSD,143200.0
APPLE MACBOOK AIR - APPLE M3  / 16GB RAM / 1024GB HDD USED LAPTOP,APPLE,MACBOOK AIR,M3,0,Used,16.0,1024.0,HDD,278800.0
ASUS ZENBOOK - AMD RYZEN 5 7th Gen / 32GB RAM / 1024GB HDD USED LAPTOP,ASUS,ZENBOOK,RYZEN 5,7,Used,32.0,1024.0,HDD,165200.0
ACER ASPIRE - INTEL CORE I3 11th Gen / 16GB RAM / 512GB SSD USED LAPTOP,ACER,ASPIRE,I3,11,Used,16.0,512.0,SSD,138500.0
DELL INSPIRON - INTEL CORE I9 13th Gen / 32GB RAM / 512GB SSD NEW LAPTOP,DELL,INSPIRON,I9,13,New,32.0,512.0,SSD,426400.0
ACER SWIFT - INTEL CORE I7 12th Gen / 32GB RAM / 512GB SSD USED LAPTOP,ACER,SWIFT,I7,12,Used,32.0,512.0,SSD,211100.0
APPLE MACBOOK PRO - INTEL CORE I5 6th Gen / 8GB RAM / 1024GB SSD USED LAPTOP,APPLE,MACBOOK PRO,I5,6,Used,8.0,1024.0,SSD,147500.0
DELL INSPIRON - INTEL CORE I9 8th Gen / 32GB RAM / 512GB SSD USED LAPTOP,DELL,INSPIRON,I9,8,Used,32.0,512.0,SSD,267700.0
ASUS TUF - INTEL CORE I7 8th Gen / 32GB RAM / 1024GB SSD USED LAPTOP,ASUS,TUF,I7,8,Used,32.0,1024.0,SSD,206600.0
DELL PRECISION - INTEL CORE I5 11th Gen / 32GB RAM / 1024GB HDD USED LAPTOP,DELL,PRECISION,I5,11,Used,32.0,1024.0,HDD,209100.0
ASUS TUF - INTEL CORE I3 12th Gen / 8GB RAM / 1024GB SSD NEW LAPTOP,ASUS,TUF,I3,12,New,8.0,1024.0,SSD,220400.0
APPLE MACBOOK PRO - APPLE M2  / 16GB RAM / 512GB SSD USED LAPTOP,APPLE,MACBOOK PRO,M2,0,Used,16.0,512.0,SSD,218400.0
ACER ASPIRE - AMD RYZEN 7 8th Gen / 32GB RAM / 512GB SSD USED LAPTOP,ACER,ASPIRE,RYZEN 7,8,Used,32.0,512.0,SSD,179400.0
ASUS TUF - AMD RYZEN 7 8th Gen / 16GB RAM / 1024GB SSD USED LAPTOP,ASUS,TUF,RYZEN 7,8,Used,16.0,1024.0,SSD,172600.0
ACER SWIFT - INTEL CORE I7 12th Gen / 32GB RAM / 1024GB SSD USED LAPTOP,ACER,SWIFT,I7,12,Used,32.0,1024.0,SSD,250800.0
DELL XPS - AMD RYZEN 7 8th Gen / 16GB RAM / 256GB SSD USED LAPTOP,DELL,XPS,RYZEN 7,8,Used,16.0,256.0,SSD,140500.0
DELL XPS - INTEL CORE I5 9th Gen / 16GB RAM / 1024GB HDD USED LAPTOP,DELL,XPS,I5,9,Used,16.0,1024.0,HDD,156500.0
DELL INSPIRON - INTEL CORE I7 12th Gen / 32GB RAM / 1024GB HDD USED LAPTOP,DELL,INSPIRON,I7,12,Used,32.0,1024.0,HDD,231300.0
ASUS ZENBOOK - AMD RYZEN 3 5th Gen / 16GB RAM / 256GB SSD USED LAPTOP,ASUS,ZENBOOK,RYZEN 3,5,Used,16.0,256.0,SSD,82000.0
ACER NITRO - INTEL CORE I3 13th Gen / 32GB RAM / 512GB SSD NEW LAPTOP,ACER,NITRO,I3,13,New,32.0,512.0,SSD,275500.0
HP PAVILION - INTEL CORE I5 11th Gen / 8GB RAM / 1024GB SSD NEW LAPTOP,HP,PAVILION,I5,11,New,8.0,1024.0,SSD,239800.0
ACER SWIFT - AMD RYZEN 3 5th Gen / 32GB RAM / 256GB SSD USED LAPTOP,ACER,SWIFT,RYZEN 3,5,Used,32.0,256.0,SSD,115100.0
HP PROBOOK - INTEL CORE I5 10th Gen / 16GB RAM / 256GB SSD USED LAPTOP,HP,PROBOOK,I5,10,Used,16.0,256.0,SSD,140200.0
ASUS VIVOBOOK - AMD RYZEN 3 5th Gen / 16GB RAM / 512GB SSD USED LAPTOP,ASUS,VIVOBOOK,RYZEN 3,5,Used,16.0,512.0,SSD,95300.0
DELL XPS - INTEL CORE I3 6th Gen / 32GB RAM / 1024GB HDD USED LAPTOP,DELL,XPS,I3,6,Used,32.0,1024.0,HDD,138000.0
HP PROBOOK - INTEL CORE I9 9th Gen / 32GB RAM / 256GB SSD USED LAPTOP,HP,PROBOOK,I9,9,Used,32.0,256.0,SSD,234800.0
DELL LATITUDE - INTEL CORE I3 12th Gen / 32GB RAM / 512GB SSD USED LAPTOP,DELL,LATITUDE,I3,12,Used,32.0,512.0,SSD,179000.0
DELL XPS - AMD RYZEN 7 8th Gen / 8GB RAM / 256GB SSD USED LAPTOP,DELL,XPS,RYZEN 7,8,Used,8.0,256.0,SSD,125700.0
DELL PRECISION - AMD RYZEN 7 8th Gen / 32GB RAM / 512GB SSD NEW LAPTOP,DELL,PRECISION,RYZEN 7,8,New,32.0,512.0,SSD,262900.0
ASUS TUF - AMD RYZEN 5 7th Gen / 8GB RAM / 256GB SSD NEW LAPTOP,ASUS,TUF,RYZEN 5,7,New,8.0,256.0,SSD,128300.0
APPLE MACBOOK PRO - INTEL CORE I5 8th Gen / 16GB RAM / 1024GB SSD USED LAPTOP,APPLE,MACBOOK PRO,I5,8,Used,16.0,1024.0,SSD,184100.0
HP ELITEBOOK - INTEL CORE I9 9th Gen / 32GB RAM / 1024GB SSD USED LAPTOP,HP,ELITEBOOK,I9,9,Used,32.0,1024.0,SSD,266000.0
ACER SWIFT - INTEL CORE I3 11th Gen / 16GB RAM / 256GB SSD USED LAPTOP,ACER,SWIFT,I3,11,Used,16.0,256.0,SSD,118800.0
HP VICTUS - AMD RYZEN 5 7th Gen / 32GB RAM / 1024GB SSD USED LAPTOP,HP,VICTUS,RYZEN 5,7,Used,32.0,1024.0,SSD,175500.0
ASUS ROG - AMD RYZEN 7 8th Gen / 8GB RAM / 256GB SSD USED LAPTOP,ASUS,ROG,RYZEN 7,8,Used,8.0,256.0,SSD,122300.0
APPLE MACBOOK PRO - APPLE M2  / 16GB RAM / 1024GB HDD USED LAPTOP,APPLE,MACBOOK PRO,M2,0,Used,16.0,1024.0,HDD,224700.0
DELL VOSTRO - INTEL CORE I7 13th Gen / 8GB RAM / 256GB SSD USED LAPTOP,DELL,VOSTRO,I7,13,Used,8.0,256.0,SSD,169500.0
ACER NITRO - AMD RYZEN 5 7th Gen / 16GB RAM / 1024GB SSD USED LAPTOP,ACER,NITRO,RYZEN 5,7,Used,16.0,1024.0,SSD,132800.0
ASUS ZENBOOK - INTEL CORE I7 10th Gen / 8GB RAM / 512GB SSD USED LAPTOP,ASUS,ZENBOOK,I7,10,Used,8.0,512.0,SSD,160300.0
HP ELITEBOOK - INTEL CORE I3 7th Gen / 16GB RAM / 256GB SSD USED LAPTOP,HP,ELITEBOOK,I3,7,Used,16.0,256.0,SSD,89300.0
ASUS TUF - INTEL CORE I7 13th Gen / 8GB RAM / 512GB SSD USED LAPTOP,ASUS,TUF,I7,13,Used,8.0,512.0,SSD,197600.0
APPLE MACBOOK PRO - APPLE M2  / 16GB RAM / 1024GB SSD NEW LAPTOP,APPLE,MACBOOK PRO,M2,0,New,16.0,1024.0,SSD,327900.0
ACER NITRO - INTEL CORE I3 7th Gen / 32GB RAM / 1024GB SSD USED LAPTOP,ACER,NITRO,I3,7,Used,32.0,1024.0,SSD,148700.0
ACER ASPIRE - AMD RYZEN 5 7th Gen / 16GB RAM / 1024GB SSD NEW LAPTOP,ACER,ASPIRE,RYZEN 5,7,New,16.0,1024.0,SSD,194400.0
HP ELITEBOOK - INTEL CORE I5 13th Gen / 16GB RAM / 512GB SSD USED LAPTOP,HP,ELITEBOOK,I5,13,Used,16.0,512.0,SSD,184900.0
DELL INSPIRON - INTEL CORE I7 6th Gen / 32GB RAM / 512GB SSD USED LAPTOP,DELL,INSPIRON,I7,6,Used,32.0,512.0,SSD,166700.0
DELL XPS - INTEL CORE I7 8th Gen / 8GB RAM / 256GB SSD NEW LAPTOP,DELL,XPS,I7,8,New,8.0,256.0,SSD,181700.0
HP SPECTRE - AMD RYZEN 5 7th Gen / 32GB RAM / 512GB SSD USED LAPTOP,HP,SPECTRE,RYZEN 5,7,Used,32.0,512.0,SSD,158900.0
APPLE MACBOOK AIR - APPLE M1  / 16GB RAM / 512GB SSD USED LAPTOP,APPLE,MACBOOK AIR,M1,0,Used,16.0,512.0,SSD,174300.0
APPLE MACBOOK AIR - INTEL CORE I7 6th Gen / 16GB RAM / 512GB SSD USED LAPTOP,APPLE,MACBOOK AIR,I7,6,Used,16.0,512.0,SSD,148700.0
ASUS ZENBOOK - INTEL CORE I3 10th Gen / 32GB RAM / 256GB SSD USED LAPTOP,ASUS,ZENBOOK,I3,10,Used,32.0,256.0,SSD,162100.0
HP PAVILION - AMD RYZEN 7 8th Gen / 16GB RAM / 1024GB HDD USED LAPTOP,HP,PAVILION,RYZEN 7,8,Used,16.0,1024.0,HDD,170000.0
DELL VOSTRO - AMD RYZEN 3 5th Gen / 8GB RAM / 512GB SSD USED LAPTOP,DELL,VOSTRO,RYZEN 3,5,Used,8.0,512.0,SSD,69000.0
ACER NITRO - INTEL CORE I9 7th Gen / 8GB RAM / 512GB SSD USED LAPTOP,ACER,NITRO,I9,7,Used,8.0,512.0,SSD,182800.0
ASUS VIVOBOOK - INTEL CORE I7 12th Gen / 16GB RAM / 1024GB SSD USED LAPTOP,ASUS,VIVOBOOK,I7,12,Used,16.0,1024.0,SSD,202200.0
ACER NITRO - AMD RYZEN 3 5th Gen / 8GB RAM / 512GB SSD USED LAPTOP,ACER,NITRO,RYZEN 3,5,Used,8.0,512.0,SSD,68900.0
DELL INSPIRON - INTEL CORE I3 6th Gen / 32GB RAM / 512GB SSD USED LAPTOP,DELL,INSPIRON,I3,6,Used,32.0,512.0,SSD,143600.0
ASUS ROG - INTEL CORE I7 8th Gen / 16GB RAM / 512GB SSD USED LAPTOP,ASUS,ROG,I7,8,Used,16.0,512.0,SSD,148000.0
ACER NITRO - INTEL CORE I5 6th Gen / 8GB RAM / 1024GB SSD USED LAPTOP,ACER,NITRO,I5,6,Used,8.0,1024.0,SSD,118300.0
APPLE MACBOOK AIR - APPLE M3  / 8GB RAM / 512GB SSD USED LAPTOP,APPLE,MACBOOK AIR,M3,0,Used,8.0,512.0,SSD,272800.0
HP ENVY - INTEL CORE I7 9th Gen / 8GB RAM / 1024GB HDD NEW LAPTOP,HP,ENVY,I7,9,New,8.0,1024.0,HDD,226400.0
ACER SWIFT - AMD RYZEN 7 8th Gen / 8GB RAM / 512GB SSD USED LAPTOP,ACER,SWIFT,RYZEN 7,8,Used,8.0,512.0,SSD,141600.0
APPLE MACBOOK PRO - APPLE M2  / 8GB RAM / 1024GB SSD USED LAPTOP,APPLE,MACBOOK PRO,M2,0,Used,8.0,1024.0,SSD,227600.0
DELL LATITUDE - INTEL CORE I7 13th Gen / 16GB RAM / 512GB SSD USED LAPTOP,DELL,LATITUDE,I7,13,Used,16.0,512.0,SSD,216100.0
ASUS VIVOBOOK - INTEL CORE I3 12th Gen / 8GB RAM / 256GB SSD NEW LAPTOP,ASUS,VIVOBOOK,I3,12,New,8.0,256.0,SSD,184300.0
APPLE MACBOOK AIR - APPLE M1  / 16GB RAM / 1024GB SSD USED LAPTOP,APPLE,MACBOOK AIR,M1,0,Used,16.0,1024.0,SSD,225100.0
ACER ASPIRE - AMD RYZEN 5 7th Gen / 32GB RAM / 512GB SSD USED LAPTOP,ACER,ASPIRE,RYZEN 5,7,Used,32.0,512.0,SSD,148100.0
HP PAVILION - INTEL CORE I9 9th Gen / 8GB RAM / 512GB SSD NEW LAPTOP,HP,PAVILION,I9,9,New,8.0,512.0,SSD,285300.0
HP ELITEBOOK - INTEL CORE I5 13th Gen / 8GB RAM / 256GB SSD USED LAPTOP,HP,ELITEBOOK,I5,13,Used,8.0,256.0,SSD,147600.0
ACER ASPIRE - AMD RYZEN 5 7th Gen / 32GB RAM / 512GB SSD USED LAPTOP,ACER,ASPIRE,RYZEN 5,7,Used,32.0,512.0,SSD,155700.0
HP SPECTRE - AMD RYZEN 5 7th Gen / 8GB RAM / 1024GB SSD USED LAPTOP,HP,SPECTRE,RYZEN 5,7,Used,8.0,1024.0,SSD,117700.0
HP PROBOOK - AMD RYZEN 5 7th Gen / 8GB RAM / 512GB SSD USED LAPTOP,HP,PROBOOK,RYZEN 5,7,Used,8.0,512.0,SSD,102600.0
ASUS TUF - AMD RYZEN 7 8th Gen / 16GB RAM / 1024GB HDD USED LAPTOP,ASUS,TUF,RYZEN 7,8,Used,16.0,1024.0,HDD,178100.0
ACER SWIFT - INTEL CORE I7 7th Gen / 16GB RAM / 1024GB SSD USED LAPTOP,ACER,SWIFT,I7,7,Used,16.0,1024.0,SSD,159800.0
ASUS VIVOBOOK - AMD RYZEN 7 8th Gen / 8GB RAM / 1024GB HDD NEW LAPTOP,ASUS,VIVOBOOK,RYZEN 7,8,New,8.0,1024.0,HDD,201400.0
HP PAVILION - INTEL CORE I7 6th Gen / 8GB RAM / 1024GB SSD USED LAPTOP,HP,PAVILION,I7,6,Used,8.0,1024.0,SSD,137200.0
ACER ASPIRE - AMD RYZEN 3 5th Gen / 16GB RAM / 512GB SSD USED LAPTOP,ACER,ASPIRE,RYZEN 3,5,Used,16.0,512.0,SSD,78200.0
HP VICTUS - AMD RYZEN 5 7th Gen / 32GB RAM / 1024GB SSD USED LAPTOP,HP,VICTUS,RYZEN 5,7,Used,32.0,1024.0,SSD,188000.0
APPLE MACBOOK PRO - APPLE M2  / 8GB RAM / 256GB SSD USED LAPTOP,APPLE,MACBOOK PRO,M2,0,Used,8.0,256.0,SSD,208600.0
ASUS VIVOBOOK - AMD RYZEN 3 5th Gen / 16GB RAM / 512GB SSD USED LAPTOP,ASUS,VIVOBOOK,RYZEN 3,5,Used,16.0,512.0,SSD,89100.0
ASUS TUF - INTEL CORE I3 11th Gen / 32GB RAM / 512GB SSD USED LAPTOP,ASUS,TUF,I3,11,Used,32.0,512.0,SSD,178200.0
ASUS ROG - AMD RYZEN 7 8th Gen / 32GB RAM / 256GB SSD NEW LAPTOP,ASUS,ROG,RYZEN 7,8,New,32.0,256.0,SSD,267900.0
APPLE MACBOOK AIR - INTEL CORE I5 12th Gen / 8GB RAM / 512GB SSD USED LAPTOP,APPLE,MACBOOK AIR,I5,12,Used,8.0,512.0,SSD,160000.0
HP ENVY - INTEL CORE I3 8th Gen / 16GB RAM / 512GB SSD USED LAPTOP,HP,ENVY,I3,8,Used,16.0,512.0,SSD,122500.0
HP SPECTRE - AMD RYZEN 7 8th Gen / 32GB RAM / 256GB SSD NEW LAPTOP,HP,SPECTRE,RYZEN 7,8,New,32.0,256.0,SSD,266800.0
DELL VOSTRO - AMD RYZEN 5 7th Gen / 8GB RAM / 256GB SSD USED LAPTOP,DELL,VOSTRO,RYZEN 5,7,Used,8.0,256.0,SSD,103000.0
DELL INSPIRON - AMD RYZEN 7 8th Gen / 8GB RAM / 512GB SSD USED LAPTOP,DELL,INSPIRON,RYZEN 7,8,Used,8.0,512.0,SSD,143900.0
ASUS ROG - AMD RYZEN 7 8th Gen / 32GB RAM / 1024GB HDD NEW LAPTOP,ASUS,ROG,RYZEN 7,8,New,32.0,1024.0,HDD,278200.0
ASUS ROG - INTEL CORE I7 13th Gen / 8GB RAM / 1024GB SSD USED LAPTOP,ASUS,ROG,I7,13,Used,8.0,1024.0,SSD,199400.0
HP ENVY - AMD RYZEN 3 5th Gen / 8GB RAM / 1024GB HDD NEW LAPTOP,HP,ENVY,RYZEN 3,5,New,8.0,1024.0,HDD,105300.0
APPLE MACBOOK PRO - INTEL CORE I5 11th Gen / 32GB RAM / 512GB SSD USED LAPTOP,APPLE,MACBOOK PRO,I5,11,Used,32.0,512.0,SSD,208300.0
HP ENVY - INTEL CORE I5 11th Gen / 16GB RAM / 256GB SSD USED LAPTOP,HP,ENVY,I5,11,Used,16.0,256.0,SSD,147700.0
ASUS TUF - AMD RYZEN 7 8th Gen / 16GB RAM / 512GB SSD USED LAPTOP,ASUS,TUF,RYZEN 7,8,Used,16.0,512.0,SSD,147100.0
ACER NITRO - AMD RYZEN 7 8th Gen / 8GB RAM / 512GB SSD USED LAPTOP,ACER,NITRO,RYZEN 7,8,Used,8.0,512.0,SSD,124700.0
DELL VOSTRO - INTEL CORE I9 6th Gen / 32GB RAM / 1024GB SSD USED LAPTOP,DELL,VOSTRO,I9,6,Used,32.0,1024.0,SSD,279400.0
ACER SWIFT - INTEL CORE I3 8th Gen / 16GB RAM / 1024GB SSD USED LAPTOP,ACER,SWIFT,I3,8,Used,16.0,1024.0,SSD,130500.0
APPLE MACBOOK PRO - INTEL CORE I5 9th Gen / 8GB RAM / 1024GB HDD USED LAPTOP,APPLE,MACBOOK PRO,I5,9,Used,8.0,1024.0,HDD,154200.0
HP PROBOOK - INTEL CORE I3 12th Gen / 8GB RAM / 512GB SSD USED LAPTOP,HP,PROBOOK,I3,12,Used,8.0,512.0,SSD,128200.0
ACER SWIFT - AMD RYZEN 3 5th Gen / 16GB RAM / 256GB SSD USED LAPTOP,ACER,SWIFT,RYZEN 3,5,Used,16.0,256.0,SSD,67800.0
ACER ASPIRE - INTEL CORE I3 10th Gen / 32GB RAM / 1024GB HDD NEW LAPTOP,ACER,ASPIRE,I3,10,New,32.0,1024.0,HDD,236300.0
HP PAVILION - AMD RYZEN 3 5th Gen / 8GB RAM / 512GB SSD USED LAPTOP,HP,PAVILION,RYZEN 3,5,Used,8.0,512.0,SSD,66300.0
ASUS ZENBOOK - AMD RYZEN 3 5th Gen / 16GB RAM / 256GB SSD USED LAPTOP,ASUS,ZENBOOK,RYZEN 3,5,Used,16.0,256.0,SSD,83600.0
ACER SWIFT - INTEL CORE I7 8th Gen / 32GB RAM / 256GB SSD USED LAPTOP,ACER,SWIFT,I7,8,Used,32.0,256.0,SSD,174700.0
DELL VOSTRO - INTEL CORE I5 12th Gen / 16GB RAM / 256GB SSD USED LAPTOP,DELL,VOSTRO,I5,12,Used,16.0,256.0,SSD,156500.0
APPLE MACBOOK PRO - APPLE M2  / 32GB RAM / 512GB SSD USED LAPTOP,APPLE,MACBOOK PRO,M2,0,Used,32.0,512.0,SSD,265800.0
DELL XPS - INTEL CORE I5 13th Gen / 8GB RAM / 1024GB SSD USED LAPTOP,DELL,XPS,I5,13,Used,8.0,1024.0,SSD,176100.0
APPLE MACBOOK AIR - INTEL CORE I7 12th Gen / 16GB RAM / 1024GB SSD USED LAPTOP,APPLE,MACBOOK AIR,I7,12,Used,16.0,1024.0,SSD,236300.0
DELL VOSTRO - INTEL CORE I5 10th Gen / 32GB RAM / 1024GB SSD USED LAPTOP,DELL,VOSTRO,I5,10,Used,32.0,1024.0,SSD,213100.0
APPLE MACBOOK PRO - APPLE M2  / 16GB RAM / 256GB SSD USED LAPTOP,APPLE,MACBOOK PRO,M2,0,Used,16.0,256.0,SSD,223600.0
HP SPECTRE - AMD RYZEN 7 8th Gen / 8GB RAM / 1024GB SSD USED LAPTOP,HP,SPECTRE,RYZEN 7,8,Used,8.0,1024.0,SSD,155500.0
ASUS ZENBOOK - INTEL CORE I3 12th Gen / 8GB RAM / 256GB SSD USED LAPTOP,ASUS,ZENBOOK,I3,12,Used,8.0,256.0,SSD,130700.0
ASUS ZENBOOK - AMD RYZEN 3 5th Gen / 16GB RAM / 256GB SSD USED LAPTOP,ASUS,ZENBOOK,RYZEN 3,5,Used,16.0,256.0,SSD,84100.0
ASUS TUF - AMD RYZEN 5 7th Gen / 8GB RAM / 256GB SSD USED LAPTOP,ASUS,TUF,RYZEN 5,7,Used,8.0,256.0,SSD,99500.0
ASUS ROG - INTEL CORE I3 7th Gen / 8GB RAM / 512GB SSD USED LAPTOP,ASUS,ROG,I3,7,Used,8.0,512.0,SSD,92100.0
DELL LATITUDE - INTEL CORE I5 10th Gen / 8GB RAM / 512GB SSD USED LAPTOP,DELL,LATITUDE,I5,10,Used,8.0,512.0,SSD,140800.0
DELL PRECISION - INTEL CORE I3 7th Gen / 8GB RAM / 1024GB HDD NEW LAPTOP,DELL,PRECISION,I3,7,New,8.0,1024.0,HDD,155600.0
ACER SWIFT - INTEL CORE I9 6th Gen / 32GB RAM / 256GB SSD USED LAPTOP,ACER,SWIFT,I9,6,Used,32.0,256.0,SSD,209600.0
ACER NITRO - INTEL CORE I7 13th Gen / 8GB RAM / 1024GB SSD USED LAPTOP,ACER,NITRO,I7,13,Used,8.0,1024.0,SSD,190400.0
ASUS ROG - AMD RYZEN 3 5th Gen / 16GB RAM / 512GB SSD USED LAPTOP,ASUS,ROG,RYZEN 3,5,Used,16.0,512.0,SSD,90900.0
HP ELITEBOOK - INTEL CORE I5 11th Gen / 8GB RAM / 512GB SSD USED LAPTOP,HP,ELITEBOOK,I5,11,Used,8.0,512.0,SSD,141700.0
APPLE MACBOOK PRO - APPLE M1  / 8GB RAM / 256GB SSD NEW LAPTOP,APPLE,MACBOOK PRO,M1,0,New,8.0,256.0,SSD,227100.0
DELL LATITUDE - AMD RYZEN 5 7th Gen / 8GB RAM / 1024GB SSD USED LAPTOP,DELL,LATITUDE,RYZEN 5,7,Used,8.0,1024.0,SSD,127100.0
ACER ASPIRE - AMD RYZEN 3 5th Gen / 16GB RAM / 512GB SSD USED LAPTOP,ACER,ASPIRE,RYZEN 3,5,Used,16.0,512.0,SSD,81500.0
APPLE MACBOOK AIR - APPLE M1  / 8GB RAM / 256GB SSD USED LAPTOP,APPLE,MACBOOK AIR,M1,0,Used,8.0,256.0,SSD,146800.0
APPLE MACBOOK AIR - APPLE M3  / 16GB RAM / 512GB SSD USED LAPTOP,APPLE,MACBOOK AIR,M3,0,Used,16.0,512.0,SSD,263300.0
HP PAVILION - INTEL CORE I7 9th Gen / 16GB RAM / 1024GB SSD USED LAPTOP,HP,PAVILION,I7,9,Used,16.0,1024.0,SSD,184000.0
HP SPECTRE - INTEL CORE I7 6th Gen / 8GB RAM / 512GB SSD USED LAPTOP,HP,SPECTRE,I7,6,Used,8.0,512.0,SSD,119800.0
ASUS ROG - AMD RYZEN 3 5th Gen / 8GB RAM / 256GB SSD USED LAPTOP,ASUS,ROG,RYZEN 3,5,Used,8.0,256.0,SSD,59700.0
ASUS ZENBOOK - AMD RYZEN 3 5th Gen / 16GB RAM / 256GB SSD USED LAPTOP,ASUS,ZENBOOK,RYZEN 3,5,Used,16.0,256.0,SSD,74900.0
DELL PRECISION - INTEL CORE I3 10th Gen / 32GB RAM / 1024GB SSD NEW LAPTOP,DELL,PRECISION,I3,10,New,32.0,1024.0,SSD,253700.0
APPLE MACBOOK AIR - APPLE M1  / 8GB RAM / 256GB SSD USED LAPTOP,APPLE,MACBOOK AIR,M1,0,Used,8.0,256.0,SSD,152000.0
ASUS ZENBOOK - AMD RYZEN 5 7th Gen / 16GB RAM / 1024GB SSD NEW LAPTOP,ASUS,ZENBOOK,RYZEN 5,7,New,16.0,1024.0,SSD,208600.0
HP VICTUS - AMD RYZEN 3 5th Gen / 8GB RAM / 1024GB SSD USED LAPTOP,HP,VICTUS,RYZEN 3,5,Used,8.0,1024.0,SSD,90600.0
ACER NITRO - INTEL CORE I5 10th Gen / 8GB RAM / 1024GB SSD USED LAPTOP,ACER,NITRO,I5,10,Used,8.0,1024.0,SSD,158300.0
DELL XPS - INTEL CORE I5 13th Gen / 16GB RAM / 512GB SSD USED LAPTOP,DELL,XPS,I5,13,Used,16.0,512.0,SSD,172600.0
HP SPECTRE - INTEL CORE I7 12th Gen / 16GB RAM / 512GB SSD USED LAPTOP,HP,SPECTRE,I7,12,Used,16.0,512.0,SSD,181300.0
HP PROBOOK - INTEL CORE I3 10th Gen / 32GB RAM / 512GB SSD USED LAPTOP,HP,PROBOOK,I3,10,Used,32.0,512.0,SSD,176400.0
ACER ASPIRE - INTEL CORE I9 10th Gen / 16GB RAM / 256GB SSD USED LAPTOP,ACER,ASPIRE,I9,10,Used,16.0,256.0,SSD,213800.0
DELL PRECISION - AMD RYZEN 7 8th Gen / 8GB RAM / 1024GB HDD USED LAPTOP,DELL,PRECISION,RYZEN 7,8,Used,8.0,1024.0,HDD,145100.0
HP VICTUS - INTEL CORE I3 8th Gen / 8GB RAM / 256GB SSD USED LAPTOP,HP,VICTUS,I3,8,Used,8.0,256.0,SSD,89700.0
ASUS TUF - INTEL CORE I7 11th Gen / 32GB RAM / 1024GB HDD USED LAPTOP,ASUS,TUF,I7,11,Used,32.0,1024.0,HDD,244100.0
HP PROBOOK - INTEL CORE I5 8th Gen / 8GB RAM / 1024GB HDD USED LAPTOP,HP,PROBOOK,I5,8,Used,8.0,1024.0,HDD,126600.0
APPLE MACBOOK AIR - APPLE M1  / 8GB RAM / 512GB SSD USED LAPTOP,APPLE,MACBOOK AIR,M1,0,Used,8.0,512.0,SSD,168200.0
APPLE MACBOOK PRO - APPLE M3  / 16GB RAM / 1024GB HDD USED LAPTOP,APPLE,MACBOOK PRO,M3,0,Used,16.0,1024.0,HDD,295700.0
DELL VOSTRO - AMD RYZEN 5 7th Gen / 8GB RAM / 256GB SSD NEW LAPTOP,DELL,VOSTRO,RYZEN 5,7,New,8.0,256.0,SSD,139000.0
APPLE MACBOOK PRO - APPLE M3  / 32GB RAM / 1024GB SSD USED LAPTOP,APPLE,MACBOOK PRO,M3,0,Used,32.0,1024.0,SSD,318700.0
ACER SWIFT - INTEL CORE I5 12th Gen / 16GB RAM / 1024GB HDD USED LAPTOP,ACER,SWIFT,I5,12,Used,16.0,1024.0,HDD,185000.0
ACER SWIFT - AMD RYZEN 5 7th Gen / 32GB RAM / 1024GB SSD USED LAPTOP,ACER,SWIFT,RYZEN 5,7,Used,32.0,1024.0,SSD,167000.0
APPLE MACBOOK AIR - INTEL CORE I5 10th Gen / 32GB RAM / 256GB SSD NEW LAPTOP,APPLE,MACBOOK AIR,I5,10,New,32.0,256.0,SSD,277300.0
ASUS ZENBOOK - INTEL CORE I5 6th Gen / 32GB RAM / 1024GB HDD USED LAPTOP,ASUS,ZENBOOK,I5,6,Used,32.0,1024.0,HDD,162500.0
DELL PRECISION - INTEL CORE I3 9th Gen / 16GB RAM / 256GB SSD USED LAPTOP,DELL,PRECISION,I3,9,Used,16.0,256.0,SSD,113400.0
ACER NITRO - AMD RYZEN 7 8th Gen / 8GB RAM / 1024GB SSD USED LAPTOP,ACER,NITRO,RYZEN 7,8,Used,8.0,1024.0,SSD,169600.0
ASUS TUF - AMD RYZEN 3 5th Gen / 16GB RAM / 256GB SSD USED LAPTOP,ASUS,TUF,RYZEN 3,5,Used,16.0,256.0,SSD,79000.0
ASUS ZENBOOK - INTEL CORE I5 7th Gen / 32GB RAM / 256GB SSD USED LAPTOP,ASUS,ZENBOOK,I5,7,Used,32.0,256.0,SSD,145300.0
DELL PRECISION - AMD RYZEN 7 8th Gen / 8GB RAM / 256GB SSD USED LAPTOP,DELL,PRECISION,RYZEN 7,8,Used,8.0,256.0,SSD,137200.0
ACER ASPIRE - AMD RYZEN 7 8th Gen / 16GB RAM / 1024GB SSD USED LAPTOP,ACER,ASPIRE,RYZEN 7,8,Used,16.0,1024.0,SSD,169300.0
APPLE MACBOOK AIR - INTEL CORE I7 8th Gen / 32GB RAM / 512GB SSD USED LAPTOP,APPLE,MACBOOK AIR,I7,8,Used,32.0,512.0,SSD,203500.0
HP ELITEBOOK - INTEL CORE I3 13th Gen / 32GB RAM / 1024GB SSD USED LAPTOP,HP,ELITEBOOK,I3,13,Used,32.0,1024.0,SSD,200800.0
APPLE MACBOOK PRO - INTEL CORE I7 11th Gen / 8GB RAM / 512GB SSD USED LAPTOP,APPLE,MACBOOK PRO,I7,11,Used,8.0,512.0,SSD,198600.0
DELL INSPIRON - AMD RYZEN 5 7th Gen / 16GB RAM / 1024GB SSD USED LAPTOP,DELL,INSPIRON,RYZEN 5,7,Used,16.0,1024.0,SSD,155600.0
ASUS ROG - INTEL CORE I5 12th Gen / 16GB RAM / 1024GB SSD USED LAPTOP,ASUS,ROG,I5,12,Used,16.0,1024.0,SSD,179300.0
ACER SWIFT - AMD RYZEN 3 5th Gen / 32GB RAM / 1024GB SSD USED LAPTOP,ACER,SWIFT,RYZEN 3,5,Used,32.0,1024.0,SSD,147800.0
APPLE MACBOOK AIR - APPLE M2  / 16GB RAM / 512GB SSD USED LAPTOP,APPLE,MACBOOK AIR,M2,0,Used,16.0,512.0,SSD,240700.0
ASUS ZENBOOK - INTEL CORE I9 6th Gen / 32GB RAM / 1024GB SSD USED LAPTOP,ASUS,ZENBOOK,I9,6,Used,32.0,1024.0,SSD,274200.0
APPLE MACBOOK AIR - APPLE M2  / 32GB RAM / 512GB SSD USED LAPTOP,APPLE,MACBOOK AIR,M2,0,Used,32.0,512.0,SSD,274100.0
ACER ASPIRE - AMD RYZEN 3 5th Gen / 8GB RAM / 1024GB HDD NEW LAPTOP,ACER,ASPIRE,RYZEN 3,5,New,8.0,1024.0,HDD,103400.0
ACER NITRO - INTEL CORE I9 13th Gen / 16GB RAM / 256GB SSD USED LAPTOP,ACER,NITRO,I9,13,Used,16.0,256.0,SSD,238300.0
ACER SWIFT - AMD RYZEN 5 7th Gen / 32GB RAM / 256GB SSD USED LAPTOP,ACER,SWIFT,RYZEN 5,7,Used,32.0,256.0,SSD,139300.0
ACER NITRO - INTEL CORE I7 6th Gen / 16GB RAM / 256GB SSD USED LAPTOP,ACER,NITRO,I7,6,Used,16.0,256.0,SSD,116300.0
HP VICTUS - AMD RYZEN 5 7th Gen / 8GB RAM / 256GB SSD USED LAPTOP,HP,VICTUS,RYZEN 5,7,Used,8.0,256.0,SSD,90500.0
ACER SWIFT - AMD RYZEN 7 8th Gen / 32GB RAM / 1024GB SSD USED LAPTOP,ACER,SWIFT,RYZEN 7,8,Used,32.0,1024.0,SSD,220900.0
ACER ASPIRE - AMD RYZEN 3 5th Gen / 32GB RAM / 1024GB HDD USED LAPTOP,ACER,ASPIRE,RYZEN 3,5,Used,32.0,1024.0,HDD,132500.0
DELL INSPIRON - AMD RYZEN 5 7th Gen / 8GB RAM / 512GB SSD USED LAPTOP,DELL,INSPIRON,RYZEN 5,7,Used,8.0,512.0,SSD,115300.0
DELL XPS - INTEL CORE I5 7th Gen / 16GB RAM / 512GB SSD USED LAPTOP,DELL,XPS,I5,7,Used,16.0,512.0,SSD,129200.0
DELL LATITUDE - INTEL CORE I5 11th Gen / 8GB RAM / 256GB SSD USED LAPTOP,DELL,LATITUDE,I5,11,Used,8.0,256.0,SSD,123900.0
DELL INSPIRON - AMD RYZEN 7 8th Gen / 32GB RAM / 256GB SSD USED LAPTOP,DELL,INSPIRON,RYZEN 7,8,Used,32.0,256.0,SSD,173900.0
APPLE MACBOOK AIR - INTEL CORE I7 13th Gen / 32GB RAM / 256GB SSD USED LAPTOP,APPLE,MACBOOK AIR,I7,13,Used,32.0,256.0,SSD,261000.0
ASUS ROG - AMD RYZEN 7 8th Gen / 8GB RAM / 256GB SSD USED LAPTOP,ASUS,ROG,RYZEN 7,8,Used,8.0,256.0,SSD,135500.0
DELL INSPIRON - AMD RYZEN 5 7th Gen / 32GB RAM / 256GB SSD USED LAPTOP,DELL,INSPIRON,RYZEN 5,7,Used,32.0,256.0,SSD,139800.0
ASUS ZENBOOK - INTEL CORE I3 11th Gen / 32GB RAM / 512GB SSD USED LAPTOP,ASUS,ZENBOOK,I3,11,Used,32.0,512.0,SSD,189700.0
APPLE MACBOOK PRO - INTEL CORE I7 6th Gen / 16GB RAM / 512GB SSD USED LAPTOP,APPLE,MACBOOK PRO,I7,6,Used,16.0,512.0,SSD,161400.0
HP ELITEBOOK - INTEL CORE I3 6th Gen / 16GB RAM / 1024GB SSD USED LAPTOP,HP,ELITEBOOK,I3,6,Used,16.0,1024.0,SSD,114600.0
ACER NITRO - INTEL CORE I5 7th Gen / 16GB RAM / 256GB SSD USED LAPTOP,ACER,NITRO,I5,7,Used,16.0,256.0,SSD,107100.0
DELL PRECISION - INTEL CORE I9 9th Gen / 16GB RAM / 512GB SSD USED LAPTOP,DELL,PRECISION,I9,9,Used,16.0,512.0,SSD,222900.0
DELL PRECISION - INTEL CORE I5 10th Gen / 16GB RAM / 512GB SSD NEW LAPTOP,DELL,PRECISION,I5,10,New,16.0,512.0,SSD,224100.0
ACER NITRO - INTEL CORE I9 8th Gen / 16GB RAM / 512GB SSD USED LAPTOP,ACER,NITRO,I9,8,Used,16.0,512.0,SSD,221500.0
APPLE MACBOOK PRO - INTEL CORE I5 13th Gen / 32GB RAM / 512GB SSD USED LAPTOP,APPLE,MACBOOK PRO,I5,13,Used,32.0,512.0,SSD,246800.0
ACER NITRO - INTEL CORE I9 10th Gen / 16GB RAM / 1024GB HDD USED LAPTOP,ACER,NITRO,I9,10,Used,16.0,1024.0,HDD,223000.0
HP SPECTRE - INTEL CORE I3 8th Gen / 32GB RAM / 1024GB HDD USED LAPTOP,HP,SPECTRE,I3,8,Used,32.0,1024.0,HDD,161800.0
ACER SWIFT - INTEL CORE I9 8th Gen / 16GB RAM / 256GB SSD USED LAPTOP,ACER,SWIFT,I9,8,Used,16.0,256.0,SSD,193200.0
HP ELITEBOOK - AMD RYZEN 5 7th Gen / 16GB RAM / 512GB SSD USED LAPTOP,HP,ELITEBOOK,RYZEN 5,7,Used,16.0,512.0,SSD,129000.0
DELL LATITUDE - AMD RYZEN 7 8th Gen / 16GB RAM / 512GB SSD NEW LAPTOP,DELL,LATITUDE,RYZEN 7,8,New,16.0,512.0,SSD,228500.0
ASUS ROG - INTEL CORE I3 12th Gen / 8GB RAM / 256GB SSD USED LAPTOP,ASUS,ROG,I3,12,Used,8.0,256.0,SSD,130100.0
HP SPECTRE - INTEL CORE I5 13th Gen / 16GB RAM / 256GB SSD USED LAPTOP,HP,SPECTRE,I5,13,Used,16.0,256.0,SSD,164300.0
APPLE MACBOOK AIR - INTEL CORE I5 10th Gen / 8GB RAM / 256GB SSD USED LAPTOP,APPLE,MACBOOK AIR,I5,10,Used,8.0,256.0,SSD,134600.0
HP VICTUS - INTEL CORE I7 9th Gen / 8GB RAM / 256GB SSD USED LAPTOP,HP,VICTUS,I7,9,Used,8.0,256.0,SSD,132400.0
APPLE MACBOOK AIR - APPLE M1  / 8GB RAM / 256GB SSD USED LAPTOP,APPLE,MACBOOK AIR,M1,0,Used,8.0,256.0,SSD,167000.0
DELL VOSTRO - INTEL CORE I3 6th Gen / 32GB RAM / 256GB SSD USED LAPTOP,DELL,VOSTRO,I3,6,Used,32.0,256.0,SSD,119200.0
HP PAVILION - AMD RYZEN 3 5th Gen / 16GB RAM / 512GB SSD USED LAPTOP,HP,PAVILION,RYZEN 3,5,Used,16.0,512.0,SSD,87400.0
ACER NITRO - INTEL CORE I7 10th Gen / 8GB RAM / 512GB SSD USED LAPTOP,ACER,NITRO,I7,10,Used,8.0,512.0,SSD,155100.0
HP PROBOOK - AMD RYZEN 7 8th Gen / 16GB RAM / 512GB SSD USED LAPTOP,HP,PROBOOK,RYZEN 7,8,Used,16.0,512.0,SSD,165100.0
APPLE MACBOOK AIR - APPLE M3  / 8GB RAM / 512GB SSD USED LAPTOP,APPLE,MACBOOK AIR,M3,0,Used,8.0,512.0,SSD,240700.0
ACER SWIFT - INTEL CORE I7 9th Gen / 16GB RAM / 256GB SSD USED LAPTOP,ACER,SWIFT,I7,9,Used,16.0,256.0,SSD,147500.0
DELL LATITUDE - AMD RYZEN 3 5th Gen / 32GB RAM / 256GB SSD USED LAPTOP,DELL,LATITUDE,RYZEN 3,5,Used,32.0,256.0,SSD,119500.0
HP VICTUS - INTEL CORE I3 13th Gen / 8GB RAM / 512GB SSD USED LAPTOP,HP,VICTUS,I3,13,Used,8.0,512.0,SSD,135200.0
ACER ASPIRE - INTEL CORE I9 9th Gen / 32GB RAM / 1024GB SSD USED LAPTOP,ACER,ASPIRE,I9,9,Used,32.0,1024.0,SSD,291000.0
ACER ASPIRE - AMD RYZEN 5 7th Gen / 16GB RAM / 512GB SSD USED LAPTOP,ACER,ASPIRE,RYZEN 5,7,Used,16.0,512.0,SSD,118100.0
HP PAVILION - AMD RYZEN 3 5th Gen / 8GB RAM / 256GB SSD USED LAPTOP,HP,PAVILION,RYZEN 3,5,Used,8.0,256.0,SSD,61300.0
HP VICTUS - INTEL CORE I3 11th Gen / 32GB RAM / 1024GB HDD USED LAPTOP,HP,VICTUS,I3,11,Used,32.0,1024.0,HDD,188400.0
APPLE MACBOOK PRO - APPLE M2  / 32GB RAM / 1024GB SSD USED LAPTOP,APPLE,MACBOOK PRO,M2,0,Used,32.0,1024.0,SSD,301500.0
APPLE MACBOOK AIR - APPLE M3  / 32GB RAM / 256GB SSD USED LAPTOP,APPLE,MACBOOK AIR,M3,0,Used,32.0,256.0,SSD,295800.0
APPLE MACBOOK PRO - APPLE M3  / 16GB RAM / 1024GB HDD USED LAPTOP,APPLE,MACBOOK PRO,M3,0,Used,16.0,1024.0,HDD,292800.0
DELL INSPIRON - AMD RYZEN 7 8th Gen / 16GB RAM / 1024GB HDD NEW LAPTOP,DELL,INSPIRON,RYZEN 7,8,New,16.0,1024.0,HDD,239000.0
ACER NITRO - INTEL CORE I9 13th Gen / 32GB RAM / 256GB SSD USED LAPTOP,ACER,NITRO,I9,13,Used,32.0,256.0,SSD,295300.0
ACER SWIFT - INTEL CORE I3 7th Gen / 32GB RAM / 256GB SSD NEW LAPTOP,ACER,SWIFT,I3,7,New,32.0,256.0,SSD,176000.0
HP PROBOOK - AMD RYZEN 5 7th Gen / 8GB RAM / 256GB SSD USED LAPTOP,HP,PROBOOK,RYZEN 5,7,Used,8.0,256.0,SSD,92200.0
DELL VOSTRO - INTEL CORE I7 11th Gen / 8GB RAM / 512GB SSD USED LAPTOP,DELL,VOSTRO,I7,11,Used,8.0,512.0,SSD,180000.0
ASUS ROG - INTEL CORE I7 10th Gen / 8GB RAM / 512GB SSD USED LAPTOP,ASUS,ROG,I7,10,Used,8.0,512.0,SSD,164800.0
ACER NITRO - INTEL CORE I5 9th Gen / 16GB RAM / 256GB SSD USED LAPTOP,ACER,NITRO,I5,9,Used,16.0,256.0,SSD,126000.0
HP ENVY - INTEL CORE I3 11th Gen / 32GB RAM / 1024GB SSD USED LAPTOP,HP,ENVY,I3,11,Used,32.0,1024.0,SSD,206700.0
ACER ASPIRE - AMD RYZEN 7 8th Gen / 32GB RAM / 256GB SSD NEW LAPTOP,ACER,ASPIRE,RYZEN 7,8,New,32.0,256.0,SSD,252600.0
HP SPECTRE - AMD RYZEN 3 5th Gen / 32GB RAM / 512GB SSD USED LAPTOP,HP,SPECTRE,RYZEN 3,5,Used,32.0,512.0,SSD,128300.0
ACER NITRO - INTEL CORE I3 9th Gen / 8GB RAM / 512GB SSD NEW LAPTOP,ACER,NITRO,I3,9,New,8.0,512.0,SSD,136600.0
DELL INSPIRON - AMD RYZEN 5 7th Gen / 32GB RAM / 256GB SSD USED LAPTOP,DELL,INSPIRON,RYZEN 5,7,Used,32.0,256.0,SSD,151300.0
DELL XPS - INTEL CORE I7 6th Gen / 32GB RAM / 512GB SSD NEW LAPTOP,DELL,XPS,I7,6,New,32.0,512.0,SSD,251700.0
ACER SWIFT - INTEL CORE I3 13th Gen / 8GB RAM / 256GB SSD USED LAPTOP,ACER,SWIFT,I3,13,Used,8.0,256.0,SSD,129900.0
ASUS ROG - INTEL CORE I3 9th Gen / 8GB RAM / 512GB SSD USED LAPTOP,ASUS,ROG,I3,9,Used,8.0,512.0,SSD,113000.0
ASUS ZENBOOK - INTEL CORE I9 7th Gen / 32GB RAM / 1024GB HDD USED LAPTOP,ASUS,ZENBOOK,I9,7,Used,32.0,1024.0,HDD,237800.0
APPLE MACBOOK PRO - INTEL CORE I7 11th Gen / 32GB RAM / 1024GB SSD USED LAPTOP,APPLE,MACBOOK PRO,I7,11,Used,32.0,1024.0,SSD,278700.0
DELL XPS - AMD RYZEN 7 8th Gen / 8GB RAM / 1024GB HDD NEW LAPTOP,DELL,XPS,RYZEN 7,8,New,8.0,1024.0,HDD,197700.0
ACER NITRO - AMD RYZEN 3 5th Gen / 16GB RAM / 512GB SSD NEW LAPTOP,ACER,NITRO,RYZEN 3,5,New,16.0,512.0,SSD,122800.0
HP PAVILION - AMD RYZEN 7 8th Gen / 16GB RAM / 512GB SSD USED LAPTOP,HP,PAVILION,RYZEN 7,8,Used,16.0,512.0,SSD,160800.0
HP PROBOOK - AMD RYZEN 7 8th Gen / 16GB RAM / 256GB SSD USED LAPTOP,HP,PROBOOK,RYZEN 7,8,Used,16.0,256.0,SSD,149600.0
DELL INSPIRON - INTEL CORE I9 9th Gen / 8GB RAM / 1024GB SSD USED LAPTOP,DELL,INSPIRON,I9,9,Used,8.0,1024.0,SSD,247500.0
DELL VOSTRO - AMD RYZEN 3 5th Gen / 16GB RAM / 512GB SSD USED LAPTOP,DELL,VOSTRO,RYZEN 3,5,Used,16.0,512.0,SSD,93600.0
ACER ASPIRE - INTEL CORE I5 13th Gen / 8GB RAM / 256GB SSD USED LAPTOP,ACER,ASPIRE,I5,13,Used,8.0,256.0,SSD,153500.0
DELL VOSTRO - AMD RYZEN 3 5th Gen / 16GB RAM / 1024GB SSD NEW LAPTOP,DELL,VOSTRO,RYZEN 3,5,New,16.0,1024.0,SSD,160500.0
ASUS ROG - INTEL CORE I7 7th Gen / 32GB RAM / 1024GB SSD USED LAPTOP,ASUS,ROG,I7,7,Used,32.0,1024.0,SSD,221100.0
APPLE MACBOOK PRO - APPLE M1  / 8GB RAM / 256GB SSD USED LAPTOP,APPLE,MACBOOK PRO,M1,0,Used,8.0,256.0,SSD,170700.0
ACER SWIFT - AMD RYZEN 7 8th Gen / 16GB RAM / 256GB SSD USED LAPTOP,ACER,SWIFT,RYZEN 7,8,Used,16.0,256.0,SSD,145200.0
ASUS ZENBOOK - INTEL CORE I9 7th Gen / 16GB RAM / 256GB SSD NEW LAPTOP,ASUS,ZENBOOK,I9,7,New,16.0,256.0,SSD,269500.0
ASUS ROG - INTEL CORE I7 6th Gen / 16GB RAM / 256GB SSD USED LAPTOP,ASUS,ROG,I7,6,Used,16.0,256.0,SSD,128900.0
DELL VOSTRO - AMD RYZEN 7 8th Gen / 32GB RAM / 512GB SSD USED LAPTOP,DELL,VOSTRO,RYZEN 7,8,Used,32.0,512.0,SSD,189000.0
ASUS TUF - INTEL CORE I7 9th Gen / 32GB RAM / 256GB SSD USED LAPTOP,ASUS,TUF,I7,9,Used,32.0,256.0,SSD,193600.0
HP SPECTRE - INTEL CORE I7 10th Gen / 16GB RAM / 1024GB SSD USED LAPTOP,HP,SPECTRE,I7,10,Used,16.0,1024.0,SSD,206800.0
ACER NITRO - INTEL CORE I5 6th Gen / 16GB RAM / 1024GB SSD USED LAPTOP,ACER,NITRO,I5,6,Used,16.0,1024.0,SSD,129900.0
DELL LATITUDE - AMD RYZEN 3 5th Gen / 8GB RAM / 1024GB HDD USED LAPTOP,DELL,LATITUDE,RYZEN 3,5,Used,8.0,1024.0,HDD,85100.0
APPLE MACBOOK AIR - APPLE M2  / 8GB RAM / 256GB SSD USED LAPTOP,APPLE,MACBOOK AIR,M2,0,Used,8.0,256.0,SSD,189500.0
HP PAVILION - AMD RYZEN 7 8th Gen / 16GB RAM / 256GB SSD USED LAPTOP,HP,PAVILION,RYZEN 7,8,Used,16.0,256.0,SSD,154000.0
ACER SWIFT - AMD RYZEN 3 5th Gen / 32GB RAM / 512GB SSD NEW LAPTOP,ACER,SWIFT,RYZEN 3,5,New,32.0,512.0,SSD,180800.0
APPLE MACBOOK PRO - APPLE M1  / 8GB RAM / 512GB SSD USED LAPTOP,APPLE,MACBOOK PRO,M1,0,Used,8.0,512.0,SSD,173500.0
APPLE MACBOOK PRO - INTEL CORE I5 11th Gen / 8GB RAM / 512GB SSD USED LAPTOP,APPLE,MACBOOK PRO,I5,11,Used,8.0,512.0,SSD,157600.0
DELL PRECISION - AMD RYZEN 3 5th Gen / 16GB RAM / 1024GB SSD USED LAPTOP,DELL,PRECISION,RYZEN 3,5,Used,16.0,1024.0,SSD,119300.0
HP VICTUS - INTEL CORE I7 6th Gen / 16GB RAM / 256GB SSD NEW LAPTOP,HP,VICTUS,I7,6,New,16.0,256.0,SSD,174600.0
ASUS ZENBOOK - AMD RYZEN 7 8th Gen / 32GB RAM / 1024GB HDD USED LAPTOP,ASUS,ZENBOOK,RYZEN 7,8,Used,32.0,1024.0,HDD,211700.0
ACER NITRO - AMD RYZEN 5 7th Gen / 16GB RAM / 256GB SSD USED LAPTOP,ACER,NITRO,RYZEN 5,7,Used,16.0,256.0,SSD,98200.0
APPLE MACBOOK PRO - APPLE M3  / 16GB RAM / 512GB SSD USED LAPTOP,APPLE,MACBOOK PRO,M3,0,Used,16.0,512.0,SSD,261900.0
ACER SWIFT - INTEL CORE I7 8th Gen / 8GB RAM / 256GB SSD USED LAPTOP,ACER,SWIFT,I7,8,Used,8.0,256.0,SSD,128000.0
DELL INSPIRON - AMD RYZEN 3 5th Gen / 8GB RAM / 512GB SSD USED LAPTOP,DELL,INSPIRON,RYZEN 3,5,Used,8.0,512.0,SSD,76500.0
HP PROBOOK - INTEL CORE I3 9th Gen / 32GB RAM / 256GB SSD USED LAPTOP,HP,PROBOOK,I3,9,Used,32.0,256.0,SSD,135400.0
DELL PRECISION - AMD RYZEN 5 7th Gen / 8GB RAM / 512GB SSD USED LAPTOP,DELL,PRECISION,RYZEN 5,7,Used,8.0,512.0,SSD,101400.0
ASUS VIVOBOOK - AMD RYZEN 3 5th Gen / 8GB RAM / 256GB SSD USED LAPTOP,ASUS,VIVOBOOK,RYZEN 3,5,Used,8.0,256.0,SSD,58100.0
HP ENVY - AMD RYZEN 7 8th Gen / 8GB RAM / 256GB SSD USED LAPTOP,HP,ENVY,RYZEN 7,8,Used,8.0,256.0,SSD,127700.0
HP ELITEBOOK - AMD RYZEN 3 5th Gen / 8GB RAM / 1024GB SSD NEW LAPTOP,HP,ELITEBOOK,RYZEN 3,5,New,8.0,1024.0,SSD,129200.0
DELL LATITUDE - AMD RYZEN 5 7th Gen / 8GB RAM / 256GB SSD USED LAPTOP,DELL,LATITUDE,RYZEN 5,7,Used,8.0,256.0,SSD,95900.0
DELL XPS - INTEL CORE I7 13th Gen / 32GB RAM / 512GB SSD USED LAPTOP,DELL,XPS,I7,13,Used,32.0,512.0,SSD,247200.0
HP PAVILION - INTEL CORE I5 7th Gen / 8GB RAM / 1024GB SSD USED LAPTOP,HP,PAVILION,I5,7,Used,8.0,1024.0,SSD,123100.0
ACER ASPIRE - AMD RYZEN 3 5th Gen / 16GB RAM / 1024GB SSD USED LAPTOP,ACER,ASPIRE,RYZEN 3,5,Used,16.0,1024.0,SSD,112100.0
APPLE MACBOOK AIR - APPLE M3  / 16GB RAM / 1024GB SSD NEW LAPTOP,APPLE,MACBOOK AIR,M3,0,New,16.0,1024.0,SSD,453900.0
DELL XPS - INTEL CORE I3 7th Gen / 8GB RAM / 1024GB SSD USED LAPTOP,DELL,XPS,I3,7,Used,8.0,1024.0,SSD,108400.0
APPLE MACBOOK PRO - INTEL CORE I5 13th Gen / 16GB RAM / 256GB SSD USED LAPTOP,APPLE,MACBOOK PRO,I5,13,Used,16.0,256.0,SSD,194800.0
ACER SWIFT - INTEL CORE I9 7th Gen / 8GB RAM / 256GB SSD USED LAPTOP,ACER,SWIFT,I9,7,Used,8.0,256.0,SSD,167700.0
APPLE MACBOOK AIR - INTEL CORE I5 9th Gen / 32GB RAM / 512GB SSD USED LAPTOP,APPLE,MACBOOK AIR,I5,9,Used,32.0,512.0,SSD,202600.0
APPLE MACBOOK AIR - APPLE M1  / 32GB RAM / 1024GB SSD USED LAPTOP,APPLE,MACBOOK AIR,M1,0,Used,32.0,1024.0,SSD,264900.0
DELL LATITUDE - AMD RYZEN 5 7th Gen / 32GB RAM / 1024GB HDD USED LAPTOP,DELL,LATITUDE,RYZEN 5,7,Used,32.0,1024.0,HDD,157600.0
HP PAVILION - AMD RYZEN 5 7th Gen / 16GB RAM / 1024GB HDD USED LAPTOP,HP,PAVILION,RYZEN 5,7,Used,16.0,1024.0,HDD,137300.0
HP PROBOOK - INTEL CORE I7 13th Gen / 32GB RAM / 512GB SSD NEW LAPTOP,HP,PROBOOK,I7,13,New,32.0,512.0,SSD,316600.0
APPLE MACBOOK PRO - INTEL CORE I7 8th Gen / 8GB RAM / 512GB SSD USED LAPTOP,APPLE,MACBOOK PRO,I7,8,Used,8.0,512.0,SSD,159900.0
ASUS ZENBOOK - INTEL CORE I5 10th Gen / 32GB RAM / 512GB SSD USED LAPTOP,ASUS,ZENBOOK,I5,10,Used,32.0,512.0,SSD,195900.0
ACER NITRO - INTEL CORE I7 7th Gen / 8GB RAM / 1024GB SSD USED LAPTOP,ACER,NITRO,I7,7,Used,8.0,1024.0,SSD,137400.0
DELL PRECISION - AMD RYZEN 5 7th Gen / 16GB RAM / 512GB SSD USED LAPTOP,DELL,PRECISION,RYZEN 5,7,Used,16.0,512.0,SSD,131000.0
APPLE MACBOOK AIR - APPLE M2  / 16GB RAM / 1024GB SSD USED LAPTOP,APPLE,MACBOOK AIR,M2,0,Used,16.0,1024.0,SSD,266200.0
DELL PRECISION - INTEL CORE I9 10th Gen / 8GB RAM / 256GB SSD USED LAPTOP,DELL,PRECISION,I9,10,Used,8.0,256.0,SSD,222200.0
APPLE MACBOOK AIR - INTEL CORE I7 13th Gen / 8GB RAM / 1024GB HDD USED LAPTOP,APPLE,MACBOOK AIR,I7,13,Used,8.0,1024.0,HDD,228000.0
ASUS ZENBOOK - INTEL CORE I5 12th Gen / 32GB RAM / 256GB SSD USED LAPTOP,ASUS,ZENBOOK,I5,12,Used,32.0,256.0,SSD,195300.0
HP ELITEBOOK - INTEL CORE I7 10th Gen / 16GB RAM / 256GB SSD NEW LAPTOP,HP,ELITEBOOK,I7,10,New,16.0,256.0,SSD,237300.0
ASUS TUF - INTEL CORE I5 10th Gen / 32GB RAM / 256GB SSD USED LAPTOP,ASUS,TUF,I5,10,Used,32.0,256.0,SSD,166800.0
APPLE MACBOOK AIR - INTEL CORE I7 8th Gen / 16GB RAM / 1024GB SSD USED LAPTOP,APPLE,MACBOOK AIR,I7,8,Used,16.0,1024.0,SSD,190800.0
ACER SWIFT - INTEL CORE I7 10th Gen / 32GB RAM / 1024GB SSD USED LAPTOP,ACER,SWIFT,I7,10,Used,32.0,1024.0,SSD,216000.0
HP PAVILION - AMD RYZEN 5 7th Gen / 32GB RAM / 512GB SSD NEW LAPTOP,HP,PAVILION,RYZEN 5,7,New,32.0,512.0,SSD,212100.0
APPLE MACBOOK AIR - APPLE M1  / 8GB RAM / 256GB SSD USED LAPTOP,APPLE,MACBOOK AIR,M1,0,Used,8.0,256.0,SSD,160100.0
HP PAVILION - AMD RYZEN 7 8th Gen / 16GB RAM / 256GB SSD NEW LAPTOP,HP,PAVILION,RYZEN 7,8,New,16.0,256.0,SSD,206900.0
ACER ASPIRE - AMD RYZEN 5 7th Gen / 32GB RAM / 1024GB SSD USED LAPTOP,ACER,ASPIRE,RYZEN 5,7,Used,32.0,1024.0,SSD,162500.0
ASUS ZENBOOK - INTEL CORE I3 9th Gen / 32GB RAM / 512GB SSD USED LAPTOP,ASUS,ZENBOOK,I3,9,Used,32.0,512.0,SSD,165900.0
DELL VOSTRO - AMD RYZEN 7 8th Gen / 16GB RAM / 1024GB HDD USED LAPTOP,DELL,VOSTRO,RYZEN 7,8,Used,16.0,1024.0,HDD,177700.0
HP PAVILION - AMD RYZEN 5 7th Gen / 8GB RAM / 256GB SSD USED LAPTOP,HP,PAVILION,RYZEN 5,7,Used,8.0,256.0,SSD,88800.0
APPLE MACBOOK PRO - INTEL CORE I5 9th Gen / 16GB RAM / 512GB SSD USED LAPTOP,APPLE,MACBOOK PRO,I5,9,Used,16.0,512.0,SSD,148200.0
APPLE MACBOOK AIR - INTEL CORE I7 11th Gen / 32GB RAM / 256GB SSD USED LAPTOP,APPLE,MACBOOK AIR,I7,11,Used,32.0,256.0,SSD,230900.0
DELL PRECISION - AMD RYZEN 3 5th Gen / 16GB RAM / 256GB SSD USED LAPTOP,DELL,PRECISION,RYZEN 3,5,Used,16.0,256.0,SSD,83800.0
APPLE MACBOOK PRO - INTEL CORE I7 8th Gen / 16GB RAM / 512GB SSD USED LAPTOP,APPLE,MACBOOK PRO,I7,8,Used,16.0,512.0,SSD,185900.0
APPLE MACBOOK PRO - APPLE M1  / 16GB RAM / 512GB SSD USED LAPTOP,APPLE,MACBOOK PRO,M1,0,Used,16.0,512.0,SSD,189600.0
APPLE MACBOOK AIR - APPLE M3  / 8GB RAM / 512GB SSD NEW LAPTOP,APPLE,MACBOOK AIR,M3,0,New,8.0,512.0,SSD,349700.0
APPLE MACBOOK AIR - INTEL CORE I7 11th Gen / 8GB RAM / 256GB SSD NEW LAPTOP,APPLE,MACBOOK AIR,I7,11,New,8.0,256.0,SSD,225600.0
ASUS ROG - AMD RYZEN 7 8th Gen / 8GB RAM / 1024GB SSD USED LAPTOP,ASUS,ROG,RYZEN 7,8,Used,8.0,1024.0,SSD,159900.0
DELL INSPIRON - INTEL CORE I7 7th Gen / 32GB RAM / 1024GB SSD USED LAPTOP,DELL,INSPIRON,I7,7,Used,32.0,1024.0,SSD,192600.0
HP SPECTRE - AMD RYZEN 5 7th Gen / 32GB RAM / 512GB SSD USED LAPTOP,HP,SPECTRE,RYZEN 5,7,Used,32.0,512.0,SSD,153600.0
ACER ASPIRE - AMD RYZEN 5 7th Gen / 32GB RAM / 1024GB HDD USED LAPTOP,ACER,ASPIRE,RYZEN 5,7,Used,32.0,1024.0,HDD,175900.0
ASUS TUF - AMD RYZEN 5 7th Gen / 8GB RAM / 512GB SSD USED LAPTOP,ASUS,TUF,RYZEN 5,7,Used,8.0,512.0,SSD,99500.0
DELL INSPIRON - AMD RYZEN 3 5th Gen / 16GB RAM / 512GB SSD USED LAPTOP,DELL,INSPIRON,RYZEN 3,5,Used,16.0,512.0,SSD,87500.0
ACER ASPIRE - INTEL CORE I9 6th Gen / 32GB RAM / 1024GB SSD USED LAPTOP,ACER,ASPIRE,I9,6,Used,32.0,1024.0,SSD,247400.0
ASUS VIVOBOOK - AMD RYZEN 3 5th Gen / 16GB RAM / 512GB SSD USED LAPTOP,ASUS,VIVOBOOK,RYZEN 3,5,Used,16.0,512.0,SSD,93800.0
HP PAVILION - INTEL CORE I3 10th Gen / 32GB RAM / 512GB SSD USED LAPTOP,HP,PAVILION,I3,10,Used,32.0,512.0,SSD,178800.0
DELL PRECISION - INTEL CORE I5 10th Gen / 8GB RAM / 1024GB SSD USED LAPTOP,DELL,PRECISION,I5,10,Used,8.0,1024.0,SSD,167500.0
HP ENVY - INTEL CORE I9 12th Gen / 32GB RAM / 1024GB SSD USED LAPTOP,HP,ENVY,I9,12,Used,32.0,1024.0,SSD,324400.0
APPLE MACBOOK AIR - APPLE M3  / 32GB RAM / 512GB SSD USED LAPTOP,APPLE,MACBOOK AIR,M3,0,Used,32.0,512.0,SSD,308400.0
ACER NITRO - INTEL CORE I9 7th Gen / 8GB RAM / 256GB SSD USED LAPTOP,ACER,NITRO,I9,7,Used,8.0,256.0,SSD,178300.0
DELL LATITUDE - INTEL CORE I9 9th Gen / 16GB RAM / 512GB SSD USED LAPTOP,DELL,LATITUDE,I9,9,Used,16.0,512.0,SSD,219300.0
ASUS VIVOBOOK - INTEL CORE I7 6th Gen / 16GB RAM / 256GB SSD USED LAPTOP,ASUS,VIVOBOOK,I7,6,Used,16.0,256.0,SSD,134900.0
HP PAVILION - AMD RYZEN 3 5th Gen / 8GB RAM / 1024GB SSD USED LAPTOP,HP,PAVILION,RYZEN 3,5,Used,8.0,1024.0,SSD,92600.0
DELL LATITUDE - INTEL CORE I9 13th Gen / 32GB RAM / 256GB SSD USED LAPTOP,DELL,LATITUDE,I9,13,Used,32.0,256.0,SSD,281000.0
APPLE MACBOOK AIR - APPLE M2  / 32GB RAM / 512GB SSD NEW LAPTOP,APPLE,MACBOOK AIR,M2,0,New,32.0,512.0,SSD,383900.0
APPLE MACBOOK PRO - APPLE M2  / 16GB RAM / 512GB SSD USED LAPTOP,APPLE,MACBOOK PRO,M2,0,Used,16.0,512.0,SSD,233000.0
APPLE MACBOOK AIR - APPLE M3  / 32GB RAM / 1024GB HDD USED LAPTOP,APPLE,MACBOOK AIR,M3,0,Used,32.0,1024.0,HDD,318600.0
DELL LATITUDE - AMD RYZEN 3 5th Gen / 32GB RAM / 1024GB HDD NEW LAPTOP,DELL,LATITUDE,RYZEN 3,5,New,32.0,1024.0,HDD,199400.0
DELL XPS - AMD RYZEN 7 8th Gen / 8GB RAM / 1024GB SSD USED LAPTOP,DELL,XPS,RYZEN 7,8,Used,8.0,1024.0,SSD,166000.0
HP PROBOOK - INTEL CORE I7 13th Gen / 8GB RAM / 256GB SSD USED LAPTOP,HP,PROBOOK,I7,13,Used,8.0,256.0,SSD,167300.0
HP SPECTRE - AMD RYZEN 5 7th Gen / 16GB RAM / 1024GB SSD USED LAPTOP,HP,SPECTRE,RYZEN 5,7,Used,16.0,1024.0,SSD,141500.0
ASUS ROG - INTEL CORE I7 7th Gen / 32GB RAM / 1024GB SSD USED LAPTOP,ASUS,ROG,I7,7,Used,32.0,1024.0,SSD,215400.0
ACER SWIFT - INTEL CORE I9 9th Gen / 8GB RAM / 256GB SSD USED LAPTOP,ACER,SWIFT,I9,9,Used,8.0,256.0,SSD,200700.0
APPLE MACBOOK AIR - APPLE M1  / 16GB RAM / 1024GB SSD NEW LAPTOP,APPLE,MACBOOK AIR,M1,0,New,16.0,1024.0,SSD,294200.0
ASUS TUF - INTEL CORE I3 10th Gen / 16GB RAM / 1024GB SSD USED LAPTOP,ASUS,TUF,I3,10,Used,16.0,1024.0,SSD,154200.0
APPLE MACBOOK PRO - APPLE M2  / 16GB RAM / 256GB SSD NEW LAPTOP,APPLE,MACBOOK PRO,M2,0,New,16.0,256.0,SSD,316100.0
ACER SWIFT - INTEL CORE I5 8th Gen / 32GB RAM / 512GB SSD USED LAPTOP,ACER,SWIFT,I5,8,Used,32.0,512.0,SSD,170800.0
ASUS ZENBOOK - INTEL CORE I7 9th Gen / 32GB RAM / 1024GB SSD USED LAPTOP,ASUS,ZENBOOK,I7,9,Used,32.0,1024.0,SSD,220500.0
ACER ASPIRE - AMD RYZEN 5 7th Gen / 32GB RAM / 1024GB SSD USED LAPTOP,ACER,ASPIRE,RYZEN 5,7,Used,32.0,1024.0,SSD,177300.0
DELL XPS - AMD RYZEN 3 5th Gen / 16GB RAM / 512GB SSD USED LAPTOP,DELL,XPS,RYZEN 3,5,Used,16.0,512.0,SSD,89200.0
ASUS VIVOBOOK - AMD RYZEN 7 8th Gen / 16GB RAM / 1024GB SSD USED LAPTOP,ASUS,VIVOBOOK,RYZEN 7,8,Used,16.0,1024.0,SSD,190400.0
HP PAVILION - INTEL CORE I7 9th Gen / 8GB RAM / 1024GB SSD USED LAPTOP,HP,PAVILION,I7,9,Used,8.0,1024.0,SSD,161700.0
DELL LATITUDE - INTEL CORE I9 11th Gen / 32GB RAM / 1024GB SSD USED LAPTOP,DELL,LATITUDE,I9,11,Used,32.0,1024.0,SSD,303900.0
