title,Brand_Cleaned,Size_Inches,Refresh_Rate_Hz,Resolution_Cleaned,Panel_Type,Is_Curved,Is_Gaming,Is_Frameless,Condition_Cleaned,Location_Cleaned,Price_Cleaned
"HP 24"" Elite Display Full HD IPS Frameless Monitor 60Hz",HP,24.0,60.0,1080p FHD,IPS,0,0,1,Used,Colombo,26500.0
Dell Monitor 24 Inches,Dell,24.0,60.0,1080p FHD,Standard,0,0,0,Used,Galle,13500.0
Samsung 24 Inch Monitor,Samsung,24.0,60.0,1080p FHD,Standard,0,0,0,Used,Kurunegala,10000.0
HP ProBook 450 G6 | i5 8th Gen 8GB RAM 256GB SSD Genuine Charger,HP,24.0,60.0,1080p FHD,Standard,0,0,0,Used,Colombo,83000.0
Acer Nitro KG273 W3 Monitor,Acer,24.0,60.0,1080p FHD,Standard,0,0,0,Used,Colombo,47000.0
"MONITOR 27"" IPS FRAMELESS (1980 x 1080P) ULTRA SLIM|FHD|HDMI",Other,27.0,60.0,1080p FHD,IPS,0,0,1,Used,Gampaha,33850.0
"24"" IPS FRAMELESS MONITOR (1980 x 1080P) FHD|HDMI",Other,24.0,60.0,1080p FHD,IPS,0,0,1,Used,Colombo,21150.0
"24"" MONITOR 120HZ IPS (BRAND NEW) FHD|FRAMELESS - ASUS",Asus,24.0,120.0,1080p FHD,IPS,0,1,1,Brand New,Gampaha,33950.0
Asus TUF Gaming 34” VG34VQL3A 1440P 1500R 180HZ Curved Monitor,Asus,34.0,180.0,2K QHD,Standard,1,1,0,Brand New,Colombo,159500.0
Asus TUF VG34VQL3A 34 Inch 1440P 180HZ 1500R Curved Gaming Monitor,Asus,34.0,180.0,2K QHD,Standard,1,1,0,Brand New,Colombo,159500.0
Asus TUF 34” VG34VQL3A 180HZ 1440P 1500R Curved Gaming Monitor,Asus,34.0,180.0,2K QHD,Standard,1,1,0,Brand New,Colombo,159500.0
Asus TUF Gaming VG34VQL3A 34” Curved 1500R 1440P 180HZ Monitor,Asus,34.0,180.0,2K QHD,Standard,1,1,0,Brand New,Colombo,159500.0
"Monitor with Soundbar Speaker - 24"" LED|WIDE",Other,24.0,60.0,1080p FHD,Standard,0,0,0,Used,Gampaha,13950.0
Lenovo ThinkVision P24h-10,Lenovo,24.0,60.0,1080p FHD,Standard,0,0,0,Used,Colombo,28500.0
24 INCH DELL FRAMELESS MONITOR,Dell,24.0,60.0,1080p FHD,Standard,0,0,1,Used,Kalutara,21500.0
"Lenovo ThinkVision T24i-10 IPS FRAMLESS MONITOR HDMI USED 24""",Lenovo,24.0,60.0,HD,IPS,0,0,0,Used,Colombo,21000.0
"ViewSonic VA2432A-H 24"" Inch Full HD IPS 120HZ Frameless Monitor New",Viewsonic,24.0,120.0,1080p FHD,IPS,0,1,1,Brand New,Colombo,35500.0
Brand New Acer Vero Series CB272 P6BMIPRX 144HZ Full HD Monitor,Acer,24.0,144.0,1080p FHD,Standard,0,1,0,Brand New,Colombo,44990.0
Monitor - 20 INCH SAMSUNG LED HDMI,Samsung,20.0,60.0,HD,Standard,0,0,0,Used,Kalutara,9500.0
"Brand New Acer EK271 27"" Inch 144Hz IPS Frameless Gaming Monitor",Acer,27.0,144.0,1080p FHD,IPS,0,1,1,Brand New,Colombo,35990.0
"HP EliteDisplay E202 USED HD+ IPS MONITOR 20""",HP,20.0,60.0,HD,IPS,0,0,0,Used,Colombo,13500.0
"Asus 27"" IPS Frameless Monitor",Asus,27.0,60.0,1080p FHD,IPS,0,0,1,Used,Jaffna,39000.0
NEC 22-inch Monitor,NEC,22.0,60.0,1080p FHD,Standard,0,0,0,Used,Jaffna,13500.0
27 INCH LENOVO THINKVISION IPS FHD HDMI USED MONITOR,Lenovo,27.0,60.0,1080p FHD,IPS,0,0,0,Used,Colombo,27500.0
27 INCH ATEC FULL HD LED USED MONITOR,Other,27.0,60.0,1080p FHD,Standard,0,0,0,Used,Colombo,21500.0
Udea 21 Inches LED With Speakers,Other,21.0,60.0,HD,Standard,0,0,0,Used,Kandy,22000.0
i7 Single Display Touch POS Machine| Terminal |Pos System,Other,24.0,60.0,1080p FHD,Standard,0,0,0,Brand New,Colombo,117000.0
Dell Monitor P2219H IPS,Dell,24.0,60.0,1080p FHD,IPS,0,0,0,Used,Matara,18000.0
24 INCH IPS FRAMELESS MONITORS,Other,24.0,60.0,1080p FHD,IPS,0,0,1,Used,Gampaha,23500.0
Dell U2417H 24 INCH ULTRASHARP MONITOR JAPAN,Dell,24.0,60.0,1080p FHD,Standard,0,0,0,Used,Colombo,18500.0
Acer QG221Q 21.5 INCH GAMING MONITOR JAPAN (2023),Acer,21.5,60.0,1080p FHD,Standard,0,1,0,Used,Colombo,14500.0
"Dell UltraSharp U2417H IPS Full HD Frameless USED Monitor 24""",Dell,24.0,60.0,1080p FHD,IPS,0,0,1,Used,Colombo,22000.0
"LED 24"" Frameless Monitor",Other,24.0,60.0,1080p FHD,Standard,0,0,1,Used,Colombo,17500.0
"23"" IPS MONITOR (1980 x 1080P) FHD|HDMI|FRAMELESS",Other,23.0,60.0,1080p FHD,IPS,0,0,1,Used,Colombo,19450.0
HP P224 21.5” Full HD Monitor | Japan Imported,HP,21.0,60.0,1080p FHD,Standard,0,0,0,Used,Colombo,16500.0
24 INCH HP P240VA FULL HD USED MONITOR,HP,24.0,60.0,1080p FHD,Standard,0,0,0,Used,Colombo,15500.0
SAMSUNG 24 INCH IPS FRAMLESS – 75HZ USED MONITOR,Samsung,24.0,75.0,1080p FHD,IPS,0,0,0,Used,Colombo,22000.0
24 inch Wide Monitor,Other,24.0,60.0,1080p FHD,Standard,0,0,0,Used,Gampaha,14500.0
NEC 22 Inch Ips Monitor -Inbuilt Sound,NEC,22.0,60.0,1080p FHD,IPS,0,0,0,Used,Colombo,9500.0
24 INCH DELL P2422HE IPS FRAMELESS USED TYPE-C FHD MONITOR,Dell,24.0,60.0,1080p FHD,IPS,0,0,1,Brand New,Colombo,27500.0
"Samsung 24"" Inch Full HD IPS Frameless HDMI Gaming Used Monitor",Samsung,24.0,60.0,1080p FHD,IPS,0,1,1,Used,Colombo,22000.0
30 INCH DELL ULTRASHARP IPS HDMI USED MONITOR,Dell,30.0,60.0,HD,IPS,0,0,0,Brand New,Colombo,34500.0
Acer 27 Inch \Brandnew Monitors \(144Hz).,Acer,27.0,144.0,1080p FHD,Standard,0,1,0,Brand New,Colombo,37500.0
"Emark 24"" EW2427SH 144Hz IPS Full HD Frameless Gaming Monitor",Other,24.0,144.0,1080p FHD,IPS,0,1,1,Brand New,Colombo,29990.0
"HP EliteDisplay E202 USED HD+ IPS MONITOR 20""",HP,20.0,60.0,HD,IPS,0,0,0,Used,Colombo,13500.0
Dell 22” Rotatable IPS Full HD HDMI Monitor Used Imported,Dell,22.0,60.0,1080p FHD,IPS,0,0,0,Used,Gampaha,14900.0
Lenovo 23” Frameless IPS Full HD Rotatable HDMI Monitor Used Imported,Lenovo,23.0,60.0,1080p FHD,IPS,0,0,1,Used,Gampaha,21500.0
"MSI Mag 325QF E18V 31.5” Inch ,NEW Gaming Monitor",MSI,24.0,60.0,1080p FHD,Standard,0,1,0,Brand New,Colombo,94500.0
"Koorui GN06 27″ FHD 1080P IPS Brand New Monitor,",Other,27.0,60.0,1080p FHD,IPS,0,0,0,Brand New,Colombo,53500.0
Asus Rog Strix XG259CMS 24.5” Gaming Monitor.,Asus,24.0,60.0,1080p FHD,Standard,0,1,0,Brand New,Colombo,110000.0
"Samsung 24″ IPS FHD 120Hz, Essential New Monitor",Samsung,24.0,120.0,1080p FHD,IPS,0,1,0,Brand New,Colombo,35500.0
"Acer - EK251QP6 24.5INCH 144Hz IPS , Brand New Montor",Acer,24.5,144.0,1080p FHD,IPS,0,1,0,Brand New,Colombo,34000.0
"Samsung 22″IPS 100Hz LS22D300GAEXXS, Brand New Monitor",Samsung,22.0,100.0,1080p FHD,IPS,0,1,0,Brand New,Colombo,26500.0
Dell 24 IPS LED HDMI Frameless Monitor 1080P Full HD.,Dell,24.0,60.0,1080p FHD,IPS,0,0,1,Used,Colombo,18500.0
Koorui G2711P FHD IPS 27INCH 200HZ Brand New Gaming Monitor,Other,27.0,200.0,1080p FHD,IPS,0,1,0,Brand New,Colombo,51500.0
Lenovo T24i – 10 Frameless 24 Inch Used Monitor Full HD (1080p),Lenovo,24.0,60.0,1080p FHD,Standard,0,0,1,Used,Colombo,21000.0
SAMSUNG 32 INCH IPS HDMI 2K USED MONITOR,Samsung,32.0,60.0,2K QHD,IPS,0,0,0,Brand New,Colombo,39000.0
"Koorui E2721H 27 INCH QHD 2K 1440P 120Hz IPS GAMING MONITOR 27""",Other,27.0,120.0,2K QHD,IPS,0,1,0,Brand New,Colombo,52000.0
Koorui G2411P 24 Inch IPS FHD 200Hz Gaming Monitor,Other,24.0,200.0,1080p FHD,IPS,0,1,0,Brand New,Colombo,39000.0
Acer 27 \Inch Brandnew Monitors (144Hz).,Acer,27.0,144.0,1080p FHD,Standard,0,1,0,Brand New,Colombo,37500.0
Koorui E2411K 24 INCH 144HZ IPS FHD Brand New Monitor,Other,24.0,144.0,1080p FHD,IPS,0,1,0,Brand New,Colombo,33000.0
Asus Monitors,Asus,24.0,60.0,1080p FHD,Standard,0,0,0,Used,Colombo,8000.0
Dell P2719H 27″ Full HD IPS Frameless Professional Monitor,Dell,27.0,60.0,1080p FHD,IPS,0,0,1,Brand New,Colombo,30000.0
"Koorui E2212H 100HZ 21.5 Inches FHD Brand New Monitor 22""",Other,21.5,100.0,1080p FHD,Standard,0,1,0,Brand New,Colombo,25500.0
"Dell Monitor 23""",Dell,23.0,60.0,1080p FHD,Standard,0,0,0,Used,Colombo,10500.0
HP Z24n 24-inch professional frameless monitor,HP,24.0,60.0,1080p FHD,Standard,0,0,1,Used,Colombo,21000.0
"A+ Grade HP EliteDisplay E232 – 23"" Full HD IPS Monitor",HP,23.0,60.0,1080p FHD,IPS,0,0,0,Used,Colombo,15500.0
"Lenovo Thinkvision 24"" 2K Monitor",Lenovo,24.0,60.0,2K QHD,Standard,0,0,0,Used,Colombo,21000.0
"MSI PRO MP225 E12VL 21.5"" Inch 120Hz 1ms FHD Slim Frameless Monitor",MSI,21.5,120.0,1080p FHD,Standard,0,1,1,Brand New,Colombo,26500.0
"Dell UltraSharp U2417H IPS Full HD Frameless USED Monitor 24""",Dell,24.0,60.0,1080p FHD,IPS,0,0,1,Used,Colombo,21500.0
laptop prology screen extender,Other,24.0,60.0,1080p FHD,Standard,0,0,0,Brand New,Colombo,149990.0
"Acer 27"" Full HD Nitro Gaming Monitor - KG273 W3 240Hz Brand New",Acer,27.0,240.0,1080p FHD,Standard,0,1,0,Brand New,Colombo,48500.0
"Falcon HS185 WIDE LED HD Monitor brand New 18.5""",Other,18.5,60.0,HD,Standard,0,0,0,Brand New,Colombo,19500.0
"ViewSonic VA2214-H BRAND NEW IPS FULL HD MONITOR 22""",Viewsonic,22.0,60.0,1080p FHD,IPS,0,0,0,Brand New,Colombo,28490.0
"24"" Inch DELL Frameless IPS Monitor (Full HD)",Dell,24.0,60.0,1080p FHD,IPS,0,0,1,Brand New,Colombo,21500.0
HP N220H 21.5 INCH MONITOR JAPAN Model,HP,21.5,60.0,1080p FHD,Standard,0,0,0,Used,Colombo,9500.0
Philips 226E9Q 22 INCH FRAMELESS MONITOR JAPAN Model,Philips,22.0,60.0,1080p FHD,IPS,0,0,1,Used,Colombo,16500.0
Dell E2318H 23” LED Monitor Japan,Dell,23.0,60.0,1080p FHD,Standard,0,0,0,Used,Colombo,12500.0
Philips 226E9Q 22 INCH FRAMELESS MONITOR JAPAN,Philips,22.0,60.0,1080p FHD,IPS,0,0,1,Used,Colombo,16500.0
Acer V226HQL 21.5” LED Monitor Japan,Acer,21.0,60.0,HD,Standard,0,0,0,Used,Colombo,14999.0
ASUS VG259 24.5 INCH GAMING MONITOR JAPAN,Asus,24.5,60.0,1080p FHD,Standard,0,1,0,Used,Colombo,16500.0
EIZO FlexScan EV2116W 21.5” Monitor Japan Model,Other,21.0,60.0,HD,Standard,0,0,0,Used,Colombo,9500.0
Dell P2412Hb 24” Full HD LED Monitor Japan,Dell,24.0,60.0,1080p FHD,Standard,0,0,0,Used,Colombo,11500.0
HKC 32 Inch Monitor (2k 144hz),Other,32.0,144.0,2K QHD,Standard,0,1,0,Used,Colombo,52500.0
Used Samsung 19' Square Monitor,Samsung,19.0,60.0,HD,Standard,0,0,0,Used,Colombo,5000.0
"Samsung F24T350FHE 24"" Monitor",Samsung,24.0,60.0,1080p FHD,Standard,0,0,0,Used,Kandy,20000.0
Dell 24” ips frameless Monitor,Dell,24.0,60.0,1080p FHD,IPS,0,0,1,Used,Colombo,19900.0
Dell 27-Inch Monitor,Dell,27.0,60.0,1080p FHD,Standard,0,0,0,Used,Anuradhapura,32000.0
"HKC 32"" CURVED 144Hz (2k) GAMING MONITOR",Other,32.0,144.0,2K QHD,Standard,1,1,0,Used,Other,55900.0
Philips 240B4Q 24 inch IPS Monitor Japan,Philips,24.0,60.0,1080p FHD,IPS,0,0,0,Used,Colombo,12500.0
ASUS VG259 24.5 INCH GAMING MONITOR JAPAN,Asus,24.5,60.0,1080p FHD,Standard,0,1,0,Used,Colombo,28500.0
Lenovo ThinkVision E2323 23” LED Monitor Japan,Lenovo,23.0,60.0,1080p FHD,Standard,0,0,0,Used,Colombo,8500.0
HP V242 24” Full HD LED Monitor | VGA & DVI Japan,HP,24.0,60.0,1080p FHD,Standard,0,0,0,Used,Colombo,8500.0
27 INCH LENOVO THINKVISION IPS FHD HDMI USED MONITOR,Lenovo,27.0,60.0,1080p FHD,IPS,0,0,0,Used,Colombo,27500.0
27 INCH ATEC FULL HD LED USED MONITOR,Other,27.0,60.0,1080p FHD,Standard,0,0,0,Used,Colombo,21500.0
24 INCH HP P240VA FULL HD USED MONITOR,HP,24.0,60.0,1080p FHD,Standard,0,0,0,Used,Colombo,15500.0
SAMSUNG 24 INCH IPS FRAMLESS – 75HZ USED MONITOR,Samsung,24.0,75.0,1080p FHD,IPS,0,0,0,Used,Colombo,22000.0
"Lenovo ThinkVision 23"" FHD LED LCD Monitor Used",Lenovo,23.0,60.0,1080p FHD,Standard,0,0,0,Used,Gampaha,10000.0
27 Inch LED HDMI Monitors Used,Other,27.0,60.0,HD,Standard,0,0,0,Used,Gampaha,18500.0
22 Inch Led monitors Used,Other,22.0,60.0,1080p FHD,Standard,0,0,0,Used,Gampaha,12500.0
24 INCH DELL P2422HE IPS FRAMELESS USED TYPE-C FHD MONITOR,Dell,24.0,60.0,1080p FHD,IPS,0,0,1,Brand New,Colombo,27500.0
30 INCH DELL ULTRASHARP IPS HDMI USED MONITOR,Dell,30.0,60.0,HD,IPS,0,0,0,Brand New,Colombo,34500.0
SAMSUNG 32 INCH IPS HDMI 2K USED MONITOR,Samsung,32.0,60.0,2K QHD,IPS,0,0,0,Brand New,Colombo,39000.0
"24"" LED|WIDE Monitor with Soundbar Speaker",Other,24.0,60.0,1080p FHD,Standard,0,0,0,Used,Gampaha,13950.0
"MONITOR 24"" 120HZ IPS (BRAND NEW) FHD|FRAMELESS - ASUS",Asus,24.0,120.0,1080p FHD,IPS,0,1,1,Brand New,Gampaha,33950.0
FALCON – 19” INCH LED+HDMI BRAND NEW MONITOR ( 2 YEARS WARRANTY ),Other,19.0,60.0,HD,Standard,0,0,0,Brand New,Colombo,17000.0
ASUS TUF VG249Q3R 23.8” INCH FHD IPS 180Hz 1ms Amd Freesync FRAMELESS,Asus,23.0,180.0,1080p FHD,IPS,0,1,1,Brand New,Colombo,44300.0
DAHUA DHI-LM27-E231 27” FHD IPS 165Hz GAMING MONITOR,Other,27.0,165.0,1080p FHD,IPS,0,1,0,Brand New,Colombo,43000.0
KOORUI 25″ G2511P 200Hz IPS FHD HDR400 BRAND NEW MONITOR,Other,25.0,200.0,1080p FHD,IPS,0,1,0,Brand New,Colombo,39000.0
ASUS VP227HF 22 INCH LED EYE CARE 100Hz GAMING MONITOR,Asus,22.0,100.0,1080p FHD,Standard,0,1,0,Brand New,Colombo,27000.0
MSI PRO MP225 E12VL 21.5″ Inch 120Hz 1ms FHD ULTRA SLIM FRAMLESS MONITOR,MSI,21.0,120.0,1080p FHD,Standard,0,1,0,Brand New,Colombo,27000.0
FALCON 17INCH SQUARE LED HDMI MONITOR,Other,17.0,60.0,HD,Standard,0,0,0,Brand New,Colombo,10500.0
"HP 23"" IPS Frameless",HP,23.0,60.0,1080p FHD,IPS,0,0,1,Used,Colombo,10000.0
LED Monitor 19inch,Other,19.0,60.0,HD,Standard,0,0,0,Used,Kalutara,5000.0
21” Dell Monitor,Dell,21.0,60.0,HD,Standard,0,0,0,Used,Galle,7000.0
ViewSonic 22 Inch VA2209 - 2 Monitors,Viewsonic,22.0,60.0,1080p FHD,Standard,0,0,0,Used,Colombo,19000.0
"MONITOR 24"" IPS FRAMELESS (1980 x 1080P) FHD|HDMI",Other,24.0,60.0,1080p FHD,IPS,0,0,1,Used,Gampaha,21150.0
Acer 27 Inch Brandnew Monitors (144Hz),Acer,27.0,144.0,1080p FHD,Standard,0,1,0,Brand New,Colombo,37500.0
Alphascan 24 Inch Monitor,Other,24.0,60.0,1080p FHD,Standard,0,0,0,Used,Colombo,13990.0
27 Inch Monitor,Other,27.0,60.0,1080p FHD,Standard,0,0,0,Used,Colombo,17450.0
Hp 24 Inch Monitor,HP,24.0,60.0,1080p FHD,Standard,0,0,0,Used,Colombo,12450.0
MSI Optix MAG251RX,MSI,24.0,60.0,1080p FHD,Standard,0,0,0,Used,Gampaha,39000.0
Dell 19 Inch LCD Monitor,Dell,19.0,60.0,HD,Standard,0,0,0,Used,Colombo,7500.0
HP 24 Inch IPS Frameless Monitor,HP,24.0,60.0,1080p FHD,IPS,0,0,1,Used,Anuradhapura,21000.0
HP Z23n G2 23” IPS Full HD Monitor | HDMI DisplayPort VGA,HP,23.0,60.0,1080p FHD,IPS,0,0,0,Used,Colombo,18500.0
Dell E2211HB 22” LED Monitor (Black) Japan,Dell,22.0,60.0,1080p FHD,Standard,0,0,0,Used,Colombo,8500.0
HP Z24i 24” IPS Professional Monitor Japan,HP,24.0,60.0,1080p FHD,IPS,0,0,0,Used,Colombo,13500.0
HP P232 23 INCH FULL HD MONITOR JAPAN,HP,23.0,60.0,1080p FHD,Standard,0,0,0,Used,Colombo,12500.0
Lenovo T2254A 22 INCH FULL HD MONITOR JAPAN,Lenovo,22.0,60.0,1080p FHD,Standard,0,0,0,Used,Colombo,7999.0
Monitor,Other,24.0,60.0,1080p FHD,Standard,0,0,0,Used,Gampaha,5500.0
KOORUI 27INCH GAMING MONITOR (144HZ),Other,27.0,144.0,1080p FHD,Standard,0,1,0,Brand New,Kandy,39999.0
"Monitor with Soundbar Speaker - 24"" Wide|LED",Other,24.0,60.0,1080p FHD,Standard,0,0,0,Used,Gampaha,13950.0
"24"" IPS MONITOR 120HZ (BRAND NEW) ASUS - FHD|FRAMELESS",Asus,24.0,120.0,1080p FHD,IPS,0,1,1,Brand New,Gampaha,33950.0
"HP EliteDisplay E232 – 23"" Full HD IPS Monitor",HP,23.0,60.0,1080p FHD,IPS,0,0,0,Used,Colombo,14500.0
"24"" IPS MONITOR FRAMELESS (1980 x 1080P) FHD|HDMI",Other,24.0,60.0,1080p FHD,IPS,0,0,1,Used,Colombo,21150.0
LED / LCD Monitors | IPS HDMI VGA,Other,24.0,60.0,HD,IPS,0,0,0,Used,Gampaha,7500.0
Lenovo C24-20 Inch VA HDMI FULL HD FRAMLESS USED MONITOR,Lenovo,20.0,60.0,1080p FHD,VA,0,0,0,Used,Colombo,20500.0
"27"" IPS MONITOR FRAMELESS (1980 x 1080P) ULTRA SLIM|FHD|HDMI",Other,27.0,60.0,1080p FHD,IPS,0,0,1,Used,Gampaha,33850.0
"MONITOR 23"" IPS (1980 x 1080P) FHD|HDMI|FRAMELESS",Other,23.0,60.0,1080p FHD,IPS,0,0,1,Used,Colombo,19450.0
23 INCH HP ELITE E230T IPS TOUCH SCREEN USED MONITOR,HP,23.0,60.0,1080p FHD,IPS,0,0,0,Used,Colombo,38500.0
30 INCH DELL ULTRASHARP IPS HDMI USED MONITOR,Dell,30.0,60.0,HD,IPS,0,0,0,Used,Colombo,34500.0
27 Inch Dell P2714HC IPS LED Used Monitor,Dell,27.0,60.0,1080p FHD,IPS,0,0,0,Used,Colombo,28000.0
24 INCH DELL P2422HE IPS FRAMELESS USED TYPE-C FHD MONITOR,Dell,24.0,60.0,1080p FHD,IPS,0,0,1,Used,Colombo,27500.0
27 Inch Lenovo Thinkvision Ips FHD HDMI Used Monitor,Lenovo,27.0,60.0,1080p FHD,IPS,0,0,0,Used,Colombo,27500.0
24 INCH DELL ULTRASHARP U2419H FULL HD IPS FRAMELESS USED MONITOR,Dell,24.0,60.0,1080p FHD,IPS,0,0,1,Used,Colombo,22500.0
"Lenovo ThinkVision P24h-10 IPS 2K QHD 1440P FRAMELESS USED MONITOR 24""",Lenovo,24.0,60.0,2K QHD,IPS,0,0,1,Used,Colombo,28500.0
27 INCH ATEC FULL HD LED USED MONITOR,Other,27.0,60.0,1080p FHD,Standard,0,0,0,Used,Colombo,21500.0
"Lenovo ThinkVision T24i-30 USED IPS HDMI MONITOR 24""",Lenovo,24.0,60.0,HD,IPS,0,0,0,Used,Colombo,21000.0
HP Z24n 24-inch professional frameless monitor,HP,24.0,60.0,1080p FHD,Standard,0,0,1,Used,Colombo,21000.0
Dell P2722H 27″ Full HD IPS Frameless Professional Monitor,Dell,27.0,60.0,1080p FHD,IPS,0,0,1,Brand New,Colombo,30000.0
"Dell 23"" INCH (P2319H) Frameless Full HD IPS LED Monitor",Dell,23.0,60.0,1080p FHD,IPS,0,0,1,Brand New,Colombo,19499.0
22’’ Wide Led Monitor,Other,22.0,60.0,1080p FHD,Standard,0,0,0,Used,Colombo,10900.0
20’’ Wide Lcd Monitor,Other,20.0,60.0,HD,Standard,0,0,0,Used,Colombo,8900.0
Koorui 22inch Frameless Monitor,Other,22.0,60.0,1080p FHD,Standard,0,0,1,Used,Gampaha,21000.0
Brandnew Acer 27- Inch Monitors (144Hz),Acer,27.0,144.0,1080p FHD,Standard,0,1,0,Brand New,Colombo,37500.0
"Acer EK251 P6BI 25"" Inch 144Hz IPS HDMI Frameless Gaming Monitor",Acer,25.0,144.0,1080p FHD,IPS,0,1,1,Brand New,Colombo,31500.0
Brand New Acer Vero Series CB272 P6BMIPRX 144HZ Full HD Monitor,Acer,24.0,144.0,1080p FHD,Standard,0,1,0,Brand New,Colombo,44990.0
"HP EliteDisplay E222 USED IPS MONITOR FULL HD 22""",HP,22.0,60.0,1080p FHD,IPS,0,0,0,Used,Colombo,14500.0
"HP EliteDisplay E202 USED HD+ IPS MONITOR 20""",HP,20.0,60.0,HD,IPS,0,0,0,Used,Colombo,13500.0
"Dell UltraSharp U2417H IPS Ful HD Frameless Monitor 24""",Dell,24.0,60.0,1080p FHD,IPS,0,0,1,Used,Colombo,22000.0
"Gateway 19"" Monitor - Parts Only",Other,19.0,60.0,HD,Standard,0,0,0,Used,Kandy,3500.0
"Dahua 22"" inch full hd wide angle monitor Model cctv DHI-LM22-A200",Other,22.0,60.0,1080p FHD,Standard,0,0,0,Brand New,Colombo,22500.0
24 inch Dell Monitor,Dell,24.0,60.0,1080p FHD,Standard,0,0,0,Used,Gampaha,12500.0
Lenovo Monitor,Lenovo,24.0,60.0,1080p FHD,Standard,0,0,0,Used,Anuradhapura,27000.0
Asus Monitor,Asus,24.0,60.0,1080p FHD,Standard,0,0,0,Used,Colombo,7500.0
MSI MAG 321CQF E18 32'' (2560 x 1440) 180Hz Curved Gaming Monitor 🖥,MSI,32.0,180.0,1080p FHD,Standard,1,1,0,Used,Kalutara,90000.0
"19"" Square Monitor",Other,19.0,60.0,HD,Standard,0,0,0,Used,Colombo,6900.0
"23"" IPS MONITOR (1980 x 1080P) FHD|HDMI|FRAMELESS",Other,23.0,60.0,1080p FHD,IPS,0,0,1,Used,Gampaha,19450.0
"MONITOR 27"" IPS FRAMELESS (1980 x 1080P) ULTRA SLIM|FHD|HDMI",Other,27.0,60.0,1080p FHD,IPS,0,0,1,Used,Gampaha,33850.0
"Samsung 24"" Inch Full HD IPS Frameless HDMI Gaming Used Monitor",Samsung,24.0,60.0,1080p FHD,IPS,0,1,1,Used,Colombo,22000.0
"HP EliteDisplay E202 USED HD+ IPS MONITOR 20""",HP,20.0,60.0,HD,IPS,0,0,0,Used,Colombo,13500.0
"Dell UltraSharp U2417H IPS Full HD Frameless USED Monitor 24""",Dell,24.0,60.0,1080p FHD,IPS,0,0,1,Used,Colombo,21500.0
"MSI PRO MP225 E12VL 21.5"" Inch 120Hz 1ms FHD Slim Frameless Monitor",MSI,21.5,120.0,1080p FHD,Standard,0,1,1,Brand New,Colombo,26500.0
"Used Dell 24"" Inch Ips Monitor",Dell,24.0,60.0,1080p FHD,IPS,0,0,0,Used,Colombo,15000.0
"Acer EK251 P6BI 25"" Inch 144Hz IPS HDMI Frameless Gaming & Monitor",Acer,25.0,144.0,1080p FHD,IPS,0,1,1,Brand New,Colombo,31500.0
"24"" Wide|LED Monitor with Soundbar Speaker",Other,24.0,60.0,1080p FHD,Standard,0,0,0,Used,Gampaha,13950.0
"27"" Acer Nitro KG3 Gaming Monitor",Acer,27.0,60.0,1080p FHD,Standard,0,1,0,Brand New,Colombo,40000.0
"LG 24"" IPS HDMI Monitor",LG,24.0,60.0,HD,IPS,0,0,0,Used,Gampaha,14500.0
"Asus VY279HGR 27"" Inch Full HD IPS Level 120Hz Adaptive Sync Monitor",Asus,27.0,120.0,1080p FHD,IPS,0,1,0,Brand New,Colombo,46000.0
"Acer EK271 27"" Inch 144Hz IPS HDMI Frameless Gaming Monitor",Acer,27.0,144.0,1080p FHD,IPS,0,1,1,Brand New,Colombo,37000.0
"MONITOR 24"" 120HZ IPS FHD FRAMELESS (NEW) ASUS",Asus,24.0,120.0,1080p FHD,IPS,0,1,1,Brand New,Gampaha,33950.0
"MONITOR 24"" IPS (1980 x 1080P) FHD|FRAMELESS|HDMI",Other,24.0,60.0,1080p FHD,IPS,0,0,1,Used,Gampaha,21150.0
"Acer 27"" Full HD Nitro Gaming Monitor - KG273 W3 240Hz Brand New",Acer,27.0,240.0,1080p FHD,Standard,0,1,0,Brand New,Colombo,48500.0
"Emark 24"" EW2427SH 144Hz IPS Full HD Frameless Gaming Monitor",Other,24.0,144.0,1080p FHD,IPS,0,1,1,Brand New,Colombo,29990.0
"FALCON HS185 WIDE LED HD MONITOR BRAND NEW 18.5""",Other,18.5,60.0,HD,Standard,0,0,0,Brand New,Colombo,19500.0
Lenovo L22-4e 21.5-inch IPS FHD 100Hz Monitor,Lenovo,21.5,100.0,1080p FHD,IPS,0,1,0,Brand New,Colombo,24500.0
27 Inch LED HDMI ATEC Monitor with Speakers,Other,27.0,60.0,HD,Standard,0,0,0,Used,Colombo,21000.0
"HP EliteDisplay E222 USED FULL HD IPS MONITOR 22""",HP,22.0,60.0,1080p FHD,IPS,0,0,0,Used,Colombo,14500.0
"HP EliteDisplay E202 USED HD+ IPS MONITOR 20""",HP,20.0,60.0,HD,IPS,0,0,0,Used,Colombo,13500.0
"Dell UltraSharp U2417H IPS Full HD Frameless USED Monitor 24""",Dell,24.0,60.0,1080p FHD,IPS,0,0,1,Used,Colombo,22000.0
24inch Frameless IPS Full HD HDMI Monitor,Other,24.0,60.0,1080p FHD,IPS,0,0,1,Brand New,Colombo,17000.0
Lenovo Legion 27 inch 320hz Gaming Monitor,Lenovo,27.0,320.0,1080p FHD,Standard,0,1,0,Used,Colombo,95000.0
"Dell UltraSharp U2717D 27"" QHD IPS Frameless 2K Monitor",Dell,27.0,60.0,2K QHD,IPS,0,0,1,Brand New,Colombo,39999.0
Viewsonic 24 VA2432-Mh,Viewsonic,24.0,60.0,1080p FHD,Standard,0,0,0,Used,Gampaha,21000.0
20 inch used led lcd monitors,Other,20.0,60.0,HD,Standard,0,0,0,Used,Gampaha,10500.0
"19"" Wide Monitor",Other,19.0,60.0,HD,Standard,0,0,0,Used,Kandy,5500.0
165hz Curved 23.6 Inch Moniter,Other,23.6,165.0,1080p FHD,Standard,1,1,0,Used,Kandy,37000.0
"Asus LCD Monitor 24""",Asus,24.0,60.0,1080p FHD,Standard,0,0,0,Used,Colombo,10000.0
"ASUS 24"" 120HZ IPS FHD FRAMELESS GAMING MONITOR",Asus,24.0,120.0,1080p FHD,IPS,0,1,1,Brand New,Other,32900.0
ViewSonic Curved FHD 24” 165Hz VA Gaming Monitor (VX2468-PC-MHD),Viewsonic,24.0,165.0,1080p FHD,VA,1,1,0,Used,Colombo,17000.0
MSI Pro MP225 E12VL 120Hz Monitor,MSI,24.0,120.0,1080p FHD,Standard,0,1,0,Used,Gampaha,25500.0
"27"" IPS MONITOR FRAMELESS (1980 x 1080P) ULTRA SLIM|FHD|HDMI",Other,27.0,60.0,1080p FHD,IPS,0,0,1,Used,Colombo,33850.0
Asus 22 Eye Care Monitor,Asus,22.0,60.0,1080p FHD,Standard,0,0,0,Used,Gampaha,14500.0
POSMAX PM-BSD234 | 2D Budget Desktop Barcode Scanner POS,Other,24.0,60.0,1080p FHD,Standard,0,0,0,Brand New,Colombo,10500.0
"24"" IPS MONITOR (1980 x 1080P) FHD|FRAMELESS|HDMI",Other,24.0,60.0,1080p FHD,IPS,0,0,1,Used,Gampaha,21150.0
"MONITOR 23"" IPS FRAMELESS (1980 x 1080P) FHD HDMI",Other,23.0,60.0,1080p FHD,IPS,0,0,1,Used,Gampaha,19450.0
Full Set,Other,24.0,60.0,1080p FHD,Standard,0,0,0,Used,Gampaha,56500.0
"HP LED 24"" Full HD",HP,24.0,60.0,1080p FHD,Standard,0,0,0,Used,Kandy,10000.0
LED Monitor,Other,24.0,60.0,1080p FHD,Standard,0,0,0,Used,Galle,8000.0
Samsung 22 Inch Full HD LED Monitor (BX2250),Samsung,22.0,60.0,1080p FHD,Standard,0,0,0,Used,Colombo,11000.0
165hz Curved 23.6 Inch Monitor,Other,23.6,165.0,1080p FHD,Standard,1,1,0,Used,Kandy,37000.0
"21"" Dell Monitor",Dell,21.0,60.0,HD,Standard,0,0,0,Used,Galle,6500.0
Viewsonic 24 Inch Wide 1920x1080,Viewsonic,24.0,60.0,1080p FHD,Standard,0,0,0,Used,Badulla,11000.0
Gigabyte GS25F14 25” FHD Monitor,Gigabyte,25.0,60.0,1080p FHD,Standard,0,0,0,Used,Gampaha,31000.0
Monitor - 17 | 19 20 22 23 24 25 27 INCH LCD LED IPS FRAMELESS 2K,Other,27.0,60.0,2K QHD,IPS,0,0,1,Used,Kalutara,6500.0
27 Inch Acer Led Fhd Monitor,Acer,27.0,60.0,1080p FHD,Standard,0,0,0,Used,Kalutara,23000.0
"Dell Monitor 24""",Dell,24.0,60.0,1080p FHD,Standard,0,0,0,Used,Anuradhapura,22000.0
Lenovo 24 IPS Frameless,Lenovo,24.0,60.0,1080p FHD,IPS,0,0,1,Used,Colombo,10500.0
MSI - MAG 272QP QD OLED X50 26.5” 500HZ WQHD Monitor,MSI,24.0,500.0,2K QHD,OLED,0,1,0,Brand New,Colombo,423000.0
MSI - MAG 272QP QD OLED X50 26.5” 500HZ WQHD MONITOR,MSI,24.0,500.0,2K QHD,OLED,0,1,0,Brand New,Colombo,423000.0
MSI MAG 274QPF X30MV 27” 300HZ WQHD MONITOR,MSI,27.0,300.0,2K QHD,Standard,0,1,0,Brand New,Colombo,140000.0
MSI MAG 274QPF X30MV 27” 300HZ WQHD MONITOR,MSI,27.0,300.0,2K QHD,Standard,0,1,0,Brand New,Colombo,140000.0
MSI MAG 274QRFW X32 27’’ 320HZ WQHD 2K IPS MONITOR,MSI,27.0,320.0,2K QHD,IPS,0,1,0,Brand New,Colombo,119500.0
MSI MAG 274QRFW X32 27’’ 320HZ WQHD 2K IPS MONITOR,MSI,27.0,320.0,2K QHD,IPS,0,1,0,Brand New,Colombo,119500.0
MSI MAG 275QF E20 27”200HZ WQHD IPS MONITOR,MSI,27.0,200.0,2K QHD,IPS,0,1,0,Brand New,Colombo,81000.0
MSI MAG 275QF E20 27”200HZ WQHD IPS MONITOR,MSI,27.0,200.0,2K QHD,IPS,0,1,0,Brand New,Colombo,81000.0
MSI MAG 275UPD E14 27” 4K UHD 144HZ IPS MONITOR,MSI,27.0,144.0,4K UHD,IPS,0,1,0,Brand New,Colombo,104000.0
MSI MAG 275UPD E14 27” 4K UHD 144HZ IPS MONITOR,MSI,27.0,144.0,4K UHD,IPS,0,1,0,Brand New,Colombo,104000.0
MSI MAG 276CF E20 27”200HZ FHD MONITOR,MSI,27.0,200.0,1080p FHD,Standard,0,1,0,Brand New,Colombo,61000.0
MSI MAG 276CF E20 27”200HZ FHD MONITOR,MSI,27.0,200.0,1080p FHD,Standard,0,1,0,Brand New,Colombo,61000.0
MSI MAG 321CQF E18 31.5” 180HZ WQHD CURVED MONITOR,MSI,24.0,180.0,2K QHD,Standard,1,1,0,Brand New,Colombo,103000.0
MSI MAG 321CQF E18 31.5” 180HZ WQHD CURVED MONITOR,MSI,24.0,180.0,2K QHD,Standard,1,1,0,Brand New,Colombo,103000.0
"HP EliteDisplay E222 USED IPS MONITOR FULL HD 22""",HP,22.0,60.0,1080p FHD,IPS,0,0,0,Used,Colombo,14500.0
MSI MAG 325QF E18V 31.5” 180HZ WQHD 2K MONITOR,MSI,24.0,180.0,2K QHD,Standard,0,1,0,Brand New,Colombo,96500.0
"HP EliteDisplay E202 USED HD+ IPS MONITOR 20""",HP,20.0,60.0,HD,IPS,0,0,0,Used,Colombo,13500.0
MSI MAG 325QF E18V 31.5” 180HZ WQHD 2K MONITOR,MSI,24.0,180.0,2K QHD,Standard,0,1,0,Brand New,Colombo,96500.0
"Dell UltraSharp U2417H IPS Ful HD Frameless Monitor 24""",Dell,24.0,60.0,1080p FHD,IPS,0,0,1,Used,Colombo,22000.0
MSI MAG401QR 40” UWQHD 3.5K IPS 155HZ USB C MONITOR,MSI,24.0,155.0,2K QHD,IPS,0,1,0,Brand New,Colombo,189500.0
MSI MAG401QR 40” UWQHD 3.5K IPS 155HZ USB C MONITOR,MSI,24.0,155.0,2K QHD,IPS,0,1,0,Brand New,Colombo,189500.0
19inch LED Fujitsu Monitor,Fujitsu,19.0,60.0,HD,Standard,0,0,0,Used,Galle,6500.0
MSI MODERN MD272QXP 2K 27” IPS 100HZ USB C MONITOR,MSI,27.0,100.0,2K QHD,IPS,0,1,0,Brand New,Colombo,93000.0
MSI MODERN MD272QXP 2K 27” IPS 100HZ USB C MONITOR,MSI,27.0,100.0,2K QHD,IPS,0,1,0,Brand New,Colombo,93000.0
MSI MPG 275CQRXF 27” 240HZ WQHD CURVED MONITOR,MSI,27.0,240.0,2K QHD,Standard,1,1,0,Brand New,Colombo,127000.0
MSI MPG 275CQRXF 27” 240HZ WQHD CURVED MONITOR,MSI,27.0,240.0,2K QHD,Standard,1,1,0,Brand New,Colombo,127000.0
MSI PRO MP165 E6 FHD 60HZ IPS PORTABLE MONITOR,MSI,24.0,60.0,1080p FHD,IPS,0,0,0,Brand New,Colombo,41000.0
MSI PRO MP165 E6 FHD 60HZ IPS PORTABLE MONITOR,MSI,24.0,60.0,1080p FHD,IPS,0,0,0,Brand New,Colombo,41000.0
"MSI PRO MP225 E12VL 21.5"" FHD 120HZ MONITOR",MSI,21.5,120.0,1080p FHD,Standard,0,1,0,Brand New,Colombo,27500.0
"MSI PRO MP225 E12VL 21.5"" FHD 120HZ MONITOR",MSI,21.5,120.0,1080p FHD,Standard,0,1,0,Brand New,Colombo,27500.0
MSI PRO MP243L E14 23.8” FHD 144HZ IPS MONITOR,MSI,23.0,144.0,1080p FHD,IPS,0,1,0,Brand New,Colombo,34500.0
MSI PRO MP243L E14 23.8” FHD 144HZ IPS MONITOR,MSI,23.0,144.0,1080p FHD,IPS,0,1,0,Brand New,Colombo,34500.0
MSI PRO MP273 E14A 27” FHD 144HZ IPS MONITOR,MSI,27.0,144.0,1080p FHD,IPS,0,1,0,Brand New,Colombo,47000.0
MSI PRO MP273 E14A 27” FHD 144HZ IPS MONITOR,MSI,27.0,144.0,1080p FHD,IPS,0,1,0,Brand New,Colombo,47000.0
MSI PRO MP275Q E14 27” 144HZ WQHD 2K IPS MONITOR,MSI,27.0,144.0,2K QHD,IPS,0,1,0,Brand New,Colombo,70000.0
MSI PRO MP275Q E14 27” 144HZ WQHD 2K IPS MONITOR,MSI,27.0,144.0,2K QHD,IPS,0,1,0,Brand New,Colombo,70000.0
MSI PRO MP341CQ E12 34” CURVED UWQHD 120HZ MONITOR,MSI,34.0,120.0,2K QHD,Standard,1,1,0,Brand New,Colombo,114000.0
MSI PRO MP341CQ E12 34” CURVED UWQHD 120HZ MONITOR,MSI,34.0,120.0,2K QHD,Standard,1,1,0,Brand New,Colombo,114000.0
"ViewSonic VA2432A-H 24"" Inch Full HD IPS 120HZ Frameless Monitor New",Viewsonic,24.0,120.0,1080p FHD,IPS,0,1,1,Brand New,Colombo,35500.0
"ViewSonic VA2214-H BRAND NEW IPS FULL HD MONITOR 22""",Viewsonic,22.0,60.0,1080p FHD,IPS,0,0,0,Brand New,Colombo,28490.0
Brand New Acer Vero Series CB272 P6BMIPRX 144HZ Full HD Monitor,Acer,24.0,144.0,1080p FHD,Standard,0,1,0,Brand New,Colombo,44990.0
"Acer EK251 P6BI 25"" Inch 144Hz IPS HDMI Frameless Gaming Monitor",Acer,25.0,144.0,1080p FHD,IPS,0,1,1,Brand New,Colombo,31500.0
"MSI PRO MP225 E12VL 21.5"" Inch 120Hz 1ms FHD Slim Frameless Monitor",MSI,21.5,120.0,1080p FHD,Standard,0,1,1,Brand New,Colombo,26500.0
Asus TUF Gaming VG279QE5A 27″ FHD IPS 146HZ Monitor,Asus,27.0,146.0,1080p FHD,IPS,0,1,0,Brand New,Colombo,46500.0
"Emark 24"" EW2427SH 144Hz IPS Full HD Frameless Gaming Monitor",Other,24.0,144.0,1080p FHD,IPS,0,1,1,Brand New,Colombo,29990.0
"Acer EK271 27"" Inch 144Hz IPS HDMI Frameless Gaming Monitor",Acer,27.0,144.0,1080p FHD,IPS,0,1,1,Brand New,Colombo,35990.0
Brandnew Acer 27- Inch Monitors (144Hz),Acer,27.0,144.0,1080p FHD,Standard,0,1,0,Brand New,Colombo,37500.0
"Acer EK251 P6BI 25"" Inch 144Hz IPS HDMI Frameless Gaming Monitor",Acer,25.0,144.0,1080p FHD,IPS,0,1,1,Brand New,Colombo,31500.0
"MSI Pro MP243L E14 24.5"" Inch 144Hz 1ms FHD IPS Productivity Monitor",MSI,24.5,144.0,1080p FHD,IPS,0,1,0,Brand New,Colombo,33500.0
"MSI Pro MP225 E12VL 21.5"" Inch 120HZ FHD Slim Frameless Monitor",MSI,21.5,120.0,1080p FHD,Standard,0,1,1,Brand New,Colombo,26500.0
"Acer EK251 P6BI 25"" Inch 144Hz IPS HDMI Frameless Gaming & Monitor",Acer,25.0,144.0,1080p FHD,IPS,0,1,1,Brand New,Colombo,31500.0
Dell 23 Monitor,Dell,23.0,60.0,1080p FHD,Standard,0,0,0,Used,Kurunegala,12000.0
27 Inch DELL P2714HC IPS LED Used Monitor,Dell,27.0,60.0,1080p FHD,IPS,0,0,0,Used,Colombo,28000.0
"Acer 27"" Full HD Nitro Gaming Monitor - KG273 W3 240Hz Brand New",Acer,27.0,240.0,1080p FHD,Standard,0,1,0,Brand New,Colombo,48500.0
Lenovo C24 Inch VA HDMI FULL HDFRAMLESS,Lenovo,24.0,60.0,1080p FHD,VA,0,0,0,Used,Colombo,20500.0
24 Inch Dell P2422HE IPS Frameless Used Type-C FHD Monitor,Dell,24.0,60.0,1080p FHD,IPS,0,0,1,Used,Colombo,26500.0
27 Inch Lenovo Thinkvision Ips FHD HDMI Used Monitor,Lenovo,27.0,60.0,1080p FHD,IPS,0,0,0,Used,Colombo,27500.0
24 INCH Dell Ultrasharp U2419H Full HD IPS Frameless Used Monitor,Dell,24.0,60.0,1080p FHD,IPS,0,0,1,Used,Colombo,22500.0
19 Inch LCD Monitor,Other,19.0,60.0,HD,Standard,0,0,0,Used,Ratnapura,4000.0
27 Inch Atec Full HD LED Used Monitor,Other,27.0,60.0,1080p FHD,Standard,0,0,0,Used,Colombo,21500.0
22 Inch DELL P2214HB Full HD IPS LED Silver Line Monitor,Dell,22.0,60.0,1080p FHD,IPS,0,0,0,Used,Colombo,12500.0
HP 23'' Inch LED Monitor,HP,23.0,60.0,1080p FHD,Standard,0,0,0,Used,Gampaha,9950.0
17'' LCD Monitor Used,Other,17.0,60.0,HD,Standard,0,0,0,Used,Gampaha,6500.0
"HP 24"" Wide LED Monitor HDMI",HP,24.0,60.0,HD,Standard,0,0,0,Used,Gampaha,12450.0
"22"" IPD LED Frameless Monitor for Office Home Use",Other,22.0,60.0,1080p FHD,Standard,0,0,1,Used,Gampaha,18500.0
20'' LED Monitor for Office Home Use,Other,20.0,60.0,HD,Standard,0,0,0,Used,Gampaha,8500.0
19'' LCD Monitor,Other,19.0,60.0,HD,Standard,0,0,0,Used,Gampaha,7500.0
"Viewsonic 22"" VA220-FHD 100HZ Monitor",Viewsonic,22.0,100.0,1080p FHD,Standard,0,1,0,Used,Gampaha,21000.0
2k Monitor,Other,24.0,60.0,2K QHD,Standard,0,0,0,Used,Gampaha,26500.0
Acer 27 Inch Gaming Moniters +144Hz refresh rate| Frameless |99%sRGB,Acer,27.0,144.0,1080p FHD,Standard,0,1,1,Used,Colombo,37500.0
Falcon 24” LED Monitor,Other,24.0,60.0,1080p FHD,Standard,0,0,0,Brand New,Colombo,22000.0
19” Falcon Wide Led Monitor,Other,19.0,60.0,HD,Standard,0,0,0,Brand New,Colombo,16500.0
17” Falcon Wide Led Monitor,Other,17.0,60.0,HD,Standard,0,0,0,Brand New,Colombo,10500.0
HP Monitor,HP,24.0,60.0,1080p FHD,Standard,0,0,0,Used,Kandy,12500.0
"FALCON HS185 WIDE LED HD MONITOR BRAND NEW 18.5""",Other,18.5,60.0,HD,Standard,0,0,0,Brand New,Colombo,19500.0
"Falcon HS17 Square LED Monitor Brand New 17""",Other,17.0,60.0,HD,Standard,0,0,0,Brand New,Colombo,11500.0
"ViewSonic VA2214-H BRAND NEW IPS FULL HD MONITOR 22""",Viewsonic,22.0,60.0,1080p FHD,IPS,0,0,0,Brand New,Colombo,28490.0
"Dell UltraSharp U2417H IPS Full HD Frameless USED Monitor 24""",Dell,24.0,60.0,1080p FHD,IPS,0,0,1,Used,Colombo,21500.0
"HP EliteDisplay E222 USED FULL HD IPS MONITOR 22""",HP,22.0,60.0,1080p FHD,IPS,0,0,0,Used,Colombo,14500.0
"HP EliteDisplay E202 USED HD+ IPS MONITOR 20""",HP,20.0,60.0,HD,IPS,0,0,0,Used,Colombo,13500.0
"Lenovo ThinkVision T24i-30 USED IPS HDMI MONITOR 24""",Lenovo,24.0,60.0,HD,IPS,0,0,0,Used,Colombo,21000.0
"Lenovo ThinkVision P24h-10 IPS 2K QHD 1440P FRAMELESS USED MONITOR 24""",Lenovo,24.0,60.0,2K QHD,IPS,0,0,1,Used,Colombo,28500.0
"Acer EK251 P6BI 25"" Inch 144Hz IPS HDMI Frameless Gaming Monitor",Acer,25.0,144.0,1080p FHD,IPS,0,1,1,Brand New,Colombo,31500.0
20 Inch Wide LCD USED Monitor,Other,20.0,60.0,HD,Standard,0,0,0,Used,Colombo,9500.0
19 Inch Square Used Monitor,Other,19.0,60.0,HD,Standard,0,0,0,Used,Colombo,6500.0
"LED 20"" WIDE MONITORS",Other,20.0,60.0,HD,Standard,0,0,0,Used,Colombo,8950.0
"Dell UltraSharp U2417H IPS Ful HD Frameless Monitor 24""",Dell,24.0,60.0,1080p FHD,IPS,0,0,1,Used,Colombo,22000.0
"Samsung F24T450FQE 24"" Inch Full HD IPS Frameless HDMI Used Monitor",Samsung,24.0,60.0,1080p FHD,IPS,0,0,1,Used,Colombo,20990.0
"HP EliteDisplay E202 USED HD+ IPS MONITOR 20""",HP,20.0,60.0,HD,IPS,0,0,0,Used,Colombo,13500.0
"HP EliteDisplay E222 USED IPS MONITOR FULL HD 22""",HP,22.0,60.0,1080p FHD,IPS,0,0,0,Used,Colombo,14500.0
"Samsung F24T450FQE 24"" Inch Full HD IPS Frameless HDMI Used Monitor",Samsung,24.0,60.0,1080p FHD,IPS,0,0,1,Used,Colombo,21000.0
"MONITOR 24"" IPS (1980 x 1080P) FHD|FRAMELESS|HDMI",Other,24.0,60.0,1080p FHD,IPS,0,0,1,Used,Gampaha,21150.0
Falcon HS17 17-Inch LED Monitor With HDMI,Other,17.0,60.0,HD,Standard,0,0,0,Used,Colombo,8000.0
"MONITOR 27"" IPS FRAMELESS (1980 x 1080P) ULTRA SLIM|FHD|HDMI",Other,27.0,60.0,1080p FHD,IPS,0,0,1,Used,Colombo,33850.0
"24"" ASUS MONITOR - 120HZ IPS FHD FRAMELESS (NEW)",Asus,24.0,120.0,1080p FHD,IPS,0,1,1,Brand New,Gampaha,33950.0
Hp Elitedisplay E223,HP,24.0,60.0,1080p FHD,Standard,0,0,0,Used,Colombo,17500.0
"Lenovo ThinkVision P24h-10 IPS 2K QHD 1440P FRAMELESS USED MONITOR 24""",Lenovo,24.0,60.0,2K QHD,IPS,0,0,1,Used,Colombo,28500.0
Brand New Acer Vero Series CB272 P6BMIPRX 144HZ Full HD Monitor,Acer,24.0,144.0,1080p FHD,Standard,0,1,0,Brand New,Colombo,44990.0
24 Inch Led Monitor,Other,24.0,60.0,1080p FHD,Standard,0,0,0,Used,Gampaha,9500.0
Falcon HS 19 Inch Game Display Wide Monitor,Other,19.0,60.0,HD,Standard,0,0,0,Brand New,Colombo,16000.0
"23"" IPS MONITOR FRAMELESS (1980 x 1080P) FHD HDMI",Other,23.0,60.0,1080p FHD,IPS,0,0,1,Used,Gampaha,19450.0
"Monitor 24"" Wide|LED with Soundbar Speaker",Other,24.0,60.0,1080p FHD,Standard,0,0,0,Used,Gampaha,13950.0
"Lenovo ThinkVision T24i-30 USED IPS HDMI MONITOR 24""",Lenovo,24.0,60.0,HD,IPS,0,0,0,Used,Colombo,21000.0
ACER 24” FRAMELESS MONITORS,Acer,24.0,60.0,1080p FHD,Standard,0,0,1,Used,Gampaha,19900.0
DELL 22” FRAMELESS MONITOR,Dell,22.0,60.0,1080p FHD,Standard,0,0,1,Used,Gampaha,16500.0
HP 24” IPS MONITORS,HP,24.0,60.0,1080p FHD,IPS,0,0,0,Used,Gampaha,11990.0
ACER EK1 24.5” Frameless Monitors,Acer,24.0,60.0,1080p FHD,Standard,0,0,1,Brand New,Gampaha,27500.0
HP ProDisplay 24inch HDMI LED Monitor,HP,24.0,60.0,HD,Standard,0,0,0,Used,Colombo,17500.0
Philips 24 Inch Frameless Monitor,Philips,24.0,60.0,1080p FHD,IPS,0,0,1,Brand New,Colombo,23500.0
22 Inch Monitor,Other,22.0,60.0,1080p FHD,Standard,0,0,0,Used,Gampaha,6000.0
"27"" IPS MONITOR FRAMELESS|ULTRA SLIM (1980 x 1080P) FHD|HDMI",Other,27.0,60.0,1080p FHD,IPS,0,0,1,Used,Gampaha,33850.0
"MONITOR 23"" IPS FRAMELESS (1980 x 1080P) FHD HDMI",Other,23.0,60.0,1080p FHD,IPS,0,0,1,Used,Colombo,19450.0
15.6-inch HD LED Laptop LCD Screen,Other,15.6,60.0,HD,Standard,0,0,0,Used,Gampaha,6500.0
"24"" LED|Wide Monitor with Soundbar Speaker",Other,24.0,60.0,1080p FHD,Standard,0,0,0,Used,Gampaha,13950.0
"24"" MONITOR IPS FRAMELESS|HDMI (1980 x 1080P) FHD",Other,24.0,60.0,1080p FHD,IPS,0,0,1,Used,Colombo,21150.0
Lenovo ThinkVision T24i-30,Lenovo,24.0,60.0,1080p FHD,Standard,0,0,0,Used,Colombo,21000.0
"Samsung F24T450FQE 24"" Inch Full HD IPS Frameless HDMI Used Monitor",Samsung,24.0,60.0,1080p FHD,IPS,0,0,1,Used,Colombo,20990.0
"Lenovo ThinkVision S24e-10 VA HDMI FRAMLESS USED Monitor 24""",Lenovo,24.0,60.0,HD,VA,0,0,0,Used,Colombo,20500.0
Lenovo C24 Inch VA HDMI FULL HDFRAMLESS,Lenovo,24.0,60.0,1080p FHD,VA,0,0,0,Used,Colombo,20500.0
TG Monitor,Other,24.0,60.0,1080p FHD,Standard,0,0,0,Used,Gampaha,10000.0
22 Inch Full HD HDMI IPS FRAMLESS USED MONITOR,Other,22.0,60.0,1080p FHD,IPS,0,0,0,Used,Colombo,19500.0
24 Inch LCD USED Monitor,Other,24.0,60.0,1080p FHD,Standard,0,0,0,Used,Colombo,10500.0
20 Inch Wide LCD USED Monitor,Other,20.0,60.0,HD,Standard,0,0,0,Used,Colombo,9500.0
Lenovo 24 Inch Ips Frameless Monitor,Lenovo,24.0,60.0,1080p FHD,IPS,0,0,1,Used,Colombo,10500.0
19 Inch Square Used Monitor,Other,19.0,60.0,HD,Standard,0,0,0,Used,Colombo,6500.0
"ViewSonic VA2214-H BRAND NEW IPS FULL HD MONITOR 22""",Viewsonic,22.0,60.0,1080p FHD,IPS,0,0,0,Brand New,Colombo,28490.0
"MSI Pro MP243L E14 – 23.8"" FHD 144Hz Monitor",MSI,23.8,144.0,1080p FHD,Standard,0,1,0,Brand New,Colombo,35400.0
"HP EliteDisplay E202 USED HD+ IPS MONITOR 20""",HP,20.0,60.0,HD,IPS,0,0,0,Used,Colombo,13500.0
"20 Inch Wide LCD Monitor USED 20""",Other,20.0,60.0,HD,Standard,0,0,0,Used,Colombo,9500.0
"19 Inch Square Monitor USED SQ 19""",Other,19.0,60.0,HD,Standard,0,0,0,Used,Colombo,6500.0
"Asus TUF Gaming VG34VQL3A – 34"" UWQHD 180Hz Monitor",Asus,34.0,180.0,2K QHD,Standard,0,1,0,Brand New,Colombo,135000.0
"Acer EK251 P6BI 25"" Inch 144Hz IPS HDMI Frameless Gaming Monitor",Acer,25.0,144.0,1080p FHD,IPS,0,1,1,Brand New,Colombo,31500.0
Asus TUF Gaming VG279QE5A 27″ FHD IPS 146HZ Monitor,Asus,27.0,146.0,1080p FHD,IPS,0,1,0,Brand New,Colombo,46500.0
"MSI Pro MP225 E12VL 21.5"" Inch 120HZ FHD Slim Frameless Monitor",MSI,21.5,120.0,1080p FHD,Standard,0,1,1,Brand New,Colombo,26500.0
"Acer EK271 27"" Inch 144Hz IPS HDMI Frameless Gaming Monitor",Acer,27.0,144.0,1080p FHD,IPS,0,1,1,Brand New,Colombo,35990.0
"Acer EK251 P6BI 25"" Inch 144Hz IPS HDMI Frameless Gaming Monitor",Acer,25.0,144.0,1080p FHD,IPS,0,1,1,Brand New,Colombo,31500.0
"MSI Pro MP243L E14 24.5"" Inch 144Hz 1ms FHD IPS Productivity Monitor",MSI,24.5,144.0,1080p FHD,IPS,0,1,0,Brand New,Colombo,33500.0
27 Inch Monitor (Full Hd 60hz),Other,27.0,60.0,1080p FHD,Standard,0,0,0,Used,Colombo,17500.0
24 Inch Ips Monitor (Full Hd 60hz),Other,24.0,60.0,1080p FHD,IPS,0,0,0,Used,Colombo,14500.0
24 Inch Monitor (Full Hd 60hz),Other,24.0,60.0,1080p FHD,Standard,0,0,0,Used,Colombo,13500.0
"Acer 27"" Full HD Nitro Gaming Monitor - KG273 W3 240Hz Brand New",Acer,27.0,240.0,1080p FHD,Standard,0,1,0,Brand New,Colombo,48500.0
Brandnew Acer 27- Inch Monitors (144Hz),Acer,27.0,144.0,1080p FHD,Standard,0,1,0,Brand New,Colombo,37500.0
24 inch LCD Monitor,Other,24.0,60.0,1080p FHD,Standard,0,0,0,Used,Galle,11000.0
"HP 22"" Frameless Full HD",HP,22.0,60.0,1080p FHD,Standard,0,0,1,Used,Gampaha,15500.0
"Dell UltraSharp U2417H IPS Full HD Frameless USED Monitor 24""",Dell,24.0,60.0,1080p FHD,IPS,0,0,1,Used,Colombo,22000.0
"Acer EK251 P6BI 25"" Inch 144Hz IPS HDMI Frameless Gaming & Monitor",Acer,25.0,144.0,1080p FHD,IPS,0,1,1,Brand New,Colombo,31500.0
"Emark 24"" EW2427SH 144Hz IPS Full HD Frameless Gaming Monitor",Other,24.0,144.0,1080p FHD,IPS,0,1,1,Brand New,Colombo,29990.0
"LAPTOP DISPLAY 15.6""",Other,15.6,60.0,HD,Standard,0,0,0,Brand New,Colombo,12500.0
"HP EliteDisplay E202 USED HD+ IPS MONITOR 20""",HP,20.0,60.0,HD,IPS,0,0,0,Used,Colombo,13500.0
"ViewSonic VA2432A-H 24"" Inch Full HD IPS 120Hz Frameless Monitor New",Viewsonic,24.0,120.0,1080p FHD,IPS,0,1,1,Brand New,Colombo,35500.0
"ViewSonic VA2214-H BRAND NEW IPS FULL HD MONITOR 22""",Viewsonic,22.0,60.0,1080p FHD,IPS,0,0,0,Brand New,Colombo,28490.0
"HP EliteDisplay E222 USED FULL HD IPS MONITOR 22""",HP,22.0,60.0,1080p FHD,IPS,0,0,0,Used,Colombo,14500.0
Asus TUF Gaming 34” VG34VQL3A 1440P 1500R 180Hz Curved Monitor,Asus,34.0,180.0,2K QHD,Standard,1,1,0,Brand New,Colombo,159500.0
"HP EliteDisplay E202 USED HD+ IPS MONITOR 20""",HP,20.0,60.0,HD,IPS,0,0,0,Used,Colombo,13500.0
"Falcon HS185 WIDE LED HD Monitor brand New 18.5""",Other,18.5,60.0,HD,Standard,0,0,0,Brand New,Colombo,19500.0
"Falcon HS17 Square LED Monitor Brand New 17""",Other,17.0,60.0,HD,Standard,0,0,0,Brand New,Colombo,11500.0
"19"" WIDE MONITORS",Other,19.0,60.0,HD,Standard,0,0,0,Used,Colombo,8900.0
POS Billing Fullset Package,Other,24.0,60.0,1080p FHD,Standard,0,0,0,Brand New,Colombo,99800.0
"Dell UltraSharp U2417H IPS Full HD Frameless Monitor 24""",Dell,24.0,60.0,1080p FHD,IPS,0,0,1,Used,Colombo,22000.0
"HP EliteDisplay E222 USED IPS MONITOR FULL HD 22""",HP,22.0,60.0,1080p FHD,IPS,0,0,0,Used,Colombo,14500.0
"HP EliteDisplay E202 USED HD+ IPS MONITOR 20""",HP,20.0,60.0,HD,IPS,0,0,0,Used,Colombo,13500.0
"FALCON HS185 WIDE LED HD MONITOR BRAND NEW 18.5""",Other,18.5,60.0,HD,Standard,0,0,0,Brand New,Colombo,19500.0
Dell 24inch Type C Frameless Monitor 2022 model P2422HE,Dell,24.0,60.0,1080p FHD,Standard,0,0,1,Used,Colombo,24500.0
24 Inch IPS Full HD Used Monitors 60HZ,Other,24.0,60.0,1080p FHD,IPS,0,0,0,Used,Gampaha,15500.0
"Emark 24"" EW2427SH 144Hz IPS Full HD Frameless Gaming Monitor",Other,24.0,144.0,1080p FHD,IPS,0,1,1,Brand New,Colombo,29990.0
"Acer EK271 27"" Inch 144Hz IPS HDMI Frameless Gaming Monitor",Acer,27.0,144.0,1080p FHD,IPS,0,1,1,Brand New,Colombo,37000.0
"Samsung 24"" Inch Full HD IPS Frameless HDMI Gaming Used Monitor",Samsung,24.0,60.0,1080p FHD,IPS,0,1,1,Used,Colombo,22000.0
"Viewsonic Gaming 24"" Curved Monitor 144Hz",Viewsonic,24.0,144.0,1080p FHD,Standard,1,1,0,Used,Kandy,22500.0
"27"" IPS MONITOR ULTRA SLIM FRAMELESS (1980 x 1080P) FHD|HDMI",Other,27.0,60.0,1080p FHD,IPS,0,0,1,Used,Gampaha,33850.0
MSI Gaming Monitor,MSI,24.0,60.0,1080p FHD,Standard,0,1,0,Used,Galle,34000.0
Acer 23 Inch Full HD Monitor,Acer,23.0,60.0,1080p FHD,Standard,0,0,0,Used,Gampaha,13000.0
24 Inch Samsung LED Curved Monitor,Samsung,24.0,60.0,1080p FHD,Standard,1,0,0,Used,Gampaha,25000.0
"23"" IPS MONITOR FRAMELESS (1980 x 1080P) FHD HDMI",Other,23.0,60.0,1080p FHD,IPS,0,0,1,Used,Colombo,19450.0
"MONITOR 24"" IPS FRAMELESS|HDMI (1980 x 1080P) FHD",Other,24.0,60.0,1080p FHD,IPS,0,0,1,Used,Gampaha,21150.0
"Monitor 24"" LED|Wide with Soundbar Speaker",Other,24.0,60.0,1080p FHD,Standard,0,0,0,Used,Gampaha,13950.0
Asus TUF Gaming VG279QE5A 27″ FHD IPS 146HZ Monitor,Asus,27.0,146.0,1080p FHD,IPS,0,1,0,Brand New,Colombo,45500.0
Dell 19 Inch Monitor,Dell,19.0,60.0,HD,Standard,0,0,0,Used,Gampaha,8500.0
Dell Monitor 19 Inch,Dell,19.0,60.0,HD,Standard,0,0,0,Used,Other,3600.0
ATEC,Other,24.0,60.0,1080p FHD,Standard,0,0,0,Used,Other,10000.0
"MONITOR 27"" IPS ULTRA SLIM (1980 x 1080P) FHD|HDMI|FRAMELESS",Other,27.0,60.0,1080p FHD,IPS,0,0,1,Used,Gampaha,33850.0
HP EliteDisplay E230t 23' Frameless Touch Monitor,HP,23.0,60.0,1080p FHD,Standard,0,0,1,Used,Kalutara,27500.0
"Samsung Monitor 20""INCH",Samsung,20.0,60.0,HD,Standard,0,0,0,Used,Badulla,9000.0
HP V244h Monitor (24 inch),HP,24.0,60.0,1080p FHD,Standard,0,0,0,Used,Kandy,15000.0
"HP 23"" EliteDisplay E232 Full HD IPS HDMI A Grade Used Monitor",HP,23.0,60.0,1080p FHD,IPS,0,0,0,Used,Colombo,15500.0
MSI RTX2060 6GB GAMING Z USED GRAPHICS CARD,MSI,24.0,60.0,1080p FHD,Standard,0,1,0,Used,Colombo,66000.0
AOC Monitor 18.5 Inches,AOC,18.5,60.0,HD,Standard,0,0,0,Used,Colombo,8000.0
"HP EliteDisplay E202 USED HD+ IPS MONITOR 20""",HP,20.0,60.0,HD,IPS,0,0,0,Used,Colombo,13500.0
HP E24 G4 24 IPS Monitor,HP,24.0,60.0,1080p FHD,IPS,0,0,0,Used,Galle,23000.0
"ViewSonic VA2432A-H 24"" Inch Full HD IPS 120HZ Frameless Monitor New",Viewsonic,24.0,120.0,1080p FHD,IPS,0,1,1,Brand New,Colombo,35500.0
Monitor - 17 | 19 20 22 23 24 27 INCH LCD LED IPS 2K FRAMELESS,Other,27.0,60.0,2K QHD,IPS,0,0,1,Used,Kalutara,6490.0
Dell 27 Inch Monitor (Full Hd 60hz),Dell,27.0,60.0,1080p FHD,Standard,0,0,0,Used,Colombo,17500.0
"24"" IPS MONITOR FRAMELESS|HDMI (1980 x 1080P) FHD",Other,24.0,60.0,1080p FHD,IPS,0,0,1,Used,Gampaha,21150.0
"HP EliteDisplay E222 USED FULL HD IPS MONITOR 22""",HP,22.0,60.0,1080p FHD,IPS,0,0,0,Used,Colombo,14500.0
"24"" LED|Wide Monitor with Soundbar Speaker",Other,24.0,60.0,1080p FHD,Standard,0,0,0,Used,Colombo,13950.0
Monitor 24.5 Inch MSI Pro MP251,MSI,24.5,60.0,1080p FHD,Standard,0,0,0,Used,Gampaha,30000.0
"24"" Inch HP Wide Monitor",HP,24.0,60.0,1080p FHD,Standard,0,0,0,Used,Colombo,14499.0
"MONITOR 23"" IPS FRAMELESS (1980 x 1080P) FHD HDMI",Other,23.0,60.0,1080p FHD,IPS,0,0,1,Used,Gampaha,19450.0
"24"" Inch HP Wide Monitor",HP,24.0,60.0,1080p FHD,Standard,0,0,0,Used,Colombo,14499.0
"DELL SE2225HM Monitor 22"" inches VA 100hz Brand New",Dell,22.0,100.0,1080p FHD,VA,0,1,0,Brand New,Colombo,29990.0
"24"" Inch HP Wide Monitor",HP,24.0,60.0,1080p FHD,Standard,0,0,0,Used,Kalutara,14499.0
"24"" Inch HP Wide Monitor",HP,24.0,60.0,1080p FHD,Standard,0,0,0,Used,Kalutara,14499.0
USED LCD & LED MONITORS,Other,24.0,60.0,1080p FHD,Standard,0,0,0,Used,Gampaha,7500.0
"24"" Inch HP Wide Monitor",HP,24.0,60.0,1080p FHD,Standard,0,0,0,Used,Kalutara,14499.0
"24"" Inch HP Wide Monitor",HP,24.0,60.0,1080p FHD,Standard,0,0,0,Used,Kalutara,14499.0
"24"" Inch HP Wide Monitor",HP,24.0,60.0,1080p FHD,Standard,0,0,0,Used,Kalutara,14499.0
"24"" Inch HP Wide Monitor",HP,24.0,60.0,1080p FHD,Standard,0,0,0,Used,Kalutara,14499.0
"24"" Inch HP Wide Monitor",HP,24.0,60.0,1080p FHD,Standard,0,0,0,Used,Kalutara,14499.0
"24"" Inch HP Wide Monitor",HP,24.0,60.0,1080p FHD,Standard,0,0,0,Used,Kalutara,14499.0
"Acer EK271 27"" Inch 144Hz IPS HDMI Frameless Gaming Monitor",Acer,27.0,144.0,1080p FHD,IPS,0,1,1,Brand New,Colombo,37000.0
DELL ULTRASHARP U2419H 24 INCH FULL HD IPS FRAMELESS USED MONITOR,Dell,24.0,60.0,1080p FHD,IPS,0,0,1,Used,Colombo,22500.0
"Dell UltraSharp U2417H IPS Full HD Frameless USED Monitor 24""",Dell,24.0,60.0,1080p FHD,IPS,0,0,1,Used,Colombo,22000.0
MSI PRO MP251 IPS Monitor,MSI,24.0,60.0,1080p FHD,IPS,0,0,0,Used,Kandy,30000.0
"Emark 24"" EW2427SH 144Hz IPS Full HD Frameless Gaming Monitor",Other,24.0,144.0,1080p FHD,IPS,0,1,1,Brand New,Colombo,29990.0
ATEC 27 INCH FULL HD LED USED MONITOR,Other,27.0,60.0,1080p FHD,Standard,0,0,0,Used,Colombo,21500.0
"Acer EK251 P6BI 25"" Inch 144Hz IPS HDMI Frameless Gaming & Monitor",Acer,25.0,144.0,1080p FHD,IPS,0,1,1,Brand New,Colombo,31500.0
"MSI Pro MP243L E14 24.5"" Inch 144Hz 1ms FHD IPS Productivity Monitor",MSI,24.5,144.0,1080p FHD,IPS,0,1,0,Brand New,Colombo,33500.0
DELL P2214HB 22 INCH FULL HD IPS LED SILVER LINE MONITOR,Dell,22.0,60.0,1080p FHD,IPS,0,0,0,Used,Colombo,12500.0
Asus TUF Gaming VG279QE5A 27″ FHD IPS 146HZ Monitor,Asus,27.0,146.0,1080p FHD,IPS,0,1,0,Brand New,Colombo,46500.0
24 IPS Frameless Monitors,Other,24.0,60.0,1080p FHD,IPS,0,0,1,Used,Colombo,22500.0
Lenovo IPS Monitors 24Inch,Lenovo,24.0,60.0,1080p FHD,IPS,0,0,0,Used,Gampaha,13500.0
"MSI Optix 34"" 144hz Ultrawide Curved Gaming Monitor",MSI,34.0,144.0,1080p FHD,Standard,1,1,0,Used,Gampaha,99000.0
Samsung 24” IPS Framelles Monitor,Samsung,24.0,60.0,1080p FHD,IPS,0,0,0,Used,Colombo,21000.0
Samsung 17” Monitor,Samsung,17.0,60.0,HD,Standard,0,0,0,Used,Colombo,5900.0
"Lenovo 22"" Fhd Monitor – Used",Lenovo,22.0,60.0,1080p FHD,Standard,0,0,0,Used,Gampaha,10500.0
"17"" Square Lcd Monitor – Used",Other,17.0,60.0,HD,Standard,0,0,0,Used,Gampaha,6500.0
Curved Monitor,Other,24.0,60.0,1080p FHD,Standard,1,0,0,Used,Other,70000.0
"MSI PRO MP225 E12VL 21.5"" Inch 120Hz 1ms FHD Slim Frameless Monitor",MSI,21.5,120.0,1080p FHD,Standard,0,1,1,Brand New,Colombo,26500.0
"Dell UltraSharp U2417H IPS Full HD Frameless USED Monitor 24""",Dell,24.0,60.0,1080p FHD,IPS,0,0,1,Used,Colombo,22000.0
DELL P2714HC 27 INCH IPS LED USED MONITOR,Dell,27.0,60.0,1080p FHD,IPS,0,0,0,Used,Colombo,26500.0
24 INCH DELL ULTRASHARP U2419H FULL IPS FRAMELESS USED MONITOR,Dell,24.0,60.0,1080p FHD,IPS,0,0,1,Used,Colombo,22500.0
24 INCH DELL ULTRASHAP U2422HE FULL HD IPS FRAMELESS 75Hz USED MONITOR,Dell,24.0,75.0,1080p FHD,IPS,0,0,1,Used,Colombo,26500.0
LENOVO THINKVISION 27 INCH IPS FHD HDMI USED MONITOR,Lenovo,27.0,60.0,1080p FHD,IPS,0,0,0,Used,Colombo,27500.0
සල්ලි හදිසියකට විකුණනු ලැබේ,Other,24.0,60.0,1080p FHD,Standard,0,0,0,Used,Kandy,14500.0
"HP EliteDisplay E222 USED FULL HD IPS MONITOR 22""",HP,22.0,60.0,1080p FHD,IPS,0,0,0,Used,Colombo,14500.0
Brandnew Acer 27- Inch Monitors (144Hz),Acer,27.0,144.0,1080p FHD,Standard,0,1,0,Brand New,Colombo,37500.0
"Falcon HS185 WIDE LED HD Monitor brand New 18.5""",Other,18.5,60.0,HD,Standard,0,0,0,Brand New,Colombo,19500.0
"Falcon HS17 Square LED Monitor Brand New 17""",Other,17.0,60.0,HD,Standard,0,0,0,Brand New,Colombo,11500.0
"Emark 24"" EW2427SH 144Hz IPS Full HD Frameless Gaming Monitor",Other,24.0,144.0,1080p FHD,IPS,0,1,1,Brand New,Colombo,29990.0
"ViewSonic VA2432A-H 24"" Inch Full HD IPS 120Hz Frameless Monitor New",Viewsonic,24.0,120.0,1080p FHD,IPS,0,1,1,Brand New,Colombo,35500.0
"MSI Pro MP243L E14 24.5"" Inch 144Hz 1ms FHD IPS Productivity Monitor",MSI,24.5,144.0,1080p FHD,IPS,0,1,0,Brand New,Colombo,33500.0
"MSI Pro MP225 E12VL 21.5"" Inch 120HZ FHD Slim Frameless Monitor",MSI,21.5,120.0,1080p FHD,Standard,0,1,1,Brand New,Colombo,26500.0
"Acer EK271 27"" Inch 144Hz IPS HDMI Frameless Gaming Monitor",Acer,27.0,144.0,1080p FHD,IPS,0,1,1,Brand New,Colombo,35990.0
"Acer EK251 P6BI 25"" Inch 144Hz IPS HDMI Frameless Gaming Monitor",Acer,25.0,144.0,1080p FHD,IPS,0,1,1,Brand New,Colombo,31500.0
"Dell (E2216H) 22"" INCH Full HD LED Monitor",Dell,22.0,60.0,1080p FHD,Standard,0,0,0,Brand New,Colombo,9000.0
"HP ProDisplay (P222va) 22""Inch Full HD LED Monitor",HP,22.0,60.0,1080p FHD,Standard,0,0,0,Brand New,Colombo,9000.0
24 Inch Ips Monitor,Other,24.0,60.0,1080p FHD,IPS,0,0,0,Used,Colombo,14500.0
Vika 22” LED Monitor,Other,22.0,60.0,1080p FHD,Standard,0,0,0,Brand New,Colombo,21000.0
Vika 22” Frameless LED Monitor,Other,22.0,60.0,1080p FHD,Standard,0,0,1,Brand New,Colombo,22000.0
"Acer EK251 P6BI 25"" Inch 144Hz IPS HDMI Frameless Gaming Monitor",Acer,25.0,144.0,1080p FHD,IPS,0,1,1,Brand New,Colombo,31500.0
"Lenovo ThinkVision 22"" INCH FULL HD LED Monitor – VGA + DisplayPort",Lenovo,22.0,60.0,1080p FHD,Standard,0,0,0,Brand New,Colombo,9000.0
"23"" MONITOR IPS FHD HDMI FRAMELESS (1980 x 1080P)",Other,23.0,60.0,1080p FHD,IPS,0,0,1,Used,Gampaha,19450.0
"MONITOR 24"" IPS FRAMELESS|HDMI (1980 x 1080P) FHD",Other,24.0,60.0,1080p FHD,IPS,0,0,1,Used,Matara,21150.0
"Dell 23"" inch (P2317H) Full HD HDMI IPS LED Monitor",Dell,23.0,60.0,1080p FHD,IPS,0,0,0,Brand New,Colombo,13000.0
Used LCD Monitor,Other,24.0,60.0,1080p FHD,Standard,0,0,0,Used,Colombo,4000.0
"27"" MONITOR IPS ULTRA SLIM (1980 x 1080P) FHD|HDMI|FRAMELESS",Other,27.0,60.0,1080p FHD,IPS,0,0,1,Used,Colombo,33850.0
"HP EliteDisplay E240c Full HD IPS USED MONITOR 24""",HP,24.0,60.0,1080p FHD,IPS,0,0,0,Used,Colombo,17500.0
Monitor Mother Board,Other,24.0,60.0,1080p FHD,Standard,0,0,0,Used,Gampaha,8000.0
"ViewSonic VA2214-H BRAND NEW IPS FULL HD MONITOR 22""",Viewsonic,22.0,60.0,1080p FHD,IPS,0,0,0,Brand New,Colombo,28490.0
"Dell UltraSharp UP2716D 27"" PremierColor QHD IPS Frameless 2K Monitors",Dell,27.0,60.0,2K QHD,IPS,0,0,1,Brand New,Colombo,40000.0
"FALCON HS185 WIDE LED HD MONITOR BRAND NEW 18.5""",Other,18.5,60.0,HD,Standard,0,0,0,Brand New,Colombo,19500.0
"Acer 27"" Full HD Nitro Gaming Monitor - KG273 W3 240Hz Brand New",Acer,27.0,240.0,1080p FHD,Standard,0,1,0,Brand New,Colombo,49500.0
Asus TUF Gaming 34” VG34VQL3A 1440P 1500R 180HZ Curved Monitor,Asus,34.0,180.0,2K QHD,Standard,1,1,0,Brand New,Colombo,159500.0
"Dahua 27"" Gaming Monitor",Other,27.0,60.0,1080p FHD,Standard,0,1,0,Brand New,Gampaha,39000.0
MSI Pro MP243 24 inch HD Ips Monitor,MSI,24.0,60.0,HD,IPS,0,0,0,Used,Gampaha,18000.0
"24"" Inch HP Wide Monitor",HP,24.0,60.0,1080p FHD,Standard,0,0,0,Used,Kalutara,14499.0
"24"" Inch HP Wide Monitors",HP,24.0,60.0,1080p FHD,Standard,0,0,0,Used,Kalutara,14499.0
Monitor,Other,24.0,60.0,1080p FHD,Standard,0,0,0,Used,Matara,5300.0
"24"" IPS MONITOR FRAMELESS|HDMI (1980 x 1080P) FHD",Other,24.0,60.0,1080p FHD,IPS,0,0,1,Used,Gampaha,21150.0
Samsung Monitor,Samsung,24.0,60.0,1080p FHD,Standard,0,0,0,Used,Badulla,7000.0
Asus TUF Gaming VG279QE5A 27″ FHD IPS 146HZ Monitor,Asus,27.0,146.0,1080p FHD,IPS,0,1,0,Brand New,Colombo,45990.0
"Acer 27"" Full HD Nitro Gaming Monitor KG273 W3 (240Hz)",Acer,27.0,240.0,1080p FHD,Standard,0,1,0,Brand New,Colombo,49500.0
"Asus VY279HGR 27"" Inch Full HD IPS Level 120Hz Adaptive Sync Monitor",Asus,27.0,120.0,1080p FHD,IPS,0,1,0,Brand New,Colombo,46000.0
Brand New Acer Vero Series CB272 P6BMIPRX 144HZ Full HD Monitor,Acer,24.0,144.0,1080p FHD,Standard,0,1,0,Brand New,Colombo,44990.0
"MONITOR 24"" IPS (1980 x 1080P) FRAMELESS|HDMI|FHD",Other,24.0,60.0,1080p FHD,IPS,0,0,1,Used,Gampaha,21150.0
"MONITOR 27"" IPS ULTRA SLIM (1980 x 1080P) FHD|HDMI|FRAMELESS",Other,27.0,60.0,1080p FHD,IPS,0,0,1,Used,Gampaha,33850.0
Dell Monitor 19'inch,Dell,19.0,60.0,HD,Standard,0,0,0,Used,Galle,5000.0
"Monitor with Speaker Soundbar - LED|Wide 24""",Other,24.0,60.0,1080p FHD,Standard,0,0,0,Used,Gampaha,13950.0
Falcon 17 Inch Led Monitor,Other,17.0,60.0,HD,Standard,0,0,0,Brand New,Colombo,10500.0
Atec Monitor,Other,24.0,60.0,1080p FHD,Standard,0,0,0,Used,Kurunegala,7000.0
"MONITOR 23"" IPS FHD HDMI FRAMELESS (1980 x 1080P)",Other,23.0,60.0,1080p FHD,IPS,0,0,1,Used,Gampaha,19450.0
"HP EliteDisplay E202 USED HD+ IPS MONITOR 20""",HP,20.0,60.0,HD,IPS,0,0,0,Used,Colombo,13500.0
"HP EliteDisplay E222 USED FULL HD IPS MONITOR 22""",HP,22.0,60.0,1080p FHD,IPS,0,0,0,Used,Colombo,14500.0
"Samsung 24"" Inch Full HD IPS Frameless HDMI Gaming Used Monitor",Samsung,24.0,60.0,1080p FHD,IPS,0,1,1,Used,Colombo,22000.0
"Dell UltraSharp U2417H IPS Full HD Frameless USED Monitor 24""",Dell,24.0,60.0,1080p FHD,IPS,0,0,1,Used,Colombo,21500.0
"ViewSonic VA2214-H BRAND NEW IPS FULL HD MONITOR 22""",Viewsonic,22.0,60.0,1080p FHD,IPS,0,0,0,Brand New,Colombo,28490.0
"MSI Optix MAG401QR 40"" UWQHD IPS 155Hz 1ms Adaptive Sync Gaming Monitor",MSI,40.0,155.0,2K QHD,IPS,0,1,0,Brand New,Colombo,185000.0
"ViewSonic VX3480-2K-PRO 34"" UWQHD Gaming Monitor",Viewsonic,34.0,60.0,2K QHD,Standard,0,1,0,Brand New,Colombo,133990.0
MSI Modern MD272QXP 27″ Business and Productivity Monitor 100Hz 2K WQHD,MSI,27.0,100.0,2K QHD,Standard,0,1,0,Brand New,Colombo,95000.0
"Asus VY279HGR 27"" Inch Full HD IPS Level 120Hz Adaptive Sync Monitor",Asus,27.0,120.0,1080p FHD,IPS,0,1,0,Brand New,Colombo,44500.0
HP Elite Display E202 Monitor,HP,24.0,60.0,1080p FHD,Standard,0,0,0,Used,Colombo,12000.0
"Lenovo ThinkVision LT1952PwD WIDE LED Used Desktop Monitor 19""",Lenovo,19.0,60.0,HD,Standard,0,0,0,Used,Kalutara,8500.0
24 inch Dell Ultrasharp U2419H Full Hd Ips Frameless Used Monitor,Dell,24.0,60.0,1080p FHD,IPS,0,0,1,Used,Colombo,22500.0
"MSI PRO MP243L E14 24.5"" Inch 144Hz 1ms FHD IPS Productivity Monitor",MSI,24.5,144.0,1080p FHD,IPS,0,1,0,Brand New,Colombo,33500.0
Asus TUF Gaming VG279QE5A 27″ FHD IPS 146HZ Monitor,Asus,27.0,146.0,1080p FHD,IPS,0,1,0,Brand New,Colombo,46500.0
24 INCH DELL ULTRASHAP U2422HE FULL HD IPS FRAMELESS 75Hz USED MONITOR,Dell,24.0,75.0,1080p FHD,IPS,0,0,1,Used,Colombo,26500.0
"KOORUI 27"" E2721H QHD IPS 120HZ 2K BRAND NEW GAMING MONITOR",Other,27.0,120.0,2K QHD,IPS,0,1,0,Brand New,Colombo,52500.0
"Koorui G3221SC 2K 170Hz 90% DCI-P3 32"" Curved Gaming Monitor",Other,32.0,170.0,2K QHD,Standard,1,1,0,Brand New,Colombo,70900.0
Koorui E2411K 24 INCH 144HZ IPS FHD Brand New Monitor,Other,24.0,144.0,1080p FHD,IPS,0,1,0,Brand New,Colombo,33000.0
DELL P2714HC 27 INCH IPS LED USED MONITOR,Dell,27.0,60.0,1080p FHD,IPS,0,0,0,Used,Colombo,26500.0
Koorui G2711P FHD IPS 27INCH 200HZ Brand New Gaming Monitor,Other,27.0,200.0,1080p FHD,IPS,0,1,0,Brand New,Colombo,51500.0
Koorui G2411P 24 Inch IPS FHD 200Hz Gaming Monitor,Other,24.0,200.0,1080p FHD,IPS,0,1,0,Brand New,Colombo,39000.0
LENOVO THINKVISION 27 INCH IPS FHD HDMI USED MONITOR,Lenovo,27.0,60.0,1080p FHD,IPS,0,0,0,Used,Colombo,27500.0
"Koorui E2721H 27 INCH QHD 2K 1440P 120Hz IPS GAMING MONITOR 27""",Other,27.0,120.0,2K QHD,IPS,0,1,0,Brand New,Colombo,52000.0
Koorui 27E6QCA QHD VA 180Hz 27″ CURVED GAMING MONITOR BRAND NEW,Other,27.0,180.0,2K QHD,VA,1,1,0,Brand New,Colombo,58500.0
DELL P2422HE 24 INCH IPS FRAMELESS USED TYPE-C FHD MONITOR,Dell,24.0,60.0,1080p FHD,IPS,0,0,1,Used,Colombo,26500.0
"Koorui E2212H 100HZ 21.5 Inches FHD Brand New Monitor 22""",Other,21.5,100.0,1080p FHD,Standard,0,1,0,Brand New,Colombo,25500.0
"Emark 24"" EW2427SH 144Hz IPS Full HD Frameless Gaming Monitor",Other,24.0,144.0,1080p FHD,IPS,0,1,1,Brand New,Colombo,29990.0
Asus TUF Gaming 34” VG34VQL3A 1440P 1500R 180Hz Curved Monitor,Asus,34.0,180.0,2K QHD,Standard,1,1,0,Brand New,Colombo,159500.0
Lenovo ThinkVision T2324pA 23-inch Full HD (1080p) Used IPS Monitor,Lenovo,23.0,60.0,1080p FHD,IPS,0,0,0,Used,Colombo,14000.0
27 INCH FRAMLESS IPS MONITOR,Other,27.0,60.0,1080p FHD,IPS,0,0,0,Used,Kandy,31500.0
Lenovo 24 Inch Monitor,Lenovo,24.0,60.0,1080p FHD,Standard,0,0,0,Used,Kalutara,9900.0
MSI 27” 4K 144hz Dual Mode Gaming Monitor,MSI,27.0,144.0,4K UHD,Standard,0,1,0,Used,Galle,93000.0
HP IPS 19 Monitor,HP,19.0,60.0,HD,IPS,0,0,0,Used,Kalutara,7200.0
"24"" Monitor with Speaker Soundbar - LED|Wide",Other,24.0,60.0,1080p FHD,Standard,0,0,0,Used,Gampaha,13950.0
"27"" IPS MONITOR ULTRA SLIM (1980 x 1080P) FHD|HDMI|FRAMELESS",Other,27.0,60.0,1080p FHD,IPS,0,0,1,Used,Gampaha,33850.0
"24"" IPS MONITOR (1980 x 1080P) FRAMELESS|HDMI|FHD - LENOVO",Lenovo,24.0,60.0,1080p FHD,IPS,0,0,1,Used,Gampaha,21150.0
"Dell UltraSharp U2417H IPS Full HD Frameless Monitor 24""",Dell,24.0,60.0,1080p FHD,IPS,0,0,1,Used,Colombo,22000.0
"HP EliteDisplay E222 USED IPS MONITOR FULL HD 22""",HP,22.0,60.0,1080p FHD,IPS,0,0,0,Used,Colombo,14500.0
"23"" IPS FHD HDMI FRAMELESS LENOVO MONITOR (1980 x 1080P)",Lenovo,23.0,60.0,1080p FHD,IPS,0,0,1,Used,Gampaha,19450.0
"HP EliteDisplay E202 USED HD+ IPS MONITOR 20""",HP,20.0,60.0,HD,IPS,0,0,0,Used,Colombo,13500.0
"ViewSonic VA2214-H BRAND NEW IPS FULL HD MONITOR 22""",Viewsonic,22.0,60.0,1080p FHD,IPS,0,0,0,Brand New,Colombo,28490.0
DELL P2414HB 24 INCH FULL HD IPS USED SILVER LINE MONITOR,Dell,24.0,60.0,1080p FHD,IPS,0,0,0,Used,Colombo,13500.0
HP E243 Frameless Ips Monitor Elite Display 24″,HP,24.0,60.0,1080p FHD,IPS,0,0,1,Used,Colombo,23000.0
"HP Z23N IPS Frameless HDMI Monitor 23""",HP,23.0,60.0,1080p FHD,IPS,0,0,1,Used,Colombo,20500.0
"Samsung F24T450FQE 24"" Inch Full HD IPS Frameless HDMI Used Monitor",Samsung,24.0,60.0,1080p FHD,IPS,0,0,1,Used,Colombo,21000.0
"HP EliteDisplay E240c Full HD IPS USED MONITOR 24""",HP,24.0,60.0,1080p FHD,IPS,0,0,0,Used,Colombo,17500.0
"HP EliteDisplay E222 USED FULL HD IPS MONITOR 22""",HP,22.0,60.0,1080p FHD,IPS,0,0,0,Used,Colombo,14500.0
"HP EliteDisplay E202 USED HD+ IPS MONITOR 20""",HP,20.0,60.0,HD,IPS,0,0,0,Used,Colombo,13500.0
MSI 32inch Gaming Monitor,MSI,32.0,60.0,1080p FHD,Standard,0,1,0,Used,Other,70000.0
Monitor,Other,24.0,60.0,1080p FHD,Standard,0,0,0,Used,Kandy,7000.0
"32"" LED/IPS/HDMI Monitor (2K)",Other,32.0,60.0,2K QHD,IPS,0,0,0,Used,Colombo,39500.0
"Acer EK251 P6BI 25"" Inch 144Hz IPS HDMI Frameless Gaming Monitor",Acer,25.0,144.0,1080p FHD,IPS,0,1,1,Brand New,Colombo,31500.0
"ViewSonic VA2432A-H 24"" Inch Full HD IPS 120Hz Frameless Monitor New",Viewsonic,24.0,120.0,1080p FHD,IPS,0,1,1,Brand New,Colombo,32000.0
"ViewSonic VA2214-H BRAND NEW IPS FULL HD MONITOR 22""",Viewsonic,22.0,60.0,1080p FHD,IPS,0,0,0,Brand New,Colombo,28490.0
"FALCON HS185 WIDE LED HD MONITOR BRAND NEW 18.5""",Other,18.5,60.0,HD,Standard,0,0,0,Brand New,Colombo,19500.0
"Falcon HS17 Square LED Monitor Brand New 17""",Other,17.0,60.0,HD,Standard,0,0,0,Brand New,Colombo,11500.0
"32"" LED/IPS/HDMI Monitor(144Hz)",Other,32.0,144.0,HD,IPS,0,1,0,Used,Colombo,39500.0
"Acer EK251 P6BI 25"" Inch 144Hz IPS HDMI Frameless Gaming Monitor",Acer,25.0,144.0,1080p FHD,IPS,0,1,1,Brand New,Colombo,31500.0
"MSI Pro MP243L E14 24.5"" Inch 144Hz 1ms FHD IPS Productivity Monitor",MSI,24.5,144.0,1080p FHD,IPS,0,1,0,Brand New,Colombo,33500.0
"MSI Pro MP225 E12VL 21.5"" Inch 120HZ FHD Slim Frameless Monitor",MSI,21.5,120.0,1080p FHD,Standard,0,1,1,Brand New,Colombo,26500.0
"Acer EK271 27"" Inch 144Hz IPS HDMI Frameless Gaming Monitor",Acer,27.0,144.0,1080p FHD,IPS,0,1,1,Brand New,Colombo,35990.0
"Emark 24"" EW2427SH 144Hz IPS Full HD Frameless Gaming Monitor",Other,24.0,144.0,1080p FHD,IPS,0,1,1,Brand New,Colombo,29990.0
"ViewSonic VA2432A-H 24"" Inch Full HD IPS 120Hz Frameless Monitor New",Viewsonic,24.0,120.0,1080p FHD,IPS,0,1,1,Brand New,Colombo,35500.0
"Acer EK251 P6BI 25"" Inch 144Hz IPS HDMI Frameless Gaming Monitor",Acer,25.0,144.0,1080p FHD,IPS,0,1,1,Brand New,Colombo,31500.0
"27"" LED/IPS/HDMI/Frameless Monitor",Other,27.0,60.0,1080p FHD,IPS,0,0,1,Used,Colombo,27500.0
AOC 27inch Curved 144hz 1ms Monitor,AOC,27.0,144.0,1080p FHD,Standard,1,1,0,Brand New,Jaffna,49900.0
Koorui E2411K 24 INCH 144HZ IPS FHD Brand New Monitor,Other,24.0,144.0,1080p FHD,IPS,0,1,0,Brand New,Colombo,33000.0
"Acer EK271 27"" Inch 144Hz IPS HDMI Frameless Gaming Monitor",Acer,27.0,144.0,1080p FHD,IPS,0,1,1,Brand New,Colombo,37000.0
"Dell UltraSharp U2417H IPS Full HD Frameless USED Monitor 24""",Dell,24.0,60.0,1080p FHD,IPS,0,0,1,Used,Colombo,22000.0
MSI PRO MP273L E14 BRANDNEW MONITORS 144Hz,MSI,24.0,144.0,1080p FHD,Standard,0,1,0,Brand New,Gampaha,47500.0
MSI MAG 346CQ BRANDNEW MONITORS 4K 180Hz,MSI,24.0,180.0,4K UHD,Standard,0,1,0,Brand New,Gampaha,115000.0
MSI PRO MP243L E14 BRANDNEW MONITORS 144Hz,MSI,24.0,144.0,1080p FHD,Standard,0,1,0,Brand New,Gampaha,38500.0
"ViewSonic VA2432A-H 24"" Inch Full HD IPS 120HZ Frameless Monitor New",Viewsonic,24.0,120.0,1080p FHD,IPS,0,1,1,Brand New,Colombo,35500.0
MSI MAG 272QP QD OLED X50 26.5” 500HZ WQHD MONITOR,MSI,24.0,500.0,2K QHD,OLED,0,1,0,Brand New,Colombo,423000.0
MSI MAG 272QP QD OLED X50 26.5” 500HZ WQHD MONITOR,MSI,24.0,500.0,2K QHD,OLED,0,1,0,Brand New,Colombo,423000.0
MSI MAG 272F X24 27” 240HZ FHD IPS MONITOR,MSI,27.0,240.0,1080p FHD,IPS,0,1,0,Brand New,Colombo,62000.0
MSI MAG 272F X24 27” 240HZ FHD IPS MONITOR,MSI,27.0,240.0,1080p FHD,IPS,0,1,0,Brand New,Colombo,62000.0
MSI MAG 255XF 24.5” 300HZ FHD IPS MONITOR,MSI,24.0,300.0,1080p FHD,IPS,0,1,0,Brand New,Colombo,60000.0
MSI MAG 255XF 24.5” 300HZ FHD IPS MONITOR,MSI,24.0,300.0,1080p FHD,IPS,0,1,0,Brand New,Colombo,60000.0
MSI MAG 255F X24 24.5” 240HZ FHD IPS MONITOR,MSI,24.0,240.0,1080p FHD,IPS,0,1,0,Brand New,Colombo,52000.0
MSI MAG 255F X24 24.5” 240HZ FHD IPS MONITOR,MSI,24.0,240.0,1080p FHD,IPS,0,1,0,Brand New,Colombo,52000.0
Asus Tuf Gaming 34” VG34 VQL3 A 1440 P 1500 R 180 Hz Curved Monitor,Asus,34.0,180.0,1080p FHD,Standard,1,1,0,Brand New,Colombo,159500.0
Monitor,Other,24.0,60.0,1080p FHD,Standard,0,0,0,Used,Jaffna,10000.0
"MONITOR 24"" IPS (1980 x 1080P) FRAMELESS|HDMI|FHD - LENOVO",Lenovo,24.0,60.0,1080p FHD,IPS,0,0,1,Used,Gampaha,21150.0
Kurooi 200hz Monitor,Other,24.0,200.0,1080p FHD,Standard,0,1,0,Used,Kalutara,31000.0
Brand New Acer Vero Series CB272 P6BMIPRX 144HZ Full HD Monitor,Acer,24.0,144.0,1080p FHD,Standard,0,1,0,Brand New,Colombo,44990.0
DELL 24’’ Wide Ips Monitor,Dell,24.0,60.0,1080p FHD,IPS,0,0,0,Used,Colombo,13900.0
24’’ Wide Led Hdmi Monitor,Other,24.0,60.0,HD,Standard,0,0,0,Used,Colombo,13900.0
24’’ Wide LED Monitor,Other,24.0,60.0,1080p FHD,Standard,0,0,0,Used,Colombo,12900.0
"DELL P2317H 23"" IPS LED MONITOR",Dell,23.0,60.0,1080p FHD,IPS,0,0,0,Used,Colombo,15500.0
"DELL P2317H 23"" IPS LED MONITOR",Dell,23.0,60.0,1080p FHD,IPS,0,0,0,Used,Colombo,15500.0
22’’ Wide LED HDMI Monitor,Other,22.0,60.0,HD,Standard,0,0,0,Used,Colombo,11900.0
"MSI 24"" Optix G2422 170Hz IPS Gaming Monitor",MSI,24.0,170.0,1080p FHD,IPS,0,1,0,Brand New,Colombo,72000.0
"MSI 24"" Optix G2422 170Hz IPS Gaming Monitor",MSI,24.0,170.0,1080p FHD,IPS,0,1,0,Brand New,Colombo,72000.0
"Samsung S24D300GAE 24"" IPS Flat FHD 100Hz Monitor",Samsung,24.0,100.0,1080p FHD,IPS,0,1,0,Brand New,Colombo,34000.0
"SAMSUNG S24D300GAE 24"" IPS Flat FHD 100Hz Monitor",Samsung,24.0,100.0,1080p FHD,IPS,0,1,0,Brand New,Colombo,34000.0
20’’ WIDE IPS MONITOR,Other,20.0,60.0,HD,IPS,0,0,0,Used,Colombo,10900.0
ACER 24.5 100Hz IPS Monitor,Acer,24.0,100.0,1080p FHD,IPS,0,1,0,Brand New,Colombo,33500.0
ACER EK251Q 24.5 100Hz IPS Monitor,Acer,24.0,100.0,1080p FHD,IPS,0,1,0,Brand New,Colombo,33500.0
20’’ Wide LCD Monitor,Other,20.0,60.0,HD,Standard,0,0,0,Used,Colombo,8900.0
"Falcon HS17 Square LED Monitor Brand New 17""",Other,17.0,60.0,HD,Standard,0,0,0,Brand New,Colombo,11500.0
19’’ Wide LCD Monitor,Other,19.0,60.0,HD,Standard,0,0,0,Used,Colombo,7900.0
17’’ Square Monitor,Other,17.0,60.0,HD,Standard,0,0,0,Brand New,Colombo,5900.0
"FALCON HS185 WIDE LED HD MONITOR BRAND NEW 18.5""",Other,18.5,60.0,HD,Standard,0,0,0,Brand New,Colombo,19500.0
19’’ Falcon Wide LED New Monitor,Other,19.0,60.0,HD,Standard,0,0,0,Brand New,Colombo,16900.0
17’’ Falcon LED New Monitor,Other,17.0,60.0,HD,Standard,0,0,0,Brand New,Colombo,10500.0
"MSI Pro MP225 E12VL 21.5"" 120Hz Monitor",MSI,21.5,120.0,1080p FHD,Standard,0,1,0,Brand New,Colombo,28000.0
"Lenovo ThinkVision P24Q-30 24"" 2K IPS HDMI Monitor (With Box)",Lenovo,24.0,60.0,2K QHD,IPS,0,0,0,Used,Colombo,39500.0
"SAMSUNG 27"" S27C450B LED Monitor",Samsung,27.0,60.0,1080p FHD,Standard,0,0,0,Used,Colombo,19900.0
"MSI Pro MP225 E12VL 21.5"" 120Hz Monitor",MSI,21.5,120.0,1080p FHD,Standard,0,1,0,Brand New,Colombo,28000.0
"Lenovo ThinkVision P24Q-30 24"" 2K IPS HDMI Monitor (With Box)",Lenovo,24.0,60.0,2K QHD,IPS,0,0,0,Used,Colombo,39500.0
"SAMSUNG 27"" S27C450B LED Monitor",Samsung,27.0,60.0,1080p FHD,Standard,0,0,0,Used,Colombo,19900.0
HP EliteDisplay E24 G4 24 Inch Frameless IPS LED Monitor,HP,24.0,60.0,1080p FHD,IPS,0,0,1,Used,Colombo,26500.0
HP EliteDisplay E24 G4 24 Inch Frameless IPS LED Monitor,HP,24.0,60.0,1080p FHD,IPS,0,0,1,Used,Colombo,26500.0
23 INCH HP ELITE E230T IPS TOUCH SCREEN USED MONITOR,HP,23.0,60.0,1080p FHD,IPS,0,0,0,Used,Colombo,38500.0
27 INCH DELL P2714HC IPS LED USED MONITOR,Dell,27.0,60.0,1080p FHD,IPS,0,0,0,Used,Colombo,28000.0
24 INCH DELL P2422HE IPS FRAMELESS USED TYPE-C FHD MONITOR,Dell,24.0,60.0,1080p FHD,IPS,0,0,1,Used,Colombo,26500.0
22 INCH USED LED WIDE MONITOR,Other,22.0,60.0,1080p FHD,Standard,0,0,0,Used,Colombo,12000.0
USED 19 INCH SQUARE LED MONITOR,Other,19.0,60.0,HD,Standard,0,0,0,Used,Colombo,7900.0
22 INCH USED LED WIDE MONITOR,Other,22.0,60.0,1080p FHD,Standard,0,0,0,Used,Colombo,12000.0
USED 19 INCH SQUARE LED MONITOR,Other,19.0,60.0,HD,Standard,0,0,0,Used,Colombo,7900.0
24 INCH DELL P2414HB FULL HD IPS USED SILVER LINE MONITOR,Dell,24.0,60.0,1080p FHD,IPS,0,0,0,Used,Colombo,13500.0
22 INCH DELL P2214HB FULL HD IPS LED SILVER LINE MONITOR,Dell,22.0,60.0,1080p FHD,IPS,0,0,0,Used,Colombo,12500.0
"Dell UltraSharp U2417H IPS Full HD Frameless Monitor 24""",Dell,24.0,60.0,1080p FHD,IPS,0,0,1,Used,Colombo,22000.0
"Emark 24"" EW2427SH 144Hz IPS Full HD Frameless Gaming Monitor",Other,24.0,144.0,1080p FHD,IPS,0,1,1,Brand New,Colombo,29990.0
"HP EliteDisplay E240c Full HD IPS USED MONITOR 24""",HP,24.0,60.0,1080p FHD,IPS,0,0,0,Used,Colombo,17500.0
"27"" LED/IPS/HDMI Monitor",Other,27.0,60.0,HD,IPS,0,0,0,Used,Colombo,27500.0
"HP EliteDisplay E222 USED IPS MONITOR FULL HD 22""",HP,22.0,60.0,1080p FHD,IPS,0,0,0,Used,Colombo,14500.0
"HP EliteDisplay E202 USED HD+ IPS MONITOR 20""",HP,20.0,60.0,HD,IPS,0,0,0,Used,Colombo,13500.0
MSI Pro MP341CQ E12 34' Inch UWQHD (3440 X 1440) 120Hz Monitor,MSI,34.0,120.0,2K QHD,Standard,0,1,0,Brand New,Colombo,114500.0
MSI Pro MP341CQ E12 34' Inch UWQHD (3440 X 1440) 120Hz Monitor,MSI,34.0,120.0,2K QHD,Standard,0,1,0,Brand New,Colombo,114500.0
MSI PRO MP275Q E14 27” 144HZ WQHD 2K IPS MONITOR,MSI,27.0,144.0,2K QHD,IPS,0,1,0,Brand New,Colombo,70500.0
MSI PRO MP275Q E14 27” 144HZ WQHD 2K IPS MONITOR,MSI,27.0,144.0,2K QHD,IPS,0,1,0,Brand New,Colombo,70500.0
"23"" IPS MONITOR FRAMELESS (1980 x 1080P) HDMI|FULL HD",Other,23.0,60.0,1080p FHD,IPS,0,0,1,Used,Gampaha,19450.0
"24"" LED|Wide Monitor with Speaker Soundbar",Other,24.0,60.0,1080p FHD,Standard,0,0,0,Used,Gampaha,13950.0
MSI Pro MP273 E14A 27 Inch 144Hz 1ms FHD IPS Productivity Monitor,MSI,27.0,144.0,1080p FHD,IPS,0,1,0,Brand New,Colombo,47500.0
MSI Pro MP273 E14A 27 Inch 144Hz 1ms FHD IPS Productivity Monitor,MSI,27.0,144.0,1080p FHD,IPS,0,1,0,Brand New,Colombo,47500.0
"MSI Pro MP245PG E14 23.8"" Inch 144Hz FHD Ultra Slim Frameless Monitor",MSI,23.8,144.0,1080p FHD,Standard,0,1,1,Brand New,Colombo,53000.0
"MONITOR 27"" IPS ULTRA SLIM (1980 x 1080P) FHD|HDMI|FRAMELESS",Other,27.0,60.0,1080p FHD,IPS,0,0,1,Used,Gampaha,33850.0
"MSI Pro MP245PG E14 23.8"" Inch 144Hz FHD Ultra Slim Frameless Monitor",MSI,23.8,144.0,1080p FHD,Standard,0,1,1,Brand New,Colombo,53000.0
Asus TUF Gaming 34” VG34VQL3A 1440P 1500R 180Hz Curved Monitor,Asus,34.0,180.0,2K QHD,Standard,1,1,0,Brand New,Colombo,159500.0
"Emark 24"" EW2427SH 144Hz IPS Full HD Frameless Gaming Monitor",Other,24.0,144.0,1080p FHD,IPS,0,1,1,Brand New,Colombo,29990.0
Viewsonic VA270A-H 27INCH 120Hz FHD IPS Brand New Monitor,Viewsonic,27.0,120.0,1080p FHD,IPS,0,1,0,Brand New,Colombo,41500.0
"ViewSonic VA2432A-H 24"" Inch Full HD IPS 120Hz Frameless Monitor New",Viewsonic,24.0,120.0,1080p FHD,IPS,0,1,1,Brand New,Colombo,32000.0
"Acer EK271 27"" Inch 144Hz IPS HDMI Frameless Gaming Monitor",Acer,27.0,144.0,1080p FHD,IPS,0,1,1,Brand New,Colombo,36000.0
"Acer EK251 P6BI 25"" Inch 144Hz IPS HDMI Frameless Gaming & Monitor",Acer,25.0,144.0,1080p FHD,IPS,0,1,1,Brand New,Colombo,31500.0
MSI Pro MP273 E14A 27 Inch 144Hz 1ms FHD IPS Productivity Monitor,MSI,27.0,144.0,1080p FHD,IPS,0,1,0,Brand New,Colombo,49990.0
"MSI Pro MP243L E14 24.5"" Inch 144Hz 1ms FHD IPS Productivity Monitor",MSI,24.5,144.0,1080p FHD,IPS,0,1,0,Brand New,Colombo,33500.0
"MSI PRO MP225 E12VL 21.5"" Inch 120Hz 1ms FHD Slim Frameless Monitor",MSI,21.5,120.0,1080p FHD,Standard,0,1,1,Brand New,Colombo,26500.0
"HP EliteDisplay E202 USED HD+ IPS MONITOR 20""",HP,20.0,60.0,HD,IPS,0,0,0,Used,Colombo,13500.0
"HP EliteDisplay E222 USED FULL HD IPS MONITOR 22""",HP,22.0,60.0,1080p FHD,IPS,0,0,0,Used,Colombo,14500.0
Dell monitor p2319h,Dell,24.0,60.0,1080p FHD,Standard,0,0,0,Used,Kalutara,15000.0
Monitor,Other,24.0,60.0,1080p FHD,Standard,0,0,0,Used,Colombo,5000.0
"24 "" Dell Led Monitor",Dell,24.0,60.0,1080p FHD,Standard,0,0,0,Used,Colombo,11980.0
Dell 27’’ Monitor,Dell,27.0,60.0,1080p FHD,Standard,0,0,0,Used,Other,18000.0
View Sonic 24 Inch Led Monitor,Other,24.0,60.0,1080p FHD,Standard,0,0,0,Used,Gampaha,11000.0
TG 19 Inches Monitor,Other,19.0,60.0,HD,Standard,0,0,0,Used,Matara,5500.0
Monitor LCD LED IPS Frameless,Other,24.0,60.0,1080p FHD,IPS,0,0,1,Used,Gampaha,6500.0
"Dell 20"" Wide Led Monitor – Used",Dell,20.0,60.0,HD,Standard,0,0,0,Used,Gampaha,8500.0
"Dell 22"" Wide Fhd Ips Frameless Monitor – USED",Dell,22.0,60.0,1080p FHD,IPS,0,0,1,Used,Gampaha,18500.0
"Dell 19"" Wide Led Monitor – Used",Dell,19.0,60.0,HD,Standard,0,0,0,Used,Gampaha,8500.0
"19"" Square Lcd Monitor – Used",Other,19.0,60.0,HD,Standard,0,0,0,Used,Gampaha,7500.0
"27"" LED / HDMI Monitor",Other,27.0,60.0,HD,Standard,0,0,0,Used,Colombo,26500.0
"ViewSonic VA2432A-H 24"" Inch Full HD IPS 120HZ Frameless Monitor New",Viewsonic,24.0,120.0,1080p FHD,IPS,0,1,1,Brand New,Colombo,35500.0
Brand New Acer Vero Series CB272 P6BMIPRX 144HZ Full HD Monitor,Acer,24.0,144.0,1080p FHD,Standard,0,1,0,Brand New,Colombo,44990.0
"Dell UltraSharp U2417H IPS Full HD Frameless USED Monitor 24""",Dell,24.0,60.0,1080p FHD,IPS,0,0,1,Used,Colombo,22000.0
"MONITOR 23"" IPS FRAMELESS (1980 x 1080P) HDMI|FULL HD",Other,23.0,60.0,1080p FHD,IPS,0,0,1,Used,Colombo,19450.0
"HP EliteDisplay E240c Full HD IPS USED MONITOR 24""",HP,24.0,60.0,1080p FHD,IPS,0,0,0,Used,Colombo,17500.0
"HP EliteDisplay E222 USED FULL HD IPS MONITOR 22""",HP,22.0,60.0,1080p FHD,IPS,0,0,0,Used,Colombo,14500.0
"27"" MONITOR ULTRA SLIM IPS (1980 x 1080P) FHD|HDMI|FRAMELESS",Other,27.0,60.0,1080p FHD,IPS,0,0,1,Used,Gampaha,33850.0
"Acer 27"" Full HD Nitro Gaming Monitor - KG273 W3 240Hz Brand New",Acer,27.0,240.0,1080p FHD,Standard,0,1,0,Brand New,Colombo,49500.0
"HP EliteDisplay E202 USED HD+ IPS MONITOR 20""",HP,20.0,60.0,HD,IPS,0,0,0,Used,Colombo,13500.0
"Dell UltraSharp U2417H IPS Full HD Frameless USED Monitor 24""",Dell,24.0,60.0,1080p FHD,IPS,0,0,1,Used,Colombo,22000.0
"Asus VY279HGR 27"" Inch Full HD IPS Level 120Hz Adaptive Sync Monitor",Asus,27.0,120.0,1080p FHD,IPS,0,1,0,Brand New,Colombo,46000.0
"FALCON HS185 WIDE LED HD MONITOR BRAND NEW 18.5""",Other,18.5,60.0,HD,Standard,0,0,0,Brand New,Colombo,19500.0
"Falcon HS17 Square LED Monitor Brand New 17""",Other,17.0,60.0,HD,Standard,0,0,0,Brand New,Colombo,11500.0
"FALCON HS185 WIDE LED HD MONITOR BRAND NEW 18.5""",Other,18.5,60.0,HD,Standard,0,0,0,Brand New,Colombo,19500.0
24 INCH DELL ULTRASHAP U2422HE FULL HD IPS FRAMELESS 75Hz USED MONITOR,Dell,24.0,75.0,1080p FHD,IPS,0,0,1,Used,Colombo,26500.0
24 INCH DELL ULTRASHARP U2419H FULL HD IPS FRAMELESS USED MONITOR,Dell,24.0,60.0,1080p FHD,IPS,0,0,1,Used,Colombo,22500.0
"Falcon HS17 Square LED Monitor Brand New 17""",Other,17.0,60.0,HD,Standard,0,0,0,Brand New,Colombo,11500.0
27 INCH ATEC FULL HD LED USED MONITOR ( without cables ),Other,27.0,60.0,1080p FHD,Standard,0,0,0,Used,Colombo,21500.0
23 INCH DELL P2314HT FULL HD IPS WIDE SCREEN USED MONITOR,Dell,23.0,60.0,1080p FHD,IPS,0,0,0,Used,Colombo,12900.0
Dell P2417H 24 inch Monitor,Dell,24.0,60.0,1080p FHD,Standard,0,0,0,Used,Colombo,21500.0
"Acer EK271 27"" Inch 144Hz IPS HDMI Frameless Gaming Monitor",Acer,27.0,144.0,1080p FHD,IPS,0,1,1,Brand New,Colombo,36000.0
"Acer EK251 P6BI 25"" Inch 144Hz IPS HDMI Frameless Gaming & Monitor",Acer,25.0,144.0,1080p FHD,IPS,0,1,1,Brand New,Colombo,31500.0
"MSI Pro MP243L E14 24.5"" Inch 144Hz 1ms FHD IPS Productivity Monitor",MSI,24.5,144.0,1080p FHD,IPS,0,1,0,Brand New,Colombo,33500.0
Brandnew Acer 27- Inch Monitors (144Hz),Acer,27.0,144.0,1080p FHD,Standard,0,1,0,Brand New,Colombo,37500.0
Samsung 22 Inch LED Wide Monitors Used,Samsung,22.0,60.0,1080p FHD,Standard,0,0,0,Used,Gampaha,12500.0
Samsung 19 Inch Square LED Monitors Used VGA DVI,Samsung,19.0,60.0,HD,Standard,0,0,0,Used,Gampaha,8900.0
MSI Pro MP273 E14A 27 Inch 144Hz 1ms FHD IPS Productivity Monitor,MSI,27.0,144.0,1080p FHD,IPS,0,1,0,Brand New,Colombo,49990.0
"MSI PRO MP225 E12VL 21.5"" Inch 120Hz 1ms FHD Slim Frameless Monitor",MSI,21.5,120.0,1080p FHD,Standard,0,1,1,Brand New,Colombo,26500.0
Philips 27 Inch LED Wide Monitor Used,Philips,27.0,60.0,1080p FHD,IPS,0,0,0,Used,Gampaha,18500.0
Brand New Acer Vero Series CB272 P6BMIPRX 144HZ Full HD Monitor,Acer,24.0,144.0,1080p FHD,Standard,0,1,0,Brand New,Colombo,44990.0
"24"" WIDE|LED Monitor with Speaker Soundbar",Other,24.0,60.0,1080p FHD,Standard,0,0,0,Used,Gampaha,13950.0
MSI Pro MP245PG E14 23.8″ INCH 144HZ 1MS FHD FRAMELESS MONITOR NEW,MSI,23.0,144.0,1080p FHD,Standard,0,1,1,Brand New,Colombo,47500.0
HP/DELL 23 Inch LED Monitor Used 60HZ,Dell,23.0,60.0,1080p FHD,Standard,0,0,0,Used,Gampaha,14800.0
20 Inch Led Wide Monitors Used,Other,20.0,60.0,HD,Standard,0,0,0,Used,Gampaha,10500.0
24inch Frameless Ips Monitor,Other,24.0,60.0,1080p FHD,IPS,0,0,1,Used,Colombo,15000.0
"Dell UltraSharp U2417H IPS Ful HD Frameless Monitor 24""",Dell,24.0,60.0,1080p FHD,IPS,0,0,1,Used,Colombo,22000.0
"Samsung F24T450FQE 24"" Inch Full HD IPS Frameless HDMI Used Monitor",Samsung,24.0,60.0,1080p FHD,IPS,0,0,1,Used,Colombo,20990.0
"Emark 24"" EW2427SH 144Hz IPS Full HD Frameless Gaming Monitor",Other,24.0,144.0,1080p FHD,IPS,0,1,1,Brand New,Colombo,29990.0
"HP EliteDisplay E240c Full HD IPS USED MONITOR 24""",HP,24.0,60.0,1080p FHD,IPS,0,0,0,Used,Colombo,17500.0
KOORUI G2711P FHD IPS 27INCH 200HZ BRAND NEW GAMING MONITOR,Other,27.0,200.0,1080p FHD,IPS,0,1,0,Brand New,Colombo,51500.0
"HP EliteDisplay E202 USED HD+ IPS MONITOR 20""",HP,20.0,60.0,HD,IPS,0,0,0,Used,Colombo,13500.0
"KOORUI 27"" E2721H QHD IPS 120HZ 2K BRAND NEW GAMING MONITOR",Other,27.0,120.0,2K QHD,IPS,0,1,0,Brand New,Colombo,52500.0
"HP EliteDisplay E222 USED IPS MONITOR FULL HD 22""",HP,22.0,60.0,1080p FHD,IPS,0,0,0,Used,Colombo,14500.0
Koorui E2411K 24 INCH 144HZ IPS FHD Brand New Monitor,Other,24.0,144.0,1080p FHD,IPS,0,1,0,Brand New,Colombo,33000.0
"Koorui 22"" E2212H 100HZ 21.5 Inches FHD Brand New Monitor",Other,22.0,100.0,1080p FHD,Standard,0,1,0,Brand New,Colombo,25500.0
"MSI Pro MP243L E14 24.5"" Inch 144Hz 1ms FHD IPS Monitor",MSI,24.5,144.0,1080p FHD,IPS,0,1,0,Brand New,Colombo,33500.0
"Samsung 24"" Inch Full HD IPS Frameless HDMI Gaming Used Monitor",Samsung,24.0,60.0,1080p FHD,IPS,0,1,1,Used,Colombo,22000.0
Asus TUF Gaming VG279QE5A 27″ FHD IPS 146HZ Monitor,Asus,27.0,146.0,1080p FHD,IPS,0,1,0,Brand New,Colombo,46500.0
AOC 18” Monitor,AOC,18.0,60.0,HD,Standard,0,0,0,Used,Colombo,6000.0
Asus Tuf Gaming 34” VG34 VQL3 A 1440 P 1500 R 180 Hz Curved Monitor,Asus,34.0,180.0,1080p FHD,Standard,1,1,0,Brand New,Colombo,159500.0
Asus TUF Gaming 34” VG34 VQL3 A 1440 P 1500 R 180 HZ Curved Monitor,Asus,34.0,180.0,1080p FHD,Standard,1,1,0,Brand New,Colombo,159500.0
BenQ ZOWIE XL2546 240HZ DYAC 24.5 inch E-Sports Monitor,Benq,24.5,240.0,1080p FHD,Standard,0,1,0,Used,Colombo,90000.0
Dell P2312 Ht Size 23 Inch,Dell,23.0,60.0,1080p FHD,Standard,0,0,0,Used,Other,15500.0
Monitor Dell P2312Ht size 23 inch,Dell,23.0,60.0,1080p FHD,Standard,0,0,0,Used,Other,15500.0
Msi Optix G24 Curved Monitor,MSI,24.0,60.0,1080p FHD,Standard,1,0,0,Used,Kurunegala,18500.0
Used MSI pro MP2412 Monitor,MSI,24.0,60.0,1080p FHD,Standard,0,0,0,Used,Colombo,19500.0
23 INCH IPS LED Frameless Monitor VGA/DVI,Other,23.0,60.0,1080p FHD,IPS,0,0,1,Used,Colombo,10000.0
Moniters,Other,24.0,60.0,1080p FHD,Standard,0,0,0,Used,Colombo,10000.0
"24"" Monitor with Speaker Soundbar (WIDE|LED)",Other,24.0,60.0,1080p FHD,Standard,0,0,0,Used,Gampaha,13950.0
"LG 27MR400-B 27"" IPS 100Hz Full HD Monitor",LG,27.0,100.0,1080p FHD,IPS,0,1,0,Used,Kalutara,45000.0
LENOVO 24″ IPS FHD FRAMELESS MONITOR,Lenovo,24.0,60.0,1080p FHD,IPS,0,0,1,Used,Other,20900.0
"27"" MONITOR FRAMELESS IPS (1980 x 1080P) FHD|HDMI",Other,27.0,60.0,1080p FHD,IPS,0,0,1,Used,Gampaha,33850.0
HP Elite E230T 23″Inch IPS Frameless Touch Screen,HP,23.0,60.0,1080p FHD,IPS,0,0,1,Used,Colombo,38500.0
Dell P2722H 27 inch’ IPS Full HD Frameless,Dell,27.0,60.0,1080p FHD,IPS,0,0,1,Used,Colombo,34000.0
"HP Elide Display E221C 22""inch Full HD Screen Webcam",HP,22.0,60.0,1080p FHD,Standard,0,0,0,Used,Colombo,11900.0
SMART SAFE LOCKER | Digital Security Box Electronic,Other,24.0,60.0,1080p FHD,Standard,0,0,0,Brand New,Colombo,43500.0
Monitor Arm ( 17/30''),Other,30.0,60.0,1080p FHD,Standard,0,0,0,Brand New,Kandy,8500.0
"Monitor 24"" WIDE|LED with Speaker Soundbar",Other,24.0,60.0,1080p FHD,Standard,0,0,0,Used,Gampaha,13950.0
"24"" IPS MONITOR (1980 x 1080P) FRAMELESS|HDMI|FHD - LENOVO",Lenovo,24.0,60.0,1080p FHD,IPS,0,0,1,Used,Gampaha,21150.0
"23"" IPS MONITOR FRAMELESS (1980 x 1080P) HDMI|FHD",Other,23.0,60.0,1080p FHD,IPS,0,0,1,Used,Gampaha,19450.0
"IPS 24"" LG Monitor",LG,24.0,60.0,1080p FHD,IPS,0,0,0,Used,Anuradhapura,10000.0
"Samsung F24T450FQE 24"" Inch Full HD IPS Frameless HDMI Used Monitor",Samsung,24.0,60.0,1080p FHD,IPS,0,0,1,Used,Colombo,21000.0
"Acer EK251 P6BI 25"" Inch 144Hz IPS HDMI Frameless Gaming & Monitor",Acer,25.0,144.0,1080p FHD,IPS,0,1,1,Brand New,Colombo,31500.0
"Dell UltraSharp U2417H IPS Full HD Frameless USED Monitor 24""",Dell,24.0,60.0,1080p FHD,IPS,0,0,1,Used,Colombo,22000.0
"Acer Vero Series CB272 P6bmiprx 27"" Inch144Hz Full HD IPS Monitor NEW",Acer,27.0,144.0,1080p FHD,IPS,0,1,0,Brand New,Colombo,45000.0
"MSI PRO MP243L E14 24.5"" Inch 144Hz 1ms FHD IPS Productivity Monitor",MSI,24.5,144.0,1080p FHD,IPS,0,1,0,Brand New,Colombo,33500.0
"Asus VY279HGR 27"" Inch Full HD IPS Level 120Hz Adaptive Sync Monitor",Asus,27.0,120.0,1080p FHD,IPS,0,1,0,Brand New,Colombo,46000.0
Dell UltraSharp 24.9 inch IPS frameless Type C monitor,Dell,24.9,60.0,1080p FHD,IPS,0,0,1,Brand New,Colombo,26500.0
"Acer EK271 27"" Inch 144Hz IPS HDMI Frameless Gaming Monitor",Acer,27.0,144.0,1080p FHD,IPS,0,1,1,Brand New,Colombo,37000.0
ViewSonic - VA1903h 19'' LED Backlit Display,Viewsonic,19.0,60.0,HD,Standard,0,0,0,Used,Colombo,20000.0
Brand New Acer Vero Series CB272 P6BMIPRX 144HZ Full HD Monitor,Acer,24.0,144.0,1080p FHD,Standard,0,1,0,Brand New,Colombo,44990.0
"Emark 24"" EW2427SH 144Hz IPS Full HD Frameless Gaming Monitor",Other,24.0,144.0,1080p FHD,IPS,0,1,1,Brand New,Colombo,29990.0
"HP EliteDisplay E222 USED FULL HD IPS MONITOR 22""",HP,22.0,60.0,1080p FHD,IPS,0,0,0,Used,Colombo,14500.0
BENQ LED Monitor,Benq,24.0,60.0,1080p FHD,Standard,0,0,0,Used,Colombo,10000.0
Asus VY249 Monitor,Asus,24.0,60.0,1080p FHD,Standard,0,0,0,Brand New,Jaffna,33500.0
Koorui G2411P 200hz IPS monitor,Other,24.0,200.0,1080p FHD,IPS,0,1,0,Used,Kalutara,30000.0
Dell UltraSharp U2718Q 27” IPS 4K UHD Monitor,Dell,27.0,60.0,4K UHD,IPS,0,0,0,Used,Gampaha,42500.0
24 Inch Full Hd 60hz Monitor,Other,24.0,60.0,1080p FHD,Standard,0,0,0,Used,Colombo,11500.0
24 Inch LG Monitor,LG,24.0,60.0,1080p FHD,Standard,0,0,0,Used,Galle,11500.0
"MONITOR 24"" IPS (1980 x 1080P) FRAMELESS|HDMI|FHD - LENOVO",Lenovo,24.0,60.0,1080p FHD,IPS,0,0,1,Used,Gampaha,21150.0
"Dell UltraSharp U2417H IPS Full HD Frameless USED Monitor 24""",Dell,24.0,60.0,1080p FHD,IPS,0,0,1,Used,Colombo,22000.0
"MONITOR 23"" IPS FRAMELESS (1980 x 1080P) HDMI|FHD",Other,23.0,60.0,1080p FHD,IPS,0,0,1,Used,Gampaha,19450.0
"24"" Monitor WIDE|LED with Speaker Soundbar - Dell",Dell,24.0,60.0,1080p FHD,Standard,0,0,0,Used,Gampaha,13950.0
"MONITOR 27"" FRAMELESS IPS (1980 x 1080P) HDMI|FHD",Other,27.0,60.0,1080p FHD,IPS,0,0,1,Used,Gampaha,33850.0
"Dell UltraSharp U2417H IPS Ful HD Frameless Monitor 24""",Dell,24.0,60.0,1080p FHD,IPS,0,0,1,Used,Colombo,22000.0
"Dell UltraSharp U2417H IPS Full HD Frameless USED Monitor 24""",Dell,24.0,60.0,1080p FHD,IPS,0,0,1,Used,Colombo,22000.0
"MSI PRO MP273 E14A 27"" 144HZ IPS Frameless Monitor",MSI,27.0,144.0,1080p FHD,IPS,0,1,1,Brand New,Colombo,47000.0
"MSI PRO MP273 E14A 27"" 144HZ IPS Frameless Monitor",MSI,27.0,144.0,1080p FHD,IPS,0,1,1,Brand New,Colombo,47000.0
MSI PRO MP243L E14 23.8 INCH FHD 144Hz IPS BRAND NEW MONITOR,MSI,23.8,144.0,1080p FHD,IPS,0,1,0,Brand New,Colombo,33500.0
Dahua DHI-LM25-E231B 24.5” 180Hz FHD Gaming Monitor,Other,24.0,180.0,1080p FHD,Standard,0,1,0,Brand New,Colombo,41500.0
Falcon 19” Inch LED+HDMI Brand New Monitor,Other,19.0,60.0,HD,Standard,0,0,0,Brand New,Colombo,17000.0
Koorui E2712K 27 INCH Full HD 144Hz Gaming Monitor,Other,27.0,144.0,2K QHD,Standard,0,1,0,Brand New,Colombo,38500.0
"Asus VA249HG 24 Inch Ips, Frameless, 120Hz Brand New Monitor",Asus,24.0,120.0,1080p FHD,IPS,0,1,1,Brand New,Colombo,34500.0
"HP EliteDisplay E202 USED HD+ IPS MONITOR 20""",HP,20.0,60.0,HD,IPS,0,0,0,Used,Colombo,13500.0
"HP EliteDisplay E222 USED FULL HD IPS MONITOR 22""",HP,22.0,60.0,1080p FHD,IPS,0,0,0,Used,Colombo,14500.0
"Acer EK251 P6BI 25"" Inch 144Hz IPS HDMI Frameless Gaming Monitor",Acer,25.0,144.0,1080p FHD,IPS,0,1,1,Brand New,Colombo,31500.0
"Samsung F24T450FQE 24"" Inch Full HD IPS Frameless HDMI Used Monitor",Samsung,24.0,60.0,1080p FHD,IPS,0,0,1,Used,Colombo,20990.0
Asus TUF Gaming VG279QE5A 27″ FHD IPS 146HZ Monitor,Asus,27.0,146.0,1080p FHD,IPS,0,1,0,Brand New,Colombo,46500.0
"Acer 27"" Full HD Nitro Gaming Monitor - KG273 W3 240Hz Brand New",Acer,27.0,240.0,1080p FHD,Standard,0,1,0,Brand New,Colombo,49500.0
KOORUI G2711P FHD IPS 27INCH 200HZ BRAND NEW GAMING MONITOR,Other,27.0,200.0,1080p FHD,IPS,0,1,0,Brand New,Colombo,51500.0
Dell 24 Monitor – S2421HN,Dell,24.0,60.0,1080p FHD,Standard,0,0,0,Used,Colombo,12000.0
27 INCH ATEC FULL HD LED USED MONITOR,Other,27.0,60.0,1080p FHD,Standard,0,0,0,Used,Colombo,21500.0
24 INCH DELL P2414HB FULL HD IPS USED SILVER LINE MONITOR,Dell,24.0,60.0,1080p FHD,IPS,0,0,0,Used,Colombo,13500.0
used Lenovo monitor,Lenovo,24.0,60.0,1080p FHD,Standard,0,0,0,Used,Colombo,9000.0
"Asus VY279HGR 27"" Inch Full HD IPS Level 120Hz Adaptive Sync Monitor",Asus,27.0,120.0,1080p FHD,IPS,0,1,0,Brand New,Colombo,46000.0
POS - ZEBRA 9308 2D Desktop Barcode Scanner,Other,24.0,60.0,1080p FHD,Standard,0,0,0,Brand New,Colombo,37000.0
27 Inch Dell P2714HC IPS LED Used Monitor,Dell,27.0,60.0,1080p FHD,IPS,0,0,0,Used,Colombo,28000.0
24 INCH DELL ULTRASHAP FULL HD IPS FRAMELESS 120Hz USED MONITOR,Dell,24.0,120.0,1080p FHD,IPS,0,1,1,Used,Colombo,28500.0
24 inch Dell Ultrasharp U2419H Full Hd Ips Frameless Used Monitor,Dell,24.0,60.0,1080p FHD,IPS,0,0,1,Used,Colombo,22500.0
DELL U2419H 24 INCH IPS 99.9% SRGB FRAMELESS MONITOR,Dell,24.0,60.0,1080p FHD,IPS,0,0,1,Used,Colombo,19500.0
Dell UltraSharp 24.9 inch IPS frameless Type C Monitor,Dell,24.9,60.0,1080p FHD,IPS,0,0,1,Brand New,Colombo,26500.0
Brandnew Acer 27- Inch Monitors (144Hz),Acer,27.0,144.0,1080p FHD,Standard,0,1,0,Brand New,Colombo,37500.0
MSI Pro MP273 E14A 27 Inch 144Hz 1ms FHD IPS Productivity Monitor,MSI,27.0,144.0,1080p FHD,IPS,0,1,0,Brand New,Colombo,49990.0
Viewsonic VA270A-H 27INCH 120Hz FHD IPS Brand New Monitor,Viewsonic,27.0,120.0,1080p FHD,IPS,0,1,0,Brand New,Colombo,41500.0
"ViewSonic VA2432A-H 24"" Inch Full HD IPS 120Hz Frameless Monitor New",Viewsonic,24.0,120.0,1080p FHD,IPS,0,1,1,Brand New,Colombo,32000.0
"Emark 24"" EW2427SH 144Hz IPS Full HD Frameless Gaming Monitor",Other,24.0,144.0,1080p FHD,IPS,0,1,1,Brand New,Colombo,29990.0
Brand New Acer Vero Series CB272 P6BMIPRX 144HZ Full HD Monitor,Acer,24.0,144.0,1080p FHD,Standard,0,1,0,Brand New,Colombo,44990.0
"Emark 24"" EW2427SH 144Hz IPS Full HD Frameless Gaming Monitor",Other,24.0,144.0,1080p FHD,IPS,0,1,1,Brand New,Colombo,29990.0
"MSI PRO MP225 E12VL 21.5"" Inch 120Hz 1ms FHD Slim Frameless Monitor",MSI,21.5,120.0,1080p FHD,Standard,0,1,1,Brand New,Colombo,26500.0
"MSI Pro MP243L E14 24.5"" Inch 144Hz 1ms FHD IPS Productivity Monitor",MSI,24.5,144.0,1080p FHD,IPS,0,1,0,Brand New,Colombo,33500.0
"Acer EK271 27"" Inch 144Hz IPS HDMI Frameless Gaming Monitor",Acer,27.0,144.0,1080p FHD,IPS,0,1,1,Brand New,Colombo,36000.0
"Acer EK251 P6BI 25"" Inch 144Hz IPS HDMI Frameless Gaming & Monitor",Acer,25.0,144.0,1080p FHD,IPS,0,1,1,Brand New,Colombo,31500.0
"Acer Vero Series CB272 P6bmiprx 27"" Inch144Hz Full HD IPS Monitor NEW",Acer,27.0,144.0,1080p FHD,IPS,0,1,0,Brand New,Colombo,44990.0
"HP V194 18.5"" LED Monitor",HP,18.5,60.0,HD,Standard,0,0,0,Used,Colombo,12500.0
"Samsung F24T450FQE 24"" Inch Full HD IPS Frameless HDMI Used Monitor",Samsung,24.0,60.0,1080p FHD,IPS,0,0,1,Used,Colombo,20990.0
32 INCH SAMSUNG IPS HDMI 2K USED MONITOR,Samsung,32.0,60.0,2K QHD,IPS,0,0,0,Used,Colombo,39000.0
27 Inch Atec Full HD LED Used Monitor,Other,27.0,60.0,1080p FHD,Standard,0,0,0,Used,Colombo,21500.0
24 INCH DELL P2422HE IPS FRAMELESS USED TYPE-C FHD MONITOR,Dell,24.0,60.0,1080p FHD,IPS,0,0,1,Used,Colombo,27500.0
27 INCH LENOVO THINKVISION IPS FHD HDMI USED MONITOR,Lenovo,27.0,60.0,1080p FHD,IPS,0,0,0,Used,Colombo,27500.0
"27"" LED Monitor",Other,27.0,60.0,1080p FHD,Standard,0,0,0,Used,Colombo,19900.0
"HP EliteDisplay E222 USED IPS MONITOR FULL HD 22""",HP,22.0,60.0,1080p FHD,IPS,0,0,0,Used,Colombo,14500.0
"HP EliteDisplay E240c Full HD IPS USED MONITOR 24""",HP,24.0,60.0,1080p FHD,IPS,0,0,0,Used,Colombo,17500.0
"HP EliteDisplay E240c Full HD IPS USED MONITOR 24""",HP,24.0,60.0,1080p FHD,IPS,0,0,0,Used,Colombo,17500.0
Monitors,Other,24.0,60.0,1080p FHD,Standard,0,0,0,Used,Colombo,12000.0
"HP EliteDisplay E222 USED FULL HD IPS MONITOR 22""",HP,22.0,60.0,1080p FHD,IPS,0,0,0,Used,Colombo,14500.0
"HP EliteDisplay E202 USED HD+ IPS MONITOR 20""",HP,20.0,60.0,HD,IPS,0,0,0,Used,Colombo,13500.0
"HP EliteDisplay E240c Full HD IPS USED MONITOR 24""",HP,24.0,60.0,1080p FHD,IPS,0,0,0,Used,Colombo,17500.0
19” FALCON BRANDNEW WIDE LED MONITOR,Other,19.0,60.0,HD,Standard,0,0,0,Brand New,Colombo,16500.0
"Acer EK251 P6BI 25"" Inch 144Hz IPS HDMI Frameless Gaming Monitor",Acer,25.0,144.0,1080p FHD,IPS,0,1,1,Brand New,Colombo,31500.0
"MSI Pro MP243L E14 24.5"" Inch 144Hz 1ms FHD IPS Productivity Monitor",MSI,24.5,144.0,1080p FHD,IPS,0,1,0,Brand New,Colombo,33500.0
"MSI PRO MP225 E12VL 21.5"" Inch 120Hz 1ms FHD Slim Frameless Monitor",MSI,21.5,120.0,1080p FHD,Standard,0,1,1,Brand New,Colombo,26500.0
"KOORUI E2712K – 27"" FHD 144Hz Gaming Monitor",Other,27.0,144.0,2K QHD,Standard,0,1,0,Brand New,Colombo,39500.0
Dell P2219H Monitor,Dell,24.0,60.0,1080p FHD,Standard,0,0,0,Used,Colombo,16800.0
17” SAMSUNG MONITOR,Samsung,17.0,60.0,HD,Standard,0,0,0,Used,Colombo,5900.0
24” SAMSUNG IPS FRAMELESS 75HZ MONITOR,Samsung,24.0,75.0,1080p FHD,IPS,0,0,1,Used,Colombo,19900.0
"24"" IPS MONITOR (1980 x 1080P) FRAMELESS|HDMI|FHD - LENOVO",Lenovo,24.0,60.0,1080p FHD,IPS,0,0,1,Used,Gampaha,21150.0
"27"" IPS MONITOR (1980 x 1080P) FRAMELESS|HDMI|FHD",Other,27.0,60.0,1080p FHD,IPS,0,0,1,Used,Gampaha,33850.0
"Monitor 24"" WIDE|LED with Soundbar Speaker - Dell",Dell,24.0,60.0,1080p FHD,Standard,0,0,0,Used,Colombo,13950.0
"HP EliteDisplay E222 USED FULL HD IPS MONITOR 22""",HP,22.0,60.0,1080p FHD,IPS,0,0,0,Used,Colombo,14500.0
"HP EliteDisplay E202 USED HD+ IPS MONITOR 20""",HP,20.0,60.0,HD,IPS,0,0,0,Used,Colombo,13500.0
Monitor,Other,24.0,60.0,1080p FHD,Standard,0,0,0,Used,Ratnapura,3000.0
Acer - EK251QP6 24.5INCH 144Hz IPS Brand New Montor,Acer,24.5,144.0,1080p FHD,IPS,0,1,0,Brand New,Colombo,34000.0
Samsung 22″IPS 100Hz LS22D300GAEXXS Brand New Monitor,Samsung,22.0,100.0,1080p FHD,IPS,0,1,0,Brand New,Colombo,26500.0
Samsung LS24F320GAEXXS 24″ IPS FHD 120Hz Essential New Monitor,Samsung,24.0,120.0,1080p FHD,IPS,0,1,0,Brand New,Colombo,35500.0
Lenovo Monitor,Lenovo,24.0,60.0,1080p FHD,Standard,0,0,0,Used,Kandy,20000.0
Asus Rog Strix XG259CMS 24.5” Gaming Monitor,Asus,24.0,60.0,1080p FHD,Standard,0,1,0,Brand New,Colombo,110000.0
"Koorui GN06 27″ FHD 1080P IPS Brand New Monitor,",Other,27.0,60.0,1080p FHD,IPS,0,0,0,Brand New,Colombo,53500.0
MSI Mag 325QF E18V 31.5” Inch -NEW Gaming Monitor,MSI,24.0,60.0,1080p FHD,Standard,0,1,0,Brand New,Colombo,94500.0
"DAHUA 22"" IPS MONITOR",Other,22.0,60.0,1080p FHD,IPS,0,0,0,Brand New,Colombo,26900.0
"E MARK 24"" IPS MONITOR",Other,24.0,60.0,1080p FHD,IPS,0,0,0,Brand New,Colombo,32500.0
MSI 32' inch 2K Curved Monitor,MSI,32.0,60.0,2K QHD,Standard,1,0,0,Used,Kalutara,60000.0
"22"" LED WIDE MONITOR",Other,22.0,60.0,1080p FHD,Standard,0,0,0,Used,Colombo,11500.0
"HP EliteDisplay E202 USED FULL HD IPS MONITOR 20""",HP,20.0,60.0,1080p FHD,IPS,0,0,0,Used,Colombo,13500.0
"HP EliteDisplay E222 USED FULL HD IPS MONITOR 22""",HP,22.0,60.0,1080p FHD,IPS,0,0,0,Used,Colombo,14500.0
22 INCH DELL P2214HB FULL HD IPS LED SILVER LINE MONITOR,Dell,22.0,60.0,1080p FHD,IPS,0,0,0,Used,Colombo,12500.0
27 INCH LENOVO THINKVISION IPS FHD HDMI USED MONITOR,Lenovo,27.0,60.0,1080p FHD,IPS,0,0,0,Used,Colombo,27500.0
24 INCH DELL ULTRASHAP U2422HE FULL HD IPS FRAMELESS 75Hz USED MONITOR,Dell,24.0,75.0,1080p FHD,IPS,0,0,1,Used,Colombo,26500.0
"24"" Monitor LED|WIDE with Soundbar Speaker - Dell",Dell,24.0,60.0,1080p FHD,Standard,0,0,0,Used,Gampaha,13950.0
24 INCH DELL ULTRASHARP U2419H FULL HD IPS FRAMELESS USED MONITOR,Dell,24.0,60.0,1080p FHD,IPS,0,0,1,Used,Colombo,22500.0
"MONITOR 24"" IPS FRAMELESS (1980 x 1080P) HDMI|FHD",Other,24.0,60.0,1080p FHD,IPS,0,0,1,Used,Gampaha,21150.0
24 INCH DELL P2414HB FULL HD IPS USED SILVER LINE MONITOR,Dell,24.0,60.0,1080p FHD,IPS,0,0,0,Used,Colombo,13500.0
"Dell P2419H Full HD IPS 24"" Monitor",Dell,24.0,60.0,1080p FHD,IPS,0,0,0,Used,Colombo,29900.0
"23"" IPS MONITOR FRAMELESS (1980 x 1080P) HDMI|FHD",Other,23.0,60.0,1080p FHD,IPS,0,0,1,Used,Gampaha,19450.0
Monitor,Other,24.0,60.0,1080p FHD,Standard,0,0,0,Brand New,Galle,22500.0
Acer EK251Q 24.5 inch IPS 120Hz Frameless Monitor With,Acer,24.5,120.0,1080p FHD,IPS,0,1,1,Used,Anuradhapura,20000.0
"Acer EK271 27"" Inch 144Hz IPS HDMI Frameless Gaming Monitor",Acer,27.0,144.0,1080p FHD,IPS,0,1,1,Brand New,Colombo,35990.0
"Acer EK251 P6BI 25"" Inch 144Hz IPS HDMI Frameless Gaming Monitor",Acer,25.0,144.0,1080p FHD,IPS,0,1,1,Brand New,Colombo,31500.0
"Dell 17"" LCD Monitor",Dell,17.0,60.0,HD,Standard,0,0,0,Used,Gampaha,6800.0
Acer 20” LED Hdmi Monitor,Acer,20.0,60.0,HD,Standard,0,0,0,Used,Colombo,9900.0
Dell Monitor,Dell,24.0,60.0,1080p FHD,Standard,0,0,0,Used,Ratnapura,11000.0
"32"" Curved Gaming Monitor 250Hz",Other,32.0,250.0,1080p FHD,Standard,1,1,0,Used,Anuradhapura,65000.0
Dell UltraSharp 24.9 inch IPS frameless Type C monitor,Dell,24.9,60.0,1080p FHD,IPS,0,0,1,Brand New,Colombo,26500.0
24 Inch MSI Pro Monitor | Brand New,MSI,24.0,60.0,1080p FHD,Standard,0,0,0,Brand New,Colombo,36500.0
"Acer Vero Series CB272 P6bmiprx 27"" Inch144Hz Full HD IPS Monitor NEW",Acer,27.0,144.0,1080p FHD,IPS,0,1,0,Brand New,Colombo,44990.0
"Acer EK251 P6BI 25"" Inch 144Hz IPS HDMI Frameless Gaming Monitor",Acer,25.0,144.0,1080p FHD,IPS,0,1,1,Brand New,Colombo,31500.0
"Samsung F24T450FQE 24"" Inch Full HD IPS Frameless HDMI Used Monitor",Samsung,24.0,60.0,1080p FHD,IPS,0,0,1,Used,Colombo,20990.0
"AOC 24"" Frameless Monitor",AOC,24.0,60.0,1080p FHD,Standard,0,0,1,Used,Colombo,19500.0
32 INCH SAMSUNG IPS HDMI 2K USED MONITOR,Samsung,32.0,60.0,2K QHD,IPS,0,0,0,Used,Colombo,39000.0
"AOC 24"" Frameless Monitor",AOC,24.0,60.0,1080p FHD,Standard,0,0,1,Used,Colombo,19500.0
27 INCH DELL P2714HC IPS LED USED MONITOR,Dell,27.0,60.0,1080p FHD,IPS,0,0,0,Used,Colombo,28000.0
24 INCH DELL P2422HE IPS FRAMELESS USED TYPE-C FHD MONITOR,Dell,24.0,60.0,1080p FHD,IPS,0,0,1,Used,Colombo,27500.0
27 INCH LENOVO THINKVISION IPS FHD HDMI USED MONITOR,Lenovo,27.0,60.0,1080p FHD,IPS,0,0,0,Used,Colombo,27500.0
DELL ULTRASHARP (U2424HE) 24 INCH IPS 120HZ USB-C FRAMELESS MONITOR,Dell,24.0,120.0,1080p FHD,IPS,0,1,1,Used,Colombo,28999.0
MSI MAG 325QF E18V 31.5'' inch WQHD (2560 x 1440) 180Hz 0.5ms Monitor,MSI,31.5,180.0,2K QHD,Standard,0,1,0,Brand New,Colombo,97000.0
MSI MAG 325QF E18V 31.5'' inch WQHD (2560 x 1440) 180Hz 0.5ms Monitor,MSI,31.5,180.0,2K QHD,Standard,0,1,0,Brand New,Colombo,97000.0
MSI MAG 276CF E20 27'' inch FHD 200Hz 0.5ms Curved Gaming Monitor,MSI,27.0,200.0,1080p FHD,Standard,1,1,0,Brand New,Colombo,62000.0
MSI MAG 276CF E20 27'' inch FHD 200Hz 0.5ms Curved Gaming Monitor,MSI,27.0,200.0,1080p FHD,Standard,1,1,0,Brand New,Colombo,62000.0
"MSI MAG 275QF E20 27"" Inch WQHD (2560 X 1440) IPS 200Hz 0.5Ms Monitor",MSI,27.0,200.0,2K QHD,IPS,0,1,0,Brand New,Colombo,81500.0
"MSI MAG 275QF E20 27"" Inch WQHD (2560 X 1440) IPS 200Hz 0.5Ms Monitor",MSI,27.0,200.0,2K QHD,IPS,0,1,0,Brand New,Colombo,81500.0
"MSI MAG 274QRFW X32 27"" Inch WQHD (2560 X 1440) 320HZ White Monitor",MSI,27.0,320.0,2K QHD,Standard,0,1,0,Brand New,Colombo,120000.0
"MSI MAG 274QRFW X32 27"" Inch WQHD (2560 X 1440) 320HZ White Monitor",MSI,27.0,320.0,2K QHD,Standard,0,1,0,Brand New,Colombo,120000.0
"MSI MAG 272F X24 27"" Inch FHD 240HZ 0.5MS Adaptive IPS Gaming Monitor",MSI,27.0,240.0,1080p FHD,IPS,0,1,0,Brand New,Colombo,62500.0
"MSI MAG 272F X24 27"" Inch FHD 240HZ 0.5MS Adaptive IPS Gaming Monitor",MSI,27.0,240.0,1080p FHD,IPS,0,1,0,Brand New,Colombo,62500.0
Brandnew Acer 27- Inch Monitors (144Hz),Acer,27.0,144.0,1080p FHD,Standard,0,1,0,Brand New,Colombo,37500.0
"Monitor 32"" 2K Curved (2560 × 1440P) 144HZ|GAMING|QHD",Other,32.0,144.0,2K QHD,Standard,1,1,0,Used,Gampaha,55250.0
"24"" IPS MONITOR (1980 x 1080P) FRAMELESS|HDMI|FHD",Other,24.0,60.0,1080p FHD,IPS,0,0,1,Used,Gampaha,21150.0
"MONITOR 23"" IPS FRAMELESS (1980 x 1080P) HDMI|FHD",Other,23.0,60.0,1080p FHD,IPS,0,0,1,Used,Colombo,19450.0
2 Monitors,Other,24.0,60.0,1080p FHD,Standard,0,0,0,Used,Gampaha,45000.0
"24"" LED|WIDE Monitor Mount with Speaker - Dell",Dell,24.0,60.0,1080p FHD,Standard,0,0,0,Used,Gampaha,13950.0
"MSI Pro MP243L E14 24.5"" Inch 144Hz 1ms FHD IPS Productivity Monitor",MSI,24.5,144.0,1080p FHD,IPS,0,1,0,Brand New,Colombo,33500.0
"MSI PRO MP225 E12VL 21.5"" Inch 120Hz 1ms FHD Slim Frameless Monitor",MSI,21.5,120.0,1080p FHD,Standard,0,1,1,Brand New,Colombo,26500.0
"Emark 24"" EW2427SH 144Hz IPS Full HD Frameless Gaming Monitor",Other,24.0,144.0,1080p FHD,IPS,0,1,1,Brand New,Colombo,29990.0
"ViewSonic VA2432A-H 24"" Inch Full HD IPS 120Hz Frameless Monitor New",Viewsonic,24.0,120.0,1080p FHD,IPS,0,1,1,Brand New,Colombo,35500.0
HP Monitor,HP,24.0,60.0,1080p FHD,Standard,0,0,0,Used,Matara,7500.0
MSI MAG 255XF 24.5' Inch FHD 300Hz Rapid IPS 0.5ms Gaming Monitor,MSI,24.5,300.0,1080p FHD,IPS,0,1,0,Brand New,Colombo,60500.0
MSI MAG 255XF 24.5' Inch FHD 300Hz Rapid IPS 0.5ms Gaming Monitor,MSI,24.5,300.0,1080p FHD,IPS,0,1,0,Brand New,Colombo,60500.0
MSI MAG 255F E20 24.5' Inch FHD 200Hz Rapid IPS 0.5ms Gaming Monitor,MSI,24.5,200.0,1080p FHD,IPS,0,1,0,Brand New,Colombo,55000.0
MSI MAG 255F E20 24.5' Inch FHD 200Hz Rapid IPS 0.5ms Gaming Monitor,MSI,24.5,200.0,1080p FHD,IPS,0,1,0,Brand New,Colombo,55000.0
22 inch FHD HDMI Monitor,Other,22.0,60.0,1080p FHD,Standard,0,0,0,Used,Kandy,8990.0
Evis Monitor,Other,24.0,60.0,1080p FHD,Standard,0,0,0,Used,Badulla,9000.0
Computer Monitor,Other,24.0,60.0,1080p FHD,Standard,0,0,0,Used,Matara,5000.0
"24"" Frameless Monitor",Other,24.0,60.0,1080p FHD,Standard,0,0,1,Used,Gampaha,23500.0
HP 27’ inch IPS Full HD Frameless,HP,27.0,60.0,1080p FHD,IPS,0,0,1,Used,Colombo,32000.0
"Curved Monitor 32"" 2K (2560 × 1440P) 144HZ |GAMING|QHD",Other,32.0,144.0,2K QHD,Standard,1,1,0,Used,Gampaha,55250.0
"MONITOR 24"" IPS (1980 x 1080P) FRAMELESS|HDMI|FHD",Other,24.0,60.0,1080p FHD,IPS,0,0,1,Used,Colombo,21150.0
18.5” Dell Monitor,Dell,18.0,60.0,HD,Standard,0,0,0,Used,Colombo,10000.0
"23"" IPS FRAMELESS MONITOR (1980 x 1080P) HDMI|FHD",Other,23.0,60.0,1080p FHD,IPS,0,0,1,Used,Gampaha,19450.0
"MONITOR 27"" IPS FRAMELESS (1980 x 1080P) HDMI|FHD",Other,27.0,60.0,1080p FHD,IPS,0,0,1,Used,Colombo,33850.0
BenQ GW2791 27 Inch Full HD IPS 100 Hz Eye Care Monitor,Benq,27.0,100.0,1080p FHD,IPS,0,1,0,Brand New,Colombo,42000.0
BenQ GW2790TC 27 Inch Full HD IPS 144Hz Eye Care Monitor,Benq,27.0,144.0,1080p FHD,IPS,0,1,0,Brand New,Colombo,66000.0
BenQ GW2491 24 Inch Full HD IPS 100 Hz Eye Care Monitor,Benq,24.0,100.0,1080p FHD,IPS,0,1,0,Brand New,Colombo,34000.0
BenQ EW3290U 32 Inch 4K (3840x2160) HDR10 IPS Monitor,Benq,32.0,60.0,4K UHD,IPS,0,0,0,Brand New,Colombo,192000.0
"Asus VY279HGR 27"" Inch Full HD IPS Level 120Hz Adaptive Sync Monitor",Asus,27.0,120.0,1080p FHD,IPS,0,1,0,Brand New,Colombo,45000.0
ACER EK1 EK271 27 Inch 144Hz 1ms FHD IPS Monitor,Acer,27.0,144.0,1080p FHD,IPS,0,1,0,Brand New,Colombo,39000.0
ACER EK1 EK271 27 Inch 144Hz 1ms FHD IPS Monitor,Acer,27.0,144.0,1080p FHD,IPS,0,1,0,Brand New,Colombo,39000.0
ACER EK1 EK251Q 25 Inch 144Hz 1ms FHD IPS Monitor,Acer,25.0,144.0,1080p FHD,IPS,0,1,0,Brand New,Colombo,33500.0
ACER EK1 EK251Q 25 Inch 144Hz 1ms FHD IPS Monitor,Acer,25.0,144.0,1080p FHD,IPS,0,1,0,Brand New,Colombo,33500.0
"KOORUI 27"" 27E6QCA QHD VA 180Hz CURVED GAMING MONITOR",Other,27.0,180.0,2K QHD,VA,1,1,0,Brand New,Colombo,59000.0
"KOORUI 27"" 27E6QCA QHD VA 180Hz CURVED GAMING MONITOR",Other,27.0,180.0,2K QHD,VA,1,1,0,Brand New,Colombo,59000.0
23 Inch LED Used Monitors,Other,23.0,60.0,1080p FHD,Standard,0,0,0,Used,Gampaha,14800.0
"Samsung F24T450FQE 24"" Inch Full HD IPS Frameless HDMI Used Monitor",Samsung,24.0,60.0,1080p FHD,IPS,0,0,1,Used,Colombo,20990.0
Koorui G2411P 24 Inch IPS FHD 200Hz Gaming Monitor,Other,24.0,200.0,1080p FHD,IPS,0,1,0,Brand New,Colombo,39000.0
KOORUI 27E6QCA QHD VA 180Hz 27″ CURVED GAMING MONITOR BRAND NEW,Other,27.0,180.0,2K QHD,VA,1,1,0,Brand New,Colombo,58500.0
"KOORUI G3221SC 2K 170Hz 90% DCI-P3 32"" Curved Gaming Monitor",Other,32.0,170.0,2K QHD,Standard,1,1,0,Brand New,Colombo,70900.0
"ViewSonic VX3480-2K-PRO 34"" UWQHD Gaming Monitor",Viewsonic,34.0,60.0,2K QHD,Standard,0,1,0,Brand New,Colombo,133990.0
"MSI Optix MAG401QR 40"" UWQHD IPS 155Hz 1ms Adaptive Sync Gaming Monitor",MSI,40.0,155.0,2K QHD,IPS,0,1,0,Brand New,Colombo,185000.0
HP E243 Frameless Ips Monitor Elite Display 24″,HP,24.0,60.0,1080p FHD,IPS,0,0,1,Used,Colombo,23000.0
"Samsung F24T450FQE 24"" Inch Full HD IPS Frameless HDMI Used Monitor",Samsung,24.0,60.0,1080p FHD,IPS,0,0,1,Used,Colombo,20990.0
MSI PRO MP275Q E14 27” 144HZ WQHD 2K IPS MONITOR,MSI,27.0,144.0,2K QHD,IPS,0,1,0,Brand New,Colombo,70500.0
MSI PRO MP275Q E14 27” 144HZ WQHD 2K IPS MONITOR,MSI,27.0,144.0,2K QHD,IPS,0,1,0,Brand New,Colombo,70500.0
Brandnew Acer 27 Inch Monitors (144Hz),Acer,27.0,144.0,1080p FHD,Standard,0,1,0,Brand New,Colombo,37500.0
"Acer EK251 P6BI 25"" Inch 144Hz IPS HDMI Frameless Gaming Monitor",Acer,25.0,144.0,1080p FHD,IPS,0,1,1,Brand New,Colombo,31500.0
"MSI Pro MP243L E14 24.5"" Inch 144Hz 1ms FHD IPS Productivity Monitor",MSI,24.5,144.0,1080p FHD,IPS,0,1,0,Brand New,Colombo,33500.0
"MSI Pro MP225 E12VL 21.5"" Inch 120HZ FHD Slim Frameless Monitor",MSI,21.5,120.0,1080p FHD,Standard,0,1,1,Brand New,Colombo,26500.0
Brand New Acer Vero Series CB272 P6BMIPRX 144HZ Full HD Monitor,Acer,24.0,144.0,1080p FHD,Standard,0,1,0,Brand New,Colombo,44990.0
Dell UltraSharp 24.9 inch IPS frameless Type C monitor,Dell,24.9,60.0,1080p FHD,IPS,0,0,1,Brand New,Colombo,26800.0
"Acer EK271 27"" Inch 144Hz IPS HDMI Frameless Gaming Monitor",Acer,27.0,144.0,1080p FHD,IPS,0,1,1,Brand New,Colombo,37000.0
"MSI Pro MP243L E14 24.5"" Inch 144Hz 1ms FHD IPS Productivity Monitor",MSI,24.5,144.0,1080p FHD,IPS,0,1,0,Brand New,Colombo,33500.0
"MSI PRO MP225 E12VL 21.5"" Inch 120Hz 1ms FHD Slim Frameless Monitor",MSI,21.5,120.0,1080p FHD,Standard,0,1,1,Brand New,Colombo,26500.0
Philips HDMI IPS Frameless 24 Inch Monitor,Philips,24.0,60.0,1080p FHD,IPS,0,0,1,Brand New,Jaffna,24800.0
Koorui E2411K 24 INCH 144HZ IPS FHD Brand New Monitor,Other,24.0,144.0,1080p FHD,IPS,0,1,0,Brand New,Colombo,33000.0
17’ Square Monitor,Other,17.0,60.0,HD,Standard,0,0,0,Used,Colombo,5900.0
"Dell P2419H 24"" Full HD IPS Monitor",Dell,24.0,60.0,1080p FHD,IPS,0,0,0,Used,Colombo,18500.0
24’inch P24H G4 IPS Frameless,Other,24.0,60.0,1080p FHD,IPS,0,0,1,Brand New,Colombo,32500.0
HP E233 23’inch IPS Frameless,HP,23.0,60.0,1080p FHD,IPS,0,0,1,Brand New,Colombo,29500.0
22’Inch P22H G4 IPS frameless,Other,22.0,60.0,1080p FHD,IPS,0,0,1,Brand New,Colombo,27500.0
HP L6017m Touch Screen Monitor POS System,HP,24.0,60.0,1080p FHD,Standard,0,0,0,Brand New,Colombo,42500.0
"32"" 2K 144HZ Curved Monitor (2560 × 1440P) GAMING|QHD",Other,32.0,144.0,2K QHD,Standard,1,1,0,Used,Gampaha,55250.0
"Asus Monitor 24"" IPS|120HZ|Frameless (New) Eye Care|1ms (MPRT)|Gaming",Asus,24.0,120.0,1080p FHD,IPS,0,1,1,Brand New,Gampaha,32950.0
MSI Modern MD272QXP 27″ Business and Productivity Monitor 100Hz 2K WQHD,MSI,27.0,100.0,2K QHD,Standard,0,1,0,Brand New,Colombo,95000.0
32 INCH SAMSUNG IPS HDMI 2K USED MONITOR,Samsung,32.0,60.0,2K QHD,IPS,0,0,0,Used,Colombo,39000.0
27 INCH DELL P2714HC IPS LED USED MONITOR,Dell,27.0,60.0,1080p FHD,IPS,0,0,0,Used,Colombo,28000.0
24 INCH DELL P2422HE IPS FRAMELESS USED TYPE-C FHD MONITOR,Dell,24.0,60.0,1080p FHD,IPS,0,0,1,Used,Colombo,27500.0
27 INCH LENOVO THINKVISION IPS FHD HDMI USED MONITOR,Lenovo,27.0,60.0,1080p FHD,IPS,0,0,0,Used,Colombo,27500.0
27 INCH ATEC FULL HD LED USED MONITOR,Other,27.0,60.0,1080p FHD,Standard,0,0,0,Used,Colombo,21500.0
Dell 20” IPS Monitor,Dell,20.0,60.0,HD,IPS,0,0,0,Used,Colombo,10900.0
"MSI Pro MP243L E14 24.5"" Inch 144Hz 1ms FHD IPS Productivity Monitor",MSI,24.5,144.0,1080p FHD,IPS,0,1,0,Brand New,Colombo,33500.0
"Acer EK251 P6BI 25"" Inch 144Hz IPS HDMI Frameless Gaming Monitor",Acer,25.0,144.0,1080p FHD,IPS,0,1,1,Brand New,Colombo,31500.0
KOORUI G2711P FHD IPS 27INCH 200HZ BRAND NEW GAMING MONITOR,Other,27.0,200.0,1080p FHD,IPS,0,1,0,Brand New,Colombo,51500.0
"Asus VY279HGR 27"" Inch Full HD IPS Level 120Hz Adaptive Sync Monitor",Asus,27.0,120.0,1080p FHD,IPS,0,1,0,Brand New,Colombo,46000.0
"Full HD IPS Dell P2419H 24"" Monitor",Dell,24.0,60.0,1080p FHD,IPS,0,0,0,Used,Colombo,29900.0
"Emark 24"" EW2427SH 144Hz IPS Full HD Frameless Gaming Monitor",Other,24.0,144.0,1080p FHD,IPS,0,1,1,Brand New,Colombo,29990.0
"ViewSonic VA2432A-H 24"" Inch Full HD IPS 120Hz Frameless Monitor New",Viewsonic,24.0,120.0,1080p FHD,IPS,0,1,1,Brand New,Colombo,35500.0
Dell UltraSharp U2417H IPS Ful HD Frameless Monitor,Dell,24.0,60.0,1080p FHD,IPS,0,0,1,Used,Colombo,27000.0
MSI Pro MP245PG E14 23.8″ INCH 144HZ 1MS FHD FRAMELESS MONITOR NEW,MSI,23.0,144.0,1080p FHD,Standard,0,1,1,Brand New,Colombo,47500.0
MSI Pro MP273 E14A 27 Inch 144Hz 1ms FHD IPS Productivity Monitor,MSI,27.0,144.0,1080p FHD,IPS,0,1,0,Brand New,Colombo,49990.0
"MSI Pro MP243L E14 24.5"" Inch 144Hz 1ms FHD IPS Productivity Monitor",MSI,24.5,144.0,1080p FHD,IPS,0,1,0,Brand New,Colombo,33500.0
"MSI PRO MP225 E12VL 21.5"" Inch 120Hz 1ms FHD Slim Frameless Monitor",MSI,21.5,120.0,1080p FHD,Standard,0,1,1,Brand New,Colombo,26500.0
Acer Brand New 27”Monitors IPS 120GHz,Acer,27.0,60.0,1080p FHD,IPS,0,0,0,Brand New,Other,34500.0
"Koorui 22"" E2212H 100HZ 21.5 Inches FHD Brand New Monitor",Other,22.0,100.0,1080p FHD,Standard,0,1,0,Brand New,Colombo,25500.0
"MSI Pro MP251L E2 25"" Inch 120HZ Full HD IPS Frameless Monitor",MSI,25.0,120.0,1080p FHD,IPS,0,1,1,Brand New,Colombo,32000.0
"Acer EK271 27"" Inch 144Hz IPS HDMI Frameless Gaming Monitor",Acer,27.0,144.0,1080p FHD,IPS,0,1,1,Brand New,Colombo,35990.0
Computer Monitors | USED & NEW,Other,24.0,60.0,1080p FHD,Standard,0,0,0,Used,Gampaha,7500.0
"Acer EK251 P6BI 25"" Inch 144Hz IPS HDMI Frameless Gaming Monitor",Acer,25.0,144.0,1080p FHD,IPS,0,1,1,Brand New,Colombo,31500.0
"Samsung F24T450FQE 24"" Inch Full HD IPS Frameless HDMI Used Monitor",Samsung,24.0,60.0,1080p FHD,IPS,0,0,1,Used,Colombo,20990.0
"Samsung 24"" Inch Full HD IPS Frameless HDMI Gaming Used Monitor",Samsung,24.0,60.0,1080p FHD,IPS,0,1,1,Used,Colombo,22000.0
"27"" IPS MONITOR (1980 x 1080P) HDMI FRAMELESS FHD",Other,27.0,60.0,1080p FHD,IPS,0,0,1,Used,Gampaha,33850.0
"24"" IPS MONITOR (1980 x 1080P) FRAMELESS|HDMI|FHD",Other,24.0,60.0,1080p FHD,IPS,0,0,1,Used,Gampaha,21150.0
"MONITOR 23"" IPS (1980 x 1080P) HDMI|FRAMELESS|FHD",Other,23.0,60.0,1080p FHD,IPS,0,0,1,Used,Gampaha,19450.0
"KOORUI 27"" E2721H QHD IPS 120HZ 2K BRAND NEW GAMING MONITOR",Other,27.0,120.0,2K QHD,IPS,0,1,0,Brand New,Colombo,52500.0
"Acer 27"" Full HD Nitro Gaming Monitor - KG273 W3 240Hz Brand New",Acer,27.0,240.0,1080p FHD,Standard,0,1,0,Brand New,Colombo,49500.0
"Emark 24"" EW2427SH 144Hz IPS Full HD Frameless Gaming Monitor",Other,24.0,144.0,1080p FHD,IPS,0,1,1,Brand New,Colombo,29990.0
"HP EliteDisplay E24 G4 24"" Frameless Full HD Monitor",HP,24.0,60.0,1080p FHD,Standard,0,0,1,Used,Batticaloa,23999.0
Acer Monitor,Acer,24.0,60.0,1080p FHD,Standard,0,0,0,Used,Kurunegala,5000.0
"Dell 24"" Monitor Mount with Speaker - LED|WIDE",Dell,24.0,60.0,1080p FHD,Standard,0,0,0,Used,Gampaha,13950.0
"MONITOR 24"" IPS (1980 x 1080P) HDMI|FRAMELESS|FHD",Other,24.0,60.0,1080p FHD,IPS,0,0,1,Used,Gampaha,21150.0
"23"" IPS MONITOR (1980 x 1080P) HDMI|FHD|FRAMELESS",Other,23.0,60.0,1080p FHD,IPS,0,0,1,Used,Gampaha,19450.0
"Monitor Curved 32"" 2K (2560 × 1440P) GAMING|QHD|144HZ",Other,32.0,144.0,2K QHD,Standard,1,1,0,Used,Gampaha,55250.0
"Acer Vero Series CB272 P6bmiprx 27"" Inch144Hz Full HD IPS Monitor NEW",Acer,27.0,144.0,1080p FHD,IPS,0,1,0,Brand New,Colombo,44990.0
"Acer EK251 P6BI 25"" Inch 144Hz IPS HDMI Frameless Gaming Monitor",Acer,25.0,144.0,1080p FHD,IPS,0,1,1,Brand New,Colombo,31500.0
24 Inch LED Samsung Monitor,Samsung,24.0,60.0,1080p FHD,Standard,0,0,0,Used,Gampaha,11500.0
Samsung 22-Inch LED Monitor –,Samsung,22.0,60.0,1080p FHD,Standard,0,0,0,Used,Gampaha,12000.0
Samsung Professional Display 65 inch LH65QMFPLGC/XD UHD TV/ Displays,Samsung,24.0,60.0,4K UHD,Standard,0,0,0,Used,Colombo,125000.0
Dell 20 Inch Wide LED Used Monitors,Dell,20.0,60.0,HD,Standard,0,0,0,Used,Gampaha,10500.0
23 LED Monitor Used VGA DVI,Other,23.0,60.0,1080p FHD,Standard,0,0,0,Used,Gampaha,14800.0
Brandnew Acer 27 Inch Monitors (144Hz),Acer,27.0,144.0,1080p FHD,Standard,0,1,0,Brand New,Colombo,37500.0
ThinkVision T22i-20 Frameless Monitor,Other,20.0,60.0,1080p FHD,Standard,0,0,1,Used,Galle,15500.0
"24"" IPS MONITOR (1980 x 1080P) HDMI|FRAMELESS|FHD",Other,24.0,60.0,1080p FHD,IPS,0,0,1,Used,Gampaha,21150.0
"Monitor 24"" IPS|120HZ|Frameless (New) Eye Care|1ms (MPRT)|Gaming - Asus",Asus,24.0,120.0,1080p FHD,IPS,0,1,1,Brand New,Gampaha,32950.0
"32"" 2K Monitor Curved (2560 × 1440P) GAMING|QHD|144HZ",Other,32.0,144.0,2K QHD,Standard,1,1,0,Used,Colombo,55250.0
19 inch Dell monitor,Dell,19.0,60.0,HD,Standard,0,0,0,Used,Galle,13000.0
"MONITOR 23"" IPS FRAMELESS (1980 x 1080P) HDMI|FHD",Other,23.0,60.0,1080p FHD,IPS,0,0,1,Used,Gampaha,19450.0
"24"" Dell Monitor Mount with Speaker|WIDE|LED",Dell,24.0,60.0,1080p FHD,Standard,0,0,0,Used,Gampaha,13950.0
VIEWSONIC VA3208-4K-MHD 32'' 4K UHD MONITOR,Viewsonic,32.0,60.0,4K UHD,Standard,0,0,0,Brand New,Colombo,115000.0
VIEWSONIC VA3208-4K-MHD 32'' 4K UHD MONITOR,Viewsonic,32.0,60.0,4K UHD,Standard,0,0,0,Brand New,Colombo,115000.0
"MSI PRO MP273 E14A 27"" 144HZ IPS Frameless Monitor",MSI,27.0,144.0,1080p FHD,IPS,0,1,1,Brand New,Colombo,47500.0
"MSI PRO MP273 E14A 27"" 144HZ IPS Frameless Monitor",MSI,27.0,144.0,1080p FHD,IPS,0,1,1,Brand New,Colombo,47500.0
"MSI Pro MP251L E2 25"" Inch 120Hz Full HD IPS Frameless Brand New Monitor",MSI,25.0,120.0,1080p FHD,IPS,0,1,1,Brand New,Colombo,32000.0
Koorui E2411K 24 INCH 144HZ IPS FHD Brand New Monitor,Other,24.0,144.0,1080p FHD,IPS,0,1,0,Brand New,Colombo,33000.0
"Koorui 22"" E2212H 100HZ 21.5 Inches FHD Brand New Monitor",Other,22.0,100.0,1080p FHD,Standard,0,1,0,Brand New,Colombo,25500.0
"MSI PRO MP273A 27"" FHD IPS 100Hz 1ms Monitor",MSI,27.0,100.0,1080p FHD,IPS,0,1,0,Used,Other,37000.0
Brand New Acer Vero Series CB272 P6BMIPRX 144HZ Full HD Monitor,Acer,24.0,144.0,1080p FHD,Standard,0,1,0,Brand New,Colombo,44990.0
"Emark 24"" EW2427SH 144Hz IPS Full HD Frameless Gaming Monitor",Other,24.0,144.0,1080p FHD,IPS,0,1,1,Brand New,Colombo,29990.0
"ViewSonic VA2432A-H 24"" Inch Full HD IPS 120Hz Frameless Monitor New",Viewsonic,24.0,120.0,1080p FHD,IPS,0,1,1,Brand New,Colombo,35500.0
"Acer EK271 27"" Inch 144Hz IPS HDMI Frameless Gaming Monitor",Acer,27.0,144.0,1080p FHD,IPS,0,1,1,Brand New,Colombo,35990.0
"Acer EK251 P6BI 25"" Inch 144Hz IPS HDMI Frameless Gaming Monitor",Acer,25.0,144.0,1080p FHD,IPS,0,1,1,Brand New,Colombo,31500.0
"MSI Pro MP243L E14 24.5"" Inch 144Hz 1ms FHD IPS Productivity Monitor",MSI,24.5,144.0,1080p FHD,IPS,0,1,0,Brand New,Colombo,33500.0
"MSI PRO MP225 E12VL 21.5"" Inch 120Hz 1ms FHD Slim Frameless Monitor",MSI,21.5,120.0,1080p FHD,Standard,0,1,1,Brand New,Colombo,26500.0
"MSI Pro MP243L E14 24.5"" Inch 144Hz 1ms FHD IPS Productivity Monitor",MSI,24.5,144.0,1080p FHD,IPS,0,1,0,Brand New,Colombo,33500.0
"Samsung 22"" LED Monitor – S22F350FH",Samsung,22.0,60.0,1080p FHD,Standard,0,0,0,Used,Galle,12000.0
MSI Pro MP245PG E14 23.8″ INCH 144HZ 1MS FHD FRAMELESS MONITOR NEW,MSI,23.0,144.0,1080p FHD,Standard,0,1,1,Brand New,Colombo,47500.0
24 inch HDMI Monitor,Other,24.0,60.0,HD,Standard,0,0,0,Used,Kandy,12900.0
"Asus VY279HGR 27"" Inch Full HD IPS Level 120Hz Adaptive Sync Monitor",Asus,27.0,120.0,1080p FHD,IPS,0,1,0,Brand New,Colombo,46000.0
20 inch Monitor,Other,20.0,60.0,HD,Standard,0,0,0,Used,Kandy,9400.0
"MSI Pro MP251L E2 25"" Inch 120HZ Full HD IPS Frameless Monitor",MSI,25.0,120.0,1080p FHD,IPS,0,1,1,Brand New,Colombo,32000.0
17 Inch Monitor,Other,17.0,60.0,HD,Standard,0,0,0,Used,Kandy,7300.0
"V226HQL 21.5"" LCD Monitor",Other,21.5,60.0,1080p FHD,Standard,0,0,0,Used,Galle,11000.0
"23"" IPS FRAMELESS MONITOR (1980 x 1080P) HDMI|FHD",Other,23.0,60.0,1080p FHD,IPS,0,0,1,Used,Gampaha,19450.0
"Lg 24"" Fhd Led Hdmi Ips Monitor",LG,24.0,60.0,1080p FHD,IPS,0,0,0,Used,Kalutara,10000.0
Dell Monitor,Dell,24.0,60.0,1080p FHD,Standard,0,0,0,Used,Colombo,5000.0
"Samsung 27"" VGA / DVI Monitor (Used)",Samsung,27.0,60.0,1080p FHD,Standard,0,0,0,Used,Gampaha,22000.0
"Samsung F24T450FQE 24"" Inch Full HD IPS Frameless HDMI Used Monitor",Samsung,24.0,60.0,1080p FHD,IPS,0,0,1,Used,Colombo,20990.0
"KOORUI G3221SC 2K 170Hz 90% DCI-P3 32"" Curved Gaming Monitor",Other,32.0,170.0,2K QHD,Standard,1,1,0,Brand New,Colombo,70900.0
"Samsung 19"" LED Monitor",Samsung,19.0,60.0,HD,Standard,0,0,0,Used,Gampaha,13000.0
KOORUI G2711P FHD IPS 27INCH 200HZ BRAND NEW GAMING MONITOR,Other,27.0,200.0,1080p FHD,IPS,0,1,0,Brand New,Colombo,51500.0
"Acer EK251 P6BI 25"" Inch 144Hz IPS HDMI Frameless Gaming Monitor",Acer,25.0,144.0,1080p FHD,IPS,0,1,1,Brand New,Colombo,31500.0
"ViewSonic VA2432A-H 24"" Inch Full HD IPS 120Hz Frameless Monitor New",Viewsonic,24.0,120.0,1080p FHD,IPS,0,1,1,Brand New,Colombo,35500.0
"ViewSonic VX3480-2K-PRO 34"" UWQHD Gaming Monitor",Viewsonic,34.0,60.0,2K QHD,Standard,0,1,0,Brand New,Colombo,133990.0
"MSI Optix MAG401QR 40"" UWQHD IPS 155Hz 1ms Adaptive Sync Gaming Monitor",MSI,40.0,155.0,2K QHD,IPS,0,1,0,Brand New,Colombo,185000.0
Lenovo T24i – 10 Frameless 24 Inch Used Monitor Full HD (1080p),Lenovo,24.0,60.0,1080p FHD,Standard,0,0,1,Used,Colombo,21000.0
"HP Z23N IPS Frameless HDMI Monitor 23""",HP,23.0,60.0,1080p FHD,IPS,0,0,1,Used,Colombo,20500.0
HP E243 Frameless Ips Monitor Elite Display 24″,HP,24.0,60.0,1080p FHD,IPS,0,0,1,Used,Colombo,23000.0
"Samsung F24T450FQE 24"" Inch Full HD IPS Frameless HDMI Used Monitor",Samsung,24.0,60.0,1080p FHD,IPS,0,0,1,Used,Colombo,20990.0
"Acer EK271 27"" Inch 144Hz IPS HDMI Frameless Gaming Monitor",Acer,27.0,144.0,1080p FHD,IPS,0,1,1,Brand New,Colombo,35990.0
30 Inch DELL Ultrasharp IPS HDMI USED Monitor,Dell,30.0,60.0,HD,IPS,0,0,0,Used,Colombo,34500.0
MSI Modern MD272QXP 27″ Business and Productivity Monitor 100Hz 2K WQHD,MSI,27.0,100.0,2K QHD,Standard,0,1,0,Brand New,Colombo,95000.0
MSI Pro MP245PG E14 23.8″ INCH 144HZ 1MS FHD FRAMELESS MONITOR NEW,MSI,23.0,144.0,1080p FHD,Standard,0,1,1,Brand New,Colombo,47500.0
"Acer EK271 27"" Inch 144Hz IPS HDMI Frameless Gaming Monitor",Acer,27.0,144.0,1080p FHD,IPS,0,1,1,Brand New,Colombo,35990.0
"Acer EK251 P6BI 25"" Inch 144Hz IPS HDMI Frameless Gaming Monitor",Acer,25.0,144.0,1080p FHD,IPS,0,1,1,Brand New,Colombo,31500.0
"Emark 24"" EW2427SH 144Hz IPS Full HD Frameless Gaming Monitor",Other,24.0,144.0,1080p FHD,IPS,0,1,1,Brand New,Colombo,29990.0
27 Inch Dell P2714HC IPS LED Used Monitor,Dell,27.0,60.0,1080p FHD,IPS,0,0,0,Used,Colombo,28000.0
"ASUS VY279HGR 27"" IPS FHD 120HZ EYE CARE MONITOR",Asus,27.0,120.0,1080p FHD,IPS,0,1,0,Brand New,Colombo,45000.0
27 Inch ATEC FULL HD LED HDMI Monitor,Other,27.0,60.0,1080p FHD,Standard,0,0,0,Used,Colombo,21500.0
"Acer 27"" Full HD Nitro Gaming Monitor - KG273 W3 240Hz Brand New",Acer,27.0,240.0,1080p FHD,Standard,0,1,0,Brand New,Colombo,49500.0
"KOORUI 27"" E2721H QHD IPS 120HZ 2K BRAND NEW GAMING MONITOR",Other,27.0,120.0,2K QHD,IPS,0,1,0,Brand New,Colombo,52500.0
27 INCH Lenovo Thinkvision IPS FHD HDMI Used Monitor,Lenovo,27.0,60.0,1080p FHD,IPS,0,0,0,Used,Colombo,27500.0
MSI Pro MP273 E14A 27 Inch 144Hz 1ms FHD IPS Productivity Monitor,MSI,27.0,144.0,1080p FHD,IPS,0,1,0,Brand New,Colombo,49990.0
"ASUS VY279HGR 27"" IPS FHD 120HZ EYE CARE MONITOR",Asus,27.0,120.0,1080p FHD,IPS,0,1,0,Brand New,Colombo,45000.0
"MSI Pro MP243L E14 24.5"" Inch 144Hz 1ms FHD IPS Productivity Monitor",MSI,24.5,144.0,1080p FHD,IPS,0,1,0,Brand New,Colombo,33500.0
"MSI PRO MP225 E12VL 21.5"" Inch 120Hz 1ms FHD Slim Frameless Monitor",MSI,21.5,120.0,1080p FHD,Standard,0,1,1,Brand New,Colombo,26500.0
24 Inch Dell P2422HE IPS Fremeless Used Type-C FHD Monitor,Dell,24.0,60.0,1080p FHD,IPS,0,0,0,Used,Colombo,27500.0
"Monitor 32"" 2K Curved (2560 × 1440P) GAMING|QHD|144HZ",Other,32.0,144.0,2K QHD,Standard,1,1,0,Used,Gampaha,55250.0
"Hikvision 19"" LED Monitor with HDMI and VGA Output for CCTV, DVR, NVR",Other,19.0,60.0,HD,Standard,0,0,0,Brand New,Colombo,21900.0
"MONITOR 27"" IPS FHD (1980 x 1080P) HDMI FRAMELESS",Other,27.0,60.0,1080p FHD,IPS,0,0,1,Used,Colombo,33850.0
"MSI PRO MP225 E12VL 21.5"" Inch 120Hz 1ms FHD Slim Frameless Monitor",MSI,21.5,120.0,1080p FHD,Standard,0,1,1,Brand New,Colombo,27500.0
"27"" IPS FHD HDMI FRAMELESS HP MONITOR (1980 x 1080P)",HP,27.0,60.0,1080p FHD,IPS,0,0,1,Used,Gampaha,33850.0
"Samsung 24"" S24E450 Monitor",Samsung,24.0,60.0,1080p FHD,Standard,0,0,0,Used,Kandy,3000.0
"20"" LED View Sonic Monitor",Other,20.0,60.0,HD,Standard,0,0,0,Used,Colombo,9500.0
"Acer 21.5"" Monitor",Acer,21.5,60.0,1080p FHD,Standard,0,0,0,Used,Galle,11500.0
"Asus VY279HGR 27"" Inch Full HD IPS Level 120Hz Adaptive Sync Monitor",Asus,27.0,120.0,1080p FHD,IPS,0,1,0,Brand New,Colombo,46000.0
KOORUI 27E6QCA QHD VA 180Hz 27″ CURVED GAMING MONITOR BRAND NEW,Other,27.0,180.0,2K QHD,VA,1,1,0,Brand New,Colombo,58500.0
"Asus VY279HGR 27"" Inch Full HD IPS Level 120Hz Adaptive Sync Monitor",Asus,27.0,120.0,1080p FHD,IPS,0,1,0,Brand New,Colombo,44500.0
"Asus 25"" VA259HGA 120Hz IPS Eye Care Gaming Monitor",Asus,25.0,120.0,1080p FHD,IPS,0,1,0,Brand New,Colombo,34500.0
Asus TUF Gaming VG279QE5A 27″ FHD IPS 146HZ Monitor,Asus,27.0,146.0,1080p FHD,IPS,0,1,0,Brand New,Colombo,45990.0
Micro - DS19 LED Monitor,Other,24.0,60.0,1080p FHD,Standard,0,0,0,Brand New,Colombo,16800.0
MSI Pro MP245PG E14 23.8″ INCH 144HZ 1MS FHD FRAMELESS MONITOR NEW,MSI,23.0,144.0,1080p FHD,Standard,0,1,1,Brand New,Colombo,47500.0
Frame Less 20 Inch Monitor,Other,20.0,60.0,HD,Standard,0,0,0,Used,Colombo,9990.0
Frameless Acer 27 Inch 144Hz refresh rate Gaming Moniters,Acer,27.0,144.0,1080p FHD,Standard,0,1,1,Used,Colombo,36800.0
"Acer EK271 27"" Inch 144Hz IPS HDMI Frameless Gaming Monitor",Acer,27.0,144.0,1080p FHD,IPS,0,1,1,Brand New,Colombo,35990.0
"Acer EK251 P6BI 25"" Inch 144Hz IPS HDMI Frameless Gaming Monitor",Acer,25.0,144.0,1080p FHD,IPS,0,1,1,Brand New,Colombo,31500.0
"Acer 27"" Full HD Nitro Gaming Monitor KG273 W3 (240Hz)",Acer,27.0,240.0,1080p FHD,Standard,0,1,0,Brand New,Colombo,49500.0
"ZSCMALL 【Local Stok ada】15.6"" Laptop Screen Extender, 2k Monitor",Other,15.6,60.0,2K QHD,Standard,0,0,0,Used,Colombo,105000.0
"Curved Monitor 32"" 2K (2560 × 1440P) QHD|144HZ|GAMING",Other,32.0,144.0,2K QHD,Standard,1,1,0,Used,Gampaha,55250.0
"23"" IPS FHD FRAMELESS MONITOR (1980 x 1080P) HDMI",Other,23.0,60.0,1080p FHD,IPS,0,0,1,Used,Gampaha,19450.0
"24"" IPS Frameless Monitor 120HZ (New) Eye Care|1ms (MPRT)|Gaming - Asus",Asus,24.0,120.0,1080p FHD,IPS,0,1,1,Brand New,Gampaha,32950.0
MSI Pro MP273 E14A 27 Inch 144HZ 1MS FHD IPS Productivity Monitor New,MSI,27.0,144.0,1080p FHD,IPS,0,1,0,Brand New,Colombo,51500.0
Viewsonic VA270A-H 27INCH 120Hz FHD IPS Brand New Monitor,Viewsonic,27.0,120.0,1080p FHD,IPS,0,1,0,Brand New,Colombo,41500.0
"ViewSonic VA2432A-H 24"" Inch Full HD IPS 120Hz Frameless Monitor New",Viewsonic,24.0,120.0,1080p FHD,IPS,0,1,1,Brand New,Colombo,32000.0
"MSI Pro MP243L E14 24.5"" Inch 144Hz 1ms FHD IPS Productivity Monitor",MSI,24.5,144.0,1080p FHD,IPS,0,1,0,Brand New,Colombo,33500.0
"Emark 24"" EW2427SH 144Hz IPS Full HD Frameless Gaming Monitor",Other,24.0,144.0,1080p FHD,IPS,0,1,1,Brand New,Colombo,29990.0
"Acer EK271 27"" Inch 144Hz IPS HDMI Frameless Gaming Monitor",Acer,27.0,144.0,1080p FHD,IPS,0,1,1,Brand New,Colombo,35990.0
Koorui E2411K 24 INCH 144HZ IPS FHD Brand New Monitor,Other,24.0,144.0,1080p FHD,IPS,0,1,0,Brand New,Colombo,33000.0
"Acer EK251 P6BI 25"" Inch 144Hz IPS HDMI Frameless Gaming Monitor",Acer,25.0,144.0,1080p FHD,IPS,0,1,1,Brand New,Colombo,31500.0
MSI Modern MD272QXP 27″ Business and Productivity Monitor 100Hz 2K WQHD,MSI,27.0,100.0,2K QHD,Standard,0,1,0,Brand New,Colombo,95000.0
"MSI PRO MP225 E12VL 21.5"" Inch 120Hz 1ms FHD Slim Frameless Monitor",MSI,21.5,120.0,1080p FHD,Standard,0,1,1,Brand New,Colombo,26500.0
"ViewSonic VA2432A-H 24"" Inch Full HD IPS 120Hz Frameless Monitor New",Viewsonic,24.0,120.0,1080p FHD,IPS,0,1,1,Brand New,Colombo,35500.0
ASUS 24INCH FRAMLESS IPS 120HZ MONITOR -NEW,Asus,24.0,120.0,1080p FHD,IPS,0,1,0,Brand New,Kandy,33500.0
27 Inch Dell P2714HC IPS LED Used Monitor,Dell,27.0,60.0,1080p FHD,IPS,0,0,0,Used,Colombo,28000.0
"Emark 24"" EW2427SH 144Hz IPS Full HD Frameless Gaming Monitor",Other,24.0,144.0,1080p FHD,IPS,0,1,1,Brand New,Colombo,29990.0
24 Inch Dell P2422HE IPS Frameless Used Type-C Fhd Monitor,Dell,24.0,60.0,1080p FHD,IPS,0,0,1,Used,Colombo,27500.0
27 Inch Lenovo Thinkvision IPS FHD HDMI Used Monitor,Lenovo,27.0,60.0,1080p FHD,IPS,0,0,0,Used,Colombo,27500.0
27 Inch Atec Full HD LED HDMI Monitor,Other,27.0,60.0,1080p FHD,Standard,0,0,0,Used,Colombo,21500.0
"LG 22"" LED Monitor",LG,22.0,60.0,1080p FHD,Standard,0,0,0,Used,Kandy,11000.0
24 IPS Frameless Monitor HDMI VGA,Other,24.0,60.0,1080p FHD,IPS,0,0,1,Used,Gampaha,24500.0
Asus Tuf 100htz Monitor,Asus,24.0,60.0,1080p FHD,Standard,0,0,0,Used,Colombo,30000.0
"20"" LED Wide Screen Monitor",Other,20.0,60.0,HD,Standard,0,0,0,Used,Other,15000.0
Sony Bravia Monitor,Other,24.0,60.0,1080p FHD,Standard,0,0,0,Used,Kandy,5000.0
"Emark 24"" EW2427SH 144Hz IPS Full HD Frameless Gaming Monitor",Other,24.0,144.0,1080p FHD,IPS,0,1,1,Brand New,Colombo,29990.0
Koorui G2741L Brand New Dual Mode IPS Monitor (4K-160HZ/1080P-320HZ),Other,24.0,160.0,4K UHD,IPS,0,1,0,Brand New,Colombo,95000.0
Koorui G2711P FHD IPS 27INCH 200HZ Brand New Gaming Monitor,Other,27.0,200.0,1080p FHD,IPS,0,1,0,Brand New,Colombo,51500.0
"Koorui E2212H 100HZ 21.5 Inches FHD Brand New Monitor 22""",Other,21.5,100.0,1080p FHD,Standard,0,1,0,Brand New,Colombo,25500.0
Asus TUF Gaming VG279QE5A 27″ FHD IPS 146HZ Monitor,Asus,27.0,146.0,1080p FHD,IPS,0,1,0,Brand New,Colombo,46500.0
DELL E2216H 22 Inch Full HD Monitor,Dell,22.0,60.0,1080p FHD,Standard,0,0,0,Brand New,Kalutara,26500.0
"Acer 27"" Full HD Nitro Gaming Monitor KG273 W3 (240Hz)",Acer,27.0,240.0,1080p FHD,Standard,0,1,0,Brand New,Colombo,49500.0
Koorui G2411P 24 Inch IPS FHD 200Hz Gaming Monitor,Other,24.0,200.0,1080p FHD,IPS,0,1,0,Brand New,Colombo,39000.0
Koorui E2411K 24 INCH 144HZ IPS FHD Brand New Monitor,Other,24.0,144.0,1080p FHD,IPS,0,1,0,Brand New,Colombo,33000.0
"KOORUI 27"" E2721H QHD IPS 120HZ 2K BRAND NEW GAMING MONITOR",Other,27.0,120.0,2K QHD,IPS,0,1,0,Brand New,Colombo,52500.0
"Lenovo 24"" Monitor",Lenovo,24.0,60.0,1080p FHD,Standard,0,0,0,Used,Colombo,3000.0
"MSI PRO MP225 E12VL 21.5"" Inch 120Hz 1ms FHD Slim Frameless Monitor",MSI,21.5,120.0,1080p FHD,Standard,0,1,1,Brand New,Colombo,27500.0
"MSI Pro MP251L E2 25"" Inch 120Hz Full HD IPS Frameless Brand New Monitor",MSI,25.0,120.0,1080p FHD,IPS,0,1,1,Brand New,Colombo,32000.0
Brand New Acer Vero Series CB272 P6BMIPRX 144HZ Full HD Monitor,Acer,24.0,144.0,1080p FHD,Standard,0,1,0,Brand New,Colombo,44990.0
"HP Z23N IPS Frameless HDMI Monitor 23""",HP,23.0,60.0,1080p FHD,IPS,0,0,1,Used,Colombo,20500.0
"Acer EK271 27"" Inch 144Hz IPS HDMI Frameless Gaming Monitor",Acer,27.0,144.0,1080p FHD,IPS,0,1,1,Brand New,Colombo,37000.0
Dell UltraSharp U2417H IPS Ful HD Frameless used Monitor,Dell,24.0,60.0,1080p FHD,IPS,0,0,1,Used,Colombo,26500.0
"Lenovo 24"" Frameless T24i Monitor",Lenovo,24.0,60.0,1080p FHD,Standard,0,0,1,Used,Kandy,19900.0
"RANDOM BRAND USED MONITORS WITHOUT BASE (STAND) 19"" 20"" 22"" & 24""",Other,19.0,60.0,HD,Standard,0,0,0,Used,Colombo,5000.0
"RANDOM BRAND USED MONITORS WITHOUT BASE (STAND) 22""",Other,22.0,60.0,1080p FHD,Standard,0,0,0,Used,Colombo,7500.0
"RANDOM BRAND USED MONITORS WITHOUT BASE (STAND) 24""",Other,24.0,60.0,1080p FHD,Standard,0,0,0,Used,Colombo,10000.0
LED / LCD Monitors | IPS HDMI VGA,Other,24.0,60.0,HD,IPS,0,0,0,Used,Gampaha,7500.0
20 inch LED Monitor,Other,20.0,60.0,HD,Standard,0,0,0,Used,Matara,6000.0
"Koorui 22"" E2212H 100HZ 21.5 Inches FHD Brand New Monitor",Other,22.0,100.0,1080p FHD,Standard,0,1,0,Brand New,Colombo,25500.0
"MSI PRO MP243L E14 24.5"" Inch 144Hz 1ms FHD IPS Productivity Monitor",MSI,24.5,144.0,1080p FHD,IPS,0,1,0,Brand New,Colombo,33500.0
Koorui E2411K 24INCH 144HZ IPS FHD Brand New Monitor,Other,24.0,144.0,1080p FHD,IPS,0,1,0,Brand New,Colombo,33000.0
Brandnew Acer 27 Inch \Monitors -(144Hz),Acer,27.0,144.0,1080p FHD,Standard,0,1,0,Brand New,Colombo,37500.0
"ViewSonic VA2432A-H 24"" Inch Full HD IPS 120Hz Frameless Monitor New",Viewsonic,24.0,120.0,1080p FHD,IPS,0,1,1,Brand New,Colombo,35000.0
"Acer EK271 27"" Inch 144Hz IPS HDMI Frameless Gaming Monitor",Acer,27.0,144.0,1080p FHD,IPS,0,1,1,Brand New,Colombo,35990.0
"Acer EK251 P6BI 25"" Inch 144Hz IPS HDMI Frameless Gaming Monitor",Acer,25.0,144.0,1080p FHD,IPS,0,1,1,Brand New,Colombo,31500.0
"Acer 27"" Full HD Nitro Gaming Monitor - KG273 W3 240Hz Brand New",Acer,27.0,240.0,1080p FHD,Standard,0,1,0,Brand New,Colombo,49500.0
MSI Modern MD272QXP 27″ Business and Productivity Monitor 100Hz 2K WQHD,MSI,27.0,100.0,2K QHD,Standard,0,1,0,Brand New,Colombo,95000.0
MSI Pro MP273 E14A 27 Inch 144Hz 1ms FHD IPS Productivity Monitor,MSI,27.0,144.0,1080p FHD,IPS,0,1,0,Brand New,Colombo,49990.0
"Dell P2319H 23"" inch Full HD IPS HDMI Frameless Used Monitor (No Cables)",Dell,23.0,60.0,1080p FHD,IPS,0,0,1,Used,Colombo,20500.0
MSI Pro MP245PG E14 23.8″ INCH 144HZ 1MS FHD FRAMELESS MONITOR NEW,MSI,23.0,144.0,1080p FHD,Standard,0,1,1,Brand New,Colombo,47500.0
30 INCH DELL ULTRASHARP IPS HDMI USED MONITOR,Dell,30.0,60.0,HD,IPS,0,0,0,Used,Colombo,34500.0
"Dell 24"" Full HD IPS Monitor P2419H",Dell,24.0,60.0,1080p FHD,IPS,0,0,0,Used,Colombo,29900.0
27 Inch Dell P2714HC IPS LED Monitor,Dell,27.0,60.0,1080p FHD,IPS,0,0,0,Used,Colombo,28000.0
24 Inch Dell P2422HE IPS Frameless TYPE-C FHD Monitor,Dell,24.0,60.0,1080p FHD,IPS,0,0,1,Used,Colombo,27500.0
"MSI Pro MP243L E14 24.5"" Inch 144Hz 1ms FHD IPS Productivity Monitor",MSI,24.5,144.0,1080p FHD,IPS,0,1,0,Brand New,Colombo,33500.0
27 Inch Lenovo Thinkvision IPS FHD HDMI Monitor,Lenovo,27.0,60.0,1080p FHD,IPS,0,0,0,Used,Colombo,27500.0
"MSI PRO MP225 E12VL 21.5"" Inch 120Hz 1ms FHD Slim Frameless Monitor",MSI,21.5,120.0,1080p FHD,Standard,0,1,1,Brand New,Colombo,26500.0
27 Inch Atec FULL HD LED Monitor,Other,27.0,60.0,1080p FHD,Standard,0,0,0,Used,Colombo,21500.0
"ViewSonic VA2432A-H 24"" Inch Full HD IPS 120Hz Frameless Monitor New",Viewsonic,24.0,120.0,1080p FHD,IPS,0,1,1,Brand New,Colombo,35500.0
Triple Monitor Extender,Other,24.0,60.0,1080p FHD,Standard,0,0,0,Used,Colombo,130000.0
"Emark 24"" EW2427SH 144Hz IPS Full HD Frameless Gaming Monitor",Other,24.0,144.0,1080p FHD,IPS,0,1,1,Brand New,Colombo,29990.0
KOORUI G2711P FHD IPS 27INCH 200HZ BRAND NEW GAMING MONITOR,Other,27.0,200.0,1080p FHD,IPS,0,1,0,Brand New,Colombo,51500.0
"Emark 24"" EW2427SH 144Hz IPS Full HD Frameless Gaming Monitor",Other,24.0,144.0,1080p FHD,IPS,0,1,1,Brand New,Colombo,29990.0
"HP 23"" IPS Monitor",HP,23.0,60.0,1080p FHD,IPS,0,0,0,Used,Colombo,12000.0
"Monitor 24"" IPS Frameless 120HZ (New) Eye Care|1ms (MPRT)|Gaming - Asus",Asus,24.0,120.0,1080p FHD,IPS,0,1,1,Brand New,Gampaha,32950.0
"MSI Optix MAG401QR 40"" UWQHD IPS 155Hz 1ms Adaptive Sync Gaming Monitor",MSI,40.0,155.0,2K QHD,IPS,0,1,0,Brand New,Colombo,185000.0
Acer KA272 G0bi 27” Full HD IPS Monitor,Acer,27.0,60.0,1080p FHD,IPS,0,0,0,Brand New,Batticaloa,28000.0
MSI Modern MD272QXP 27″ Business and Productivity Monitor 100Hz 2K WQHD,MSI,27.0,100.0,2K QHD,Standard,0,1,0,Brand New,Colombo,95000.0
"Samsung F24T450FQE 24"" Inch Full HD IPS Frameless HDMI Used Monitor",Samsung,24.0,60.0,1080p FHD,IPS,0,0,1,Used,Colombo,20990.0
Dahua 27” DHI-LM27-B211B Monitor,Other,27.0,60.0,1080p FHD,Standard,0,0,0,Used,Gampaha,36000.0
Brandnew Acer 27 Inch \Monitors\ (144Hz),Acer,27.0,144.0,1080p FHD,Standard,0,1,0,Brand New,Colombo,37500.0
"Emark 24"" EW2427SH 144Hz IPS Full HD Frameless Gaming Monitor",Other,24.0,144.0,1080p FHD,IPS,0,1,1,Brand New,Colombo,29990.0
"ViewSonic VA2432A-H 24"" Inch Full HD IPS 120Hz Frameless Monitor New",Viewsonic,24.0,120.0,1080p FHD,IPS,0,1,1,Brand New,Colombo,32000.0
Samsung 17 Inch Monitor,Samsung,17.0,60.0,HD,Standard,0,0,0,Used,Badulla,5500.0
"ViewSonic VA2432A-H 24"" Inch Full HD IPS 120Hz Frameless Monitor New",Viewsonic,24.0,120.0,1080p FHD,IPS,0,1,1,Brand New,Colombo,32000.0
Monitor,Other,24.0,60.0,1080p FHD,Standard,0,0,0,Used,Colombo,3500.0
MSI Pro MP273 E14A 27 Inch 144Hz 1ms FHD IPS Productivity Monitor,MSI,27.0,144.0,1080p FHD,IPS,0,1,0,Brand New,Colombo,49990.0
"32"" 2K Curved Gaming Monitor (2560 × 1440P) QHD|144HZ",Other,32.0,144.0,2K QHD,Standard,1,1,0,Used,Gampaha,55250.0
Asus TUF Gaming VG279QE5A 27″ FHD IPS 146HZ Monitor,Asus,27.0,146.0,1080p FHD,IPS,0,1,0,Brand New,Colombo,45990.0
"Asus VY279HGR 27"" Inch Full HD IPS Level 120Hz Adaptive Sync Monitor",Asus,27.0,120.0,1080p FHD,IPS,0,1,0,Brand New,Colombo,44500.0
"Asus 25"" VA259HGA 120Hz IPS Eye Care Gaming Monitor",Asus,25.0,120.0,1080p FHD,IPS,0,1,0,Brand New,Colombo,34500.0
"MONITOR 23"" IPS FHD (1980 x 1080P) HDMI FRAMELESS",Other,23.0,60.0,1080p FHD,IPS,0,0,1,Used,Gampaha,19450.0
"Samsung 24"" Inch Full HD IPS Frameless HDMI Gaming Used Monitor",Samsung,24.0,60.0,1080p FHD,IPS,0,1,1,Used,Colombo,22000.0
"Acer EK271 27"" Inch 144Hz IPS HDMI Frameless Gaming Monitor",Acer,27.0,144.0,1080p FHD,IPS,0,1,1,Brand New,Colombo,37000.0
"Dell P2319H 23"" Inch IPS Frameless Full HD HDMI Used Monitor",Dell,23.0,60.0,1080p FHD,IPS,0,0,1,Used,Colombo,20500.0
"Asus VY279HGR 27"" Inch Full HD IPS Level 120Hz Adaptive Sync Monitor",Asus,27.0,120.0,1080p FHD,IPS,0,1,0,Brand New,Colombo,46000.0
MSI Pro MP273 E14A 27 Inch 144HZ 1MS FHD IPS Productivity Monitor New,MSI,27.0,144.0,1080p FHD,IPS,0,1,0,Brand New,Colombo,51500.0
"ViewSonic VA2432A-H 24"" Inch Full HD IPS 120HZ Frameless Monitor New",Viewsonic,24.0,120.0,1080p FHD,IPS,0,1,1,Brand New,Colombo,35500.0
"Viewsonic 24"" Ips Monitor",Viewsonic,24.0,60.0,1080p FHD,IPS,0,0,0,Used,Gampaha,33000.0
Samsung Gaming 24'' Monitor,Samsung,24.0,60.0,1080p FHD,Standard,0,1,0,Brand New,Jaffna,28990.0
Samsung 20” Wide Monitor,Samsung,20.0,60.0,HD,Standard,0,0,0,Used,Colombo,8500.0
Samsung 19” Wide Monitor,Samsung,19.0,60.0,HD,Standard,0,0,0,Used,Colombo,7900.0
Samsung 17” Monitor,Samsung,17.0,60.0,HD,Standard,0,0,0,Used,Colombo,5900.0
Acer - G2 45H Monitor,Acer,24.0,60.0,1080p FHD,Standard,0,0,0,Used,Gampaha,13500.0
"24"" IPS Monitor (New) Eye Care 120HZ|Frameless|1ms (MPRT)|Gaming - Asus",Asus,24.0,120.0,1080p FHD,IPS,0,1,1,Brand New,Gampaha,32950.0
Samsung 24 Inch Wide LED 1080P Full HD Monitor,Samsung,24.0,60.0,1080p FHD,Standard,0,0,0,Used,Colombo,10500.0
KOORUI G2711P FHD IPS 27INCH 200HZ BRAND NEW GAMING MONITOR,Other,27.0,200.0,1080p FHD,IPS,0,1,0,Brand New,Colombo,51500.0
MSI Pro MP245PG E14 23.8″ INCH 144HZ 1MS FHD FRAMELESS MONITOR NEW,MSI,23.0,144.0,1080p FHD,Standard,0,1,1,Brand New,Colombo,47500.0
"MSI 24"" Optix G2422 170Hz IPS Gaming Monitor",MSI,24.0,170.0,1080p FHD,IPS,0,1,0,Brand New,Colombo,72000.0
"MSI 24"" Optix G2422 170Hz IPS Gaming Monitor",MSI,24.0,170.0,1080p FHD,IPS,0,1,0,Brand New,Colombo,72000.0
"Samsung F24T450FQE 24"" Inch Full HD IPS Frameless HDMI Used Monitor",Samsung,24.0,60.0,1080p FHD,IPS,0,0,1,Used,Colombo,21990.0
"Dell P2319H 23"" Inch IPS Frameless Full HD HDMI Used Monitor",Dell,23.0,60.0,1080p FHD,IPS,0,0,1,Used,Colombo,20500.0
"2K 32"" Monitor Curved (2560 × 1440P) GAMING|QHD|144HZ",Other,32.0,144.0,2K QHD,Standard,1,1,0,Used,Gampaha,55250.0
Brand New Acer Vero Series CB272 P6BMIPRX 144HZ Full HD Monitor,Acer,24.0,144.0,1080p FHD,Standard,0,1,0,Brand New,Colombo,44990.0
𝟐𝟒” 𝐋𝐄𝐃 𝐌𝐎𝐍𝐈𝐓𝐎𝐑,Other,24.0,60.0,1080p FHD,Standard,0,0,0,Used,Colombo,11500.0
"23"" IPS FHD HDMI FRAMELESS MONITOR",Other,23.0,60.0,1080p FHD,IPS,0,0,1,Used,Gampaha,19450.0
"Acer EK271 27"" Inch 144Hz IPS HDMI Frameless Gaming Monitor",Acer,27.0,144.0,1080p FHD,IPS,0,1,1,Brand New,Colombo,35990.0
"Acer EK251 P6BI 25"" Inch 144Hz IPS HDMI Frameless Gaming Monitor",Acer,25.0,144.0,1080p FHD,IPS,0,1,1,Brand New,Colombo,31500.0
"MSI Pro MP243L E14 24.5"" Inch 144Hz 1ms FHD IPS Productivity Monitor",MSI,24.5,144.0,1080p FHD,IPS,0,1,0,Brand New,Colombo,33500.0
"MSI PRO MP225 E12VL 21.5"" Inch 120Hz 1ms FHD Slim Frameless Monitor",MSI,21.5,120.0,1080p FHD,Standard,0,1,1,Brand New,Colombo,26500.0
MSI Pro MP245PG E14 23.8″ INCH 144HZ 1MS FHD FRAMELESS MONITOR NEW,MSI,23.0,144.0,1080p FHD,Standard,0,1,1,Brand New,Colombo,47500.0
HP 22” Ips HDMI Monitor,HP,22.0,60.0,HD,IPS,0,0,0,Used,Colombo,11900.0
20” Wide Monitor,Other,20.0,60.0,HD,Standard,0,0,0,Used,Colombo,7900.0
19” Monitor,Other,19.0,60.0,HD,Standard,0,0,0,Used,Colombo,6500.0
17” Monitor,Other,17.0,60.0,HD,Standard,0,0,0,Used,Colombo,5900.0
Falcon 24” Wide Led Monitor,Other,24.0,60.0,1080p FHD,Standard,0,0,0,Brand New,Colombo,22900.0
Falcon 19” Wide LED Monitor,Other,19.0,60.0,HD,Standard,0,0,0,Brand New,Colombo,17500.0
Falcon 17” LED HDMI Monitor,Other,17.0,60.0,HD,Standard,0,0,0,Brand New,Colombo,9900.0
MSI Modern MD272QXP 27″ Business and Productivity Monitor 100Hz 2K WQHD,MSI,27.0,100.0,2K QHD,Standard,0,1,0,Brand New,Colombo,95000.0
"MSI Optix MAG401QR 40"" UWQHD IPS 155Hz 1ms Adaptive Sync Gaming Monitor",MSI,40.0,155.0,2K QHD,IPS,0,1,0,Brand New,Colombo,185000.0
MSI Pro MP243 23.8” 75Hz 1Ms FHD IPS Ultra Slim Frameless Monitor,MSI,23.0,75.0,1080p FHD,IPS,0,0,1,Brand New,Colombo,51500.0
MSI Pro MP243 23.8” 75Hz 1Ms FHD IPS Ultra Slim Frameless Monitor,MSI,23.0,75.0,1080p FHD,IPS,0,0,1,Brand New,Colombo,51500.0
"KOORUI 27"" E2721H QHD IPS 120HZ 2K BRAND NEW GAMING MONITOR",Other,27.0,120.0,2K QHD,IPS,0,1,0,Brand New,Colombo,52500.0
"LG 19"" Square LED Monitor",LG,19.0,60.0,HD,Standard,0,0,0,Used,Gampaha,7500.0
"Acer EK251 P6BI 25"" Inch 144Hz IPS HDMI Frameless Gaming Monitor",Acer,25.0,144.0,1080p FHD,IPS,0,1,1,Brand New,Colombo,31500.0
Brandnew Acer 27 Inch \Monitors\ (144Hz),Acer,27.0,144.0,1080p FHD,Standard,0,1,0,Brand New,Colombo,37500.0
"Acer 27"" Full HD Nitro Gaming Monitor - KG273 W3 240Hz Brand New",Acer,27.0,240.0,1080p FHD,Standard,0,1,0,Brand New,Colombo,49500.0
"Lenovo ThinkVision P24Q-30 24"" 2K IPS HDMI Monitor - (With Box)",Lenovo,24.0,60.0,2K QHD,IPS,0,0,0,Used,Colombo,39500.0
"Lenovo ThinkVision P24Q-30 24"" 2K IPS HDMI Monitor - (With Box)",Lenovo,24.0,60.0,2K QHD,IPS,0,0,0,Used,Colombo,39500.0
"Full HD IPS Dell P2419H 24"" Monitor",Dell,24.0,60.0,1080p FHD,IPS,0,0,0,Used,Colombo,29900.0
30 INCH DELL ULTRASHARP IPS HDMI USED MONITOR,Dell,30.0,60.0,HD,IPS,0,0,0,Used,Colombo,34500.0
27 Inch Dell P2714HC IPS LED USED Monitor,Dell,27.0,60.0,1080p FHD,IPS,0,0,0,Used,Colombo,28000.0
"Dell P2319H 23"" inch Full HD IPS HDMI Frameless Used Monitor (No Cables)",Dell,23.0,60.0,1080p FHD,IPS,0,0,1,Used,Colombo,20500.0
"RANDOM BRAND USED MONITORS WITHOUT BASE (STAND) 19"" 20"" 22"" & 24""",Other,19.0,60.0,HD,Standard,0,0,0,Used,Colombo,5000.0
27 INCH LED FULL HD MONITOR ( INBUILT SPEAKERS ),Other,27.0,60.0,1080p FHD,Standard,0,0,0,Used,Kalutara,24000.0
24 Inch Dell P2422HE IPS Frameless USED TYPE-C FHD MONITOR,Dell,24.0,60.0,1080p FHD,IPS,0,0,1,Used,Colombo,27500.0
Monitor,Other,24.0,60.0,1080p FHD,Standard,0,0,0,Used,Gampaha,16500.0
27 Inch Lenovo Thinkvision IPS FHD HDMI USED MONITOR,Lenovo,27.0,60.0,1080p FHD,IPS,0,0,0,Used,Colombo,27500.0
"RANDOM BRAND USED MONITORS WITHOUT BASE (STAND) 22""",Other,22.0,60.0,1080p FHD,Standard,0,0,0,Used,Colombo,7500.0
27 Inch Atec FULL HD LED Used Monitor,Other,27.0,60.0,1080p FHD,Standard,0,0,0,Used,Colombo,21500.0
"RANDOM BRAND USED MONITORS WITHOUT BASE (STAND) 24""",Other,24.0,60.0,1080p FHD,Standard,0,0,0,Used,Colombo,10000.0
"MSI PRO MP243L E14 24.5"" Inch 144Hz 1ms FHD IPS Productivity Monitor",MSI,24.5,144.0,1080p FHD,IPS,0,1,0,Brand New,Colombo,33500.0
Asus TUF Gaming VG279QE5A 27″ FHD IPS 146HZ Monitor,Asus,27.0,146.0,1080p FHD,IPS,0,1,0,Brand New,Colombo,46500.0
"ViewSonic VA2432A-H 24"" Inch Full HD IPS 120Hz Frameless Monitor New",Viewsonic,24.0,120.0,1080p FHD,IPS,0,1,1,Brand New,Colombo,35500.0
"Emark 24"" EW2427SH 144Hz IPS Full HD Frameless Gaming Monitor",Other,24.0,144.0,1080p FHD,IPS,0,1,1,Brand New,Colombo,29990.0
"MSI Pro MP225 E12VL 21.5"" Inch 120HZ FHD Slim Frameless Monitor",MSI,21.5,120.0,1080p FHD,Standard,0,1,1,Brand New,Colombo,26500.0
"Emark 24"" EW2427SH 144Hz IPS Full HD Frameless Gaming Monitor",Other,24.0,144.0,1080p FHD,IPS,0,1,1,Brand New,Colombo,29990.0
"MSI Pro MP243L E14 24.5"" Inch 144Hz 1ms FHD IPS Monitor",MSI,24.5,144.0,1080p FHD,IPS,0,1,0,Brand New,Colombo,33500.0
MSI Pro MP245PG E14 23.8″ INCH 144HZ 1MS FHD FRAMELESS MONITOR NEW,MSI,23.0,144.0,1080p FHD,Standard,0,1,1,Brand New,Colombo,47500.0
"Koorui 22"" E2212H 100HZ 21.5 Inches FHD Brand New Monitor",Other,22.0,100.0,1080p FHD,Standard,0,1,0,Brand New,Colombo,25500.0
"Acer EK251 P6BI 25"" Inch 144Hz IPS HDMI Frameless Gaming Monitor",Acer,25.0,144.0,1080p FHD,IPS,0,1,1,Used,Colombo,31500.0
"Acer EK271 27"" Inch 144Hz IPS HDMI Frameless Gaming Monitor",Acer,27.0,144.0,1080p FHD,IPS,0,1,1,Brand New,Colombo,35990.0
Dell Monitor 19 Inch,Dell,19.0,60.0,HD,Standard,0,0,0,Used,Colombo,11000.0
Monitor,Other,24.0,60.0,1080p FHD,Standard,0,0,0,Used,Other,10000.0
"Asus Monitor 24"" IPS (New) Eye Care - 120HZ|Frameless|1ms (MPRT)|Gaming",Asus,24.0,120.0,1080p FHD,IPS,0,1,1,Brand New,Gampaha,32950.0
ASUS TUF Gaming Monitor 180hz,Asus,24.0,180.0,1080p FHD,Standard,0,1,0,Used,Colombo,37000.0
"32"" 2K Curved Monitor (2560 × 1440P) GAMING|QHD|144HZ",Other,32.0,144.0,2K QHD,Standard,1,1,0,Used,Colombo,55250.0
Brandnew Acer 27 Inch Monitors (144Hz),Acer,27.0,144.0,1080p FHD,Standard,0,1,0,Brand New,Colombo,37500.0
Samsung T35F 22 IPS,Samsung,22.0,60.0,1080p FHD,IPS,0,0,0,Used,Kandy,17500.0
"Acer EK271 27"" Inch 144Hz IPS HDMI Frameless Gaming Monitor",Acer,27.0,144.0,1080p FHD,IPS,0,1,1,Brand New,Colombo,36000.0
"Acer Vero Series CB272 P6bmiprx 27"" Inch144Hz Full HD IPS Monitor NEW",Acer,27.0,144.0,1080p FHD,IPS,0,1,0,Brand New,Colombo,44990.0
22’Inch LED Wide Monitor CCTV Computer,Other,22.0,60.0,1080p FHD,Standard,0,0,0,Used,Other,11000.0
LG UltraGear 27″ Gaming Monitor,LG,27.0,60.0,1080p FHD,Standard,0,1,0,Used,Kurunegala,90000.0
BenQ Computer Display Screen USED,Benq,24.0,60.0,1080p FHD,Standard,0,0,0,Used,Colombo,7000.0
"Acer V206HQL 19.5"" Monitor",Acer,19.5,60.0,HD,Standard,0,0,0,Used,Anuradhapura,11000.0
Samsung Monitor 19 Inch,Samsung,19.0,60.0,HD,Standard,0,0,0,Used,Colombo,9000.0
20’Inch LED Wide Monitor,Other,20.0,60.0,HD,Standard,0,0,0,Used,Colombo,8900.0
"Acer 19"" Square Monitor (B193L)",Acer,19.0,60.0,HD,Standard,0,0,0,Used,Colombo,4500.0
"Curved Monitor 32"" 2K (2560 × 1440P) QHD | 144HZ GAMING",Other,32.0,144.0,2K QHD,Standard,1,1,0,Used,Gampaha,55250.0
MSI PRO MP223 Monitor,MSI,24.0,60.0,1080p FHD,Standard,0,0,0,Used,Gampaha,21000.0
"ATEC 27"" Full HD LED Monitor",Other,27.0,60.0,1080p FHD,Standard,0,0,0,Used,Colombo,25500.0
"ATEC 27"" Full HD LED Monitor",Other,27.0,60.0,1080p FHD,Standard,0,0,0,Used,Colombo,25500.0
"Acer EK271 27"" Inch 144Hz IPS HDMI Frameless Gaming Monitor",Acer,27.0,144.0,1080p FHD,IPS,0,1,1,Brand New,Colombo,35990.0
"Acer EK251 P6BI 25"" Inch 144Hz IPS HDMI Frameless Gaming Monitor",Acer,25.0,144.0,1080p FHD,IPS,0,1,1,Brand New,Colombo,31500.0
MSI Pro MP245PG E14 23.8″ INCH 144HZ 1MS FHD FRAMELESS MONITOR NEW,MSI,23.0,144.0,1080p FHD,Standard,0,1,1,Brand New,Colombo,47500.0
"MSI Pro MP243L E14 24.5"" Inch 144Hz 1ms FHD IPS Productivity Monitor",MSI,24.5,144.0,1080p FHD,IPS,0,1,0,Brand New,Colombo,33500.0
"MSI PRO MP225 E12VL 21.5"" Inch 120Hz 1ms FHD Slim Frameless Monitor",MSI,21.5,120.0,1080p FHD,Standard,0,1,1,Brand New,Colombo,26500.0
Used Dell 19 Inch Square Monitor,Dell,19.0,60.0,HD,Standard,0,0,0,Used,Anuradhapura,7000.0
Koorui E2411K 24INCH 144HZ IPS FHD Brand New Monitor,Other,24.0,144.0,1080p FHD,IPS,0,1,0,Brand New,Colombo,33000.0
"ViewSonic VX3480-2K-PRO 34"" UWQHD Gaming Monitor",Viewsonic,34.0,60.0,2K QHD,Standard,0,1,0,Brand New,Colombo,133990.0
"MSI Optix MAG401QR 40"" UWQHD IPS 155Hz 1ms Adaptive Sync Gaming Monitor",MSI,40.0,155.0,2K QHD,IPS,0,1,0,Brand New,Colombo,185000.0
"Dell P2319H 23"" Inch IPS Frameless Full HD HDMI Used Monitor",Dell,23.0,60.0,1080p FHD,IPS,0,0,1,Used,Colombo,20500.0
Falcon 24” Wide LED HDMI Monitor,Other,24.0,60.0,HD,Standard,0,0,0,Brand New,Colombo,22500.0
Falcon 17” Wide LED Monitor,Other,17.0,60.0,HD,Standard,0,0,0,Brand New,Colombo,9900.0
Falcon 19” Wide LED Monitor,Other,19.0,60.0,HD,Standard,0,0,0,Brand New,Colombo,16900.0
Asus 27 inch ips monitor,Asus,27.0,60.0,1080p FHD,IPS,0,0,0,Used,Kalutara,35000.0
"SAMSUNG S24D300GAE 24"" IPS Flat FHD 100Hz Monitor",Samsung,24.0,100.0,1080p FHD,IPS,0,1,0,Brand New,Colombo,34000.0
"SAMSUNG S24D300GAE 24"" IPS Flat FHD 100Hz Monitor",Samsung,24.0,100.0,1080p FHD,IPS,0,1,0,Brand New,Colombo,34000.0
"Samsung F24T450FQE 24"" Inch Full HD IPS Frameless HDMI Used Monitor",Samsung,24.0,60.0,1080p FHD,IPS,0,0,1,Used,Colombo,20990.0
"MSI Pro MP225 E12VL 21.5"" Inch 120HZ FHD Slim Frameless Monitor",MSI,21.5,120.0,1080p FHD,Standard,0,1,1,Brand New,Colombo,26500.0
"Acer 27"" Full HD Nitro Gaming Monitor - KG273 W3 240Hz Brand New",Acer,27.0,240.0,1080p FHD,Standard,0,1,0,Brand New,Colombo,49500.0
32 INCH Samsung IPS HDMI 2K Used Monitor,Samsung,32.0,60.0,2K QHD,IPS,0,0,0,Used,Colombo,39000.0
24 Inch Dell P2422HE IPS Frameless Used Type-C FHD Monitor,Dell,24.0,60.0,1080p FHD,IPS,0,0,1,Used,Colombo,27500.0
Complete Billing & Inventory POS System for Retail Wholesale.,Other,24.0,60.0,1080p FHD,Standard,0,0,0,Brand New,Colombo,20000.0
27 Inch Atec Full HD LED Used Monitor,Other,27.0,60.0,1080p FHD,Standard,0,0,0,Used,Colombo,21500.0
27 Inch IPS Samsung Monitor with Box,Samsung,27.0,60.0,1080p FHD,IPS,0,0,0,Brand New,Kandy,35000.0
27 Inch Dell P2714HC IPS LED Used Monitor,Dell,27.0,60.0,1080p FHD,IPS,0,0,0,Used,Colombo,28000.0
24″Inch 2K QHD IPS Frameless Lenovo Thinkvision HDMI Used Monitor,Lenovo,24.0,60.0,2K QHD,IPS,0,0,1,Used,Colombo,32000.0
Brandnew Acer 27 Inch Monitors (144Hz),Acer,27.0,144.0,1080p FHD,Standard,0,1,0,Brand New,Colombo,37500.0
"KOORUI 27"" E2721H QHD IPS 120HZ 2K BRAND NEW GAMING MONITOR",Other,27.0,120.0,2K QHD,IPS,0,1,0,Brand New,Colombo,52500.0
"Koorui 22"" E2212H 100HZ 21.5 Inches FHD Brand New Monitor",Other,22.0,100.0,1080p FHD,Standard,0,1,0,Brand New,Colombo,25500.0
Asus TUF Gaming VG279QE5A 27″ FHD IPS 146HZ Monitor,Asus,27.0,146.0,1080p FHD,IPS,0,1,0,Brand New,Colombo,46500.0
"24"" IPS Asus Monitor (New) Eye Care - 120HZ|Frameless|1ms (MPRT)|Gaming",Asus,24.0,120.0,1080p FHD,IPS,0,1,1,Brand New,Gampaha,32950.0
"Monitor 32"" 2K Curved (2560 × 1440P) QHD | 144HZ GAMING",Other,32.0,144.0,2K QHD,Standard,1,1,0,Used,Colombo,55250.0
"22"" IPS MONITOR SLIM FRAMELESS (1980 x 1080P) HDMI FHD",Other,22.0,60.0,1080p FHD,IPS,0,0,1,Used,Gampaha,17450.0
"Dell P2419H 24"" Full HD IPS Monitor",Dell,24.0,60.0,1080p FHD,IPS,0,0,0,Used,Colombo,29900.0
"Acer EK271 27"" Inch 144Hz IPS HDMI Frameless Gaming Monitor",Acer,27.0,144.0,1080p FHD,IPS,0,1,1,Brand New,Colombo,37000.0
"MSI Pro MP251L E2 25"" Inch 120HZ Full HD IPS Frameless Monitor",MSI,25.0,120.0,1080p FHD,IPS,0,1,1,Brand New,Colombo,32000.0
"Emark 24"" EW2427SH 144Hz IPS Full HD Frameless Gaming Monitor",Other,24.0,144.0,1080p FHD,IPS,0,1,1,Brand New,Colombo,29990.0
Brand New Acer Vero Series CB272 P6BMIPRX 144HZ Full HD Monitor,Acer,24.0,144.0,1080p FHD,Standard,0,1,0,Brand New,Colombo,44990.0
Dell LED Monitor,Dell,24.0,60.0,1080p FHD,Standard,0,0,0,Used,Gampaha,6000.0
Lenovo 75hz Monitor,Lenovo,24.0,75.0,1080p FHD,Standard,0,0,0,Used,Colombo,27000.0
"ACER EK251Q 24.5"" 100Hz IPS Monitor",Acer,24.5,100.0,1080p FHD,IPS,0,1,0,Brand New,Colombo,33500.0
"ACER EK251Q 24.5"" 100Hz IPS Monitor",Acer,24.5,100.0,1080p FHD,IPS,0,1,0,Brand New,Colombo,33500.0
MSI Mag 325QF E18V 31.5” Inch -NEW Gaming Monitor,MSI,24.0,60.0,1080p FHD,Standard,0,1,0,Brand New,Colombo,94500.0
24 INCH FRAMELESS MONITOR,Other,24.0,60.0,1080p FHD,Standard,0,0,1,Used,Kalutara,19000.0
MSI Modern MD272QXP 27″ Business and Productivity Monitor 100Hz 2K WQHD,MSI,27.0,100.0,2K QHD,Standard,0,1,0,Brand New,Colombo,95000.0
HP G4 24 INCH FRAMELESS IPS Rotetable MONITOR,HP,24.0,60.0,1080p FHD,IPS,0,0,1,Used,Kalutara,25000.0
24 inch FRAMELESS LG FULL HD MONITOR,LG,24.0,60.0,1080p FHD,Standard,0,0,1,Used,Kalutara,20000.0
"ViewSonic VX3480-2K-PRO 34"" UWQHD Gaming Monitor",Viewsonic,34.0,60.0,2K QHD,Standard,0,1,0,Brand New,Colombo,133990.0
"MSI Optix MAG401QR 40"" UWQHD IPS 155Hz 1ms Adaptive Sync Gaming Monitor",MSI,40.0,155.0,2K QHD,IPS,0,1,0,Brand New,Colombo,185000.0
"KOORUI G3441XC 34"" UWQHD 240Hz Curved Gaming Monitor",Other,34.0,240.0,2K QHD,Standard,1,1,0,Brand New,Colombo,99000.0
"KOORUI G3221SC 2K 170Hz 90% DCI-P3 32"" Curved Gaming Monitor",Other,32.0,170.0,2K QHD,Standard,1,1,0,Brand New,Colombo,70900.0
Koorui E2411K 24 INCH 144HZ IPS FHD Brand New Monitor,Other,24.0,144.0,1080p FHD,IPS,0,1,0,Brand New,Colombo,33000.0
KOORUI G2411P 24-inch IPS FHD 200Hz Gaming Monitor,Other,24.0,200.0,1080p FHD,IPS,0,1,0,Brand New,Colombo,39000.0
"Koorui 22"" E2212H 100HZ 21.5 Inches FHD Brand New Monitor",Other,22.0,100.0,1080p FHD,Standard,0,1,0,Brand New,Colombo,25500.0
Computer Monitor,Other,24.0,60.0,1080p FHD,Standard,0,0,0,Used,Anuradhapura,6250.0
24 INCH SAMSUNG LED MONITOR ( HDMI),Samsung,24.0,60.0,HD,Standard,0,0,0,Used,Kalutara,14000.0
Acer 27 Inch Gaming Moniters |144Hz refresh rate| Frameless,Acer,27.0,144.0,1080p FHD,Standard,0,1,1,Brand New,Colombo,36800.0
"Emark 24"" EW2427SH 144Hz IPS Full HD Frameless Gaming Monitor",Other,24.0,144.0,1080p FHD,IPS,0,1,1,Brand New,Colombo,29990.0
Falcon 22 inch Monitor,Other,22.0,60.0,1080p FHD,Standard,0,0,0,Used,Colombo,15000.0
Viewsonic VA270A-H 27INCH 120Hz FHD IPS Brand New Monitor,Viewsonic,27.0,120.0,1080p FHD,IPS,0,1,0,Brand New,Colombo,41500.0
"ViewSonic VA2432A-H 24"" Inch Full HD IPS 120Hz Frameless Monitor New",Viewsonic,24.0,120.0,1080p FHD,IPS,0,1,1,Brand New,Colombo,32000.0
"Acer EK271 27"" Inch 144Hz IPS HDMI Frameless Gaming Monitor",Acer,27.0,144.0,1080p FHD,IPS,0,1,1,Brand New,Colombo,35990.0
"Acer EK251 P6BI 25"" Inch 144Hz IPS HDMI Frameless Gaming Monitor",Acer,25.0,144.0,1080p FHD,IPS,0,1,1,Brand New,Colombo,31500.0
MSI Pro MP245PG E14 23.8″ INCH 144HZ 1MS FHD FRAMELESS MONITOR NEW,MSI,23.0,144.0,1080p FHD,Standard,0,1,1,Brand New,Colombo,47500.0
"MSI Pro MP243L E14 24.5"" Inch 144Hz 1ms FHD IPS Monitor",MSI,24.5,144.0,1080p FHD,IPS,0,1,0,Brand New,Colombo,33500.0
"MSI Pro MP225 E12VL 21.5"" Inch 120HZ FHD Slim Frameless Monitor",MSI,21.5,120.0,1080p FHD,Standard,0,1,1,Brand New,Colombo,26500.0
monitor,Other,24.0,60.0,1080p FHD,Standard,0,0,0,Used,Colombo,15000.0
"Emark 24"" EW2427SH 144Hz IPS Full HD Frameless Gaming Monitor",Other,24.0,144.0,1080p FHD,IPS,0,1,1,Brand New,Colombo,29990.0
KOORUI G2711P FHD IPS 27INCH 200HZ BRAND NEW GAMING MONITOR,Other,27.0,200.0,1080p FHD,IPS,0,1,0,Brand New,Colombo,51500.0
"ViewSonic VA2432A-H 24"" Inch Full HD IPS 120HZ Frameless Monitor New",Viewsonic,24.0,120.0,1080p FHD,IPS,0,1,1,Brand New,Colombo,35500.0
"Lenovo ThinkVision T2324d 23"" Full HD 1080p Monitor With Rotatable Stand",Lenovo,23.0,60.0,1080p FHD,Standard,0,0,0,Used,Other,13000.0
"Lenovo ThinkVision T2324pA 23"" Full HD 1080p",Lenovo,23.0,60.0,1080p FHD,Standard,0,0,0,Used,Other,13000.0
"MSI PRO MP225 E12VL 21.5"" Inch 120Hz 1ms FHD Slim Frameless Monitor",MSI,21.5,120.0,1080p FHD,Standard,0,1,1,Brand New,Colombo,27500.0
"Koorui GN06 27″ FHD 1080P IPS Brand New Monitor,",Other,27.0,60.0,1080p FHD,IPS,0,0,0,Brand New,Colombo,53500.0
"ViewSonic VA2432A-H 24"" Inch Full HD IPS 120Hz Frameless Monitor New",Viewsonic,24.0,120.0,1080p FHD,IPS,0,1,1,Brand New,Colombo,35500.0
Brandnew Acer 27 Inch Monitors (144Hz),Acer,27.0,144.0,1080p FHD,Standard,0,1,0,Used,Colombo,37500.0
Lenovo Thinkvision 27 Inch IPS FHD HDMI Used Monitor,Lenovo,27.0,60.0,1080p FHD,IPS,0,0,0,Used,Colombo,27500.0
Dell P2422HE 24 Inch IPS Frameless Used Type-C FHD Monitor,Dell,24.0,60.0,1080p FHD,IPS,0,0,1,Used,Colombo,27500.0
Dell P2714HC 27 Inch IPS LED Used Monitor,Dell,27.0,60.0,1080p FHD,IPS,0,0,0,Used,Colombo,28000.0
24″Inch 2K QHD IPS Frameless Lenovo Thinkvision HDMI Used Monitor,Lenovo,24.0,60.0,2K QHD,IPS,0,0,1,Used,Colombo,32000.0
Asus Rog Strix XG259CMS 24.5” Gaming Monitor,Asus,24.0,60.0,1080p FHD,Standard,0,1,0,Brand New,Colombo,110000.0
Samsung LS24F320GAEXXS 24″ IPS FHD 120Hz Essential New Monitor,Samsung,24.0,120.0,1080p FHD,IPS,0,1,0,Brand New,Colombo,35500.0
Koorui GN06 27″ FHD 1080P IPS Brand New Monitor,Other,27.0,60.0,1080p FHD,IPS,0,0,0,Brand New,Colombo,53500.0
"Samsung 24"" IPS Monitor",Samsung,24.0,60.0,1080p FHD,IPS,0,0,0,Used,Jaffna,23500.0
24 Inch 1080p Monitor with Inbuilt Speakers,Other,24.0,60.0,1080p FHD,Standard,0,0,0,Used,Colombo,12000.0
"Samsung 22"" IPS Monitor",Samsung,22.0,60.0,1080p FHD,IPS,0,0,0,Used,Jaffna,18000.0
"HP - EliteDisplay E24 G4 24"" Inch Frameless IPS LED Monitor",HP,24.0,60.0,1080p FHD,IPS,0,0,1,Used,Colombo,26500.0
"HP - EliteDisplay E24 G4 24"" Inch Frameless IPS LED Monitor",HP,24.0,60.0,1080p FHD,IPS,0,0,1,Used,Colombo,26500.0
"Acer EK271 27"" Inch 144Hz IPS HDMI Frameless Gaming Monitor",Acer,27.0,144.0,1080p FHD,IPS,0,1,1,Brand New,Colombo,35990.0
"Acer EK251 P6BI 25"" Inch 144Hz IPS HDMI Frameless Gaming Monitor",Acer,25.0,144.0,1080p FHD,IPS,0,1,1,Brand New,Colombo,31500.0
MSI Pro MP245PG E14 23.8″ INCH 144HZ 1MS FHD FRAMELESS MONITOR NEW,MSI,23.0,144.0,1080p FHD,Standard,0,1,1,Brand New,Colombo,47500.0
"MSI Pro MP243L E14 24.5"" Inch 144Hz 1ms FHD IPS Productivity Monitor",MSI,24.5,144.0,1080p FHD,IPS,0,1,0,Brand New,Colombo,33500.0
"MSI PRO MP225 E12VL 21.5"" Inch 120Hz 1ms FHD Slim Frameless Monitor",MSI,21.5,120.0,1080p FHD,Standard,0,1,1,Brand New,Colombo,26500.0
"Samsung 20"" VGA Monitor",Samsung,20.0,60.0,HD,Standard,0,0,0,Used,Jaffna,13500.0
"MSI PRO MP243L E14 24.5"" Inch 144Hz 1ms FHD IPS Productivity Monitor",MSI,24.5,144.0,1080p FHD,IPS,0,1,0,Brand New,Colombo,33500.0
"Dell P2319H 23"" inch Full HD IPS HDMI Frameless Used Monitor (No Cables)",Dell,23.0,60.0,1080p FHD,IPS,0,0,1,Used,Colombo,20500.0
"Samsung 20"" HDMI Monitor",Samsung,20.0,60.0,HD,Standard,0,0,0,Used,Jaffna,14000.0
"HP 22"" Widescreen Monitor",HP,22.0,60.0,1080p FHD,Standard,0,0,0,Used,Jaffna,14000.0
"Asus VY279HGR 27"" Inch Full HD IPS Level 120Hz Adaptive Sync Monitor",Asus,27.0,120.0,1080p FHD,IPS,0,1,0,Brand New,Colombo,46000.0
"HP 20"" Widescreen Monitor",HP,20.0,60.0,HD,Standard,0,0,0,Used,Jaffna,12500.0
"HP 19"" Widescreen Monitor",HP,19.0,60.0,HD,Standard,0,0,0,Used,Jaffna,11500.0
"ASUS VZ27EHE Eye Care Monitor – 27 inch Full HD (1920 x 1080),",Asus,27.0,60.0,1080p FHD,Standard,0,0,0,Brand New,Galle,48000.0
HP P27h G4 27’Inch frameless FHD Monitor,HP,27.0,60.0,1080p FHD,Standard,0,0,1,Brand New,Colombo,39500.0
Dell 24’inch Video Conferencing Monitor ( C2422HE ),Dell,24.0,60.0,1080p FHD,Standard,0,0,0,Brand New,Colombo,57500.0
HP P27H G4 24’inch IPS FHD Frameless moniter,HP,24.0,60.0,1080p FHD,IPS,0,0,1,Used,Colombo,32500.0
Dell 55 Inch 4K Interactive Touch Monitor C5522QT,Dell,55.0,60.0,4K UHD,Standard,0,0,0,Used,Colombo,185000.0
"Asus VY249 HE 23.8"" IPS Monitor",Asus,23.8,60.0,1080p FHD,IPS,0,0,0,Used,Colombo,30000.0
"MONITOR 22"" IPS SLIM FRAMELESS (1980 x 1080P) FHD HDMI",Other,22.0,60.0,1080p FHD,IPS,0,0,1,Used,Gampaha,17450.0
"32"" 2K Curved Monitor (2560 × 1440P) QHD | 144HZ ~ Gaming",Other,32.0,144.0,2K QHD,Standard,1,1,0,Used,Gampaha,55250.0
Monitor - 17 | 19 20 22 23 24 27 INCH LCD LED IPS 2K FRAMELESS,Other,27.0,60.0,2K QHD,IPS,0,0,1,Used,Kalutara,6500.0
"Samsung F24T450FQE 24"" Inch Full HD IPS Frameless HDMI Used Monitor",Samsung,24.0,60.0,1080p FHD,IPS,0,0,1,Used,Colombo,21990.0
"Dell P2319H 23"" Inch IPS Frameless Full HD HDMI Used Monitor",Dell,23.0,60.0,1080p FHD,IPS,0,0,1,Used,Colombo,20500.0
Samsung 22″IPS 100Hz LS22D300GAEXXS Brand New Monitor,Samsung,22.0,100.0,1080p FHD,IPS,0,1,0,Brand New,Colombo,26500.0
Acer - EK251QP6 24.5INCH 144Hz IPS Brand New Montor,Acer,24.5,144.0,1080p FHD,IPS,0,1,0,Brand New,Colombo,34000.0
MSI Mag 321CQF E18 31.5” inch Curved Gaming Monitor,MSI,24.0,60.0,1080p FHD,Standard,1,1,0,Brand New,Colombo,97500.0
Koorui 27″ S2741LM - b Monitor,Other,27.0,60.0,1080p FHD,Standard,0,0,0,Brand New,Colombo,165500.0
MSI - Pro MP251L E2 24.5″INCH Fhd Ultra Slim Framless Monitor,MSI,24.0,60.0,1080p FHD,Standard,0,0,0,Brand New,Colombo,32500.0
ASUS VA259HGA Eye Care Gaming Monitor – 25-inch,Asus,25.0,60.0,1080p FHD,Standard,0,1,0,Brand New,Colombo,36500.0
Koorui 27″Inch 27N5CA Curved Va Brand New Monitor 75Hz,Other,27.0,75.0,1080p FHD,VA,1,0,0,Brand New,Colombo,41000.0
Asus Tuf Gaming Vg279 Q3 R BRAND-NEW Monitor,Asus,24.0,60.0,1080p FHD,Standard,0,1,0,Brand New,Colombo,57400.0
Asus - VY279HGR 27″ Inch Brand New Gaming Monitor,Asus,27.0,60.0,1080p FHD,Standard,0,1,0,Brand New,Colombo,49500.0
Acer Nitro KG273 W3 27INCH Gaming Monitor,Acer,27.0,60.0,1080p FHD,Standard,0,1,0,Brand New,Colombo,50000.0
MSI Mag 325QF E18V 31.5” Inch Gaming Monitor,MSI,24.0,60.0,1080p FHD,Standard,0,1,0,Brand New,Colombo,92000.0
Samsung LS24F320GAEXXS 24″ Ips FHD 120Hz Essential Monitor,Samsung,24.0,120.0,1080p FHD,IPS,0,1,0,Brand New,Colombo,40000.0
MSI Pro MP225V 21.5 Inch Professional Brand New Monitor,MSI,21.5,60.0,1080p FHD,Standard,0,0,0,Brand New,Colombo,25500.0
Samsung Odyssey LS25BG400EEXXS 25 Inch Brand New Gaming Monitor,Samsung,25.0,60.0,1080p FHD,Standard,0,1,0,Brand New,Colombo,89500.0
Samsung LS27BG400EEXXS 27 Inch Brand New Gaming Monitor,Samsung,27.0,60.0,1080p FHD,Standard,0,1,0,Brand New,Colombo,98000.0
Acer 27 Inch\ Brandnew Monitors (144Hz).,Acer,27.0,144.0,1080p FHD,Standard,0,1,0,Brand New,Colombo,37500.0
MSI PRO MP243L E14 23.8 INCH FHD 144Hz IPS BRAND NEW MONITOR..,MSI,23.8,144.0,1080p FHD,IPS,0,1,0,Brand New,Colombo,34000.0
"KOORUI 27"" E2721H QHD IPS 120HZ 2K BRAND NEW GAMING MONITOR",Other,27.0,120.0,2K QHD,IPS,0,1,0,Brand New,Colombo,52500.0
Asus TUF Gaming VG279QE5A 27″ FHD IPS 146HZ Monitor,Asus,27.0,146.0,1080p FHD,IPS,0,1,0,Brand New,Colombo,46500.0
"Acer 27"" Full HD Nitro Gaming Monitor - KG273 W3 240Hz Brand New",Acer,27.0,240.0,1080p FHD,Standard,0,1,0,Brand New,Colombo,49500.0
"Dell P2317H 23"" inch Full HD IPS monitor USED",Dell,23.0,60.0,1080p FHD,IPS,0,0,0,Used,Colombo,15000.0
32 Inch Samsung IPS HDMI 2K Used Monitor,Samsung,32.0,60.0,2K QHD,IPS,0,0,0,Used,Colombo,39000.0
23″Inch HP Elite E230T IPS Touch Screen Used Monitor,HP,23.0,60.0,1080p FHD,IPS,0,0,0,Used,Colombo,38500.0
20 Inch Dell LED Used Monitor-E2016H,Dell,20.0,60.0,HD,Standard,0,0,0,Used,Colombo,9800.0
27 Inch Dell P2714HC IPS LED Used Monitor,Dell,27.0,60.0,1080p FHD,IPS,0,0,0,Used,Colombo,28000.0
24 Inch Dell P2422HE IPS Frameless Used Type-C FHD Monitor,Dell,24.0,60.0,1080p FHD,IPS,0,0,1,Used,Colombo,27500.0
Atec 27 Inch Full HD LED Used Monitor,Other,27.0,60.0,1080p FHD,Standard,0,0,0,Used,Colombo,21500.0
27 Inch Lenovo Thinkvision IPS FHD HDMI Used Monitor,Lenovo,27.0,60.0,1080p FHD,IPS,0,0,0,Used,Colombo,27500.0
MSI Pro MP245PG E14 23.8″ INCH 144HZ 1MS FHD FRAMELESS MONITOR NEW,MSI,23.0,144.0,1080p FHD,Standard,0,1,1,Brand New,Colombo,47500.0
"Emark 24"" EW2427SH 144Hz IPS Full HD Frameless Gaming Monitor",Other,24.0,144.0,1080p FHD,IPS,0,1,1,Brand New,Colombo,29990.0
MSI Pro MP273 E14A 27 Inch 144HZ 1MS FHD IPS Productivity Monitor New,MSI,27.0,144.0,1080p FHD,IPS,0,1,0,Brand New,Colombo,51500.0
Acer 27 Inch Brandnew Monitor,Acer,27.0,60.0,1080p FHD,Standard,0,0,0,Brand New,Colombo,37500.0
Monitor,Other,24.0,60.0,1080p FHD,Standard,0,0,0,Used,Other,6000.0
"MSI Pro MP251L E2 25"" Inch 120HZ Full HD IPS Frameless Monitor",MSI,25.0,120.0,1080p FHD,IPS,0,1,1,Brand New,Colombo,32000.0
Brand New Acer Vero Series CB272 P6BMIPRX 144HZ Full HD Monitor,Acer,24.0,144.0,1080p FHD,Standard,0,1,0,Brand New,Colombo,44990.0
"Samsung 24"" Inch Full HD IPS Frameless HDMI Gaming Used Monitor",Samsung,24.0,60.0,1080p FHD,IPS,0,1,1,Used,Colombo,22000.0
"Dahua DHI-LM22-A211Y 22"" Full HD Monitor",Other,22.0,60.0,1080p FHD,Standard,0,0,0,Brand New,Jaffna,26500.0
"22"" Inch LED Dell Wide Monitors",Dell,22.0,60.0,1080p FHD,Standard,0,0,0,Used,Colombo,11999.0
"22"" Inch LED Dell Wide Monitor",Dell,22.0,60.0,1080p FHD,Standard,0,0,0,Used,Colombo,11999.0
"22"" Inch LED Dell Wide Monitor",Dell,22.0,60.0,1080p FHD,Standard,0,0,0,Used,Kalutara,11999.0
"22"" Inch LED Dell Wide Monitor",Dell,22.0,60.0,1080p FHD,Standard,0,0,0,Used,Kalutara,11999.0
Dell 20 Inch Monitor,Dell,20.0,60.0,HD,Standard,0,0,0,Used,Other,12000.0
"22"" Inch LED Dell Wide Monitors",Dell,22.0,60.0,1080p FHD,Standard,0,0,0,Used,Kalutara,11999.0
"22"" Inch LED Dell Wide Monitors",Dell,22.0,60.0,1080p FHD,Standard,0,0,0,Used,Kalutara,11999.0
"22"" Inch LED Dell Wide Monitors",Dell,22.0,60.0,1080p FHD,Standard,0,0,0,Used,Kalutara,11999.0
"22"" Inch LED Dell Wide Monitors",Dell,22.0,60.0,1080p FHD,Standard,0,0,0,Used,Kalutara,11999.0
"22"" Inch LED Dell Wide Monitors",Dell,22.0,60.0,1080p FHD,Standard,0,0,0,Used,Kalutara,11999.0
"22"" Inch LED Dell Wide Monitors Used",Dell,22.0,60.0,1080p FHD,Standard,0,0,0,Used,Kalutara,11999.0
"Asus VY249HGR 24"" IPS 120Hz Gaming Monitor",Asus,24.0,120.0,1080p FHD,IPS,0,1,0,Used,Colombo,29000.0
monitor,Other,24.0,60.0,1080p FHD,Standard,0,0,0,Used,Kurunegala,15000.0
"22"" Inch LED HP Wide Monitor",HP,22.0,60.0,1080p FHD,Standard,0,0,0,Used,Colombo,11999.0
"22"" Inch LED HP Wide Monitor",HP,22.0,60.0,1080p FHD,Standard,0,0,0,Used,Colombo,11999.0
"22"" Inch LED HP Wide Monitor",HP,22.0,60.0,1080p FHD,Standard,0,0,0,Used,Kalutara,11999.0
"22"" Inch LED HP Wide Monitor",HP,22.0,60.0,1080p FHD,Standard,0,0,0,Used,Kalutara,11999.0
"22"" Inch LED HP Wide Monitor",HP,22.0,60.0,1080p FHD,Standard,0,0,0,Used,Kalutara,11999.0
Lenovo 22 LED FullHD Monitor,Lenovo,22.0,60.0,HD,Standard,0,0,0,Used,Kandy,9500.0
"MSI Pro MP225 E12VL 21.5"" Inch 120HZ FHD Slim Frameless Monitor",MSI,21.5,120.0,1080p FHD,Standard,0,1,1,Brand New,Matara,24500.0
"KOORUI G3221SC 2K 170Hz 90% DCI-P3 32"" Curved Gaming Monitor",Other,32.0,170.0,2K QHD,Standard,1,1,0,Brand New,Colombo,70900.0
Lenovo Thinkvision 27 Inch IPS FHD HDMI Used Monitor,Lenovo,27.0,60.0,1080p FHD,IPS,0,0,0,Used,Colombo,27500.0
Acer 27 Inch Brandnew Monitor,Acer,27.0,60.0,1080p FHD,Standard,0,0,0,Brand New,Colombo,37500.0
Atec 27 Inch Full HD LED Used Monitor,Other,27.0,60.0,1080p FHD,Standard,0,0,0,Used,Colombo,21500.0
TG 22 Inch Full HD HDMI Used Monitor,Other,22.0,60.0,1080p FHD,Standard,0,0,0,Used,Colombo,12500.0
Koorui E2712K 27 Inch Full HD 144HZ Gaming Office Monitor,Other,27.0,144.0,2K QHD,Standard,0,1,0,Brand New,Colombo,43000.0
MSI Pro MP243L E14 23.8 Inch FHD 144HZ IPS Brand New Monitor,MSI,23.8,144.0,1080p FHD,IPS,0,1,0,Brand New,Colombo,33500.0
"Koorui E2212H , 21.5 Inches 120 Hz, VA Panel Brand New Monitor",Other,21.5,120.0,1080p FHD,VA,0,1,0,Brand New,Colombo,26000.0
DAHUA DHI-LM27-E231 27” FHD IPS 165Hz GAMING MONITOR,Other,27.0,165.0,1080p FHD,IPS,0,1,0,Brand New,Colombo,49500.0
Falcon – 19” inch LED HDMI Brand New Monitor,Other,19.0,60.0,HD,Standard,0,0,0,Brand New,Colombo,16900.0
Acer EK251QP6 24.5 inch 144Hz IPS Brand New Montor,Acer,24.5,144.0,1080p FHD,IPS,0,1,0,Brand New,Colombo,31990.0
Koorui E2411K 24 INCH 144HZ IPS FHD Brand New Monitor,Other,24.0,144.0,1080p FHD,IPS,0,1,0,Brand New,Colombo,33000.0
KOORUI G2411P 24-inch IPS FHD 200Hz Gaming Monitor,Other,24.0,200.0,1080p FHD,IPS,0,1,0,Brand New,Colombo,39000.0
"Koorui 22"" E2212H 100HZ 21.5 Inches FHD Brand New Monitor",Other,22.0,100.0,1080p FHD,Standard,0,1,0,Brand New,Colombo,25500.0
MSI Pro MP245PG E14 23.8″ INCH 144HZ 1MS FHD FRAMELESS MONITOR NEW,MSI,23.0,144.0,1080p FHD,Standard,0,1,1,Brand New,Colombo,47500.0
MSI Pro MP245PG E14 23.8″ INCH 144HZ 1MS FHD FRAMELESS MONITOR NEW,MSI,23.0,144.0,1080p FHD,Standard,0,1,1,Brand New,Colombo,47500.0
KOORUI G2711P FHD IPS 27INCH 200HZ BRAND NEW GAMING MONITOR,Other,27.0,200.0,1080p FHD,IPS,0,1,0,Brand New,Colombo,51500.0
"MSI Pro MP243L E14 24.5"" Inch 144Hz 1ms FHD IPS Productivity Monitor",MSI,24.5,144.0,1080p FHD,IPS,0,1,0,Brand New,Colombo,33500.0
"MSI PRO MP225 E12VL 21.5"" Inch 120Hz 1ms FHD Slim Frameless Monitor",MSI,21.5,120.0,1080p FHD,Standard,0,1,1,Brand New,Colombo,26500.0
"Monitor 32"" 2K Curved Gaming (2560 × 1440P) QHD | 144HZ",Other,32.0,144.0,2K QHD,Standard,1,1,0,Used,Gampaha,55250.0
Acer Nitro KG273 W3 27INCH Gaming-Brand-New Monitor,Acer,27.0,60.0,1080p FHD,Standard,0,1,0,Brand New,Colombo,50000.0
Asus Tuf Gaming Vg279 Q3 R BRAND-NEW Monitor,Asus,24.0,60.0,1080p FHD,Standard,0,1,0,Brand New,Colombo,57400.0
Dell 20” IPS MONITOR,Dell,20.0,60.0,HD,IPS,0,0,0,Used,Colombo,9900.0
"22"" IPS SLIM MONITOR (1980 x 1080P) - FRAMELESS FHD HDMI",Other,22.0,60.0,1080p FHD,IPS,0,0,1,Used,Gampaha,17450.0
20” Wide Monitor,Other,20.0,60.0,HD,Standard,0,0,0,Used,Colombo,8500.0
19” Wide Monitor,Other,19.0,60.0,HD,Standard,0,0,0,Used,Colombo,7900.0
"Asus VY279HGR 27"" Inch Full HD IPS Level 120Hz Adaptive Sync Monitor",Asus,27.0,120.0,1080p FHD,IPS,0,1,0,Brand New,Colombo,46000.0
"Acer 27"" Full HD Nitro Gaming Monitor - KG273 W3 240Hz Brand New",Acer,27.0,240.0,1080p FHD,Standard,0,1,0,Brand New,Colombo,49500.0
"ViewSonic VA2432A-H 24"" Inch Full HD IPS 120HZ Frameless Monitor New",Viewsonic,24.0,120.0,1080p FHD,IPS,0,1,1,Brand New,Colombo,35500.0
HP 24' Inch Rotate Monitor,HP,24.0,60.0,1080p FHD,Standard,0,0,0,Used,Colombo,15500.0
Viewsonic Display Monitor 22 Inch,Viewsonic,22.0,60.0,1080p FHD,Standard,0,0,0,Used,Colombo,15000.0
"32"" 2K Curved Gaming Monitor (2560 × 1440P) QHD | 144HZ",Other,32.0,144.0,2K QHD,Standard,1,1,0,Used,Matara,55250.0
"Asus VY249HGR 24"" IPS 1080P 120HZ",Asus,24.0,120.0,1080p FHD,IPS,0,1,0,Used,Gampaha,30000.0
"Samsung F24T450FQE 24"" Inch Full HD IPS Frameless HDMI Used Monitor",Samsung,24.0,60.0,1080p FHD,IPS,0,0,1,Used,Colombo,21990.0
Dell UltraSharp U2417H IPS Ful HD Frameless used Monitor,Dell,24.0,60.0,1080p FHD,IPS,0,0,1,Used,Colombo,26500.0
"Dell P2319H 23"" Inch IPS Frameless Full HD HDMI Used Monitor",Dell,23.0,60.0,1080p FHD,IPS,0,0,1,Used,Colombo,20500.0
"HP Z23N IPS Frameless HDMI Monitor 23""",HP,23.0,60.0,1080p FHD,IPS,0,0,1,Used,Colombo,20500.0
HP E243 Frameless Ips Monitor Elite Display 24″,HP,24.0,60.0,1080p FHD,IPS,0,0,1,Used,Colombo,23000.0
"RANDOM BRAND USED MONITORS WITHOUT BASE (STAND) 24""",Other,24.0,60.0,1080p FHD,Standard,0,0,0,Used,Colombo,10000.0
"Acer EK251 25"" Inch 144HZ IPS HDMI Frameless Gaming Monitor New",Acer,25.0,144.0,1080p FHD,IPS,0,1,1,Brand New,Colombo,31990.0
ASUS VA259HGA Eye Care Gaming Monitor – 25-inch,Asus,25.0,60.0,1080p FHD,Standard,0,1,0,Brand New,Colombo,36500.0
Acer Nitro KG273 W3 27 Inch Gaming Monitor,Acer,27.0,60.0,1080p FHD,Standard,0,1,0,Brand New,Colombo,50000.0
"Dell P2319H 23"" inch Full HD IPS HDMI Frameless Used Monitor (No Cables)",Dell,23.0,60.0,1080p FHD,IPS,0,0,1,Used,Colombo,20500.0
MSI Pro MP273 E14A 27 Inch 144HZ 1MS FHD IPS Productivity Monitor New,MSI,27.0,144.0,1080p FHD,IPS,0,1,0,Brand New,Colombo,51500.0
"24"" Wide LED Monitor",Other,24.0,60.0,1080p FHD,Standard,0,0,0,Used,Colombo,14900.0
"24"" Wide LED Monitor",Other,24.0,60.0,1080p FHD,Standard,0,0,0,Used,Colombo,14900.0
"RANDOM BRAND USED MONITORS WITHOUT BASE (STAND) 22""",Other,22.0,60.0,1080p FHD,Standard,0,0,0,Used,Colombo,7500.0
"SAMSUNG 27"" S27C450B LED Monitor",Samsung,27.0,60.0,1080p FHD,Standard,0,0,0,Used,Colombo,20000.0
"SAMSUNG 27"" S27C450B LED Monitor",Samsung,27.0,60.0,1080p FHD,Standard,0,0,0,Used,Colombo,20000.0
"HP EliteDisplay E24 G4 24"" Inch Frameless IPS LED Monitor",HP,24.0,60.0,1080p FHD,IPS,0,0,1,Used,Colombo,26500.0
"HP EliteDisplay E24 G4 24"" Inch Frameless IPS LED Monitor",HP,24.0,60.0,1080p FHD,IPS,0,0,1,Used,Colombo,26500.0
"19"" Square LED Monitor",Other,19.0,60.0,HD,Standard,0,0,0,Used,Colombo,7900.0
"19"" Square LED Monitor",Other,19.0,60.0,HD,Standard,0,0,0,Used,Colombo,7900.0
"RANDOM BRAND USED MONITORS WITHOUT BASE (STAND) 19"" 20"" 22"" & 24""",Other,19.0,60.0,HD,Standard,0,0,0,Used,Colombo,5000.0
32 Inch Samsung IPS HDMI 2K Used Monitor,Samsung,32.0,60.0,2K QHD,IPS,0,0,0,Used,Colombo,39000.0
27 Inch Dell P2714HC IPS LED Used Monitor,Dell,27.0,60.0,1080p FHD,IPS,0,0,0,Used,Colombo,28000.0
24 Inch Dell P2422HE IPS Frameless Used Type-C FHD Monitor,Dell,24.0,60.0,1080p FHD,IPS,0,0,1,Used,Colombo,27500.0
27 Inch Lenovo Thinkvision IPS FHD HDMI Used Monitor,Lenovo,27.0,60.0,1080p FHD,IPS,0,0,0,Used,Colombo,27500.0
Vika 22” 75 Hz Frameless Hdmi Monitor,Other,22.0,75.0,1080p FHD,Standard,0,0,1,Brand New,Colombo,22900.0
Vika 22” 75 Hz Led Full Hd Hdmi Monitor,Other,22.0,75.0,1080p FHD,Standard,0,0,0,Brand New,Colombo,21900.0
NEC AS192WM Monitor - 19 Inch Wide Angle,NEC,19.0,60.0,HD,Standard,0,0,0,Used,Colombo,7500.0
Samsung 24” 75 Hz Ips Frameless Hdmi Monitor,Samsung,24.0,75.0,1080p FHD,IPS,0,0,1,Used,Colombo,21900.0
27 Inch Atec Full HD LED Used Monitor,Other,27.0,60.0,1080p FHD,Standard,0,0,0,Used,Colombo,21500.0
Samsung 20” Wide Lcd Monitor,Samsung,20.0,60.0,HD,Standard,0,0,0,Used,Colombo,8900.0
Brand New Acer Vero Series CB272 P6BMIPRX 144HZ Full HD Monitor,Acer,24.0,144.0,1080p FHD,Standard,0,1,0,Brand New,Colombo,44990.0
Samsung 19” Wide Lcd Monitor,Samsung,19.0,60.0,HD,Standard,0,0,0,Used,Colombo,7900.0
Lucoms 19” Wide Lcd Monitor,Other,19.0,60.0,HD,Standard,0,0,0,Used,Colombo,7500.0
19” Wide Lcd Monitor,Other,19.0,60.0,HD,Standard,0,0,0,Used,Colombo,7500.0
"KOORUI 27"" E2721H QHD IPS 120HZ 2K BRAND NEW GAMING MONITOR",Other,27.0,120.0,2K QHD,IPS,0,1,0,Brand New,Colombo,52500.0
Samsung 17” LCD Monitor,Samsung,17.0,60.0,HD,Standard,0,0,0,Used,Colombo,5900.0
Samsung 19” Square Monitor,Samsung,19.0,60.0,HD,Standard,0,0,0,Used,Colombo,6500.0
"24"" IPS Gaming Monitor Asus (New) Eye Care - 120HZ|Frameless|1ms (MPRT)",Asus,24.0,120.0,1080p FHD,IPS,0,1,1,Brand New,Gampaha,32950.0
"MONITOR 22"" IPS 60Hz (1980 x 1080P) - SLIM FHD HDMI FRAMELESS",Other,22.0,60.0,1080p FHD,IPS,0,0,1,Used,Gampaha,17450.0
"Acer EK271 27"" Inch 144Hz IPS HDMI Frameless Gaming Monitor",Acer,27.0,144.0,1080p FHD,IPS,0,1,1,Brand New,Colombo,35990.0
"Acer EK251 P6BI 25"" Inch 144Hz IPS HDMI Frameless Gaming Monitor",Acer,25.0,144.0,1080p FHD,IPS,0,1,1,Brand New,Colombo,31500.0
Acer 27 Inch Brandnew Monitors (144Hz),Acer,27.0,144.0,1080p FHD,Standard,0,1,0,Brand New,Colombo,37500.0
MSI Pro MP245PG E14 23.8″ INCH 144HZ 1MS FHD FRAMELESS MONITOR NEW,MSI,23.0,144.0,1080p FHD,Standard,0,1,1,Brand New,Colombo,47500.0
"MSI Pro MP225 E12VL 21.5"" Inch 120HZ FHD Slim Frameless Monitor",MSI,21.5,120.0,1080p FHD,Standard,0,1,1,Brand New,Colombo,26500.0
"MSI Pro MP243L E14 24.5"" Inch 144Hz 1ms FHD IPS Monitor",MSI,24.5,144.0,1080p FHD,IPS,0,1,0,Brand New,Colombo,33500.0
"Samsung 24"" Inch Full HD IPS Frameless HDMI Gaming Used Monitor",Samsung,24.0,60.0,1080p FHD,IPS,0,1,1,Used,Colombo,22000.0
HP Monitor,HP,24.0,60.0,1080p FHD,Standard,0,0,0,Used,Gampaha,12500.0
"MSI PRO MP225 E12VL 21.5"" Inch 120Hz 1ms FHD Slim Frameless Monitor",MSI,21.5,120.0,1080p FHD,Standard,0,1,1,Brand New,Colombo,27500.0
"Acer EK271 27"" Inch 144Hz IPS HDMI Frameless Gaming Monitor",Acer,27.0,144.0,1080p FHD,IPS,0,1,1,Brand New,Colombo,37000.0
Asus TUF Gaming VG279QE5A 27″ FHD IPS 146HZ Monitor,Asus,27.0,146.0,1080p FHD,IPS,0,1,0,Brand New,Colombo,46500.0
"Emark 24"" EW2427SH 144Hz IPS Full HD Frameless Gaming Monitor",Other,24.0,144.0,1080p FHD,IPS,0,1,1,Brand New,Colombo,29990.0
Dell 24’inch P2422H Frameless IPS Monitor,Dell,24.0,60.0,1080p FHD,IPS,0,0,1,Used,Colombo,23500.0
E-Mark EW2427SH Brand New (144HZ) Frameless Monitor,Other,24.0,144.0,1080p FHD,Standard,0,1,1,Brand New,Colombo,30000.0
Dell 22’ inch IPS Full HD Frameless Monitor,Dell,22.0,60.0,1080p FHD,IPS,0,0,1,Used,Colombo,16900.0
"22"" Inch LED Dell Wide Monitors",Dell,22.0,60.0,1080p FHD,Standard,0,0,0,Used,Kalutara,11999.0
"22"" Inch LED Dell Wide Monitors",Dell,22.0,60.0,1080p FHD,Standard,0,0,0,Used,Kalutara,11999.0
"22"" Inch LED Dell Wide Monitors -5",Dell,22.0,60.0,1080p FHD,Standard,0,0,0,Used,Kalutara,11999.0
"22"" Inch LED Dell Wide Monitors",Dell,22.0,60.0,1080p FHD,Standard,0,0,0,Used,Kalutara,11999.0
"27"" IPS MONITOR + WEBCAM (1980 x 1080P) FRAMELESS FHD HDMI",Other,27.0,60.0,1080p FHD,IPS,0,0,1,Used,Colombo,30450.0
Dell P2422HE 24 Inch IPS Frameless Used Type-C FHD Monitor,Dell,24.0,60.0,1080p FHD,IPS,0,0,1,Used,Colombo,27500.0
ATEC 27 INCH FULL HD LED USED MONITOR,Other,27.0,60.0,1080p FHD,Standard,0,0,0,Used,Colombo,21500.0
Lenovo Thinkvision 27 Inch IPS FHD HDMI Used Monitor,Lenovo,27.0,60.0,1080p FHD,IPS,0,0,0,Used,Colombo,27500.0
Monitor,Other,24.0,60.0,1080p FHD,Standard,0,0,0,Used,Gampaha,12500.0
Dell 22 inch ips Framed Monitor,Dell,22.0,60.0,1080p FHD,IPS,0,0,0,Used,Kandy,11500.0
"Dell Vostro 3910 19"" D1918H Monitor",Dell,19.0,60.0,HD,Standard,0,0,0,Brand New,Colombo,20000.0
"KOORUI E2212F 1080p 100Hz 22"" inch Monitor",Other,22.0,100.0,1080p FHD,Standard,0,1,0,Used,Gampaha,20000.0
"Monitor Curved 32"" 2K Gaming (2560 × 1440) QHD | 144HZ",Other,32.0,144.0,2K QHD,Standard,1,1,0,Used,Colombo,55250.0
"Monitor 24"" IPS|Eye Care - 120HZ|Frameless|1ms (MPRT) Gaming (New) Asus",Asus,24.0,120.0,1080p FHD,IPS,0,1,1,Brand New,Gampaha,32950.0
"Acer EK271 27"" Inch 144Hz IPS HDMI Frameless Gaming Monitor",Acer,27.0,144.0,1080p FHD,IPS,0,1,1,Brand New,Colombo,35990.0
"22"" IPS MONITOR (1980 x 1080P) 60Hz - SLIM FHD HDMI FRAMELESS",Other,22.0,60.0,1080p FHD,IPS,0,0,1,Used,Gampaha,17450.0
Acer 27 Inch Brandnew Monitors (144Hz),Acer,27.0,144.0,1080p FHD,Standard,0,1,0,Brand New,Colombo,37500.0
viewsonic monitor display,Viewsonic,24.0,60.0,1080p FHD,Standard,0,0,0,Used,Jaffna,18000.0
Viewsonic VX2758A-2K-PRO-4 27” 180Hz Fast IPS Gaming Monitor,Viewsonic,27.0,180.0,2K QHD,IPS,0,1,0,Used,Colombo,50000.0
MSI Pro MP273AP Series 27 Inch Frameless Monitor,MSI,27.0,60.0,1080p FHD,Standard,0,0,1,Used,Colombo,45000.0
24’’ Wide LED Monitor,Other,24.0,60.0,1080p FHD,Standard,0,0,0,Used,Colombo,12900.0
20’’ Wide LED Monitor,Other,20.0,60.0,HD,Standard,0,0,0,Used,Colombo,9900.0
20’’ Wide LCD Monitor,Other,20.0,60.0,HD,Standard,0,0,0,Used,Colombo,8500.0
19’’ Wide LCD Monitor,Other,19.0,60.0,HD,Standard,0,0,0,Used,Colombo,7900.0
19’’ Square Monitor,Other,19.0,60.0,HD,Standard,0,0,0,Used,Colombo,6500.0
17’’ Square Monitor,Other,17.0,60.0,HD,Standard,0,0,0,Used,Colombo,5900.0
24’’ Falcon Wide LED New Monitor,Other,24.0,60.0,1080p FHD,Standard,0,0,0,Brand New,Colombo,21900.0
19’’ Falcon Wide LED New Monitor,Other,19.0,60.0,HD,Standard,0,0,0,Brand New,Colombo,16900.0
17’’ Falcon LED New Monitor,Other,17.0,60.0,HD,Standard,0,0,0,Brand New,Colombo,9500.0
Dell 19” Wide LED Monitor,Dell,19.0,60.0,HD,Standard,0,0,0,Used,Colombo,8800.0
MSI Pro MP245PG E14 23.8″ INCH 144HZ 1MS FHD FRAMELESS MONITOR NEW,MSI,23.0,144.0,1080p FHD,Standard,0,1,1,Brand New,Colombo,47500.0
"MSI Pro MP243L E14 24.5"" Inch 144Hz 1ms FHD IPS Productivity Monitor",MSI,24.5,144.0,1080p FHD,IPS,0,1,0,Brand New,Colombo,33500.0
"MSI PRO MP225 E12VL 21.5"" Inch 120Hz 1ms FHD Slim Frameless Monitor",MSI,21.5,120.0,1080p FHD,Standard,0,1,1,Brand New,Colombo,26500.0
27 Inch Dell P2714HC IPS LED Used Monitor,Dell,27.0,60.0,1080p FHD,IPS,0,0,0,Used,Colombo,28000.0
MSI Optix 23.6″ – MAG241C Curved Gaming Monitor,MSI,23.0,60.0,1080p FHD,Standard,1,1,0,Used,Colombo,48000.0
Lenovo Legion 320Hz Gaming Monitor,Lenovo,24.0,320.0,1080p FHD,Standard,0,1,0,Used,Gampaha,48000.0
32 Inch Samsung IPS HDMI 2K Used Monitor,Samsung,32.0,60.0,2K QHD,IPS,0,0,0,Used,Colombo,39000.0
HP IPS monitor,HP,24.0,60.0,1080p FHD,IPS,0,0,0,Used,Colombo,14000.0
"KOORUI G3221SC 2K 170Hz 90% DCI-P3 32"" Curved Gaming Monitor",Other,32.0,170.0,2K QHD,Standard,1,1,0,Brand New,Colombo,70900.0
Asus VY249HGR 23’8”Inch Full HD IPS Level Brand New Monitor,Asus,23.0,60.0,1080p FHD,IPS,0,0,0,Brand New,Colombo,33700.0
ASUS VA259HGA Eye Care Gaming Monitor – 25-inch,Asus,25.0,60.0,1080p FHD,Standard,0,1,0,Brand New,Colombo,36500.0
Koorui 27″Inch 27N5CA Curved Va Brand New Monitor 75Hz,Other,27.0,75.0,1080p FHD,VA,1,0,0,Brand New,Colombo,41000.0
Asus - VY279HGR 27″ Inch Brand New Gaming Monitor,Asus,27.0,60.0,1080p FHD,Standard,0,1,0,Brand New,Colombo,49500.0
Asus 19 LED Monitor,Asus,19.0,60.0,HD,Standard,0,0,0,Used,Colombo,12000.0
"24"" IPS Monitor|Eye Care - Frameless 1ms (MPRT) 120HZ Gaming (New) Asus",Asus,24.0,120.0,1080p FHD,IPS,0,1,1,Brand New,Gampaha,32950.0
"KOORUI G3441XC 34"" UWQHD 240Hz Curved Gaming Monitor",Other,34.0,240.0,2K QHD,Standard,1,1,0,Brand New,Colombo,99000.0
"32"" Curved 2K Monitor Gaming (2560 × 1440) QHD | 144HZ",Other,32.0,144.0,2K QHD,Standard,1,1,0,Used,Gampaha,55250.0
LG 22inch LED monitor,LG,22.0,60.0,1080p FHD,Standard,0,0,0,Used,Gampaha,4000.0
"RANDOM BRAND USED MONITORS WITHOUT BASE (STAND) 24""",Other,24.0,60.0,1080p FHD,Standard,0,0,0,Used,Colombo,10000.0
"MONITOR 27"" IPS + WEBCAM (1980 x 1080P) FHD HDMI FRAMELESS",Other,27.0,60.0,1080p FHD,IPS,0,0,1,Used,Gampaha,30450.0
"MONITOR 22"" IPS SLIM FHD HDMI FRAMELESS (1980 x 1080P) 60Hz",Other,22.0,60.0,1080p FHD,IPS,0,0,1,Used,Gampaha,17450.0
"RANDOM BRAND USED MONITORS WITHOUT BASE (STAND) 22""",Other,22.0,60.0,1080p FHD,Standard,0,0,0,Used,Colombo,7500.0
Acer 27 Inch Brandnew Monitor,Acer,27.0,60.0,1080p FHD,Standard,0,0,0,Brand New,Colombo,37500.0
Brand New Acer Vero Series CB272 P6BMIPRX 144HZ Full HD Monitor,Acer,24.0,144.0,1080p FHD,Standard,0,1,0,Brand New,Colombo,44990.0
KOORUI G2711P FHD IPS 27INCH 200HZ BRAND NEW GAMING MONITOR,Other,27.0,200.0,1080p FHD,IPS,0,1,0,Brand New,Colombo,51500.0
"MSI Optix MAG401QR 40"" UWQHD IPS 155Hz 1ms Adaptive Sync Gaming Monitor",MSI,40.0,155.0,2K QHD,IPS,0,1,0,Brand New,Colombo,185000.0
"Acer EK251 25"" Inch 144HZ IPS HDMI Frameless Gaming Monitor New",Acer,25.0,144.0,1080p FHD,IPS,0,1,1,Brand New,Colombo,31990.0
MSI Pro MP273 E14A 27 Inch 144HZ 1MS FHD IPS Productivity Monitor New,MSI,27.0,144.0,1080p FHD,IPS,0,1,0,Brand New,Colombo,51500.0
"ViewSonic VX3480-2K-PRO 34"" UWQHD Gaming Monitor",Viewsonic,34.0,60.0,2K QHD,Standard,0,1,0,Brand New,Colombo,133990.0
MSI Modern MD272QXP 27″ Business and Productivity Monitor 100Hz 2K WQHD,MSI,27.0,100.0,2K QHD,Standard,0,1,0,Brand New,Colombo,95000.0
Asus TUF Gaming VG279QE5A 27″ FHD IPS 146HZ Monitor,Asus,27.0,146.0,1080p FHD,IPS,0,1,0,Brand New,Colombo,46500.0
"RANDOM BRAND USED MONITORS WITHOUT BASE (STAND) 19"" 20"" 22"" & 24""",Other,19.0,60.0,HD,Standard,0,0,0,Used,Colombo,5000.0
"ViewSonic VA2432A-H 24"" Inch Full HD IPS 120HZ Frameless Monitor New",Viewsonic,24.0,120.0,1080p FHD,IPS,0,1,1,Brand New,Colombo,35500.0
Koorui G2711P FHD IPS 27INCH 200HZ Brand New Gaming Monitor,Other,27.0,200.0,1080p FHD,IPS,0,1,0,Brand New,Colombo,51500.0
Koorui G2741L Brand New Dual Mode IPS Monitor (4K-160HZ/1080P-320HZ),Other,24.0,160.0,4K UHD,IPS,0,1,0,Brand New,Colombo,95000.0
"Dell P2319H 23"" inch Full HD IPS HDMI Frameless Used Monitor (No Cables)",Dell,23.0,60.0,1080p FHD,IPS,0,0,1,Used,Colombo,20500.0
"KOORUI 27"" E2721H QHD IPS 120HZ 2K BRAND NEW GAMING MONITOR",Other,27.0,120.0,2K QHD,IPS,0,1,0,Brand New,Colombo,52500.0
"27"" IPS MONITOR + WEBCAM (1980 x 1080P) FHD HDMI FRAMELESS",Other,27.0,60.0,1080p FHD,IPS,0,0,1,Used,Colombo,30450.0
"MSI PRO MP243L E14 24.5"" Inch 144Hz 1ms FHD IPS Productivity Monitor",MSI,24.5,144.0,1080p FHD,IPS,0,1,0,Brand New,Colombo,33500.0
"Acer EK271 27"" Inch 144Hz IPS HDMI Frameless Gaming Monitor",Acer,27.0,144.0,1080p FHD,IPS,0,1,1,Brand New,Colombo,37000.0
"Samsung 24"" Inch Full HD IPS Frameless HDMI Gaming Used Monitor",Samsung,24.0,60.0,1080p FHD,IPS,0,1,1,Used,Colombo,22000.0
"Acer 27"" Full HD Nitro Gaming Monitor - KG273 W3 240Hz Brand New",Acer,27.0,240.0,1080p FHD,Standard,0,1,0,Brand New,Colombo,49500.0
"MSI PRO MP225 E12VL 21.5"" Inch 120Hz 1ms FHD Slim Frameless Monitor",MSI,21.5,120.0,1080p FHD,Standard,0,1,1,Brand New,Colombo,27500.0
"MSI Pro MP251L E2 25"" Inch 120HZ Full HD IPS Frameless Monitor",MSI,25.0,120.0,1080p FHD,IPS,0,1,1,Brand New,Colombo,32000.0
"MSI Pro MP243L E14 24.5"" Inch 144Hz 1ms FHD IPS Monitor",MSI,24.5,144.0,1080p FHD,IPS,0,1,0,Brand New,Colombo,33500.0
Topsync 22 Inches Monitor,Other,22.0,60.0,1080p FHD,Standard,0,0,0,Used,Colombo,8500.0
"Emark 24"" EW2427SH 144Hz IPS Full HD Frameless Gaming Monitor",Other,24.0,144.0,1080p FHD,IPS,0,1,1,Brand New,Colombo,29990.0
Acer 27 Inch Brandnew Monitors (144Hz),Acer,27.0,144.0,1080p FHD,Standard,0,1,0,Brand New,Colombo,37500.0
"Dell 17"" LCD Monitor",Dell,17.0,60.0,HD,Standard,0,0,0,Used,Other,8500.0
Dell 20” IPS HDMI Monitor,Dell,20.0,60.0,HD,IPS,0,0,0,Used,Colombo,10900.0
Asus 24” LED Hdmi Monitor,Asus,24.0,60.0,HD,Standard,0,0,0,Used,Colombo,13900.0
24” LED Monitor,Other,24.0,60.0,1080p FHD,Standard,0,0,0,Used,Colombo,12900.0
Dell 20” LED Monitor,Dell,20.0,60.0,HD,Standard,0,0,0,Used,Colombo,9900.0
19” Square Monitor,Other,19.0,60.0,HD,Standard,0,0,0,Used,Colombo,6500.0
Falcon 19” LED HDMI Monitor,Other,19.0,60.0,HD,Standard,0,0,0,Brand New,Colombo,17900.0
"Monitor|Eye Care - 24"" IPS Frameless 1ms (MPRT) 120HZ Gaming (New) Asus",Asus,24.0,120.0,1080p FHD,IPS,0,1,1,Brand New,Gampaha,32950.0
"22"" IPS MONITOR - SLIM FHD HDMI FRAMELESS (1980 x 1080P) 60Hz",Other,22.0,60.0,1080p FHD,IPS,0,0,1,Used,Gampaha,17450.0
"Monitor 32"" Curved 2K Gaming (2560 × 1440) QHD | 144HZ",Other,32.0,144.0,2K QHD,Standard,1,1,0,Used,Gampaha,55250.0
"MSI Pro MP251L E2 25"" Inch 120Hz Full HD IPS Frameless Brand New Monitor",MSI,25.0,120.0,1080p FHD,IPS,0,1,1,Brand New,Colombo,32000.0
AUO (AU Optronics) Display 15.6 inch Non Touch,Other,15.6,60.0,HD,Standard,0,0,0,Used,Jaffna,11000.0
19 Inch Monitor,Other,19.0,60.0,HD,Standard,0,0,0,Used,Kalutara,8000.0
LG Monitor 24 inch,LG,24.0,60.0,1080p FHD,Standard,0,0,0,Used,Colombo,7000.0
"Lenovo Thinkvision 19"" LED Wide Screen Monitor",Lenovo,19.0,60.0,HD,Standard,0,0,0,Used,Galle,8500.0
"KOORUI G3221SC 2K 170Hz 90% DCI-P3 32"" Curved Gaming Monitor",Other,32.0,170.0,2K QHD,Standard,1,1,0,Brand New,Colombo,70900.0
24 Inch Dell P2422HE IPS Frameless Used Type-C FHD Monitor,Dell,24.0,60.0,1080p FHD,IPS,0,0,1,Used,Colombo,29500.0
27 Inch Lenovo Thinkvision IPS FHD HDMI Used Monitor,Lenovo,27.0,60.0,1080p FHD,IPS,0,0,0,Used,Colombo,27500.0
20 Inch Dell LED Used Monitor-E2016H,Dell,20.0,60.0,HD,Standard,0,0,0,Used,Colombo,9800.0
27 Inch Atec Full HD LED Used Monitor,Other,27.0,60.0,1080p FHD,Standard,0,0,0,Used,Colombo,21500.0
"32"" Curved 2K Gaming Monitor (2560 × 1440) 144HZ | QHD",Other,32.0,144.0,2K QHD,Standard,1,1,0,Used,Gampaha,55250.0
22 Inch TG Full HD HDMI Used Monitor,Other,22.0,60.0,1080p FHD,Standard,0,0,0,Used,Colombo,12500.0
KOORUI 27E6QCA QHD VA 180Hz 27″ CURVED GAMING MONITOR BRAND NEW,Other,27.0,180.0,2K QHD,VA,1,1,0,Brand New,Colombo,58500.0
"MONITOR + WEBCAM 27"" IPS FHD HDMI FRAMELESS (1980 x 1080P)",Other,27.0,60.0,1080p FHD,IPS,0,0,1,Used,Gampaha,30450.0
"MONITOR 22"" IPS FHD HDMI FRAMELESS (1980 x 1080P)",Other,22.0,60.0,1080p FHD,IPS,0,0,1,Used,Colombo,17450.0
"Asus VY279HGR 27"" Inch Full HD IPS Level 120Hz Adaptive Sync Monitor",Asus,27.0,120.0,1080p FHD,IPS,0,1,0,Brand New,Colombo,44500.0
"Asus 25"" VA259HGA 120Hz IPS Eye Care Gaming Monitor",Asus,25.0,120.0,1080p FHD,IPS,0,1,0,Brand New,Colombo,34500.0
"MSI Pro MP225 E12VL 21.5"" Inch 120HZ FHD Slim Frameless Monitor",MSI,21.5,120.0,1080p FHD,Standard,0,1,1,Brand New,Colombo,26500.0
MSI Pro MP245PG E14 23.8″ INCH 144HZ 1MS FHD FRAMELESS MONITOR NEW,MSI,23.0,144.0,1080p FHD,Standard,0,1,1,Brand New,Colombo,47500.0
24’’ Wide Ips Monitor,Other,24.0,60.0,1080p FHD,IPS,0,0,0,Used,Colombo,13900.0
"HKC 32"" CURVED 144Hz (2k) GAMING MONITORS",Other,32.0,144.0,2K QHD,Standard,1,1,0,Used,Colombo,51000.0
"HKC 32"" CURVED 144Hz (2k) GAMING MONITORS",Other,32.0,144.0,2K QHD,Standard,1,1,0,Used,Colombo,51000.0
24” Frameless Ips Monitor,Other,24.0,60.0,1080p FHD,IPS,0,0,1,Used,Colombo,19500.0
"MSI Pro MP243L E14 24.5"" Inch 144Hz 1ms FHD IPS Productivity Monitor",MSI,24.5,144.0,1080p FHD,IPS,0,1,0,Brand New,Colombo,33500.0
"MSI PRO MP225 E12VL 21.5"" Inch 120Hz 1ms FHD Slim Frameless Monitor",MSI,21.5,120.0,1080p FHD,Standard,0,1,1,Brand New,Colombo,26500.0
"Acer 27"" Full HD Nitro Gaming Monitor - KG273 W3 (240Hz)",Acer,27.0,240.0,1080p FHD,Standard,0,1,0,Brand New,Colombo,49500.0
"Acer Vero Series CB272 P6bmiprx 27"" Inch144Hz Full HD IPS Monitor NEW",Acer,27.0,144.0,1080p FHD,IPS,0,1,0,Brand New,Colombo,44990.0
"Acer EK271 27"" Inch 144Hz IPS HDMI Frameless Gaming Monitor",Acer,27.0,144.0,1080p FHD,IPS,0,1,1,Brand New,Colombo,35990.0
"Acer EK251 P6BI 25"" Inch 144Hz IPS HDMI Frameless Gaming Monitor",Acer,25.0,144.0,1080p FHD,IPS,0,1,1,Brand New,Colombo,31500.0
24 Inches MSI Pro IPS Monitor | Brand New,MSI,24.0,60.0,1080p FHD,IPS,0,0,0,Brand New,Colombo,36500.0
Acer 27 Inch \Brandnew Monitors \(144Hz),Acer,27.0,144.0,1080p FHD,Standard,0,1,0,Brand New,Colombo,37500.0
"Dell P2319H 23"" Inch IPS Frameless Full HD HDMI Used Monitor",Dell,23.0,60.0,1080p FHD,IPS,0,0,1,Used,Colombo,20500.0
"21"" HP VGA Monitor",HP,21.0,60.0,HD,Standard,0,0,0,Used,Colombo,7500.0
Lenovo P24-Q10 24’inch QHD 2K 1440p HDMI monitwr,Lenovo,24.0,60.0,2K QHD,Standard,0,0,0,Used,Colombo,28900.0
Koorui Monitor,Other,24.0,60.0,1080p FHD,Standard,0,0,0,Used,Ratnapura,38000.0
"27"" IPS FHD HDMI FRAMELESS MONITOR + WEBCAM",Other,27.0,60.0,1080p FHD,IPS,0,0,1,Used,Gampaha,30450.0
HP 24 Inch LED Monitor 1080P Full HD,HP,24.0,60.0,1080p FHD,Standard,0,0,0,Used,Colombo,10500.0
"ViewSonic VA2432A-H 24"" Inch Full HD IPS 120HZ Frameless Monitor New",Viewsonic,24.0,120.0,1080p FHD,IPS,0,1,1,Brand New,Colombo,35500.0
"DELL 24"" Wide LED Monitor",Dell,24.0,60.0,1080p FHD,Standard,0,0,0,Used,Colombo,14900.0
"DELL 24"" Wide LED Monitor",Dell,24.0,60.0,1080p FHD,Standard,0,0,0,Used,Colombo,14900.0
"HP 24"" Wide LED IPS Frameless Monitor",HP,24.0,60.0,1080p FHD,IPS,0,0,1,Used,Colombo,23500.0
"HP 24"" Wide LED IPS Frameless Monitor",HP,24.0,60.0,1080p FHD,IPS,0,0,1,Used,Colombo,23500.0
KOORUI G2711P FHD IPS 27INCH 200HZ BRAND NEW GAMING MONITOR,Other,27.0,200.0,1080p FHD,IPS,0,1,0,Brand New,Colombo,51500.0
EMARK EW2427SH 24'' 144Hz IPS MONITOR,Other,24.0,144.0,1080p FHD,IPS,0,1,0,Brand New,Colombo,30000.0
Acer Nitro KG273 W3 27INCH Gaming Monitor,Acer,27.0,60.0,1080p FHD,Standard,0,1,0,Brand New,Colombo,50000.0
EMARK EW2427SH 24'' 144Hz IPS MONITOR,Other,24.0,144.0,1080p FHD,IPS,0,1,0,Brand New,Colombo,30000.0
"24"" IPS Frameless Monitor|Eye Care|1ms (MPRT) 120HZ - Asus Gaming (New)",Asus,24.0,120.0,1080p FHD,IPS,0,1,1,Brand New,Gampaha,32950.0
"Monitor 32"" Curved 2K Gaming (2560 × 1440) 144HZ | QHD",Other,32.0,144.0,2K QHD,Standard,1,1,0,Used,Colombo,55250.0
"MSI PRO MP243L E14 24.5"" Inch 144Hz 1ms FHD IPS Productivity Monitor",MSI,24.5,144.0,1080p FHD,IPS,0,1,0,Brand New,Colombo,33500.0
"MSI Pro MP251L E2 25"" Inch 120Hz Full HD IPS Frameless Brand New Monitor",MSI,25.0,120.0,1080p FHD,IPS,0,1,1,Brand New,Colombo,32000.0
"Samsung F24T450FQE 24"" Inch Full HD IPS Frameless HDMI Used Monitor",Samsung,24.0,60.0,1080p FHD,IPS,0,0,1,Used,Colombo,20990.0
"22"" IPS FHD HDMI FRAMELESS MONITOR",Other,22.0,60.0,1080p FHD,IPS,0,0,1,Used,Gampaha,17450.0
"Acer 27"" Full HD Nitro Gaming Monitor - KG273 W3 240Hz Brand New",Acer,27.0,240.0,1080p FHD,Standard,0,1,0,Brand New,Colombo,49500.0
"Acer EK271 27"" Inch 144Hz IPS HDMI Frameless Gaming Monitor",Acer,27.0,144.0,1080p FHD,IPS,0,1,1,Brand New,Colombo,35990.0
"KOORUI 27"" E2721H QHD IPS 120HZ 2K BRAND NEW GAMING MONITOR",Other,27.0,120.0,2K QHD,IPS,0,1,0,Brand New,Colombo,52500.0
"Emark 24"" EW2427SH 144Hz IPS Full HD Frameless Gaming Monitor",Other,24.0,144.0,1080p FHD,IPS,0,1,1,Brand New,Colombo,30000.0
"Emark 24"" EW2427SH 144Hz IPS Full HD Frameless Gaming Monitor",Other,24.0,144.0,1080p FHD,IPS,0,1,1,Brand New,Colombo,29990.0
17 Inches Monitor,Other,17.0,60.0,HD,Standard,0,0,0,Used,Colombo,5000.0
Acer 27 Inch Gaming Moniters |144Hz refresh rate| Frameless,Acer,27.0,144.0,1080p FHD,Standard,0,1,1,Used,Colombo,36800.0
"MSI Pro MP251L E2 25"" Inch 120HZ Full HD IPS Frameless Monitor",MSI,25.0,120.0,1080p FHD,IPS,0,1,1,Brand New,Colombo,32000.0
"Nec 19"" Monitor",NEC,19.0,60.0,HD,Standard,0,0,0,Used,Kalutara,6800.0
HP Elite E230T 23″Inch IPS Touch Screen Used Monitor ( Without Cables ),HP,23.0,60.0,1080p FHD,IPS,0,0,0,Used,Colombo,38500.0
Dell P2714HC 27 Inch IPS LED Used Monitor ( Without Cable ),Dell,27.0,60.0,1080p FHD,IPS,0,0,0,Used,Colombo,28000.0
"Dell P2319H 23"" inch Full HD IPS HDMI Frameless Used Monitor (No Cables)",Dell,23.0,60.0,1080p FHD,IPS,0,0,1,Used,Colombo,20500.0
LENOVO THINKVISION 27 INCH IPS FHD HDMI USED MONITOR,Lenovo,27.0,60.0,1080p FHD,IPS,0,0,0,Used,Colombo,27500.0
ATEC 27 INCH FULL HD LED USED MONITOR ( Delivery Not Available ),Other,27.0,60.0,1080p FHD,Standard,0,0,0,Used,Colombo,21500.0
22 INCH TG FULL HD HDMI USED MONITOR,Other,22.0,60.0,1080p FHD,Standard,0,0,0,Used,Colombo,12500.0
Koorui E2411K 24INCH 144HZ IPS FHD Brand New Monitor,Other,24.0,144.0,1080p FHD,IPS,0,1,0,Brand New,Colombo,33000.0
"Asus VY279HGR 27"" Inch Full HD IPS Level 120Hz Adaptive Sync Monitor",Asus,27.0,120.0,1080p FHD,IPS,0,1,0,Brand New,Colombo,46000.0
Brand New Acer Vero Series CB272 P6BMIPRX 144HZ Full HD Monitor,Acer,24.0,144.0,1080p FHD,Standard,0,1,0,Brand New,Colombo,44990.0
Dell Monitor,Dell,24.0,60.0,1080p FHD,Standard,0,0,0,Used,Kalutara,5000.0
Monitor,Other,24.0,60.0,1080p FHD,Standard,0,0,0,Used,Galle,5300.0
LG 24inch Monitor,LG,24.0,60.0,1080p FHD,Standard,0,0,0,Used,Kalutara,6500.0
"Acer Vero Series CB272 P6bmiprx 27"" Inch144Hz Full HD IPS Monitor NEW",Acer,27.0,144.0,1080p FHD,IPS,0,1,0,Brand New,Colombo,44990.0
"Acer EK271 27"" Inch 144Hz IPS HDMI Frameless Gaming Monitor",Acer,27.0,144.0,1080p FHD,IPS,0,1,1,Brand New,Colombo,35990.0
BELDON BN-TP081D | i7 Dual Touch POS Machine Professional System,Other,24.0,60.0,1080p FHD,Standard,0,0,0,Brand New,Colombo,370000.0
"Acer EK251 P6BI 25"" Inch 144Hz IPS HDMI Frameless Gaming Monitor",Acer,25.0,144.0,1080p FHD,IPS,0,1,1,Brand New,Colombo,31500.0
Asus Rog Strix XG259CMS 24.5” brand New Gaming Monitor,Asus,24.0,60.0,1080p FHD,Standard,0,1,0,Brand New,Colombo,103000.0
MSI Pro MP245PG E14 23.8″ INCH 144HZ 1MS FHD FRAMELESS MONITOR NEW,MSI,23.0,144.0,1080p FHD,Standard,0,1,1,Brand New,Colombo,47500.0
"MSI Pro MP243L E14 24.5"" Inch 144Hz 1ms FHD IPS Productivity Monitor",MSI,24.5,144.0,1080p FHD,IPS,0,1,0,Brand New,Colombo,33500.0
"MSI PRO MP225 E12VL 21.5"" Inch 120Hz 1ms FHD Slim Frameless Monitor",MSI,21.5,120.0,1080p FHD,Standard,0,1,1,Brand New,Colombo,26500.0
DELL 24″ IPS FHD FRAMELESS MONITOR,Dell,24.0,60.0,1080p FHD,IPS,0,0,1,Used,Other,18900.0
Monitor,Other,24.0,60.0,1080p FHD,Standard,0,0,0,Used,Colombo,8000.0
"LG 24"" FHD LED HDMI IPS MONITOR",LG,24.0,60.0,1080p FHD,IPS,0,0,0,Used,Other,12900.0
Acer 27 Inch Gaming Moniters |144Hz refresh rate| Frameless,Acer,27.0,144.0,1080p FHD,Standard,0,1,1,Brand New,Colombo,36800.0
"Acer 27"" Full HD Nitro Gaming Monitor - KG273 W3 240Hz Brand New",Acer,27.0,240.0,1080p FHD,Standard,0,1,0,Brand New,Colombo,49500.0
"32"" Curved Monitor 2K Gaming (2560 × 1440) 144HZ | QHD",Other,32.0,144.0,2K QHD,Standard,1,1,0,Used,Gampaha,55250.0
"Monitor 24"" IPS Frameless|Eye Care|1ms (MPRT) 120HZ - Asus Gaming (New)",Asus,24.0,120.0,1080p FHD,IPS,0,1,1,Brand New,Gampaha,32950.0
"Emark 24"" EW2427SH 144Hz IPS Full HD Frameless Gaming Monitor",Other,24.0,144.0,1080p FHD,IPS,0,1,1,Brand New,Colombo,29990.0
"Samsung 24"" Inch Full HD IPS Frameless HDMI Gaming Used Monitor",Samsung,24.0,60.0,1080p FHD,IPS,0,1,1,Used,Colombo,22000.0
"MSI PRO MP225 E12VL 21.5"" Inch 120Hz 1ms FHD Slim Frameless Monitor",MSI,21.5,120.0,1080p FHD,Standard,0,1,1,Brand New,Colombo,27500.0
"ACER EK251Q 24.5"" 100Hz IPS Monitor",Acer,24.5,100.0,1080p FHD,IPS,0,1,0,Brand New,Colombo,33500.0
"MSI Pro MP225 E12VL 21.5"" Inch 120HZ FHD Slim Frameless Monitor",MSI,21.5,120.0,1080p FHD,Standard,0,1,1,Brand New,Colombo,26500.0
"ACER EK251Q 24.5"" 100Hz IPS Monitor",Acer,24.5,100.0,1080p FHD,IPS,0,1,0,Brand New,Colombo,33500.0
DHAHUA 22INCH LED MONITOR 120HZ /10800,Other,22.0,120.0,1080p FHD,Standard,0,1,0,Brand New,Kandy,25500.0
"ViewSonic VA2432A-H 24"" Inch Full HD IPS 120Hz Frameless Monitor New",Viewsonic,24.0,120.0,1080p FHD,IPS,0,1,1,Brand New,Colombo,35500.0
23' Wide HDMI Speaker TV Monitor,Other,23.0,60.0,HD,Standard,0,0,0,Used,Kandy,11999.0
23 Wide HDMI Speaker TV Monitor,Other,23.0,60.0,HD,Standard,0,0,0,Used,Kandy,11999.0
23 ' LED IPS HDMI FullHD Rotatable Monitor,Other,23.0,60.0,HD,IPS,0,0,0,Used,Kandy,12999.0
23 ' LED IPS HDMI FullHD Rotatable Monitor,Other,23.0,60.0,HD,IPS,0,0,0,Used,Kandy,12999.0
22 LED Wide Display Monitors,Other,22.0,60.0,1080p FHD,Standard,0,0,0,Used,Kandy,9999.0
22 LED Wide Display Monitors,Other,22.0,60.0,1080p FHD,Standard,0,0,0,Used,Kandy,9999.0
19 Inch Square Monitors Used,Other,19.0,60.0,HD,Standard,0,0,0,Used,Gampaha,8500.0
KOORUI G2711P FHD IPS 27INCH 200HZ BRAND NEW GAMING MONITOR,Other,27.0,200.0,1080p FHD,IPS,0,1,0,Brand New,Colombo,51500.0
"Samsung 24"" LED Monitor For Parts",Samsung,24.0,60.0,1080p FHD,Standard,0,0,0,Used,Kandy,4000.0
Lenovo 24 Inch IPS Monitor,Lenovo,24.0,60.0,1080p FHD,IPS,0,0,0,Used,Colombo,15000.0
IVOOMI 19 Inch Monitor,Other,19.0,60.0,HD,Standard,0,0,0,Brand New,Kalutara,15500.0
HP Monitor,HP,24.0,60.0,1080p FHD,Standard,0,0,0,Used,Kandy,8000.0
"ViewSonic VX3480-2K-PRO 34"" UWQHD Gaming Monitor",Viewsonic,34.0,60.0,2K QHD,Standard,0,1,0,Brand New,Colombo,133990.0
"Monitor 24"" IPS Gaming (New) Frameless|Eye Care|1ms (MPRT) 120HZ - Asus",Asus,24.0,120.0,1080p FHD,IPS,0,1,1,Brand New,Gampaha,32950.0
"Monitor 2K 32"" Curved Gaming (2560 × 1440) 144HZ | QHD",Other,32.0,144.0,2K QHD,Standard,1,1,0,Used,Colombo,55250.0
Koorui E2411K 24 INCH 144HZ IPS FHD Brand New Monitor,Other,24.0,144.0,1080p FHD,IPS,0,1,0,Brand New,Colombo,33000.0
KOORUI G2411P 24-inch IPS FHD 200Hz Gaming Monitor,Other,24.0,200.0,1080p FHD,IPS,0,1,0,Brand New,Colombo,39000.0
MSI Modern MD272QXP 27″ Business and Productivity Monitor 100Hz 2K WQHD,MSI,27.0,100.0,2K QHD,Standard,0,1,0,Brand New,Colombo,95000.0
MSI Pro MP273 E14A 27 Inch 144Hz 1ms FHD IPS Productivity Monitor,MSI,27.0,144.0,1080p FHD,IPS,0,1,0,Brand New,Colombo,49990.0
Viewsonic VA270A-H 27INCH 120Hz FHD IPS Brand New Monitor,Viewsonic,27.0,120.0,1080p FHD,IPS,0,1,0,Brand New,Colombo,41500.0
MSI Pro MP245PG E14 23.8″ INCH 144HZ 1MS FHD FRAMELESS MONITOR NEW,MSI,23.0,144.0,1080p FHD,Standard,0,1,1,Brand New,Colombo,47500.0
"MSI Pro MP243L E14 24.5"" Inch 144Hz 1ms FHD IPS Productivity Monitor",MSI,24.5,144.0,1080p FHD,IPS,0,1,0,Brand New,Colombo,33500.0
"MSI PRO MP225 E12VL 21.5"" Inch 120Hz 1ms FHD Slim Frameless Monitor",MSI,21.5,120.0,1080p FHD,Standard,0,1,1,Brand New,Colombo,26500.0
MSI PRO MP243L E14 23.8 INCH FHD 144Hz IPS BRAND NEW MONITOR..,MSI,23.8,144.0,1080p FHD,IPS,0,1,0,Brand New,Colombo,34000.0
Asus Rog Strix XG259CMS 24.5” brand New Gaming Monitor,Asus,24.0,60.0,1080p FHD,Standard,0,1,0,Brand New,Colombo,103000.0
MSI Pro MP225V 21.5 Inch Professional Brand New Monitor,MSI,21.5,60.0,1080p FHD,Standard,0,0,0,Brand New,Colombo,25500.0
Ivoomi 19 Inch LED Monitors Brandnew,Other,19.0,60.0,HD,Standard,0,0,0,Used,Colombo,14500.0
"Dell P2319H 23"" Inch IPS Frameless Full HD HDMI Used Monitor",Dell,23.0,60.0,1080p FHD,IPS,0,0,1,Used,Colombo,20500.0
BELDON BN-F-31 Fingerprint Smart Door Lock,Other,24.0,60.0,1080p FHD,Standard,0,0,0,Brand New,Colombo,27000.0
Acer - EK251QP6 24.5INCH 144Hz IPS Brand New Montor,Acer,24.5,144.0,1080p FHD,IPS,0,1,0,Brand New,Colombo,34000.0
MSI Mag 321CQF E18 31.5” inch Curved Gaming Monitor,MSI,24.0,60.0,1080p FHD,Standard,1,1,0,Brand New,Colombo,97500.0
Koorui 27″ S2741LM - brand New Monitor,Other,27.0,60.0,1080p FHD,Standard,0,0,0,Brand New,Colombo,165500.0
Asus Tuf Gaming Vg279 Q3 R Monitor,Asus,24.0,60.0,1080p FHD,Standard,0,1,0,Brand New,Colombo,57400.0
Samsung LS27BG400EEXXS 27 Inch Gaming Monitor,Samsung,27.0,60.0,1080p FHD,Standard,0,1,0,Brand New,Colombo,98000.0
Samsung Odyssey LS25BG400EEXXS 25 Inch Gaming Monitor,Samsung,25.0,60.0,1080p FHD,Standard,0,1,0,Brand New,Colombo,89500.0
Samsung LS27D300GAEXXS 27 Inch Flat Full HD Monitor,Samsung,27.0,60.0,1080p FHD,Standard,0,0,0,Brand New,Colombo,45000.0
Samsung LS24F320GAEXXS 24″ IPS FHD 120Hz Essential Monitor,Samsung,24.0,120.0,1080p FHD,IPS,0,1,0,Brand New,Colombo,40000.0
Samsung 22″IPS 100Hz LS22D300GAEXXS Brand New Monitor,Samsung,22.0,100.0,1080p FHD,IPS,0,1,0,Brand New,Colombo,26500.0
SAMSUNG - UA32H5000FRXSG 32″ HD BRAND NEW SMART TV..,Samsung,32.0,60.0,HD,Standard,0,0,0,Brand New,Colombo,69500.0
Asus VA259HGA Eye Care Gaming Monitor 25 Inch,Asus,25.0,60.0,1080p FHD,Standard,0,1,0,Brand New,Colombo,35500.0
MSI Mag 325QF E18V 31.5” Inch Gaming Monitor,MSI,24.0,60.0,1080p FHD,Standard,0,1,0,Brand New,Colombo,92000.0
Koorui 27″Inch 27N5CA Curved VA Monitor 75HZ,Other,27.0,75.0,1080p FHD,VA,1,0,0,Brand New,Colombo,41000.0
"Asus VY279HGR 27"" Inch Full HD IPS Level 120Hz Adaptive Sync Monitor",Asus,27.0,120.0,1080p FHD,IPS,0,1,0,Brand New,Colombo,46000.0
LG 27 inch IPS Monitor,LG,27.0,60.0,1080p FHD,IPS,0,0,0,Used,Kalutara,19500.0
HKC 32 Inch 2K 144HZ Curved Gaming Monitor,Other,32.0,144.0,2K QHD,Standard,1,1,0,Used,Gampaha,50000.0
23 Inch HP Elite E230T Ips Touch Screen Used Monitor,HP,23.0,60.0,1080p FHD,IPS,0,0,0,Used,Colombo,38500.0
SAMSUNG - UA32H5000FRXSG 32″ HD BRAND NEW SMART TV..,Samsung,32.0,60.0,HD,Standard,0,0,0,Brand New,Colombo,69500.0
27 Inch Dell P2714HC Ips LED Used Monitor,Dell,27.0,60.0,1080p FHD,IPS,0,0,0,Used,Colombo,28000.0
27 Inch Lenovo Thinkvision IPS FHD HDMI Used Monitor,Lenovo,27.0,60.0,1080p FHD,IPS,0,0,0,Used,Colombo,27500.0
24 Inch Dell Full HD IPS Frameless Monitor,Dell,24.0,60.0,1080p FHD,IPS,0,0,1,Used,Colombo,22000.0
MSI Pro MP273 E14A 27 Inch 144HZ 1MS FHD IPS Productivity Monitor New,MSI,27.0,144.0,1080p FHD,IPS,0,1,0,Brand New,Colombo,44990.0
Koorui E2411K 24 Inch 144HZ IPS FHD Brand New Monitor,Other,24.0,144.0,1080p FHD,IPS,0,1,0,Brand New,Colombo,33000.0
27 Inch Atec Full HD LED Used Monitor,Other,27.0,60.0,1080p FHD,Standard,0,0,0,Used,Colombo,21500.0
Brand New Acer Vero Series CB272 P6BMIPRX 144HZ Full HD Monitor,Acer,24.0,144.0,1080p FHD,Standard,0,1,0,Brand New,Colombo,44990.0
MSI Pro MP225V 21.5 Inch Professional Brand New Monitor,MSI,21.5,60.0,1080p FHD,Standard,0,0,0,Brand New,Colombo,25500.0
"Acer EK251 25"" Inch 144HZ IPS HDMI Frameless Gaming Monitor New",Acer,25.0,144.0,1080p FHD,IPS,0,1,1,Brand New,Colombo,31990.0
Koorui GN06 27″ FHD 1080P IPS brand New Monitor,Other,27.0,60.0,1080p FHD,IPS,0,0,0,Brand New,Colombo,53500.0
"ViewSonic VA2432A-H 24"" Inch Full HD IPS 120HZ Frameless Monitor New",Viewsonic,24.0,120.0,1080p FHD,IPS,0,1,1,Brand New,Colombo,35500.0
"MSI PRO MP225 E12VL 21.5"" Inch 120Hz 1ms FHD Slim Frameless Monitor",MSI,21.5,120.0,1080p FHD,Standard,0,1,1,Brand New,Colombo,27500.0
Samsung Odyssey LS25BG400EEXXS 25 Inch Gaming Monitor,Samsung,25.0,60.0,1080p FHD,Standard,0,1,0,Brand New,Colombo,89500.0
Acer 27 Inch Brandnew Monitors (144Hz),Acer,27.0,144.0,1080p FHD,Standard,0,1,0,Brand New,Colombo,37500.0
Asus Tuf Gaming Vg279 Q3 R Monitor,Asus,24.0,60.0,1080p FHD,Standard,0,1,0,Brand New,Colombo,57400.0
Acer Nitro KG273 W3 27INCH Gaming Monitor,Acer,27.0,60.0,1080p FHD,Standard,0,1,0,Brand New,Colombo,50000.0
Asus VY279HGR 27″ Inch Gaming Monitor,Asus,27.0,60.0,1080p FHD,Standard,0,1,0,Brand New,Colombo,49500.0
"MSI Pro MP251L E2 25"" Inch 120HZ Full HD IPS Frameless Monitor",MSI,25.0,120.0,1080p FHD,IPS,0,1,1,Brand New,Colombo,32000.0
"Dell P2319H 23"" inch Full HD IPS HDMI Frameless Used Monitor (No Cables)",Dell,23.0,60.0,1080p FHD,IPS,0,0,1,Used,Colombo,20500.0
"Emark 24"" EW2427SH 144Hz IPS Full HD Frameless Gaming Monitor",Other,24.0,144.0,1080p FHD,IPS,0,1,1,Brand New,Colombo,30000.0
"Acer EK271 27"" Inch 144Hz IPS HDMI Frameless Gaming Monitor",Acer,27.0,144.0,1080p FHD,IPS,0,1,1,Brand New,Colombo,35990.0
"Asus 25"" VA259HGA 120Hz IPS Eye Care Gaming Monitor",Asus,25.0,120.0,1080p FHD,IPS,0,1,0,Brand New,Colombo,34500.0
"MSI Pro MP225 E12VL 21.5"" Inch 120HZ FHD Slim Frameless Monitor",MSI,21.5,120.0,1080p FHD,Standard,0,1,1,Brand New,Colombo,26500.0
"Abans 24"" Frameless monitor",Other,24.0,60.0,1080p FHD,Standard,0,0,1,Used,Matara,23000.0
"Emark 24"" EW2427SH 144Hz IPS Full HD Frameless Gaming Monitor",Other,24.0,144.0,1080p FHD,IPS,0,1,1,Brand New,Colombo,29990.0
"Samsung 24"" Inch Full HD IPS Frameless HDMI Gaming Used Monitor",Samsung,24.0,60.0,1080p FHD,IPS,0,1,1,Used,Colombo,22000.0
"Acer 27"" Full HD Nitro Gaming Monitor - KG273 W3 240Hz Brand New",Acer,27.0,240.0,1080p FHD,Standard,0,1,0,Brand New,Colombo,49500.0
ips 24ft monitor,Other,24.0,60.0,1080p FHD,IPS,0,0,0,Used,Galle,12000.0
Koorui E2212F 100hz FHD Monitor,Other,24.0,100.0,1080p FHD,Standard,0,1,0,Used,Kalutara,20000.0
"ViewSonic VX2776-sh 27"" IPS 75Hz Monitor",Viewsonic,27.0,75.0,1080p FHD,IPS,0,0,0,Used,Anuradhapura,45000.0
Lenovo Full HD LED 23 Inch Frameless Monitor,Lenovo,23.0,60.0,1080p FHD,Standard,0,0,1,Used,Gampaha,14500.0
"Asus Monitor 24"" IPS 120HZ Gaming (Brand New) Frameless|FHD",Asus,24.0,120.0,1080p FHD,IPS,0,1,1,Brand New,Gampaha,32950.0
"32"" Monitor 2K Curved Gaming (2560 × 1440) 144HZ | QHD",Other,32.0,144.0,2K QHD,Standard,1,1,0,Used,Gampaha,55250.0
MSI PRO MP243L E14 23.8 INCH FHD 144Hz IPS BRAND NEW MONITOR..,MSI,23.8,144.0,1080p FHD,IPS,0,1,0,Brand New,Colombo,34000.0
MSI Mag 325QF E18V 31.5” Inch Gaming Monitor,MSI,24.0,60.0,1080p FHD,Standard,0,1,0,Brand New,Colombo,92000.0
Asus Rog Strix XG259CMS 24.5” brand New Gaming Monitor,Asus,24.0,60.0,1080p FHD,Standard,0,1,0,Brand New,Colombo,103000.0
SAMSUNG - UA32H5000FRXSG 32″ HD BRAND NEW SMART TV..,Samsung,32.0,60.0,HD,Standard,0,0,0,Brand New,Colombo,69500.0
22” inch LCD Samsung Monitor,Samsung,22.0,60.0,1080p FHD,Standard,0,0,0,Used,Colombo,20000.0
Samsung Odyssey LS25BG400EEXXS 25 Inch Gaming Monitor,Samsung,25.0,60.0,1080p FHD,Standard,0,1,0,Brand New,Colombo,89500.0
Acer 27 Inch Gaming Moniters |144Hz refresh rate| Frameless,Acer,27.0,144.0,1080p FHD,Standard,0,1,1,Used,Colombo,36800.0
SAMSUNG LS24F320GAEXXS 24″ IPS FHD 120Hz ESSENTIAL MONITOR,Samsung,24.0,120.0,1080p FHD,IPS,0,1,0,Brand New,Colombo,40000.0
Koorui GN06 27″ FHD 1080P IPS brand New Monitor,Other,27.0,60.0,1080p FHD,IPS,0,0,0,Brand New,Colombo,53500.0
MSI Pro MP225V 21.5 Inch Professional Brand New Monitor,MSI,21.5,60.0,1080p FHD,Standard,0,0,0,Brand New,Colombo,25500.0
"GoodView 19"" LED Monitor with speakers HDMI VGA for computers cctv",Other,19.0,60.0,HD,Standard,0,0,0,Brand New,Colombo,13500.0
"Monitor 32"" 2K Curved Gaming (2560 × 1440) 144HZ | QHD",Other,32.0,144.0,2K QHD,Standard,1,1,0,Used,Gampaha,55250.0
27 INCH FULL HD MONITOR,Other,27.0,60.0,1080p FHD,Standard,0,0,0,Used,Kalutara,20000.0
17 19 24 BRAND NEW LED MONITOR ( HDMI ),Other,19.0,60.0,HD,Standard,0,0,0,Brand New,Kalutara,11000.0
27 INCH 2K DELL ULTRASHARP MONITOR,Dell,27.0,60.0,2K QHD,Standard,0,0,0,Used,Kalutara,30000.0
Monitor,Other,24.0,60.0,1080p FHD,Standard,0,0,0,Used,Other,35000.0
Falcon 19” Inch LED+HDMI Brand New Monitor,Other,19.0,60.0,HD,Standard,0,0,0,Brand New,Colombo,17000.0
Viewsonic VA3209-MH 32”INCH FHD Monitor,Viewsonic,32.0,60.0,1080p FHD,Standard,0,0,0,Brand New,Colombo,67500.0
Koorui 25″ G2511E 320Hz Ips FHD HDR400 Brand New Gaming Monitor,Other,25.0,320.0,1080p FHD,IPS,0,1,0,Brand New,Colombo,49000.0
"Samsung F24T450FQE 24"" Inch Full HD IPS Frameless HDMI Used Monitor",Samsung,24.0,60.0,1080p FHD,IPS,0,0,1,Used,Colombo,21500.0
Asus Tuf Gaming VG249Q3R 23.8” Inch FHD Ips 180Hz Brand New Monitor,Asus,23.0,180.0,1080p FHD,IPS,0,1,0,Brand New,Colombo,44500.0
Apple - A1657 Magic Mouse,Apple,24.0,60.0,1080p FHD,Standard,0,0,0,Brand New,Colombo,17500.0
Apple - A2450 Brand New Magic Keyboard,Apple,24.0,60.0,1080p FHD,Standard,0,0,0,Brand New,Colombo,38000.0
Apple - A2449 Brand New Magic Keyboard with Touch Id,Apple,24.0,60.0,1080p FHD,Standard,0,0,0,Brand New,Colombo,41000.0
MSI Pro MP225V 21.5 Inch VA 100Hz FHD Brand New Monitor,MSI,21.5,100.0,1080p FHD,VA,0,1,0,Brand New,Colombo,25000.0
Apple - A1843 Brand New Magic Keyboard with Numeric Keypad,Apple,24.0,60.0,1080p FHD,Standard,0,0,0,Brand New,Colombo,55000.0
"Asus 25"" VA259HGA 120Hz IPS Eye Care Gaming Monitor",Asus,25.0,120.0,1080p FHD,IPS,0,1,0,Brand New,Colombo,34500.0
Asus Tuf Gaming Vg279 Q3 R Monitor,Asus,24.0,60.0,1080p FHD,Standard,0,1,0,Brand New,Colombo,57400.0
"32"" 2K Curved Gaming Monitor (2560 × 1440) 144HZ|QHD",Other,32.0,144.0,2K QHD,Standard,1,1,0,Used,Colombo,55250.0
Samsung LS27BG400EEXXS 27 Inch Gaming Monitor,Samsung,27.0,60.0,1080p FHD,Standard,0,1,0,Brand New,Colombo,98000.0
Samsung Odyssey LS25BG400EEXXS 25 Inch Gaming Monitor,Samsung,25.0,60.0,1080p FHD,Standard,0,1,0,Brand New,Colombo,89500.0
"Monitor 24"" IPS Asus 120HZ Gaming (Brand New) Frameless|FHD",Asus,24.0,120.0,1080p FHD,IPS,0,1,1,Brand New,Gampaha,32950.0
Samsung LS27D300GAEXXS 27 Inch Flat Full HD Monitor,Samsung,27.0,60.0,1080p FHD,Standard,0,0,0,Brand New,Colombo,45000.0
Samsung LS24F320GAEXXS 24″ IPS FHD 120Hz Essential Monitor,Samsung,24.0,120.0,1080p FHD,IPS,0,1,0,Brand New,Colombo,40000.0
Samsung 22″IPS 100Hz LS22D300GAEXXS Brand New Monitor,Samsung,22.0,100.0,1080p FHD,IPS,0,1,0,Brand New,Colombo,26500.0
SAMSUNG - UA32H5000FRXSG 32″ HD BRAND NEW SMART TV..,Samsung,32.0,60.0,HD,Standard,0,0,0,Brand New,Colombo,69500.0
Asus VA259HGA Eye Care Gaming Monitor 25 Inch,Asus,25.0,60.0,1080p FHD,Standard,0,1,0,Brand New,Colombo,35500.0
MSI Mag 325QF E18V 31.5” Inch Gaming Monitor,MSI,24.0,60.0,1080p FHD,Standard,0,1,0,Brand New,Colombo,92000.0
MSI PRO MP243L E14 23.8 INCH FHD 144Hz IPS BRAND NEW MONITOR..,MSI,23.8,144.0,1080p FHD,IPS,0,1,0,Brand New,Colombo,34000.0
Asus Rog Strix XG259CMS 24.5” brand New Gaming Monitor,Asus,24.0,60.0,1080p FHD,Standard,0,1,0,Brand New,Colombo,103000.0
MSI Pro MP225V 21.5 Inch Professional Brand New Monitor,MSI,21.5,60.0,1080p FHD,Standard,0,0,0,Brand New,Colombo,25500.0
Acer - EK251QP6 24.5INCH 144Hz IPS Brand New Montor,Acer,24.5,144.0,1080p FHD,IPS,0,1,0,Brand New,Colombo,34000.0
22 LED HDMI,Other,22.0,60.0,HD,Standard,0,0,0,Used,Kandy,8500.0
MSI Mag 321CQF E18 31.5” inch Curved Gaming Monitor,MSI,24.0,60.0,1080p FHD,Standard,1,1,0,Brand New,Colombo,97500.0
Koorui 27″ S2741LM - brand New Monitor,Other,27.0,60.0,1080p FHD,Standard,0,0,0,Brand New,Colombo,165500.0
ASUS VA259HGA Eye Care Gaming Monitor – 25-inch,Asus,25.0,60.0,1080p FHD,Standard,0,1,0,Used,Colombo,36500.0
Acer Nitro KG273 W3 27 Inch Gaming Monitor,Acer,27.0,60.0,1080p FHD,Standard,0,1,0,Brand New,Colombo,50000.0
"22"" Inch Lenovo(S22e-19) Frameless IPS Monitor (Full HD)",Lenovo,22.0,60.0,1080p FHD,IPS,0,0,1,Brand New,Colombo,17000.0
27 Inch Atec Full Hd LED Used Monitor,Other,27.0,60.0,1080p FHD,Standard,0,0,0,Used,Colombo,21500.0
Koorui 27″Inch 27N5CA Curved VA Monitor 75HZ,Other,27.0,75.0,1080p FHD,VA,1,0,0,Brand New,Colombo,41000.0
24 INCH DELL FULL HD IPS FRAMLESS USED MONITOR,Dell,24.0,60.0,1080p FHD,IPS,0,0,0,Used,Colombo,22000.0
Asus VY279HGR 27″ Inch Gaming Monitor,Asus,27.0,60.0,1080p FHD,Standard,0,1,0,Brand New,Colombo,49500.0
27 INCH LENOVO THINKVISION IPS FHD HDMI USED MONITOR,Lenovo,27.0,60.0,1080p FHD,IPS,0,0,0,Used,Colombo,27500.0
22 Inch TG Full HD HDMI Used Monitor,Other,22.0,60.0,1080p FHD,Standard,0,0,0,Used,Colombo,12500.0
APPLE - A2520 MAGIC KEYBOARD WITH TOUCH ID BLACK KEY.,Apple,24.0,60.0,1080p FHD,Standard,0,0,0,Brand New,Colombo,69999.0
20 Inch Dell LED Used Monitor -E2016H,Dell,20.0,60.0,HD,Standard,0,0,0,Used,Colombo,9800.0
SAMSUNG ODYSSEY LS25BG400EEXXS 25 INCH BRAND NEW GAMING MONITOR,Samsung,25.0,60.0,1080p FHD,Standard,0,1,0,Brand New,Colombo,89500.0
SAMSUNG LS24F320GAEXXS 24″ IPS FHD 120Hz ESSENTIAL MONITOR,Samsung,24.0,120.0,1080p FHD,IPS,0,1,0,Brand New,Colombo,40000.0
Koorui GN06 27″ FHD 1080P IPS brand New Monitor,Other,27.0,60.0,1080p FHD,IPS,0,0,0,Brand New,Colombo,53500.0
24 Inch Monitor,Other,24.0,60.0,1080p FHD,Standard,0,0,0,Used,Gampaha,8000.0
"24"" Dell IPS Monitor- Used",Dell,24.0,60.0,1080p FHD,IPS,0,0,0,Used,Gampaha,14500.0
"23"" IPS Monitor",Other,23.0,60.0,1080p FHD,IPS,0,0,0,Used,Gampaha,14500.0
Dell 22 Inch Wide LED Monitor,Dell,22.0,60.0,1080p FHD,Standard,0,0,0,Used,Gampaha,11500.0
"MSI Pro MP243L E14 24.5"" Inch 144Hz 1ms FHD IPS Monitor",MSI,24.5,144.0,1080p FHD,IPS,0,1,0,Brand New,Colombo,33500.0
"MSI Pro MP225 E12VL 21.5"" Inch 120HZ FHD Slim Frameless Monitor",MSI,21.5,120.0,1080p FHD,Standard,0,1,1,Brand New,Colombo,26500.0
"Samsung 24"" Inch Full HD IPS Frameless HDMI Gaming Used Monitor",Samsung,24.0,60.0,1080p FHD,IPS,0,1,1,Used,Colombo,22000.0
"Emark 24"" EW2427SH 144Hz IPS Full HD Frameless Gaming Monitor",Other,24.0,144.0,1080p FHD,IPS,0,1,1,Brand New,Colombo,29990.0
Viewsonic VA270A-H 27INCH 120Hz FHD IPS Brand New Monitor,Viewsonic,27.0,120.0,1080p FHD,IPS,0,1,0,Brand New,Colombo,41500.0
"ViewSonic VA2432A-H 24"" Inch Full HD IPS 120Hz Frameless Monitor New",Viewsonic,24.0,120.0,1080p FHD,IPS,0,1,1,Brand New,Colombo,32000.0
"Acer Nitro KG273 27"" 200Hz IPS Gaming Monitor",Acer,27.0,200.0,1080p FHD,IPS,0,1,0,Used,Anuradhapura,42000.0
Acer 27 Inch Brandnew Monitors (144Hz),Acer,27.0,144.0,1080p FHD,Standard,0,1,0,Brand New,Colombo,37500.0
MSI Modern MD272QXP 27″ Business and Productivity Monitor 100Hz 2K WQHD,MSI,27.0,100.0,2K QHD,Standard,0,1,0,Brand New,Colombo,95000.0
Koorui G2741L Brand New Dual Mode IPS Monitor (4K-160HZ/1080P-320HZ),Other,24.0,160.0,4K UHD,IPS,0,1,0,Brand New,Colombo,95000.0
Koorui G2711P FHD IPS 27INCH 200HZ Brand New Gaming Monitor,Other,27.0,200.0,1080p FHD,IPS,0,1,0,Brand New,Colombo,51500.0
"Monitor 24"" IPS Asus Gaming (Brand New) 120HZ|FRAMELESS|FHD",Asus,24.0,120.0,1080p FHD,IPS,0,1,1,Brand New,Colombo,32950.0
"32"" 2K MONITOR CURVED GAMING 144HZ|QHD (2560 × 1440)",Other,32.0,144.0,2K QHD,Standard,1,1,0,Used,Gampaha,55250.0
Koorui E2411K 24 INCH 144HZ IPS FHD Brand New Monitor,Other,24.0,144.0,1080p FHD,IPS,0,1,0,Brand New,Colombo,33000.0
KOORUI G2411P 24-inch IPS FHD 200Hz Gaming Monitor,Other,24.0,200.0,1080p FHD,IPS,0,1,0,Brand New,Colombo,39000.0
"Koorui 22"" E2212H 100HZ 21.5 Inches FHD Brand New Monitor",Other,22.0,100.0,1080p FHD,Standard,0,1,0,Brand New,Colombo,25500.0
MSI Pro MP245PG E14 23.8″ INCH 144HZ 1MS FHD FRAMELESS MONITOR NEW,MSI,23.0,144.0,1080p FHD,Standard,0,1,1,Brand New,Colombo,47500.0
"MSI Pro MP243L E14 24.5"" Inch 144Hz 1ms FHD IPS Productivity Monitor",MSI,24.5,144.0,1080p FHD,IPS,0,1,0,Brand New,Colombo,33500.0
"HP Frameless 24"" IPS LED - Rotatable",HP,24.0,60.0,1080p FHD,IPS,0,0,1,Used,Colombo,25500.0
Dell Gaming Monitor – S2421HGF,Dell,24.0,60.0,1080p FHD,Standard,0,1,0,Used,Gampaha,25000.0
"MSI PRO MP225 E12VL 21.5"" Inch 120Hz 1ms FHD Slim Frameless Monitor",MSI,21.5,120.0,1080p FHD,Standard,0,1,1,Brand New,Colombo,26500.0
27 HP Frameless IPS Monitor (P27v G4),HP,27.0,60.0,1080p FHD,IPS,0,0,1,Brand New,Colombo,29999.0
HP/SAMSUNG/LENOVO 24 IPS Frameless Monitor Inbuilt Web Cam E24 D,Samsung,24.0,60.0,1080p FHD,IPS,0,0,1,Used,Gampaha,24500.0
20 Inch LED Wide Monitors VGA DVI Used,Other,20.0,60.0,HD,Standard,0,0,0,Used,Gampaha,10500.0
20 Inch LED LCD Monitors Used,Other,20.0,60.0,HD,Standard,0,0,0,Used,Gampaha,10500.0
"MSI G255F 24.5"" 180HZ FHD IPS Gaming Monitor",MSI,24.5,180.0,1080p FHD,IPS,0,1,0,Used,Gampaha,53500.0
ViewSonic VX2719-PC-MHD 27” Curved Gaming Monitor,Viewsonic,27.0,60.0,HD,Standard,1,1,0,Used,Colombo,50000.0
"MONITOR 32"" 2K CURVED GAMING 144HZ|QHD (2560 × 1440)",Other,32.0,144.0,2K QHD,Standard,1,1,0,Used,Colombo,55250.0
"Gaming Monitor 24"" IPS Asus (Brand New) 120HZ|FRAMELESS|FHD",Asus,24.0,120.0,1080p FHD,IPS,0,1,1,Brand New,Gampaha,32950.0
"MSI PRO MP251 25"" 1080p IPS Monitor 100Hz",MSI,25.0,100.0,1080p FHD,IPS,0,1,0,Used,Kalutara,27000.0
"ViewSonic VX3480-2K-PRO 34"" UWQHD Gaming Monitor",Viewsonic,34.0,60.0,2K QHD,Standard,0,1,0,Brand New,Colombo,133990.0
"MSI Optix MAG401QR 40"" UWQHD IPS 155Hz 1ms Adaptive Sync Gaming Monitor",MSI,40.0,155.0,2K QHD,IPS,0,1,0,Brand New,Colombo,185000.0
Hp Monitor,HP,24.0,60.0,1080p FHD,Standard,0,0,0,Used,Other,20000.0
"22"" Inch LED Dell Wide Monitors",Dell,22.0,60.0,1080p FHD,Standard,0,0,0,Used,Kalutara,11999.0
20 Inch Dell LED Used Monitor -E2016H,Dell,20.0,60.0,HD,Standard,0,0,0,Used,Colombo,9800.0
22 Inch TG Full HD HDMI Used Monitor,Other,22.0,60.0,1080p FHD,Standard,0,0,0,Used,Colombo,12500.0
27 Inch Lenovo Thinkvision Ips FHD HDMI Used Monitor,Lenovo,27.0,60.0,1080p FHD,IPS,0,0,0,Used,Colombo,27500.0
Dell 24 Inch Full HD IPS Frameless Used Monitor,Dell,24.0,60.0,1080p FHD,IPS,0,0,1,Used,Colombo,22000.0
"MSI Pro MP251L E2 25"" Inch 120HZ Full HD IPS Frameless Monitor",MSI,25.0,120.0,1080p FHD,IPS,0,1,1,Brand New,Colombo,32000.0
"Samsung 24"" Inch Full HD IPS Frameless HDMI Gaming Used Monitor",Samsung,24.0,60.0,1080p FHD,IPS,0,1,1,Used,Colombo,22000.0
24 Wide LED Used Monitors A Grade,Other,24.0,60.0,1080p FHD,Standard,0,0,0,Used,Gampaha,15500.0
"MSI Pro MP251L E2 25"" Inch 120Hz Full HD IPS Frameless Brand New Monitor",MSI,25.0,120.0,1080p FHD,IPS,0,1,1,Brand New,Colombo,32000.0
SAMSUNG LS27BG400EEXXS 27 INCH BRAND NEW GAMING MONITOR,Samsung,27.0,60.0,1080p FHD,Standard,0,1,0,Brand New,Colombo,98000.0
SAMSUNG ODYSSEY LS25BG400EEXXS 25 INCH BRAND NEW GAMING MONITOR,Samsung,25.0,60.0,1080p FHD,Standard,0,1,0,Brand New,Colombo,89500.0
SAMSUNG LS27D300GAEXXS 27 INCH FLAT FULL HD BRAND NEW MONITOR,Samsung,27.0,60.0,1080p FHD,Standard,0,0,0,Brand New,Colombo,45000.0
SAMSUNG LS24F320GAEXXS 24″ IPS FHD 120Hz ESSENTIAL MONITOR,Samsung,24.0,120.0,1080p FHD,IPS,0,1,0,Brand New,Colombo,40000.0
Samsung 22″IPS 100Hz LS22D300GAEXXS Brand New Monitor,Samsung,22.0,100.0,1080p FHD,IPS,0,1,0,Brand New,Colombo,26500.0
SAMSUNG - UA32H5000FRXSG 32″ HD BRAND NEW SMART TV..,Samsung,32.0,60.0,HD,Standard,0,0,0,Brand New,Colombo,69500.0
ASUS - VA259HGA EYE CARE GAMING MONITOR – 25-inch,Asus,25.0,60.0,1080p FHD,Standard,0,1,0,Brand New,Colombo,35500.0
MSI Mag 325QF E18V 31.5” Inch Gaming Monitor,MSI,24.0,60.0,1080p FHD,Standard,0,1,0,Brand New,Colombo,92000.0
MSI PRO MP243L E14 23.8 INCH FHD 144Hz IPS BRAND NEW MONITOR..,MSI,23.8,144.0,1080p FHD,IPS,0,1,0,Brand New,Colombo,34000.0
Asus Rog Strix XG259CMS 24.5” brand New Gaming Monitor,Asus,24.0,60.0,1080p FHD,Standard,0,1,0,Brand New,Colombo,103000.0
"Acer EK271 27"" Inch 144Hz IPS HDMI Frameless Gaming Monitor",Acer,27.0,144.0,1080p FHD,IPS,0,1,1,Brand New,Colombo,35990.0
"22"" Inch LED HP Wide Monitor",HP,22.0,60.0,1080p FHD,Standard,0,0,0,Used,Kalutara,11999.0
MSI Pro MP225V 21.5 Inch Professional Brand New Monitor,MSI,21.5,60.0,1080p FHD,Standard,0,0,0,Brand New,Colombo,25500.0
Acer - EK251QP6 24.5INCH 144Hz IPS Brand New Montor,Acer,24.5,144.0,1080p FHD,IPS,0,1,0,Brand New,Colombo,34000.0
MSI Mag 321CQF E18 31.5” inch Curved Gaming Monitor,MSI,24.0,60.0,1080p FHD,Standard,1,1,0,Brand New,Colombo,97500.0
Koorui 27″ S2741LM - brand New Monitor,Other,27.0,60.0,1080p FHD,Standard,0,0,0,Brand New,Colombo,165500.0
Acer 27 Inch Brandnew Monitors (144Hz),Acer,27.0,144.0,1080p FHD,Standard,0,1,0,Brand New,Colombo,37500.0
"Y25-25 Lenovo Legion 25"" 240HZ IPS QHD Gaming Monitor",Lenovo,25.0,240.0,2K QHD,IPS,0,1,0,Used,Galle,35000.0
MSI - Pro MP251L E2 24.5″INCH Fhd Ultra Slim Framless Monitor,MSI,24.0,60.0,1080p FHD,Standard,0,0,0,Brand New,Colombo,32500.0
ASUS VY249HGR 23’8”INCH FULL HD IPS LEVEL BRAND NEW MONITOR,Asus,23.0,60.0,1080p FHD,IPS,0,0,0,Brand New,Colombo,33700.0
"Asus VY279HGR 27"" Inch Full HD IPS Level 120Hz Adaptive Sync Monitor",Asus,27.0,120.0,1080p FHD,IPS,0,1,0,Brand New,Colombo,46000.0
"Emark 24"" EW2427SH 144Hz IPS Full HD Frameless Gaming Monitor",Other,24.0,144.0,1080p FHD,IPS,0,1,1,Brand New,Colombo,29990.0
"Dell P2319H 23"" inch Full HD IPS HDMI Frameless Used Monitor (No Cables)",Dell,23.0,60.0,1080p FHD,IPS,0,0,1,Used,Colombo,20500.0
"MSI PRO MP225 E12VL 21.5"" Inch 120Hz 1ms FHD Slim Frameless Monitor",MSI,21.5,120.0,1080p FHD,Standard,0,1,1,Brand New,Colombo,27500.0
HP S7500 CRT Monitor,HP,24.0,60.0,1080p FHD,Standard,0,0,0,Used,Matara,6000.0
Wide Monitor,Other,24.0,60.0,1080p FHD,Standard,0,0,0,Used,Kandy,7000.0
27 INCH IPS FRAMELESS MONITOR 2K,Other,27.0,60.0,2K QHD,IPS,0,0,1,Used,Kalutara,45000.0
Used Monitor 5,Other,24.0,60.0,1080p FHD,Standard,0,0,0,Used,Colombo,10000.0
"Acer 27"" Full HD Nitro Gaming Monitor - KG273 W3 240Hz Brand New",Acer,27.0,240.0,1080p FHD,Standard,0,1,0,Brand New,Colombo,49500.0
Dell UltraSharp U2417H IPS Ful HD Frameless used Monitor,Dell,24.0,60.0,1080p FHD,IPS,0,0,1,Used,Colombo,26500.0
ASUS VA259HGA Eye Care Gaming Monitor – 25-inch,Asus,25.0,60.0,1080p FHD,Standard,0,1,0,Brand New,Colombo,36500.0
MSI Pro 24 Inch Brand New IPS Monitor,MSI,24.0,60.0,1080p FHD,IPS,0,0,0,Brand New,Colombo,36500.0
"Acer Vero Series CB272 P6bmiprx 27"" Inch144Hz Full HD IPS Monitor NEW",Acer,27.0,144.0,1080p FHD,IPS,0,1,0,Brand New,Colombo,44990.0
"Acer EK271 27"" Inch 144Hz IPS HDMI Frameless Gaming Monitor",Acer,27.0,144.0,1080p FHD,IPS,0,1,1,Brand New,Colombo,36000.0
"Samsung F24T450FQE 24"" Inch Full HD IPS Frameless HDMI Used Monitor",Samsung,24.0,60.0,1080p FHD,IPS,0,0,1,Used,Colombo,21990.0
"Monitor 24"" 2K IPS (2560 × 1440) QHD|WIDE",Other,24.0,60.0,2K QHD,IPS,0,0,0,Used,Colombo,22250.0
"Emark 24"" EW2427SH 144Hz IPS Full HD Frameless Gaming Monitor",Other,24.0,144.0,1080p FHD,IPS,0,1,1,Brand New,Colombo,30000.0
"Monitor 24"" IPS Asus Gaming (Brand New) 120HZ|FRAMELESS|FHD",Asus,24.0,120.0,1080p FHD,IPS,0,1,1,Brand New,Gampaha,32950.0
"CURVED MONITOR 32"" 2K GAMING 144HZ|QHD (2560 × 1440)",Other,32.0,144.0,2K QHD,Standard,1,1,0,Used,Gampaha,55250.0
Acer Nitro KG273 W3 27INCH Gaming Monitor,Acer,27.0,60.0,1080p FHD,Standard,0,1,0,Brand New,Colombo,50000.0
"Dahua 24"" IPS LED Monitor",Other,24.0,60.0,1080p FHD,IPS,0,0,0,Brand New,Other,24990.0
"ViewSonic VA2432A-H 24"" Inch Full HD IPS 120HZ Frameless Monitor New",Viewsonic,24.0,120.0,1080p FHD,IPS,0,1,1,Brand New,Colombo,35500.0
Koorui 27″Inch 27N5CA Curved Va Brand New Monitor 75Hz,Other,27.0,75.0,1080p FHD,VA,1,0,0,Brand New,Colombo,41000.0
"MSI PRO MP243L E14 24.5"" Inch 144Hz 1ms FHD IPS Productivity Monitor",MSI,24.5,144.0,1080p FHD,IPS,0,1,0,Brand New,Colombo,33500.0
Asus - VY279HGR 27″ Inch Brand New Gaming Monitor,Asus,27.0,60.0,1080p FHD,Standard,0,1,0,Brand New,Colombo,49500.0
Asus Tuf Gaming Vg279 Q3 R Monitor,Asus,24.0,60.0,1080p FHD,Standard,0,1,0,Brand New,Colombo,57400.0
27 INCH LENOVO THINKVISION IPS FHD HDMI USED MONITOR,Lenovo,27.0,60.0,1080p FHD,IPS,0,0,0,Used,Colombo,27500.0
24 INCH DELL FULL HD IPS FRAMELESS USED MONITOR,Dell,24.0,60.0,1080p FHD,IPS,0,0,1,Used,Colombo,22000.0
22 INCH TG FULL HD HDMI USED MONITOR,Other,22.0,60.0,1080p FHD,Standard,0,0,0,Used,Colombo,12500.0
"HP 23"" Elite Display Full HD IPS Frameless Monitor 60Hz",HP,23.0,60.0,1080p FHD,IPS,0,0,1,Used,Colombo,24500.0
"HP 24"" Elite Display Full HD IPS Frameless Monitor 60Hz",HP,24.0,60.0,1080p FHD,IPS,0,0,1,Used,Colombo,26500.0
Asus TUF 34 Inch Gaming Monitor VG34VQL3A 1500R 1440P 180HZ Curved,Asus,34.0,180.0,2K QHD,Standard,1,1,0,Brand New,Colombo,159500.0
"Samsung 24"" Inch Full HD IPS Frameless HDMI Gaming Used Monitor",Samsung,24.0,60.0,1080p FHD,IPS,0,1,1,Used,Colombo,22000.0
27 Inch Atec Full Hd LED Used Monitor,Other,27.0,60.0,1080p FHD,Standard,0,0,0,Used,Colombo,21500.0
𝟐𝟒” 𝐋𝐄𝐃 𝐄 𝐌𝐚𝐫𝐤 - 𝐄𝐖𝟐𝟒𝟐𝟕𝐒𝐇,Other,24.0,60.0,1080p FHD,Standard,0,0,0,Brand New,Colombo,32500.0
20 Inch Dell LED Used Monitor -E2016H,Dell,20.0,60.0,HD,Standard,0,0,0,Used,Colombo,9800.0
Dell 22’inch LED HDMI Wide monitor,Dell,22.0,60.0,HD,Standard,0,0,0,Used,Colombo,11900.0
"Acer EK271 27"" Inch 144Hz IPS HDMI Frameless Gaming Monitor",Acer,27.0,144.0,1080p FHD,IPS,0,1,1,Brand New,Colombo,37000.0
"Dell P2319H 23"" Inch IPS Frameless Full HD HDMI Used Monitor",Dell,23.0,60.0,1080p FHD,IPS,0,0,1,Used,Colombo,20500.0
KOORUI G2711P FHD IPS 27INCH 200HZ BRAND NEW GAMING MONITOR,Other,27.0,200.0,1080p FHD,IPS,0,1,0,Brand New,Colombo,51500.0
"15.6"" 30 pin Laptop Display",Other,15.6,60.0,HD,Standard,0,0,0,Used,Jaffna,7900.0
MSI Pro MP273 E14A 27 Inch 144HZ 1MS FHD IPS Productivity Monitor New,MSI,27.0,144.0,1080p FHD,IPS,0,1,0,Brand New,Colombo,44990.0
Koorui E2411K 24INCH 144HZ IPS FHD Brand New Monitor,Other,24.0,144.0,1080p FHD,IPS,0,1,0,Brand New,Colombo,33000.0
Brand New Acer Vero Series CB272 P6BMIPRX 144HZ Full HD Monitor,Acer,24.0,144.0,1080p FHD,Standard,0,1,0,Brand New,Colombo,44990.0
"Full HD IPS Dell P2419H 24"" Monitor",Dell,24.0,60.0,1080p FHD,IPS,0,0,0,Used,Colombo,29900.0
"22"" Inch LED HP Wide Monitor",HP,22.0,60.0,1080p FHD,Standard,0,0,0,Used,Kalutara,11999.0
"22"" Inch LED HP Wide Monitor",HP,22.0,60.0,1080p FHD,Standard,0,0,0,Used,Kalutara,11999.0
Samsung 24” LED Monitor,Samsung,24.0,60.0,1080p FHD,Standard,0,0,0,Used,Colombo,12900.0
"22"" LED WIDE MONITOR",Other,22.0,60.0,1080p FHD,Standard,0,0,0,Used,Gampaha,10450.0
"24"" IPS Gaming Monitor (Brand New) Asus - FRAMELESS|FHD|120HZ",Asus,24.0,120.0,1080p FHD,IPS,0,1,1,Brand New,Gampaha,32950.0
"Monitor 24"" 2K WIDE IPS (2560 × 1440) QHD",Other,24.0,60.0,2K QHD,IPS,0,0,0,Used,Gampaha,22250.0
"32"" 2K CURVED MONITOR - GAMING 144HZ|QHD (2560 × 1440)",Other,32.0,144.0,2K QHD,Standard,1,1,0,Used,Gampaha,55250.0
KOORUI G2741L BRAND NEW DUAL MODE IPS MONITOR (4K-160HZ/1080P-320HZ),Other,24.0,160.0,4K UHD,IPS,0,1,0,Brand New,Colombo,95000.0
"Emark 24"" EW2427SH 144Hz IPS Full HD Frameless Gaming Monitor",Other,24.0,144.0,1080p FHD,IPS,0,1,1,Brand New,Colombo,29990.0
"Dell P2319H 23"" Inch IPS Frameless Full HD HDMI Used Monitor",Dell,23.0,60.0,1080p FHD,IPS,0,0,1,Used,Colombo,20500.0
"Samsung F24T450FQE 24"" Inch Full HD IPS Frameless HDMI Used Monitor",Samsung,24.0,60.0,1080p FHD,IPS,0,0,1,Used,Colombo,21990.0
"HP Z23N IPS Frameless HDMI Monitor 23""",HP,23.0,60.0,1080p FHD,IPS,0,0,1,Used,Colombo,20500.0
"Dell P2319H 23"" Inch IPS Frameless Full HD HDMI Used Monitor",Dell,23.0,60.0,1080p FHD,IPS,0,0,1,Used,Colombo,20500.0
"Dell P2419H 24"" Full HD IPS Monitor",Dell,24.0,60.0,1080p FHD,IPS,0,0,0,Used,Colombo,29900.0
"Acer EK251 25"" Inch 144HZ IPS HDMI Frameless Gaming Monitor New",Acer,25.0,144.0,1080p FHD,IPS,0,1,1,Brand New,Colombo,31990.0
"Dell Latitude 3420 Core I5 11th Gen 8GB RAM 256GB NVMe 14""",Dell,24.0,60.0,1080p FHD,Standard,0,0,0,Used,Colombo,95000.0
"MSI Pro MP251L E2 25"" Inch 120HZ Full HD IPS Frameless Monitor",MSI,25.0,120.0,1080p FHD,IPS,0,1,1,Brand New,Colombo,32000.0
"Samsung 20"" Wide HDMI LED Monitor | Used",Samsung,20.0,60.0,HD,Standard,0,0,0,Used,Gampaha,10500.0
"Falcon HS23.6"" Wide LED Monitor | Brand New",Other,23.6,60.0,1080p FHD,Standard,0,0,0,Brand New,Gampaha,23500.0
"Dell 22"" IPS Wide LED Monitor | Full HD Display",Dell,22.0,60.0,1080p FHD,IPS,0,0,0,Used,Gampaha,12950.0
Acer 27 Inch Brandnew Monitors (144Hz),Acer,27.0,144.0,1080p FHD,Standard,0,1,0,Brand New,Colombo,37500.0
"Monitor Dell 21.5"" Se2225hm",Dell,21.5,60.0,1080p FHD,Standard,0,0,0,Brand New,Colombo,28500.0
"19"" Square LED Monitor",Other,19.0,60.0,HD,Standard,0,0,0,Used,Gampaha,7500.0
Asus TUF VG34VQL3A 180Hz 34” Curved 1440P 1500R Gaming Monitor,Asus,34.0,180.0,2K QHD,Standard,1,1,0,Brand New,Colombo,159500.0
"HP 17"" Monitor",HP,17.0,60.0,HD,Standard,0,0,0,Used,Gampaha,6500.0
MSI Modern MD272QXP 27″ Business and Productivity Monitor 100Hz 2K WQHD,MSI,27.0,100.0,2K QHD,Standard,0,1,0,Brand New,Colombo,95000.0
"Dell P2319H 23"" inch Full HD IPS HDMI Frameless Used Monitor (No Cables)",Dell,23.0,60.0,1080p FHD,IPS,0,0,1,Used,Colombo,20500.0
"MSI PRO MP225 E12VL 21.5"" Inch 120Hz 1ms FHD Slim Frameless Monitor",MSI,21.5,120.0,1080p FHD,Standard,0,1,1,Used,Colombo,27500.0
23 Wide HDMI Speaker TV Monitors,Other,23.0,60.0,HD,Standard,0,0,0,Used,Kandy,11999.0
23 wide HDMI Speaker Tv Monitor,Other,23.0,60.0,HD,Standard,0,0,0,Used,Kandy,11999.0
Asus TUF Gaming VG279QE5A 27″ FHD IPS 146HZ Monitor,Asus,27.0,146.0,1080p FHD,IPS,0,1,0,Brand New,Colombo,46500.0
22 LED Wide Display Monitor,Other,22.0,60.0,1080p FHD,Standard,0,0,0,Used,Kandy,9999.0
22' LED Display Monitors,Other,22.0,60.0,1080p FHD,Standard,0,0,0,Used,Kandy,9999.0
23' LED IPS HDMI FullHD Rotatable Monitor,Other,23.0,60.0,HD,IPS,0,0,0,Used,Kandy,12999.0
23' LED IPS HDMI FullHD Rotatable Monitors,Other,23.0,60.0,HD,IPS,0,0,0,Used,Kandy,12999.0
MSI PRO MP245PG E14 23.8″ INCH 144HZ 1MS FHD FRAMELESS MONITOR NEW,MSI,23.0,144.0,1080p FHD,Standard,0,1,1,Brand New,Colombo,47500.0
"MSI PRO MP243L E14 24.5"" Inch 144Hz 1ms FHD IPS Productivity Monitor",MSI,24.5,144.0,1080p FHD,IPS,0,1,0,Brand New,Colombo,33500.0
"MSI PRO MP225 E12VL 21.5"" Inch 120Hz 1ms FHD Slim Frameless Monitor",MSI,21.5,120.0,1080p FHD,Standard,0,1,1,Brand New,Colombo,26500.0
"Asus VY279HGR 27"" Inch Full HD IPS Level 120Hz Adaptive Sync Monitor",Asus,27.0,120.0,1080p FHD,IPS,0,1,0,Brand New,Colombo,45000.0
"Dell 23"" IPS Monitor (Used)",Dell,23.0,60.0,1080p FHD,IPS,0,0,0,Used,Gampaha,13950.0
"22"" LED Monitors – USED",Other,22.0,60.0,1080p FHD,Standard,0,0,0,Used,Gampaha,10500.0
AOC Monitor 16,AOC,24.0,60.0,1080p FHD,Standard,0,0,0,Used,Kurunegala,6000.0
KOORUI G2411P 24-inch IPS FHD 200Hz Gaming Monitor,Other,24.0,200.0,1080p FHD,IPS,0,1,0,Brand New,Colombo,39000.0
Brand New Acer Vero Series CB272 P6BMIPRX 144HZ Full HD Monitor,Acer,24.0,144.0,1080p FHD,Standard,0,1,0,Brand New,Colombo,44990.0
"Acer EK271 27"" Inch 144Hz IPS HDMI Frameless Gaming Monitor",Acer,27.0,144.0,1080p FHD,IPS,0,1,1,Brand New,Colombo,36000.0
32 INCH SAMSUNG IPS HDMI 2K USED MONITOR,Samsung,32.0,60.0,2K QHD,IPS,0,0,0,Used,Colombo,39000.0
27 Inch Dell P2714 Hc Ips Led Used Monitor,Dell,27.0,60.0,1080p FHD,IPS,0,0,0,Used,Colombo,28000.0
27 inch Lenovo Thinkvision Ips Fhd Hdmi Used Monitor,Lenovo,27.0,60.0,1080p FHD,IPS,0,0,0,Used,Colombo,27500.0
MSI Pro MP273 E14A 27 Inch 144HZ 1MS FHD IPS Productivity Monitor New,MSI,27.0,144.0,1080p FHD,IPS,0,1,0,Brand New,Colombo,44990.0
24 Inch Dell Full Hd Ips Frameless Used Monitor,Dell,24.0,60.0,1080p FHD,IPS,0,0,1,Used,Colombo,22000.0
27 Inch Atec Full Hd LED Used Monitor,Other,27.0,60.0,1080p FHD,Standard,0,0,0,Used,Colombo,21500.0
"Emark 24"" EW2427SH 144Hz IPS Full HD Frameless Gaming Monitor",Other,24.0,144.0,1080p FHD,IPS,0,1,1,Brand New,Colombo,29990.0
"𝟐𝟐"" 𝐋𝐄𝐃 𝐃𝐚𝐡𝐮𝐚 - 𝐃𝐇𝐈-𝐋𝐌𝟐𝟐-𝐀𝟐𝟏𝟏𝐘",Other,22.0,60.0,1080p FHD,Standard,0,0,0,Brand New,Colombo,26900.0
"MONITOR 22"" WIDE LED - GOOD CONDITION",Other,22.0,60.0,1080p FHD,Standard,0,0,0,Used,Gampaha,10450.0
𝟐𝟕” 𝐋𝐄𝐃/𝐈𝐏𝐒/𝐇𝐃𝐌𝐈/𝐂𝐔𝐑𝐕𝐄 𝐌𝐎𝐍𝐈𝐓𝐎𝐑,Other,24.0,60.0,1080p FHD,Standard,0,0,0,Used,Colombo,32500.0
𝟐𝟕” 𝐋𝐄𝐃/𝐇𝐃𝐌𝐈 𝐌𝐎𝐍𝐈𝐓𝐎𝐑,Other,24.0,60.0,1080p FHD,Standard,0,0,0,Used,Colombo,26500.0
"MONITOR 32"" 2K CURVED GAMING 144HZ|QHD (2560 × 1440)",Other,32.0,144.0,2K QHD,Standard,1,1,0,Used,Colombo,55250.0
"Dell P2419H 24"" Full HD IPS Monitor",Dell,24.0,60.0,1080p FHD,IPS,0,0,0,Used,Colombo,29900.0
27 Lenovo Frameless IPS Monitor (S27i-10),Lenovo,27.0,60.0,1080p FHD,IPS,0,0,1,Brand New,Colombo,30000.0
Acer 27 Inch Brandnew Monitors (144Hz),Acer,27.0,144.0,1080p FHD,Standard,0,1,0,Brand New,Colombo,36800.0
"MSI PRO MP225 E12VL 21.5"" Inch 120Hz 1ms FHD Slim Frameless Monitor",MSI,21.5,120.0,1080p FHD,Standard,0,1,1,Brand New,Colombo,27500.0
HP 22 Inch IPS Wide Frameless Monitors Used 60Hz,HP,22.0,60.0,1080p FHD,IPS,0,0,1,Used,Gampaha,18500.0
HP/SAMUNG/LENOVO 24 Ips Frameless Monitors FHD,HP,24.0,60.0,1080p FHD,IPS,0,0,1,Used,Gampaha,24500.0
"Acer 27"" Full HD Nitro Gaming Monitor - KG273 W3 240Hz Brand New",Acer,27.0,240.0,1080p FHD,Standard,0,1,0,Brand New,Colombo,49500.0
"ViewSonic VA2432A-H 24"" Inch Full HD IPS 120HZ Frameless Monitor New",Viewsonic,24.0,120.0,1080p FHD,IPS,0,1,1,Brand New,Colombo,35500.0
"MSI PRO MP243L E14 24.5"" Inch 144Hz 1ms FHD IPS Productivity Monitor",MSI,24.5,144.0,1080p FHD,IPS,0,1,0,Brand New,Colombo,33500.0
Asus TUF 34 Inch Gaming Monitor VG34VQL3A 1500R 1440P 180HZ Curved,Asus,34.0,180.0,2K QHD,Standard,1,1,0,Brand New,Colombo,159500.0
22inch hd monitor p2214hb,Other,22.0,60.0,HD,Standard,0,0,0,Used,Gampaha,12900.0
KOORUI G2711P FHD IPS 27INCH 200HZ BRAND NEW GAMING MONITOR,Other,27.0,200.0,1080p FHD,IPS,0,1,0,Brand New,Colombo,51500.0
"HKC 32"" Curved 144Hz 2k Gaming Monitor",Other,32.0,144.0,2K QHD,Standard,1,1,0,Used,Gampaha,55000.0
"Monitor 24"" IPS FRAMELESS|FHD|120HZ (Brand New) Asus Gaming",Asus,24.0,120.0,1080p FHD,IPS,0,1,1,Brand New,Gampaha,32950.0
"Samsung 24"" Inch Full HD IPS Frameless HDMI Gaming Used Monitor",Samsung,24.0,60.0,1080p FHD,IPS,0,1,1,Used,Colombo,22000.0
"Acer EK271 27"" Inch 144Hz IPS HDMI Frameless Gaming Monitor",Acer,27.0,144.0,1080p FHD,IPS,0,1,1,Brand New,Colombo,36000.0
"Emark 24"" EW2427SH 144Hz IPS Full HD Frameless Gaming Monitor",Other,24.0,144.0,1080p FHD,IPS,0,1,1,Brand New,Colombo,32000.0
MSI PRO MP243L E14 144Hz FHD MONITOR,MSI,24.0,144.0,1080p FHD,Standard,0,1,0,Brand New,Colombo,34000.0
MSI PRO MP243L E14 144Hz FHD MONITOR,MSI,24.0,144.0,1080p FHD,Standard,0,1,0,Brand New,Colombo,34000.0
"Acer EK251 25"" Inch 144HZ IPS HDMI Frameless Gaming Monitor New",Acer,25.0,144.0,1080p FHD,IPS,0,1,1,Brand New,Colombo,31990.0
24 Inch LED HDMI Monitor,Other,24.0,60.0,HD,Standard,0,0,0,Used,Gampaha,15500.0
"Dell Desktop Monitor 19""",Dell,19.0,60.0,HD,Standard,0,0,0,Used,Other,15000.0
Dell 23 Inch IPS Monitor,Dell,23.0,60.0,1080p FHD,IPS,0,0,0,Used,Gampaha,14500.0
20 inch LED Monitor,Other,20.0,60.0,HD,Standard,0,0,0,Used,Gampaha,8950.0
Monitor,Other,24.0,60.0,1080p FHD,Standard,0,0,0,Used,Galle,12000.0
"Dell 2717 D 2k 27"" Monitor",Dell,27.0,60.0,2K QHD,Standard,0,0,0,Used,Colombo,11500.0
"32"" MONITOR 2K CURVED GAMING 144HZ|QHD (2560 × 1440)",Other,32.0,144.0,2K QHD,Standard,1,1,0,Used,Colombo,55250.0
"24"" 2K WIDE IPS Monitor (2560 × 1440) QHD",Other,24.0,60.0,2K QHD,IPS,0,0,0,Used,Colombo,22250.0
"24"" IPS Gaming Monitor - FRAMELESS|FHD|120HZ (Brand New) Asus",Asus,24.0,120.0,1080p FHD,IPS,0,1,1,Brand New,Gampaha,32950.0
"Acer Vero Series CB272 P6bmiprx 27"" Inch144Hz Full HD IPS Monitor NEW",Acer,27.0,144.0,1080p FHD,IPS,0,1,0,Brand New,Colombo,44990.0
19 Inch LCD Square Monitor,Other,19.0,60.0,HD,Standard,0,0,0,Used,Gampaha,3500.0
"Acer EK271 27"" Inch 144Hz IPS HDMI Frameless Gaming Monitor",Acer,27.0,144.0,1080p FHD,IPS,0,1,1,Brand New,Colombo,36000.0
"Dell P2319H 23"" Inch IPS Frameless Full HD HDMI Used Monitor",Dell,23.0,60.0,1080p FHD,IPS,0,0,1,Used,Colombo,20500.0
"Monitor 17"" 19'' 22"" 23'' 24"" 27'' 32"" IPS|2K|Curved|Frameless|1080P|FHD",Other,17.0,60.0,2K QHD,IPS,1,0,1,Used,Gampaha,5900.0
Lenovo 22 Inch 75 Hz Monitor,Lenovo,22.0,75.0,1080p FHD,Standard,0,0,0,Used,Kurunegala,6500.0
HP Monitor,HP,24.0,60.0,1080p FHD,Standard,0,0,0,Used,Colombo,17000.0
Monitor with RAM Cards,Other,24.0,60.0,1080p FHD,Standard,0,0,0,Used,Kurunegala,10000.0
HP Monitor,HP,24.0,60.0,1080p FHD,Standard,0,0,0,Used,Other,5000.0
LG Monitor 24 inch,LG,24.0,60.0,1080p FHD,Standard,0,0,0,Used,Kurunegala,16000.0
"Monitor 24"" IPS 120HZ|FRAMELESS|FHD (Brand New) Asus Gaming",Asus,24.0,120.0,1080p FHD,IPS,0,1,1,Brand New,Gampaha,32950.0
"Monitor 24"" 2K IPS WIDE (2560 × 1440) QHD",Other,24.0,60.0,2K QHD,IPS,0,0,0,Used,Gampaha,22250.0
"32"" 2K CURVED GAMING 144HZ HKC MONITOR 2023",Other,32.0,144.0,2K QHD,Standard,1,1,0,Used,Gampaha,55250.0
Samsung 24” LED Monitor,Samsung,24.0,60.0,1080p FHD,Standard,0,0,0,Used,Colombo,12900.0
Atec 27 Inch Full Hd Led Used Monitor,Other,27.0,60.0,1080p FHD,Standard,0,0,0,Used,Colombo,21500.0
Acer 27 Inch Brandnew Monitors (144Hz),Acer,27.0,144.0,1080p FHD,Standard,0,1,0,Brand New,Colombo,37500.0
Asus TUF Gaming VG246H1A IPS 100Hz Monitor,Asus,24.0,100.0,1080p FHD,IPS,0,1,0,Used,Colombo,27000.0
MSI Pro MP273 E14A 27 Inch 144Hz 1ms FHD IPS Productivity Monitor,MSI,27.0,144.0,1080p FHD,IPS,0,1,0,Brand New,Colombo,49990.0
MSI PRO MP245PG E14 23.8″ INCH 144HZ 1MS FHD FRAMELESS MONITOR NEW,MSI,23.0,144.0,1080p FHD,Standard,0,1,1,Brand New,Colombo,47500.0
"MSI PRO MP243L E14 24.5"" Inch 144Hz 1ms FHD IPS Productivity Monitor",MSI,24.5,144.0,1080p FHD,IPS,0,1,0,Brand New,Colombo,33500.0
"MSI PRO MP225 E12VL 21.5"" Inch 120Hz 1ms FHD Slim Frameless Monitor",MSI,21.5,120.0,1080p FHD,Standard,0,1,1,Brand New,Colombo,26500.0
"MSI PRO MP225 E12VL 21.5"" Inch 120Hz 1ms FHD Slim Frameless Monitor",MSI,21.5,120.0,1080p FHD,Standard,0,1,1,Brand New,Colombo,27500.0
"Asus VY279HGR 27"" Inch Full HD IPS Level 120Hz Adaptive Sync Monitor",Asus,27.0,120.0,1080p FHD,IPS,0,1,0,Brand New,Colombo,45000.0
Asus TUF Gaming VG279QE5A 27″ FHD IPS 146HZ Monitor,Asus,27.0,146.0,1080p FHD,IPS,0,1,0,Brand New,Colombo,46500.0
"MSI PRO MP243L E14 24.5"" Inch 144Hz 1ms FHD IPS Productivity Monitor",MSI,24.5,144.0,1080p FHD,IPS,0,1,0,Brand New,Colombo,33500.0
"ViewSonic VA2432A-H 24"" Inch Full HD IPS 120Hz Frameless Monitor New",Viewsonic,24.0,120.0,1080p FHD,IPS,0,1,1,Brand New,Colombo,35500.0
"Acer EK271 27"" Inch 144Hz IPS HDMI Frameless Gaming Monitor",Acer,27.0,144.0,1080p FHD,IPS,0,1,1,Brand New,Colombo,35990.0
"Emark 24"" EW2427SH 144Hz IPS Full HD Frameless Gaming Monitor",Other,24.0,144.0,1080p FHD,IPS,0,1,1,Brand New,Colombo,29990.0
13.3 Inch 40Pin Full HD 1080P LCD Laptop Touch Screen,Other,24.0,60.0,1080p FHD,Standard,0,0,0,Brand New,Colombo,39000.0
"MSI Pro MP251L E2 25"" Inch 120Hz Full HD IPS Frameless Brand New Monitor",MSI,25.0,120.0,1080p FHD,IPS,0,1,1,Brand New,Colombo,32000.0
30 pin 1920X1080 LCD LED Laptop Screen,Other,24.0,60.0,1080p FHD,Standard,0,0,0,Brand New,Colombo,31500.0
13.3 40 Pin HD Laptop Screen,Other,24.0,60.0,HD,Standard,0,0,0,Brand New,Colombo,18000.0
"Samsung 24"" Inch Full HD IPS Frameless HDMI Gaming Used Monitor",Samsung,24.0,60.0,1080p FHD,IPS,0,1,1,Used,Colombo,22000.0
ViewSonic 27 Inch VA2732 1080p IPS 100Hz,Viewsonic,27.0,100.0,1080p FHD,IPS,0,1,0,Used,Colombo,37000.0
Samsung Monitor,Samsung,24.0,60.0,1080p FHD,Standard,0,0,0,Used,Other,20000.0
"Acer EK251 25"" Inch 144HZ IPS HDMI Frameless Gaming Monitor New",Acer,25.0,144.0,1080p FHD,IPS,0,1,1,Brand New,Colombo,31990.0
"Grocery POS System with Inventory Sinhala, English - Wholesale & Retail",Other,24.0,60.0,1080p FHD,Standard,0,0,0,Brand New,Colombo,20000.0
LG 34 Inches Ultra Wide Flat IPS Monitor,LG,34.0,60.0,1080p FHD,IPS,0,0,0,Used,Kalutara,190000.0
"MSI Pro MP251L E2 25"" Inch 120HZ Full HD IPS Frameless Monitor",MSI,25.0,120.0,1080p FHD,IPS,0,1,1,Brand New,Colombo,32000.0
"Dell P2319H 23"" inch Full HD IPS HDMI Frameless Used Monitor (No Cables)",Dell,23.0,60.0,1080p FHD,IPS,0,0,1,Used,Colombo,20500.0
HP 20 inch LED Monitors,HP,20.0,60.0,HD,Standard,0,0,0,Used,Gampaha,8950.0
19 inch Wide LED Monitor,Other,19.0,60.0,HD,Standard,0,0,0,Used,Gampaha,8450.0
Dell Ips Led Monitor,Dell,24.0,60.0,1080p FHD,IPS,0,0,0,Used,Gampaha,18500.0
Dell 19inch Wide LED Monitors,Dell,19.0,60.0,HD,Standard,0,0,0,Used,Gampaha,8450.0
"Nec LED 22"" Monitor",NEC,22.0,60.0,1080p FHD,Standard,0,0,0,Used,Gampaha,9000.0
HP 20” IPS HDMI Monitor,HP,20.0,60.0,HD,IPS,0,0,0,Used,Colombo,11900.0
"Gaming Monitor 24"" IPS 120HZ|FRAMELESS|FHD (Brand New) Asus",Asus,24.0,120.0,1080p FHD,IPS,0,1,1,Brand New,Gampaha,32950.0
Dell 20” IPS Monitor,Dell,20.0,60.0,HD,IPS,0,0,0,Used,Colombo,10900.0
19 Inch Wide LED Monitor,Other,19.0,60.0,HD,Standard,0,0,0,Used,Gampaha,8450.0
"19"" LCD Monitor",Other,19.0,60.0,HD,Standard,0,0,0,Used,Gampaha,8451.0
24 Inch Falcon Monitor,Other,24.0,60.0,1080p FHD,Standard,0,0,0,Brand New,Gampaha,23500.0
"24"" 2K IPS WIDE Monitor (2560 × 1440) QHD",Other,24.0,60.0,2K QHD,IPS,0,0,0,Used,Colombo,22250.0
22 inch LED Monitor,Other,22.0,60.0,1080p FHD,Standard,0,0,0,Used,Gampaha,10250.0
HP 23 Inch IPS HDMI Frameless Monitor,HP,23.0,60.0,1080p FHD,IPS,0,0,1,Used,Colombo,17500.0
Koorui 24 Inch Ips 120 Hz Gaming Monitor,Other,24.0,120.0,1080p FHD,IPS,0,1,0,Brand New,Kandy,32000.0
Asus 24 Inch IPS /100HZ Gaming Monitor,Asus,24.0,100.0,1080p FHD,IPS,0,1,0,Brand New,Kandy,32500.0
MSI Pro MP273 E14A 27 Inch 144HZ 1MS FHD IPS Productivity Monitor New,MSI,27.0,144.0,1080p FHD,IPS,0,1,0,Brand New,Colombo,44990.0
Samsung 27' inch monitor,Samsung,27.0,60.0,1080p FHD,Standard,0,0,0,Used,Other,18000.0
"Dell P2419H 24"" Full HD IPS Monitor",Dell,24.0,60.0,1080p FHD,IPS,0,0,0,Used,Colombo,29900.0
27 Inch Dell P2714 Hc Ips Led Used Monitor,Dell,27.0,60.0,1080p FHD,IPS,0,0,0,Used,Colombo,28000.0
24 Inch Dell Full Hd Ips Frameless Used Monitor,Dell,24.0,60.0,1080p FHD,IPS,0,0,1,Used,Colombo,22000.0
"ViewSonic VA2432A-H 24"" Inch Full HD IPS 120HZ Frameless Monitor New",Viewsonic,24.0,120.0,1080p FHD,IPS,0,1,1,Brand New,Colombo,35500.0
27 Inch Lenovo Thinkvision IPS Fhd Hdmi Used Monitor,Lenovo,27.0,60.0,1080p FHD,IPS,0,0,0,Used,Colombo,27500.0
27 Inch Atec Full Hd Led Used Monitor,Other,27.0,60.0,1080p FHD,Standard,0,0,0,Used,Colombo,21500.0
22 INCH DELL FULL HD IPS LED SILVER LINE MONITOR,Dell,22.0,60.0,1080p FHD,IPS,0,0,0,Used,Colombo,12000.0
HP E243 Frameless Ips Monitor Elite Display 24″,HP,24.0,60.0,1080p FHD,IPS,0,0,1,Used,Colombo,23000.0
"HP Z23N IPS Frameless HDMI Monitor 23""",HP,23.0,60.0,1080p FHD,IPS,0,0,1,Used,Colombo,20500.0
DELL 20” IPS Monitor,Dell,20.0,60.0,HD,IPS,0,0,0,Used,Colombo,10900.0
HP 24” LED Monitor,HP,24.0,60.0,1080p FHD,Standard,0,0,0,Used,Colombo,12900.0
Viewsonic VA270A-H 27INCH 120Hz FHD IPS Brand New Monitor,Viewsonic,27.0,120.0,1080p FHD,IPS,0,1,0,Brand New,Colombo,41500.0
"ViewSonic VA2432A-H 24"" Inch Full HD IPS 120Hz Frameless Monitor New",Viewsonic,24.0,120.0,1080p FHD,IPS,0,1,1,Brand New,Colombo,32000.0
"Acer Vero Series CB272 P6bmiprx 27"" Inch144Hz Full HD IPS Monitor NEW",Acer,27.0,144.0,1080p FHD,IPS,0,1,0,Brand New,Colombo,44990.0
"Acer EK271 27"" Inch 144Hz IPS HDMI Frameless Gaming Monitor",Acer,27.0,144.0,1080p FHD,IPS,0,1,1,Brand New,Colombo,36000.0
Brand New Acer Vero Series CB272 P6BMIPRX 144HZ Full HD Monitor,Acer,24.0,144.0,1080p FHD,Standard,0,1,0,Brand New,Colombo,44990.0
MSI Pro MP273 E14A 27 Inch 144Hz 1ms FHD IPS Productivity Monitor,MSI,27.0,144.0,1080p FHD,IPS,0,1,0,Brand New,Colombo,49990.0
"MSI Pro MP275Q 27"" 100Hz 1ms 2560 x 1440 WQHD 2K IPS Frameless Monitor",MSI,27.0,100.0,2K QHD,IPS,0,1,1,Brand New,Colombo,69990.0
Asus TUF VG34VQL3A 34 Inch 1440P 180HZ 1500R Curved Gaming Monitor,Asus,34.0,180.0,2K QHD,Standard,1,1,0,Brand New,Colombo,159500.0
"Acer 27"" Full HD Nitro Gaming Monitor - KG273 W3 (240Hz)",Acer,27.0,240.0,1080p FHD,Standard,0,1,0,Brand New,Colombo,49500.0
MSI Modern MD272QXP 27″ Business and Productivity Monitor 100Hz 2K WQHD,MSI,27.0,100.0,2K QHD,Standard,0,1,0,Brand New,Colombo,95000.0
Used 24 Inch Led Ips Monitors,Other,24.0,60.0,1080p FHD,IPS,0,0,0,Used,Gampaha,15500.0
"ViewSonic VX3480-2K-PRO 34"" UWQHD Gaming Monitor",Viewsonic,34.0,60.0,2K QHD,Standard,0,1,0,Brand New,Colombo,134990.0
MSI Modern MD272QXP 27″ Business and Productivity Monitor 100Hz 2K WQHD,MSI,27.0,100.0,2K QHD,Standard,0,1,0,Brand New,Colombo,95000.0
"Emark 24"" EW2427SH 144Hz IPS Full HD Frameless Gaming Monitor",Other,24.0,144.0,1080p FHD,IPS,0,1,1,Brand New,Colombo,29990.0
"Acer 27"" Full HD Nitro Gaming Monitor - KG273 W3 240Hz Brand New",Acer,27.0,240.0,1080p FHD,Standard,0,1,0,Brand New,Colombo,49500.0
Viewsonic VA270A-H 27INCH 120Hz FHD IPS Brand New Monitor,Viewsonic,27.0,120.0,1080p FHD,IPS,0,1,0,Brand New,Colombo,41500.0
"22"" WIDE LED MONITOR",Other,22.0,60.0,1080p FHD,Standard,0,0,0,Used,Gampaha,10450.0
"Samsung F24T450FQE 24"" Inch Full HD IPS Frameless HDMI Used Monitor",Samsung,24.0,60.0,1080p FHD,IPS,0,0,1,Used,Colombo,21990.0
BELDON AL-AI-80R | Luxurious Safe Box Premium Digital Locker,Other,24.0,60.0,1080p FHD,Standard,0,0,0,Brand New,Colombo,450000.0
"Dell P2319H 23"" Inch IPS Frameless Full HD HDMI Used Monitor",Dell,23.0,60.0,1080p FHD,IPS,0,0,1,Used,Colombo,20500.0
23 INCH LG MONITOR ( INBUILT SPEAKER ),LG,23.0,60.0,1080p FHD,Standard,0,0,0,Used,Kalutara,13000.0
SAMSUNG 24” LED Monitor,Samsung,24.0,60.0,1080p FHD,Standard,0,0,0,Used,Colombo,12900.0
VIEWSONIC VA3209-MH 32”INCH FHD MONITOR WITH BUILT-IN SPEAKERS,Viewsonic,32.0,60.0,1080p FHD,Standard,0,0,0,Brand New,Colombo,67500.0
Acer Nitro Kg273 W3 27 Inch 200 Hz Ips Gaming Monitor,Acer,27.0,200.0,1080p FHD,IPS,0,1,0,Brand New,Colombo,49500.0
KOORUI 25″ G2511E 320Hz IPS FHD HDR400 BRAND NEW GAMING MONITOR,Other,25.0,320.0,1080p FHD,IPS,0,1,0,Brand New,Colombo,49000.0
"24"" IPS LED Monitor | Used Full HD Desktop",Other,24.0,60.0,1080p FHD,IPS,0,0,0,Used,Gampaha,14500.0
Falcon 19” Wide LED Monitor,Other,19.0,60.0,HD,Standard,0,0,0,Brand New,Colombo,16500.0
Samsung 17” Monitor,Samsung,17.0,60.0,HD,Standard,0,0,0,Used,Colombo,5900.0
Dahua DHI-LM25-E231B 24.5” 180Hz Gaming Monitor,Other,24.0,180.0,1080p FHD,Standard,0,1,0,Brand New,Colombo,44500.0
"Samsung 20"" Wide HDMI LED Monitor",Samsung,20.0,60.0,HD,Standard,0,0,0,Used,Gampaha,10500.0
MSI Pro MP225V 21.5 Inch VA 100Hz FHD (1920×1080) Brand New Monitor,MSI,21.5,100.0,1080p FHD,VA,0,1,0,Brand New,Colombo,25000.0
Dell UltraSharp U2417H IPS Ful HD Frameless Monitor,Dell,24.0,60.0,1080p FHD,IPS,0,0,1,Used,Colombo,27000.0
"19"" Square LED Monitor",Other,19.0,60.0,HD,Standard,0,0,0,Used,Gampaha,7500.0
"MSI Pro MP251L E2 25"" Inch 120HZ Full HD IPS Frameless Monitor",MSI,25.0,120.0,1080p FHD,IPS,0,1,1,Brand New,Colombo,32000.0
"MSI PRO MP243L E14 24.5"" Inch 144Hz 1ms FHD IPS Productivity Monitor",MSI,24.5,144.0,1080p FHD,IPS,0,1,0,Brand New,Colombo,33500.0
MSI PRO MP245PG E14 23.8″ INCH 144HZ 1MS FHD FRAMELESS MONITOR NEW,MSI,23.0,144.0,1080p FHD,Standard,0,1,1,Brand New,Colombo,47500.0
"MSI PRO MP243L E14 24.5"" Inch 144Hz 1ms FHD IPS Productivity Monitor",MSI,24.5,144.0,1080p FHD,IPS,0,1,0,Brand New,Colombo,33500.0
"MSI PRO MP225 E12VL 21.5"" Inch 120Hz 1ms FHD Slim Frameless Monitor",MSI,21.5,120.0,1080p FHD,Standard,0,1,1,Brand New,Colombo,26500.0
Dell 20 LED Monitor,Dell,20.0,60.0,HD,Standard,0,0,0,Used,Colombo,9900.0
TG 19” Monitor,Other,19.0,60.0,HD,Standard,0,0,0,Used,Colombo,6500.0
"LG 27"" IPS Full HD LED Monitor",LG,27.0,60.0,1080p FHD,IPS,0,0,0,Used,Matara,16900.0
"Philips 27"" Full HD Monitor",Philips,27.0,60.0,1080p FHD,IPS,0,0,0,Used,Matara,16500.0
"Dell P2419H 24"" Full HD IPS Monitor",Dell,24.0,60.0,1080p FHD,IPS,0,0,0,Used,Colombo,29900.0
KOORUI G2711P FHD IPS 27INCH 200HZ BRAND NEW GAMING MONITOR,Other,27.0,200.0,1080p FHD,IPS,0,1,0,Brand New,Colombo,51500.0
"Samsung 24"" Inch Full HD IPS Frameless HDMI Gaming Used Monitor",Samsung,24.0,60.0,1080p FHD,IPS,0,1,1,Used,Colombo,22000.0
LG LED monitor Japan used,LG,24.0,60.0,1080p FHD,Standard,0,0,0,Used,Matara,11500.0
"LG 24"" LED Monitor",LG,24.0,60.0,1080p FHD,Standard,0,0,0,Used,Matara,11500.0
Asus TUF Gaming 34 Inch VG34VQL3A 180HZ 1500R 1440P Curved Monitor,Asus,34.0,180.0,2K QHD,Standard,1,1,0,Brand New,Colombo,159500.0
"Acer EK271 27"" Inch 144Hz IPS HDMI Frameless Gaming Monitor",Acer,27.0,144.0,1080p FHD,IPS,0,1,1,Brand New,Colombo,36000.0
"MSI PRO MP225 E12VL 21.5"" Inch 120Hz 1ms FHD Slim Frameless Monitor",MSI,21.5,120.0,1080p FHD,Standard,0,1,1,Brand New,Colombo,27500.0
MSI Pro MP273 E14A 27 Inch 144HZ 1MS FHD IPS Productivity Monitor New,MSI,27.0,144.0,1080p FHD,IPS,0,1,0,Brand New,Colombo,44990.0
MSI 2K 170hz Gaming Monitor,MSI,24.0,170.0,2K QHD,Standard,0,1,0,Used,Kandy,62000.0
"MONITOR 22"" WIDE LED",Other,22.0,60.0,1080p FHD,Standard,0,0,0,Used,Gampaha,10450.0
Falcon 17” Led Brand New Monitor,Other,17.0,60.0,HD,Standard,0,0,0,Brand New,Colombo,9500.0
19 Inch Led Monitor - Used,Other,19.0,60.0,HD,Standard,0,0,0,Used,Gampaha,8450.0
"Dell P2319H 23"" Inch IPS Frameless Full HD HDMI Used Monitor",Dell,23.0,60.0,1080p FHD,IPS,0,0,1,Used,Colombo,20500.0
"Samsung F24T450FQE 24"" Inch Full HD IPS Frameless HDMI Used Monitor",Samsung,24.0,60.0,1080p FHD,IPS,0,0,1,Used,Colombo,21990.0
27 INCH ATEC FULL HD LED MONITOR,Other,27.0,60.0,1080p FHD,Standard,0,0,0,Used,Colombo,21500.0
22 Inch Dell Full HD Ips LED Silver Line Monitor,Dell,22.0,60.0,1080p FHD,IPS,0,0,0,Used,Colombo,12000.0
Koorui E2411K 24INCH 144HZ IPS FHD Brand New Monitor,Other,24.0,144.0,1080p FHD,IPS,0,1,0,Brand New,Colombo,33000.0
"Dell P2319H 23"" inch Full HD IPS HDMI Frameless Used Monitor (No Cables)",Dell,23.0,60.0,1080p FHD,IPS,0,0,1,Used,Colombo,20500.0
"HP Z23N IPS Frameless HDMI Monitor 23""",HP,23.0,60.0,1080p FHD,IPS,0,0,1,Used,Colombo,20500.0
HP E243 Frameless Ips Monitor Elite Display 24″,HP,24.0,60.0,1080p FHD,IPS,0,0,1,Used,Colombo,23000.0
"Monitor 2K 24"" IPS WIDE QHD (2560 × 1440)",Other,24.0,60.0,2K QHD,IPS,0,0,0,Used,Gampaha,22250.0
Dell UltraSharp U2417H IPS Ful HD Frameless used Monitor,Dell,24.0,60.0,1080p FHD,IPS,0,0,1,Used,Colombo,27000.0
22 lcd monitors,Other,22.0,60.0,1080p FHD,Standard,0,0,0,Used,Colombo,9900.0
"Gigabyte MO32U 32"" Gaming Monitor",Gigabyte,32.0,60.0,1080p FHD,Standard,0,1,0,Brand New,Colombo,385000.0
"Gigabyte MO27Q2 27"" OLED Gaming Monitor",Gigabyte,27.0,60.0,1080p FHD,OLED,0,1,0,Brand New,Colombo,235000.0
Dell 28 Inch Monitor,Dell,28.0,60.0,1080p FHD,Standard,0,0,0,Used,Colombo,24000.0
"Samsung 24"" Inch Full HD IPS Frameless HDMI Gaming Used Monitor",Samsung,24.0,60.0,1080p FHD,IPS,0,1,1,Used,Colombo,22000.0
"Dell P2419H Full HD IPS 24"" Monitor",Dell,24.0,60.0,1080p FHD,IPS,0,0,0,Used,Colombo,29900.0
"Samsung F24T450FQE 24"" Inch Full HD IPS Frameless HDMI Used Monitor",Samsung,24.0,60.0,1080p FHD,IPS,0,0,1,Used,Colombo,20990.0
"Dell P2319H 23"" Inch IPS Frameless Full HD HDMI Used Monitor",Dell,23.0,60.0,1080p FHD,IPS,0,0,1,Used,Colombo,19500.0
"ViewSonic VA2432A-H 24"" Inch Full HD IPS 120Hz Frameless Monitor New",Viewsonic,24.0,120.0,1080p FHD,IPS,0,1,1,Brand New,Colombo,35500.0
"Emark 24"" EW2427SH 144Hz IPS Full HD Frameless Gaming Monitor",Other,24.0,144.0,1080p FHD,IPS,0,1,1,Brand New,Colombo,30000.0
"MSI Pro MP225V 21.5"" Inch 100HZ 1MS FHD Ultra Slim Frameless Monitor",MSI,21.5,100.0,1080p FHD,Standard,0,1,1,Brand New,Colombo,25000.0
Asus TUF Gaming 34 Inch VG34VQL3A 180HZ 1500R 1440P Curved Monitor,Asus,34.0,180.0,2K QHD,Standard,1,1,0,Brand New,Colombo,159500.0
"24"" Widescreen Monitor",Other,24.0,60.0,1080p FHD,Standard,0,0,0,Used,Matara,12500.0
"24"" Widescreen Monitor",Other,24.0,60.0,1080p FHD,Standard,0,0,0,Used,Matara,13500.0
"24"" Widescreen Monitor",Other,24.0,60.0,1080p FHD,Standard,0,0,0,Used,Matara,14500.0
Viewsonic VA270A-H 27INCH 120Hz FHD IPS Brand New Monitor,Viewsonic,27.0,120.0,1080p FHD,IPS,0,1,0,Brand New,Colombo,41500.0
KOORUI G2411P 24-inch IPS FHD 200Hz Gaming Monitor,Other,24.0,200.0,1080p FHD,IPS,0,1,0,Brand New,Colombo,39000.0
"Emark 24"" EW2427SH 144Hz IPS Full HD Frameless Gaming Monitor",Other,24.0,144.0,1080p FHD,IPS,0,1,1,Brand New,Colombo,29990.0
Desktop LED Monitors,Other,24.0,60.0,1080p FHD,Standard,0,0,0,Used,Gampaha,7500.0
"Acer 27"" Full HD Nitro Gaming Monitor - KG273 W3 240Hz Brand New",Acer,27.0,240.0,1080p FHD,Standard,0,1,0,Brand New,Colombo,49500.0
LG 22 Inch Monitor,LG,22.0,60.0,1080p FHD,Standard,0,0,0,Used,Matara,5500.0
Macbook Pro 2019 Display,Other,24.0,60.0,1080p FHD,Standard,0,0,0,Used,Kandy,80000.0
Dell HD Widescreen Monitor,Dell,24.0,60.0,HD,Standard,0,0,0,Used,Colombo,16000.0
Acer Monitor,Acer,24.0,60.0,1080p FHD,Standard,0,0,0,Used,Jaffna,7000.0
HP 24” Led Monitor,HP,24.0,60.0,1080p FHD,Standard,0,0,0,Used,Colombo,11900.0
Samsung 19” Square Monitor,Samsung,19.0,60.0,HD,Standard,0,0,0,Used,Colombo,6500.0
17” Samsung Square Monitor,Samsung,17.0,60.0,HD,Standard,0,0,0,Used,Colombo,5900.0
20” LCD Wide Monitor,Other,20.0,60.0,HD,Standard,0,0,0,Used,Colombo,7900.0
19” Wide Monitor,Other,19.0,60.0,HD,Standard,0,0,0,Used,Colombo,7500.0
Koorui G2711P FHD IPS 27INCH 200HZ Brand New Gaming Monitor,Other,27.0,200.0,1080p FHD,IPS,0,1,0,Brand New,Colombo,51500.0
Lenovo 22 inch Thinkvision Monitor,Lenovo,22.0,60.0,1080p FHD,Standard,0,0,0,Used,Kurunegala,10500.0
Koorui E2411K 24INCH 144HZ IPS FHD Brand New Monitor,Other,24.0,144.0,1080p FHD,IPS,0,1,0,Brand New,Colombo,33000.0
"Koorui 22"" E2212H 100HZ 21.5 Inches FHD Brand New Monitor",Other,22.0,100.0,1080p FHD,Standard,0,1,0,Brand New,Colombo,25500.0
Asus TUF Gaming VG279QE5A 27″ FHD IPS 146HZ Monitor,Asus,27.0,146.0,1080p FHD,IPS,0,1,0,Brand New,Colombo,45990.0
"Asus VY279HGR 27"" Inch Full HD IPS Level 120Hz Adaptive Sync Monitor",Asus,27.0,120.0,1080p FHD,IPS,0,1,0,Brand New,Colombo,44500.0
"Asus 25"" VA259HGA 120Hz IPS Eye Care Gaming Monitor",Asus,25.0,120.0,1080p FHD,IPS,0,1,0,Brand New,Colombo,34500.0
Viewsonic VA270A-H 27INCH 120Hz FHD IPS Brand New Monitor,Viewsonic,27.0,120.0,1080p FHD,IPS,0,1,0,Brand New,Colombo,41500.0
"ViewSonic VA2432A-H 24"" Inch Full HD IPS 120Hz Frameless Monitor New",Viewsonic,24.0,120.0,1080p FHD,IPS,0,1,1,Brand New,Colombo,32000.0
"Acer 27"" Full HD Nitro Gaming Monitor - KG273 W3 (240Hz)",Acer,27.0,240.0,1080p FHD,Standard,0,1,0,Brand New,Colombo,49500.0
"Acer Vero Series CB272 P6bmiprx 27"" Inch144Hz Full HD IPS Monitor NEW",Acer,27.0,144.0,1080p FHD,IPS,0,1,0,Brand New,Colombo,44990.0
"Acer EK271 27"" Inch 144Hz IPS HDMI Frameless Gaming Monitor",Acer,27.0,144.0,1080p FHD,IPS,0,1,1,Brand New,Colombo,36000.0
"Acer EK251 P6BI 25"" Inch 144Hz IPS HDMI Frameless Gaming Monitor",Acer,25.0,144.0,1080p FHD,IPS,0,1,1,Brand New,Colombo,31500.0
MSI Modern MD272QXP 27″ Business and Productivity Monitor 100Hz 2K WQHD,MSI,27.0,100.0,2K QHD,Standard,0,1,0,Brand New,Colombo,95000.0
"MSI Pro MP275Q 27"" 100Hz 1ms 2560 x 1440 WQHD 2K IPS Frameless Monitor",MSI,27.0,100.0,2K QHD,IPS,0,1,1,Brand New,Colombo,69990.0
MSI Pro MP273 E14A 27 Inch 144Hz 1ms FHD IPS Productivity Monitor,MSI,27.0,144.0,1080p FHD,IPS,0,1,0,Brand New,Colombo,49990.0
MSI PRO MP245PG E14 23.8″ INCH 144HZ 1MS FHD FRAMELESS MONITOR NEW,MSI,23.0,144.0,1080p FHD,Standard,0,1,1,Brand New,Colombo,47500.0
Samsung Monitor,Samsung,24.0,60.0,1080p FHD,Standard,0,0,0,Used,Other,40000.0
ATEC 24” Wide LED Monitor – Full HD HDMI,Other,24.0,60.0,1080p FHD,Standard,0,0,0,Used,Kalutara,13000.0
MSI Pro MP273 E14A 27 Inch 144HZ 1MS FHD IPS Productivity Monitor New,MSI,27.0,144.0,1080p FHD,IPS,0,1,0,Brand New,Colombo,44990.0
"22"" Wide Led HDMI IPS Monitor",Other,22.0,60.0,HD,IPS,0,0,0,Used,Kandy,12790.0
"Samsung 24"" Inch Full HD IPS Frameless HDMI Gaming Used Monitor",Samsung,24.0,60.0,1080p FHD,IPS,0,1,1,Used,Colombo,21000.0
"Dell P2419H Full HD IPS 24"" Monitor",Dell,24.0,60.0,1080p FHD,IPS,0,0,0,Used,Colombo,29900.0
ACER EK271 27 INCH IPS MONITOR,Acer,27.0,60.0,1080p FHD,IPS,0,0,0,Brand New,Colombo,39000.0
ACER EK271 27 INCH IPS MONITOR,Acer,27.0,60.0,1080p FHD,IPS,0,0,0,Brand New,Colombo,39000.0
"ViewSonic VX3480-2K-PRO 34"" UWQHD Gaming Monitor",Viewsonic,34.0,60.0,2K QHD,Standard,0,1,0,Brand New,Colombo,134990.0
Acer 27 Inch \Brandnew Monitors \(144Hz).,Acer,27.0,144.0,1080p FHD,Standard,0,1,0,Brand New,Colombo,37500.0
"MSI PRO MP225 E12VL 21.5"" Inch 120Hz 1ms FHD Slim Frameless Monitor",MSI,21.5,120.0,1080p FHD,Standard,0,1,1,Brand New,Colombo,27500.0
27 INCH ATEC FULL HD LED MONITOR,Other,27.0,60.0,1080p FHD,Standard,0,0,0,Used,Colombo,21500.0
"Acer EK271G 27"" Inch 144Hz IPS HDMI Frameless Gaming Monitor",Acer,27.0,144.0,1080p FHD,IPS,0,1,1,Brand New,Colombo,36000.0
"24"" Monitor 2K QHD IPS WIDE (2560 × 1440)",Other,24.0,60.0,2K QHD,IPS,0,0,0,Used,Colombo,22250.0
27 Inch Dell P2714 Hc IPS LED Monitor,Dell,27.0,60.0,1080p FHD,IPS,0,0,0,Used,Colombo,28000.0
Asus TUF Gaming VG34VQL3A 180HZ 1440P 34” 1500R Curved Monitor,Asus,34.0,180.0,2K QHD,Standard,1,1,0,Brand New,Colombo,159500.0
"22"" WIDE LED MONITOR",Other,22.0,60.0,1080p FHD,Standard,0,0,0,Used,Gampaha,10450.0
24 INCH DELL FULL HD IPS FRAMELESS USED MONITOR,Dell,24.0,60.0,1080p FHD,IPS,0,0,1,Used,Colombo,22000.0
22 inch Dell Full Hd Ips Led Silver Line Monitor,Dell,22.0,60.0,1080p FHD,IPS,0,0,0,Used,Colombo,12000.0
Dell 20 Inch LED Used Monitor,Dell,20.0,60.0,HD,Standard,0,0,0,Used,Colombo,9800.0
"ViewSonic VA2432A-H 24"" Inch Full HD IPS 120HZ Frameless Monitor New",Viewsonic,24.0,120.0,1080p FHD,IPS,0,1,1,Brand New,Colombo,35500.0
Brand New Acer Vero Series CB272 P6BMIPRX 144HZ Full HD Monitor,Acer,24.0,144.0,1080p FHD,Standard,0,1,0,Brand New,Colombo,44990.0
MSI Modern MD272QXP 27″ Business and Productivity Monitor 100Hz 2K WQHD,MSI,27.0,100.0,2K QHD,Standard,0,1,0,Brand New,Colombo,95000.0
"22"" LED WIDE Monitor",Other,22.0,60.0,1080p FHD,Standard,0,0,0,Used,Gampaha,10450.0
Acer Monitor,Acer,24.0,60.0,1080p FHD,Standard,0,0,0,Brand New,Other,33000.0
"Acer 27"" Full HD Nitro Gaming Monitor - KG273 W3 240Hz Brand New",Acer,27.0,240.0,1080p FHD,Standard,0,1,0,Brand New,Colombo,49500.0
Acer 27 \Inch Brandnew Monitors (144Hz).,Acer,27.0,144.0,1080p FHD,Standard,0,1,0,Brand New,Colombo,36800.0
"MSI MAG 274QF X24 27"" 240Hz Gaming Monitor",MSI,27.0,240.0,1080p FHD,Standard,0,1,0,Brand New,Colombo,94000.0
"Monitor RageX 24"" Frameless IPS 120Hz LED",Other,24.0,120.0,1080p FHD,IPS,0,1,1,Brand New,Ratnapura,29000.0
"Monitor RageX 22"" Frameless VA 100Hz LED",Other,22.0,100.0,1080p FHD,VA,0,1,1,Brand New,Ratnapura,24500.0
Lenovo ThinkVision T24m-29 is a 23.8-Inch Business-Class Used Monitor,Lenovo,23.8,60.0,1080p FHD,Standard,0,0,0,Used,Colombo,20750.0
HP E243 Frameless Ips Monitor Elite Display 24″,HP,24.0,60.0,1080p FHD,IPS,0,0,1,Used,Colombo,23000.0
"HP Z23N IPS Frameless HDMI Monitor 23""",HP,23.0,60.0,1080p FHD,IPS,0,0,1,Used,Colombo,20500.0
Dell UltraSharp U2417H IPS Ful HD Frameless Monitor,Dell,24.0,60.0,1080p FHD,IPS,0,0,1,Used,Colombo,27000.0
"MSI Pro MP225V 21.5"" Inch 100HZ 1MS FHD Ultra Slim Frameless Monitor",MSI,21.5,100.0,1080p FHD,Standard,0,1,1,Brand New,Colombo,25000.0
"Samsung F24T450FQE 24"" Inch Full HD IPS Frameless HDMI Used Monitor",Samsung,24.0,60.0,1080p FHD,IPS,0,0,1,Used,Colombo,20990.0
"24"" Dell Full HD IPS Monitor",Dell,24.0,60.0,1080p FHD,IPS,0,0,0,Used,Colombo,19000.0
27 INCH Lenovo Thinkvision IPS Fhd Hdmi Monitor,Lenovo,27.0,60.0,1080p FHD,IPS,0,0,0,Used,Colombo,29500.0
27 Inch Atec Full Hd Led Monitor,Other,27.0,60.0,1080p FHD,Standard,0,0,0,Used,Colombo,21500.0
27 Inch Dell P2714 Hc Ips Led Monitor,Dell,27.0,60.0,1080p FHD,IPS,0,0,0,Used,Colombo,28000.0
LED Monitors for Desktop PC,Other,24.0,60.0,1080p FHD,Standard,0,0,0,Used,Gampaha,7500.0
KOORUI G2411P 24-inch IPS FHD 200Hz Gaming Monitor,Other,24.0,200.0,1080p FHD,IPS,0,1,0,Brand New,Colombo,39000.0
24 Inch Dell Full Hd Ips Frameless Used Monitor,Dell,24.0,60.0,1080p FHD,IPS,0,0,1,Used,Colombo,22000.0
"Monitor Ips Led 23""",Other,23.0,60.0,1080p FHD,IPS,0,0,0,Used,Ratnapura,10000.0
MSI Modern MD272QXP 27″ Business and Productivity Monitor 100Hz 2K WQHD,MSI,27.0,100.0,2K QHD,Standard,0,1,0,Brand New,Colombo,95000.0
"ViewSonic VX3480-2K-PRO 34"" UWQHD Gaming Monitor",Viewsonic,34.0,60.0,2K QHD,Standard,0,1,0,Brand New,Colombo,134990.0
Dell P2412Hb is a 24-inch Used FHD Monitor,Dell,24.0,60.0,1080p FHD,Standard,0,0,0,Used,Colombo,13000.0
Asus TUF Gaming VG279QE5A 27″ FHD IPS 146HZ Monitor,Asus,27.0,146.0,1080p FHD,IPS,0,1,0,Brand New,Colombo,45500.0
"24"" Full HD IPS Monitor Dell P2419H",Dell,24.0,60.0,1080p FHD,IPS,0,0,0,Used,Colombo,29900.0
"Dell P2419H Full HD IPS 24"" Monitor",Dell,24.0,60.0,1080p FHD,IPS,0,0,0,Used,Colombo,29900.0
"Monitor 24"" 2K QHD IPS WIDE (2560 × 1440)",Other,24.0,60.0,2K QHD,IPS,0,0,0,Used,Gampaha,22250.0
"Full HD IPS Dell P2419H 24"" Monitor",Dell,24.0,60.0,1080p FHD,IPS,0,0,0,Used,Colombo,29900.0
"22"" LED WIDE MONITOR",Other,22.0,60.0,1080p FHD,Standard,0,0,0,Used,Gampaha,10450.0
HP EliteDisplay E233 23-inch 3-sided Micro-Edge IPS Used Monitor,HP,23.0,60.0,1080p FHD,IPS,0,0,0,Used,Colombo,19500.0
"Acer 27"" Full HD Nitro Gaming Monitor - KG273 W3 (240Hz)",Acer,27.0,240.0,1080p FHD,Standard,0,1,0,Brand New,Colombo,49500.0
22 Inch Dell Full Hd Ips Led Silver Line Monitor,Dell,22.0,60.0,1080p FHD,IPS,0,0,0,Used,Colombo,12000.0
"Acer Vero Series CB272 P6bmiprx 27"" Inch144Hz Full HD IPS Monitor NEW",Acer,27.0,144.0,1080p FHD,IPS,0,1,0,Brand New,Colombo,44990.0
EliteDisplay E243m is a 23.8-inch IPS Used Monitor (1920x1080) 60Hz,Other,23.8,60.0,1080p FHD,IPS,0,0,0,Used,Colombo,23500.0
Lenovo ThinkVision T2454pA is a 24-inch Used IPS Monitor 1920 x 1200,Lenovo,24.0,60.0,1080p FHD,IPS,0,0,0,Used,Colombo,20000.0
"Emark 24"" EW2427SH 144Hz IPS Full HD Frameless Gaming Monitor",Other,24.0,144.0,1080p FHD,IPS,0,1,1,Brand New,Colombo,29990.0
"MSI Pro MP251L E2 25"" Inch 120HZ Full HD IPS Frameless Monitor",MSI,25.0,120.0,1080p FHD,IPS,0,1,1,Brand New,Colombo,32000.0
"MSI PRO MP243L E14 24.5"" Inch 144Hz 1ms FHD IPS Productivity Monitor",MSI,24.5,144.0,1080p FHD,IPS,0,1,0,Brand New,Colombo,33500.0
HP EliteDisplay E231 IPS 23-Inch Full HD (1080p) VGA Displ Monitor,HP,23.0,60.0,1080p FHD,IPS,0,0,0,Used,Colombo,12000.0
"MSI PRO MP225 E12VL 21.5"" Inch 120Hz 1ms FHD Slim Frameless Monitor",MSI,21.5,120.0,1080p FHD,Standard,0,1,1,Brand New,Colombo,27500.0
"Dell P2319H 23"" inch Full HD IPS HDMI Frameless Used Monitor (No Cables)",Dell,23.0,60.0,1080p FHD,IPS,0,0,1,Used,Colombo,19500.0
"MSI PRO MP225 E12VL 21.5"" Inch 120Hz 1ms FHD Slim Frameless Monitor",MSI,21.5,120.0,1080p FHD,Standard,0,1,1,Brand New,Colombo,26500.0
KOORUI G2711P FHD IPS 27INCH 200HZ BRAND NEW GAMING MONITOR,Other,27.0,200.0,1080p FHD,IPS,0,1,0,Brand New,Colombo,51500.0
HP P223 Monitor,HP,24.0,60.0,1080p FHD,Standard,0,0,0,Used,Galle,8000.0
"Samsung 24"" Inch Full HD IPS Frameless HDMI Gaming Used Monitor",Samsung,24.0,60.0,1080p FHD,IPS,0,1,1,Used,Colombo,21000.0
HP EliteDisplay E232 Monitor IPS HDMI VGA Support,HP,24.0,60.0,HD,IPS,0,0,0,Used,Colombo,14000.0
"24"" Frameless LED Monitor",Other,24.0,60.0,1080p FHD,Standard,0,0,1,Used,Matara,17500.0
Dell Monitor ( 22 Inches ),Dell,22.0,60.0,1080p FHD,Standard,0,0,0,Used,Colombo,14000.0
Monitor,Other,24.0,60.0,1080p FHD,Standard,0,0,0,Used,Colombo,150000.0
Anmite 16-Inch Portable Touch Screen Monitor,Other,16.0,60.0,HD,Standard,0,0,0,Used,Kandy,39500.0
34 Inch ViewSonic Monitor VA3456-MHDJ,Viewsonic,34.0,60.0,HD,Standard,0,0,0,Used,Colombo,100000.0
"24"" 2K Monitor QHD IPS WIDE (2560 × 1440)",Other,24.0,60.0,2K QHD,IPS,0,0,0,Used,Gampaha,22250.0
"MONITOR 22"" WIDE LED",Other,22.0,60.0,1080p FHD,Standard,0,0,0,Used,Gampaha,10450.0
"Acer EK251 P6BI 25"" Inch 144Hz IPS HDMI Frameless Gaming Monitor",Acer,25.0,144.0,1080p FHD,IPS,0,1,1,Brand New,Colombo,31500.0
"Asus 25"" VA259HGA 120Hz IPS Eye Care Gaming Monitor",Asus,25.0,120.0,1080p FHD,IPS,0,1,0,Brand New,Colombo,34500.0
"Msi Pro MP251L E2 25"" Inch 120Hz Full HD IPS Frameless Brand New Monitor",MSI,25.0,120.0,1080p FHD,IPS,0,1,1,Brand New,Colombo,32000.0
"MSI Pro MP225V 21.5"" Inch 100Hz 1ms FHD Ultra Slim Frameless Monitor",MSI,21.5,100.0,1080p FHD,Standard,0,1,1,Brand New,Colombo,23500.0
Eizo FlexScan EV2116W 21.5” Monitor Japan,Other,21.0,60.0,HD,Standard,0,0,0,Used,Galle,16000.0
32” ViewSonic Frameless Ultra-Thin 2K Monitor,Viewsonic,32.0,60.0,2K QHD,Standard,0,0,1,Used,Gampaha,42000.0
"LG 19"" LED Monitor",LG,19.0,60.0,HD,Standard,0,0,0,Used,Matara,7500.0
Acer 27 Inch Brandnew Monitors (144Hz).,Acer,27.0,144.0,1080p FHD,Standard,0,1,0,Brand New,Colombo,36800.0
17'' Monitor,Other,17.0,60.0,HD,Standard,0,0,0,Used,Colombo,5900.0
Gaming Monitor,Other,24.0,60.0,1080p FHD,Standard,0,1,0,Brand New,Other,61500.0
"Monitor 27""",Other,27.0,60.0,1080p FHD,Standard,0,0,0,Used,Gampaha,40000.0
"22"" Monitor WIDE LED -",Other,22.0,60.0,1080p FHD,Standard,0,0,0,Used,Gampaha,10450.0
KOORUI G2411P 24-inch IPS FHD 200Hz Gaming Monitor,Other,24.0,200.0,1080p FHD,IPS,0,1,0,Brand New,Colombo,39000.0
MSI Modern MD272QXP 27″ Business and Productivity Monitor 100Hz 2K WQHD,MSI,27.0,100.0,2K QHD,Standard,0,1,0,Brand New,Colombo,95000.0
Lenovo ThinkVision T2324PA 23-inch IPS Full HD LED Monitor,Lenovo,23.0,60.0,1080p FHD,IPS,0,0,0,Used,Colombo,14000.0
Brand New Acer Vero Series CB272 P6BMIPRX 144HZ Full HD Monitor,Acer,24.0,144.0,1080p FHD,Standard,0,1,0,Brand New,Colombo,44990.0
Asus TUF Gaming 34 Inch VG34VQL3A 180HZ 1500R 1440P Curved Monitor,Asus,34.0,180.0,2K QHD,Standard,1,1,0,Brand New,Colombo,159500.0
Asus TUF VG34VQL3A 180Hz 34” Curved 1440P 1500R Gaming Monitor,Asus,34.0,180.0,2K QHD,Standard,1,1,0,Brand New,Colombo,159500.0
Asus TUF 34 Inch Gaming Monitor VG34VQL3A 1500R 1440P 180 HZ Curved,Asus,34.0,180.0,2K QHD,Standard,1,1,0,Brand New,Colombo,159500.0
Asus TUF Gaming VG279QE5A 27″ FHD IPS 146HZ Monitor,Asus,27.0,146.0,1080p FHD,IPS,0,1,0,Brand New,Colombo,45500.0
Asus TUF Gaming VG34VQL3A 180HZ 1440P 34” 1500R Curved Monitor,Asus,34.0,180.0,2K QHD,Standard,1,1,0,Brand New,Colombo,159500.0
MSI Modern MD272QXP 27″ Business and Productivity Monitor 100Hz 2K WQHD,MSI,27.0,100.0,2K QHD,Standard,0,1,0,Brand New,Colombo,95000.0
"Asus Gaming Monitor 24"" IPS 120HZ|FRAMELESS|FHD (Brand New)",Asus,24.0,120.0,1080p FHD,IPS,0,1,1,Brand New,Gampaha,32950.0
"Monitor 24"" 2K QHD IPS WIDE (2560 × 1440)",Other,24.0,60.0,2K QHD,IPS,0,0,0,Used,Gampaha,22250.0
"ViewSonic VA2432A-H 24"" Inch Full HD IPS 120Hz Frameless Monitor New",Viewsonic,24.0,120.0,1080p FHD,IPS,0,1,1,Brand New,Colombo,35500.0
Acer 27 Inch \Brandnew Monitors \(144Hz).,Acer,27.0,144.0,1080p FHD,Standard,0,1,0,Brand New,Colombo,36800.0
"Emark 24"" EW2427SH 144Hz IPS Full HD Frameless Gaming Monitor",Other,24.0,144.0,1080p FHD,IPS,0,1,1,Brand New,Colombo,30000.0
"Asus 25"" VA259HGA 120Hz IPS Eye Care Gaming Monitor",Asus,25.0,120.0,1080p FHD,IPS,0,1,0,Brand New,Colombo,34500.0
"MSI PRO MP251L E2 25"" Inch 120Hz Full HD IPS Frameless Brand New Monitor",MSI,25.0,120.0,1080p FHD,IPS,0,1,1,Brand New,Colombo,32000.0
AOC Monitor 18.5 inch HD LED Backlit LCD e970Swnl,AOC,18.5,60.0,HD,Standard,0,0,0,Used,Galle,7000.0
KOORUI G2411P 24-inch IPS FHD 200Hz Gaming Monitor,Other,24.0,200.0,1080p FHD,IPS,0,1,0,Brand New,Colombo,39000.0
"Koorui 22"" E2212H 100HZ 21.5 Inches FHD Brand New Monitor",Other,22.0,100.0,1080p FHD,Standard,0,1,0,Brand New,Colombo,25500.0
KOORUI G2711P FHD IPS 27INCH 200HZ BRAND NEW GAMING MONITOR,Other,27.0,200.0,1080p FHD,IPS,0,1,0,Brand New,Colombo,51500.0
"Emark 24"" EW2427SH 144Hz IPS Full HD Frameless Gaming Monitor",Other,24.0,144.0,1080p FHD,IPS,0,1,1,Brand New,Colombo,29990.0
2K 24 Inch Lenovo Monitor,Lenovo,24.0,60.0,2K QHD,Standard,0,0,0,Used,Colombo,41000.0
Hillport Heavy Duty Portable Monitor Stand - Iron,Other,24.0,60.0,1080p FHD,Standard,0,0,0,Brand New,Gampaha,7990.0
"Samsung Monitor 19""",Samsung,19.0,60.0,HD,Standard,0,0,0,Used,Kandy,6500.0
"EPSON 19"" Monitor",Epson,19.0,60.0,HD,Standard,0,0,0,Used,Kandy,6000.0
"Monitor 24"" 2K (2560 × 1440) QHD IPS WIDE",Other,24.0,60.0,2K QHD,IPS,0,0,0,Used,Gampaha,22250.0
"22"" WIDE LED MONITOR",Other,22.0,60.0,1080p FHD,Standard,0,0,0,Used,Gampaha,10450.0
"Used Lenovo 22"" Monitor",Lenovo,22.0,60.0,1080p FHD,Standard,0,0,0,Used,Colombo,18500.0
"Acer EK271 27"" Inch 144Hz IPS HDMI Frameless Gaming Monitor",Acer,27.0,144.0,1080p FHD,IPS,0,1,1,Brand New,Colombo,36000.0
Acer 27 -Inch Brandnew Monitors (144Hz).,Acer,27.0,144.0,1080p FHD,Standard,0,1,0,Brand New,Colombo,36800.0
"MSI Pro MP225V 21.5"" Inch 100HZ 1MS FHD Ultra Slim Frameless Monitor",MSI,21.5,100.0,1080p FHD,Standard,0,1,1,Brand New,Colombo,25000.0
"Samsung 24"" Inch Full HD IPS Frameless HDMI Gaming Used Monitor",Samsung,24.0,60.0,1080p FHD,IPS,0,1,1,Used,Colombo,21000.0
"Acer 27"" Full HD Nitro Gaming Monitor - KG273 W3 240Hz Brand New",Acer,27.0,240.0,1080p FHD,Standard,0,1,0,Brand New,Colombo,49500.0
23 INCH HP ELITE E230T IPS TOUCH SCREEN USED MONITOR,HP,23.0,60.0,1080p FHD,IPS,0,0,0,Used,Colombo,38500.0
27 Inch Dell P2714 Hc Ips Led Used Monitor,Dell,27.0,60.0,1080p FHD,IPS,0,0,0,Used,Colombo,28000.0
27 Inch Lenovo Thinkvision IPS FHD HDMI Used Monitor,Lenovo,27.0,60.0,1080p FHD,IPS,0,0,0,Used,Colombo,29500.0
MSI Modern MD272QXP 27″ Business and Productivity Monitor 100Hz 2K WQHD,MSI,27.0,100.0,2K QHD,Standard,0,1,0,Brand New,Colombo,95000.0
"Asus Monitor 24"" Gaming IPS 120HZ|FRAMELESS|FHD (Brand New)",Asus,24.0,120.0,1080p FHD,IPS,0,1,1,Brand New,Gampaha,32950.0
27 Inch Atec Full Hd Led Used Monitor,Other,27.0,60.0,1080p FHD,Standard,0,0,0,Used,Colombo,21500.0
LENOVO THINKVISION S24E-20 24'' INCH IPS FRAMELESS MONITORS,Lenovo,24.0,60.0,1080p FHD,IPS,0,0,1,Used,Colombo,23000.0
LENOVO THINKVISION S24E-20 24'' INCH IPS FRAMELESS MONITORS,Lenovo,24.0,60.0,1080p FHD,IPS,0,0,1,Used,Colombo,23000.0
Asus TUF Gaming VG34VQL3A 180HZ 1440P 34” 1500R Curved Monitor,Asus,34.0,180.0,2K QHD,Standard,1,1,0,Brand New,Colombo,159500.0
Asus TUF Gaming 34 Inch VG34VQL3A 180HZ 1500R 1440P Curved Monitor,Asus,34.0,180.0,2K QHD,Standard,1,1,0,Brand New,Colombo,159500.0
Asus TUF 34” VG34VQL3A 180HZ 1440P 1500R Curved Gaming Monitor,Asus,34.0,180.0,2K QHD,Standard,1,1,0,Brand New,Colombo,159500.0
Asus TUF Gaming VG34VQL3A 34” Curved 1500R 1440P 180HZ Monitor,Asus,34.0,180.0,2K QHD,Standard,1,1,0,Brand New,Colombo,159500.0
Asus TUF VG34VQL3A 34 Inch 1440P 180HZ 1500R Curved Gaming Monitor,Asus,34.0,180.0,2K QHD,Standard,1,1,0,Brand New,Colombo,159500.0
Asus TUF Gaming 34” VG34VQL3A 1440P 1500R 180HZ Curved Monitor,Asus,34.0,180.0,2K QHD,Standard,1,1,0,Brand New,Colombo,159500.0
ViewSonic VA2432A 24-inch Monitor,Viewsonic,24.0,60.0,1080p FHD,Standard,0,0,0,Brand New,Jaffna,36500.0
Dell UltraSharp U2417H IPS Ful HD Frameless used Monitor,Dell,24.0,60.0,1080p FHD,IPS,0,0,1,Used,Colombo,27000.0
Lenovo T24i – 10 Frameless 24 Inch Used Monitor Full HD (1080p),Lenovo,24.0,60.0,1080p FHD,Standard,0,0,1,Used,Colombo,21000.0
"Dell P2319H 23"" Inch IPS Frameless Full HD HDMI Used Monitor",Dell,23.0,60.0,1080p FHD,IPS,0,0,1,Used,Colombo,19500.0
"MSI Pro MP251L E2 25"" Inch 120HZ Full HD IPS Frameless Monitor",MSI,25.0,120.0,1080p FHD,IPS,0,1,1,Brand New,Colombo,32000.0
"Samsung F24T450FQE 24"" Inch Full HD IPS Frameless HDMI Used Monitor",Samsung,24.0,60.0,1080p FHD,IPS,0,0,1,Used,Colombo,20990.0
HP E243 Frameless Ips Monitor Elite Display 24″,HP,24.0,60.0,1080p FHD,IPS,0,0,1,Used,Colombo,23000.0
"HP Z23N IPS Frameless HDMI Monitor 23""",HP,23.0,60.0,1080p FHD,IPS,0,0,1,Used,Colombo,20500.0
"Asus VY279HGR 27"" Inch Full HD IPS Level 120Hz Adaptive Sync Monitor",Asus,27.0,120.0,1080p FHD,IPS,0,1,0,Brand New,Colombo,44500.0
Asus TUF Gaming VG279QE5A 27″ FHD IPS 146HZ Monitor,Asus,27.0,146.0,1080p FHD,IPS,0,1,0,Brand New,Colombo,45500.0
Dell Monito inch HDMI,Dell,24.0,60.0,HD,Standard,0,0,0,Used,Colombo,9500.0
Monitor Frameless Size 22,Other,22.0,60.0,1080p FHD,Standard,0,0,1,Used,Gampaha,18000.0
Rage X 22” 100Hz Gaming Monitor,Other,22.0,100.0,1080p FHD,Standard,0,1,0,Brand New,Badulla,28500.0
