id,title,brand,storage,ram,connectivity,size,generation,price_raw,price,condition,location,slug,link,shop_name,is_member,timestamp
6a9584b7fff95df4210c46d3,Samsung S2 Tab,Samsung,Unknown,Unknown,WiFi / Standard,Unknown,Unknown,"Rs 4,600",4600,Used,Nuwara Eliya,samsung-tab-used-for-sale-nuwara-eliya,https://ikman.lk/en/ad/samsung-tab-used-for-sale-nuwara-eliya,,False,2 hours
6a957dc7ce7ab05878ec78ec,Apple Ipad pro M5(11’)-Black,Apple,Unknown,Unknown,WiFi / Standard,Unknown,Unknown,"Rs 280,000",280000,Used,Ampara,i-pad-for-sale-ampara-1,https://ikman.lk/en/ad/i-pad-for-sale-ampara-1,,False,3 hours
6a95676b044ac361fbb553bb,Huawei Tab T3,Huawei,Unknown,Unknown,WiFi / Standard,Unknown,Unknown,"Rs 11,000",11000,Used,Gampaha,huawei-tab-t3-for-sale-gampaha,https://ikman.lk/en/ad/huawei-tab-t3-for-sale-gampaha,,False,5 hours
6a9557072844a21209ab478d,Samsung Galaxy A9 Tablet,Samsung,Unknown,Unknown,WiFi / Standard,Unknown,Unknown,"Rs 29,500",29500,Used,Ratnapura,galaxy-a9-tablet-for-sale-ratnapura-2,https://ikman.lk/en/ad/galaxy-a9-tablet-for-sale-ratnapura-2,,False,6 hours
6a9551259e9f7230b4dcfa2b,Samsung Galaxy Tab A11,Samsung,Unknown,Unknown,WiFi / Standard,Unknown,Unknown,"Rs 55,000",55000,Used,Gampaha,samsung-galaxy-tab-a11-for-sale-gampaha,https://ikman.lk/en/ad/samsung-galaxy-tab-a11-for-sale-gampaha,,False,7 hours
6a953c4c5232dca964312e0d,"Huawei MatePad Tab 11.5""",Huawei,Unknown,Unknown,WiFi / Standard,11.5 Inch,Unknown,"Rs 75,000",75000,Used,Colombo,huawei-matepad-tab-115-for-sale-colombo,https://ikman.lk/en/ad/huawei-matepad-tab-115-for-sale-colombo,,False,8 hours
6a952a9efa6bde6b7eabe977,Honor Pad X8a 128GB,Honor,128GB,Unknown,WiFi / Standard,Unknown,Unknown,"Rs 52,000",52000,Used,Batticaloa,honor-pad-x8a-128gb-for-sale-batticaloa-4,https://ikman.lk/en/ad/honor-pad-x8a-128gb-for-sale-batticaloa-4,,False,10 hours
6a95286017c7df7d83369389,Greentel A9 Pro Tab (Used),Other,Unknown,Unknown,WiFi / Standard,Unknown,Unknown,"Rs 32,000",32000,Used,Gampaha,greentel-used-for-sale-gampaha-77,https://ikman.lk/en/ad/greentel-used-for-sale-gampaha-77,,False,10 hours
6a95296b24889438ded2ef21,Galaxy Tab A9+ 128/8GB,Other,8GB,128GB,WiFi / Standard,Unknown,Unknown,"Rs 50,000",50000,Used,Anuradhapura,galaxy-tab-a9-128-8gb-for-sale-anuradhapura,https://ikman.lk/en/ad/galaxy-tab-a9-128-8gb-for-sale-anuradhapura,,False,10 hours
6a95276f096024690c7692f8,Lenovo M10 HD,Lenovo,Unknown,Unknown,WiFi / Standard,Unknown,M1,"Rs 12,000",12000,Used,Colombo,rarely-used-tablet-in-good-condition-for-sale-colombo,https://ikman.lk/en/ad/rarely-used-tablet-in-good-condition-for-sale-colombo,,False,10 hours
6a951d8fa96341a5a5199e1d,Samsung A3 Tab,Samsung,Unknown,Unknown,WiFi / Standard,Unknown,Unknown,"Rs 9,500",9500,Used,Kandy,samsung-a3-tab-for-sale-kandy,https://ikman.lk/en/ad/samsung-a3-tab-for-sale-kandy,,False,11 hours
6a951b236856c804043a8358,Apple iPad 6th Generation 32GB,Apple,32GB,Unknown,WiFi / Standard,Unknown,6TH GEN,"Rs 27,990",27990,Used,Gampaha,apple-ipad-6th-generation-32gb-for-sale-gampaha-7,https://ikman.lk/en/ad/apple-ipad-6th-generation-32gb-for-sale-gampaha-7,THE SMART HUB,True,11 hours
6a951821f7faed244d69ca3f,Samsung Quantum Tab A (Used),Samsung,Unknown,Unknown,WiFi / Standard,Unknown,Unknown,"Rs 16,000",16000,Used,Colombo,samsung-a-quantum-tab-used-for-sale-colombo,https://ikman.lk/en/ad/samsung-a-quantum-tab-used-for-sale-colombo,,False,11 hours
6a95173d4cd57035b9d2ee5d,iPad Air 2,Apple,Unknown,Unknown,WiFi / Standard,Unknown,Unknown,"Rs 40,000",40000,Used,Kegalle,ipad-air-2-for-sale-kegalle-1,https://ikman.lk/en/ad/ipad-air-2-for-sale-kegalle-1,,False,11 hours
6a9514694cd57035b9d2ee27,iPad Pro M5 (11-inch) 256GB (100% BH 63 cycles),Apple,256GB,Unknown,WiFi / Standard,11 Inch,Unknown,"Rs 305,000",305000,Used,Colombo,ipad-pro-m5-11-inch-256gb-100-percent-bh-63-cycles-for-sale-colombo,https://ikman.lk/en/ad/ipad-pro-m5-11-inch-256gb-100-percent-bh-63-cycles-for-sale-colombo,Dream Mobile,True,11 hours
6a950d7c97ff7a4171c93eb9,iPad 32gb WiFi,Apple,32GB,Unknown,WiFi Only,Unknown,Unknown,"Rs 10,500",10500,Used,Anuradhapura,ipad-32gb-wifi-for-sale-anuradhapura,https://ikman.lk/en/ad/ipad-32gb-wifi-for-sale-anuradhapura,,False,12 hours
6a950876277ee7bc9b767321,iPad Mini 6 WiFi+cellular,Apple,Unknown,Unknown,4G LTE / SIM,Unknown,Unknown,"Rs 100,000",100000,Used,Colombo,ipad-mini-6-wificellular-for-sale-colombo-1,https://ikman.lk/en/ad/ipad-mini-6-wificellular-for-sale-colombo-1,,False,12 hours
6a94b051165553f5492e68ff,Apple iPad 8th Gen 32GB,Apple,32GB,Unknown,WiFi / Standard,Unknown,8TH GEN,"Rs 25,000",25000,Used,Colombo,ipad-8-32gb-for-sale-colombo,https://ikman.lk/en/ad/ipad-8-32gb-for-sale-colombo,,False,18 hours
6a94682e4d1ad1cfa4120b8c,Amazon Kindle Paper White 11th Gen,Amazon,Unknown,Unknown,WiFi / Standard,Unknown,11TH GEN,"Rs 42,000",42000,Used,Colombo,kindle-paper-white-11gen-for-sale-colombo,https://ikman.lk/en/ad/kindle-paper-white-11gen-for-sale-colombo,,False,1 day
6a94611fd3c309ce2987d7bc,Apple iPad Pro 11 M2 4th Gen,Apple,Unknown,Unknown,WiFi / Standard,Unknown,M2,"Rs 155,000",155000,Used,Galle,ipad-pro-11-m2-4th-gen-for-sale-galle-1,https://ikman.lk/en/ad/ipad-pro-11-m2-4th-gen-for-sale-galle-1,,False,1 day
6a944bc0d7e2d21cb1120aef,Blackvive Tab 60 Pro,Other,Unknown,Unknown,WiFi / Standard,Unknown,Unknown,"Rs 39,000",39000,Used,Colombo,black-view-used-for-sale-colombo-9,https://ikman.lk/en/ad/black-view-used-for-sale-colombo-9,,False,1 day
6a9441b2d3c309ce2987d707,Greentel A9 Pro,Other,Unknown,Unknown,WiFi / Standard,Unknown,Unknown,"Rs 38,000",38000,Used,Colombo,brand-new-a9-pro-for-sale-for-sale-colombo,https://ikman.lk/en/ad/brand-new-a9-pro-for-sale-for-sale-colombo,,False,1 day
6a941dc7543797ef88d6f587,Powerful & Portable Tablet,Other,Unknown,Unknown,WiFi / Standard,Unknown,Unknown,"Rs 250,000",250000,Used,Colombo,powerful-and-portable-tablet-for-sale-colombo,https://ikman.lk/en/ad/powerful-and-portable-tablet-for-sale-colombo,GeeLimz,True,1 day
6a93e9f31c908a573287d528,iPad 4th Gen 16GB WiFi - Reset Rathnapura,Apple,16GB,Unknown,WiFi Only,Unknown,GEN 16,"Rs 18,000",18000,Used,Ratnapura,ipad-4th-gen-16gb-wifi-reset-rs18000-rathnapura-for-sale-ratnapura,https://ikman.lk/en/ad/ipad-4th-gen-16gb-wifi-reset-rs18000-rathnapura-for-sale-ratnapura,,False,1 day
6a93e62193a30626aeb8fe29,Apple iPad Air 8 M4 128GB Cell,Apple,128GB,Unknown,WiFi / Standard,Unknown,M4,"Rs 287,990",287990,Used,Colombo,apple-ipad-air-8-m4-128gb-cell-for-sale-colombo-4,https://ikman.lk/en/ad/apple-ipad-air-8-m4-128gb-cell-for-sale-colombo-4,emobile.lk | EMOBILE (PVT) LTD,True,1 day
6a93b2faf934243a66c10bee,Apple iPad 2 (Used),Apple,Unknown,Unknown,WiFi / Standard,Unknown,Unknown,"Rs 16,500",16500,Used,Polonnaruwa,apple-ipad-2-used-for-sale-polonnaruwa-1,https://ikman.lk/en/ad/apple-ipad-2-used-for-sale-polonnaruwa-1,,False,2 days
6a93b689e2dacded6f2ad796,Blackview Tab 90 8GB 128GB,Blackview,128GB,8GB,WiFi / Standard,Unknown,Unknown,"Rs 34,990",34990,Used,Gampaha,blackview-tab-90-8gb-128gb-for-sale-gampaha-34,https://ikman.lk/en/ad/blackview-tab-90-8gb-128gb-for-sale-gampaha-34,THE SMART HUB,True,2 days
6a93a9007d15d2992be747a8,Tablet,Other,Unknown,Unknown,WiFi / Standard,Unknown,Unknown,"Rs 12,500",12500,Used,Matale,tablet-for-sale-matale-2,https://ikman.lk/en/ad/tablet-for-sale-matale-2,,False,2 days
6a93a266d42bc93b91937163,64gb,Other,64GB,Unknown,4G LTE / SIM,Unknown,Unknown,"Rs 54,000",54000,Used,Batticaloa,64gb-for-sale-batticaloa,https://ikman.lk/en/ad/64gb-for-sale-batticaloa,,False,2 days
6a939ab3eaa1e648cee3ef2d,Samsung Galaxy A2 S,Samsung,Unknown,Unknown,WiFi / Standard,Unknown,Unknown,"Rs 30,000",30000,Used,Gampaha,samsung-galaxy-a2-s-for-sale-gampaha,https://ikman.lk/en/ad/samsung-galaxy-a2-s-for-sale-gampaha,,False,2 days
6a9355403df7cc57fb678071,TCL 10 Tab Max,Other,Unknown,Unknown,WiFi / Standard,Unknown,Unknown,"Rs 40,000",40000,Used,Colombo,tcl-10-tabmax-for-sale-colombo,https://ikman.lk/en/ad/tcl-10-tabmax-for-sale-colombo,,False,2 days
6a9310dd71b7f2d8ee788236,Apple iPad A16,Apple,Unknown,Unknown,WiFi / Standard,Unknown,Unknown,"Rs 135,000",135000,Used,Gampaha,a16-wifi-and-cellular-for-sale-gampaha,https://ikman.lk/en/ad/a16-wifi-and-cellular-for-sale-gampaha,,False,2 days
6a92bff6070ea7e8d1847154,Tablet A9,Other,Unknown,Unknown,WiFi / Standard,Unknown,Unknown,"Rs 5,000",5000,Used,Trincomalee,tablet-for-sale-trincomalee-5,https://ikman.lk/en/ad/tablet-for-sale-trincomalee-5,,False,3 days
6a92a595d0a626db398ce0f1,"Azpen A1045DRI 10.1"" Tablet ( )",Other,Unknown,Unknown,WiFi / Standard,10.1 Inch,Unknown,"Rs 9,000",9000,Used,Gampaha,azpen-a1045dri-101-tablet-original-for-sale-gampaha,https://ikman.lk/en/ad/azpen-a1045dri-101-tablet-original-for-sale-gampaha,,False,3 days
6a92a0f407a97a646a20abd0,Apple iPad A16 With Pen Cover,Apple,Unknown,Unknown,WiFi / Standard,Unknown,Unknown,"Rs 119,000",119000,Used,Kandy,apple-ipad-a16-with-free-pen-and-cover-for-sale-kandy,https://ikman.lk/en/ad/apple-ipad-a16-with-free-pen-and-cover-for-sale-kandy,,False,3 days
6a928cb845b714b409eeb771,Samsung Galaxy S9 EF+ 5G,Samsung,Unknown,Unknown,5G + WiFi,Unknown,Unknown,"Rs 165,000",165000,Used,Colombo,samsung-ef-5g-tab-brand-new-for-sale-colombo,https://ikman.lk/en/ad/samsung-ef-5g-tab-brand-new-for-sale-colombo,,False,3 days
6a92891faf0f8b4188e410d9,iPad Pro,Apple,Unknown,Unknown,WiFi / Standard,Unknown,Unknown,"Rs 45,000",45000,Used,Colombo,ipad-pro-for-sale-colombo-127,https://ikman.lk/en/ad/ipad-pro-for-sale-colombo-127,,False,3 days
6a92837f55efa3c8f8a07c0d,Apple iPad Mini 4 - 128GB WiFi + Cellular,Apple,128GB,Unknown,4G LTE / SIM,Unknown,Unknown,"Rs 34,000",34000,Used,Colombo,ipad-mini-4-128gb-wifi-cellular-for-sale-colombo,https://ikman.lk/en/ad/ipad-mini-4-128gb-wifi-cellular-for-sale-colombo,,False,3 days
6a927add7ff3a482ba20aa5e,Blackviwe 60 Pro,Other,Unknown,Unknown,WiFi / Standard,Unknown,Unknown,"Rs 46,000",46000,Used,Gampaha,60-pro-for-sale-gampaha,https://ikman.lk/en/ad/60-pro-for-sale-gampaha,,False,3 days
6a92749d4608ba822b72555f,Honor Pad X9,Honor,Unknown,Unknown,WiFi / Standard,Unknown,Unknown,"Rs 40,000",40000,Used,Kandy,honor-pad-x9-for-sale-kandy-12,https://ikman.lk/en/ad/honor-pad-x9-for-sale-kandy-12,,False,3 days
6a924b65a651f4d61aecd074,Honor x8a Tablet 128GB,Honor,128GB,Unknown,WiFi / Standard,Unknown,Unknown,"Rs 54,000",54000,Used,Vavuniya,honor-tablet-128gb-for-sale-vavuniya,https://ikman.lk/en/ad/honor-tablet-128gb-for-sale-vavuniya,,False,3 days
6a91e9d1a895e182df8084ee,Huawei MediaPad T3 (Used),Huawei,Unknown,Unknown,WiFi / Standard,Unknown,Unknown,"Rs 15,000",15000,Used,Colombo,huawei-mediapad-t3-used-for-sale-colombo,https://ikman.lk/en/ad/huawei-mediapad-t3-used-for-sale-colombo,,False,3 days
6a91a5bff2408449685d8edc,Samsung Galaxy Tab A 2017,Samsung,Unknown,Unknown,WiFi / Standard,Unknown,Unknown,"Rs 22,000",22000,Used,Colombo,samsung-galaxy-tab-a-for-sale-2017-model-for-sale-colombo,https://ikman.lk/en/ad/samsung-galaxy-tab-a-for-sale-2017-model-for-sale-colombo,,False,4 days
6a918d92af665ae568173aec,Samsung Galaxy Tab A9,Samsung,Unknown,Unknown,WiFi / Standard,Unknown,Unknown,"Rs 26,000",26000,Used,Colombo,black-for-sale-colombo-285,https://ikman.lk/en/ad/black-for-sale-colombo-285,,False,4 days
6a9188a80613507c0776b10f,Samsung Galaxy S6 Lite (Used),Samsung,Unknown,Unknown,WiFi / Standard,Unknown,Unknown,"Rs 58,000",58000,Used,Colombo,samsung-galaxy-s6-lite-used-for-sale-colombo-3,https://ikman.lk/en/ad/samsung-galaxy-s6-lite-used-for-sale-colombo-3,,False,4 days
6a91874989232da93c967444,Honor Pad X9a 8/256GB,Honor,256GB,8GB,WiFi / Standard,Unknown,Unknown,"Rs 84,000",84000,Used,Kurunegala,honor-pad-x9a-sim-8-256gb-for-sale-kurunegala,https://ikman.lk/en/ad/honor-pad-x9a-sim-8-256gb-for-sale-kurunegala,,False,4 days
6a91862099efff84f7cfcc3b,Samsung Galaxy A10 Tab (Used),Samsung,Unknown,Unknown,WiFi / Standard,Unknown,Unknown,"Rs 21,500",21500,Used,Colombo,samsung-galaxy-a10-tab-used-for-sale-colombo-2,https://ikman.lk/en/ad/samsung-galaxy-a10-tab-used-for-sale-colombo-2,,False,4 days
6a91782d5c71b9ab23fd0a2d,லேப் டெள்,Other,Unknown,Unknown,WiFi / Standard,Unknown,Unknown,"Rs 22,000",22000,Used,Trincomalee,leep-ttell-for-sale-trincomalee,https://ikman.lk/en/ad/leep-ttell-for-sale-trincomalee,,False,4 days
6a9163eb0ae63984935fc1e3,Xiaomi Pad 6s Pro,Xiaomi,Unknown,Unknown,WiFi / Standard,Unknown,Unknown,"Rs 120,000",120000,Used,Trincomalee,xiaomi-pad-6s-pro-124-for-sale-trincomalee,https://ikman.lk/en/ad/xiaomi-pad-6s-pro-124-for-sale-trincomalee,,False,4 days
6a915fee326cee93924f2d05,Apple iPad Air 2 (Used),Apple,Unknown,Unknown,WiFi / Standard,Unknown,Unknown,"Rs 30,000",30000,Used,Colombo,apple-ipad-air-2-used-for-sale-colombo-55,https://ikman.lk/en/ad/apple-ipad-air-2-used-for-sale-colombo-55,,False,4 days
6a915ab2ef53c038a6abc842,Microsoft Surface 5 Pro Core i5 7th Gen,Microsoft,Unknown,Unknown,WiFi / Standard,Unknown,7TH GEN,"Rs 72,000",72000,Used,Kurunegala,microsoft-surface-5-pro-core-i5-7th-gen-for-sale-kurunegala,https://ikman.lk/en/ad/microsoft-surface-5-pro-core-i5-7th-gen-for-sale-kurunegala,,False,4 days
6a9043a87c88a17a46734512,Antemper Y7A Tablet,Other,Unknown,Unknown,WiFi / Standard,Unknown,Unknown,"Rs 5,000",5000,Used,Trincomalee,tablet-for-sale-trincomalee-4,https://ikman.lk/en/ad/tablet-for-sale-trincomalee-4,,False,4 days
6a9151120189354f6b2cc62f,iPad 10 (64GB) In Perfect Condition WiFi Model,Apple,64GB,Unknown,4G LTE / SIM,Unknown,Unknown,"Rs 100,000",100000,Used,Colombo,ipad-10-64gb-in-perfect-condition-wifi-model-for-sale-colombo,https://ikman.lk/en/ad/ipad-10-64gb-in-perfect-condition-wifi-model-for-sale-colombo,,False,4 days
6a91416992e2468c092cc59a,Lenovo Tab 6 5G (New),Lenovo,Unknown,Unknown,5G + WiFi,Unknown,Unknown,"Rs 45,000",45000,Used,Kegalle,lenovo-tab-6-5g-new-for-sale-kegalle,https://ikman.lk/en/ad/lenovo-tab-6-5g-new-for-sale-kegalle,KINGS MOBILE SMART PHONE SHOP,False,4 days
6a91310695eb11f2e8a5c470,Apple iPad A16 128GB WiFi – Like New 98%,Apple,128GB,Unknown,WiFi Only,Unknown,Unknown,"Rs 125,000",125000,Used,Kandy,apple-ipad-a16-128gb-wifi-like-new-98-percent-for-sale-kandy,https://ikman.lk/en/ad/apple-ipad-a16-128gb-wifi-like-new-98-percent-for-sale-kandy,,False,4 days
6a9128b77900d77b4ecacccc,Samsung Galaxy Tab A9+ 11” 8GB RAM 128GB Used,Samsung,128GB,8GB,WiFi / Standard,Unknown,Unknown,"Rs 45,000",45000,Used,Colombo,samsung-galaxy-tab-a9-11-8gb-ram-128gb-used-for-sale-colombo,https://ikman.lk/en/ad/samsung-galaxy-tab-a9-11-8gb-ram-128gb-used-for-sale-colombo,,False,4 days
6a912809d820792830213a94,Samsung Tab-A (2019) SM-T295,Samsung,Unknown,Unknown,WiFi / Standard,Unknown,Unknown,"Rs 25,000",25000,Used,Gampaha,samsung-tab-a-2019-sm-t295-for-sale-gampaha,https://ikman.lk/en/ad/samsung-tab-a-2019-sm-t295-for-sale-gampaha,,False,4 days
6a91235a6115547879cacc7d,Apple iPad Air 2 Cellular 64gb,Apple,64GB,Unknown,4G LTE / SIM,Unknown,Unknown,"Rs 27,500",27500,Used,Gampaha,apple-ipad-air-2-cellular-64gb-for-sale-gampaha,https://ikman.lk/en/ad/apple-ipad-air-2-cellular-64gb-for-sale-gampaha,,False,4 days
6a90fc94aebd5c77eef83b1e,Apple iPad 2 Mini,Apple,Unknown,Unknown,WiFi / Standard,Unknown,Unknown,"Rs 6,000",6000,Used,Anuradhapura,i-pad-2mini-for-sale-anuradhapura,https://ikman.lk/en/ad/i-pad-2mini-for-sale-anuradhapura,,False,4 days
6a90f008187706457f3cc8e4,Apple iPad Air M3 256GB,Apple,256GB,Unknown,WiFi / Standard,Unknown,Unknown,"Rs 235,000",235000,Used,Colombo,ipad-air-m3-256gb-wi-fi-cellular-100-percent-battery-health-full-box-for-sale-colombo,https://ikman.lk/en/ad/ipad-air-m3-256gb-wi-fi-cellular-100-percent-battery-health-full-box-for-sale-colombo,,False,4 days
6a90daa25ebebbfde084d6da,Fujitsu Arrows Windows Tab-Japan,Other,Unknown,Unknown,WiFi / Standard,Unknown,Unknown,"Rs 60,000",60000,Used,Colombo,fujitsu-arrows-windows-tab-japan-for-sale-colombo,https://ikman.lk/en/ad/fujitsu-arrows-windows-tab-japan-for-sale-colombo,Garland,False,4 days
6a909e26d05861fb593f07b0,Samsung Galaxy Tab S7 Fe - 4GB Ram 64GB,Samsung,64GB,4GB,4G LTE / SIM,Unknown,Unknown,"Rs 105,000",105000,Used,Gampaha,samsung-galaxy-tab-s7-fe-4gb-ram-64gb-storage-for-sale-gampaha,https://ikman.lk/en/ad/samsung-galaxy-tab-s7-fe-4gb-ram-64gb-storage-for-sale-gampaha,,False,4 days
6a909a5f2a22db0c9869579c,Greentel V10 Tablet,Other,Unknown,Unknown,WiFi / Standard,Unknown,Unknown,"Rs 6,000",6000,Used,Kurunegala,greentel-v10-tablet-for-sale-for-sale-kurunegala,https://ikman.lk/en/ad/greentel-v10-tablet-for-sale-for-sale-kurunegala,,False,4 days
6a906a47e5e0c968bf58b295,Apple iPad Mini 6 - 256GB Wifi Model,Apple,256GB,Unknown,WiFi Only,Unknown,Unknown,"Rs 110,000",110000,Used,Puttalam,ipad-mini-6-256gb-wifi-model-for-sale-puttalam,https://ikman.lk/en/ad/ipad-mini-6-256gb-wifi-model-for-sale-puttalam,,False,4 days
6a90627a3c4646dd9f0d1ae5,TCL Tab 8,Other,Unknown,Unknown,WiFi / Standard,Unknown,Unknown,"Rs 22,000",22000,Used,Colombo,unused-tcl-tab-8-wifi-only-model-for-sale-colombo,https://ikman.lk/en/ad/unused-tcl-tab-8-wifi-only-model-for-sale-colombo,,False,4 days
6a9047471f698ff7a2f27db9,Apple iPad Pro M4 256GB,Apple,256GB,Unknown,WiFi / Standard,Unknown,M4,"Rs 348,000",348000,Used,Colombo,apple-ipad-pro-m4-256gb-for-sale-colombo,https://ikman.lk/en/ad/apple-ipad-pro-m4-256gb-for-sale-colombo,,False,5 days
6a90442b84e33a2603d4e44b,Blackview Tab 60 Pro,Blackview,Unknown,Unknown,WiFi / Standard,Unknown,Unknown,"Rs 52,000",52000,Used,Colombo,blackview-tab-60-pro-excellent-condition-for-sale-colombo,https://ikman.lk/en/ad/blackview-tab-60-pro-excellent-condition-for-sale-colombo,,False,5 days
6a9034d99dcd57a7701175c3,Tab S9FE plus 8GB 128GB 5G,Other,128GB,8GB,5G + WiFi,Unknown,Unknown,"Rs 110,900",110900,Used,Gampaha,tab-s9fe-plus-8gb-128gb-5g-for-sale-gampaha,https://ikman.lk/en/ad/tab-s9fe-plus-8gb-128gb-5g-for-sale-gampaha,SKN Mobile ,True,5 days
6a9020d2c3edc2a66158b15c,Huion Inspiroy H640P Graphics Drawing Tablet,Other,Unknown,Unknown,WiFi / Standard,Unknown,Unknown,"Rs 18,000",18000,Used,Colombo,huion-inspiroy-h640p-graphics-drawing-tablet-for-sale-colombo-1,https://ikman.lk/en/ad/huion-inspiroy-h640p-graphics-drawing-tablet-for-sale-colombo-1,,False,5 days
6a901eac92bef99b8a9d21aa,Samsung Tab A09,Samsung,Unknown,Unknown,WiFi / Standard,Unknown,Unknown,"Rs 33,000",33000,Used,Colombo,samsung-tab-a09-for-sale-colombo,https://ikman.lk/en/ad/samsung-tab-a09-for-sale-colombo,,False,5 days
6a900d39e5e0c968bf58b096,Air 1 Gen,Other,Unknown,Unknown,WiFi / Standard,Unknown,Unknown,"Rs 25,000",25000,Used,Ampara,air-1-gen-for-sale-ampara,https://ikman.lk/en/ad/air-1-gen-for-sale-ampara,,False,5 days
6a6339142e9c9d8aaaaf7102,LG tab,Other,Unknown,Unknown,WiFi / Standard,Unknown,Unknown,"Rs 46,000",46000,Used,Gampaha,lg-tab-for-sale-gampaha,https://ikman.lk/en/ad/lg-tab-for-sale-gampaha,,False,bump_up
6a8fd2f843755ec3aed4e152,Lenevo Smart Tab M10 Fhd Plus,Other,Unknown,Unknown,WiFi / Standard,Unknown,M1,"Rs 25,000",25000,Used,Colombo,for-sale-for-sale-colombo-20941,https://ikman.lk/en/ad/for-sale-for-sale-colombo-20941,,False,5 days
6a8fc17b6d5aa27c035a9aa6,I Pad A 16,Other,Unknown,Unknown,WiFi / Standard,Unknown,Unknown,"Rs 125,000",125000,Used,Colombo,i-pad-a-16-for-sale-colombo,https://ikman.lk/en/ad/i-pad-a-16-for-sale-colombo,,False,5 days
6a8fb4cdb125b2677a65474c,Samsung Galaxy Tab 4,Samsung,Unknown,Unknown,WiFi / Standard,Unknown,Unknown,"Rs 8,000",8000,Used,Gampaha,samsung-galaxy-tab-4-for-sale-for-sale-gampaha,https://ikman.lk/en/ad/samsung-galaxy-tab-4-for-sale-for-sale-gampaha,,False,5 days
6a8f997fb41fc7b4289d1d27,Black View Tab 20 WiFi,Other,Unknown,Unknown,WiFi Only,Unknown,Unknown,"Rs 28,000",28000,Used,Kegalle,black-view-tab-20-wifi-for-sale-kegalle-3,https://ikman.lk/en/ad/black-view-tab-20-wifi-for-sale-kegalle-3,,False,5 days
6a8f81032579a2218ec6e3eb,Samsung Galaxy Tab A8,Samsung,Unknown,Unknown,WiFi / Standard,Unknown,Unknown,"Rs 15,000",15000,Used,Gampaha,samsung-tab-for-sale-for-sale-gampaha,https://ikman.lk/en/ad/samsung-tab-for-sale-for-sale-gampaha,,False,5 days
6a8ee8d378902ddf0cbccb3b,Oreeto Tab 11 Pro 5G,Other,Unknown,Unknown,5G + WiFi,Unknown,Unknown,"Rs 25,500",25500,Used,Batticaloa,8512gb-for-sale-batticaloa-2,https://ikman.lk/en/ad/8512gb-for-sale-batticaloa-2,,False,6 days
6a8ee8aa72767c7b4e94484e,Oreeto Tab 11 pro 5G,Other,Unknown,Unknown,5G + WiFi,Unknown,Unknown,"Rs 25,500",25500,Used,Batticaloa,8512gb-for-sale-batticaloa,https://ikman.lk/en/ad/8512gb-for-sale-batticaloa,,False,6 days
6a8ed80c4fea21a95f171f90,iPad Air 2,Apple,Unknown,Unknown,WiFi / Standard,Unknown,Unknown,"Rs 30,000",30000,Used,Ratnapura,ipad-air-2-for-sale-ratnapura-2,https://ikman.lk/en/ad/ipad-air-2-for-sale-ratnapura-2,,False,6 days
6a8e9d5dc60f0878fbac36b2,Apple iPad 6 Gen Cellular 128GB,Apple,128GB,Unknown,4G LTE / SIM,Unknown,Unknown,"Rs 59,900",59900,Used,Gampaha,apple-ipad-6-gen-cellular-128gb-for-sale-gampaha,https://ikman.lk/en/ad/apple-ipad-6-gen-cellular-128gb-for-sale-gampaha,SKN Mobile ,True,6 days
6a8e8af9f3a82acb9e2aab5b,Apple iPad 11th Gen 128GB,Apple,128GB,Unknown,WiFi / Standard,Unknown,11TH GEN,"Rs 128,000",128000,Used,Puttalam,ipad-11th-generation-cellular-for-sale-puttalam,https://ikman.lk/en/ad/ipad-11th-generation-cellular-for-sale-puttalam,,False,6 days
6a8e8f1c0b3a69fe1cbd48a3,iPad 6th Gen,Apple,Unknown,Unknown,WiFi / Standard,Unknown,6TH GEN,"Rs 40,000",40000,Used,Galle,ipad-6th-gen-for-sale-galle,https://ikman.lk/en/ad/ipad-6th-gen-for-sale-galle,,False,6 days
6a8e8150af41015c27ac35d6,Apple iPad 9th Gen,Apple,Unknown,Unknown,WiFi / Standard,Unknown,9TH GEN,"Rs 72,000",72000,Used,Galle,apple-ipad-9th-gen-for-sale-galle,https://ikman.lk/en/ad/apple-ipad-9th-gen-for-sale-galle,,False,6 days
6a8e73e748fc14284f374b41,Samsung Tab,Samsung,Unknown,Unknown,WiFi / Standard,Unknown,Unknown,"Rs 15,000",15000,Used,Gampaha,samsung-tab-for-sale-gampaha-374,https://ikman.lk/en/ad/samsung-tab-for-sale-gampaha-374,,False,6 days
6a8e5c335e7284764b86c84d,"Apple iPad Pro 12.9""",Apple,Unknown,Unknown,WiFi / Standard,12.9 Inch,Unknown,"Rs 57,000",57000,Used,Badulla,apple-ipad-pro-129-for-sale-badulla-1,https://ikman.lk/en/ad/apple-ipad-pro-129-for-sale-badulla-1,,False,6 days
6a8e48fd04c1ff9d6c81e564,I Pad A16 128GB,Other,128GB,Unknown,WiFi / Standard,Unknown,Unknown,"Rs 137,000",137000,Used,Galle,i-pad-a16-128gb-for-sale-galle,https://ikman.lk/en/ad/i-pad-a16-128gb-for-sale-galle,,False,6 days
6a8e38955c08fc58c70d3893,Apple iPad 6th Generation,Apple,Unknown,Unknown,WiFi / Standard,Unknown,6TH GEN,"Rs 36,000",36000,Used,Kandy,apple-ipad-6th-generation-used-for-sale-kandy,https://ikman.lk/en/ad/apple-ipad-6th-generation-used-for-sale-kandy,,False,6 days
6a8df44914fb88c24793fc22,Samsung Galaxy A7 Lite 3/32GB,Samsung,32GB,3GB,WiFi / Standard,Unknown,Unknown,"Rs 21,000",21000,Used,Kegalle,3-32gb-for-sale-kegalle,https://ikman.lk/en/ad/3-32gb-for-sale-kegalle,,False,6 days
6a8dd7a8e5f929987ac67944,Fole Tab10 4G,Other,Unknown,Unknown,4G LTE / SIM,Unknown,Unknown,"Rs 38,500",38500,Used,Batticaloa,fole-tab10-4g-for-sale-batticaloa,https://ikman.lk/en/ad/fole-tab10-4g-for-sale-batticaloa,,False,6 days
6a8dd24bcb469f4fffaa004d,Apple iPad (2018) with Pencil,Apple,Unknown,Unknown,WiFi / Standard,Unknown,Unknown,"Rs 55,000",55000,Used,Kegalle,apple-ipad-2018-and-pencil-for-sale-kegalle,https://ikman.lk/en/ad/apple-ipad-2018-and-pencil-for-sale-kegalle,,False,6 days
6a8d9be05dacdf5c75c67838,Apple iPad 2,Apple,Unknown,Unknown,WiFi / Standard,Unknown,Unknown,"Rs 34,500",34500,Used,Nuwara Eliya,apple-ipad-for-sale-nuwara-eliya-1,https://ikman.lk/en/ad/apple-ipad-for-sale-nuwara-eliya-1,,False,7 days
6a8d7e214cebb249b3a9fdeb,Apple iPad Air 13 M3 128GB,Apple,128GB,Unknown,WiFi / Standard,Unknown,Unknown,"Rs 180,000",180000,Used,Colombo,ipad-air-13-m3-128gb-for-sale-colombo,https://ikman.lk/en/ad/ipad-air-13-m3-128gb-for-sale-colombo,,False,7 days
6a8d678874f9d328ab5cee54,Ipad Air 1,Apple,Unknown,Unknown,WiFi / Standard,Unknown,Unknown,"Rs 13,500",13500,Used,Kandy,ipad-air-1-for-sale-kandy,https://ikman.lk/en/ad/ipad-air-1-for-sale-kandy,,False,7 days
6a8d458e7d7b47fa73f7d4bc,Huawei P10 Lite Tablet (Used),Huawei,Unknown,Unknown,WiFi / Standard,Unknown,Unknown,"Rs 10,000",10000,Used,Ratnapura,huawei-p10-lite-used-for-sale-ratnapura-1,https://ikman.lk/en/ad/huawei-p10-lite-used-for-sale-ratnapura-1,,False,7 days
6a8d30fd6982b9ef288b8438,Tablet,Other,Unknown,Unknown,WiFi / Standard,Unknown,Unknown,"Rs 28,000",28000,Used,Jaffna,tablet-for-sale-for-sale-jaffna-1,https://ikman.lk/en/ad/tablet-for-sale-for-sale-jaffna-1,,False,7 days
6a8c6d8cad00b184403de963,Samsung Galaxy Tab S3 S Pen,Samsung,Unknown,Unknown,WiFi / Standard,Unknown,Unknown,"Rs 34,990",34990,Used,Gampaha,samsung-galaxy-tab-s3-s-pen-for-sale-gampaha,https://ikman.lk/en/ad/samsung-galaxy-tab-s3-s-pen-for-sale-gampaha,,False,7 days
6a8d0a7652c48c7f3425a88b,Apple iPad Air M3,Apple,Unknown,Unknown,WiFi / Standard,Unknown,Unknown,"Rs 199,500",199500,Used,Colombo,ipad-air-m3-for-sale-colombo-1,https://ikman.lk/en/ad/ipad-air-m3-for-sale-colombo-1,,False,7 days
6a8cb286b515bb1516a43993,Microsoft Surface Pro 12 2025,Microsoft,Unknown,Unknown,WiFi / Standard,Unknown,Unknown,"Rs 270,000",270000,Used,Gampaha,microsoft-surface-pro-12-2025-for-sale-gampaha-7,https://ikman.lk/en/ad/microsoft-surface-pro-12-2025-for-sale-gampaha-7,,False,7 days
6a8c710f11d6836c43064269,Huion Kamvas 13 Drawing Tablet,Other,Unknown,Unknown,WiFi / Standard,Unknown,Unknown,"Rs 38,000",38000,Used,Nuwara Eliya,huion-kamvas-13-drawing-tablet-for-sale-nuwara-eliya,https://ikman.lk/en/ad/huion-kamvas-13-drawing-tablet-for-sale-nuwara-eliya,,False,7 days
6a8c55f77b06fde8f0cb84da,Samsung Galaxy Tab A9 128GB,Samsung,128GB,Unknown,WiFi / Standard,Unknown,Unknown,"Rs 50,000",50000,Used,Gampaha,samsung-tab-a9-8gb-128gb-for-sale-gampaha,https://ikman.lk/en/ad/samsung-tab-a9-8gb-128gb-for-sale-gampaha,,False,8 days
6a8c552f144c055a596b7830,Apple IPad 2 (Used),Apple,Unknown,Unknown,WiFi / Standard,Unknown,Unknown,"Rs 20,000",20000,Used,Anuradhapura,apple-used-for-sale-anuradhapura-7,https://ikman.lk/en/ad/apple-used-for-sale-anuradhapura-7,,False,8 days
6a8c503da8c78a9fae45dbbf,Blackview Tab 60 Pro,Blackview,Unknown,Unknown,WiFi / Standard,Unknown,Unknown,"Rs 75,000",75000,Used,Galle,tab60pro-for-sale-galle,https://ikman.lk/en/ad/tab60pro-for-sale-galle,,False,8 days
6a8c333227a6fdb404e2998f,"Apple iPad Air 11"" M4 – 128GB",Apple,128GB,Unknown,WiFi / Standard,11 Inch,M4,"Rs 250,000",250000,Used,Colombo,apple-ipad-air-11-m4-128gb-for-sale-colombo,https://ikman.lk/en/ad/apple-ipad-air-11-m4-128gb-for-sale-colombo,GeeLimz,True,8 days
6a8bb8d8ed28060ce36ade80,ipad 32gb,Apple,32GB,Unknown,WiFi / Standard,Unknown,Unknown,"Rs 13,500",13500,Used,Anuradhapura,ipad-32gb-for-sale-anuradhapura-3,https://ikman.lk/en/ad/ipad-32gb-for-sale-anuradhapura-3,,False,8 days
6a8c04312901538d156420e0,Apple iPad Air M3 128GB (13 inch),Apple,128GB,Unknown,WiFi / Standard,13 Inch,Unknown,"Rs 189,900",189900,Used,Kalutara,apple-ipad-air-m3-128gb-13-inch-for-sale-kalutara-1,https://ikman.lk/en/ad/apple-ipad-air-m3-128gb-13-inch-for-sale-kalutara-1, iconX,True,8 days
6a8c007ef7f46e90ed8268de,S6 Lite Tablet,Other,Unknown,Unknown,WiFi / Standard,Unknown,Unknown,"Rs 19,500",19500,Used,Ratnapura,s6-lite-tablet-for-sale-ratnapura,https://ikman.lk/en/ad/s6-lite-tablet-for-sale-ratnapura,,False,8 days
6a8bf9836796b5c808c2f92f,Honor Tablet,Honor,Unknown,Unknown,WiFi / Standard,Unknown,Unknown,"Rs 65,000",65000,Used,Kandy,honnor-tablet-for-sale-kandy,https://ikman.lk/en/ad/honnor-tablet-for-sale-kandy,,False,8 days
6a8beeea6796b5c808c2f89f,Tablet With Box,Other,Unknown,Unknown,WiFi / Standard,Unknown,Unknown,"Rs 47,000",47000,Used,Kurunegala,tablet-with-box-for-sale-kurunegala,https://ikman.lk/en/ad/tablet-with-box-for-sale-kurunegala,,False,8 days
6a8be4adf78195c98ef5f741,Honor Pad X8a LTE,Honor,Unknown,Unknown,4G LTE / SIM,Unknown,Unknown,"Rs 45,000",45000,Used,Trincomalee,honor-pad-x8a-lte-for-sale-trincomalee,https://ikman.lk/en/ad/honor-pad-x8a-lte-for-sale-trincomalee,,False,8 days
6a8bd14a6796b5c808c2f6bf,Redmi Pad 2 8/256,Redmi,Unknown,Unknown,WiFi / Standard,Unknown,Unknown,"Rs 85,000",85000,Used,Kalutara,redmi-pad-2-8-256-for-sale-kalutara,https://ikman.lk/en/ad/redmi-pad-2-8-256-for-sale-kalutara,,False,8 days
6a8b56f75ed61b671102276e,Apple iPad Pro 2018 11 Inch,Apple,Unknown,Unknown,WiFi / Standard,11 Inch,Unknown,"Rs 60,000",60000,Used,Kandy,ipad-pro-2018-11inch-for-sale-kandy,https://ikman.lk/en/ad/ipad-pro-2018-11inch-for-sale-kandy,,False,8 days
6a8b30cb64b54c2400555a31,Apple iPad Air 7 M3 11-Inches,Apple,Unknown,Unknown,WiFi / Standard,11 Inch,Unknown,"Rs 209,000",209000,Used,Colombo,ipad-air-7-m3-11-inches-for-sale-colombo,https://ikman.lk/en/ad/ipad-air-7-m3-11-inches-for-sale-colombo,,False,8 days
6a8b2f79357ab82cda0f739a,Samsung Tab S6 Lite,Samsung,Unknown,Unknown,WiFi / Standard,Unknown,Unknown,"Rs 65,000",65000,Used,Kandy,tab-s6-lite-for-sale-kandy,https://ikman.lk/en/ad/tab-s6-lite-for-sale-kandy,,False,8 days
6a8b2561b81b20ae61a2f888,Lenovo Idea Tab 8GB RAM 256GB,Lenovo,256GB,8GB,WiFi / Standard,Unknown,Unknown,"Rs 68,000",68000,Used,Colombo,lenovo-idea-tab-8gb-ram-256gb-excellent-condition-for-sale-colombo-1,https://ikman.lk/en/ad/lenovo-idea-tab-8gb-ram-256gb-excellent-condition-for-sale-colombo-1,,False,8 days
6a8b23ac1dc73a6ec1f98999,Lenovo Idea Tab 8GB RAM 256GB,Lenovo,256GB,8GB,WiFi / Standard,Unknown,Unknown,"Rs 68,000",68000,Used,Colombo,lenovo-idea-tab-8gb-ram-256gb-excellent-condition-for-sale-colombo,https://ikman.lk/en/ad/lenovo-idea-tab-8gb-ram-256gb-excellent-condition-for-sale-colombo,,False,8 days
6a8b066a756e7d9d184d9f94,Apple iPad 9th Generation,Apple,Unknown,Unknown,WiFi / Standard,Unknown,9TH GEN,"Rs 65,000",65000,Used,Jaffna,ipad9th-generation-for-sale-jaffna,https://ikman.lk/en/ad/ipad9th-generation-for-sale-jaffna,,False,9 days
6a8ae8a8acccaa5a0df9890a,Blackview Tab 60 Pro,Blackview,Unknown,Unknown,WiFi / Standard,Unknown,Unknown,"Rs 25,000",25000,Used,Galle,black-view-tab-60-pro-used-for-sale-galle-1,https://ikman.lk/en/ad/black-view-tab-60-pro-used-for-sale-galle-1,,False,9 days
6a8a94cd64b54c240055566e,Blackview Tab 90 16GB + 128GB | 10.92,Blackview,128GB,16GB,WiFi / Standard,Unknown,Unknown,"Rs 40,000",40000,Used,Polonnaruwa,blackview-tab-90-16gb-128gb-1092-display-cheese-condition-for-sale-polonnaruwa,https://ikman.lk/en/ad/blackview-tab-90-16gb-128gb-1092-display-cheese-condition-for-sale-polonnaruwa,,False,9 days
6a8adff4c2633293bb3ed334,Honor Pad X9,Honor,Unknown,Unknown,WiFi / Standard,Unknown,Unknown,"Rs 68,000",68000,Used,Colombo,honor-pad-x9-for-sale-colombo-4,https://ikman.lk/en/ad/honor-pad-x9-for-sale-colombo-4,,False,9 days
6a8ad393cc2a391c6ac2f1f2,Apple iPad 11th Gen (A16) 128GB,Apple,128GB,Unknown,WiFi / Standard,Unknown,11TH GEN,"Rs 129,900",129900,Used,Kalutara,apple-ipad-11th-gen-a16-128gb-for-sale-kalutara,https://ikman.lk/en/ad/apple-ipad-11th-gen-a16-128gb-for-sale-kalutara, iconX,True,9 days
6a8ad2ee64b54c240055586a,TAB S9FE plus 5G 8GB 128GB,Other,128GB,8GB,5G + WiFi,Unknown,Unknown,"Rs 115,900",115900,Used,Gampaha,tab-s9fe-plus-5g-8gb-128gb-for-sale-gampaha,https://ikman.lk/en/ad/tab-s9fe-plus-5g-8gb-128gb-for-sale-gampaha,SKN Mobile ,True,9 days
6a8ad11b53fc35e3cdfa7670,HUION INSPIROY RTP-700 PEN TABLET,Other,Unknown,Unknown,WiFi / Standard,Unknown,Unknown,"Rs 30,000",30000,Used,Colombo,huion-inspiroy-rtp-700-pen-tablet-for-sale-colombo,https://ikman.lk/en/ad/huion-inspiroy-rtp-700-pen-tablet-for-sale-colombo,,False,9 days
6a8accc4f5035e41fecdab60,Apple iPad 7th Gen ( Wi-Fi + Cellular ),Apple,Unknown,Unknown,4G LTE / SIM,Unknown,7TH GEN,"Rs 39,500",39500,Used,Kalutara,apple-ipad-7th-gen-wi-fi-cellular-for-sale-kalutara-6,https://ikman.lk/en/ad/apple-ipad-7th-gen-wi-fi-cellular-for-sale-kalutara-6, iconX,True,9 days
6a8ac01ec778f5baf53ed24d,Apple iPad 7th Gen ( Wi-Fi + Cellular ),Apple,Unknown,Unknown,4G LTE / SIM,Unknown,7TH GEN,"Rs 68,900",68900,Used,Kalutara,apple-ipad-7th-gen-wi-fi-cellular-for-sale-kalutara-5,https://ikman.lk/en/ad/apple-ipad-7th-gen-wi-fi-cellular-for-sale-kalutara-5, iconX,True,9 days
6a8aa6568c9c13e0c85556a4,I Pad 11,Other,Unknown,Unknown,WiFi / Standard,Unknown,Unknown,"Rs 85,000",85000,Used,Galle,i-pad-11-for-sale-galle,https://ikman.lk/en/ad/i-pad-11-for-sale-galle,,False,9 days
6a8aa5c6756e7d9d184d9cd8,Samsung Galaxy Tab S6 Lite,Samsung,Unknown,Unknown,WiFi / Standard,Unknown,Unknown,"Rs 89,000",89000,Used,Ratnapura,samsung-galaxy-tab-s6-lite-for-sale-ratnapura,https://ikman.lk/en/ad/samsung-galaxy-tab-s6-lite-for-sale-ratnapura,,False,9 days
6a8a97aa86f9b5171a65490e,Samsung Galaxy Tab A8,Samsung,Unknown,Unknown,WiFi / Standard,Unknown,Unknown,"Rs 29,000",29000,Used,Kalutara,samsung-galaxy-tab-a8-for-sale-kalutara-1,https://ikman.lk/en/ad/samsung-galaxy-tab-a8-for-sale-kalutara-1,R.S Rupasinghe Ukaskaruwo (Pvt) Ltd,True,9 days
6a8a9548a05cb6b82f4d9c55,Apple iPad Air 4th Gen 64GB,Apple,64GB,Unknown,4G LTE / SIM,Unknown,GEN 64,"Rs 104,500",104500,Used,Kalutara,apple-ipad-air-4th-gen-64gb-for-sale-kalutara-4,https://ikman.lk/en/ad/apple-ipad-air-4th-gen-64gb-for-sale-kalutara-4, iconX,True,9 days
6a8a78171dc73a6ec1f984df,Apple iPad Mini A17 Pro 128GB Wi-Fi,Apple,128GB,Unknown,WiFi / Standard,Unknown,Unknown,"Rs 130,000",130000,Used,Jaffna,ipad-mini-a17-pro-128gb-wi-fi-used-for-sale-jaffna,https://ikman.lk/en/ad/ipad-mini-a17-pro-128gb-wi-fi-used-for-sale-jaffna,,False,9 days
6a8a7434a0b86218bef984f0,Apple iPad A16,Apple,Unknown,Unknown,WiFi / Standard,Unknown,Unknown,"Rs 119,000",119000,Used,Colombo,apple-ipad-a16-for-sale-colombo-16,https://ikman.lk/en/ad/apple-ipad-a16-for-sale-colombo-16,,False,9 days
6a8a632a43f74baa0f6546cc,Honor Pad X8a,Honor,Unknown,Unknown,WiFi / Standard,Unknown,Unknown,"Rs 40,000",40000,Used,Monaragala,honor-x8a-wifi-tab-for-sale-monaragala,https://ikman.lk/en/ad/honor-x8a-wifi-tab-for-sale-monaragala,,False,9 days
6a89cf909160e5197a9564a6,Samsung Galaxy Tab A9,Samsung,Unknown,Unknown,WiFi / Standard,Unknown,Unknown,"Rs 45,000",45000,Used,Kalutara,samsung-galaxy-tab-a9-for-sale-kalutara-3,https://ikman.lk/en/ad/samsung-galaxy-tab-a9-for-sale-kalutara-3,,False,9 days
6a89ba89158d5dae78adf33b,Huawei MatePad T 3GB/64GB,Huawei,64GB,3GB,4G LTE / SIM,Unknown,Unknown,"Rs 35,000",35000,Used,Colombo,huawei-matepad-t-3gb-64gb-for-sale-colombo,https://ikman.lk/en/ad/huawei-matepad-t-3gb-64gb-for-sale-colombo,,False,10 days
6a89a902f14537b0a40df0f4,Apple iPad mini 4,Apple,Unknown,Unknown,WiFi / Standard,Unknown,Unknown,"Rs 24,000",24000,Used,Kalutara,ipad-mini-4-for-sale-for-sale-kalutara,https://ikman.lk/en/ad/ipad-mini-4-for-sale-for-sale-kalutara,,False,10 days
6a8935153fb62cf0c304c2e2,Blackview Tab 60 Pro,Blackview,Unknown,Unknown,WiFi / Standard,Unknown,Unknown,"Rs 40,000",40000,Used,Hambantota,itaam-hod-ttvyen-pvtii-for-sale-hambantota-3,https://ikman.lk/en/ad/itaam-hod-ttvyen-pvtii-for-sale-hambantota-3,,False,10 days
6a89330d2b993a842ceff199,Blackview Tab 60 Pro,Blackview,Unknown,Unknown,WiFi / Standard,Unknown,Unknown,"Rs 40,000",40000,Used,Hambantota,itaam-hod-ttvyen-pvtii-for-sale-hambantota,https://ikman.lk/en/ad/itaam-hod-ttvyen-pvtii-for-sale-hambantota,,False,10 days
6a897aa13983ee0f74b41b26,Apple iPad Air 2 Cellular,Apple,Unknown,Unknown,4G LTE / SIM,Unknown,Unknown,"Rs 35,000",35000,Used,Colombo,ipad-air-2-cellular-for-sale-colombo-1,https://ikman.lk/en/ad/ipad-air-2-cellular-for-sale-colombo-1,,False,10 days
6a896d446aa798012c33166a,Apple iPad Air,Apple,Unknown,Unknown,WiFi / Standard,Unknown,Unknown,"Rs 20,000",20000,Used,Gampaha,for-sale-for-sale-gampaha-14269,https://ikman.lk/en/ad/for-sale-for-sale-gampaha-14269,,False,10 days
6a8962d1d0db01ba48d8207d,Samsung Tab 4 4G,Samsung,Unknown,Unknown,4G LTE / SIM,Unknown,Unknown,"Rs 7,500",7500,Used,Kalutara,samsung-tab-4-4g-for-sale-kalutara-1,https://ikman.lk/en/ad/samsung-tab-4-4g-for-sale-kalutara-1,,False,10 days
6a8960ffb1832ca7e80dee3c,Redmi Pad 2 Pro 5G,Redmi,Unknown,Unknown,5G + WiFi,Unknown,Unknown,"Rs 135,000",135000,Used,Puttalam,redmi-pad-2-pro-5g-for-sale-puttalam,https://ikman.lk/en/ad/redmi-pad-2-pro-5g-for-sale-puttalam,,False,10 days
6a895190f14537b0a40dee2a,Apple iPad Pro 13inch(wifi+cellular) 128GB With Keyboard Folio (USED),Apple,128GB,Unknown,4G LTE / SIM,13 Inch,Unknown,"Rs 200,000",200000,Used,Kurunegala,apple-ipad-pro-13inchwificellular-128gb-with-keyboard-folio-used-for-sale-kurunegala,https://ikman.lk/en/ad/apple-ipad-pro-13inchwificellular-128gb-with-keyboard-folio-used-for-sale-kurunegala,,False,10 days
6a8950c9dee491dc6a3315b7,iPad Mini 6 64GB WiFi,Apple,64GB,Unknown,4G LTE / SIM,Unknown,Unknown,"Rs 49,999",49999,Used,Kandy,i-pad-mini-6-64gb-wifi-for-sale-kandy,https://ikman.lk/en/ad/i-pad-mini-6-64gb-wifi-for-sale-kandy,New Kandy Mobiles & Technologies,False,10 days
6a894edc3983ee0f74b4199f,Samsung A8tab,Samsung,Unknown,Unknown,WiFi / Standard,Unknown,Unknown,"Rs 28,500",28500,Used,Kalutara,samsung-a8tab-for-sale-kalutara-1,https://ikman.lk/en/ad/samsung-a8tab-for-sale-kalutara-1,R.S Rupasinghe Ukaskaruwo (Pvt) Ltd,True,10 days
6a8945c13f4c971cfaeff2c8,Brand New Condition,Other,Unknown,Unknown,WiFi / Standard,Unknown,Unknown,"Rs 25,000",25000,Used,Gampaha,brand-new-condition-100-percent-for-sale-gampaha,https://ikman.lk/en/ad/brand-new-condition-100-percent-for-sale-gampaha,,False,10 days
6a89380c7d3bb1f447d81dd1,Samsung Galaxy Tab A,Samsung,Unknown,Unknown,WiFi / Standard,Unknown,Unknown,"Rs 17,500",17500,Used,Gampaha,for-sale-for-sale-gampaha-14268,https://ikman.lk/en/ad/for-sale-for-sale-gampaha-14268,,False,10 days
6a892a17dee491dc6a331371,Ipad Air 2 Cellular,Apple,Unknown,Unknown,4G LTE / SIM,Unknown,Unknown,"Rs 40,000",40000,Used,Ratnapura,ipad-air-2-cellular-for-sale-ratnapura,https://ikman.lk/en/ad/ipad-air-2-cellular-for-sale-ratnapura,,False,10 days
6a89290b7dc103f4c8867ca9,Lenovo Tab,Lenovo,Unknown,Unknown,WiFi / Standard,Unknown,Unknown,"Rs 60,000",60000,Used,Gampaha,lenovo-tab-for-sale-gampaha-59,https://ikman.lk/en/ad/lenovo-tab-for-sale-gampaha-59,,False,10 days
6a88ae124b3b2fad2726104b,TCL Tab Pro 5G,Other,Unknown,Unknown,5G + WiFi,Unknown,Unknown,"Rs 33,000",33000,Used,Batticaloa,tablat-for-sale-batticaloa,https://ikman.lk/en/ad/tablat-for-sale-batticaloa,,False,10 days
6a8887ae12b3fef4d8c858d2,Apple iPad 5th Gen 32GB,Apple,32GB,Unknown,WiFi / Standard,Unknown,5TH GEN,"Rs 32,500",32500,Used,Kandy,ipad-5th-gen-32gb-for-sale-kandy,https://ikman.lk/en/ad/ipad-5th-gen-32gb-for-sale-kandy,,False,10 days
6a888744a506dfc149ca5fb5,Blackview Tab 60 Pro,Blackview,Unknown,Unknown,WiFi / Standard,Unknown,Unknown,"Rs 52,000",52000,Used,Colombo,blackview-tab-60-pro-for-sale-colombo-11,https://ikman.lk/en/ad/blackview-tab-60-pro-for-sale-colombo-11,,False,10 days
6a887a9c94f55a010ae84573,Greentel A10 Pro Tablet,Other,Unknown,Unknown,WiFi / Standard,Unknown,Unknown,"Rs 47,000",47000,Used,Colombo,greentel-a10-pro-used-for-sale-colombo,https://ikman.lk/en/ad/greentel-a10-pro-used-for-sale-colombo,,False,10 days
6a882f6279ce078bdee84383,TAB 80 PRO,Other,Unknown,Unknown,WiFi / Standard,Unknown,Unknown,"Rs 40,000",40000,Used,Kandy,tab-80-pro-for-sale-kandy,https://ikman.lk/en/ad/tab-80-pro-for-sale-kandy,,False,11 days
6a88593712055752a09c433b,Apple Ipad 3 32GB,Apple,32GB,Unknown,WiFi / Standard,Unknown,Unknown,"Rs 14,000",14000,Used,Anuradhapura,ipad-32gb-for-sale-anuradhapura-2,https://ikman.lk/en/ad/ipad-32gb-for-sale-anuradhapura-2,,False,11 days
6a88553d12055752a09c4326,Samsung Galaxy A9+ 8GB 128GB,Samsung,8GB,9GB,WiFi / Standard,Unknown,Unknown,"Rs 42,500",42500,Used,Colombo,samsung-galaxy-a9-8-128-for-sale-colombo,https://ikman.lk/en/ad/samsung-galaxy-a9-8-128-for-sale-colombo,,False,11 days
6a8852d53e041c28eb7db048,Apple iPad Mini 3,Apple,Unknown,Unknown,WiFi / Standard,Unknown,Unknown,"Rs 14,000",14000,Used,Kurunegala,i-pad-for-sale-kurunegala-1,https://ikman.lk/en/ad/i-pad-for-sale-kurunegala-1,,False,11 days
6a884b96c0c4393dcb7db038,Blackview Tab 60 pro (Used),Blackview,Unknown,Unknown,WiFi / Standard,Unknown,Unknown,"Rs 48,000",48000,Used,Galle,black-view-tab-60-pro-used-for-sale-galle,https://ikman.lk/en/ad/black-view-tab-60-pro-used-for-sale-galle,,False,11 days
6a88451cf8ad43f508a4fbed,Apple iPad Mini 4,Apple,Unknown,Unknown,WiFi / Standard,Unknown,Unknown,"Rs 35,000",35000,Used,Kegalle,apple-for-sale-kegalle-5,https://ikman.lk/en/ad/apple-for-sale-kegalle-5,,False,11 days
6a882081707b5f06e50f43e5,Lenovo Tab 8505F,Lenovo,Unknown,Unknown,WiFi / Standard,Unknown,Unknown,"Rs 13,500",13500,Used,Colombo,lenovo-tab-8505f-for-sale-colombo-2,https://ikman.lk/en/ad/lenovo-tab-8505f-for-sale-colombo-2,,False,11 days
6a8819c016202033edeb6264,Samsung Galaxy A16 Air Tab (used),Samsung,Unknown,Unknown,WiFi / Standard,Unknown,Unknown,"Rs 22,000",22000,Used,Kegalle,samsung-galaxy-a16-air-tab-used-for-sale-kegalle,https://ikman.lk/en/ad/samsung-galaxy-a16-air-tab-used-for-sale-kegalle,,False,11 days
6a880c5d79ce078bdee84228,Samsung Galaxy A7 Lite,Samsung,Unknown,Unknown,WiFi / Standard,Unknown,Unknown,"Rs 19,000",19000,Used,Kandy,tab-a7-lite-for-sale-kandy,https://ikman.lk/en/ad/tab-a7-lite-for-sale-kandy,,False,11 days
6a880ad3dc96f12c4967cd36,Microsoft Surface Pro 4 Windows Tablet-Japan,Microsoft,Unknown,Unknown,WiFi / Standard,Unknown,Unknown,"Rs 48,000",48000,Used,Colombo,microsoft-surface-pro-4-windows-tablet-japan-for-sale-colombo,https://ikman.lk/en/ad/microsoft-surface-pro-4-windows-tablet-japan-for-sale-colombo,Garland,False,11 days
6a87edaf175a85494a400119,RTX 4050 HP Victus,Other,Unknown,Unknown,WiFi / Standard,Unknown,Unknown,"Rs 283,000",283000,Used,Colombo,rtx-4050-hp-victus-for-sale-colombo,https://ikman.lk/en/ad/rtx-4050-hp-victus-for-sale-colombo,,False,11 days
6a87d57565082ac245a9a0cf,Apple iPad 9th Gen 64GB Wi-Fi (UK),Apple,64GB,Unknown,4G LTE / SIM,Unknown,9TH GEN,"Rs 92,000",92000,Used,Ratnapura,apple-ipad-9th-gen-64gb-wi-fi-uk-for-sale-ratnapura,https://ikman.lk/en/ad/apple-ipad-9th-gen-64gb-wi-fi-uk-for-sale-ratnapura,,False,11 days
6a87c10f296a159ce268fa5b,a10pro 4+4/128GB,Other,128GB,4GB,WiFi / Standard,Unknown,Unknown,"Rs 33,000",33000,Used,Galle,a10pro-44-128gb-for-sale-galle,https://ikman.lk/en/ad/a10pro-44-128gb-for-sale-galle,,False,11 days
6a87bb9319ac6c876c0e2e0f,Huawei Matepad T (used),Huawei,Unknown,Unknown,WiFi / Standard,Unknown,Unknown,"Rs 19,500",19500,Used,Kandy,huawei-matepad-t-used-for-sale-kandy,https://ikman.lk/en/ad/huawei-matepad-t-used-for-sale-kandy,Western Mobile,False,11 days
6a875c15c701ea9b149d7d02,Apple iPad mini 5th Gen,Apple,Unknown,Unknown,WiFi / Standard,Unknown,5TH GEN,"Rs 55,000",55000,Used,Trincomalee,ipad-mini-5-for-sale-trincomalee,https://ikman.lk/en/ad/ipad-mini-5-for-sale-trincomalee,,False,11 days
6a86f85118200c2f519db89f,Apple iPad Pro 11 A1980,Apple,Unknown,Unknown,WiFi / Standard,Unknown,Unknown,"Rs 55,000",55000,Used,Colombo,apple-ipad-pro-11-a1980-for-sale-colombo,https://ikman.lk/en/ad/apple-ipad-pro-11-a1980-for-sale-colombo,,False,12 days
6a86e5ef4f2584e7d6bbcbd8,HONOR X9 PAD 4GB +3GB RAM 128GB STORAGE,Honor,3GB,3GB,4G LTE / SIM,Unknown,Unknown,"Rs 48,490",48490,Used,Colombo,honor-x9-pad-4gb-3gb-ram-128gb-storage-for-sale-colombo,https://ikman.lk/en/ad/honor-x9-pad-4gb-3gb-ram-128gb-storage-for-sale-colombo,HP TECHNOLOGIES,True,12 days
6a86dede6748a561702c8a23,Apple MacBook Air M4 (13 inch),Apple,Unknown,Unknown,WiFi / Standard,13 Inch,M4,"Rs 329,500",329500,Used,Kalutara,apple-macbook-air-m4-13-inch-for-sale-kalutara,https://ikman.lk/en/ad/apple-macbook-air-m4-13-inch-for-sale-kalutara, iconX,True,12 days
6a86ce6fdcb5baa1ac588a1a,Honor x9 Tab,Honor,Unknown,Unknown,WiFi / Standard,Unknown,Unknown,"Rs 70,000",70000,Used,Matara,honer-x9-tab-for-sale-matara,https://ikman.lk/en/ad/honer-x9-tab-for-sale-matara,,False,12 days
6a86bec772b2d5f29877f7a8,Apple iPad Air 2 – 32GB Wi-Fi + Cellular,Apple,32GB,Unknown,4G LTE / SIM,Unknown,Unknown,"Rs 27,000",27000,Used,Colombo,apple-ipad-air-2-32gb-wi-fi-cellular-for-sale-colombo,https://ikman.lk/en/ad/apple-ipad-air-2-32gb-wi-fi-cellular-for-sale-colombo,,False,12 days
6a869f7f807f8d2543cc87e5,Samsung Galaxy A7 Tablet,Samsung,Unknown,Unknown,WiFi / Standard,Unknown,Unknown,"Rs 27,000",27000,Used,Colombo,samsung-tab-for-sale-colombo-618,https://ikman.lk/en/ad/samsung-tab-for-sale-colombo-618,,False,12 days
6a85f51f6329ec233c0b9c2f,Blackview Tab 90,Blackview,Unknown,Unknown,WiFi / Standard,Unknown,Unknown,"Rs 30,000",30000,Used,Galle,black-view-used-for-sale-galle-6,https://ikman.lk/en/ad/black-view-used-for-sale-galle-6,,False,12 days
6a8583b66d780a1a5c3e3dc9,I PAD PRO 12.9 INCH 256 WIFI,Other,Unknown,Unknown,WiFi Only,12.9 Inch,Unknown,"Rs 150,000",150000,Used,Kegalle,i-pad-pro-129-inch-256-wifi-for-sale-kegalle,https://ikman.lk/en/ad/i-pad-pro-129-inch-256-wifi-for-sale-kegalle,,False,13 days
6a856b3aaaeb7ecac56a79fd,Huion HS611 Graphic Tablet,Other,Unknown,Unknown,WiFi / Standard,Unknown,Unknown,"Rs 27,000",27000,Used,Badulla,huion-hs611-grhapic-tablet-for-sale-badulla,https://ikman.lk/en/ad/huion-hs611-grhapic-tablet-for-sale-badulla,,False,13 days
6a855e43bb15b26b91fb300d,Apple iPad A16 256GB Wi-Fi,Apple,256GB,Unknown,WiFi / Standard,Unknown,Unknown,"Rs 159,900",159900,Used,Colombo,apple-ipad-a16-256gb-wi-fi-for-sale-colombo-2,https://ikman.lk/en/ad/apple-ipad-a16-256gb-wi-fi-for-sale-colombo-2,Tech Sparrow	,True,13 days
6a854546e30010bf458f82f9,Samsung Galaxy Tab A8,Samsung,Unknown,Unknown,WiFi / Standard,Unknown,Unknown,"Rs 28,500",28500,Used,Kalutara,samsung-galaxy-tab-a8-for-sale-kalutara,https://ikman.lk/en/ad/samsung-galaxy-tab-a8-for-sale-kalutara,R.S Rupasinghe Ukaskaruwo (Pvt) Ltd,True,13 days
6a85412df298c512c43e3ab5,Apple iPad Pro M4 11-Inch (2024) + Pencil,Apple,Unknown,Unknown,WiFi / Standard,11 Inch,M4,"Rs 380,000",380000,Used,Puttalam,apple-ipad-pro-m4-11-inch-2024-pencil-for-sale-puttalam,https://ikman.lk/en/ad/apple-ipad-pro-m4-11-inch-2024-pencil-for-sale-puttalam,,False,13 days
6a85353b1230835194d90f19,AMAZON FIRE HD 10 11 GENERATION 3GB 32GB,Amazon,32GB,3GB,WiFi / Standard,Unknown,Unknown,"Rs 19,990",19990,Used,Gampaha,amazon-fire-hd-10-11-generation-3gb-32gb-for-sale-gampaha-13,https://ikman.lk/en/ad/amazon-fire-hd-10-11-generation-3gb-32gb-for-sale-gampaha-13,THE SMART HUB,True,13 days
6a85194a6c13af8ae62ea081,Ipad 8th Gen,Apple,Unknown,Unknown,WiFi / Standard,Unknown,8TH GEN,"Rs 48,000",48000,Used,Kegalle,ipad-8th-gen-for-sale-kegalle,https://ikman.lk/en/ad/ipad-8th-gen-for-sale-kegalle,,False,13 days
6a849f61b6df60e780b4edfb,Samsung Galaxy A9 Tab,Samsung,Unknown,Unknown,WiFi / Standard,Unknown,Unknown,"Rs 37,000",37000,Used,Colombo,samsung-galaxy-a9-tab-for-sale-colombo-9,https://ikman.lk/en/ad/samsung-galaxy-a9-tab-for-sale-colombo-9,,False,13 days
6a848a4ce8f3192181b4ed9b,Samsung Galaxy A7 Lite Tablet,Samsung,Unknown,Unknown,WiFi / Standard,Unknown,Unknown,"Rs 15,000",15000,Used,Nuwara Eliya,galaxy-a7-lite-tablet-ekk-adduvtt-for-sale-nuwara-eliya,https://ikman.lk/en/ad/galaxy-a7-lite-tablet-ekk-adduvtt-for-sale-nuwara-eliya,,False,13 days
6a84863b7b8a0aa2dff7155a,Apple iPad (9th Generation) 64gb wifi,Apple,64GB,Unknown,4G LTE / SIM,Unknown,9TH GEN,"Rs 70,000",70000,Used,Kandy,apple-ipad-9th-generation-64gb-wifi-for-sale-kandy,https://ikman.lk/en/ad/apple-ipad-9th-generation-64gb-wifi-for-sale-kandy,,False,13 days
6a8458d28be95f5a512f91ef,Apple iPad 6th Gen (Used),Apple,Unknown,Unknown,WiFi / Standard,Unknown,6TH GEN,"Rs 43,000",43000,Used,Colombo,apple-i-pad-6th-gen-used-for-sale-colombo,https://ikman.lk/en/ad/apple-i-pad-6th-gen-used-for-sale-colombo,,False,14 days
6a845440703f4e5f7a9d283f,Apple iPad 11th Gen 128GB Wi-Fi,Apple,128GB,Unknown,WiFi / Standard,Unknown,11TH GEN,"Rs 132,500",132500,Used,Kalutara,apple-ipad-11th-gen-128gb-wi-fi-for-sale-kalutara-5,https://ikman.lk/en/ad/apple-ipad-11th-gen-128gb-wi-fi-for-sale-kalutara-5, iconX,True,14 days
6a84515df6e32a30c5389524,Greentel A10 Pro 8GB RAM,Other,Unknown,8GB,WiFi / Standard,Unknown,Unknown,"Rs 40,000",40000,Used,Gampaha,greentel-a10-pro-8-gb-ram-for-sale-gampaha,https://ikman.lk/en/ad/greentel-a10-pro-8-gb-ram-for-sale-gampaha,,False,14 days
6a8450915f785146660f7818,Apple iPad Air M3 (13-inch),Apple,Unknown,Unknown,WiFi / Standard,13 Inch,Unknown,"Rs 189,900",189900,Used,Kalutara,apple-ipad-air-m3-13-inch-for-sale-kalutara-4,https://ikman.lk/en/ad/apple-ipad-air-m3-13-inch-for-sale-kalutara-4, iconX,True,14 days
6a84442a10f3aec007ea4aa2,SAMAUNG TAB A9 64GB,Other,64GB,Unknown,4G LTE / SIM,Unknown,Unknown,"Rs 30,500",30500,Used,Colombo,samaung-tab-a9-64gb-for-sale-colombo,https://ikman.lk/en/ad/samaung-tab-a9-64gb-for-sale-colombo,R.S Rupasinghe Ukaskaruwo (Pvt) Ltd,True,14 days
6a8441a9e4f3b53dd5c8f77f,Samsun Galaxy Tab S9FE Plus 8GB 128GB 5G,Other,128GB,8GB,5G + WiFi,Unknown,Unknown,"Rs 115,900",115900,Used,Colombo,samsun-galaxy-tab-s9fe-plus-8gb-128gb-5g-for-sale-colombo,https://ikman.lk/en/ad/samsun-galaxy-tab-s9fe-plus-8gb-128gb-5g-for-sale-colombo,SKN Mobile ,True,14 days
6a83ddb74c5444d428e9fb0d,Blackview Tab 60 Pro,Blackview,Unknown,Unknown,WiFi / Standard,Unknown,Unknown,"Rs 55,000",55000,Used,Kegalle,for-sale-for-sale-kegalle-1739,https://ikman.lk/en/ad/for-sale-for-sale-kegalle-1739,,False,14 days
6a84105100d0c74886948fa9,Apple iPad 2,Apple,Unknown,Unknown,WiFi / Standard,Unknown,Unknown,"Rs 22,500",22500,Used,Batticaloa,ipad-2-for-sale-batticaloa,https://ikman.lk/en/ad/ipad-2-for-sale-batticaloa,,False,14 days
6a840852a439cce1d6c8f57d,Samsung A8 Tab,Samsung,Unknown,Unknown,WiFi / Standard,Unknown,Unknown,"Rs 29,000",29000,Used,Kalutara,samsung-a8-tab-for-sale-kalutara-1,https://ikman.lk/en/ad/samsung-a8-tab-for-sale-kalutara-1,R.S Rupasinghe Ukaskaruwo (Pvt) Ltd,True,14 days
6a83fd6230328459eae434fb,Apple iPad 6th gen 32gb,Apple,32GB,Unknown,WiFi / Standard,Unknown,6TH GEN,"Rs 42,000",42000,Used,Kandy,apple-ipad-6th-gen-32gb-for-sale-kandy,https://ikman.lk/en/ad/apple-ipad-6th-gen-32gb-for-sale-kandy,,False,14 days
6a83e77e125b9fe0184a2d11,Samsung Galaxy Tab A9,Samsung,Unknown,Unknown,WiFi / Standard,Unknown,Unknown,"Rs 33,000",33000,Used,Ratnapura,samsung-galaxy-a9-brand-new-for-sale-ratnapura,https://ikman.lk/en/ad/samsung-galaxy-a9-brand-new-for-sale-ratnapura,,False,14 days
6a83e61204a2b595b1c36dde,Galaxy A7 Lite tab,Other,Unknown,Unknown,WiFi / Standard,Unknown,Unknown,"Rs 24,000",24000,Used,Puttalam,galaxy-a7-lite-tab-for-sale-puttalam,https://ikman.lk/en/ad/galaxy-a7-lite-tab-for-sale-puttalam,,False,14 days
6a83dec69170823abf5d7a21,iPad pro m1 12.9,Apple,Unknown,Unknown,WiFi / Standard,Unknown,M1,"Rs 132,000",132000,Used,Mannar,ipad-pro-m1-129-for-sale-mannar,https://ikman.lk/en/ad/ipad-pro-m1-129-for-sale-mannar,,False,14 days
6a832d9b91244cd979e31c56,BACK VIEW 60 PRO 4GB+8GB RAM 128GB STORAGE,Other,8GB,8GB,4G LTE / SIM,Unknown,Unknown,"Rs 30,490",30490,Used,Colombo,back-view-60-pro-4gb8gb-ram-128gb-storage-for-sale-colombo,https://ikman.lk/en/ad/back-view-60-pro-4gb8gb-ram-128gb-storage-for-sale-colombo,HP TECHNOLOGIES,True,15 days
6a8329ad2e43a513bb620b2c,Apple iPad (9th generation) 64GB,Apple,64GB,Unknown,4G LTE / SIM,Unknown,9TH GEN,"Rs 140,000",140000,Used,Jaffna,ipad-64-gb-for-sale-jaffna,https://ikman.lk/en/ad/ipad-64-gb-for-sale-jaffna,,False,15 days
6a82cf261bd9e26c858d19e6,Blackview Tab 60 pro,Blackview,Unknown,Unknown,WiFi / Standard,Unknown,Unknown,"Rs 30,000",30000,Used,Trincomalee,tab-60-pro-for-sale-trincomalee-3,https://ikman.lk/en/ad/tab-60-pro-for-sale-trincomalee-3,,False,15 days
6a82f9f0218ae6f291653618,Lenovo Yoga Smart Tab 10.1 (3GB/32GB),Lenovo,32GB,3GB,WiFi / Standard,Unknown,Unknown,"Rs 38,000",38000,Used,Kegalle,lenovo-yoga-smart-tab-101-3gb-32gb-for-sale-kegalle,https://ikman.lk/en/ad/lenovo-yoga-smart-tab-101-3gb-32gb-for-sale-kegalle,,False,15 days
6a82f7d400a4e2921a9321f3,Apple iPad Air M3 256GB,Apple,256GB,Unknown,WiFi / Standard,Unknown,Unknown,"Rs 238,000",238000,Used,Colombo,i-pad-air-m3-256gb-for-sale-colombo,https://ikman.lk/en/ad/i-pad-air-m3-256gb-for-sale-colombo,,False,15 days
6a82ce1bff901fe7977b9e53,Honor pad X9a (8GB+256GB),Honor,256GB,8GB,WiFi / Standard,Unknown,Unknown,"Rs 115,000",115000,Used,Colombo,honor-pad-x9a-8gb256gb-for-sale-colombo,https://ikman.lk/en/ad/honor-pad-x9a-8gb256gb-for-sale-colombo,,False,15 days
6a82cc137c9547fc6c339da5,Used Excellent Condition Ipad,Apple,Unknown,Unknown,WiFi / Standard,Unknown,Unknown,"Rs 250,000",250000,Used,Colombo,used-excellent-condition-ipad-for-sale-colombo,https://ikman.lk/en/ad/used-excellent-condition-ipad-for-sale-colombo,GeeLimz,True,15 days
6a82cbe931414516222c2fd0,blackview tab 90,Blackview,Unknown,Unknown,WiFi / Standard,Unknown,Unknown,"Rs 29,000",29000,Used,Kalutara,blackview-tab-90-for-sale-kalutara-1,https://ikman.lk/en/ad/blackview-tab-90-for-sale-kalutara-1,R.S Rupasinghe Ukaskaruwo (Pvt) Ltd,True,15 days
6a82ac6181da25959958b107,greentel tab a9 pro,Other,Unknown,Unknown,WiFi / Standard,Unknown,Unknown,"Rs 32,500",32500,Used,Kandy,greentel-tab-a9-pro-for-sale-kandy,https://ikman.lk/en/ad/greentel-tab-a9-pro-for-sale-kandy,,False,15 days
6a82a4ba901bb226ed514269,Samsung Galaxy S9FE Plus 8GB128GB 5G,Samsung,128GB,8GB,5G + WiFi,Unknown,Unknown,"Rs 115,900",115900,Used,Gampaha,samsung-galaxy-s9fe-plus-8gb128gb-5g-for-sale-gampaha,https://ikman.lk/en/ad/samsung-galaxy-s9fe-plus-8gb128gb-5g-for-sale-gampaha,SKN Mobile ,True,15 days
6a829d0c368f4baebbdd8fce,Samsung S6 lite,Samsung,Unknown,Unknown,WiFi / Standard,Unknown,Unknown,"Rs 45,000",45000,Used,Colombo,samsung-s6-lite-for-sale-colombo,https://ikman.lk/en/ad/samsung-s6-lite-for-sale-colombo,,False,15 days
6a829c36c83571b97f7f6dd0,iPad PRO 11” 3ND GEN,Apple,Unknown,Unknown,WiFi / Standard,Unknown,Unknown,"Rs 120,000",120000,Used,Gampaha,ipad-pro-11-3nd-gen-for-sale-gampaha,https://ikman.lk/en/ad/ipad-pro-11-3nd-gen-for-sale-gampaha,,False,15 days
6a828498901bb226ed51406b,Samsung Galaxy A8 Tab,Samsung,Unknown,Unknown,WiFi / Standard,Unknown,Unknown,"Rs 28,500",28500,Used,Kalutara,samsung-galaxy-a8-tab-for-sale-kalutara,https://ikman.lk/en/ad/samsung-galaxy-a8-tab-for-sale-kalutara,R.S Rupasinghe Ukaskaruwo (Pvt) Ltd,True,15 days
6a826fcd6210d3e1e75d1332,Acer laptop i3 ROM 16gb. storage 477gb,Other,16GB,Unknown,WiFi / Standard,Unknown,Unknown,"Rs 230,000",230000,Used,Mullativu,acer-laptop-i3-rom-16gb-storage-477gb-for-sale-mullativu,https://ikman.lk/en/ad/acer-laptop-i3-rom-16gb-storage-477gb-for-sale-mullativu,,False,15 days
6a8206c2e2e8eb379e536aa8,Greentel Tab A10,Other,Unknown,Unknown,WiFi / Standard,Unknown,Unknown,"Rs 20,000",20000,Used,Colombo,tab-a10-for-sale-colombo,https://ikman.lk/en/ad/tab-a10-for-sale-colombo,,False,15 days
6a81f53ae9732a14b23507bf,Lenovo Tab M8,Lenovo,Unknown,Unknown,WiFi / Standard,Unknown,Unknown,"Rs 22,000",22000,Used,Gampaha,lenovo-m8-tablet-used-for-sale-gampaha,https://ikman.lk/en/ad/lenovo-m8-tablet-used-for-sale-gampaha,,False,15 days
6a81e2f8e9732a14b2350772,Samsung Galaxy Tab A,Samsung,Unknown,Unknown,WiFi / Standard,Unknown,Unknown,"Rs 40,000",40000,Used,Colombo,samsung-galaxy-tab-a-used-for-sale-colombo-5,https://ikman.lk/en/ad/samsung-galaxy-tab-a-used-for-sale-colombo-5,,False,15 days
6a81d209627d7c255d350765,Apple iPad Pro 11 inch,Apple,Unknown,Unknown,WiFi / Standard,11 Inch,Unknown,"Rs 139,900",139900,Used,Kurunegala,ipad-pro-11inch-for-sale-kurunegala,https://ikman.lk/en/ad/ipad-pro-11inch-for-sale-kurunegala,,False,16 days
6a81c530a9fbc3b9861b9652,Blackview Mega 2 Tab,Blackview,Unknown,Unknown,WiFi / Standard,Unknown,Unknown,"Rs 63,500",63500,Used,Kurunegala,tablet-for-sale-for-sale-kurunegala,https://ikman.lk/en/ad/tablet-for-sale-for-sale-kurunegala,,False,16 days
6a81188fdb43514f723500ee,Blackview 128/8+16gb /cellular,Blackview,16GB,8GB,4G LTE / SIM,Unknown,Unknown,"Rs 40,000",40000,Used,Colombo,128-816gb-cellular-for-sale-colombo,https://ikman.lk/en/ad/128-816gb-cellular-for-sale-colombo,,False,16 days
6a819b55264c21f0528d26b0,Excellent Condition ipad Air 11,Apple,Unknown,Unknown,WiFi / Standard,Unknown,Unknown,"Rs 250,000",250000,Used,Colombo,excellent-condition-ipad-air-11-for-sale-colombo,https://ikman.lk/en/ad/excellent-condition-ipad-air-11-for-sale-colombo,GeeLimz,True,16 days
6a81908b1e7641a9aedb5ad8,Apple iPad 9th 64GB Wifi,Apple,64GB,Unknown,4G LTE / SIM,Unknown,Unknown,"Rs 70,000",70000,Used,Matale,64gb-wifi-for-sale-matale,https://ikman.lk/en/ad/64gb-wifi-for-sale-matale,,False,16 days
6a818d2a2617f9c8a8db5b5c,Blackview Tab,Blackview,Unknown,Unknown,WiFi / Standard,Unknown,Unknown,"Rs 30,000",30000,Used,Kalutara,blackview-tab-for-sale-kalutara,https://ikman.lk/en/ad/blackview-tab-for-sale-kalutara,R.S Rupasinghe Ukaskaruwo (Pvt) Ltd,True,16 days
6a8185592617f9c8a8db5b1d,Apple iPad Air (M3) 11-inch WiFi,Apple,Unknown,Unknown,WiFi Only,11 Inch,Unknown,"Rs 163,900",163900,Used,Kalutara,apple-ipad-air-m3-11-inch-wifi-for-sale-kalutara,https://ikman.lk/en/ad/apple-ipad-air-m3-11-inch-wifi-for-sale-kalutara, iconX,True,16 days
6a8172c6dd4003a7c11d9661,Honor X7,Honor,Unknown,Unknown,WiFi / Standard,Unknown,Unknown,"Rs 45,000",45000,Used,Trincomalee,sales-for-sale-trincomalee-13,https://ikman.lk/en/ad/sales-for-sale-trincomalee-13,,False,16 days
6a81532c0c752a640c1d954a,Galaxy Tab A7 lite,Other,Unknown,Unknown,WiFi / Standard,Unknown,Unknown,"Rs 18,000",18000,Used,Gampaha,galaxy-tab-a7-lite-for-sale-gampaha,https://ikman.lk/en/ad/galaxy-tab-a7-lite-for-sale-gampaha,,False,16 days
6a8144067d05c8630a1b9151,Samsung Galaxy Tab A9 Plus 4/64GB,Samsung,64GB,4GB,4G LTE / SIM,Unknown,Unknown,"Rs 47,000",47000,Used,Colombo,samsung-galaxy-tab-a9-plus-4-64gb-for-sale-colombo,https://ikman.lk/en/ad/samsung-galaxy-tab-a9-plus-4-64gb-for-sale-colombo,,False,16 days
6a8141eab077c590b9db5821,Wacom Intuos Creative Pen Tablet,Other,Unknown,Unknown,WiFi / Standard,Unknown,Unknown,"Rs 18,500",18500,Used,Colombo,wacom-intuos-creative-pen-tablet-for-sale-for-sale-colombo-4,https://ikman.lk/en/ad/wacom-intuos-creative-pen-tablet-for-sale-for-sale-colombo-4,,False,16 days
6a813438264c21f0528d20ff,Samsung 5G Tab 8GB 128,Samsung,Unknown,8GB,5G + WiFi,Unknown,Unknown,"Rs 48,000",48000,Used,Kandy,samsung-5g-tab-8gb-128-for-sale-kandy,https://ikman.lk/en/ad/samsung-5g-tab-8gb-128-for-sale-kandy,,False,16 days
6a8117c55cb21b74742bf78c,​Huawei MatePad SE Tab,Huawei,Unknown,Unknown,WiFi / Standard,Unknown,Unknown,"Rs 9,500",9500,Used,Kurunegala,huawei-matepad-se-tab-for-sale-kurunegala-4,https://ikman.lk/en/ad/huawei-matepad-se-tab-for-sale-kurunegala-4,,False,16 days
6a80b7adce5bfcaed44ba6e3,Samsung Galaxy A9+ 5G | 8GB/128GB,Samsung,128GB,8GB,5G + WiFi,Unknown,Unknown,"Rs 55,000",55000,Used,Badulla,samsung-galaxy-a9-5g-8gb-128gb-for-sale-badulla,https://ikman.lk/en/ad/samsung-galaxy-a9-5g-8gb-128gb-for-sale-badulla,,False,16 days
6a8092a748fff4f3eadfd82c,Samsung Galaxy Tab S9 FE,Samsung,Unknown,Unknown,WiFi / Standard,Unknown,Unknown,"Rs 89,000",89000,Used,Kurunegala,samsung-s9fe-for-sale-kurunegala,https://ikman.lk/en/ad/samsung-s9fe-for-sale-kurunegala,,False,16 days
6a8090f6296230408e75ed1a,Samsung Galaxy S6 Lite Tablet,Samsung,Unknown,Unknown,WiFi / Standard,Unknown,Unknown,"Rs 70,000",70000,Used,Kurunegala,s6-lite-tablet-with-s-pen-for-sale-kurunegala,https://ikman.lk/en/ad/s6-lite-tablet-with-s-pen-for-sale-kurunegala,,False,16 days
6a8055d14221f3371ff2292d,Huawei Media Pad T3 (Used),Huawei,Unknown,Unknown,WiFi / Standard,Unknown,Unknown,"Rs 13,000",13000,Used,Matara,huawei-media-pad-t10-used-for-sale-matara,https://ikman.lk/en/ad/huawei-media-pad-t10-used-for-sale-matara,,False,17 days
6a807996f185cb6e78b609d7,Apple iPad 2nd Gen,Apple,Unknown,Unknown,WiFi / Standard,Unknown,Unknown,"Rs 65,000",65000,Used,Matale,apple-ipad-used-for-sale-matale,https://ikman.lk/en/ad/apple-ipad-used-for-sale-matale,,False,17 days
6a805894bed7472ed3b60909,ipad 32gb,Apple,32GB,Unknown,WiFi / Standard,Unknown,Unknown,"Rs 18,500",18500,Used,Anuradhapura,ipad-32gb-for-sale-anuradhapura,https://ikman.lk/en/ad/ipad-32gb-for-sale-anuradhapura,,False,17 days
6a8056483bc73a2c1fe20165,Greentel A10 Pro Tablet,Other,Unknown,Unknown,WiFi / Standard,Unknown,Unknown,"Rs 52,000",52000,Used,Jaffna,greentel-a10-pro-tablet-for-sale-jaffna,https://ikman.lk/en/ad/greentel-a10-pro-tablet-for-sale-jaffna,,False,17 days
6a8053847192bee5606536ac,Lenovo Tab 8505F,Lenovo,Unknown,Unknown,WiFi / Standard,Unknown,Unknown,"Rs 13,500",13500,Used,Colombo,lenovo-tab-8505f-for-sale-colombo-1,https://ikman.lk/en/ad/lenovo-tab-8505f-for-sale-colombo-1,,False,17 days
6a8031ef14d6b260b8e2004a,Lenovo Tab 8505F,Lenovo,Unknown,Unknown,WiFi / Standard,Unknown,Unknown,"Rs 13,500",13500,Used,Colombo,lenovo-tab-8505f-for-sale-colombo,https://ikman.lk/en/ad/lenovo-tab-8505f-for-sale-colombo,,False,17 days
6a80337c1f17d3aeed2be933,Samsung Galaxy A9 Tab 4GB/64GB,Samsung,64GB,4GB,4G LTE / SIM,Unknown,Unknown,"Rs 31,000",31000,Used,Colombo,samsung-galaxy-a9-tab-4gb-64gb-for-sale-colombo,https://ikman.lk/en/ad/samsung-galaxy-a9-tab-4gb-64gb-for-sale-colombo,R.S Rupasinghe Ukaskaruwo (Pvt) Ltd,True,17 days
6a80313d82da1916166535c4,MacBook,Other,Unknown,Unknown,WiFi / Standard,Unknown,Unknown,"Rs 185,231",185231,Used,Colombo,macbook-for-sale-colombo-259,https://ikman.lk/en/ad/macbook-for-sale-colombo-259,,False,17 days
6a8030474221f3371ff22814,MacBook,Other,Unknown,Unknown,WiFi / Standard,Unknown,Unknown,"Rs 180,963",180963,Used,Colombo,macbook-for-sale-colombo-258,https://ikman.lk/en/ad/macbook-for-sale-colombo-258,,False,17 days
6a802e895f5defd337e20024,Lenovo M8 tablet,Lenovo,Unknown,Unknown,WiFi / Standard,Unknown,Unknown,"Rs 14,000",14000,Used,Kalutara,lenovo-m8-tablet-for-sale-kalutara,https://ikman.lk/en/ad/lenovo-m8-tablet-for-sale-kalutara,,False,17 days
6a8017ba75a56e6ad59ae979,Apple iPad Air 2 64GB WIFI,Apple,64GB,Unknown,4G LTE / SIM,Unknown,Unknown,"Rs 20,000",20000,Used,Colombo,ipad-air-2-64gb-wifi-for-sale-colombo-4,https://ikman.lk/en/ad/ipad-air-2-64gb-wifi-for-sale-colombo-4,,False,17 days
6a800b3d541eec1d8a4ba2a6,BDF S10 Tablet,Other,Unknown,Unknown,WiFi / Standard,Unknown,Unknown,"Rs 13,000",13000,Used,Anuradhapura,bdf-s10-tab-used-for-sale-anuradhapura,https://ikman.lk/en/ad/bdf-s10-tab-used-for-sale-anuradhapura,,False,17 days
6a7ff8f4d7a95e3db74611c6,Blackview Tab 90,Blackview,Unknown,Unknown,WiFi / Standard,Unknown,Unknown,"Rs 44,000",44000,Used,Kandy,blackview-tab-90-for-sale-kandy-8,https://ikman.lk/en/ad/blackview-tab-90-for-sale-kandy-8,,False,17 days
6a7ff49d94e712fa214611e6,"Ipad pro 11""",Apple,Unknown,Unknown,WiFi / Standard,11 Inch,Unknown,"Rs 185,000",185000,Used,Ampara,ipad-pro-11-for-sale-ampara,https://ikman.lk/en/ad/ipad-pro-11-for-sale-ampara,,False,17 days
6a7fd95b6975b7b838dfd17a,Apple iPad Pro 6th Gen,Apple,Unknown,Unknown,WiFi / Standard,Unknown,6TH GEN,"Rs 220,000",220000,Used,Gampaha,for-urgent-sale-for-sale-gampaha-65,https://ikman.lk/en/ad/for-urgent-sale-for-sale-gampaha-65,,False,17 days
6a7ee4841cb8917b3441159b,Samsung A11 Tab,Samsung,Unknown,Unknown,WiFi / Standard,Unknown,Unknown,"Rs 46,000",46000,Used,Colombo,samsung-a11-tab-for-sale-colombo,https://ikman.lk/en/ad/samsung-a11-tab-for-sale-colombo,,False,17 days
6a7f2ab456e18da6acd15b40,BDF 10.1-inch Android Tablet,Other,Unknown,Unknown,WiFi / Standard,10.1 Inch,Unknown,"Rs 22,000",22000,Used,Gampaha,bdf-used-for-sale-gampaha-1,https://ikman.lk/en/ad/bdf-used-for-sale-gampaha-1,,False,17 days
6a7eeb253a57fc58b1337f2c,Samsung Galaxy S9 FE Plus 8GB 128GB 5G,Samsung,128GB,8GB,5G + WiFi,Unknown,Unknown,"Rs 112,900",112900,Used,Gampaha,samsung-galaxy-s9-fe-plus-8gb-128gb-5g-for-sale-gampaha,https://ikman.lk/en/ad/samsung-galaxy-s9-fe-plus-8gb-128gb-5g-for-sale-gampaha,SKN Mobile ,True,18 days
6a7eba48db6785878a4254ad,Silver Ipad 6th Gen 128gb,Apple,128GB,Unknown,WiFi / Standard,Unknown,6TH GEN,"Rs 16,000",16000,Used,Kurunegala,silver-ipad-6th-gen-128gb-for-sale-kurunegala,https://ikman.lk/en/ad/silver-ipad-6th-gen-128gb-for-sale-kurunegala,,False,18 days
6a7eb656b00e46830b693435,Zigo Nebula Tablet – Excellent Condition Fully Working,Other,Unknown,Unknown,WiFi / Standard,Unknown,Unknown,"Rs 23,000",23000,Used,Kandy,zigo-nebula-tablet-excellent-condition-fully-working-for-sale-kandy,https://ikman.lk/en/ad/zigo-nebula-tablet-excellent-condition-fully-working-for-sale-kandy,,False,18 days
6a7ea75ab00e46830b69333b,galaxy Tab A7 10.4 inches,Other,Unknown,Unknown,WiFi / Standard,10.4 Inch,Unknown,"Rs 22,000",22000,Used,Colombo,galaxy-tab-a7-104-inches-for-sale-colombo,https://ikman.lk/en/ad/galaxy-tab-a7-104-inches-for-sale-colombo,,False,18 days
6a7e87b29fd393ae7f693198,Samsung Galaxy S6 Lite,Samsung,Unknown,Unknown,WiFi / Standard,Unknown,Unknown,"Rs 70,000",70000,Used,Colombo,samsung-galaxy-s6light-for-sale-colombo,https://ikman.lk/en/ad/samsung-galaxy-s6light-for-sale-colombo,,False,18 days
6a7dd155f5b6cb94f7d406f9,Samsung Galaxy A7 Tab LITE (Used),Samsung,Unknown,Unknown,WiFi / Standard,Unknown,Unknown,"Rs 25,500",25500,Used,Colombo,samsung-galaxy-a7-tab-lite-used-for-sale-colombo-1,https://ikman.lk/en/ad/samsung-galaxy-a7-tab-lite-used-for-sale-colombo-1,,False,19 days
6a7dc83b5a6870ffcfa69fc2,Oteeto Tab 11 Pro,Other,Unknown,Unknown,WiFi / Standard,Unknown,Unknown,"Rs 33,000",33000,Used,Colombo,oteeto-tab-11-pro-keyboard-for-sale-colombo,https://ikman.lk/en/ad/oteeto-tab-11-pro-keyboard-for-sale-colombo,,False,19 days
6a7db794ee79ace691d40676,Samsung Galaxy Tab A8 (Used),Samsung,Unknown,Unknown,WiFi / Standard,Unknown,Unknown,"Rs 19,900",19900,Used,Colombo,samsung-tab-a8-used-for-sale-colombo,https://ikman.lk/en/ad/samsung-tab-a8-used-for-sale-colombo,,False,19 days
6a7d91f8a5938d4e1f054b96,Apple ipad 5th gen ( wifi),Apple,Unknown,Unknown,WiFi Only,Unknown,5TH GEN,"Rs 32,000",32000,Used,Kandy,apple-ipad-5th-gen-wifi-for-sale-kandy-1,https://ikman.lk/en/ad/apple-ipad-5th-gen-wifi-for-sale-kandy-1,,False,19 days
6a7d7e5799b1bcf7025404a3,Apple iPad Air,Apple,Unknown,Unknown,WiFi / Standard,Unknown,Unknown,"Rs 18,500",18500,Used,Vavuniya,xchange-ok-anroid-for-sale-vavuniya,https://ikman.lk/en/ad/xchange-ok-anroid-for-sale-vavuniya,,False,19 days
6a7d6abc8bea035c8da02f70,Ipad10,Apple,Unknown,Unknown,WiFi / Standard,Unknown,Unknown,"Rs 140,000",140000,Used,Colombo,ipad10-for-sale-colombo,https://ikman.lk/en/ad/ipad10-for-sale-colombo,,False,19 days
6a7d60ce2127c745c06d4d05,Blackview Mega 2 Tablet,Blackview,Unknown,Unknown,WiFi / Standard,Unknown,Unknown,"Rs 69,000",69000,Used,Jaffna,blackview-mega-2-tablet-for-sale-jaffna,https://ikman.lk/en/ad/blackview-mega-2-tablet-for-sale-jaffna,Pc Paradise,True,19 days
6a7d533cb05282d460a69b4f,Samsung Tab A7 Lite,Samsung,Unknown,Unknown,WiFi / Standard,Unknown,Unknown,"Rs 25,000",25000,Used,Gampaha,samsung-tab-a7-lite-for-sale-gampaha,https://ikman.lk/en/ad/samsung-tab-a7-lite-for-sale-gampaha,,False,19 days
6a7d3e54514ba3e1c42d9837,256gb cellular,Other,256GB,Unknown,4G LTE / SIM,Unknown,Unknown,"Rs 100,000",100000,Used,Mullativu,256gb-cellular-for-sale-mullativu,https://ikman.lk/en/ad/256gb-cellular-for-sale-mullativu,,False,19 days
6a7d3ae7514ba3e1c42d9808,Samsung Galaxy A7 Lite Tablet,Samsung,Unknown,Unknown,WiFi / Standard,Unknown,Unknown,"Rs 20,000",20000,Used,Ratnapura,zoom-cls-use-for-sale-ratnapura-1,https://ikman.lk/en/ad/zoom-cls-use-for-sale-ratnapura-1,,False,19 days
6a7d3053c8adb9757f748354,Apple iPad Pro (12.9-inch) 5th GEN - CELLULAR,Apple,Unknown,Unknown,4G LTE / SIM,12.9 Inch,5TH GEN,"Rs 229,000",229000,Used,Ampara,ipad-pro-129-inch-5th-gen-cellular-for-sale-ampara,https://ikman.lk/en/ad/ipad-pro-129-inch-5th-gen-cellular-for-sale-ampara,,False,19 days
6a7d27cb79449b69ae74830a,samsung Galaxy Tab A7 10.4 inches,Samsung,Unknown,Unknown,WiFi / Standard,10.4 Inch,Unknown,"Rs 24,500",24500,Used,Kalutara,samsung-galaxy-tab-a7-104-inches-for-sale-kalutara,https://ikman.lk/en/ad/samsung-galaxy-tab-a7-104-inches-for-sale-kalutara,,False,19 days
6a7d1482fe6c0511ffdca9d6,Samsung Galaxy A8 Tab,Samsung,Unknown,Unknown,WiFi / Standard,Unknown,Unknown,"Rs 48,000",48000,Used,Puttalam,samsung-galaxy-a8-tab-brand-new-for-sale-puttalam,https://ikman.lk/en/ad/samsung-galaxy-a8-tab-brand-new-for-sale-puttalam,,False,19 days
6a7c991fd3a2f45d26ecd91e,Samsung Galaxy Tab 3V (used),Samsung,Unknown,Unknown,WiFi / Standard,Unknown,Unknown,"Rs 5,000",5000,Used,Batticaloa,samsung-galaxy-tab-3v-used-for-sale-batticaloa,https://ikman.lk/en/ad/samsung-galaxy-tab-3v-used-for-sale-batticaloa,,False,20 days
6a7c7c64ba8d08883003b652,Greentel A10 Pro 8GB 128GB,Other,128GB,8GB,WiFi / Standard,Unknown,Unknown,"Rs 46,000",46000,Used,Hambantota,greentel-a10-pro-8gb-128gb-15-months-warranty-for-sale-hambantota,https://ikman.lk/en/ad/greentel-a10-pro-8gb-128gb-15-months-warranty-for-sale-hambantota,,False,20 days
6a7c68ed41fea11e04a8c940,Xiaomi 6 Pro Tablet,Xiaomi,Unknown,Unknown,WiFi / Standard,Unknown,Unknown,"Rs 37,000",37000,Used,Kurunegala,xiaomi-6-pro-tablet-for-sale-kurunegala,https://ikman.lk/en/ad/xiaomi-6-pro-tablet-for-sale-kurunegala,,False,20 days
6a7c51eaba8d08883003b539,Apple ipad 5th gen,Apple,Unknown,Unknown,WiFi / Standard,Unknown,5TH GEN,"Rs 34,000",34000,Used,Kalutara,apple-ipad-5th-gen-for-sale-kalutara,https://ikman.lk/en/ad/apple-ipad-5th-gen-for-sale-kalutara,,False,20 days
6a7c27bf3d4db792d5c214d6,Apple iPad A16 128GB,Apple,128GB,Unknown,WiFi / Standard,Unknown,Unknown,"Rs 133,500",133500,Used,Kalutara,apple-ipad-a16-128gb-for-sale-kalutara-1,https://ikman.lk/en/ad/apple-ipad-a16-128gb-for-sale-kalutara-1, iconX,True,20 days
6a7c26e3ab02c33b3eea5bd8,Apple iPad Pro 12.9 inch WiFi,Apple,Unknown,Unknown,WiFi Only,12.9 Inch,Unknown,"Rs 199,500",199500,Used,Kalutara,apple-ipad-pro-129-inch-wifi-for-sale-kalutara,https://ikman.lk/en/ad/apple-ipad-pro-129-inch-wifi-for-sale-kalutara, iconX,True,20 days
6a7b6c5b1f94d616c9ab18aa,Apple iPad Pro 10.5 - Inch,Apple,Unknown,Unknown,WiFi / Standard,Unknown,Unknown,"Rs 92,000",92000,Used,Gampaha,i-pad-pro-105-inch-for-sale-gampaha,https://ikman.lk/en/ad/i-pad-pro-105-inch-for-sale-gampaha,,False,20 days
6a7b488d4d8ef60566968382,Apple iPad 9,Apple,Unknown,Unknown,WiFi / Standard,Unknown,Unknown,"Rs 67,000",67000,Used,Colombo,apple-ipad-9-for-sale-colombo,https://ikman.lk/en/ad/apple-ipad-9-for-sale-colombo,,False,20 days
6a7b476e751876c8eaadabb3,Zigo Nebula 10.1 (Used),Other,Unknown,Unknown,WiFi / Standard,Unknown,Unknown,"Rs 30,000",30000,Used,Badulla,zigo-nebula-101-used-for-sale-badulla,https://ikman.lk/en/ad/zigo-nebula-101-used-for-sale-badulla,,False,20 days
6a7af310b9325bafe9e8d746,Black View Tab 90 (Used),Other,Unknown,Unknown,WiFi / Standard,Unknown,Unknown,"Rs 48,000",48000,Used,Gampaha,black-view-tab-90-used-for-sale-gampaha,https://ikman.lk/en/ad/black-view-tab-90-used-for-sale-gampaha,,False,21 days
6a7ae66ff87fbd59489c2db9,Windows Tablet Novo W8,Other,Unknown,Unknown,WiFi / Standard,Unknown,Unknown,"Rs 25,000",25000,Used,Colombo,windows-tablet-novo-w8-for-sale-colombo,https://ikman.lk/en/ad/windows-tablet-novo-w8-for-sale-colombo,,False,21 days
6a7ae64dd5ec26245c9c2dc6,Apple,Apple,Unknown,Unknown,WiFi / Standard,Unknown,Unknown,"Rs 115,000",115000,Used,Colombo,apple-for-sale-colombo-414,https://ikman.lk/en/ad/apple-for-sale-colombo-414,,False,21 days
6a7adf8b78a5cfa64708ee94,Honor Pad X9a,Honor,Unknown,Unknown,WiFi / Standard,Unknown,Unknown,"Rs 68,000",68000,Used,Kandy,buy-with-a-discount-for-sale-kandy,https://ikman.lk/en/ad/buy-with-a-discount-for-sale-kandy,,False,21 days
6a7ad7e70cda7e6d6d12298e,Greentel A9 Pro 4GB 64GB Tablet,Other,64GB,4GB,4G LTE / SIM,Unknown,Unknown,"Rs 37,990",37990,Used,Gampaha,greentel-a9-pro-4gb-64gb-tablet-for-sale-gampaha,https://ikman.lk/en/ad/greentel-a9-pro-4gb-64gb-tablet-for-sale-gampaha,Hello Mobile & Laptop,True,21 days
6a7ab9c82bd0f8dc67f22985,GRAPHIC TAB,Other,Unknown,Unknown,WiFi / Standard,Unknown,Unknown,"Rs 4,500",4500,Used,Colombo,graphic-tab-for-sale-colombo,https://ikman.lk/en/ad/graphic-tab-for-sale-colombo,R.S Rupasinghe Ukaskaruwo (Pvt) Ltd,True,21 days
6a7a4b3853ebb88082249bd9,Honor Pad X8 (Used),Honor,Unknown,Unknown,WiFi / Standard,Unknown,Unknown,"Rs 38,000",38000,Used,Colombo,honor-8x-pad-x8-used-for-sale-colombo,https://ikman.lk/en/ad/honor-8x-pad-x8-used-for-sale-colombo,,False,21 days
6a7a27b6a4d86f0dfe4d5773,Apple iPad 11th Gen (A16),Apple,Unknown,Unknown,WiFi / Standard,Unknown,11TH GEN,"Rs 150,000",150000,Used,Colombo,apple-ipad-11th-gen-a16-for-sale-colombo-103,https://ikman.lk/en/ad/apple-ipad-11th-gen-a16-for-sale-colombo-103,,False,21 days
6a79ced251ed3a58c06e5d19,Apple I Pad 9th Gen,Apple,Unknown,Unknown,WiFi / Standard,Unknown,9TH GEN,"Rs 61,000",61000,Used,Gampaha,apple-ipad-9th-gen-for-sale-gampaha-6,https://ikman.lk/en/ad/apple-ipad-9th-gen-for-sale-gampaha-6,,False,22 days
6a79c71f93c4f2d73735c8e3,Samsung Galaxy A6 Tab,Samsung,Unknown,Unknown,WiFi / Standard,Unknown,Unknown,"Rs 38,500",38500,Used,Matara,orginal-condition-for-sale-matara,https://ikman.lk/en/ad/orginal-condition-for-sale-matara,,False,22 days
6a79b73d4125a40d941b88b5,Huawei MatePad T 10s,Huawei,Unknown,Unknown,WiFi / Standard,Unknown,Unknown,"Rs 8,000",8000,Used,Matara,tablet-for-a-low-price-for-sale-matara,https://ikman.lk/en/ad/tablet-for-a-low-price-for-sale-matara,,False,22 days
6a79ac79d673bafebaaa2d99,Samsung Galaxy Tab 8,Samsung,Unknown,Unknown,WiFi / Standard,Unknown,Unknown,"Rs 13,000",13000,Used,Ampara,2-32gb-for-sale-ampara,https://ikman.lk/en/ad/2-32gb-for-sale-ampara,,False,22 days
6a79ae41d80c98e3923547b2,Apple iPad A16 256GB WiFi Used,Apple,256GB,Unknown,WiFi Only,Unknown,Unknown,"Rs 159,900",159900,Used,Colombo,apple-ipad-a16-256gb-wifi-used-for-sale-colombo,https://ikman.lk/en/ad/apple-ipad-a16-256gb-wifi-used-for-sale-colombo,Tech Sparrow	,True,22 days
6a7997d449bd1da48c294c2d,i pad 9th gen,Other,Unknown,Unknown,WiFi / Standard,Unknown,9TH GEN,"Rs 50,000",50000,Used,Jaffna,i-pad-9th-gen-for-sale-jaffna,https://ikman.lk/en/ad/i-pad-9th-gen-for-sale-jaffna,,False,22 days
6a798b5893c4f2d73735c692,Tab Microsoft,Microsoft,Unknown,Unknown,WiFi / Standard,Unknown,Unknown,"Rs 38,000",38000,Used,Colombo,tab-microsoft-for-sale-colombo,https://ikman.lk/en/ad/tab-microsoft-for-sale-colombo,R.S Rupasinghe Ukaskaruwo (Pvt) Ltd,True,22 days
6a796bcc335210c00718d8f5,Greentel A10 Pro 4GB 128GB Tablet,Other,128GB,4GB,4G LTE / SIM,Unknown,Unknown,"Rs 46,990",46990,Used,Gampaha,greentel-a10-pro-4gb-128gb-tablet-for-sale-gampaha,https://ikman.lk/en/ad/greentel-a10-pro-4gb-128gb-tablet-for-sale-gampaha,Hello Mobile & Laptop,True,22 days
6a795c052224254d31f5fa50,ipad 10th gen with orginal apple pencil,Apple,Unknown,Unknown,WiFi / Standard,Unknown,10TH GEN,"Rs 105,000",105000,Used,Colombo,ipad-10th-gen-with-orginal-apple-pencil-for-sale-colombo,https://ikman.lk/en/ad/ipad-10th-gen-with-orginal-apple-pencil-for-sale-colombo,,False,22 days
6a795ad4ac6d6ecf0d7362ea,Galaxy S6 Lite 128gb,Other,128GB,Unknown,WiFi / Standard,Unknown,Unknown,"Rs 63,000",63000,Used,Colombo,galaxy-s6-lite-128gb-for-sale-colombo,https://ikman.lk/en/ad/galaxy-s6-lite-128gb-for-sale-colombo,,False,22 days
6a7951af4d8980457ebbf3e1,Apple iPad Air,Apple,Unknown,Unknown,WiFi / Standard,Unknown,Unknown,"Rs 15,000",15000,Used,Gampaha,ipad-air-for-sale-for-sale-gampaha,https://ikman.lk/en/ad/ipad-air-for-sale-for-sale-gampaha,,False,22 days
6a793352a296019e308abc1a,Apple iPad Pro 6th Gen (Used),Apple,Unknown,Unknown,WiFi / Standard,Unknown,6TH GEN,"Rs 310,000",310000,Used,Puttalam,apple-ipad-pro-used-for-sale-puttalam-6,https://ikman.lk/en/ad/apple-ipad-pro-used-for-sale-puttalam-6,,False,22 days
6a793097d5dff878569995fa,SAMSUNG S7FE TAP,Samsung,Unknown,Unknown,WiFi / Standard,Unknown,Unknown,"Rs 49,000",49000,Used,Jaffna,samsung-s7fe-tap-for-sale-jaffna-2,https://ikman.lk/en/ad/samsung-s7fe-tap-for-sale-jaffna-2,,False,22 days
6a78e461d3f02d652582f837,Greentel Tab X,Other,Unknown,Unknown,WiFi / Standard,Unknown,Unknown,"Rs 40,000",40000,Used,Matara,xiaomi-poco-m6-pro-superr-used-for-sale-matara,https://ikman.lk/en/ad/xiaomi-poco-m6-pro-superr-used-for-sale-matara,,False,22 days
6a78c12e9976148b73658936,Apple iPad Pro 11-inch (4th Gen) 128GB,Apple,128GB,Unknown,WiFi / Standard,11 Inch,Unknown,"Rs 190,000",190000,Used,Kegalle,apple-ipad-pro-11-inch-4th-gen-128gb-for-sale-kegalle,https://ikman.lk/en/ad/apple-ipad-pro-11-inch-4th-gen-128gb-for-sale-kegalle,,False,22 days
6a785c786f08d85af1646daf,Huawei MatePad T10s,Huawei,Unknown,Unknown,WiFi / Standard,Unknown,Unknown,"Rs 25,000",25000,Used,Kegalle,huawei-matepad-t10s-for-sale-kegalle-1,https://ikman.lk/en/ad/huawei-matepad-t10s-for-sale-kegalle-1,,False,23 days
6a78371cc93d7a40f16dbbfa,Samsung Galaxy Tab A9,Samsung,Unknown,Unknown,WiFi / Standard,Unknown,Unknown,"Rs 52,000",52000,Used,Colombo,samsung-galaxy-z-flip-5-tab-a9-used-for-sale-colombo,https://ikman.lk/en/ad/samsung-galaxy-z-flip-5-tab-a9-used-for-sale-colombo,,False,23 days
6a781ca4a62cc832fd646bf2,Apple iPad 5th Gen,Apple,Unknown,Unknown,WiFi / Standard,Unknown,5TH GEN,"Rs 44,000",44000,Used,Gampaha,ipad-5th-gen-for-sale-gampaha,https://ikman.lk/en/ad/ipad-5th-gen-for-sale-gampaha,,False,23 days
6a780406ef7cc03dcc49dfc4,Micro soft Tab,Other,Unknown,Unknown,WiFi / Standard,Unknown,Unknown,"Rs 38,000",38000,Used,Colombo,micro-soft-tab-for-sale-colombo,https://ikman.lk/en/ad/micro-soft-tab-for-sale-colombo,R.S Rupasinghe Ukaskaruwo (Pvt) Ltd,True,23 days
6a77ff20f9950fa0ee6469e0,GREENTEL A9 PRO 4GB 64GB,Other,64GB,4GB,4G LTE / SIM,Unknown,Unknown,"Rs 19,990",19990,Used,Gampaha,greentel-a9-pro-4gb-64gb-for-sale-gampaha-3,https://ikman.lk/en/ad/greentel-a9-pro-4gb-64gb-for-sale-gampaha-3,THE SMART HUB,True,23 days
6a77fabcf2d107e6fb256571,tab A7. 0,Other,Unknown,Unknown,WiFi / Standard,Unknown,Unknown,"Rs 8,500",8500,Used,Kandy,tab-a7-0-for-sale-kandy,https://ikman.lk/en/ad/tab-a7-0-for-sale-kandy,,False,23 days
6a77a3bbb97b79b7e51b9ec4,GreenTel Tab,Other,Unknown,Unknown,WiFi / Standard,Unknown,Unknown,"Rs 25,000",25000,Used,Gampaha,aduwata-wasiyak-ikmn-karana-kenat-aduwat-denw-hadissiyak-nisa-denne-for-sale-gampaha,https://ikman.lk/en/ad/aduwata-wasiyak-ikmn-karana-kenat-aduwat-denw-hadissiyak-nisa-denne-for-sale-gampaha,,False,23 days
6a77503835bab363608d37e9,Apple ipad a16 11 Inch,Apple,Unknown,Unknown,WiFi / Standard,11 Inch,Unknown,"Rs 140,000",140000,Used,Ampara,ipad-a16-for-sale-ampara,https://ikman.lk/en/ad/ipad-a16-for-sale-ampara,,False,23 days
6a7737dfbce222cd871613d2,Samsung Galaxy Tab S10 FE,Samsung,Unknown,Unknown,WiFi / Standard,Unknown,Unknown,"Rs 145,000",145000,Used,Colombo,galaxy-tab-s10-fe-for-sale-colombo,https://ikman.lk/en/ad/galaxy-tab-s10-fe-for-sale-colombo,,False,24 days
6a7736f29677c96a0d58bb18,Samsung Galaxy S6 Lite 4GB 128GB,Samsung,128GB,4GB,4G LTE / SIM,Unknown,Unknown,"Rs 60,000",60000,Used,Kalutara,galaxy-s6-lite-4gb-128gb-for-sale-kalutara,https://ikman.lk/en/ad/galaxy-s6-lite-4gb-128gb-for-sale-kalutara,,False,24 days
6a772074be55b8734403a3b8,Apple iPad 11 Generation 128GB,Apple,128GB,Unknown,WiFi / Standard,Unknown,Unknown,"Rs 119,000",119000,Used,Colombo,apple-ipad-11-generation-128gb-for-sale-colombo,https://ikman.lk/en/ad/apple-ipad-11-generation-128gb-for-sale-colombo,Dream Mobile,True,24 days
6a770c4921eab5d70c97b48b,I pad pro 12.9 512gb,Other,512GB,Unknown,WiFi / Standard,Unknown,Unknown,"Rs 78,000",78000,Used,Vavuniya,i-pad-pro-129-512gb-for-sale-vavuniya,https://ikman.lk/en/ad/i-pad-pro-129-512gb-for-sale-vavuniya,Shad Tech Mobile,False,24 days
6a76eb5308c6a3e98c01d363,Ipad 10th feb 64gb WiFi,Apple,64GB,Unknown,4G LTE / SIM,Unknown,Unknown,"Rs 105,000",105000,Used,Colombo,ipad-10th-feb-64gb-wifi-for-sale-colombo,https://ikman.lk/en/ad/ipad-10th-feb-64gb-wifi-for-sale-colombo,,False,24 days
6a76e9f4e1349c6be6553048,I Pad Pro M1 12.9 256 GB,Other,256GB,Unknown,WiFi / Standard,Unknown,M1,"Rs 120,000",120000,Used,Colombo,i-pad-pro-m1-129-256-gb-for-sale-colombo,https://ikman.lk/en/ad/i-pad-pro-m1-129-256-gb-for-sale-colombo,,False,24 days
6a76e2aa61b66304e312c226,Samsung Galaxy A7 Tab Lite (Used),Samsung,Unknown,Unknown,WiFi / Standard,Unknown,Unknown,"Rs 23,000",23000,Used,Gampaha,samsung-galaxy-a7-tab-lite-used-for-sale-gampaha,https://ikman.lk/en/ad/samsung-galaxy-a7-tab-lite-used-for-sale-gampaha,,False,24 days
6a76d7d438bf6ae6903f6059,Tablet,Other,Unknown,Unknown,WiFi / Standard,Unknown,Unknown,"Rs 25,000",25000,Used,Colombo,tablet-for-sale-colombo-1020,https://ikman.lk/en/ad/tablet-for-sale-colombo-1020,,False,24 days
6a76adda6551fa026aa3796b,"Display 3840*2160,Ram 32GB,storage 2TB",Other,32GB,2GB,WiFi / Standard,Unknown,Unknown,"Rs 150,000",150000,Used,Matara,display-38402160ram-32gbstorage-2tb-for-sale-matara,https://ikman.lk/en/ad/display-38402160ram-32gbstorage-2tb-for-sale-matara,,False,24 days
6a761106d22277a13665495d,Apple iPad M5 Pro 512GB WIFI,Apple,512GB,Unknown,WiFi Only,Unknown,Unknown,"Rs 415,000",415000,Used,Gampaha,m5-ipad-pro-512gb-wifi-ll-a-for-sale-gampaha,https://ikman.lk/en/ad/m5-ipad-pro-512gb-wifi-ll-a-for-sale-gampaha,,False,24 days
6a75d09071af82817bba12b4,Huawei Mediapad T3 7 (Used),Huawei,Unknown,Unknown,WiFi / Standard,Unknown,Unknown,"Rs 9,000",9000,Used,Badulla,huawei-mediapad-t3-7-used-for-sale-badulla,https://ikman.lk/en/ad/huawei-mediapad-t3-7-used-for-sale-badulla,,False,25 days
6a75c015a24ce7e1b757baa9,Tab S9FE plus 8GB128GB5G,Other,128GB,8GB,5G + WiFi,Unknown,Unknown,"Rs 115,900",115900,Used,Gampaha,tab-s9fe-plus-8gb128gb5g-for-sale-gampaha-1,https://ikman.lk/en/ad/tab-s9fe-plus-8gb128gb5g-for-sale-gampaha-1,SKN Mobile ,True,25 days
6a7579788323be55e3e4b794,S COLOR Tab 128GB,Other,128GB,Unknown,WiFi / Standard,Unknown,Unknown,"Rs 9,990",9990,Used,Gampaha,s-color-tab-128gb-for-sale-gampaha-1,https://ikman.lk/en/ad/s-color-tab-128gb-for-sale-gampaha-1,THE SMART HUB,True,25 days
6a7471a7530a3a26dade52b3,Apple iPad 10th Gen (Used),Apple,Unknown,Unknown,WiFi / Standard,Unknown,10TH GEN,"Rs 90,000",90000,Used,Ampara,apple-ipad-10th-gen-used-for-sale-ampara,https://ikman.lk/en/ad/apple-ipad-10th-gen-used-for-sale-ampara,,False,1 month
6a744ea4e3014c8b30e01775,Q Mobile Tab 11 Pro Stylus,Other,Unknown,Unknown,WiFi / Standard,Unknown,Unknown,"Rs 26,000",26000,Used,Ampara,q-mobile-tab-11-pro-stylus-brand-new-for-sale-ampara,https://ikman.lk/en/ad/q-mobile-tab-11-pro-stylus-brand-new-for-sale-ampara,,False,1 month
6a7490b9d8b372006300e8f3,Blackview Tab 60 Pro (Used),Blackview,Unknown,Unknown,WiFi / Standard,Unknown,Unknown,"Rs 42,000",42000,Used,Colombo,black-view-tab-60-pro-used-for-sale-colombo-4,https://ikman.lk/en/ad/black-view-tab-60-pro-used-for-sale-colombo-4,,False,1 month
6a746c150fa1c9b6e5f4e713,Tab S9FE plus 8GB128GB5G,Other,128GB,8GB,5G + WiFi,Unknown,Unknown,"Rs 115,900",115900,Used,Gampaha,tab-s9fe-plus-8gb128gb5g-for-sale-gampaha,https://ikman.lk/en/ad/tab-s9fe-plus-8gb128gb5g-for-sale-gampaha,SKN Mobile ,True,1 month
6a7441c716e3815e0220a185,Samsung Galaxy A9 Tab,Samsung,Unknown,Unknown,WiFi / Standard,Unknown,Unknown,"Rs 25,500",25500,Used,Kalutara,samsung-galaxy-a9-tab-for-sale-kalutara,https://ikman.lk/en/ad/samsung-galaxy-a9-tab-for-sale-kalutara,R.S Rupasinghe Ukaskaruwo (Pvt) Ltd,True,1 month
6a743af6d2177614429cd7cc,Microsoft RT 1516 Windows Tablet,Microsoft,Unknown,Unknown,WiFi / Standard,Unknown,Unknown,"Rs 8,000",8000,Used,Galle,microsoft-windows-tablet-for-sale-galle,https://ikman.lk/en/ad/microsoft-windows-tablet-for-sale-galle,,False,1 month
6a742fb0dade0fb6c388661f,Samsung Galaxy Tab A,Samsung,Unknown,Unknown,WiFi / Standard,Unknown,Unknown,"Rs 12,000",12000,Used,Colombo,samsung-galaxy-tab-a-for-sale-colombo-51,https://ikman.lk/en/ad/samsung-galaxy-tab-a-for-sale-colombo-51,,False,1 month
6a7415dae0d5d00629605a1e,I pad pro,Other,Unknown,Unknown,WiFi / Standard,Unknown,Unknown,"Rs 85,000",85000,Used,Kandy,i-pad-pro-for-sale-kandy,https://ikman.lk/en/ad/i-pad-pro-for-sale-kandy,,False,1 month
6a735187076ef5272e6ec4ac,Ipad Mini 2nd Gen,Apple,Unknown,Unknown,WiFi / Standard,Unknown,Unknown,"Rs 3,500",3500,Used,Colombo,ipad-mini-2nd-gen-for-sale-colombo-3,https://ikman.lk/en/ad/ipad-mini-2nd-gen-for-sale-colombo-3,,False,1 month
6a73f2dd5a41c8f342915d69,Apple ipad 10th generation,Apple,Unknown,Unknown,WiFi / Standard,Unknown,10TH GEN,"Rs 85,000",85000,Used,Batticaloa,ipad-10th-generation-for-sale-batticaloa-1,https://ikman.lk/en/ad/ipad-10th-generation-for-sale-batticaloa-1,,False,1 month
6a7362f9bb1a06d2498713b5,Samsung Galaxy Tab A9,Samsung,Unknown,Unknown,WiFi / Standard,Unknown,Unknown,"Rs 40,000",40000,Used,Kegalle,samsung-galaxy-a90-2023-used-for-sale-kegalle,https://ikman.lk/en/ad/samsung-galaxy-a90-2023-used-for-sale-kegalle,,False,1 month
6a73398d93d4b6c8146ec43f,Microsoft Surface Pro 3 Tablet (Used),Microsoft,Unknown,Unknown,WiFi / Standard,Unknown,Unknown,"Rs 73,000",73000,Used,Gampaha,microsoft-surface-pro-3-used-for-sale-gampaha,https://ikman.lk/en/ad/microsoft-surface-pro-3-used-for-sale-gampaha,,False,1 month
6a731c360b570c89f4584237,samsung tab A9,Samsung,Unknown,Unknown,WiFi / Standard,Unknown,Unknown,"Rs 26,000",26000,Used,Kalutara,samsung-tab-a9-for-sale-kalutara,https://ikman.lk/en/ad/samsung-tab-a9-for-sale-kalutara,R.S Rupasinghe Ukaskaruwo (Pvt) Ltd,True,1 month
6a7312c1bdb86803134ce872,Apple iPad A16 128GB,Apple,128GB,Unknown,WiFi / Standard,Unknown,Unknown,"Rs 119,000",119000,Used,Colombo,apple-ipad-a16-128gb-for-sale-colombo-125,https://ikman.lk/en/ad/apple-ipad-a16-128gb-for-sale-colombo-125,Dream Mobile,True,1 month
6a73086ae9bd2f2bd048c1ad,Samsung Tab,Samsung,Unknown,Unknown,WiFi / Standard,Unknown,Unknown,"Rs 10,000",10000,Used,Gampaha,samsung-tab-available-for-slavage-for-sale-gampaha,https://ikman.lk/en/ad/samsung-tab-available-for-slavage-for-sale-gampaha,,False,1 month
6a72e4c39bb2cf5c6239ba3a,Samsung Galaxy Tab A,Samsung,Unknown,Unknown,WiFi / Standard,Unknown,Unknown,"Rs 16,500",16500,Used,Colombo,good-condition-for-sale-colombo-3335,https://ikman.lk/en/ad/good-condition-for-sale-colombo-3335,,False,1 month
6a72d8047050e4fb97ac4106,I pad 2,Other,Unknown,Unknown,WiFi / Standard,Unknown,Unknown,"Rs 5,000",5000,Used,Colombo,i-pad-2-for-sale-colombo-14,https://ikman.lk/en/ad/i-pad-2-for-sale-colombo-14,,False,1 month
6a729f62181127e225a98ec5,Lenovo Tab 7 Essential,Lenovo,Unknown,Unknown,WiFi / Standard,Unknown,Unknown,"Rs 14,999",14999,Used,Colombo,lenovo-tab-7-essential-brand-new-for-sale-colombo,https://ikman.lk/en/ad/lenovo-tab-7-essential-brand-new-for-sale-colombo,,False,1 month
6a71ca4a5acc937f46653c9c,Blackview Tab 60 Pro (12GB RAM / 128GB,Blackview,128GB,12GB,WiFi / Standard,Unknown,Unknown,"Rs 40,000",40000,Used,Galle,blackview-tab-60-pro-12gb-ram-128gb-8-months-used-for-sale-galle,https://ikman.lk/en/ad/blackview-tab-60-pro-12gb-ram-128gb-8-months-used-for-sale-galle,,False,1 month
6a207bd56bdb7c553c218955,Microsoft SURFACE PRO 7 COREI5 10TH GEN,Microsoft,Unknown,Unknown,WiFi / Standard,Unknown,10TH GEN,"Rs 120,000",120000,Used,Colombo,microsoft-surface-pro-7-corei5-10th-gen-for-sale-colombo,https://ikman.lk/en/ad/microsoft-surface-pro-7-corei5-10th-gen-for-sale-colombo,Seven Computers Store,True,1 month
6a722274f5b01d217c0dd2ff,Apple iPad Mini 2,Apple,Unknown,Unknown,WiFi / Standard,Unknown,Unknown,"Rs 20,000",20000,Used,Colombo,ipad-mini-2-retina-2013-for-sale-colombo,https://ikman.lk/en/ad/ipad-mini-2-retina-2013-for-sale-colombo,,False,1 month
6a721c08f5b01d217c0dd2ed,Apple iPad Pro 2016,Apple,Unknown,Unknown,WiFi / Standard,Unknown,Unknown,"Rs 25,000",25000,Used,Colombo,ipad-pro-2016-needs-battery-replacement-for-sale-colombo,https://ikman.lk/en/ad/ipad-pro-2016-needs-battery-replacement-for-sale-colombo,,False,1 month
6a720cc67017f5c61cf82907,Otteo Tab,Other,Unknown,Unknown,WiFi / Standard,Unknown,Unknown,"Rs 11,000",11000,Used,Kalutara,otteo-tab-for-sale-kalutara,https://ikman.lk/en/ad/otteo-tab-for-sale-kalutara,,False,1 month
6a71fa2421f6e45a0c784089,Apple iPad Air 5th Generation 256GB,Apple,256GB,Unknown,WiFi / Standard,Unknown,5TH GEN,"Rs 165,000",165000,Used,Hambantota,apple-ipad-air-5th-generation-256gb-wi-fi-only-pencil-2nd-for-sale-hambantota,https://ikman.lk/en/ad/apple-ipad-air-5th-generation-256gb-wi-fi-only-pencil-2nd-for-sale-hambantota,,False,1 month
6a715ab174b0416c47b62f87,Greentel A9 Pro Tab,Other,Unknown,Unknown,WiFi / Standard,Unknown,Unknown,"Rs 27,000",27000,Used,Colombo,greentel-9-used-for-sale-colombo-1,https://ikman.lk/en/ad/greentel-9-used-for-sale-colombo-1,,False,1 month
6a70cb818b437184903f82bc,Apple iPad 4,Apple,Unknown,Unknown,WiFi / Standard,Unknown,Unknown,"Rs 20,000",20000,Used,Gampaha,barely-used-ipad-4-with-new-battery-for-sale-for-sale-gampaha,https://ikman.lk/en/ad/barely-used-ipad-4-with-new-battery-for-sale-for-sale-gampaha,,False,1 month
6a709de1998d4b41e1c9e09f,Blackview Tab 60 Pro,Blackview,Unknown,Unknown,WiFi / Standard,Unknown,Unknown,"Rs 50,000",50000,Used,Colombo,blackview-tab60-pro-for-sale-colombo,https://ikman.lk/en/ad/blackview-tab60-pro-for-sale-colombo,,False,1 month
6a708fb2ff0bb7c26fde7c33,Samsung Galaxy A7 Lite Tab (Used),Samsung,Unknown,Unknown,WiFi / Standard,Unknown,Unknown,"Rs 28,000",28000,Used,Colombo,samsung-galaxy-a7-tab-a07-lite-used-for-sale-colombo,https://ikman.lk/en/ad/samsung-galaxy-a7-tab-a07-lite-used-for-sale-colombo,,False,1 month
6a706eb55c8451e92978ad9f,Samsung Galaxy Tab S 16GB,Samsung,16GB,Unknown,WiFi / Standard,Unknown,Unknown,"Rs 18,000",18000,Used,Gampaha,samsung-galaxy-tab-s-16gb-can-use-phone-calls-wifi-cim-card-for-sale-gampaha,https://ikman.lk/en/ad/samsung-galaxy-tab-s-16gb-can-use-phone-calls-wifi-cim-card-for-sale-gampaha,,False,1 month
6a701da18b437184903f7ccd,Samsung Galaxy Tab S11 Ultra 256GB 5G,Samsung,256GB,Unknown,5G + WiFi,Unknown,Unknown,"Rs 340,000",340000,Used,Matara,samsung-galaxy-tab-s11-ultra-256gb-5g-for-sale-matara,https://ikman.lk/en/ad/samsung-galaxy-tab-s11-ultra-256gb-5g-for-sale-matara,,False,1 month
6a700dc2f97b3158d374005b,Samsung s6 Lite Tab,Samsung,Unknown,Unknown,WiFi / Standard,Unknown,Unknown,"Rs 69,500",69500,Used,Matara,s6-lite-tab-for-sale-matara,https://ikman.lk/en/ad/s6-lite-tab-for-sale-matara,,False,1 month
6a6fce24c94067296078a810,Apple iPad 11 Gen A16 Chip,Apple,Unknown,Unknown,WiFi / Standard,Unknown,Unknown,"Rs 135,000",135000,Used,Gampaha,ipad-11-gen-a16-chip-for-sale-gampaha,https://ikman.lk/en/ad/ipad-11-gen-a16-chip-for-sale-gampaha,,False,1 month
6a6f5b17066f2008b0a16b57,Apple iPad 512GB,Apple,512GB,Unknown,WiFi / Standard,Unknown,Unknown,"Rs 125,000",125000,Used,Anuradhapura,apple-used-for-sale-anuradhapura-6,https://ikman.lk/en/ad/apple-used-for-sale-anuradhapura-6,,False,1 month
6a6f35930965323d6ba6cc6f,Apple iPad Air 4,Apple,Unknown,Unknown,WiFi / Standard,Unknown,Unknown,"Rs 90,000",90000,Used,Anuradhapura,apple-ipad-air-4-for-sale-anuradhapura,https://ikman.lk/en/ad/apple-ipad-air-4-for-sale-anuradhapura,,False,1 month
6a6f31ec299fa0611eda96b9,Samsung Galaxy Tab A11+,Samsung,Unknown,Unknown,WiFi / Standard,Unknown,Unknown,"Rs 45,000",45000,Used,Kurunegala,galaxy-tab-a11-for-sale-kurunegala,https://ikman.lk/en/ad/galaxy-tab-a11-for-sale-kurunegala,,False,1 month
6a6eea0a6d676aaa2cb29681,Black view Tab 90,Other,Unknown,Unknown,WiFi / Standard,Unknown,Unknown,"Rs 45,000",45000,Used,Kandy,black-view-tab-90-for-sale-kandy,https://ikman.lk/en/ad/black-view-tab-90-for-sale-kandy,,False,1 month
6a6f2589299fa0611eda9653,Samsung Tab S6 lite,Samsung,Unknown,Unknown,WiFi / Standard,Unknown,Unknown,"Rs 60,000",60000,Used,Gampaha,samsung-tab-s6-lite-for-sale-gampaha,https://ikman.lk/en/ad/samsung-tab-s6-lite-for-sale-gampaha,,False,1 month
6a6efa60120a397a601c0295,256Gb Sim version,Other,256GB,Unknown,4G LTE / SIM,Unknown,Unknown,"Rs 165,000",165000,Used,Kandy,256gb-sim-version-for-sale-kandy,https://ikman.lk/en/ad/256gb-sim-version-for-sale-kandy,,False,1 month
6a6ee0b416f8c09b0cc46da2,IPad pro 11-inch (M4) cellular + Wifi,Apple,Unknown,Unknown,4G LTE / SIM,11 Inch,M4,"Rs 305,000",305000,Used,Galle,ipad-pro-11-inch-m4-cellular-wifi-for-sale-galle,https://ikman.lk/en/ad/ipad-pro-11-inch-m4-cellular-wifi-for-sale-galle,,False,1 month
6a6edb0be5206733c5c99984,iPad Pro 13 M4 256GB Cellular,Apple,256GB,Unknown,4G LTE / SIM,Unknown,M4,"Rs 300,000",300000,Used,Colombo,ipad-pro-13-m4-256gb-cellular-for-sale-colombo-3,https://ikman.lk/en/ad/ipad-pro-13-m4-256gb-cellular-for-sale-colombo-3,,False,1 month
6a6ec7ce943678d9cec998e7,Apple iPad A16 128GB,Apple,128GB,Unknown,WiFi / Standard,Unknown,Unknown,"Rs 110,000",110000,Used,Colombo,apple-i-pad-a16-used-for-sale-colombo-1,https://ikman.lk/en/ad/apple-i-pad-a16-used-for-sale-colombo-1,,False,1 month
6a6e38b0772ba8c4dc4e6215,Samsung Galaxy A9,Samsung,Unknown,Unknown,WiFi / Standard,Unknown,Unknown,"Rs 85,000",85000,Used,Polonnaruwa,samsung-galaxy-a9-brand-new-for-sale-polonnaruwa,https://ikman.lk/en/ad/samsung-galaxy-a9-brand-new-for-sale-polonnaruwa,,False,1 month
6a6e1bc44677020de81ab018,Apple iPad Air 2nd Gen 32GB Gold,Apple,32GB,Unknown,WiFi / Standard,Unknown,GEN 32,"Rs 90,000",90000,Used,Colombo,i-pad-for-sale-colombo-87,https://ikman.lk/en/ad/i-pad-for-sale-colombo-87,,False,1 month
6a6dfc420cd993ecd415a084,Blackview Tab A10,Blackview,Unknown,Unknown,WiFi / Standard,Unknown,Unknown,"Rs 33,000",33000,Used,Kurunegala,salli-hadissiyakata-vikunane-for-sale-kurunegala,https://ikman.lk/en/ad/salli-hadissiyakata-vikunane-for-sale-kurunegala,,False,1 month
6a6dd6d814d216fdce159f70,Ipad Air 5 cellular with magic keyboard,Apple,Unknown,Unknown,4G LTE / SIM,Unknown,Unknown,"Rs 126,000",126000,Used,Colombo,ipad-air-5-cellular-with-magic-keyboard-for-sale-colombo,https://ikman.lk/en/ad/ipad-air-5-cellular-with-magic-keyboard-for-sale-colombo,,False,1 month
6a6d9c632293d198fcc48bd1,Apple iPad Mini 6,Apple,Unknown,Unknown,WiFi / Standard,Unknown,Unknown,"Rs 56,500",56500,Used,Trincomalee,apple-ipad-mini-6-used-for-sale-trincomalee-1,https://ikman.lk/en/ad/apple-ipad-mini-6-used-for-sale-trincomalee-1,,False,1 month
6a6dbfcd18d167d62173312d,Samsung Galaxy Tab A 10.1 with S-Pen (SM-P585Y),Samsung,Unknown,Unknown,WiFi / Standard,Unknown,Unknown,"Rs 45,500",45500,Used,Colombo,samsung-galaxy-tab-a-101-with-s-pen-sm-p585y-for-sale-colombo,https://ikman.lk/en/ad/samsung-galaxy-tab-a-101-with-s-pen-sm-p585y-for-sale-colombo,,False,1 month
6a6dace592927876ce391461,Samsung Tab 10,Samsung,Unknown,Unknown,WiFi / Standard,Unknown,Unknown,"Rs 9,500",9500,Used,Galle,samsung-tab-for-sale-galle-72,https://ikman.lk/en/ad/samsung-tab-for-sale-galle-72,,False,1 month
6a6d73664b3938e1340b7bd5,Ipad A16 - 128gb,Apple,128GB,Unknown,WiFi / Standard,Unknown,Unknown,"Rs 126,000",126000,Used,Colombo,ipad-a16-128gb-for-sale-colombo-59,https://ikman.lk/en/ad/ipad-a16-128gb-for-sale-colombo-59,,False,1 month
6a6c8c34e6448600e18650a0,Apple iPad Air 7 M3 Chip 2025 Wifi,Apple,Unknown,Unknown,WiFi Only,Unknown,Unknown,"Rs 190,000",190000,Used,Colombo,apple-ipad-air-7-m3-chip-2025-wifi-for-sale-colombo,https://ikman.lk/en/ad/apple-ipad-air-7-m3-chip-2025-wifi-for-sale-colombo,,False,1 month
6a6cba6805c506573227b659,Apple iPad 11th Gen 128GB (Brand New)w,Apple,128GB,Unknown,WiFi / Standard,Unknown,11TH GEN,"Rs 130,000",130000,Used,Colombo,apple-ipad-11th-gen-128gb-brand-new-for-sale-colombo,https://ikman.lk/en/ad/apple-ipad-11th-gen-128gb-brand-new-for-sale-colombo,,False,1 month
6a6c8e61f6b652bac315d4f9,Apple iPad A16 128GB,Apple,128GB,Unknown,WiFi / Standard,Unknown,Unknown,"Rs 119,000",119000,Used,Colombo,apple-ipad-a16-128gb-for-sale-colombo-121,https://ikman.lk/en/ad/apple-ipad-a16-128gb-for-sale-colombo-121,Dream Mobile,True,1 month
6a6c82ae44cd095a58241574,Apple iPad Pro 13 Inch (M5),Apple,Unknown,Unknown,WiFi / Standard,13 Inch,Unknown,"Rs 394,990",394990,Used,Colombo,apple-ipad-pro-13-inch-m5-for-sale-colombo,https://ikman.lk/en/ad/apple-ipad-pro-13-inch-m5-for-sale-colombo,Upgrade Pvt Ltd,True,1 month
6a6c5b9279a074f7d36d1c0a,XP Pen Artist Display 24 Pro,Other,Unknown,Unknown,WiFi / Standard,Unknown,Unknown,"Rs 141,000",141000,Used,Jaffna,xp-pen-artist-display-24-pro-for-sale-jaffna,https://ikman.lk/en/ad/xp-pen-artist-display-24-pro-for-sale-jaffna,,False,1 month
6a6c4506a977470f4815d233,Blackview 60 Pro,Blackview,Unknown,Unknown,WiFi / Standard,Unknown,Unknown,"Rs 36,500",36500,Used,Kalutara,blackview-60-pro-for-sale-with-1-year-warranty-for-sale-kalutara,https://ikman.lk/en/ad/blackview-60-pro-for-sale-with-1-year-warranty-for-sale-kalutara,,False,1 month
6a6c426e230ff61da26d1b53,Apple iPad 2 Cellular,Apple,Unknown,Unknown,4G LTE / SIM,Unknown,Unknown,"Rs 18,000",18000,Used,Colombo,ipad-2-cellular-for-sale-for-sale-colombo,https://ikman.lk/en/ad/ipad-2-cellular-for-sale-for-sale-colombo,,False,1 month
6a6c326f7abd2da34622f6c8,Wacom Intuos Pro M4,Other,Unknown,Unknown,WiFi / Standard,Unknown,M4,"Rs 65,000",65000,Used,Colombo,wacom-intuos-pro-m-for-sale-colombo,https://ikman.lk/en/ad/wacom-intuos-pro-m-for-sale-colombo,,False,1 month
6a6c36363cf973971c3f6e16,Apple iPad 5th Generation 128GB,Apple,128GB,Unknown,WiFi / Standard,Unknown,5TH GEN,"Rs 30,000",30000,Used,Gampaha,apple-ipad-5th-generation-128gb-sim-wi-fi-for-sale-gampaha,https://ikman.lk/en/ad/apple-ipad-5th-generation-128gb-sim-wi-fi-for-sale-gampaha,,False,1 month
6a6c28ed1efa97b730c2455c,Apple iPad Pro 13 - M4 512GB WiFi+Cellular,Apple,512GB,Unknown,4G LTE / SIM,Unknown,M4,"Rs 410,000",410000,Used,Colombo,apple-ipad-pro-13-m4-512gb-wificellular-for-sale-colombo-1,https://ikman.lk/en/ad/apple-ipad-pro-13-m4-512gb-wificellular-for-sale-colombo-1,,False,1 month
6a6c24644b78fbd4f75faca5,Samsung Galaxy Tab A9+ 5G,Samsung,Unknown,Unknown,5G + WiFi,Unknown,Unknown,"Rs 56,500",56500,Used,Gampaha,samsung-galaxy-tab-a9-5g-for-sale-gampaha,https://ikman.lk/en/ad/samsung-galaxy-tab-a9-5g-for-sale-gampaha,,False,1 month
6a6c179c41bd68f0692ad91d,iPad 9 Wi-Fi 64GB,Apple,64GB,Unknown,4G LTE / SIM,Unknown,Unknown,"Rs 49,990",49990,Used,Gampaha,ipad-9-wi-fi-64gb-for-sale-gampaha,https://ikman.lk/en/ad/ipad-9-wi-fi-64gb-for-sale-gampaha,SKN Mobile ,True,1 month
6a6bfea77a84a149d47d0c9e,Blackview Tab 90,Blackview,Unknown,Unknown,WiFi / Standard,Unknown,Unknown,"Rs 42,000",42000,Used,Gampaha,tab-90-for-sale-gampaha,https://ikman.lk/en/ad/tab-90-for-sale-gampaha,,False,1 month
6a6b78ba8852beb350cdde90,Apple iPad 11 (A16),Apple,Unknown,Unknown,WiFi / Standard,Unknown,Unknown,"Rs 135,000",135000,Used,Gampaha,ipad-11-a16-for-sale-gampaha,https://ikman.lk/en/ad/ipad-11-a16-for-sale-gampaha,,False,1 month
6a6af7f072188d76df12de2c,Apple iPad 9th Gen (Used),Apple,Unknown,Unknown,WiFi / Standard,Unknown,9TH GEN,"Rs 88,000",88000,Used,Kurunegala,apple-ipad-9-gen-used-for-sale-kurunegala,https://ikman.lk/en/ad/apple-ipad-9-gen-used-for-sale-kurunegala,,False,1 month
6a6b273eae4a3c7859e1c37e,Apple iPad A16 128GB,Apple,128GB,Unknown,WiFi / Standard,Unknown,Unknown,"Rs 119,000",119000,Used,Colombo,apple-ipad-a16-128gb-for-sale-colombo-120,https://ikman.lk/en/ad/apple-ipad-a16-128gb-for-sale-colombo-120,Dream Mobile,True,1 month
6a6b1b88ae4a3c7859e1c30d,Ipad a16,Apple,Unknown,Unknown,WiFi / Standard,Unknown,Unknown,"Rs 115,000",115000,Used,Kandy,ipad-a16-for-sale-kandy-3,https://ikman.lk/en/ad/ipad-a16-for-sale-kandy-3,Techflix.lk Kandy,False,1 month
6a6b10d4729638a5eae8efb0,S9FE plus 8GB 128GB 5G,Other,128GB,8GB,5G + WiFi,Unknown,Unknown,"Rs 110,999",110999,Used,Gampaha,s9fe-plus-8gb-128gb-5g-for-sale-gampaha,https://ikman.lk/en/ad/s9fe-plus-8gb-128gb-5g-for-sale-gampaha,SKN Mobile ,True,1 month
6a6af3b90850e892f8743dc7,Apple iPad 2,Apple,Unknown,Unknown,WiFi / Standard,Unknown,Unknown,"Rs 10,000",10000,Used,Colombo,ipad-2-for-sale-colombo-211,https://ikman.lk/en/ad/ipad-2-for-sale-colombo-211,,False,1 month
6a6ad7965f3f1021790fa472,tab 4 advance,Other,Unknown,Unknown,WiFi / Standard,Unknown,Unknown,"Rs 9,500",9500,Used,Galle,tab-4-advance-for-sale-galle-1,https://ikman.lk/en/ad/tab-4-advance-for-sale-galle-1,,False,1 month
6a6ac7274c300c996412dbad,Greentel A10 Pro,Other,Unknown,Unknown,WiFi / Standard,Unknown,Unknown,"Rs 30,000",30000,Used,Ratnapura,greentel-a10-pro-for-sale-ratnapura,https://ikman.lk/en/ad/greentel-a10-pro-for-sale-ratnapura,,False,1 month
6a6a663ba6d680e09b1e144a,Apple iPad Air 1st Gen 32GB,Apple,32GB,Unknown,WiFi / Standard,Unknown,GEN 32,"Rs 22,000",22000,Used,Batticaloa,ipad-air-one-for-sale-batticaloa,https://ikman.lk/en/ad/ipad-air-one-for-sale-batticaloa,,False,1 month
6a69e6414cd0a9628cc722d0,Huawei MatePad 11.5 Tab 256GB with Keyboard,Huawei,256GB,Unknown,WiFi / Standard,Unknown,Unknown,"Rs 95,000",95000,Used,Colombo,huawei-matepad-115-tab-256gb-keyboard-for-sale-colombo,https://ikman.lk/en/ad/huawei-matepad-115-tab-256gb-keyboard-for-sale-colombo,,False,1 month
6a69d7581acd0d5a89d5c6a9,Samsung Galaxy Tab A9+,Samsung,Unknown,Unknown,WiFi / Standard,Unknown,Unknown,"Rs 47,000",47000,Used,Kurunegala,samsung-galaxy-tab-a9-for-sale-kurunegala-2,https://ikman.lk/en/ad/samsung-galaxy-tab-a9-for-sale-kurunegala-2,,False,1 month
6a69c9aee3039690f0c63521,Apple iPad 9 64GB (Used),Apple,64GB,Unknown,4G LTE / SIM,Unknown,Unknown,"Rs 80,000",80000,Used,Colombo,apple-ipad-9-64gb-used-for-sale-colombo,https://ikman.lk/en/ad/apple-ipad-9-64gb-used-for-sale-colombo,,False,1 month
6a69a3a01a9813da76c633ed,Xiaomi Redmi Pad Pro 5G 8GB 256GB,Xiaomi,256GB,8GB,5G + WiFi,Unknown,Unknown,"Rs 95,000",95000,Used,Gampaha,xiaomi-redmi-pad-pro-used-for-sale-gampaha,https://ikman.lk/en/ad/xiaomi-redmi-pad-pro-used-for-sale-gampaha,,False,1 month
6a699b4df2d5fd1959d9169b,Tablet UMIDIGI A13,Other,Unknown,Unknown,WiFi / Standard,Unknown,Unknown,"Rs 45,000",45000,Used,Kurunegala,tablet-for-sale-kurunegala-107,https://ikman.lk/en/ad/tablet-for-sale-kurunegala-107,,False,1 month
6a68dc9359d85f45102ef513,XP Pen Magic Tab,Other,Unknown,Unknown,WiFi / Standard,Unknown,Unknown,"Rs 90,000",90000,Used,Gampaha,xp-pen-magic-for-sale-gampaha,https://ikman.lk/en/ad/xp-pen-magic-for-sale-gampaha,,False,1 month
6a68dbd5b408bf050e2ef4c8,Apple iPad 9th Gen 256GB,Apple,256GB,Unknown,WiFi / Standard,Unknown,9TH GEN,"Rs 49,900",49900,Used,Ampara,apple-ipad-9th-gen-256gb-for-sale-ampara,https://ikman.lk/en/ad/apple-ipad-9th-gen-256gb-for-sale-ampara,,False,1 month
6a68d0ad31e3a05e0a04ad4c,Oteeto Tab 4,Other,Unknown,Unknown,WiFi / Standard,Unknown,Unknown,"Rs 11,000",11000,Used,Kalutara,oteto-tab-for-sale-kalutara,https://ikman.lk/en/ad/oteto-tab-for-sale-kalutara,,False,1 month
6a68bc92e570591a7dfd9544,Apple iPad A16 128GB,Apple,128GB,Unknown,WiFi / Standard,Unknown,Unknown,"Rs 116,000",116000,Used,Colombo,apple-ipad-a16-128gb-for-sale-colombo-119,https://ikman.lk/en/ad/apple-ipad-a16-128gb-for-sale-colombo-119,Dream Mobile,True,1 month
6a68b689e570591a7dfd9526,Greentel A10 Pro Tab,Other,Unknown,Unknown,WiFi / Standard,Unknown,Unknown,"Rs 35,000",35000,Used,Puttalam,greentel-a10-pro-tab-for-sale-puttalam,https://ikman.lk/en/ad/greentel-a10-pro-tab-for-sale-puttalam,,False,1 month
6a688c89d01da0342b4d65d8,Lenavo M8HD,Other,Unknown,Unknown,WiFi / Standard,Unknown,Unknown,"Rs 28,000",28000,Used,Kandy,lenavo-m8hd-for-sale-kandy,https://ikman.lk/en/ad/lenavo-m8hd-for-sale-kandy,,False,1 month
6a6883a714e33d1a7ce9578d,IPAD 03,Apple,Unknown,Unknown,WiFi / Standard,Unknown,Unknown,"Rs 25,000",25000,Used,Hambantota,ipad-03-for-sale-hambantota,https://ikman.lk/en/ad/ipad-03-for-sale-hambantota,,False,1 month
6a683c1b33de4ee5030a8c30,Samsung Galaxy Tab A,Samsung,Unknown,Unknown,WiFi / Standard,Unknown,Unknown,"Rs 35,000",35000,Used,Colombo,samsung-galaxy-a-for-sale-colombo,https://ikman.lk/en/ad/samsung-galaxy-a-for-sale-colombo,,False,1 month
6a6768de7697eb1dd4c43d42,Samsung Galaxy A7 Lite (Used),Samsung,Unknown,Unknown,WiFi / Standard,Unknown,Unknown,"Rs 29,000",29000,Used,Kegalle,samsung-galaxy-a7-lite-used-for-sale-kegalle-3,https://ikman.lk/en/ad/samsung-galaxy-a7-lite-used-for-sale-kegalle-3,,False,1 month
6a674a77db0da6ae2d7b969d,HP POS Touch Tablet (Tab) - i5 7th GEN|8GB RAM|256GB SSD|Barcode Scanner,Other,256GB,8GB,WiFi / Standard,Unknown,7TH GEN,"Rs 69,500",69500,Used,Gampaha,hp-pos-touch-tablet-tab-i5-7th-gen8gb-ram256gb-ssdbarcode-scanner-for-sale-gampaha,https://ikman.lk/en/ad/hp-pos-touch-tablet-tab-i5-7th-gen8gb-ram256gb-ssdbarcode-scanner-for-sale-gampaha,ShaTech Zone,True,1 month
6a6723b12ce4ec107c170bf3,Oscal Pad 90 (Used),Other,Unknown,Unknown,WiFi / Standard,Unknown,Unknown,"Rs 52,500",52500,Used,Colombo,oscal-pad-90-used-for-sale-colombo-1,https://ikman.lk/en/ad/oscal-pad-90-used-for-sale-colombo-1,,False,1 month
6a6715990e939ce36f3f2f5d,Blackview 90 Tablet,Blackview,Unknown,Unknown,WiFi / Standard,Unknown,Unknown,"Rs 42,000",42000,Used,Colombo,blackview-for-sale-colombo-2,https://ikman.lk/en/ad/blackview-for-sale-colombo-2,,False,1 month
6a67056ddb8d093d89170a86,Samsung Galaxy A7 Lite,Samsung,Unknown,Unknown,WiFi / Standard,Unknown,Unknown,"Rs 25,000",25000,Used,Puttalam,samsung-galaxy-a7-lite-for-sale-puttalam-1,https://ikman.lk/en/ad/samsung-galaxy-a7-lite-for-sale-puttalam-1,,False,1 month
6a670ba4259c78ca62f4045e,Honor Tab X8b|4GB/128GB,Honor,128GB,4GB,4G LTE / SIM,Unknown,Unknown,"Rs 87,490",87490,Used,Colombo,honor-tab-x8b4gb-128gb-for-sale-colombo-9,https://ikman.lk/en/ad/honor-tab-x8b4gb-128gb-for-sale-colombo-9,emobile.lk | EMOBILE (PVT) LTD,True,1 month
6a6700f5e146154542170a2e,Apple iPad 4th Gen (Used),Apple,Unknown,Unknown,WiFi / Standard,Unknown,Unknown,"Rs 18,000",18000,Used,Gampaha,apple-used-for-sale-gampaha-311,https://ikman.lk/en/ad/apple-used-for-sale-gampaha-311,,False,1 month
6a6645b653a43daf70926858,Apple iPad 7th Gen 32GB Wi-Fi,Apple,32GB,Unknown,WiFi / Standard,Unknown,7TH GEN,"Rs 70,000",70000,Used,Gampaha,apple-ipad-7th-gen-32gb-wi-fi-excellent-condition-original-for-sale-gampaha,https://ikman.lk/en/ad/apple-ipad-7th-gen-32gb-wi-fi-excellent-condition-original-for-sale-gampaha,,False,1 month
6a65f3156f32695a2685c690,Samsung Galaxy TAB S9FE+ 8GB 128GB 5G,Samsung,128GB,8GB,5G + WiFi,Unknown,Unknown,"Rs 110,900",110900,Used,Gampaha,samsung-galaxy-tab-s9fe-8gb-128gb-5g-for-sale-gampaha,https://ikman.lk/en/ad/samsung-galaxy-tab-s9fe-8gb-128gb-5g-for-sale-gampaha,SKN Mobile ,True,1 month
6a65dbc4a5d73c035510f34b,Blackview Tab 90,Blackview,Unknown,Unknown,WiFi / Standard,Unknown,Unknown,"Rs 46,000",46000,Used,Matara,blackview-tab-90-for-sale-matara-4,https://ikman.lk/en/ad/blackview-tab-90-for-sale-matara-4,,False,1 month
6a64d3ec3f9ad37ea2256550,Blackview Tab 60 Pro,Blackview,Unknown,Unknown,WiFi / Standard,Unknown,Unknown,"Rs 30,000",30000,Used,Puttalam,blackview-tab-60-pro-for-sale-puttalam-1,https://ikman.lk/en/ad/blackview-tab-60-pro-for-sale-puttalam-1,,False,1 month
6a649745adc9ee4381517281,samsung tablet,Samsung,Unknown,Unknown,WiFi / Standard,Unknown,Unknown,"Rs 15,000",15000,Used,Trincomalee,samsung-tablet-for-sale-trincomalee,https://ikman.lk/en/ad/samsung-tablet-for-sale-trincomalee,,False,1 month
6a647e5928a133d61c481e71,Honor X9a Tablet,Honor,Unknown,Unknown,WiFi / Standard,Unknown,Unknown,"Rs 68,000",68000,Used,Kalutara,honor-x9a-used-for-sale-kalutara,https://ikman.lk/en/ad/honor-x9a-used-for-sale-kalutara,,False,1 month
6a63a5d25121094041a84cc4,Greentel Tab X,Other,Unknown,Unknown,WiFi / Standard,Unknown,Unknown,"Rs 35,000",35000,Used,Colombo,tab-x-for-sale-colombo,https://ikman.lk/en/ad/tab-x-for-sale-colombo,,False,1 month
6a636ce93730f2ae02d2519c,AirTab U24,Other,Unknown,Unknown,WiFi / Standard,Unknown,Unknown,"Rs 55,000",55000,Used,Anuradhapura,so-seewt-for-sale-anuradhapura,https://ikman.lk/en/ad/so-seewt-for-sale-anuradhapura,,False,1 month
6a634d58d565fcc8baafe0e9,Apple iPad Air 5 | M1chip,Apple,Unknown,Unknown,WiFi / Standard,Unknown,M1,"Rs 85,000",85000,Used,Kurunegala,apple-ipad-air-5-m1chip-for-sale-kurunegala,https://ikman.lk/en/ad/apple-ipad-air-5-m1chip-for-sale-kurunegala,iStation.lk,False,1 month
6a634bab623344d0194b237b,Apple iPad Air (5th Generation),Apple,Unknown,Unknown,WiFi / Standard,Unknown,5TH GEN,"Rs 80,000",80000,Used,Colombo,apple-ipad-air-5th-generation-for-sale-colombo,https://ikman.lk/en/ad/apple-ipad-air-5th-generation-for-sale-colombo,,False,1 month
6a62f31b47b2bdb30db537c0,Apple iPad (Used),Apple,Unknown,Unknown,WiFi / Standard,Unknown,Unknown,"Rs 57,000",57000,Used,Colombo,apple-i-pad-used-for-sale-colombo-11,https://ikman.lk/en/ad/apple-i-pad-used-for-sale-colombo-11,,False,1 month
6a632914618ab344eecd3c56,Samsung Galaxy Tab A8 64GB,Samsung,64GB,Unknown,4G LTE / SIM,Unknown,Unknown,"Rs 25,000",25000,Used,Nuwara Eliya,urgent-sale-samsung-galaxy-tab-a8-64gb-for-sale-nuwara-eliya-1,https://ikman.lk/en/ad/urgent-sale-samsung-galaxy-tab-a8-64gb-for-sale-nuwara-eliya-1,,False,1 month
6a632350b0db49bb80ebd407,Huion Inspiroy H640P Graphic Drawing Tablet,Other,Unknown,Unknown,WiFi / Standard,Unknown,Unknown,"Rs 13,000",13000,Used,Colombo,huion-inspiroy-h640p-graphic-drawing-tablet-for-sale-colombo,https://ikman.lk/en/ad/huion-inspiroy-h640p-graphic-drawing-tablet-for-sale-colombo,,False,1 month
6a631edacda028a34ecd3c1e,iPad 3 16gb,Apple,16GB,Unknown,WiFi / Standard,Unknown,Unknown,"Rs 12,000",12000,Used,Gampaha,ipad-3-16gb-for-sale-gampaha,https://ikman.lk/en/ad/ipad-3-16gb-for-sale-gampaha,,False,1 month
6a62fc17073e83843fcd3aa7,Apple iPad 4th Gen (Used),Apple,Unknown,Unknown,WiFi / Standard,Unknown,Unknown,"Rs 30,000",30000,Used,Batticaloa,apple-used-for-sale-batticaloa-63,https://ikman.lk/en/ad/apple-used-for-sale-batticaloa-63,,False,1 month
6a6270567b66bd1dc6af805a,Apple iPad Mini 5th (Used),Apple,Unknown,Unknown,WiFi / Standard,Unknown,Unknown,"Rs 55,000",55000,Used,Trincomalee,apple-ipad-mini-5th-used-for-sale-trincomalee,https://ikman.lk/en/ad/apple-ipad-mini-5th-used-for-sale-trincomalee,,False,1 month
6a625e34b51ba99450ca8864,Apple iPad 6th Gen 32GB WiFi Gold - iPadOS 17,Apple,32GB,Unknown,WiFi Only,Unknown,6TH GEN,"Rs 60,000",60000,Used,Gampaha,apple-ipad-6th-gen-32gb-wifi-gold-ipados-17-for-sale-gampaha,https://ikman.lk/en/ad/apple-ipad-6th-gen-32gb-wifi-gold-ipados-17-for-sale-gampaha,,False,1 month
6a6255def2db6b13233bec95,Greentel A9 Pro Tablet,Other,Unknown,Unknown,WiFi / Standard,Unknown,Unknown,"Rs 30,000",30000,Used,Kalutara,used-for-sale-kalutara-551,https://ikman.lk/en/ad/used-for-sale-kalutara-551,,False,1 month
6a624091b2c53acf2479bb6f,Blackview Mega 2 (Used),Blackview,Unknown,Unknown,WiFi / Standard,Unknown,Unknown,"Rs 65,000",65000,Used,Jaffna,black-view-mega-2-used-for-sale-jaffna,https://ikman.lk/en/ad/black-view-mega-2-used-for-sale-jaffna,,False,1 month
6a620cc8ca53cd880379ba37,Samsung Galaxy Tab S9 12GB RAM 256GB,Samsung,256GB,12GB,WiFi / Standard,Unknown,Unknown,"Rs 140,000",140000,Used,Jaffna,samsung-galaxy-tab-s9-12gb-ram-256gb-storage-excellent-condition-for-sale-jaffna,https://ikman.lk/en/ad/samsung-galaxy-tab-s9-12gb-ram-256gb-storage-excellent-condition-for-sale-jaffna,,False,1 month
6a61a7eebd4ed1b8f1851257,Huawei MediaPad T2 7.0 Tablet,Huawei,Unknown,Unknown,WiFi / Standard,Unknown,Unknown,"Rs 5,000",5000,Used,Colombo,tablet-for-sale-colombo-1016,https://ikman.lk/en/ad/tablet-for-sale-colombo-1016,,False,1 month
6a61a394c1362bc51546676c,Samsung Galaxy S6 Lite,Samsung,Unknown,Unknown,WiFi / Standard,Unknown,Unknown,"Rs 60,000",60000,Used,Kurunegala,tab-s6-lite-for-sale-kurunegala,https://ikman.lk/en/ad/tab-s6-lite-for-sale-kurunegala,,False,1 month
6a619283976553115dc9ba14,Samsung Galaxy Tab 8,Samsung,Unknown,Unknown,WiFi / Standard,Unknown,Unknown,"Rs 10,500",10500,Used,Colombo,samsung-4gb-table-for-sale-colombo,https://ikman.lk/en/ad/samsung-4gb-table-for-sale-colombo,,False,1 month
6a61853007e9d58eedf6fed4,Samsung Galaxy Tab A9,Samsung,Unknown,Unknown,WiFi / Standard,Unknown,Unknown,"Rs 39,000",39000,Used,Colombo,samsung-galaxy-tab-a9-for-sale-colombo-117,https://ikman.lk/en/ad/samsung-galaxy-tab-a9-for-sale-colombo-117,,False,1 month
6a60e04e9d1d999442bdd0f6,Honor Pad X9,Honor,Unknown,Unknown,WiFi / Standard,Unknown,Unknown,"Rs 63,000",63000,Used,Kandy,pad-x9-for-sale-kandy,https://ikman.lk/en/ad/pad-x9-for-sale-kandy,,False,1 month
6a60d1e28d3074b4c14cba93,Samsung Galaxy A9 Tab (Used),Samsung,Unknown,Unknown,WiFi / Standard,Unknown,Unknown,"Rs 42,999",42999,Used,Colombo,samsung-galaxy-a9-tab-used-for-sale-colombo-5,https://ikman.lk/en/ad/samsung-galaxy-a9-tab-used-for-sale-colombo-5,,False,1 month
6a60b8157b001246480c6f67,Samsung Galaxy Tab S9FE+8GB 128GB,Samsung,128GB,8GB,WiFi / Standard,Unknown,Unknown,"Rs 115,900",115900,Used,Gampaha,samsung-galaxy-tab-s9fe8gb-128gb-for-sale-gampaha,https://ikman.lk/en/ad/samsung-galaxy-tab-s9fe8gb-128gb-for-sale-gampaha,SKN Mobile ,True,1 month
6a601ae44ca0ec795c1dab17,Samsung Galaxy A9 Tab 4GB (Used),Samsung,Unknown,4GB,4G LTE / SIM,Unknown,Unknown,"Rs 28,000",28000,Used,Colombo,samsung-galaxy-a9-tab-4gb-used-for-sale-colombo,https://ikman.lk/en/ad/samsung-galaxy-a9-tab-4gb-used-for-sale-colombo,,False,1 month
6a60813ff2fbe1ca13b036c3,Samsung galaxy tab A9,Samsung,Unknown,Unknown,WiFi / Standard,Unknown,Unknown,"Rs 37,000",37000,Used,Gampaha,samsung-galaxy-tab-a9-for-sale-gampaha,https://ikman.lk/en/ad/samsung-galaxy-tab-a9-for-sale-gampaha,,False,1 month
6a607efb03f3b1084a412f4c,Apple iPad 2012 2.4 Wi-Fi 16GB Power Adapter+Cable,Apple,16GB,Unknown,WiFi / Standard,Unknown,Unknown,"Rs 9,000",9000,Used,Colombo,apple-ipad-2012-24-wi-fi-16gb-original-power-adaptercable-for-sale-colombo,https://ikman.lk/en/ad/apple-ipad-2012-24-wi-fi-16gb-original-power-adaptercable-for-sale-colombo,,False,1 month
6a6077bc3987e40d6f1daeb4,Apple iPad A16 (11th Generation) – 128GB Wi-Fi Silver,Apple,128GB,Unknown,WiFi / Standard,Unknown,11TH GEN,"Rs 120,000",120000,Used,Kegalle,apple-ipad-a16-11th-generation-128gb-wi-fi-silver-for-sale-kegalle,https://ikman.lk/en/ad/apple-ipad-a16-11th-generation-128gb-wi-fi-silver-for-sale-kegalle,,False,1 month
6a606dd713d2cf15be5f1bc8,Samsung Galaxy A7 Lite,Samsung,Unknown,Unknown,WiFi / Standard,Unknown,Unknown,"Rs 30,000",30000,Used,Puttalam,samsung-galaxy-a7-lite-for-sale-puttalam,https://ikman.lk/en/ad/samsung-galaxy-a7-lite-for-sale-puttalam,,False,1 month
6a5fc2439772b11a3e41e914,Apple iPad Pro M1,Apple,Unknown,Unknown,WiFi / Standard,Unknown,M1,"Rs 135,000",135000,Used,Colombo,ipad-pro-m1-for-sale-colombo-2,https://ikman.lk/en/ad/ipad-pro-m1-for-sale-colombo-2,,False,1 month
6a5fae04a35a7094fa993c06,Samsung Galaxy Note 8 Tablet,Samsung,Unknown,Unknown,WiFi / Standard,Unknown,Unknown,"Rs 14,500",14500,Used,Kalutara,samsung-galaxy-note-8tablet-used-for-sale-kalutara,https://ikman.lk/en/ad/samsung-galaxy-note-8tablet-used-for-sale-kalutara,,False,1 month
6a5fa67d62481c04750de40f,Huawei Mate Pad Se,Huawei,Unknown,Unknown,WiFi / Standard,Unknown,Unknown,"Rs 63,000",63000,Used,Gampaha,huawei-mate-pad-se-brand-new-for-sale-gampaha,https://ikman.lk/en/ad/huawei-mate-pad-se-brand-new-for-sale-gampaha,,False,1 month
6a5f989725bdebbd224aaae6,Apple iPad Air 5 with Magic keyboard,Apple,Unknown,Unknown,WiFi / Standard,Unknown,Unknown,"Rs 128,000",128000,Used,Colombo,ipad-air-5-with-magic-keyboard-for-sale-colombo,https://ikman.lk/en/ad/ipad-air-5-with-magic-keyboard-for-sale-colombo,,False,1 month
6a5f5bdc19577250f7bf9578,Samsung Galaxy Tab A9,Samsung,Unknown,Unknown,WiFi / Standard,Unknown,Unknown,"Rs 37,500",37500,Used,Kurunegala,samsung-galaxy-tab-a9-for-sale-kurunegala-1,https://ikman.lk/en/ad/samsung-galaxy-tab-a9-for-sale-kurunegala-1,,False,1 month
6a5f53489a5af07d33d32529,Microsoft Surface Pro 9 with Keyboard,Microsoft,Unknown,Unknown,WiFi / Standard,Unknown,Unknown,"Rs 170,000",170000,Used,Colombo,microsoft-surface-pro-9-with-keyboard-for-sale-colombo,https://ikman.lk/en/ad/microsoft-surface-pro-9-with-keyboard-for-sale-colombo,,False,1 month
6a5f37b4abf619c745554952,Honor X7b Pad (Used),Honor,Unknown,Unknown,WiFi / Standard,Unknown,Unknown,"Rs 45,000",45000,Used,Polonnaruwa,honor-x7b-pad-x7-used-for-sale-polonnaruwa,https://ikman.lk/en/ad/honor-x7b-pad-x7-used-for-sale-polonnaruwa,,False,1 month
6a5f288105a390a74fbf9311,Apple iPad Air 2,Apple,Unknown,Unknown,WiFi / Standard,Unknown,Unknown,"Rs 18,500",18500,Used,Kalutara,apple-ipad-air-2-for-sale-kalutara-2,https://ikman.lk/en/ad/apple-ipad-air-2-for-sale-kalutara-2,R.S Rupasinghe Ukaskaruwo (Pvt) Ltd,True,1 month
6a5f09801bc50ce7f5cf3c25,BlackView Tab 60 Pro [128GB + 4GB Ram],Blackview,4GB,4GB,4G LTE / SIM,Unknown,Unknown,"Rs 34,999",34999,Used,Colombo,blackview-tab-60-pro-128gb-4gb-ram-for-sale-colombo,https://ikman.lk/en/ad/blackview-tab-60-pro-128gb-4gb-ram-for-sale-colombo,Usedphones International Pvt Ltd,False,1 month
6a5f05a119577250f7bf9184,Apple iPad Air 4 [CELLULAR + WIFI] - 64GB,Apple,64GB,Unknown,4G LTE / SIM,Unknown,Unknown,"Rs 99,999",99999,Used,Colombo,apple-ipad-air-4-cellular-wifi-64gb-for-sale-colombo,https://ikman.lk/en/ad/apple-ipad-air-4-cellular-wifi-64gb-for-sale-colombo,Usedphones International Pvt Ltd,False,1 month
6a5b31ef12b961dcefff0760,Blackview Tab,Blackview,Unknown,Unknown,WiFi / Standard,Unknown,Unknown,"Rs 21,000",21000,Used,Colombo,for-sale-for-sale-colombo-20889,https://ikman.lk/en/ad/for-sale-for-sale-colombo-20889,,False,1 month
6a5eab899bbf59517dfbd48a,Apple iPad Pro 11 inch (Used),Apple,Unknown,Unknown,WiFi / Standard,11 Inch,Unknown,"Rs 270,000",270000,Used,Gampaha,apple-i-pad-pro-11-inch-used-for-sale-gampaha,https://ikman.lk/en/ad/apple-i-pad-pro-11-inch-used-for-sale-gampaha,,False,1 month
6a5e6465a460cfdff87c254e,Samsung Galaxy A9+ Tablet,Samsung,Unknown,Unknown,WiFi / Standard,Unknown,Unknown,"Rs 60,000",60000,Used,Colombo,original-samsung-a9-tablet-for-sale-colombo,https://ikman.lk/en/ad/original-samsung-a9-tablet-for-sale-colombo,,False,1 month
6a5e60fd6585aa5ec81b4e83,Blackview Tab 60 Pro,Blackview,Unknown,Unknown,WiFi / Standard,Unknown,Unknown,"Rs 40,000",40000,Used,Nuwara Eliya,tab-60-pro-for-sale-nuwara-eliya,https://ikman.lk/en/ad/tab-60-pro-for-sale-nuwara-eliya,,False,1 month
6a5e5b3beee1785aa7b613d1,Blackview Tab 90,Blackview,Unknown,Unknown,WiFi / Standard,Unknown,Unknown,"Rs 68,500",68500,Used,Kandy,blackview-tab-90-for-sale-kandy-6,https://ikman.lk/en/ad/blackview-tab-90-for-sale-kandy-6,,False,1 month
6a5e535cfc8c0133e6842423,Samsung Galaxy Tab A9+ 5G,Samsung,Unknown,Unknown,5G + WiFi,Unknown,Unknown,"Rs 68,000",68000,Used,Kurunegala,samsung-galaxy-tab-a9-5g-for-sale-kurunegala-1,https://ikman.lk/en/ad/samsung-galaxy-tab-a9-5g-for-sale-kurunegala-1,,False,1 month
6a5e43f40de0678999354aa4,Samsung Galaxy Tab S3,Samsung,Unknown,Unknown,WiFi / Standard,Unknown,Unknown,"Rs 35,000",35000,Used,Colombo,samsung-galaxy-tab-s3-for-sale-colombo-2,https://ikman.lk/en/ad/samsung-galaxy-tab-s3-for-sale-colombo-2,,False,1 month
6a5dbbdbfa5c26413bd58faa,Blackview Tab 60 Pro,Blackview,Unknown,Unknown,WiFi / Standard,Unknown,Unknown,"Rs 35,000",35000,Used,Colombo,black-view-used-for-sale-colombo-7,https://ikman.lk/en/ad/black-view-used-for-sale-colombo-7,,False,1 month
6a5e275e71fbc2066de69f22,Apple Ipad 5th Generation,Apple,Unknown,Unknown,WiFi / Standard,Unknown,5TH GEN,"Rs 35,000",35000,Used,Kalutara,wifi-and-cellular-for-sale-kalutara,https://ikman.lk/en/ad/wifi-and-cellular-for-sale-kalutara,,False,1 month
6a5ded43ab5d00a8d68c77ee,Apple iPad Pro 4th Gen,Apple,Unknown,Unknown,WiFi / Standard,Unknown,Unknown,"Rs 185,000",185000,Used,Kandy,i-pad-pro-11-inch-4th-generation-m2-space-gray-256-gb-for-sale-kandy,https://ikman.lk/en/ad/i-pad-pro-11-inch-4th-generation-m2-space-gray-256-gb-for-sale-kandy,,False,1 month
6a5dcd18be212ed1b11c1878,Lenovo Tab 6 5G,Lenovo,Unknown,Unknown,5G + WiFi,Unknown,Unknown,"Rs 39,000",39000,Used,Kurunegala,lenovo-tab-6-5g-for-sale-kurunegala,https://ikman.lk/en/ad/lenovo-tab-6-5g-for-sale-kurunegala,KINGS MOBILE SMART PHONE SHOP,False,1 month
6a58d55dc382550d241f882d,ipad mini 2,Apple,Unknown,Unknown,WiFi / Standard,Unknown,Unknown,"Rs 10,000",10000,Used,Kurunegala,ipad-mini-2-for-sale-kurunegala-5,https://ikman.lk/en/ad/ipad-mini-2-for-sale-kurunegala-5,,False,1 month
6a5da8d8a4265cff34d58e72,Microsoft Surface Book 2 CORE I5 7TH GEN 8GB RAM 256GB SSD,Microsoft,256GB,8GB,WiFi / Standard,Unknown,7TH GEN,"Rs 95,000",95000,Used,Colombo,microsoft-surface-book-2-core-i5-7th-gen-8gb-ram-256gb-ssd-for-sale-colombo-1,https://ikman.lk/en/ad/microsoft-surface-book-2-core-i5-7th-gen-8gb-ram-256gb-ssd-for-sale-colombo-1,Computer Store.lk Pvt Ltd,True,1 month
6a5da454e7b05785cf5d2875,Apple ipad,Apple,Unknown,Unknown,WiFi / Standard,Unknown,Unknown,"Rs 19,000",19000,Used,Kalutara,apple-ipad-for-sale-kalutara-1,https://ikman.lk/en/ad/apple-ipad-for-sale-kalutara-1,R.S Rupasinghe Ukaskaruwo (Pvt) Ltd,True,1 month
6a5d22bd52efef2adc5ea22f,Samsung Galaxy A7 Tab,Samsung,Unknown,Unknown,WiFi / Standard,Unknown,Unknown,"Rs 25,000",25000,Used,Colombo,samsung-galaxy-a7-used-for-sale-colombo-838,https://ikman.lk/en/ad/samsung-galaxy-a7-used-for-sale-colombo-838,,False,1 month
6a59a38585657c89c88ea60d,Relndoo TB02 128GB Tablet,Other,128GB,Unknown,WiFi / Standard,Unknown,Unknown,"Rs 25,000",25000,Used,Ampara,japanese-128gb-tab-for-sale-ampara,https://ikman.lk/en/ad/japanese-128gb-tab-for-sale-ampara,,False,1 month
6a5cd523e7c5a8af6b510b49,Black View 90,Other,Unknown,Unknown,WiFi / Standard,Unknown,Unknown,"Rs 56,000",56000,Used,Colombo,black-view-90-for-sale-colombo,https://ikman.lk/en/ad/black-view-90-for-sale-colombo,,False,1 month
6a5ca551fcef5e9da8a1e369,Samsung Galaxy Tab S5e,Samsung,Unknown,Unknown,WiFi / Standard,Unknown,Unknown,"Rs 53,500",53500,Used,Anuradhapura,samsung-galaxy-tab-s5e-for-sale-anuradhapura,https://ikman.lk/en/ad/samsung-galaxy-tab-s5e-for-sale-anuradhapura,,False,1 month
6a5c7957000ad0eff6683386,Blackview Tab 20,Blackview,Unknown,Unknown,WiFi / Standard,Unknown,Unknown,"Rs 25,000",25000,Used,Colombo,blackview-tab-20-for-sale-colombo-2,https://ikman.lk/en/ad/blackview-tab-20-for-sale-colombo-2,,False,1 month
6a5c7758a8bf0806ccf94ffe,Apple IPad Pro 512GB,Apple,512GB,Unknown,WiFi / Standard,Unknown,Unknown,"Rs 280,000",280000,Used,Gampaha,apple-ipad-pro-512gb-for-sale-gampaha,https://ikman.lk/en/ad/apple-ipad-pro-512gb-for-sale-gampaha,,False,1 month
6a5c63d006a3bc2a4f975c39,Apple i pad tab,Apple,Unknown,Unknown,WiFi / Standard,Unknown,Unknown,"Rs 18,500",18500,Used,Kalutara,apple-i-pad-tab-for-sale-kalutara,https://ikman.lk/en/ad/apple-i-pad-tab-for-sale-kalutara,R.S Rupasinghe Ukaskaruwo (Pvt) Ltd,True,1 month
6a5c4645bf3db5828e683176,Apple iPad 9th gen,Apple,Unknown,Unknown,WiFi / Standard,Unknown,9TH GEN,"Rs 65,000",65000,Used,Mullativu,64gb-ipad9-gen-for-sale-mullativu,https://ikman.lk/en/ad/64gb-ipad9-gen-for-sale-mullativu,,False,1 month
6a5c4552c5d499fe75744551,Lenovo Tab P11 Gen 2 (Used),Lenovo,Unknown,Unknown,WiFi / Standard,Unknown,GEN 2,"Rs 65,000",65000,Used,Galle,lenovo-p11tab-used-for-sale-galle,https://ikman.lk/en/ad/lenovo-p11tab-used-for-sale-galle,,False,1 month
6a5bbb5cbea288c5bf47c665,Samsung Galaxy Tab S2,Samsung,Unknown,Unknown,WiFi / Standard,Unknown,Unknown,"Rs 30,000",30000,Used,Ratnapura,samsung-galaxy-s22-brand-new-for-sale-ratnapura,https://ikman.lk/en/ad/samsung-galaxy-s22-brand-new-for-sale-ratnapura,,False,1 month
6a5bb448adc93cf8e9a59134,Apple iPad Air M3 13inch 256GB,Apple,256GB,Unknown,WiFi / Standard,13 Inch,Unknown,"Rs 315,000",315000,Used,Matara,ipad-air-m3-apple-pencil-pro-for-sale-matara,https://ikman.lk/en/ad/ipad-air-m3-apple-pencil-pro-for-sale-matara,,False,1 month
6a5b9d5a9e1ef18fc723d4b9,Samsung T583 Tablet,Samsung,Unknown,Unknown,WiFi / Standard,Unknown,Unknown,"Rs 22,000",22000,Used,Galle,samsung-t583-for-sale-galle,https://ikman.lk/en/ad/samsung-t583-for-sale-galle,,False,1 month
6a5b85bdbc9d338c7f993965,Tab (HP) Touch POS Tablet - i5 7th GEN|8GB RAM|256GB SSD|Barcode Scanner,Other,256GB,8GB,WiFi / Standard,Unknown,7TH GEN,"Rs 69,500",69500,Used,Gampaha,tab-hp-touch-pos-tablet-i5-7th-gen8gb-ram256gb-ssdbarcode-scanner-for-sale-gampaha-1,https://ikman.lk/en/ad/tab-hp-touch-pos-tablet-i5-7th-gen8gb-ram256gb-ssdbarcode-scanner-for-sale-gampaha-1,ShaTech Zone,True,1 month
6a5b7da0680df293858042be,Samsung Tab A7 (Used),Samsung,Unknown,Unknown,WiFi / Standard,Unknown,Unknown,"Rs 40,000",40000,Used,Hambantota,samsung-tab-a7-used-for-sale-hambantota,https://ikman.lk/en/ad/samsung-tab-a7-used-for-sale-hambantota,,False,1 month
6a5a4d803c6444224a94366f,Apple I Pad 5th Gen(used),Apple,Unknown,Unknown,WiFi / Standard,Unknown,5TH GEN,"Rs 50,000",50000,Used,Jaffna,apple-i-pad-used-for-sale-jaffna-1,https://ikman.lk/en/ad/apple-i-pad-used-for-sale-jaffna-1,,False,1 month
6a5b549dad1dcd75c5fb5ca3,I Pad Tab,Other,Unknown,Unknown,WiFi / Standard,Unknown,Unknown,"Rs 19,000",19000,Used,Kalutara,i-pad-tab-for-sale-kalutara,https://ikman.lk/en/ad/i-pad-tab-for-sale-kalutara,R.S Rupasinghe Ukaskaruwo (Pvt) Ltd,True,1 month
6a5b207f9ddd29b9fd4eea93,Samsung Galaxy Tab S2,Samsung,Unknown,Unknown,WiFi / Standard,Unknown,Unknown,"Rs 40,000",40000,Used,Galle,white-colour-for-sale-galle,https://ikman.lk/en/ad/white-colour-for-sale-galle,,False,1 month
6a5b1dc1cf973df806c81834,Apple iPad 6th Gen,Apple,Unknown,Unknown,WiFi / Standard,Unknown,6TH GEN,"Rs 35,000",35000,Used,Galle,ipados-version-17711-for-sale-galle,https://ikman.lk/en/ad/ipados-version-17711-for-sale-galle,,False,1 month
6a5b0be9b2b3b16fe090fb21,Apple iPad M4 with Magic Keyboard,Apple,Unknown,Unknown,WiFi / Standard,Unknown,M4,"Rs 355,000",355000,Used,Colombo,ipad-m4-with-magic-keyboard-for-sale-colombo,https://ikman.lk/en/ad/ipad-m4-with-magic-keyboard-for-sale-colombo,,False,1 month
6a5b0996ae983e24e537fe64,Apple ipad mini 2,Apple,Unknown,Unknown,WiFi / Standard,Unknown,Unknown,"Rs 18,000",18000,Used,Batticaloa,apple-ipad-mini-2-for-sale-batticaloa-1,https://ikman.lk/en/ad/apple-ipad-mini-2-for-sale-batticaloa-1,,False,1 month
6a5a41857bbef37322fcbcc7,Samsung Galaxy Tab A9 4GB 64GB,Samsung,64GB,4GB,4G LTE / SIM,Unknown,Unknown,"Rs 35,000",35000,Used,Polonnaruwa,samsung-galaxy-a9-4gb-64gb-used-for-sale-polonnaruwa,https://ikman.lk/en/ad/samsung-galaxy-a9-4gb-64gb-used-for-sale-polonnaruwa,,False,2 months
6a5a213242745d034c966049,Greentel Tab A8,Other,Unknown,Unknown,WiFi / Standard,Unknown,Unknown,"Rs 11,500",11500,Used,Nuwara Eliya,greentel-tab-a8-for-sale-nuwara-eliya-1,https://ikman.lk/en/ad/greentel-tab-a8-for-sale-nuwara-eliya-1,,False,2 months
6a5a18d7fb11f451f3622e1e,Apple iPad A16 Wi-Fi 128GB,Apple,128GB,Unknown,WiFi / Standard,Unknown,Unknown,"Rs 115,900",115900,Used,Gampaha,apple-ipad-a16-wi-fi-128gb-for-sale-gampaha-6,https://ikman.lk/en/ad/apple-ipad-a16-wi-fi-128gb-for-sale-gampaha-6,SKN Mobile ,True,2 months
6a57c4176e9993a9218c05fb,Apple iPad 2 (Used),Apple,Unknown,Unknown,WiFi / Standard,Unknown,Unknown,"Rs 15,000",15000,Used,Ampara,apple-ipad-2-used-for-sale-ampara-1,https://ikman.lk/en/ad/apple-ipad-2-used-for-sale-ampara-1,,False,2 months
6a58eb612b0f583edb0e6f4c,Apple iPad 11th Gen 128GB,Apple,128GB,Unknown,WiFi / Standard,Unknown,11TH GEN,"Rs 175,000",175000,Used,Kurunegala,ipad-11th-gen-128gb-wifi-cellullar-for-sale-kurunegala,https://ikman.lk/en/ad/ipad-11th-gen-128gb-wifi-cellullar-for-sale-kurunegala,,False,2 months
6a58d9498dd53049241f882a,Apple iPad 10th Gen Tablet,Apple,Unknown,Unknown,WiFi / Standard,Unknown,10TH GEN,"Rs 85,000",85000,Used,Gampaha,ipad-10-for-sale-gampaha,https://ikman.lk/en/ad/ipad-10-for-sale-gampaha,,False,2 months
6a5853499246398d1e153f75,Greentel A9 (Used),Other,Unknown,Unknown,WiFi / Standard,Unknown,Unknown,"Rs 21,000",21000,Used,Gampaha,greentel-a9-used-for-sale-gampaha,https://ikman.lk/en/ad/greentel-a9-used-for-sale-gampaha,,False,2 months
6a586e802b7a7c78d06e7d8d,Blackview Tab 60 Pro 4GB 128GB,Blackview,128GB,4GB,4G LTE / SIM,Unknown,Unknown,"Rs 38,000",38000,Used,Gampaha,blackview-tab-60-pro-4gb-128gb-for-sale-gampaha-13,https://ikman.lk/en/ad/blackview-tab-60-pro-4gb-128gb-for-sale-gampaha-13,,False,2 months
6a58552caa856748fbe7895c,Greentel A9 Tab (Used),Other,Unknown,Unknown,WiFi / Standard,Unknown,Unknown,"Rs 21,000",21000,Used,Gampaha,greentel-a9-tab-used-for-sale-gampaha,https://ikman.lk/en/ad/greentel-a9-tab-used-for-sale-gampaha,,False,2 months
6a5816e01eaa7daadf13cc1a,Apple iPad 11th Gen (A16),Apple,Unknown,Unknown,WiFi / Standard,Unknown,11TH GEN,"Rs 100,000",100000,Used,Trincomalee,apple-used-for-sale-trincomalee-34,https://ikman.lk/en/ad/apple-used-for-sale-trincomalee-34,,False,2 months
6a57ac9f78e112fe75c6a9a4,Apple iPad 3 (Used),Apple,Unknown,Unknown,WiFi / Standard,Unknown,Unknown,"Rs 10,000",10000,Used,Badulla,apple-ipad-3-used-for-sale-badulla-1,https://ikman.lk/en/ad/apple-ipad-3-used-for-sale-badulla-1,,False,2 months
6a57a71db8bf9d62db4514e8,Apple iPad A16 128GB Wi-Fi,Apple,128GB,Unknown,WiFi / Standard,Unknown,Unknown,"Rs 115,900",115900,Used,Gampaha,apple-ipad-a16-128gb-wi-fi-for-sale-gampaha-15,https://ikman.lk/en/ad/apple-ipad-a16-128gb-wi-fi-for-sale-gampaha-15,SKN Mobile ,True,2 months
6a57a5cdc8d4830b886c4804,MICROSOFT Surface Go 2 Windows Tablet-Japan,Microsoft,Unknown,Unknown,WiFi / Standard,Unknown,Unknown,"Rs 45,000",45000,Used,Colombo,microsoft-surface-go-2-windows-tablet-japan-for-sale-colombo,https://ikman.lk/en/ad/microsoft-surface-go-2-windows-tablet-japan-for-sale-colombo,Garland,False,2 months
6a578b39b8037ac4da3cd42c,Lenovo TB-8505F Tablet,Lenovo,Unknown,Unknown,WiFi / Standard,Unknown,Unknown,"Rs 15,000",15000,Used,Nuwara Eliya,lenovo-tab-for-sale-nuwara-eliya,https://ikman.lk/en/ad/lenovo-tab-for-sale-nuwara-eliya,,False,2 months
6a5789a70d194d26e0088772,Apple iPad A16 128GB Wi-Fi,Apple,128GB,Unknown,WiFi / Standard,Unknown,Unknown,"Rs 115,900",115900,Used,Gampaha,apple-ipad-a16-128gb-wi-fi-for-sale-gampaha-14,https://ikman.lk/en/ad/apple-ipad-a16-128gb-wi-fi-for-sale-gampaha-14,SKN Mobile ,True,2 months
6a5751a6296a564f2abd9d35,iPad A16 WiFi 128GB,Apple,128GB,Unknown,WiFi Only,Unknown,Unknown,"Rs 119,900",119900,Used,Colombo,ipad-a16-wifi-128gb-for-sale-colombo-4,https://ikman.lk/en/ad/ipad-a16-wifi-128gb-for-sale-colombo-4,Tech Sparrow	,True,2 months
6a57468ea6a35796664f9dbc,Blackview Tab 90 (Used),Blackview,Unknown,Unknown,WiFi / Standard,Unknown,Unknown,"Rs 45,000",45000,Used,Kegalle,black-view-tab-90-used-for-sale-kegalle,https://ikman.lk/en/ad/black-view-tab-90-used-for-sale-kegalle,,False,2 months
6a5748f83aa39aab2a5062cf,ONN 10.1 Pro Tablet,Other,Unknown,Unknown,WiFi / Standard,Unknown,Unknown,"Rs 15,000",15000,Used,Ratnapura,onn-tablet-for-sale-ratnapura,https://ikman.lk/en/ad/onn-tablet-for-sale-ratnapura,,False,2 months
6a574004dc455a60ca73f8f0,Honor Pad X8a 4/128GB Tablet,Honor,128GB,4GB,WiFi / Standard,Unknown,Unknown,"Rs 49,990",49990,Used,Gampaha,honor-pad-x8a-4-128gb-tablet-for-sale-gampaha-1,https://ikman.lk/en/ad/honor-pad-x8a-4-128gb-tablet-for-sale-gampaha-1,Hello Mobile & Laptop,True,2 months
6a5716af3d69c35da04f96f5,Apple iPad Mini 4 32GB Wi-Fi + Cellular (Gold),Apple,32GB,Unknown,4G LTE / SIM,Unknown,Unknown,"Rs 25,000",25000,Used,Colombo,apple-ipad-mini-4-32gb-wi-fi-cellular-gold-for-sale-colombo,https://ikman.lk/en/ad/apple-ipad-mini-4-32gb-wi-fi-cellular-gold-for-sale-colombo,,False,2 months
6a570c30e13dc65f81e9d466,Honor X8a 11 Inch,Honor,Unknown,Unknown,WiFi / Standard,11 Inch,Unknown,"Rs 43,000",43000,Used,Colombo,11-inch-android-tab-for-sale-colombo,https://ikman.lk/en/ad/11-inch-android-tab-for-sale-colombo,,False,2 months
6a57065a45b2d268c0611942,Blackview Tab 90,Blackview,Unknown,Unknown,WiFi / Standard,Unknown,Unknown,"Rs 45,000",45000,Used,Ratnapura,blackview-tab-90-for-sale-ratnapura-1,https://ikman.lk/en/ad/blackview-tab-90-for-sale-ratnapura-1,,False,2 months
6a5670d302d9a244b5ae0db9,Samsung Galaxy Tab 8,Samsung,Unknown,Unknown,WiFi / Standard,Unknown,Unknown,"Rs 50,000",50000,Used,Colombo,samsung-galaxy-tab-8-for-sale-colombo,https://ikman.lk/en/ad/samsung-galaxy-tab-8-for-sale-colombo,,False,2 months
6a5677a1cff2aeb31c0bca7d,Tablet - Touch POS HP Tab|i5 7th Gen|8GB RAM|256GB SSD|Barcode Scanner,Other,256GB,8GB,WiFi / Standard,Unknown,7TH GEN,"Rs 69,500",69500,Used,Colombo,tablet-touch-pos-hp-tabi5-7th-gen8gb-ram256gb-ssdbarcode-scanner-for-sale-colombo,https://ikman.lk/en/ad/tablet-touch-pos-hp-tabi5-7th-gen8gb-ram256gb-ssdbarcode-scanner-for-sale-colombo,ShaTech Zone,True,2 months
6a566b276fe634eb541eafe5,Samsung Galaxy Tab A7 Wifi,Samsung,Unknown,Unknown,WiFi Only,Unknown,Unknown,"Rs 20,000",20000,Used,Matara,tab-for-sale-for-sale-matara,https://ikman.lk/en/ad/tab-for-sale-for-sale-matara,,False,2 months
6a565cf3a34079c304de1f81,Greentel A9 Pro Tab,Other,Unknown,Unknown,WiFi / Standard,Unknown,Unknown,"Rs 30,000",30000,Used,Matale,100-percent-condition-for-sale-matale,https://ikman.lk/en/ad/100-percent-condition-for-sale-matale,,False,2 months
6a5639aaaebdcf2b9bb27a80,Galaxy Tab A 7 Lite,Other,Unknown,Unknown,WiFi / Standard,Unknown,Unknown,"Rs 35,000",35000,Used,Colombo,galaxy-tab-a-7-lite-for-sale-colombo,https://ikman.lk/en/ad/galaxy-tab-a-7-lite-for-sale-colombo,,False,2 months
6a55d457621671e057c6c638,tab geentel,Other,Unknown,Unknown,WiFi / Standard,Unknown,Unknown,"Rs 15,000",15000,Used,Gampaha,tab-geentel-for-sale-gampaha,https://ikman.lk/en/ad/tab-geentel-for-sale-gampaha,,False,2 months
6a55a7212108e967817dee3b,Samcung 10 inch tablet,Other,Unknown,Unknown,WiFi / Standard,10 Inch,Unknown,"Rs 5,000",5000,Used,Colombo,samcung-10-inch-tablet-for-sale-colombo,https://ikman.lk/en/ad/samcung-10-inch-tablet-for-sale-colombo,,False,2 months
6a55a43baa0be9a9991277c2,Apple ipad,Apple,Unknown,Unknown,WiFi / Standard,Unknown,Unknown,"Rs 7,000",7000,Used,Colombo,apple-ipad-for-sale-colombo-788,https://ikman.lk/en/ad/apple-ipad-for-sale-colombo-788,,False,2 months
6a553f16ff0a4bbea008390d,Apple iPad 11th Gen (A16) 128GB Wi-Fi,Apple,128GB,Unknown,WiFi / Standard,Unknown,11TH GEN,"Rs 119,000",119000,Used,Trincomalee,apple-ipad-11th-gen-a16-128gb-wi-fi-mint-condition-full-box-for-sale-trincomalee,https://ikman.lk/en/ad/apple-ipad-11th-gen-a16-128gb-wi-fi-mint-condition-full-box-for-sale-trincomalee,,False,2 months
6a5534f94779c658f431b55f,Samsung Galaxy A7 Tab,Samsung,Unknown,Unknown,WiFi / Standard,Unknown,Unknown,"Rs 35,000",35000,Used,Colombo,samsung-galaxy-a7-used-for-sale-colombo-837,https://ikman.lk/en/ad/samsung-galaxy-a7-used-for-sale-colombo-837,,False,2 months
6a551f4d33b0caaa6f329a94,Apple iPad A16 128GB,Apple,128GB,Unknown,WiFi / Standard,Unknown,Unknown,"Rs 135,000",135000,Used,Gampaha,apple-ipad-a16-128gb-pencil-for-sale-gampaha,https://ikman.lk/en/ad/apple-ipad-a16-128gb-pencil-for-sale-gampaha,,False,2 months
6a5503273474e21cefd1f948,Blackview Tab 60 Pro 4G LTE (4GB/128GB),Blackview,128GB,4GB,4G LTE / SIM,Unknown,Unknown,"Rs 40,000",40000,Used,Ratnapura,blackview-tab-60-pro-4g-lte-4gb-128gb-for-sale-ratnapura,https://ikman.lk/en/ad/blackview-tab-60-pro-4g-lte-4gb-128gb-for-sale-ratnapura,,False,2 months
6a54c04074648e34752d9d8f,Ipad 2,Apple,Unknown,Unknown,WiFi / Standard,Unknown,Unknown,"Rs 9,000",9000,Used,Colombo,ipad-2-for-sale-colombo-209,https://ikman.lk/en/ad/ipad-2-for-sale-colombo-209,,False,2 months
6a54943bb210740909fdcadf,Samsung Galaxy A9 PLUS 5G 8GB 128GB,Samsung,128GB,8GB,5G + WiFi,Unknown,Unknown,"Rs 72,000",72000,Used,Colombo,samsung-galaxy-a9-plus-5g-8gb-128gb-for-sale-colombo,https://ikman.lk/en/ad/samsung-galaxy-a9-plus-5g-8gb-128gb-for-sale-colombo,,False,2 months
6a547a5fb0e2ba6a014ff576,Samsung Tab A11 Plus 5g 128GB,Samsung,128GB,Unknown,5G + WiFi,Unknown,Unknown,"Rs 70,000",70000,Used,Gampaha,tab-a11-plus-5g-128gb-for-sale-gampaha,https://ikman.lk/en/ad/tab-a11-plus-5g-128gb-for-sale-gampaha,,False,2 months
6a54715a38d6a65b60d175b6,Lenovo M10 HD 2nd Gen,Lenovo,Unknown,Unknown,WiFi / Standard,Unknown,M1,"Rs 50,000",50000,Used,Colombo,lenovo-m10-hd-2nd-gen-for-sale-colombo,https://ikman.lk/en/ad/lenovo-m10-hd-2nd-gen-for-sale-colombo,,False,2 months
6a547031d944473636d3e7da,Samsung Galaxy Tab A9 4GB 64GB,Samsung,64GB,4GB,4G LTE / SIM,Unknown,Unknown,"Rs 34,990",34990,Used,Gampaha,samsung-galaxy-tab-a9-4gb-64gb-for-sale-gampaha-36,https://ikman.lk/en/ad/samsung-galaxy-tab-a9-4gb-64gb-for-sale-gampaha-36,THE SMART HUB,True,2 months
6a546ee5d8fa2d6a96e22d03,Samsung Galaxy Tab A9 8GB 128GB,Samsung,128GB,8GB,WiFi / Standard,Unknown,Unknown,"Rs 49,990",49990,Used,Gampaha,samsung-galaxy-tab-a9-8gb-128gb-for-sale-gampaha-38,https://ikman.lk/en/ad/samsung-galaxy-tab-a9-8gb-128gb-for-sale-gampaha-38,THE SMART HUB,True,2 months
6a53d6d700725989914419fb,Blackview Tab 30 WiFi,Blackview,Unknown,Unknown,WiFi Only,Unknown,Unknown,"Rs 24,000",24000,Used,Kandy,black-view-tab-30-wifi-for-sale-kandy,https://ikman.lk/en/ad/black-view-tab-30-wifi-for-sale-kandy,,False,2 months
6a539e988764c2c8ee50f6d7,Apple iPad Pro 11” M2 4th Gen,Apple,Unknown,Unknown,WiFi / Standard,Unknown,M2,"Rs 210,000",210000,Used,Gampaha,ipad-pro-11-m2-4th-gen-for-sale-gampaha,https://ikman.lk/en/ad/ipad-pro-11-m2-4th-gen-for-sale-gampaha,,False,2 months
6a5388d001097181dc215aeb,Samsung Galaxy A6 32GB (Used),Samsung,32GB,Unknown,WiFi / Standard,Unknown,Unknown,"Rs 52,000",52000,Used,Gampaha,samsung-galaxy-a6-2016-used-for-sale-gampaha,https://ikman.lk/en/ad/samsung-galaxy-a6-2016-used-for-sale-gampaha,,False,2 months
6a53798fb84bfe5686531340,Greentel A10 Tab,Other,Unknown,Unknown,WiFi / Standard,Unknown,Unknown,"Rs 7,500",7500,Used,Kalutara,greentel-a10-tab-for-sale-kalutara-9,https://ikman.lk/en/ad/greentel-a10-tab-for-sale-kalutara-9,,False,2 months
6a536353b84bfe56865312ab,Samsung Galaxy S6 Edge Lite Tablet,Samsung,Unknown,Unknown,WiFi / Standard,Unknown,Unknown,"Rs 55,000",55000,Used,Anuradhapura,samsung-galaxy-s6-edge-lite-used-for-sale-anuradhapura,https://ikman.lk/en/ad/samsung-galaxy-s6-edge-lite-used-for-sale-anuradhapura,,False,2 months
6a536152670d95fa81fd0e7b,Samsung Galaxy Tab A9+ 5G,Samsung,Unknown,Unknown,5G + WiFi,Unknown,Unknown,"Rs 75,000",75000,Used,Colombo,samsung-galaxy-tab-a9-5g-8gb-ram-128gb-excellent-condition-for-sale-colombo,https://ikman.lk/en/ad/samsung-galaxy-tab-a9-5g-8gb-ram-128gb-excellent-condition-for-sale-colombo,,False,2 months
6a53312aa3b87c4b530fbbe4,Blackview Mega 2 Tab,Blackview,Unknown,Unknown,WiFi / Standard,Unknown,Unknown,"Rs 73,000",73000,Used,Colombo,mudl-hdissiyk-sdhaa-vikunnnu-laebee-for-sale-colombo,https://ikman.lk/en/ad/mudl-hdissiyk-sdhaa-vikunnnu-laebee-for-sale-colombo,,False,2 months
6a531f330b32c93446453465,Greentel A9 Tablet,Other,Unknown,Unknown,WiFi / Standard,Unknown,Unknown,"Rs 12,950",12950,Used,Anuradhapura,greentel-a9-tablet-for-sale-anuradhapura,https://ikman.lk/en/ad/greentel-a9-tablet-for-sale-anuradhapura,,False,2 months
6a522c195fda1268525d4471,Samsung Galaxy Tablet S10 Plus 256GB WiFi Cellular 5G,Samsung,256GB,Unknown,5G + WiFi,Unknown,Unknown,"Rs 190,000",190000,Used,Colombo,samsung-galaxy-tablet-s10-plus-256gb-wifi-cellular-5g-for-sale-colombo,https://ikman.lk/en/ad/samsung-galaxy-tablet-s10-plus-256gb-wifi-cellular-5g-for-sale-colombo,,False,2 months
6a5267fb17f6e5bc316a8675,Samsung Galaxy A7 Lite Tab (Used),Samsung,Unknown,Unknown,WiFi / Standard,Unknown,Unknown,"Rs 33,000",33000,Used,Galle,samsung-galaxy-a7-lite-tab-used-for-sale-galle-2,https://ikman.lk/en/ad/samsung-galaxy-a7-lite-tab-used-for-sale-galle-2,,False,2 months
6a52460d3aef194538c42aa0,Apple iPad Pro M2 13 inch,Apple,Unknown,Unknown,WiFi / Standard,13 Inch,M2,"Rs 250,000",250000,Used,Colombo,i-pad-pro-m2-13-inch-for-sale-colombo-1,https://ikman.lk/en/ad/i-pad-pro-m2-13-inch-for-sale-colombo-1,,False,2 months
6a5242957f5d7c31fd9f8414,Apple iPad 5th Gen 32GB,Apple,32GB,Unknown,WiFi / Standard,Unknown,5TH GEN,"Rs 45,000",45000,Used,Kandy,apple-ipad-5th-generation-32gb-for-sale-kandy,https://ikman.lk/en/ad/apple-ipad-5th-generation-32gb-for-sale-kandy,,False,2 months
6a52268d379ddcab38cbf5cf,"Honor Pad X7 8.7""",Honor,Unknown,Unknown,WiFi / Standard,8.7 Inch,Unknown,"Rs 38,000",38000,Used,Colombo,honor-pad-x7-87-for-sale-colombo,https://ikman.lk/en/ad/honor-pad-x7-87-for-sale-colombo,,False,2 months
6a51b1a7003f7001b752a226,Samsung Galaxy Tab with S Pen,Samsung,Unknown,Unknown,WiFi / Standard,Unknown,Unknown,"Rs 80,000",80000,Used,Gampaha,galaxy-tab-with-s-pen-for-sale-gampaha,https://ikman.lk/en/ad/galaxy-tab-with-s-pen-for-sale-gampaha,,False,2 months
6a5134f925327e82e0c70665,Apple iPad 8th Gen,Apple,Unknown,Unknown,WiFi / Standard,Unknown,8TH GEN,"Rs 45,000",45000,Used,Kurunegala,apple-iphone-8-ipad-8th-rose-gold-used-for-sale-kurunegala,https://ikman.lk/en/ad/apple-iphone-8-ipad-8th-rose-gold-used-for-sale-kurunegala,,False,2 months
6a5100a443864a6fadf4e5f7,Apple Air 4 | 4G + WIFI 64GB,Apple,64GB,Unknown,4G LTE / SIM,Unknown,Unknown,"Rs 99,999",99999,Used,Colombo,apple-air-4-4g-wifi-64gb-for-sale-colombo,https://ikman.lk/en/ad/apple-air-4-4g-wifi-64gb-for-sale-colombo,Usedphones International Pvt Ltd 2,True,2 months
6a50f91564a95b1ff546a78c,Apple ipad Air 2,Apple,Unknown,Unknown,WiFi / Standard,Unknown,Unknown,"Rs 34,000",34000,Used,Gampaha,apple-ipad-air-2-for-sale-gampaha-60,https://ikman.lk/en/ad/apple-ipad-air-2-for-sale-gampaha-60,,False,2 months
6a50b0022d0d1480f6b5a8b6,Tablet,Other,Unknown,Unknown,WiFi / Standard,Unknown,Unknown,"Rs 12,000",12000,Used,Colombo,tablet-for-sale-colombo-1015,https://ikman.lk/en/ad/tablet-for-sale-colombo-1015,,False,2 months
6a508dcd7622aba5dae1d08c,iPad A16 WiFi 128GB,Apple,128GB,Unknown,WiFi Only,Unknown,Unknown,"Rs 119,900",119900,Used,Colombo,ipad-a16-wifi-128gb-for-sale-colombo-3,https://ikman.lk/en/ad/ipad-a16-wifi-128gb-for-sale-colombo-3,Tech Sparrow	,True,2 months
6a508d0b49b9f93d7274d8ba,iPad A16 WiFi 128GB,Apple,128GB,Unknown,WiFi Only,Unknown,Unknown,"Rs 119,900",119900,Used,Colombo,ipad-a16-wifi-128gb-for-sale-colombo-2,https://ikman.lk/en/ad/ipad-a16-wifi-128gb-for-sale-colombo-2,Tech Sparrow	,True,2 months
6a5083572dcd24605db5a677,Apple iPad A16 128GB WiFi,Apple,128GB,Unknown,WiFi Only,Unknown,Unknown,"Rs 110,900",110900,Used,Gampaha,apple-ipad-a16-128gb-wifi-for-sale-gampaha,https://ikman.lk/en/ad/apple-ipad-a16-128gb-wifi-for-sale-gampaha,SKN Mobile ,True,2 months
6a507fdf389bc1f244e52f0c,Apple iPad Air 9th Gen 64GB Wi-Fi,Apple,64GB,Unknown,4G LTE / SIM,Unknown,9TH GEN,"Rs 49,990",49990,Used,Gampaha,apple-ipad-air-9th-gen-64gb-wi-fi-for-sale-gampaha,https://ikman.lk/en/ad/apple-ipad-air-9th-gen-64gb-wi-fi-for-sale-gampaha,SKN Mobile ,True,2 months
6a507ec3fd9844c2fda6beb9,Apple iPad Air 6th Gen 128GB Cellular,Apple,128GB,Unknown,4G LTE / SIM,Unknown,6TH GEN,"Rs 59,900",59900,Used,Gampaha,apple-ipad-air-6th-gen-128gb-cellular-for-sale-gampaha,https://ikman.lk/en/ad/apple-ipad-air-6th-gen-128gb-cellular-for-sale-gampaha,SKN Mobile ,True,2 months
6a4fb2f36a5fe2cfe05897a6,Xiaomi Redmi Pad Se 128GB,Xiaomi,128GB,Unknown,WiFi / Standard,Unknown,Unknown,"Rs 32,000",32000,Used,Batticaloa,redmi-pad-se-for-sale-batticaloa-1,https://ikman.lk/en/ad/redmi-pad-se-for-sale-batticaloa-1,,False,2 months
6a4f85e6a79ff24d30fb69c8,Apple iPad Pro 3gen 12.9” 256GB,Apple,256GB,Unknown,WiFi / Standard,Unknown,GEN 12,"Rs 129,900",129900,Used,Gampaha,apple-ipad-pro-3gen-129-256gb-for-sale-gampaha,https://ikman.lk/en/ad/apple-ipad-pro-3gen-129-256gb-for-sale-gampaha,SKN Mobile ,True,2 months
6a4f51161a5ddfd7ec7d56c8,Lenovo Tab M8 2GB 32GB Full Set Box,Lenovo,32GB,2GB,WiFi / Standard,Unknown,Unknown,"Rs 18,990",18990,Used,Gampaha,lenovo-tab-m8-2gb-32gb-full-set-box-for-sale-gampaha-1,https://ikman.lk/en/ad/lenovo-tab-m8-2gb-32gb-full-set-box-for-sale-gampaha-1,Hello Mobile & Laptop,True,2 months
6a4e746eb92b596b9c76f418,Huawei MatePad T8,Huawei,Unknown,Unknown,WiFi / Standard,Unknown,Unknown,"Rs 12,000",12000,Used,Colombo,huawei-pad-for-sale-colombo-1,https://ikman.lk/en/ad/huawei-pad-for-sale-colombo-1,,False,2 months
6a4e6041c6a47140489a26b0,Apple iPad 10th Generation,Apple,Unknown,Unknown,WiFi / Standard,Unknown,10TH GEN,"Rs 120,000",120000,Used,Gampaha,apple-ipad-10th-generation-for-sale-gampaha-1,https://ikman.lk/en/ad/apple-ipad-10th-generation-for-sale-gampaha-1,,False,2 months
6a4e4943c0c45faf8ac95fc9,Apple iPad A16 Wi-Fi 128GB,Apple,128GB,Unknown,WiFi / Standard,Unknown,Unknown,"Rs 110,900",110900,Used,Gampaha,apple-ipad-a16-wi-fi-128gb-for-sale-gampaha-5,https://ikman.lk/en/ad/apple-ipad-a16-wi-fi-128gb-for-sale-gampaha-5,SKN Mobile ,True,2 months
6a4e1b24b869c3804cb8e0cf,Apple iPad A16 (Used),Apple,Unknown,Unknown,WiFi / Standard,Unknown,Unknown,"Rs 145,000",145000,Used,Gampaha,apple-i-pad-a16-used-for-sale-gampaha,https://ikman.lk/en/ad/apple-i-pad-a16-used-for-sale-gampaha,,False,2 months
6a4deb903e634894b743b438,Blackview Tab 90,Blackview,Unknown,Unknown,WiFi / Standard,Unknown,Unknown,"Rs 38,000",38000,Used,Galle,blackview-tab-90-for-sale-galle,https://ikman.lk/en/ad/blackview-tab-90-for-sale-galle,,False,2 months
6a4dd5f1c3132345f4b681df,Greentel A10 Pro,Other,Unknown,Unknown,WiFi / Standard,Unknown,Unknown,"Rs 30,000",30000,Used,Gampaha,greentel-a10-pro-for-sale-gampaha-2,https://ikman.lk/en/ad/greentel-a10-pro-for-sale-gampaha-2,,False,2 months
6a4dcac20972cfa2ef68e1f8,Tab Oscal pad 100,Other,Unknown,Unknown,WiFi / Standard,Unknown,Unknown,"Rs 42,000",42000,Used,Colombo,tab-oscal-pad-100-for-sale-colombo,https://ikman.lk/en/ad/tab-oscal-pad-100-for-sale-colombo,R.S Rupasinghe Ukaskaruwo (Pvt) Ltd,True,2 months
6a4dca76a86b8cf8f776e780,pad 100,Other,Unknown,Unknown,WiFi / Standard,Unknown,Unknown,"Rs 50,000",50000,Used,Colombo,pad-100-for-sale-colombo-3,https://ikman.lk/en/ad/pad-100-for-sale-colombo-3,R.S Rupasinghe Ukaskaruwo (Pvt) Ltd,True,2 months
6a4dc99cb72b5443cca16b06,Tab 90,Other,Unknown,Unknown,WiFi / Standard,Unknown,Unknown,"Rs 45,000",45000,Used,Colombo,tab-90-for-sale-colombo-1,https://ikman.lk/en/ad/tab-90-for-sale-colombo-1,R.S Rupasinghe Ukaskaruwo (Pvt) Ltd,True,2 months
6a4db288b72b5443cca16a41,Samsung Galaxy Tab 4,Samsung,Unknown,Unknown,WiFi / Standard,Unknown,Unknown,"Rs 5,000",5000,Used,Badulla,samsung-for-sale-badulla-66,https://ikman.lk/en/ad/samsung-for-sale-badulla-66,,False,2 months
6a4d0129cc024b6a19013add,Lenovo Tablet M10 HD,Lenovo,Unknown,Unknown,WiFi / Standard,Unknown,M1,"Rs 35,000",35000,Used,Kalutara,lenovo-tablet-m10-hd-for-sale-kalutara,https://ikman.lk/en/ad/lenovo-tablet-m10-hd-for-sale-kalutara,,False,2 months
6a4cd62e3cd1c8fdd6417a50,Ipad 9 gen - fullset,Apple,Unknown,Unknown,WiFi / Standard,Unknown,Unknown,"Rs 63,000",63000,Used,Colombo,ipad-9-gen-fullset-for-sale-colombo,https://ikman.lk/en/ad/ipad-9-gen-fullset-for-sale-colombo,,False,2 months
6a4cce12baeff7a0e09538fe,Apple iPad A16 Wi-Fi 128GB,Apple,128GB,Unknown,WiFi / Standard,Unknown,Unknown,"Rs 110,900",110900,Used,Gampaha,apple-ipad-a16-wi-fi-128gb-for-sale-gampaha-4,https://ikman.lk/en/ad/apple-ipad-a16-wi-fi-128gb-for-sale-gampaha-4,SKN Mobile ,True,2 months
6a4cb2f357c939afd83586f2,tablet,Other,Unknown,Unknown,WiFi / Standard,Unknown,Unknown,"Rs 57,000",57000,Used,Jaffna,tablet-for-sale-jaffna-41,https://ikman.lk/en/ad/tablet-for-sale-jaffna-41,,False,2 months
6a4cb122944da2898c7ac86d,Apple iPad Air M4 128GB,Apple,128GB,Unknown,WiFi / Standard,Unknown,M4,"Rs 195,000",195000,Used,Gampaha,ipad-air-m4-128gb-with-pencil-and-keyboard-for-sale-gampaha,https://ikman.lk/en/ad/ipad-air-m4-128gb-with-pencil-and-keyboard-for-sale-gampaha,,False,2 months
6a4ca97449e3f020c5ae381a,Apple iPad A16 128GB Wi-Fi,Apple,128GB,Unknown,WiFi / Standard,Unknown,Unknown,"Rs 119,900",119900,Used,Colombo,apple-ipad-a16-128gb-wi-fi-for-sale-colombo-14,https://ikman.lk/en/ad/apple-ipad-a16-128gb-wi-fi-for-sale-colombo-14,Tech Sparrow	,True,2 months
6a4bd5c9d567e7496055352e,Apple iPad (Used),Apple,Unknown,Unknown,WiFi / Standard,Unknown,Unknown,"Rs 19,500",19500,Used,Kurunegala,apple-ipad-used-for-sale-kurunegala-6,https://ikman.lk/en/ad/apple-ipad-used-for-sale-kurunegala-6,,False,2 months
6a4bd25e0fab8c6bc38b525c,Honor Magic V3 (Used),Honor,Unknown,Unknown,WiFi / Standard,Unknown,Unknown,"Rs 350,000",350000,Used,Trincomalee,honor-magic-v3-brand-new-for-sale-trincomalee,https://ikman.lk/en/ad/honor-magic-v3-brand-new-for-sale-trincomalee,,False,2 months
6a4b6c9f7ce620dc4291e286,mega 2 tab,Other,Unknown,Unknown,WiFi / Standard,Unknown,Unknown,"Rs 35,000",35000,Used,Anuradhapura,mega-2-tab-for-sale-anuradhapura,https://ikman.lk/en/ad/mega-2-tab-for-sale-anuradhapura,,False,2 months
6a4b4e27b94ce81327fa26cf,Blackview Mega 2 12GB 256GB Tablet,Blackview,256GB,12GB,WiFi / Standard,Unknown,Unknown,"Rs 49,990",49990,Used,Gampaha,blackview-mega-2-12gb-256gb-tablet-for-sale-gampaha-2,https://ikman.lk/en/ad/blackview-mega-2-12gb-256gb-tablet-for-sale-gampaha-2,Hello Mobile & Laptop,True,2 months
6a4b3db6f492ae39befa2633,SAMSUNG A9 TAB 4GB RAM 64GB,Samsung,64GB,4GB,4G LTE / SIM,Unknown,Unknown,"Rs 30,490",30490,Used,Colombo,samsung-a9-tab-4gb-ram-64gb-for-sale-colombo,https://ikman.lk/en/ad/samsung-a9-tab-4gb-ram-64gb-for-sale-colombo,HP TECHNOLOGIES,True,2 months
6a4b3449fd12c5a4674655ae,Apple IPad 2nd Gen,Apple,Unknown,Unknown,WiFi / Standard,Unknown,Unknown,"Rs 12,500",12500,Used,Anuradhapura,apple-ipad-2nd-gen-for-sale-anuradhapura-1,https://ikman.lk/en/ad/apple-ipad-2nd-gen-for-sale-anuradhapura-1,,False,2 months
6a4b1101e126491af78b008d,Apple iPad 7th Generation 128GB,Apple,128GB,Unknown,WiFi / Standard,Unknown,7TH GEN,"Rs 125,000",125000,Used,Colombo,ipad-7th-generation-128gb-space-gray-apple-pencil-for-sale-colombo-1,https://ikman.lk/en/ad/ipad-7th-generation-128gb-space-gray-apple-pencil-for-sale-colombo-1,,False,2 months
6a4a086670c72c424219075d,Samsung Galaxy Tab A9+ 5G (Used),Samsung,Unknown,Unknown,5G + WiFi,Unknown,Unknown,"Rs 75,000",75000,Used,Colombo,samsung-galaxy-a9-tab-a9-5g-used-for-sale-colombo-1,https://ikman.lk/en/ad/samsung-galaxy-a9-tab-a9-5g-used-for-sale-colombo-1,,False,2 months
6a49ca6aaaa4fa8ec2561e3f,I pad pro M2 13 inch,Other,Unknown,Unknown,WiFi / Standard,13 Inch,M2,"Rs 265,000",265000,Used,Colombo,i-pad-pro-m2-13-inch-for-sale-colombo,https://ikman.lk/en/ad/i-pad-pro-m2-13-inch-for-sale-colombo,,False,2 months
6a494eeca9e7cd47cc33621e,Apple iPad Air,Apple,Unknown,Unknown,WiFi / Standard,Unknown,Unknown,"Rs 20,000",20000,Used,Colombo,16gb-usa-version-for-sale-colombo,https://ikman.lk/en/ad/16gb-usa-version-for-sale-colombo,,False,2 months
6a494e4b682f5dec342c6c2e,Apple iPad 9th Gen (Used),Apple,Unknown,Unknown,WiFi / Standard,Unknown,9TH GEN,"Rs 70,000",70000,Used,Kurunegala,apple-ipad-9th-gen-used-for-sale-kurunegala,https://ikman.lk/en/ad/apple-ipad-9th-gen-used-for-sale-kurunegala,,False,2 months
6a490824521d13bbcf31b7ea,Apple iPad Air 13 Inch,Apple,Unknown,Unknown,WiFi / Standard,13 Inch,Unknown,"Rs 245,000",245000,Used,Colombo,brand-new-condition-100-percent-for-sale-colombo,https://ikman.lk/en/ad/brand-new-condition-100-percent-for-sale-colombo,,False,2 months
6a48f48d3de89f9b0f28be30,HP Pro X2 Intel Core i5 7th GEN,Other,Unknown,Unknown,WiFi / Standard,Unknown,7TH GEN,"Rs 45,000",45000,Used,Kegalle,hp-pro-x2-for-sale-kegalle,https://ikman.lk/en/ad/hp-pro-x2-for-sale-kegalle,,False,2 months
6a48f149a874a6bb22c3affc,ipad mini 6 Wifi - 64GB,Apple,64GB,Unknown,4G LTE / SIM,Unknown,Unknown,"Rs 74,990",74990,Used,Colombo,ipad-mini-6-wifi-64gb-for-sale-colombo-6,https://ikman.lk/en/ad/ipad-mini-6-wifi-64gb-for-sale-colombo-6,Chinthana GSM,True,2 months
6a48d9d8105b76d62a218581,iPad A16 11th Gen WiFi 2025,Apple,Unknown,Unknown,WiFi Only,Unknown,11TH GEN,"Rs 160,000",160000,Used,Colombo,ipad-a16-11th-gen-wifi-2025-for-sale-colombo,https://ikman.lk/en/ad/ipad-a16-11th-gen-wifi-2025-for-sale-colombo,,False,2 months
6a48c2a5f67b0bbc83f79340,used I pad mini,Other,Unknown,Unknown,WiFi / Standard,Unknown,Unknown,"Rs 12,000",12000,Used,Colombo,used-i-pad-mini-for-sale-colombo,https://ikman.lk/en/ad/used-i-pad-mini-for-sale-colombo,,False,2 months
6a48b30535d0426a4bd9ebbe,ipad mini 6 64 GB,Apple,64GB,Unknown,WiFi / Standard,Unknown,Unknown,"Rs 60,000",60000,Used,Gampaha,ipad-mini-6-64-gb-for-sale-gampaha,https://ikman.lk/en/ad/ipad-mini-6-64-gb-for-sale-gampaha,,False,2 months
6a4896e90be723f7118cd21d,Samsung A9+ Tab,Samsung,Unknown,Unknown,WiFi / Standard,Unknown,Unknown,"Rs 47,000",47000,Used,Colombo,samsung-a9-tab-for-sale-colombo-9,https://ikman.lk/en/ad/samsung-a9-tab-for-sale-colombo-9,,False,2 months
69f3683ef6c967526faee797,Redmi Pad 2 8GB 256GB,Redmi,256GB,8GB,WiFi / Standard,Unknown,Unknown,"Rs 87,500",87500,Used,Gampaha,redmi-pad-2-8gb-256gb-for-sale-gampaha-1,https://ikman.lk/en/ad/redmi-pad-2-8gb-256gb-for-sale-gampaha-1,SS Mobile,True,2 months
6a484de4ea3f659bfbe6ec0d,Apple iPad 9th Gen 256GB,Apple,256GB,Unknown,WiFi / Standard,Unknown,9TH GEN,"Rs 69,900",69900,Used,Colombo,ipad-9th-gen-256gb-very-good-condition-canada-imported-for-sale-colombo,https://ikman.lk/en/ad/ipad-9th-gen-256gb-very-good-condition-canada-imported-for-sale-colombo,,False,2 months
6a4803de4a8fa199463e06f0,Huawei Matepad 11.5 (Used),Huawei,Unknown,Unknown,WiFi / Standard,Unknown,Unknown,"Rs 65,500",65500,Used,Kurunegala,huawei-matepad-115-used-for-sale-kurunegala,https://ikman.lk/en/ad/huawei-matepad-115-used-for-sale-kurunegala,,False,2 months
6a47c2e6631d6a062a8f3552,Apple iPad Pro,Apple,Unknown,Unknown,WiFi / Standard,Unknown,Unknown,"Rs 48,000",48000,Used,Colombo,apple-ipad-pro-with-complementary-bluetooth-keyboard-for-sale-colombo,https://ikman.lk/en/ad/apple-ipad-pro-with-complementary-bluetooth-keyboard-for-sale-colombo,,False,2 months
6a47fe454a8fa199463e06b9,Xiaomi Pad 5,Xiaomi,Unknown,Unknown,WiFi / Standard,Unknown,Unknown,"Rs 61,000",61000,Used,Colombo,xiaomi-pad-5-for-sale-colombo-7,https://ikman.lk/en/ad/xiaomi-pad-5-for-sale-colombo-7,,False,2 months
6a477fa7b004c6a6bfcf4110,Greentel A8 Tablet,Other,Unknown,Unknown,WiFi / Standard,Unknown,Unknown,"Rs 7,900",7900,Used,Kandy,4-gb-128-used-for-sale-kandy,https://ikman.lk/en/ad/4-gb-128-used-for-sale-kandy,,False,2 months
6a477d47d66dd702fb147397,oscal pad 100,Other,Unknown,Unknown,WiFi / Standard,Unknown,Unknown,"Rs 45,000",45000,Used,Colombo,oscal-pad-100-for-sale-colombo-14,https://ikman.lk/en/ad/oscal-pad-100-for-sale-colombo-14,R.S Rupasinghe Ukaskaruwo (Pvt) Ltd,True,2 months
6a477b4f631d6a062a8f32ef,Apple iPad 11 (A16) 256GB WiFi,Apple,256GB,Unknown,WiFi Only,Unknown,Unknown,"Rs 130,000",130000,Used,Colombo,ipad-11-a16-256gb-wifi-for-sale-colombo,https://ikman.lk/en/ad/ipad-11-a16-256gb-wifi-for-sale-colombo,,False,2 months
6a47781412b3baef80cf40b7,Apple iPad A16 WiFi 128GB,Apple,128GB,Unknown,WiFi Only,Unknown,Unknown,"Rs 115,900",115900,Used,Gampaha,apple-ipad-a16-wifi-128gb-for-sale-gampaha,https://ikman.lk/en/ad/apple-ipad-a16-wifi-128gb-for-sale-gampaha,SKN Mobile ,True,2 months
6a475cb66803613caaf55302,Apple iPad Pro M5 256GB Wi-Fi,Apple,256GB,Unknown,WiFi / Standard,Unknown,Unknown,"Rs 299,900",299900,Used,Colombo,apple-ipad-pro-m5-256gb-wi-fi-for-sale-colombo,https://ikman.lk/en/ad/apple-ipad-pro-m5-256gb-wi-fi-for-sale-colombo,SKN Mobile ,True,2 months
6a4755a7b04356e3868f316e,HONOR TAB X8A 4GB RAM 128GB 4G,Honor,128GB,4GB,4G LTE / SIM,Unknown,Unknown,"Rs 42,490",42490,Used,Colombo,honor-tab-x8a-4gb-ram-128gb-4g-for-sale-colombo,https://ikman.lk/en/ad/honor-tab-x8a-4gb-ram-128gb-4g-for-sale-colombo,HP TECHNOLOGIES,True,2 months
6a47550ed66dd702fb147213,Samsung Tab S7 5G,Samsung,Unknown,Unknown,5G + WiFi,Unknown,Unknown,"Rs 68,500",68500,Used,Colombo,samsung-tab-s7-5g-for-sale-colombo,https://ikman.lk/en/ad/samsung-tab-s7-5g-for-sale-colombo,,False,2 months
6a471cebfd8cbd9fb8479ed1,Samsung Galaxy S10 Lite 8GB 256GB,Samsung,256GB,8GB,WiFi / Standard,Unknown,Unknown,"Rs 124,990",124990,Used,Colombo,samsung-galaxy-s10-lite-8gb-256gb-for-sale-colombo-133,https://ikman.lk/en/ad/samsung-galaxy-s10-lite-8gb-256gb-for-sale-colombo-133,Mobile Care,True,2 months
6a469b02883c2a82617f1f67,Lenovo E7 Tab (Used),Lenovo,Unknown,Unknown,WiFi / Standard,Unknown,Unknown,"Rs 6,500",6500,Used,Ratnapura,greentel-used-for-sale-ratnapura-7,https://ikman.lk/en/ad/greentel-used-for-sale-ratnapura-7,,False,2 months
6a468e2260b01ba96f19b0c9,Ipad A16,Apple,Unknown,Unknown,WiFi / Standard,Unknown,Unknown,"Rs 140,000",140000,Used,Colombo,ipad-a16-for-sale-colombo-4,https://ikman.lk/en/ad/ipad-a16-for-sale-colombo-4,,False,2 months
6a467e24782cd268052aa675,Samsung S6 Lite,Samsung,Unknown,Unknown,WiFi / Standard,Unknown,Unknown,"Rs 65,000",65000,Used,Badulla,samsung-for-sale-badulla-65,https://ikman.lk/en/ad/samsung-for-sale-badulla-65,,False,2 months
