id,title,brand,size,refresh_rate,resolution,panel_type,is_curved,is_gaming,is_frameless,price_raw,price,condition,location,slug,link,shop_name,is_member,timestamp
6a81435e04c255c0afcde32c,"HP 24"" Elite Display Full HD IPS Frameless Monitor 60Hz",HP,24 Inch,60Hz,1080p FHD,IPS,False,False,True,"Rs 26,500",26500,Used,Colombo,hp-24-elite-display-full-hd-ips-frameless-monitor-60hz-for-sale-colombo-17,https://ikman.lk/en/ad/hp-24-elite-display-full-hd-ips-frameless-monitor-60hz-for-sale-colombo-17,Laptop Outlet Pvt Ltd,True,16 days
6a958cbd475fdbcd2683d31b,Dell Monitor 24 Inches,Dell,24 Inch,60Hz,1080p FHD,Standard,False,False,False,"Rs 13,500",13500,Used,Galle,moniter-24-inche-for-sale-galle,https://ikman.lk/en/ad/moniter-24-inche-for-sale-galle,,False,1 hour
6a958c46df5d2facf8e2aa1f,Samsung 24 Inch Monitor,Samsung,24 Inch,60Hz,1080p FHD,Standard,False,False,False,"Rs 10,000",10000,Used,Kurunegala,samsung-24-inch-monitor-for-sale-kurunegala,https://ikman.lk/en/ad/samsung-24-inch-monitor-for-sale-kurunegala,,False,1 hour
6a9597ab43856807e3227992,HP ProBook 450 G6 | i5 8th Gen 8GB RAM 256GB SSD Genuine Charger,HP,Unknown,60Hz,Unknown,Standard,False,False,False,"Rs 83,000",83000,Used,Colombo,hp-probook-450-g6-i5-8th-gen-8gb-ram-256gb-ssd-genuine-charger-for-sale-colombo,https://ikman.lk/en/ad/hp-probook-450-g6-i5-8th-gen-8gb-ram-256gb-ssd-genuine-charger-for-sale-colombo,TokyoTech Computers,True,2 hours
6a9578053d1da75ffdb55457,Acer Nitro KG273 W3 Monitor,Acer,Unknown,60Hz,Unknown,Standard,False,False,False,"Rs 47,000",47000,Used,Colombo,acer-nitro-kg273-w3-monitor-for-sale-colombo,https://ikman.lk/en/ad/acer-nitro-kg273-w3-monitor-for-sale-colombo,,False,3 hours
6a957f5ee64b615347fd12b7,"MONITOR 27"" IPS FRAMELESS (1980 x 1080P) ULTRA SLIM|FHD|HDMI",Other,27 Inch,60Hz,1080p FHD,IPS,False,False,True,"Rs 33,850",33850,Used,Gampaha,monitor-27-ips-frameless-1980-x-1080p-ultra-slimfhdhdmi-for-sale-gampaha-1,https://ikman.lk/en/ad/monitor-27-ips-frameless-1980-x-1080p-ultra-slimfhdhdmi-for-sale-gampaha-1,ShaTech Zone,True,4 hours
6a957ef098e716ea3083d2a8,"24"" IPS FRAMELESS MONITOR (1980 x 1080P) FHD|HDMI",Other,24 Inch,60Hz,1080p FHD,IPS,False,False,True,"Rs 21,150",21150,Used,Colombo,24-ips-frameless-monitor-1980-x-1080p-fhdhdmi-for-sale-colombo,https://ikman.lk/en/ad/24-ips-frameless-monitor-1980-x-1080p-fhdhdmi-for-sale-colombo,ShaTech Zone,True,4 hours
6a957e6ece7ab05878ec78f5,"24"" MONITOR 120HZ IPS (BRAND NEW) FHD|FRAMELESS - ASUS",Asus,24 Inch,120Hz,1080p FHD,IPS,False,False,True,"Rs 33,950",33950,Brand New,Gampaha,24-monitor-120hz-ips-brand-new-fhdframeless-asus-for-sale-gampaha,https://ikman.lk/en/ad/24-monitor-120hz-ips-brand-new-fhdframeless-asus-for-sale-gampaha,ShaTech Zone,True,4 hours
6a45f35d2366b1d09e358555,Asus TUF Gaming 34” VG34VQL3A 1440P 1500R 180HZ Curved Monitor,Asus,34 Inch,180Hz,2K QHD,Standard,True,True,False,"Rs 159,500",159500,Brand New,Colombo,asus-tuf-gaming-34-vg34vql3a-1440p-1500r-180hz-curved-monitor-for-sale-colombo-4,https://ikman.lk/en/ad/asus-tuf-gaming-34-vg34vql3a-1440p-1500r-180hz-curved-monitor-for-sale-colombo-4,COMPUTER HUB,True,4 hours
6a45f3c369d7900a55dd336e,Asus TUF VG34VQL3A 34 Inch 1440P 180HZ 1500R Curved Gaming Monitor,Asus,34 Inch,180Hz,2K QHD,Standard,True,True,False,"Rs 159,500",159500,Brand New,Colombo,asus-tuf-vg34vql3a-34-inch-1440p-180hz-1500r-curved-gaming-monitor-for-sale-colombo-3,https://ikman.lk/en/ad/asus-tuf-vg34vql3a-34-inch-1440p-180hz-1500r-curved-gaming-monitor-for-sale-colombo-3,COMPUTER HUB,True,4 hours
6a45f416e5c04df1d9dd336a,Asus TUF 34” VG34VQL3A 180HZ 1440P 1500R Curved Gaming Monitor,Asus,34 Inch,180Hz,2K QHD,Standard,True,True,False,"Rs 159,500",159500,Brand New,Colombo,asus-tuf-34-vg34vql3a-180hz-1440p-1500r-curved-gaming-monitor-for-sale-colombo-3,https://ikman.lk/en/ad/asus-tuf-34-vg34vql3a-180hz-1440p-1500r-curved-gaming-monitor-for-sale-colombo-3,COMPUTER HUB,True,4 hours
6a45f46d6df963a4cfea9805,Asus TUF Gaming VG34VQL3A 34” Curved 1500R 1440P 180HZ Monitor,Asus,34 Inch,180Hz,2K QHD,Standard,True,True,False,"Rs 159,500",159500,Brand New,Colombo,asus-tuf-gaming-vg34vql3a-34-curved-1500r-1440p-180hz-monitor-for-sale-colombo-2,https://ikman.lk/en/ad/asus-tuf-gaming-vg34vql3a-34-curved-1500r-1440p-180hz-monitor-for-sale-colombo-2,COMPUTER HUB,True,4 hours
6a957dd54b24e8c97fe53caf,"Monitor with Soundbar Speaker - 24"" LED|WIDE",Other,24 Inch,60Hz,1080p FHD,Standard,False,False,False,"Rs 13,950",13950,Used,Gampaha,monitor-with-soundbar-speaker-24-ledwide-for-sale-gampaha,https://ikman.lk/en/ad/monitor-with-soundbar-speaker-24-ledwide-for-sale-gampaha,ShaTech Zone,True,4 hours
6a957a8a9caf307985cd6dd1,Lenovo ThinkVision P24h-10,Lenovo,Unknown,60Hz,Unknown,Standard,False,False,False,"Rs 28,500",28500,Used,Colombo,lenovo-thinkvision-p24h-10-for-sale-colombo,https://ikman.lk/en/ad/lenovo-thinkvision-p24h-10-for-sale-colombo,Myitem.lk (PVT) Ltd,True,4 hours
6a9573b9ca43d0645c076c13,24 INCH DELL FRAMELESS MONITOR,Dell,24 Inch,60Hz,1080p FHD,Standard,False,False,True,"Rs 21,500",21500,Used,Kalutara,24-inch-dell-frameless-monitor-for-sale-kalutara,https://ikman.lk/en/ad/24-inch-dell-frameless-monitor-for-sale-kalutara,Sheiba Arcade,True,5 hours
6a9573b0c1b7f9d0ff8bc8eb,"Lenovo ThinkVision T24i-10 IPS FRAMLESS MONITOR HDMI USED 24""",Lenovo,24 Inch,60Hz,HD,IPS,False,False,False,"Rs 21,000",21000,Used,Colombo,lenovo-thinkvision-t24i-10-ips-framless-monitor-hdmi-used-24-for-sale-colombo,https://ikman.lk/en/ad/lenovo-thinkvision-t24i-10-ips-framless-monitor-hdmi-used-24-for-sale-colombo,Myitem.lk (PVT) Ltd,True,5 hours
6a957185875977c80e1c1348,"ViewSonic VA2432A-H 24"" Inch Full HD IPS 120HZ Frameless Monitor New",Viewsonic,24 Inch,120Hz,1080p FHD,IPS,False,False,True,"Rs 35,500",35500,Brand New,Colombo,viewsonic-va2432a-h-24-inch-full-hd-ips-120hz-frameless-monitor-new-for-sale-colombo-114,https://ikman.lk/en/ad/viewsonic-va2432a-h-24-inch-full-hd-ips-120hz-frameless-monitor-new-for-sale-colombo-114,Myitem.lk (PVT) Ltd,True,5 hours
6a95708504bd3504081c134f,Brand New Acer Vero Series CB272 P6BMIPRX 144HZ Full HD Monitor,Acer,Unknown,144Hz,1080p FHD,Standard,False,False,False,"Rs 44,990",44990,Brand New,Colombo,brand-new-acer-vero-series-cb272-p6bmiprx-144hz-full-hd-monitor-for-sale-colombo-83,https://ikman.lk/en/ad/brand-new-acer-vero-series-cb272-p6bmiprx-144hz-full-hd-monitor-for-sale-colombo-83,Myitem.lk (PVT) Ltd,True,5 hours
6832b7b1814def003004f5f7,Monitor - 20 INCH SAMSUNG LED HDMI,Samsung,20 Inch,60Hz,HD,Standard,False,False,False,"Rs 9,500",9500,Used,Kalutara,monitor-20-inch-samsung-led-hdmi-for-sale-kalutara,https://ikman.lk/en/ad/monitor-20-inch-samsung-led-hdmi-for-sale-kalutara,Sheiba Arcade,True,5 hours
6a956c7f8437fe96079361fd,"Brand New Acer EK271 27"" Inch 144Hz IPS Frameless Gaming Monitor",Acer,27 Inch,144Hz,1080p FHD,IPS,False,True,True,"Rs 35,990",35990,Brand New,Colombo,brand-new-acer-ek271-27-inch-144hz-ips-frameless-gaming-monitor-for-sale-colombo,https://ikman.lk/en/ad/brand-new-acer-ek271-27-inch-144hz-ips-frameless-gaming-monitor-for-sale-colombo,Max Core PC,True,5 hours
6a955bb781f0b059810e1c4a,"HP EliteDisplay E202 USED HD+ IPS MONITOR 20""",HP,20 Inch,60Hz,HD,IPS,False,False,False,"Rs 13,500",13500,Used,Colombo,hp-elitedisplay-e202-used-hd-ips-monitor-20-for-sale-colombo-22,https://ikman.lk/en/ad/hp-elitedisplay-e202-used-hd-ips-monitor-20-for-sale-colombo-22,Myitem.lk (PVT) Ltd,True,6 hours
6a43410c07beca59a1966a50,"Asus 27"" IPS Frameless Monitor",Asus,27 Inch,60Hz,1080p FHD,IPS,False,False,True,"Rs 39,000",39000,Used,Jaffna,asus-27-ips-frameless-monitor-for-sale-jaffna,https://ikman.lk/en/ad/asus-27-ips-frameless-monitor-for-sale-jaffna,Pc Paradise,True,6 hours
6a265c849c877dbaa7264aec,NEC 22-inch Monitor,Other,22 Inch,60Hz,1080p FHD,Standard,False,False,False,"Rs 13,500",13500,Used,Jaffna,nec-22-inch-monitor-for-sale-jaffna,https://ikman.lk/en/ad/nec-22-inch-monitor-for-sale-jaffna,Pc Paradise,True,7 hours
6a954612220a94169bdcf9a4,27 INCH LENOVO THINKVISION IPS FHD HDMI USED MONITOR,Lenovo,27 Inch,60Hz,1080p FHD,IPS,False,False,False,"Rs 27,500",27500,Used,Colombo,27-inch-lenovo-thinkvision-ips-fhd-hdmi-used-monitor-for-sale-colombo-51,https://ikman.lk/en/ad/27-inch-lenovo-thinkvision-ips-fhd-hdmi-used-monitor-for-sale-colombo-51,Mdcomputers.lk(Pvt) Ltd,True,8 hours
6a9542559fe9c3cfa4e53aa3,27 INCH ATEC FULL HD LED USED MONITOR,Other,27 Inch,60Hz,1080p FHD,Standard,False,False,False,"Rs 21,500",21500,Used,Colombo,27-inch-atec-full-hd-led-used-monitor-for-sale-colombo-80,https://ikman.lk/en/ad/27-inch-atec-full-hd-led-used-monitor-for-sale-colombo-80,Mdcomputers.lk(Pvt) Ltd,True,8 hours
6a953ee69fe9c3cfa4e53a87,Udea 21 Inches LED With Speakers,Other,21 Inch,60Hz,Unknown,Standard,False,False,False,"Rs 22,000",22000,Used,Kandy,udea-21-inches-led-with-speakers-for-sale-kandy,https://ikman.lk/en/ad/udea-21-inches-led-with-speakers-for-sale-kandy,,False,8 hours
6a881198f59094bf63f0ae50,i7 Single Display Touch POS Machine| Terminal |Pos System,Other,Unknown,60Hz,Unknown,Standard,False,False,False,"Rs 117,000",117000,Brand New,Colombo,i7-single-display-touch-pos-machine-terminal-pos-system-for-sale-colombo-1,https://ikman.lk/en/ad/i7-single-display-touch-pos-machine-terminal-pos-system-for-sale-colombo-1,POSMAX,True,11 days
6a9539b08551d983953e6bb6,Dell Monitor P2219H IPS,Dell,Unknown,60Hz,Unknown,IPS,False,False,False,"Rs 18,000",18000,Used,Matara,dell-monitor-p2219h-ips-for-sale-matara,https://ikman.lk/en/ad/dell-monitor-p2219h-ips-for-sale-matara,,False,9 hours
6a3228d5979caa0c9690ec05,24 INCH IPS FRAMELESS MONITORS,Other,24 Inch,60Hz,1080p FHD,IPS,False,False,True,"Rs 23,500",23500,Used,Gampaha,24-inch-ips-frameless-monitors-for-sale-gampaha,https://ikman.lk/en/ad/24-inch-ips-frameless-monitors-for-sale-gampaha,U TECZONE,True,bump_up
6a95385fe7e45ee607a7e220,Dell U2417H 24 INCH ULTRASHARP MONITOR JAPAN,Dell,24 Inch,60Hz,1080p FHD,Standard,False,False,False,"Rs 18,500",18500,Used,Colombo,dell-u2417h-24-inch-ultrasharp-monitor-japan-for-sale-colombo-1,https://ikman.lk/en/ad/dell-u2417h-24-inch-ultrasharp-monitor-japan-for-sale-colombo-1,TokyoTech Computers,True,9 hours
6a9537bc81f0b059810e1ae9,Acer QG221Q 21.5 INCH GAMING MONITOR JAPAN (2023),Acer,21.5 Inch,60Hz,Unknown,Standard,False,True,False,"Rs 14,500",14500,Used,Colombo,acer-qg221q-215-inch-gaming-monitor-japan-2023-for-sale-colombo-3,https://ikman.lk/en/ad/acer-qg221q-215-inch-gaming-monitor-japan-2023-for-sale-colombo-3,TokyoTech Computers,True,9 hours
6a85919635d7bf8f54cdb6b1,"Dell UltraSharp U2417H IPS Full HD Frameless USED Monitor 24""",Dell,24 Inch,60Hz,1080p FHD,IPS,False,False,True,"Rs 22,000",22000,Used,Colombo,dell-ultrasharp-u2417h-ips-full-hd-frameless-used-monitor-24-for-sale-colombo-6,https://ikman.lk/en/ad/dell-ultrasharp-u2417h-ips-full-hd-frameless-used-monitor-24-for-sale-colombo-6,Computer Store.lk Pvt Ltd,True,bump_up
6a9534ad6a4ccd46ec1789dd,"LED 24"" Frameless Monitor",Other,24 Inch,60Hz,1080p FHD,Standard,False,False,True,"Rs 17,500",17500,Used,Colombo,led-24-frameless-monitor-for-sale-colombo-3,https://ikman.lk/en/ad/led-24-frameless-monitor-for-sale-colombo-3,Vista Computer System,True,9 hours
6a9533e66a4ccd46ec1789d3,"23"" IPS MONITOR (1980 x 1080P) FHD|HDMI|FRAMELESS",Other,23 Inch,60Hz,1080p FHD,IPS,False,False,True,"Rs 19,450",19450,Used,Colombo,23-ips-monitor-1980-x-1080p-fhdhdmiframeless-for-sale-colombo,https://ikman.lk/en/ad/23-ips-monitor-1980-x-1080p-fhdhdmiframeless-for-sale-colombo,ShaTech Zone,True,9 hours
6a9533aed63ac31774bc8651,HP P224 21.5” Full HD Monitor | Japan Imported,HP,21 Inch,60Hz,1080p FHD,Standard,False,False,False,"Rs 16,500",16500,Used,Colombo,hp-p224-215-full-hd-monitor-japan-imported-for-sale-colombo-2,https://ikman.lk/en/ad/hp-p224-215-full-hd-monitor-japan-imported-for-sale-colombo-2,TokyoTech Computers,True,9 hours
6a952dd2096024690c769348,24 INCH HP P240VA FULL HD USED MONITOR,HP,24 Inch,60Hz,1080p FHD,Standard,False,False,False,"Rs 15,500",15500,Used,Colombo,24-inch-hp-p240va-full-hd-used-monitor-for-sale-colombo-1,https://ikman.lk/en/ad/24-inch-hp-p240va-full-hd-used-monitor-for-sale-colombo-1,Mdcomputers.lk(Pvt) Ltd,True,10 hours
6a952d3917c7df7d833693c6,SAMSUNG 24 INCH IPS FRAMLESS – 75HZ USED MONITOR,Samsung,24 Inch,75Hz,1080p FHD,IPS,False,False,False,"Rs 22,000",22000,Used,Colombo,samsung-24-inch-ips-framless-75hz-used-monitor-for-sale-colombo-1,https://ikman.lk/en/ad/samsung-24-inch-ips-framless-75hz-used-monitor-for-sale-colombo-1,Mdcomputers.lk(Pvt) Ltd,True,10 hours
6a8fdf32ccadd47bf158af23,24 inch Wide Monitor,Other,24 Inch,60Hz,1080p FHD,Standard,False,False,False,"Rs 14,500",14500,Used,Gampaha,monitors-for-sale-gampaha-3,https://ikman.lk/en/ad/monitors-for-sale-gampaha-3,,False,bump_up
6a952bcfa06833003d3693d4,NEC 22 Inch Ips Monitor -Inbuilt Sound,Other,22 Inch,60Hz,1080p FHD,IPS,False,False,False,"Rs 9,500",9500,Used,Colombo,nec-22-inch-ips-monitor-inbuilt-sound-for-sale-colombo,https://ikman.lk/en/ad/nec-22-inch-ips-monitor-inbuilt-sound-for-sale-colombo,,False,10 hours
6a952b432a17305669312db2,24 INCH DELL P2422HE IPS FRAMELESS USED TYPE-C FHD MONITOR,Dell,24 Inch,60Hz,1080p FHD,IPS,False,False,True,"Rs 27,500",27500,Brand New,Colombo,24-inch-dell-p2422he-ips-frameless-used-type-c-fhd-monitor-for-sale-colombo-21,https://ikman.lk/en/ad/24-inch-dell-p2422he-ips-frameless-used-type-c-fhd-monitor-for-sale-colombo-21,Mdcomputers.lk(Pvt) Ltd,True,10 hours
6a952abc9c1ea8659dabe969,"Samsung 24"" Inch Full HD IPS Frameless HDMI Gaming Used Monitor",Samsung,24 Inch,60Hz,1080p FHD,IPS,False,True,True,"Rs 22,000",22000,Used,Colombo,samsung-24-inch-full-hd-ips-frameless-hdmi-gaming-used-monitor-for-sale-colombo-59,https://ikman.lk/en/ad/samsung-24-inch-full-hd-ips-frameless-hdmi-gaming-used-monitor-for-sale-colombo-59,Myitem.lk (PVT) Ltd,True,10 hours
6a952a592a17305669312da1,30 INCH DELL ULTRASHARP IPS HDMI USED MONITOR,Dell,30 Inch,60Hz,HD,IPS,False,False,False,"Rs 34,500",34500,Brand New,Colombo,30-inch-dell-ultrasharp-ips-hdmi-used-monitor-for-sale-colombo-8,https://ikman.lk/en/ad/30-inch-dell-ultrasharp-ips-hdmi-used-monitor-for-sale-colombo-8,Mdcomputers.lk(Pvt) Ltd,True,10 hours
69ca4ba4ce35baa46ca699b8,Acer 27 Inch \Brandnew Monitors \(144Hz).,Acer,27 Inch,144Hz,1080p FHD,Standard,False,False,False,"Rs 37,500",37500,Brand New,Colombo,acer-27-inch-brandnew-monitors-144hz-for-sale-colombo-16,https://ikman.lk/en/ad/acer-27-inch-brandnew-monitors-144hz-for-sale-colombo-16, Laptop Market,True,10 hours
6a95296f8ca08126e5769311,"Emark 24"" EW2427SH 144Hz IPS Full HD Frameless Gaming Monitor",Other,24 Inch,144Hz,1080p FHD,IPS,False,True,True,"Rs 29,990",29990,Brand New,Colombo,emark-24-ew2427sh-144hz-ips-full-hd-frameless-gaming-monitor-for-sale-colombo-64,https://ikman.lk/en/ad/emark-24-ew2427sh-144hz-ips-full-hd-frameless-gaming-monitor-for-sale-colombo-64,Myitem.lk (PVT) Ltd,True,10 hours
6a8832a036b96dbc7c7edd80,"HP EliteDisplay E202 USED HD+ IPS MONITOR 20""",HP,20 Inch,60Hz,HD,IPS,False,False,False,"Rs 13,500",13500,Used,Colombo,hp-elitedisplay-e202-used-hd-ips-monitor-20-for-sale-colombo-10,https://ikman.lk/en/ad/hp-elitedisplay-e202-used-hd-ips-monitor-20-for-sale-colombo-10,Computer Store.lk Pvt Ltd,True,bump_up
6a9526b28ac8470a613e6aff,Dell 22” Rotatable IPS Full HD HDMI Monitor Used Imported,Dell,22 Inch,60Hz,1080p FHD,IPS,False,False,False,"Rs 14,900",14900,Used,Gampaha,dell-22-rotatable-ips-full-hd-hdmi-monitor-used-imported-for-sale-gampaha,https://ikman.lk/en/ad/dell-22-rotatable-ips-full-hd-hdmi-monitor-used-imported-for-sale-gampaha,,False,10 hours
6a9525df4cd57035b9d2ef1c,Lenovo 23” Frameless IPS Full HD Rotatable HDMI Monitor Used Imported,Lenovo,23 Inch,60Hz,1080p FHD,IPS,False,False,True,"Rs 21,500",21500,Used,Gampaha,lenovo-23-frameless-ips-full-hd-rotatable-hdmi-monitor-used-imported-for-sale-gampaha,https://ikman.lk/en/ad/lenovo-23-frameless-ips-full-hd-rotatable-hdmi-monitor-used-imported-for-sale-gampaha,,False,10 hours
6a9524978ac8470a613e6ae2,"MSI Mag 325QF E18V 31.5” Inch ,NEW Gaming Monitor",MSI,Unknown,60Hz,Unknown,Standard,False,True,False,"Rs 94,500",94500,Brand New,Colombo,msi-mag-325qf-e18v-315-inch-new-gaming-monitor-for-sale-colombo-2,https://ikman.lk/en/ad/msi-mag-325qf-e18v-315-inch-new-gaming-monitor-for-sale-colombo-2,I MAC LK(PVT)LTD,True,10 hours
6a9524957be5f9509bcf7d6a,"Koorui GN06 27″ FHD 1080P IPS Brand New Monitor,",Other,27 Inch,60Hz,1080p FHD,IPS,False,False,False,"Rs 53,500",53500,Brand New,Colombo,koorui-gn06-27-fhd-1080p-ips-brand-new-monitor-for-sale-colombo-11,https://ikman.lk/en/ad/koorui-gn06-27-fhd-1080p-ips-brand-new-monitor-for-sale-colombo-11,I MAC LK(PVT)LTD,True,10 hours
6a952493171184522717896b,Asus Rog Strix XG259CMS 24.5” Gaming Monitor.,Asus,24 Inch,60Hz,1080p FHD,Standard,False,True,False,"Rs 110,000",110000,Brand New,Colombo,asus-rog-strix-xg259cms-245-gaming-monitor-for-sale-colombo-2,https://ikman.lk/en/ad/asus-rog-strix-xg259cms-245-gaming-monitor-for-sale-colombo-2,I MAC LK(PVT)LTD,True,10 hours
6a95249124889438ded2eede,"Samsung 24″ IPS FHD 120Hz, Essential New Monitor",Samsung,24 Inch,120Hz,1080p FHD,IPS,False,False,False,"Rs 35,500",35500,Brand New,Colombo,samsung-24-ips-fhd-120hz-essential-new-monitor-for-sale-colombo,https://ikman.lk/en/ad/samsung-24-ips-fhd-120hz-essential-new-monitor-for-sale-colombo,I MAC LK(PVT)LTD,True,10 hours
6a95248f668c015166da3593,"Acer - EK251QP6 24.5INCH 144Hz IPS , Brand New Montor",Acer,24.5 Inch,144Hz,Unknown,IPS,False,False,False,"Rs 34,000",34000,Brand New,Colombo,acer-ek251qp6-245inch-144hz-ips-brand-new-montor-for-sale-colombo-14,https://ikman.lk/en/ad/acer-ek251qp6-245inch-144hz-ips-brand-new-montor-for-sale-colombo-14,I MAC LK(PVT)LTD,True,10 hours
6a95248d375a1ed308cf7d5e,"Samsung 22″IPS 100Hz LS22D300GAEXXS, Brand New Monitor",Samsung,22 Inch,100Hz,1080p FHD,IPS,False,False,False,"Rs 26,500",26500,Brand New,Colombo,samsung-22ips-100hz-ls22d300gaexxs-brand-new-monitor-for-sale-colombo-5,https://ikman.lk/en/ad/samsung-22ips-100hz-ls22d300gaexxs-brand-new-monitor-for-sale-colombo-5,I MAC LK(PVT)LTD,True,10 hours
6a7e89b7b00e46830b6931a3,Dell 24 IPS LED HDMI Frameless Monitor 1080P Full HD.,Dell,24 Inch,60Hz,1080p FHD,IPS,False,False,True,"Rs 18,500",18500,Used,Colombo,dell-24-ips-led-hdmi-frameless-monitor-1080p-full-hd-for-sale-colombo-1,https://ikman.lk/en/ad/dell-24-ips-led-hdmi-frameless-monitor-1080p-full-hd-for-sale-colombo-1,,False,bump_up
6a951df3ffd43242e64d5189,Koorui G2711P FHD IPS 27INCH 200HZ Brand New Gaming Monitor,Other,27 Inch,200Hz,1080p FHD,IPS,False,True,False,"Rs 51,500",51500,Brand New,Colombo,koorui-g2711p-fhd-ips-27inch-200hz-brand-new-gaming-monitor-for-sale-colombo-40,https://ikman.lk/en/ad/koorui-g2711p-fhd-ips-27inch-200hz-brand-new-gaming-monitor-for-sale-colombo-40,Myitem.lk (PVT) Ltd,True,11 hours
6a85924902e9e159b4c778e5,Lenovo T24i – 10 Frameless 24 Inch Used Monitor Full HD (1080p),Lenovo,24 Inch,60Hz,1080p FHD,Standard,False,False,True,"Rs 21,000",21000,Used,Colombo,lenovo-t24i-10-frameless-24-inch-used-monitor-full-hd-1080p-for-sale-colombo-13,https://ikman.lk/en/ad/lenovo-t24i-10-frameless-24-inch-used-monitor-full-hd-1080p-for-sale-colombo-13,Computer Store.lk Pvt Ltd,True,bump_up
6a951a999cd1c620fdda3502,SAMSUNG 32 INCH IPS HDMI 2K USED MONITOR,Samsung,32 Inch,60Hz,2K QHD,IPS,False,False,False,"Rs 39,000",39000,Brand New,Colombo,samsung-32-inch-ips-hdmi-2k-used-monitor-for-sale-colombo-1,https://ikman.lk/en/ad/samsung-32-inch-ips-hdmi-2k-used-monitor-for-sale-colombo-1,Mdcomputers.lk(Pvt) Ltd,True,11 hours
6a9518dd6a4ccd46ec1788b7,"Koorui E2721H 27 INCH QHD 2K 1440P 120Hz IPS GAMING MONITOR 27""",Other,27 Inch,120Hz,2K QHD,IPS,False,True,False,"Rs 52,000",52000,Brand New,Colombo,koorui-e2721h-27-inch-qhd-2k-1440p-120hz-ips-gaming-monitor-27-for-sale-colombo-2,https://ikman.lk/en/ad/koorui-e2721h-27-inch-qhd-2k-1440p-120hz-ips-gaming-monitor-27-for-sale-colombo-2,Myitem.lk (PVT) Ltd,True,11 hours
6a9518102087fceadf3a8341,Koorui G2411P 24 Inch IPS FHD 200Hz Gaming Monitor,Other,24 Inch,200Hz,1080p FHD,IPS,False,True,False,"Rs 39,000",39000,Brand New,Colombo,koorui-g2411p-24-inch-ips-fhd-200hz-gaming-monitor-for-sale-colombo-28,https://ikman.lk/en/ad/koorui-g2411p-24-inch-ips-fhd-200hz-gaming-monitor-for-sale-colombo-28,Myitem.lk (PVT) Ltd,True,11 hours
6932942555dd26a39ce25646,Acer 27 \Inch Brandnew Monitors (144Hz).,Acer,27 Inch,144Hz,1080p FHD,Standard,False,False,False,"Rs 37,500",37500,Brand New,Colombo,acer-27-inch-brandnew-monitors-144hz-for-sale-colombo-12,https://ikman.lk/en/ad/acer-27-inch-brandnew-monitors-144hz-for-sale-colombo-12, Laptop Market,True,11 hours
6a9515a6a06833003d3692b7,Koorui E2411K 24 INCH 144HZ IPS FHD Brand New Monitor,Other,24 Inch,144Hz,1080p FHD,IPS,False,False,False,"Rs 33,000",33000,Brand New,Colombo,koorui-e2411k-24-inch-144hz-ips-fhd-brand-new-monitor-for-sale-colombo-12,https://ikman.lk/en/ad/koorui-e2411k-24-inch-144hz-ips-fhd-brand-new-monitor-for-sale-colombo-12,Myitem.lk (PVT) Ltd,True,11 hours
6a951418d63ac31774bc8534,Asus Monitors,Asus,Unknown,60Hz,Unknown,Standard,False,False,False,"Rs 8,000",8000,Used,Colombo,asus-monitors-for-sale-colombo,https://ikman.lk/en/ad/asus-monitors-for-sale-colombo,,False,11 hours
6a87dc792ffd5ea5a29afc67,Dell P2719H 27″ Full HD IPS Frameless Professional Monitor,Dell,27 Inch,60Hz,1080p FHD,IPS,False,False,True,"Rs 30,000",30000,Brand New,Colombo,dell-p2719h-27-full-hd-ips-frameless-professional-monitor-for-sale-colombo-1,https://ikman.lk/en/ad/dell-p2719h-27-full-hd-ips-frameless-professional-monitor-for-sale-colombo-1,Lio Computers,True,bump_up
6a9510594e602cceb0da347b,"Koorui E2212H 100HZ 21.5 Inches FHD Brand New Monitor 22""",Other,21.5 Inch,100Hz,1080p FHD,Standard,False,False,False,"Rs 25,500",25500,Brand New,Colombo,koorui-e2212h-100hz-215-inches-fhd-brand-new-monitor-22-for-sale-colombo-2,https://ikman.lk/en/ad/koorui-e2212h-100hz-215-inches-fhd-brand-new-monitor-22-for-sale-colombo-2,Myitem.lk (PVT) Ltd,True,12 hours
6a950f7797ff7a4171c93ee4,"Dell Monitor 23""",Dell,23 Inch,60Hz,Unknown,Standard,False,False,False,"Rs 10,500",10500,Used,Colombo,monitor-23-inche-for-sale-colombo,https://ikman.lk/en/ad/monitor-23-inche-for-sale-colombo,,False,12 hours
6a950c87b52656101cba7e63,HP Z24n 24-inch professional frameless monitor,HP,24 Inch,60Hz,1080p FHD,Standard,False,False,True,"Rs 21,000",21000,Used,Colombo,hp-z24n-24-inch-professional-frameless-monitor-for-sale-colombo-1,https://ikman.lk/en/ad/hp-z24n-24-inch-professional-frameless-monitor-for-sale-colombo-1,Max Core PC,True,12 hours
6a950aceaacf117bf6bc848d,"A+ Grade HP EliteDisplay E232 – 23"" Full HD IPS Monitor",HP,23 Inch,60Hz,1080p FHD,IPS,False,False,False,"Rs 15,500",15500,Used,Colombo,a-grade-hp-elitedisplay-e232-23-full-hd-ips-monitor-for-sale-colombo,https://ikman.lk/en/ad/a-grade-hp-elitedisplay-e232-23-full-hd-ips-monitor-for-sale-colombo,Max Core PC,True,12 hours
6a94fe871989630259c93e21,"Lenovo Thinkvision 24"" 2K Monitor",Lenovo,24 Inch,60Hz,2K QHD,Standard,False,False,False,"Rs 21,000",21000,Used,Colombo,thinkvision-for-sale-colombo,https://ikman.lk/en/ad/thinkvision-for-sale-colombo,,False,12 hours
6a950a0b15c14acbc7ddd34a,"MSI PRO MP225 E12VL 21.5"" Inch 120Hz 1ms FHD Slim Frameless Monitor",MSI,21.5 Inch,120Hz,1080p FHD,Standard,False,False,True,"Rs 26,500",26500,Brand New,Colombo,msi-pro-mp225-e12vl-215-inch-120hz-1ms-fhd-slim-frameless-monitor-for-sale-colombo-42,https://ikman.lk/en/ad/msi-pro-mp225-e12vl-215-inch-120hz-1ms-fhd-slim-frameless-monitor-for-sale-colombo-42,Myitem.lk (PVT) Ltd,True,12 hours
6a95087c1f691b543e87e076,"Dell UltraSharp U2417H IPS Full HD Frameless USED Monitor 24""",Dell,24 Inch,60Hz,1080p FHD,IPS,False,False,True,"Rs 21,500",21500,Used,Colombo,dell-ultrasharp-u2417h-ips-full-hd-frameless-used-monitor-24-for-sale-colombo-14,https://ikman.lk/en/ad/dell-ultrasharp-u2417h-ips-full-hd-frameless-used-monitor-24-for-sale-colombo-14,Myitem.lk (PVT) Ltd,True,12 hours
6a9506cc9688621012ba7e21,laptop prology screen extender,Other,Unknown,60Hz,Unknown,Standard,False,False,False,"Rs 149,990",149990,Brand New,Colombo,laptop-prology-screen-extender-for-sale-colombo-78,https://ikman.lk/en/ad/laptop-prology-screen-extender-for-sale-colombo-78,Prodo.lk ,True,12 hours
6a9502be8e3b7a5bd9ddd305,"Acer 27"" Full HD Nitro Gaming Monitor - KG273 W3 240Hz Brand New",Acer,27 Inch,240Hz,1080p FHD,Standard,False,True,False,"Rs 48,500",48500,Brand New,Colombo,acer-27-full-hd-nitro-gaming-monitor-kg273-w3-240hz-brand-new-for-sale-colombo-76,https://ikman.lk/en/ad/acer-27-full-hd-nitro-gaming-monitor-kg273-w3-240hz-brand-new-for-sale-colombo-76,Myitem.lk (PVT) Ltd,True,13 hours
6a950259b416a296777672d0,"Falcon HS185 WIDE LED HD Monitor brand New 18.5""",Other,18.5 Inch,60Hz,HD,Standard,False,False,False,"Rs 19,500",19500,Brand New,Colombo,falcon-hs185-wide-led-hd-monitor-brand-new-185-for-sale-colombo-11,https://ikman.lk/en/ad/falcon-hs185-wide-led-hd-monitor-brand-new-185-for-sale-colombo-11,Myitem.lk (PVT) Ltd,True,13 hours
6a882069707b5f06e50f43e2,"ViewSonic VA2214-H BRAND NEW IPS FULL HD MONITOR 22""",Viewsonic,22 Inch,60Hz,1080p FHD,IPS,False,False,False,"Rs 28,490",28490,Brand New,Colombo,viewsonic-va2214-h-brand-new-ips-full-hd-monitor-22-for-sale-colombo-4,https://ikman.lk/en/ad/viewsonic-va2214-h-brand-new-ips-full-hd-monitor-22-for-sale-colombo-4,Max Core PC,True,bump_up
6a840731fa6f9845486cfa1d,"24"" Inch DELL Frameless IPS Monitor (Full HD)",Dell,24 Inch,60Hz,1080p FHD,IPS,False,False,True,"Rs 21,500",21500,Brand New,Colombo,24-inch-dell-frameless-ips-monitor-full-hd-for-sale-colombo,https://ikman.lk/en/ad/24-inch-dell-frameless-ips-monitor-full-hd-for-sale-colombo,Lio Computers,True,bump_up
6a94f8ad1989630259c93ddb,HP N220H 21.5 INCH MONITOR JAPAN Model,HP,21.5 Inch,60Hz,Unknown,Standard,False,False,False,"Rs 9,500",9500,Used,Colombo,hp-n220h-215-inch-monitor-japan-model-for-sale-colombo,https://ikman.lk/en/ad/hp-n220h-215-inch-monitor-japan-model-for-sale-colombo,TokyoTech Computers,True,13 hours
6a94f7b8c67c133741c93db9,Philips 226E9Q 22 INCH FRAMELESS MONITOR JAPAN Model,Philips,22 Inch,60Hz,1080p FHD,IPS,False,False,True,"Rs 16,500",16500,Used,Colombo,philips-226e9q-22-inch-frameless-monitor-japan-model-for-sale-colombo,https://ikman.lk/en/ad/philips-226e9q-22-inch-frameless-monitor-japan-model-for-sale-colombo,TokyoTech Computers,True,13 hours
6a94f70b91665f1c7bbcc4f0,Dell E2318H 23” LED Monitor Japan,Dell,23 Inch,60Hz,Unknown,Standard,False,False,False,"Rs 12,500",12500,Used,Colombo,dell-e2318h-23-led-monitor-japan-for-sale-colombo-1,https://ikman.lk/en/ad/dell-e2318h-23-led-monitor-japan-for-sale-colombo-1,TokyoTech Computers,True,13 hours
6a94f672e6b1acb4e4767275,Philips 226E9Q 22 INCH FRAMELESS MONITOR JAPAN,Philips,22 Inch,60Hz,1080p FHD,IPS,False,False,True,"Rs 16,500",16500,Used,Colombo,philips-226e9q-22-inch-frameless-monitor-japan-for-sale-colombo-2,https://ikman.lk/en/ad/philips-226e9q-22-inch-frameless-monitor-japan-for-sale-colombo-2,TokyoTech Computers,True,13 hours
6a94f4a31989630259c93dbd,Acer V226HQL 21.5” LED Monitor Japan,Acer,21 Inch,60Hz,Unknown,Standard,False,False,False,"Rs 14,999",14999,Used,Colombo,acer-v226hql-215-led-monitor-japan-for-sale-colombo-1,https://ikman.lk/en/ad/acer-v226hql-215-led-monitor-japan-for-sale-colombo-1,TokyoTech Computers,True,14 hours
6a94f418e6b1acb4e476725c,ASUS VG259 24.5 INCH GAMING MONITOR JAPAN,Asus,24.5 Inch,60Hz,Unknown,Standard,False,True,False,"Rs 16,500",16500,Used,Colombo,asus-vg259-245-inch-gaming-monitor-japan-for-sale-colombo-2,https://ikman.lk/en/ad/asus-vg259-245-inch-gaming-monitor-japan-for-sale-colombo-2,TokyoTech Computers,True,14 hours
6a94f3702cdfc088a4fa1755,EIZO FlexScan EV2116W 21.5” Monitor Japan Model,Other,21 Inch,60Hz,Unknown,Standard,False,False,False,"Rs 9,500",9500,Used,Colombo,eizo-flexscan-ev2116w-215-monitor-japan-model-for-sale-colombo,https://ikman.lk/en/ad/eizo-flexscan-ev2116w-215-monitor-japan-model-for-sale-colombo,TokyoTech Computers,True,14 hours
6a94f133dec33f1515ddd22d,Dell P2412Hb 24” Full HD LED Monitor Japan,Dell,24 Inch,60Hz,1080p FHD,Standard,False,False,False,"Rs 11,500",11500,Used,Colombo,dell-p2412hb-24-full-hd-led-monitor-japan-for-sale-colombo-3,https://ikman.lk/en/ad/dell-p2412hb-24-full-hd-led-monitor-japan-for-sale-colombo-3,TokyoTech Computers,True,14 hours
6a94e6771989630259c93d5d,HKC 32 Inch Monitor (2k 144hz),Other,32 Inch,144Hz,2K QHD,Standard,False,False,False,"Rs 52,500",52500,Used,Colombo,hkc-32-inch-monitor-2k-144hz-for-sale-colombo,https://ikman.lk/en/ad/hkc-32-inch-monitor-2k-144hz-for-sale-colombo,,False,14 hours
6a94db86d9556989a644a12c,Used Samsung 19' Square Monitor,Samsung,19 Inch,60Hz,Unknown,Standard,False,False,False,"Rs 5,000",5000,Used,Colombo,used-samsung-19-square-monitor-for-sale-for-sale-colombo,https://ikman.lk/en/ad/used-samsung-19-square-monitor-for-sale-for-sale-colombo,,False,15 hours
6a94686a630fd4adb5285324,"Samsung F24T350FHE 24"" Monitor",Samsung,24 Inch,60Hz,1080p FHD,Standard,False,False,False,"Rs 20,000",20000,Used,Kandy,monitor-samsung-f24t350fhe-24-for-sale-kandy,https://ikman.lk/en/ad/monitor-samsung-f24t350fhe-24-for-sale-kandy,,False,1 day
6a8e8b90e5ab67963699fd7a,Dell 24” ips frameless Monitor,Dell,24 Inch,60Hz,1080p FHD,IPS,False,False,True,"Rs 19,900",19900,Used,Colombo,dell-24-ips-frameless-monitor-for-sale-colombo-8,https://ikman.lk/en/ad/dell-24-ips-frameless-monitor-for-sale-colombo-8,Computer House,True,bump_up
6a944baab2cadc82ece54b50,Dell 27-Inch Monitor,Dell,27 Inch,60Hz,1080p FHD,Standard,False,False,False,"Rs 32,000",32000,Used,Anuradhapura,dell-27-inch-monitor-for-sale-anuradhapura,https://ikman.lk/en/ad/dell-27-inch-monitor-for-sale-anuradhapura,,False,1 day
6a9436ccbe0774ccf527d052,"HKC 32"" CURVED 144Hz (2k) GAMING MONITOR",Other,32 Inch,144Hz,2K QHD,Standard,True,True,False,"Rs 55,900",55900,Used,Puttalam,hkc-32-curved-144hz-2k-gaming-monitor-for-sale-puttalam-3,https://ikman.lk/en/ad/hkc-32-curved-144hz-2k-gaming-monitor-for-sale-puttalam-3,SMART ZONE,True,1 day
6a941c8f842bee9fd36edebf,Philips 240B4Q 24 inch IPS Monitor Japan,Philips,24 Inch,60Hz,1080p FHD,IPS,False,False,False,"Rs 12,500",12500,Used,Colombo,philips-240b4q-24-inch-ips-monitor-japan-for-sale-colombo-33,https://ikman.lk/en/ad/philips-240b4q-24-inch-ips-monitor-japan-for-sale-colombo-33,TokyoTech Computers,True,1 day
6a941b67799f52434e27d49b,ASUS VG259 24.5 INCH GAMING MONITOR JAPAN,Asus,24.5 Inch,60Hz,Unknown,Standard,False,True,False,"Rs 28,500",28500,Used,Colombo,asus-vg259-245-inch-gaming-monitor-japan-for-sale-colombo-1,https://ikman.lk/en/ad/asus-vg259-245-inch-gaming-monitor-japan-for-sale-colombo-1,TokyoTech Computers,True,1 day
6a941ae6fb567342746edece,Lenovo ThinkVision E2323 23” LED Monitor Japan,Lenovo,23 Inch,60Hz,Unknown,Standard,False,False,False,"Rs 8,500",8500,Used,Colombo,lenovo-thinkvision-e2323-23-led-monitor-japan-for-sale-colombo-2,https://ikman.lk/en/ad/lenovo-thinkvision-e2323-23-led-monitor-japan-for-sale-colombo-2,TokyoTech Computers,True,1 day
6a941a76fb567342746edec9,HP V242 24” Full HD LED Monitor | VGA & DVI Japan,HP,24 Inch,60Hz,1080p FHD,Standard,False,False,False,"Rs 8,500",8500,Used,Colombo,hp-v242-24-full-hd-led-monitor-vga-and-dvi-japan-for-sale-colombo,https://ikman.lk/en/ad/hp-v242-24-full-hd-led-monitor-vga-and-dvi-japan-for-sale-colombo,TokyoTech Computers,True,1 day
6a94144c8d5176bd5b87d640,27 INCH LENOVO THINKVISION IPS FHD HDMI USED MONITOR,Lenovo,27 Inch,60Hz,1080p FHD,IPS,False,False,False,"Rs 27,500",27500,Used,Colombo,27-inch-lenovo-thinkvision-ips-fhd-hdmi-used-monitor-for-sale-colombo-50,https://ikman.lk/en/ad/27-inch-lenovo-thinkvision-ips-fhd-hdmi-used-monitor-for-sale-colombo-50,Mdcomputers.lk(Pvt) Ltd,True,1 day
6a9412cc1c908a573287d66c,27 INCH ATEC FULL HD LED USED MONITOR,Other,27 Inch,60Hz,1080p FHD,Standard,False,False,False,"Rs 21,500",21500,Used,Colombo,27-inch-atec-full-hd-led-used-monitor-for-sale-colombo-79,https://ikman.lk/en/ad/27-inch-atec-full-hd-led-used-monitor-for-sale-colombo-79,Mdcomputers.lk(Pvt) Ltd,True,1 day
6a9411ae47090c7b11e53d9c,24 INCH HP P240VA FULL HD USED MONITOR,HP,24 Inch,60Hz,1080p FHD,Standard,False,False,False,"Rs 15,500",15500,Used,Colombo,24-inch-hp-p240va-full-hd-used-monitor-for-sale-colombo,https://ikman.lk/en/ad/24-inch-hp-p240va-full-hd-used-monitor-for-sale-colombo,Mdcomputers.lk(Pvt) Ltd,True,1 day
6a940ee4b6b538ae8db8ff30,SAMSUNG 24 INCH IPS FRAMLESS – 75HZ USED MONITOR,Samsung,24 Inch,75Hz,1080p FHD,IPS,False,False,False,"Rs 22,000",22000,Used,Colombo,samsung-24-inch-ips-framless-75hz-used-monitor-for-sale-colombo,https://ikman.lk/en/ad/samsung-24-inch-ips-framless-75hz-used-monitor-for-sale-colombo,Mdcomputers.lk(Pvt) Ltd,True,1 day
6a940e18842bee9fd36ede75,"Lenovo ThinkVision 23"" FHD LED LCD Monitor Used",Lenovo,23 Inch,60Hz,1080p FHD,Standard,False,False,False,"Rs 10,000",10000,Used,Gampaha,lenovo-thinkvision-23-fhd-led-lcd-monitor-used-for-sale-gampaha,https://ikman.lk/en/ad/lenovo-thinkvision-23-fhd-led-lcd-monitor-used-for-sale-gampaha,,False,1 day
68a2eb220125c4a9ece3520a,27 Inch LED HDMI Monitors Used,Other,27 Inch,60Hz,HD,Standard,False,False,False,"Rs 18,500",18500,Used,Gampaha,27-inch-led-hdmi-monitors-used-for-sale-gampaha-1,https://ikman.lk/en/ad/27-inch-led-hdmi-monitors-used-for-sale-gampaha-1,U TECZONE,True,1 day
6879f94a3af16e00431c0db1,22 Inch Led monitors Used,Other,22 Inch,60Hz,1080p FHD,Standard,False,False,False,"Rs 12,500",12500,Used,Gampaha,22-inch-led-monitors-used-for-sale-gampaha,https://ikman.lk/en/ad/22-inch-led-monitors-used-for-sale-gampaha,U TECZONE,True,1 day
6a940a50a0d16a20939acd1d,24 INCH DELL P2422HE IPS FRAMELESS USED TYPE-C FHD MONITOR,Dell,24 Inch,60Hz,1080p FHD,IPS,False,False,True,"Rs 27,500",27500,Brand New,Colombo,24-inch-dell-p2422he-ips-frameless-used-type-c-fhd-monitor-for-sale-colombo-20,https://ikman.lk/en/ad/24-inch-dell-p2422he-ips-frameless-used-type-c-fhd-monitor-for-sale-colombo-20,Mdcomputers.lk(Pvt) Ltd,True,1 day
6a94091ed3c309ce2987d5a8,30 INCH DELL ULTRASHARP IPS HDMI USED MONITOR,Dell,30 Inch,60Hz,HD,IPS,False,False,False,"Rs 34,500",34500,Brand New,Colombo,30-inch-dell-ultrasharp-ips-hdmi-used-monitor-for-sale-colombo-7,https://ikman.lk/en/ad/30-inch-dell-ultrasharp-ips-hdmi-used-monitor-for-sale-colombo-7,Mdcomputers.lk(Pvt) Ltd,True,1 day
6a94081f0f18982c132b4f8d,SAMSUNG 32 INCH IPS HDMI 2K USED MONITOR,Samsung,32 Inch,60Hz,2K QHD,IPS,False,False,False,"Rs 39,000",39000,Brand New,Colombo,samsung-32-inch-ips-hdmi-2k-used-monitor-for-sale-colombo,https://ikman.lk/en/ad/samsung-32-inch-ips-hdmi-2k-used-monitor-for-sale-colombo,Mdcomputers.lk(Pvt) Ltd,True,1 day
6a94018003b8a554aae54999,"24"" LED|WIDE Monitor with Soundbar Speaker",Other,24 Inch,60Hz,1080p FHD,Standard,False,False,False,"Rs 13,950",13950,Used,Gampaha,24-ledwide-monitor-with-soundbar-speaker-for-sale-gampaha-1,https://ikman.lk/en/ad/24-ledwide-monitor-with-soundbar-speaker-for-sale-gampaha-1,ShaTech Zone,True,1 day
6a9400a7b6b538ae8db8febe,"MONITOR 24"" 120HZ IPS (BRAND NEW) FHD|FRAMELESS - ASUS",Asus,24 Inch,120Hz,1080p FHD,IPS,False,False,True,"Rs 33,950",33950,Brand New,Gampaha,monitor-24-120hz-ips-brand-new-fhdframeless-asus-for-sale-gampaha,https://ikman.lk/en/ad/monitor-24-120hz-ips-brand-new-fhdframeless-asus-for-sale-gampaha,ShaTech Zone,True,1 day
6a93f6174e4a9201769accc2,FALCON – 19” INCH LED+HDMI BRAND NEW MONITOR ( 2 YEARS WARRANTY ),Other,19 Inch,60Hz,HD,Standard,False,False,False,"Rs 17,000",17000,Brand New,Colombo,falcon-19-inch-ledhdmi-brand-new-monitor-2-years-warranty-for-sale-colombo-52,https://ikman.lk/en/ad/falcon-19-inch-ledhdmi-brand-new-monitor-2-years-warranty-for-sale-colombo-52,Mdcomputers.lk(Pvt) Ltd,True,1 day
6a93f4dc48107fb0478a96eb,ASUS TUF VG249Q3R 23.8” INCH FHD IPS 180Hz 1ms Amd Freesync FRAMELESS,Asus,23 Inch,180Hz,1080p FHD,IPS,False,False,True,"Rs 44,300",44300,Brand New,Colombo,asus-tuf-vg249q3r-238-inch-fhd-ips-180hz-1ms-amd-freesync-frameless-for-sale-colombo,https://ikman.lk/en/ad/asus-tuf-vg249q3r-238-inch-fhd-ips-180hz-1ms-amd-freesync-frameless-for-sale-colombo,Mdcomputers.lk(Pvt) Ltd,True,1 day
6a93f1edfbcdc3bec4e3f22d,DAHUA DHI-LM27-E231 27” FHD IPS 165Hz GAMING MONITOR,Other,27 Inch,165Hz,1080p FHD,IPS,False,True,False,"Rs 43,000",43000,Brand New,Colombo,dahua-dhi-lm27-e231-27-fhd-ips-165hz-gaming-monitor-for-sale-colombo-13,https://ikman.lk/en/ad/dahua-dhi-lm27-e231-27-fhd-ips-165hz-gaming-monitor-for-sale-colombo-13,Mdcomputers.lk(Pvt) Ltd,True,1 day
6a93f1e9a0d16a20939acc5e,KOORUI 25″ G2511P 200Hz IPS FHD HDR400 BRAND NEW MONITOR,Other,25 Inch,200Hz,1080p FHD,IPS,False,False,False,"Rs 39,000",39000,Brand New,Colombo,koorui-25-g2511p-200hz-ips-fhd-hdr400-brand-new-monitor-for-sale-colombo-3,https://ikman.lk/en/ad/koorui-25-g2511p-200hz-ips-fhd-hdr400-brand-new-monitor-for-sale-colombo-3,Mdcomputers.lk(Pvt) Ltd,True,1 day
6a93f1e0a0d16a20939acc5b,ASUS VP227HF 22 INCH LED EYE CARE 100Hz GAMING MONITOR,Asus,22 Inch,100Hz,1080p FHD,Standard,False,True,False,"Rs 27,000",27000,Brand New,Colombo,asus-vp227hf-22-inch-led-eye-care-100hz-gaming-monitor-for-sale-colombo,https://ikman.lk/en/ad/asus-vp227hf-22-inch-led-eye-care-100hz-gaming-monitor-for-sale-colombo,Mdcomputers.lk(Pvt) Ltd,True,1 day
6a93f1dedacd506516e4a262,MSI PRO MP225 E12VL 21.5″ Inch 120Hz 1ms FHD ULTRA SLIM FRAMLESS MONITOR,MSI,21 Inch,120Hz,1080p FHD,Standard,False,False,False,"Rs 27,000",27000,Brand New,Colombo,msi-pro-mp225-e12vl-215-inch-120hz-1ms-fhd-ultra-slim-framless-monitor-for-sale-colombo-8,https://ikman.lk/en/ad/msi-pro-mp225-e12vl-215-inch-120hz-1ms-fhd-ultra-slim-framless-monitor-for-sale-colombo-8,Mdcomputers.lk(Pvt) Ltd,True,1 day
6a93f1dbc790cfb990e4a243,FALCON 17INCH SQUARE LED HDMI MONITOR,Other,17 Inch,60Hz,HD,Standard,False,False,False,"Rs 10,500",10500,Brand New,Colombo,falcon-17inch-square-led-hdmi-monitor-for-sale-colombo-1,https://ikman.lk/en/ad/falcon-17inch-square-led-hdmi-monitor-for-sale-colombo-1,Mdcomputers.lk(Pvt) Ltd,True,1 day
6a93da3ab180a2c6fee54ab7,"HP 23"" IPS Frameless",HP,23 Inch,60Hz,Unknown,IPS,False,False,True,"Rs 10,000",10000,Used,Colombo,hp-23-ips-framless-for-sale-colombo,https://ikman.lk/en/ad/hp-23-ips-framless-for-sale-colombo,,False,1 day
6a93d8c9a32d9d6e03e3f145,LED Monitor 19inch,Other,19 Inch,60Hz,Unknown,Standard,False,False,False,"Rs 5,000",5000,Used,Kalutara,led-monitor-19inch-for-sale-kalutara-1,https://ikman.lk/en/ad/led-monitor-19inch-for-sale-kalutara-1,,False,1 day
6a93d7998fb4859db98a95dc,21” Dell Monitor,Dell,21 Inch,60Hz,Unknown,Standard,False,False,False,"Rs 7,000",7000,Used,Kegalle,21-monitors-dell-for-sale-kegalle,https://ikman.lk/en/ad/21-monitors-dell-for-sale-kegalle,,False,1 day
6a93d30e7d15d2992be7491b,ViewSonic 22 Inch VA2209 - 2 Monitors,Viewsonic,22 Inch,60Hz,1080p FHD,Standard,False,False,False,"Rs 19,000",19000,Used,Colombo,viewsonic-22-inch-va2209-2-monitors-for-sale-colombo,https://ikman.lk/en/ad/viewsonic-22-inch-va2209-2-monitors-for-sale-colombo,,False,1 day
6a93d1ccd33be3f2e2a69c2d,"MONITOR 24"" IPS FRAMELESS (1980 x 1080P) FHD|HDMI",Other,24 Inch,60Hz,1080p FHD,IPS,False,False,True,"Rs 21,150",21150,Used,Gampaha,monitor-24-ips-frameless-1980-x-1080p-fhdhdmi-for-sale-gampaha,https://ikman.lk/en/ad/monitor-24-ips-frameless-1980-x-1080p-fhdhdmi-for-sale-gampaha,ShaTech Zone,True,1 day
69254b6d04b2dc829d14647d,Acer 27 Inch Brandnew Monitors (144Hz),Acer,27 Inch,144Hz,1080p FHD,Standard,False,False,False,"Rs 37,500",37500,Brand New,Colombo,acer-27-inch-brandnew-monitors-144hz-for-sale-colombo-10,https://ikman.lk/en/ad/acer-27-inch-brandnew-monitors-144hz-for-sale-colombo-10, Laptop Market,True,1 day
6a93c87a7d15d2992be748c8,Alphascan 24 Inch Monitor,Other,24 Inch,60Hz,1080p FHD,Standard,False,False,False,"Rs 13,990",13990,Used,Colombo,alphascan-24-inch-monitor-for-sale-colombo,https://ikman.lk/en/ad/alphascan-24-inch-monitor-for-sale-colombo,,False,1 day
6a93c8f8e58bbf2c31f2200e,27 Inch Monitor,Other,27 Inch,60Hz,1080p FHD,Standard,False,False,False,"Rs 17,450",17450,Used,Colombo,27-inch-monitor-for-sale-colombo,https://ikman.lk/en/ad/27-inch-monitor-for-sale-colombo,,False,1 day
6a93c7cf5ba712695be748f4,Hp 24 Inch Monitor,HP,24 Inch,60Hz,1080p FHD,Standard,False,False,False,"Rs 12,450",12450,Used,Colombo,hp-24-inch-monitor-for-sale-colombo-2,https://ikman.lk/en/ad/hp-24-inch-monitor-for-sale-colombo-2,,False,1 day
6a93bef7a32d9d6e03e3f05b,MSI Optix MAG251RX,MSI,Unknown,60Hz,Unknown,Standard,False,False,False,"Rs 39,000",39000,Used,Gampaha,msi-optix-mag251rx-for-sale-gampaha,https://ikman.lk/en/ad/msi-optix-mag251rx-for-sale-gampaha,,False,2 days
6a93b6af6fec86c95b8fd976,Dell 19 Inch LCD Monitor,Dell,19 Inch,60Hz,Unknown,Standard,False,False,False,"Rs 7,500",7500,Used,Colombo,dell-19-inch-lcd-monitor-for-sale-colombo,https://ikman.lk/en/ad/dell-19-inch-lcd-monitor-for-sale-colombo,,False,2 days
6a9337c9ebda3e31359c00ad,HP 24 Inch IPS Frameless Monitor,HP,24 Inch,60Hz,1080p FHD,IPS,False,False,True,"Rs 21,000",21000,Used,Anuradhapura,hp-24-inch-ips-frameless-monitor-for-sale-anuradhapura,https://ikman.lk/en/ad/hp-24-inch-ips-frameless-monitor-for-sale-anuradhapura,,False,2 days
6a93046e8ac5e0c3ce45063b,HP Z23n G2 23” IPS Full HD Monitor | HDMI DisplayPort VGA,HP,23 Inch,60Hz,1080p FHD,IPS,False,False,False,"Rs 18,500",18500,Used,Colombo,hp-z23n-g2-23-ips-full-hd-monitor-hdmi-displayport-vga-for-sale-colombo-1,https://ikman.lk/en/ad/hp-z23n-g2-23-ips-full-hd-monitor-hdmi-displayport-vga-for-sale-colombo-1,TokyoTech Computers,True,3 days
6a9303cf727da68d08450663,Dell E2211HB 22” LED Monitor (Black) Japan,Dell,22 Inch,60Hz,1080p FHD,Standard,False,False,False,"Rs 8,500",8500,Used,Colombo,dell-e2211hb-22-led-monitor-black-japan-for-sale-colombo-1,https://ikman.lk/en/ad/dell-e2211hb-22-led-monitor-black-japan-for-sale-colombo-1,TokyoTech Computers,True,3 days
6a93033edf323444f78ce3d0,HP Z24i 24” IPS Professional Monitor Japan,HP,24 Inch,60Hz,1080p FHD,IPS,False,False,False,"Rs 13,500",13500,Used,Colombo,hp-z24i-24-ips-professional-monitor-japan-for-sale-colombo-1,https://ikman.lk/en/ad/hp-z24i-24-ips-professional-monitor-japan-for-sale-colombo-1,TokyoTech Computers,True,3 days
6a930293c0e5679239d14c17,HP P232 23 INCH FULL HD MONITOR JAPAN,HP,23 Inch,60Hz,1080p FHD,Standard,False,False,False,"Rs 12,500",12500,Used,Colombo,hp-p232-23-inch-full-hd-monitor-japan-for-sale-colombo,https://ikman.lk/en/ad/hp-p232-23-inch-full-hd-monitor-japan-for-sale-colombo,TokyoTech Computers,True,3 days
6a9301bd7c48ea5450584ee1,Lenovo T2254A 22 INCH FULL HD MONITOR JAPAN,Lenovo,22 Inch,60Hz,1080p FHD,Standard,False,False,False,"Rs 7,999",7999,Used,Colombo,lenovo-t2254a-22-inch-full-hd-monitor-japan-for-sale-colombo-2,https://ikman.lk/en/ad/lenovo-t2254a-22-inch-full-hd-monitor-japan-for-sale-colombo-2,TokyoTech Computers,True,3 days
6a92ec688bb16cd678cce2ab,Monitor,Other,Unknown,60Hz,Unknown,Standard,False,False,False,"Rs 5,500",5500,Used,Gampaha,monitor-founder-for-sale-gampaha,https://ikman.lk/en/ad/monitor-founder-for-sale-gampaha,,False,3 days
6a92df97a651f4d61aecd612,KOORUI 27INCH GAMING MONITOR (144HZ),Other,27 Inch,144Hz,1080p FHD,Standard,False,True,False,"Rs 39,999",39999,Brand New,Kandy,koorui-27inch-gaming-monitor-144hz-for-sale-kandy,https://ikman.lk/en/ad/koorui-27inch-gaming-monitor-144hz-for-sale-kandy,GAMERS ARSENAL,True,3 days
6a92dee17977830f32a07f76,"Monitor with Soundbar Speaker - 24"" Wide|LED",Other,24 Inch,60Hz,1080p FHD,Standard,False,False,False,"Rs 13,950",13950,Used,Gampaha,monitor-with-soundbar-speaker-24-wideled-for-sale-gampaha,https://ikman.lk/en/ad/monitor-with-soundbar-speaker-24-wideled-for-sale-gampaha,ShaTech Zone,True,3 days
6a92ca135890576e658ce24e,"24"" IPS MONITOR 120HZ (BRAND NEW) ASUS - FHD|FRAMELESS",Asus,24 Inch,120Hz,1080p FHD,IPS,False,False,True,"Rs 33,950",33950,Brand New,Gampaha,24-ips-monitor-120hz-brand-new-asus-fhdframeless-for-sale-gampaha,https://ikman.lk/en/ad/24-ips-monitor-120hz-brand-new-asus-fhdframeless-for-sale-gampaha,ShaTech Zone,True,3 days
6a92c972c0e5679239d14ae5,"HP EliteDisplay E232 – 23"" Full HD IPS Monitor",HP,23 Inch,60Hz,1080p FHD,IPS,False,False,False,"Rs 14,500",14500,Used,Colombo,hp-elitedisplay-e232-23-full-hd-ips-monitor-for-sale-colombo,https://ikman.lk/en/ad/hp-elitedisplay-e232-23-full-hd-ips-monitor-for-sale-colombo,Max Core PC,True,3 days
6a92c908da434f322bd14a81,"24"" IPS MONITOR FRAMELESS (1980 x 1080P) FHD|HDMI",Other,24 Inch,60Hz,1080p FHD,IPS,False,False,True,"Rs 21,150",21150,Used,Colombo,24-ips-monitor-frameless-1980-x-1080p-fhdhdmi-for-sale-colombo,https://ikman.lk/en/ad/24-ips-monitor-frameless-1980-x-1080p-fhdhdmi-for-sale-colombo,ShaTech Zone,True,3 days
6a92c5b6727da68d08450513,LED / LCD Monitors | IPS HDMI VGA,Other,Unknown,60Hz,HD,IPS,False,False,False,"Rs 7,500",7500,Used,Gampaha,led-lcd-monitors-ips-hdmi-vga-for-sale-gampaha-1,https://ikman.lk/en/ad/led-lcd-monitors-ips-hdmi-vga-for-sale-gampaha-1,Comzonex,True,3 days
6a92c358a651f4d61aecd54d,Lenovo C24-20 Inch VA HDMI FULL HD FRAMLESS USED MONITOR,Lenovo,20 Inch,60Hz,1080p FHD,VA,False,False,False,"Rs 20,500",20500,Used,Colombo,lenovo-c24-20-inch-va-hdmi-full-hd-framless-used-monitor-for-sale-colombo,https://ikman.lk/en/ad/lenovo-c24-20-inch-va-hdmi-full-hd-framless-used-monitor-for-sale-colombo,Myitem.lk (PVT) Ltd,True,3 days
6a92c2f046fe34f5f0e41335,"27"" IPS MONITOR FRAMELESS (1980 x 1080P) ULTRA SLIM|FHD|HDMI",Other,27 Inch,60Hz,1080p FHD,IPS,False,False,True,"Rs 33,850",33850,Used,Gampaha,27-ips-monitor-frameless-1980-x-1080p-ultra-slimfhdhdmi-for-sale-gampaha,https://ikman.lk/en/ad/27-ips-monitor-frameless-1980-x-1080p-ultra-slimfhdhdmi-for-sale-gampaha,ShaTech Zone,True,3 days
6a92c24edcc7c34de1aa815d,"MONITOR 23"" IPS (1980 x 1080P) FHD|HDMI|FRAMELESS",Other,23 Inch,60Hz,1080p FHD,IPS,False,False,True,"Rs 19,450",19450,Used,Colombo,monitor-23-ips-1980-x-1080p-fhdhdmiframeless-for-sale-colombo,https://ikman.lk/en/ad/monitor-23-ips-1980-x-1080p-fhdhdmiframeless-for-sale-colombo,ShaTech Zone,True,3 days
6a92c105a651f4d61aecd53c,23 INCH HP ELITE E230T IPS TOUCH SCREEN USED MONITOR,HP,23 Inch,60Hz,Unknown,IPS,False,False,False,"Rs 38,500",38500,Used,Colombo,23-inch-hp-elite-e230t-ips-touch-screen-used-monitor-for-sale-colombo-52,https://ikman.lk/en/ad/23-inch-hp-elite-e230t-ips-touch-screen-used-monitor-for-sale-colombo-52,Mdcomputers.lk(Pvt) Ltd,True,3 days
6a92be1707a97a646a20acbd,30 INCH DELL ULTRASHARP IPS HDMI USED MONITOR,Dell,30 Inch,60Hz,HD,IPS,False,False,False,"Rs 34,500",34500,Used,Colombo,30-inch-dell-ultrasharp-ips-hdmi-used-monitor-for-sale-colombo-6,https://ikman.lk/en/ad/30-inch-dell-ultrasharp-ips-hdmi-used-monitor-for-sale-colombo-6,Mdcomputers.lk(Pvt) Ltd,True,3 days
6a92bbbd68a5a731c1ecd5b2,27 Inch Dell P2714HC IPS LED Used Monitor,Dell,27 Inch,60Hz,1080p FHD,IPS,False,False,False,"Rs 28,000",28000,Used,Colombo,27-inch-dell-p2714hc-ips-led-used-monitor-for-sale-colombo-33,https://ikman.lk/en/ad/27-inch-dell-p2714hc-ips-led-used-monitor-for-sale-colombo-33,Mdcomputers.lk(Pvt) Ltd,True,3 days
6a92b8e4da434f322bd14a15,24 INCH DELL P2422HE IPS FRAMELESS USED TYPE-C FHD MONITOR,Dell,24 Inch,60Hz,1080p FHD,IPS,False,False,True,"Rs 27,500",27500,Used,Colombo,24-inch-dell-p2422he-ips-frameless-used-type-c-fhd-monitor-for-sale-colombo-19,https://ikman.lk/en/ad/24-inch-dell-p2422he-ips-frameless-used-type-c-fhd-monitor-for-sale-colombo-19,Mdcomputers.lk(Pvt) Ltd,True,3 days
6a92b7c446fe34f5f0e412dd,27 Inch Lenovo Thinkvision Ips FHD HDMI Used Monitor,Lenovo,27 Inch,60Hz,1080p FHD,IPS,False,False,False,"Rs 27,500",27500,Used,Colombo,27-inch-lenovo-thinkvision-ips-fhd-hdmi-used-monitor-for-sale-colombo-49,https://ikman.lk/en/ad/27-inch-lenovo-thinkvision-ips-fhd-hdmi-used-monitor-for-sale-colombo-49,Mdcomputers.lk(Pvt) Ltd,True,3 days
6a92b70cdcc7c34de1aa80f1,24 INCH DELL ULTRASHARP U2419H FULL HD IPS FRAMELESS USED MONITOR,Dell,24 Inch,60Hz,1080p FHD,IPS,False,False,True,"Rs 22,500",22500,Used,Colombo,24-inch-dell-ultrasharp-u2419h-full-hd-ips-frameless-used-monitor-for-sale-colombo-7,https://ikman.lk/en/ad/24-inch-dell-ultrasharp-u2419h-full-hd-ips-frameless-used-monitor-for-sale-colombo-7,Mdcomputers.lk(Pvt) Ltd,True,3 days
6a92b6c9b68faaf81020ac65,"Lenovo ThinkVision P24h-10 IPS 2K QHD 1440P FRAMELESS USED MONITOR 24""",Lenovo,24 Inch,60Hz,2K QHD,IPS,False,False,True,"Rs 28,500",28500,Used,Colombo,lenovo-thinkvision-p24h-10-ips-2k-qhd-1440p-frameless-used-monitor-24-for-sale-colombo-2,https://ikman.lk/en/ad/lenovo-thinkvision-p24h-10-ips-2k-qhd-1440p-frameless-used-monitor-24-for-sale-colombo-2,Max Core PC,True,3 days
6a92b54699c2506d79b50501,27 INCH ATEC FULL HD LED USED MONITOR,Other,27 Inch,60Hz,1080p FHD,Standard,False,False,False,"Rs 21,500",21500,Used,Colombo,27-inch-atec-full-hd-led-used-monitor-for-sale-colombo-78,https://ikman.lk/en/ad/27-inch-atec-full-hd-led-used-monitor-for-sale-colombo-78,Mdcomputers.lk(Pvt) Ltd,True,3 days
6a92b15faf0f8b4188e4122b,"Lenovo ThinkVision T24i-30 USED IPS HDMI MONITOR 24""",Lenovo,24 Inch,60Hz,HD,IPS,False,False,False,"Rs 21,000",21000,Used,Colombo,lenovo-thinkvision-t24i-30-used-ips-hdmi-monitor-24-for-sale-colombo-2,https://ikman.lk/en/ad/lenovo-thinkvision-t24i-30-used-ips-hdmi-monitor-24-for-sale-colombo-2,Max Core PC,True,3 days
6a929a914ef30a43f1334a41,HP Z24n 24-inch professional frameless monitor,HP,24 Inch,60Hz,1080p FHD,Standard,False,False,True,"Rs 21,000",21000,Used,Colombo,hp-z24n-24-inch-professional-frameless-monitor-for-sale-colombo,https://ikman.lk/en/ad/hp-z24n-24-inch-professional-frameless-monitor-for-sale-colombo,Max Core PC,True,3 days
6a928d6d45b714b409eeb77c,Dell P2722H 27″ Full HD IPS Frameless Professional Monitor,Dell,27 Inch,60Hz,1080p FHD,IPS,False,False,True,"Rs 30,000",30000,Brand New,Colombo,dell-p2722h-27-full-hd-ips-frameless-professional-monitor-for-sale-colombo-2,https://ikman.lk/en/ad/dell-p2722h-27-full-hd-ips-frameless-professional-monitor-for-sale-colombo-2,Lio Computers,True,3 days
6a928e7f375c991121b67e1a,"Dell 23"" INCH (P2319H) Frameless Full HD IPS LED Monitor",Dell,23 Inch,60Hz,1080p FHD,IPS,False,False,True,"Rs 19,499",19499,Brand New,Colombo,dell-23-inch-p2319h-frameless-full-hd-ips-led-monitor-for-sale-colombo-2,https://ikman.lk/en/ad/dell-23-inch-p2319h-frameless-full-hd-ips-led-monitor-for-sale-colombo-2,Lio Computers,True,3 days
6a928d0407a97a646a20ab1c,22’’ Wide Led Monitor,Other,22 Inch,60Hz,1080p FHD,Standard,False,False,False,"Rs 10,900",10900,Used,Colombo,22-wide-led-monitor-for-sale-colombo-15,https://ikman.lk/en/ad/22-wide-led-monitor-for-sale-colombo-15,Computer House,True,3 days
6a928b7505ea816f58e410b4,20’’ Wide Lcd Monitor,Other,20 Inch,60Hz,Unknown,Standard,False,False,False,"Rs 8,900",8900,Used,Colombo,20-wide-lcd-monitor-for-sale-colombo-5,https://ikman.lk/en/ad/20-wide-lcd-monitor-for-sale-colombo-5,Computer House,True,3 days
6a9282a17977830f32a07c5e,Koorui 22inch Frameless Monitor,Other,22 Inch,60Hz,1080p FHD,Standard,False,False,True,"Rs 21,000",21000,Used,Gampaha,koorui-22inch-frameless-monitor-for-sale-gampaha,https://ikman.lk/en/ad/koorui-22inch-frameless-monitor-for-sale-gampaha,,False,3 days
6a9280d4f090ff1b28b67da0,Brandnew Acer 27- Inch Monitors (144Hz),Acer,27 Inch,144Hz,1080p FHD,Standard,False,False,False,"Rs 37,500",37500,Brand New,Colombo,brandnew-acer-27-inch-monitors-144hz-for-sale-colombo-14,https://ikman.lk/en/ad/brandnew-acer-27-inch-monitors-144hz-for-sale-colombo-14, Laptop Market,True,3 days
6a9279d445b714b409eeb6b8,"Acer EK251 P6BI 25"" Inch 144Hz IPS HDMI Frameless Gaming Monitor",Acer,25 Inch,144Hz,HD,IPS,False,True,True,"Rs 31,500",31500,Brand New,Colombo,acer-ek251-p6bi-25-inch-144hz-ips-hdmi-frameless-gaming-monitor-for-sale-colombo-72,https://ikman.lk/en/ad/acer-ek251-p6bi-25-inch-144hz-ips-hdmi-frameless-gaming-monitor-for-sale-colombo-72,Myitem.lk (PVT) Ltd,True,3 days
6a927543f323f860d5846ea0,Brand New Acer Vero Series CB272 P6BMIPRX 144HZ Full HD Monitor,Acer,Unknown,144Hz,1080p FHD,Standard,False,False,False,"Rs 44,990",44990,Brand New,Colombo,brand-new-acer-vero-series-cb272-p6bmiprx-144hz-full-hd-monitor-for-sale-colombo-82,https://ikman.lk/en/ad/brand-new-acer-vero-series-cb272-p6bmiprx-144hz-full-hd-monitor-for-sale-colombo-82,Myitem.lk (PVT) Ltd,True,3 days
6a9260e07977830f32a07a63,"HP EliteDisplay E222 USED IPS MONITOR FULL HD 22""",HP,22 Inch,60Hz,1080p FHD,IPS,False,False,False,"Rs 14,500",14500,Used,Colombo,hp-elitedisplay-e222-used-ips-monitor-full-hd-22-for-sale-colombo-7,https://ikman.lk/en/ad/hp-elitedisplay-e222-used-ips-monitor-full-hd-22-for-sale-colombo-7,Max Core PC,True,3 days
6a92609e683164b52345a7ae,"HP EliteDisplay E202 USED HD+ IPS MONITOR 20""",HP,20 Inch,60Hz,HD,IPS,False,False,False,"Rs 13,500",13500,Used,Colombo,hp-elitedisplay-e202-used-hd-ips-monitor-20-for-sale-colombo-21,https://ikman.lk/en/ad/hp-elitedisplay-e202-used-hd-ips-monitor-20-for-sale-colombo-21,Max Core PC,True,3 days
6a92605cd0a626db398cddde,"Dell UltraSharp U2417H IPS Ful HD Frameless Monitor 24""",Dell,24 Inch,60Hz,HD,IPS,False,False,True,"Rs 22,000",22000,Used,Colombo,dell-ultrasharp-u2417h-ips-ful-hd-frameless-monitor-24-for-sale-colombo-4,https://ikman.lk/en/ad/dell-ultrasharp-u2417h-ips-ful-hd-frameless-monitor-24-for-sale-colombo-4,Max Core PC,True,3 days
6a925e7d4608ba822b7253f7,"Gateway 19"" Monitor - Parts Only",Other,19 Inch,60Hz,Unknown,Standard,False,False,False,"Rs 3,500",3500,Used,Kandy,gateway-19-monitor-parts-only-rs3500-for-sale-kandy,https://ikman.lk/en/ad/gateway-19-monitor-parts-only-rs3500-for-sale-kandy,,False,3 days
6a9257494608ba822b725388,"Dahua 22"" inch full hd wide angle monitor Model cctv DHI-LM22-A200",Other,22 Inch,60Hz,1080p FHD,Standard,False,False,False,"Rs 22,500",22500,Brand New,Colombo,dahua-22-inch-full-hd-wide-angle-monitor-model-cctv-dhi-lm22-a200-for-sale-colombo-1,https://ikman.lk/en/ad/dahua-22-inch-full-hd-wide-angle-monitor-model-cctv-dhi-lm22-a200-for-sale-colombo-1,CCTV PARTNERS,True,3 days
6a91f6b7f329d43cbe2dc025,24 inch Dell Monitor,Dell,24 Inch,60Hz,1080p FHD,Standard,False,False,False,"Rs 12,500",12500,Used,Gampaha,monitor-24inch-dell-for-sale-gampaha,https://ikman.lk/en/ad/monitor-24inch-dell-for-sale-gampaha,,False,3 days
6a91c1dccb6200451facbe67,Lenovo Monitor,Lenovo,Unknown,60Hz,Unknown,Standard,False,False,False,"Rs 27,000",27000,Used,Anuradhapura,lenovo-monitor-for-sale-anuradhapura,https://ikman.lk/en/ad/lenovo-monitor-for-sale-anuradhapura,,False,3 days
6a91ad5255311978805d8f12,Asus Monitor,Asus,Unknown,60Hz,Unknown,Standard,False,False,False,"Rs 7,500",7500,Used,Colombo,monitor-for-sale-colombo-831,https://ikman.lk/en/ad/monitor-for-sale-colombo-831,,False,4 days
6a91aad9ef6cb809ddbf31e2,MSI MAG 321CQF E18 32'' (2560 x 1440) 180Hz Curved Gaming Monitor 🖥,MSI,32 Inch,180Hz,Unknown,Standard,True,True,False,"Rs 90,000",90000,Used,Kalutara,msi-mag-321cqf-e18-32-2560-x-1440-180hz-curved-gaming-monitor-for-sale-kalutara,https://ikman.lk/en/ad/msi-mag-321cqf-e18-32-2560-x-1440-180hz-curved-gaming-monitor-for-sale-kalutara,,False,4 days
6a9173558bff8be127aa3c4b,"19"" Square Monitor",Other,19 Inch,60Hz,Unknown,Standard,False,False,False,"Rs 6,900",6900,Used,Colombo,19-square-monitor-for-sale-colombo-46,https://ikman.lk/en/ad/19-square-monitor-for-sale-colombo-46,Vista Computer System,True,4 days
6a91721ec3cc73ef5f1d388c,"23"" IPS MONITOR (1980 x 1080P) FHD|HDMI|FRAMELESS",Other,23 Inch,60Hz,1080p FHD,IPS,False,False,True,"Rs 19,450",19450,Used,Gampaha,23-ips-monitor-1980-x-1080p-fhdhdmiframeless-for-sale-gampaha,https://ikman.lk/en/ad/23-ips-monitor-1980-x-1080p-fhdhdmiframeless-for-sale-gampaha,ShaTech Zone,True,4 days
6a91700ea2c0afc25fccf209,"MONITOR 27"" IPS FRAMELESS (1980 x 1080P) ULTRA SLIM|FHD|HDMI",Other,27 Inch,60Hz,1080p FHD,IPS,False,False,True,"Rs 33,850",33850,Used,Gampaha,monitor-27-ips-frameless-1980-x-1080p-ultra-slimfhdhdmi-for-sale-gampaha,https://ikman.lk/en/ad/monitor-27-ips-frameless-1980-x-1080p-ultra-slimfhdhdmi-for-sale-gampaha,ShaTech Zone,True,4 days
6a916e0fd24d671e195da8d8,"Samsung 24"" Inch Full HD IPS Frameless HDMI Gaming Used Monitor",Samsung,24 Inch,60Hz,1080p FHD,IPS,False,True,True,"Rs 22,000",22000,Used,Colombo,samsung-24-inch-full-hd-ips-frameless-hdmi-gaming-used-monitor-for-sale-colombo-58,https://ikman.lk/en/ad/samsung-24-inch-full-hd-ips-frameless-hdmi-gaming-used-monitor-for-sale-colombo-58,Myitem.lk (PVT) Ltd,True,4 days
6a916a3be0a427a8e78d4c9d,"HP EliteDisplay E202 USED HD+ IPS MONITOR 20""",HP,20 Inch,60Hz,HD,IPS,False,False,False,"Rs 13,500",13500,Used,Colombo,hp-elitedisplay-e202-used-hd-ips-monitor-20-for-sale-colombo-20,https://ikman.lk/en/ad/hp-elitedisplay-e202-used-hd-ips-monitor-20-for-sale-colombo-20,Myitem.lk (PVT) Ltd,True,4 days
6a91680c9e3327433609d918,"Dell UltraSharp U2417H IPS Full HD Frameless USED Monitor 24""",Dell,24 Inch,60Hz,1080p FHD,IPS,False,False,True,"Rs 21,500",21500,Used,Colombo,dell-ultrasharp-u2417h-ips-full-hd-frameless-used-monitor-24-for-sale-colombo-13,https://ikman.lk/en/ad/dell-ultrasharp-u2417h-ips-full-hd-frameless-used-monitor-24-for-sale-colombo-13,Myitem.lk (PVT) Ltd,True,4 days
6a9166273aa7359566ccf19a,"MSI PRO MP225 E12VL 21.5"" Inch 120Hz 1ms FHD Slim Frameless Monitor",MSI,21.5 Inch,120Hz,1080p FHD,Standard,False,False,True,"Rs 26,500",26500,Brand New,Colombo,msi-pro-mp225-e12vl-215-inch-120hz-1ms-fhd-slim-frameless-monitor-for-sale-colombo-41,https://ikman.lk/en/ad/msi-pro-mp225-e12vl-215-inch-120hz-1ms-fhd-slim-frameless-monitor-for-sale-colombo-41,Myitem.lk (PVT) Ltd,True,4 days
6a915bcbef6b79bd70556d03,"Used Dell 24"" Inch Ips Monitor",Dell,24 Inch,60Hz,1080p FHD,IPS,False,False,False,"Rs 15,000",15000,Used,Colombo,used-dell-24-inch-ips-monitor-for-sale-colombo,https://ikman.lk/en/ad/used-dell-24-inch-ips-monitor-for-sale-colombo,,False,4 days
6a9155071d6e61ffa455796b,"Acer EK251 P6BI 25"" Inch 144Hz IPS HDMI Frameless Gaming & Monitor",Acer,25 Inch,144Hz,HD,IPS,False,True,True,"Rs 31,500",31500,Brand New,Colombo,acer-ek251-p6bi-25-inch-144hz-ips-hdmi-frameless-gaming-and-monitor-for-sale-colombo-7,https://ikman.lk/en/ad/acer-ek251-p6bi-25-inch-144hz-ips-hdmi-frameless-gaming-and-monitor-for-sale-colombo-7,Computer Store.lk Pvt Ltd,True,4 days
6a915473fadd1b78df0a2298,"24"" Wide|LED Monitor with Soundbar Speaker",Other,24 Inch,60Hz,1080p FHD,Standard,False,False,False,"Rs 13,950",13950,Used,Gampaha,24-wideled-monitor-with-soundbar-speaker-for-sale-gampaha,https://ikman.lk/en/ad/24-wideled-monitor-with-soundbar-speaker-for-sale-gampaha,ShaTech Zone,True,4 days
6a90daf85ebebbfde084d6dd,"27"" Acer Nitro KG3 Gaming Monitor",Acer,27 Inch,60Hz,1080p FHD,Standard,False,True,False,"Rs 40,000",40000,Brand New,Colombo,27-acer-nitro-kg3-gaming-monitor-for-sale-colombo-1,https://ikman.lk/en/ad/27-acer-nitro-kg3-gaming-monitor-for-sale-colombo-1,,False,4 days
6a8da64dce8e8f51a5a1c204,"LG 24"" IPS HDMI Monitor",LG,24 Inch,60Hz,HD,IPS,False,False,False,"Rs 14,500",14500,Used,Gampaha,brandnew-condition-24-ips-hdmi-monitor-for-sale-gampaha,https://ikman.lk/en/ad/brandnew-condition-24-ips-hdmi-monitor-for-sale-gampaha,,False,7 days
6a913ce27b097c32bc567ff3,"Asus VY279HGR 27"" Inch Full HD IPS Level 120Hz Adaptive Sync Monitor",Asus,27 Inch,120Hz,1080p FHD,IPS,False,False,False,"Rs 46,000",46000,Brand New,Colombo,asus-vy279hgr-27-inch-full-hd-ips-level-120hz-adaptive-sync-monitor-for-sale-colombo-85,https://ikman.lk/en/ad/asus-vy279hgr-27-inch-full-hd-ips-level-120hz-adaptive-sync-monitor-for-sale-colombo-85,Myitem.lk (PVT) Ltd,True,4 days
6a9130eb0dc2091d262cd5fa,"Acer EK271 27"" Inch 144Hz IPS HDMI Frameless Gaming Monitor",Acer,27 Inch,144Hz,HD,IPS,False,True,True,"Rs 37,000",37000,Brand New,Colombo,acer-ek271-27-inch-144hz-ips-hdmi-frameless-gaming-monitor-for-sale-colombo-106,https://ikman.lk/en/ad/acer-ek271-27-inch-144hz-ips-hdmi-frameless-gaming-monitor-for-sale-colombo-106,Myitem.lk (PVT) Ltd,True,4 days
6a912c9c8b674ccc20a5c429,"MONITOR 24"" 120HZ IPS FHD FRAMELESS (NEW) ASUS",Asus,24 Inch,120Hz,1080p FHD,IPS,False,False,True,"Rs 33,950",33950,Brand New,Gampaha,monitor-24-120hz-ips-fhd-frameless-new-asus-for-sale-gampaha,https://ikman.lk/en/ad/monitor-24-120hz-ips-fhd-frameless-new-asus-for-sale-gampaha,ShaTech Zone,True,4 days
6a912bb7144e99a71ba5c43a,"MONITOR 24"" IPS (1980 x 1080P) FHD|FRAMELESS|HDMI",Other,24 Inch,60Hz,1080p FHD,IPS,False,False,True,"Rs 21,150",21150,Used,Gampaha,monitor-24-ips-1980-x-1080p-fhdframelesshdmi-for-sale-gampaha-1,https://ikman.lk/en/ad/monitor-24-ips-1980-x-1080p-fhdframelesshdmi-for-sale-gampaha-1,ShaTech Zone,True,4 days
6a91272e8b674ccc20a5c3da,"Acer 27"" Full HD Nitro Gaming Monitor - KG273 W3 240Hz Brand New",Acer,27 Inch,240Hz,1080p FHD,Standard,False,True,False,"Rs 48,500",48500,Brand New,Colombo,acer-27-full-hd-nitro-gaming-monitor-kg273-w3-240hz-brand-new-for-sale-colombo-75,https://ikman.lk/en/ad/acer-27-full-hd-nitro-gaming-monitor-kg273-w3-240hz-brand-new-for-sale-colombo-75,Myitem.lk (PVT) Ltd,True,4 days
6a911fbdaf24fb08ee3ccad0,"Emark 24"" EW2427SH 144Hz IPS Full HD Frameless Gaming Monitor",Other,24 Inch,144Hz,1080p FHD,IPS,False,True,True,"Rs 29,990",29990,Brand New,Colombo,emark-24-ew2427sh-144hz-ips-full-hd-frameless-gaming-monitor-for-sale-colombo-63,https://ikman.lk/en/ad/emark-24-ew2427sh-144hz-ips-full-hd-frameless-gaming-monitor-for-sale-colombo-63,Myitem.lk (PVT) Ltd,True,4 days
6a911a4ddb856c0c76f83c6f,"FALCON HS185 WIDE LED HD MONITOR BRAND NEW 18.5""",Other,18.5 Inch,60Hz,HD,Standard,False,False,False,"Rs 19,500",19500,Brand New,Colombo,falcon-hs185-wide-led-hd-monitor-brand-new-185-for-sale-colombo-10,https://ikman.lk/en/ad/falcon-hs185-wide-led-hd-monitor-brand-new-185-for-sale-colombo-10,Myitem.lk (PVT) Ltd,True,4 days
6a9114d47c9c98213160afd3,Lenovo L22-4e 21.5-inch IPS FHD 100Hz Monitor,Lenovo,21.5 Inch,100Hz,1080p FHD,IPS,False,False,False,"Rs 24,500",24500,Brand New,Colombo,lenovo-l22-4e-215-inch-ips-fhd-100hz-monitor-for-sale-colombo,https://ikman.lk/en/ad/lenovo-l22-4e-215-inch-ips-fhd-100hz-monitor-for-sale-colombo,technocare.lk,True,4 days
6a911438af24fb08ee3cca0b,27 Inch LED HDMI ATEC Monitor with Speakers,Other,27 Inch,60Hz,HD,Standard,False,False,False,"Rs 21,000",21000,Used,Colombo,27-inch-led-hdmi-atec-monitor-with-speakers-for-sale-colombo-3,https://ikman.lk/en/ad/27-inch-led-hdmi-atec-monitor-with-speakers-for-sale-colombo-3,Lio Computers,True,4 days
6a911309177c65f59621395c,"HP EliteDisplay E222 USED FULL HD IPS MONITOR 22""",HP,22 Inch,60Hz,1080p FHD,IPS,False,False,False,"Rs 14,500",14500,Used,Colombo,hp-elitedisplay-e222-used-full-hd-ips-monitor-22-for-sale-colombo-13,https://ikman.lk/en/ad/hp-elitedisplay-e222-used-full-hd-ips-monitor-22-for-sale-colombo-13,Computer Store.lk Pvt Ltd,True,4 days
6a9112bb8d2ca5bfb7a8698a,"HP EliteDisplay E202 USED HD+ IPS MONITOR 20""",HP,20 Inch,60Hz,HD,IPS,False,False,False,"Rs 13,500",13500,Used,Colombo,hp-elitedisplay-e202-used-hd-ips-monitor-20-for-sale-colombo-19,https://ikman.lk/en/ad/hp-elitedisplay-e202-used-hd-ips-monitor-20-for-sale-colombo-19,Computer Store.lk Pvt Ltd,True,4 days
6a911259f1717170fd60afbe,"Dell UltraSharp U2417H IPS Full HD Frameless USED Monitor 24""",Dell,24 Inch,60Hz,1080p FHD,IPS,False,False,True,"Rs 22,000",22000,Used,Colombo,dell-ultrasharp-u2417h-ips-full-hd-frameless-used-monitor-24-for-sale-colombo-12,https://ikman.lk/en/ad/dell-ultrasharp-u2417h-ips-full-hd-frameless-used-monitor-24-for-sale-colombo-12,Computer Store.lk Pvt Ltd,True,4 days
6a910eb5187706457f3cca1a,24inch Frameless IPS Full HD HDMI Monitor,Other,24 Inch,60Hz,1080p FHD,IPS,False,False,True,"Rs 17,000",17000,Brand New,Colombo,24inch-frameless-ips-full-hd-hdmi-monitor-for-sale-colombo-1,https://ikman.lk/en/ad/24inch-frameless-ips-full-hd-hdmi-monitor-for-sale-colombo-1,Lio Computers,True,4 days
6a910acaec45f217c8f5e5fa,Lenovo Legion 27 inch 320hz Gaming Monitor,Lenovo,27 Inch,320Hz,1080p FHD,Standard,False,True,False,"Rs 95,000",95000,Used,Colombo,lenovo-legion-27inch-320hz-gaming-monitor-for-sale-colombo,https://ikman.lk/en/ad/lenovo-legion-27inch-320hz-gaming-monitor-for-sale-colombo,,False,4 days
6a910874027aa0abd2be0727,"Dell UltraSharp U2717D 27"" QHD IPS Frameless 2K Monitor",Dell,27 Inch,60Hz,2K QHD,IPS,False,False,True,"Rs 39,999",39999,Brand New,Colombo,dell-ultrasharp-u2717d-27-qhd-ips-frameless-2k-monitor-for-sale-colombo-1,https://ikman.lk/en/ad/dell-ultrasharp-u2717d-27-qhd-ips-frameless-2k-monitor-for-sale-colombo-1,Lio Computers,True,4 days
6a910b4c476fa3b489fc50af,Viewsonic 24 VA2432-Mh,Viewsonic,24 Inch,60Hz,1080p FHD,Standard,False,False,False,"Rs 21,000",21000,Used,Gampaha,viewsonic-24-va2432-mh-for-sale-gampaha,https://ikman.lk/en/ad/viewsonic-24-va2432-mh-for-sale-gampaha,,False,4 days
687dec66e9483f001d8ededb,20 inch used led lcd monitors,Other,20 Inch,60Hz,Unknown,Standard,False,False,False,"Rs 10,500",10500,Used,Gampaha,20-inch-used-led-lcd-monitors-for-sale-gampaha,https://ikman.lk/en/ad/20-inch-used-led-lcd-monitors-for-sale-gampaha,U TECZONE,True,4 days
6a90999ed97330bbd8daf083,"19"" Wide Monitor",Other,19 Inch,60Hz,Unknown,Standard,False,False,False,"Rs 5,500",5500,Used,Kandy,19-wide-monitor-for-sale-kandy,https://ikman.lk/en/ad/19-wide-monitor-for-sale-kandy,,False,4 days
6a904f3884e33a2603d4e48a,165hz Curved 23.6 Inch Moniter,Other,23.6 Inch,165Hz,Unknown,Standard,True,False,False,"Rs 37,000",37000,Used,Kandy,165hz-curved-236-inch-for-sale-kandy-1,https://ikman.lk/en/ad/165hz-curved-236-inch-for-sale-kandy-1,,False,5 days
6a9044e12fe72214b47344fa,"Asus LCD Monitor 24""",Asus,24 Inch,60Hz,1080p FHD,Standard,False,False,False,"Rs 10,000",10000,Used,Colombo,asus-lcd-monitor-24-for-sale-colombo,https://ikman.lk/en/ad/asus-lcd-monitor-24-for-sale-colombo,,False,5 days
6a902b6db125b2677a654b62,"ASUS 24"" 120HZ IPS FHD FRAMELESS GAMING MONITOR",Asus,24 Inch,120Hz,1080p FHD,IPS,False,True,True,"Rs 32,900",32900,Brand New,Puttalam,asus-24-120hz-ips-fhd-frameless-gaming-monitor-for-sale-puttalam-7,https://ikman.lk/en/ad/asus-24-120hz-ips-fhd-frameless-gaming-monitor-for-sale-puttalam-7,SMART ZONE,True,5 days
6a90235c1f698ff7a2f27cca,ViewSonic Curved FHD 24” 165Hz VA Gaming Monitor (VX2468-PC-MHD),Viewsonic,24 Inch,165Hz,1080p FHD,VA,True,True,False,"Rs 17,000",17000,Used,Colombo,viewsonic-curved-fhd-24-165hz-va-gaming-monitor-vx2468-pc-mhd-for-sale-colombo,https://ikman.lk/en/ad/viewsonic-curved-fhd-24-165hz-va-gaming-monitor-vx2468-pc-mhd-for-sale-colombo,,False,5 days
6a900e1fccadd47bf158b097,MSI Pro MP225 E12VL 120Hz Monitor,MSI,Unknown,120Hz,Unknown,Standard,False,False,False,"Rs 25,500",25500,Used,Gampaha,msi-pro-mp225-e12vl-120hz-for-sale-gampaha,https://ikman.lk/en/ad/msi-pro-mp225-e12vl-120hz-for-sale-gampaha,,False,5 days
6a8fe8ea6d5aa27c035a9c38,"27"" IPS MONITOR FRAMELESS (1980 x 1080P) ULTRA SLIM|FHD|HDMI",Other,27 Inch,60Hz,1080p FHD,IPS,False,False,True,"Rs 33,850",33850,Used,Colombo,27-ips-monitor-frameless-1980-x-1080p-ultra-slimfhdhdmi-for-sale-colombo,https://ikman.lk/en/ad/27-ips-monitor-frameless-1980-x-1080p-ultra-slimfhdhdmi-for-sale-colombo,ShaTech Zone,True,5 days
6a8fe89a92bef99b8a9d2012,Asus 22 Eye Care Monitor,Asus,22 Inch,60Hz,1080p FHD,Standard,False,False,False,"Rs 14,500",14500,Used,Gampaha,asus-22-eye-care-montitor-for-sale-gampaha,https://ikman.lk/en/ad/asus-22-eye-care-montitor-for-sale-gampaha,,False,5 days
6a8bf7475e7b119f91d96a19,POSMAX PM-BSD234 | 2D Budget Desktop Barcode Scanner POS,Other,Unknown,60Hz,Unknown,Standard,False,False,False,"Rs 10,500",10500,Brand New,Colombo,posmax-pm-bsd234-2d-budget-desktop-barcode-scanner-pos-for-sale-colombo-2,https://ikman.lk/en/ad/posmax-pm-bsd234-2d-budget-desktop-barcode-scanner-pos-for-sale-colombo-2,POSMAX,True,8 days
6a8fe84d84e33a2603d4e1f5,"24"" IPS MONITOR (1980 x 1080P) FHD|FRAMELESS|HDMI",Other,24 Inch,60Hz,1080p FHD,IPS,False,False,True,"Rs 21,150",21150,Used,Gampaha,24-ips-monitor-1980-x-1080p-fhdframelesshdmi-for-sale-gampaha,https://ikman.lk/en/ad/24-ips-monitor-1980-x-1080p-fhdframelesshdmi-for-sale-gampaha,ShaTech Zone,True,5 days
6a8fe7c4ab457885d644be18,"MONITOR 23"" IPS FRAMELESS (1980 x 1080P) FHD HDMI",Other,23 Inch,60Hz,1080p FHD,IPS,False,False,True,"Rs 19,450",19450,Used,Gampaha,monitor-23-ips-frameless-1980-x-1080p-fhd-hdmi-for-sale-gampaha-1,https://ikman.lk/en/ad/monitor-23-ips-frameless-1980-x-1080p-fhd-hdmi-for-sale-gampaha-1,ShaTech Zone,True,5 days
6a8fe3321f698ff7a2f27ab8,Full Set,Other,Unknown,60Hz,Unknown,Standard,False,False,False,"Rs 56,500",56500,Used,Gampaha,full-set-for-sale-gampaha-354,https://ikman.lk/en/ad/full-set-for-sale-gampaha-354,,False,5 days
6a8fdfae84e33a2603d4e1b5,"HP LED 24"" Full HD",HP,24 Inch,60Hz,1080p FHD,Standard,False,False,False,"Rs 10,000",10000,Used,Kandy,hp-led-24-full-hd-for-sale-kandy,https://ikman.lk/en/ad/hp-led-24-full-hd-for-sale-kandy,,False,5 days
6a8fdf3afb61f24afa654934,LED Monitor,Other,Unknown,60Hz,Unknown,Standard,False,False,False,"Rs 8,000",8000,Used,Galle,led-monitor-for-sale-galle-1,https://ikman.lk/en/ad/led-monitor-for-sale-galle-1,,False,5 days
6a8fcafdb125b2677a654828,Samsung 22 Inch Full HD LED Monitor (BX2250),Samsung,22 Inch,60Hz,1080p FHD,Standard,False,False,False,"Rs 11,000",11000,Used,Colombo,samsung-22-inch-full-hd-led-monitor-bx2250-for-sale-colombo,https://ikman.lk/en/ad/samsung-22-inch-full-hd-led-monitor-bx2250-for-sale-colombo,,False,5 days
6a8fc0f63c4646dd9f0d166c,165hz Curved 23.6 Inch Monitor,Other,23.6 Inch,165Hz,Unknown,Standard,True,False,False,"Rs 37,000",37000,Used,Kandy,165hz-curved-236-inch-for-sale-kandy,https://ikman.lk/en/ad/165hz-curved-236-inch-for-sale-kandy,,False,5 days
6a8fc05bb5767625d70d1622,"21"" Dell Monitor",Dell,21 Inch,60Hz,Unknown,Standard,False,False,False,"Rs 6,500",6500,Used,Kegalle,21-dell-monitor-for-sale-kegalle,https://ikman.lk/en/ad/21-dell-monitor-for-sale-kegalle,,False,5 days
6a8fa6c3b41fc7b4289d1d62,Viewsonic 24 Inch Wide 1920x1080,Viewsonic,24 Inch,60Hz,1080p FHD,Standard,False,False,False,"Rs 11,000",11000,Used,Badulla,viewsonic-24-inch-wide-1920x1080-for-sale-badulla,https://ikman.lk/en/ad/viewsonic-24-inch-wide-1920x1080-for-sale-badulla,,False,5 days
6a8ef163d9e819b661c0c644,Gigabyte GS25F14 25” FHD Monitor,Gigabyte,25 Inch,60Hz,1080p FHD,Standard,False,False,False,"Rs 31,000",31000,Used,Gampaha,gigabyte-gs25f14-25-fhd-monitor-for-sale-gampaha,https://ikman.lk/en/ad/gigabyte-gs25f14-25-fhd-monitor-for-sale-gampaha,,False,6 days
69eb1adeb57b8f7fbcb6cc20,Monitor - 17 | 19 20 22 23 24 25 27 INCH LCD LED IPS FRAMELESS 2K,Other,27 Inch,60Hz,2K QHD,IPS,False,False,True,"Rs 6,500",6500,Used,Kalutara,monitor-17-19-20-22-23-24-25-27-inch-lcd-led-ips-frameless-2k-for-sale-kalutara,https://ikman.lk/en/ad/monitor-17-19-20-22-23-24-25-27-inch-lcd-led-ips-frameless-2k-for-sale-kalutara,Sheiba Arcade,True,6 days
676133a0c884d8002f446968,27 Inch Acer Led Fhd Monitor,Acer,27 Inch,60Hz,1080p FHD,Standard,False,False,False,"Rs 23,000",23000,Used,Kalutara,27-inch-acer-led-fhd-monitor-for-sale-kalutara,https://ikman.lk/en/ad/27-inch-acer-led-fhd-monitor-for-sale-kalutara,Sheiba Arcade,True,6 days
6a8ec5c2614c7d48ab20846f,"Dell Monitor 24""",Dell,24 Inch,60Hz,1080p FHD,Standard,False,False,False,"Rs 22,000",22000,Used,Anuradhapura,ips-panel-24-inch-for-sale-anuradhapura,https://ikman.lk/en/ad/ips-panel-24-inch-for-sale-anuradhapura,,False,6 days
6a8ec0d156ccbf3ff694475a,Lenovo 24 IPS Frameless,Lenovo,24 Inch,60Hz,1080p FHD,IPS,False,False,True,"Rs 10,500",10500,Used,Colombo,lenovo-24-ips-framless-for-sale-colombo,https://ikman.lk/en/ad/lenovo-24-ips-framless-for-sale-colombo,,False,6 days
6a8ebe784e010ae2382aacf8,MSI - MAG 272QP QD OLED X50 26.5” 500HZ WQHD Monitor,MSI,Unknown,500Hz,2K QHD,OLED,False,False,False,"Rs 423,000",423000,Brand New,Colombo,msi-mag-272qp-qd-oled-x50-265-500hz-wqhd-monitor-for-sale-colombo-6,https://ikman.lk/en/ad/msi-mag-272qp-qd-oled-x50-265-500hz-wqhd-monitor-for-sale-colombo-6,PC Cart Kesbewa ,True,6 days
6a8ebebc82a104cf47208436,MSI - MAG 272QP QD OLED X50 26.5” 500HZ WQHD MONITOR,MSI,Unknown,500Hz,2K QHD,OLED,False,False,False,"Rs 423,000",423000,Brand New,Colombo,msi-mag-272qp-qd-oled-x50-265-500hz-wqhd-monitor-for-sale-colombo-4,https://ikman.lk/en/ad/msi-mag-272qp-qd-oled-x50-265-500hz-wqhd-monitor-for-sale-colombo-4,PC Cart Express Maharagama,True,6 days
6a8ebe2e85ba2cad57171ed6,MSI MAG 274QPF X30MV 27” 300HZ WQHD MONITOR,MSI,27 Inch,300Hz,2K QHD,Standard,False,False,False,"Rs 140,000",140000,Brand New,Colombo,msi-mag-274qpf-x30mv-27-300hz-wqhd-monitor-for-sale-colombo-1,https://ikman.lk/en/ad/msi-mag-274qpf-x30mv-27-300hz-wqhd-monitor-for-sale-colombo-1,PC Cart Express Maharagama,True,6 days
6a8ebe0e82a104cf4720842f,MSI MAG 274QPF X30MV 27” 300HZ WQHD MONITOR,MSI,27 Inch,300Hz,2K QHD,Standard,False,False,False,"Rs 140,000",140000,Brand New,Colombo,msi-mag-274qpf-x30mv-27-300hz-wqhd-monitor-for-sale-colombo,https://ikman.lk/en/ad/msi-mag-274qpf-x30mv-27-300hz-wqhd-monitor-for-sale-colombo,PC Cart Kesbewa ,True,6 days
6a8eb74396790d3a68de423e,MSI MAG 274QRFW X32 27’’ 320HZ WQHD 2K IPS MONITOR,MSI,27 Inch,320Hz,2K QHD,IPS,False,False,False,"Rs 119,500",119500,Brand New,Colombo,msi-mag-274qrfw-x32-27-320hz-wqhd-2k-ips-monitor-for-sale-colombo-1,https://ikman.lk/en/ad/msi-mag-274qrfw-x32-27-320hz-wqhd-2k-ips-monitor-for-sale-colombo-1,PC Cart Express Maharagama,True,6 days
6a8eb726d95a5dc1bc99fec5,MSI MAG 274QRFW X32 27’’ 320HZ WQHD 2K IPS MONITOR,MSI,27 Inch,320Hz,2K QHD,IPS,False,False,False,"Rs 119,500",119500,Brand New,Colombo,msi-mag-274qrfw-x32-27-320hz-wqhd-2k-ips-monitor-for-sale-colombo,https://ikman.lk/en/ad/msi-mag-274qrfw-x32-27-320hz-wqhd-2k-ips-monitor-for-sale-colombo,PC Cart Kesbewa ,True,6 days
6a8eb6d14e010ae2382aacb9,MSI MAG 275QF E20 27”200HZ WQHD IPS MONITOR,MSI,27 Inch,200Hz,2K QHD,IPS,False,False,False,"Rs 81,000",81000,Brand New,Colombo,msi-mag-275qf-e20-27200hz-wqhd-ips-monitor-for-sale-colombo-1,https://ikman.lk/en/ad/msi-mag-275qf-e20-27200hz-wqhd-ips-monitor-for-sale-colombo-1,PC Cart Express Maharagama,True,6 days
6a8eb6b799838b32b6e2e45e,MSI MAG 275QF E20 27”200HZ WQHD IPS MONITOR,MSI,27 Inch,200Hz,2K QHD,IPS,False,False,False,"Rs 81,000",81000,Brand New,Colombo,msi-mag-275qf-e20-27200hz-wqhd-ips-monitor-for-sale-colombo,https://ikman.lk/en/ad/msi-mag-275qf-e20-27200hz-wqhd-ips-monitor-for-sale-colombo,PC Cart Kesbewa ,True,6 days
6a8eb65989827c486852759b,MSI MAG 275UPD E14 27” 4K UHD 144HZ IPS MONITOR,MSI,27 Inch,144Hz,4K UHD,IPS,False,False,False,"Rs 104,000",104000,Brand New,Colombo,msi-mag-275upd-e14-27-4k-uhd-144hz-ips-monitor-for-sale-colombo-1,https://ikman.lk/en/ad/msi-mag-275upd-e14-27-4k-uhd-144hz-ips-monitor-for-sale-colombo-1,PC Cart Express Maharagama,True,6 days
6a8eb63a89827c4868527594,MSI MAG 275UPD E14 27” 4K UHD 144HZ IPS MONITOR,MSI,27 Inch,144Hz,4K UHD,IPS,False,False,False,"Rs 104,000",104000,Brand New,Colombo,msi-mag-275upd-e14-27-4k-uhd-144hz-ips-monitor-for-sale-colombo,https://ikman.lk/en/ad/msi-mag-275upd-e14-27-4k-uhd-144hz-ips-monitor-for-sale-colombo,PC Cart Kesbewa ,True,6 days
6a8eb6000a91b6a390bd49b0,MSI MAG 276CF E20 27”200HZ FHD MONITOR,MSI,27 Inch,200Hz,1080p FHD,Standard,False,False,False,"Rs 61,000",61000,Brand New,Colombo,msi-mag-276cf-e20-27200hz-fhd-monitor-for-sale-colombo-1,https://ikman.lk/en/ad/msi-mag-276cf-e20-27200hz-fhd-monitor-for-sale-colombo-1,PC Cart Express Maharagama,True,6 days
6a8eb5de0993cf8b78527583,MSI MAG 276CF E20 27”200HZ FHD MONITOR,MSI,27 Inch,200Hz,1080p FHD,Standard,False,False,False,"Rs 61,000",61000,Brand New,Colombo,msi-mag-276cf-e20-27200hz-fhd-monitor-for-sale-colombo,https://ikman.lk/en/ad/msi-mag-276cf-e20-27200hz-fhd-monitor-for-sale-colombo,PC Cart Kesbewa ,True,6 days
6a8eb5a156ccbf3ff6944706,MSI MAG 321CQF E18 31.5” 180HZ WQHD CURVED MONITOR,MSI,Unknown,180Hz,2K QHD,Standard,True,False,False,"Rs 103,000",103000,Brand New,Colombo,msi-mag-321cqf-e18-315-180hz-wqhd-curved-monitor-for-sale-colombo-1,https://ikman.lk/en/ad/msi-mag-321cqf-e18-315-180hz-wqhd-curved-monitor-for-sale-colombo-1,PC Cart Express Maharagama,True,6 days
6a8eb5851bb40b8b1952758d,MSI MAG 321CQF E18 31.5” 180HZ WQHD CURVED MONITOR,MSI,Unknown,180Hz,2K QHD,Standard,True,False,False,"Rs 103,000",103000,Brand New,Colombo,msi-mag-321cqf-e18-315-180hz-wqhd-curved-monitor-for-sale-colombo,https://ikman.lk/en/ad/msi-mag-321cqf-e18-315-180hz-wqhd-curved-monitor-for-sale-colombo,PC Cart Kesbewa ,True,6 days
6a8eb57daf41015c27ac37b3,"HP EliteDisplay E222 USED IPS MONITOR FULL HD 22""",HP,22 Inch,60Hz,1080p FHD,IPS,False,False,False,"Rs 14,500",14500,Used,Colombo,hp-elitedisplay-e222-used-ips-monitor-full-hd-22-for-sale-colombo-6,https://ikman.lk/en/ad/hp-elitedisplay-e222-used-ips-monitor-full-hd-22-for-sale-colombo-6,Max Core PC,True,6 days
6a8eb553e5ab67963699fed7,MSI MAG 325QF E18V 31.5” 180HZ WQHD 2K MONITOR,MSI,Unknown,180Hz,2K QHD,Standard,False,False,False,"Rs 96,500",96500,Brand New,Colombo,msi-mag-325qf-e18v-315-180hz-wqhd-2k-monitor-for-sale-colombo-1,https://ikman.lk/en/ad/msi-mag-325qf-e18v-315-180hz-wqhd-2k-monitor-for-sale-colombo-1,PC Cart Express Maharagama,True,6 days
6a8eb53e362fa20ab1d5b28e,"HP EliteDisplay E202 USED HD+ IPS MONITOR 20""",HP,20 Inch,60Hz,HD,IPS,False,False,False,"Rs 13,500",13500,Used,Colombo,hp-elitedisplay-e202-used-hd-ips-monitor-20-for-sale-colombo-18,https://ikman.lk/en/ad/hp-elitedisplay-e202-used-hd-ips-monitor-20-for-sale-colombo-18,Max Core PC,True,6 days
6a8eb5334e010ae2382aaca3,MSI MAG 325QF E18V 31.5” 180HZ WQHD 2K MONITOR,MSI,Unknown,180Hz,2K QHD,Standard,False,False,False,"Rs 96,500",96500,Brand New,Colombo,msi-mag-325qf-e18v-315-180hz-wqhd-2k-monitor-for-sale-colombo,https://ikman.lk/en/ad/msi-mag-325qf-e18v-315-180hz-wqhd-2k-monitor-for-sale-colombo,PC Cart Kesbewa ,True,6 days
6a8eb50457ff738e99de422f,"Dell UltraSharp U2417H IPS Ful HD Frameless Monitor 24""",Dell,24 Inch,60Hz,HD,IPS,False,False,True,"Rs 22,000",22000,Used,Colombo,dell-ultrasharp-u2417h-ips-ful-hd-frameless-monitor-24-for-sale-colombo-3,https://ikman.lk/en/ad/dell-ultrasharp-u2417h-ips-ful-hd-frameless-monitor-24-for-sale-colombo-3,Max Core PC,True,6 days
6a8eb4fdde78d3e936f409d9,MSI MAG401QR 40” UWQHD 3.5K IPS 155HZ USB C MONITOR,MSI,Unknown,155Hz,2K QHD,IPS,False,False,False,"Rs 189,500",189500,Brand New,Colombo,msi-mag401qr-40-uwqhd-35k-ips-155hz-usb-c-monitor-for-sale-colombo-1,https://ikman.lk/en/ad/msi-mag401qr-40-uwqhd-35k-ips-155hz-usb-c-monitor-for-sale-colombo-1,PC Cart Express Maharagama,True,6 days
6a8eb4da72767c7b4e9446c2,MSI MAG401QR 40” UWQHD 3.5K IPS 155HZ USB C MONITOR,MSI,Unknown,155Hz,2K QHD,IPS,False,False,False,"Rs 189,500",189500,Brand New,Colombo,msi-mag401qr-40-uwqhd-35k-ips-155hz-usb-c-monitor-for-sale-colombo,https://ikman.lk/en/ad/msi-mag401qr-40-uwqhd-35k-ips-155hz-usb-c-monitor-for-sale-colombo,PC Cart Kesbewa ,True,6 days
6a8eaf5239ea321933bd4991,19inch LED Fujitsu Monitor,Fujitsu,19 Inch,60Hz,Unknown,Standard,False,False,False,"Rs 6,500",6500,Used,Kegalle,19inch-led-fujitsu-monitor-for-sale-for-sale-kegalle,https://ikman.lk/en/ad/19inch-led-fujitsu-monitor-for-sale-for-sale-kegalle,,False,6 days
6a8ea6c3c45d526eb9d5b21d,MSI MODERN MD272QXP 2K 27” IPS 100HZ USB C MONITOR,MSI,27 Inch,100Hz,2K QHD,IPS,False,False,False,"Rs 93,000",93000,Brand New,Colombo,msi-modern-md272qxp-2k-27-ips-100hz-usb-c-monitor-for-sale-colombo-1,https://ikman.lk/en/ad/msi-modern-md272qxp-2k-27-ips-100hz-usb-c-monitor-for-sale-colombo-1,PC Cart Express Maharagama,True,6 days
6a8ea6a6d95a5dc1bc99fe40,MSI MODERN MD272QXP 2K 27” IPS 100HZ USB C MONITOR,MSI,27 Inch,100Hz,2K QHD,IPS,False,False,False,"Rs 93,000",93000,Brand New,Colombo,msi-modern-md272qxp-2k-27-ips-100hz-usb-c-monitor-for-sale-colombo,https://ikman.lk/en/ad/msi-modern-md272qxp-2k-27-ips-100hz-usb-c-monitor-for-sale-colombo,PC Cart Kesbewa ,True,6 days
6a8ea66e4a3621df65e2e3dd,MSI MPG 275CQRXF 27” 240HZ WQHD CURVED MONITOR,MSI,27 Inch,240Hz,2K QHD,Standard,True,False,False,"Rs 127,000",127000,Brand New,Colombo,msi-mpg-275cqrxf-27-240hz-wqhd-curved-monitor-for-sale-colombo-1,https://ikman.lk/en/ad/msi-mpg-275cqrxf-27-240hz-wqhd-curved-monitor-for-sale-colombo-1,PC Cart Express Maharagama,True,6 days
6a8ea64a00399addb3f40970,MSI MPG 275CQRXF 27” 240HZ WQHD CURVED MONITOR,MSI,27 Inch,240Hz,2K QHD,Standard,True,False,False,"Rs 127,000",127000,Brand New,Colombo,msi-mpg-275cqrxf-27-240hz-wqhd-curved-monitor-for-sale-colombo,https://ikman.lk/en/ad/msi-mpg-275cqrxf-27-240hz-wqhd-curved-monitor-for-sale-colombo,PC Cart Kesbewa ,True,6 days
6a8ea6109d0bfc0da2d5b1f8,MSI PRO MP165 E6 FHD 60HZ IPS PORTABLE MONITOR,MSI,Unknown,60Hz,1080p FHD,IPS,False,False,False,"Rs 41,000",41000,Brand New,Colombo,msi-pro-mp165-e6-fhd-60hz-ips-portable-monitor-for-sale-colombo-1,https://ikman.lk/en/ad/msi-pro-mp165-e6-fhd-60hz-ips-portable-monitor-for-sale-colombo-1,PC Cart Express Maharagama,True,6 days
6a8ea5ef3f9483905ff409c2,MSI PRO MP165 E6 FHD 60HZ IPS PORTABLE MONITOR,MSI,Unknown,60Hz,1080p FHD,IPS,False,False,False,"Rs 41,000",41000,Brand New,Colombo,msi-pro-mp165-e6-fhd-60hz-ips-portable-monitor-for-sale-colombo,https://ikman.lk/en/ad/msi-pro-mp165-e6-fhd-60hz-ips-portable-monitor-for-sale-colombo,PC Cart Kesbewa ,True,6 days
6a8ea59900399addb3f40966,"MSI PRO MP225 E12VL 21.5"" FHD 120HZ MONITOR",MSI,21.5 Inch,120Hz,1080p FHD,Standard,False,False,False,"Rs 27,500",27500,Brand New,Colombo,msi-pro-mp225-e12vl-215-fhd-120hz-monitor-for-sale-colombo-1,https://ikman.lk/en/ad/msi-pro-mp225-e12vl-215-fhd-120hz-monitor-for-sale-colombo-1,PC Cart Express Maharagama,True,6 days
6a8ea5784e010ae2382aac43,"MSI PRO MP225 E12VL 21.5"" FHD 120HZ MONITOR",MSI,21.5 Inch,120Hz,1080p FHD,Standard,False,False,False,"Rs 27,500",27500,Brand New,Colombo,msi-pro-mp225-e12vl-215-fhd-120hz-monitor-for-sale-colombo,https://ikman.lk/en/ad/msi-pro-mp225-e12vl-215-fhd-120hz-monitor-for-sale-colombo,PC Cart Kesbewa ,True,6 days
6a8ea53672767c7b4e944656,MSI PRO MP243L E14 23.8” FHD 144HZ IPS MONITOR,MSI,23 Inch,144Hz,1080p FHD,IPS,False,False,False,"Rs 34,500",34500,Brand New,Colombo,msi-pro-mp243l-e14-238-fhd-144hz-ips-monitor-for-sale-colombo-1,https://ikman.lk/en/ad/msi-pro-mp243l-e14-238-fhd-144hz-ips-monitor-for-sale-colombo-1,PC Cart Express Maharagama,True,6 days
6a8ea5159d0bfc0da2d5b1f0,MSI PRO MP243L E14 23.8” FHD 144HZ IPS MONITOR,MSI,23 Inch,144Hz,1080p FHD,IPS,False,False,False,"Rs 34,500",34500,Brand New,Colombo,msi-pro-mp243l-e14-238-fhd-144hz-ips-monitor-for-sale-colombo,https://ikman.lk/en/ad/msi-pro-mp243l-e14-238-fhd-144hz-ips-monitor-for-sale-colombo,PC Cart Kesbewa ,True,6 days
6a8ea4cf96790d3a68de419e,MSI PRO MP273 E14A 27” FHD 144HZ IPS MONITOR,MSI,27 Inch,144Hz,1080p FHD,IPS,False,False,False,"Rs 47,000",47000,Brand New,Colombo,msi-pro-mp273-e14a-27-fhd-144hz-ips-monitor-for-sale-colombo-1,https://ikman.lk/en/ad/msi-pro-mp273-e14a-27-fhd-144hz-ips-monitor-for-sale-colombo-1,PC Cart Express Maharagama,True,6 days
6a8ea4ae0a91b6a390bd492b,MSI PRO MP273 E14A 27” FHD 144HZ IPS MONITOR,MSI,27 Inch,144Hz,1080p FHD,IPS,False,False,False,"Rs 47,000",47000,Brand New,Colombo,msi-pro-mp273-e14a-27-fhd-144hz-ips-monitor-for-sale-colombo,https://ikman.lk/en/ad/msi-pro-mp273-e14a-27-fhd-144hz-ips-monitor-for-sale-colombo,PC Cart Kesbewa ,True,6 days
6a8ea47196790d3a68de419a,MSI PRO MP275Q E14 27” 144HZ WQHD 2K IPS MONITOR,MSI,27 Inch,144Hz,2K QHD,IPS,False,False,False,"Rs 70,000",70000,Brand New,Colombo,msi-pro-mp275q-e14-27-144hz-wqhd-2k-ips-monitor-for-sale-colombo-5,https://ikman.lk/en/ad/msi-pro-mp275q-e14-27-144hz-wqhd-2k-ips-monitor-for-sale-colombo-5,PC Cart Express Maharagama,True,6 days
6a8ea450af41015c27ac3748,MSI PRO MP275Q E14 27” 144HZ WQHD 2K IPS MONITOR,MSI,27 Inch,144Hz,2K QHD,IPS,False,False,False,"Rs 70,000",70000,Brand New,Colombo,msi-pro-mp275q-e14-27-144hz-wqhd-2k-ips-monitor-for-sale-colombo-4,https://ikman.lk/en/ad/msi-pro-mp275q-e14-27-144hz-wqhd-2k-ips-monitor-for-sale-colombo-4,PC Cart Kesbewa ,True,6 days
6a8ea2c366a7db81bcaf0df0,MSI PRO MP341CQ E12 34” CURVED UWQHD 120HZ MONITOR,MSI,34 Inch,120Hz,2K QHD,Standard,True,False,False,"Rs 114,000",114000,Brand New,Colombo,msi-pro-mp341cq-e12-34-curved-uwqhd-120hz-monitor-for-sale-colombo-1,https://ikman.lk/en/ad/msi-pro-mp341cq-e12-34-curved-uwqhd-120hz-monitor-for-sale-colombo-1,PC Cart Express Maharagama,True,6 days
6a8ea2a369770d6650ac3705,MSI PRO MP341CQ E12 34” CURVED UWQHD 120HZ MONITOR,MSI,34 Inch,120Hz,2K QHD,Standard,True,False,False,"Rs 114,000",114000,Brand New,Colombo,msi-pro-mp341cq-e12-34-curved-uwqhd-120hz-monitor-for-sale-colombo,https://ikman.lk/en/ad/msi-pro-mp341cq-e12-34-curved-uwqhd-120hz-monitor-for-sale-colombo,PC Cart Kesbewa ,True,6 days
6a8ea1ba00399addb3f40941,"ViewSonic VA2432A-H 24"" Inch Full HD IPS 120HZ Frameless Monitor New",Viewsonic,24 Inch,120Hz,1080p FHD,IPS,False,False,True,"Rs 35,500",35500,Brand New,Colombo,viewsonic-va2432a-h-24-inch-full-hd-ips-120hz-frameless-monitor-new-for-sale-colombo-113,https://ikman.lk/en/ad/viewsonic-va2432a-h-24-inch-full-hd-ips-120hz-frameless-monitor-new-for-sale-colombo-113,Myitem.lk (PVT) Ltd,True,6 days
6a8ea180e5ab67963699fe58,"ViewSonic VA2214-H BRAND NEW IPS FULL HD MONITOR 22""",Viewsonic,22 Inch,60Hz,1080p FHD,IPS,False,False,False,"Rs 28,490",28490,Brand New,Colombo,viewsonic-va2214-h-brand-new-ips-full-hd-monitor-22-for-sale-colombo-8,https://ikman.lk/en/ad/viewsonic-va2214-h-brand-new-ips-full-hd-monitor-22-for-sale-colombo-8,Myitem.lk (PVT) Ltd,True,6 days
6a8ea14e50c5660bea2aac03,Brand New Acer Vero Series CB272 P6BMIPRX 144HZ Full HD Monitor,Acer,Unknown,144Hz,1080p FHD,Standard,False,False,False,"Rs 44,990",44990,Brand New,Colombo,brand-new-acer-vero-series-cb272-p6bmiprx-144hz-full-hd-monitor-for-sale-colombo-81,https://ikman.lk/en/ad/brand-new-acer-vero-series-cb272-p6bmiprx-144hz-full-hd-monitor-for-sale-colombo-81,Myitem.lk (PVT) Ltd,True,6 days
6a8ea0e0eea9a2323ee2e3b4,"Acer EK251 P6BI 25"" Inch 144Hz IPS HDMI Frameless Gaming Monitor",Acer,25 Inch,144Hz,HD,IPS,False,True,True,"Rs 31,500",31500,Brand New,Colombo,acer-ek251-p6bi-25-inch-144hz-ips-hdmi-frameless-gaming-monitor-for-sale-colombo-70,https://ikman.lk/en/ad/acer-ek251-p6bi-25-inch-144hz-ips-hdmi-frameless-gaming-monitor-for-sale-colombo-70,Myitem.lk (PVT) Ltd,True,6 days
6a8ea0a1f3a82acb9e2aac4e,"MSI PRO MP225 E12VL 21.5"" Inch 120Hz 1ms FHD Slim Frameless Monitor",MSI,21.5 Inch,120Hz,1080p FHD,Standard,False,False,True,"Rs 26,500",26500,Brand New,Colombo,msi-pro-mp225-e12vl-215-inch-120hz-1ms-fhd-slim-frameless-monitor-for-sale-colombo-40,https://ikman.lk/en/ad/msi-pro-mp225-e12vl-215-inch-120hz-1ms-fhd-slim-frameless-monitor-for-sale-colombo-40,Myitem.lk (PVT) Ltd,True,6 days
6a8ea07300399addb3f4092e,Asus TUF Gaming VG279QE5A 27″ FHD IPS 146HZ Monitor,Asus,27 Inch,146Hz,1080p FHD,IPS,False,True,False,"Rs 46,500",46500,Brand New,Colombo,asus-tuf-gaming-vg279qe5a-27-fhd-ips-146hz-monitor-for-sale-colombo-73,https://ikman.lk/en/ad/asus-tuf-gaming-vg279qe5a-27-fhd-ips-146hz-monitor-for-sale-colombo-73,Myitem.lk (PVT) Ltd,True,6 days
6a8ea04866a7db81bcaf0dd2,"Emark 24"" EW2427SH 144Hz IPS Full HD Frameless Gaming Monitor",Other,24 Inch,144Hz,1080p FHD,IPS,False,True,True,"Rs 29,990",29990,Brand New,Colombo,emark-24-ew2427sh-144hz-ips-full-hd-frameless-gaming-monitor-for-sale-colombo-62,https://ikman.lk/en/ad/emark-24-ew2427sh-144hz-ips-full-hd-frameless-gaming-monitor-for-sale-colombo-62,Myitem.lk (PVT) Ltd,True,6 days
6a8e9ee90b3a69fe1cbd4946,"Acer EK271 27"" Inch 144Hz IPS HDMI Frameless Gaming Monitor",Acer,27 Inch,144Hz,HD,IPS,False,True,True,"Rs 35,990",35990,Brand New,Colombo,acer-ek271-27-inch-144hz-ips-hdmi-frameless-gaming-monitor-for-sale-colombo-105,https://ikman.lk/en/ad/acer-ek271-27-inch-144hz-ips-hdmi-frameless-gaming-monitor-for-sale-colombo-105,Max Core PC,True,6 days
6a8e9760d95a5dc1bc99fded,Brandnew Acer 27- Inch Monitors (144Hz),Acer,27 Inch,144Hz,1080p FHD,Standard,False,False,False,"Rs 37,500",37500,Brand New,Colombo,brandnew-acer-27-inch-monitors-144hz-for-sale-colombo-13,https://ikman.lk/en/ad/brandnew-acer-27-inch-monitors-144hz-for-sale-colombo-13, Laptop Market,True,6 days
6a8e8d8b9d0bfc0da2d5b133,"Acer EK251 P6BI 25"" Inch 144Hz IPS HDMI Frameless Gaming Monitor",Acer,25 Inch,144Hz,HD,IPS,False,True,True,"Rs 31,500",31500,Brand New,Colombo,acer-ek251-p6bi-25-inch-144hz-ips-hdmi-frameless-gaming-monitor-for-sale-colombo-69,https://ikman.lk/en/ad/acer-ek251-p6bi-25-inch-144hz-ips-hdmi-frameless-gaming-monitor-for-sale-colombo-69,Max Core PC,True,6 days
6a8e8d3fc60f0878fbac3636,"MSI Pro MP243L E14 24.5"" Inch 144Hz 1ms FHD IPS Productivity Monitor",MSI,24.5 Inch,144Hz,1080p FHD,IPS,False,False,False,"Rs 33,500",33500,Brand New,Colombo,msi-pro-mp243l-e14-245-inch-144hz-1ms-fhd-ips-productivity-monitor-for-sale-colombo-44,https://ikman.lk/en/ad/msi-pro-mp243l-e14-245-inch-144hz-1ms-fhd-ips-productivity-monitor-for-sale-colombo-44,Max Core PC,True,6 days
6a8e8c6439ea321933bd4872,"MSI Pro MP225 E12VL 21.5"" Inch 120HZ FHD Slim Frameless Monitor",MSI,21.5 Inch,120Hz,1080p FHD,Standard,False,False,True,"Rs 26,500",26500,Brand New,Colombo,msi-pro-mp225-e12vl-215-inch-120hz-fhd-slim-frameless-monitor-for-sale-colombo-12,https://ikman.lk/en/ad/msi-pro-mp225-e12vl-215-inch-120hz-fhd-slim-frameless-monitor-for-sale-colombo-12,Max Core PC,True,6 days
6a8e8b5aa802531d9f52ffe0,"Acer EK251 P6BI 25"" Inch 144Hz IPS HDMI Frameless Gaming & Monitor",Acer,25 Inch,144Hz,HD,IPS,False,True,True,"Rs 31,500",31500,Brand New,Colombo,acer-ek251-p6bi-25-inch-144hz-ips-hdmi-frameless-gaming-and-monitor-for-sale-colombo-6,https://ikman.lk/en/ad/acer-ek251-p6bi-25-inch-144hz-ips-hdmi-frameless-gaming-and-monitor-for-sale-colombo-6,Computer Store.lk Pvt Ltd,True,6 days
6a8e7e2c0d60def10f319d8a,Dell 23 Monitor,Dell,23 Inch,60Hz,Unknown,Standard,False,False,False,"Rs 12,000",12000,Used,Kurunegala,dell-23-moniter-for-sale-kurunegala,https://ikman.lk/en/ad/dell-23-moniter-for-sale-kurunegala,,False,6 days
6a8e7d403f9483905ff40838,27 Inch DELL P2714HC IPS LED Used Monitor,Dell,27 Inch,60Hz,1080p FHD,IPS,False,False,False,"Rs 28,000",28000,Used,Colombo,27-inch-dell-p2714hc-ips-led-used-monitor-for-sale-colombo-31,https://ikman.lk/en/ad/27-inch-dell-p2714hc-ips-led-used-monitor-for-sale-colombo-31,Mdcomputers.lk(Pvt) Ltd,True,6 days
6a8e7c72c539dc269b6056dc,"Acer 27"" Full HD Nitro Gaming Monitor - KG273 W3 240Hz Brand New",Acer,27 Inch,240Hz,1080p FHD,Standard,False,True,False,"Rs 48,500",48500,Brand New,Colombo,acer-27-full-hd-nitro-gaming-monitor-kg273-w3-240hz-brand-new-for-sale-colombo-74,https://ikman.lk/en/ad/acer-27-full-hd-nitro-gaming-monitor-kg273-w3-240hz-brand-new-for-sale-colombo-74,Myitem.lk (PVT) Ltd,True,6 days
6a8e7c011e31f5bad8e59e0c,Lenovo C24 Inch VA HDMI FULL HDFRAMLESS,Lenovo,24 Inch,60Hz,1080p FHD,VA,False,False,False,"Rs 20,500",20500,Used,Colombo,lenovo-c24-inch-va-hdmi-full-hdframless-for-sale-colombo-1,https://ikman.lk/en/ad/lenovo-c24-inch-va-hdmi-full-hdframless-for-sale-colombo-1,Myitem.lk (PVT) Ltd,True,6 days
6a8e7b2f41e80a4a15e59dad,24 Inch Dell P2422HE IPS Frameless Used Type-C FHD Monitor,Dell,24 Inch,60Hz,1080p FHD,IPS,False,False,True,"Rs 26,500",26500,Used,Colombo,24-inch-dell-p2422he-ips-frameless-used-type-c-fhd-monitor-for-sale-colombo-18,https://ikman.lk/en/ad/24-inch-dell-p2422he-ips-frameless-used-type-c-fhd-monitor-for-sale-colombo-18,Mdcomputers.lk(Pvt) Ltd,True,6 days
6a8e7a2029e983b6d8884d6e,27 Inch Lenovo Thinkvision Ips FHD HDMI Used Monitor,Lenovo,27 Inch,60Hz,1080p FHD,IPS,False,False,False,"Rs 27,500",27500,Used,Colombo,27-inch-lenovo-thinkvision-ips-fhd-hdmi-used-monitor-for-sale-colombo-47,https://ikman.lk/en/ad/27-inch-lenovo-thinkvision-ips-fhd-hdmi-used-monitor-for-sale-colombo-47,Mdcomputers.lk(Pvt) Ltd,True,6 days
6a8e793cdd349f3cb0c39fe2,24 INCH Dell Ultrasharp U2419H Full HD IPS Frameless Used Monitor,Dell,24 Inch,60Hz,1080p FHD,IPS,False,False,True,"Rs 22,500",22500,Used,Colombo,24-inch-dell-ultrasharp-u2419h-full-hd-ips-frameless-used-monitor-for-sale-colombo-6,https://ikman.lk/en/ad/24-inch-dell-ultrasharp-u2419h-full-hd-ips-frameless-used-monitor-for-sale-colombo-6,Mdcomputers.lk(Pvt) Ltd,True,6 days
6a8e76781e31f5bad8e59dce,19 Inch LCD Monitor,Other,19 Inch,60Hz,Unknown,Standard,False,False,False,"Rs 4,000",4000,Used,Ratnapura,19-inch-lcd-monitor-for-sale-ratnapura,https://ikman.lk/en/ad/19-inch-lcd-monitor-for-sale-ratnapura,,False,6 days
6a8e74e429e983b6d8884d16,27 Inch Atec Full HD LED Used Monitor,Other,27 Inch,60Hz,1080p FHD,Standard,False,False,False,"Rs 21,500",21500,Used,Colombo,27-inch-atec-full-hd-led-used-monitor-for-sale-colombo-77,https://ikman.lk/en/ad/27-inch-atec-full-hd-led-used-monitor-for-sale-colombo-77,Mdcomputers.lk(Pvt) Ltd,True,6 days
6a8e73550d60def10f319d21,22 Inch DELL P2214HB Full HD IPS LED Silver Line Monitor,Dell,22 Inch,60Hz,1080p FHD,IPS,False,False,False,"Rs 12,500",12500,Used,Colombo,22-inch-dell-p2214hb-full-hd-ips-led-silver-line-monitor-for-sale-colombo-3,https://ikman.lk/en/ad/22-inch-dell-p2214hb-full-hd-ips-led-silver-line-monitor-for-sale-colombo-3,Mdcomputers.lk(Pvt) Ltd,True,6 days
69848222211d428cc9c1dbb6,HP 23'' Inch LED Monitor,HP,23 Inch,60Hz,Unknown,Standard,False,False,False,"Rs 9,950",9950,Used,Gampaha,hp-23-inch-led-monitor-for-sale-gampaha-1,https://ikman.lk/en/ad/hp-23-inch-led-monitor-for-sale-gampaha-1,Comzonex,True,6 days
698477d824520ef1c7f58a7d,17'' LCD Monitor Used,Other,17 Inch,60Hz,Unknown,Standard,False,False,False,"Rs 6,500",6500,Used,Gampaha,17-lcd-monitor-used-for-sale-gampaha-1,https://ikman.lk/en/ad/17-lcd-monitor-used-for-sale-gampaha-1,Comzonex,True,6 days
698482dbff88b7b15f5788e7,"HP 24"" Wide LED Monitor HDMI",HP,24 Inch,60Hz,HD,Standard,False,False,False,"Rs 12,450",12450,Used,Gampaha,hp-24-wide-led-monitor-hdmi-for-sale-gampaha-1,https://ikman.lk/en/ad/hp-24-wide-led-monitor-hdmi-for-sale-gampaha-1,Comzonex,True,6 days
69847c300f9b3b5fbc04245f,"22"" IPD LED Frameless Monitor for Office Home Use",Other,22 Inch,60Hz,1080p FHD,Standard,False,False,True,"Rs 18,500",18500,Used,Gampaha,22-ipd-led-frameless-monitor-for-office-home-use-for-sale-gampaha-1,https://ikman.lk/en/ad/22-ipd-led-frameless-monitor-for-office-home-use-for-sale-gampaha-1,Comzonex,True,6 days
69847b8eac2f85ee4a73a306,20'' LED Monitor for Office Home Use,Other,20 Inch,60Hz,Unknown,Standard,False,False,False,"Rs 8,500",8500,Used,Gampaha,20-led-monitor-for-office-home-use-for-sale-gampaha-1,https://ikman.lk/en/ad/20-led-monitor-for-office-home-use-for-sale-gampaha-1,Comzonex,True,6 days
698479a776e75f80caf27e54,19'' LCD Monitor,Other,19 Inch,60Hz,Unknown,Standard,False,False,False,"Rs 7,500",7500,Used,Gampaha,19-lcd-monitor-for-sale-gampaha-49,https://ikman.lk/en/ad/19-lcd-monitor-for-sale-gampaha-49,Comzonex,True,6 days
6a8e353b65749df4e51f4c0e,"Viewsonic 22"" VA220-FHD 100HZ Monitor",Viewsonic,22 Inch,100Hz,1080p FHD,Standard,False,False,False,"Rs 21,000",21000,Used,Gampaha,viewsonic-22-va220-fhd-100hz-monitor-for-sale-gampaha,https://ikman.lk/en/ad/viewsonic-22-va220-fhd-100hz-monitor-for-sale-gampaha,,False,6 days
6a8e1631a42f342b8993fc5c,2k Monitor,Other,Unknown,60Hz,2K QHD,Standard,False,False,False,"Rs 26,500",26500,Used,Gampaha,2k-monitor-for-sale-gampaha,https://ikman.lk/en/ad/2k-monitor-for-sale-gampaha,,False,6 days
691eb09497a89f487dd24766,Acer 27 Inch Gaming Moniters +144Hz refresh rate| Frameless |99%sRGB,Acer,27 Inch,144Hz,1080p FHD,Standard,False,True,True,"Rs 37,500",37500,Used,Colombo,acer-27-inch-gaming-moniters-144hz-refresh-rate-frameless-99-percent-srgb-for-sale-colombo-1,https://ikman.lk/en/ad/acer-27-inch-gaming-moniters-144hz-refresh-rate-frameless-99-percent-srgb-for-sale-colombo-1,Lapstore.lk,True,6 days
6a3ba6376f76641635b928a6,Falcon 24” LED Monitor,Other,24 Inch,60Hz,1080p FHD,Standard,False,False,False,"Rs 22,000",22000,Brand New,Colombo,falcon-24-led-monitor-for-sale-colombo-1,https://ikman.lk/en/ad/falcon-24-led-monitor-for-sale-colombo-1,Computer House,True,7 days
6a3ba5a9c02f16125e2ee4a7,19” Falcon Wide Led Monitor,Other,19 Inch,60Hz,Unknown,Standard,False,False,False,"Rs 16,500",16500,Brand New,Colombo,19-falcon-wide-led-monitor-for-sale-colombo-2,https://ikman.lk/en/ad/19-falcon-wide-led-monitor-for-sale-colombo-2,Computer House,True,7 days
6a3ba5016c64498457d35e9f,17” Falcon Wide Led Monitor,Other,Unknown,60Hz,Unknown,Standard,False,False,False,"Rs 10,500",10500,Brand New,Colombo,17-falcon-wide-led-monitor-for-sale-colombo-1,https://ikman.lk/en/ad/17-falcon-wide-led-monitor-for-sale-colombo-1,Computer House,True,7 days
6a8d9d9ceb36c198e3ebe4dc,HP Monitor,HP,Unknown,60Hz,Unknown,Standard,False,False,False,"Rs 12,500",12500,Used,Kandy,moniter-for-sale-kandy-2,https://ikman.lk/en/ad/moniter-for-sale-kandy-2,,False,7 days
6a8d912e5d92330224ebe0db,"FALCON HS185 WIDE LED HD MONITOR BRAND NEW 18.5""",Other,18.5 Inch,60Hz,HD,Standard,False,False,False,"Rs 19,500",19500,Brand New,Colombo,falcon-hs185-wide-led-hd-monitor-brand-new-185-for-sale-colombo-9,https://ikman.lk/en/ad/falcon-hs185-wide-led-hd-monitor-brand-new-185-for-sale-colombo-9,Myitem.lk (PVT) Ltd,True,7 days
6a8d90f2c1c0f0d3a78a7e63,"Falcon HS17 Square LED Monitor Brand New 17""",Other,17 Inch,60Hz,Unknown,Standard,False,False,False,"Rs 11,500",11500,Brand New,Colombo,falcon-hs17-square-led-monitor-brand-new-17-for-sale-colombo-7,https://ikman.lk/en/ad/falcon-hs17-square-led-monitor-brand-new-17-for-sale-colombo-7,Myitem.lk (PVT) Ltd,True,7 days
6a8d9079907f1d5f12a65517,"ViewSonic VA2214-H BRAND NEW IPS FULL HD MONITOR 22""",Viewsonic,22 Inch,60Hz,1080p FHD,IPS,False,False,False,"Rs 28,490",28490,Brand New,Colombo,viewsonic-va2214-h-brand-new-ips-full-hd-monitor-22-for-sale-colombo-7,https://ikman.lk/en/ad/viewsonic-va2214-h-brand-new-ips-full-hd-monitor-22-for-sale-colombo-7,Myitem.lk (PVT) Ltd,True,7 days
6a8d8ff6c814c3b4818a7e5a,"Dell UltraSharp U2417H IPS Full HD Frameless USED Monitor 24""",Dell,24 Inch,60Hz,1080p FHD,IPS,False,False,True,"Rs 21,500",21500,Used,Colombo,dell-ultrasharp-u2417h-ips-full-hd-frameless-used-monitor-24-for-sale-colombo-11,https://ikman.lk/en/ad/dell-ultrasharp-u2417h-ips-full-hd-frameless-used-monitor-24-for-sale-colombo-11,Myitem.lk (PVT) Ltd,True,7 days
6a8d8f9dcb469f4fffa9fef3,"HP EliteDisplay E222 USED FULL HD IPS MONITOR 22""",HP,22 Inch,60Hz,1080p FHD,IPS,False,False,False,"Rs 14,500",14500,Used,Colombo,hp-elitedisplay-e222-used-full-hd-ips-monitor-22-for-sale-colombo-12,https://ikman.lk/en/ad/hp-elitedisplay-e222-used-full-hd-ips-monitor-22-for-sale-colombo-12,Myitem.lk (PVT) Ltd,True,7 days
6a8d8f4835236ee8268a7e48,"HP EliteDisplay E202 USED HD+ IPS MONITOR 20""",HP,20 Inch,60Hz,HD,IPS,False,False,False,"Rs 13,500",13500,Used,Colombo,hp-elitedisplay-e202-used-hd-ips-monitor-20-for-sale-colombo-17,https://ikman.lk/en/ad/hp-elitedisplay-e202-used-hd-ips-monitor-20-for-sale-colombo-17,Myitem.lk (PVT) Ltd,True,7 days
6a8d8d7e907f1d5f12a65506,"Lenovo ThinkVision T24i-30 USED IPS HDMI MONITOR 24""",Lenovo,24 Inch,60Hz,HD,IPS,False,False,False,"Rs 21,000",21000,Used,Colombo,lenovo-thinkvision-t24i-30-used-ips-hdmi-monitor-24-for-sale-colombo-1,https://ikman.lk/en/ad/lenovo-thinkvision-t24i-30-used-ips-hdmi-monitor-24-for-sale-colombo-1,Max Core PC,True,7 days
6a8d8d09eb36c198e3ebe491,"Lenovo ThinkVision P24h-10 IPS 2K QHD 1440P FRAMELESS USED MONITOR 24""",Lenovo,24 Inch,60Hz,2K QHD,IPS,False,False,True,"Rs 28,500",28500,Used,Colombo,lenovo-thinkvision-p24h-10-ips-2k-qhd-1440p-frameless-used-monitor-24-for-sale-colombo-1,https://ikman.lk/en/ad/lenovo-thinkvision-p24h-10-ips-2k-qhd-1440p-frameless-used-monitor-24-for-sale-colombo-1,Max Core PC,True,7 days
6a8d8bca773907ee42a1c1dc,"Acer EK251 P6BI 25"" Inch 144Hz IPS HDMI Frameless Gaming Monitor",Acer,25 Inch,144Hz,HD,IPS,False,True,True,"Rs 31,500",31500,Brand New,Colombo,acer-ek251-p6bi-25-inch-144hz-ips-hdmi-frameless-gaming-monitor-for-sale-colombo-68,https://ikman.lk/en/ad/acer-ek251-p6bi-25-inch-144hz-ips-hdmi-frameless-gaming-monitor-for-sale-colombo-68,Max Core PC,True,7 days
6a8d890955ebc4145d8b870f,20 Inch Wide LCD USED Monitor,Other,20 Inch,60Hz,Unknown,Standard,False,False,False,"Rs 9,500",9500,Used,Colombo,20-inch-wide-lcd-used-monitor-for-sale-colombo-1,https://ikman.lk/en/ad/20-inch-wide-lcd-used-monitor-for-sale-colombo-1,Max Core PC,True,7 days
6a8d879fe064a833b6c559cd,19 Inch Square Used Monitor,Other,19 Inch,60Hz,Unknown,Standard,False,False,False,"Rs 6,500",6500,Used,Colombo,19-inch-square-used-monitor-for-sale-colombo-8,https://ikman.lk/en/ad/19-inch-square-used-monitor-for-sale-colombo-8,Max Core PC,True,7 days
6a8d86914cebb249b3a9fe41,"LED 20"" WIDE MONITORS",Other,20 Inch,60Hz,Unknown,Standard,False,False,False,"Rs 8,950",8950,Used,Colombo,led-20-wide-monitors-for-sale-colombo-2,https://ikman.lk/en/ad/led-20-wide-monitors-for-sale-colombo-2,Vista Computer System,True,7 days
6a8d85eb5dacdf5c75c677cb,"Dell UltraSharp U2417H IPS Ful HD Frameless Monitor 24""",Dell,24 Inch,60Hz,HD,IPS,False,False,True,"Rs 22,000",22000,Used,Colombo,dell-ultrasharp-u2417h-ips-ful-hd-frameless-monitor-24-for-sale-colombo-2,https://ikman.lk/en/ad/dell-ultrasharp-u2417h-ips-ful-hd-frameless-monitor-24-for-sale-colombo-2,Max Core PC,True,7 days
6a8d851ed1d0bb01b9a9fe25,"Samsung F24T450FQE 24"" Inch Full HD IPS Frameless HDMI Used Monitor",Samsung,24 Inch,60Hz,1080p FHD,IPS,False,False,True,"Rs 20,990",20990,Used,Colombo,samsung-f24t450fqe-24-inch-full-hd-ips-frameless-hdmi-used-monitor-for-sale-colombo-70,https://ikman.lk/en/ad/samsung-f24t450fqe-24-inch-full-hd-ips-frameless-hdmi-used-monitor-for-sale-colombo-70,Max Core PC,True,7 days
6a8d84d019bb009780ebe430,"HP EliteDisplay E202 USED HD+ IPS MONITOR 20""",HP,20 Inch,60Hz,HD,IPS,False,False,False,"Rs 13,500",13500,Used,Colombo,hp-elitedisplay-e202-used-hd-ips-monitor-20-for-sale-colombo-16,https://ikman.lk/en/ad/hp-elitedisplay-e202-used-hd-ips-monitor-20-for-sale-colombo-16,Max Core PC,True,7 days
6a8d8449c814c3b4818a7df6,"HP EliteDisplay E222 USED IPS MONITOR FULL HD 22""",HP,22 Inch,60Hz,1080p FHD,IPS,False,False,False,"Rs 14,500",14500,Used,Colombo,hp-elitedisplay-e222-used-ips-monitor-full-hd-22-for-sale-colombo-5,https://ikman.lk/en/ad/hp-elitedisplay-e222-used-ips-monitor-full-hd-22-for-sale-colombo-5,Max Core PC,True,7 days
6a8d7985bfd7b5d9bfa1c13c,"Samsung F24T450FQE 24"" Inch Full HD IPS Frameless HDMI Used Monitor",Samsung,24 Inch,60Hz,1080p FHD,IPS,False,False,True,"Rs 21,000",21000,Used,Colombo,samsung-f24t450fqe-24-inch-full-hd-ips-frameless-hdmi-used-monitor-for-sale-colombo-69,https://ikman.lk/en/ad/samsung-f24t450fqe-24-inch-full-hd-ips-frameless-hdmi-used-monitor-for-sale-colombo-69,Computer Store.lk Pvt Ltd,True,7 days
6a8d76ca0eca4a7c26a6549a,"MONITOR 24"" IPS (1980 x 1080P) FHD|FRAMELESS|HDMI",Other,24 Inch,60Hz,1080p FHD,IPS,False,False,True,"Rs 21,150",21150,Used,Gampaha,monitor-24-ips-1980-x-1080p-fhdframelesshdmi-for-sale-gampaha,https://ikman.lk/en/ad/monitor-24-ips-1980-x-1080p-fhdframelesshdmi-for-sale-gampaha,ShaTech Zone,True,7 days
6a8d745523e8c537d58b8671,Falcon HS17 17-Inch LED Monitor With HDMI,Other,17 Inch,60Hz,HD,Standard,False,False,False,"Rs 8,000",8000,Used,Colombo,falcon-hs17-17-inch-led-monitor-with-hdmi-box-condition-for-sale-colombo,https://ikman.lk/en/ad/falcon-hs17-17-inch-led-monitor-with-hdmi-box-condition-for-sale-colombo,,False,7 days
6a8d71330eca4a7c26a65465,"MONITOR 27"" IPS FRAMELESS (1980 x 1080P) ULTRA SLIM|FHD|HDMI",Other,27 Inch,60Hz,1080p FHD,IPS,False,False,True,"Rs 33,850",33850,Used,Colombo,monitor-27-ips-frameless-1980-x-1080p-ultra-slimfhdhdmi-for-sale-colombo,https://ikman.lk/en/ad/monitor-27-ips-frameless-1980-x-1080p-ultra-slimfhdhdmi-for-sale-colombo,ShaTech Zone,True,7 days
6a8d6f380eca4a7c26a65446,"24"" ASUS MONITOR - 120HZ IPS FHD FRAMELESS (NEW)",Asus,24 Inch,120Hz,1080p FHD,IPS,False,False,True,"Rs 33,950",33950,Brand New,Gampaha,24-asus-monitor-120hz-ips-fhd-frameless-new-for-sale-gampaha,https://ikman.lk/en/ad/24-asus-monitor-120hz-ips-fhd-frameless-new-for-sale-gampaha,ShaTech Zone,True,7 days
6a8d637d35afed84faa653d9,Hp Elitedisplay E223,HP,Unknown,60Hz,Unknown,Standard,False,False,False,"Rs 17,500",17500,Used,Colombo,hp-elitedisplay-e223-for-sale-colombo,https://ikman.lk/en/ad/hp-elitedisplay-e223-for-sale-colombo,Acepro Trading (pvt) ltd,True,7 days
6a8d518041678d00e8dc5b40,"Lenovo ThinkVision P24h-10 IPS 2K QHD 1440P FRAMELESS USED MONITOR 24""",Lenovo,24 Inch,60Hz,2K QHD,IPS,False,False,True,"Rs 28,500",28500,Used,Colombo,lenovo-thinkvision-p24h-10-ips-2k-qhd-1440p-frameless-used-monitor-24-for-sale-colombo,https://ikman.lk/en/ad/lenovo-thinkvision-p24h-10-ips-2k-qhd-1440p-frameless-used-monitor-24-for-sale-colombo,Computer Store.lk Pvt Ltd,True,7 days
6a8d45ed4cebb249b3a9fc22,Brand New Acer Vero Series CB272 P6BMIPRX 144HZ Full HD Monitor,Acer,Unknown,144Hz,1080p FHD,Standard,False,False,False,"Rs 44,990",44990,Brand New,Colombo,brand-new-acer-vero-series-cb272-p6bmiprx-144hz-full-hd-monitor-for-sale-colombo-80,https://ikman.lk/en/ad/brand-new-acer-vero-series-cb272-p6bmiprx-144hz-full-hd-monitor-for-sale-colombo-80,Myitem.lk (PVT) Ltd,True,7 days
6a8d40fb6982b9ef288b8515,24 Inch Led Monitor,Other,24 Inch,60Hz,1080p FHD,Standard,False,False,False,"Rs 9,500",9500,Used,Gampaha,24-inch-led-monitor-for-sale-gampaha-3,https://ikman.lk/en/ad/24-inch-led-monitor-for-sale-gampaha-3,,False,7 days
6a8d3c710dd19e8f5b7ad211,Falcon HS 19 Inch Game Display Wide Monitor,Other,19 Inch,60Hz,Unknown,Standard,False,False,False,"Rs 16,000",16000,Brand New,Colombo,falcon-hs-19-inch-game-display-wide-monitor-for-sale-colombo,https://ikman.lk/en/ad/falcon-hs-19-inch-game-display-wide-monitor-for-sale-colombo,Thinex Pvt Ltd,True,7 days
6a8d3857e5f929987ac674f2,"23"" IPS MONITOR FRAMELESS (1980 x 1080P) FHD HDMI",Other,23 Inch,60Hz,1080p FHD,IPS,False,False,True,"Rs 19,450",19450,Used,Gampaha,23-ips-monitor-frameless-1980-x-1080p-fhd-hdmi-for-sale-gampaha,https://ikman.lk/en/ad/23-ips-monitor-frameless-1980-x-1080p-fhd-hdmi-for-sale-gampaha,ShaTech Zone,True,7 days
6a8d3550cf99f059a91bc8eb,"Monitor 24"" Wide|LED with Soundbar Speaker",Other,24 Inch,60Hz,1080p FHD,Standard,False,False,False,"Rs 13,950",13950,Used,Gampaha,monitor-24-wideled-with-soundbar-speaker-for-sale-gampaha,https://ikman.lk/en/ad/monitor-24-wideled-with-soundbar-speaker-for-sale-gampaha,ShaTech Zone,True,7 days
6a8d33ff3337d8cd82ebddf9,"Lenovo ThinkVision T24i-30 USED IPS HDMI MONITOR 24""",Lenovo,24 Inch,60Hz,HD,IPS,False,False,False,"Rs 21,000",21000,Used,Colombo,lenovo-thinkvision-t24i-30-used-ips-hdmi-monitor-24-for-sale-colombo,https://ikman.lk/en/ad/lenovo-thinkvision-t24i-30-used-ips-hdmi-monitor-24-for-sale-colombo,Computer Store.lk Pvt Ltd,True,7 days
6a8d2ba8cb469f4fffa9fafa,ACER 24” FRAMELESS MONITORS,Acer,24 Inch,60Hz,1080p FHD,Standard,False,False,True,"Rs 19,900",19900,Used,Gampaha,acer-24-frameless-monitors-for-sale-gampaha,https://ikman.lk/en/ad/acer-24-frameless-monitors-for-sale-gampaha,,False,7 days
6a8d28ed23e8c537d58b83a9,DELL 22” FRAMELESS MONITOR,Dell,22 Inch,60Hz,1080p FHD,Standard,False,False,True,"Rs 16,500",16500,Used,Gampaha,dell-22-frameless-monitor-for-sale-gampaha,https://ikman.lk/en/ad/dell-22-frameless-monitor-for-sale-gampaha,,False,7 days
6a8d278c50e786ea0af4324f,HP 24” IPS MONITORS,HP,24 Inch,60Hz,1080p FHD,IPS,False,False,False,"Rs 11,990",11990,Used,Gampaha,hp-24-ips-monitors-for-sale-gampaha,https://ikman.lk/en/ad/hp-24-ips-monitors-for-sale-gampaha,,False,7 days
6a8d26977e5de29339d4c7e8,ACER EK1 24.5” Frameless Monitors,Acer,24 Inch,60Hz,1080p FHD,Standard,False,False,True,"Rs 27,500",27500,Brand New,Gampaha,acer-ek1-245-brandnew-frameless-monitors-for-sale-gampaha,https://ikman.lk/en/ad/acer-ek1-245-brandnew-frameless-monitors-for-sale-gampaha,,False,7 days
6a8d22a7d1d0bb01b9a9fa6f,HP ProDisplay 24inch HDMI LED Monitor,HP,24 Inch,60Hz,HD,Standard,False,False,False,"Rs 17,500",17500,Used,Colombo,hp-prodisplay-24inch-hdmi-led-monitor-for-sale-colombo,https://ikman.lk/en/ad/hp-prodisplay-24inch-hdmi-led-monitor-for-sale-colombo,Acepro Trading (pvt) ltd,True,7 days
6a8ca4bf78e2e7d5c8a78051,Monitor,Other,Unknown,60Hz,Unknown,Standard,False,False,False,"Rs 1,500",1500,Used,Gampaha,title-for-sale-gampaha-95,https://ikman.lk/en/ad/title-for-sale-gampaha-95,,False,7 days
6a8c6a43d1e65053a68d2bc0,Philips 24 Inch Frameless Monitor,Philips,24 Inch,60Hz,1080p FHD,IPS,False,False,True,"Rs 23,500",23500,Brand New,Colombo,philips-24-inch-frameless-monitor-for-sale-colombo-1,https://ikman.lk/en/ad/philips-24-inch-frameless-monitor-for-sale-colombo-1,Acepro Trading (pvt) ltd,True,7 days
6a8c69b6323ffee961469c1b,22 Inch Monitor,Other,22 Inch,60Hz,1080p FHD,Standard,False,False,False,"Rs 6,000",6000,Used,Gampaha,used-for-sale-gampaha-1376,https://ikman.lk/en/ad/used-for-sale-gampaha-1376,,False,7 days
6a8c703c2cc5af06aaa23494,"27"" IPS MONITOR FRAMELESS|ULTRA SLIM (1980 x 1080P) FHD|HDMI",Other,27 Inch,60Hz,1080p FHD,IPS,False,False,True,"Rs 33,850",33850,Used,Gampaha,27-ips-monitor-framelessultra-slim-1980-x-1080p-fhdhdmi-for-sale-gampaha,https://ikman.lk/en/ad/27-ips-monitor-framelessultra-slim-1980-x-1080p-fhdhdmi-for-sale-gampaha,ShaTech Zone,True,8 days
6a8c6e0c62cf26458e064260,"MONITOR 23"" IPS FRAMELESS (1980 x 1080P) FHD HDMI",Other,23 Inch,60Hz,1080p FHD,IPS,False,False,True,"Rs 19,450",19450,Used,Colombo,monitor-23-ips-frameless-1980-x-1080p-fhd-hdmi-for-sale-colombo,https://ikman.lk/en/ad/monitor-23-ips-frameless-1980-x-1080p-fhd-hdmi-for-sale-colombo,ShaTech Zone,True,8 days
6a8c5dc36cf0da48233de8ef,15.6-inch HD LED Laptop LCD Screen,Other,15.6 Inch,60Hz,HD,Standard,False,False,False,"Rs 6,500",6500,Used,Gampaha,156-inch-hd-led-laptop-lcd-screen-for-sale-gampaha,https://ikman.lk/en/ad/156-inch-hd-led-laptop-lcd-screen-for-sale-gampaha,,False,8 days
6a8c43f45f8659e42552e306,"24"" LED|Wide Monitor with Soundbar Speaker",Other,24 Inch,60Hz,1080p FHD,Standard,False,False,False,"Rs 13,950",13950,Used,Gampaha,24-ledwide-monitor-with-soundbar-speaker-for-sale-gampaha,https://ikman.lk/en/ad/24-ledwide-monitor-with-soundbar-speaker-for-sale-gampaha,ShaTech Zone,True,8 days
6a8c43765f119efd96883dc9,"24"" MONITOR IPS FRAMELESS|HDMI (1980 x 1080P) FHD",Other,24 Inch,60Hz,1080p FHD,IPS,False,False,True,"Rs 21,150",21150,Used,Colombo,24-monitor-ips-framelesshdmi-1980-x-1080p-fhd-for-sale-colombo,https://ikman.lk/en/ad/24-monitor-ips-framelesshdmi-1980-x-1080p-fhd-for-sale-colombo,ShaTech Zone,True,8 days
6a8c3db6f5c2587466c43d01,Lenovo ThinkVision T24i-30,Lenovo,Unknown,60Hz,Unknown,Standard,False,False,False,"Rs 21,000",21000,Used,Colombo,lenovo-thinkvision-t24i-30-for-sale-colombo,https://ikman.lk/en/ad/lenovo-thinkvision-t24i-30-for-sale-colombo,Myitem.lk (PVT) Ltd,True,8 days
6a8c3b8a1dff6f88bd780f7d,"Samsung F24T450FQE 24"" Inch Full HD IPS Frameless HDMI Used Monitor",Samsung,24 Inch,60Hz,1080p FHD,IPS,False,False,True,"Rs 20,990",20990,Used,Colombo,samsung-f24t450fqe-24-inch-full-hd-ips-frameless-hdmi-used-monitor-for-sale-colombo-68,https://ikman.lk/en/ad/samsung-f24t450fqe-24-inch-full-hd-ips-frameless-hdmi-used-monitor-for-sale-colombo-68,Max Core PC,True,8 days
6a8c3a013f9e385002f4ba7d,"Lenovo ThinkVision S24e-10 VA HDMI FRAMLESS USED Monitor 24""",Lenovo,24 Inch,60Hz,HD,VA,False,False,False,"Rs 20,500",20500,Used,Colombo,lenovo-thinkvision-s24e-10-va-hdmi-framless-used-monitor-24-for-sale-colombo,https://ikman.lk/en/ad/lenovo-thinkvision-s24e-10-va-hdmi-framless-used-monitor-24-for-sale-colombo,Myitem.lk (PVT) Ltd,True,8 days
6a8c37e03f9e385002f4ba6c,Lenovo C24 Inch VA HDMI FULL HDFRAMLESS,Lenovo,24 Inch,60Hz,1080p FHD,VA,False,False,False,"Rs 20,500",20500,Used,Colombo,lenovo-c24-inch-va-hdmi-full-hdframless-for-sale-colombo,https://ikman.lk/en/ad/lenovo-c24-inch-va-hdmi-full-hdframless-for-sale-colombo,Myitem.lk (PVT) Ltd,True,8 days
6a8c30fc5f119efd96883d43,TG Monitor,Other,Unknown,60Hz,Unknown,Standard,False,False,False,"Rs 10,000",10000,Used,Gampaha,tg-monitor-for-sale-for-sale-gampaha,https://ikman.lk/en/ad/tg-monitor-for-sale-for-sale-gampaha,,False,8 days
6a8c31be1dff6f88bd780f57,22 Inch Full HD HDMI IPS FRAMLESS USED MONITOR,Other,22 Inch,60Hz,1080p FHD,IPS,False,False,False,"Rs 19,500",19500,Used,Colombo,22-inch-full-hd-hdmi-ips-framless-used-monitor-for-sale-colombo,https://ikman.lk/en/ad/22-inch-full-hd-hdmi-ips-framless-used-monitor-for-sale-colombo,Max Core PC,True,8 days
6a8c2e306082e8e4101467db,24 Inch LCD USED Monitor,Other,24 Inch,60Hz,1080p FHD,Standard,False,False,False,"Rs 10,500",10500,Used,Colombo,24-inch-lcd-used-monitor-for-sale-colombo,https://ikman.lk/en/ad/24-inch-lcd-used-monitor-for-sale-colombo,Max Core PC,True,8 days
6a8c2d057c4a40719da15a7d,20 Inch Wide LCD USED Monitor,Other,20 Inch,60Hz,Unknown,Standard,False,False,False,"Rs 9,500",9500,Used,Colombo,20-inch-wide-lcd-used-monitor-for-sale-colombo,https://ikman.lk/en/ad/20-inch-wide-lcd-used-monitor-for-sale-colombo,Max Core PC,True,8 days
6a8c289beacd4d07196bb2f8,Lenovo 24 Inch Ips Frameless Monitor,Lenovo,24 Inch,60Hz,1080p FHD,IPS,False,False,True,"Rs 10,500",10500,Used,Colombo,lenovo-24-inch-ips-frameless-monitor-for-sale-colombo,https://ikman.lk/en/ad/lenovo-24-inch-ips-frameless-monitor-for-sale-colombo,,False,8 days
6a8c27400bc6aacac0c2fa48,19 Inch Square Used Monitor,Other,19 Inch,60Hz,Unknown,Standard,False,False,False,"Rs 6,500",6500,Used,Colombo,19-inch-square-used-monitor-for-sale-colombo-7,https://ikman.lk/en/ad/19-inch-square-used-monitor-for-sale-colombo-7,Max Core PC,True,8 days
6a8c25bd968335c6f3883cc7,"ViewSonic VA2214-H BRAND NEW IPS FULL HD MONITOR 22""",Viewsonic,22 Inch,60Hz,1080p FHD,IPS,False,False,False,"Rs 28,490",28490,Brand New,Colombo,viewsonic-va2214-h-brand-new-ips-full-hd-monitor-22-for-sale-colombo-6,https://ikman.lk/en/ad/viewsonic-va2214-h-brand-new-ips-full-hd-monitor-22-for-sale-colombo-6,Myitem.lk (PVT) Ltd,True,8 days
6a8c159bc67aacd23ff4b993,"MSI Pro MP243L E14 – 23.8"" FHD 144Hz Monitor",MSI,23.8 Inch,144Hz,1080p FHD,Standard,False,False,False,"Rs 35,400",35400,Brand New,Colombo,msi-pro-mp243l-e14-238-fhd-144hz-monitor-for-sale-colombo-1,https://ikman.lk/en/ad/msi-pro-mp243l-e14-238-fhd-144hz-monitor-for-sale-colombo-1,Thinex Pvt Ltd,True,8 days
6a8c22b4884c6da7f6a15a17,"HP EliteDisplay E202 USED HD+ IPS MONITOR 20""",HP,20 Inch,60Hz,HD,IPS,False,False,False,"Rs 13,500",13500,Used,Colombo,hp-elitedisplay-e202-used-hd-ips-monitor-20-for-sale-colombo-15,https://ikman.lk/en/ad/hp-elitedisplay-e202-used-hd-ips-monitor-20-for-sale-colombo-15,Myitem.lk (PVT) Ltd,True,8 days
6a8c20e47c4a40719da15a0f,Monitor,Other,Unknown,60Hz,Unknown,Standard,False,False,False,"Rs 1,500",1500,Used,Kegalle,monitor-for-sale-kegalle-126,https://ikman.lk/en/ad/monitor-for-sale-kegalle-126,,False,8 days
6a8c1fded906bf98345c0d3e,"20 Inch Wide LCD Monitor USED 20""",Other,20 Inch,60Hz,Unknown,Standard,False,False,False,"Rs 9,500",9500,Used,Colombo,20-inch-wide-lcd-monitor-used-20-for-sale-colombo,https://ikman.lk/en/ad/20-inch-wide-lcd-monitor-used-20-for-sale-colombo,Computer Store.lk Pvt Ltd,True,8 days
6a8c1864f78195c98ef5f949,"19 Inch Square Monitor USED SQ 19""",Other,19 Inch,60Hz,Unknown,Standard,False,False,False,"Rs 6,500",6500,Used,Colombo,19-inch-square-monitor-used-sq-19-for-sale-colombo,https://ikman.lk/en/ad/19-inch-square-monitor-used-sq-19-for-sale-colombo,Computer Store.lk Pvt Ltd,True,8 days
6a8c110d4dc4c9c53efe4a14,"Asus TUF Gaming VG34VQL3A – 34"" UWQHD 180Hz Monitor",Asus,34 Inch,180Hz,2K QHD,Standard,False,True,False,"Rs 135,000",135000,Brand New,Colombo,asus-tuf-gaming-vg34vql3a-34-uwqhd-180hz-monitor-for-sale-colombo-1,https://ikman.lk/en/ad/asus-tuf-gaming-vg34vql3a-34-uwqhd-180hz-monitor-for-sale-colombo-1,Thinex Pvt Ltd,True,8 days
6a8c0a44a93915845a6932fe,"Acer EK251 P6BI 25"" Inch 144Hz IPS HDMI Frameless Gaming Monitor",Acer,25 Inch,144Hz,HD,IPS,False,True,True,"Rs 31,500",31500,Brand New,Colombo,acer-ek251-p6bi-25-inch-144hz-ips-hdmi-frameless-gaming-monitor-for-sale-colombo-67,https://ikman.lk/en/ad/acer-ek251-p6bi-25-inch-144hz-ips-hdmi-frameless-gaming-monitor-for-sale-colombo-67,Myitem.lk (PVT) Ltd,True,8 days
6a8c09c9e87e8c2c7d9e5b15,Asus TUF Gaming VG279QE5A 27″ FHD IPS 146HZ Monitor,Asus,27 Inch,146Hz,1080p FHD,IPS,False,True,False,"Rs 46,500",46500,Brand New,Colombo,asus-tuf-gaming-vg279qe5a-27-fhd-ips-146hz-monitor-for-sale-colombo-72,https://ikman.lk/en/ad/asus-tuf-gaming-vg279qe5a-27-fhd-ips-146hz-monitor-for-sale-colombo-72,Myitem.lk (PVT) Ltd,True,8 days
6a8bf9a0c67aacd23ff4b87b,"MSI Pro MP225 E12VL 21.5"" Inch 120HZ FHD Slim Frameless Monitor",MSI,21.5 Inch,120Hz,1080p FHD,Standard,False,False,True,"Rs 26,500",26500,Brand New,Colombo,msi-pro-mp225-e12vl-215-inch-120hz-fhd-slim-frameless-monitor-for-sale-colombo-11,https://ikman.lk/en/ad/msi-pro-mp225-e12vl-215-inch-120hz-fhd-slim-frameless-monitor-for-sale-colombo-11,Max Core PC,True,8 days
6a8c03a4a39ef3d4119e5ac3,"Acer EK271 27"" Inch 144Hz IPS HDMI Frameless Gaming Monitor",Acer,27 Inch,144Hz,HD,IPS,False,True,True,"Rs 35,990",35990,Brand New,Colombo,acer-ek271-27-inch-144hz-ips-hdmi-frameless-gaming-monitor-for-sale-colombo-104,https://ikman.lk/en/ad/acer-ek271-27-inch-144hz-ips-hdmi-frameless-gaming-monitor-for-sale-colombo-104,Max Core PC,True,8 days
6a8c02eccc6057cf4682690b,"Acer EK251 P6BI 25"" Inch 144Hz IPS HDMI Frameless Gaming Monitor",Acer,25 Inch,144Hz,HD,IPS,False,True,True,"Rs 31,500",31500,Brand New,Colombo,acer-ek251-p6bi-25-inch-144hz-ips-hdmi-frameless-gaming-monitor-for-sale-colombo-66,https://ikman.lk/en/ad/acer-ek251-p6bi-25-inch-144hz-ips-hdmi-frameless-gaming-monitor-for-sale-colombo-66,Max Core PC,True,8 days
6a8bffa492ee287794054902,"MSI Pro MP243L E14 24.5"" Inch 144Hz 1ms FHD IPS Productivity Monitor",MSI,24.5 Inch,144Hz,1080p FHD,IPS,False,False,False,"Rs 33,500",33500,Brand New,Colombo,msi-pro-mp243l-e14-245-inch-144hz-1ms-fhd-ips-productivity-monitor-for-sale-colombo-43,https://ikman.lk/en/ad/msi-pro-mp243l-e14-245-inch-144hz-1ms-fhd-ips-productivity-monitor-for-sale-colombo-43,Max Core PC,True,8 days
6a8bfac85e7b119f91d96a3f,27 Inch Monitor (Full Hd 60hz),Other,27 Inch,60Hz,1080p FHD,Standard,False,False,False,"Rs 17,500",17500,Used,Colombo,27-inch-monitor-full-hd-60hz-for-sale-colombo,https://ikman.lk/en/ad/27-inch-monitor-full-hd-60hz-for-sale-colombo,,False,8 days
6a8bfa326150e539cd7719b2,24 Inch Ips Monitor (Full Hd 60hz),Other,24 Inch,60Hz,1080p FHD,IPS,False,False,False,"Rs 14,500",14500,Used,Colombo,24-inch-ips-monitor-full-hd-60hz-for-sale-colombo,https://ikman.lk/en/ad/24-inch-ips-monitor-full-hd-60hz-for-sale-colombo,,False,8 days
6a8bf9e06796b5c808c2f938,24 Inch Monitor (Full Hd 60hz),Other,24 Inch,60Hz,1080p FHD,Standard,False,False,False,"Rs 13,500",13500,Used,Colombo,24-inch-monitor-full-hd-60hz-for-sale-colombo,https://ikman.lk/en/ad/24-inch-monitor-full-hd-60hz-for-sale-colombo,,False,8 days
6a8bf7ee09419dc40db360ef,"Acer 27"" Full HD Nitro Gaming Monitor - KG273 W3 240Hz Brand New",Acer,27 Inch,240Hz,1080p FHD,Standard,False,True,False,"Rs 48,500",48500,Brand New,Colombo,acer-27-full-hd-nitro-gaming-monitor-kg273-w3-240hz-brand-new-for-sale-colombo-73,https://ikman.lk/en/ad/acer-27-full-hd-nitro-gaming-monitor-kg273-w3-240hz-brand-new-for-sale-colombo-73,Myitem.lk (PVT) Ltd,True,8 days
6a8bf6dd5e7b119f91d96a0f,Brandnew Acer 27- Inch Monitors (144Hz),Acer,27 Inch,144Hz,1080p FHD,Standard,False,False,False,"Rs 37,500",37500,Brand New,Colombo,brandnew-acer-27-inch-monitors-144hz-for-sale-colombo-12,https://ikman.lk/en/ad/brandnew-acer-27-inch-monitors-144hz-for-sale-colombo-12, Laptop Market,True,8 days
6a8bf4f40bc6aacac0c2f88d,24 inch LCD Monitor,Other,24 Inch,60Hz,1080p FHD,Standard,False,False,False,"Rs 11,000",11000,Used,Galle,24-inch-lcd-monitor-for-sale-galle,https://ikman.lk/en/ad/24-inch-lcd-monitor-for-sale-galle,,False,8 days
6a8bed92f77eec5f32b36066,"HP 22"" Frameless Full HD",HP,22 Inch,60Hz,1080p FHD,Standard,False,False,True,"Rs 15,500",15500,Used,Gampaha,hp-22-frameless-full-hd-for-sale-gampaha,https://ikman.lk/en/ad/hp-22-frameless-full-hd-for-sale-gampaha,,False,8 days
6a8be91a8396a3e4d305484a,"Dell UltraSharp U2417H IPS Full HD Frameless USED Monitor 24""",Dell,24 Inch,60Hz,1080p FHD,IPS,False,False,True,"Rs 22,000",22000,Used,Colombo,dell-ultrasharp-u2417h-ips-full-hd-frameless-used-monitor-24-for-sale-colombo-10,https://ikman.lk/en/ad/dell-ultrasharp-u2417h-ips-full-hd-frameless-used-monitor-24-for-sale-colombo-10,Computer Store.lk Pvt Ltd,True,8 days
6a8be73c88e167634abad4a2,"Acer EK251 P6BI 25"" Inch 144Hz IPS HDMI Frameless Gaming & Monitor",Acer,25 Inch,144Hz,HD,IPS,False,True,True,"Rs 31,500",31500,Brand New,Colombo,acer-ek251-p6bi-25-inch-144hz-ips-hdmi-frameless-gaming-and-monitor-for-sale-colombo-5,https://ikman.lk/en/ad/acer-ek251-p6bi-25-inch-144hz-ips-hdmi-frameless-gaming-and-monitor-for-sale-colombo-5,Computer Store.lk Pvt Ltd,True,8 days
6a8be5f91d96694980b3600d,"Emark 24"" EW2427SH 144Hz IPS Full HD Frameless Gaming Monitor",Other,24 Inch,144Hz,1080p FHD,IPS,False,True,True,"Rs 29,990",29990,Brand New,Colombo,emark-24-ew2427sh-144hz-ips-full-hd-frameless-gaming-monitor-for-sale-colombo-61,https://ikman.lk/en/ad/emark-24-ew2427sh-144hz-ips-full-hd-frameless-gaming-monitor-for-sale-colombo-61,Max Core PC,True,8 days
6a8be1b4753a8d7c5fbad453,"LAPTOP DISPLAY 15.6""",Other,15.6 Inch,60Hz,Unknown,Standard,False,False,False,"Rs 12,500",12500,Brand New,Colombo,laptop-display-156-for-sale-colombo-2,https://ikman.lk/en/ad/laptop-display-156-for-sale-colombo-2,Vista Computer System,True,8 days
6a8be054e9122b5a62f5f70a,"HP EliteDisplay E202 USED HD+ IPS MONITOR 20""",HP,20 Inch,60Hz,HD,IPS,False,False,False,"Rs 13,500",13500,Used,Colombo,hp-elitedisplay-e202-used-hd-ips-monitor-20-for-sale-colombo-14,https://ikman.lk/en/ad/hp-elitedisplay-e202-used-hd-ips-monitor-20-for-sale-colombo-14,Myitem.lk (PVT) Ltd,True,8 days
6a8bdec90162fd070846e1dd,"ViewSonic VA2432A-H 24"" Inch Full HD IPS 120Hz Frameless Monitor New",Viewsonic,24 Inch,120Hz,1080p FHD,IPS,False,False,True,"Rs 35,500",35500,Brand New,Colombo,viewsonic-va2432a-h-24-inch-full-hd-ips-120hz-frameless-monitor-new-for-sale-colombo-112,https://ikman.lk/en/ad/viewsonic-va2432a-h-24-inch-full-hd-ips-120hz-frameless-monitor-new-for-sale-colombo-112,Max Core PC,True,8 days
6a8bde278fcdc5930eb5ea95,"ViewSonic VA2214-H BRAND NEW IPS FULL HD MONITOR 22""",Viewsonic,22 Inch,60Hz,1080p FHD,IPS,False,False,False,"Rs 28,490",28490,Brand New,Colombo,viewsonic-va2214-h-brand-new-ips-full-hd-monitor-22-for-sale-colombo-5,https://ikman.lk/en/ad/viewsonic-va2214-h-brand-new-ips-full-hd-monitor-22-for-sale-colombo-5,Max Core PC,True,8 days
6a8bddb587058d78e811f1b1,"HP EliteDisplay E222 USED FULL HD IPS MONITOR 22""",HP,22 Inch,60Hz,1080p FHD,IPS,False,False,False,"Rs 14,500",14500,Used,Colombo,hp-elitedisplay-e222-used-full-hd-ips-monitor-22-for-sale-colombo-11,https://ikman.lk/en/ad/hp-elitedisplay-e222-used-full-hd-ips-monitor-22-for-sale-colombo-11,Computer Store.lk Pvt Ltd,True,8 days
6a8bdd8a09419dc40db35f5d,Asus TUF Gaming 34” VG34VQL3A 1440P 1500R 180Hz Curved Monitor,Asus,34 Inch,180Hz,2K QHD,Standard,True,True,False,"Rs 159,500",159500,Brand New,Colombo,asus-tuf-gaming-34-vg34vql3a-1440p-1500r-180hz-curved-monitor-for-sale-colombo-13,https://ikman.lk/en/ad/asus-tuf-gaming-34-vg34vql3a-1440p-1500r-180hz-curved-monitor-for-sale-colombo-13,COMPUTER HUB,True,8 days
6a8bdc66d2b403265bd968cc,"HP EliteDisplay E202 USED HD+ IPS MONITOR 20""",HP,20 Inch,60Hz,HD,IPS,False,False,False,"Rs 13,500",13500,Used,Colombo,hp-elitedisplay-e202-used-hd-ips-monitor-20-for-sale-colombo-13,https://ikman.lk/en/ad/hp-elitedisplay-e202-used-hd-ips-monitor-20-for-sale-colombo-13,Computer Store.lk Pvt Ltd,True,8 days
6a8bd4a509419dc40db35edb,"Falcon HS185 WIDE LED HD Monitor brand New 18.5""",Other,18.5 Inch,60Hz,HD,Standard,False,False,False,"Rs 19,500",19500,Brand New,Colombo,falcon-hs185-wide-led-hd-monitor-brand-new-185-for-sale-colombo-8,https://ikman.lk/en/ad/falcon-hs185-wide-led-hd-monitor-brand-new-185-for-sale-colombo-8,Computer Store.lk Pvt Ltd,True,8 days
6a8bd40903bb447b0ad96836,"Falcon HS17 Square LED Monitor Brand New 17""",Other,17 Inch,60Hz,Unknown,Standard,False,False,False,"Rs 11,500",11500,Brand New,Colombo,falcon-hs17-square-led-monitor-brand-new-17-for-sale-colombo-6,https://ikman.lk/en/ad/falcon-hs17-square-led-monitor-brand-new-17-for-sale-colombo-6,Computer Store.lk Pvt Ltd,True,8 days
6a8bd32d6150e539cd7717b0,"19"" WIDE MONITORS",Other,19 Inch,60Hz,Unknown,Standard,False,False,False,"Rs 8,900",8900,Used,Colombo,19-wide-monitors-for-sale-colombo-6,https://ikman.lk/en/ad/19-wide-monitors-for-sale-colombo-6,Vista Computer System,True,8 days
6a82090cfcf97b67312fa569,POS Billing Fullset Package,Other,Unknown,60Hz,Unknown,Standard,False,False,False,"Rs 99,800",99800,Brand New,Colombo,pos-billing-fullset-package-for-sale-colombo,https://ikman.lk/en/ad/pos-billing-fullset-package-for-sale-colombo,RK Enterprises,True,bump_up
6a8bcf710bc6aacac0c2f653,"Dell UltraSharp U2417H IPS Full HD Frameless Monitor 24""",Dell,24 Inch,60Hz,1080p FHD,IPS,False,False,True,"Rs 22,000",22000,Used,Colombo,dell-ultrasharp-u2417h-ips-full-hd-frameless-monitor-24-for-sale-colombo-2,https://ikman.lk/en/ad/dell-ultrasharp-u2417h-ips-full-hd-frameless-monitor-24-for-sale-colombo-2,Max Core PC,True,8 days
6a8bcf160162fd070846e117,"HP EliteDisplay E222 USED IPS MONITOR FULL HD 22""",HP,22 Inch,60Hz,1080p FHD,IPS,False,False,False,"Rs 14,500",14500,Used,Colombo,hp-elitedisplay-e222-used-ips-monitor-full-hd-22-for-sale-colombo-4,https://ikman.lk/en/ad/hp-elitedisplay-e222-used-ips-monitor-full-hd-22-for-sale-colombo-4,Max Core PC,True,8 days
6a8bcecfd5b6d497b2343378,"HP EliteDisplay E202 USED HD+ IPS MONITOR 20""",HP,20 Inch,60Hz,HD,IPS,False,False,False,"Rs 13,500",13500,Used,Colombo,hp-elitedisplay-e202-used-hd-ips-monitor-20-for-sale-colombo-12,https://ikman.lk/en/ad/hp-elitedisplay-e202-used-hd-ips-monitor-20-for-sale-colombo-12,Max Core PC,True,8 days
6a8bcc9da5c59fbbc9e745f7,"FALCON HS185 WIDE LED HD MONITOR BRAND NEW 18.5""",Other,18.5 Inch,60Hz,HD,Standard,False,False,False,"Rs 19,500",19500,Brand New,Colombo,falcon-hs185-wide-led-hd-monitor-brand-new-185-for-sale-colombo-7,https://ikman.lk/en/ad/falcon-hs185-wide-led-hd-monitor-brand-new-185-for-sale-colombo-7,Myitem.lk (PVT) Ltd,True,8 days
6a32d40bd694e10c8d9c0f94,Dell 24inch Type C Frameless Monitor 2022 model P2422HE,Dell,24 Inch,60Hz,1080p FHD,Standard,False,False,True,"Rs 24,500",24500,Used,Colombo,dell-24inch-type-c-frameless-monitor-2022-model-p2422he-for-sale-colombo,https://ikman.lk/en/ad/dell-24inch-type-c-frameless-monitor-2022-model-p2422he-for-sale-colombo,Acepro Trading (pvt) ltd,True,8 days
687f3e9ab7f8d500311ce968,24 Inch IPS Full HD Used Monitors 60HZ,Other,24 Inch,60Hz,1080p FHD,IPS,False,False,False,"Rs 15,500",15500,Used,Gampaha,24-inch-ips-full-hd-used-monitors-60hz-for-sale-gampaha,https://ikman.lk/en/ad/24-inch-ips-full-hd-used-monitors-60hz-for-sale-gampaha,U TECZONE,True,8 days
6a8bcaad6ba0b7e27e2078ee,"Emark 24"" EW2427SH 144Hz IPS Full HD Frameless Gaming Monitor",Other,24 Inch,144Hz,1080p FHD,IPS,False,True,True,"Rs 29,990",29990,Brand New,Colombo,emark-24-ew2427sh-144hz-ips-full-hd-frameless-gaming-monitor-for-sale-colombo-60,https://ikman.lk/en/ad/emark-24-ew2427sh-144hz-ips-full-hd-frameless-gaming-monitor-for-sale-colombo-60,Myitem.lk (PVT) Ltd,True,8 days
6a8bca39cc2a391c6ac2f621,"Acer EK271 27"" Inch 144Hz IPS HDMI Frameless Gaming Monitor",Acer,27 Inch,144Hz,HD,IPS,False,True,True,"Rs 37,000",37000,Brand New,Colombo,acer-ek271-27-inch-144hz-ips-hdmi-frameless-gaming-monitor-for-sale-colombo-103,https://ikman.lk/en/ad/acer-ek271-27-inch-144hz-ips-hdmi-frameless-gaming-monitor-for-sale-colombo-103,Myitem.lk (PVT) Ltd,True,8 days
6a8bc734a5c59fbbc9e74592,"Samsung 24"" Inch Full HD IPS Frameless HDMI Gaming Used Monitor",Samsung,24 Inch,60Hz,1080p FHD,IPS,False,True,True,"Rs 22,000",22000,Used,Colombo,samsung-24-inch-full-hd-ips-frameless-hdmi-gaming-used-monitor-for-sale-colombo-57,https://ikman.lk/en/ad/samsung-24-inch-full-hd-ips-frameless-hdmi-gaming-used-monitor-for-sale-colombo-57,Myitem.lk (PVT) Ltd,True,8 days
6a8b41f47988fcdde2f2444c,"Viewsonic Gaming 24"" Curved Monitor 144Hz",Viewsonic,24 Inch,144Hz,1080p FHD,Standard,True,True,False,"Rs 22,500",22500,Used,Kandy,gaming-24-inch-curved-monitor-144hz-for-sale-kandy,https://ikman.lk/en/ad/gaming-24-inch-curved-monitor-144hz-for-sale-kandy,,False,8 days
6a8afce90bc6aacac0c2f21f,"27"" IPS MONITOR ULTRA SLIM FRAMELESS (1980 x 1080P) FHD|HDMI",Other,27 Inch,60Hz,1080p FHD,IPS,False,False,True,"Rs 33,850",33850,Used,Gampaha,27-ips-monitor-ultra-slim-frameless-1980-x-1080p-fhdhdmi-for-sale-gampaha,https://ikman.lk/en/ad/27-ips-monitor-ultra-slim-frameless-1980-x-1080p-fhdhdmi-for-sale-gampaha,ShaTech Zone,True,9 days
6a8afb80c2633293bb3ed3dc,MSI Gaming Monitor,MSI,Unknown,60Hz,Unknown,Standard,False,True,False,"Rs 34,000",34000,Used,Kegalle,msi-gaming-monitor-for-sale-for-sale-kegalle,https://ikman.lk/en/ad/msi-gaming-monitor-for-sale-for-sale-kegalle,,False,9 days
6a8ade3a756e7d9d184d9eb9,Acer 23 Inch Full HD Monitor,Acer,23 Inch,60Hz,1080p FHD,Standard,False,False,False,"Rs 13,000",13000,Used,Gampaha,acer-23-inch-full-hd-monitor-for-sale-gampaha,https://ikman.lk/en/ad/acer-23-inch-full-hd-monitor-for-sale-gampaha,,False,9 days
6a8ad59b4248a49b9fa2f6d0,24 Inch Samsung LED Curved Monitor,Samsung,24 Inch,60Hz,1080p FHD,Standard,True,False,False,"Rs 25,000",25000,Used,Gampaha,24-inch-samsung-led-curved-monitor-for-sale-gampaha,https://ikman.lk/en/ad/24-inch-samsung-led-curved-monitor-for-sale-gampaha,,False,9 days
6a8ab58ee27f13c53a2a61db,"23"" IPS MONITOR FRAMELESS (1980 x 1080P) FHD HDMI",Other,23 Inch,60Hz,1080p FHD,IPS,False,False,True,"Rs 19,450",19450,Used,Colombo,23-ips-monitor-frameless-1980-x-1080p-fhd-hdmi-for-sale-colombo,https://ikman.lk/en/ad/23-ips-monitor-frameless-1980-x-1080p-fhd-hdmi-for-sale-colombo,ShaTech Zone,True,9 days
6a8ab5110bc6aacac0c2f07e,"MONITOR 24"" IPS FRAMELESS|HDMI (1980 x 1080P) FHD",Other,24 Inch,60Hz,1080p FHD,IPS,False,False,True,"Rs 21,150",21150,Used,Gampaha,monitor-24-ips-framelesshdmi-1980-x-1080p-fhd-for-sale-gampaha,https://ikman.lk/en/ad/monitor-24-ips-framelesshdmi-1980-x-1080p-fhd-for-sale-gampaha,ShaTech Zone,True,9 days
6a8ab480e257509d96432259,"Monitor 24"" LED|Wide with Soundbar Speaker",Other,24 Inch,60Hz,1080p FHD,Standard,False,False,False,"Rs 13,950",13950,Used,Gampaha,monitor-24-ledwide-with-soundbar-speaker-for-sale-gampaha,https://ikman.lk/en/ad/monitor-24-ledwide-with-soundbar-speaker-for-sale-gampaha,ShaTech Zone,True,9 days
6a8aad764754f50f992a61a9,Asus TUF Gaming VG279QE5A 27″ FHD IPS 146HZ Monitor,Asus,27 Inch,146Hz,1080p FHD,IPS,False,True,False,"Rs 45,500",45500,Brand New,Colombo,asus-tuf-gaming-vg279qe5a-27-fhd-ips-146hz-monitor-for-sale-colombo-71,https://ikman.lk/en/ad/asus-tuf-gaming-vg279qe5a-27-fhd-ips-146hz-monitor-for-sale-colombo-71,Computer Store.lk Pvt Ltd,True,9 days
6a8aab1a16ba540739481716,Dell 19 Inch Monitor,Dell,19 Inch,60Hz,Unknown,Standard,False,False,False,"Rs 8,500",8500,Used,Gampaha,19-inch-montior-for-sale-gampaha,https://ikman.lk/en/ad/19-inch-montior-for-sale-gampaha,,False,9 days
6a8a66e14754f50f992a5e68,Dell Monitor 19 Inch,Dell,19 Inch,60Hz,Unknown,Standard,False,False,False,"Rs 3,600",3600,Used,Nuwara Eliya,dell-monitor-19-inch-for-sale-nuwara-eliya,https://ikman.lk/en/ad/dell-monitor-19-inch-for-sale-nuwara-eliya,,False,9 days
6a8a47e9a566fd428b865d86,ATEC,Other,Unknown,60Hz,Unknown,Standard,False,False,False,"Rs 10,000",10000,Used,Hambantota,atec-for-sale-hambantota,https://ikman.lk/en/ad/atec-for-sale-hambantota,,False,9 days
6a89df6fdd3bc1fe431ebe86,"MONITOR 27"" IPS ULTRA SLIM (1980 x 1080P) FHD|HDMI|FRAMELESS",Other,27 Inch,60Hz,1080p FHD,IPS,False,False,True,"Rs 33,850",33850,Used,Gampaha,monitor-27-ips-ultra-slim-1980-x-1080p-fhdhdmiframeless-for-sale-gampaha-2,https://ikman.lk/en/ad/monitor-27-ips-ultra-slim-1980-x-1080p-fhdhdmiframeless-for-sale-gampaha-2,ShaTech Zone,True,9 days
6a89d0f89f0c736ee1433f93,HP EliteDisplay E230t 23' Frameless Touch Monitor,HP,23 Inch,60Hz,Unknown,Standard,False,False,True,"Rs 27,500",27500,Used,Kalutara,hp-elitedisplay-e230t-23-frameless-touch-monitor-for-sale-kalutara,https://ikman.lk/en/ad/hp-elitedisplay-e230t-23-frameless-touch-monitor-for-sale-kalutara,,False,9 days
6a89a65080ddb6c8bfd70b45,"Samsung Monitor 20""INCH",Samsung,20 Inch,60Hz,Unknown,Standard,False,False,False,"Rs 9,000",9000,Used,Badulla,samsung-monitor-20inch-for-sale-badulla,https://ikman.lk/en/ad/samsung-monitor-20inch-for-sale-badulla,,False,10 days
6a89a60aa6e21ab9c35733fa,HP V244h Monitor (24 inch),HP,24 Inch,60Hz,1080p FHD,Standard,False,False,False,"Rs 15,000",15000,Used,Kandy,hp-v244h-monitor-24-inch-for-sale-kandy,https://ikman.lk/en/ad/hp-v244h-monitor-24-inch-for-sale-kandy,,False,10 days
6a899a374460ac6d89bf532d,"HP 23"" EliteDisplay E232 Full HD IPS HDMI A Grade Used Monitor",HP,23 Inch,60Hz,1080p FHD,IPS,False,False,False,"Rs 15,500",15500,Used,Colombo,hp-23-elitedisplay-e232-full-hd-ips-hdmi-a-grade-used-monitor-for-sale-colombo-1,https://ikman.lk/en/ad/hp-23-elitedisplay-e232-full-hd-ips-hdmi-a-grade-used-monitor-for-sale-colombo-1,Computer Store.lk Pvt Ltd,True,10 days
6a898234a331a390acd820d5,MSI RTX2060 6GB GAMING Z USED GRAPHICS CARD,MSI,Unknown,60Hz,Unknown,Standard,False,True,False,"Rs 66,000",66000,Used,Colombo,msi-rtx2060-6gb-gaming-z-used-graphics-card-for-sale-colombo,https://ikman.lk/en/ad/msi-rtx2060-6gb-gaming-z-used-graphics-card-for-sale-colombo,Mdcomputers.lk(Pvt) Ltd,True,10 days
6a897ff8b1832ca7e80def79,AOC Monitor 18.5 Inches,AOC,18.5 Inch,60Hz,Unknown,Standard,False,False,False,"Rs 8,000",8000,Used,Colombo,aoc-monitor-185-inches-for-sale-colombo,https://ikman.lk/en/ad/aoc-monitor-185-inches-for-sale-colombo,,False,10 days
6a8977194f9d33cddd92adf0,"HP EliteDisplay E202 USED HD+ IPS MONITOR 20""",HP,20 Inch,60Hz,HD,IPS,False,False,False,"Rs 13,500",13500,Used,Colombo,hp-elitedisplay-e202-used-hd-ips-monitor-20-for-sale-colombo-11,https://ikman.lk/en/ad/hp-elitedisplay-e202-used-hd-ips-monitor-20-for-sale-colombo-11,Myitem.lk (PVT) Ltd,True,10 days
6a89719add1c975b0c8680a4,HP E24 G4 24 IPS Monitor,HP,24 Inch,60Hz,1080p FHD,IPS,False,False,False,"Rs 23,000",23000,Used,Kegalle,hp-e24-g4-24-ips-monitor-for-sale-kegalle-1,https://ikman.lk/en/ad/hp-e24-g4-24-ips-monitor-for-sale-kegalle-1,,False,10 days
6a896cc07ab6e2dc4091c577,"ViewSonic VA2432A-H 24"" Inch Full HD IPS 120HZ Frameless Monitor New",Viewsonic,24 Inch,120Hz,1080p FHD,IPS,False,False,True,"Rs 35,500",35500,Brand New,Colombo,viewsonic-va2432a-h-24-inch-full-hd-ips-120hz-frameless-monitor-new-for-sale-colombo-111,https://ikman.lk/en/ad/viewsonic-va2432a-h-24-inch-full-hd-ips-120hz-frameless-monitor-new-for-sale-colombo-111,Myitem.lk (PVT) Ltd,True,10 days
6a895f405525cf07fdf70003,Monitor - 17 | 19 20 22 23 24 27 INCH LCD LED IPS 2K FRAMELESS,Other,27 Inch,60Hz,2K QHD,IPS,False,False,True,"Rs 6,490",6490,Used,Kalutara,monitor-17-19-20-22-23-24-27-inch-lcd-led-ips-2k-frameless-for-sale-kalutara-1,https://ikman.lk/en/ad/monitor-17-19-20-22-23-24-27-inch-lcd-led-ips-2k-frameless-for-sale-kalutara-1,Sheiba Arcade,True,10 days
6a895c37decf055bdbf6ff98,Dell 27 Inch Monitor (Full Hd 60hz),Dell,27 Inch,60Hz,1080p FHD,Standard,False,False,False,"Rs 17,500",17500,Used,Colombo,dell-27-inch-monitor-full-hd-60hz-for-sale-colombo,https://ikman.lk/en/ad/dell-27-inch-monitor-full-hd-60hz-for-sale-colombo,,False,10 days
6a895a1812bec4d1ea91c4c7,"24"" IPS MONITOR FRAMELESS|HDMI (1980 x 1080P) FHD",Other,24 Inch,60Hz,1080p FHD,IPS,False,False,True,"Rs 21,150",21150,Used,Gampaha,24-ips-monitor-framelesshdmi-1980-x-1080p-fhd-for-sale-gampaha-1,https://ikman.lk/en/ad/24-ips-monitor-framelesshdmi-1980-x-1080p-fhd-for-sale-gampaha-1,ShaTech Zone,True,10 days
6a89591a6aa798012c3315bb,"HP EliteDisplay E222 USED FULL HD IPS MONITOR 22""",HP,22 Inch,60Hz,1080p FHD,IPS,False,False,False,"Rs 14,500",14500,Used,Colombo,hp-elitedisplay-e222-used-full-hd-ips-monitor-22-for-sale-colombo-10,https://ikman.lk/en/ad/hp-elitedisplay-e222-used-full-hd-ips-monitor-22-for-sale-colombo-10,Myitem.lk (PVT) Ltd,True,10 days
6a8956be3fb62cf0c304c4a6,"24"" LED|Wide Monitor with Soundbar Speaker",Other,24 Inch,60Hz,1080p FHD,Standard,False,False,False,"Rs 13,950",13950,Used,Colombo,24-ledwide-monitor-with-soundbar-speaker-for-sale-colombo,https://ikman.lk/en/ad/24-ledwide-monitor-with-soundbar-speaker-for-sale-colombo,ShaTech Zone,True,10 days
6a89562b4d0bc73ef5eff36f,Monitor 24.5 Inch MSI Pro MP251,MSI,24.5 Inch,60Hz,Unknown,Standard,False,False,False,"Rs 30,000",30000,Used,Gampaha,monitor-245-inch-msi-pro-mp251-for-sale-gampaha,https://ikman.lk/en/ad/monitor-245-inch-msi-pro-mp251-for-sale-gampaha,,False,10 days
6a8955d712bec4d1ea91c490,"24"" Inch HP Wide Monitor",HP,24 Inch,60Hz,1080p FHD,Standard,False,False,False,"Rs 14,499",14499,Used,Colombo,24-inch-hp-wide-monitor-for-sale-colombo,https://ikman.lk/en/ad/24-inch-hp-wide-monitor-for-sale-colombo,Smart Choice,True,10 days
6a89544bdecf055bdbf6ff63,"MONITOR 23"" IPS FRAMELESS (1980 x 1080P) FHD HDMI",Other,23 Inch,60Hz,1080p FHD,IPS,False,False,True,"Rs 19,450",19450,Used,Gampaha,monitor-23-ips-frameless-1980-x-1080p-fhd-hdmi-for-sale-gampaha,https://ikman.lk/en/ad/monitor-23-ips-frameless-1980-x-1080p-fhd-hdmi-for-sale-gampaha,ShaTech Zone,True,10 days
6a895401d0db01ba48d81fbc,"24"" Inch HP Wide Monitor",HP,24 Inch,60Hz,1080p FHD,Standard,False,False,False,"Rs 14,499",14499,Used,Colombo,24-inch-hp-wide-monitor-for-sale-colombo-1,https://ikman.lk/en/ad/24-inch-hp-wide-monitor-for-sale-colombo-1,Smart Choice,True,10 days
6a8952abdee491dc6a3315c7,"DELL SE2225HM Monitor 22"" inches VA 100hz Brand New",Dell,22 Inch,100Hz,1080p FHD,VA,False,False,False,"Rs 29,990",29990,Brand New,Colombo,dell-se2225hm-monitor-22-inches-va-100hz-brand-new-for-sale-colombo,https://ikman.lk/en/ad/dell-se2225hm-monitor-22-inches-va-100hz-brand-new-for-sale-colombo,Computer Store.lk Pvt Ltd,True,10 days
6a8952a53fb62cf0c304c48f,"24"" Inch HP Wide Monitor",HP,24 Inch,60Hz,1080p FHD,Standard,False,False,False,"Rs 14,499",14499,Used,Kalutara,24-inch-hp-wide-monitor-for-sale-kalutara-2,https://ikman.lk/en/ad/24-inch-hp-wide-monitor-for-sale-kalutara-2,Smart Choice,True,10 days
6a89517112bec4d1ea91c467,"24"" Inch HP Wide Monitor",HP,24 Inch,60Hz,1080p FHD,Standard,False,False,False,"Rs 14,499",14499,Used,Kalutara,24-inch-hp-wide-monitor-for-sale-kalutara-3,https://ikman.lk/en/ad/24-inch-hp-wide-monitor-for-sale-kalutara-3,Smart Choice,True,10 days
6a89507b065bf0e9cc92ac91,USED LCD & LED MONITORS,Other,Unknown,60Hz,Unknown,Standard,False,False,False,"Rs 7,500",7500,Used,Gampaha,used-lcd-and-led-monitors-for-sale-gampaha,https://ikman.lk/en/ad/used-lcd-and-led-monitors-for-sale-gampaha,Comzonex,True,10 days
6a894e284f9d33cddd92ac74,"24"" Inch HP Wide Monitor",HP,24 Inch,60Hz,1080p FHD,Standard,False,False,False,"Rs 14,499",14499,Used,Kalutara,24-inch-hp-wide-monitor-for-sale-kalutara-4,https://ikman.lk/en/ad/24-inch-hp-wide-monitor-for-sale-kalutara-4,Smart Choice,True,10 days
6a894c2f5525cf07fdf6ff30,"24"" Inch HP Wide Monitor",HP,24 Inch,60Hz,1080p FHD,Standard,False,False,False,"Rs 14,499",14499,Used,Kalutara,24-inch-hp-wide-monitor-for-sale-kalutara-5,https://ikman.lk/en/ad/24-inch-hp-wide-monitor-for-sale-kalutara-5,Smart Choice,True,10 days
6a894ba3a331a390acd81ee2,"24"" Inch HP Wide Monitor",HP,24 Inch,60Hz,1080p FHD,Standard,False,False,False,"Rs 14,499",14499,Used,Kalutara,24-inch-hp-wide-monitor-for-sale-kalutara-6,https://ikman.lk/en/ad/24-inch-hp-wide-monitor-for-sale-kalutara-6,Smart Choice,True,10 days
6a894b257dc103f4c8867f0a,"24"" Inch HP Wide Monitor",HP,24 Inch,60Hz,1080p FHD,Standard,False,False,False,"Rs 14,499",14499,Used,Kalutara,24-inch-hp-wide-monitor-for-sale-kalutara-7,https://ikman.lk/en/ad/24-inch-hp-wide-monitor-for-sale-kalutara-7,Smart Choice,True,10 days
6a8949e600b5ac74ac92acca,"24"" Inch HP Wide Monitor",HP,24 Inch,60Hz,1080p FHD,Standard,False,False,False,"Rs 14,499",14499,Used,Kalutara,24-inch-hp-wide-monitor-for-sale-kalutara-8,https://ikman.lk/en/ad/24-inch-hp-wide-monitor-for-sale-kalutara-8,Smart Choice,True,10 days
6a89497b4f9d33cddd92ac21,"24"" Inch HP Wide Monitor",HP,24 Inch,60Hz,1080p FHD,Standard,False,False,False,"Rs 14,499",14499,Used,Kalutara,24-inch-hp-wide-monitor-for-sale-kalutara-1,https://ikman.lk/en/ad/24-inch-hp-wide-monitor-for-sale-kalutara-1,Smart Choice,True,10 days
6a894159dee491dc6a3314f7,"Acer EK271 27"" Inch 144Hz IPS HDMI Frameless Gaming Monitor",Acer,27 Inch,144Hz,HD,IPS,False,True,True,"Rs 37,000",37000,Brand New,Colombo,acer-ek271-27-inch-144hz-ips-hdmi-frameless-gaming-monitor-for-sale-colombo-102,https://ikman.lk/en/ad/acer-ek271-27-inch-144hz-ips-hdmi-frameless-gaming-monitor-for-sale-colombo-102,Myitem.lk (PVT) Ltd,True,10 days
6a89355b42fd3c3c12b417f3,DELL ULTRASHARP U2419H 24 INCH FULL HD IPS FRAMELESS USED MONITOR,Dell,24 Inch,60Hz,1080p FHD,IPS,False,False,True,"Rs 22,500",22500,Used,Colombo,dell-ultrasharp-u2419h-24-inch-full-hd-ips-frameless-used-monitor-for-sale-colombo,https://ikman.lk/en/ad/dell-ultrasharp-u2419h-24-inch-full-hd-ips-frameless-used-monitor-for-sale-colombo,Mdcomputers.lk(Pvt) Ltd,True,10 days
6a8933ae4d0bc73ef5eff1a0,"Dell UltraSharp U2417H IPS Full HD Frameless USED Monitor 24""",Dell,24 Inch,60Hz,1080p FHD,IPS,False,False,True,"Rs 22,000",22000,Used,Colombo,dell-ultrasharp-u2417h-ips-full-hd-frameless-used-monitor-24-for-sale-colombo-9,https://ikman.lk/en/ad/dell-ultrasharp-u2417h-ips-full-hd-frameless-used-monitor-24-for-sale-colombo-9,Computer Store.lk Pvt Ltd,True,10 days
6a892ed500b5ac74ac92aaef,MSI PRO MP251 IPS Monitor,MSI,Unknown,60Hz,Unknown,IPS,False,False,False,"Rs 30,000",30000,Used,Kandy,msi-pro-mp251-ips-monitor-for-sale-kandy,https://ikman.lk/en/ad/msi-pro-mp251-ips-monitor-for-sale-kandy,,False,10 days
6a892c8fb84e0a3be4b4176d,"Emark 24"" EW2427SH 144Hz IPS Full HD Frameless Gaming Monitor",Other,24 Inch,144Hz,1080p FHD,IPS,False,True,True,"Rs 29,990",29990,Brand New,Colombo,emark-24-ew2427sh-144hz-ips-full-hd-frameless-gaming-monitor-for-sale-colombo-59,https://ikman.lk/en/ad/emark-24-ew2427sh-144hz-ips-full-hd-frameless-gaming-monitor-for-sale-colombo-59,Myitem.lk (PVT) Ltd,True,10 days
6a892b08f14537b0a40debc5,ATEC 27 INCH FULL HD LED USED MONITOR,Other,27 Inch,60Hz,1080p FHD,Standard,False,False,False,"Rs 21,500",21500,Used,Colombo,atec-27-inch-full-hd-led-used-monitor-for-sale-colombo-21,https://ikman.lk/en/ad/atec-27-inch-full-hd-led-used-monitor-for-sale-colombo-21,Mdcomputers.lk(Pvt) Ltd,True,10 days
6a892ad86aa798012c33136e,"Acer EK251 P6BI 25"" Inch 144Hz IPS HDMI Frameless Gaming & Monitor",Acer,25 Inch,144Hz,HD,IPS,False,True,True,"Rs 31,500",31500,Brand New,Colombo,acer-ek251-p6bi-25-inch-144hz-ips-hdmi-frameless-gaming-and-monitor-for-sale-colombo-4,https://ikman.lk/en/ad/acer-ek251-p6bi-25-inch-144hz-ips-hdmi-frameless-gaming-and-monitor-for-sale-colombo-4,Computer Store.lk Pvt Ltd,True,10 days
6a892a595525cf07fdf6fd28,"MSI Pro MP243L E14 24.5"" Inch 144Hz 1ms FHD IPS Productivity Monitor",MSI,24.5 Inch,144Hz,1080p FHD,IPS,False,False,False,"Rs 33,500",33500,Brand New,Colombo,msi-pro-mp243l-e14-245-inch-144hz-1ms-fhd-ips-productivity-monitor-for-sale-colombo-42,https://ikman.lk/en/ad/msi-pro-mp243l-e14-245-inch-144hz-1ms-fhd-ips-productivity-monitor-for-sale-colombo-42,Computer Store.lk Pvt Ltd,True,10 days
6a8929b522445c4f9391c205,DELL P2214HB 22 INCH FULL HD IPS LED SILVER LINE MONITOR,Dell,22 Inch,60Hz,1080p FHD,IPS,False,False,False,"Rs 12,500",12500,Used,Colombo,dell-p2214hb-22-inch-full-hd-ips-led-silver-line-monitor-for-sale-colombo-1,https://ikman.lk/en/ad/dell-p2214hb-22-inch-full-hd-ips-led-silver-line-monitor-for-sale-colombo-1,Mdcomputers.lk(Pvt) Ltd,True,10 days
6a89243684baf647b20deb4e,Asus TUF Gaming VG279QE5A 27″ FHD IPS 146HZ Monitor,Asus,27 Inch,146Hz,1080p FHD,IPS,False,True,False,"Rs 46,500",46500,Brand New,Colombo,asus-tuf-gaming-vg279qe5a-27-fhd-ips-146hz-monitor-for-sale-colombo-70,https://ikman.lk/en/ad/asus-tuf-gaming-vg279qe5a-27-fhd-ips-146hz-monitor-for-sale-colombo-70,Myitem.lk (PVT) Ltd,True,10 days
6a88a4b602b383c56d08727a,24 IPS Frameless Monitors,Other,24 Inch,60Hz,1080p FHD,IPS,False,False,True,"Rs 22,500",22500,Used,Colombo,24-ips-frameless-monitors-for-sale-colombo-1,https://ikman.lk/en/ad/24-ips-frameless-monitors-for-sale-colombo-1,Blue Tech Computer,True,10 days
6a888de3e98dfe67c5e845cd,Lenovo IPS Monitors 24Inch,Lenovo,24 Inch,60Hz,1080p FHD,IPS,False,False,False,"Rs 13,500",13500,Used,Gampaha,ips-monitors-24inch-for-sale-gampaha,https://ikman.lk/en/ad/ips-monitors-24inch-for-sale-gampaha,,False,10 days
6a8871b8f5f5ff9667c7f4dd,"MSI Optix 34"" 144hz Ultrawide Curved Gaming Monitor",MSI,34 Inch,144Hz,Unknown,Standard,True,True,False,"Rs 99,000",99000,Used,Gampaha,msi-optix-34-144hz-ultrawide-curved-gaming-monitor-for-sale-gampaha,https://ikman.lk/en/ad/msi-optix-34-144hz-ultrawide-curved-gaming-monitor-for-sale-gampaha,,False,11 days
6a39269b864f4db308c95380,Samsung 24” IPS Framelles Monitor,Samsung,24 Inch,60Hz,1080p FHD,IPS,False,False,False,"Rs 21,000",21000,Used,Colombo,samsung-24-ips-framelles-monitor-for-sale-colombo-1,https://ikman.lk/en/ad/samsung-24-ips-framelles-monitor-for-sale-colombo-1,Computer House,True,11 days
6a392564ed6595a9e93cb952,Samsung 17” Monitor,Samsung,Unknown,60Hz,Unknown,Standard,False,False,False,"Rs 5,900",5900,Used,Colombo,samsung-17-monitor-for-sale-colombo-1,https://ikman.lk/en/ad/samsung-17-monitor-for-sale-colombo-1,Computer House,True,11 days
697c376546c2badd954ae541,"Lenovo 22"" Fhd Monitor – Used",Lenovo,22 Inch,60Hz,1080p FHD,Standard,False,False,False,"Rs 10,500",10500,Used,Gampaha,lenovo-22-fhd-monitor-used-for-sale-gampaha-1,https://ikman.lk/en/ad/lenovo-22-fhd-monitor-used-for-sale-gampaha-1,Comzonex,True,11 days
697c3f7cb9748b50c3ca2e16,"17"" Square Lcd Monitor – Used",Other,17 Inch,60Hz,Unknown,Standard,False,False,False,"Rs 6,500",6500,Used,Gampaha,17-square-lcd-monitor-used-for-sale-gampaha-1,https://ikman.lk/en/ad/17-square-lcd-monitor-used-for-sale-gampaha-1,Comzonex,True,11 days
6a8846b7ddcebf003e7ede95,Curved Monitor,Other,Unknown,60Hz,Unknown,Standard,True,False,False,"Rs 70,000",70000,Used,Trincomalee,curved-monitor-for-sale-trincomalee,https://ikman.lk/en/ad/curved-monitor-for-sale-trincomalee,,False,11 days
6a884af4ddcebf003e7edeaa,"MSI PRO MP225 E12VL 21.5"" Inch 120Hz 1ms FHD Slim Frameless Monitor",MSI,21.5 Inch,120Hz,1080p FHD,Standard,False,False,True,"Rs 26,500",26500,Brand New,Colombo,msi-pro-mp225-e12vl-215-inch-120hz-1ms-fhd-slim-frameless-monitor-for-sale-colombo-39,https://ikman.lk/en/ad/msi-pro-mp225-e12vl-215-inch-120hz-1ms-fhd-slim-frameless-monitor-for-sale-colombo-39,Myitem.lk (PVT) Ltd,True,11 days
6a8844f3f8ad43f508a4fbea,"Dell UltraSharp U2417H IPS Full HD Frameless USED Monitor 24""",Dell,24 Inch,60Hz,1080p FHD,IPS,False,False,True,"Rs 22,000",22000,Used,Colombo,dell-ultrasharp-u2417h-ips-full-hd-frameless-used-monitor-24-for-sale-colombo-8,https://ikman.lk/en/ad/dell-ultrasharp-u2417h-ips-full-hd-frameless-used-monitor-24-for-sale-colombo-8,Computer Store.lk Pvt Ltd,True,11 days
6a884352f59094bf63f0b033,DELL P2714HC 27 INCH IPS LED USED MONITOR,Dell,27 Inch,60Hz,1080p FHD,IPS,False,False,False,"Rs 26,500",26500,Used,Colombo,dell-p2714hc-27-inch-ips-led-used-monitor-for-sale-colombo-6,https://ikman.lk/en/ad/dell-p2714hc-27-inch-ips-led-used-monitor-for-sale-colombo-6,Mdcomputers.lk(Pvt) Ltd,True,11 days
6a883dbcef115d18af7eddf9,24 INCH DELL ULTRASHARP U2419H FULL IPS FRAMELESS USED MONITOR,Dell,24 Inch,60Hz,1080p FHD,IPS,False,False,True,"Rs 22,500",22500,Used,Colombo,24-inch-dell-ultrasharp-u2419h-full-ips-frameless-used-monitor-for-sale-colombo,https://ikman.lk/en/ad/24-inch-dell-ultrasharp-u2419h-full-ips-frameless-used-monitor-for-sale-colombo,Mdcomputers.lk(Pvt) Ltd,True,11 days
6a883c3dc19ea3885f00d5f5,24 INCH DELL ULTRASHAP U2422HE FULL HD IPS FRAMELESS 75Hz USED MONITOR,Dell,24 Inch,75Hz,1080p FHD,IPS,False,False,True,"Rs 26,500",26500,Used,Colombo,24-inch-dell-ultrashap-u2422he-full-hd-ips-frameless-75hz-used-monitor-for-sale-colombo-3,https://ikman.lk/en/ad/24-inch-dell-ultrashap-u2422he-full-hd-ips-frameless-75hz-used-monitor-for-sale-colombo-3,Mdcomputers.lk(Pvt) Ltd,True,11 days
6a883a0e23151716a1a31f67,LENOVO THINKVISION 27 INCH IPS FHD HDMI USED MONITOR,Lenovo,27 Inch,60Hz,1080p FHD,IPS,False,False,False,"Rs 27,500",27500,Used,Colombo,lenovo-thinkvision-27-inch-ips-fhd-hdmi-used-monitor-for-sale-colombo-9,https://ikman.lk/en/ad/lenovo-thinkvision-27-inch-ips-fhd-hdmi-used-monitor-for-sale-colombo-9,Mdcomputers.lk(Pvt) Ltd,True,11 days
6a88321967005d40ee7a9705,සල්ලි හදිසියකට විකුණනු ලැබේ,Other,Unknown,60Hz,Unknown,Standard,False,False,False,"Rs 14,500",14500,Used,Kandy,slli-hdisiyktt-vikunnnu-laebee-for-sale-kandy,https://ikman.lk/en/ad/slli-hdisiyktt-vikunnnu-laebee-for-sale-kandy,,False,11 days
6a88301023151716a1a31f0d,"HP EliteDisplay E222 USED FULL HD IPS MONITOR 22""",HP,22 Inch,60Hz,1080p FHD,IPS,False,False,False,"Rs 14,500",14500,Used,Colombo,hp-elitedisplay-e222-used-full-hd-ips-monitor-22-for-sale-colombo-9,https://ikman.lk/en/ad/hp-elitedisplay-e222-used-full-hd-ips-monitor-22-for-sale-colombo-9,Computer Store.lk Pvt Ltd,True,11 days
6a882eed79ce078bdee84374,Brandnew Acer 27- Inch Monitors (144Hz),Acer,27 Inch,144Hz,1080p FHD,Standard,False,False,False,"Rs 37,500",37500,Brand New,Colombo,brandnew-acer-27-inch-monitors-144hz-for-sale-colombo-11,https://ikman.lk/en/ad/brandnew-acer-27-inch-monitors-144hz-for-sale-colombo-11, Laptop Market,True,11 days
6a882e936a31f2368f6d528b,"Falcon HS185 WIDE LED HD Monitor brand New 18.5""",Other,18.5 Inch,60Hz,HD,Standard,False,False,False,"Rs 19,500",19500,Brand New,Colombo,falcon-hs185-wide-led-hd-monitor-brand-new-185-for-sale-colombo-6,https://ikman.lk/en/ad/falcon-hs185-wide-led-hd-monitor-brand-new-185-for-sale-colombo-6,Computer Store.lk Pvt Ltd,True,11 days
6a882c836a31f2368f6d5278,"Falcon HS17 Square LED Monitor Brand New 17""",Other,17 Inch,60Hz,Unknown,Standard,False,False,False,"Rs 11,500",11500,Brand New,Colombo,falcon-hs17-square-led-monitor-brand-new-17-for-sale-colombo-4,https://ikman.lk/en/ad/falcon-hs17-square-led-monitor-brand-new-17-for-sale-colombo-4,Computer Store.lk Pvt Ltd,True,11 days
6a881dedbf5351e95934726b,"Emark 24"" EW2427SH 144Hz IPS Full HD Frameless Gaming Monitor",Other,24 Inch,144Hz,1080p FHD,IPS,False,True,True,"Rs 29,990",29990,Brand New,Colombo,emark-24-ew2427sh-144hz-ips-full-hd-frameless-gaming-monitor-for-sale-colombo-58,https://ikman.lk/en/ad/emark-24-ew2427sh-144hz-ips-full-hd-frameless-gaming-monitor-for-sale-colombo-58,Max Core PC,True,11 days
6a881db4f92e2b62850f43bf,"ViewSonic VA2432A-H 24"" Inch Full HD IPS 120Hz Frameless Monitor New",Viewsonic,24 Inch,120Hz,1080p FHD,IPS,False,False,True,"Rs 35,500",35500,Brand New,Colombo,viewsonic-va2432a-h-24-inch-full-hd-ips-120hz-frameless-monitor-new-for-sale-colombo-110,https://ikman.lk/en/ad/viewsonic-va2432a-h-24-inch-full-hd-ips-120hz-frameless-monitor-new-for-sale-colombo-110,Max Core PC,True,11 days
6a881d751f0760eaeb347250,"MSI Pro MP243L E14 24.5"" Inch 144Hz 1ms FHD IPS Productivity Monitor",MSI,24.5 Inch,144Hz,1080p FHD,IPS,False,False,False,"Rs 33,500",33500,Brand New,Colombo,msi-pro-mp243l-e14-245-inch-144hz-1ms-fhd-ips-productivity-monitor-for-sale-colombo-41,https://ikman.lk/en/ad/msi-pro-mp243l-e14-245-inch-144hz-1ms-fhd-ips-productivity-monitor-for-sale-colombo-41,Max Core PC,True,11 days
6a881d3ef36c4f24f96d522e,"MSI Pro MP225 E12VL 21.5"" Inch 120HZ FHD Slim Frameless Monitor",MSI,21.5 Inch,120Hz,1080p FHD,Standard,False,False,True,"Rs 26,500",26500,Brand New,Colombo,msi-pro-mp225-e12vl-215-inch-120hz-fhd-slim-frameless-monitor-for-sale-colombo-10,https://ikman.lk/en/ad/msi-pro-mp225-e12vl-215-inch-120hz-fhd-slim-frameless-monitor-for-sale-colombo-10,Max Core PC,True,11 days
6a881d05e98dfe67c5e842bd,"Acer EK271 27"" Inch 144Hz IPS HDMI Frameless Gaming Monitor",Acer,27 Inch,144Hz,HD,IPS,False,True,True,"Rs 35,990",35990,Brand New,Colombo,acer-ek271-27-inch-144hz-ips-hdmi-frameless-gaming-monitor-for-sale-colombo-101,https://ikman.lk/en/ad/acer-ek271-27-inch-144hz-ips-hdmi-frameless-gaming-monitor-for-sale-colombo-101,Max Core PC,True,11 days
6a881cc891e1e9be426d5224,"Acer EK251 P6BI 25"" Inch 144Hz IPS HDMI Frameless Gaming Monitor",Acer,25 Inch,144Hz,HD,IPS,False,True,True,"Rs 31,500",31500,Brand New,Colombo,acer-ek251-p6bi-25-inch-144hz-ips-hdmi-frameless-gaming-monitor-for-sale-colombo-65,https://ikman.lk/en/ad/acer-ek251-p6bi-25-inch-144hz-ips-hdmi-frameless-gaming-monitor-for-sale-colombo-65,Max Core PC,True,11 days
6a8811ccbd794415305958fc,"Dell (E2216H) 22"" INCH Full HD LED Monitor",Dell,22 Inch,60Hz,1080p FHD,Standard,False,False,False,"Rs 9,000",9000,Brand New,Colombo,dell-e2216h-22-inch-full-hd-led-monitor-for-sale-colombo,https://ikman.lk/en/ad/dell-e2216h-22-inch-full-hd-led-monitor-for-sale-colombo,Lio Computers,True,11 days
6a880f3d79ce078bdee84258,"HP ProDisplay (P222va) 22""Inch Full HD LED Monitor",HP,22 Inch,60Hz,1080p FHD,Standard,False,False,False,"Rs 9,000",9000,Brand New,Colombo,hp-prodisplay-p222va-22inch-full-hd-led-monitor-for-sale-colombo,https://ikman.lk/en/ad/hp-prodisplay-p222va-22inch-full-hd-led-monitor-for-sale-colombo,Lio Computers,True,11 days
6a8808cb863c4039be929658,24 Inch Ips Monitor,Other,24 Inch,60Hz,1080p FHD,IPS,False,False,False,"Rs 14,500",14500,Used,Colombo,24-inch-ips-monitor-for-sale-colombo-2,https://ikman.lk/en/ad/24-inch-ips-monitor-for-sale-colombo-2,,False,11 days
6a37abce25b622c0536d7929,Vika 22” LED Monitor,Other,22 Inch,60Hz,1080p FHD,Standard,False,False,False,"Rs 21,000",21000,Brand New,Colombo,vika-22-led-monitor-for-sale-colombo-1,https://ikman.lk/en/ad/vika-22-led-monitor-for-sale-colombo-1,Computer House,True,11 days
6a37aaacfe0bee3ba4ed7052,Vika 22” Frameless LED Monitor,Other,22 Inch,60Hz,1080p FHD,Standard,False,False,True,"Rs 22,000",22000,Brand New,Colombo,vika-22-frameless-led-monitor-for-sale-colombo-2,https://ikman.lk/en/ad/vika-22-frameless-led-monitor-for-sale-colombo-2,Computer House,True,11 days
6a87fbd45e2601dff99fee98,"Acer EK251 P6BI 25"" Inch 144Hz IPS HDMI Frameless Gaming Monitor",Acer,25 Inch,144Hz,HD,IPS,False,True,True,"Rs 31,500",31500,Brand New,Colombo,acer-ek251-p6bi-25-inch-144hz-ips-hdmi-frameless-gaming-monitor-for-sale-colombo-64,https://ikman.lk/en/ad/acer-ek251-p6bi-25-inch-144hz-ips-hdmi-frameless-gaming-monitor-for-sale-colombo-64,Myitem.lk (PVT) Ltd,True,11 days
6a87fb1c2ffd5ea5a29afe4d,"Lenovo ThinkVision 22"" INCH FULL HD LED Monitor – VGA + DisplayPort",Lenovo,22 Inch,60Hz,1080p FHD,Standard,False,False,False,"Rs 9,000",9000,Brand New,Colombo,lenovo-thinkvision-22-inch-full-hd-led-monitor-vga-displayport-for-sale-colombo,https://ikman.lk/en/ad/lenovo-thinkvision-22-inch-full-hd-led-monitor-vga-displayport-for-sale-colombo,Lio Computers,True,11 days
6a87f3aa4fc86dc8749afe25,"23"" MONITOR IPS FHD HDMI FRAMELESS (1980 x 1080P)",Other,23 Inch,60Hz,1080p FHD,IPS,False,False,True,"Rs 19,450",19450,Used,Gampaha,23-monitor-ips-fhd-hdmi-frameless-1980-x-1080p-for-sale-gampaha,https://ikman.lk/en/ad/23-monitor-ips-fhd-hdmi-frameless-1980-x-1080p-for-sale-gampaha,ShaTech Zone,True,11 days
6a87f1256d694ecec49fee1f,"MONITOR 24"" IPS FRAMELESS|HDMI (1980 x 1080P) FHD",Other,24 Inch,60Hz,1080p FHD,IPS,False,False,True,"Rs 21,150",21150,Used,Matara,monitor-24-ips-framelesshdmi-1980-x-1080p-fhd-for-sale-matara,https://ikman.lk/en/ad/monitor-24-ips-framelesshdmi-1980-x-1080p-fhd-for-sale-matara,ShaTech Zone,True,11 days
6a87ee35807f8d2543cc90c0,"Dell 23"" inch (P2317H) Full HD HDMI IPS LED Monitor",Dell,23 Inch,60Hz,1080p FHD,IPS,False,False,False,"Rs 13,000",13000,Brand New,Colombo,dell-23-inch-p2317h-full-hd-hdmi-ips-led-monitor-for-sale-colombo,https://ikman.lk/en/ad/dell-23-inch-p2317h-full-hd-hdmi-ips-led-monitor-for-sale-colombo,Lio Computers,True,11 days
6a87f03b42c4f4cd9494c189,Used LCD Monitor,Other,Unknown,60Hz,Unknown,Standard,False,False,False,"Rs 4,000",4000,Used,Colombo,used-lcd-monitor-for-sale-colombo,https://ikman.lk/en/ad/used-lcd-monitor-for-sale-colombo,,False,11 days
6a87ef89b73eb36b40a0a7f9,"27"" MONITOR IPS ULTRA SLIM (1980 x 1080P) FHD|HDMI|FRAMELESS",Other,27 Inch,60Hz,1080p FHD,IPS,False,False,True,"Rs 33,850",33850,Used,Colombo,27-monitor-ips-ultra-slim-1980-x-1080p-fhdhdmiframeless-for-sale-colombo,https://ikman.lk/en/ad/27-monitor-ips-ultra-slim-1980-x-1080p-fhdhdmiframeless-for-sale-colombo,ShaTech Zone,True,11 days
6a87ec84049f71a70ff39dff,"HP EliteDisplay E240c Full HD IPS USED MONITOR 24""",HP,24 Inch,60Hz,1080p FHD,IPS,False,False,False,"Rs 17,500",17500,Used,Colombo,hp-elitedisplay-e240c-full-hd-ips-used-monitor-24-for-sale-colombo-7,https://ikman.lk/en/ad/hp-elitedisplay-e240c-full-hd-ips-used-monitor-24-for-sale-colombo-7,Myitem.lk (PVT) Ltd,True,11 days
6a87b4e401b4a7eef591c8cb,Monitor Mother Board,Other,Unknown,60Hz,Unknown,Standard,False,False,False,"Rs 8,000",8000,Used,Gampaha,monitor-mother-board-for-sale-gampaha,https://ikman.lk/en/ad/monitor-mother-board-for-sale-gampaha,,False,11 days
6a87e2af807f8d2543cc900d,"ViewSonic VA2214-H BRAND NEW IPS FULL HD MONITOR 22""",Viewsonic,22 Inch,60Hz,1080p FHD,IPS,False,False,False,"Rs 28,490",28490,Brand New,Colombo,viewsonic-va2214-h-brand-new-ips-full-hd-monitor-22-for-sale-colombo-3,https://ikman.lk/en/ad/viewsonic-va2214-h-brand-new-ips-full-hd-monitor-22-for-sale-colombo-3,Myitem.lk (PVT) Ltd,True,11 days
6a87d9218c91557ffdf39cd3,"Dell UltraSharp UP2716D 27"" PremierColor QHD IPS Frameless 2K Monitors",Dell,27 Inch,60Hz,2K QHD,IPS,False,False,True,"Rs 40,000",40000,Brand New,Colombo,dell-ultrasharp-up2716d-27-premiercolor-qhd-ips-frameless-2k-monitors-for-sale-colombo-1,https://ikman.lk/en/ad/dell-ultrasharp-up2716d-27-premiercolor-qhd-ips-frameless-2k-monitors-for-sale-colombo-1,Lio Computers,True,11 days
6a87d70363f648bc3a717183,"FALCON HS185 WIDE LED HD MONITOR BRAND NEW 18.5""",Other,18.5 Inch,60Hz,HD,Standard,False,False,False,"Rs 19,500",19500,Brand New,Colombo,falcon-hs185-wide-led-hd-monitor-brand-new-185-for-sale-colombo-4,https://ikman.lk/en/ad/falcon-hs185-wide-led-hd-monitor-brand-new-185-for-sale-colombo-4,Myitem.lk (PVT) Ltd,True,11 days
6a87d5812ffd5ea5a29afbfb,"Acer 27"" Full HD Nitro Gaming Monitor - KG273 W3 240Hz Brand New",Acer,27 Inch,240Hz,1080p FHD,Standard,False,True,False,"Rs 49,500",49500,Brand New,Colombo,acer-27-full-hd-nitro-gaming-monitor-kg273-w3-240hz-brand-new-for-sale-colombo-72,https://ikman.lk/en/ad/acer-27-full-hd-nitro-gaming-monitor-kg273-w3-240hz-brand-new-for-sale-colombo-72,Myitem.lk (PVT) Ltd,True,11 days
6a87cb3becbd8a9ef87170db,Asus TUF Gaming 34” VG34VQL3A 1440P 1500R 180HZ Curved Monitor,Asus,34 Inch,180Hz,2K QHD,Standard,True,True,False,"Rs 159,500",159500,Brand New,Colombo,asus-tuf-gaming-34-vg34vql3a-1440p-1500r-180hz-curved-monitor-for-sale-colombo-9,https://ikman.lk/en/ad/asus-tuf-gaming-34-vg34vql3a-1440p-1500r-180hz-curved-monitor-for-sale-colombo-9,COMPUTER HUB,True,11 days
6a87c30163f648bc3a717088,"Dahua 27"" Gaming Monitor",Other,27 Inch,60Hz,1080p FHD,Standard,False,True,False,"Rs 39,000",39000,Brand New,Gampaha,dahua-27-gaming-monitor-for-sale-gampaha,https://ikman.lk/en/ad/dahua-27-gaming-monitor-for-sale-gampaha,,False,11 days
6a8743d7458275b61283c9fe,MSI Pro MP243 24 inch HD Ips Monitor,MSI,24 Inch,60Hz,HD,IPS,False,False,False,"Rs 18,000",18000,Used,Gampaha,gaming-monitor-for-sale-gampaha,https://ikman.lk/en/ad/gaming-monitor-for-sale-gampaha,,False,11 days
69bfd13c3f0af5c216a0d76b,"24"" Inch HP Wide Monitor",HP,24 Inch,60Hz,1080p FHD,Standard,False,False,False,"Rs 14,499",14499,Used,Kalutara,24-inch-hp-wide-monitor-for-sale-kalutara,https://ikman.lk/en/ad/24-inch-hp-wide-monitor-for-sale-kalutara,Smart Choice,True,12 days
69bfd121c361997cb32059d5,"24"" Inch HP Wide Monitors",HP,24 Inch,60Hz,1080p FHD,Standard,False,False,False,"Rs 14,499",14499,Used,Kalutara,24-inch-hp-wide-monitors-for-sale-kalutara,https://ikman.lk/en/ad/24-inch-hp-wide-monitors-for-sale-kalutara,Smart Choice,True,12 days
6a870c427b7dfc39913de726,Monitor,Other,Unknown,60Hz,Unknown,Standard,False,False,False,"Rs 5,300",5300,Used,Matara,monitor-for-sale-matara-40,https://ikman.lk/en/ad/monitor-for-sale-matara-40,,False,12 days
6a870ab9bbd657a2c09db922,"24"" IPS MONITOR FRAMELESS|HDMI (1980 x 1080P) FHD",Other,24 Inch,60Hz,1080p FHD,IPS,False,False,True,"Rs 21,150",21150,Used,Gampaha,24-ips-monitor-framelesshdmi-1980-x-1080p-fhd-for-sale-gampaha,https://ikman.lk/en/ad/24-ips-monitor-framelesshdmi-1980-x-1080p-fhd-for-sale-gampaha,ShaTech Zone,True,12 days
6a86f6c59154095e2294fae6,Samsung Monitor,Samsung,Unknown,60Hz,Unknown,Standard,False,False,False,"Rs 7,000",7000,Used,Badulla,samsung-monitor-for-sale-badulla,https://ikman.lk/en/ad/samsung-monitor-for-sale-badulla,,False,12 days
6a86f97395c8025186cc8bcb,Asus TUF Gaming VG279QE5A 27″ FHD IPS 146HZ Monitor,Asus,27 Inch,146Hz,1080p FHD,IPS,False,True,False,"Rs 45,990",45990,Brand New,Colombo,asus-tuf-gaming-vg279qe5a-27-fhd-ips-146hz-monitor-for-sale-colombo-69,https://ikman.lk/en/ad/asus-tuf-gaming-vg279qe5a-27-fhd-ips-146hz-monitor-for-sale-colombo-69,Computer Store.lk Pvt Ltd,True,12 days
6a86f6cb2026428902add6d2,"Acer 27"" Full HD Nitro Gaming Monitor KG273 W3 (240Hz)",Acer,27 Inch,240Hz,1080p FHD,Standard,False,True,False,"Rs 49,500",49500,Brand New,Colombo,acer-27-full-hd-nitro-gaming-monitor-kg273-w3-240hz-for-sale-colombo-8,https://ikman.lk/en/ad/acer-27-full-hd-nitro-gaming-monitor-kg273-w3-240hz-for-sale-colombo-8,Computer Store.lk Pvt Ltd,True,12 days
6a86f2c918200c2f519db86e,"Asus VY279HGR 27"" Inch Full HD IPS Level 120Hz Adaptive Sync Monitor",Asus,27 Inch,120Hz,1080p FHD,IPS,False,False,False,"Rs 46,000",46000,Brand New,Colombo,asus-vy279hgr-27-inch-full-hd-ips-level-120hz-adaptive-sync-monitor-for-sale-colombo-84,https://ikman.lk/en/ad/asus-vy279hgr-27-inch-full-hd-ips-level-120hz-adaptive-sync-monitor-for-sale-colombo-84,Myitem.lk (PVT) Ltd,True,12 days
6a86f1ae21dae92ae077498a,Brand New Acer Vero Series CB272 P6BMIPRX 144HZ Full HD Monitor,Acer,Unknown,144Hz,1080p FHD,Standard,False,False,False,"Rs 44,990",44990,Brand New,Colombo,brand-new-acer-vero-series-cb272-p6bmiprx-144hz-full-hd-monitor-for-sale-colombo-79,https://ikman.lk/en/ad/brand-new-acer-vero-series-cb272-p6bmiprx-144hz-full-hd-monitor-for-sale-colombo-79,Myitem.lk (PVT) Ltd,True,12 days
6a86efbe555c35b138e0767b,"MONITOR 24"" IPS (1980 x 1080P) FRAMELESS|HDMI|FHD",Other,24 Inch,60Hz,1080p FHD,IPS,False,False,True,"Rs 21,150",21150,Used,Gampaha,monitor-24-ips-1980-x-1080p-framelesshdmifhd-for-sale-gampaha,https://ikman.lk/en/ad/monitor-24-ips-1980-x-1080p-framelesshdmifhd-for-sale-gampaha,ShaTech Zone,True,12 days
6a86ee808b2439cc36154be0,"MONITOR 27"" IPS ULTRA SLIM (1980 x 1080P) FHD|HDMI|FRAMELESS",Other,27 Inch,60Hz,1080p FHD,IPS,False,False,True,"Rs 33,850",33850,Used,Gampaha,monitor-27-ips-ultra-slim-1980-x-1080p-fhdhdmiframeless-for-sale-gampaha-1,https://ikman.lk/en/ad/monitor-27-ips-ultra-slim-1980-x-1080p-fhdhdmiframeless-for-sale-gampaha-1,ShaTech Zone,True,12 days
6a86eee9807f8d2543cc8b18,Dell Monitor 19'inch,Dell,19 Inch,60Hz,Unknown,Standard,False,False,False,"Rs 5,000",5000,Used,Galle,dell-monitor-19inch-for-sale-galle,https://ikman.lk/en/ad/dell-monitor-19inch-for-sale-galle,,False,12 days
6a86ed88629049f6e19db7fd,"Monitor with Speaker Soundbar - LED|Wide 24""",Other,24 Inch,60Hz,1080p FHD,Standard,False,False,False,"Rs 13,950",13950,Used,Gampaha,monitor-with-speaker-soundbar-ledwide-24-for-sale-gampaha,https://ikman.lk/en/ad/monitor-with-speaker-soundbar-ledwide-24-for-sale-gampaha,ShaTech Zone,True,12 days
6a86ed806433ba3779cc8a88,Falcon 17 Inch Led Monitor,Other,17 Inch,60Hz,Unknown,Standard,False,False,False,"Rs 10,500",10500,Brand New,Colombo,falcon-17-inch-led-monitor-for-sale-colombo-1,https://ikman.lk/en/ad/falcon-17-inch-led-monitor-for-sale-colombo-1,Computer House,True,12 days
6a86e8ee95c8025186cc8b66,Atec Monitor,Other,Unknown,60Hz,Unknown,Standard,False,False,False,"Rs 7,000",7000,Used,Kurunegala,atec-monitor-for-sale-kurunegala,https://ikman.lk/en/ad/atec-monitor-for-sale-kurunegala,,False,12 days
6a86e367629049f6e19db7bb,"MONITOR 23"" IPS FHD HDMI FRAMELESS (1980 x 1080P)",Other,23 Inch,60Hz,1080p FHD,IPS,False,False,True,"Rs 19,450",19450,Used,Gampaha,monitor-23-ips-fhd-hdmi-frameless-1980-x-1080p-for-sale-gampaha,https://ikman.lk/en/ad/monitor-23-ips-fhd-hdmi-frameless-1980-x-1080p-for-sale-gampaha,ShaTech Zone,True,12 days
6a86e2650f7a9681d2add62d,"HP EliteDisplay E202 USED HD+ IPS MONITOR 20""",HP,20 Inch,60Hz,HD,IPS,False,False,False,"Rs 13,500",13500,Used,Colombo,hp-elitedisplay-e202-used-hd-ips-monitor-20-for-sale-colombo-9,https://ikman.lk/en/ad/hp-elitedisplay-e202-used-hd-ips-monitor-20-for-sale-colombo-9,Myitem.lk (PVT) Ltd,True,12 days
6a86e14a18200c2f519db7e4,"HP EliteDisplay E222 USED FULL HD IPS MONITOR 22""",HP,22 Inch,60Hz,1080p FHD,IPS,False,False,False,"Rs 14,500",14500,Used,Colombo,hp-elitedisplay-e222-used-full-hd-ips-monitor-22-for-sale-colombo-8,https://ikman.lk/en/ad/hp-elitedisplay-e222-used-full-hd-ips-monitor-22-for-sale-colombo-8,Myitem.lk (PVT) Ltd,True,12 days
6a86df596748a561702c8a29,"Samsung 24"" Inch Full HD IPS Frameless HDMI Gaming Used Monitor",Samsung,24 Inch,60Hz,1080p FHD,IPS,False,True,True,"Rs 22,000",22000,Used,Colombo,samsung-24-inch-full-hd-ips-frameless-hdmi-gaming-used-monitor-for-sale-colombo-56,https://ikman.lk/en/ad/samsung-24-inch-full-hd-ips-frameless-hdmi-gaming-used-monitor-for-sale-colombo-56,Myitem.lk (PVT) Ltd,True,12 days
6a86dda3cfafee33b594fa40,"Dell UltraSharp U2417H IPS Full HD Frameless USED Monitor 24""",Dell,24 Inch,60Hz,1080p FHD,IPS,False,False,True,"Rs 21,500",21500,Used,Colombo,dell-ultrasharp-u2417h-ips-full-hd-frameless-used-monitor-24-for-sale-colombo-7,https://ikman.lk/en/ad/dell-ultrasharp-u2417h-ips-full-hd-frameless-used-monitor-24-for-sale-colombo-7,Myitem.lk (PVT) Ltd,True,12 days
6a86d3cd485a63da2b588b3a,"ViewSonic VA2214-H BRAND NEW IPS FULL HD MONITOR 22""",Viewsonic,22 Inch,60Hz,1080p FHD,IPS,False,False,False,"Rs 28,490",28490,Brand New,Colombo,viewsonic-va2214-h-brand-new-ips-full-hd-monitor-22-for-sale-colombo-2,https://ikman.lk/en/ad/viewsonic-va2214-h-brand-new-ips-full-hd-monitor-22-for-sale-colombo-2,Computer Store.lk Pvt Ltd,True,12 days
6a86d07cfc38b9e0f794f9e9,"MSI Optix MAG401QR 40"" UWQHD IPS 155Hz 1ms Adaptive Sync Gaming Monitor",MSI,40 Inch,155Hz,2K QHD,IPS,False,True,False,"Rs 185,000",185000,Brand New,Colombo,msi-optix-mag401qr-40-uwqhd-ips-155hz-1ms-adaptive-sync-gaming-monitor-for-sale-colombo-8,https://ikman.lk/en/ad/msi-optix-mag401qr-40-uwqhd-ips-155hz-1ms-adaptive-sync-gaming-monitor-for-sale-colombo-8,Computer Store.lk Pvt Ltd,True,12 days
6a86d043629049f6e19db6be,"ViewSonic VX3480-2K-PRO 34"" UWQHD Gaming Monitor",Viewsonic,34 Inch,60Hz,2K QHD,Standard,False,True,False,"Rs 133,990",133990,Brand New,Colombo,viewsonic-vx3480-2k-pro-34-uwqhd-gaming-monitor-for-sale-colombo-10,https://ikman.lk/en/ad/viewsonic-vx3480-2k-pro-34-uwqhd-gaming-monitor-for-sale-colombo-10,Computer Store.lk Pvt Ltd,True,12 days
6a86cf5f2d5460d80d77f7e0,MSI Modern MD272QXP 27″ Business and Productivity Monitor 100Hz 2K WQHD,MSI,27 Inch,100Hz,2K QHD,Standard,False,False,False,"Rs 95,000",95000,Brand New,Colombo,msi-modern-md272qxp-27-business-and-productivity-monitor-100hz-2k-wqhd-for-sale-colombo-22,https://ikman.lk/en/ad/msi-modern-md272qxp-27-business-and-productivity-monitor-100hz-2k-wqhd-for-sale-colombo-22,Computer Store.lk Pvt Ltd,True,12 days
6a86ce2329cda229162c8941,"Asus VY279HGR 27"" Inch Full HD IPS Level 120Hz Adaptive Sync Monitor",Asus,27 Inch,120Hz,1080p FHD,IPS,False,False,False,"Rs 44,500",44500,Brand New,Colombo,asus-vy279hgr-27-inch-full-hd-ips-level-120hz-adaptive-sync-monitor-for-sale-colombo-83,https://ikman.lk/en/ad/asus-vy279hgr-27-inch-full-hd-ips-level-120hz-adaptive-sync-monitor-for-sale-colombo-83,Computer Store.lk Pvt Ltd,True,12 days
6a86bdbd6433ba3779cc88e4,HP Elite Display E202 Monitor,HP,Unknown,60Hz,Unknown,Standard,False,False,False,"Rs 12,000",12000,Used,Colombo,hp-elite-display-e202-monitor-for-sale-colombo,https://ikman.lk/en/ad/hp-elite-display-e202-monitor-for-sale-colombo,,False,12 days
6a86aca854d056cf876b3630,"Lenovo ThinkVision LT1952PwD WIDE LED Used Desktop Monitor 19""",Lenovo,19 Inch,60Hz,Unknown,Standard,False,False,False,"Rs 8,500",8500,Used,Kalutara,lenovo-thinkvision-lt1952pwd-wide-led-used-desktop-monitor-19-for-sale-kalutara,https://ikman.lk/en/ad/lenovo-thinkvision-lt1952pwd-wide-led-used-desktop-monitor-19-for-sale-kalutara,,False,12 days
6a86aae529cda229162c87e1,24 inch Dell Ultrasharp U2419H Full Hd Ips Frameless Used Monitor,Dell,24 Inch,60Hz,1080p FHD,IPS,False,False,True,"Rs 22,500",22500,Used,Colombo,24-inch-dell-ultrasharp-u2419h-full-hd-ips-frameless-used-monitor-for-sale-colombo-4,https://ikman.lk/en/ad/24-inch-dell-ultrasharp-u2419h-full-hd-ips-frameless-used-monitor-for-sale-colombo-4,Mdcomputers.lk(Pvt) Ltd,True,12 days
6a86a97d9f2cdd668258890a,"MSI PRO MP243L E14 24.5"" Inch 144Hz 1ms FHD IPS Productivity Monitor",MSI,24.5 Inch,144Hz,1080p FHD,IPS,False,False,False,"Rs 33,500",33500,Brand New,Colombo,msi-pro-mp243l-e14-245-inch-144hz-1ms-fhd-ips-productivity-monitor-for-sale-colombo-40,https://ikman.lk/en/ad/msi-pro-mp243l-e14-245-inch-144hz-1ms-fhd-ips-productivity-monitor-for-sale-colombo-40,Myitem.lk (PVT) Ltd,True,12 days
6a86a7a8485a63da2b588968,Asus TUF Gaming VG279QE5A 27″ FHD IPS 146HZ Monitor,Asus,27 Inch,146Hz,1080p FHD,IPS,False,True,False,"Rs 46,500",46500,Brand New,Colombo,asus-tuf-gaming-vg279qe5a-27-fhd-ips-146hz-monitor-for-sale-colombo-68,https://ikman.lk/en/ad/asus-tuf-gaming-vg279qe5a-27-fhd-ips-146hz-monitor-for-sale-colombo-68,Myitem.lk (PVT) Ltd,True,12 days
6a86a4f5c4eda5e3466b35bc,24 INCH DELL ULTRASHAP U2422HE FULL HD IPS FRAMELESS 75Hz USED MONITOR,Dell,24 Inch,75Hz,1080p FHD,IPS,False,False,True,"Rs 26,500",26500,Used,Colombo,24-inch-dell-ultrashap-u2422he-full-hd-ips-frameless-75hz-used-monitor-for-sale-colombo-2,https://ikman.lk/en/ad/24-inch-dell-ultrashap-u2422he-full-hd-ips-frameless-75hz-used-monitor-for-sale-colombo-2,Mdcomputers.lk(Pvt) Ltd,True,12 days
6a869e49a3d6e3ed0717666f,"KOORUI 27"" E2721H QHD IPS 120HZ 2K BRAND NEW GAMING MONITOR",Other,27 Inch,120Hz,2K QHD,IPS,False,True,False,"Rs 52,500",52500,Brand New,Colombo,koorui-27-e2721h-qhd-ips-120hz-2k-brand-new-gaming-monitor-for-sale-colombo-10,https://ikman.lk/en/ad/koorui-27-e2721h-qhd-ips-120hz-2k-brand-new-gaming-monitor-for-sale-colombo-10,Myitem.lk (PVT) Ltd,True,12 days
6a869947a3d6e3ed07176611,"Koorui G3221SC 2K 170Hz 90% DCI-P3 32"" Curved Gaming Monitor",Other,32 Inch,170Hz,2K QHD,Standard,True,True,False,"Rs 70,900",70900,Brand New,Colombo,koorui-g3221sc-2k-170hz-90-percent-dci-p3-32-curved-gaming-monitor-for-sale-colombo-7,https://ikman.lk/en/ad/koorui-g3221sc-2k-170hz-90-percent-dci-p3-32-curved-gaming-monitor-for-sale-colombo-7,Computer Store.lk Pvt Ltd,True,12 days
6a868fb095c8025186cc86d7,Koorui E2411K 24 INCH 144HZ IPS FHD Brand New Monitor,Other,24 Inch,144Hz,1080p FHD,IPS,False,False,False,"Rs 33,000",33000,Brand New,Colombo,koorui-e2411k-24-inch-144hz-ips-fhd-brand-new-monitor-for-sale-colombo-11,https://ikman.lk/en/ad/koorui-e2411k-24-inch-144hz-ips-fhd-brand-new-monitor-for-sale-colombo-11,Computer Store.lk Pvt Ltd,True,12 days
6a869748f190aa14a8f59fb2,DELL P2714HC 27 INCH IPS LED USED MONITOR,Dell,27 Inch,60Hz,1080p FHD,IPS,False,False,False,"Rs 26,500",26500,Used,Colombo,dell-p2714hc-27-inch-ips-led-used-monitor-for-sale-colombo-5,https://ikman.lk/en/ad/dell-p2714hc-27-inch-ips-led-used-monitor-for-sale-colombo-5,Mdcomputers.lk(Pvt) Ltd,True,12 days
6a869736773c0237fcca1ad5,Koorui G2711P FHD IPS 27INCH 200HZ Brand New Gaming Monitor,Other,27 Inch,200Hz,1080p FHD,IPS,False,True,False,"Rs 51,500",51500,Brand New,Colombo,koorui-g2711p-fhd-ips-27inch-200hz-brand-new-gaming-monitor-for-sale-colombo-39,https://ikman.lk/en/ad/koorui-g2711p-fhd-ips-27inch-200hz-brand-new-gaming-monitor-for-sale-colombo-39,Computer Store.lk Pvt Ltd,True,12 days
6a8695b8b78e19b700ca1aa8,Koorui G2411P 24 Inch IPS FHD 200Hz Gaming Monitor,Other,24 Inch,200Hz,1080p FHD,IPS,False,True,False,"Rs 39,000",39000,Brand New,Colombo,koorui-g2411p-24-inch-ips-fhd-200hz-gaming-monitor-for-sale-colombo-27,https://ikman.lk/en/ad/koorui-g2411p-24-inch-ips-fhd-200hz-gaming-monitor-for-sale-colombo-27,Computer Store.lk Pvt Ltd,True,12 days
6a86925270d9cc9a887e9555,LENOVO THINKVISION 27 INCH IPS FHD HDMI USED MONITOR,Lenovo,27 Inch,60Hz,1080p FHD,IPS,False,False,False,"Rs 27,500",27500,Used,Colombo,lenovo-thinkvision-27-inch-ips-fhd-hdmi-used-monitor-for-sale-colombo-8,https://ikman.lk/en/ad/lenovo-thinkvision-27-inch-ips-fhd-hdmi-used-monitor-for-sale-colombo-8,Mdcomputers.lk(Pvt) Ltd,True,12 days
6a868e6ebbd657a2c09db3c6,"Koorui E2721H 27 INCH QHD 2K 1440P 120Hz IPS GAMING MONITOR 27""",Other,27 Inch,120Hz,2K QHD,IPS,False,True,False,"Rs 52,000",52000,Brand New,Colombo,koorui-e2721h-27-inch-qhd-2k-1440p-120hz-ips-gaming-monitor-27-for-sale-colombo-1,https://ikman.lk/en/ad/koorui-e2721h-27-inch-qhd-2k-1440p-120hz-ips-gaming-monitor-27-for-sale-colombo-1,Computer Store.lk Pvt Ltd,True,12 days
6a8690b3fffdcfae83f59ef8,Koorui 27E6QCA QHD VA 180Hz 27″ CURVED GAMING MONITOR BRAND NEW,Other,27 Inch,180Hz,2K QHD,VA,True,True,False,"Rs 58,500",58500,Brand New,Colombo,koorui-27e6qca-qhd-va-180hz-27-curved-gaming-monitor-brand-new-for-sale-colombo-4,https://ikman.lk/en/ad/koorui-27e6qca-qhd-va-180hz-27-curved-gaming-monitor-brand-new-for-sale-colombo-4,Computer Store.lk Pvt Ltd,True,12 days
6a869016bbd657a2c09db403,DELL P2422HE 24 INCH IPS FRAMELESS USED TYPE-C FHD MONITOR,Dell,24 Inch,60Hz,1080p FHD,IPS,False,False,True,"Rs 26,500",26500,Used,Colombo,dell-p2422he-24-inch-ips-frameless-used-type-c-fhd-monitor-for-sale-colombo-4,https://ikman.lk/en/ad/dell-p2422he-24-inch-ips-frameless-used-type-c-fhd-monitor-for-sale-colombo-4,Mdcomputers.lk(Pvt) Ltd,True,12 days
6a868f5db78e19b700ca1a1d,"Koorui E2212H 100HZ 21.5 Inches FHD Brand New Monitor 22""",Other,21.5 Inch,100Hz,1080p FHD,Standard,False,False,False,"Rs 25,500",25500,Brand New,Colombo,koorui-e2212h-100hz-215-inches-fhd-brand-new-monitor-22-for-sale-colombo-1,https://ikman.lk/en/ad/koorui-e2212h-100hz-215-inches-fhd-brand-new-monitor-22-for-sale-colombo-1,Computer Store.lk Pvt Ltd,True,12 days
6a868e1abaa4a7ea764bc756,"Emark 24"" EW2427SH 144Hz IPS Full HD Frameless Gaming Monitor",Other,24 Inch,144Hz,1080p FHD,IPS,False,True,True,"Rs 29,990",29990,Brand New,Colombo,emark-24-ew2427sh-144hz-ips-full-hd-frameless-gaming-monitor-for-sale-colombo-57,https://ikman.lk/en/ad/emark-24-ew2427sh-144hz-ips-full-hd-frameless-gaming-monitor-for-sale-colombo-57,Myitem.lk (PVT) Ltd,True,12 days
6a868288b78e19b700ca1924,Asus TUF Gaming 34” VG34VQL3A 1440P 1500R 180Hz Curved Monitor,Asus,34 Inch,180Hz,2K QHD,Standard,True,True,False,"Rs 159,500",159500,Brand New,Colombo,asus-tuf-gaming-34-vg34vql3a-1440p-1500r-180hz-curved-monitor-for-sale-colombo-10,https://ikman.lk/en/ad/asus-tuf-gaming-34-vg34vql3a-1440p-1500r-180hz-curved-monitor-for-sale-colombo-10,COMPUTER HUB,True,12 days
6a4b376fb94ce81327fa258d,Lenovo ThinkVision T2324pA 23-inch Full HD (1080p) Used IPS Monitor,Lenovo,23 Inch,60Hz,1080p FHD,IPS,False,False,False,"Rs 14,000",14000,Used,Colombo,lenovo-thinkvision-t2324pa-23-inch-full-hd-1080p-used-ips-monitor-for-sale-colombo,https://ikman.lk/en/ad/lenovo-thinkvision-t2324pa-23-inch-full-hd-1080p-used-ips-monitor-for-sale-colombo,Western Digital Computer Systems,True,bump_up
6a35258c7c40299d1c0bfeb8,27 INCH FRAMLESS IPS MONITOR,Other,27 Inch,60Hz,1080p FHD,IPS,False,False,False,"Rs 31,500",31500,Used,Kandy,27-inch-framless-ips-monitor-for-sale-kandy,https://ikman.lk/en/ad/27-inch-framless-ips-monitor-for-sale-kandy,GAMERS ARSENAL,True,12 days
6a8601c3f298c512c43e4090,Lenovo 24 Inch Monitor,Lenovo,24 Inch,60Hz,1080p FHD,Standard,False,False,False,"Rs 9,900",9900,Used,Kalutara,lenovo-24-inc-monitor-for-sale-kalutara,https://ikman.lk/en/ad/lenovo-24-inc-monitor-for-sale-kalutara,,False,12 days
6a85f8d37510fb4c6b207a7c,MSI 27” 4K 144hz Dual Mode Gaming Monitor,MSI,27 Inch,144Hz,4K UHD,Standard,False,True,False,"Rs 93,000",93000,Used,Kegalle,msi-27-4k-144hz-dual-mode-gaming-monitor-for-sale-kegalle,https://ikman.lk/en/ad/msi-27-4k-144hz-dual-mode-gaming-monitor-for-sale-kegalle,,False,12 days
6a85afeea0d5362f28abd730,HP IPS 19 Monitor,HP,19 Inch,60Hz,Unknown,IPS,False,False,False,"Rs 7,200",7200,Used,Kalutara,hp-ips-19-monitor-for-sale-kalutara,https://ikman.lk/en/ad/hp-ips-19-monitor-for-sale-kalutara,,False,13 days
6a85a8eae6b4b94206fb3341,"24"" Monitor with Speaker Soundbar - LED|Wide",Other,24 Inch,60Hz,1080p FHD,Standard,False,False,False,"Rs 13,950",13950,Used,Gampaha,24-monitor-with-speaker-soundbar-ledwide-for-sale-gampaha,https://ikman.lk/en/ad/24-monitor-with-speaker-soundbar-ledwide-for-sale-gampaha,ShaTech Zone,True,13 days
6a85aa1d5de9ad6e99b54302,"27"" IPS MONITOR ULTRA SLIM (1980 x 1080P) FHD|HDMI|FRAMELESS",Other,27 Inch,60Hz,1080p FHD,IPS,False,False,True,"Rs 33,850",33850,Used,Gampaha,27-ips-monitor-ultra-slim-1980-x-1080p-fhdhdmiframeless-for-sale-gampaha,https://ikman.lk/en/ad/27-ips-monitor-ultra-slim-1980-x-1080p-fhdhdmiframeless-for-sale-gampaha,ShaTech Zone,True,13 days
6a85a706dc6afdff613e3f62,"24"" IPS MONITOR (1980 x 1080P) FRAMELESS|HDMI|FHD - LENOVO",Lenovo,24 Inch,60Hz,1080p FHD,IPS,False,False,True,"Rs 21,150",21150,Used,Gampaha,24-ips-monitor-1980-x-1080p-framelesshdmifhd-lenovo-for-sale-gampaha-2,https://ikman.lk/en/ad/24-ips-monitor-1980-x-1080p-framelesshdmifhd-lenovo-for-sale-gampaha-2,ShaTech Zone,True,13 days
6a85a6bfbcc2e00b3cd89606,"Dell UltraSharp U2417H IPS Full HD Frameless Monitor 24""",Dell,24 Inch,60Hz,1080p FHD,IPS,False,False,True,"Rs 22,000",22000,Used,Colombo,dell-ultrasharp-u2417h-ips-full-hd-frameless-monitor-24-for-sale-colombo-1,https://ikman.lk/en/ad/dell-ultrasharp-u2417h-ips-full-hd-frameless-monitor-24-for-sale-colombo-1,Max Core PC,True,13 days
6a85a63ef298c512c43e3f26,"HP EliteDisplay E222 USED IPS MONITOR FULL HD 22""",HP,22 Inch,60Hz,1080p FHD,IPS,False,False,False,"Rs 14,500",14500,Used,Colombo,hp-elitedisplay-e222-used-ips-monitor-full-hd-22-for-sale-colombo-3,https://ikman.lk/en/ad/hp-elitedisplay-e222-used-ips-monitor-full-hd-22-for-sale-colombo-3,Max Core PC,True,13 days
6a85a61ebb15b26b91fb32b4,"23"" IPS FHD HDMI FRAMELESS LENOVO MONITOR (1980 x 1080P)",Lenovo,23 Inch,60Hz,1080p FHD,IPS,False,False,True,"Rs 19,450",19450,Used,Gampaha,23-ips-fhd-hdmi-frameless-lenovo-monitor-1980-x-1080p-for-sale-gampaha,https://ikman.lk/en/ad/23-ips-fhd-hdmi-frameless-lenovo-monitor-1980-x-1080p-for-sale-gampaha,ShaTech Zone,True,13 days
6a85a5fa784a9f396ad89620,"HP EliteDisplay E202 USED HD+ IPS MONITOR 20""",HP,20 Inch,60Hz,HD,IPS,False,False,False,"Rs 13,500",13500,Used,Colombo,hp-elitedisplay-e202-used-hd-ips-monitor-20-for-sale-colombo-8,https://ikman.lk/en/ad/hp-elitedisplay-e202-used-hd-ips-monitor-20-for-sale-colombo-8,Max Core PC,True,13 days
6a85a570bb16c841290b9a4d,"ViewSonic VA2214-H BRAND NEW IPS FULL HD MONITOR 22""",Viewsonic,22 Inch,60Hz,1080p FHD,IPS,False,False,False,"Rs 28,490",28490,Brand New,Colombo,viewsonic-va2214-h-brand-new-ips-full-hd-monitor-22-for-sale-colombo-1,https://ikman.lk/en/ad/viewsonic-va2214-h-brand-new-ips-full-hd-monitor-22-for-sale-colombo-1,Myitem.lk (PVT) Ltd,True,13 days
6a85a02235d7bf8f54cdb741,DELL P2414HB 24 INCH FULL HD IPS USED SILVER LINE MONITOR,Dell,24 Inch,60Hz,1080p FHD,IPS,False,False,False,"Rs 13,500",13500,Used,Colombo,dell-p2414hb-24-inch-full-hd-ips-used-silver-line-monitor-for-sale-colombo,https://ikman.lk/en/ad/dell-p2414hb-24-inch-full-hd-ips-used-silver-line-monitor-for-sale-colombo,Mdcomputers.lk(Pvt) Ltd,True,13 days
6a85934535502d9de4fb3284,HP E243 Frameless Ips Monitor Elite Display 24″,HP,24 Inch,60Hz,1080p FHD,IPS,False,False,True,"Rs 23,000",23000,Used,Colombo,hp-e243-frameless-ips-monitor-elite-display-24-for-sale-colombo-9,https://ikman.lk/en/ad/hp-e243-frameless-ips-monitor-elite-display-24-for-sale-colombo-9,Computer Store.lk Pvt Ltd,True,13 days
6a85928935d7bf8f54cdb6c3,"HP Z23N IPS Frameless HDMI Monitor 23""",HP,23 Inch,60Hz,HD,IPS,False,False,True,"Rs 20,500",20500,Used,Colombo,hp-z23n-ips-frameless-hdmi-monitor-23-for-sale-colombo-10,https://ikman.lk/en/ad/hp-z23n-ips-frameless-hdmi-monitor-23-for-sale-colombo-10,Computer Store.lk Pvt Ltd,True,13 days
6a858f3b35d7bf8f54cdb684,"Samsung F24T450FQE 24"" Inch Full HD IPS Frameless HDMI Used Monitor",Samsung,24 Inch,60Hz,1080p FHD,IPS,False,False,True,"Rs 21,000",21000,Used,Colombo,samsung-f24t450fqe-24-inch-full-hd-ips-frameless-hdmi-used-monitor-for-sale-colombo-67,https://ikman.lk/en/ad/samsung-f24t450fqe-24-inch-full-hd-ips-frameless-hdmi-used-monitor-for-sale-colombo-67,Computer Store.lk Pvt Ltd,True,13 days
6a858e555de9ad6e99b541e4,"HP EliteDisplay E240c Full HD IPS USED MONITOR 24""",HP,24 Inch,60Hz,1080p FHD,IPS,False,False,False,"Rs 17,500",17500,Used,Colombo,hp-elitedisplay-e240c-full-hd-ips-used-monitor-24-for-sale-colombo-6,https://ikman.lk/en/ad/hp-elitedisplay-e240c-full-hd-ips-used-monitor-24-for-sale-colombo-6,Computer Store.lk Pvt Ltd,True,13 days
6a858cbf05ba41d3cb53dd28,"HP EliteDisplay E222 USED FULL HD IPS MONITOR 22""",HP,22 Inch,60Hz,1080p FHD,IPS,False,False,False,"Rs 14,500",14500,Used,Colombo,hp-elitedisplay-e222-used-full-hd-ips-monitor-22-for-sale-colombo-7,https://ikman.lk/en/ad/hp-elitedisplay-e222-used-full-hd-ips-monitor-22-for-sale-colombo-7,Computer Store.lk Pvt Ltd,True,13 days
6a8587daa3465867bc53dd19,"HP EliteDisplay E202 USED HD+ IPS MONITOR 20""",HP,20 Inch,60Hz,HD,IPS,False,False,False,"Rs 13,500",13500,Used,Colombo,hp-elitedisplay-e202-used-hd-ips-monitor-20-for-sale-colombo-7,https://ikman.lk/en/ad/hp-elitedisplay-e202-used-hd-ips-monitor-20-for-sale-colombo-7,Computer Store.lk Pvt Ltd,True,13 days
6a85831843adae3105216880,MSI 32inch Gaming Monitor,MSI,32 Inch,60Hz,Unknown,Standard,False,True,False,"Rs 70,000",70000,Used,Hambantota,msi-32inch-gaming-monitor-for-sale-hambantota,https://ikman.lk/en/ad/msi-32inch-gaming-monitor-for-sale-hambantota,,False,13 days
6a85816e213b5fb55bcdb617,Monitor,Other,Unknown,60Hz,Unknown,Standard,False,False,False,"Rs 7,000",7000,Used,Kandy,monitor-for-sale-kandy-282,https://ikman.lk/en/ad/monitor-for-sale-kandy-282,,False,13 days
6a857cebc5c51897b45a5553,"32"" LED/IPS/HDMI Monitor (2K)",Other,32 Inch,60Hz,2K QHD,IPS,False,False,False,"Rs 39,500",39500,Used,Colombo,32-led-ips-hdmi-monitor-2k-for-sale-colombo,https://ikman.lk/en/ad/32-led-ips-hdmi-monitor-2k-for-sale-colombo,JNC LANKA TECH HOLDING (PVT) LTD,True,13 days
6a857ca635502d9de4fb317b,"Acer EK251 P6BI 25"" Inch 144Hz IPS HDMI Frameless Gaming Monitor",Acer,25 Inch,144Hz,HD,IPS,False,True,True,"Rs 31,500",31500,Brand New,Colombo,acer-ek251-p6bi-25-inch-144hz-ips-hdmi-frameless-gaming-monitor-for-sale-colombo-63,https://ikman.lk/en/ad/acer-ek251-p6bi-25-inch-144hz-ips-hdmi-frameless-gaming-monitor-for-sale-colombo-63,Myitem.lk (PVT) Ltd,True,13 days
6a85722f6d780a1a5c3e3d2d,"ViewSonic VA2432A-H 24"" Inch Full HD IPS 120Hz Frameless Monitor New",Viewsonic,24 Inch,120Hz,1080p FHD,IPS,False,False,True,"Rs 32,000",32000,Brand New,Colombo,viewsonic-va2432a-h-24-inch-full-hd-ips-120hz-frameless-monitor-new-for-sale-colombo-109,https://ikman.lk/en/ad/viewsonic-va2432a-h-24-inch-full-hd-ips-120hz-frameless-monitor-new-for-sale-colombo-109,Computer Store.lk Pvt Ltd,True,13 days
6a856cd27286a278c36a7a03,"ViewSonic VA2214-H BRAND NEW IPS FULL HD MONITOR 22""",Viewsonic,22 Inch,60Hz,1080p FHD,IPS,False,False,False,"Rs 28,490",28490,Brand New,Colombo,viewsonic-va2214-h-brand-new-ips-full-hd-monitor-22-for-sale-colombo,https://ikman.lk/en/ad/viewsonic-va2214-h-brand-new-ips-full-hd-monitor-22-for-sale-colombo,Computer Store.lk Pvt Ltd,True,13 days
6a8564bfd9795d2f09d893cd,"FALCON HS185 WIDE LED HD MONITOR BRAND NEW 18.5""",Other,18.5 Inch,60Hz,HD,Standard,False,False,False,"Rs 19,500",19500,Brand New,Colombo,falcon-hs185-wide-led-hd-monitor-brand-new-185-for-sale-colombo-3,https://ikman.lk/en/ad/falcon-hs185-wide-led-hd-monitor-brand-new-185-for-sale-colombo-3,Myitem.lk (PVT) Ltd,True,13 days
6a856243bcc2e00b3cd893ab,"Falcon HS17 Square LED Monitor Brand New 17""",Other,17 Inch,60Hz,Unknown,Standard,False,False,False,"Rs 11,500",11500,Brand New,Colombo,falcon-hs17-square-led-monitor-brand-new-17-for-sale-colombo-3,https://ikman.lk/en/ad/falcon-hs17-square-led-monitor-brand-new-17-for-sale-colombo-3,Myitem.lk (PVT) Ltd,True,13 days
6a85584bba02d4023c8a9a74,"32"" LED/IPS/HDMI Monitor(144Hz)",Other,32 Inch,144Hz,HD,IPS,False,False,False,"Rs 39,500",39500,Used,Colombo,32-led-ips-hdmi-monitor144hz-for-sale-colombo,https://ikman.lk/en/ad/32-led-ips-hdmi-monitor144hz-for-sale-colombo,JNC LANKA TECH HOLDING (PVT) LTD,True,13 days
6a854ef7bcc2e00b3cd892ae,"Acer EK251 P6BI 25"" Inch 144Hz IPS HDMI Frameless Gaming Monitor",Acer,25 Inch,144Hz,HD,IPS,False,True,True,"Rs 31,500",31500,Brand New,Colombo,acer-ek251-p6bi-25-inch-144hz-ips-hdmi-frameless-gaming-monitor-for-sale-colombo-62,https://ikman.lk/en/ad/acer-ek251-p6bi-25-inch-144hz-ips-hdmi-frameless-gaming-monitor-for-sale-colombo-62,Max Core PC,True,13 days
6a854eb39315fcb8d53b5984,"MSI Pro MP243L E14 24.5"" Inch 144Hz 1ms FHD IPS Productivity Monitor",MSI,24.5 Inch,144Hz,1080p FHD,IPS,False,False,False,"Rs 33,500",33500,Brand New,Colombo,msi-pro-mp243l-e14-245-inch-144hz-1ms-fhd-ips-productivity-monitor-for-sale-colombo-39,https://ikman.lk/en/ad/msi-pro-mp243l-e14-245-inch-144hz-1ms-fhd-ips-productivity-monitor-for-sale-colombo-39,Max Core PC,True,13 days
6a854e7035502d9de4fb2f77,"MSI Pro MP225 E12VL 21.5"" Inch 120HZ FHD Slim Frameless Monitor",MSI,21.5 Inch,120Hz,1080p FHD,Standard,False,False,True,"Rs 26,500",26500,Brand New,Colombo,msi-pro-mp225-e12vl-215-inch-120hz-fhd-slim-frameless-monitor-for-sale-colombo-9,https://ikman.lk/en/ad/msi-pro-mp225-e12vl-215-inch-120hz-fhd-slim-frameless-monitor-for-sale-colombo-9,Max Core PC,True,13 days
6a854e3b9c86478701ce76f0,"Acer EK271 27"" Inch 144Hz IPS HDMI Frameless Gaming Monitor",Acer,27 Inch,144Hz,HD,IPS,False,True,True,"Rs 35,990",35990,Brand New,Colombo,acer-ek271-27-inch-144hz-ips-hdmi-frameless-gaming-monitor-for-sale-colombo-100,https://ikman.lk/en/ad/acer-ek271-27-inch-144hz-ips-hdmi-frameless-gaming-monitor-for-sale-colombo-100,Max Core PC,True,13 days
6a854ddd35502d9de4fb2f64,"Emark 24"" EW2427SH 144Hz IPS Full HD Frameless Gaming Monitor",Other,24 Inch,144Hz,1080p FHD,IPS,False,True,True,"Rs 29,990",29990,Brand New,Colombo,emark-24-ew2427sh-144hz-ips-full-hd-frameless-gaming-monitor-for-sale-colombo-56,https://ikman.lk/en/ad/emark-24-ew2427sh-144hz-ips-full-hd-frameless-gaming-monitor-for-sale-colombo-56,Max Core PC,True,13 days
6a854db39c86478701ce76e6,"ViewSonic VA2432A-H 24"" Inch Full HD IPS 120Hz Frameless Monitor New",Viewsonic,24 Inch,120Hz,1080p FHD,IPS,False,False,True,"Rs 35,500",35500,Brand New,Colombo,viewsonic-va2432a-h-24-inch-full-hd-ips-120hz-frameless-monitor-new-for-sale-colombo-108,https://ikman.lk/en/ad/viewsonic-va2432a-h-24-inch-full-hd-ips-120hz-frameless-monitor-new-for-sale-colombo-108,Max Core PC,True,13 days
6a854e130ef085326fa84844,"Acer EK251 P6BI 25"" Inch 144Hz IPS HDMI Frameless Gaming Monitor",Acer,25 Inch,144Hz,HD,IPS,False,True,True,"Rs 31,500",31500,Brand New,Colombo,acer-ek251-p6bi-25-inch-144hz-ips-hdmi-frameless-gaming-monitor-for-sale-colombo-61,https://ikman.lk/en/ad/acer-ek251-p6bi-25-inch-144hz-ips-hdmi-frameless-gaming-monitor-for-sale-colombo-61,Max Core PC,True,13 days
6a854c25b74f677934a8482c,"27"" LED/IPS/HDMI/Frameless Monitor",Other,27 Inch,60Hz,HD,IPS,False,False,True,"Rs 27,500",27500,Used,Colombo,27-led-ips-hdmi-frameless-monitor-for-sale-colombo,https://ikman.lk/en/ad/27-led-ips-hdmi-frameless-monitor-for-sale-colombo,JNC LANKA TECH HOLDING (PVT) LTD,True,13 days
6a854b3cfb645d9fc8a8481c,AOC 27inch Curved 144hz 1ms Monitor,AOC,27 Inch,144Hz,1080p FHD,Standard,True,False,False,"Rs 49,900",49900,Brand New,Jaffna,aoc-27inch-curved-144hz-1ms-monitor-for-sale-jaffna,https://ikman.lk/en/ad/aoc-27inch-curved-144hz-1ms-monitor-for-sale-jaffna,,False,13 days
6a8549d608e4629505ce76cf,Koorui E2411K 24 INCH 144HZ IPS FHD Brand New Monitor,Other,24 Inch,144Hz,1080p FHD,IPS,False,False,False,"Rs 33,000",33000,Brand New,Colombo,koorui-e2411k-24-inch-144hz-ips-fhd-brand-new-monitor-for-sale-colombo-10,https://ikman.lk/en/ad/koorui-e2411k-24-inch-144hz-ips-fhd-brand-new-monitor-for-sale-colombo-10,Myitem.lk (PVT) Ltd,True,13 days
6a8542737588b34c2e30518d,"Acer EK271 27"" Inch 144Hz IPS HDMI Frameless Gaming Monitor",Acer,27 Inch,144Hz,HD,IPS,False,True,True,"Rs 37,000",37000,Brand New,Colombo,acer-ek271-27-inch-144hz-ips-hdmi-frameless-gaming-monitor-for-sale-colombo-99,https://ikman.lk/en/ad/acer-ek271-27-inch-144hz-ips-hdmi-frameless-gaming-monitor-for-sale-colombo-99,Myitem.lk (PVT) Ltd,True,13 days
6a853238deb7ed83f43604ac,"Dell UltraSharp U2417H IPS Full HD Frameless USED Monitor 24""",Dell,24 Inch,60Hz,1080p FHD,IPS,False,False,True,"Rs 22,000",22000,Used,Colombo,dell-ultrasharp-u2417h-ips-full-hd-frameless-used-monitor-24-for-sale-colombo-5,https://ikman.lk/en/ad/dell-ultrasharp-u2417h-ips-full-hd-frameless-used-monitor-24-for-sale-colombo-5,Myitem.lk (PVT) Ltd,True,13 days
69b78f950a87784dbce9de9f,MSI PRO MP273L E14 BRANDNEW MONITORS 144Hz,MSI,Unknown,144Hz,Unknown,Standard,False,False,False,"Rs 47,500",47500,Brand New,Gampaha,msi-pro-mp273l-e14-brandnew-monitors-144hz-for-sale-gampaha,https://ikman.lk/en/ad/msi-pro-mp273l-e14-brandnew-monitors-144hz-for-sale-gampaha,U TECZONE,True,13 days
69b78fe70a87784dbce9dea2,MSI MAG 346CQ BRANDNEW MONITORS 4K 180Hz,MSI,Unknown,180Hz,4K UHD,Standard,False,False,False,"Rs 115,000",115000,Brand New,Gampaha,msi-mag-346cq-brandnew-monitors-4k-180hz-for-sale-gampaha,https://ikman.lk/en/ad/msi-mag-346cq-brandnew-monitors-4k-180hz-for-sale-gampaha,U TECZONE,True,13 days
69b78f0a69ba0df68bc5ec49,MSI PRO MP243L E14 BRANDNEW MONITORS 144Hz,MSI,Unknown,144Hz,Unknown,Standard,False,False,False,"Rs 38,500",38500,Brand New,Gampaha,msi-pro-mp243l-e14-brandnew-monitors-144hz-for-sale-gampaha,https://ikman.lk/en/ad/msi-pro-mp243l-e14-brandnew-monitors-144hz-for-sale-gampaha,U TECZONE,True,13 days
6a85312a9fe9dc91b8186826,"ViewSonic VA2432A-H 24"" Inch Full HD IPS 120HZ Frameless Monitor New",Viewsonic,24 Inch,120Hz,1080p FHD,IPS,False,False,True,"Rs 35,500",35500,Brand New,Colombo,viewsonic-va2432a-h-24-inch-full-hd-ips-120hz-frameless-monitor-new-for-sale-colombo-107,https://ikman.lk/en/ad/viewsonic-va2432a-h-24-inch-full-hd-ips-120hz-frameless-monitor-new-for-sale-colombo-107,Myitem.lk (PVT) Ltd,True,13 days
6a85305335502d9de4fb2db0,MSI MAG 272QP QD OLED X50 26.5” 500HZ WQHD MONITOR,MSI,Unknown,500Hz,2K QHD,OLED,False,False,False,"Rs 423,000",423000,Brand New,Colombo,msi-mag-272qp-qd-oled-x50-265-500hz-wqhd-monitor-for-sale-colombo-1,https://ikman.lk/en/ad/msi-mag-272qp-qd-oled-x50-265-500hz-wqhd-monitor-for-sale-colombo-1,PC Cart Express Maharagama,True,13 days
6a85302d95ddb0c530cc7a9e,MSI MAG 272QP QD OLED X50 26.5” 500HZ WQHD MONITOR,MSI,Unknown,500Hz,2K QHD,OLED,False,False,False,"Rs 423,000",423000,Brand New,Colombo,msi-mag-272qp-qd-oled-x50-265-500hz-wqhd-monitor-for-sale-colombo,https://ikman.lk/en/ad/msi-mag-272qp-qd-oled-x50-265-500hz-wqhd-monitor-for-sale-colombo,PC Cart Kesbewa ,True,13 days
6a852f7e12420a92a2186801,MSI MAG 272F X24 27” 240HZ FHD IPS MONITOR,MSI,27 Inch,240Hz,1080p FHD,IPS,False,False,False,"Rs 62,000",62000,Brand New,Colombo,msi-mag-272f-x24-27-240hz-fhd-ips-monitor-for-sale-colombo-1,https://ikman.lk/en/ad/msi-mag-272f-x24-27-240hz-fhd-ips-monitor-for-sale-colombo-1,PC Cart Express Maharagama,True,13 days
6a852f59881d0155fb21b7e8,MSI MAG 272F X24 27” 240HZ FHD IPS MONITOR,MSI,27 Inch,240Hz,1080p FHD,IPS,False,False,False,"Rs 62,000",62000,Brand New,Colombo,msi-mag-272f-x24-27-240hz-fhd-ips-monitor-for-sale-colombo,https://ikman.lk/en/ad/msi-mag-272f-x24-27-240hz-fhd-ips-monitor-for-sale-colombo,PC Cart Kesbewa ,True,13 days
6a852b209fe9dc91b81867af,MSI MAG 255XF 24.5” 300HZ FHD IPS MONITOR,MSI,24 Inch,300Hz,1080p FHD,IPS,False,False,False,"Rs 60,000",60000,Brand New,Colombo,msi-mag-255xf-245-300hz-fhd-ips-monitor-for-sale-colombo-1,https://ikman.lk/en/ad/msi-mag-255xf-245-300hz-fhd-ips-monitor-for-sale-colombo-1,PC Cart Express Maharagama,True,13 days
6a852af8881d0155fb21b798,MSI MAG 255XF 24.5” 300HZ FHD IPS MONITOR,MSI,24 Inch,300Hz,1080p FHD,IPS,False,False,False,"Rs 60,000",60000,Brand New,Colombo,msi-mag-255xf-245-300hz-fhd-ips-monitor-for-sale-colombo,https://ikman.lk/en/ad/msi-mag-255xf-245-300hz-fhd-ips-monitor-for-sale-colombo,PC Cart Kesbewa ,True,13 days
6a852a714e9232ff8221b786,MSI MAG 255F X24 24.5” 240HZ FHD IPS MONITOR,MSI,24 Inch,240Hz,1080p FHD,IPS,False,False,False,"Rs 52,000",52000,Brand New,Colombo,msi-mag-255f-x24-245-240hz-fhd-ips-monitor-for-sale-colombo-1,https://ikman.lk/en/ad/msi-mag-255f-x24-245-240hz-fhd-ips-monitor-for-sale-colombo-1,PC Cart Express Maharagama,True,13 days
6a852a434e9232ff8221b77f,MSI MAG 255F X24 24.5” 240HZ FHD IPS MONITOR,MSI,24 Inch,240Hz,1080p FHD,IPS,False,False,False,"Rs 52,000",52000,Brand New,Colombo,msi-mag-255f-x24-245-240hz-fhd-ips-monitor-for-sale-colombo,https://ikman.lk/en/ad/msi-mag-255f-x24-245-240hz-fhd-ips-monitor-for-sale-colombo,PC Cart Kesbewa ,True,13 days
6a85262b9fe9dc91b8186750,Asus Tuf Gaming 34” VG34 VQL3 A 1440 P 1500 R 180 Hz Curved Monitor,Asus,34 Inch,180Hz,Unknown,Standard,True,True,False,"Rs 159,500",159500,Brand New,Colombo,asus-tuf-gaming-34-vg34-vql3-a-1440-p-1500-r-180-hz-curved-monitor-for-sale-colombo-8,https://ikman.lk/en/ad/asus-tuf-gaming-34-vg34-vql3-a-1440-p-1500-r-180-hz-curved-monitor-for-sale-colombo-8,COMPUTER HUB,True,13 days
6a8486536ee6621f70389665,Monitor,Other,Unknown,60Hz,Unknown,Standard,False,False,False,"Rs 10,000",10000,Used,Jaffna,monitor-for-sale-jaffna-25,https://ikman.lk/en/ad/monitor-for-sale-jaffna-25,,False,13 days
6a8490a1787900f81fe7f044,"MONITOR 24"" IPS (1980 x 1080P) FRAMELESS|HDMI|FHD - LENOVO",Lenovo,24 Inch,60Hz,1080p FHD,IPS,False,False,True,"Rs 21,150",21150,Used,Gampaha,monitor-24-ips-1980-x-1080p-framelesshdmifhd-lenovo-for-sale-gampaha-1,https://ikman.lk/en/ad/monitor-24-ips-1980-x-1080p-framelesshdmifhd-lenovo-for-sale-gampaha-1,ShaTech Zone,True,13 days
6a846f89e77167f0ca0f790c,Kurooi 200hz Monitor,Other,Unknown,200Hz,Unknown,Standard,False,False,False,"Rs 31,000",31000,Used,Kalutara,kurooi-200hz-monitor-for-sale-for-sale-kalutara,https://ikman.lk/en/ad/kurooi-200hz-monitor-for-sale-for-sale-kalutara,,False,14 days
6a844d9f6098b16b7f201c48,Brand New Acer Vero Series CB272 P6BMIPRX 144HZ Full HD Monitor,Acer,Unknown,144Hz,1080p FHD,Standard,False,False,False,"Rs 44,990",44990,Brand New,Colombo,brand-new-acer-vero-series-cb272-p6bmiprx-144hz-full-hd-monitor-for-sale-colombo-78,https://ikman.lk/en/ad/brand-new-acer-vero-series-cb272-p6bmiprx-144hz-full-hd-monitor-for-sale-colombo-78,Myitem.lk (PVT) Ltd,True,14 days
6a843f86b14dd54931542b1a,DELL 24’’ Wide Ips Monitor,Dell,24 Inch,60Hz,1080p FHD,IPS,False,False,False,"Rs 13,900",13900,Used,Colombo,dell-24-wide-ips-monitor-for-sale-colombo-1,https://ikman.lk/en/ad/dell-24-wide-ips-monitor-for-sale-colombo-1,Computer House,True,14 days
6a843ded182d1697fa6f46a8,24’’ Wide Led Hdmi Monitor,Other,24 Inch,60Hz,HD,Standard,False,False,False,"Rs 13,900",13900,Used,Colombo,24-wide-led-hdmi-monitor-for-sale-colombo-15,https://ikman.lk/en/ad/24-wide-led-hdmi-monitor-for-sale-colombo-15,Computer House,True,14 days
6a843d18182d1697fa6f4699,24’’ Wide LED Monitor,Other,24 Inch,60Hz,1080p FHD,Standard,False,False,False,"Rs 12,900",12900,Used,Colombo,24-wide-led-monitor-for-sale-colombo-15,https://ikman.lk/en/ad/24-wide-led-monitor-for-sale-colombo-15,Computer House,True,14 days
6a2af7f304d119c3f1c6229c,"DELL P2317H 23"" IPS LED MONITOR",Dell,23 Inch,60Hz,Unknown,IPS,False,False,False,"Rs 15,500",15500,Used,Colombo,dell-p2317h-23-ips-led-monitor-for-sale-colombo-5,https://ikman.lk/en/ad/dell-p2317h-23-ips-led-monitor-for-sale-colombo-5,PC Cart Kesbewa ,True,14 days
6a2af8259c37b2fa1ac62293,"DELL P2317H 23"" IPS LED MONITOR",Dell,23 Inch,60Hz,Unknown,IPS,False,False,False,"Rs 15,500",15500,Used,Colombo,dell-p2317h-23-ips-led-monitor-for-sale-colombo-6,https://ikman.lk/en/ad/dell-p2317h-23-ips-led-monitor-for-sale-colombo-6,PC Cart Express Maharagama,True,14 days
6a843c8f703f4e5f7a9d279d,22’’ Wide LED HDMI Monitor,Other,22 Inch,60Hz,HD,Standard,False,False,False,"Rs 11,900",11900,Used,Colombo,22-wide-led-hdmi-monitor-for-sale-colombo-1,https://ikman.lk/en/ad/22-wide-led-hdmi-monitor-for-sale-colombo-1,Computer House,True,14 days
6a21b59dc4886b8a1804469d,"MSI 24"" Optix G2422 170Hz IPS Gaming Monitor",MSI,24 Inch,170Hz,1080p FHD,IPS,False,True,False,"Rs 72,000",72000,Brand New,Colombo,msi-24-optix-g2422-170hz-ips-gaming-monitor-for-sale-colombo-32,https://ikman.lk/en/ad/msi-24-optix-g2422-170hz-ips-gaming-monitor-for-sale-colombo-32,PC Cart Kesbewa ,True,14 days
6a21b599407a45f6020448b9,"MSI 24"" Optix G2422 170Hz IPS Gaming Monitor",MSI,24 Inch,170Hz,1080p FHD,IPS,False,True,False,"Rs 72,000",72000,Brand New,Colombo,msi-24-optix-g2422-170hz-ips-gaming-monitor-for-sale-colombo-31,https://ikman.lk/en/ad/msi-24-optix-g2422-170hz-ips-gaming-monitor-for-sale-colombo-31,PC Cart Express Maharagama,True,14 days
6a20854c6bdb7c553c218990,"Samsung S24D300GAE 24"" IPS Flat FHD 100Hz Monitor",Samsung,24 Inch,100Hz,1080p FHD,IPS,False,False,False,"Rs 34,000",34000,Brand New,Colombo,samsung-s24d300gae-24-ips-flat-fhd-100hz-monitor-for-sale-colombo-13,https://ikman.lk/en/ad/samsung-s24d300gae-24-ips-flat-fhd-100hz-monitor-for-sale-colombo-13,PC Cart Express Maharagama,True,14 days
6a20854f658009a9f368694c,"SAMSUNG S24D300GAE 24"" IPS Flat FHD 100Hz Monitor",Samsung,24 Inch,100Hz,1080p FHD,IPS,False,False,False,"Rs 34,000",34000,Brand New,Colombo,samsung-s24d300gae-24-ips-flat-fhd-100hz-monitor-for-sale-colombo-12,https://ikman.lk/en/ad/samsung-s24d300gae-24-ips-flat-fhd-100hz-monitor-for-sale-colombo-12,PC Cart Kesbewa ,True,14 days
6a843b672d0695b925b025bc,20’’ WIDE IPS MONITOR,Other,20 Inch,60Hz,Unknown,IPS,False,False,False,"Rs 10,900",10900,Used,Colombo,20-wide-ips-monitor-for-sale-colombo-3,https://ikman.lk/en/ad/20-wide-ips-monitor-for-sale-colombo-3,Computer House,True,14 days
6a21b3fd953acf2f87eae328,ACER 24.5 100Hz IPS Monitor,Acer,24 Inch,100Hz,1080p FHD,IPS,False,False,False,"Rs 33,500",33500,Brand New,Colombo,acer-245-100hz-ips-monitor-for-sale-colombo,https://ikman.lk/en/ad/acer-245-100hz-ips-monitor-for-sale-colombo,PC Cart Express Maharagama,True,14 days
6a21b3f77909cca5685fccfc,ACER EK251Q 24.5 100Hz IPS Monitor,Acer,24 Inch,100Hz,1080p FHD,IPS,False,False,False,"Rs 33,500",33500,Brand New,Colombo,acer-ek251q-245-100hz-ips-monitor-for-sale-colombo-28,https://ikman.lk/en/ad/acer-ek251q-245-100hz-ips-monitor-for-sale-colombo-28,PC Cart Kesbewa ,True,14 days
6a843af837d988bfebe09480,20’’ Wide LCD Monitor,Other,20 Inch,60Hz,Unknown,Standard,False,False,False,"Rs 8,900",8900,Used,Colombo,20-wide-lcd-monitor-for-sale-colombo-3,https://ikman.lk/en/ad/20-wide-lcd-monitor-for-sale-colombo-3,Computer House,True,14 days
6a8438202d0695b925b0258f,"Falcon HS17 Square LED Monitor Brand New 17""",Other,17 Inch,60Hz,Unknown,Standard,False,False,False,"Rs 11,500",11500,Brand New,Colombo,falcon-hs17-square-led-monitor-brand-new-17-for-sale-colombo-2,https://ikman.lk/en/ad/falcon-hs17-square-led-monitor-brand-new-17-for-sale-colombo-2,Computer Store.lk Pvt Ltd,True,14 days
6a843704703f4e5f7a9d275d,19’’ Wide LCD Monitor,Other,19 Inch,60Hz,Unknown,Standard,False,False,False,"Rs 7,900",7900,Used,Colombo,19-wide-lcd-monitor-for-sale-colombo-27,https://ikman.lk/en/ad/19-wide-lcd-monitor-for-sale-colombo-27,Computer House,True,14 days
6a84368888249e5f3d9d2756,17’’ Square Monitor,Other,Unknown,60Hz,Unknown,Standard,False,False,False,"Rs 5,900",5900,Brand New,Colombo,17-square-monitor-for-sale-colombo-30,https://ikman.lk/en/ad/17-square-monitor-for-sale-colombo-30,Computer House,True,14 days
6a84369ea439cce1d6c8f788,"FALCON HS185 WIDE LED HD MONITOR BRAND NEW 18.5""",Other,18.5 Inch,60Hz,HD,Standard,False,False,False,"Rs 19,500",19500,Brand New,Colombo,falcon-hs185-wide-led-hd-monitor-brand-new-185-for-sale-colombo-2,https://ikman.lk/en/ad/falcon-hs185-wide-led-hd-monitor-brand-new-185-for-sale-colombo-2,Computer Store.lk Pvt Ltd,True,14 days
6a84362d182d1697fa6f4640,19’’ Falcon Wide LED New Monitor,Other,19 Inch,60Hz,Unknown,Standard,False,False,False,"Rs 16,900",16900,Brand New,Colombo,19-falcon-wide-led-new-monitor-for-sale-colombo-3,https://ikman.lk/en/ad/19-falcon-wide-led-new-monitor-for-sale-colombo-3,Computer House,True,14 days
6a8435b7b14dd54931542ac0,17’’ Falcon LED New Monitor,Other,Unknown,60Hz,Unknown,Standard,False,False,False,"Rs 10,500",10500,Brand New,Colombo,17-falcon-led-new-monitor-for-sale-colombo-3,https://ikman.lk/en/ad/17-falcon-led-new-monitor-for-sale-colombo-3,Computer House,True,14 days
6a2c44dcbbeeb4adfd14959f,"MSI Pro MP225 E12VL 21.5"" 120Hz Monitor",MSI,21.5 Inch,120Hz,Unknown,Standard,False,False,False,"Rs 28,000",28000,Brand New,Colombo,msi-pro-mp225-e12vl-215-120hz-monitor-for-sale-colombo,https://ikman.lk/en/ad/msi-pro-mp225-e12vl-215-120hz-monitor-for-sale-colombo,PC Cart Kesbewa ,True,14 days
6a2c429f50442643617f047d,"Lenovo ThinkVision P24Q-30 24"" 2K IPS HDMI Monitor (With Box)",Lenovo,24 Inch,60Hz,2K QHD,IPS,False,False,False,"Rs 39,500",39500,Used,Colombo,lenovo-thinkvision-p24q-30-24-2k-ips-hdmi-monitor-with-box-for-sale-colombo,https://ikman.lk/en/ad/lenovo-thinkvision-p24q-30-24-2k-ips-hdmi-monitor-with-box-for-sale-colombo,PC Cart Kesbewa ,True,14 days
6a2af9ab313783d64cd50160,"SAMSUNG 27"" S27C450B LED Monitor",Samsung,27 Inch,60Hz,1080p FHD,Standard,False,False,False,"Rs 19,900",19900,Used,Colombo,samsung-27-s27c450b-led-monitor-for-sale-colombo,https://ikman.lk/en/ad/samsung-27-s27c450b-led-monitor-for-sale-colombo,PC Cart Kesbewa ,True,14 days
6a2c451548d38ebb622b72fe,"MSI Pro MP225 E12VL 21.5"" 120Hz Monitor",MSI,21.5 Inch,120Hz,Unknown,Standard,False,False,False,"Rs 28,000",28000,Brand New,Colombo,msi-pro-mp225-e12vl-215-120hz-monitor-for-sale-colombo-1,https://ikman.lk/en/ad/msi-pro-mp225-e12vl-215-120hz-monitor-for-sale-colombo-1,PC Cart Express Maharagama,True,14 days
6a2c42e250442643617f0484,"Lenovo ThinkVision P24Q-30 24"" 2K IPS HDMI Monitor (With Box)",Lenovo,24 Inch,60Hz,2K QHD,IPS,False,False,False,"Rs 39,500",39500,Used,Colombo,lenovo-thinkvision-p24q-30-24-2k-ips-hdmi-monitor-with-box-for-sale-colombo-1,https://ikman.lk/en/ad/lenovo-thinkvision-p24q-30-24-2k-ips-hdmi-monitor-with-box-for-sale-colombo-1,PC Cart Express Maharagama,True,14 days
6a2af9e07ddf2b2aa6164ae5,"SAMSUNG 27"" S27C450B LED Monitor",Samsung,27 Inch,60Hz,1080p FHD,Standard,False,False,False,"Rs 19,900",19900,Used,Colombo,samsung-27-s27c450b-led-monitor-for-sale-colombo-1,https://ikman.lk/en/ad/samsung-27-s27c450b-led-monitor-for-sale-colombo-1,PC Cart Express Maharagama,True,14 days
6a2af6cee65c01a8c975bbb2,HP EliteDisplay E24 G4 24 Inch Frameless IPS LED Monitor,HP,24 Inch,60Hz,1080p FHD,IPS,False,False,True,"Rs 26,500",26500,Used,Colombo,hp-elitedisplay-e24-g4-24-inch-frameless-ips-led-monitor-for-sale-colombo,https://ikman.lk/en/ad/hp-elitedisplay-e24-g4-24-inch-frameless-ips-led-monitor-for-sale-colombo,PC Cart Kesbewa ,True,14 days
6a2af708d1cfba0ca6c4e495,HP EliteDisplay E24 G4 24 Inch Frameless IPS LED Monitor,HP,24 Inch,60Hz,1080p FHD,IPS,False,False,True,"Rs 26,500",26500,Used,Colombo,hp-elitedisplay-e24-g4-24-inch-frameless-ips-led-monitor-for-sale-colombo-1,https://ikman.lk/en/ad/hp-elitedisplay-e24-g4-24-inch-frameless-ips-led-monitor-for-sale-colombo-1,PC Cart Express Maharagama,True,14 days
6a84313f2d0695b925b0254b,23 INCH HP ELITE E230T IPS TOUCH SCREEN USED MONITOR,HP,23 Inch,60Hz,Unknown,IPS,False,False,False,"Rs 38,500",38500,Used,Colombo,23-inch-hp-elite-e230t-ips-touch-screen-used-monitor-for-sale-colombo-51,https://ikman.lk/en/ad/23-inch-hp-elite-e230t-ips-touch-screen-used-monitor-for-sale-colombo-51,Mdcomputers.lk(Pvt) Ltd,True,14 days
6a842d208ab45f196ab0250a,27 INCH DELL P2714HC IPS LED USED MONITOR,Dell,27 Inch,60Hz,1080p FHD,IPS,False,False,False,"Rs 28,000",28000,Used,Colombo,27-inch-dell-p2714hc-ips-led-used-monitor-for-sale-colombo-29,https://ikman.lk/en/ad/27-inch-dell-p2714hc-ips-led-used-monitor-for-sale-colombo-29,Mdcomputers.lk(Pvt) Ltd,True,14 days
6a842c1b83e680339a80a0bc,24 INCH DELL P2422HE IPS FRAMELESS USED TYPE-C FHD MONITOR,Dell,24 Inch,60Hz,1080p FHD,IPS,False,False,True,"Rs 26,500",26500,Used,Colombo,24-inch-dell-p2422he-ips-frameless-used-type-c-fhd-monitor-for-sale-colombo-16,https://ikman.lk/en/ad/24-inch-dell-p2422he-ips-frameless-used-type-c-fhd-monitor-for-sale-colombo-16,Mdcomputers.lk(Pvt) Ltd,True,14 days
6a29081cf232e5515dcffffd,22 INCH USED LED WIDE MONITOR,Other,22 Inch,60Hz,1080p FHD,Standard,False,False,False,"Rs 12,000",12000,Used,Colombo,22-inch-used-led-wide-monitor-for-sale-colombo,https://ikman.lk/en/ad/22-inch-used-led-wide-monitor-for-sale-colombo,PC Cart Kesbewa ,True,14 days
6a29078a67c594a63466ab8f,USED 19 INCH SQUARE LED MONITOR,Other,19 Inch,60Hz,Unknown,Standard,False,False,False,"Rs 7,900",7900,Used,Colombo,used-19-inch-square-led-monitor-for-sale-colombo-1,https://ikman.lk/en/ad/used-19-inch-square-led-monitor-for-sale-colombo-1,PC Cart Kesbewa ,True,14 days
6a2908babdefc0e1c38f4ebe,22 INCH USED LED WIDE MONITOR,Other,22 Inch,60Hz,1080p FHD,Standard,False,False,False,"Rs 12,000",12000,Used,Colombo,22-inch-used-led-wide-monitor-for-sale-colombo-1,https://ikman.lk/en/ad/22-inch-used-led-wide-monitor-for-sale-colombo-1,PC Cart Express Maharagama,True,14 days
6a29075ff232e5515dcffff3,USED 19 INCH SQUARE LED MONITOR,Other,19 Inch,60Hz,Unknown,Standard,False,False,False,"Rs 7,900",7900,Used,Colombo,used-19-inch-square-led-monitor-for-sale-colombo,https://ikman.lk/en/ad/used-19-inch-square-led-monitor-for-sale-colombo,PC Cart Express Maharagama,True,14 days
6a842b892d0695b925b02517,24 INCH DELL P2414HB FULL HD IPS USED SILVER LINE MONITOR,Dell,24 Inch,60Hz,1080p FHD,IPS,False,False,False,"Rs 13,500",13500,Used,Colombo,24-inch-dell-p2414hb-full-hd-ips-used-silver-line-monitor-for-sale-colombo-2,https://ikman.lk/en/ad/24-inch-dell-p2414hb-full-hd-ips-used-silver-line-monitor-for-sale-colombo-2,Mdcomputers.lk(Pvt) Ltd,True,14 days
6a842afa60a09edde9e09460,22 INCH DELL P2214HB FULL HD IPS LED SILVER LINE MONITOR,Dell,22 Inch,60Hz,1080p FHD,IPS,False,False,False,"Rs 12,500",12500,Used,Colombo,22-inch-dell-p2214hb-full-hd-ips-led-silver-line-monitor-for-sale-colombo-1,https://ikman.lk/en/ad/22-inch-dell-p2214hb-full-hd-ips-led-silver-line-monitor-for-sale-colombo-1,Mdcomputers.lk(Pvt) Ltd,True,14 days
6a842798b551b40c5d80a063,"Dell UltraSharp U2417H IPS Full HD Frameless Monitor 24""",Dell,24 Inch,60Hz,1080p FHD,IPS,False,False,True,"Rs 22,000",22000,Used,Colombo,dell-ultrasharp-u2417h-ips-full-hd-frameless-monitor-24-for-sale-colombo,https://ikman.lk/en/ad/dell-ultrasharp-u2417h-ips-full-hd-frameless-monitor-24-for-sale-colombo,Max Core PC,True,14 days
6a8426ab24587aa805c15507,"Emark 24"" EW2427SH 144Hz IPS Full HD Frameless Gaming Monitor",Other,24 Inch,144Hz,1080p FHD,IPS,False,True,True,"Rs 29,990",29990,Brand New,Colombo,emark-24-ew2427sh-144hz-ips-full-hd-frameless-gaming-monitor-for-sale-colombo-55,https://ikman.lk/en/ad/emark-24-ew2427sh-144hz-ips-full-hd-frameless-gaming-monitor-for-sale-colombo-55,Myitem.lk (PVT) Ltd,True,14 days
6a8422928ab45f196ab024b6,"HP EliteDisplay E240c Full HD IPS USED MONITOR 24""",HP,24 Inch,60Hz,1080p FHD,IPS,False,False,False,"Rs 17,500",17500,Used,Colombo,hp-elitedisplay-e240c-full-hd-ips-used-monitor-24-for-sale-colombo-5,https://ikman.lk/en/ad/hp-elitedisplay-e240c-full-hd-ips-used-monitor-24-for-sale-colombo-5,Max Core PC,True,14 days
6a841d5fd658f3661b80a025,"27"" LED/IPS/HDMI Monitor",Other,27 Inch,60Hz,HD,IPS,False,False,False,"Rs 27,500",27500,Used,Colombo,27-led-ips-hdmi-monitor-for-sale-colombo,https://ikman.lk/en/ad/27-led-ips-hdmi-monitor-for-sale-colombo,JNC LANKA TECH HOLDING (PVT) LTD,True,14 days
6a841c85b7caa7f718e0939c,"HP EliteDisplay E222 USED IPS MONITOR FULL HD 22""",HP,22 Inch,60Hz,1080p FHD,IPS,False,False,False,"Rs 14,500",14500,Used,Colombo,hp-elitedisplay-e222-used-ips-monitor-full-hd-22-for-sale-colombo-2,https://ikman.lk/en/ad/hp-elitedisplay-e222-used-ips-monitor-full-hd-22-for-sale-colombo-2,Max Core PC,True,14 days
6a841b4ea832da770c37bee3,"HP EliteDisplay E202 USED HD+ IPS MONITOR 20""",HP,20 Inch,60Hz,HD,IPS,False,False,False,"Rs 13,500",13500,Used,Colombo,hp-elitedisplay-e202-used-hd-ips-monitor-20-for-sale-colombo-6,https://ikman.lk/en/ad/hp-elitedisplay-e202-used-hd-ips-monitor-20-for-sale-colombo-6,Max Core PC,True,14 days
6a840f8e736c7481c56cfa8f,MSI Pro MP341CQ E12 34' Inch UWQHD (3440 X 1440) 120Hz Monitor,MSI,34 Inch,120Hz,2K QHD,Standard,False,False,False,"Rs 114,500",114500,Brand New,Colombo,msi-pro-mp341cq-e12-34-inch-uwqhd-3440-x-1440-120hz-monitor-for-sale-colombo-1,https://ikman.lk/en/ad/msi-pro-mp341cq-e12-34-inch-uwqhd-3440-x-1440-120hz-monitor-for-sale-colombo-1,PC Cart Express Maharagama,True,14 days
6a840f6221151fdcb28b0be9,MSI Pro MP341CQ E12 34' Inch UWQHD (3440 X 1440) 120Hz Monitor,MSI,34 Inch,120Hz,2K QHD,Standard,False,False,False,"Rs 114,500",114500,Brand New,Colombo,msi-pro-mp341cq-e12-34-inch-uwqhd-3440-x-1440-120hz-monitor-for-sale-colombo,https://ikman.lk/en/ad/msi-pro-mp341cq-e12-34-inch-uwqhd-3440-x-1440-120hz-monitor-for-sale-colombo,PC Cart Kesbewa ,True,14 days
6a840c410a22469a8213f058,MSI PRO MP275Q E14 27” 144HZ WQHD 2K IPS MONITOR,MSI,27 Inch,144Hz,2K QHD,IPS,False,False,False,"Rs 70,500",70500,Brand New,Colombo,msi-pro-mp275q-e14-27-144hz-wqhd-2k-ips-monitor-for-sale-colombo-3,https://ikman.lk/en/ad/msi-pro-mp275q-e14-27-144hz-wqhd-2k-ips-monitor-for-sale-colombo-3,PC Cart Express Maharagama,True,14 days
6a840c1f6fc223a02a542962,MSI PRO MP275Q E14 27” 144HZ WQHD 2K IPS MONITOR,MSI,27 Inch,144Hz,2K QHD,IPS,False,False,False,"Rs 70,500",70500,Brand New,Colombo,msi-pro-mp275q-e14-27-144hz-wqhd-2k-ips-monitor-for-sale-colombo-2,https://ikman.lk/en/ad/msi-pro-mp275q-e14-27-144hz-wqhd-2k-ips-monitor-for-sale-colombo-2,PC Cart Kesbewa ,True,14 days
6a840ab28f00dd6cdd2f9c1b,"23"" IPS MONITOR FRAMELESS (1980 x 1080P) HDMI|FULL HD",Other,23 Inch,60Hz,1080p FHD,IPS,False,False,True,"Rs 19,450",19450,Used,Gampaha,23-ips-monitor-frameless-1980-x-1080p-hdmifull-hd-for-sale-gampaha,https://ikman.lk/en/ad/23-ips-monitor-frameless-1980-x-1080p-hdmifull-hd-for-sale-gampaha,ShaTech Zone,True,14 days
6a840914e6721726dd9707a9,"24"" LED|Wide Monitor with Speaker Soundbar",Other,24 Inch,60Hz,1080p FHD,Standard,False,False,False,"Rs 13,950",13950,Used,Gampaha,24-ledwide-monitor-with-speaker-soundbar-for-sale-gampaha,https://ikman.lk/en/ad/24-ledwide-monitor-with-speaker-soundbar-for-sale-gampaha,ShaTech Zone,True,14 days
6a8408b221151fdcb28b0b86,MSI Pro MP273 E14A 27 Inch 144Hz 1ms FHD IPS Productivity Monitor,MSI,27 Inch,144Hz,1080p FHD,IPS,False,False,False,"Rs 47,500",47500,Brand New,Colombo,msi-pro-mp273-e14a-27-inch-144hz-1ms-fhd-ips-productivity-monitor-for-sale-colombo-49,https://ikman.lk/en/ad/msi-pro-mp273-e14a-27-inch-144hz-1ms-fhd-ips-productivity-monitor-for-sale-colombo-49,PC Cart Express Maharagama,True,14 days
6a840891736c7481c56cfa31,MSI Pro MP273 E14A 27 Inch 144Hz 1ms FHD IPS Productivity Monitor,MSI,27 Inch,144Hz,1080p FHD,IPS,False,False,False,"Rs 47,500",47500,Brand New,Colombo,msi-pro-mp273-e14a-27-inch-144hz-1ms-fhd-ips-productivity-monitor-for-sale-colombo-48,https://ikman.lk/en/ad/msi-pro-mp273-e14a-27-inch-144hz-1ms-fhd-ips-productivity-monitor-for-sale-colombo-48,PC Cart Kesbewa ,True,14 days
6a8408069854fad569948f54,"MSI Pro MP245PG E14 23.8"" Inch 144Hz FHD Ultra Slim Frameless Monitor",MSI,23.8 Inch,144Hz,1080p FHD,Standard,False,False,True,"Rs 53,000",53000,Brand New,Colombo,msi-pro-mp245pg-e14-238-inch-144hz-fhd-ultra-slim-frameless-monitor-for-sale-colombo-1,https://ikman.lk/en/ad/msi-pro-mp245pg-e14-238-inch-144hz-fhd-ultra-slim-frameless-monitor-for-sale-colombo-1,PC Cart Express Maharagama,True,14 days
6a8408049f1dce4a9537be04,"MONITOR 27"" IPS ULTRA SLIM (1980 x 1080P) FHD|HDMI|FRAMELESS",Other,27 Inch,60Hz,1080p FHD,IPS,False,False,True,"Rs 33,850",33850,Used,Gampaha,monitor-27-ips-ultra-slim-1980-x-1080p-fhdhdmiframeless-for-sale-gampaha,https://ikman.lk/en/ad/monitor-27-ips-ultra-slim-1980-x-1080p-fhdhdmiframeless-for-sale-gampaha,ShaTech Zone,True,14 days
6a8407e8a439cce1d6c8f568,"MSI Pro MP245PG E14 23.8"" Inch 144Hz FHD Ultra Slim Frameless Monitor",MSI,23.8 Inch,144Hz,1080p FHD,Standard,False,False,True,"Rs 53,000",53000,Brand New,Colombo,msi-pro-mp245pg-e14-238-inch-144hz-fhd-ultra-slim-frameless-monitor-for-sale-colombo,https://ikman.lk/en/ad/msi-pro-mp245pg-e14-238-inch-144hz-fhd-ultra-slim-frameless-monitor-for-sale-colombo,PC Cart Kesbewa ,True,14 days
6a83fefd237cb8583e24841e,Asus TUF Gaming 34” VG34VQL3A 1440P 1500R 180Hz Curved Monitor,Asus,34 Inch,180Hz,2K QHD,Standard,True,True,False,"Rs 159,500",159500,Brand New,Colombo,asus-tuf-gaming-34-vg34vql3a-1440p-1500r-180hz-curved-monitor-for-sale-colombo-11,https://ikman.lk/en/ad/asus-tuf-gaming-34-vg34vql3a-1440p-1500r-180hz-curved-monitor-for-sale-colombo-11,COMPUTER HUB,True,14 days
6a83ed8fe81cc853442482e1,"Emark 24"" EW2427SH 144Hz IPS Full HD Frameless Gaming Monitor",Other,24 Inch,144Hz,1080p FHD,IPS,False,True,True,"Rs 29,990",29990,Brand New,Colombo,emark-24-ew2427sh-144hz-ips-full-hd-frameless-gaming-monitor-for-sale-colombo-54,https://ikman.lk/en/ad/emark-24-ew2427sh-144hz-ips-full-hd-frameless-gaming-monitor-for-sale-colombo-54,Computer Store.lk Pvt Ltd,True,14 days
6a83ed5988a4c21b15e0ef89,Viewsonic VA270A-H 27INCH 120Hz FHD IPS Brand New Monitor,Viewsonic,27 Inch,120Hz,1080p FHD,IPS,False,False,False,"Rs 41,500",41500,Brand New,Colombo,viewsonic-va270a-h-27inch-120hz-fhd-ips-brand-new-monitor-for-sale-colombo-13,https://ikman.lk/en/ad/viewsonic-va270a-h-27inch-120hz-fhd-ips-brand-new-monitor-for-sale-colombo-13,Computer Store.lk Pvt Ltd,True,14 days
6a83ebbc4f1eb4c69f9d4f79,"ViewSonic VA2432A-H 24"" Inch Full HD IPS 120Hz Frameless Monitor New",Viewsonic,24 Inch,120Hz,1080p FHD,IPS,False,False,True,"Rs 32,000",32000,Brand New,Colombo,viewsonic-va2432a-h-24-inch-full-hd-ips-120hz-frameless-monitor-new-for-sale-colombo-106,https://ikman.lk/en/ad/viewsonic-va2432a-h-24-inch-full-hd-ips-120hz-frameless-monitor-new-for-sale-colombo-106,Computer Store.lk Pvt Ltd,True,14 days
6a83eb4588a4c21b15e0ef6a,"Acer EK271 27"" Inch 144Hz IPS HDMI Frameless Gaming Monitor",Acer,27 Inch,144Hz,HD,IPS,False,True,True,"Rs 36,000",36000,Brand New,Colombo,acer-ek271-27-inch-144hz-ips-hdmi-frameless-gaming-monitor-for-sale-colombo-98,https://ikman.lk/en/ad/acer-ek271-27-inch-144hz-ips-hdmi-frameless-gaming-monitor-for-sale-colombo-98,Computer Store.lk Pvt Ltd,True,14 days
6a83eafd30f3d435850e3756,"Acer EK251 P6BI 25"" Inch 144Hz IPS HDMI Frameless Gaming & Monitor",Acer,25 Inch,144Hz,HD,IPS,False,True,True,"Rs 31,500",31500,Brand New,Colombo,acer-ek251-p6bi-25-inch-144hz-ips-hdmi-frameless-gaming-and-monitor-for-sale-colombo-3,https://ikman.lk/en/ad/acer-ek251-p6bi-25-inch-144hz-ips-hdmi-frameless-gaming-and-monitor-for-sale-colombo-3,Computer Store.lk Pvt Ltd,True,14 days
6a83ea713cee26a67d4a2d30,MSI Pro MP273 E14A 27 Inch 144Hz 1ms FHD IPS Productivity Monitor,MSI,27 Inch,144Hz,1080p FHD,IPS,False,False,False,"Rs 49,990",49990,Brand New,Colombo,msi-pro-mp273-e14a-27-inch-144hz-1ms-fhd-ips-productivity-monitor-for-sale-colombo-47,https://ikman.lk/en/ad/msi-pro-mp273-e14a-27-inch-144hz-1ms-fhd-ips-productivity-monitor-for-sale-colombo-47,Computer Store.lk Pvt Ltd,True,14 days
6a83ea3187cc195dae1d671f,"MSI Pro MP243L E14 24.5"" Inch 144Hz 1ms FHD IPS Productivity Monitor",MSI,24.5 Inch,144Hz,1080p FHD,IPS,False,False,False,"Rs 33,500",33500,Brand New,Colombo,msi-pro-mp243l-e14-245-inch-144hz-1ms-fhd-ips-productivity-monitor-for-sale-colombo-38,https://ikman.lk/en/ad/msi-pro-mp243l-e14-245-inch-144hz-1ms-fhd-ips-productivity-monitor-for-sale-colombo-38,Computer Store.lk Pvt Ltd,True,14 days
6a83e9fb77c9bee53d1d670d,"MSI PRO MP225 E12VL 21.5"" Inch 120Hz 1ms FHD Slim Frameless Monitor",MSI,21.5 Inch,120Hz,1080p FHD,Standard,False,False,True,"Rs 26,500",26500,Brand New,Colombo,msi-pro-mp225-e12vl-215-inch-120hz-1ms-fhd-slim-frameless-monitor-for-sale-colombo-38,https://ikman.lk/en/ad/msi-pro-mp225-e12vl-215-inch-120hz-1ms-fhd-slim-frameless-monitor-for-sale-colombo-38,Computer Store.lk Pvt Ltd,True,14 days
6a83e52b30f3d435850e36ce,"HP EliteDisplay E202 USED HD+ IPS MONITOR 20""",HP,20 Inch,60Hz,HD,IPS,False,False,False,"Rs 13,500",13500,Used,Colombo,hp-elitedisplay-e202-used-hd-ips-monitor-20-for-sale-colombo-5,https://ikman.lk/en/ad/hp-elitedisplay-e202-used-hd-ips-monitor-20-for-sale-colombo-5,Myitem.lk (PVT) Ltd,True,14 days
6a83e2ec1675d5a33a0e36d4,"HP EliteDisplay E222 USED FULL HD IPS MONITOR 22""",HP,22 Inch,60Hz,1080p FHD,IPS,False,False,False,"Rs 14,500",14500,Used,Colombo,hp-elitedisplay-e222-used-full-hd-ips-monitor-22-for-sale-colombo-6,https://ikman.lk/en/ad/hp-elitedisplay-e222-used-full-hd-ips-monitor-22-for-sale-colombo-6,Myitem.lk (PVT) Ltd,True,14 days
6a83cbf97d71ca1131ba5966,Dell monitor p2319h,Dell,Unknown,60Hz,Unknown,Standard,False,False,False,"Rs 15,000",15000,Used,Kalutara,dell-monitor-p2319h-for-sale-kalutara,https://ikman.lk/en/ad/dell-monitor-p2319h-for-sale-kalutara,,False,14 days
6a83c7cf3cee26a67d4a2b9e,Monitor,Other,Unknown,60Hz,Unknown,Standard,False,False,False,"Rs 5,000",5000,Used,Colombo,monitor-for-sale-colombo-830,https://ikman.lk/en/ad/monitor-for-sale-colombo-830,,False,14 days
6a83804e9e6eb77038abdad7,"24 "" Dell Led Monitor",Dell,24 Inch,60Hz,1080p FHD,Standard,False,False,False,"Rs 11,980",11980,Used,Colombo,24-dell-led-monitor-new-condition-for-sale-colombo,https://ikman.lk/en/ad/24-dell-led-monitor-new-condition-for-sale-colombo,,False,14 days
6a83743f6fa24a9343abdac7,Dell 27’’ Monitor,Dell,27 Inch,60Hz,1080p FHD,Standard,False,False,False,"Rs 18,000",18000,Used,Puttalam,dell-27-monitor-for-sale-puttalam,https://ikman.lk/en/ad/dell-27-monitor-for-sale-puttalam,,False,14 days
6a8366ea5ab586918fa0f661,View Sonic 24 Inch Led Monitor,Other,24 Inch,60Hz,1080p FHD,Standard,False,False,False,"Rs 11,000",11000,Used,Gampaha,viewsonic-24-inch-led-monitor-for-sale-gampaha-1,https://ikman.lk/en/ad/viewsonic-24-inch-led-monitor-for-sale-gampaha-1,,False,14 days
6a833df416d0380f5662479c,TG 19 Inches Monitor,Other,19 Inch,60Hz,Unknown,Standard,False,False,False,"Rs 5,500",5500,Used,Matara,tg-19-inches-for-sale-matara,https://ikman.lk/en/ad/tg-19-inches-for-sale-matara,,False,14 days
6981ae4e03822c623d80f87f,Monitor LCD LED IPS Frameless,Other,Unknown,60Hz,Unknown,IPS,False,False,True,"Rs 6,500",6500,Used,Gampaha,monitor-lcd-led-ips-frameless-for-sale-gampaha-1,https://ikman.lk/en/ad/monitor-lcd-led-ips-frameless-for-sale-gampaha-1,Comzonex,True,15 days
697c39b48dd4bd7c6535d6b7,"Dell 20"" Wide Led Monitor – Used",Dell,20 Inch,60Hz,Unknown,Standard,False,False,False,"Rs 8,500",8500,Used,Gampaha,dell-20-wide-led-monitor-used-for-sale-gampaha-1,https://ikman.lk/en/ad/dell-20-wide-led-monitor-used-for-sale-gampaha-1,Comzonex,True,15 days
697c387738dfafc4a0ca2db0,"Dell 22"" Wide Fhd Ips Frameless Monitor – USED",Dell,22 Inch,60Hz,1080p FHD,IPS,False,False,True,"Rs 18,500",18500,Used,Gampaha,dell-22-wide-fhd-ips-frameless-monitor-used-for-sale-gampaha-1,https://ikman.lk/en/ad/dell-22-wide-fhd-ips-frameless-monitor-used-for-sale-gampaha-1,Comzonex,True,15 days
697c3a2cab5df013b9f9eee1,"Dell 19"" Wide Led Monitor – Used",Dell,19 Inch,60Hz,Unknown,Standard,False,False,False,"Rs 8,500",8500,Used,Gampaha,dell-19-wide-led-monitor-used-for-sale-gampaha-1,https://ikman.lk/en/ad/dell-19-wide-led-monitor-used-for-sale-gampaha-1,Comzonex,True,15 days
697c3b8283e2a7f1ddf1f8ce,"19"" Square Lcd Monitor – Used",Other,19 Inch,60Hz,Unknown,Standard,False,False,False,"Rs 7,500",7500,Used,Gampaha,19-square-lcd-monitor-used-for-sale-gampaha-1,https://ikman.lk/en/ad/19-square-lcd-monitor-used-for-sale-gampaha-1,Comzonex,True,15 days
6a82f8ca8f916320168c1594,"27"" LED / HDMI Monitor",Other,27 Inch,60Hz,HD,Standard,False,False,False,"Rs 26,500",26500,Used,Colombo,27-led-hdmi-monitor-for-sale-colombo,https://ikman.lk/en/ad/27-led-hdmi-monitor-for-sale-colombo,JNC LANKA TECH HOLDING (PVT) LTD,True,15 days
6a82f10c6253b7ccc9172b3f,"ViewSonic VA2432A-H 24"" Inch Full HD IPS 120HZ Frameless Monitor New",Viewsonic,24 Inch,120Hz,1080p FHD,IPS,False,False,True,"Rs 35,500",35500,Brand New,Colombo,viewsonic-va2432a-h-24-inch-full-hd-ips-120hz-frameless-monitor-new-for-sale-colombo-105,https://ikman.lk/en/ad/viewsonic-va2432a-h-24-inch-full-hd-ips-120hz-frameless-monitor-new-for-sale-colombo-105,Myitem.lk (PVT) Ltd,True,15 days
6a82ed46fad347a2c6d7abdd,Brand New Acer Vero Series CB272 P6BMIPRX 144HZ Full HD Monitor,Acer,Unknown,144Hz,1080p FHD,Standard,False,False,False,"Rs 44,990",44990,Brand New,Colombo,brand-new-acer-vero-series-cb272-p6bmiprx-144hz-full-hd-monitor-for-sale-colombo-77,https://ikman.lk/en/ad/brand-new-acer-vero-series-cb272-p6bmiprx-144hz-full-hd-monitor-for-sale-colombo-77,Myitem.lk (PVT) Ltd,True,15 days
6a82ebebc48a0b8b39932165,"Dell UltraSharp U2417H IPS Full HD Frameless USED Monitor 24""",Dell,24 Inch,60Hz,1080p FHD,IPS,False,False,True,"Rs 22,000",22000,Used,Colombo,dell-ultrasharp-u2417h-ips-full-hd-frameless-used-monitor-24-for-sale-colombo-4,https://ikman.lk/en/ad/dell-ultrasharp-u2417h-ips-full-hd-frameless-used-monitor-24-for-sale-colombo-4,Computer Store.lk Pvt Ltd,True,15 days
6a82eb334648321a8e1311bd,"MONITOR 23"" IPS FRAMELESS (1980 x 1080P) HDMI|FULL HD",Other,23 Inch,60Hz,1080p FHD,IPS,False,False,True,"Rs 19,450",19450,Used,Colombo,monitor-23-ips-frameless-1980-x-1080p-hdmifull-hd-for-sale-colombo,https://ikman.lk/en/ad/monitor-23-ips-frameless-1980-x-1080p-hdmifull-hd-for-sale-colombo,ShaTech Zone,True,15 days
6a82eb441115254df0b9d315,"HP EliteDisplay E240c Full HD IPS USED MONITOR 24""",HP,24 Inch,60Hz,1080p FHD,IPS,False,False,False,"Rs 17,500",17500,Used,Colombo,hp-elitedisplay-e240c-full-hd-ips-used-monitor-24-for-sale-colombo-4,https://ikman.lk/en/ad/hp-elitedisplay-e240c-full-hd-ips-used-monitor-24-for-sale-colombo-4,Computer Store.lk Pvt Ltd,True,15 days
6a82eac417c7a7139c5aea74,"HP EliteDisplay E222 USED FULL HD IPS MONITOR 22""",HP,22 Inch,60Hz,1080p FHD,IPS,False,False,False,"Rs 14,500",14500,Used,Colombo,hp-elitedisplay-e222-used-full-hd-ips-monitor-22-for-sale-colombo-5,https://ikman.lk/en/ad/hp-elitedisplay-e222-used-full-hd-ips-monitor-22-for-sale-colombo-5,Computer Store.lk Pvt Ltd,True,15 days
6a82eab46e8714c820547696,"27"" MONITOR ULTRA SLIM IPS (1980 x 1080P) FHD|HDMI|FRAMELESS",Other,27 Inch,60Hz,1080p FHD,IPS,False,False,True,"Rs 33,850",33850,Used,Gampaha,27-monitor-ultra-slim-ips-1980-x-1080p-fhdhdmiframeless-for-sale-gampaha,https://ikman.lk/en/ad/27-monitor-ultra-slim-ips-1980-x-1080p-fhdhdmiframeless-for-sale-gampaha,ShaTech Zone,True,15 days
6a82eaa300a4e2921a93215b,"Acer 27"" Full HD Nitro Gaming Monitor - KG273 W3 240Hz Brand New",Acer,27 Inch,240Hz,1080p FHD,Standard,False,True,False,"Rs 49,500",49500,Brand New,Colombo,acer-27-full-hd-nitro-gaming-monitor-kg273-w3-240hz-brand-new-for-sale-colombo-71,https://ikman.lk/en/ad/acer-27-full-hd-nitro-gaming-monitor-kg273-w3-240hz-brand-new-for-sale-colombo-71,Myitem.lk (PVT) Ltd,True,15 days
6a82ea63947b1ac8082588d1,"HP EliteDisplay E202 USED HD+ IPS MONITOR 20""",HP,20 Inch,60Hz,HD,IPS,False,False,False,"Rs 13,500",13500,Used,Colombo,hp-elitedisplay-e202-used-hd-ips-monitor-20-for-sale-colombo-4,https://ikman.lk/en/ad/hp-elitedisplay-e202-used-hd-ips-monitor-20-for-sale-colombo-4,Computer Store.lk Pvt Ltd,True,15 days
6a82e1d20963bc403625886e,"Dell UltraSharp U2417H IPS Full HD Frameless USED Monitor 24""",Dell,24 Inch,60Hz,1080p FHD,IPS,False,False,True,"Rs 22,000",22000,Used,Colombo,dell-ultrasharp-u2417h-ips-full-hd-frameless-used-monitor-24-for-sale-colombo-3,https://ikman.lk/en/ad/dell-ultrasharp-u2417h-ips-full-hd-frameless-used-monitor-24-for-sale-colombo-3,Myitem.lk (PVT) Ltd,True,15 days
6a82e2b06253b7ccc9172abf,"Asus VY279HGR 27"" Inch Full HD IPS Level 120Hz Adaptive Sync Monitor",Asus,27 Inch,120Hz,1080p FHD,IPS,False,False,False,"Rs 46,000",46000,Brand New,Colombo,asus-vy279hgr-27-inch-full-hd-ips-level-120hz-adaptive-sync-monitor-for-sale-colombo-82,https://ikman.lk/en/ad/asus-vy279hgr-27-inch-full-hd-ips-level-120hz-adaptive-sync-monitor-for-sale-colombo-82,Myitem.lk (PVT) Ltd,True,15 days
6a82d97ad8e2a010a91bdbc5,"FALCON HS185 WIDE LED HD MONITOR BRAND NEW 18.5""",Other,18.5 Inch,60Hz,HD,Standard,False,False,False,"Rs 19,500",19500,Brand New,Colombo,falcon-hs185-wide-led-hd-monitor-brand-new-185-for-sale-colombo-1,https://ikman.lk/en/ad/falcon-hs185-wide-led-hd-monitor-brand-new-185-for-sale-colombo-1,Myitem.lk (PVT) Ltd,True,15 days
6a82d659c4b63ff0f41bdbaf,"Falcon HS17 Square LED Monitor Brand New 17""",Other,17 Inch,60Hz,Unknown,Standard,False,False,False,"Rs 11,500",11500,Brand New,Colombo,falcon-hs17-square-led-monitor-brand-new-17-for-sale-colombo-1,https://ikman.lk/en/ad/falcon-hs17-square-led-monitor-brand-new-17-for-sale-colombo-1,Myitem.lk (PVT) Ltd,True,15 days
6a82cc71f051e30014983ddb,"FALCON HS185 WIDE LED HD MONITOR BRAND NEW 18.5""",Other,18.5 Inch,60Hz,HD,Standard,False,False,False,"Rs 19,500",19500,Brand New,Colombo,falcon-hs185-wide-led-hd-monitor-brand-new-185-for-sale-colombo,https://ikman.lk/en/ad/falcon-hs185-wide-led-hd-monitor-brand-new-185-for-sale-colombo,Computer Store.lk Pvt Ltd,True,15 days
6a82ca3827458ba7281272c0,24 INCH DELL ULTRASHAP U2422HE FULL HD IPS FRAMELESS 75Hz USED MONITOR,Dell,24 Inch,75Hz,1080p FHD,IPS,False,False,True,"Rs 26,500",26500,Used,Colombo,24-inch-dell-ultrashap-u2422he-full-hd-ips-frameless-75hz-used-monitor-for-sale-colombo-1,https://ikman.lk/en/ad/24-inch-dell-ultrashap-u2422he-full-hd-ips-frameless-75hz-used-monitor-for-sale-colombo-1,Mdcomputers.lk(Pvt) Ltd,True,15 days
6a82c7d042383cba601272b5,24 INCH DELL ULTRASHARP U2419H FULL HD IPS FRAMELESS USED MONITOR,Dell,24 Inch,60Hz,1080p FHD,IPS,False,False,True,"Rs 22,500",22500,Used,Colombo,24-inch-dell-ultrasharp-u2419h-full-hd-ips-frameless-used-monitor-for-sale-colombo-3,https://ikman.lk/en/ad/24-inch-dell-ultrasharp-u2419h-full-hd-ips-frameless-used-monitor-for-sale-colombo-3,Mdcomputers.lk(Pvt) Ltd,True,15 days
6a82c70842383cba601272aa,"Falcon HS17 Square LED Monitor Brand New 17""",Other,17 Inch,60Hz,Unknown,Standard,False,False,False,"Rs 11,500",11500,Brand New,Colombo,falcon-hs17-square-led-monitor-brand-new-17-for-sale-colombo,https://ikman.lk/en/ad/falcon-hs17-square-led-monitor-brand-new-17-for-sale-colombo,Computer Store.lk Pvt Ltd,True,15 days
6a82c68f36eea6a394a8649c,27 INCH ATEC FULL HD LED USED MONITOR ( without cables ),Other,27 Inch,60Hz,1080p FHD,Standard,False,False,False,"Rs 21,500",21500,Used,Colombo,27-inch-atec-full-hd-led-used-monitor-without-cables-for-sale-colombo,https://ikman.lk/en/ad/27-inch-atec-full-hd-led-used-monitor-without-cables-for-sale-colombo,Mdcomputers.lk(Pvt) Ltd,True,15 days
6a82c5aef051e30014983db2,23 INCH DELL P2314HT FULL HD IPS WIDE SCREEN USED MONITOR,Dell,23 Inch,60Hz,1080p FHD,IPS,False,False,False,"Rs 12,900",12900,Used,Colombo,23-inch-dell-p2314ht-full-hd-ips-wide-screen-used-monitor-for-sale-colombo,https://ikman.lk/en/ad/23-inch-dell-p2314ht-full-hd-ips-wide-screen-used-monitor-for-sale-colombo,Mdcomputers.lk(Pvt) Ltd,True,15 days
6a7ec6c97048a66f8077fc74,Dell P2417H 24 inch Monitor,Dell,24 Inch,60Hz,1080p FHD,Standard,False,False,False,"Rs 21,500",21500,Used,Colombo,dell-p2417h-24-inch-monitor-for-sale-colombo,https://ikman.lk/en/ad/dell-p2417h-24-inch-monitor-for-sale-colombo,Thinex Pvt Ltd,True,15 days
6a82bd90402b9a6122339d16,"Acer EK271 27"" Inch 144Hz IPS HDMI Frameless Gaming Monitor",Acer,27 Inch,144Hz,HD,IPS,False,True,True,"Rs 36,000",36000,Brand New,Colombo,acer-ek271-27-inch-144hz-ips-hdmi-frameless-gaming-monitor-for-sale-colombo-97,https://ikman.lk/en/ad/acer-ek271-27-inch-144hz-ips-hdmi-frameless-gaming-monitor-for-sale-colombo-97,Computer Store.lk Pvt Ltd,True,15 days
6a82bd324c71bb05472c2f67,"Acer EK251 P6BI 25"" Inch 144Hz IPS HDMI Frameless Gaming & Monitor",Acer,25 Inch,144Hz,HD,IPS,False,True,True,"Rs 31,500",31500,Brand New,Colombo,acer-ek251-p6bi-25-inch-144hz-ips-hdmi-frameless-gaming-and-monitor-for-sale-colombo-2,https://ikman.lk/en/ad/acer-ek251-p6bi-25-inch-144hz-ips-hdmi-frameless-gaming-and-monitor-for-sale-colombo-2,Computer Store.lk Pvt Ltd,True,15 days
6a82b0463c306b384675e1e4,"MSI Pro MP243L E14 24.5"" Inch 144Hz 1ms FHD IPS Productivity Monitor",MSI,24.5 Inch,144Hz,1080p FHD,IPS,False,False,False,"Rs 33,500",33500,Brand New,Colombo,msi-pro-mp243l-e14-245-inch-144hz-1ms-fhd-ips-productivity-monitor-for-sale-colombo-37,https://ikman.lk/en/ad/msi-pro-mp243l-e14-245-inch-144hz-1ms-fhd-ips-productivity-monitor-for-sale-colombo-37,Computer Store.lk Pvt Ltd,True,15 days
6a82b23742d43db8152c2edd,Brandnew Acer 27- Inch Monitors (144Hz),Acer,27 Inch,144Hz,1080p FHD,Standard,False,False,False,"Rs 37,500",37500,Brand New,Colombo,brandnew-acer-27-inch-monitors-144hz-for-sale-colombo-10,https://ikman.lk/en/ad/brandnew-acer-27-inch-monitors-144hz-for-sale-colombo-10, Laptop Market,True,15 days
6a82b07b0e9d3918377b9d06,Samsung 22 Inch LED Wide Monitors Used,Samsung,22 Inch,60Hz,1080p FHD,Standard,False,False,False,"Rs 12,500",12500,Used,Gampaha,samsung-22-inch-led-wide-monitors-used-for-sale-gampaha,https://ikman.lk/en/ad/samsung-22-inch-led-wide-monitors-used-for-sale-gampaha,U TECZONE,True,15 days
6a82b0b2ff901fe7977b9cf2,Samsung 19 Inch Square LED Monitors Used VGA DVI,Samsung,19 Inch,60Hz,Unknown,Standard,False,False,False,"Rs 8,900",8900,Used,Gampaha,samsung-19-inch-square-led-monitors-used-vga-dvi-for-sale-gampaha,https://ikman.lk/en/ad/samsung-19-inch-square-led-monitors-used-vga-dvi-for-sale-gampaha,U TECZONE,True,15 days
6a82b08c175c7c701ea86394,MSI Pro MP273 E14A 27 Inch 144Hz 1ms FHD IPS Productivity Monitor,MSI,27 Inch,144Hz,1080p FHD,IPS,False,False,False,"Rs 49,990",49990,Brand New,Colombo,msi-pro-mp273-e14a-27-inch-144hz-1ms-fhd-ips-productivity-monitor-for-sale-colombo-46,https://ikman.lk/en/ad/msi-pro-mp273-e14a-27-inch-144hz-1ms-fhd-ips-productivity-monitor-for-sale-colombo-46,Computer Store.lk Pvt Ltd,True,15 days
6a82affe81da25959958b142,"MSI PRO MP225 E12VL 21.5"" Inch 120Hz 1ms FHD Slim Frameless Monitor",MSI,21.5 Inch,120Hz,1080p FHD,Standard,False,False,True,"Rs 26,500",26500,Brand New,Colombo,msi-pro-mp225-e12vl-215-inch-120hz-1ms-fhd-slim-frameless-monitor-for-sale-colombo-37,https://ikman.lk/en/ad/msi-pro-mp225-e12vl-215-inch-120hz-1ms-fhd-slim-frameless-monitor-for-sale-colombo-37,Computer Store.lk Pvt Ltd,True,15 days
6a322906cd3a3dfa7e6f51a5,Philips 27 Inch LED Wide Monitor Used,Philips,27 Inch,60Hz,1080p FHD,IPS,False,False,False,"Rs 18,500",18500,Used,Gampaha,philips-27-inch-led-wide-monitor-used-for-sale-gampaha,https://ikman.lk/en/ad/philips-27-inch-led-wide-monitor-used-for-sale-gampaha,U TECZONE,True,15 days
6a82abc9d3c19c610a3962ef,Brand New Acer Vero Series CB272 P6BMIPRX 144HZ Full HD Monitor,Acer,Unknown,144Hz,1080p FHD,Standard,False,False,False,"Rs 44,990",44990,Brand New,Colombo,brand-new-acer-vero-series-cb272-p6bmiprx-144hz-full-hd-monitor-for-sale-colombo-76,https://ikman.lk/en/ad/brand-new-acer-vero-series-cb272-p6bmiprx-144hz-full-hd-monitor-for-sale-colombo-76,Myitem.lk (PVT) Ltd,True,15 days
6a82ab30bf7464b97575e1b6,"24"" WIDE|LED Monitor with Speaker Soundbar",Other,24 Inch,60Hz,1080p FHD,Standard,False,False,False,"Rs 13,950",13950,Used,Gampaha,24-wideled-monitor-with-speaker-soundbar-for-sale-gampaha,https://ikman.lk/en/ad/24-wideled-monitor-with-speaker-soundbar-for-sale-gampaha,ShaTech Zone,True,15 days
6a82aaeb42d43db8152c2e70,MSI Pro MP245PG E14 23.8″ INCH 144HZ 1MS FHD FRAMELESS MONITOR NEW,MSI,23 Inch,144Hz,1080p FHD,Standard,False,False,True,"Rs 47,500",47500,Brand New,Colombo,msi-pro-mp245pg-e14-238-inch-144hz-1ms-fhd-frameless-monitor-new-for-sale-colombo-25,https://ikman.lk/en/ad/msi-pro-mp245pg-e14-238-inch-144hz-1ms-fhd-frameless-monitor-new-for-sale-colombo-25,Myitem.lk (PVT) Ltd,True,15 days
6878bd1fb75e6c001b1b6cec,HP/DELL 23 Inch LED Monitor Used 60HZ,Dell,23 Inch,60Hz,Unknown,Standard,False,False,False,"Rs 14,800",14800,Used,Gampaha,hp-dell-23-inch-led-monitor-used-60hz-for-sale-gampaha,https://ikman.lk/en/ad/hp-dell-23-inch-led-monitor-used-60hz-for-sale-gampaha,U TECZONE,True,15 days
6874daa184c27a001b253117,20 Inch Led Wide Monitors Used,Other,20 Inch,60Hz,Unknown,Standard,False,False,False,"Rs 10,500",10500,Used,Gampaha,20-inch-led-wide-monitors-used-for-sale-gampaha,https://ikman.lk/en/ad/20-inch-led-wide-monitors-used-for-sale-gampaha,U TECZONE,True,15 days
6a82a0b75771b81ea98dafd4,24inch Frameless Ips Monitor,Other,24 Inch,60Hz,1080p FHD,IPS,False,False,True,"Rs 15,000",15000,Used,Colombo,24inch-framless-ips-monitor-for-sale-colombo,https://ikman.lk/en/ad/24inch-framless-ips-monitor-for-sale-colombo,,False,15 days
6a8299488f28679bc7434978,"Dell UltraSharp U2417H IPS Ful HD Frameless Monitor 24""",Dell,24 Inch,60Hz,HD,IPS,False,False,True,"Rs 22,000",22000,Used,Colombo,dell-ultrasharp-u2417h-ips-ful-hd-frameless-monitor-24-for-sale-colombo-1,https://ikman.lk/en/ad/dell-ultrasharp-u2417h-ips-ful-hd-frameless-monitor-24-for-sale-colombo-1,Max Core PC,True,15 days
6a829909a4c8ef37098daf50,"Samsung F24T450FQE 24"" Inch Full HD IPS Frameless HDMI Used Monitor",Samsung,24 Inch,60Hz,1080p FHD,IPS,False,False,True,"Rs 20,990",20990,Used,Colombo,samsung-f24t450fqe-24-inch-full-hd-ips-frameless-hdmi-used-monitor-for-sale-colombo-66,https://ikman.lk/en/ad/samsung-f24t450fqe-24-inch-full-hd-ips-frameless-hdmi-used-monitor-for-sale-colombo-66,Max Core PC,True,15 days
6a829812e4b552f0be8daf8d,"Emark 24"" EW2427SH 144Hz IPS Full HD Frameless Gaming Monitor",Other,24 Inch,144Hz,1080p FHD,IPS,False,True,True,"Rs 29,990",29990,Brand New,Colombo,emark-24-ew2427sh-144hz-ips-full-hd-frameless-gaming-monitor-for-sale-colombo-53,https://ikman.lk/en/ad/emark-24-ew2427sh-144hz-ips-full-hd-frameless-gaming-monitor-for-sale-colombo-53,Myitem.lk (PVT) Ltd,True,15 days
6a8297f269e30b0b747f6db1,"HP EliteDisplay E240c Full HD IPS USED MONITOR 24""",HP,24 Inch,60Hz,1080p FHD,IPS,False,False,False,"Rs 17,500",17500,Used,Colombo,hp-elitedisplay-e240c-full-hd-ips-used-monitor-24-for-sale-colombo-3,https://ikman.lk/en/ad/hp-elitedisplay-e240c-full-hd-ips-used-monitor-24-for-sale-colombo-3,Max Core PC,True,15 days
6a829785d9968f6c10c1c6c6,KOORUI G2711P FHD IPS 27INCH 200HZ BRAND NEW GAMING MONITOR,Other,27 Inch,200Hz,1080p FHD,IPS,False,True,False,"Rs 51,500",51500,Brand New,Colombo,koorui-g2711p-fhd-ips-27inch-200hz-brand-new-gaming-monitor-for-sale-colombo-38,https://ikman.lk/en/ad/koorui-g2711p-fhd-ips-27inch-200hz-brand-new-gaming-monitor-for-sale-colombo-38,Myitem.lk (PVT) Ltd,True,15 days
6a8296b98b5c70bcb57f6d59,"HP EliteDisplay E202 USED HD+ IPS MONITOR 20""",HP,20 Inch,60Hz,HD,IPS,False,False,False,"Rs 13,500",13500,Used,Colombo,hp-elitedisplay-e202-used-hd-ips-monitor-20-for-sale-colombo-3,https://ikman.lk/en/ad/hp-elitedisplay-e202-used-hd-ips-monitor-20-for-sale-colombo-3,Max Core PC,True,15 days
6a8296952e962a9037dd8f72,"KOORUI 27"" E2721H QHD IPS 120HZ 2K BRAND NEW GAMING MONITOR",Other,27 Inch,120Hz,2K QHD,IPS,False,True,False,"Rs 52,500",52500,Brand New,Colombo,koorui-27-e2721h-qhd-ips-120hz-2k-brand-new-gaming-monitor-for-sale-colombo-9,https://ikman.lk/en/ad/koorui-27-e2721h-qhd-ips-120hz-2k-brand-new-gaming-monitor-for-sale-colombo-9,Myitem.lk (PVT) Ltd,True,15 days
6a8296483c306b384675e076,"HP EliteDisplay E222 USED IPS MONITOR FULL HD 22""",HP,22 Inch,60Hz,1080p FHD,IPS,False,False,False,"Rs 14,500",14500,Used,Colombo,hp-elitedisplay-e222-used-ips-monitor-full-hd-22-for-sale-colombo-1,https://ikman.lk/en/ad/hp-elitedisplay-e222-used-ips-monitor-full-hd-22-for-sale-colombo-1,Max Core PC,True,15 days
6a829453dcdce3429cdd8f4d,Koorui E2411K 24 INCH 144HZ IPS FHD Brand New Monitor,Other,24 Inch,144Hz,1080p FHD,IPS,False,False,False,"Rs 33,000",33000,Brand New,Colombo,koorui-e2411k-24-inch-144hz-ips-fhd-brand-new-monitor-for-sale-colombo-9,https://ikman.lk/en/ad/koorui-e2411k-24-inch-144hz-ips-fhd-brand-new-monitor-for-sale-colombo-9,Myitem.lk (PVT) Ltd,True,15 days
6a8292bf7761885012c1c62d,"Koorui 22"" E2212H 100HZ 21.5 Inches FHD Brand New Monitor",Other,22 Inch,100Hz,1080p FHD,Standard,False,False,False,"Rs 25,500",25500,Brand New,Colombo,koorui-22-e2212h-100hz-215-inches-fhd-brand-new-monitor-for-sale-colombo-18,https://ikman.lk/en/ad/koorui-22-e2212h-100hz-215-inches-fhd-brand-new-monitor-for-sale-colombo-18,Myitem.lk (PVT) Ltd,True,15 days
6a5daf2c79b88d44d13dc27c,"MSI Pro MP243L E14 24.5"" Inch 144Hz 1ms FHD IPS Monitor",MSI,24.5 Inch,144Hz,1080p FHD,IPS,False,False,False,"Rs 33,500",33500,Brand New,Colombo,msi-pro-mp243l-e14-245-inch-144hz-1ms-fhd-ips-monitor-for-sale-colombo-1,https://ikman.lk/en/ad/msi-pro-mp243l-e14-245-inch-144hz-1ms-fhd-ips-monitor-for-sale-colombo-1,Max Core PC,True,bump_up
6a828e1f362895c2c94348bb,"Samsung 24"" Inch Full HD IPS Frameless HDMI Gaming Used Monitor",Samsung,24 Inch,60Hz,1080p FHD,IPS,False,True,True,"Rs 22,000",22000,Used,Colombo,samsung-24-inch-full-hd-ips-frameless-hdmi-gaming-used-monitor-for-sale-colombo-55,https://ikman.lk/en/ad/samsung-24-inch-full-hd-ips-frameless-hdmi-gaming-used-monitor-for-sale-colombo-55,Myitem.lk (PVT) Ltd,True,15 days
6a828d546210d3e1e75d1441,Asus TUF Gaming VG279QE5A 27″ FHD IPS 146HZ Monitor,Asus,27 Inch,146Hz,1080p FHD,IPS,False,True,False,"Rs 46,500",46500,Brand New,Colombo,asus-tuf-gaming-vg279qe5a-27-fhd-ips-146hz-monitor-for-sale-colombo-67,https://ikman.lk/en/ad/asus-tuf-gaming-vg279qe5a-27-fhd-ips-146hz-monitor-for-sale-colombo-67,Myitem.lk (PVT) Ltd,True,15 days
6a828bee3c306b384675dfcb,AOC 18” Monitor,AOC,Unknown,60Hz,Unknown,Standard,False,False,False,"Rs 6,000",6000,Used,Colombo,aoc-18-monitor-for-sale-colombo,https://ikman.lk/en/ad/aoc-18-monitor-for-sale-colombo,,False,15 days
69baac23058db2383cd59b42,Asus Tuf Gaming 34” VG34 VQL3 A 1440 P 1500 R 180 Hz Curved Monitor,Asus,34 Inch,180Hz,Unknown,Standard,True,True,False,"Rs 159,500",159500,Brand New,Colombo,asus-tuf-gaming-34-vg34-vql3-a-1440-p-1500-r-180-hz-curved-monitor-for-sale-colombo-3,https://ikman.lk/en/ad/asus-tuf-gaming-34-vg34-vql3-a-1440-p-1500-r-180-hz-curved-monitor-for-sale-colombo-3,COMPUTER HUB,True,15 days
69749049fabf56e7e085b0fd,Asus TUF Gaming 34” VG34 VQL3 A 1440 P 1500 R 180 HZ Curved Monitor,Asus,34 Inch,180Hz,Unknown,Standard,True,True,False,"Rs 159,500",159500,Brand New,Colombo,asus-tuf-gaming-34-vg34-vql3-a-1440-p-1500-r-180-hz-curved-monitor-for-sale-colombo-6,https://ikman.lk/en/ad/asus-tuf-gaming-34-vg34-vql3-a-1440-p-1500-r-180-hz-curved-monitor-for-sale-colombo-6,COMPUTER HUB,True,15 days
6a80243775a56e6ad59ae9e9,BenQ ZOWIE XL2546 240HZ DYAC 24.5 inch E-Sports Monitor,Benq,24.5 Inch,240Hz,Unknown,Standard,False,False,False,"Rs 90,000",90000,Used,Colombo,benq-zowie-xl2546-240hz-dyac-245-inch-e-sports-monitor-for-sale-colombo,https://ikman.lk/en/ad/benq-zowie-xl2546-240hz-dyac-245-inch-e-sports-monitor-for-sale-colombo,,False,15 days
6a81fd1298443a0aa0182777,Dell P2312 Ht Size 23 Inch,Dell,23 Inch,60Hz,Unknown,Standard,False,False,False,"Rs 15,500",15500,Used,Nuwara Eliya,dell-p2312ht-size-23-inch-for-sale-nuwara-eliya-1,https://ikman.lk/en/ad/dell-p2312ht-size-23-inch-for-sale-nuwara-eliya-1,,False,15 days
6a81fc3f1f3ba2d4f27d8811,Monitor Dell P2312Ht size 23 inch,Dell,23 Inch,60Hz,Unknown,Standard,False,False,False,"Rs 15,500",15500,Used,Nuwara Eliya,dell-p2312ht-size-23-inch-for-sale-nuwara-eliya,https://ikman.lk/en/ad/dell-p2312ht-size-23-inch-for-sale-nuwara-eliya,,False,15 days
6a81f6614630d16b2d4344ef,Msi Optix G24 Curved Monitor,MSI,Unknown,60Hz,Unknown,Standard,True,False,False,"Rs 18,500",18500,Used,Kurunegala,msi-optix-g24-curved-monitor-for-sale-kurunegala,https://ikman.lk/en/ad/msi-optix-g24-curved-monitor-for-sale-kurunegala,,False,15 days
6a81f7d8e0828e1e307e59cf,Used MSI pro MP2412 Monitor,MSI,Unknown,60Hz,Unknown,Standard,False,False,False,"Rs 19,500",19500,Used,Colombo,used-msi-pro-mp2412-monitor-for-sale-colombo,https://ikman.lk/en/ad/used-msi-pro-mp2412-monitor-for-sale-colombo,,False,15 days
6a81c092264c21f0528d2839,23 INCH IPS LED Frameless Monitor VGA/DVI,Other,23 Inch,60Hz,Unknown,IPS,False,False,True,"Rs 10,000",10000,Used,Colombo,23-inch-ips-led-frameless-monitor-vga-dvi-for-sale-colombo,https://ikman.lk/en/ad/23-inch-ips-led-frameless-monitor-vga-dvi-for-sale-colombo,,False,16 days
6a81baae2ee638767c2a9363,Moniters,Other,Unknown,60Hz,Unknown,Standard,False,False,False,"Rs 10,000",10000,Used,Colombo,moniter-for-sale-colombo-95,https://ikman.lk/en/ad/moniter-for-sale-colombo-95,,False,16 days
6a81c0be7d05c8630a1b9541,"24"" Monitor with Speaker Soundbar (WIDE|LED)",Other,24 Inch,60Hz,1080p FHD,Standard,False,False,False,"Rs 13,950",13950,Used,Gampaha,24-monitor-with-speaker-soundbar-wideled-for-sale-gampaha,https://ikman.lk/en/ad/24-monitor-with-speaker-soundbar-wideled-for-sale-gampaha,ShaTech Zone,True,16 days
6a81b034d4da78e6c8ea22bf,"LG 27MR400-B 27"" IPS 100Hz Full HD Monitor",LG,27 Inch,100Hz,1080p FHD,IPS,False,False,False,"Rs 45,000",45000,Used,Kalutara,lg-27mr400-b-27-ips-100hz-full-hd-monitor-with-box-for-sale-kalutara,https://ikman.lk/en/ad/lg-27mr400-b-27-ips-100hz-full-hd-monitor-with-box-for-sale-kalutara,,False,16 days
6a81b47a2ee638767c2a9321,LENOVO 24″ IPS FHD FRAMELESS MONITOR,Lenovo,24 Inch,60Hz,1080p FHD,IPS,False,False,True,"Rs 20,900",20900,Used,Puttalam,lenovo-24-ips-fhd-frameless-monitor-for-sale-puttalam-2,https://ikman.lk/en/ad/lenovo-24-ips-fhd-frameless-monitor-for-sale-puttalam-2,SMART ZONE,True,16 days
6a818ec3128d44a3031b9428,"27"" MONITOR FRAMELESS IPS (1980 x 1080P) FHD|HDMI",Other,27 Inch,60Hz,1080p FHD,IPS,False,False,True,"Rs 33,850",33850,Used,Gampaha,27-monitor-frameless-ips-1980-x-1080p-fhdhdmi-for-sale-gampaha,https://ikman.lk/en/ad/27-monitor-frameless-ips-1980-x-1080p-fhdhdmi-for-sale-gampaha,ShaTech Zone,True,16 days
698fd569ef3b5fd6760c477a,HP Elite E230T 23″Inch IPS Frameless Touch Screen,HP,23 Inch,60Hz,Unknown,IPS,False,False,True,"Rs 38,500",38500,Used,Colombo,hp-elite-e230t-23inch-ips-frameless-touch-screen-for-sale-colombo-1,https://ikman.lk/en/ad/hp-elite-e230t-23inch-ips-frameless-touch-screen-for-sale-colombo-1,PC TECH COMPUTER,True,16 days
6982e92d1a2dfd6bc37aaf77,Dell P2722H 27 inch’ IPS Full HD Frameless,Dell,27 Inch,60Hz,1080p FHD,IPS,False,False,True,"Rs 34,000",34000,Used,Colombo,dell-p2722h-27-inch-ips-full-hd-frameless-for-sale-colombo-1,https://ikman.lk/en/ad/dell-p2722h-27-inch-ips-full-hd-frameless-for-sale-colombo-1,PC TECH COMPUTER,True,16 days
67a508d8fb5263003434c558,"HP Elide Display E221C 22""inch Full HD Screen Webcam",HP,22 Inch,60Hz,1080p FHD,Standard,False,False,False,"Rs 11,900",11900,Used,Colombo,hp-elide-display-e221c-22inch-full-hd-screen-webcam-for-sale-colombo-1,https://ikman.lk/en/ad/hp-elide-display-e221c-22inch-full-hd-screen-webcam-for-sale-colombo-1,PC TECH COMPUTER,True,16 days
6a95499d274b26cae9b47129,SMART SAFE LOCKER | Digital Security Box Electronic,Other,Unknown,60Hz,Unknown,Standard,False,False,False,"Rs 43,500",43500,Brand New,Colombo,smart-safe-locker-digital-security-box-electronic-for-sale-colombo,https://ikman.lk/en/ad/smart-safe-locker-digital-security-box-electronic-for-sale-colombo,POSMAX,True,bump_up
6a107b9710c0f10d40af9690,Monitor Arm ( 17/30''),Other,30 Inch,60Hz,Unknown,Standard,False,False,False,"Rs 8,500",8500,Brand New,Kandy,monitor-arm-17-30-for-sale-kandy-1,https://ikman.lk/en/ad/monitor-arm-17-30-for-sale-kandy-1,GAMERS ARSENAL,True,16 days
6a817992627d7c255d3504f3,"Monitor 24"" WIDE|LED with Speaker Soundbar",Other,24 Inch,60Hz,1080p FHD,Standard,False,False,False,"Rs 13,950",13950,Used,Gampaha,monitor-24-wideled-with-speaker-soundbar-for-sale-gampaha,https://ikman.lk/en/ad/monitor-24-wideled-with-speaker-soundbar-for-sale-gampaha,ShaTech Zone,True,16 days
6a8178c7ec4cc5dfd729ae95,"24"" IPS MONITOR (1980 x 1080P) FRAMELESS|HDMI|FHD - LENOVO",Lenovo,24 Inch,60Hz,1080p FHD,IPS,False,False,True,"Rs 21,150",21150,Used,Gampaha,24-ips-monitor-1980-x-1080p-framelesshdmifhd-lenovo-for-sale-gampaha-1,https://ikman.lk/en/ad/24-ips-monitor-1980-x-1080p-framelesshdmifhd-lenovo-for-sale-gampaha-1,ShaTech Zone,True,16 days
6a817726e9732a14b235047b,"23"" IPS MONITOR FRAMELESS (1980 x 1080P) HDMI|FHD",Other,23 Inch,60Hz,1080p FHD,IPS,False,False,True,"Rs 19,450",19450,Used,Gampaha,23-ips-monitor-frameless-1980-x-1080p-hdmifhd-for-sale-gampaha-1,https://ikman.lk/en/ad/23-ips-monitor-frameless-1980-x-1080p-hdmifhd-for-sale-gampaha-1,ShaTech Zone,True,16 days
6a817024a9fbc3b9861b93b3,"IPS 24"" LG Monitor",LG,24 Inch,60Hz,1080p FHD,IPS,False,False,False,"Rs 10,000",10000,Used,Anuradhapura,ips-24-lg-monitor-for-sale-anuradhapura-1,https://ikman.lk/en/ad/ips-24-lg-monitor-for-sale-anuradhapura-1,,False,16 days
6a816e8ff9fb3585dd8d24b3,"Samsung F24T450FQE 24"" Inch Full HD IPS Frameless HDMI Used Monitor",Samsung,24 Inch,60Hz,1080p FHD,IPS,False,False,True,"Rs 21,000",21000,Used,Colombo,samsung-f24t450fqe-24-inch-full-hd-ips-frameless-hdmi-used-monitor-for-sale-colombo-65,https://ikman.lk/en/ad/samsung-f24t450fqe-24-inch-full-hd-ips-frameless-hdmi-used-monitor-for-sale-colombo-65,Computer Store.lk Pvt Ltd,True,16 days
6a816e912617f9c8a8db5a5c,"Acer EK251 P6BI 25"" Inch 144Hz IPS HDMI Frameless Gaming & Monitor",Acer,25 Inch,144Hz,HD,IPS,False,True,True,"Rs 31,500",31500,Brand New,Colombo,acer-ek251-p6bi-25-inch-144hz-ips-hdmi-frameless-gaming-and-monitor-for-sale-colombo-1,https://ikman.lk/en/ad/acer-ek251-p6bi-25-inch-144hz-ips-hdmi-frameless-gaming-and-monitor-for-sale-colombo-1,Computer Store.lk Pvt Ltd,True,16 days
6a816d7af9fb3585dd8d24aa,"Dell UltraSharp U2417H IPS Full HD Frameless USED Monitor 24""",Dell,24 Inch,60Hz,1080p FHD,IPS,False,False,True,"Rs 22,000",22000,Used,Colombo,dell-ultrasharp-u2417h-ips-full-hd-frameless-used-monitor-24-for-sale-colombo-2,https://ikman.lk/en/ad/dell-ultrasharp-u2417h-ips-full-hd-frameless-used-monitor-24-for-sale-colombo-2,Computer Store.lk Pvt Ltd,True,16 days
6a816d681e7641a9aedb59f9,"Acer Vero Series CB272 P6bmiprx 27"" Inch144Hz Full HD IPS Monitor NEW",Acer,27 Inch,144Hz,1080p FHD,IPS,False,False,False,"Rs 45,000",45000,Brand New,Colombo,acer-vero-series-cb272-p6bmiprx-27-inch144hz-full-hd-ips-monitor-new-for-sale-colombo-26,https://ikman.lk/en/ad/acer-vero-series-cb272-p6bmiprx-27-inch144hz-full-hd-ips-monitor-new-for-sale-colombo-26,Computer Store.lk Pvt Ltd,True,16 days
6a816ca7b077c590b9db5a0e,"MSI PRO MP243L E14 24.5"" Inch 144Hz 1ms FHD IPS Productivity Monitor",MSI,24.5 Inch,144Hz,1080p FHD,IPS,False,False,False,"Rs 33,500",33500,Brand New,Colombo,msi-pro-mp243l-e14-245-inch-144hz-1ms-fhd-ips-productivity-monitor-for-sale-colombo-36,https://ikman.lk/en/ad/msi-pro-mp243l-e14-245-inch-144hz-1ms-fhd-ips-productivity-monitor-for-sale-colombo-36,Myitem.lk (PVT) Ltd,True,16 days
6a816b2e264c21f0528d24c1,"Asus VY279HGR 27"" Inch Full HD IPS Level 120Hz Adaptive Sync Monitor",Asus,27 Inch,120Hz,1080p FHD,IPS,False,False,False,"Rs 46,000",46000,Brand New,Colombo,asus-vy279hgr-27-inch-full-hd-ips-level-120hz-adaptive-sync-monitor-for-sale-colombo-81,https://ikman.lk/en/ad/asus-vy279hgr-27-inch-full-hd-ips-level-120hz-adaptive-sync-monitor-for-sale-colombo-81,Myitem.lk (PVT) Ltd,True,16 days
6a81534a6313062c5ca804f4,Dell UltraSharp 24.9 inch IPS frameless Type C monitor,Dell,24.9 Inch,60Hz,Unknown,IPS,False,False,True,"Rs 26,500",26500,Brand New,Colombo,dell-ultrasharp-249-inch-ips-frameless-type-c-monitor-for-sale-colombo-4,https://ikman.lk/en/ad/dell-ultrasharp-249-inch-ips-frameless-type-c-monitor-for-sale-colombo-4,,False,16 days
6a8151f42617f9c8a8db5938,"Acer EK271 27"" Inch 144Hz IPS HDMI Frameless Gaming Monitor",Acer,27 Inch,144Hz,HD,IPS,False,True,True,"Rs 37,000",37000,Brand New,Colombo,acer-ek271-27-inch-144hz-ips-hdmi-frameless-gaming-monitor-for-sale-colombo-96,https://ikman.lk/en/ad/acer-ek271-27-inch-144hz-ips-hdmi-frameless-gaming-monitor-for-sale-colombo-96,Myitem.lk (PVT) Ltd,True,16 days
6a815132a9fbc3b9861b923d,ViewSonic - VA1903h 19'' LED Backlit Display,Viewsonic,19 Inch,60Hz,Unknown,Standard,False,False,False,"Rs 20,000",20000,Used,Colombo,viewsonic-va1903h-19-led-backlit-display-for-sale-colombo,https://ikman.lk/en/ad/viewsonic-va1903h-19-led-backlit-display-for-sale-colombo,,False,16 days
6a81511e966899da1ba804d4,Brand New Acer Vero Series CB272 P6BMIPRX 144HZ Full HD Monitor,Acer,Unknown,144Hz,1080p FHD,Standard,False,False,False,"Rs 44,990",44990,Brand New,Colombo,brand-new-acer-vero-series-cb272-p6bmiprx-144hz-full-hd-monitor-for-sale-colombo-75,https://ikman.lk/en/ad/brand-new-acer-vero-series-cb272-p6bmiprx-144hz-full-hd-monitor-for-sale-colombo-75,Myitem.lk (PVT) Ltd,True,16 days
6a814989bef493e71e2bf974,"Emark 24"" EW2427SH 144Hz IPS Full HD Frameless Gaming Monitor",Other,24 Inch,144Hz,1080p FHD,IPS,False,True,True,"Rs 29,990",29990,Brand New,Colombo,emark-24-ew2427sh-144hz-ips-full-hd-frameless-gaming-monitor-for-sale-colombo-52,https://ikman.lk/en/ad/emark-24-ew2427sh-144hz-ips-full-hd-frameless-gaming-monitor-for-sale-colombo-52,Myitem.lk (PVT) Ltd,True,16 days
6a8147b4313020309c154388,"HP EliteDisplay E222 USED FULL HD IPS MONITOR 22""",HP,22 Inch,60Hz,1080p FHD,IPS,False,False,False,"Rs 14,500",14500,Used,Colombo,hp-elitedisplay-e222-used-full-hd-ips-monitor-22-for-sale-colombo-4,https://ikman.lk/en/ad/hp-elitedisplay-e222-used-full-hd-ips-monitor-22-for-sale-colombo-4,Myitem.lk (PVT) Ltd,True,16 days
6a813b2204c255c0afcde2c7,BENQ LED Monitor,Benq,Unknown,60Hz,Unknown,Standard,False,False,False,"Rs 10,000",10000,Used,Colombo,benq-led-monitor-for-sale-colombo,https://ikman.lk/en/ad/benq-led-monitor-for-sale-colombo,,False,16 days
69daf719293079c5655c3bae,Asus VY249 Monitor,Asus,Unknown,60Hz,Unknown,Standard,False,False,False,"Rs 33,500",33500,Brand New,Jaffna,asus-vy249-monitor-for-sale-jaffna,https://ikman.lk/en/ad/asus-vy249-monitor-for-sale-jaffna,GRANDMAALL,True,16 days
6a80b120ce09875edcb0457b,Koorui G2411P 200hz IPS monitor,Other,Unknown,200Hz,Unknown,IPS,False,False,False,"Rs 30,000",30000,Used,Kalutara,koorui-g2411p-200hz-ips-monitor-for-sale-kalutara-1,https://ikman.lk/en/ad/koorui-g2411p-200hz-ips-monitor-for-sale-kalutara-1,,False,16 days
6a808c12bed7472ed3b60a1f,Dell UltraSharp U2718Q 27” IPS 4K UHD Monitor,Dell,27 Inch,60Hz,4K UHD,IPS,False,False,False,"Rs 42,500",42500,Used,Gampaha,dell-ultrasharp-u2718q-27-ips-4k-uhd-monitor-for-sale-gampaha,https://ikman.lk/en/ad/dell-ultrasharp-u2718q-27-ips-4k-uhd-monitor-for-sale-gampaha,,False,16 days
6a80845416ff23f51e6e82f1,24 Inch Full Hd 60hz Monitor,Other,24 Inch,60Hz,1080p FHD,Standard,False,False,False,"Rs 11,500",11500,Used,Colombo,24-inch-full-hd-60hz-monitor-for-sale-colombo-1,https://ikman.lk/en/ad/24-inch-full-hd-60hz-monitor-for-sale-colombo-1,,False,17 days
6a806bf765a5af303bab6362,24 Inch LG Monitor,LG,24 Inch,60Hz,1080p FHD,Standard,False,False,False,"Rs 11,500",11500,Used,Kegalle,monitor-for-sale-kegalle-125,https://ikman.lk/en/ad/monitor-for-sale-kegalle-125,,False,17 days
6a8068d2637ae38976ab6300,"MONITOR 24"" IPS (1980 x 1080P) FRAMELESS|HDMI|FHD - LENOVO",Lenovo,24 Inch,60Hz,1080p FHD,IPS,False,False,True,"Rs 21,150",21150,Used,Gampaha,monitor-24-ips-1980-x-1080p-framelesshdmifhd-lenovo-for-sale-gampaha,https://ikman.lk/en/ad/monitor-24-ips-1980-x-1080p-framelesshdmifhd-lenovo-for-sale-gampaha,ShaTech Zone,True,17 days
6a8066d1bf061d5be178f677,"Dell UltraSharp U2417H IPS Full HD Frameless USED Monitor 24""",Dell,24 Inch,60Hz,1080p FHD,IPS,False,False,True,"Rs 22,000",22000,Used,Colombo,dell-ultrasharp-u2417h-ips-full-hd-frameless-used-monitor-24-for-sale-colombo-1,https://ikman.lk/en/ad/dell-ultrasharp-u2417h-ips-full-hd-frameless-used-monitor-24-for-sale-colombo-1,Myitem.lk (PVT) Ltd,True,17 days
6a80663fbb2c8f33f853fb41,"MONITOR 23"" IPS FRAMELESS (1980 x 1080P) HDMI|FHD",Other,23 Inch,60Hz,1080p FHD,IPS,False,False,True,"Rs 19,450",19450,Used,Gampaha,monitor-23-ips-frameless-1980-x-1080p-hdmifhd-for-sale-gampaha-1,https://ikman.lk/en/ad/monitor-23-ips-frameless-1980-x-1080p-hdmifhd-for-sale-gampaha-1,ShaTech Zone,True,17 days
6a80646e238ea998ba4ba5a1,"24"" Monitor WIDE|LED with Speaker Soundbar - Dell",Dell,24 Inch,60Hz,1080p FHD,Standard,False,False,False,"Rs 13,950",13950,Used,Gampaha,24-monitor-wideled-with-speaker-soundbar-dell-for-sale-gampaha,https://ikman.lk/en/ad/24-monitor-wideled-with-speaker-soundbar-dell-for-sale-gampaha,ShaTech Zone,True,17 days
6a8062b7bf061d5be178f657,"MONITOR 27"" FRAMELESS IPS (1980 x 1080P) HDMI|FHD",Other,27 Inch,60Hz,1080p FHD,IPS,False,False,True,"Rs 33,850",33850,Used,Gampaha,monitor-27-frameless-ips-1980-x-1080p-hdmifhd-for-sale-gampaha,https://ikman.lk/en/ad/monitor-27-frameless-ips-1980-x-1080p-hdmifhd-for-sale-gampaha,ShaTech Zone,True,17 days
6a805db8bb2c8f33f853fafb,"Dell UltraSharp U2417H IPS Ful HD Frameless Monitor 24""",Dell,24 Inch,60Hz,HD,IPS,False,False,True,"Rs 22,000",22000,Used,Colombo,dell-ultrasharp-u2417h-ips-ful-hd-frameless-monitor-24-for-sale-colombo,https://ikman.lk/en/ad/dell-ultrasharp-u2417h-ips-ful-hd-frameless-monitor-24-for-sale-colombo,Max Core PC,True,17 days
6a805c8c14d6b260b8e20186,"Dell UltraSharp U2417H IPS Full HD Frameless USED Monitor 24""",Dell,24 Inch,60Hz,1080p FHD,IPS,False,False,True,"Rs 22,000",22000,Used,Colombo,dell-ultrasharp-u2417h-ips-full-hd-frameless-used-monitor-24-for-sale-colombo,https://ikman.lk/en/ad/dell-ultrasharp-u2417h-ips-full-hd-frameless-used-monitor-24-for-sale-colombo,Computer Store.lk Pvt Ltd,True,17 days
6a8059f1cc8d788bc6dfd753,"MSI PRO MP273 E14A 27"" 144HZ IPS Frameless Monitor",MSI,27 Inch,144Hz,1080p FHD,IPS,False,False,True,"Rs 47,000",47000,Brand New,Colombo,msi-pro-mp273-e14a-27-144hz-ips-frameless-monitor-for-sale-colombo-4,https://ikman.lk/en/ad/msi-pro-mp273-e14a-27-144hz-ips-frameless-monitor-for-sale-colombo-4,PC Cart Express Maharagama,True,17 days
6a8059cece5bfcaed44ba530,"MSI PRO MP273 E14A 27"" 144HZ IPS Frameless Monitor",MSI,27 Inch,144Hz,1080p FHD,IPS,False,False,True,"Rs 47,000",47000,Brand New,Colombo,msi-pro-mp273-e14a-27-144hz-ips-frameless-monitor-for-sale-colombo-3,https://ikman.lk/en/ad/msi-pro-mp273-e14a-27-144hz-ips-frameless-monitor-for-sale-colombo-3,PC Cart Kesbewa ,True,17 days
6a80576deeddcf355b9ccab0,MSI PRO MP243L E14 23.8 INCH FHD 144Hz IPS BRAND NEW MONITOR,MSI,23.8 Inch,144Hz,1080p FHD,IPS,False,False,False,"Rs 33,500",33500,Brand New,Colombo,msi-pro-mp243l-e14-238-inch-fhd-144hz-ips-brand-new-monitor-for-sale-colombo-9,https://ikman.lk/en/ad/msi-pro-mp243l-e14-238-inch-fhd-144hz-ips-brand-new-monitor-for-sale-colombo-9,Mdcomputers.lk(Pvt) Ltd,True,17 days
6a805769eaee0007009ccabc,Dahua DHI-LM25-E231B 24.5” 180Hz FHD Gaming Monitor,Other,24 Inch,180Hz,1080p FHD,Standard,False,True,False,"Rs 41,500",41500,Brand New,Colombo,dahua-dhi-lm25-e231b-245-180hz-fhd-gaming-monitor-for-sale-colombo-1,https://ikman.lk/en/ad/dahua-dhi-lm25-e231b-245-180hz-fhd-gaming-monitor-for-sale-colombo-1,Mdcomputers.lk(Pvt) Ltd,True,17 days
6a805760cc8d788bc6dfd73c,Falcon 19” Inch LED+HDMI Brand New Monitor,Other,19 Inch,60Hz,HD,Standard,False,False,False,"Rs 17,000",17000,Brand New,Colombo,falcon-19-inch-ledhdmi-brand-new-monitor-for-sale-colombo-71,https://ikman.lk/en/ad/falcon-19-inch-ledhdmi-brand-new-monitor-for-sale-colombo-71,Mdcomputers.lk(Pvt) Ltd,True,17 days
6a80575e7192bee5606536bf,Koorui E2712K 27 INCH Full HD 144Hz Gaming Monitor,Other,27 Inch,144Hz,2K QHD,Standard,False,True,False,"Rs 38,500",38500,Brand New,Colombo,koorui-e2712k-27-inch-full-hd-144hz-gaming-monitor-for-sale-colombo,https://ikman.lk/en/ad/koorui-e2712k-27-inch-full-hd-144hz-gaming-monitor-for-sale-colombo,Mdcomputers.lk(Pvt) Ltd,True,17 days
6a80574c09c5a06c146536c5,"Asus VA249HG 24 Inch Ips, Frameless, 120Hz Brand New Monitor",Asus,24 Inch,120Hz,1080p FHD,IPS,False,False,True,"Rs 34,500",34500,Brand New,Colombo,asus-va249hg-24-inch-ips-frameless-120hz-brand-new-monitor-for-sale-colombo-1,https://ikman.lk/en/ad/asus-va249hg-24-inch-ips-frameless-120hz-brand-new-monitor-for-sale-colombo-1,Mdcomputers.lk(Pvt) Ltd,True,17 days
6a804b6682da19161665369f,"HP EliteDisplay E202 USED HD+ IPS MONITOR 20""",HP,20 Inch,60Hz,HD,IPS,False,False,False,"Rs 13,500",13500,Used,Colombo,hp-elitedisplay-e202-used-hd-ips-monitor-20-for-sale-colombo-2,https://ikman.lk/en/ad/hp-elitedisplay-e202-used-hd-ips-monitor-20-for-sale-colombo-2,Myitem.lk (PVT) Ltd,True,17 days
6a8049c771e6ae2e29b6091d,"HP EliteDisplay E222 USED FULL HD IPS MONITOR 22""",HP,22 Inch,60Hz,1080p FHD,IPS,False,False,False,"Rs 14,500",14500,Used,Colombo,hp-elitedisplay-e222-used-full-hd-ips-monitor-22-for-sale-colombo-3,https://ikman.lk/en/ad/hp-elitedisplay-e222-used-full-hd-ips-monitor-22-for-sale-colombo-3,Myitem.lk (PVT) Ltd,True,17 days
6a8040a5f185cb6e78b60838,"Acer EK251 P6BI 25"" Inch 144Hz IPS HDMI Frameless Gaming Monitor",Acer,25 Inch,144Hz,HD,IPS,False,True,True,"Rs 31,500",31500,Brand New,Colombo,acer-ek251-p6bi-25-inch-144hz-ips-hdmi-frameless-gaming-monitor-for-sale-colombo-60,https://ikman.lk/en/ad/acer-ek251-p6bi-25-inch-144hz-ips-hdmi-frameless-gaming-monitor-for-sale-colombo-60,Max Core PC,True,17 days
6a80405c6975b7b838dfd640,"Samsung F24T450FQE 24"" Inch Full HD IPS Frameless HDMI Used Monitor",Samsung,24 Inch,60Hz,1080p FHD,IPS,False,False,True,"Rs 20,990",20990,Used,Colombo,samsung-f24t450fqe-24-inch-full-hd-ips-frameless-hdmi-used-monitor-for-sale-colombo-64,https://ikman.lk/en/ad/samsung-f24t450fqe-24-inch-full-hd-ips-frameless-hdmi-used-monitor-for-sale-colombo-64,Max Core PC,True,17 days
6a803fd265a5af303bab61df,Asus TUF Gaming VG279QE5A 27″ FHD IPS 146HZ Monitor,Asus,27 Inch,146Hz,1080p FHD,IPS,False,True,False,"Rs 46,500",46500,Brand New,Colombo,asus-tuf-gaming-vg279qe5a-27-fhd-ips-146hz-monitor-for-sale-colombo-66,https://ikman.lk/en/ad/asus-tuf-gaming-vg279qe5a-27-fhd-ips-146hz-monitor-for-sale-colombo-66,Myitem.lk (PVT) Ltd,True,17 days
6a803d183bc73a2c1fe200a3,"Acer 27"" Full HD Nitro Gaming Monitor - KG273 W3 240Hz Brand New",Acer,27 Inch,240Hz,1080p FHD,Standard,False,True,False,"Rs 49,500",49500,Brand New,Colombo,acer-27-full-hd-nitro-gaming-monitor-kg273-w3-240hz-brand-new-for-sale-colombo-70,https://ikman.lk/en/ad/acer-27-full-hd-nitro-gaming-monitor-kg273-w3-240hz-brand-new-for-sale-colombo-70,Myitem.lk (PVT) Ltd,True,17 days
6a803bb74221f3371ff22849,KOORUI G2711P FHD IPS 27INCH 200HZ BRAND NEW GAMING MONITOR,Other,27 Inch,200Hz,1080p FHD,IPS,False,True,False,"Rs 51,500",51500,Brand New,Colombo,koorui-g2711p-fhd-ips-27inch-200hz-brand-new-gaming-monitor-for-sale-colombo-37,https://ikman.lk/en/ad/koorui-g2711p-fhd-ips-27inch-200hz-brand-new-gaming-monitor-for-sale-colombo-37,Myitem.lk (PVT) Ltd,True,17 days
6a803627f185cb6e78b607f4,Dell 24 Monitor – S2421HN,Dell,24 Inch,60Hz,1080p FHD,Standard,False,False,False,"Rs 12,000",12000,Used,Colombo,dell-24-monitor-s2421hn-for-sale-colombo,https://ikman.lk/en/ad/dell-24-monitor-s2421hn-for-sale-colombo,,False,17 days
6a802e614221f3371ff2280a,27 INCH ATEC FULL HD LED USED MONITOR,Other,27 Inch,60Hz,1080p FHD,Standard,False,False,False,"Rs 21,500",21500,Used,Colombo,27-inch-atec-full-hd-led-used-monitor-for-sale-colombo-75,https://ikman.lk/en/ad/27-inch-atec-full-hd-led-used-monitor-for-sale-colombo-75,Mdcomputers.lk(Pvt) Ltd,True,17 days
6a802d8e6975b7b838dfd59b,24 INCH DELL P2414HB FULL HD IPS USED SILVER LINE MONITOR,Dell,24 Inch,60Hz,1080p FHD,IPS,False,False,False,"Rs 13,500",13500,Used,Colombo,24-inch-dell-p2414hb-full-hd-ips-used-silver-line-monitor-for-sale-colombo-1,https://ikman.lk/en/ad/24-inch-dell-p2414hb-full-hd-ips-used-silver-line-monitor-for-sale-colombo-1,Mdcomputers.lk(Pvt) Ltd,True,17 days
6a802c648fbb64bbc9cdbcd6,used Lenovo monitor,Lenovo,Unknown,60Hz,Unknown,Standard,False,False,False,"Rs 9,000",9000,Used,Colombo,used-lenovo-monitor-rs9000-for-sale-colombo,https://ikman.lk/en/ad/used-lenovo-monitor-rs9000-for-sale-colombo,,False,17 days
6a8029120cbcb444714caeff,"Asus VY279HGR 27"" Inch Full HD IPS Level 120Hz Adaptive Sync Monitor",Asus,27 Inch,120Hz,1080p FHD,IPS,False,False,False,"Rs 46,000",46000,Brand New,Colombo,asus-vy279hgr-27-inch-full-hd-ips-level-120hz-adaptive-sync-monitor-for-sale-colombo-80,https://ikman.lk/en/ad/asus-vy279hgr-27-inch-full-hd-ips-level-120hz-adaptive-sync-monitor-for-sale-colombo-80,Myitem.lk (PVT) Ltd,True,17 days
6a9564349fe9c3cfa4e53c37,POS - ZEBRA 9308 2D Desktop Barcode Scanner,Other,Unknown,60Hz,Unknown,Standard,False,False,False,"Rs 37,000",37000,Brand New,Colombo,pos-zebra-9308-2d-desktop-barcode-scanner-for-sale-colombo-65,https://ikman.lk/en/ad/pos-zebra-9308-2d-desktop-barcode-scanner-for-sale-colombo-65,POSMAX,True,6 hours
6a80269e6975b7b838dfd564,27 Inch Dell P2714HC IPS LED Used Monitor,Dell,27 Inch,60Hz,1080p FHD,IPS,False,False,False,"Rs 28,000",28000,Used,Colombo,27-inch-dell-p2714hc-ips-led-used-monitor-for-sale-colombo-28,https://ikman.lk/en/ad/27-inch-dell-p2714hc-ips-led-used-monitor-for-sale-colombo-28,Mdcomputers.lk(Pvt) Ltd,True,17 days
6a8025df269b7d66af4caee5,24 INCH DELL ULTRASHAP FULL HD IPS FRAMELESS 120Hz USED MONITOR,Dell,24 Inch,120Hz,1080p FHD,IPS,False,False,True,"Rs 28,500",28500,Used,Colombo,24-inch-dell-ultrashap-full-hd-ips-frameless-120hz-used-monitor-for-sale-colombo,https://ikman.lk/en/ad/24-inch-dell-ultrashap-full-hd-ips-frameless-120hz-used-monitor-for-sale-colombo,Mdcomputers.lk(Pvt) Ltd,True,17 days
6a8023cc269b7d66af4caed3,24 inch Dell Ultrasharp U2419H Full Hd Ips Frameless Used Monitor,Dell,24 Inch,60Hz,1080p FHD,IPS,False,False,True,"Rs 22,500",22500,Used,Colombo,24-inch-dell-ultrasharp-u2419h-full-hd-ips-frameless-used-monitor-for-sale-colombo-2,https://ikman.lk/en/ad/24-inch-dell-ultrasharp-u2419h-full-hd-ips-frameless-used-monitor-for-sale-colombo-2,Mdcomputers.lk(Pvt) Ltd,True,17 days
6a801fd53ca8b77b688ddee1,DELL U2419H 24 INCH IPS 99.9% SRGB FRAMELESS MONITOR,Dell,24 Inch,60Hz,1080p FHD,IPS,False,False,True,"Rs 19,500",19500,Used,Colombo,dell-u2419h-24-inch-ips-999-percent-srgb-frameless-monitor-for-sale-colombo,https://ikman.lk/en/ad/dell-u2419h-24-inch-ips-999-percent-srgb-frameless-monitor-for-sale-colombo,,False,17 days
6a8009f43b53de166df2268b,Dell UltraSharp 24.9 inch IPS frameless Type C Monitor,Dell,24.9 Inch,60Hz,Unknown,IPS,False,False,True,"Rs 26,500",26500,Brand New,Colombo,dell-ultrasharp-249-inch-ips-frameless-type-c-monitor-for-sale-colombo-3,https://ikman.lk/en/ad/dell-ultrasharp-249-inch-ips-frameless-type-c-monitor-for-sale-colombo-3,,False,17 days
6a80077d48fff4f3eadfd3d2,Brandnew Acer 27- Inch Monitors (144Hz),Acer,27 Inch,144Hz,1080p FHD,Standard,False,False,False,"Rs 37,500",37500,Brand New,Colombo,brandnew-acer-27-inch-monitors-144hz-for-sale-colombo-9,https://ikman.lk/en/ad/brandnew-acer-27-inch-monitors-144hz-for-sale-colombo-9, Laptop Market,True,17 days
6a7fff0ef185cb6e78b60583,MSI Pro MP273 E14A 27 Inch 144Hz 1ms FHD IPS Productivity Monitor,MSI,27 Inch,144Hz,1080p FHD,IPS,False,False,False,"Rs 49,990",49990,Brand New,Colombo,msi-pro-mp273-e14a-27-inch-144hz-1ms-fhd-ips-productivity-monitor-for-sale-colombo-45,https://ikman.lk/en/ad/msi-pro-mp273-e14a-27-inch-144hz-1ms-fhd-ips-productivity-monitor-for-sale-colombo-45,Computer Store.lk Pvt Ltd,True,17 days
6a7ff5f8541eec1d8a4ba149,Viewsonic VA270A-H 27INCH 120Hz FHD IPS Brand New Monitor,Viewsonic,27 Inch,120Hz,1080p FHD,IPS,False,False,False,"Rs 41,500",41500,Brand New,Colombo,viewsonic-va270a-h-27inch-120hz-fhd-ips-brand-new-monitor-for-sale-colombo-12,https://ikman.lk/en/ad/viewsonic-va270a-h-27inch-120hz-fhd-ips-brand-new-monitor-for-sale-colombo-12,Computer Store.lk Pvt Ltd,True,17 days
6a7ff37c6693d235047d9a7b,"ViewSonic VA2432A-H 24"" Inch Full HD IPS 120Hz Frameless Monitor New",Viewsonic,24 Inch,120Hz,1080p FHD,IPS,False,False,True,"Rs 32,000",32000,Brand New,Colombo,viewsonic-va2432a-h-24-inch-full-hd-ips-120hz-frameless-monitor-new-for-sale-colombo-104,https://ikman.lk/en/ad/viewsonic-va2432a-h-24-inch-full-hd-ips-120hz-frameless-monitor-new-for-sale-colombo-104,Computer Store.lk Pvt Ltd,True,17 days
6a7ff1e33ca8b77b688ddc40,"Emark 24"" EW2427SH 144Hz IPS Full HD Frameless Gaming Monitor",Other,24 Inch,144Hz,1080p FHD,IPS,False,True,True,"Rs 29,990",29990,Brand New,Colombo,emark-24-ew2427sh-144hz-ips-full-hd-frameless-gaming-monitor-for-sale-colombo-51,https://ikman.lk/en/ad/emark-24-ew2427sh-144hz-ips-full-hd-frameless-gaming-monitor-for-sale-colombo-51,Myitem.lk (PVT) Ltd,True,17 days
6a7ff0044221f3371ff2251b,Brand New Acer Vero Series CB272 P6BMIPRX 144HZ Full HD Monitor,Acer,Unknown,144Hz,1080p FHD,Standard,False,False,False,"Rs 44,990",44990,Brand New,Colombo,brand-new-acer-vero-series-cb272-p6bmiprx-144hz-full-hd-monitor-for-sale-colombo-74,https://ikman.lk/en/ad/brand-new-acer-vero-series-cb272-p6bmiprx-144hz-full-hd-monitor-for-sale-colombo-74,Myitem.lk (PVT) Ltd,True,17 days
6a7fee9594e712fa21461198,"Emark 24"" EW2427SH 144Hz IPS Full HD Frameless Gaming Monitor",Other,24 Inch,144Hz,1080p FHD,IPS,False,True,True,"Rs 29,990",29990,Brand New,Colombo,emark-24-ew2427sh-144hz-ips-full-hd-frameless-gaming-monitor-for-sale-colombo-50,https://ikman.lk/en/ad/emark-24-ew2427sh-144hz-ips-full-hd-frameless-gaming-monitor-for-sale-colombo-50,Computer Store.lk Pvt Ltd,True,17 days
6a7fee5371e6ae2e29b604e3,"MSI PRO MP225 E12VL 21.5"" Inch 120Hz 1ms FHD Slim Frameless Monitor",MSI,21.5 Inch,120Hz,1080p FHD,Standard,False,False,True,"Rs 26,500",26500,Brand New,Colombo,msi-pro-mp225-e12vl-215-inch-120hz-1ms-fhd-slim-frameless-monitor-for-sale-colombo-36,https://ikman.lk/en/ad/msi-pro-mp225-e12vl-215-inch-120hz-1ms-fhd-slim-frameless-monitor-for-sale-colombo-36,Computer Store.lk Pvt Ltd,True,17 days
6a7fee22b4a99de7318ddc6c,"MSI Pro MP243L E14 24.5"" Inch 144Hz 1ms FHD IPS Productivity Monitor",MSI,24.5 Inch,144Hz,1080p FHD,IPS,False,False,False,"Rs 33,500",33500,Brand New,Colombo,msi-pro-mp243l-e14-245-inch-144hz-1ms-fhd-ips-productivity-monitor-for-sale-colombo-35,https://ikman.lk/en/ad/msi-pro-mp243l-e14-245-inch-144hz-1ms-fhd-ips-productivity-monitor-for-sale-colombo-35,Computer Store.lk Pvt Ltd,True,17 days
6a7fedde4221f3371ff224fd,"Acer EK271 27"" Inch 144Hz IPS HDMI Frameless Gaming Monitor",Acer,27 Inch,144Hz,HD,IPS,False,True,True,"Rs 36,000",36000,Brand New,Colombo,acer-ek271-27-inch-144hz-ips-hdmi-frameless-gaming-monitor-for-sale-colombo-95,https://ikman.lk/en/ad/acer-ek271-27-inch-144hz-ips-hdmi-frameless-gaming-monitor-for-sale-colombo-95,Computer Store.lk Pvt Ltd,True,17 days
6a7fed91cc8d788bc6dfd2da,"Acer EK251 P6BI 25"" Inch 144Hz IPS HDMI Frameless Gaming & Monitor",Acer,25 Inch,144Hz,HD,IPS,False,True,True,"Rs 31,500",31500,Brand New,Colombo,acer-ek251-p6bi-25-inch-144hz-ips-hdmi-frameless-gaming-and-monitor-for-sale-colombo,https://ikman.lk/en/ad/acer-ek251-p6bi-25-inch-144hz-ips-hdmi-frameless-gaming-and-monitor-for-sale-colombo,Computer Store.lk Pvt Ltd,True,17 days
6a7fed15e44c819fcb49fd4f,"Acer Vero Series CB272 P6bmiprx 27"" Inch144Hz Full HD IPS Monitor NEW",Acer,27 Inch,144Hz,1080p FHD,IPS,False,False,False,"Rs 44,990",44990,Brand New,Colombo,acer-vero-series-cb272-p6bmiprx-27-inch144hz-full-hd-ips-monitor-new-for-sale-colombo-25,https://ikman.lk/en/ad/acer-vero-series-cb272-p6bmiprx-27-inch144hz-full-hd-ips-monitor-new-for-sale-colombo-25,Computer Store.lk Pvt Ltd,True,17 days
6a7f27ecf0fa1e997299767e,"HP V194 18.5"" LED Monitor",HP,18.5 Inch,60Hz,Unknown,Standard,False,False,False,"Rs 12,500",12500,Used,Colombo,hp-v194-185-led-monitor-mint-condition-original-for-sale-colombo,https://ikman.lk/en/ad/hp-v194-185-led-monitor-mint-condition-original-for-sale-colombo,,False,17 days
6a7f0aaaf0fa1e99729975d0,"Samsung F24T450FQE 24"" Inch Full HD IPS Frameless HDMI Used Monitor",Samsung,24 Inch,60Hz,1080p FHD,IPS,False,False,True,"Rs 20,990",20990,Used,Colombo,samsung-f24t450fqe-24-inch-full-hd-ips-frameless-hdmi-used-monitor-for-sale-colombo-63,https://ikman.lk/en/ad/samsung-f24t450fqe-24-inch-full-hd-ips-frameless-hdmi-used-monitor-for-sale-colombo-63,Computer Store.lk Pvt Ltd,True,18 days
6a7f081d1a612abe97627596,32 INCH SAMSUNG IPS HDMI 2K USED MONITOR,Samsung,32 Inch,60Hz,2K QHD,IPS,False,False,False,"Rs 39,000",39000,Used,Colombo,32-inch-samsung-ips-hdmi-2k-used-monitor-for-sale-colombo-12,https://ikman.lk/en/ad/32-inch-samsung-ips-hdmi-2k-used-monitor-for-sale-colombo-12,Mdcomputers.lk(Pvt) Ltd,True,18 days
6a7f06d001c2bc0f0ba73f55,27 Inch Atec Full HD LED Used Monitor,Other,27 Inch,60Hz,1080p FHD,Standard,False,False,False,"Rs 21,500",21500,Used,Colombo,27-inch-atec-full-hd-led-used-monitor-for-sale-colombo-74,https://ikman.lk/en/ad/27-inch-atec-full-hd-led-used-monitor-for-sale-colombo-74,Mdcomputers.lk(Pvt) Ltd,True,18 days
6a7f05bb16f630ef59627587,24 INCH DELL P2422HE IPS FRAMELESS USED TYPE-C FHD MONITOR,Dell,24 Inch,60Hz,1080p FHD,IPS,False,False,True,"Rs 27,500",27500,Used,Colombo,24-inch-dell-p2422he-ips-frameless-used-type-c-fhd-monitor-for-sale-colombo-15,https://ikman.lk/en/ad/24-inch-dell-p2422he-ips-frameless-used-type-c-fhd-monitor-for-sale-colombo-15,Mdcomputers.lk(Pvt) Ltd,True,18 days
6a7f031d0d4757d94d337fe2,27 INCH LENOVO THINKVISION IPS FHD HDMI USED MONITOR,Lenovo,27 Inch,60Hz,1080p FHD,IPS,False,False,False,"Rs 27,500",27500,Used,Colombo,27-inch-lenovo-thinkvision-ips-fhd-hdmi-used-monitor-for-sale-colombo-44,https://ikman.lk/en/ad/27-inch-lenovo-thinkvision-ips-fhd-hdmi-used-monitor-for-sale-colombo-44,Mdcomputers.lk(Pvt) Ltd,True,18 days
6a7efdb71ba83e348a5c8669,"27"" LED Monitor",Other,27 Inch,60Hz,1080p FHD,Standard,False,False,False,"Rs 19,900",19900,Used,Colombo,27-led-monitor-for-sale-colombo,https://ikman.lk/en/ad/27-led-monitor-for-sale-colombo,JNC LANKA TECH HOLDING (PVT) LTD,True,18 days
6a7efb8cc94cc037e05c867e,"HP EliteDisplay E222 USED IPS MONITOR FULL HD 22""",HP,22 Inch,60Hz,1080p FHD,IPS,False,False,False,"Rs 14,500",14500,Used,Colombo,hp-elitedisplay-e222-used-ips-monitor-full-hd-22-for-sale-colombo,https://ikman.lk/en/ad/hp-elitedisplay-e222-used-ips-monitor-full-hd-22-for-sale-colombo,Max Core PC,True,18 days
6a7ef897ddb0002e638ec202,"HP EliteDisplay E240c Full HD IPS USED MONITOR 24""",HP,24 Inch,60Hz,1080p FHD,IPS,False,False,False,"Rs 17,500",17500,Used,Colombo,hp-elitedisplay-e240c-full-hd-ips-used-monitor-24-for-sale-colombo-2,https://ikman.lk/en/ad/hp-elitedisplay-e240c-full-hd-ips-used-monitor-24-for-sale-colombo-2,Max Core PC,True,18 days
6a7ef27cb542b636d65c861e,"HP EliteDisplay E240c Full HD IPS USED MONITOR 24""",HP,24 Inch,60Hz,1080p FHD,IPS,False,False,False,"Rs 17,500",17500,Used,Colombo,hp-elitedisplay-e240c-full-hd-ips-used-monitor-24-for-sale-colombo-1,https://ikman.lk/en/ad/hp-elitedisplay-e240c-full-hd-ips-used-monitor-24-for-sale-colombo-1,Myitem.lk (PVT) Ltd,True,18 days
6a7ee8e582b245d2058ec1a3,Monitors,Other,Unknown,60Hz,Unknown,Standard,False,False,False,"Rs 12,000",12000,Used,Colombo,monitors-for-sale-colombo-20,https://ikman.lk/en/ad/monitors-for-sale-colombo-20,,False,18 days
6a7edb8d5057567b34158cff,"HP EliteDisplay E222 USED FULL HD IPS MONITOR 22""",HP,22 Inch,60Hz,1080p FHD,IPS,False,False,False,"Rs 14,500",14500,Used,Colombo,hp-elitedisplay-e222-used-full-hd-ips-monitor-22-for-sale-colombo-2,https://ikman.lk/en/ad/hp-elitedisplay-e222-used-full-hd-ips-monitor-22-for-sale-colombo-2,Myitem.lk (PVT) Ltd,True,18 days
6a7edab75057567b34158cfb,"HP EliteDisplay E202 USED HD+ IPS MONITOR 20""",HP,20 Inch,60Hz,HD,IPS,False,False,False,"Rs 13,500",13500,Used,Colombo,hp-elitedisplay-e202-used-hd-ips-monitor-20-for-sale-colombo-1,https://ikman.lk/en/ad/hp-elitedisplay-e202-used-hd-ips-monitor-20-for-sale-colombo-1,Myitem.lk (PVT) Ltd,True,18 days
6a7eda112eb29ecbdade7fc7,"HP EliteDisplay E240c Full HD IPS USED MONITOR 24""",HP,24 Inch,60Hz,1080p FHD,IPS,False,False,False,"Rs 17,500",17500,Used,Colombo,hp-elitedisplay-e240c-full-hd-ips-used-monitor-24-for-sale-colombo,https://ikman.lk/en/ad/hp-elitedisplay-e240c-full-hd-ips-used-monitor-24-for-sale-colombo,Computer Store.lk Pvt Ltd,True,18 days
6a7ed903d50cfe33ff6b140f,19” FALCON BRANDNEW WIDE LED MONITOR,Other,19 Inch,60Hz,Unknown,Standard,False,False,False,"Rs 16,500",16500,Brand New,Colombo,19-falcon-brandnew-wide-led-monitor-for-sale-colombo,https://ikman.lk/en/ad/19-falcon-brandnew-wide-led-monitor-for-sale-colombo,Computer House,True,18 days
6a7ed7d59e94267b7bd40d81,"Acer EK251 P6BI 25"" Inch 144Hz IPS HDMI Frameless Gaming Monitor",Acer,25 Inch,144Hz,HD,IPS,False,True,True,"Rs 31,500",31500,Brand New,Colombo,acer-ek251-p6bi-25-inch-144hz-ips-hdmi-frameless-gaming-monitor-for-sale-colombo-59,https://ikman.lk/en/ad/acer-ek251-p6bi-25-inch-144hz-ips-hdmi-frameless-gaming-monitor-for-sale-colombo-59,Myitem.lk (PVT) Ltd,True,18 days
6a7ed1d2da13366f906b137f,"MSI Pro MP243L E14 24.5"" Inch 144Hz 1ms FHD IPS Productivity Monitor",MSI,24.5 Inch,144Hz,1080p FHD,IPS,False,False,False,"Rs 33,500",33500,Brand New,Colombo,msi-pro-mp243l-e14-245-inch-144hz-1ms-fhd-ips-productivity-monitor-for-sale-colombo-34,https://ikman.lk/en/ad/msi-pro-mp243l-e14-245-inch-144hz-1ms-fhd-ips-productivity-monitor-for-sale-colombo-34,Myitem.lk (PVT) Ltd,True,18 days
6a7ed17d5e3a5c8d3a6935d3,"MSI PRO MP225 E12VL 21.5"" Inch 120Hz 1ms FHD Slim Frameless Monitor",MSI,21.5 Inch,120Hz,1080p FHD,Standard,False,False,True,"Rs 26,500",26500,Brand New,Colombo,msi-pro-mp225-e12vl-215-inch-120hz-1ms-fhd-slim-frameless-monitor-for-sale-colombo-35,https://ikman.lk/en/ad/msi-pro-mp225-e12vl-215-inch-120hz-1ms-fhd-slim-frameless-monitor-for-sale-colombo-35,Myitem.lk (PVT) Ltd,True,18 days
6a7ecb9528e3e0ba2ea6e937,"KOORUI E2712K – 27"" FHD 144Hz Gaming Monitor",Other,27 Inch,144Hz,2K QHD,Standard,False,True,False,"Rs 39,500",39500,Brand New,Colombo,koorui-e2712k-27-fhd-144hz-gaming-monitor-for-sale-colombo,https://ikman.lk/en/ad/koorui-e2712k-27-fhd-144hz-gaming-monitor-for-sale-colombo,Thinex Pvt Ltd,True,18 days
6a7ec431485a15d923a6e8d5,Dell P2219H Monitor,Dell,Unknown,60Hz,Unknown,Standard,False,False,False,"Rs 16,800",16800,Used,Colombo,dell-p2219h-monitor-for-sale-colombo,https://ikman.lk/en/ad/dell-p2219h-monitor-for-sale-colombo,Thinex Pvt Ltd,True,18 days
6a7ec3e1d50cfe33ff6b12ec,17” SAMSUNG MONITOR,Samsung,Unknown,60Hz,Unknown,Standard,False,False,False,"Rs 5,900",5900,Used,Colombo,17-samsung-monitor-for-sale-colombo-3,https://ikman.lk/en/ad/17-samsung-monitor-for-sale-colombo-3,Computer House,True,18 days
6a7ec3047efa1ae9ddfc191a,24” SAMSUNG IPS FRAMELESS 75HZ MONITOR,Samsung,24 Inch,75Hz,1080p FHD,IPS,False,False,True,"Rs 19,900",19900,Used,Colombo,24-samsung-ips-frameless-75hz-monitor-for-sale-colombo,https://ikman.lk/en/ad/24-samsung-ips-frameless-75hz-monitor-for-sale-colombo,Computer House,True,18 days
6a7eb4ad9e94267b7bd40bf4,"24"" IPS MONITOR (1980 x 1080P) FRAMELESS|HDMI|FHD - LENOVO",Lenovo,24 Inch,60Hz,1080p FHD,IPS,False,False,True,"Rs 21,150",21150,Used,Gampaha,24-ips-monitor-1980-x-1080p-framelesshdmifhd-lenovo-for-sale-gampaha,https://ikman.lk/en/ad/24-ips-monitor-1980-x-1080p-framelesshdmifhd-lenovo-for-sale-gampaha,ShaTech Zone,True,18 days
6a7eb572cd27365b259ec67a,"27"" IPS MONITOR (1980 x 1080P) FRAMELESS|HDMI|FHD",Other,27 Inch,60Hz,1080p FHD,IPS,False,False,True,"Rs 33,850",33850,Used,Gampaha,27-ips-monitor-1980-x-1080p-framelesshdmifhd-for-sale-gampaha,https://ikman.lk/en/ad/27-ips-monitor-1980-x-1080p-framelesshdmifhd-for-sale-gampaha,ShaTech Zone,True,18 days
6a7eb402c072c6d2adf9c247,"Monitor 24"" WIDE|LED with Soundbar Speaker - Dell",Dell,24 Inch,60Hz,1080p FHD,Standard,False,False,False,"Rs 13,950",13950,Used,Colombo,monitor-24-wideled-with-soundbar-speaker-dell-for-sale-colombo,https://ikman.lk/en/ad/monitor-24-wideled-with-soundbar-speaker-dell-for-sale-colombo,ShaTech Zone,True,18 days
6a7ea03dab9665e4504252db,"HP EliteDisplay E222 USED FULL HD IPS MONITOR 22""",HP,22 Inch,60Hz,1080p FHD,IPS,False,False,False,"Rs 14,500",14500,Used,Colombo,hp-elitedisplay-e222-used-full-hd-ips-monitor-22-for-sale-colombo-1,https://ikman.lk/en/ad/hp-elitedisplay-e222-used-full-hd-ips-monitor-22-for-sale-colombo-1,Computer Store.lk Pvt Ltd,True,18 days
6a7e9fb08830d401c5f9c0e5,"HP EliteDisplay E202 USED HD+ IPS MONITOR 20""",HP,20 Inch,60Hz,HD,IPS,False,False,False,"Rs 13,500",13500,Used,Colombo,hp-elitedisplay-e202-used-hd-ips-monitor-20-for-sale-colombo,https://ikman.lk/en/ad/hp-elitedisplay-e202-used-hd-ips-monitor-20-for-sale-colombo,Computer Store.lk Pvt Ltd,True,18 days
6a7dd4e7111e1bd91289b9b2,Monitor,Other,Unknown,60Hz,Unknown,Standard,False,False,False,"Rs 3,000",3000,Used,Ratnapura,monitor-for-sale-ratnapura-2,https://ikman.lk/en/ad/monitor-for-sale-ratnapura-2,,False,19 days
6a7dc0d3eea1ce92bee3bf13,Acer - EK251QP6 24.5INCH 144Hz IPS Brand New Montor,Acer,24.5 Inch,144Hz,Unknown,IPS,False,False,False,"Rs 34,000",34000,Brand New,Colombo,acer-ek251qp6-245inch-144hz-ips-brand-new-montor-for-sale-colombo-13,https://ikman.lk/en/ad/acer-ek251qp6-245inch-144hz-ips-brand-new-montor-for-sale-colombo-13,I MAC LK(PVT)LTD,True,19 days
6a7dbf1f0e33a27ba5196adc,Samsung 22″IPS 100Hz LS22D300GAEXXS Brand New Monitor,Samsung,22 Inch,100Hz,1080p FHD,IPS,False,False,False,"Rs 26,500",26500,Brand New,Colombo,samsung-22ips-100hz-ls22d300gaexxs-brand-new-monitor-for-sale-colombo-4,https://ikman.lk/en/ad/samsung-22ips-100hz-ls22d300gaexxs-brand-new-monitor-for-sale-colombo-4,I MAC LK(PVT)LTD,True,19 days
6a7dbe105fd3d8361a054cf8,Samsung LS24F320GAEXXS 24″ IPS FHD 120Hz Essential New Monitor,Samsung,24 Inch,120Hz,1080p FHD,IPS,False,False,False,"Rs 35,500",35500,Brand New,Colombo,samsung-ls24f320gaexxs-24-ips-fhd-120hz-essential-new-monitor-for-sale-colombo-2,https://ikman.lk/en/ad/samsung-ls24f320gaexxs-24-ips-fhd-120hz-essential-new-monitor-for-sale-colombo-2,I MAC LK(PVT)LTD,True,19 days
6a7dbb6d9e94267b7bd406b6,Lenovo Monitor,Lenovo,Unknown,60Hz,Unknown,Standard,False,False,False,"Rs 20,000",20000,Used,Kandy,ugrant-sale-for-sale-kandy,https://ikman.lk/en/ad/ugrant-sale-for-sale-kandy,,False,19 days
6a7dbbf2b87b3668cb89b92f,Asus Rog Strix XG259CMS 24.5” Gaming Monitor,Asus,24 Inch,60Hz,1080p FHD,Standard,False,True,False,"Rs 110,000",110000,Brand New,Colombo,asus-rog-strix-xg259cms-245-gaming-monitor-for-sale-colombo-1,https://ikman.lk/en/ad/asus-rog-strix-xg259cms-245-gaming-monitor-for-sale-colombo-1,I MAC LK(PVT)LTD,True,19 days
6a7dbadc6c95d7370e5ad129,"Koorui GN06 27″ FHD 1080P IPS Brand New Monitor,",Other,27 Inch,60Hz,1080p FHD,IPS,False,False,False,"Rs 53,500",53500,Brand New,Colombo,koorui-gn06-27-fhd-1080p-ips-brand-new-monitor-for-sale-colombo-10,https://ikman.lk/en/ad/koorui-gn06-27-fhd-1080p-ips-brand-new-monitor-for-sale-colombo-10,I MAC LK(PVT)LTD,True,19 days
6a7dba5e45eb3bab1ef16b0d,MSI Mag 325QF E18V 31.5” Inch -NEW Gaming Monitor,MSI,Unknown,60Hz,Unknown,Standard,False,True,False,"Rs 94,500",94500,Brand New,Colombo,msi-mag-325qf-e18v-315-inch-new-gaming-monitor-for-sale-colombo-1,https://ikman.lk/en/ad/msi-mag-325qf-e18v-315-inch-new-gaming-monitor-for-sale-colombo-1,I MAC LK(PVT)LTD,True,19 days
6a7db377c8c52585eba031c5,"DAHUA 22"" IPS MONITOR",Other,22 Inch,60Hz,1080p FHD,IPS,False,False,False,"Rs 26,900",26900,Brand New,Colombo,dahua-22-ips-monitor-for-sale-colombo,https://ikman.lk/en/ad/dahua-22-ips-monitor-for-sale-colombo,JNC LANKA TECH HOLDING (PVT) LTD,True,19 days
6a7db20c53f0fc85c3731b32,"E MARK 24"" IPS MONITOR",Other,24 Inch,60Hz,1080p FHD,IPS,False,False,False,"Rs 32,500",32500,Brand New,Colombo,e-mark-24-ips-monitor-for-sale-colombo,https://ikman.lk/en/ad/e-mark-24-ips-monitor-for-sale-colombo,JNC LANKA TECH HOLDING (PVT) LTD,True,19 days
6a7da22353f0fc85c3731a93,MSI 32' inch 2K Curved Monitor,MSI,32 Inch,60Hz,2K QHD,Standard,True,False,False,"Rs 60,000",60000,Used,Kalutara,msi-32-inch-2k-curved-monitor-for-sale-kalutara,https://ikman.lk/en/ad/msi-32-inch-2k-curved-monitor-for-sale-kalutara,,False,19 days
6a7d983ac8c52585eba030df,"22"" LED WIDE MONITOR",Other,22 Inch,60Hz,1080p FHD,Standard,False,False,False,"Rs 11,500",11500,Used,Colombo,22-led-wide-monitor-for-sale-colombo,https://ikman.lk/en/ad/22-led-wide-monitor-for-sale-colombo,Vista Computer System,True,19 days
6a7d81bcd0fefd934f97c8e4,"HP EliteDisplay E202 USED FULL HD IPS MONITOR 20""",HP,20 Inch,60Hz,1080p FHD,IPS,False,False,False,"Rs 13,500",13500,Used,Colombo,hp-elitedisplay-e202-used-full-hd-ips-monitor-20-for-sale-colombo,https://ikman.lk/en/ad/hp-elitedisplay-e202-used-full-hd-ips-monitor-20-for-sale-colombo,Computer Store.lk Pvt Ltd,True,19 days
6a7d80bb0091667c10cb1960,"HP EliteDisplay E222 USED FULL HD IPS MONITOR 22""",HP,22 Inch,60Hz,1080p FHD,IPS,False,False,False,"Rs 14,500",14500,Used,Colombo,hp-elitedisplay-e222-used-full-hd-ips-monitor-22-for-sale-colombo,https://ikman.lk/en/ad/hp-elitedisplay-e222-used-full-hd-ips-monitor-22-for-sale-colombo,Computer Store.lk Pvt Ltd,True,19 days
6a7d7f83a189cc5c1b731920,22 INCH DELL P2214HB FULL HD IPS LED SILVER LINE MONITOR,Dell,22 Inch,60Hz,1080p FHD,IPS,False,False,False,"Rs 12,500",12500,Used,Colombo,22-inch-dell-p2214hb-full-hd-ips-led-silver-line-monitor-for-sale-colombo,https://ikman.lk/en/ad/22-inch-dell-p2214hb-full-hd-ips-led-silver-line-monitor-for-sale-colombo,Mdcomputers.lk(Pvt) Ltd,True,19 days
6a7d7b5e8a12845c657318f9,27 INCH LENOVO THINKVISION IPS FHD HDMI USED MONITOR,Lenovo,27 Inch,60Hz,1080p FHD,IPS,False,False,False,"Rs 27,500",27500,Used,Colombo,27-inch-lenovo-thinkvision-ips-fhd-hdmi-used-monitor-for-sale-colombo-43,https://ikman.lk/en/ad/27-inch-lenovo-thinkvision-ips-fhd-hdmi-used-monitor-for-sale-colombo-43,Mdcomputers.lk(Pvt) Ltd,True,19 days
6a7d7a565a6870ffcfa69d60,24 INCH DELL ULTRASHAP U2422HE FULL HD IPS FRAMELESS 75Hz USED MONITOR,Dell,24 Inch,75Hz,1080p FHD,IPS,False,False,True,"Rs 26,500",26500,Used,Colombo,24-inch-dell-ultrashap-u2422he-full-hd-ips-frameless-75hz-used-monitor-for-sale-colombo,https://ikman.lk/en/ad/24-inch-dell-ultrashap-u2422he-full-hd-ips-frameless-75hz-used-monitor-for-sale-colombo,Mdcomputers.lk(Pvt) Ltd,True,19 days
6a7d7842b87b3668cb89b71d,"24"" Monitor LED|WIDE with Soundbar Speaker - Dell",Dell,24 Inch,60Hz,1080p FHD,Standard,False,False,False,"Rs 13,950",13950,Used,Gampaha,24-monitor-ledwide-with-soundbar-speaker-dell-for-sale-gampaha,https://ikman.lk/en/ad/24-monitor-ledwide-with-soundbar-speaker-dell-for-sale-gampaha,ShaTech Zone,True,19 days
6a7d7753b7891689775d6414,24 INCH DELL ULTRASHARP U2419H FULL HD IPS FRAMELESS USED MONITOR,Dell,24 Inch,60Hz,1080p FHD,IPS,False,False,True,"Rs 22,500",22500,Used,Colombo,24-inch-dell-ultrasharp-u2419h-full-hd-ips-frameless-used-monitor-for-sale-colombo,https://ikman.lk/en/ad/24-inch-dell-ultrasharp-u2419h-full-hd-ips-frameless-used-monitor-for-sale-colombo,Mdcomputers.lk(Pvt) Ltd,True,19 days
6a7d76e7b7891689775d6409,"MONITOR 24"" IPS FRAMELESS (1980 x 1080P) HDMI|FHD",Other,24 Inch,60Hz,1080p FHD,IPS,False,False,True,"Rs 21,150",21150,Used,Gampaha,monitor-24-ips-frameless-1980-x-1080p-hdmifhd-for-sale-gampaha,https://ikman.lk/en/ad/monitor-24-ips-frameless-1980-x-1080p-hdmifhd-for-sale-gampaha,ShaTech Zone,True,19 days
6a7d75dcb87b3668cb89b70c,24 INCH DELL P2414HB FULL HD IPS USED SILVER LINE MONITOR,Dell,24 Inch,60Hz,1080p FHD,IPS,False,False,False,"Rs 13,500",13500,Used,Colombo,24-inch-dell-p2414hb-full-hd-ips-used-silver-line-monitor-for-sale-colombo,https://ikman.lk/en/ad/24-inch-dell-p2414hb-full-hd-ips-used-silver-line-monitor-for-sale-colombo,Mdcomputers.lk(Pvt) Ltd,True,19 days
6a7d7009931d6c4ff03ec28a,"Dell P2419H Full HD IPS 24"" Monitor",Dell,24 Inch,60Hz,1080p FHD,IPS,False,False,False,"Rs 29,900",29900,Used,Colombo,dell-p2419h-full-hd-ips-24-monitor-for-sale-colombo-3,https://ikman.lk/en/ad/dell-p2419h-full-hd-ips-24-monitor-for-sale-colombo-3,COMPUTER HUB,True,19 days
6a7d6fed5cd442796deab1ce,"23"" IPS MONITOR FRAMELESS (1980 x 1080P) HDMI|FHD",Other,23 Inch,60Hz,1080p FHD,IPS,False,False,True,"Rs 19,450",19450,Used,Gampaha,23-ips-monitor-frameless-1980-x-1080p-hdmifhd-for-sale-gampaha,https://ikman.lk/en/ad/23-ips-monitor-frameless-1980-x-1080p-hdmifhd-for-sale-gampaha,ShaTech Zone,True,19 days
6a7d608a2127c745c06d4cfa,Monitor,Other,Unknown,60Hz,Unknown,Standard,False,False,False,"Rs 22,500",22500,Brand New,Kegalle,koorei-monitor-sale-for-sale-kegalle,https://ikman.lk/en/ad/koorei-monitor-sale-for-sale-kegalle,,False,19 days
6a7d5e5c2cc75c3a1beab10c,Acer EK251Q 24.5 inch IPS 120Hz Frameless Monitor With,Acer,24.5 Inch,120Hz,Unknown,IPS,False,False,True,"Rs 20,000",20000,Used,Anuradhapura,acer-ek251q-245-inch-ips-120hz-frameless-monitor-with-for-sale-anuradhapura,https://ikman.lk/en/ad/acer-ek251q-245-inch-ips-120hz-frameless-monitor-with-for-sale-anuradhapura,,False,19 days
6a7d5d10cbb50661a389b67c,"Acer EK271 27"" Inch 144Hz IPS HDMI Frameless Gaming Monitor",Acer,27 Inch,144Hz,HD,IPS,False,True,True,"Rs 35,990",35990,Brand New,Colombo,acer-ek271-27-inch-144hz-ips-hdmi-frameless-gaming-monitor-for-sale-colombo-94,https://ikman.lk/en/ad/acer-ek271-27-inch-144hz-ips-hdmi-frameless-gaming-monitor-for-sale-colombo-94,Max Core PC,True,19 days
6a7d5b74b87b3668cb89b609,"Acer EK251 P6BI 25"" Inch 144Hz IPS HDMI Frameless Gaming Monitor",Acer,25 Inch,144Hz,HD,IPS,False,True,True,"Rs 31,500",31500,Brand New,Colombo,acer-ek251-p6bi-25-inch-144hz-ips-hdmi-frameless-gaming-monitor-for-sale-colombo-58,https://ikman.lk/en/ad/acer-ek251-p6bi-25-inch-144hz-ips-hdmi-frameless-gaming-monitor-for-sale-colombo-58,Max Core PC,True,19 days
6a7c7b75bfb06236fba8c9fa,"Dell 17"" LCD Monitor",Dell,17 Inch,60Hz,Unknown,Standard,False,False,False,"Rs 6,800",6800,Used,Gampaha,dell-17-lcd-monitor-hdmi-converter-all-cables-included-for-sale-gampaha,https://ikman.lk/en/ad/dell-17-lcd-monitor-hdmi-converter-all-cables-included-for-sale-gampaha,,False,19 days
6a213ab4ed4ade5984d7c5f2,Acer 20” LED Hdmi Monitor,Acer,20 Inch,60Hz,HD,Standard,False,False,False,"Rs 9,900",9900,Used,Colombo,acer-20-led-hdmi-monitor-for-sale-colombo-4,https://ikman.lk/en/ad/acer-20-led-hdmi-monitor-for-sale-colombo-4,Computer House,True,20 days
6a7c3052cf55bb43c4a51af6,Dell Monitor,Dell,Unknown,60Hz,Unknown,Standard,False,False,False,"Rs 11,000",11000,Used,Ratnapura,dell-monitor-for-sale-ratnapura,https://ikman.lk/en/ad/dell-monitor-for-sale-ratnapura,,False,20 days
6a7c81db3d4db792d5c21803,"32"" Curved Gaming Monitor 250Hz",Other,32 Inch,250Hz,Unknown,Standard,True,True,False,"Rs 65,000",65000,Used,Anuradhapura,32-curved-gaming-monitor-250hz-for-sale-anuradhapura,https://ikman.lk/en/ad/32-curved-gaming-monitor-250hz-for-sale-anuradhapura,,False,20 days
6a7bfbfb9e4f4dd84197c47a,Dell UltraSharp 24.9 inch IPS frameless Type C monitor,Dell,24.9 Inch,60Hz,Unknown,IPS,False,False,True,"Rs 26,500",26500,Brand New,Colombo,dell-ultrasharp-249-inch-ips-frameless-type-c-monitor-for-sale-colombo-2,https://ikman.lk/en/ad/dell-ultrasharp-249-inch-ips-frameless-type-c-monitor-for-sale-colombo-2,,False,20 days
6a7c763a5716b20f12c2174c,24 Inch MSI Pro Monitor | Brand New,MSI,24 Inch,60Hz,1080p FHD,Standard,False,False,False,"Rs 36,500",36500,Brand New,Colombo,24-inch-msi-pro-monitor-brand-new-for-sale-colombo-1,https://ikman.lk/en/ad/24-inch-msi-pro-monitor-brand-new-for-sale-colombo-1,My Technology Pvt (Ltd),True,20 days
6a7c6e3a24a7da37c390356c,"Acer Vero Series CB272 P6bmiprx 27"" Inch144Hz Full HD IPS Monitor NEW",Acer,27 Inch,144Hz,1080p FHD,IPS,False,False,False,"Rs 44,990",44990,Brand New,Colombo,acer-vero-series-cb272-p6bmiprx-27-inch144hz-full-hd-ips-monitor-new-for-sale-colombo-24,https://ikman.lk/en/ad/acer-vero-series-cb272-p6bmiprx-27-inch144hz-full-hd-ips-monitor-new-for-sale-colombo-24,Computer Store.lk Pvt Ltd,True,20 days
6a7c6db20054b435f69034e9,"Acer EK251 P6BI 25"" Inch 144Hz IPS HDMI Frameless Gaming Monitor",Acer,25 Inch,144Hz,HD,IPS,False,True,True,"Rs 31,500",31500,Brand New,Colombo,acer-ek251-p6bi-25-inch-144hz-ips-hdmi-frameless-gaming-monitor-for-sale-colombo-57,https://ikman.lk/en/ad/acer-ek251-p6bi-25-inch-144hz-ips-hdmi-frameless-gaming-monitor-for-sale-colombo-57,Computer Store.lk Pvt Ltd,True,20 days
6a7c6d1e7faa1d479c95afd3,"Samsung F24T450FQE 24"" Inch Full HD IPS Frameless HDMI Used Monitor",Samsung,24 Inch,60Hz,1080p FHD,IPS,False,False,True,"Rs 20,990",20990,Used,Colombo,samsung-f24t450fqe-24-inch-full-hd-ips-frameless-hdmi-used-monitor-for-sale-colombo-62,https://ikman.lk/en/ad/samsung-f24t450fqe-24-inch-full-hd-ips-frameless-hdmi-used-monitor-for-sale-colombo-62,Computer Store.lk Pvt Ltd,True,20 days
6a7c5e83fc27da2de5c26d4e,"AOC 24"" Frameless Monitor",AOC,24 Inch,60Hz,1080p FHD,Standard,False,False,True,"Rs 19,500",19500,Used,Colombo,aoc-24-frameless-monitor-for-sale-colombo-1,https://ikman.lk/en/ad/aoc-24-frameless-monitor-for-sale-colombo-1,PC Cart Express Maharagama,True,20 days
6a7c5e397d6414c8f395af5f,32 INCH SAMSUNG IPS HDMI 2K USED MONITOR,Samsung,32 Inch,60Hz,2K QHD,IPS,False,False,False,"Rs 39,000",39000,Used,Colombo,32-inch-samsung-ips-hdmi-2k-used-monitor-for-sale-colombo-11,https://ikman.lk/en/ad/32-inch-samsung-ips-hdmi-2k-used-monitor-for-sale-colombo-11,Mdcomputers.lk(Pvt) Ltd,True,20 days
6a7c5e35ba8d08883003b598,"AOC 24"" Frameless Monitor",AOC,24 Inch,60Hz,1080p FHD,Standard,False,False,True,"Rs 19,500",19500,Used,Colombo,aoc-24-frameless-monitor-for-sale-colombo,https://ikman.lk/en/ad/aoc-24-frameless-monitor-for-sale-colombo,PC Cart Kesbewa ,True,20 days
6a7c5d02c2aff2c341ecd77f,27 INCH DELL P2714HC IPS LED USED MONITOR,Dell,27 Inch,60Hz,1080p FHD,IPS,False,False,False,"Rs 28,000",28000,Used,Colombo,27-inch-dell-p2714hc-ips-led-used-monitor-for-sale-colombo-26,https://ikman.lk/en/ad/27-inch-dell-p2714hc-ips-led-used-monitor-for-sale-colombo-26,Mdcomputers.lk(Pvt) Ltd,True,20 days
6a7c5cfc38be28bfba95af99,24 INCH DELL P2422HE IPS FRAMELESS USED TYPE-C FHD MONITOR,Dell,24 Inch,60Hz,1080p FHD,IPS,False,False,True,"Rs 27,500",27500,Used,Colombo,24-inch-dell-p2422he-ips-frameless-used-type-c-fhd-monitor-for-sale-colombo-14,https://ikman.lk/en/ad/24-inch-dell-p2422he-ips-frameless-used-type-c-fhd-monitor-for-sale-colombo-14,Mdcomputers.lk(Pvt) Ltd,True,20 days
6a7c5cf73d4db792d5c216c4,27 INCH LENOVO THINKVISION IPS FHD HDMI USED MONITOR,Lenovo,27 Inch,60Hz,1080p FHD,IPS,False,False,False,"Rs 27,500",27500,Used,Colombo,27-inch-lenovo-thinkvision-ips-fhd-hdmi-used-monitor-for-sale-colombo-42,https://ikman.lk/en/ad/27-inch-lenovo-thinkvision-ips-fhd-hdmi-used-monitor-for-sale-colombo-42,Mdcomputers.lk(Pvt) Ltd,True,20 days
6a7c585d303b46057203b53b,DELL ULTRASHARP (U2424HE) 24 INCH IPS 120HZ USB-C FRAMELESS MONITOR,Dell,24 Inch,120Hz,1080p FHD,IPS,False,False,True,"Rs 28,999",28999,Used,Colombo,dell-ultrasharp-u2424he-24-inch-ips-120hz-usb-c-frameless-monitor-for-sale-colombo,https://ikman.lk/en/ad/dell-ultrasharp-u2424he-24-inch-ips-120hz-usb-c-frameless-monitor-for-sale-colombo,,False,20 days
6a7c50be419c83b3a3f0bab1,MSI MAG 325QF E18V 31.5'' inch WQHD (2560 x 1440) 180Hz 0.5ms Monitor,MSI,31.5 Inch,180Hz,2K QHD,Standard,False,False,False,"Rs 97,000",97000,Brand New,Colombo,msi-mag-325qf-e18v-315-inch-wqhd-2560-x-1440-180hz-05ms-monitor-for-sale-colombo-1,https://ikman.lk/en/ad/msi-mag-325qf-e18v-315-inch-wqhd-2560-x-1440-180hz-05ms-monitor-for-sale-colombo-1,PC Cart Express Maharagama,True,20 days
6a7c5095ba8d08883003b529,MSI MAG 325QF E18V 31.5'' inch WQHD (2560 x 1440) 180Hz 0.5ms Monitor,MSI,31.5 Inch,180Hz,2K QHD,Standard,False,False,False,"Rs 97,000",97000,Brand New,Colombo,msi-mag-325qf-e18v-315-inch-wqhd-2560-x-1440-180hz-05ms-monitor-for-sale-colombo,https://ikman.lk/en/ad/msi-mag-325qf-e18v-315-inch-wqhd-2560-x-1440-180hz-05ms-monitor-for-sale-colombo,PC Cart Kesbewa ,True,20 days
6a7c5029303b46057203b50c,MSI MAG 276CF E20 27'' inch FHD 200Hz 0.5ms Curved Gaming Monitor,MSI,27 Inch,200Hz,1080p FHD,Standard,True,True,False,"Rs 62,000",62000,Brand New,Colombo,msi-mag-276cf-e20-27-inch-fhd-200hz-05ms-curved-gaming-monitor-for-sale-colombo-1,https://ikman.lk/en/ad/msi-mag-276cf-e20-27-inch-fhd-200hz-05ms-curved-gaming-monitor-for-sale-colombo-1,PC Cart Express Maharagama,True,20 days
6a7c5003d5ae1997bdc2169a,MSI MAG 276CF E20 27'' inch FHD 200Hz 0.5ms Curved Gaming Monitor,MSI,27 Inch,200Hz,1080p FHD,Standard,True,True,False,"Rs 62,000",62000,Brand New,Colombo,msi-mag-276cf-e20-27-inch-fhd-200hz-05ms-curved-gaming-monitor-for-sale-colombo,https://ikman.lk/en/ad/msi-mag-276cf-e20-27-inch-fhd-200hz-05ms-curved-gaming-monitor-for-sale-colombo,PC Cart Kesbewa ,True,20 days
6a7c4f666b0ce717e7f0bab1,"MSI MAG 275QF E20 27"" Inch WQHD (2560 X 1440) IPS 200Hz 0.5Ms Monitor",MSI,27 Inch,200Hz,2K QHD,IPS,False,False,False,"Rs 81,500",81500,Brand New,Colombo,msi-mag-275qf-e20-27-inch-wqhd-2560-x-1440-ips-200hz-05ms-monitor-for-sale-colombo-1,https://ikman.lk/en/ad/msi-mag-275qf-e20-27-inch-wqhd-2560-x-1440-ips-200hz-05ms-monitor-for-sale-colombo-1,PC Cart Express Maharagama,True,20 days
6a7c4f1b5716b20f12c21647,"MSI MAG 275QF E20 27"" Inch WQHD (2560 X 1440) IPS 200Hz 0.5Ms Monitor",MSI,27 Inch,200Hz,2K QHD,IPS,False,False,False,"Rs 81,500",81500,Brand New,Colombo,msi-mag-275qf-e20-27-inch-wqhd-2560-x-1440-ips-200hz-05ms-monitor-for-sale-colombo,https://ikman.lk/en/ad/msi-mag-275qf-e20-27-inch-wqhd-2560-x-1440-ips-200hz-05ms-monitor-for-sale-colombo,PC Cart Kesbewa ,True,20 days
6a7c4e96fc27da2de5c26cc3,"MSI MAG 274QRFW X32 27"" Inch WQHD (2560 X 1440) 320HZ White Monitor",MSI,27 Inch,320Hz,2K QHD,Standard,False,False,False,"Rs 120,000",120000,Brand New,Colombo,msi-mag-274qrfw-x32-27-inch-wqhd-2560-x-1440-320hz-white-monitor-for-sale-colombo-1,https://ikman.lk/en/ad/msi-mag-274qrfw-x32-27-inch-wqhd-2560-x-1440-320hz-white-monitor-for-sale-colombo-1,PC Cart Express Maharagama,True,20 days
6a7c4e726b0ce717e7f0baa5,"MSI MAG 274QRFW X32 27"" Inch WQHD (2560 X 1440) 320HZ White Monitor",MSI,27 Inch,320Hz,2K QHD,Standard,False,False,False,"Rs 120,000",120000,Brand New,Colombo,msi-mag-274qrfw-x32-27-inch-wqhd-2560-x-1440-320hz-white-monitor-for-sale-colombo,https://ikman.lk/en/ad/msi-mag-274qrfw-x32-27-inch-wqhd-2560-x-1440-320hz-white-monitor-for-sale-colombo,PC Cart Kesbewa ,True,20 days
6a7c4da2e488ebdea4a51ba9,"MSI MAG 272F X24 27"" Inch FHD 240HZ 0.5MS Adaptive IPS Gaming Monitor",MSI,27 Inch,240Hz,1080p FHD,IPS,False,True,False,"Rs 62,500",62500,Brand New,Colombo,msi-mag-272f-x24-27-inch-fhd-240hz-05ms-adaptive-ips-gaming-monitor-for-sale-colombo-1,https://ikman.lk/en/ad/msi-mag-272f-x24-27-inch-fhd-240hz-05ms-adaptive-ips-gaming-monitor-for-sale-colombo-1,PC Cart Express Maharagama,True,20 days
6a7c4d83bde4034576c26ce6,"MSI MAG 272F X24 27"" Inch FHD 240HZ 0.5MS Adaptive IPS Gaming Monitor",MSI,27 Inch,240Hz,1080p FHD,IPS,False,True,False,"Rs 62,500",62500,Brand New,Colombo,msi-mag-272f-x24-27-inch-fhd-240hz-05ms-adaptive-ips-gaming-monitor-for-sale-colombo,https://ikman.lk/en/ad/msi-mag-272f-x24-27-inch-fhd-240hz-05ms-adaptive-ips-gaming-monitor-for-sale-colombo,PC Cart Kesbewa ,True,20 days
6a7c4ab691835331a6a51bf6,Brandnew Acer 27- Inch Monitors (144Hz),Acer,27 Inch,144Hz,1080p FHD,Standard,False,False,False,"Rs 37,500",37500,Brand New,Colombo,brandnew-acer-27-inch-monitors-144hz-for-sale-colombo-8,https://ikman.lk/en/ad/brandnew-acer-27-inch-monitors-144hz-for-sale-colombo-8, Laptop Market,True,20 days
6a7c3e6c38be28bfba95ae66,"Monitor 32"" 2K Curved (2560 × 1440P) 144HZ|GAMING|QHD",Other,32 Inch,144Hz,2K QHD,Standard,True,True,False,"Rs 55,250",55250,Used,Gampaha,monitor-32-2k-curved-2560-x-1440p-144hzgamingqhd-for-sale-gampaha,https://ikman.lk/en/ad/monitor-32-2k-curved-2560-x-1440p-144hzgamingqhd-for-sale-gampaha,ShaTech Zone,True,20 days
6a7c3ca50054b435f6903381,"24"" IPS MONITOR (1980 x 1080P) FRAMELESS|HDMI|FHD",Other,24 Inch,60Hz,1080p FHD,IPS,False,False,True,"Rs 21,150",21150,Used,Gampaha,24-ips-monitor-1980-x-1080p-framelesshdmifhd-for-sale-gampaha-1,https://ikman.lk/en/ad/24-ips-monitor-1980-x-1080p-framelesshdmifhd-for-sale-gampaha-1,ShaTech Zone,True,20 days
6a7c3c255716b20f12c215aa,"MONITOR 23"" IPS FRAMELESS (1980 x 1080P) HDMI|FHD",Other,23 Inch,60Hz,1080p FHD,IPS,False,False,True,"Rs 19,450",19450,Used,Colombo,monitor-23-ips-frameless-1980-x-1080p-hdmifhd-for-sale-colombo,https://ikman.lk/en/ad/monitor-23-ips-frameless-1980-x-1080p-hdmifhd-for-sale-colombo,ShaTech Zone,True,20 days
6a7c249cefbb12cd14c26b1e,2 Monitors,Other,Unknown,60Hz,Unknown,Standard,False,False,False,"Rs 45,000",45000,Used,Gampaha,2-monitors-for-sale-for-sale-gampaha,https://ikman.lk/en/ad/2-monitors-for-sale-for-sale-gampaha,,False,20 days
6a7c25453d4db792d5c214bb,"24"" LED|WIDE Monitor Mount with Speaker - Dell",Dell,24 Inch,60Hz,1080p FHD,Standard,False,False,False,"Rs 13,950",13950,Used,Gampaha,24-ledwide-monitor-mount-with-speaker-dell-for-sale-gampaha,https://ikman.lk/en/ad/24-ledwide-monitor-mount-with-speaker-dell-for-sale-gampaha,ShaTech Zone,True,20 days
6a7c21140054b435f690324e,"MSI Pro MP243L E14 24.5"" Inch 144Hz 1ms FHD IPS Productivity Monitor",MSI,24.5 Inch,144Hz,1080p FHD,IPS,False,False,False,"Rs 33,500",33500,Brand New,Colombo,msi-pro-mp243l-e14-245-inch-144hz-1ms-fhd-ips-productivity-monitor-for-sale-colombo-33,https://ikman.lk/en/ad/msi-pro-mp243l-e14-245-inch-144hz-1ms-fhd-ips-productivity-monitor-for-sale-colombo-33,Computer Store.lk Pvt Ltd,True,20 days
6a7c20d94363fc80d4bc6371,"MSI PRO MP225 E12VL 21.5"" Inch 120Hz 1ms FHD Slim Frameless Monitor",MSI,21.5 Inch,120Hz,1080p FHD,Standard,False,False,True,"Rs 26,500",26500,Brand New,Colombo,msi-pro-mp225-e12vl-215-inch-120hz-1ms-fhd-slim-frameless-monitor-for-sale-colombo-34,https://ikman.lk/en/ad/msi-pro-mp225-e12vl-215-inch-120hz-1ms-fhd-slim-frameless-monitor-for-sale-colombo-34,Computer Store.lk Pvt Ltd,True,20 days
6a7c20583d4db792d5c21498,"Emark 24"" EW2427SH 144Hz IPS Full HD Frameless Gaming Monitor",Other,24 Inch,144Hz,1080p FHD,IPS,False,True,True,"Rs 29,990",29990,Brand New,Colombo,emark-24-ew2427sh-144hz-ips-full-hd-frameless-gaming-monitor-for-sale-colombo-49,https://ikman.lk/en/ad/emark-24-ew2427sh-144hz-ips-full-hd-frameless-gaming-monitor-for-sale-colombo-49,Max Core PC,True,20 days
6a7c1b3337693512ea5a8025,"ViewSonic VA2432A-H 24"" Inch Full HD IPS 120Hz Frameless Monitor New",Viewsonic,24 Inch,120Hz,1080p FHD,IPS,False,False,True,"Rs 35,500",35500,Brand New,Colombo,viewsonic-va2432a-h-24-inch-full-hd-ips-120hz-frameless-monitor-new-for-sale-colombo-103,https://ikman.lk/en/ad/viewsonic-va2432a-h-24-inch-full-hd-ips-120hz-frameless-monitor-new-for-sale-colombo-103,Max Core PC,True,20 days
6a7c12d424a7da37c39031bf,HP Monitor,HP,Unknown,60Hz,Unknown,Standard,False,False,False,"Rs 7,500",7500,Used,Matara,hodq-thathwayen-atha-for-sale-matara,https://ikman.lk/en/ad/hodq-thathwayen-atha-for-sale-matara,,False,20 days
6a7c104841fea11e04a8c596,MSI MAG 255XF 24.5' Inch FHD 300Hz Rapid IPS 0.5ms Gaming Monitor,MSI,24.5 Inch,300Hz,1080p FHD,IPS,False,True,False,"Rs 60,500",60500,Brand New,Colombo,msi-mag-255xf-245-inch-fhd-300hz-rapid-ips-05ms-gaming-monitor-for-sale-colombo-1,https://ikman.lk/en/ad/msi-mag-255xf-245-inch-fhd-300hz-rapid-ips-05ms-gaming-monitor-for-sale-colombo-1,PC Cart Express Maharagama,True,20 days
6a7c1020e80a173fb9903178,MSI MAG 255XF 24.5' Inch FHD 300Hz Rapid IPS 0.5ms Gaming Monitor,MSI,24.5 Inch,300Hz,1080p FHD,IPS,False,True,False,"Rs 60,500",60500,Brand New,Colombo,msi-mag-255xf-245-inch-fhd-300hz-rapid-ips-05ms-gaming-monitor-for-sale-colombo,https://ikman.lk/en/ad/msi-mag-255xf-245-inch-fhd-300hz-rapid-ips-05ms-gaming-monitor-for-sale-colombo,PC Cart Kesbewa ,True,20 days
6a7c0c4f7c421821e6a8c5a8,MSI MAG 255F E20 24.5' Inch FHD 200Hz Rapid IPS 0.5ms Gaming Monitor,MSI,24.5 Inch,200Hz,1080p FHD,IPS,False,True,False,"Rs 55,000",55000,Brand New,Colombo,msi-mag-255f-e20-245-inch-fhd-200hz-rapid-ips-05ms-gaming-monitor-for-sale-colombo-1,https://ikman.lk/en/ad/msi-mag-255f-e20-245-inch-fhd-200hz-rapid-ips-05ms-gaming-monitor-for-sale-colombo-1,PC Cart Express Maharagama,True,20 days
6a7c0c3441fea11e04a8c55b,MSI MAG 255F E20 24.5' Inch FHD 200Hz Rapid IPS 0.5ms Gaming Monitor,MSI,24.5 Inch,200Hz,1080p FHD,IPS,False,True,False,"Rs 55,000",55000,Brand New,Colombo,msi-mag-255f-e20-245-inch-fhd-200hz-rapid-ips-05ms-gaming-monitor-for-sale-colombo,https://ikman.lk/en/ad/msi-mag-255f-e20-245-inch-fhd-200hz-rapid-ips-05ms-gaming-monitor-for-sale-colombo,PC Cart Kesbewa ,True,20 days
6a7bfd3191835331a6a51881,22 inch FHD HDMI Monitor,Other,22 Inch,60Hz,1080p FHD,Standard,False,False,False,"Rs 8,990",8990,Used,Kandy,22-inch-fhd-hdmi-monitor-for-sale-kandy,https://ikman.lk/en/ad/22-inch-fhd-hdmi-monitor-for-sale-kandy,,False,20 days
6a7bd925d800eeeb3e463130,Evis Monitor,Other,Unknown,60Hz,Unknown,Standard,False,False,False,"Rs 9,000",9000,Used,Badulla,evis-minister-for-sale-badulla,https://ikman.lk/en/ad/evis-minister-for-sale-badulla,,False,20 days
6a7bcf2924a7da37c3902e47,Computer Monitor,Other,Unknown,60Hz,Unknown,Standard,False,False,False,"Rs 5,000",5000,Used,Matara,computer-monitor-for-sale-matara,https://ikman.lk/en/ad/computer-monitor-for-sale-matara,,False,20 days
6a7b9641ac6d0d6b6cc407b6,"24"" Frameless Monitor",Other,24 Inch,60Hz,1080p FHD,Standard,False,False,True,"Rs 23,500",23500,Used,Gampaha,24-frameless-monitor-for-sale-gampaha,https://ikman.lk/en/ad/24-frameless-monitor-for-sale-gampaha,,False,20 days
6982ec3cc0eaabd3b2594551,HP 27’ inch IPS Full HD Frameless,HP,27 Inch,60Hz,1080p FHD,IPS,False,False,True,"Rs 32,000",32000,Used,Colombo,hp-27-inch-ips-full-hd-frameless-for-sale-colombo,https://ikman.lk/en/ad/hp-27-inch-ips-full-hd-frameless-for-sale-colombo,PC TECH COMPUTER,True,20 days
6a7b6daf37a9124535ab18e0,"Curved Monitor 32"" 2K (2560 × 1440P) 144HZ |GAMING|QHD",Other,32 Inch,144Hz,2K QHD,Standard,True,True,False,"Rs 55,250",55250,Used,Gampaha,curved-monitor-32-2k-2560-x-1440p-144hz-gamingqhd-for-sale-gampaha,https://ikman.lk/en/ad/curved-monitor-32-2k-2560-x-1440p-144hz-gamingqhd-for-sale-gampaha,ShaTech Zone,True,20 days
6a7b69aecb8fba41c100209d,"MONITOR 24"" IPS (1980 x 1080P) FRAMELESS|HDMI|FHD",Other,24 Inch,60Hz,1080p FHD,IPS,False,False,True,"Rs 21,150",21150,Used,Colombo,monitor-24-ips-1980-x-1080p-framelesshdmifhd-for-sale-colombo,https://ikman.lk/en/ad/monitor-24-ips-1980-x-1080p-framelesshdmifhd-for-sale-colombo,ShaTech Zone,True,20 days
6a7b381c4864d1bbb99683c5,18.5” Dell Monitor,Dell,Unknown,60Hz,Unknown,Standard,False,False,False,"Rs 10,000",10000,Used,Colombo,185-dell-monitor-for-sale-colombo,https://ikman.lk/en/ad/185-dell-monitor-for-sale-colombo,,False,21 days
6a7b463d9b361621409deb97,"23"" IPS FRAMELESS MONITOR (1980 x 1080P) HDMI|FHD",Other,23 Inch,60Hz,1080p FHD,IPS,False,False,True,"Rs 19,450",19450,Used,Gampaha,23-ips-frameless-monitor-1980-x-1080p-hdmifhd-for-sale-gampaha-1,https://ikman.lk/en/ad/23-ips-frameless-monitor-1980-x-1080p-hdmifhd-for-sale-gampaha-1,ShaTech Zone,True,21 days
6a7b42fe0cda7e6d6d122d0f,"MONITOR 27"" IPS FRAMELESS (1980 x 1080P) HDMI|FHD",Other,27 Inch,60Hz,1080p FHD,IPS,False,False,True,"Rs 33,850",33850,Used,Colombo,monitor-27-ips-frameless-1980-x-1080p-hdmifhd-for-sale-colombo,https://ikman.lk/en/ad/monitor-27-ips-frameless-1980-x-1080p-hdmifhd-for-sale-colombo,ShaTech Zone,True,21 days
6a7b2006c75bb70cd0adaa6b,BenQ GW2791 27 Inch Full HD IPS 100 Hz Eye Care Monitor,Benq,27 Inch,100Hz,1080p FHD,IPS,False,False,False,"Rs 42,000",42000,Brand New,Colombo,benq-gw2791-27-inch-full-hd-ips-100-hz-eye-care-monitor-for-sale-colombo,https://ikman.lk/en/ad/benq-gw2791-27-inch-full-hd-ips-100-hz-eye-care-monitor-for-sale-colombo,PC Cart Kesbewa ,True,21 days
6a7b1fa540384b1aba16f8f1,BenQ GW2790TC 27 Inch Full HD IPS 144Hz Eye Care Monitor,Benq,27 Inch,144Hz,1080p FHD,IPS,False,False,False,"Rs 66,000",66000,Brand New,Colombo,benq-gw2790tc-27-inch-full-hd-ips-144hz-eye-care-monitor-for-sale-colombo,https://ikman.lk/en/ad/benq-gw2790tc-27-inch-full-hd-ips-144hz-eye-care-monitor-for-sale-colombo,PC Cart Kesbewa ,True,21 days
6a7b1f272ccf07f22f7fe396,BenQ GW2491 24 Inch Full HD IPS 100 Hz Eye Care Monitor,Benq,24 Inch,100Hz,1080p FHD,IPS,False,False,False,"Rs 34,000",34000,Brand New,Colombo,benq-gw2491-24-inch-full-hd-ips-100-hz-eye-care-monitor-for-sale-colombo,https://ikman.lk/en/ad/benq-gw2491-24-inch-full-hd-ips-100-hz-eye-care-monitor-for-sale-colombo,PC Cart Kesbewa ,True,21 days
6a7b1de31f94d616c9ab1752,BenQ EW3290U 32 Inch 4K (3840x2160) HDR10 IPS Monitor,Benq,32 Inch,60Hz,4K UHD,IPS,False,False,False,"Rs 192,000",192000,Brand New,Colombo,benq-ew3290u-32-inch-4k-3840x2160-hdr10-ips-monitor-for-sale-colombo,https://ikman.lk/en/ad/benq-ew3290u-32-inch-4k-3840x2160-hdr10-ips-monitor-for-sale-colombo,PC Cart Kesbewa ,True,21 days
6a7b1d6f694bf424f19deaf8,"Asus VY279HGR 27"" Inch Full HD IPS Level 120Hz Adaptive Sync Monitor",Asus,27 Inch,120Hz,1080p FHD,IPS,False,False,False,"Rs 45,000",45000,Brand New,Colombo,asus-vy279hgr-27-inch-full-hd-ips-level-120hz-adaptive-sync-monitor-for-sale-colombo-78,https://ikman.lk/en/ad/asus-vy279hgr-27-inch-full-hd-ips-level-120hz-adaptive-sync-monitor-for-sale-colombo-78,PC Cart Kesbewa ,True,21 days
6a7b0b3e694bf424f19dea89,ACER EK1 EK271 27 Inch 144Hz 1ms FHD IPS Monitor,Acer,27 Inch,144Hz,1080p FHD,IPS,False,False,False,"Rs 39,000",39000,Brand New,Colombo,acer-ek1-ek271-27-inch-144hz-1ms-fhd-ips-monitor-for-sale-colombo-1,https://ikman.lk/en/ad/acer-ek1-ek271-27-inch-144hz-1ms-fhd-ips-monitor-for-sale-colombo-1,PC Cart Express Maharagama,True,21 days
6a7b0b19694bf424f19dea86,ACER EK1 EK271 27 Inch 144Hz 1ms FHD IPS Monitor,Acer,27 Inch,144Hz,1080p FHD,IPS,False,False,False,"Rs 39,000",39000,Brand New,Colombo,acer-ek1-ek271-27-inch-144hz-1ms-fhd-ips-monitor-for-sale-colombo,https://ikman.lk/en/ad/acer-ek1-ek271-27-inch-144hz-1ms-fhd-ips-monitor-for-sale-colombo,PC Cart Kesbewa ,True,21 days
6a7b0add40384b1aba16f82b,ACER EK1 EK251Q 25 Inch 144Hz 1ms FHD IPS Monitor,Acer,25 Inch,144Hz,1080p FHD,IPS,False,False,False,"Rs 33,500",33500,Brand New,Colombo,acer-ek1-ek251q-25-inch-144hz-1ms-fhd-ips-monitor-for-sale-colombo-1,https://ikman.lk/en/ad/acer-ek1-ek251q-25-inch-144hz-1ms-fhd-ips-monitor-for-sale-colombo-1,PC Cart Express Maharagama,True,21 days
6a7b0ab8c7b4d973f0d94860,ACER EK1 EK251Q 25 Inch 144Hz 1ms FHD IPS Monitor,Acer,25 Inch,144Hz,1080p FHD,IPS,False,False,False,"Rs 33,500",33500,Brand New,Colombo,acer-ek1-ek251q-25-inch-144hz-1ms-fhd-ips-monitor-for-sale-colombo,https://ikman.lk/en/ad/acer-ek1-ek251q-25-inch-144hz-1ms-fhd-ips-monitor-for-sale-colombo,PC Cart Kesbewa ,True,21 days
6a7b039fac528c688dd9481d,"KOORUI 27"" 27E6QCA QHD VA 180Hz CURVED GAMING MONITOR",Other,27 Inch,180Hz,2K QHD,VA,True,True,False,"Rs 59,000",59000,Brand New,Colombo,koorui-27-27e6qca-qhd-va-180hz-curved-gaming-monitor-for-sale-colombo-1,https://ikman.lk/en/ad/koorui-27-27e6qca-qhd-va-180hz-curved-gaming-monitor-for-sale-colombo-1,PC Cart Express Maharagama,True,21 days
6a7b0397751876c8eaada9cb,"KOORUI 27"" 27E6QCA QHD VA 180Hz CURVED GAMING MONITOR",Other,27 Inch,180Hz,2K QHD,VA,True,True,False,"Rs 59,000",59000,Brand New,Colombo,koorui-27-27e6qca-qhd-va-180hz-curved-gaming-monitor-for-sale-colombo,https://ikman.lk/en/ad/koorui-27-27e6qca-qhd-va-180hz-curved-gaming-monitor-for-sale-colombo,PC Cart Kesbewa ,True,21 days
671ca259fae1f8003e67a1b4,23 Inch LED Used Monitors,Other,23 Inch,60Hz,Unknown,Standard,False,False,False,"Rs 14,800",14800,Used,Gampaha,23-inch-led-used-monitors-for-sale-gampaha,https://ikman.lk/en/ad/23-inch-led-used-monitors-for-sale-gampaha,U TECZONE,True,21 days
6a7ae806b9325bafe9e8d6e0,"Samsung F24T450FQE 24"" Inch Full HD IPS Frameless HDMI Used Monitor",Samsung,24 Inch,60Hz,1080p FHD,IPS,False,False,True,"Rs 20,990",20990,Used,Colombo,samsung-f24t450fqe-24-inch-full-hd-ips-frameless-hdmi-used-monitor-for-sale-colombo-61,https://ikman.lk/en/ad/samsung-f24t450fqe-24-inch-full-hd-ips-frameless-hdmi-used-monitor-for-sale-colombo-61,Max Core PC,True,21 days
6a7ae11ce47009f45c082379,Koorui G2411P 24 Inch IPS FHD 200Hz Gaming Monitor,Other,24 Inch,200Hz,1080p FHD,IPS,False,True,False,"Rs 39,000",39000,Brand New,Colombo,koorui-g2411p-24-inch-ips-fhd-200hz-gaming-monitor-for-sale-colombo-26,https://ikman.lk/en/ad/koorui-g2411p-24-inch-ips-fhd-200hz-gaming-monitor-for-sale-colombo-26,Computer Store.lk Pvt Ltd,True,21 days
6a7aded88391270065082367,KOORUI 27E6QCA QHD VA 180Hz 27″ CURVED GAMING MONITOR BRAND NEW,Other,27 Inch,180Hz,2K QHD,VA,True,True,False,"Rs 58,500",58500,Brand New,Colombo,koorui-27e6qca-qhd-va-180hz-27-curved-gaming-monitor-brand-new-for-sale-colombo-2,https://ikman.lk/en/ad/koorui-27e6qca-qhd-va-180hz-27-curved-gaming-monitor-brand-new-for-sale-colombo-2,Computer Store.lk Pvt Ltd,True,21 days
6a7ade5578a5cfa64708ee8e,"KOORUI G3221SC 2K 170Hz 90% DCI-P3 32"" Curved Gaming Monitor",Other,32 Inch,170Hz,2K QHD,Standard,True,True,False,"Rs 70,900",70900,Brand New,Colombo,koorui-g3221sc-2k-170hz-90-percent-dci-p3-32-curved-gaming-monitor-for-sale-colombo-5,https://ikman.lk/en/ad/koorui-g3221sc-2k-170hz-90-percent-dci-p3-32-curved-gaming-monitor-for-sale-colombo-5,Computer Store.lk Pvt Ltd,True,21 days
6a7ad953f83444b43f150bc7,"ViewSonic VX3480-2K-PRO 34"" UWQHD Gaming Monitor",Viewsonic,34 Inch,60Hz,2K QHD,Standard,False,True,False,"Rs 133,990",133990,Brand New,Colombo,viewsonic-vx3480-2k-pro-34-uwqhd-gaming-monitor-for-sale-colombo-9,https://ikman.lk/en/ad/viewsonic-vx3480-2k-pro-34-uwqhd-gaming-monitor-for-sale-colombo-9,Computer Store.lk Pvt Ltd,True,21 days
6a7ad8a657a6091e21f60cf0,"MSI Optix MAG401QR 40"" UWQHD IPS 155Hz 1ms Adaptive Sync Gaming Monitor",MSI,40 Inch,155Hz,2K QHD,IPS,False,True,False,"Rs 185,000",185000,Brand New,Colombo,msi-optix-mag401qr-40-uwqhd-ips-155hz-1ms-adaptive-sync-gaming-monitor-for-sale-colombo-7,https://ikman.lk/en/ad/msi-optix-mag401qr-40-uwqhd-ips-155hz-1ms-adaptive-sync-gaming-monitor-for-sale-colombo-7,Computer Store.lk Pvt Ltd,True,21 days
6a7ad6ab0b403b1827c71c9c,HP E243 Frameless Ips Monitor Elite Display 24″,HP,24 Inch,60Hz,1080p FHD,IPS,False,False,True,"Rs 23,000",23000,Used,Colombo,hp-e243-frameless-ips-monitor-elite-display-24-for-sale-colombo-8,https://ikman.lk/en/ad/hp-e243-frameless-ips-monitor-elite-display-24-for-sale-colombo-8,Computer Store.lk Pvt Ltd,True,21 days
6a7ad2848247d6c2ce5f11ba,"Samsung F24T450FQE 24"" Inch Full HD IPS Frameless HDMI Used Monitor",Samsung,24 Inch,60Hz,1080p FHD,IPS,False,False,True,"Rs 20,990",20990,Used,Colombo,samsung-f24t450fqe-24-inch-full-hd-ips-frameless-hdmi-used-monitor-for-sale-colombo-60,https://ikman.lk/en/ad/samsung-f24t450fqe-24-inch-full-hd-ips-frameless-hdmi-used-monitor-for-sale-colombo-60,Computer Store.lk Pvt Ltd,True,21 days
6a7ad06e04cd62e797d20e43,MSI PRO MP275Q E14 27” 144HZ WQHD 2K IPS MONITOR,MSI,27 Inch,144Hz,2K QHD,IPS,False,False,False,"Rs 70,500",70500,Brand New,Colombo,msi-pro-mp275q-e14-27-144hz-wqhd-2k-ips-monitor-for-sale-colombo-1,https://ikman.lk/en/ad/msi-pro-mp275q-e14-27-144hz-wqhd-2k-ips-monitor-for-sale-colombo-1,PC Cart Express Maharagama,True,21 days
6a7ad03978a5cfa64708edf8,MSI PRO MP275Q E14 27” 144HZ WQHD 2K IPS MONITOR,MSI,27 Inch,144Hz,2K QHD,IPS,False,False,False,"Rs 70,500",70500,Brand New,Colombo,msi-pro-mp275q-e14-27-144hz-wqhd-2k-ips-monitor-for-sale-colombo,https://ikman.lk/en/ad/msi-pro-mp275q-e14-27-144hz-wqhd-2k-ips-monitor-for-sale-colombo,PC Cart Kesbewa ,True,21 days
6a7ac93f9c1b0486c1c10254,Brandnew Acer 27 Inch Monitors (144Hz),Acer,27 Inch,144Hz,1080p FHD,Standard,False,False,False,"Rs 37,500",37500,Brand New,Colombo,brandnew-acer-27-inch-monitors-144hz-for-sale-colombo-7,https://ikman.lk/en/ad/brandnew-acer-27-inch-monitors-144hz-for-sale-colombo-7, Laptop Market,True,21 days
6a7ac6e5bc781b577df60c1c,"Acer EK251 P6BI 25"" Inch 144Hz IPS HDMI Frameless Gaming Monitor",Acer,25 Inch,144Hz,HD,IPS,False,True,True,"Rs 31,500",31500,Brand New,Colombo,acer-ek251-p6bi-25-inch-144hz-ips-hdmi-frameless-gaming-monitor-for-sale-colombo-56,https://ikman.lk/en/ad/acer-ek251-p6bi-25-inch-144hz-ips-hdmi-frameless-gaming-monitor-for-sale-colombo-56,Max Core PC,True,21 days
6a7ac626303eba27e9d20da4,"MSI Pro MP243L E14 24.5"" Inch 144Hz 1ms FHD IPS Productivity Monitor",MSI,24.5 Inch,144Hz,1080p FHD,IPS,False,False,False,"Rs 33,500",33500,Brand New,Colombo,msi-pro-mp243l-e14-245-inch-144hz-1ms-fhd-ips-productivity-monitor-for-sale-colombo-32,https://ikman.lk/en/ad/msi-pro-mp243l-e14-245-inch-144hz-1ms-fhd-ips-productivity-monitor-for-sale-colombo-32,Max Core PC,True,21 days
6a7ac5c4e2929cac62a49e33,"MSI Pro MP225 E12VL 21.5"" Inch 120HZ FHD Slim Frameless Monitor",MSI,21.5 Inch,120Hz,1080p FHD,Standard,False,False,True,"Rs 26,500",26500,Brand New,Colombo,msi-pro-mp225-e12vl-215-inch-120hz-fhd-slim-frameless-monitor-for-sale-colombo-8,https://ikman.lk/en/ad/msi-pro-mp225-e12vl-215-inch-120hz-fhd-slim-frameless-monitor-for-sale-colombo-8,Max Core PC,True,21 days
6a7abd8b847e1d213e18abc3,Brand New Acer Vero Series CB272 P6BMIPRX 144HZ Full HD Monitor,Acer,Unknown,144Hz,1080p FHD,Standard,False,False,False,"Rs 44,990",44990,Brand New,Colombo,brand-new-acer-vero-series-cb272-p6bmiprx-144hz-full-hd-monitor-for-sale-colombo-73,https://ikman.lk/en/ad/brand-new-acer-vero-series-cb272-p6bmiprx-144hz-full-hd-monitor-for-sale-colombo-73,Myitem.lk (PVT) Ltd,True,21 days
6a7ab93ba0dba4f784f60b19,Dell UltraSharp 24.9 inch IPS frameless Type C monitor,Dell,24.9 Inch,60Hz,Unknown,IPS,False,False,True,"Rs 26,800",26800,Brand New,Colombo,dell-ultrasharp-249-inch-ips-frameless-type-c-monitor-for-sale-colombo-1,https://ikman.lk/en/ad/dell-ultrasharp-249-inch-ips-frameless-type-c-monitor-for-sale-colombo-1,,False,21 days
6a7ab975bc781b577df60b3d,"Acer EK271 27"" Inch 144Hz IPS HDMI Frameless Gaming Monitor",Acer,27 Inch,144Hz,HD,IPS,False,True,True,"Rs 37,000",37000,Brand New,Colombo,acer-ek271-27-inch-144hz-ips-hdmi-frameless-gaming-monitor-for-sale-colombo-93,https://ikman.lk/en/ad/acer-ek271-27-inch-144hz-ips-hdmi-frameless-gaming-monitor-for-sale-colombo-93,Myitem.lk (PVT) Ltd,True,21 days
6a7ab88304cd62e797d20cdd,"MSI Pro MP243L E14 24.5"" Inch 144Hz 1ms FHD IPS Productivity Monitor",MSI,24.5 Inch,144Hz,1080p FHD,IPS,False,False,False,"Rs 33,500",33500,Brand New,Colombo,msi-pro-mp243l-e14-245-inch-144hz-1ms-fhd-ips-productivity-monitor-for-sale-colombo-31,https://ikman.lk/en/ad/msi-pro-mp243l-e14-245-inch-144hz-1ms-fhd-ips-productivity-monitor-for-sale-colombo-31,Computer Store.lk Pvt Ltd,True,21 days
6a7ab8122bd0f8dc67f22976,"MSI PRO MP225 E12VL 21.5"" Inch 120Hz 1ms FHD Slim Frameless Monitor",MSI,21.5 Inch,120Hz,1080p FHD,Standard,False,False,True,"Rs 26,500",26500,Brand New,Colombo,msi-pro-mp225-e12vl-215-inch-120hz-1ms-fhd-slim-frameless-monitor-for-sale-colombo-33,https://ikman.lk/en/ad/msi-pro-mp225-e12vl-215-inch-120hz-1ms-fhd-slim-frameless-monitor-for-sale-colombo-33,Computer Store.lk Pvt Ltd,True,21 days
6a7ab6fb28a0d42a80e8d48a,Philips HDMI IPS Frameless 24 Inch Monitor,Philips,24 Inch,60Hz,HD,IPS,False,False,True,"Rs 24,800",24800,Brand New,Jaffna,philips-hdmi-ips-frameless-24-inch-monitor-for-sale-jaffna,https://ikman.lk/en/ad/philips-hdmi-ips-frameless-24-inch-monitor-for-sale-jaffna,,False,21 days
6a7ab5d22ef0aa2f2714f514,Koorui E2411K 24 INCH 144HZ IPS FHD Brand New Monitor,Other,24 Inch,144Hz,1080p FHD,IPS,False,False,False,"Rs 33,000",33000,Brand New,Colombo,koorui-e2411k-24-inch-144hz-ips-fhd-brand-new-monitor-for-sale-colombo-8,https://ikman.lk/en/ad/koorui-e2411k-24-inch-144hz-ips-fhd-brand-new-monitor-for-sale-colombo-8,Myitem.lk (PVT) Ltd,True,21 days
6929f3019ffd6781ac6e058e,17’ Square Monitor,Other,Unknown,60Hz,Unknown,Standard,False,False,False,"Rs 5,900",5900,Used,Colombo,17-square-monitor-for-sale-colombo-24,https://ikman.lk/en/ad/17-square-monitor-for-sale-colombo-24,PC TECH COMPUTER,True,21 days
6a7a845cb9325bafe9e8d224,"Dell P2419H 24"" Full HD IPS Monitor",Dell,24 Inch,60Hz,1080p FHD,IPS,False,False,False,"Rs 18,500",18500,Used,Colombo,dell-p2419h-24-full-hd-ips-monitor-for-sale-colombo-5,https://ikman.lk/en/ad/dell-p2419h-24-full-hd-ips-monitor-for-sale-colombo-5,,False,21 days
69d0877b6136498879300aa4,24’inch P24H G4 IPS Frameless,Other,24 Inch,60Hz,1080p FHD,IPS,False,False,True,"Rs 32,500",32500,Brand New,Colombo,24inch-p24h-g4-ips-frameless-for-sale-colombo,https://ikman.lk/en/ad/24inch-p24h-g4-ips-frameless-for-sale-colombo,PC TECH COMPUTER,True,21 days
69d1da38fb5be06592a5f321,HP E233 23’inch IPS Frameless,HP,23 Inch,60Hz,Unknown,IPS,False,False,True,"Rs 29,500",29500,Brand New,Colombo,hp-e233-23inch-ips-frameless-for-sale-colombo,https://ikman.lk/en/ad/hp-e233-23inch-ips-frameless-for-sale-colombo,PC TECH COMPUTER,True,21 days
69d085d18413f6b08391decf,22’Inch P22H G4 IPS frameless,Other,22 Inch,60Hz,1080p FHD,IPS,False,False,True,"Rs 27,500",27500,Brand New,Colombo,22inch-p22h-g4-ips-frameless-for-sale-colombo,https://ikman.lk/en/ad/22inch-p22h-g4-ips-frameless-for-sale-colombo,PC TECH COMPUTER,True,21 days
69d557baccce64e890b06eed,HP L6017m Touch Screen Monitor POS System,HP,Unknown,60Hz,Unknown,Standard,False,False,False,"Rs 42,500",42500,Brand New,Colombo,hp-l6017m-touch-screen-monitor-pos-system-for-sale-colombo-1,https://ikman.lk/en/ad/hp-l6017m-touch-screen-monitor-pos-system-for-sale-colombo-1,PC TECH COMPUTER,True,21 days
6a7a15893b5f60f1859760e9,"32"" 2K 144HZ Curved Monitor (2560 × 1440P) GAMING|QHD",Other,32 Inch,144Hz,2K QHD,Standard,True,True,False,"Rs 55,250",55250,Used,Gampaha,32-2k-144hz-curved-monitor-2560-x-1440p-gamingqhd-for-sale-gampaha,https://ikman.lk/en/ad/32-2k-144hz-curved-monitor-2560-x-1440p-gamingqhd-for-sale-gampaha,ShaTech Zone,True,21 days
6a7a14ae89c3ce86eb4d573b,"Asus Monitor 24"" IPS|120HZ|Frameless (New) Eye Care|1ms (MPRT)|Gaming",Asus,24 Inch,120Hz,1080p FHD,IPS,False,True,True,"Rs 32,950",32950,Brand New,Gampaha,asus-monitor-24-ips120hzframeless-new-eye-care1ms-mprtgaming-for-sale-gampaha,https://ikman.lk/en/ad/asus-monitor-24-ips120hzframeless-new-eye-care1ms-mprtgaming-for-sale-gampaha,ShaTech Zone,True,21 days
6a79c8aa82e2d11e7eaa2ee4,MSI Modern MD272QXP 27″ Business and Productivity Monitor 100Hz 2K WQHD,MSI,27 Inch,100Hz,2K QHD,Standard,False,False,False,"Rs 95,000",95000,Brand New,Colombo,msi-modern-md272qxp-27-business-and-productivity-monitor-100hz-2k-wqhd-for-sale-colombo-21,https://ikman.lk/en/ad/msi-modern-md272qxp-27-business-and-productivity-monitor-100hz-2k-wqhd-for-sale-colombo-21,Max Core PC,True,22 days
6a79bd2b5071d840584a8278,32 INCH SAMSUNG IPS HDMI 2K USED MONITOR,Samsung,32 Inch,60Hz,2K QHD,IPS,False,False,False,"Rs 39,000",39000,Used,Colombo,32-inch-samsung-ips-hdmi-2k-used-monitor-for-sale-colombo-10,https://ikman.lk/en/ad/32-inch-samsung-ips-hdmi-2k-used-monitor-for-sale-colombo-10,Mdcomputers.lk(Pvt) Ltd,True,22 days
6a79bc6a93c4f2d73735c8a0,27 INCH DELL P2714HC IPS LED USED MONITOR,Dell,27 Inch,60Hz,1080p FHD,IPS,False,False,False,"Rs 28,000",28000,Used,Colombo,27-inch-dell-p2714hc-ips-led-used-monitor-for-sale-colombo-25,https://ikman.lk/en/ad/27-inch-dell-p2714hc-ips-led-used-monitor-for-sale-colombo-25,Mdcomputers.lk(Pvt) Ltd,True,22 days
6a79bb872090e611c435c875,24 INCH DELL P2422HE IPS FRAMELESS USED TYPE-C FHD MONITOR,Dell,24 Inch,60Hz,1080p FHD,IPS,False,False,True,"Rs 27,500",27500,Used,Colombo,24-inch-dell-p2422he-ips-frameless-used-type-c-fhd-monitor-for-sale-colombo-13,https://ikman.lk/en/ad/24-inch-dell-p2422he-ips-frameless-used-type-c-fhd-monitor-for-sale-colombo-13,Mdcomputers.lk(Pvt) Ltd,True,22 days
6a79badc6af751934d6e5cb3,27 INCH LENOVO THINKVISION IPS FHD HDMI USED MONITOR,Lenovo,27 Inch,60Hz,1080p FHD,IPS,False,False,False,"Rs 27,500",27500,Used,Colombo,27-inch-lenovo-thinkvision-ips-fhd-hdmi-used-monitor-for-sale-colombo-41,https://ikman.lk/en/ad/27-inch-lenovo-thinkvision-ips-fhd-hdmi-used-monitor-for-sale-colombo-41,Mdcomputers.lk(Pvt) Ltd,True,22 days
6a79b9a0677aad78a30d8a6e,27 INCH ATEC FULL HD LED USED MONITOR,Other,27 Inch,60Hz,1080p FHD,Standard,False,False,False,"Rs 21,500",21500,Used,Colombo,27-inch-atec-full-hd-led-used-monitor-for-sale-colombo-73,https://ikman.lk/en/ad/27-inch-atec-full-hd-led-used-monitor-for-sale-colombo-73,Mdcomputers.lk(Pvt) Ltd,True,22 days
6a79b086140b42c8875bfb34,Dell 20” IPS Monitor,Dell,20 Inch,60Hz,Unknown,IPS,False,False,False,"Rs 10,900",10900,Used,Colombo,dell-20-ips-monitor-for-sale-colombo-5,https://ikman.lk/en/ad/dell-20-ips-monitor-for-sale-colombo-5,Computer House,True,22 days
6a79b05271c29e8b0a6e5c60,"MSI Pro MP243L E14 24.5"" Inch 144Hz 1ms FHD IPS Productivity Monitor",MSI,24.5 Inch,144Hz,1080p FHD,IPS,False,False,False,"Rs 33,500",33500,Brand New,Colombo,msi-pro-mp243l-e14-245-inch-144hz-1ms-fhd-ips-productivity-monitor-for-sale-colombo-30,https://ikman.lk/en/ad/msi-pro-mp243l-e14-245-inch-144hz-1ms-fhd-ips-productivity-monitor-for-sale-colombo-30,Max Core PC,True,22 days
6a79af6341b935dea1cdf2f1,"Acer EK251 P6BI 25"" Inch 144Hz IPS HDMI Frameless Gaming Monitor",Acer,25 Inch,144Hz,HD,IPS,False,True,True,"Rs 31,500",31500,Brand New,Colombo,acer-ek251-p6bi-25-inch-144hz-ips-hdmi-frameless-gaming-monitor-for-sale-colombo-55,https://ikman.lk/en/ad/acer-ek251-p6bi-25-inch-144hz-ips-hdmi-frameless-gaming-monitor-for-sale-colombo-55,Max Core PC,True,22 days
6a79a929bc55896bc1354785,KOORUI G2711P FHD IPS 27INCH 200HZ BRAND NEW GAMING MONITOR,Other,27 Inch,200Hz,1080p FHD,IPS,False,True,False,"Rs 51,500",51500,Brand New,Colombo,koorui-g2711p-fhd-ips-27inch-200hz-brand-new-gaming-monitor-for-sale-colombo-35,https://ikman.lk/en/ad/koorui-g2711p-fhd-ips-27inch-200hz-brand-new-gaming-monitor-for-sale-colombo-35,Myitem.lk (PVT) Ltd,True,22 days
6a79a719cb642d490a0d898d,"Asus VY279HGR 27"" Inch Full HD IPS Level 120Hz Adaptive Sync Monitor",Asus,27 Inch,120Hz,1080p FHD,IPS,False,False,False,"Rs 46,000",46000,Brand New,Colombo,asus-vy279hgr-27-inch-full-hd-ips-level-120hz-adaptive-sync-monitor-for-sale-colombo-77,https://ikman.lk/en/ad/asus-vy279hgr-27-inch-full-hd-ips-level-120hz-adaptive-sync-monitor-for-sale-colombo-77,Myitem.lk (PVT) Ltd,True,22 days
6a7994c241aeaf434635c6df,"Full HD IPS Dell P2419H 24"" Monitor",Dell,24 Inch,60Hz,1080p FHD,IPS,False,False,False,"Rs 29,900",29900,Used,Colombo,full-hd-ips-dell-p2419h-24-monitor-for-sale-colombo-3,https://ikman.lk/en/ad/full-hd-ips-dell-p2419h-24-monitor-for-sale-colombo-3,COMPUTER HUB,True,22 days
6a79850341b935dea1cdf163,"Emark 24"" EW2427SH 144Hz IPS Full HD Frameless Gaming Monitor",Other,24 Inch,144Hz,1080p FHD,IPS,False,True,True,"Rs 29,990",29990,Brand New,Colombo,emark-24-ew2427sh-144hz-ips-full-hd-frameless-gaming-monitor-for-sale-colombo-48,https://ikman.lk/en/ad/emark-24-ew2427sh-144hz-ips-full-hd-frameless-gaming-monitor-for-sale-colombo-48,Max Core PC,True,22 days
6a79848ca35e946a45286c7d,"ViewSonic VA2432A-H 24"" Inch Full HD IPS 120Hz Frameless Monitor New",Viewsonic,24 Inch,120Hz,1080p FHD,IPS,False,False,True,"Rs 35,500",35500,Brand New,Colombo,viewsonic-va2432a-h-24-inch-full-hd-ips-120hz-frameless-monitor-new-for-sale-colombo-102,https://ikman.lk/en/ad/viewsonic-va2432a-h-24-inch-full-hd-ips-120hz-frameless-monitor-new-for-sale-colombo-102,Max Core PC,True,22 days
6a7982c540d3b8be29286c5d,Dell UltraSharp U2417H IPS Ful HD Frameless Monitor,Dell,Unknown,60Hz,HD,IPS,False,False,True,"Rs 27,000",27000,Used,Colombo,dell-ultrasharp-u2417h-ips-ful-hd-frameless-monitor-for-sale-colombo-2,https://ikman.lk/en/ad/dell-ultrasharp-u2417h-ips-ful-hd-frameless-monitor-for-sale-colombo-2,Max Core PC,True,22 days
6a79820040d3b8be29286c53,MSI Pro MP245PG E14 23.8″ INCH 144HZ 1MS FHD FRAMELESS MONITOR NEW,MSI,23 Inch,144Hz,1080p FHD,Standard,False,False,True,"Rs 47,500",47500,Brand New,Colombo,msi-pro-mp245pg-e14-238-inch-144hz-1ms-fhd-frameless-monitor-new-for-sale-colombo-24,https://ikman.lk/en/ad/msi-pro-mp245pg-e14-238-inch-144hz-1ms-fhd-frameless-monitor-new-for-sale-colombo-24,Computer Store.lk Pvt Ltd,True,22 days
6a7981a593c4f2d73735c615,MSI Pro MP273 E14A 27 Inch 144Hz 1ms FHD IPS Productivity Monitor,MSI,27 Inch,144Hz,1080p FHD,IPS,False,False,False,"Rs 49,990",49990,Brand New,Colombo,msi-pro-mp273-e14a-27-inch-144hz-1ms-fhd-ips-productivity-monitor-for-sale-colombo-44,https://ikman.lk/en/ad/msi-pro-mp273-e14a-27-inch-144hz-1ms-fhd-ips-productivity-monitor-for-sale-colombo-44,Computer Store.lk Pvt Ltd,True,22 days
6a7981134125a40d941b8636,"MSI Pro MP243L E14 24.5"" Inch 144Hz 1ms FHD IPS Productivity Monitor",MSI,24.5 Inch,144Hz,1080p FHD,IPS,False,False,False,"Rs 33,500",33500,Brand New,Colombo,msi-pro-mp243l-e14-245-inch-144hz-1ms-fhd-ips-productivity-monitor-for-sale-colombo-29,https://ikman.lk/en/ad/msi-pro-mp243l-e14-245-inch-144hz-1ms-fhd-ips-productivity-monitor-for-sale-colombo-29,Computer Store.lk Pvt Ltd,True,22 days
6a7980c8bb079b0181ebf40b,"MSI PRO MP225 E12VL 21.5"" Inch 120Hz 1ms FHD Slim Frameless Monitor",MSI,21.5 Inch,120Hz,1080p FHD,Standard,False,False,True,"Rs 26,500",26500,Brand New,Colombo,msi-pro-mp225-e12vl-215-inch-120hz-1ms-fhd-slim-frameless-monitor-for-sale-colombo-32,https://ikman.lk/en/ad/msi-pro-mp225-e12vl-215-inch-120hz-1ms-fhd-slim-frameless-monitor-for-sale-colombo-32,Computer Store.lk Pvt Ltd,True,22 days
6a7973164efa0a41f8c49b5a,Acer Brand New 27”Monitors IPS 120GHz,Acer,27 Inch,60Hz,1080p FHD,IPS,False,False,False,"Rs 34,500",34500,Brand New,Ampara,acer-brand-new-27monitors-ips-120ghz-for-sale-ampara,https://ikman.lk/en/ad/acer-brand-new-27monitors-ips-120ghz-for-sale-ampara,Mufeeth,True,22 days
6a7972ed74ab319eeac49b54,"Koorui 22"" E2212H 100HZ 21.5 Inches FHD Brand New Monitor",Other,22 Inch,100Hz,1080p FHD,Standard,False,False,False,"Rs 25,500",25500,Brand New,Colombo,koorui-22-e2212h-100hz-215-inches-fhd-brand-new-monitor-for-sale-colombo-17,https://ikman.lk/en/ad/koorui-22-e2212h-100hz-215-inches-fhd-brand-new-monitor-for-sale-colombo-17,Myitem.lk (PVT) Ltd,True,22 days
6a79711ece56ef1e7d8abf29,"MSI Pro MP251L E2 25"" Inch 120HZ Full HD IPS Frameless Monitor",MSI,25 Inch,120Hz,1080p FHD,IPS,False,False,True,"Rs 32,000",32000,Brand New,Colombo,msi-pro-mp251l-e2-25-inch-120hz-full-hd-ips-frameless-monitor-for-sale-colombo-55,https://ikman.lk/en/ad/msi-pro-mp251l-e2-25-inch-120hz-full-hd-ips-frameless-monitor-for-sale-colombo-55,Myitem.lk (PVT) Ltd,True,22 days
6a796f9a9cb40cfb578eb12a,"Acer EK271 27"" Inch 144Hz IPS HDMI Frameless Gaming Monitor",Acer,27 Inch,144Hz,HD,IPS,False,True,True,"Rs 35,990",35990,Brand New,Colombo,acer-ek271-27-inch-144hz-ips-hdmi-frameless-gaming-monitor-for-sale-colombo-92,https://ikman.lk/en/ad/acer-ek271-27-inch-144hz-ips-hdmi-frameless-gaming-monitor-for-sale-colombo-92,Computer Store.lk Pvt Ltd,True,22 days
6a796f58a7385dd7edb23604,Computer Monitors | USED & NEW,Other,Unknown,60Hz,Unknown,Standard,False,False,False,"Rs 7,500",7500,Used,Gampaha,computer-monitors-used-and-new-for-sale-gampaha,https://ikman.lk/en/ad/computer-monitors-used-and-new-for-sale-gampaha,Comzonex,True,22 days
6a796f1ea7385dd7edb235fa,"Acer EK251 P6BI 25"" Inch 144Hz IPS HDMI Frameless Gaming Monitor",Acer,25 Inch,144Hz,HD,IPS,False,True,True,"Rs 31,500",31500,Brand New,Colombo,acer-ek251-p6bi-25-inch-144hz-ips-hdmi-frameless-gaming-monitor-for-sale-colombo-54,https://ikman.lk/en/ad/acer-ek251-p6bi-25-inch-144hz-ips-hdmi-frameless-gaming-monitor-for-sale-colombo-54,Computer Store.lk Pvt Ltd,True,22 days
6a796e383b74d5f93daa2ad1,"Samsung F24T450FQE 24"" Inch Full HD IPS Frameless HDMI Used Monitor",Samsung,24 Inch,60Hz,1080p FHD,IPS,False,False,True,"Rs 20,990",20990,Used,Colombo,samsung-f24t450fqe-24-inch-full-hd-ips-frameless-hdmi-used-monitor-for-sale-colombo-59,https://ikman.lk/en/ad/samsung-f24t450fqe-24-inch-full-hd-ips-frameless-hdmi-used-monitor-for-sale-colombo-59,Computer Store.lk Pvt Ltd,True,22 days
6a79678b2224254d31f5fb44,"Samsung 24"" Inch Full HD IPS Frameless HDMI Gaming Used Monitor",Samsung,24 Inch,60Hz,1080p FHD,IPS,False,True,True,"Rs 22,000",22000,Used,Colombo,samsung-24-inch-full-hd-ips-frameless-hdmi-gaming-used-monitor-for-sale-colombo-54,https://ikman.lk/en/ad/samsung-24-inch-full-hd-ips-frameless-hdmi-gaming-used-monitor-for-sale-colombo-54,Myitem.lk (PVT) Ltd,True,22 days
6a7965ce17f9f53efa80f7a6,"27"" IPS MONITOR (1980 x 1080P) HDMI FRAMELESS FHD",Other,27 Inch,60Hz,1080p FHD,IPS,False,False,True,"Rs 33,850",33850,Used,Gampaha,27-ips-monitor-1980-x-1080p-hdmi-frameless-fhd-for-sale-gampaha,https://ikman.lk/en/ad/27-ips-monitor-1980-x-1080p-hdmi-frameless-fhd-for-sale-gampaha,ShaTech Zone,True,22 days
6a796529463f6bc36ea7ad15,"24"" IPS MONITOR (1980 x 1080P) FRAMELESS|HDMI|FHD",Other,24 Inch,60Hz,1080p FHD,IPS,False,False,True,"Rs 21,150",21150,Used,Gampaha,24-ips-monitor-1980-x-1080p-framelesshdmifhd-for-sale-gampaha,https://ikman.lk/en/ad/24-ips-monitor-1980-x-1080p-framelesshdmifhd-for-sale-gampaha,ShaTech Zone,True,22 days
6a7964684d8980457ebbf4cb,"MONITOR 23"" IPS (1980 x 1080P) HDMI|FRAMELESS|FHD",Other,23 Inch,60Hz,1080p FHD,IPS,False,False,True,"Rs 19,450",19450,Used,Gampaha,monitor-23-ips-1980-x-1080p-hdmiframelessfhd-for-sale-gampaha,https://ikman.lk/en/ad/monitor-23-ips-1980-x-1080p-hdmiframelessfhd-for-sale-gampaha,ShaTech Zone,True,22 days
6a7960764d26b45fa4a7acc2,"KOORUI 27"" E2721H QHD IPS 120HZ 2K BRAND NEW GAMING MONITOR",Other,27 Inch,120Hz,2K QHD,IPS,False,True,False,"Rs 52,500",52500,Brand New,Colombo,koorui-27-e2721h-qhd-ips-120hz-2k-brand-new-gaming-monitor-for-sale-colombo-8,https://ikman.lk/en/ad/koorui-27-e2721h-qhd-ips-120hz-2k-brand-new-gaming-monitor-for-sale-colombo-8,Myitem.lk (PVT) Ltd,True,22 days
6a795e38114d684da88abdb0,"Acer 27"" Full HD Nitro Gaming Monitor - KG273 W3 240Hz Brand New",Acer,27 Inch,240Hz,1080p FHD,Standard,False,True,False,"Rs 49,500",49500,Brand New,Colombo,acer-27-full-hd-nitro-gaming-monitor-kg273-w3-240hz-brand-new-for-sale-colombo-69,https://ikman.lk/en/ad/acer-27-full-hd-nitro-gaming-monitor-kg273-w3-240hz-brand-new-for-sale-colombo-69,Myitem.lk (PVT) Ltd,True,22 days
6a795c12ac6d6ecf0d736302,"Emark 24"" EW2427SH 144Hz IPS Full HD Frameless Gaming Monitor",Other,24 Inch,144Hz,1080p FHD,IPS,False,True,True,"Rs 29,990",29990,Brand New,Colombo,emark-24-ew2427sh-144hz-ips-full-hd-frameless-gaming-monitor-for-sale-colombo-47,https://ikman.lk/en/ad/emark-24-ew2427sh-144hz-ips-full-hd-frameless-gaming-monitor-for-sale-colombo-47,Myitem.lk (PVT) Ltd,True,22 days
6a78958732d52773fa82f72e,"HP EliteDisplay E24 G4 24"" Frameless Full HD Monitor",HP,24 Inch,60Hz,1080p FHD,Standard,False,False,True,"Rs 23,999",23999,Used,Batticaloa,hp-elitedisplay-e24-g4-24-frameless-fullhd-monitor-for-sale-batticaloa,https://ikman.lk/en/ad/hp-elitedisplay-e24-g4-24-frameless-fullhd-monitor-for-sale-batticaloa,,False,23 days
6a78865a30d1fc11d5d603eb,Acer Monitor,Acer,Unknown,60Hz,Unknown,Standard,False,False,False,"Rs 5,000",5000,Used,Kurunegala,monitor-for-sale-kurunegala-165,https://ikman.lk/en/ad/monitor-for-sale-kurunegala-165,,False,23 days
6a788138c00cebec0128c3ba,"Dell 24"" Monitor Mount with Speaker - LED|WIDE",Dell,24 Inch,60Hz,1080p FHD,Standard,False,False,False,"Rs 13,950",13950,Used,Gampaha,dell-24-monitor-mount-with-speaker-ledwide-for-sale-gampaha,https://ikman.lk/en/ad/dell-24-monitor-mount-with-speaker-ledwide-for-sale-gampaha,ShaTech Zone,True,23 days
6a787fa5aac25652b601ed6e,"MONITOR 24"" IPS (1980 x 1080P) HDMI|FRAMELESS|FHD",Other,24 Inch,60Hz,1080p FHD,IPS,False,False,True,"Rs 21,150",21150,Used,Gampaha,monitor-24-ips-1980-x-1080p-hdmiframelessfhd-for-sale-gampaha,https://ikman.lk/en/ad/monitor-24-ips-1980-x-1080p-hdmiframelessfhd-for-sale-gampaha,ShaTech Zone,True,23 days
6a787f05ef3bf91ec101ed63,"23"" IPS MONITOR (1980 x 1080P) HDMI|FHD|FRAMELESS",Other,23 Inch,60Hz,1080p FHD,IPS,False,False,True,"Rs 19,450",19450,Used,Gampaha,23-ips-monitor-1980-x-1080p-hdmifhdframeless-for-sale-gampaha,https://ikman.lk/en/ad/23-ips-monitor-1980-x-1080p-hdmifhdframeless-for-sale-gampaha,ShaTech Zone,True,23 days
6a787e26c2d2386a9728c3e8,"Monitor Curved 32"" 2K (2560 × 1440P) GAMING|QHD|144HZ",Other,32 Inch,144Hz,2K QHD,Standard,True,True,False,"Rs 55,250",55250,Used,Gampaha,monitor-curved-32-2k-2560-x-1440p-gamingqhd144hz-for-sale-gampaha,https://ikman.lk/en/ad/monitor-curved-32-2k-2560-x-1440p-gamingqhd144hz-for-sale-gampaha,ShaTech Zone,True,23 days
6a786c552cfcc089eaee7143,"Acer Vero Series CB272 P6bmiprx 27"" Inch144Hz Full HD IPS Monitor NEW",Acer,27 Inch,144Hz,1080p FHD,IPS,False,False,False,"Rs 44,990",44990,Brand New,Colombo,acer-vero-series-cb272-p6bmiprx-27-inch144hz-full-hd-ips-monitor-new-for-sale-colombo-23,https://ikman.lk/en/ad/acer-vero-series-cb272-p6bmiprx-27-inch144hz-full-hd-ips-monitor-new-for-sale-colombo-23,Computer Store.lk Pvt Ltd,True,23 days
6a78695c7026add7a956268d,"Acer EK251 P6BI 25"" Inch 144Hz IPS HDMI Frameless Gaming Monitor",Acer,25 Inch,144Hz,HD,IPS,False,True,True,"Rs 31,500",31500,Brand New,Colombo,acer-ek251-p6bi-25-inch-144hz-ips-hdmi-frameless-gaming-monitor-for-sale-colombo-53,https://ikman.lk/en/ad/acer-ek251-p6bi-25-inch-144hz-ips-hdmi-frameless-gaming-monitor-for-sale-colombo-53,Computer Store.lk Pvt Ltd,True,23 days
6a7847c5f9950fa0ee646cb8,24 Inch LED Samsung Monitor,Samsung,24 Inch,60Hz,1080p FHD,Standard,False,False,False,"Rs 11,500",11500,Used,Gampaha,24-inch-led-samsung-monitor-for-sale-gampaha,https://ikman.lk/en/ad/24-inch-led-samsung-monitor-for-sale-gampaha,,False,23 days
6a78460d68611ba9cce6a650,Samsung 22-Inch LED Monitor –,Samsung,22 Inch,60Hz,1080p FHD,Standard,False,False,False,"Rs 12,000",12000,Used,Gampaha,samsung-22-inch-led-monitor-for-sale-for-sale-gampaha,https://ikman.lk/en/ad/samsung-22-inch-led-monitor-for-sale-for-sale-gampaha,,False,23 days
6a1b1e172858b38d9a8707d0,Samsung Professional Display 65 inch LH65QMFPLGC/XD UHD TV/ Displays,Samsung,65 Inch,60Hz,4K UHD,Standard,False,False,False,"Rs 125,000",125000,Used,Colombo,samsung-professional-display-65-inch-lh65qmfplgc-xd-uhd-tv-displays-for-sale-colombo,https://ikman.lk/en/ad/samsung-professional-display-65-inch-lh65qmfplgc-xd-uhd-tv-displays-for-sale-colombo,Acepro Trading (pvt) ltd,True,23 days
69242797ec6fe19ace838fb9,Dell 20 Inch Wide LED Used Monitors,Dell,20 Inch,60Hz,Unknown,Standard,False,False,False,"Rs 10,500",10500,Used,Gampaha,dell-20-inch-wide-led-used-monitors-for-sale-gampaha,https://ikman.lk/en/ad/dell-20-inch-wide-led-used-monitors-for-sale-gampaha,U TECZONE,True,23 days
68d4f6706caf118de4a35653,23 LED Monitor Used VGA DVI,Other,23 Inch,60Hz,Unknown,Standard,False,False,False,"Rs 14,800",14800,Used,Gampaha,23-led-monitor-used-vga-dvi-for-sale-gampaha,https://ikman.lk/en/ad/23-led-monitor-used-vga-dvi-for-sale-gampaha,U TECZONE,True,23 days
6a781f0a43ad8bf5729dc721,Brandnew Acer 27 Inch Monitors (144Hz),Acer,27 Inch,144Hz,1080p FHD,Standard,False,False,False,"Rs 37,500",37500,Brand New,Colombo,brandnew-acer-27-inch-monitors-144hz-for-sale-colombo-6,https://ikman.lk/en/ad/brandnew-acer-27-inch-monitors-144hz-for-sale-colombo-6, Laptop Market,True,23 days
6a780fae0b13aeaa542c948d,ThinkVision T22i-20 Frameless Monitor,Other,20 Inch,60Hz,Unknown,Standard,False,False,True,"Rs 15,500",15500,Used,Galle,thinkvision-t22i-20-frameless-monitor-for-sale-galle,https://ikman.lk/en/ad/thinkvision-t22i-20-frameless-monitor-for-sale-galle,,False,23 days
6a776a26fd1acd3d4036d626,"24"" IPS MONITOR (1980 x 1080P) HDMI|FRAMELESS|FHD",Other,24 Inch,60Hz,1080p FHD,IPS,False,False,True,"Rs 21,150",21150,Used,Gampaha,24-ips-monitor-1980-x-1080p-hdmiframelessfhd-for-sale-gampaha,https://ikman.lk/en/ad/24-ips-monitor-1980-x-1080p-hdmiframelessfhd-for-sale-gampaha,ShaTech Zone,True,23 days
6a77585915806c0a77170b05,"Monitor 24"" IPS|120HZ|Frameless (New) Eye Care|1ms (MPRT)|Gaming - Asus",Asus,24 Inch,120Hz,1080p FHD,IPS,False,True,True,"Rs 32,950",32950,Brand New,Gampaha,monitor-24-ips120hzframeless-new-eye-care1ms-mprtgaming-asus-for-sale-gampaha,https://ikman.lk/en/ad/monitor-24-ips120hzframeless-new-eye-care1ms-mprtgaming-asus-for-sale-gampaha,ShaTech Zone,True,24 days
6a77547f27b67ea4115119d8,"32"" 2K Monitor Curved (2560 × 1440P) GAMING|QHD|144HZ",Other,32 Inch,144Hz,2K QHD,Standard,True,True,False,"Rs 55,250",55250,Used,Colombo,32-2k-monitor-curved-2560-x-1440p-gamingqhd144hz-for-sale-colombo,https://ikman.lk/en/ad/32-2k-monitor-curved-2560-x-1440p-gamingqhd144hz-for-sale-colombo,ShaTech Zone,True,24 days
6a75af8085995f10cfcef352,19 inch Dell monitor,Dell,19 Inch,60Hz,Unknown,Standard,False,False,False,"Rs 13,000",13000,Used,Galle,19-inch-dell-monitor-for-sale-galle,https://ikman.lk/en/ad/19-inch-dell-monitor-for-sale-galle,,False,24 days
6a772939be55b8734403a3ec,"MONITOR 23"" IPS FRAMELESS (1980 x 1080P) HDMI|FHD",Other,23 Inch,60Hz,1080p FHD,IPS,False,False,True,"Rs 19,450",19450,Used,Gampaha,monitor-23-ips-frameless-1980-x-1080p-hdmifhd-for-sale-gampaha,https://ikman.lk/en/ad/monitor-23-ips-frameless-1980-x-1080p-hdmifhd-for-sale-gampaha,ShaTech Zone,True,24 days
6a77257e15806c0a77170a01,"24"" Dell Monitor Mount with Speaker|WIDE|LED",Dell,24 Inch,60Hz,1080p FHD,Standard,False,False,False,"Rs 13,950",13950,Used,Gampaha,24-dell-monitor-mount-with-speakerwideled-for-sale-gampaha,https://ikman.lk/en/ad/24-dell-monitor-mount-with-speakerwideled-for-sale-gampaha,ShaTech Zone,True,24 days
6a771424f321cc76e997b4eb,VIEWSONIC VA3208-4K-MHD 32'' 4K UHD MONITOR,Viewsonic,32 Inch,60Hz,4K UHD,Standard,False,False,False,"Rs 115,000",115000,Brand New,Colombo,viewsonic-va3208-4k-mhd-32-4k-uhd-monitor-for-sale-colombo-1,https://ikman.lk/en/ad/viewsonic-va3208-4k-mhd-32-4k-uhd-monitor-for-sale-colombo-1,PC Cart Express Maharagama,True,24 days
6a7713fdfb126fd4825970ce,VIEWSONIC VA3208-4K-MHD 32'' 4K UHD MONITOR,Viewsonic,32 Inch,60Hz,4K UHD,Standard,False,False,False,"Rs 115,000",115000,Brand New,Colombo,viewsonic-va3208-4k-mhd-32-4k-uhd-monitor-for-sale-colombo,https://ikman.lk/en/ad/viewsonic-va3208-4k-mhd-32-4k-uhd-monitor-for-sale-colombo,PC Cart Kesbewa ,True,24 days
6a77136955a9040fe3c781e9,"MSI PRO MP273 E14A 27"" 144HZ IPS Frameless Monitor",MSI,27 Inch,144Hz,1080p FHD,IPS,False,False,True,"Rs 47,500",47500,Brand New,Colombo,msi-pro-mp273-e14a-27-144hz-ips-frameless-monitor-for-sale-colombo-2,https://ikman.lk/en/ad/msi-pro-mp273-e14a-27-144hz-ips-frameless-monitor-for-sale-colombo-2,PC Cart Express Maharagama,True,24 days
6a77134985a2528dd04720d5,"MSI PRO MP273 E14A 27"" 144HZ IPS Frameless Monitor",MSI,27 Inch,144Hz,1080p FHD,IPS,False,False,True,"Rs 47,500",47500,Brand New,Colombo,msi-pro-mp273-e14a-27-144hz-ips-frameless-monitor-for-sale-colombo-1,https://ikman.lk/en/ad/msi-pro-mp273-e14a-27-144hz-ips-frameless-monitor-for-sale-colombo-1,PC Cart Kesbewa ,True,24 days
6a770e4cd2b4a1c643babdff,"MSI Pro MP251L E2 25"" Inch 120Hz Full HD IPS Frameless Brand New Monitor",MSI,25 Inch,120Hz,1080p FHD,IPS,False,False,True,"Rs 32,000",32000,Brand New,Colombo,msi-pro-mp251l-e2-25-inch-120hz-full-hd-ips-frameless-brand-new-monitor-for-sale-colombo-51,https://ikman.lk/en/ad/msi-pro-mp251l-e2-25-inch-120hz-full-hd-ips-frameless-brand-new-monitor-for-sale-colombo-51,Max Core PC,True,24 days
6a76ffc7e09173116d597097,Koorui E2411K 24 INCH 144HZ IPS FHD Brand New Monitor,Other,24 Inch,144Hz,1080p FHD,IPS,False,False,False,"Rs 33,000",33000,Brand New,Colombo,koorui-e2411k-24-inch-144hz-ips-fhd-brand-new-monitor-for-sale-colombo-7,https://ikman.lk/en/ad/koorui-e2411k-24-inch-144hz-ips-fhd-brand-new-monitor-for-sale-colombo-7,Myitem.lk (PVT) Ltd,True,24 days
6a76ff2dbce222cd8716124d,"Koorui 22"" E2212H 100HZ 21.5 Inches FHD Brand New Monitor",Other,22 Inch,100Hz,1080p FHD,Standard,False,False,False,"Rs 25,500",25500,Brand New,Colombo,koorui-22-e2212h-100hz-215-inches-fhd-brand-new-monitor-for-sale-colombo-16,https://ikman.lk/en/ad/koorui-22-e2212h-100hz-215-inches-fhd-brand-new-monitor-for-sale-colombo-16,Myitem.lk (PVT) Ltd,True,24 days
6a76fc26e02b63245f059b17,"MSI PRO MP273A 27"" FHD IPS 100Hz 1ms Monitor",MSI,27 Inch,100Hz,1080p FHD,IPS,False,False,False,"Rs 37,000",37000,Used,Hambantota,msi-pro-mp273a-27-fhd-ips-100hz-1ms-monitor-excellent-condition-for-sale-hambantota,https://ikman.lk/en/ad/msi-pro-mp273a-27-fhd-ips-100hz-1ms-monitor-excellent-condition-for-sale-hambantota,,False,24 days
6a76ebc161b66304e312c298,Brand New Acer Vero Series CB272 P6BMIPRX 144HZ Full HD Monitor,Acer,Unknown,144Hz,1080p FHD,Standard,False,False,False,"Rs 44,990",44990,Brand New,Colombo,brand-new-acer-vero-series-cb272-p6bmiprx-144hz-full-hd-monitor-for-sale-colombo-72,https://ikman.lk/en/ad/brand-new-acer-vero-series-cb272-p6bmiprx-144hz-full-hd-monitor-for-sale-colombo-72,Myitem.lk (PVT) Ltd,True,24 days
6a76ea4c9197d1f9c4a4442e,"Emark 24"" EW2427SH 144Hz IPS Full HD Frameless Gaming Monitor",Other,24 Inch,144Hz,1080p FHD,IPS,False,True,True,"Rs 29,990",29990,Brand New,Colombo,emark-24-ew2427sh-144hz-ips-full-hd-frameless-gaming-monitor-for-sale-colombo-46,https://ikman.lk/en/ad/emark-24-ew2427sh-144hz-ips-full-hd-frameless-gaming-monitor-for-sale-colombo-46,Max Core PC,True,24 days
6a76e9e508c6a3e98c01d354,"ViewSonic VA2432A-H 24"" Inch Full HD IPS 120Hz Frameless Monitor New",Viewsonic,24 Inch,120Hz,1080p FHD,IPS,False,False,True,"Rs 35,500",35500,Brand New,Colombo,viewsonic-va2432a-h-24-inch-full-hd-ips-120hz-frameless-monitor-new-for-sale-colombo-101,https://ikman.lk/en/ad/viewsonic-va2432a-h-24-inch-full-hd-ips-120hz-frameless-monitor-new-for-sale-colombo-101,Max Core PC,True,24 days
6a76e95f55a9040fe3c78052,"Acer EK271 27"" Inch 144Hz IPS HDMI Frameless Gaming Monitor",Acer,27 Inch,144Hz,HD,IPS,False,True,True,"Rs 35,990",35990,Brand New,Colombo,acer-ek271-27-inch-144hz-ips-hdmi-frameless-gaming-monitor-for-sale-colombo-91,https://ikman.lk/en/ad/acer-ek271-27-inch-144hz-ips-hdmi-frameless-gaming-monitor-for-sale-colombo-91,Max Core PC,True,24 days
6a76e8f2e1349c6be6553038,"Acer EK251 P6BI 25"" Inch 144Hz IPS HDMI Frameless Gaming Monitor",Acer,25 Inch,144Hz,HD,IPS,False,True,True,"Rs 31,500",31500,Brand New,Colombo,acer-ek251-p6bi-25-inch-144hz-ips-hdmi-frameless-gaming-monitor-for-sale-colombo-52,https://ikman.lk/en/ad/acer-ek251-p6bi-25-inch-144hz-ips-hdmi-frameless-gaming-monitor-for-sale-colombo-52,Max Core PC,True,24 days
6a76e856e09173116d596f8e,"MSI Pro MP243L E14 24.5"" Inch 144Hz 1ms FHD IPS Productivity Monitor",MSI,24.5 Inch,144Hz,1080p FHD,IPS,False,False,False,"Rs 33,500",33500,Brand New,Colombo,msi-pro-mp243l-e14-245-inch-144hz-1ms-fhd-ips-productivity-monitor-for-sale-colombo-28,https://ikman.lk/en/ad/msi-pro-mp243l-e14-245-inch-144hz-1ms-fhd-ips-productivity-monitor-for-sale-colombo-28,Max Core PC,True,24 days
6a76e7fce28484a2abcd5199,"MSI PRO MP225 E12VL 21.5"" Inch 120Hz 1ms FHD Slim Frameless Monitor",MSI,21.5 Inch,120Hz,1080p FHD,Standard,False,False,True,"Rs 26,500",26500,Brand New,Colombo,msi-pro-mp225-e12vl-215-inch-120hz-1ms-fhd-slim-frameless-monitor-for-sale-colombo-31,https://ikman.lk/en/ad/msi-pro-mp225-e12vl-215-inch-120hz-1ms-fhd-slim-frameless-monitor-for-sale-colombo-31,Max Core PC,True,24 days
6a76e6c39700de1bd455300c,"MSI Pro MP243L E14 24.5"" Inch 144Hz 1ms FHD IPS Productivity Monitor",MSI,24.5 Inch,144Hz,1080p FHD,IPS,False,False,False,"Rs 33,500",33500,Brand New,Colombo,msi-pro-mp243l-e14-245-inch-144hz-1ms-fhd-ips-productivity-monitor-for-sale-colombo-27,https://ikman.lk/en/ad/msi-pro-mp243l-e14-245-inch-144hz-1ms-fhd-ips-productivity-monitor-for-sale-colombo-27,Max Core PC,True,24 days
6a76ce1e335e80693cc7d59a,"Samsung 22"" LED Monitor – S22F350FH",Samsung,22 Inch,60Hz,1080p FHD,Standard,False,False,False,"Rs 12,000",12000,Used,Galle,samsung-22-led-monitor-s22f350fh-hdmi-for-sale-galle,https://ikman.lk/en/ad/samsung-22-led-monitor-s22f350fh-hdmi-for-sale-galle,,False,24 days
6a76d3acece69b0a5a596ea4,MSI Pro MP245PG E14 23.8″ INCH 144HZ 1MS FHD FRAMELESS MONITOR NEW,MSI,23 Inch,144Hz,1080p FHD,Standard,False,False,True,"Rs 47,500",47500,Brand New,Colombo,msi-pro-mp245pg-e14-238-inch-144hz-1ms-fhd-frameless-monitor-new-for-sale-colombo-23,https://ikman.lk/en/ad/msi-pro-mp245pg-e14-238-inch-144hz-1ms-fhd-frameless-monitor-new-for-sale-colombo-23,Myitem.lk (PVT) Ltd,True,24 days
6a76ce44513eb685f70e93b8,24 inch HDMI Monitor,Other,24 Inch,60Hz,HD,Standard,False,False,False,"Rs 12,900",12900,Used,Kandy,24-inch-hdmi-monitor-for-sale-kandy,https://ikman.lk/en/ad/24-inch-hdmi-monitor-for-sale-kandy, Nawarathna Cellulars & Computer Systems,True,24 days
6a76c60056ef00f97ac7d548,"Asus VY279HGR 27"" Inch Full HD IPS Level 120Hz Adaptive Sync Monitor",Asus,27 Inch,120Hz,1080p FHD,IPS,False,False,False,"Rs 46,000",46000,Brand New,Colombo,asus-vy279hgr-27-inch-full-hd-ips-level-120hz-adaptive-sync-monitor-for-sale-colombo-76,https://ikman.lk/en/ad/asus-vy279hgr-27-inch-full-hd-ips-level-120hz-adaptive-sync-monitor-for-sale-colombo-76,Myitem.lk (PVT) Ltd,True,24 days
6a76bcc9ec481e462467fbba,20 inch Monitor,Other,20 Inch,60Hz,Unknown,Standard,False,False,False,"Rs 9,400",9400,Used,Kandy,20-inch-monitor-for-sale-kandy,https://ikman.lk/en/ad/20-inch-monitor-for-sale-kandy, Nawarathna Cellulars & Computer Systems,True,24 days
6a76bd1a4119e21fc82bb827,"MSI Pro MP251L E2 25"" Inch 120HZ Full HD IPS Frameless Monitor",MSI,25 Inch,120Hz,1080p FHD,IPS,False,False,True,"Rs 32,000",32000,Brand New,Colombo,msi-pro-mp251l-e2-25-inch-120hz-full-hd-ips-frameless-monitor-for-sale-colombo-54,https://ikman.lk/en/ad/msi-pro-mp251l-e2-25-inch-120hz-full-hd-ips-frameless-monitor-for-sale-colombo-54,Myitem.lk (PVT) Ltd,True,24 days
6a76a95e5531dc99d9a3794c,17 Inch Monitor,Other,17 Inch,60Hz,Unknown,Standard,False,False,False,"Rs 7,300",7300,Used,Kandy,17-inch-monitor-for-sale-kandy-4,https://ikman.lk/en/ad/17-inch-monitor-for-sale-kandy-4, Nawarathna Cellulars & Computer Systems,True,24 days
6a769778727000957328d192,"V226HQL 21.5"" LCD Monitor",Other,21.5 Inch,60Hz,Unknown,Standard,False,False,False,"Rs 11,000",11000,Used,Kegalle,v226hql-215-lcd-monitor-for-sale-kegalle,https://ikman.lk/en/ad/v226hql-215-lcd-monitor-for-sale-kegalle,,False,24 days
6a7623856be5577e3ca84670,"23"" IPS FRAMELESS MONITOR (1980 x 1080P) HDMI|FHD",Other,23 Inch,60Hz,1080p FHD,IPS,False,False,True,"Rs 19,450",19450,Used,Gampaha,23-ips-frameless-monitor-1980-x-1080p-hdmifhd-for-sale-gampaha,https://ikman.lk/en/ad/23-ips-frameless-monitor-1980-x-1080p-hdmifhd-for-sale-gampaha,ShaTech Zone,True,24 days
6a761627ee4a9a27881bd549,"Lg 24"" Fhd Led Hdmi Ips Monitor",LG,24 Inch,60Hz,1080p FHD,IPS,False,False,False,"Rs 10,000",10000,Used,Kalutara,lg-24-fhd-led-hdmi-ips-monitor-for-sale-kalutara,https://ikman.lk/en/ad/lg-24-fhd-led-hdmi-ips-monitor-for-sale-kalutara,,False,24 days
6a75e54f5dc1da8799e4bb5e,Dell Monitor,Dell,Unknown,60Hz,Unknown,Standard,False,False,False,"Rs 5,000",5000,Used,Colombo,95-percent-weda-for-sale-colombo,https://ikman.lk/en/ad/95-percent-weda-for-sale-colombo,,False,25 days
6a75cd0ba7f9b94eeacef4bd,"Samsung 27"" VGA / DVI Monitor (Used)",Samsung,27 Inch,60Hz,1080p FHD,Standard,False,False,False,"Rs 22,000",22000,Used,Gampaha,samsung-27-vga-dvi-monitor-used-for-sale-gampaha,https://ikman.lk/en/ad/samsung-27-vga-dvi-monitor-used-for-sale-gampaha,Comzonex,True,25 days
6a75cc0185995f10cfcef465,"Samsung F24T450FQE 24"" Inch Full HD IPS Frameless HDMI Used Monitor",Samsung,24 Inch,60Hz,1080p FHD,IPS,False,False,True,"Rs 20,990",20990,Used,Colombo,samsung-f24t450fqe-24-inch-full-hd-ips-frameless-hdmi-used-monitor-for-sale-colombo-58,https://ikman.lk/en/ad/samsung-f24t450fqe-24-inch-full-hd-ips-frameless-hdmi-used-monitor-for-sale-colombo-58,Max Core PC,True,25 days
6a75bdf6c413373686076979,"KOORUI G3221SC 2K 170Hz 90% DCI-P3 32"" Curved Gaming Monitor",Other,32 Inch,170Hz,2K QHD,Standard,True,True,False,"Rs 70,900",70900,Brand New,Colombo,koorui-g3221sc-2k-170hz-90-percent-dci-p3-32-curved-gaming-monitor-for-sale-colombo-4,https://ikman.lk/en/ad/koorui-g3221sc-2k-170hz-90-percent-dci-p3-32-curved-gaming-monitor-for-sale-colombo-4,Computer Store.lk Pvt Ltd,True,25 days
6a75bdf58323be55e3e4baa7,"Samsung 19"" LED Monitor",Samsung,19 Inch,60Hz,Unknown,Standard,False,False,False,"Rs 13,000",13000,Used,Gampaha,samsung-19-led-monitor-for-sale-gampaha,https://ikman.lk/en/ad/samsung-19-led-monitor-for-sale-gampaha,,False,25 days
6a75bc70fad3175a05ba1221,KOORUI G2711P FHD IPS 27INCH 200HZ BRAND NEW GAMING MONITOR,Other,27 Inch,200Hz,1080p FHD,IPS,False,True,False,"Rs 51,500",51500,Brand New,Colombo,koorui-g2711p-fhd-ips-27inch-200hz-brand-new-gaming-monitor-for-sale-colombo-34,https://ikman.lk/en/ad/koorui-g2711p-fhd-ips-27inch-200hz-brand-new-gaming-monitor-for-sale-colombo-34,Myitem.lk (PVT) Ltd,True,25 days
6a75b2f98ba7532b7d4ac718,"Acer EK251 P6BI 25"" Inch 144Hz IPS HDMI Frameless Gaming Monitor",Acer,25 Inch,144Hz,HD,IPS,False,True,True,"Rs 31,500",31500,Brand New,Colombo,acer-ek251-p6bi-25-inch-144hz-ips-hdmi-frameless-gaming-monitor-for-sale-colombo-51,https://ikman.lk/en/ad/acer-ek251-p6bi-25-inch-144hz-ips-hdmi-frameless-gaming-monitor-for-sale-colombo-51,Max Core PC,True,25 days
6a75adcf867a9e0b42432201,"ViewSonic VA2432A-H 24"" Inch Full HD IPS 120Hz Frameless Monitor New",Viewsonic,24 Inch,120Hz,1080p FHD,IPS,False,False,True,"Rs 35,500",35500,Brand New,Colombo,viewsonic-va2432a-h-24-inch-full-hd-ips-120hz-frameless-monitor-new-for-sale-colombo-100,https://ikman.lk/en/ad/viewsonic-va2432a-h-24-inch-full-hd-ips-120hz-frameless-monitor-new-for-sale-colombo-100,Max Core PC,True,25 days
6a75ad37806d7d89654321e4,"ViewSonic VX3480-2K-PRO 34"" UWQHD Gaming Monitor",Viewsonic,34 Inch,60Hz,2K QHD,Standard,False,True,False,"Rs 133,990",133990,Brand New,Colombo,viewsonic-vx3480-2k-pro-34-uwqhd-gaming-monitor-for-sale-colombo-8,https://ikman.lk/en/ad/viewsonic-vx3480-2k-pro-34-uwqhd-gaming-monitor-for-sale-colombo-8,Computer Store.lk Pvt Ltd,True,25 days
6a75acb6e0712a264da88a8e,"MSI Optix MAG401QR 40"" UWQHD IPS 155Hz 1ms Adaptive Sync Gaming Monitor",MSI,40 Inch,155Hz,2K QHD,IPS,False,True,False,"Rs 185,000",185000,Brand New,Colombo,msi-optix-mag401qr-40-uwqhd-ips-155hz-1ms-adaptive-sync-gaming-monitor-for-sale-colombo-6,https://ikman.lk/en/ad/msi-optix-mag401qr-40-uwqhd-ips-155hz-1ms-adaptive-sync-gaming-monitor-for-sale-colombo-6,Computer Store.lk Pvt Ltd,True,25 days
6a75ac56c4133736860768ea,Lenovo T24i – 10 Frameless 24 Inch Used Monitor Full HD (1080p),Lenovo,24 Inch,60Hz,1080p FHD,Standard,False,False,True,"Rs 21,000",21000,Used,Colombo,lenovo-t24i-10-frameless-24-inch-used-monitor-full-hd-1080p-for-sale-colombo-12,https://ikman.lk/en/ad/lenovo-t24i-10-frameless-24-inch-used-monitor-full-hd-1080p-for-sale-colombo-12,Computer Store.lk Pvt Ltd,True,25 days
6a75ab70ca52452210a88a99,"HP Z23N IPS Frameless HDMI Monitor 23""",HP,23 Inch,60Hz,HD,IPS,False,False,True,"Rs 20,500",20500,Used,Colombo,hp-z23n-ips-frameless-hdmi-monitor-23-for-sale-colombo-9,https://ikman.lk/en/ad/hp-z23n-ips-frameless-hdmi-monitor-23-for-sale-colombo-9,Computer Store.lk Pvt Ltd,True,25 days
6a75aadf776c4bae89a88a78,HP E243 Frameless Ips Monitor Elite Display 24″,HP,24 Inch,60Hz,1080p FHD,IPS,False,False,True,"Rs 23,000",23000,Used,Colombo,hp-e243-frameless-ips-monitor-elite-display-24-for-sale-colombo-7,https://ikman.lk/en/ad/hp-e243-frameless-ips-monitor-elite-display-24-for-sale-colombo-7,Computer Store.lk Pvt Ltd,True,25 days
6a75a9f31353be802c57b9ed,"Samsung F24T450FQE 24"" Inch Full HD IPS Frameless HDMI Used Monitor",Samsung,24 Inch,60Hz,1080p FHD,IPS,False,False,True,"Rs 20,990",20990,Used,Colombo,samsung-f24t450fqe-24-inch-full-hd-ips-frameless-hdmi-used-monitor-for-sale-colombo-57,https://ikman.lk/en/ad/samsung-f24t450fqe-24-inch-full-hd-ips-frameless-hdmi-used-monitor-for-sale-colombo-57,Computer Store.lk Pvt Ltd,True,25 days
6a75a8ed8770409d53ba1197,"Acer EK271 27"" Inch 144Hz IPS HDMI Frameless Gaming Monitor",Acer,27 Inch,144Hz,HD,IPS,False,True,True,"Rs 35,990",35990,Brand New,Colombo,acer-ek271-27-inch-144hz-ips-hdmi-frameless-gaming-monitor-for-sale-colombo-90,https://ikman.lk/en/ad/acer-ek271-27-inch-144hz-ips-hdmi-frameless-gaming-monitor-for-sale-colombo-90,Max Core PC,True,25 days
6a75a49a77b8feef6fe4b957,30 Inch DELL Ultrasharp IPS HDMI USED Monitor,Dell,30 Inch,60Hz,HD,IPS,False,False,False,"Rs 34,500",34500,Used,Colombo,30-inch-dell-ultrasharp-ips-hdmi-used-monitor-for-sale-colombo-5,https://ikman.lk/en/ad/30-inch-dell-ultrasharp-ips-hdmi-used-monitor-for-sale-colombo-5,Mdcomputers.lk(Pvt) Ltd,True,25 days
6a75a1dc6ed6577b62bfeed2,MSI Modern MD272QXP 27″ Business and Productivity Monitor 100Hz 2K WQHD,MSI,27 Inch,100Hz,2K QHD,Standard,False,False,False,"Rs 95,000",95000,Brand New,Colombo,msi-modern-md272qxp-27-business-and-productivity-monitor-100hz-2k-wqhd-for-sale-colombo-20,https://ikman.lk/en/ad/msi-modern-md272qxp-27-business-and-productivity-monitor-100hz-2k-wqhd-for-sale-colombo-20,Max Core PC,True,25 days
6a759ec1b99c2e3b55b74475,MSI Pro MP245PG E14 23.8″ INCH 144HZ 1MS FHD FRAMELESS MONITOR NEW,MSI,23 Inch,144Hz,1080p FHD,Standard,False,False,True,"Rs 47,500",47500,Brand New,Colombo,msi-pro-mp245pg-e14-238-inch-144hz-1ms-fhd-frameless-monitor-new-for-sale-colombo-22,https://ikman.lk/en/ad/msi-pro-mp245pg-e14-238-inch-144hz-1ms-fhd-frameless-monitor-new-for-sale-colombo-22,Computer Store.lk Pvt Ltd,True,25 days
6a759e268ba7532b7d4ac602,"Acer EK271 27"" Inch 144Hz IPS HDMI Frameless Gaming Monitor",Acer,27 Inch,144Hz,HD,IPS,False,True,True,"Rs 35,990",35990,Brand New,Colombo,acer-ek271-27-inch-144hz-ips-hdmi-frameless-gaming-monitor-for-sale-colombo-89,https://ikman.lk/en/ad/acer-ek271-27-inch-144hz-ips-hdmi-frameless-gaming-monitor-for-sale-colombo-89,Computer Store.lk Pvt Ltd,True,25 days
6a759da36ed6577b62bfeeb6,"Acer EK251 P6BI 25"" Inch 144Hz IPS HDMI Frameless Gaming Monitor",Acer,25 Inch,144Hz,HD,IPS,False,True,True,"Rs 31,500",31500,Brand New,Colombo,acer-ek251-p6bi-25-inch-144hz-ips-hdmi-frameless-gaming-monitor-for-sale-colombo-50,https://ikman.lk/en/ad/acer-ek251-p6bi-25-inch-144hz-ips-hdmi-frameless-gaming-monitor-for-sale-colombo-50,Computer Store.lk Pvt Ltd,True,25 days
6a759b9e8770409d53ba10e1,"Emark 24"" EW2427SH 144Hz IPS Full HD Frameless Gaming Monitor",Other,24 Inch,144Hz,1080p FHD,IPS,False,True,True,"Rs 29,990",29990,Brand New,Colombo,emark-24-ew2427sh-144hz-ips-full-hd-frameless-gaming-monitor-for-sale-colombo-45,https://ikman.lk/en/ad/emark-24-ew2427sh-144hz-ips-full-hd-frameless-gaming-monitor-for-sale-colombo-45,Myitem.lk (PVT) Ltd,True,25 days
6a7599e9b72ac6ccfa4ac5f9,27 Inch Dell P2714HC IPS LED Used Monitor,Dell,27 Inch,60Hz,1080p FHD,IPS,False,False,False,"Rs 28,000",28000,Used,Colombo,27-inch-dell-p2714hc-ips-led-used-monitor-for-sale-colombo-23,https://ikman.lk/en/ad/27-inch-dell-p2714hc-ips-led-used-monitor-for-sale-colombo-23,Mdcomputers.lk(Pvt) Ltd,True,25 days
6a758c46c9917a30d54ac555,"ASUS VY279HGR 27"" IPS FHD 120HZ EYE CARE MONITOR",Asus,27 Inch,120Hz,1080p FHD,IPS,False,False,False,"Rs 45,000",45000,Brand New,Colombo,asus-vy279hgr-27-ips-fhd-120hz-eye-care-monitor-for-sale-colombo-1,https://ikman.lk/en/ad/asus-vy279hgr-27-ips-fhd-120hz-eye-care-monitor-for-sale-colombo-1,PC Cart Express Maharagama,True,25 days
6a758a9c78a0b687f741a97f,27 Inch ATEC FULL HD LED HDMI Monitor,Other,27 Inch,60Hz,1080p FHD,Standard,False,False,False,"Rs 21,500",21500,Used,Colombo,27-inch-atec-full-hd-led-hdmi-monitor-for-sale-colombo-2,https://ikman.lk/en/ad/27-inch-atec-full-hd-led-hdmi-monitor-for-sale-colombo-2,Mdcomputers.lk(Pvt) Ltd,True,25 days
6a7588929b4c729a10bfedc3,"Acer 27"" Full HD Nitro Gaming Monitor - KG273 W3 240Hz Brand New",Acer,27 Inch,240Hz,1080p FHD,Standard,False,True,False,"Rs 49,500",49500,Brand New,Colombo,acer-27-full-hd-nitro-gaming-monitor-kg273-w3-240hz-brand-new-for-sale-colombo-68,https://ikman.lk/en/ad/acer-27-full-hd-nitro-gaming-monitor-kg273-w3-240hz-brand-new-for-sale-colombo-68,Myitem.lk (PVT) Ltd,True,25 days
6a75882f440fd60e6da4ab64,"KOORUI 27"" E2721H QHD IPS 120HZ 2K BRAND NEW GAMING MONITOR",Other,27 Inch,120Hz,2K QHD,IPS,False,True,False,"Rs 52,500",52500,Brand New,Colombo,koorui-27-e2721h-qhd-ips-120hz-2k-brand-new-gaming-monitor-for-sale-colombo-7,https://ikman.lk/en/ad/koorui-27-e2721h-qhd-ips-120hz-2k-brand-new-gaming-monitor-for-sale-colombo-7,Myitem.lk (PVT) Ltd,True,25 days
6a75855cb9948dfd7ba4f6a1,27 INCH Lenovo Thinkvision IPS FHD HDMI Used Monitor,Lenovo,27 Inch,60Hz,1080p FHD,IPS,False,False,False,"Rs 27,500",27500,Used,Colombo,27-inch-lenovo-thinkvision-ips-fhd-hdmi-used-monitor-for-sale-colombo-39,https://ikman.lk/en/ad/27-inch-lenovo-thinkvision-ips-fhd-hdmi-used-monitor-for-sale-colombo-39,Mdcomputers.lk(Pvt) Ltd,True,25 days
6a7582636ed6577b62bfed8d,MSI Pro MP273 E14A 27 Inch 144Hz 1ms FHD IPS Productivity Monitor,MSI,27 Inch,144Hz,1080p FHD,IPS,False,False,False,"Rs 49,990",49990,Brand New,Colombo,msi-pro-mp273-e14a-27-inch-144hz-1ms-fhd-ips-productivity-monitor-for-sale-colombo-43,https://ikman.lk/en/ad/msi-pro-mp273-e14a-27-inch-144hz-1ms-fhd-ips-productivity-monitor-for-sale-colombo-43,Computer Store.lk Pvt Ltd,True,25 days
6a75820a9b4c729a10bfed7d,"ASUS VY279HGR 27"" IPS FHD 120HZ EYE CARE MONITOR",Asus,27 Inch,120Hz,1080p FHD,IPS,False,False,False,"Rs 45,000",45000,Brand New,Colombo,asus-vy279hgr-27-ips-fhd-120hz-eye-care-monitor-for-sale-colombo,https://ikman.lk/en/ad/asus-vy279hgr-27-ips-fhd-120hz-eye-care-monitor-for-sale-colombo,PC Cart Kesbewa ,True,25 days
6a7581ed8fe8fcf09101b24a,"MSI Pro MP243L E14 24.5"" Inch 144Hz 1ms FHD IPS Productivity Monitor",MSI,24.5 Inch,144Hz,1080p FHD,IPS,False,False,False,"Rs 33,500",33500,Brand New,Colombo,msi-pro-mp243l-e14-245-inch-144hz-1ms-fhd-ips-productivity-monitor-for-sale-colombo-26,https://ikman.lk/en/ad/msi-pro-mp243l-e14-245-inch-144hz-1ms-fhd-ips-productivity-monitor-for-sale-colombo-26,Computer Store.lk Pvt Ltd,True,25 days
6a757f9bf26d049b5cbfed86,"MSI PRO MP225 E12VL 21.5"" Inch 120Hz 1ms FHD Slim Frameless Monitor",MSI,21.5 Inch,120Hz,1080p FHD,Standard,False,False,True,"Rs 26,500",26500,Brand New,Colombo,msi-pro-mp225-e12vl-215-inch-120hz-1ms-fhd-slim-frameless-monitor-for-sale-colombo-30,https://ikman.lk/en/ad/msi-pro-mp225-e12vl-215-inch-120hz-1ms-fhd-slim-frameless-monitor-for-sale-colombo-30,Computer Store.lk Pvt Ltd,True,25 days
6a757d7a5dc1da8799e4b7d5,24 Inch Dell P2422HE IPS Fremeless Used Type-C FHD Monitor,Dell,24 Inch,60Hz,1080p FHD,IPS,False,False,False,"Rs 27,500",27500,Used,Colombo,24-inch-dell-p2422he-ips-fremeless-used-type-c-fhd-monitor-for-sale-colombo-1,https://ikman.lk/en/ad/24-inch-dell-p2422he-ips-fremeless-used-type-c-fhd-monitor-for-sale-colombo-1,Mdcomputers.lk(Pvt) Ltd,True,25 days
6a756f34161d6e6217460e27,"Monitor 32"" 2K Curved (2560 × 1440P) GAMING|QHD|144HZ",Other,32 Inch,144Hz,2K QHD,Standard,True,True,False,"Rs 55,250",55250,Used,Gampaha,monitor-32-2k-curved-2560-x-1440p-gamingqhd144hz-for-sale-gampaha,https://ikman.lk/en/ad/monitor-32-2k-curved-2560-x-1440p-gamingqhd144hz-for-sale-gampaha,ShaTech Zone,True,25 days
6a756b0efad3175a05ba0e75,"Hikvision 19"" LED Monitor with HDMI and VGA Output for CCTV, DVR, NVR",Other,19 Inch,60Hz,HD,Standard,False,False,False,"Rs 21,900",21900,Brand New,Colombo,hikvision-19-led-monitor-with-hdmi-and-vga-output-for-cctv-dvr-nvr-for-sale-colombo-5,https://ikman.lk/en/ad/hikvision-19-led-monitor-with-hdmi-and-vga-output-for-cctv-dvr-nvr-for-sale-colombo-5,CCTV PARTNERS,True,25 days
6a7569d4c306cff2a868306e,"MONITOR 27"" IPS FHD (1980 x 1080P) HDMI FRAMELESS",Other,27 Inch,60Hz,1080p FHD,IPS,False,False,True,"Rs 33,850",33850,Used,Colombo,monitor-27-ips-fhd-1980-x-1080p-hdmi-frameless-for-sale-colombo,https://ikman.lk/en/ad/monitor-27-ips-fhd-1980-x-1080p-hdmi-frameless-for-sale-colombo,ShaTech Zone,True,25 days
6a755e38bb4a9643a5682f9d,"MSI PRO MP225 E12VL 21.5"" Inch 120Hz 1ms FHD Slim Frameless Monitor",MSI,21.5 Inch,120Hz,1080p FHD,Standard,False,False,True,"Rs 27,500",27500,Brand New,Colombo,msi-pro-mp225-e12vl-215-inch-120hz-1ms-fhd-slim-frameless-monitor-for-sale-colombo-29,https://ikman.lk/en/ad/msi-pro-mp225-e12vl-215-inch-120hz-1ms-fhd-slim-frameless-monitor-for-sale-colombo-29,Myitem.lk (PVT) Ltd,True,25 days
6a74ec6fb10905354d99f2d5,"27"" IPS FHD HDMI FRAMELESS HP MONITOR (1980 x 1080P)",HP,27 Inch,60Hz,1080p FHD,IPS,False,False,True,"Rs 33,850",33850,Used,Gampaha,27-ips-fhd-hdmi-frameless-hp-monitor-1980-x-1080p-for-sale-gampaha,https://ikman.lk/en/ad/27-ips-fhd-hdmi-frameless-hp-monitor-1980-x-1080p-for-sale-gampaha,ShaTech Zone,True,25 days
6a74db7a43eacc00251784c2,"LG Flatron 17"" LCD Monitor for Parts",LG,17 Inch,60Hz,Unknown,Standard,False,False,False,"Rs 2,500",2500,Used,Kandy,lg-flatron-17-lcd-monitor-for-parts-model-lx74pe-no-cables-for-sale-kandy,https://ikman.lk/en/ad/lg-flatron-17-lcd-monitor-for-parts-model-lx74pe-no-cables-for-sale-kandy,,False,25 days
6a74d673371da73140491354,"Samsung 24"" S24E450 Monitor",Samsung,24 Inch,60Hz,1080p FHD,Standard,False,False,False,"Rs 3,000",3000,Used,Kandy,samsung-24-s24e450-monitor-for-sale-kandy,https://ikman.lk/en/ad/samsung-24-s24e450-monitor-for-sale-kandy,,False,25 days
6a74cc0409702c932b5bb96d,"20"" LED View Sonic Monitor",Other,20 Inch,60Hz,Unknown,Standard,False,False,False,"Rs 9,500",9500,Used,Colombo,20-led-viewsonic-home-and-office-monitor-for-sale-colombo,https://ikman.lk/en/ad/20-led-viewsonic-home-and-office-monitor-for-sale-colombo,,False,25 days
6a74be20b03a02f02d8e2c83,"Acer 21.5"" Monitor",Acer,21.5 Inch,60Hz,Unknown,Standard,False,False,False,"Rs 11,500",11500,Used,Kegalle,acer-215-monitor-for-sale-kegalle-2,https://ikman.lk/en/ad/acer-215-monitor-for-sale-kegalle-2,,False,25 days
6a747ae4f6886f045a2b2987,"Asus VY279HGR 27"" Inch Full HD IPS Level 120Hz Adaptive Sync Monitor",Asus,27 Inch,120Hz,1080p FHD,IPS,False,False,False,"Rs 46,000",46000,Brand New,Colombo,asus-vy279hgr-27-inch-full-hd-ips-level-120hz-adaptive-sync-monitor-for-sale-colombo-75,https://ikman.lk/en/ad/asus-vy279hgr-27-inch-full-hd-ips-level-120hz-adaptive-sync-monitor-for-sale-colombo-75,Myitem.lk (PVT) Ltd,True,1 month
6a7479c9f6886f045a2b297a,KOORUI 27E6QCA QHD VA 180Hz 27″ CURVED GAMING MONITOR BRAND NEW,Other,27 Inch,180Hz,2K QHD,VA,True,True,False,"Rs 58,500",58500,Brand New,Colombo,koorui-27e6qca-qhd-va-180hz-27-curved-gaming-monitor-brand-new-for-sale-colombo-1,https://ikman.lk/en/ad/koorui-27e6qca-qhd-va-180hz-27-curved-gaming-monitor-brand-new-for-sale-colombo-1,Computer Store.lk Pvt Ltd,True,1 month
6a74731edb43aa8be0118015,"Asus VY279HGR 27"" Inch Full HD IPS Level 120Hz Adaptive Sync Monitor",Asus,27 Inch,120Hz,1080p FHD,IPS,False,False,False,"Rs 44,500",44500,Brand New,Colombo,asus-vy279hgr-27-inch-full-hd-ips-level-120hz-adaptive-sync-monitor-for-sale-colombo-74,https://ikman.lk/en/ad/asus-vy279hgr-27-inch-full-hd-ips-level-120hz-adaptive-sync-monitor-for-sale-colombo-74,Computer Store.lk Pvt Ltd,True,1 month
6a747208264d519c3ce018ee,"Asus 25"" VA259HGA 120Hz IPS Eye Care Gaming Monitor",Asus,25 Inch,120Hz,Unknown,IPS,False,True,False,"Rs 34,500",34500,Brand New,Colombo,asus-25-va259hga-120hz-ips-eye-care-gaming-monitor-for-sale-colombo-50,https://ikman.lk/en/ad/asus-25-va259hga-120hz-ips-eye-care-gaming-monitor-for-sale-colombo-50,Computer Store.lk Pvt Ltd,True,1 month
6a74675b5a89783028886916,Asus TUF Gaming VG279QE5A 27″ FHD IPS 146HZ Monitor,Asus,27 Inch,146Hz,1080p FHD,IPS,False,True,False,"Rs 45,990",45990,Brand New,Colombo,asus-tuf-gaming-vg279qe5a-27-fhd-ips-146hz-monitor-for-sale-colombo-65,https://ikman.lk/en/ad/asus-tuf-gaming-vg279qe5a-27-fhd-ips-146hz-monitor-for-sale-colombo-65,Computer Store.lk Pvt Ltd,True,1 month
6a745ce95a897830288868a8,Micro - DS19 LED Monitor,Other,Unknown,60Hz,Unknown,Standard,False,False,False,"Rs 16,800",16800,Brand New,Colombo,micro-ds19-led-monitor-for-sale-colombo-1,https://ikman.lk/en/ad/micro-ds19-led-monitor-for-sale-colombo-1,Thinex Pvt Ltd,True,1 month
6a745ab25a8978302888688f,MSI Pro MP245PG E14 23.8″ INCH 144HZ 1MS FHD FRAMELESS MONITOR NEW,MSI,23 Inch,144Hz,1080p FHD,Standard,False,False,True,"Rs 47,500",47500,Brand New,Colombo,msi-pro-mp245pg-e14-238-inch-144hz-1ms-fhd-frameless-monitor-new-for-sale-colombo-21,https://ikman.lk/en/ad/msi-pro-mp245pg-e14-238-inch-144hz-1ms-fhd-frameless-monitor-new-for-sale-colombo-21,Myitem.lk (PVT) Ltd,True,1 month
6a74516c16e3815e0220a23b,Frame Less 20 Inch Monitor,Other,20 Inch,60Hz,Unknown,Standard,False,False,False,"Rs 9,990",9990,Used,Colombo,frameless-20-inch-monitor-negociatable-for-sale-colombo,https://ikman.lk/en/ad/frameless-20-inch-monitor-negociatable-for-sale-colombo,,False,1 month
6a745130147f9d8ac400e6c8,Frameless Acer 27 Inch 144Hz refresh rate Gaming Moniters,Acer,27 Inch,144Hz,1080p FHD,Standard,False,True,True,"Rs 36,800",36800,Used,Colombo,frameless-acer-27-inch-144hz-refresh-rate-gaming-moniters-for-sale-colombo,https://ikman.lk/en/ad/frameless-acer-27-inch-144hz-refresh-rate-gaming-moniters-for-sale-colombo,Lapstore.lk,True,1 month
6a7448f4accd6952fd90c8cb,"Acer EK271 27"" Inch 144Hz IPS HDMI Frameless Gaming Monitor",Acer,27 Inch,144Hz,HD,IPS,False,True,True,"Rs 35,990",35990,Brand New,Colombo,acer-ek271-27-inch-144hz-ips-hdmi-frameless-gaming-monitor-for-sale-colombo-88,https://ikman.lk/en/ad/acer-ek271-27-inch-144hz-ips-hdmi-frameless-gaming-monitor-for-sale-colombo-88,Computer Store.lk Pvt Ltd,True,1 month
6a74484d35bc948a6e00e671,"Acer EK251 P6BI 25"" Inch 144Hz IPS HDMI Frameless Gaming Monitor",Acer,25 Inch,144Hz,HD,IPS,False,True,True,"Rs 31,500",31500,Brand New,Colombo,acer-ek251-p6bi-25-inch-144hz-ips-hdmi-frameless-gaming-monitor-for-sale-colombo-49,https://ikman.lk/en/ad/acer-ek251-p6bi-25-inch-144hz-ips-hdmi-frameless-gaming-monitor-for-sale-colombo-49,Computer Store.lk Pvt Ltd,True,1 month
6a74423b5a89783028886779,"Acer 27"" Full HD Nitro Gaming Monitor KG273 W3 (240Hz)",Acer,27 Inch,240Hz,1080p FHD,Standard,False,True,False,"Rs 49,500",49500,Brand New,Colombo,acer-27-full-hd-nitro-gaming-monitor-kg273-w3-240hz-for-sale-colombo-7,https://ikman.lk/en/ad/acer-27-full-hd-nitro-gaming-monitor-kg273-w3-240hz-for-sale-colombo-7,Max Core PC,True,1 month
6a743cf01b9b9417109cd7f3,"ZSCMALL 【Local Stok ada】15.6"" Laptop Screen Extender, 2k Monitor",Other,15.6 Inch,60Hz,2K QHD,Standard,False,False,False,"Rs 105,000",105000,Used,Colombo,zscmall-local-stok-ada-156-laptop-screen-extender-2k-monitor-for-sale-colombo,https://ikman.lk/en/ad/zscmall-local-stok-ada-156-laptop-screen-extender-2k-monitor-for-sale-colombo,,False,1 month
6a743c04fa9020b314e3c238,"Curved Monitor 32"" 2K (2560 × 1440P) QHD|144HZ|GAMING",Other,32 Inch,144Hz,2K QHD,Standard,True,True,False,"Rs 55,250",55250,Used,Gampaha,curved-monitor-32-2k-2560-x-1440p-qhd144hzgaming-for-sale-gampaha,https://ikman.lk/en/ad/curved-monitor-32-2k-2560-x-1440p-qhd144hzgaming-for-sale-gampaha,ShaTech Zone,True,1 month
6a743b41db43aa8be0117dd7,"23"" IPS FHD FRAMELESS MONITOR (1980 x 1080P) HDMI",Other,23 Inch,60Hz,1080p FHD,IPS,False,False,True,"Rs 19,450",19450,Used,Gampaha,23-ips-fhd-frameless-monitor-1980-x-1080p-hdmi-for-sale-gampaha,https://ikman.lk/en/ad/23-ips-fhd-frameless-monitor-1980-x-1080p-hdmi-for-sale-gampaha,ShaTech Zone,True,1 month
6a74372109895904cfdd0b24,"24"" IPS Frameless Monitor 120HZ (New) Eye Care|1ms (MPRT)|Gaming - Asus",Asus,24 Inch,120Hz,1080p FHD,IPS,False,True,True,"Rs 32,950",32950,Brand New,Gampaha,24-ips-frameless-monitor-120hz-new-eye-care1ms-mprtgaming-asus-for-sale-gampaha,https://ikman.lk/en/ad/24-ips-frameless-monitor-120hz-new-eye-care1ms-mprtgaming-asus-for-sale-gampaha,ShaTech Zone,True,1 month
6a742ee383cf2124ee5648d5,MSI Pro MP273 E14A 27 Inch 144HZ 1MS FHD IPS Productivity Monitor New,MSI,27 Inch,144Hz,1080p FHD,IPS,False,False,False,"Rs 51,500",51500,Brand New,Colombo,msi-pro-mp273-e14a-27-inch-144hz-1ms-fhd-ips-productivity-monitor-new-for-sale-colombo-100,https://ikman.lk/en/ad/msi-pro-mp273-e14a-27-inch-144hz-1ms-fhd-ips-productivity-monitor-new-for-sale-colombo-100,Myitem.lk (PVT) Ltd,True,1 month
6a7429172d568a59bcbd6702,Viewsonic VA270A-H 27INCH 120Hz FHD IPS Brand New Monitor,Viewsonic,27 Inch,120Hz,1080p FHD,IPS,False,False,False,"Rs 41,500",41500,Brand New,Colombo,viewsonic-va270a-h-27inch-120hz-fhd-ips-brand-new-monitor-for-sale-colombo-11,https://ikman.lk/en/ad/viewsonic-va270a-h-27inch-120hz-fhd-ips-brand-new-monitor-for-sale-colombo-11,Computer Store.lk Pvt Ltd,True,1 month
6a7426e7f365875b6890c73e,"ViewSonic VA2432A-H 24"" Inch Full HD IPS 120Hz Frameless Monitor New",Viewsonic,24 Inch,120Hz,1080p FHD,IPS,False,False,True,"Rs 32,000",32000,Brand New,Colombo,viewsonic-va2432a-h-24-inch-full-hd-ips-120hz-frameless-monitor-new-for-sale-colombo-99,https://ikman.lk/en/ad/viewsonic-va2432a-h-24-inch-full-hd-ips-120hz-frameless-monitor-new-for-sale-colombo-99,Computer Store.lk Pvt Ltd,True,1 month
6a741546e06bc74d8f90c592,"MSI Pro MP243L E14 24.5"" Inch 144Hz 1ms FHD IPS Productivity Monitor",MSI,24.5 Inch,144Hz,1080p FHD,IPS,False,False,False,"Rs 33,500",33500,Brand New,Colombo,msi-pro-mp243l-e14-245-inch-144hz-1ms-fhd-ips-productivity-monitor-for-sale-colombo-25,https://ikman.lk/en/ad/msi-pro-mp243l-e14-245-inch-144hz-1ms-fhd-ips-productivity-monitor-for-sale-colombo-25,Max Core PC,True,1 month
6a7425f80555db8d92209f98,"Emark 24"" EW2427SH 144Hz IPS Full HD Frameless Gaming Monitor",Other,24 Inch,144Hz,1080p FHD,IPS,False,True,True,"Rs 29,990",29990,Brand New,Colombo,emark-24-ew2427sh-144hz-ips-full-hd-frameless-gaming-monitor-for-sale-colombo-44,https://ikman.lk/en/ad/emark-24-ew2427sh-144hz-ips-full-hd-frameless-gaming-monitor-for-sale-colombo-44,Computer Store.lk Pvt Ltd,True,1 month
6a741696db43aa8be0117be1,"Acer EK271 27"" Inch 144Hz IPS HDMI Frameless Gaming Monitor",Acer,27 Inch,144Hz,HD,IPS,False,True,True,"Rs 35,990",35990,Brand New,Colombo,acer-ek271-27-inch-144hz-ips-hdmi-frameless-gaming-monitor-for-sale-colombo-87,https://ikman.lk/en/ad/acer-ek271-27-inch-144hz-ips-hdmi-frameless-gaming-monitor-for-sale-colombo-87,Max Core PC,True,1 month
6a7416920555db8d92209ea9,Koorui E2411K 24 INCH 144HZ IPS FHD Brand New Monitor,Other,24 Inch,144Hz,1080p FHD,IPS,False,False,False,"Rs 33,000",33000,Brand New,Colombo,koorui-e2411k-24-inch-144hz-ips-fhd-brand-new-monitor-for-sale-colombo-6,https://ikman.lk/en/ad/koorui-e2411k-24-inch-144hz-ips-fhd-brand-new-monitor-for-sale-colombo-6,Myitem.lk (PVT) Ltd,True,1 month
6a74163829b8a7e18598ad83,"Acer EK251 P6BI 25"" Inch 144Hz IPS HDMI Frameless Gaming Monitor",Acer,25 Inch,144Hz,HD,IPS,False,True,True,"Rs 31,500",31500,Brand New,Colombo,acer-ek251-p6bi-25-inch-144hz-ips-hdmi-frameless-gaming-monitor-for-sale-colombo-48,https://ikman.lk/en/ad/acer-ek251-p6bi-25-inch-144hz-ips-hdmi-frameless-gaming-monitor-for-sale-colombo-48,Max Core PC,True,1 month
6a74158caccd6952fd90c5bd,MSI Modern MD272QXP 27″ Business and Productivity Monitor 100Hz 2K WQHD,MSI,27 Inch,100Hz,2K QHD,Standard,False,False,False,"Rs 95,000",95000,Brand New,Colombo,msi-modern-md272qxp-27-business-and-productivity-monitor-100hz-2k-wqhd-for-sale-colombo-19,https://ikman.lk/en/ad/msi-modern-md272qxp-27-business-and-productivity-monitor-100hz-2k-wqhd-for-sale-colombo-19,Max Core PC,True,1 month
6a7414eedb43aa8be0117bc4,"MSI PRO MP225 E12VL 21.5"" Inch 120Hz 1ms FHD Slim Frameless Monitor",MSI,21.5 Inch,120Hz,1080p FHD,Standard,False,False,True,"Rs 26,500",26500,Brand New,Colombo,msi-pro-mp225-e12vl-215-inch-120hz-1ms-fhd-slim-frameless-monitor-for-sale-colombo-28,https://ikman.lk/en/ad/msi-pro-mp225-e12vl-215-inch-120hz-1ms-fhd-slim-frameless-monitor-for-sale-colombo-28,Max Core PC,True,1 month
6a7414acb9fcf16369209e41,"ViewSonic VA2432A-H 24"" Inch Full HD IPS 120Hz Frameless Monitor New",Viewsonic,24 Inch,120Hz,1080p FHD,IPS,False,False,True,"Rs 35,500",35500,Brand New,Colombo,viewsonic-va2432a-h-24-inch-full-hd-ips-120hz-frameless-monitor-new-for-sale-colombo-98,https://ikman.lk/en/ad/viewsonic-va2432a-h-24-inch-full-hd-ips-120hz-frameless-monitor-new-for-sale-colombo-98,Max Core PC,True,1 month
6a2423ff1b21ae645d9c9ae1,ASUS 24INCH FRAMLESS IPS 120HZ MONITOR -NEW,Asus,24 Inch,120Hz,1080p FHD,IPS,False,False,False,"Rs 33,500",33500,Brand New,Kandy,asus-24inch-framless-ips-120hz-monitor-new-for-sale-kandy,https://ikman.lk/en/ad/asus-24inch-framless-ips-120hz-monitor-new-for-sale-kandy,GAMERS ARSENAL,True,1 month
6a7413d329b8a7e18598ad55,27 Inch Dell P2714HC IPS LED Used Monitor,Dell,27 Inch,60Hz,1080p FHD,IPS,False,False,False,"Rs 28,000",28000,Used,Colombo,27-inch-dell-p2714hc-ips-led-used-monitor-for-sale-colombo-21,https://ikman.lk/en/ad/27-inch-dell-p2714hc-ips-led-used-monitor-for-sale-colombo-21,Mdcomputers.lk(Pvt) Ltd,True,1 month
6a741304e0d5d006296059ea,"Emark 24"" EW2427SH 144Hz IPS Full HD Frameless Gaming Monitor",Other,24 Inch,144Hz,1080p FHD,IPS,False,True,True,"Rs 29,990",29990,Brand New,Colombo,emark-24-ew2427sh-144hz-ips-full-hd-frameless-gaming-monitor-for-sale-colombo-43,https://ikman.lk/en/ad/emark-24-ew2427sh-144hz-ips-full-hd-frameless-gaming-monitor-for-sale-colombo-43,Max Core PC,True,1 month
6a7410cbb0dcfffaf4384ec4,24 Inch Dell P2422HE IPS Frameless Used Type-C Fhd Monitor,Dell,24 Inch,60Hz,1080p FHD,IPS,False,False,True,"Rs 27,500",27500,Used,Colombo,24-inch-dell-p2422he-ips-frameless-used-type-c-fhd-monitor-for-sale-colombo-11,https://ikman.lk/en/ad/24-inch-dell-p2422he-ips-frameless-used-type-c-fhd-monitor-for-sale-colombo-11,Mdcomputers.lk(Pvt) Ltd,True,1 month
6a740f68764d6956a066f081,27 Inch Lenovo Thinkvision IPS FHD HDMI Used Monitor,Lenovo,27 Inch,60Hz,1080p FHD,IPS,False,False,False,"Rs 27,500",27500,Used,Colombo,27-inch-lenovo-thinkvision-ips-fhd-hdmi-used-monitor-for-sale-colombo-37,https://ikman.lk/en/ad/27-inch-lenovo-thinkvision-ips-fhd-hdmi-used-monitor-for-sale-colombo-37,Mdcomputers.lk(Pvt) Ltd,True,1 month
6a740ec4f365875b6890c59e,27 Inch Atec Full HD LED HDMI Monitor,Other,27 Inch,60Hz,1080p FHD,Standard,False,False,False,"Rs 21,500",21500,Used,Colombo,27-inch-atec-full-hd-led-hdmi-monitor-for-sale-colombo,https://ikman.lk/en/ad/27-inch-atec-full-hd-led-hdmi-monitor-for-sale-colombo,Mdcomputers.lk(Pvt) Ltd,True,1 month
6a74050816e3815e02209d9b,"LG 22"" LED Monitor",LG,22 Inch,60Hz,1080p FHD,Standard,False,False,False,"Rs 11,000",11000,Used,Kandy,lg-22-led-monitor-1st-quality-for-sale-kandy,https://ikman.lk/en/ad/lg-22-led-monitor-1st-quality-for-sale-kandy,,False,1 month
68be585cb80983052305a381,24 IPS Frameless Monitor HDMI VGA,Other,24 Inch,60Hz,HD,IPS,False,False,True,"Rs 24,500",24500,Used,Gampaha,24-ips-frameless-monitor-hdmi-vga-for-sale-gampaha,https://ikman.lk/en/ad/24-ips-frameless-monitor-hdmi-vga-for-sale-gampaha,U TECZONE,True,1 month
6a738ff9e9a1dcdf3364774f,Asus Tuf 100htz Monitor,Asus,Unknown,60Hz,Unknown,Standard,False,False,False,"Rs 30,000",30000,Used,Colombo,asus-tuf-100htz-monitor-for-sale-colombo,https://ikman.lk/en/ad/asus-tuf-100htz-monitor-for-sale-colombo,,False,1 month
6a735d91a45ceaeda59ebf88,"20"" LED Wide Screen Monitor",Other,20 Inch,60Hz,Unknown,Standard,False,False,False,"Rs 15,000",15000,Used,Ampara,20-led-wide-screen-monitor-for-sale-ampara,https://ikman.lk/en/ad/20-led-wide-screen-monitor-for-sale-ampara,,False,1 month
6a73525db60decb931c1f761,Sony Bravia Monitor,Other,Unknown,60Hz,Unknown,Standard,False,False,False,"Rs 5,000",5000,Used,Kandy,sony-bravia-monitor-for-sale-kandy,https://ikman.lk/en/ad/sony-bravia-monitor-for-sale-kandy,,False,1 month
6a73224be5069ad2d048c274,"Emark 24"" EW2427SH 144Hz IPS Full HD Frameless Gaming Monitor",Other,24 Inch,144Hz,1080p FHD,IPS,False,True,True,"Rs 29,990",29990,Brand New,Colombo,emark-24-ew2427sh-144hz-ips-full-hd-frameless-gaming-monitor-for-sale-colombo-42,https://ikman.lk/en/ad/emark-24-ew2427sh-144hz-ips-full-hd-frameless-gaming-monitor-for-sale-colombo-42,Max Core PC,True,1 month
6a7320bf7977ab081b23acd3,Koorui G2741L Brand New Dual Mode IPS Monitor (4K-160HZ/1080P-320HZ),Other,Unknown,160Hz,4K UHD,IPS,False,False,False,"Rs 95,000",95000,Brand New,Colombo,koorui-g2741l-brand-new-dual-mode-ips-monitor-4k-160hz-1080p-320hz-for-sale-colombo-4,https://ikman.lk/en/ad/koorui-g2741l-brand-new-dual-mode-ips-monitor-4k-160hz-1080p-320hz-for-sale-colombo-4,Computer Store.lk Pvt Ltd,True,1 month
6a7320577977ab081b23accd,Koorui G2711P FHD IPS 27INCH 200HZ Brand New Gaming Monitor,Other,27 Inch,200Hz,1080p FHD,IPS,False,True,False,"Rs 51,500",51500,Brand New,Colombo,koorui-g2711p-fhd-ips-27inch-200hz-brand-new-gaming-monitor-for-sale-colombo-33,https://ikman.lk/en/ad/koorui-g2711p-fhd-ips-27inch-200hz-brand-new-gaming-monitor-for-sale-colombo-33,Computer Store.lk Pvt Ltd,True,1 month
6a731fd74d0b9f8601aad25e,"Koorui E2212H 100HZ 21.5 Inches FHD Brand New Monitor 22""",Other,21.5 Inch,100Hz,1080p FHD,Standard,False,False,False,"Rs 25,500",25500,Brand New,Colombo,koorui-e2212h-100hz-215-inches-fhd-brand-new-monitor-22-for-sale-colombo,https://ikman.lk/en/ad/koorui-e2212h-100hz-215-inches-fhd-brand-new-monitor-22-for-sale-colombo,Computer Store.lk Pvt Ltd,True,1 month
6a731f6ae9bd2f2bd048c265,Asus TUF Gaming VG279QE5A 27″ FHD IPS 146HZ Monitor,Asus,27 Inch,146Hz,1080p FHD,IPS,False,True,False,"Rs 46,500",46500,Brand New,Colombo,asus-tuf-gaming-vg279qe5a-27-fhd-ips-146hz-monitor-for-sale-colombo-64,https://ikman.lk/en/ad/asus-tuf-gaming-vg279qe5a-27-fhd-ips-146hz-monitor-for-sale-colombo-64,Myitem.lk (PVT) Ltd,True,1 month
6a731afd489de8d7046ec324,DELL E2216H 22 Inch Full HD Monitor,Dell,22 Inch,60Hz,1080p FHD,Standard,False,False,False,"Rs 26,500",26500,Brand New,Kalutara,dell-e2216h-22-inch-full-hd-monitor-brand-new-sealed-box-for-sale-kalutara,https://ikman.lk/en/ad/dell-e2216h-22-inch-full-hd-monitor-brand-new-sealed-box-for-sale-kalutara,,False,1 month
6a7318c32aa93af4684ce877,"Acer 27"" Full HD Nitro Gaming Monitor KG273 W3 (240Hz)",Acer,27 Inch,240Hz,1080p FHD,Standard,False,True,False,"Rs 49,500",49500,Brand New,Colombo,acer-27-full-hd-nitro-gaming-monitor-kg273-w3-240hz-for-sale-colombo-6,https://ikman.lk/en/ad/acer-27-full-hd-nitro-gaming-monitor-kg273-w3-240hz-for-sale-colombo-6,Computer Store.lk Pvt Ltd,True,1 month
6a731478a473698fb85841b1,Koorui G2411P 24 Inch IPS FHD 200Hz Gaming Monitor,Other,24 Inch,200Hz,1080p FHD,IPS,False,True,False,"Rs 39,000",39000,Brand New,Colombo,koorui-g2411p-24-inch-ips-fhd-200hz-gaming-monitor-for-sale-colombo-25,https://ikman.lk/en/ad/koorui-g2411p-24-inch-ips-fhd-200hz-gaming-monitor-for-sale-colombo-25,Computer Store.lk Pvt Ltd,True,1 month
6a731365e9bd2f2bd048c213,Koorui E2411K 24 INCH 144HZ IPS FHD Brand New Monitor,Other,24 Inch,144Hz,1080p FHD,IPS,False,False,False,"Rs 33,000",33000,Brand New,Colombo,koorui-e2411k-24-inch-144hz-ips-fhd-brand-new-monitor-for-sale-colombo-5,https://ikman.lk/en/ad/koorui-e2411k-24-inch-144hz-ips-fhd-brand-new-monitor-for-sale-colombo-5,Computer Store.lk Pvt Ltd,True,1 month
6a730f3918b9c584148e585b,"KOORUI 27"" E2721H QHD IPS 120HZ 2K BRAND NEW GAMING MONITOR",Other,27 Inch,120Hz,2K QHD,IPS,False,True,False,"Rs 52,500",52500,Brand New,Colombo,koorui-27-e2721h-qhd-ips-120hz-2k-brand-new-gaming-monitor-for-sale-colombo-6,https://ikman.lk/en/ad/koorui-27-e2721h-qhd-ips-120hz-2k-brand-new-gaming-monitor-for-sale-colombo-6,Myitem.lk (PVT) Ltd,True,1 month
6a7306568c7f161366548ea7,"Lenovo 24"" Monitor",Lenovo,24 Inch,60Hz,1080p FHD,Standard,False,False,False,"Rs 3,000",3000,Used,Colombo,lenovo-24-monitor-display-fault-for-sale-colombo,https://ikman.lk/en/ad/lenovo-24-monitor-display-fault-for-sale-colombo,,False,1 month
6a7304ebbc5f49380ad8dde3,"MSI PRO MP225 E12VL 21.5"" Inch 120Hz 1ms FHD Slim Frameless Monitor",MSI,21.5 Inch,120Hz,1080p FHD,Standard,False,False,True,"Rs 27,500",27500,Brand New,Colombo,msi-pro-mp225-e12vl-215-inch-120hz-1ms-fhd-slim-frameless-monitor-for-sale-colombo-27,https://ikman.lk/en/ad/msi-pro-mp225-e12vl-215-inch-120hz-1ms-fhd-slim-frameless-monitor-for-sale-colombo-27,Myitem.lk (PVT) Ltd,True,1 month
6a7302c583414a333779581d,"MSI Pro MP251L E2 25"" Inch 120Hz Full HD IPS Frameless Brand New Monitor",MSI,25 Inch,120Hz,1080p FHD,IPS,False,False,True,"Rs 32,000",32000,Brand New,Colombo,msi-pro-mp251l-e2-25-inch-120hz-full-hd-ips-frameless-brand-new-monitor-for-sale-colombo-50,https://ikman.lk/en/ad/msi-pro-mp251l-e2-25-inch-120hz-full-hd-ips-frameless-brand-new-monitor-for-sale-colombo-50,Max Core PC,True,1 month
6a72ff5783414a33377957fa,Brand New Acer Vero Series CB272 P6BMIPRX 144HZ Full HD Monitor,Acer,Unknown,144Hz,1080p FHD,Standard,False,False,False,"Rs 44,990",44990,Brand New,Colombo,brand-new-acer-vero-series-cb272-p6bmiprx-144hz-full-hd-monitor-for-sale-colombo-71,https://ikman.lk/en/ad/brand-new-acer-vero-series-cb272-p6bmiprx-144hz-full-hd-monitor-for-sale-colombo-71,Myitem.lk (PVT) Ltd,True,1 month
6a72ff2694754e740233b447,"HP Z23N IPS Frameless HDMI Monitor 23""",HP,23 Inch,60Hz,HD,IPS,False,False,True,"Rs 20,500",20500,Used,Colombo,hp-z23n-ips-frameless-hdmi-monitor-23-for-sale-colombo-8,https://ikman.lk/en/ad/hp-z23n-ips-frameless-hdmi-monitor-23-for-sale-colombo-8,Computer Store.lk Pvt Ltd,True,1 month
6a72fea3913d9d6423ef10a9,"Acer EK271 27"" Inch 144Hz IPS HDMI Frameless Gaming Monitor",Acer,27 Inch,144Hz,HD,IPS,False,True,True,"Rs 37,000",37000,Brand New,Colombo,acer-ek271-27-inch-144hz-ips-hdmi-frameless-gaming-monitor-for-sale-colombo-86,https://ikman.lk/en/ad/acer-ek271-27-inch-144hz-ips-hdmi-frameless-gaming-monitor-for-sale-colombo-86,Myitem.lk (PVT) Ltd,True,1 month
6a72fe468c7f161366548e3f,Dell UltraSharp U2417H IPS Ful HD Frameless used Monitor,Dell,Unknown,60Hz,HD,IPS,False,False,True,"Rs 26,500",26500,Used,Colombo,dell-ultrasharp-u2417h-ips-ful-hd-frameless-used-monitor-for-sale-colombo-8,https://ikman.lk/en/ad/dell-ultrasharp-u2417h-ips-ful-hd-frameless-used-monitor-for-sale-colombo-8,Computer Store.lk Pvt Ltd,True,1 month
6a72f8606f5e2c7df81bda04,"Lenovo 24"" Frameless T24i Monitor",Lenovo,24 Inch,60Hz,1080p FHD,Standard,False,False,True,"Rs 19,900",19900,Used,Kandy,lenovo-24-frameless-t24i-monitor-for-sale-kandy,https://ikman.lk/en/ad/lenovo-24-frameless-t24i-monitor-for-sale-kandy, Nawarathna Cellulars & Computer Systems,True,1 month
6a72f5d3dfcd3308751bda04,"RANDOM BRAND USED MONITORS WITHOUT BASE (STAND) 19"" 20"" 22"" & 24""",Other,19 Inch,60Hz,Unknown,Standard,False,False,False,"Rs 5,000",5000,Used,Colombo,random-brand-used-monitors-without-base-stand-19-20-22-and-24-for-sale-colombo-3,https://ikman.lk/en/ad/random-brand-used-monitors-without-base-stand-19-20-22-and-24-for-sale-colombo-3,Computer Store.lk Pvt Ltd,True,1 month
6a72f518d0394c67d47957aa,"RANDOM BRAND USED MONITORS WITHOUT BASE (STAND) 22""",Other,22 Inch,60Hz,1080p FHD,Standard,False,False,False,"Rs 7,500",7500,Used,Colombo,random-brand-used-monitors-without-base-stand-22-for-sale-colombo-3,https://ikman.lk/en/ad/random-brand-used-monitors-without-base-stand-22-for-sale-colombo-3,Computer Store.lk Pvt Ltd,True,1 month
6a72f1b994754e740233b3b4,"RANDOM BRAND USED MONITORS WITHOUT BASE (STAND) 24""",Other,24 Inch,60Hz,1080p FHD,Standard,False,False,False,"Rs 10,000",10000,Used,Colombo,random-brand-used-monitors-without-base-stand-24-for-sale-colombo-3,https://ikman.lk/en/ad/random-brand-used-monitors-without-base-stand-24-for-sale-colombo-3,Computer Store.lk Pvt Ltd,True,1 month
6a72efe883414a3337795760,LED / LCD Monitors | IPS HDMI VGA,Other,Unknown,60Hz,HD,IPS,False,False,False,"Rs 7,500",7500,Used,Gampaha,led-lcd-monitors-ips-hdmi-vga-for-sale-gampaha,https://ikman.lk/en/ad/led-lcd-monitors-ips-hdmi-vga-for-sale-gampaha,Comzonex,True,1 month
6a72ef897ad57280beef0ff7,20 inch LED Monitor,Other,20 Inch,60Hz,Unknown,Standard,False,False,False,"Rs 6,000",6000,Used,Matara,20-inch-led-monitor-for-sale-matara,https://ikman.lk/en/ad/20-inch-led-monitor-for-sale-matara,,False,1 month
6a72ed5d07de174d26300438,"Koorui 22"" E2212H 100HZ 21.5 Inches FHD Brand New Monitor",Other,22 Inch,100Hz,1080p FHD,Standard,False,False,False,"Rs 25,500",25500,Brand New,Colombo,koorui-22-e2212h-100hz-215-inches-fhd-brand-new-monitor-for-sale-colombo-15,https://ikman.lk/en/ad/koorui-22-e2212h-100hz-215-inches-fhd-brand-new-monitor-for-sale-colombo-15,Myitem.lk (PVT) Ltd,True,1 month
6a72ecc93257b828173635ef,"MSI PRO MP243L E14 24.5"" Inch 144Hz 1ms FHD IPS Productivity Monitor",MSI,24.5 Inch,144Hz,1080p FHD,IPS,False,False,False,"Rs 33,500",33500,Brand New,Colombo,msi-pro-mp243l-e14-245-inch-144hz-1ms-fhd-ips-productivity-monitor-for-sale-colombo-24,https://ikman.lk/en/ad/msi-pro-mp243l-e14-245-inch-144hz-1ms-fhd-ips-productivity-monitor-for-sale-colombo-24,Myitem.lk (PVT) Ltd,True,1 month
6a72e83c01a1e824a13003e3,Koorui E2411K 24INCH 144HZ IPS FHD Brand New Monitor,Other,24 Inch,144Hz,1080p FHD,IPS,False,False,False,"Rs 33,000",33000,Brand New,Colombo,koorui-e2411k-24inch-144hz-ips-fhd-brand-new-monitor-for-sale-colombo-8,https://ikman.lk/en/ad/koorui-e2411k-24inch-144hz-ips-fhd-brand-new-monitor-for-sale-colombo-8,Max Core PC,True,1 month
6a72e7517f8f384652418a22,Brandnew Acer 27 Inch \Monitors -(144Hz),Acer,27 Inch,144Hz,1080p FHD,Standard,False,False,False,"Rs 37,500",37500,Brand New,Colombo,brandnew-acer-27-inch-monitors-144hz-for-sale-colombo-5,https://ikman.lk/en/ad/brandnew-acer-27-inch-monitors-144hz-for-sale-colombo-5, Laptop Market,True,1 month
6a72dffc9bb2cf5c6239b9fd,"ViewSonic VA2432A-H 24"" Inch Full HD IPS 120Hz Frameless Monitor New",Viewsonic,24 Inch,120Hz,1080p FHD,IPS,False,False,True,"Rs 35,000",35000,Brand New,Colombo,viewsonic-va2432a-h-24-inch-full-hd-ips-120hz-frameless-monitor-new-for-sale-colombo-97,https://ikman.lk/en/ad/viewsonic-va2432a-h-24-inch-full-hd-ips-120hz-frameless-monitor-new-for-sale-colombo-97,Max Core PC,True,1 month
6a72d358a756a0a316daa846,"Acer EK271 27"" Inch 144Hz IPS HDMI Frameless Gaming Monitor",Acer,27 Inch,144Hz,HD,IPS,False,True,True,"Rs 35,990",35990,Brand New,Colombo,acer-ek271-27-inch-144hz-ips-hdmi-frameless-gaming-monitor-for-sale-colombo-85,https://ikman.lk/en/ad/acer-ek271-27-inch-144hz-ips-hdmi-frameless-gaming-monitor-for-sale-colombo-85,Max Core PC,True,1 month
6a72d163299b098adc31896c,"Acer EK251 P6BI 25"" Inch 144Hz IPS HDMI Frameless Gaming Monitor",Acer,25 Inch,144Hz,HD,IPS,False,True,True,"Rs 31,500",31500,Brand New,Colombo,acer-ek251-p6bi-25-inch-144hz-ips-hdmi-frameless-gaming-monitor-for-sale-colombo-47,https://ikman.lk/en/ad/acer-ek251-p6bi-25-inch-144hz-ips-hdmi-frameless-gaming-monitor-for-sale-colombo-47,Max Core PC,True,1 month
6a72cf0a993169e5b8ce666f,"Acer 27"" Full HD Nitro Gaming Monitor - KG273 W3 240Hz Brand New",Acer,27 Inch,240Hz,1080p FHD,Standard,False,True,False,"Rs 49,500",49500,Brand New,Colombo,acer-27-full-hd-nitro-gaming-monitor-kg273-w3-240hz-brand-new-for-sale-colombo-67,https://ikman.lk/en/ad/acer-27-full-hd-nitro-gaming-monitor-kg273-w3-240hz-brand-new-for-sale-colombo-67,Myitem.lk (PVT) Ltd,True,1 month
6a72ce2df83ed3c284318922,MSI Modern MD272QXP 27″ Business and Productivity Monitor 100Hz 2K WQHD,MSI,27 Inch,100Hz,2K QHD,Standard,False,False,False,"Rs 95,000",95000,Brand New,Colombo,msi-modern-md272qxp-27-business-and-productivity-monitor-100hz-2k-wqhd-for-sale-colombo-18,https://ikman.lk/en/ad/msi-modern-md272qxp-27-business-and-productivity-monitor-100hz-2k-wqhd-for-sale-colombo-18,Max Core PC,True,1 month
6a72cda5edfe1de23fd4790f,MSI Pro MP273 E14A 27 Inch 144Hz 1ms FHD IPS Productivity Monitor,MSI,27 Inch,144Hz,1080p FHD,IPS,False,False,False,"Rs 49,990",49990,Brand New,Colombo,msi-pro-mp273-e14a-27-inch-144hz-1ms-fhd-ips-productivity-monitor-for-sale-colombo-42,https://ikman.lk/en/ad/msi-pro-mp273-e14a-27-inch-144hz-1ms-fhd-ips-productivity-monitor-for-sale-colombo-42,Max Core PC,True,1 month
6a72ccfb12df227dee31890a,"Dell P2319H 23"" inch Full HD IPS HDMI Frameless Used Monitor (No Cables)",Dell,23 Inch,60Hz,1080p FHD,IPS,False,False,True,"Rs 20,500",20500,Used,Colombo,dell-p2319h-23-inch-full-hd-ips-hdmi-frameless-used-monitor-no-cables-for-sale-colombo-48,https://ikman.lk/en/ad/dell-p2319h-23-inch-full-hd-ips-hdmi-frameless-used-monitor-no-cables-for-sale-colombo-48,Myitem.lk (PVT) Ltd,True,1 month
6a72cbf699ef8c3efb5ccfc5,MSI Pro MP245PG E14 23.8″ INCH 144HZ 1MS FHD FRAMELESS MONITOR NEW,MSI,23 Inch,144Hz,1080p FHD,Standard,False,False,True,"Rs 47,500",47500,Brand New,Colombo,msi-pro-mp245pg-e14-238-inch-144hz-1ms-fhd-frameless-monitor-new-for-sale-colombo-20,https://ikman.lk/en/ad/msi-pro-mp245pg-e14-238-inch-144hz-1ms-fhd-frameless-monitor-new-for-sale-colombo-20,Myitem.lk (PVT) Ltd,True,1 month
6a72ca53104f2397faa990e6,30 INCH DELL ULTRASHARP IPS HDMI USED MONITOR,Dell,30 Inch,60Hz,HD,IPS,False,False,False,"Rs 34,500",34500,Used,Colombo,30-inch-dell-ultrasharp-ips-hdmi-used-monitor-for-sale-colombo-2,https://ikman.lk/en/ad/30-inch-dell-ultrasharp-ips-hdmi-used-monitor-for-sale-colombo-2,Mdcomputers.lk(Pvt) Ltd,True,1 month
6a72c928d950f35ec564e4a7,"Dell 24"" Full HD IPS Monitor P2419H",Dell,24 Inch,60Hz,1080p FHD,IPS,False,False,False,"Rs 29,900",29900,Used,Colombo,dell-24-full-hd-ips-monitor-p2419h-for-sale-colombo,https://ikman.lk/en/ad/dell-24-full-hd-ips-monitor-p2419h-for-sale-colombo,COMPUTER HUB,True,1 month
6a72c91c51d1cf579b5ccfbc,27 Inch Dell P2714HC IPS LED Monitor,Dell,27 Inch,60Hz,1080p FHD,IPS,False,False,False,"Rs 28,000",28000,Used,Colombo,27-inch-dell-p2714hc-ips-led-monitor-for-sale-colombo-1,https://ikman.lk/en/ad/27-inch-dell-p2714hc-ips-led-monitor-for-sale-colombo-1,Mdcomputers.lk(Pvt) Ltd,True,1 month
6a72c8519fe805595b71a8b2,24 Inch Dell P2422HE IPS Frameless TYPE-C FHD Monitor,Dell,24 Inch,60Hz,1080p FHD,IPS,False,False,True,"Rs 27,500",27500,Used,Colombo,24-inch-dell-p2422he-ips-frameless-type-c-fhd-monitor-for-sale-colombo,https://ikman.lk/en/ad/24-inch-dell-p2422he-ips-frameless-type-c-fhd-monitor-for-sale-colombo,Mdcomputers.lk(Pvt) Ltd,True,1 month
6a72c7f4ad988cb8b7e70523,"MSI Pro MP243L E14 24.5"" Inch 144Hz 1ms FHD IPS Productivity Monitor",MSI,24.5 Inch,144Hz,1080p FHD,IPS,False,False,False,"Rs 33,500",33500,Brand New,Colombo,msi-pro-mp243l-e14-245-inch-144hz-1ms-fhd-ips-productivity-monitor-for-sale-colombo-23,https://ikman.lk/en/ad/msi-pro-mp243l-e14-245-inch-144hz-1ms-fhd-ips-productivity-monitor-for-sale-colombo-23,Max Core PC,True,1 month
6a72c70f684971910971a8df,27 Inch Lenovo Thinkvision IPS FHD HDMI Monitor,Lenovo,27 Inch,60Hz,1080p FHD,IPS,False,False,False,"Rs 27,500",27500,Used,Colombo,27-inch-lenovo-thinkvision-ips-fhd-hdmi-monitor-for-sale-colombo-2,https://ikman.lk/en/ad/27-inch-lenovo-thinkvision-ips-fhd-hdmi-monitor-for-sale-colombo-2,Mdcomputers.lk(Pvt) Ltd,True,1 month
6a72c687cbffbcabd9f24d9e,"MSI PRO MP225 E12VL 21.5"" Inch 120Hz 1ms FHD Slim Frameless Monitor",MSI,21.5 Inch,120Hz,1080p FHD,Standard,False,False,True,"Rs 26,500",26500,Brand New,Colombo,msi-pro-mp225-e12vl-215-inch-120hz-1ms-fhd-slim-frameless-monitor-for-sale-colombo-26,https://ikman.lk/en/ad/msi-pro-mp225-e12vl-215-inch-120hz-1ms-fhd-slim-frameless-monitor-for-sale-colombo-26,Max Core PC,True,1 month
6a72c65060857e320010637c,27 Inch Atec FULL HD LED Monitor,Other,27 Inch,60Hz,1080p FHD,Standard,False,False,False,"Rs 21,500",21500,Used,Colombo,27-inch-atec-full-hd-led-monitor-for-sale-colombo-5,https://ikman.lk/en/ad/27-inch-atec-full-hd-led-monitor-for-sale-colombo-5,Mdcomputers.lk(Pvt) Ltd,True,1 month
6a72c5c7104f2397faa99086,"ViewSonic VA2432A-H 24"" Inch Full HD IPS 120Hz Frameless Monitor New",Viewsonic,24 Inch,120Hz,1080p FHD,IPS,False,False,True,"Rs 35,500",35500,Brand New,Colombo,viewsonic-va2432a-h-24-inch-full-hd-ips-120hz-frameless-monitor-new-for-sale-colombo-96,https://ikman.lk/en/ad/viewsonic-va2432a-h-24-inch-full-hd-ips-120hz-frameless-monitor-new-for-sale-colombo-96,Max Core PC,True,1 month
6a72c58ee1e0787e42040270,Triple Monitor Extender,Other,Unknown,60Hz,Unknown,Standard,False,False,False,"Rs 130,000",130000,Used,Colombo,triple-monitor-extender-for-sale-colombo,https://ikman.lk/en/ad/triple-monitor-extender-for-sale-colombo,,False,1 month
6a72c591d950f35ec564e451,"Emark 24"" EW2427SH 144Hz IPS Full HD Frameless Gaming Monitor",Other,24 Inch,144Hz,1080p FHD,IPS,False,True,True,"Rs 29,990",29990,Brand New,Colombo,emark-24-ew2427sh-144hz-ips-full-hd-frameless-gaming-monitor-for-sale-colombo-41,https://ikman.lk/en/ad/emark-24-ew2427sh-144hz-ips-full-hd-frameless-gaming-monitor-for-sale-colombo-41,Max Core PC,True,1 month
6a72c19249a971092464e4b5,KOORUI G2711P FHD IPS 27INCH 200HZ BRAND NEW GAMING MONITOR,Other,27 Inch,200Hz,1080p FHD,IPS,False,True,False,"Rs 51,500",51500,Brand New,Colombo,koorui-g2711p-fhd-ips-27inch-200hz-brand-new-gaming-monitor-for-sale-colombo-32,https://ikman.lk/en/ad/koorui-g2711p-fhd-ips-27inch-200hz-brand-new-gaming-monitor-for-sale-colombo-32,Myitem.lk (PVT) Ltd,True,1 month
6a72bb3a4e93d64a7e95fea9,"Emark 24"" EW2427SH 144Hz IPS Full HD Frameless Gaming Monitor",Other,24 Inch,144Hz,1080p FHD,IPS,False,True,True,"Rs 29,990",29990,Brand New,Colombo,emark-24-ew2427sh-144hz-ips-full-hd-frameless-gaming-monitor-for-sale-colombo-40,https://ikman.lk/en/ad/emark-24-ew2427sh-144hz-ips-full-hd-frameless-gaming-monitor-for-sale-colombo-40,Myitem.lk (PVT) Ltd,True,1 month
6a6dfe7910ffb0244d1aafc6,"HP 23"" IPS Monitor",HP,23 Inch,60Hz,Unknown,IPS,False,False,False,"Rs 12,000",12000,Used,Colombo,hp-23-ips-monitor-for-sale-colombo-2,https://ikman.lk/en/ad/hp-23-ips-monitor-for-sale-colombo-2,,False,1 month
6a71f667d950f35ec564e0bd,"Monitor 24"" IPS Frameless 120HZ (New) Eye Care|1ms (MPRT)|Gaming - Asus",Asus,24 Inch,120Hz,1080p FHD,IPS,False,True,True,"Rs 32,950",32950,Brand New,Gampaha,monitor-24-ips-frameless-120hz-new-eye-care1ms-mprtgaming-asus-for-sale-gampaha,https://ikman.lk/en/ad/monitor-24-ips-frameless-120hz-new-eye-care1ms-mprtgaming-asus-for-sale-gampaha,ShaTech Zone,True,1 month
6a71d68af3db1993ba709262,"MSI Optix MAG401QR 40"" UWQHD IPS 155Hz 1ms Adaptive Sync Gaming Monitor",MSI,40 Inch,155Hz,2K QHD,IPS,False,True,False,"Rs 185,000",185000,Brand New,Colombo,msi-optix-mag401qr-40-uwqhd-ips-155hz-1ms-adaptive-sync-gaming-monitor-for-sale-colombo-5,https://ikman.lk/en/ad/msi-optix-mag401qr-40-uwqhd-ips-155hz-1ms-adaptive-sync-gaming-monitor-for-sale-colombo-5,Computer Store.lk Pvt Ltd,True,1 month
6a71d67bc6cb214ad9726f6a,Acer KA272 G0bi 27” Full HD IPS Monitor,Acer,27 Inch,60Hz,1080p FHD,IPS,False,False,False,"Rs 28,000",28000,Brand New,Batticaloa,acer-ka272-g0bi-27-full-hd-ips-monitor-for-sale-batticaloa,https://ikman.lk/en/ad/acer-ka272-g0bi-27-full-hd-ips-monitor-for-sale-batticaloa,,False,1 month
6a71d6349db324e01a653d63,MSI Modern MD272QXP 27″ Business and Productivity Monitor 100Hz 2K WQHD,MSI,27 Inch,100Hz,2K QHD,Standard,False,False,False,"Rs 95,000",95000,Brand New,Colombo,msi-modern-md272qxp-27-business-and-productivity-monitor-100hz-2k-wqhd-for-sale-colombo-17,https://ikman.lk/en/ad/msi-modern-md272qxp-27-business-and-productivity-monitor-100hz-2k-wqhd-for-sale-colombo-17,Computer Store.lk Pvt Ltd,True,1 month
6a71d3ed40daefff47726f4a,"Samsung F24T450FQE 24"" Inch Full HD IPS Frameless HDMI Used Monitor",Samsung,24 Inch,60Hz,1080p FHD,IPS,False,False,True,"Rs 20,990",20990,Used,Colombo,samsung-f24t450fqe-24-inch-full-hd-ips-frameless-hdmi-used-monitor-for-sale-colombo-56,https://ikman.lk/en/ad/samsung-f24t450fqe-24-inch-full-hd-ips-frameless-hdmi-used-monitor-for-sale-colombo-56,Max Core PC,True,1 month
6a71bcf80b424cd09f7c673f,Dahua 27” DHI-LM27-B211B Monitor,Other,27 Inch,60Hz,1080p FHD,Standard,False,False,False,"Rs 36,000",36000,Used,Gampaha,dahua-27-dhi-lm27-b211b-monitor-for-sale-gampaha,https://ikman.lk/en/ad/dahua-27-dhi-lm27-b211b-monitor-for-sale-gampaha,,False,1 month
6a71b88117ae74349c40f1dc,Brandnew Acer 27 Inch \Monitors\ (144Hz),Acer,27 Inch,144Hz,1080p FHD,Standard,False,False,False,"Rs 37,500",37500,Brand New,Colombo,brandnew-acer-27-inch-monitors-144hz-for-sale-colombo-4,https://ikman.lk/en/ad/brandnew-acer-27-inch-monitors-144hz-for-sale-colombo-4, Laptop Market,True,1 month
6a719bf95acc937f46653b0b,"Emark 24"" EW2427SH 144Hz IPS Full HD Frameless Gaming Monitor",Other,24 Inch,144Hz,1080p FHD,IPS,False,True,True,"Rs 29,990",29990,Brand New,Colombo,emark-24-ew2427sh-144hz-ips-full-hd-frameless-gaming-monitor-for-sale-colombo-39,https://ikman.lk/en/ad/emark-24-ew2427sh-144hz-ips-full-hd-frameless-gaming-monitor-for-sale-colombo-39,Computer Store.lk Pvt Ltd,True,1 month
6a7196abdbc01144f998532d,"ViewSonic VA2432A-H 24"" Inch Full HD IPS 120Hz Frameless Monitor New",Viewsonic,24 Inch,120Hz,1080p FHD,IPS,False,False,True,"Rs 32,000",32000,Brand New,Colombo,viewsonic-va2432a-h-24-inch-full-hd-ips-120hz-frameless-monitor-new-for-sale-colombo-95,https://ikman.lk/en/ad/viewsonic-va2432a-h-24-inch-full-hd-ips-120hz-frameless-monitor-new-for-sale-colombo-95,Computer Store.lk Pvt Ltd,True,1 month
6a7196640b424cd09f7c6586,Samsung 17 Inch Monitor,Samsung,17 Inch,60Hz,Unknown,Standard,False,False,False,"Rs 5,500",5500,Used,Badulla,monitor-for-sale-badulla-7,https://ikman.lk/en/ad/monitor-for-sale-badulla-7,,False,1 month
6a7196457c2ac826e97c6544,"ViewSonic VA2432A-H 24"" Inch Full HD IPS 120Hz Frameless Monitor New",Viewsonic,24 Inch,120Hz,1080p FHD,IPS,False,False,True,"Rs 32,000",32000,Brand New,Colombo,viewsonic-va2432a-h-24-inch-full-hd-ips-120hz-frameless-monitor-new-for-sale-colombo-94,https://ikman.lk/en/ad/viewsonic-va2432a-h-24-inch-full-hd-ips-120hz-frameless-monitor-new-for-sale-colombo-94,Computer Store.lk Pvt Ltd,True,1 month
6a71884a98d4a8fac740eff0,Monitor,Other,Unknown,60Hz,Unknown,Standard,False,False,False,"Rs 3,500",3500,Used,Colombo,monitor-for-sale-colombo-829,https://ikman.lk/en/ad/monitor-for-sale-colombo-829,,False,1 month
6a71864517ae74349c40efbc,MSI Pro MP273 E14A 27 Inch 144Hz 1ms FHD IPS Productivity Monitor,MSI,27 Inch,144Hz,1080p FHD,IPS,False,False,False,"Rs 49,990",49990,Brand New,Colombo,msi-pro-mp273-e14a-27-inch-144hz-1ms-fhd-ips-productivity-monitor-for-sale-colombo-41,https://ikman.lk/en/ad/msi-pro-mp273-e14a-27-inch-144hz-1ms-fhd-ips-productivity-monitor-for-sale-colombo-41,Computer Store.lk Pvt Ltd,True,1 month
6a71852015db747da02361aa,"32"" 2K Curved Gaming Monitor (2560 × 1440P) QHD|144HZ",Other,32 Inch,144Hz,2K QHD,Standard,True,True,False,"Rs 55,250",55250,Used,Gampaha,32-2k-curved-gaming-monitor-2560-x-1440p-qhd144hz-for-sale-gampaha,https://ikman.lk/en/ad/32-2k-curved-gaming-monitor-2560-x-1440p-qhd144hz-for-sale-gampaha,ShaTech Zone,True,1 month
6a7184d20b424cd09f7c649e,Asus TUF Gaming VG279QE5A 27″ FHD IPS 146HZ Monitor,Asus,27 Inch,146Hz,1080p FHD,IPS,False,True,False,"Rs 45,990",45990,Brand New,Colombo,asus-tuf-gaming-vg279qe5a-27-fhd-ips-146hz-monitor-for-sale-colombo-63,https://ikman.lk/en/ad/asus-tuf-gaming-vg279qe5a-27-fhd-ips-146hz-monitor-for-sale-colombo-63,Computer Store.lk Pvt Ltd,True,1 month
6a718487ef948946ad29498f,"Asus VY279HGR 27"" Inch Full HD IPS Level 120Hz Adaptive Sync Monitor",Asus,27 Inch,120Hz,1080p FHD,IPS,False,False,False,"Rs 44,500",44500,Brand New,Colombo,asus-vy279hgr-27-inch-full-hd-ips-level-120hz-adaptive-sync-monitor-for-sale-colombo-73,https://ikman.lk/en/ad/asus-vy279hgr-27-inch-full-hd-ips-level-120hz-adaptive-sync-monitor-for-sale-colombo-73,Computer Store.lk Pvt Ltd,True,1 month
6a7183f49db324e01a653a23,"Asus 25"" VA259HGA 120Hz IPS Eye Care Gaming Monitor",Asus,25 Inch,120Hz,Unknown,IPS,False,True,False,"Rs 34,500",34500,Brand New,Colombo,asus-25-va259hga-120hz-ips-eye-care-gaming-monitor-for-sale-colombo-49,https://ikman.lk/en/ad/asus-25-va259hga-120hz-ips-eye-care-gaming-monitor-for-sale-colombo-49,Computer Store.lk Pvt Ltd,True,1 month
6a7181d317ae74349c40ef90,"MONITOR 23"" IPS FHD (1980 x 1080P) HDMI FRAMELESS",Other,23 Inch,60Hz,1080p FHD,IPS,False,False,True,"Rs 19,450",19450,Used,Gampaha,monitor-23-ips-fhd-1980-x-1080p-hdmi-frameless-for-sale-gampaha,https://ikman.lk/en/ad/monitor-23-ips-fhd-1980-x-1080p-hdmi-frameless-for-sale-gampaha,ShaTech Zone,True,1 month
6a717c70e853e94d702360fc,"Samsung 24"" Inch Full HD IPS Frameless HDMI Gaming Used Monitor",Samsung,24 Inch,60Hz,1080p FHD,IPS,False,True,True,"Rs 22,000",22000,Used,Colombo,samsung-24-inch-full-hd-ips-frameless-hdmi-gaming-used-monitor-for-sale-colombo-53,https://ikman.lk/en/ad/samsung-24-inch-full-hd-ips-frameless-hdmi-gaming-used-monitor-for-sale-colombo-53,Myitem.lk (PVT) Ltd,True,1 month
6a717599a14f5251b21a4743,"Acer EK271 27"" Inch 144Hz IPS HDMI Frameless Gaming Monitor",Acer,27 Inch,144Hz,HD,IPS,False,True,True,"Rs 37,000",37000,Brand New,Colombo,acer-ek271-27-inch-144hz-ips-hdmi-frameless-gaming-monitor-for-sale-colombo-84,https://ikman.lk/en/ad/acer-ek271-27-inch-144hz-ips-hdmi-frameless-gaming-monitor-for-sale-colombo-84,Myitem.lk (PVT) Ltd,True,1 month
6a716f9586dcef75a697e6b2,"Dell P2319H 23"" Inch IPS Frameless Full HD HDMI Used Monitor",Dell,23 Inch,60Hz,1080p FHD,IPS,False,False,True,"Rs 20,500",20500,Used,Colombo,dell-p2319h-23-inch-ips-frameless-full-hd-hdmi-used-monitor-for-sale-colombo-35,https://ikman.lk/en/ad/dell-p2319h-23-inch-ips-frameless-full-hd-hdmi-used-monitor-for-sale-colombo-35,Max Core PC,True,1 month
6a716f83ceb47e473b4b410b,"Asus VY279HGR 27"" Inch Full HD IPS Level 120Hz Adaptive Sync Monitor",Asus,27 Inch,120Hz,1080p FHD,IPS,False,False,False,"Rs 46,000",46000,Brand New,Colombo,asus-vy279hgr-27-inch-full-hd-ips-level-120hz-adaptive-sync-monitor-for-sale-colombo-72,https://ikman.lk/en/ad/asus-vy279hgr-27-inch-full-hd-ips-level-120hz-adaptive-sync-monitor-for-sale-colombo-72,Myitem.lk (PVT) Ltd,True,1 month
6a716cd6dc1100d068644156,MSI Pro MP273 E14A 27 Inch 144HZ 1MS FHD IPS Productivity Monitor New,MSI,27 Inch,144Hz,1080p FHD,IPS,False,False,False,"Rs 51,500",51500,Brand New,Colombo,msi-pro-mp273-e14a-27-inch-144hz-1ms-fhd-ips-productivity-monitor-new-for-sale-colombo-99,https://ikman.lk/en/ad/msi-pro-mp273-e14a-27-inch-144hz-1ms-fhd-ips-productivity-monitor-new-for-sale-colombo-99,Myitem.lk (PVT) Ltd,True,1 month
6a7168047bf9f3b5833bcb01,"ViewSonic VA2432A-H 24"" Inch Full HD IPS 120HZ Frameless Monitor New",Viewsonic,24 Inch,120Hz,1080p FHD,IPS,False,False,True,"Rs 35,500",35500,Brand New,Colombo,viewsonic-va2432a-h-24-inch-full-hd-ips-120hz-frameless-monitor-new-for-sale-colombo-93,https://ikman.lk/en/ad/viewsonic-va2432a-h-24-inch-full-hd-ips-120hz-frameless-monitor-new-for-sale-colombo-93,Myitem.lk (PVT) Ltd,True,1 month
6a70c5a2d11dfb05420aa8c2,"Viewsonic 24"" Ips Monitor",Viewsonic,24 Inch,60Hz,1080p FHD,IPS,False,False,False,"Rs 33,000",33000,Used,Gampaha,viewsonic-24-ips-monitor-for-sale-gampaha,https://ikman.lk/en/ad/viewsonic-24-ips-monitor-for-sale-gampaha,,False,1 month
6a70bfb4bbbd7ff8d2c9e159,Samsung Gaming 24'' Monitor,Samsung,24 Inch,60Hz,1080p FHD,Standard,False,True,False,"Rs 28,990",28990,Brand New,Jaffna,samsung-gaming-24-monitor-for-sale-jaffna-1,https://ikman.lk/en/ad/samsung-gaming-24-monitor-for-sale-jaffna-1,,False,1 month
6a70c8bb7c2e78bc5b3f82f5,Samsung 20” Wide Monitor,Samsung,20 Inch,60Hz,Unknown,Standard,False,False,False,"Rs 8,500",8500,Used,Colombo,samsung-20-wide-monitor-for-sale-colombo-1,https://ikman.lk/en/ad/samsung-20-wide-monitor-for-sale-colombo-1,Computer House,True,1 month
6a70c84288c8e6bd660aa8d4,Samsung 19” Wide Monitor,Samsung,19 Inch,60Hz,Unknown,Standard,False,False,False,"Rs 7,900",7900,Used,Colombo,samsung-19-wide-monitor-for-sale-colombo,https://ikman.lk/en/ad/samsung-19-wide-monitor-for-sale-colombo,Computer House,True,1 month
6a70c74c9a5a3c76253f82b9,Samsung 17” Monitor,Samsung,Unknown,60Hz,Unknown,Standard,False,False,False,"Rs 5,900",5900,Used,Colombo,samsung-17-monitor-for-sale-colombo-4,https://ikman.lk/en/ad/samsung-17-monitor-for-sale-colombo-4,Computer House,True,1 month
6a70b9fb5a9439d823679462,Acer - G2 45H Monitor,Acer,Unknown,60Hz,Unknown,Standard,False,False,False,"Rs 13,500",13500,Used,Gampaha,acer-g2-45h-for-sale-gampaha,https://ikman.lk/en/ad/acer-g2-45h-for-sale-gampaha,,False,1 month
6a70aa53ff0bb7c26fde7cd2,"24"" IPS Monitor (New) Eye Care 120HZ|Frameless|1ms (MPRT)|Gaming - Asus",Asus,24 Inch,120Hz,1080p FHD,IPS,False,True,True,"Rs 32,950",32950,Brand New,Gampaha,24-ips-monitor-new-eye-care-120hzframeless1ms-mprtgaming-asus-for-sale-gampaha,https://ikman.lk/en/ad/24-ips-monitor-new-eye-care-120hzframeless1ms-mprtgaming-asus-for-sale-gampaha,ShaTech Zone,True,1 month
6a70928cd18b7c7d26db0157,Samsung 24 Inch Wide LED 1080P Full HD Monitor,Samsung,24 Inch,60Hz,1080p FHD,Standard,False,False,False,"Rs 10,500",10500,Used,Colombo,24-inch-wide-led-1080p-full-hd-monitor-for-sale-colombo,https://ikman.lk/en/ad/24-inch-wide-led-1080p-full-hd-monitor-for-sale-colombo,,False,1 month
6a708b0ebbbd7ff8d2c9e04e,KOORUI G2711P FHD IPS 27INCH 200HZ BRAND NEW GAMING MONITOR,Other,27 Inch,200Hz,1080p FHD,IPS,False,True,False,"Rs 51,500",51500,Brand New,Colombo,koorui-g2711p-fhd-ips-27inch-200hz-brand-new-gaming-monitor-for-sale-colombo-31,https://ikman.lk/en/ad/koorui-g2711p-fhd-ips-27inch-200hz-brand-new-gaming-monitor-for-sale-colombo-31,Myitem.lk (PVT) Ltd,True,1 month
6a708517433cf46c644c9b0a,MSI Pro MP245PG E14 23.8″ INCH 144HZ 1MS FHD FRAMELESS MONITOR NEW,MSI,23 Inch,144Hz,1080p FHD,Standard,False,False,True,"Rs 47,500",47500,Brand New,Colombo,msi-pro-mp245pg-e14-238-inch-144hz-1ms-fhd-frameless-monitor-new-for-sale-colombo-19,https://ikman.lk/en/ad/msi-pro-mp245pg-e14-238-inch-144hz-1ms-fhd-frameless-monitor-new-for-sale-colombo-19,Max Core PC,True,1 month
6a7080e52b4bdb8c6778ae76,"MSI 24"" Optix G2422 170Hz IPS Gaming Monitor",MSI,24 Inch,170Hz,1080p FHD,IPS,False,True,False,"Rs 72,000",72000,Brand New,Colombo,msi-24-optix-g2422-170hz-ips-gaming-monitor-for-sale-colombo-34,https://ikman.lk/en/ad/msi-24-optix-g2422-170hz-ips-gaming-monitor-for-sale-colombo-34,PC Cart Express Maharagama,True,1 month
6a7080ce1226cde65675aa0e,"MSI 24"" Optix G2422 170Hz IPS Gaming Monitor",MSI,24 Inch,170Hz,1080p FHD,IPS,False,True,False,"Rs 72,000",72000,Brand New,Colombo,msi-24-optix-g2422-170hz-ips-gaming-monitor-for-sale-colombo-33,https://ikman.lk/en/ad/msi-24-optix-g2422-170hz-ips-gaming-monitor-for-sale-colombo-33,PC Cart Kesbewa ,True,1 month
6a708005c94067296078ae46,"Samsung F24T450FQE 24"" Inch Full HD IPS Frameless HDMI Used Monitor",Samsung,24 Inch,60Hz,1080p FHD,IPS,False,False,True,"Rs 21,990",21990,Used,Colombo,samsung-f24t450fqe-24-inch-full-hd-ips-frameless-hdmi-used-monitor-for-sale-colombo-55,https://ikman.lk/en/ad/samsung-f24t450fqe-24-inch-full-hd-ips-frameless-hdmi-used-monitor-for-sale-colombo-55,Computer Store.lk Pvt Ltd,True,1 month
6a707f6683ee0006ded7ffac,"Dell P2319H 23"" Inch IPS Frameless Full HD HDMI Used Monitor",Dell,23 Inch,60Hz,1080p FHD,IPS,False,False,True,"Rs 20,500",20500,Used,Colombo,dell-p2319h-23-inch-ips-frameless-full-hd-hdmi-used-monitor-for-sale-colombo-34,https://ikman.lk/en/ad/dell-p2319h-23-inch-ips-frameless-full-hd-hdmi-used-monitor-for-sale-colombo-34,Computer Store.lk Pvt Ltd,True,1 month
6a707e15ae2ec3c6d47edbbc,"2K 32"" Monitor Curved (2560 × 1440P) GAMING|QHD|144HZ",Other,32 Inch,144Hz,2K QHD,Standard,True,True,False,"Rs 55,250",55250,Used,Gampaha,2k-32-monitor-curved-2560-x-1440p-gamingqhd144hz-for-sale-gampaha,https://ikman.lk/en/ad/2k-32-monitor-curved-2560-x-1440p-gamingqhd144hz-for-sale-gampaha,ShaTech Zone,True,1 month
6a707d89bc1eb13d83c569cb,Brand New Acer Vero Series CB272 P6BMIPRX 144HZ Full HD Monitor,Acer,Unknown,144Hz,1080p FHD,Standard,False,False,False,"Rs 44,990",44990,Brand New,Colombo,brand-new-acer-vero-series-cb272-p6bmiprx-144hz-full-hd-monitor-for-sale-colombo-70,https://ikman.lk/en/ad/brand-new-acer-vero-series-cb272-p6bmiprx-144hz-full-hd-monitor-for-sale-colombo-70,Myitem.lk (PVT) Ltd,True,1 month
6a07f3a85ad94a9ccfe92dca,𝟐𝟒” 𝐋𝐄𝐃 𝐌𝐎𝐍𝐈𝐓𝐎𝐑,Other,Unknown,60Hz,Unknown,Standard,False,False,False,"Rs 11,500",11500,Used,Colombo,for-sale-colombo-4062,https://ikman.lk/en/ad/for-sale-colombo-4062,JNC LANKA TECH HOLDING (PVT) LTD,True,1 month
6a706ec27c2e78bc5b3f80d3,"23"" IPS FHD HDMI FRAMELESS MONITOR",Other,23 Inch,60Hz,1080p FHD,IPS,False,False,True,"Rs 19,450",19450,Used,Gampaha,23-ips-fhd-hdmi-frameless-monitor-for-sale-gampaha,https://ikman.lk/en/ad/23-ips-fhd-hdmi-frameless-monitor-for-sale-gampaha,ShaTech Zone,True,1 month
6a70675102d3d5dd24d8447f,"Acer EK271 27"" Inch 144Hz IPS HDMI Frameless Gaming Monitor",Acer,27 Inch,144Hz,HD,IPS,False,True,True,"Rs 35,990",35990,Brand New,Colombo,acer-ek271-27-inch-144hz-ips-hdmi-frameless-gaming-monitor-for-sale-colombo-83,https://ikman.lk/en/ad/acer-ek271-27-inch-144hz-ips-hdmi-frameless-gaming-monitor-for-sale-colombo-83,Computer Store.lk Pvt Ltd,True,1 month
6a705dcc8b437184903f7fed,"Acer EK251 P6BI 25"" Inch 144Hz IPS HDMI Frameless Gaming Monitor",Acer,25 Inch,144Hz,HD,IPS,False,True,True,"Rs 31,500",31500,Brand New,Colombo,acer-ek251-p6bi-25-inch-144hz-ips-hdmi-frameless-gaming-monitor-for-sale-colombo-46,https://ikman.lk/en/ad/acer-ek251-p6bi-25-inch-144hz-ips-hdmi-frameless-gaming-monitor-for-sale-colombo-46,Computer Store.lk Pvt Ltd,True,1 month
6a705b537b60633d3175a8e1,"MSI Pro MP243L E14 24.5"" Inch 144Hz 1ms FHD IPS Productivity Monitor",MSI,24.5 Inch,144Hz,1080p FHD,IPS,False,False,False,"Rs 33,500",33500,Brand New,Colombo,msi-pro-mp243l-e14-245-inch-144hz-1ms-fhd-ips-productivity-monitor-for-sale-colombo-22,https://ikman.lk/en/ad/msi-pro-mp243l-e14-245-inch-144hz-1ms-fhd-ips-productivity-monitor-for-sale-colombo-22,Computer Store.lk Pvt Ltd,True,1 month
6a705a8b9a5a3c76253f7f9e,"MSI PRO MP225 E12VL 21.5"" Inch 120Hz 1ms FHD Slim Frameless Monitor",MSI,21.5 Inch,120Hz,1080p FHD,Standard,False,False,True,"Rs 26,500",26500,Brand New,Colombo,msi-pro-mp225-e12vl-215-inch-120hz-1ms-fhd-slim-frameless-monitor-for-sale-colombo-25,https://ikman.lk/en/ad/msi-pro-mp225-e12vl-215-inch-120hz-1ms-fhd-slim-frameless-monitor-for-sale-colombo-25,Computer Store.lk Pvt Ltd,True,1 month
6a7058a96c5f76b37bde7abb,MSI Pro MP245PG E14 23.8″ INCH 144HZ 1MS FHD FRAMELESS MONITOR NEW,MSI,23 Inch,144Hz,1080p FHD,Standard,False,False,True,"Rs 47,500",47500,Brand New,Colombo,msi-pro-mp245pg-e14-238-inch-144hz-1ms-fhd-frameless-monitor-new-for-sale-colombo-18,https://ikman.lk/en/ad/msi-pro-mp245pg-e14-238-inch-144hz-1ms-fhd-frameless-monitor-new-for-sale-colombo-18,Myitem.lk (PVT) Ltd,True,1 month
6a213a111cf49a8cae506f7a,HP 22” Ips HDMI Monitor,HP,22 Inch,60Hz,HD,IPS,False,False,False,"Rs 11,900",11900,Used,Colombo,hp-22-ips-hdmi-monitor-for-sale-colombo-1,https://ikman.lk/en/ad/hp-22-ips-hdmi-monitor-for-sale-colombo-1,Computer House,True,1 month
6a21323829ba80eef088d724,20” Wide Monitor,Other,20 Inch,60Hz,Unknown,Standard,False,False,False,"Rs 7,900",7900,Used,Colombo,20-wide-monitor-for-sale-colombo-3,https://ikman.lk/en/ad/20-wide-monitor-for-sale-colombo-3,Computer House,True,1 month
6a2129d95976fe3ff1d7c56e,19” Monitor,Other,19 Inch,60Hz,Unknown,Standard,False,False,False,"Rs 6,500",6500,Used,Colombo,19-monitor-for-sale-colombo-84,https://ikman.lk/en/ad/19-monitor-for-sale-colombo-84,Computer House,True,1 month
6a21248759dd35a84e42b062,17” Monitor,Other,Unknown,60Hz,Unknown,Standard,False,False,False,"Rs 5,900",5900,Used,Colombo,17-monitor-for-sale-colombo-24,https://ikman.lk/en/ad/17-monitor-for-sale-colombo-24,Computer House,True,1 month
6a2122e0fecb229199506e77,Falcon 24” Wide Led Monitor,Other,24 Inch,60Hz,1080p FHD,Standard,False,False,False,"Rs 22,900",22900,Brand New,Colombo,falcon-24-wide-led-monitor-for-sale-colombo,https://ikman.lk/en/ad/falcon-24-wide-led-monitor-for-sale-colombo,Computer House,True,1 month
6a2122895976fe3ff1d7c519,Falcon 19” Wide LED Monitor,Other,19 Inch,60Hz,Unknown,Standard,False,False,False,"Rs 17,500",17500,Brand New,Colombo,falcon-19-wide-led-monitor-for-sale-colombo-4,https://ikman.lk/en/ad/falcon-19-wide-led-monitor-for-sale-colombo-4,Computer House,True,1 month
6a2122326376d14f3bd11199,Falcon 17” LED HDMI Monitor,Other,Unknown,60Hz,HD,Standard,False,False,False,"Rs 9,900",9900,Brand New,Colombo,falcon-17-led-hdmi-monitor-for-sale-colombo,https://ikman.lk/en/ad/falcon-17-led-hdmi-monitor-for-sale-colombo,Computer House,True,1 month
6a7047da02d3d5dd24d84348,MSI Modern MD272QXP 27″ Business and Productivity Monitor 100Hz 2K WQHD,MSI,27 Inch,100Hz,2K QHD,Standard,False,False,False,"Rs 95,000",95000,Brand New,Colombo,msi-modern-md272qxp-27-business-and-productivity-monitor-100hz-2k-wqhd-for-sale-colombo-16,https://ikman.lk/en/ad/msi-modern-md272qxp-27-business-and-productivity-monitor-100hz-2k-wqhd-for-sale-colombo-16,Computer Store.lk Pvt Ltd,True,1 month
6a70471d1555f40a9f7eda3f,"MSI Optix MAG401QR 40"" UWQHD IPS 155Hz 1ms Adaptive Sync Gaming Monitor",MSI,40 Inch,155Hz,2K QHD,IPS,False,True,False,"Rs 185,000",185000,Brand New,Colombo,msi-optix-mag401qr-40-uwqhd-ips-155hz-1ms-adaptive-sync-gaming-monitor-for-sale-colombo-4,https://ikman.lk/en/ad/msi-optix-mag401qr-40-uwqhd-ips-155hz-1ms-adaptive-sync-gaming-monitor-for-sale-colombo-4,Computer Store.lk Pvt Ltd,True,1 month
6a70471cb51e3635b5740356,MSI Pro MP243 23.8” 75Hz 1Ms FHD IPS Ultra Slim Frameless Monitor,MSI,23 Inch,75Hz,1080p FHD,IPS,False,False,True,"Rs 51,500",51500,Brand New,Colombo,msi-pro-mp243-238-75hz-1ms-fhd-ips-ultra-slim-frameless-monitor-for-sale-colombo-1,https://ikman.lk/en/ad/msi-pro-mp243-238-75hz-1ms-fhd-ips-ultra-slim-frameless-monitor-for-sale-colombo-1,PC Cart Express Maharagama,True,1 month
6a7047082b4bdb8c6778ac68,MSI Pro MP243 23.8” 75Hz 1Ms FHD IPS Ultra Slim Frameless Monitor,MSI,23 Inch,75Hz,1080p FHD,IPS,False,False,True,"Rs 51,500",51500,Brand New,Colombo,msi-pro-mp243-238-75hz-1ms-fhd-ips-ultra-slim-frameless-monitor-for-sale-colombo,https://ikman.lk/en/ad/msi-pro-mp243-238-75hz-1ms-fhd-ips-ultra-slim-frameless-monitor-for-sale-colombo,PC Cart Kesbewa ,True,1 month
6a703e305be9c21376c56782,"KOORUI 27"" E2721H QHD IPS 120HZ 2K BRAND NEW GAMING MONITOR",Other,27 Inch,120Hz,2K QHD,IPS,False,True,False,"Rs 52,500",52500,Brand New,Colombo,koorui-27-e2721h-qhd-ips-120hz-2k-brand-new-gaming-monitor-for-sale-colombo-5,https://ikman.lk/en/ad/koorui-27-e2721h-qhd-ips-120hz-2k-brand-new-gaming-monitor-for-sale-colombo-5,Myitem.lk (PVT) Ltd,True,1 month
6a703d8b1a269bda4f1f5d0a,"LG 19"" Square LED Monitor",LG,19 Inch,60Hz,Unknown,Standard,False,False,False,"Rs 7,500",7500,Used,Gampaha,lg-19-square-led-monitor-for-sale-gampaha,https://ikman.lk/en/ad/lg-19-square-led-monitor-for-sale-gampaha,Comzonex,True,1 month
6a703b7b88900cfe2e75a7c5,"Acer EK251 P6BI 25"" Inch 144Hz IPS HDMI Frameless Gaming Monitor",Acer,25 Inch,144Hz,HD,IPS,False,True,True,"Rs 31,500",31500,Brand New,Colombo,acer-ek251-p6bi-25-inch-144hz-ips-hdmi-frameless-gaming-monitor-for-sale-colombo-45,https://ikman.lk/en/ad/acer-ek251-p6bi-25-inch-144hz-ips-hdmi-frameless-gaming-monitor-for-sale-colombo-45,Max Core PC,True,1 month
6a7037374f87bba0bb1f5cce,Brandnew Acer 27 Inch \Monitors\ (144Hz),Acer,27 Inch,144Hz,1080p FHD,Standard,False,False,False,"Rs 37,500",37500,Brand New,Colombo,brandnew-acer-27-inch-monitors-144hz-for-sale-colombo-3,https://ikman.lk/en/ad/brandnew-acer-27-inch-monitors-144hz-for-sale-colombo-3, Laptop Market,True,1 month
6a7035e3b51e3635b57402a2,"Acer 27"" Full HD Nitro Gaming Monitor - KG273 W3 240Hz Brand New",Acer,27 Inch,240Hz,1080p FHD,Standard,False,True,False,"Rs 49,500",49500,Brand New,Colombo,acer-27-full-hd-nitro-gaming-monitor-kg273-w3-240hz-brand-new-for-sale-colombo-66,https://ikman.lk/en/ad/acer-27-full-hd-nitro-gaming-monitor-kg273-w3-240hz-brand-new-for-sale-colombo-66,Myitem.lk (PVT) Ltd,True,1 month
6a70352e1a269bda4f1f5ca4,"Lenovo ThinkVision P24Q-30 24"" 2K IPS HDMI Monitor - (With Box)",Lenovo,24 Inch,60Hz,2K QHD,IPS,False,False,False,"Rs 39,500",39500,Used,Colombo,lenovo-thinkvision-p24q-30-24-2k-ips-hdmi-monitor-with-box-for-sale-colombo-3,https://ikman.lk/en/ad/lenovo-thinkvision-p24q-30-24-2k-ips-hdmi-monitor-with-box-for-sale-colombo-3,PC Cart Express Maharagama,True,1 month
6a7033d31555f40a9f7ed951,"Lenovo ThinkVision P24Q-30 24"" 2K IPS HDMI Monitor - (With Box)",Lenovo,24 Inch,60Hz,2K QHD,IPS,False,False,False,"Rs 39,500",39500,Used,Colombo,lenovo-thinkvision-p24q-30-24-2k-ips-hdmi-monitor-with-box-for-sale-colombo-2,https://ikman.lk/en/ad/lenovo-thinkvision-p24q-30-24-2k-ips-hdmi-monitor-with-box-for-sale-colombo-2,PC Cart Kesbewa ,True,1 month
6a7031445c8451e92978ab1e,"Full HD IPS Dell P2419H 24"" Monitor",Dell,24 Inch,60Hz,1080p FHD,IPS,False,False,False,"Rs 29,900",29900,Used,Colombo,full-hd-ips-dell-p2419h-24-monitor-for-sale-colombo-2,https://ikman.lk/en/ad/full-hd-ips-dell-p2419h-24-monitor-for-sale-colombo-2,COMPUTER HUB,True,1 month
6a702c9288900cfe2e75a6db,30 INCH DELL ULTRASHARP IPS HDMI USED MONITOR,Dell,30 Inch,60Hz,HD,IPS,False,False,False,"Rs 34,500",34500,Used,Colombo,30-inch-dell-ultrasharp-ips-hdmi-used-monitor-for-sale-colombo-1,https://ikman.lk/en/ad/30-inch-dell-ultrasharp-ips-hdmi-used-monitor-for-sale-colombo-1,Mdcomputers.lk(Pvt) Ltd,True,1 month
6a702b183a23a88e268e5ba5,27 Inch Dell P2714HC IPS LED USED Monitor,Dell,27 Inch,60Hz,1080p FHD,IPS,False,False,False,"Rs 28,000",28000,Used,Colombo,27-inch-dell-p2714hc-ips-led-used-monitor-for-sale-colombo-24,https://ikman.lk/en/ad/27-inch-dell-p2714hc-ips-led-used-monitor-for-sale-colombo-24,Mdcomputers.lk(Pvt) Ltd,True,1 month
6a702a2a7ff4d0269a740232,"Dell P2319H 23"" inch Full HD IPS HDMI Frameless Used Monitor (No Cables)",Dell,23 Inch,60Hz,1080p FHD,IPS,False,False,True,"Rs 20,500",20500,Used,Colombo,dell-p2319h-23-inch-full-hd-ips-hdmi-frameless-used-monitor-no-cables-for-sale-colombo-47,https://ikman.lk/en/ad/dell-p2319h-23-inch-full-hd-ips-hdmi-frameless-used-monitor-no-cables-for-sale-colombo-47,Myitem.lk (PVT) Ltd,True,1 month
6a702886f97b3158d3740214,"RANDOM BRAND USED MONITORS WITHOUT BASE (STAND) 19"" 20"" 22"" & 24""",Other,19 Inch,60Hz,Unknown,Standard,False,False,False,"Rs 5,000",5000,Used,Colombo,random-brand-used-monitors-without-base-stand-19-20-22-and-24-for-sale-colombo-2,https://ikman.lk/en/ad/random-brand-used-monitors-without-base-stand-19-20-22-and-24-for-sale-colombo-2,Computer Store.lk Pvt Ltd,True,1 month
69b95e716fd769bfa7b65d82,27 INCH LED FULL HD MONITOR ( INBUILT SPEAKERS ),Other,27 Inch,60Hz,1080p FHD,Standard,False,False,False,"Rs 24,000",24000,Used,Kalutara,27-inch-led-full-hd-monitor-inbuilt-speakers-for-sale-kalutara,https://ikman.lk/en/ad/27-inch-led-full-hd-monitor-inbuilt-speakers-for-sale-kalutara,Sheiba Arcade,True,1 month
6a702859ff0bb7c26fde7846,24 Inch Dell P2422HE IPS Frameless USED TYPE-C FHD MONITOR,Dell,24 Inch,60Hz,1080p FHD,IPS,False,False,True,"Rs 27,500",27500,Used,Colombo,24-inch-dell-p2422he-ips-frameless-used-type-c-fhd-monitor-for-sale-colombo-12,https://ikman.lk/en/ad/24-inch-dell-p2422he-ips-frameless-used-type-c-fhd-monitor-for-sale-colombo-12,Mdcomputers.lk(Pvt) Ltd,True,1 month
6a702788e5590e32800c4666,Monitor,Other,Unknown,60Hz,Unknown,Standard,False,False,False,"Rs 16,500",16500,Used,Gampaha,monitor-for-sale-gampaha-542,https://ikman.lk/en/ad/monitor-for-sale-gampaha-542,,False,1 month
6a7026e8f97b3158d37401ee,27 Inch Lenovo Thinkvision IPS FHD HDMI USED MONITOR,Lenovo,27 Inch,60Hz,1080p FHD,IPS,False,False,False,"Rs 27,500",27500,Used,Colombo,27-inch-lenovo-thinkvision-ips-fhd-hdmi-used-monitor-for-sale-colombo-40,https://ikman.lk/en/ad/27-inch-lenovo-thinkvision-ips-fhd-hdmi-used-monitor-for-sale-colombo-40,Mdcomputers.lk(Pvt) Ltd,True,1 month
6a7026ac7c2e78bc5b3f7da2,"RANDOM BRAND USED MONITORS WITHOUT BASE (STAND) 22""",Other,22 Inch,60Hz,1080p FHD,Standard,False,False,False,"Rs 7,500",7500,Used,Colombo,random-brand-used-monitors-without-base-stand-22-for-sale-colombo-2,https://ikman.lk/en/ad/random-brand-used-monitors-without-base-stand-22-for-sale-colombo-2,Computer Store.lk Pvt Ltd,True,1 month
6a7023aaf97b3158d37401ad,27 Inch Atec FULL HD LED Used Monitor,Other,27 Inch,60Hz,1080p FHD,Standard,False,False,False,"Rs 21,500",21500,Used,Colombo,27-inch-atec-full-hd-led-used-monitor-for-sale-colombo-72,https://ikman.lk/en/ad/27-inch-atec-full-hd-led-used-monitor-for-sale-colombo-72,Mdcomputers.lk(Pvt) Ltd,True,1 month
6a702357a2af238d44c56620,"RANDOM BRAND USED MONITORS WITHOUT BASE (STAND) 24""",Other,24 Inch,60Hz,1080p FHD,Standard,False,False,False,"Rs 10,000",10000,Used,Colombo,random-brand-used-monitors-without-base-stand-24-for-sale-colombo-2,https://ikman.lk/en/ad/random-brand-used-monitors-without-base-stand-24-for-sale-colombo-2,Computer Store.lk Pvt Ltd,True,1 month
6a7020983c6a0d7231b9b837,"MSI PRO MP243L E14 24.5"" Inch 144Hz 1ms FHD IPS Productivity Monitor",MSI,24.5 Inch,144Hz,1080p FHD,IPS,False,False,False,"Rs 33,500",33500,Brand New,Colombo,msi-pro-mp243l-e14-245-inch-144hz-1ms-fhd-ips-productivity-monitor-for-sale-colombo-21,https://ikman.lk/en/ad/msi-pro-mp243l-e14-245-inch-144hz-1ms-fhd-ips-productivity-monitor-for-sale-colombo-21,Myitem.lk (PVT) Ltd,True,1 month
6a701f69b51e3635b5740152,Asus TUF Gaming VG279QE5A 27″ FHD IPS 146HZ Monitor,Asus,27 Inch,146Hz,1080p FHD,IPS,False,True,False,"Rs 46,500",46500,Brand New,Colombo,asus-tuf-gaming-vg279qe5a-27-fhd-ips-146hz-monitor-for-sale-colombo-62,https://ikman.lk/en/ad/asus-tuf-gaming-vg279qe5a-27-fhd-ips-146hz-monitor-for-sale-colombo-62,Myitem.lk (PVT) Ltd,True,1 month
6a701e13ff0bb7c26fde77af,"ViewSonic VA2432A-H 24"" Inch Full HD IPS 120Hz Frameless Monitor New",Viewsonic,24 Inch,120Hz,1080p FHD,IPS,False,False,True,"Rs 35,500",35500,Brand New,Colombo,viewsonic-va2432a-h-24-inch-full-hd-ips-120hz-frameless-monitor-new-for-sale-colombo-92,https://ikman.lk/en/ad/viewsonic-va2432a-h-24-inch-full-hd-ips-120hz-frameless-monitor-new-for-sale-colombo-92,Max Core PC,True,1 month
6a701dd302d3d5dd24d840f7,"Emark 24"" EW2427SH 144Hz IPS Full HD Frameless Gaming Monitor",Other,24 Inch,144Hz,1080p FHD,IPS,False,True,True,"Rs 29,990",29990,Brand New,Colombo,emark-24-ew2427sh-144hz-ips-full-hd-frameless-gaming-monitor-for-sale-colombo-38,https://ikman.lk/en/ad/emark-24-ew2427sh-144hz-ips-full-hd-frameless-gaming-monitor-for-sale-colombo-38,Max Core PC,True,1 month
6a701d22c94067296078a9e3,"MSI Pro MP225 E12VL 21.5"" Inch 120HZ FHD Slim Frameless Monitor",MSI,21.5 Inch,120Hz,1080p FHD,Standard,False,False,True,"Rs 26,500",26500,Brand New,Colombo,msi-pro-mp225-e12vl-215-inch-120hz-fhd-slim-frameless-monitor-for-sale-colombo-7,https://ikman.lk/en/ad/msi-pro-mp225-e12vl-215-inch-120hz-fhd-slim-frameless-monitor-for-sale-colombo-7,Max Core PC,True,1 month
6a701cdea089095118b9b80d,"Emark 24"" EW2427SH 144Hz IPS Full HD Frameless Gaming Monitor",Other,24 Inch,144Hz,1080p FHD,IPS,False,True,True,"Rs 29,990",29990,Brand New,Colombo,emark-24-ew2427sh-144hz-ips-full-hd-frameless-gaming-monitor-for-sale-colombo-37,https://ikman.lk/en/ad/emark-24-ew2427sh-144hz-ips-full-hd-frameless-gaming-monitor-for-sale-colombo-37,Myitem.lk (PVT) Ltd,True,1 month
6a701cad7c2e78bc5b3f7cf0,"MSI Pro MP243L E14 24.5"" Inch 144Hz 1ms FHD IPS Monitor",MSI,24.5 Inch,144Hz,1080p FHD,IPS,False,False,False,"Rs 33,500",33500,Brand New,Colombo,msi-pro-mp243l-e14-245-inch-144hz-1ms-fhd-ips-monitor-for-sale-colombo-5,https://ikman.lk/en/ad/msi-pro-mp243l-e14-245-inch-144hz-1ms-fhd-ips-monitor-for-sale-colombo-5,Max Core PC,True,1 month
6a701c015c8451e92978a9be,MSI Pro MP245PG E14 23.8″ INCH 144HZ 1MS FHD FRAMELESS MONITOR NEW,MSI,23 Inch,144Hz,1080p FHD,Standard,False,False,True,"Rs 47,500",47500,Brand New,Colombo,msi-pro-mp245pg-e14-238-inch-144hz-1ms-fhd-frameless-monitor-new-for-sale-colombo-17,https://ikman.lk/en/ad/msi-pro-mp245pg-e14-238-inch-144hz-1ms-fhd-frameless-monitor-new-for-sale-colombo-17,Max Core PC,True,1 month
6a701bb6ff0bb7c26fde778f,"Koorui 22"" E2212H 100HZ 21.5 Inches FHD Brand New Monitor",Other,22 Inch,100Hz,1080p FHD,Standard,False,False,False,"Rs 25,500",25500,Brand New,Colombo,koorui-22-e2212h-100hz-215-inches-fhd-brand-new-monitor-for-sale-colombo-14,https://ikman.lk/en/ad/koorui-22-e2212h-100hz-215-inches-fhd-brand-new-monitor-for-sale-colombo-14,Myitem.lk (PVT) Ltd,True,1 month
6a701af59a5a3c76253f7cef,"Acer EK251 P6BI 25"" Inch 144Hz IPS HDMI Frameless Gaming Monitor",Acer,25 Inch,144Hz,HD,IPS,False,True,True,"Rs 31,500",31500,Used,Colombo,acer-ek251-p6bi-25-inch-144hz-ips-hdmi-frameless-gaming-monitor-for-sale-colombo-44,https://ikman.lk/en/ad/acer-ek251-p6bi-25-inch-144hz-ips-hdmi-frameless-gaming-monitor-for-sale-colombo-44,Max Core PC,True,1 month
6a701ab1fb5d10f3078e5aa0,"Acer EK271 27"" Inch 144Hz IPS HDMI Frameless Gaming Monitor",Acer,27 Inch,144Hz,HD,IPS,False,True,True,"Rs 35,990",35990,Brand New,Colombo,acer-ek271-27-inch-144hz-ips-hdmi-frameless-gaming-monitor-for-sale-colombo-82,https://ikman.lk/en/ad/acer-ek271-27-inch-144hz-ips-hdmi-frameless-gaming-monitor-for-sale-colombo-82,Max Core PC,True,1 month
6a6f757147dec98fb4a6cdf0,Dell Monitor 19 Inch,Dell,19 Inch,60Hz,Unknown,Standard,False,False,False,"Rs 11,000",11000,Used,Colombo,dell-monitor-19-inch-for-sale-colombo-2,https://ikman.lk/en/ad/dell-monitor-19-inch-for-sale-colombo-2,,False,1 month
6a6f4c7bc994d04ac9a08dcd,Monitor,Other,Unknown,60Hz,Unknown,Standard,False,False,False,"Rs 10,000",10000,Used,Puttalam,work-karanava-for-sale-puttalam,https://ikman.lk/en/ad/work-karanava-for-sale-puttalam,,False,1 month
6a6f36145b222f12025a6f8e,"Asus Monitor 24"" IPS (New) Eye Care - 120HZ|Frameless|1ms (MPRT)|Gaming",Asus,24 Inch,120Hz,1080p FHD,IPS,False,True,True,"Rs 32,950",32950,Brand New,Gampaha,asus-monitor-24-ips-new-eye-care-120hzframeless1ms-mprtgaming-for-sale-gampaha,https://ikman.lk/en/ad/asus-monitor-24-ips-new-eye-care-120hzframeless1ms-mprtgaming-for-sale-gampaha,ShaTech Zone,True,1 month
6a6edfb60d6a654a81aacc1d,ASUS TUF Gaming Monitor 180hz,Asus,Unknown,180Hz,Unknown,Standard,False,True,False,"Rs 37,000",37000,Used,Colombo,asus-tuf-gaming-monitor-180hz-for-sale-colombo,https://ikman.lk/en/ad/asus-tuf-gaming-monitor-180hz-for-sale-colombo,,False,1 month
6a6f1e0bd5bc94811563bb1d,"32"" 2K Curved Monitor (2560 × 1440P) GAMING|QHD|144HZ",Other,32 Inch,144Hz,2K QHD,Standard,True,True,False,"Rs 55,250",55250,Used,Colombo,32-2k-curved-monitor-2560-x-1440p-gamingqhd144hz-for-sale-colombo,https://ikman.lk/en/ad/32-2k-curved-monitor-2560-x-1440p-gamingqhd144hz-for-sale-colombo,ShaTech Zone,True,1 month
6a6ef12a6b926b82458ef550,Brandnew Acer 27 Inch Monitors (144Hz),Acer,27 Inch,144Hz,1080p FHD,Standard,False,False,False,"Rs 37,500",37500,Brand New,Colombo,brandnew-acer-27-inch-monitors-144hz-for-sale-colombo-2,https://ikman.lk/en/ad/brandnew-acer-27-inch-monitors-144hz-for-sale-colombo-2, Laptop Market,True,1 month
6a6eee7baa7ad05ba9e04d41,Samsung T35F 22 IPS,Samsung,22 Inch,60Hz,1080p FHD,IPS,False,False,False,"Rs 17,500",17500,Used,Kandy,samsung-t35f-22-ips-for-sale-kandy,https://ikman.lk/en/ad/samsung-t35f-22-ips-for-sale-kandy,,False,1 month
6a6ee9f8e2871a5050c99abe,"Acer EK271 27"" Inch 144Hz IPS HDMI Frameless Gaming Monitor",Acer,27 Inch,144Hz,HD,IPS,False,True,True,"Rs 36,000",36000,Brand New,Colombo,acer-ek271-27-inch-144hz-ips-hdmi-frameless-gaming-monitor-for-sale-colombo-81,https://ikman.lk/en/ad/acer-ek271-27-inch-144hz-ips-hdmi-frameless-gaming-monitor-for-sale-colombo-81,Computer Store.lk Pvt Ltd,True,1 month
6a6ee39a5ad21103b682edb1,"Acer Vero Series CB272 P6bmiprx 27"" Inch144Hz Full HD IPS Monitor NEW",Acer,27 Inch,144Hz,1080p FHD,IPS,False,False,False,"Rs 44,990",44990,Brand New,Colombo,acer-vero-series-cb272-p6bmiprx-27-inch144hz-full-hd-ips-monitor-new-for-sale-colombo-22,https://ikman.lk/en/ad/acer-vero-series-cb272-p6bmiprx-27-inch144hz-full-hd-ips-monitor-new-for-sale-colombo-22,Computer Store.lk Pvt Ltd,True,1 month
6a6ee38464d1862a4adffd6f,22’Inch LED Wide Monitor CCTV Computer,Other,22 Inch,60Hz,1080p FHD,Standard,False,False,False,"Rs 11,000",11000,Used,Monaragala,22inch-led-wide-monitor-cctv-computer-for-sale-monaragala,https://ikman.lk/en/ad/22inch-led-wide-monitor-cctv-computer-for-sale-monaragala,,False,1 month
6a6edd6fbb91883a62708dec,LG UltraGear 27″ Gaming Monitor,LG,27 Inch,60Hz,1080p FHD,Standard,False,True,False,"Rs 90,000",90000,Used,Kurunegala,lg-ultragear-27-gaming-monitor-for-sale-kurunegala-1,https://ikman.lk/en/ad/lg-ultragear-27-gaming-monitor-for-sale-kurunegala-1,,False,1 month
687f2ca0c4ae6d003fa6ed8e,BenQ Computer Display Screen USED,Benq,Unknown,60Hz,Unknown,Standard,False,False,False,"Rs 7,000",7000,Used,Colombo,benq-computer-display-screen-used-for-sale-colombo,https://ikman.lk/en/ad/benq-computer-display-screen-used-for-sale-colombo,Ceylon Sale,True,1 month
6a6ed0de16f8c09b0cc46ceb,"Acer V206HQL 19.5"" Monitor",Acer,19.5 Inch,60Hz,Unknown,Standard,False,False,False,"Rs 11,000",11000,Used,Anuradhapura,acer-v206hql-195-monitor-good-condition-for-sale-anuradhapura,https://ikman.lk/en/ad/acer-v206hql-195-monitor-good-condition-for-sale-anuradhapura,,False,1 month
6a6e81f12bc4664444ec3990,Samsung Monitor 19 Inch,Samsung,19 Inch,60Hz,Unknown,Standard,False,False,False,"Rs 9,000",9000,Used,Colombo,samsung-monitor-19-inch-for-sale-colombo,https://ikman.lk/en/ad/samsung-monitor-19-inch-for-sale-colombo,,False,1 month
6860fa405ad128001b37277e,20’Inch LED Wide Monitor,Other,20 Inch,60Hz,Unknown,Standard,False,False,False,"Rs 8,900",8900,Used,Colombo,20inch-led-wide-monitor-for-sale-colombo,https://ikman.lk/en/ad/20inch-led-wide-monitor-for-sale-colombo,PC TECH COMPUTER,True,1 month
6a6e2554bddc43cfc765004d,"Acer 19"" Square Monitor (B193L)",Acer,19 Inch,60Hz,Unknown,Standard,False,False,False,"Rs 4,500",4500,Used,Colombo,acer-19-square-monitor-b193l-with-cables-for-sale-colombo,https://ikman.lk/en/ad/acer-19-square-monitor-b193l-with-cables-for-sale-colombo,,False,1 month
6a6df95da4e582dcaf24a272,"Curved Monitor 32"" 2K (2560 × 1440P) QHD | 144HZ GAMING",Other,32 Inch,144Hz,2K QHD,Standard,True,True,False,"Rs 55,250",55250,Used,Gampaha,curved-monitor-32-2k-2560-x-1440p-qhd-144hz-gaming-for-sale-gampaha,https://ikman.lk/en/ad/curved-monitor-32-2k-2560-x-1440p-qhd-144hz-gaming-for-sale-gampaha,ShaTech Zone,True,1 month
6a6dd6fea4e582dcaf24a13c,MSI PRO MP223 Monitor,MSI,Unknown,60Hz,Unknown,Standard,False,False,False,"Rs 21,000",21000,Used,Gampaha,msi-pro-mp223-used-for-sale-gampaha,https://ikman.lk/en/ad/msi-pro-mp223-used-for-sale-gampaha,,False,1 month
6a6df0eb7d0aaee5336d99fe,"ATEC 27"" Full HD LED Monitor",Other,27 Inch,60Hz,1080p FHD,Standard,False,False,False,"Rs 25,500",25500,Used,Colombo,atec-27-full-hd-led-monitor-for-sale-colombo-5,https://ikman.lk/en/ad/atec-27-full-hd-led-monitor-for-sale-colombo-5,PC Cart Express Maharagama,True,1 month
6a6df0b0fa58b16e20e96906,"ATEC 27"" Full HD LED Monitor",Other,27 Inch,60Hz,1080p FHD,Standard,False,False,False,"Rs 25,500",25500,Used,Colombo,atec-27-full-hd-led-monitor-for-sale-colombo-4,https://ikman.lk/en/ad/atec-27-full-hd-led-monitor-for-sale-colombo-4,PC Cart Kesbewa ,True,1 month
6a6dea3c7ac142789ae968d0,"Acer EK271 27"" Inch 144Hz IPS HDMI Frameless Gaming Monitor",Acer,27 Inch,144Hz,HD,IPS,False,True,True,"Rs 35,990",35990,Brand New,Colombo,acer-ek271-27-inch-144hz-ips-hdmi-frameless-gaming-monitor-for-sale-colombo-80,https://ikman.lk/en/ad/acer-ek271-27-inch-144hz-ips-hdmi-frameless-gaming-monitor-for-sale-colombo-80,Computer Store.lk Pvt Ltd,True,1 month
6a6de9d7753fd27e070afe5c,"Acer EK251 P6BI 25"" Inch 144Hz IPS HDMI Frameless Gaming Monitor",Acer,25 Inch,144Hz,HD,IPS,False,True,True,"Rs 31,500",31500,Brand New,Colombo,acer-ek251-p6bi-25-inch-144hz-ips-hdmi-frameless-gaming-monitor-for-sale-colombo-43,https://ikman.lk/en/ad/acer-ek251-p6bi-25-inch-144hz-ips-hdmi-frameless-gaming-monitor-for-sale-colombo-43,Computer Store.lk Pvt Ltd,True,1 month
6a6de83554885a5faefcc114,MSI Pro MP245PG E14 23.8″ INCH 144HZ 1MS FHD FRAMELESS MONITOR NEW,MSI,23 Inch,144Hz,1080p FHD,Standard,False,False,True,"Rs 47,500",47500,Brand New,Colombo,msi-pro-mp245pg-e14-238-inch-144hz-1ms-fhd-frameless-monitor-new-for-sale-colombo-16,https://ikman.lk/en/ad/msi-pro-mp245pg-e14-238-inch-144hz-1ms-fhd-frameless-monitor-new-for-sale-colombo-16,Computer Store.lk Pvt Ltd,True,1 month
6a6de6e5ab01e27921c48e76,"MSI Pro MP243L E14 24.5"" Inch 144Hz 1ms FHD IPS Productivity Monitor",MSI,24.5 Inch,144Hz,1080p FHD,IPS,False,False,False,"Rs 33,500",33500,Brand New,Colombo,msi-pro-mp243l-e14-245-inch-144hz-1ms-fhd-ips-productivity-monitor-for-sale-colombo-20,https://ikman.lk/en/ad/msi-pro-mp243l-e14-245-inch-144hz-1ms-fhd-ips-productivity-monitor-for-sale-colombo-20,Computer Store.lk Pvt Ltd,True,1 month
6a6de65a14d216fdce159ff8,"MSI PRO MP225 E12VL 21.5"" Inch 120Hz 1ms FHD Slim Frameless Monitor",MSI,21.5 Inch,120Hz,1080p FHD,Standard,False,False,True,"Rs 26,500",26500,Brand New,Colombo,msi-pro-mp225-e12vl-215-inch-120hz-1ms-fhd-slim-frameless-monitor-for-sale-colombo-24,https://ikman.lk/en/ad/msi-pro-mp225-e12vl-215-inch-120hz-1ms-fhd-slim-frameless-monitor-for-sale-colombo-24,Computer Store.lk Pvt Ltd,True,1 month
6a6de25f9063fcf00aaac68f,Used Dell 19 Inch Square Monitor,Dell,19 Inch,60Hz,Unknown,Standard,False,False,False,"Rs 7,000",7000,Used,Anuradhapura,used-dell-19-inch-square-monitor-for-sale-anuradhapura,https://ikman.lk/en/ad/used-dell-19-inch-square-monitor-for-sale-anuradhapura,,False,1 month
6a6de23f0cd993ecd4159fb7,Koorui E2411K 24INCH 144HZ IPS FHD Brand New Monitor,Other,24 Inch,144Hz,1080p FHD,IPS,False,False,False,"Rs 33,000",33000,Brand New,Colombo,koorui-e2411k-24inch-144hz-ips-fhd-brand-new-monitor-for-sale-colombo-7,https://ikman.lk/en/ad/koorui-e2411k-24inch-144hz-ips-fhd-brand-new-monitor-for-sale-colombo-7,Max Core PC,True,1 month
6a6ddf3654885a5faefcc0d8,"ViewSonic VX3480-2K-PRO 34"" UWQHD Gaming Monitor",Viewsonic,34 Inch,60Hz,2K QHD,Standard,False,True,False,"Rs 133,990",133990,Brand New,Colombo,viewsonic-vx3480-2k-pro-34-uwqhd-gaming-monitor-for-sale-colombo-7,https://ikman.lk/en/ad/viewsonic-vx3480-2k-pro-34-uwqhd-gaming-monitor-for-sale-colombo-7,Computer Store.lk Pvt Ltd,True,1 month
6a6dddfbc737099902aac684,"MSI Optix MAG401QR 40"" UWQHD IPS 155Hz 1ms Adaptive Sync Gaming Monitor",MSI,40 Inch,155Hz,2K QHD,IPS,False,True,False,"Rs 185,000",185000,Brand New,Colombo,msi-optix-mag401qr-40-uwqhd-ips-155hz-1ms-adaptive-sync-gaming-monitor-for-sale-colombo-3,https://ikman.lk/en/ad/msi-optix-mag401qr-40-uwqhd-ips-155hz-1ms-adaptive-sync-gaming-monitor-for-sale-colombo-3,Computer Store.lk Pvt Ltd,True,1 month
6a6ddda3474ae9cb3d733217,"Dell P2319H 23"" Inch IPS Frameless Full HD HDMI Used Monitor",Dell,23 Inch,60Hz,1080p FHD,IPS,False,False,True,"Rs 20,500",20500,Used,Colombo,dell-p2319h-23-inch-ips-frameless-full-hd-hdmi-used-monitor-for-sale-colombo-33,https://ikman.lk/en/ad/dell-p2319h-23-inch-ips-frameless-full-hd-hdmi-used-monitor-for-sale-colombo-33,Max Core PC,True,1 month
6a1ea9221a4704e3e987d4fa,Falcon 24” Wide LED HDMI Monitor,Other,24 Inch,60Hz,HD,Standard,False,False,False,"Rs 22,500",22500,Brand New,Colombo,falcon-24-wide-led-hdmi-monitor-for-sale-colombo-1,https://ikman.lk/en/ad/falcon-24-wide-led-hdmi-monitor-for-sale-colombo-1,Computer House,True,1 month
6a1ea7f4e1059f2c3967136e,Falcon 17” Wide LED Monitor,Other,Unknown,60Hz,Unknown,Standard,False,False,False,"Rs 9,900",9900,Brand New,Colombo,falcon-17-wide-led-monitor-for-sale-colombo-1,https://ikman.lk/en/ad/falcon-17-wide-led-monitor-for-sale-colombo-1,Computer House,True,1 month
6a1ea750df9869edca8bdc3d,Falcon 19” Wide LED Monitor,Other,19 Inch,60Hz,Unknown,Standard,False,False,False,"Rs 16,900",16900,Brand New,Colombo,falcon-19-wide-led-monitor-for-sale-colombo-2,https://ikman.lk/en/ad/falcon-19-wide-led-monitor-for-sale-colombo-2,Computer House,True,1 month
6a6dd87718d167d62173320a,Asus 27 inch ips monitor,Asus,27 Inch,60Hz,1080p FHD,IPS,False,False,False,"Rs 35,000",35000,Used,Kalutara,asus-27-inch-ips-monitor-for-sale-kalutara,https://ikman.lk/en/ad/asus-27-inch-ips-monitor-for-sale-kalutara,,False,1 month
6a6dd74cc54dc6587b24a1c0,"SAMSUNG S24D300GAE 24"" IPS Flat FHD 100Hz Monitor",Samsung,24 Inch,100Hz,1080p FHD,IPS,False,False,False,"Rs 34,000",34000,Brand New,Colombo,samsung-s24d300gae-24-ips-flat-fhd-100hz-monitor-for-sale-colombo-15,https://ikman.lk/en/ad/samsung-s24d300gae-24-ips-flat-fhd-100hz-monitor-for-sale-colombo-15,PC Cart Express Maharagama,True,1 month
6a6dd725546585bd1a0afda1,"SAMSUNG S24D300GAE 24"" IPS Flat FHD 100Hz Monitor",Samsung,24 Inch,100Hz,1080p FHD,IPS,False,False,False,"Rs 34,000",34000,Brand New,Colombo,samsung-s24d300gae-24-ips-flat-fhd-100hz-monitor-for-sale-colombo-14,https://ikman.lk/en/ad/samsung-s24d300gae-24-ips-flat-fhd-100hz-monitor-for-sale-colombo-14,PC Cart Kesbewa ,True,1 month
6a6dd1ad08ae75fe0f39157b,"Samsung F24T450FQE 24"" Inch Full HD IPS Frameless HDMI Used Monitor",Samsung,24 Inch,60Hz,1080p FHD,IPS,False,False,True,"Rs 20,990",20990,Used,Colombo,samsung-f24t450fqe-24-inch-full-hd-ips-frameless-hdmi-used-monitor-for-sale-colombo-54,https://ikman.lk/en/ad/samsung-f24t450fqe-24-inch-full-hd-ips-frameless-hdmi-used-monitor-for-sale-colombo-54,Max Core PC,True,1 month
6a6dcd7002fa31ae0cc48e10,"MSI Pro MP225 E12VL 21.5"" Inch 120HZ FHD Slim Frameless Monitor",MSI,21.5 Inch,120Hz,1080p FHD,Standard,False,False,True,"Rs 26,500",26500,Brand New,Colombo,msi-pro-mp225-e12vl-215-inch-120hz-fhd-slim-frameless-monitor-for-sale-colombo-6,https://ikman.lk/en/ad/msi-pro-mp225-e12vl-215-inch-120hz-fhd-slim-frameless-monitor-for-sale-colombo-6,Max Core PC,True,1 month
6a6dcc8dbc2ebd2264fcc05c,"Acer 27"" Full HD Nitro Gaming Monitor - KG273 W3 240Hz Brand New",Acer,27 Inch,240Hz,1080p FHD,Standard,False,True,False,"Rs 49,500",49500,Brand New,Colombo,acer-27-full-hd-nitro-gaming-monitor-kg273-w3-240hz-brand-new-for-sale-colombo-65,https://ikman.lk/en/ad/acer-27-full-hd-nitro-gaming-monitor-kg273-w3-240hz-brand-new-for-sale-colombo-65,Myitem.lk (PVT) Ltd,True,1 month
6a6dc3d78e34027049733187,32 INCH Samsung IPS HDMI 2K Used Monitor,Samsung,32 Inch,60Hz,2K QHD,IPS,False,False,False,"Rs 39,000",39000,Used,Colombo,32-inch-samsung-ips-hdmi-2k-used-monitor-for-sale-colombo-9,https://ikman.lk/en/ad/32-inch-samsung-ips-hdmi-2k-used-monitor-for-sale-colombo-9,Mdcomputers.lk(Pvt) Ltd,True,1 month
6a6dc2e977d6f1b7d124a078,24 Inch Dell P2422HE IPS Frameless Used Type-C FHD Monitor,Dell,24 Inch,60Hz,1080p FHD,IPS,False,False,True,"Rs 27,500",27500,Used,Colombo,24-inch-dell-p2422he-ips-frameless-used-type-c-fhd-monitor-for-sale-colombo-4,https://ikman.lk/en/ad/24-inch-dell-p2422he-ips-frameless-used-type-c-fhd-monitor-for-sale-colombo-4,Mdcomputers.lk(Pvt) Ltd,True,1 month
6a867a1b72b2d5f29877f353,Complete Billing & Inventory POS System for Retail Wholesale.,Other,Unknown,60Hz,Unknown,Standard,False,False,False,"Rs 20,000",20000,Brand New,Colombo,complete-billing-and-inventory-pos-system-for-retail-wholesale-for-sale-colombo,https://ikman.lk/en/ad/complete-billing-and-inventory-pos-system-for-retail-wholesale-for-sale-colombo,Sunfire Globle Solutions,True,bump_up
6a6dc19a14d216fdce159e9c,27 Inch Atec Full HD LED Used Monitor,Other,27 Inch,60Hz,1080p FHD,Standard,False,False,False,"Rs 21,500",21500,Used,Colombo,27-inch-atec-full-hd-led-used-monitor-for-sale-colombo-67,https://ikman.lk/en/ad/27-inch-atec-full-hd-led-used-monitor-for-sale-colombo-67,Mdcomputers.lk(Pvt) Ltd,True,1 month
6a6db4aac54dc6587b24a049,27 Inch IPS Samsung Monitor with Box,Samsung,27 Inch,60Hz,1080p FHD,IPS,False,False,False,"Rs 35,000",35000,Brand New,Kandy,27-inch-ips-samsung-monitor-with-box-for-sale-kandy,https://ikman.lk/en/ad/27-inch-ips-samsung-monitor-with-box-for-sale-kandy,,False,1 month
6a6d9c46a54b45fcfe5c5458,27 Inch Dell P2714HC IPS LED Used Monitor,Dell,27 Inch,60Hz,1080p FHD,IPS,False,False,False,"Rs 28,000",28000,Used,Colombo,27-inch-dell-p2714hc-ips-led-used-monitor-for-sale-colombo-14,https://ikman.lk/en/ad/27-inch-dell-p2714hc-ips-led-used-monitor-for-sale-colombo-14,Mdcomputers.lk(Pvt) Ltd,True,1 month
6a6d99734b38c57adf45a611,24″Inch 2K QHD IPS Frameless Lenovo Thinkvision HDMI Used Monitor,Lenovo,24 Inch,60Hz,2K QHD,IPS,False,False,True,"Rs 32,000",32000,Used,Colombo,24inch-2k-qhd-ips-frameless-lenovo-thinkvision-hdmi-used-monitor-for-sale-colombo-2,https://ikman.lk/en/ad/24inch-2k-qhd-ips-frameless-lenovo-thinkvision-hdmi-used-monitor-for-sale-colombo-2,Mdcomputers.lk(Pvt) Ltd,True,1 month
6a6d94ad08ae75fe0f3912e1,Brandnew Acer 27 Inch Monitors (144Hz),Acer,27 Inch,144Hz,1080p FHD,Standard,False,False,False,"Rs 37,500",37500,Brand New,Colombo,brandnew-acer-27-inch-monitors-144hz-for-sale-colombo-1,https://ikman.lk/en/ad/brandnew-acer-27-inch-monitors-144hz-for-sale-colombo-1, Laptop Market,True,1 month
6a6d902318d167d621732ed3,"KOORUI 27"" E2721H QHD IPS 120HZ 2K BRAND NEW GAMING MONITOR",Other,27 Inch,120Hz,2K QHD,IPS,False,True,False,"Rs 52,500",52500,Brand New,Colombo,koorui-27-e2721h-qhd-ips-120hz-2k-brand-new-gaming-monitor-for-sale-colombo-4,https://ikman.lk/en/ad/koorui-27-e2721h-qhd-ips-120hz-2k-brand-new-gaming-monitor-for-sale-colombo-4,Myitem.lk (PVT) Ltd,True,1 month
6a6d8d658e34027049732e7c,"Koorui 22"" E2212H 100HZ 21.5 Inches FHD Brand New Monitor",Other,22 Inch,100Hz,1080p FHD,Standard,False,False,False,"Rs 25,500",25500,Brand New,Colombo,koorui-22-e2212h-100hz-215-inches-fhd-brand-new-monitor-for-sale-colombo-13,https://ikman.lk/en/ad/koorui-22-e2212h-100hz-215-inches-fhd-brand-new-monitor-for-sale-colombo-13,Myitem.lk (PVT) Ltd,True,1 month
6a6d8a59d384114612159b88,Asus TUF Gaming VG279QE5A 27″ FHD IPS 146HZ Monitor,Asus,27 Inch,146Hz,1080p FHD,IPS,False,True,False,"Rs 46,500",46500,Brand New,Colombo,asus-tuf-gaming-vg279qe5a-27-fhd-ips-146hz-monitor-for-sale-colombo-61,https://ikman.lk/en/ad/asus-tuf-gaming-vg279qe5a-27-fhd-ips-146hz-monitor-for-sale-colombo-61,Myitem.lk (PVT) Ltd,True,1 month
6a6d8a42a54b45fcfe5c531a,"24"" IPS Asus Monitor (New) Eye Care - 120HZ|Frameless|1ms (MPRT)|Gaming",Asus,24 Inch,120Hz,1080p FHD,IPS,False,True,True,"Rs 32,950",32950,Brand New,Gampaha,24-ips-asus-monitor-new-eye-care-120hzframeless1ms-mprtgaming-for-sale-gampaha,https://ikman.lk/en/ad/24-ips-asus-monitor-new-eye-care-120hzframeless1ms-mprtgaming-for-sale-gampaha,ShaTech Zone,True,1 month
6a6d88e64b38c57adf45a4f2,"Monitor 32"" 2K Curved (2560 × 1440P) QHD | 144HZ GAMING",Other,32 Inch,144Hz,2K QHD,Standard,True,True,False,"Rs 55,250",55250,Used,Colombo,monitor-32-2k-curved-2560-x-1440p-qhd-144hz-gaming-for-sale-colombo,https://ikman.lk/en/ad/monitor-32-2k-curved-2560-x-1440p-qhd-144hz-gaming-for-sale-colombo,ShaTech Zone,True,1 month
6a6d8836b0abb8cc4a5c52ab,"22"" IPS MONITOR SLIM FRAMELESS (1980 x 1080P) HDMI FHD",Other,22 Inch,60Hz,1080p FHD,IPS,False,False,True,"Rs 17,450",17450,Used,Gampaha,22-ips-monitor-slim-frameless-1980-x-1080p-hdmi-fhd-for-sale-gampaha,https://ikman.lk/en/ad/22-ips-monitor-slim-frameless-1980-x-1080p-hdmi-fhd-for-sale-gampaha,ShaTech Zone,True,1 month
6a6d830fc93b76684d45a4d8,"Dell P2419H 24"" Full HD IPS Monitor",Dell,24 Inch,60Hz,1080p FHD,IPS,False,False,False,"Rs 29,900",29900,Used,Colombo,dell-p2419h-24-full-hd-ips-monitor-for-sale-colombo-4,https://ikman.lk/en/ad/dell-p2419h-24-full-hd-ips-monitor-for-sale-colombo-4,COMPUTER HUB,True,1 month
6a6d81380cd993ecd4159add,"Acer EK271 27"" Inch 144Hz IPS HDMI Frameless Gaming Monitor",Acer,27 Inch,144Hz,HD,IPS,False,True,True,"Rs 37,000",37000,Brand New,Colombo,acer-ek271-27-inch-144hz-ips-hdmi-frameless-gaming-monitor-for-sale-colombo-79,https://ikman.lk/en/ad/acer-ek271-27-inch-144hz-ips-hdmi-frameless-gaming-monitor-for-sale-colombo-79,Myitem.lk (PVT) Ltd,True,1 month
6a6d7e780cd993ecd4159ab5,"MSI Pro MP251L E2 25"" Inch 120HZ Full HD IPS Frameless Monitor",MSI,25 Inch,120Hz,1080p FHD,IPS,False,False,True,"Rs 32,000",32000,Brand New,Colombo,msi-pro-mp251l-e2-25-inch-120hz-full-hd-ips-frameless-monitor-for-sale-colombo-53,https://ikman.lk/en/ad/msi-pro-mp251l-e2-25-inch-120hz-full-hd-ips-frameless-monitor-for-sale-colombo-53,Myitem.lk (PVT) Ltd,True,1 month
6a6d78fe18d167d621732d45,"Emark 24"" EW2427SH 144Hz IPS Full HD Frameless Gaming Monitor",Other,24 Inch,144Hz,1080p FHD,IPS,False,True,True,"Rs 29,990",29990,Brand New,Colombo,emark-24-ew2427sh-144hz-ips-full-hd-frameless-gaming-monitor-for-sale-colombo-36,https://ikman.lk/en/ad/emark-24-ew2427sh-144hz-ips-full-hd-frameless-gaming-monitor-for-sale-colombo-36,Myitem.lk (PVT) Ltd,True,1 month
6a6d7873d407f74c92fcbc26,Brand New Acer Vero Series CB272 P6BMIPRX 144HZ Full HD Monitor,Acer,Unknown,144Hz,1080p FHD,Standard,False,False,False,"Rs 44,990",44990,Brand New,Colombo,brand-new-acer-vero-series-cb272-p6bmiprx-144hz-full-hd-monitor-for-sale-colombo-69,https://ikman.lk/en/ad/brand-new-acer-vero-series-cb272-p6bmiprx-144hz-full-hd-monitor-for-sale-colombo-69,Myitem.lk (PVT) Ltd,True,1 month
6a6d706892927876ce391101,Dell LED Monitor,Dell,Unknown,60Hz,Unknown,Standard,False,False,False,"Rs 6,000",6000,Used,Gampaha,dell-led-monitor-for-sale-gampaha,https://ikman.lk/en/ad/dell-led-monitor-for-sale-gampaha,,False,1 month
6a6cd50ccc5f0fbf383d3ab6,Lenovo 75hz Monitor,Lenovo,Unknown,75Hz,Unknown,Standard,False,False,False,"Rs 27,000",27000,Used,Colombo,lenovo-75hz-monitor-mint-condition-for-sale-colombo,https://ikman.lk/en/ad/lenovo-75hz-monitor-mint-condition-for-sale-colombo,,False,1 month
6a6c9dd4a8f6b6a9d224163b,"ACER EK251Q 24.5"" 100Hz IPS Monitor",Acer,24.5 Inch,100Hz,Unknown,IPS,False,False,False,"Rs 33,500",33500,Brand New,Colombo,acer-ek251q-245-100hz-ips-monitor-for-sale-colombo-30,https://ikman.lk/en/ad/acer-ek251q-245-100hz-ips-monitor-for-sale-colombo-30,PC Cart Express Maharagama,True,1 month
6a6c9db3369e01743a168c7c,"ACER EK251Q 24.5"" 100Hz IPS Monitor",Acer,24.5 Inch,100Hz,Unknown,IPS,False,False,False,"Rs 33,500",33500,Brand New,Colombo,acer-ek251q-245-100hz-ips-monitor-for-sale-colombo-29,https://ikman.lk/en/ad/acer-ek251q-245-100hz-ips-monitor-for-sale-colombo-29,PC Cart Kesbewa ,True,1 month
6a6b2ad6cdb66800a5201f69,MSI Mag 325QF E18V 31.5” Inch -NEW Gaming Monitor,MSI,Unknown,60Hz,Unknown,Standard,False,True,False,"Rs 94,500",94500,Brand New,Colombo,msi-mag-325qf-e18v-315-inch-new-gaming-monitor-for-sale-colombo,https://ikman.lk/en/ad/msi-mag-325qf-e18v-315-inch-new-gaming-monitor-for-sale-colombo,I MAC LK(PVT)LTD,True,1 month
69b7af552df833d6266e6295,24 INCH FRAMELESS MONITOR,Other,24 Inch,60Hz,1080p FHD,Standard,False,False,True,"Rs 19,000",19000,Used,Kalutara,24-inch-frameless-monitor-for-sale-kalutara,https://ikman.lk/en/ad/24-inch-frameless-monitor-for-sale-kalutara,Sheiba Arcade,True,1 month
6a6c9609db513b17b37f8a6e,MSI Modern MD272QXP 27″ Business and Productivity Monitor 100Hz 2K WQHD,MSI,27 Inch,100Hz,2K QHD,Standard,False,False,False,"Rs 95,000",95000,Brand New,Colombo,msi-modern-md272qxp-27-business-and-productivity-monitor-100hz-2k-wqhd-for-sale-colombo-15,https://ikman.lk/en/ad/msi-modern-md272qxp-27-business-and-productivity-monitor-100hz-2k-wqhd-for-sale-colombo-15,Computer Store.lk Pvt Ltd,True,1 month
6910bf797c9504351b175c9f,HP G4 24 INCH FRAMELESS IPS Rotetable MONITOR,HP,24 Inch,60Hz,1080p FHD,IPS,False,False,True,"Rs 25,000",25000,Used,Kalutara,hp-g4-24-inch-frameless-ips-rotetable-monitor-for-sale-kalutara,https://ikman.lk/en/ad/hp-g4-24-inch-frameless-ips-rotetable-monitor-for-sale-kalutara,Sheiba Arcade,True,1 month
69b96ddadad374e7ff6447ca,24 inch FRAMELESS LG FULL HD MONITOR,LG,24 Inch,60Hz,1080p FHD,Standard,False,False,True,"Rs 20,000",20000,Used,Kalutara,24-inch-frameless-lg-full-hd-monitor-for-sale-kalutara,https://ikman.lk/en/ad/24-inch-frameless-lg-full-hd-monitor-for-sale-kalutara,Sheiba Arcade,True,1 month
6a6c95c4c842f796b8241630,"ViewSonic VX3480-2K-PRO 34"" UWQHD Gaming Monitor",Viewsonic,34 Inch,60Hz,2K QHD,Standard,False,True,False,"Rs 133,990",133990,Brand New,Colombo,viewsonic-vx3480-2k-pro-34-uwqhd-gaming-monitor-for-sale-colombo-6,https://ikman.lk/en/ad/viewsonic-vx3480-2k-pro-34-uwqhd-gaming-monitor-for-sale-colombo-6,Computer Store.lk Pvt Ltd,True,1 month
6a6c957244cd095a58241632,"MSI Optix MAG401QR 40"" UWQHD IPS 155Hz 1ms Adaptive Sync Gaming Monitor",MSI,40 Inch,155Hz,2K QHD,IPS,False,True,False,"Rs 185,000",185000,Brand New,Colombo,msi-optix-mag401qr-40-uwqhd-ips-155hz-1ms-adaptive-sync-gaming-monitor-for-sale-colombo-2,https://ikman.lk/en/ad/msi-optix-mag401qr-40-uwqhd-ips-155hz-1ms-adaptive-sync-gaming-monitor-for-sale-colombo-2,Computer Store.lk Pvt Ltd,True,1 month
6a6c952df6b652bac315d544,"KOORUI G3441XC 34"" UWQHD 240Hz Curved Gaming Monitor",Other,34 Inch,240Hz,2K QHD,Standard,True,True,False,"Rs 99,000",99000,Brand New,Colombo,koorui-g3441xc-34-uwqhd-240hz-curved-gaming-monitor-for-sale-colombo-1,https://ikman.lk/en/ad/koorui-g3441xc-34-uwqhd-240hz-curved-gaming-monitor-for-sale-colombo-1,Computer Store.lk Pvt Ltd,True,1 month
6a6c94e0a79154622a9790e4,"KOORUI G3221SC 2K 170Hz 90% DCI-P3 32"" Curved Gaming Monitor",Other,32 Inch,170Hz,2K QHD,Standard,True,True,False,"Rs 70,900",70900,Brand New,Colombo,koorui-g3221sc-2k-170hz-90-percent-dci-p3-32-curved-gaming-monitor-for-sale-colombo-3,https://ikman.lk/en/ad/koorui-g3221sc-2k-170hz-90-percent-dci-p3-32-curved-gaming-monitor-for-sale-colombo-3,Computer Store.lk Pvt Ltd,True,1 month
6a6c9435295071d527cbed7d,Koorui E2411K 24 INCH 144HZ IPS FHD Brand New Monitor,Other,24 Inch,144Hz,1080p FHD,IPS,False,False,False,"Rs 33,000",33000,Brand New,Colombo,koorui-e2411k-24-inch-144hz-ips-fhd-brand-new-monitor-for-sale-colombo-4,https://ikman.lk/en/ad/koorui-e2411k-24-inch-144hz-ips-fhd-brand-new-monitor-for-sale-colombo-4,Computer Store.lk Pvt Ltd,True,1 month
6a6c9337953d856ef515d567,KOORUI G2411P 24-inch IPS FHD 200Hz Gaming Monitor,Other,24 Inch,200Hz,1080p FHD,IPS,False,True,False,"Rs 39,000",39000,Brand New,Colombo,koorui-g2411p-24-inch-ips-fhd-200hz-gaming-monitor-for-sale-colombo-23,https://ikman.lk/en/ad/koorui-g2411p-24-inch-ips-fhd-200hz-gaming-monitor-for-sale-colombo-23,Computer Store.lk Pvt Ltd,True,1 month
6a6c92ffa993a4cbcc9790d0,"Koorui 22"" E2212H 100HZ 21.5 Inches FHD Brand New Monitor",Other,22 Inch,100Hz,1080p FHD,Standard,False,False,False,"Rs 25,500",25500,Brand New,Colombo,koorui-22-e2212h-100hz-215-inches-fhd-brand-new-monitor-for-sale-colombo-12,https://ikman.lk/en/ad/koorui-22-e2212h-100hz-215-inches-fhd-brand-new-monitor-for-sale-colombo-12,Computer Store.lk Pvt Ltd,True,1 month
6a6c7c720c0a936876e7c3c6,Computer Monitor,Other,Unknown,60Hz,Unknown,Standard,False,False,False,"Rs 6,250",6250,Used,Anuradhapura,computer-monitor-for-sale-anuradhapura-1,https://ikman.lk/en/ad/computer-monitor-for-sale-anuradhapura-1,,False,1 month
6a6c897885fa388b4527b521,24 INCH SAMSUNG LED MONITOR ( HDMI),Samsung,24 Inch,60Hz,HD,Standard,False,False,False,"Rs 14,000",14000,Used,Kalutara,24-inch-samsung-led-monitor-hdmi-for-sale-kalutara,https://ikman.lk/en/ad/24-inch-samsung-led-monitor-hdmi-for-sale-kalutara,Sheiba Arcade,True,1 month
6a6c873e85fa388b4527b509,Acer 27 Inch Gaming Moniters |144Hz refresh rate| Frameless,Acer,27 Inch,144Hz,1080p FHD,Standard,False,True,True,"Rs 36,800",36800,Brand New,Colombo,acer-27-inch-gaming-moniters-144hz-refresh-rate-frameless-for-sale-colombo-5,https://ikman.lk/en/ad/acer-27-inch-gaming-moniters-144hz-refresh-rate-frameless-for-sale-colombo-5,Lapstore.lk,True,1 month
6a6c791a05c506573227b424,"Emark 24"" EW2427SH 144Hz IPS Full HD Frameless Gaming Monitor",Other,24 Inch,144Hz,1080p FHD,IPS,False,True,True,"Rs 29,990",29990,Brand New,Colombo,emark-24-ew2427sh-144hz-ips-full-hd-frameless-gaming-monitor-for-sale-colombo-35,https://ikman.lk/en/ad/emark-24-ew2427sh-144hz-ips-full-hd-frameless-gaming-monitor-for-sale-colombo-35,Computer Store.lk Pvt Ltd,True,1 month
6a6c6f1d13189e9b54c0f573,Falcon 22 inch Monitor,Other,22 Inch,60Hz,1080p FHD,Standard,False,False,False,"Rs 15,000",15000,Used,Colombo,falcom-for-sale-colombo,https://ikman.lk/en/ad/falcom-for-sale-colombo,,False,1 month
6a6c757c41bd68f0692add25,Viewsonic VA270A-H 27INCH 120Hz FHD IPS Brand New Monitor,Viewsonic,27 Inch,120Hz,1080p FHD,IPS,False,False,False,"Rs 41,500",41500,Brand New,Colombo,viewsonic-va270a-h-27inch-120hz-fhd-ips-brand-new-monitor-for-sale-colombo-10,https://ikman.lk/en/ad/viewsonic-va270a-h-27inch-120hz-fhd-ips-brand-new-monitor-for-sale-colombo-10,Computer Store.lk Pvt Ltd,True,1 month
6a6c750557143a3c245edd9a,"ViewSonic VA2432A-H 24"" Inch Full HD IPS 120Hz Frameless Monitor New",Viewsonic,24 Inch,120Hz,1080p FHD,IPS,False,False,True,"Rs 32,000",32000,Brand New,Colombo,viewsonic-va2432a-h-24-inch-full-hd-ips-120hz-frameless-monitor-new-for-sale-colombo-91,https://ikman.lk/en/ad/viewsonic-va2432a-h-24-inch-full-hd-ips-120hz-frameless-monitor-new-for-sale-colombo-91,Computer Store.lk Pvt Ltd,True,1 month
6a6c74b113189e9b54c0f5a2,"Acer EK271 27"" Inch 144Hz IPS HDMI Frameless Gaming Monitor",Acer,27 Inch,144Hz,HD,IPS,False,True,True,"Rs 35,990",35990,Brand New,Colombo,acer-ek271-27-inch-144hz-ips-hdmi-frameless-gaming-monitor-for-sale-colombo-78,https://ikman.lk/en/ad/acer-ek271-27-inch-144hz-ips-hdmi-frameless-gaming-monitor-for-sale-colombo-78,Max Core PC,True,1 month
6a6c7464a8f6b6a9d22414dd,"Acer EK251 P6BI 25"" Inch 144Hz IPS HDMI Frameless Gaming Monitor",Acer,25 Inch,144Hz,HD,IPS,False,True,True,"Rs 31,500",31500,Brand New,Colombo,acer-ek251-p6bi-25-inch-144hz-ips-hdmi-frameless-gaming-monitor-for-sale-colombo-42,https://ikman.lk/en/ad/acer-ek251-p6bi-25-inch-144hz-ips-hdmi-frameless-gaming-monitor-for-sale-colombo-42,Max Core PC,True,1 month
6a6c72475b3d46acd55edd88,MSI Pro MP245PG E14 23.8″ INCH 144HZ 1MS FHD FRAMELESS MONITOR NEW,MSI,23 Inch,144Hz,1080p FHD,Standard,False,False,True,"Rs 47,500",47500,Brand New,Colombo,msi-pro-mp245pg-e14-238-inch-144hz-1ms-fhd-frameless-monitor-new-for-sale-colombo-15,https://ikman.lk/en/ad/msi-pro-mp245pg-e14-238-inch-144hz-1ms-fhd-frameless-monitor-new-for-sale-colombo-15,Max Core PC,True,1 month
6a6c71ff10c73c04b3f8aaf4,"MSI Pro MP243L E14 24.5"" Inch 144Hz 1ms FHD IPS Monitor",MSI,24.5 Inch,144Hz,1080p FHD,IPS,False,False,False,"Rs 33,500",33500,Brand New,Colombo,msi-pro-mp243l-e14-245-inch-144hz-1ms-fhd-ips-monitor-for-sale-colombo-4,https://ikman.lk/en/ad/msi-pro-mp243l-e14-245-inch-144hz-1ms-fhd-ips-monitor-for-sale-colombo-4,Max Core PC,True,1 month
6a6c718942e7333b58f8aaf5,"MSI Pro MP225 E12VL 21.5"" Inch 120HZ FHD Slim Frameless Monitor",MSI,21.5 Inch,120Hz,1080p FHD,Standard,False,False,True,"Rs 26,500",26500,Brand New,Colombo,msi-pro-mp225-e12vl-215-inch-120hz-fhd-slim-frameless-monitor-for-sale-colombo-5,https://ikman.lk/en/ad/msi-pro-mp225-e12vl-215-inch-120hz-fhd-slim-frameless-monitor-for-sale-colombo-5,Max Core PC,True,1 month
6a6c70464dde1c9af8e7c379,monitor,Other,Unknown,60Hz,Unknown,Standard,False,False,False,"Rs 15,000",15000,Used,Colombo,monitor-for-sale-colombo-827,https://ikman.lk/en/ad/monitor-for-sale-colombo-827,,False,1 month
6a6c6d0a0c0a936876e7c330,"Emark 24"" EW2427SH 144Hz IPS Full HD Frameless Gaming Monitor",Other,24 Inch,144Hz,1080p FHD,IPS,False,True,True,"Rs 29,990",29990,Brand New,Colombo,emark-24-ew2427sh-144hz-ips-full-hd-frameless-gaming-monitor-for-sale-colombo-34,https://ikman.lk/en/ad/emark-24-ew2427sh-144hz-ips-full-hd-frameless-gaming-monitor-for-sale-colombo-34,Max Core PC,True,1 month
6a6c623f79a074f7d36d1c64,KOORUI G2711P FHD IPS 27INCH 200HZ BRAND NEW GAMING MONITOR,Other,27 Inch,200Hz,1080p FHD,IPS,False,True,False,"Rs 51,500",51500,Brand New,Colombo,koorui-g2711p-fhd-ips-27inch-200hz-brand-new-gaming-monitor-for-sale-colombo-30,https://ikman.lk/en/ad/koorui-g2711p-fhd-ips-27inch-200hz-brand-new-gaming-monitor-for-sale-colombo-30,Myitem.lk (PVT) Ltd,True,1 month
6a6c5e96c0c071428b6d1bef,"ViewSonic VA2432A-H 24"" Inch Full HD IPS 120HZ Frameless Monitor New",Viewsonic,24 Inch,120Hz,1080p FHD,IPS,False,False,True,"Rs 35,500",35500,Brand New,Colombo,viewsonic-va2432a-h-24-inch-full-hd-ips-120hz-frameless-monitor-new-for-sale-colombo-90,https://ikman.lk/en/ad/viewsonic-va2432a-h-24-inch-full-hd-ips-120hz-frameless-monitor-new-for-sale-colombo-90,Myitem.lk (PVT) Ltd,True,1 month
6a6c54fe076db4bcd627b31f,"Lenovo ThinkVision T2324d 23"" Full HD 1080p Monitor With Rotatable Stand",Lenovo,23 Inch,60Hz,1080p FHD,Standard,False,False,False,"Rs 13,000",13000,Used,Puttalam,lenovo-thinkvision-t2324d-23-full-hd-1080p-monitor-with-rotatable-stand-for-sale-puttalam,https://ikman.lk/en/ad/lenovo-thinkvision-t2324d-23-full-hd-1080p-monitor-with-rotatable-stand-for-sale-puttalam,,False,1 month
6a6c539a7dadc8fb8522f855,"Lenovo ThinkVision T2324pA 23"" Full HD 1080p",Lenovo,23 Inch,60Hz,1080p FHD,Standard,False,False,False,"Rs 13,000",13000,Used,Puttalam,lenovo-thinkvision-t2324pa-23-full-hd-1080p-for-sale-puttalam,https://ikman.lk/en/ad/lenovo-thinkvision-t2324pa-23-full-hd-1080p-for-sale-puttalam,,False,1 month
6a6c538e532c49549160dd3f,"MSI PRO MP225 E12VL 21.5"" Inch 120Hz 1ms FHD Slim Frameless Monitor",MSI,21.5 Inch,120Hz,1080p FHD,Standard,False,False,True,"Rs 27,500",27500,Brand New,Colombo,msi-pro-mp225-e12vl-215-inch-120hz-1ms-fhd-slim-frameless-monitor-for-sale-colombo-23,https://ikman.lk/en/ad/msi-pro-mp225-e12vl-215-inch-120hz-1ms-fhd-slim-frameless-monitor-for-sale-colombo-23,Myitem.lk (PVT) Ltd,True,1 month
6a6b266b08416ae72538d472,"Koorui GN06 27″ FHD 1080P IPS Brand New Monitor,",Other,27 Inch,60Hz,1080p FHD,IPS,False,False,False,"Rs 53,500",53500,Brand New,Colombo,koorui-gn06-27-fhd-1080p-ips-brand-new-monitor-for-sale-colombo-8,https://ikman.lk/en/ad/koorui-gn06-27-fhd-1080p-ips-brand-new-monitor-for-sale-colombo-8,I MAC LK(PVT)LTD,True,1 month
6a6c50f636dcafb8d660dcb8,"ViewSonic VA2432A-H 24"" Inch Full HD IPS 120Hz Frameless Monitor New",Viewsonic,24 Inch,120Hz,1080p FHD,IPS,False,False,True,"Rs 35,500",35500,Brand New,Colombo,viewsonic-va2432a-h-24-inch-full-hd-ips-120hz-frameless-monitor-new-for-sale-colombo-89,https://ikman.lk/en/ad/viewsonic-va2432a-h-24-inch-full-hd-ips-120hz-frameless-monitor-new-for-sale-colombo-89,Max Core PC,True,1 month
6a6c501d41bd68f0692adbd5,Brandnew Acer 27 Inch Monitors (144Hz),Acer,27 Inch,144Hz,1080p FHD,Standard,False,False,False,"Rs 37,500",37500,Used,Colombo,brandnew-acer-27-inch-monitors-144hz-for-sale-colombo,https://ikman.lk/en/ad/brandnew-acer-27-inch-monitors-144hz-for-sale-colombo, Laptop Market,True,1 month
6a6c47ce5a6c6dbb56c0f3e5,Lenovo Thinkvision 27 Inch IPS FHD HDMI Used Monitor,Lenovo,27 Inch,60Hz,1080p FHD,IPS,False,False,False,"Rs 27,500",27500,Used,Colombo,lenovo-thinkvision-27-inch-ips-fhd-hdmi-used-monitor-for-sale-colombo-5,https://ikman.lk/en/ad/lenovo-thinkvision-27-inch-ips-fhd-hdmi-used-monitor-for-sale-colombo-5,Mdcomputers.lk(Pvt) Ltd,True,1 month
6a6c47cb41bd68f0692adb78,Dell P2422HE 24 Inch IPS Frameless Used Type-C FHD Monitor,Dell,24 Inch,60Hz,1080p FHD,IPS,False,False,True,"Rs 27,500",27500,Used,Colombo,dell-p2422he-24-inch-ips-frameless-used-type-c-fhd-monitor-for-sale-colombo-2,https://ikman.lk/en/ad/dell-p2422he-24-inch-ips-frameless-used-type-c-fhd-monitor-for-sale-colombo-2,Mdcomputers.lk(Pvt) Ltd,True,1 month
6a6c47c14dde1c9af8e7c1ae,Dell P2714HC 27 Inch IPS LED Used Monitor,Dell,27 Inch,60Hz,1080p FHD,IPS,False,False,False,"Rs 28,000",28000,Used,Colombo,dell-p2714hc-27-inch-ips-led-used-monitor-for-sale-colombo-4,https://ikman.lk/en/ad/dell-p2714hc-27-inch-ips-led-used-monitor-for-sale-colombo-4,Mdcomputers.lk(Pvt) Ltd,True,1 month
6a6c47bf26b62fbfce2adb85,24″Inch 2K QHD IPS Frameless Lenovo Thinkvision HDMI Used Monitor,Lenovo,24 Inch,60Hz,2K QHD,IPS,False,False,True,"Rs 32,000",32000,Used,Colombo,24inch-2k-qhd-ips-frameless-lenovo-thinkvision-hdmi-used-monitor-for-sale-colombo-3,https://ikman.lk/en/ad/24inch-2k-qhd-ips-frameless-lenovo-thinkvision-hdmi-used-monitor-for-sale-colombo-3,Mdcomputers.lk(Pvt) Ltd,True,1 month
6a6b27816eaa4aa8fc5303fb,Asus Rog Strix XG259CMS 24.5” Gaming Monitor,Asus,24 Inch,60Hz,1080p FHD,Standard,False,True,False,"Rs 110,000",110000,Brand New,Colombo,asus-rog-strix-xg259cms-245-gaming-monitor-for-sale-colombo,https://ikman.lk/en/ad/asus-rog-strix-xg259cms-245-gaming-monitor-for-sale-colombo,I MAC LK(PVT)LTD,True,1 month
6a6b24d61543be81378dec4a,Samsung LS24F320GAEXXS 24″ IPS FHD 120Hz Essential New Monitor,Samsung,24 Inch,120Hz,1080p FHD,IPS,False,False,False,"Rs 35,500",35500,Brand New,Colombo,samsung-ls24f320gaexxs-24-ips-fhd-120hz-essential-new-monitor-for-sale-colombo-1,https://ikman.lk/en/ad/samsung-ls24f320gaexxs-24-ips-fhd-120hz-essential-new-monitor-for-sale-colombo-1,I MAC LK(PVT)LTD,True,1 month
6a6b2430499378263b8dec2f,Koorui GN06 27″ FHD 1080P IPS Brand New Monitor,Other,27 Inch,60Hz,1080p FHD,IPS,False,False,False,"Rs 53,500",53500,Brand New,Colombo,koorui-gn06-27-fhd-1080p-ips-brand-new-monitor-for-sale-colombo-9,https://ikman.lk/en/ad/koorui-gn06-27-fhd-1080p-ips-brand-new-monitor-for-sale-colombo-9,I MAC LK(PVT)LTD,True,1 month
6a6c3c5c1efa97b730c2469c,"Samsung 24"" IPS Monitor",Samsung,24 Inch,60Hz,1080p FHD,IPS,False,False,False,"Rs 23,500",23500,Used,Jaffna,samsung-24-ips-monitor-for-sale-jaffna,https://ikman.lk/en/ad/samsung-24-ips-monitor-for-sale-jaffna,Pc Paradise,True,1 month
6a6c39c7c519ec01f022f747,24 Inch 1080p Monitor with Inbuilt Speakers,Other,24 Inch,60Hz,1080p FHD,Standard,False,False,False,"Rs 12,000",12000,Used,Colombo,24-inch-1080p-monitor-with-inbuilt-speakers-for-sale-colombo,https://ikman.lk/en/ad/24-inch-1080p-monitor-with-inbuilt-speakers-for-sale-colombo,,False,1 month
6a6c37e8532c49549160dbda,"Samsung 22"" IPS Monitor",Samsung,22 Inch,60Hz,1080p FHD,IPS,False,False,False,"Rs 18,000",18000,Used,Jaffna,samsung-22-ips-monitor-for-sale-jaffna,https://ikman.lk/en/ad/samsung-22-ips-monitor-for-sale-jaffna,Pc Paradise,True,1 month
6a6c33d90c0a936876e7c0bf,"HP - EliteDisplay E24 G4 24"" Inch Frameless IPS LED Monitor",HP,24 Inch,60Hz,1080p FHD,IPS,False,False,True,"Rs 26,500",26500,Used,Colombo,hp-elitedisplay-e24-g4-24-inch-frameless-ips-led-monitor-for-sale-colombo-7,https://ikman.lk/en/ad/hp-elitedisplay-e24-g4-24-inch-frameless-ips-led-monitor-for-sale-colombo-7,PC Cart Express Maharagama,True,1 month
6a6c33b536dcafb8d660db48,"HP - EliteDisplay E24 G4 24"" Inch Frameless IPS LED Monitor",HP,24 Inch,60Hz,1080p FHD,IPS,False,False,True,"Rs 26,500",26500,Used,Colombo,hp-elitedisplay-e24-g4-24-inch-frameless-ips-led-monitor-for-sale-colombo-6,https://ikman.lk/en/ad/hp-elitedisplay-e24-g4-24-inch-frameless-ips-led-monitor-for-sale-colombo-6,PC Cart Kesbewa ,True,1 month
6a6c33b31efa97b730c24607,"Acer EK271 27"" Inch 144Hz IPS HDMI Frameless Gaming Monitor",Acer,27 Inch,144Hz,HD,IPS,False,True,True,"Rs 35,990",35990,Brand New,Colombo,acer-ek271-27-inch-144hz-ips-hdmi-frameless-gaming-monitor-for-sale-colombo-77,https://ikman.lk/en/ad/acer-ek271-27-inch-144hz-ips-hdmi-frameless-gaming-monitor-for-sale-colombo-77,Computer Store.lk Pvt Ltd,True,1 month
6a6c3368532c49549160db86,"Acer EK251 P6BI 25"" Inch 144Hz IPS HDMI Frameless Gaming Monitor",Acer,25 Inch,144Hz,HD,IPS,False,True,True,"Rs 31,500",31500,Brand New,Colombo,acer-ek251-p6bi-25-inch-144hz-ips-hdmi-frameless-gaming-monitor-for-sale-colombo-41,https://ikman.lk/en/ad/acer-ek251-p6bi-25-inch-144hz-ips-hdmi-frameless-gaming-monitor-for-sale-colombo-41,Computer Store.lk Pvt Ltd,True,1 month
6a6c33103cf973971c3f6dc5,MSI Pro MP245PG E14 23.8″ INCH 144HZ 1MS FHD FRAMELESS MONITOR NEW,MSI,23 Inch,144Hz,1080p FHD,Standard,False,False,True,"Rs 47,500",47500,Brand New,Colombo,msi-pro-mp245pg-e14-238-inch-144hz-1ms-fhd-frameless-monitor-new-for-sale-colombo-14,https://ikman.lk/en/ad/msi-pro-mp245pg-e14-238-inch-144hz-1ms-fhd-frameless-monitor-new-for-sale-colombo-14,Computer Store.lk Pvt Ltd,True,1 month
6a6c329805c506573227b144,"MSI Pro MP243L E14 24.5"" Inch 144Hz 1ms FHD IPS Productivity Monitor",MSI,24.5 Inch,144Hz,1080p FHD,IPS,False,False,False,"Rs 33,500",33500,Brand New,Colombo,msi-pro-mp243l-e14-245-inch-144hz-1ms-fhd-ips-productivity-monitor-for-sale-colombo-19,https://ikman.lk/en/ad/msi-pro-mp243l-e14-245-inch-144hz-1ms-fhd-ips-productivity-monitor-for-sale-colombo-19,Computer Store.lk Pvt Ltd,True,1 month
6a6c3209076db4bcd627b135,"MSI PRO MP225 E12VL 21.5"" Inch 120Hz 1ms FHD Slim Frameless Monitor",MSI,21.5 Inch,120Hz,1080p FHD,Standard,False,False,True,"Rs 26,500",26500,Brand New,Colombo,msi-pro-mp225-e12vl-215-inch-120hz-1ms-fhd-slim-frameless-monitor-for-sale-colombo-22,https://ikman.lk/en/ad/msi-pro-mp225-e12vl-215-inch-120hz-1ms-fhd-slim-frameless-monitor-for-sale-colombo-22,Computer Store.lk Pvt Ltd,True,1 month
6a6c305b9b7fbb345460db6c,"Samsung 20"" VGA Monitor",Samsung,20 Inch,60Hz,Unknown,Standard,False,False,False,"Rs 13,500",13500,Used,Jaffna,samsung-20-vga-monitor-for-sale-jaffna,https://ikman.lk/en/ad/samsung-20-vga-monitor-for-sale-jaffna,Pc Paradise,True,1 month
6a6c2d6136dcafb8d660dad8,"MSI PRO MP243L E14 24.5"" Inch 144Hz 1ms FHD IPS Productivity Monitor",MSI,24.5 Inch,144Hz,1080p FHD,IPS,False,False,False,"Rs 33,500",33500,Brand New,Colombo,msi-pro-mp243l-e14-245-inch-144hz-1ms-fhd-ips-productivity-monitor-for-sale-colombo-18,https://ikman.lk/en/ad/msi-pro-mp243l-e14-245-inch-144hz-1ms-fhd-ips-productivity-monitor-for-sale-colombo-18,Myitem.lk (PVT) Ltd,True,1 month
6a6c2c0a9b7fbb345460db29,"Dell P2319H 23"" inch Full HD IPS HDMI Frameless Used Monitor (No Cables)",Dell,23 Inch,60Hz,1080p FHD,IPS,False,False,True,"Rs 20,500",20500,Used,Colombo,dell-p2319h-23-inch-full-hd-ips-hdmi-frameless-used-monitor-no-cables-for-sale-colombo-46,https://ikman.lk/en/ad/dell-p2319h-23-inch-full-hd-ips-hdmi-frameless-used-monitor-no-cables-for-sale-colombo-46,Myitem.lk (PVT) Ltd,True,1 month
6a6c2aa285fa388b4527b10e,"Samsung 20"" HDMI Monitor",Samsung,20 Inch,60Hz,HD,Standard,False,False,False,"Rs 14,000",14000,Used,Jaffna,samsung-20-hdmi-monitor-for-sale-jaffna,https://ikman.lk/en/ad/samsung-20-hdmi-monitor-for-sale-jaffna,Pc Paradise,True,1 month
6a6c29b8dfa6cd050c3f6d1f,"HP 22"" Widescreen Monitor",HP,22 Inch,60Hz,1080p FHD,Standard,False,False,False,"Rs 14,000",14000,Used,Jaffna,hp-22-widescreen-monitor-for-sale-jaffna,https://ikman.lk/en/ad/hp-22-widescreen-monitor-for-sale-jaffna,Pc Paradise,True,1 month
6a6c2822c0c071428b6d1993,"Asus VY279HGR 27"" Inch Full HD IPS Level 120Hz Adaptive Sync Monitor",Asus,27 Inch,120Hz,1080p FHD,IPS,False,False,False,"Rs 46,000",46000,Brand New,Colombo,asus-vy279hgr-27-inch-full-hd-ips-level-120hz-adaptive-sync-monitor-for-sale-colombo-71,https://ikman.lk/en/ad/asus-vy279hgr-27-inch-full-hd-ips-level-120hz-adaptive-sync-monitor-for-sale-colombo-71,Myitem.lk (PVT) Ltd,True,1 month
6a6c27fadb934f23dc2ad9da,"HP 20"" Widescreen Monitor",HP,20 Inch,60Hz,Unknown,Standard,False,False,False,"Rs 12,500",12500,Used,Jaffna,hp-20-widescreen-monitor-for-sale-jaffna,https://ikman.lk/en/ad/hp-20-widescreen-monitor-for-sale-jaffna,Pc Paradise,True,1 month
6a6c205d0a6a7655fcc24482,"HP 19"" Widescreen Monitor",HP,19 Inch,60Hz,Unknown,Standard,False,False,False,"Rs 11,500",11500,Used,Jaffna,hp-19-widescreen-monitor-for-sale-jaffna,https://ikman.lk/en/ad/hp-19-widescreen-monitor-for-sale-jaffna,Pc Paradise,True,1 month
6a6c10000c0a936876e7becd,"ASUS VZ27EHE Eye Care Monitor – 27 inch Full HD (1920 x 1080),",Asus,27 Inch,60Hz,1080p FHD,Standard,False,False,False,"Rs 48,000",48000,Brand New,Galle,asus-vz27ehe-eye-care-monitor-27-inch-full-hd-1920-x-1080-for-sale-galle,https://ikman.lk/en/ad/asus-vz27ehe-eye-care-monitor-27-inch-full-hd-1920-x-1080-for-sale-galle,,False,1 month
6a1bbc0f7e9378d702f18aa4,HP P27h G4 27’Inch frameless FHD Monitor,HP,27 Inch,60Hz,1080p FHD,Standard,False,False,True,"Rs 39,500",39500,Brand New,Colombo,hp-p27h-g4-27inch-frameless-fhd-monitor-for-sale-colombo,https://ikman.lk/en/ad/hp-p27h-g4-27inch-frameless-fhd-monitor-for-sale-colombo,PC TECH COMPUTER,True,1 month
6a1bc4fc071ab909d8c486e6,Dell 24’inch Video Conferencing Monitor ( C2422HE ),Dell,24 Inch,60Hz,1080p FHD,Standard,False,False,False,"Rs 57,500",57500,Brand New,Colombo,dell-24inch-video-conferencing-monitor-c2422he-for-sale-colombo-1,https://ikman.lk/en/ad/dell-24inch-video-conferencing-monitor-c2422he-for-sale-colombo-1,PC TECH COMPUTER,True,1 month
6a1bcdc9b08fdfa071d05ef9,HP P27H G4 24’inch IPS FHD Frameless moniter,HP,24 Inch,60Hz,1080p FHD,IPS,False,False,True,"Rs 32,500",32500,Used,Colombo,hp-p27h-g4-24inch-ips-fhd-frameless-moniter-for-sale-colombo,https://ikman.lk/en/ad/hp-p27h-g4-24inch-ips-fhd-frameless-moniter-for-sale-colombo,PC TECH COMPUTER,True,1 month
6a1b156fd0555157f689cd0e,Dell 55 Inch 4K Interactive Touch Monitor C5522QT,Dell,55 Inch,60Hz,4K UHD,Standard,False,False,False,"Rs 185,000",185000,Used,Colombo,dell-55-inch-4k-interactive-touch-monitor-c5522qt-for-sale-colombo,https://ikman.lk/en/ad/dell-55-inch-4k-interactive-touch-monitor-c5522qt-for-sale-colombo,Acepro Trading (pvt) ltd,True,1 month
6a6b60f48db20b2ebc9a1c6f,"Asus VY249 HE 23.8"" IPS Monitor",Asus,23.8 Inch,60Hz,Unknown,IPS,False,False,False,"Rs 30,000",30000,Used,Colombo,asus-vy249-he-238-ips-monitor-for-sale-colombo,https://ikman.lk/en/ad/asus-vy249-he-238-ips-monitor-for-sale-colombo,,False,1 month
6a6b55fe4e7b4bb7b9e1c48c,"MONITOR 22"" IPS SLIM FRAMELESS (1980 x 1080P) FHD HDMI",Other,22 Inch,60Hz,1080p FHD,IPS,False,False,True,"Rs 17,450",17450,Used,Gampaha,monitor-22-ips-slim-frameless-1980-x-1080p-fhd-hdmi-for-sale-gampaha,https://ikman.lk/en/ad/monitor-22-ips-slim-frameless-1980-x-1080p-fhd-hdmi-for-sale-gampaha,ShaTech Zone,True,1 month
6a6b5559499378263b8dedf6,"32"" 2K Curved Monitor (2560 × 1440P) QHD | 144HZ ~ Gaming",Other,32 Inch,144Hz,2K QHD,Standard,True,True,False,"Rs 55,250",55250,Used,Gampaha,32-2k-curved-monitor-2560-x-1440p-qhd-144hz-gaming-for-sale-gampaha,https://ikman.lk/en/ad/32-2k-curved-monitor-2560-x-1440p-qhd-144hz-gaming-for-sale-gampaha,ShaTech Zone,True,1 month
685276588d314d00394c1455,Monitor - 17 | 19 20 22 23 24 27 INCH LCD LED IPS 2K FRAMELESS,Other,27 Inch,60Hz,2K QHD,IPS,False,False,True,"Rs 6,500",6500,Used,Kalutara,monitor-17-19-20-22-23-24-27-inch-lcd-led-ips-2k-frameless-for-sale-kalutara,https://ikman.lk/en/ad/monitor-17-19-20-22-23-24-27-inch-lcd-led-ips-2k-frameless-for-sale-kalutara,Sheiba Arcade,True,1 month
6a6b310cd141f5349223b791,"Samsung F24T450FQE 24"" Inch Full HD IPS Frameless HDMI Used Monitor",Samsung,24 Inch,60Hz,1080p FHD,IPS,False,False,True,"Rs 21,990",21990,Used,Colombo,samsung-f24t450fqe-24-inch-full-hd-ips-frameless-hdmi-used-monitor-for-sale-colombo-53,https://ikman.lk/en/ad/samsung-f24t450fqe-24-inch-full-hd-ips-frameless-hdmi-used-monitor-for-sale-colombo-53,Computer Store.lk Pvt Ltd,True,1 month
6a6b30caae4a3c7859e1c3d7,"Dell P2319H 23"" Inch IPS Frameless Full HD HDMI Used Monitor",Dell,23 Inch,60Hz,1080p FHD,IPS,False,False,True,"Rs 20,500",20500,Used,Colombo,dell-p2319h-23-inch-ips-frameless-full-hd-hdmi-used-monitor-for-sale-colombo-32,https://ikman.lk/en/ad/dell-p2319h-23-inch-ips-frameless-full-hd-hdmi-used-monitor-for-sale-colombo-32,Computer Store.lk Pvt Ltd,True,1 month
6a6b2d68a0556d65f8530480,Samsung 22″IPS 100Hz LS22D300GAEXXS Brand New Monitor,Samsung,22 Inch,100Hz,1080p FHD,IPS,False,False,False,"Rs 26,500",26500,Brand New,Colombo,samsung-22ips-100hz-ls22d300gaexxs-brand-new-monitor-for-sale-colombo-3,https://ikman.lk/en/ad/samsung-22ips-100hz-ls22d300gaexxs-brand-new-monitor-for-sale-colombo-3,I MAC LK(PVT)LTD,True,1 month
6a6b2cc521d7afd3328dec66,Acer - EK251QP6 24.5INCH 144Hz IPS Brand New Montor,Acer,24.5 Inch,144Hz,Unknown,IPS,False,False,False,"Rs 34,000",34000,Brand New,Colombo,acer-ek251qp6-245inch-144hz-ips-brand-new-montor-for-sale-colombo-12,https://ikman.lk/en/ad/acer-ek251qp6-245inch-144hz-ips-brand-new-montor-for-sale-colombo-12,I MAC LK(PVT)LTD,True,1 month
6a6b2c6f1543be81378decab,MSI Mag 321CQF E18 31.5” inch Curved Gaming Monitor,MSI,Unknown,60Hz,Unknown,Standard,True,True,False,"Rs 97,500",97500,Brand New,Colombo,msi-mag-321cqf-e18-315-inch-curved-gaming-monitor-for-sale-colombo-5,https://ikman.lk/en/ad/msi-mag-321cqf-e18-315-inch-curved-gaming-monitor-for-sale-colombo-5,I MAC LK(PVT)LTD,True,1 month
6a6b2c1f792c631e56e1c377,Koorui 27″ S2741LM - b Monitor,Other,27 Inch,60Hz,1080p FHD,Standard,False,False,False,"Rs 165,500",165500,Brand New,Colombo,koorui-27-s2741lm-b-monitor-for-sale-colombo,https://ikman.lk/en/ad/koorui-27-s2741lm-b-monitor-for-sale-colombo,I MAC LK(PVT)LTD,True,1 month
6a6b2bbd6b8033955638d516,MSI - Pro MP251L E2 24.5″INCH Fhd Ultra Slim Framless Monitor,MSI,24 Inch,60Hz,1080p FHD,Standard,False,False,False,"Rs 32,500",32500,Brand New,Colombo,msi-pro-mp251l-e2-245inch-fhd-ultra-slim-framless-monitor-for-sale-colombo-2,https://ikman.lk/en/ad/msi-pro-mp251l-e2-245inch-fhd-ultra-slim-framless-monitor-for-sale-colombo-2,I MAC LK(PVT)LTD,True,1 month
6a6b2b421543be81378dec87,ASUS VA259HGA Eye Care Gaming Monitor – 25-inch,Asus,25 Inch,60Hz,Unknown,Standard,False,True,False,"Rs 36,500",36500,Brand New,Colombo,asus-va259hga-eye-care-gaming-monitor-25-inch-for-sale-colombo-11,https://ikman.lk/en/ad/asus-va259hga-eye-care-gaming-monitor-25-inch-for-sale-colombo-11,I MAC LK(PVT)LTD,True,1 month
6a6b2a4fcdb66800a5201f62,Koorui 27″Inch 27N5CA Curved Va Brand New Monitor 75Hz,Other,27 Inch,75Hz,1080p FHD,VA,True,False,False,"Rs 41,000",41000,Brand New,Colombo,koorui-27inch-27n5ca-curved-va-brand-new-monitor-75hz-for-sale-colombo-21,https://ikman.lk/en/ad/koorui-27inch-27n5ca-curved-va-brand-new-monitor-75hz-for-sale-colombo-21,I MAC LK(PVT)LTD,True,1 month
6a6b29f05054cabcc338d4d8,Asus Tuf Gaming Vg279 Q3 R BRAND-NEW Monitor,Asus,Unknown,60Hz,Unknown,Standard,False,True,False,"Rs 57,400",57400,Brand New,Colombo,asus-tuf-gaming-vg279-q3-r-brand-new-monitor-for-sale-colombo-1,https://ikman.lk/en/ad/asus-tuf-gaming-vg279-q3-r-brand-new-monitor-for-sale-colombo-1,I MAC LK(PVT)LTD,True,1 month
6a6b2973c26cfdb373589de7,Asus - VY279HGR 27″ Inch Brand New Gaming Monitor,Asus,27 Inch,60Hz,1080p FHD,Standard,False,True,False,"Rs 49,500",49500,Brand New,Colombo,asus-vy279hgr-27-inch-brand-new-gaming-monitor-for-sale-colombo-4,https://ikman.lk/en/ad/asus-vy279hgr-27-inch-brand-new-gaming-monitor-for-sale-colombo-4,I MAC LK(PVT)LTD,True,1 month
6a6b291ab88c1c144b12df84,Acer Nitro KG273 W3 27INCH Gaming Monitor,Acer,27 Inch,60Hz,1080p FHD,Standard,False,True,False,"Rs 50,000",50000,Brand New,Colombo,acer-nitro-kg273-w3-27inch-gaming-monitor-for-sale-colombo-6,https://ikman.lk/en/ad/acer-nitro-kg273-w3-27inch-gaming-monitor-for-sale-colombo-6,I MAC LK(PVT)LTD,True,1 month
6a6b28b15054cabcc338d4d0,MSI Mag 325QF E18V 31.5” Inch Gaming Monitor,MSI,Unknown,60Hz,Unknown,Standard,False,True,False,"Rs 92,000",92000,Brand New,Colombo,msi-mag-325qf-e18v-315-inch-gaming-monitor-for-sale-colombo-5,https://ikman.lk/en/ad/msi-mag-325qf-e18v-315-inch-gaming-monitor-for-sale-colombo-5,I MAC LK(PVT)LTD,True,1 month
6a6b28087535723dfa23b6ca,Samsung LS49DG930SEXXS 49 Inch Odyssey OLED G9 Gaming Monitor,Samsung,49 Inch,60Hz,Unknown,OLED,False,True,False,"Rs 525,500",525500,Brand New,Colombo,samsung-ls49dg930sexxs-49-inch-odyssey-oled-g9-gaming-monitor-for-sale-colombo-3,https://ikman.lk/en/ad/samsung-ls49dg930sexxs-49-inch-odyssey-oled-g9-gaming-monitor-for-sale-colombo-3,I MAC LK(PVT)LTD,True,1 month
6a6b27161a38a6b4c5e8f059,Samsung LS24F320GAEXXS 24″ Ips FHD 120Hz Essential Monitor,Samsung,24 Inch,120Hz,1080p FHD,IPS,False,False,False,"Rs 40,000",40000,Brand New,Colombo,samsung-ls24f320gaexxs-24-ips-fhd-120hz-essential-monitor-for-sale-colombo-8,https://ikman.lk/en/ad/samsung-ls24f320gaexxs-24-ips-fhd-120hz-essential-monitor-for-sale-colombo-8,I MAC LK(PVT)LTD,True,1 month
6a6b260c206305293a5304a5,MSI Pro MP225V 21.5 Inch Professional Brand New Monitor,MSI,21.5 Inch,60Hz,Unknown,Standard,False,False,False,"Rs 25,500",25500,Brand New,Colombo,msi-pro-mp225v-215-inch-professional-brand-new-monitor-for-sale-colombo-6,https://ikman.lk/en/ad/msi-pro-mp225v-215-inch-professional-brand-new-monitor-for-sale-colombo-6,I MAC LK(PVT)LTD,True,1 month
6a6b25728349dde7331136fb,Samsung Odyssey LS25BG400EEXXS 25 Inch Brand New Gaming Monitor,Samsung,25 Inch,60Hz,Unknown,Standard,False,True,False,"Rs 89,500",89500,Brand New,Colombo,samsung-odyssey-ls25bg400eexxs-25-inch-brand-new-gaming-monitor-for-sale-colombo-6,https://ikman.lk/en/ad/samsung-odyssey-ls25bg400eexxs-25-inch-brand-new-gaming-monitor-for-sale-colombo-6,I MAC LK(PVT)LTD,True,1 month
6a6b23ce4e7b4bb7b9e1c2ea,Samsung LS27BG400EEXXS 27 Inch Brand New Gaming Monitor,Samsung,27 Inch,60Hz,1080p FHD,Standard,False,True,False,"Rs 98,000",98000,Brand New,Colombo,samsung-ls27bg400eexxs-27-inch-brand-new-gaming-monitor-for-sale-colombo-3,https://ikman.lk/en/ad/samsung-ls27bg400eexxs-27-inch-brand-new-gaming-monitor-for-sale-colombo-3,I MAC LK(PVT)LTD,True,1 month
69a2a6503b0094105bbb3ecb,Acer 27 Inch\ Brandnew Monitors (144Hz).,Acer,27 Inch,144Hz,1080p FHD,Standard,False,False,False,"Rs 37,500",37500,Brand New,Colombo,acer-27-inch-brandnew-monitors-144hz-for-sale-colombo-14,https://ikman.lk/en/ad/acer-27-inch-brandnew-monitors-144hz-for-sale-colombo-14, Laptop Market,True,1 month
6a6b138d8349dde733113658,MSI PRO MP243L E14 23.8 INCH FHD 144Hz IPS BRAND NEW MONITOR..,MSI,23.8 Inch,144Hz,1080p FHD,IPS,False,False,False,"Rs 34,000",34000,Brand New,Colombo,msi-pro-mp243l-e14-238-inch-fhd-144hz-ips-brand-new-monitor-for-sale-colombo-6,https://ikman.lk/en/ad/msi-pro-mp243l-e14-238-inch-fhd-144hz-ips-brand-new-monitor-for-sale-colombo-6,I MAC LK (PVT) LTD,True,1 month
6a6b118af6e31d20fa8617ba,"KOORUI 27"" E2721H QHD IPS 120HZ 2K BRAND NEW GAMING MONITOR",Other,27 Inch,120Hz,2K QHD,IPS,False,True,False,"Rs 52,500",52500,Brand New,Colombo,koorui-27-e2721h-qhd-ips-120hz-2k-brand-new-gaming-monitor-for-sale-colombo-3,https://ikman.lk/en/ad/koorui-27-e2721h-qhd-ips-120hz-2k-brand-new-gaming-monitor-for-sale-colombo-3,Myitem.lk (PVT) Ltd,True,1 month
6a6b10d8cdb66800a5201ea2,Asus TUF Gaming VG279QE5A 27″ FHD IPS 146HZ Monitor,Asus,27 Inch,146Hz,1080p FHD,IPS,False,True,False,"Rs 46,500",46500,Brand New,Colombo,asus-tuf-gaming-vg279qe5a-27-fhd-ips-146hz-monitor-for-sale-colombo-60,https://ikman.lk/en/ad/asus-tuf-gaming-vg279qe5a-27-fhd-ips-146hz-monitor-for-sale-colombo-60,Myitem.lk (PVT) Ltd,True,1 month
6a6b10392dd21255a6e8efa8,"Acer 27"" Full HD Nitro Gaming Monitor - KG273 W3 240Hz Brand New",Acer,27 Inch,240Hz,1080p FHD,Standard,False,True,False,"Rs 49,500",49500,Brand New,Colombo,acer-27-full-hd-nitro-gaming-monitor-kg273-w3-240hz-brand-new-for-sale-colombo-64,https://ikman.lk/en/ad/acer-27-full-hd-nitro-gaming-monitor-kg273-w3-240hz-brand-new-for-sale-colombo-64,Myitem.lk (PVT) Ltd,True,1 month
6a6b0bcd72188d76df12df13,"Dell P2317H 23"" inch Full HD IPS monitor USED",Dell,23 Inch,60Hz,1080p FHD,IPS,False,False,False,"Rs 15,000",15000,Used,Colombo,dell-p2317h-23-inch-full-hd-ips-monitor-used-for-sale-colombo,https://ikman.lk/en/ad/dell-p2317h-23-inch-full-hd-ips-monitor-used-for-sale-colombo,Computer Store.lk Pvt Ltd,True,1 month
6a6b080308416ae72538d371,32 Inch Samsung IPS HDMI 2K Used Monitor,Samsung,32 Inch,60Hz,2K QHD,IPS,False,False,False,"Rs 39,000",39000,Used,Colombo,32-inch-samsung-ips-hdmi-2k-used-monitor-for-sale-colombo-6,https://ikman.lk/en/ad/32-inch-samsung-ips-hdmi-2k-used-monitor-for-sale-colombo-6,Mdcomputers.lk(Pvt) Ltd,True,1 month
6a6b062f3fb7568af77771d2,23″Inch HP Elite E230T IPS Touch Screen Used Monitor,HP,23 Inch,60Hz,Unknown,IPS,False,False,False,"Rs 38,500",38500,Used,Colombo,23inch-hp-elite-e230t-ips-touch-screen-used-monitor-for-sale-colombo-1,https://ikman.lk/en/ad/23inch-hp-elite-e230t-ips-touch-screen-used-monitor-for-sale-colombo-1,Mdcomputers.lk(Pvt) Ltd,True,1 month
6a6b059c792c631e56e1c20d,20 Inch Dell LED Used Monitor-E2016H,Dell,20 Inch,60Hz,Unknown,Standard,False,False,False,"Rs 9,800",9800,Used,Colombo,20-inch-dell-led-used-monitor-e2016h-for-sale-colombo-19,https://ikman.lk/en/ad/20-inch-dell-led-used-monitor-e2016h-for-sale-colombo-19,Mdcomputers.lk(Pvt) Ltd,True,1 month
6a6b019c69abfdbad023b609,27 Inch Dell P2714HC IPS LED Used Monitor,Dell,27 Inch,60Hz,1080p FHD,IPS,False,False,False,"Rs 28,000",28000,Used,Colombo,27-inch-dell-p2714hc-ips-led-used-monitor-for-sale-colombo-15,https://ikman.lk/en/ad/27-inch-dell-p2714hc-ips-led-used-monitor-for-sale-colombo-15,Mdcomputers.lk(Pvt) Ltd,True,1 month
6a6aff8d206305293a530326,24 Inch Dell P2422HE IPS Frameless Used Type-C FHD Monitor,Dell,24 Inch,60Hz,1080p FHD,IPS,False,False,True,"Rs 27,500",27500,Used,Colombo,24-inch-dell-p2422he-ips-frameless-used-type-c-fhd-monitor-for-sale-colombo-5,https://ikman.lk/en/ad/24-inch-dell-p2422he-ips-frameless-used-type-c-fhd-monitor-for-sale-colombo-5,Mdcomputers.lk(Pvt) Ltd,True,1 month
6a6afe667535723dfa23b574,Atec 27 Inch Full HD LED Used Monitor,Other,27 Inch,60Hz,1080p FHD,Standard,False,False,False,"Rs 21,500",21500,Used,Colombo,atec-27-inch-full-hd-led-used-monitor-for-sale-colombo-19,https://ikman.lk/en/ad/atec-27-inch-full-hd-led-used-monitor-for-sale-colombo-19,Mdcomputers.lk(Pvt) Ltd,True,1 month
6a6afe61af689b9fc22fc2be,27 Inch Lenovo Thinkvision IPS FHD HDMI Used Monitor,Lenovo,27 Inch,60Hz,1080p FHD,IPS,False,False,False,"Rs 27,500",27500,Used,Colombo,27-inch-lenovo-thinkvision-ips-fhd-hdmi-used-monitor-for-sale-colombo-31,https://ikman.lk/en/ad/27-inch-lenovo-thinkvision-ips-fhd-hdmi-used-monitor-for-sale-colombo-31,Mdcomputers.lk(Pvt) Ltd,True,1 month
6a6af6231efb3f0234d9a060,MSI Pro MP245PG E14 23.8″ INCH 144HZ 1MS FHD FRAMELESS MONITOR NEW,MSI,23 Inch,144Hz,1080p FHD,Standard,False,False,True,"Rs 47,500",47500,Brand New,Colombo,msi-pro-mp245pg-e14-238-inch-144hz-1ms-fhd-frameless-monitor-new-for-sale-colombo-13,https://ikman.lk/en/ad/msi-pro-mp245pg-e14-238-inch-144hz-1ms-fhd-frameless-monitor-new-for-sale-colombo-13,Myitem.lk (PVT) Ltd,True,1 month
6a6af1a0d141f5349223b4ee,"Emark 24"" EW2427SH 144Hz IPS Full HD Frameless Gaming Monitor",Other,24 Inch,144Hz,1080p FHD,IPS,False,True,True,"Rs 29,990",29990,Brand New,Colombo,emark-24-ew2427sh-144hz-ips-full-hd-frameless-gaming-monitor-for-sale-colombo-33,https://ikman.lk/en/ad/emark-24-ew2427sh-144hz-ips-full-hd-frameless-gaming-monitor-for-sale-colombo-33,Myitem.lk (PVT) Ltd,True,1 month
6a6af132ad7521d21e2fc210,MSI Pro MP273 E14A 27 Inch 144HZ 1MS FHD IPS Productivity Monitor New,MSI,27 Inch,144Hz,1080p FHD,IPS,False,False,False,"Rs 51,500",51500,Brand New,Colombo,msi-pro-mp273-e14a-27-inch-144hz-1ms-fhd-ips-productivity-monitor-new-for-sale-colombo-98,https://ikman.lk/en/ad/msi-pro-mp273-e14a-27-inch-144hz-1ms-fhd-ips-productivity-monitor-new-for-sale-colombo-98,Myitem.lk (PVT) Ltd,True,1 month
6a6aeebe7d78400cfc2fc1fd,Acer 27 Inch Brandnew Monitor,Acer,27 Inch,60Hz,1080p FHD,Standard,False,False,False,"Rs 37,500",37500,Brand New,Colombo,acer-27-inch-brandnew-monitor-for-sale-colombo-2,https://ikman.lk/en/ad/acer-27-inch-brandnew-monitor-for-sale-colombo-2, Laptop Market,True,1 month
6a6ae6f1841a24932f734fd1,පාර්ට්ස් වලට ගන්න පුලුවන්,Other,Unknown,60Hz,Unknown,Standard,False,False,False,"Rs 2,000",2000,Used,Matara,paartts-vltt-gnn-puluvn-for-sale-matara,https://ikman.lk/en/ad/paartts-vltt-gnn-puluvn-for-sale-matara,,False,1 month
6a6addad3d0cd4eade0fa4f8,Monitor,Other,Unknown,60Hz,Unknown,Standard,False,False,False,"Rs 6,000",6000,Used,Puttalam,hond-ttvyee-pvtin-paavicci-krn-ld-monittr-2k-vikinniimtt-aet-for-sale-puttalam,https://ikman.lk/en/ad/hond-ttvyee-pvtin-paavicci-krn-ld-monittr-2k-vikinniimtt-aet-for-sale-puttalam,,False,1 month
6a6adc9dae4a3c7859e1c010,"MSI Pro MP251L E2 25"" Inch 120HZ Full HD IPS Frameless Monitor",MSI,25 Inch,120Hz,1080p FHD,IPS,False,False,True,"Rs 32,000",32000,Brand New,Colombo,msi-pro-mp251l-e2-25-inch-120hz-full-hd-ips-frameless-monitor-for-sale-colombo-52,https://ikman.lk/en/ad/msi-pro-mp251l-e2-25-inch-120hz-full-hd-ips-frameless-monitor-for-sale-colombo-52,Myitem.lk (PVT) Ltd,True,1 month
6a6ada1d792c631e56e1bfce,Brand New Acer Vero Series CB272 P6BMIPRX 144HZ Full HD Monitor,Acer,Unknown,144Hz,1080p FHD,Standard,False,False,False,"Rs 44,990",44990,Brand New,Colombo,brand-new-acer-vero-series-cb272-p6bmiprx-144hz-full-hd-monitor-for-sale-colombo-68,https://ikman.lk/en/ad/brand-new-acer-vero-series-cb272-p6bmiprx-144hz-full-hd-monitor-for-sale-colombo-68,Myitem.lk (PVT) Ltd,True,1 month
6a6ad3547535723dfa23b33f,"Samsung 24"" Inch Full HD IPS Frameless HDMI Gaming Used Monitor",Samsung,24 Inch,60Hz,1080p FHD,IPS,False,True,True,"Rs 22,000",22000,Used,Colombo,samsung-24-inch-full-hd-ips-frameless-hdmi-gaming-used-monitor-for-sale-colombo-52,https://ikman.lk/en/ad/samsung-24-inch-full-hd-ips-frameless-hdmi-gaming-used-monitor-for-sale-colombo-52,Myitem.lk (PVT) Ltd,True,1 month
6a69d5a5fe10444313d5c682,"Dahua DHI-LM22-A211Y 22"" Full HD Monitor",Other,22 Inch,60Hz,1080p FHD,Standard,False,False,False,"Rs 26,500",26500,Brand New,Jaffna,dahua-dhi-lm22-a211y-22-full-hd-monitor-for-sale-jaffna,https://ikman.lk/en/ad/dahua-dhi-lm22-a211y-22-full-hd-monitor-for-sale-jaffna,Pc Paradise,True,1 month
6a69c856b6f172c71ec721ea,"22"" Inch LED Dell Wide Monitors",Dell,22 Inch,60Hz,1080p FHD,Standard,False,False,False,"Rs 11,999",11999,Used,Colombo,22-inch-led-dell-wide-monitors-for-sale-colombo,https://ikman.lk/en/ad/22-inch-led-dell-wide-monitors-for-sale-colombo,Smart Choice,True,1 month
6a69c84e126cc22108d9180e,"22"" Inch LED Dell Wide Monitor",Dell,22 Inch,60Hz,1080p FHD,Standard,False,False,False,"Rs 11,999",11999,Used,Colombo,22-inch-led-dell-wide-monitor-for-sale-colombo,https://ikman.lk/en/ad/22-inch-led-dell-wide-monitor-for-sale-colombo,Smart Choice,True,1 month
6a69c8474cd0a9628cc72206,"22"" Inch LED Dell Wide Monitor",Dell,22 Inch,60Hz,1080p FHD,Standard,False,False,False,"Rs 11,999",11999,Used,Kalutara,22-inch-led-dell-wide-monitor-for-sale-kalutara,https://ikman.lk/en/ad/22-inch-led-dell-wide-monitor-for-sale-kalutara,Smart Choice,True,1 month
6a69c82b628e5ddc29d5c668,"22"" Inch LED Dell Wide Monitor",Dell,22 Inch,60Hz,1080p FHD,Standard,False,False,False,"Rs 11,999",11999,Used,Kalutara,22-inch-led-dell-wide-monitor-for-sale-kalutara-1,https://ikman.lk/en/ad/22-inch-led-dell-wide-monitor-for-sale-kalutara-1,Smart Choice,True,1 month
6a69c498126cc22108d917ef,Dell 20 Inch Monitor,Dell,20 Inch,60Hz,Unknown,Standard,False,False,False,"Rs 12,000",12000,Used,Ampara,dell-20inch-monitor-for-sale-ampara,https://ikman.lk/en/ad/dell-20inch-monitor-for-sale-ampara,,False,1 month
6a69bf841a9813da76c634c4,"22"" Inch LED Dell Wide Monitors",Dell,22 Inch,60Hz,1080p FHD,Standard,False,False,False,"Rs 11,999",11999,Used,Kalutara,22-inch-led-dell-wide-monitors-for-sale-kalutara-7,https://ikman.lk/en/ad/22-inch-led-dell-wide-monitors-for-sale-kalutara-7,Smart Choice,True,1 month
6a69bf7fddf23ba4e5d29eb1,"22"" Inch LED Dell Wide Monitors",Dell,22 Inch,60Hz,1080p FHD,Standard,False,False,False,"Rs 11,999",11999,Used,Kalutara,22-inch-led-dell-wide-monitors-for-sale-kalutara-8,https://ikman.lk/en/ad/22-inch-led-dell-wide-monitors-for-sale-kalutara-8,Smart Choice,True,1 month
6a69bf79fe10444313d5c5f1,"22"" Inch LED Dell Wide Monitors",Dell,22 Inch,60Hz,1080p FHD,Standard,False,False,False,"Rs 11,999",11999,Used,Kalutara,22-inch-led-dell-wide-monitors-for-sale-kalutara-9,https://ikman.lk/en/ad/22-inch-led-dell-wide-monitors-for-sale-kalutara-9,Smart Choice,True,1 month
6a69beb74cd0a9628cc721c0,"22"" Inch LED Dell Wide Monitors",Dell,22 Inch,60Hz,1080p FHD,Standard,False,False,False,"Rs 11,999",11999,Used,Kalutara,22-inch-led-dell-wide-monitors-for-sale-kalutara-5,https://ikman.lk/en/ad/22-inch-led-dell-wide-monitors-for-sale-kalutara-5,Smart Choice,True,1 month
6a69beaffe10444313d5c5e6,"22"" Inch LED Dell Wide Monitors",Dell,22 Inch,60Hz,1080p FHD,Standard,False,False,False,"Rs 11,999",11999,Used,Kalutara,22-inch-led-dell-wide-monitors-for-sale-kalutara-6,https://ikman.lk/en/ad/22-inch-led-dell-wide-monitors-for-sale-kalutara-6,Smart Choice,True,1 month
6a69ba1eaa60d7ee4c9b149b,"22"" Inch LED Dell Wide Monitors Used",Dell,22 Inch,60Hz,1080p FHD,Standard,False,False,False,"Rs 11,999",11999,Used,Kalutara,22-inch-led-dell-wide-monitors-used-for-sale-kalutara,https://ikman.lk/en/ad/22-inch-led-dell-wide-monitors-used-for-sale-kalutara,Smart Choice,True,1 month
6a69a874f2d5fd1959d91717,"Asus VY249HGR 24"" IPS 120Hz Gaming Monitor",Asus,24 Inch,120Hz,1080p FHD,IPS,False,True,False,"Rs 29,000",29000,Used,Colombo,asus-vy249hgr-24-ips-120hz-gaming-monitor-for-sale-colombo,https://ikman.lk/en/ad/asus-vy249hgr-24-ips-120hz-gaming-monitor-for-sale-colombo,,False,1 month
6a69903cf2d5fd1959d9160a,monitor,Other,Unknown,60Hz,Unknown,Standard,False,False,False,"Rs 15,000",15000,Used,Kurunegala,monitor-for-sale-kurunegala-164,https://ikman.lk/en/ad/monitor-for-sale-kurunegala-164,,False,1 month
6a0422cae8eab1f814b3c6b4,"22"" Inch LED HP Wide Monitor",HP,22 Inch,60Hz,1080p FHD,Standard,False,False,False,"Rs 11,999",11999,Used,Colombo,22-inch-led-hp-wide-monitor-for-sale-colombo,https://ikman.lk/en/ad/22-inch-led-hp-wide-monitor-for-sale-colombo,Smart Choice,True,1 month
6a04229dd6b3032ca38ef9f2,"22"" Inch LED HP Wide Monitor",HP,22 Inch,60Hz,1080p FHD,Standard,False,False,False,"Rs 11,999",11999,Used,Colombo,22-inch-led-hp-wide-monitor-for-sale-colombo-1,https://ikman.lk/en/ad/22-inch-led-hp-wide-monitor-for-sale-colombo-1,Smart Choice,True,1 month
6a0421dfeb868e7f0e36f12e,"22"" Inch LED HP Wide Monitor",HP,22 Inch,60Hz,1080p FHD,Standard,False,False,False,"Rs 11,999",11999,Used,Kalutara,22-inch-led-hp-wide-monitor-for-sale-kalutara-9,https://ikman.lk/en/ad/22-inch-led-hp-wide-monitor-for-sale-kalutara-9,Smart Choice,True,1 month
6a0421cb11ee3860ffe7522b,"22"" Inch LED HP Wide Monitor",HP,22 Inch,60Hz,1080p FHD,Standard,False,False,False,"Rs 11,999",11999,Used,Kalutara,22-inch-led-hp-wide-monitor-for-sale-kalutara-2,https://ikman.lk/en/ad/22-inch-led-hp-wide-monitor-for-sale-kalutara-2,Smart Choice,True,1 month
6a0421bcaff42eadc931fe72,"22"" Inch LED HP Wide Monitor",HP,22 Inch,60Hz,1080p FHD,Standard,False,False,False,"Rs 11,999",11999,Used,Kalutara,22-inch-led-hp-wide-monitor-for-sale-kalutara-3,https://ikman.lk/en/ad/22-inch-led-hp-wide-monitor-for-sale-kalutara-3,Smart Choice,True,1 month
6a68d8ef2e3ff5e4e7da91dd,Lenovo 22 LED FullHD Monitor,Lenovo,22 Inch,60Hz,HD,Standard,False,False,False,"Rs 9,500",9500,Used,Kandy,lenovo-22-led-fullhd-monitor-for-sale-kandy,https://ikman.lk/en/ad/lenovo-22-led-fullhd-monitor-for-sale-kandy,,False,1 month
6a68c680a77c38eaad104f3e,"MSI Pro MP225 E12VL 21.5"" Inch 120HZ FHD Slim Frameless Monitor",MSI,21.5 Inch,120Hz,1080p FHD,Standard,False,False,True,"Rs 24,500",24500,Brand New,Matara,msi-pro-mp225-e12vl-215-inch-120hz-fhd-slim-frameless-monitor-for-sale-matara,https://ikman.lk/en/ad/msi-pro-mp225-e12vl-215-inch-120hz-fhd-slim-frameless-monitor-for-sale-matara,,False,1 month
6a68a44300e5ea4c6be95888,"KOORUI G3221SC 2K 170Hz 90% DCI-P3 32"" Curved Gaming Monitor",Other,32 Inch,170Hz,2K QHD,Standard,True,True,False,"Rs 70,900",70900,Brand New,Colombo,koorui-g3221sc-2k-170hz-90-percent-dci-p3-32-curved-gaming-monitor-for-sale-colombo-2,https://ikman.lk/en/ad/koorui-g3221sc-2k-170hz-90-percent-dci-p3-32-curved-gaming-monitor-for-sale-colombo-2,Computer Store.lk Pvt Ltd,True,1 month
6a689e8ec1a3861ec48039b9,Lenovo Thinkvision 27 Inch IPS FHD HDMI Used Monitor,Lenovo,27 Inch,60Hz,1080p FHD,IPS,False,False,False,"Rs 27,500",27500,Used,Colombo,lenovo-thinkvision-27-inch-ips-fhd-hdmi-used-monitor-for-sale-colombo-6,https://ikman.lk/en/ad/lenovo-thinkvision-27-inch-ips-fhd-hdmi-used-monitor-for-sale-colombo-6,Mdcomputers.lk(Pvt) Ltd,True,1 month
6a689ce159d85f45102ef3cb,Acer 27 Inch Brandnew Monitor,Acer,27 Inch,60Hz,1080p FHD,Standard,False,False,False,"Rs 37,500",37500,Brand New,Colombo,acer-27-inch-brandnew-monitor-for-sale-colombo-1,https://ikman.lk/en/ad/acer-27-inch-brandnew-monitor-for-sale-colombo-1, Laptop Market,True,1 month
6a689bce59d85f45102ef3bd,Atec 27 Inch Full HD LED Used Monitor,Other,27 Inch,60Hz,1080p FHD,Standard,False,False,False,"Rs 21,500",21500,Used,Colombo,atec-27-inch-full-hd-led-used-monitor-for-sale-colombo-20,https://ikman.lk/en/ad/atec-27-inch-full-hd-led-used-monitor-for-sale-colombo-20,Mdcomputers.lk(Pvt) Ltd,True,1 month
6a6899cb0313f21ac080395e,TG 22 Inch Full HD HDMI Used Monitor,Other,22 Inch,60Hz,1080p FHD,Standard,False,False,False,"Rs 12,500",12500,Used,Colombo,tg-22-inch-full-hd-hdmi-used-monitor-for-sale-colombo-1,https://ikman.lk/en/ad/tg-22-inch-full-hd-hdmi-used-monitor-for-sale-colombo-1,Mdcomputers.lk(Pvt) Ltd,True,1 month
6a6894d814e33d1a7ce9581c,Koorui E2712K 27 Inch Full HD 144HZ Gaming Office Monitor,Other,27 Inch,144Hz,2K QHD,Standard,False,True,False,"Rs 43,000",43000,Brand New,Colombo,koorui-e2712k-27-inch-full-hd-144hz-gaming-office-monitor-for-sale-colombo-1,https://ikman.lk/en/ad/koorui-e2712k-27-inch-full-hd-144hz-gaming-office-monitor-for-sale-colombo-1,Mdcomputers.lk(Pvt) Ltd,True,1 month
6a6893baf985a50efb4d6641,MSI Pro MP243L E14 23.8 Inch FHD 144HZ IPS Brand New Monitor,MSI,23.8 Inch,144Hz,1080p FHD,IPS,False,False,False,"Rs 33,500",33500,Brand New,Colombo,msi-pro-mp243l-e14-238-inch-fhd-144hz-ips-brand-new-monitor-for-sale-colombo-8,https://ikman.lk/en/ad/msi-pro-mp243l-e14-238-inch-fhd-144hz-ips-brand-new-monitor-for-sale-colombo-8,Mdcomputers.lk(Pvt) Ltd,True,1 month
6a6891f814e33d1a7ce957fd,"Koorui E2212H , 21.5 Inches 120 Hz, VA Panel Brand New Monitor",Other,21.5 Inch,120Hz,Unknown,VA,False,False,False,"Rs 26,000",26000,Brand New,Colombo,koorui-e2212h-215-inches-120-hz-va-panel-brand-new-monitor-for-sale-colombo-1,https://ikman.lk/en/ad/koorui-e2212h-215-inches-120-hz-va-panel-brand-new-monitor-for-sale-colombo-1,Mdcomputers.lk(Pvt) Ltd,True,1 month
6a688f21f985a50efb4d660f,DAHUA DHI-LM27-E231 27” FHD IPS 165Hz GAMING MONITOR,Other,27 Inch,165Hz,1080p FHD,IPS,False,True,False,"Rs 49,500",49500,Brand New,Colombo,dahua-dhi-lm27-e231-27-fhd-ips-165hz-gaming-monitor-for-sale-colombo-12,https://ikman.lk/en/ad/dahua-dhi-lm27-e231-27-fhd-ips-165hz-gaming-monitor-for-sale-colombo-12,Mdcomputers.lk(Pvt) Ltd,True,1 month
6a6889d2cc2826a314e55925,Falcon – 19” inch LED HDMI Brand New Monitor,Other,19 Inch,60Hz,HD,Standard,False,False,False,"Rs 16,900",16900,Brand New,Colombo,falcon-19-inch-led-hdmi-brand-new-monitor-for-sale-colombo-56,https://ikman.lk/en/ad/falcon-19-inch-led-hdmi-brand-new-monitor-for-sale-colombo-56,Mdcomputers.lk(Pvt) Ltd,True,1 month
6a688896a77c38eaad104d9c,Acer EK251QP6 24.5 inch 144Hz IPS Brand New Montor,Acer,24.5 Inch,144Hz,Unknown,IPS,False,False,False,"Rs 31,990",31990,Brand New,Colombo,acer-ek251qp6-245-inch-144hz-ips-brand-new-montor-for-sale-colombo-12,https://ikman.lk/en/ad/acer-ek251qp6-245-inch-144hz-ips-brand-new-montor-for-sale-colombo-12,Mdcomputers.lk(Pvt) Ltd,True,1 month
6a687f86b408bf050e2ef26f,Koorui E2411K 24 INCH 144HZ IPS FHD Brand New Monitor,Other,24 Inch,144Hz,1080p FHD,IPS,False,False,False,"Rs 33,000",33000,Brand New,Colombo,koorui-e2411k-24-inch-144hz-ips-fhd-brand-new-monitor-for-sale-colombo-3,https://ikman.lk/en/ad/koorui-e2411k-24-inch-144hz-ips-fhd-brand-new-monitor-for-sale-colombo-3,Computer Store.lk Pvt Ltd,True,1 month
6a6877ea3517ccd3d1302970,KOORUI G2411P 24-inch IPS FHD 200Hz Gaming Monitor,Other,24 Inch,200Hz,1080p FHD,IPS,False,True,False,"Rs 39,000",39000,Brand New,Colombo,koorui-g2411p-24-inch-ips-fhd-200hz-gaming-monitor-for-sale-colombo-22,https://ikman.lk/en/ad/koorui-g2411p-24-inch-ips-fhd-200hz-gaming-monitor-for-sale-colombo-22,Computer Store.lk Pvt Ltd,True,1 month
6a687537c2d8aff9abda2a58,"Koorui 22"" E2212H 100HZ 21.5 Inches FHD Brand New Monitor",Other,22 Inch,100Hz,1080p FHD,Standard,False,False,False,"Rs 25,500",25500,Brand New,Colombo,koorui-22-e2212h-100hz-215-inches-fhd-brand-new-monitor-for-sale-colombo-11,https://ikman.lk/en/ad/koorui-22-e2212h-100hz-215-inches-fhd-brand-new-monitor-for-sale-colombo-11,Computer Store.lk Pvt Ltd,True,1 month
6a68640a4debab64e2710d9b,MSI Pro MP245PG E14 23.8″ INCH 144HZ 1MS FHD FRAMELESS MONITOR NEW,MSI,23 Inch,144Hz,1080p FHD,Standard,False,False,True,"Rs 47,500",47500,Brand New,Colombo,msi-pro-mp245pg-e14-238-inch-144hz-1ms-fhd-frameless-monitor-new-for-sale-colombo-12,https://ikman.lk/en/ad/msi-pro-mp245pg-e14-238-inch-144hz-1ms-fhd-frameless-monitor-new-for-sale-colombo-12,Myitem.lk (PVT) Ltd,True,1 month
6a6862dac1a3861ec48037b8,MSI Pro MP245PG E14 23.8″ INCH 144HZ 1MS FHD FRAMELESS MONITOR NEW,MSI,23 Inch,144Hz,1080p FHD,Standard,False,False,True,"Rs 47,500",47500,Brand New,Colombo,msi-pro-mp245pg-e14-238-inch-144hz-1ms-fhd-frameless-monitor-new-for-sale-colombo-11,https://ikman.lk/en/ad/msi-pro-mp245pg-e14-238-inch-144hz-1ms-fhd-frameless-monitor-new-for-sale-colombo-11,Computer Store.lk Pvt Ltd,True,1 month
6a686132c08db8ecef4aac2d,KOORUI G2711P FHD IPS 27INCH 200HZ BRAND NEW GAMING MONITOR,Other,27 Inch,200Hz,1080p FHD,IPS,False,True,False,"Rs 51,500",51500,Brand New,Colombo,koorui-g2711p-fhd-ips-27inch-200hz-brand-new-gaming-monitor-for-sale-colombo-29,https://ikman.lk/en/ad/koorui-g2711p-fhd-ips-27inch-200hz-brand-new-gaming-monitor-for-sale-colombo-29,Myitem.lk (PVT) Ltd,True,1 month
6a6860752323a4d0f926dee6,"MSI Pro MP243L E14 24.5"" Inch 144Hz 1ms FHD IPS Productivity Monitor",MSI,24.5 Inch,144Hz,1080p FHD,IPS,False,False,False,"Rs 33,500",33500,Brand New,Colombo,msi-pro-mp243l-e14-245-inch-144hz-1ms-fhd-ips-productivity-monitor-for-sale-colombo-17,https://ikman.lk/en/ad/msi-pro-mp243l-e14-245-inch-144hz-1ms-fhd-ips-productivity-monitor-for-sale-colombo-17,Computer Store.lk Pvt Ltd,True,1 month
6a685fcd1307191f8be6d7da,"MSI PRO MP225 E12VL 21.5"" Inch 120Hz 1ms FHD Slim Frameless Monitor",MSI,21.5 Inch,120Hz,1080p FHD,Standard,False,False,True,"Rs 26,500",26500,Brand New,Colombo,msi-pro-mp225-e12vl-215-inch-120hz-1ms-fhd-slim-frameless-monitor-for-sale-colombo-21,https://ikman.lk/en/ad/msi-pro-mp225-e12vl-215-inch-120hz-1ms-fhd-slim-frameless-monitor-for-sale-colombo-21,Computer Store.lk Pvt Ltd,True,1 month
6a685b0dc79ba9c4fb710d54,"Monitor 32"" 2K Curved Gaming (2560 × 1440P) QHD | 144HZ",Other,32 Inch,144Hz,2K QHD,Standard,True,True,False,"Rs 55,250",55250,Used,Gampaha,monitor-32-2k-curved-gaming-2560-x-1440p-qhd-144hz-for-sale-gampaha-4,https://ikman.lk/en/ad/monitor-32-2k-curved-gaming-2560-x-1440p-qhd-144hz-for-sale-gampaha-4,ShaTech Zone,True,1 month
6a649737beb7c3401955b650,Acer Nitro KG273 W3 27INCH Gaming-Brand-New Monitor,Acer,27 Inch,60Hz,1080p FHD,Standard,False,True,False,"Rs 50,000",50000,Brand New,Colombo,acer-nitro-kg273-w3-27inch-gaming-brand-new-monitor-for-sale-colombo-1,https://ikman.lk/en/ad/acer-nitro-kg273-w3-27inch-gaming-brand-new-monitor-for-sale-colombo-1,I MAC LK(PVT)LTD,True,1 month
6a649069adc9ee4381517244,Asus Tuf Gaming Vg279 Q3 R BRAND-NEW Monitor,Asus,Unknown,60Hz,Unknown,Standard,False,True,False,"Rs 57,400",57400,Brand New,Colombo,asus-tuf-gaming-vg279-q3-r-brand-new-monitor-for-sale-colombo,https://ikman.lk/en/ad/asus-tuf-gaming-vg279-q3-r-brand-new-monitor-for-sale-colombo,I MAC LK(PVT)LTD,True,1 month
6a6856110b3c108bc354926a,Dell 20” IPS MONITOR,Dell,20 Inch,60Hz,Unknown,IPS,False,False,False,"Rs 9,900",9900,Used,Colombo,dell-20-ips-monitor-for-sale-colombo-4,https://ikman.lk/en/ad/dell-20-ips-monitor-for-sale-colombo-4,Computer House,True,1 month
6a6853de867dc3292304a979,"22"" IPS SLIM MONITOR (1980 x 1080P) - FRAMELESS FHD HDMI",Other,22 Inch,60Hz,1080p FHD,IPS,False,False,True,"Rs 17,450",17450,Used,Gampaha,22-ips-slim-monitor-1980-x-1080p-frameless-fhd-hdmi-for-sale-gampaha,https://ikman.lk/en/ad/22-ips-slim-monitor-1980-x-1080p-frameless-fhd-hdmi-for-sale-gampaha,ShaTech Zone,True,1 month
6a151b6d5270856612b65c17,20” Wide Monitor,Other,20 Inch,60Hz,Unknown,Standard,False,False,False,"Rs 8,500",8500,Used,Colombo,20-wide-monitor-for-sale-colombo-2,https://ikman.lk/en/ad/20-wide-monitor-for-sale-colombo-2,Computer House,True,1 month
6a151b2e5270856612b65c14,19” Wide Monitor,Other,19 Inch,60Hz,Unknown,Standard,False,False,False,"Rs 7,900",7900,Used,Colombo,19-wide-monitor-for-sale-colombo-59,https://ikman.lk/en/ad/19-wide-monitor-for-sale-colombo-59,Computer House,True,1 month
6a684271f3564b2e0f0a8c72,"Asus VY279HGR 27"" Inch Full HD IPS Level 120Hz Adaptive Sync Monitor",Asus,27 Inch,120Hz,1080p FHD,IPS,False,False,False,"Rs 46,000",46000,Brand New,Colombo,asus-vy279hgr-27-inch-full-hd-ips-level-120hz-adaptive-sync-monitor-for-sale-colombo-70,https://ikman.lk/en/ad/asus-vy279hgr-27-inch-full-hd-ips-level-120hz-adaptive-sync-monitor-for-sale-colombo-70,Myitem.lk (PVT) Ltd,True,1 month
6a683349b810a018b7046f2c,"Acer 27"" Full HD Nitro Gaming Monitor - KG273 W3 240Hz Brand New",Acer,27 Inch,240Hz,1080p FHD,Standard,False,True,False,"Rs 49,500",49500,Brand New,Colombo,acer-27-full-hd-nitro-gaming-monitor-kg273-w3-240hz-brand-new-for-sale-colombo-63,https://ikman.lk/en/ad/acer-27-full-hd-nitro-gaming-monitor-kg273-w3-240hz-brand-new-for-sale-colombo-63,Myitem.lk (PVT) Ltd,True,1 month
6a682d8ab810a018b7046ed1,"ViewSonic VA2432A-H 24"" Inch Full HD IPS 120HZ Frameless Monitor New",Viewsonic,24 Inch,120Hz,1080p FHD,IPS,False,False,True,"Rs 35,500",35500,Brand New,Colombo,viewsonic-va2432a-h-24-inch-full-hd-ips-120hz-frameless-monitor-new-for-sale-colombo-88,https://ikman.lk/en/ad/viewsonic-va2432a-h-24-inch-full-hd-ips-120hz-frameless-monitor-new-for-sale-colombo-88,Myitem.lk (PVT) Ltd,True,1 month
6a68095ec08db8ecef4aa82b,HP 24' Inch Rotate Monitor,HP,24 Inch,60Hz,1080p FHD,Standard,False,False,False,"Rs 15,500",15500,Used,Colombo,hp-24-inch-rotate-monitor-for-sale-colombo-1,https://ikman.lk/en/ad/hp-24-inch-rotate-monitor-for-sale-colombo-1,,False,1 month
6a679fa5b990fca685e02fed,Viewsonic Display Monitor 22 Inch,Viewsonic,22 Inch,60Hz,1080p FHD,Standard,False,False,False,"Rs 15,000",15000,Used,Colombo,viewsonic-display-monitor-sale-for-sale-colombo,https://ikman.lk/en/ad/viewsonic-display-monitor-sale-for-sale-colombo,,False,1 month
6a677d1df7ee454c05ce7007,"32"" 2K Curved Gaming Monitor (2560 × 1440P) QHD | 144HZ",Other,32 Inch,144Hz,2K QHD,Standard,True,True,False,"Rs 55,250",55250,Used,Matara,32-2k-curved-gaming-monitor-2560-x-1440p-qhd-144hz-for-sale-matara,https://ikman.lk/en/ad/32-2k-curved-gaming-monitor-2560-x-1440p-qhd-144hz-for-sale-matara,ShaTech Zone,True,1 month
6a6721148ae47e521af40479,"Asus VY249HGR 24"" IPS 1080P 120HZ",Asus,24 Inch,120Hz,1080p FHD,IPS,False,False,False,"Rs 30,000",30000,Used,Gampaha,asus-vy249hgr-24-ips-1080p-120hz-for-sale-gampaha-1,https://ikman.lk/en/ad/asus-vy249hgr-24-ips-1080p-120hz-for-sale-gampaha-1,,False,1 month
6a6755920e939ce36f3f31be,"Samsung F24T450FQE 24"" Inch Full HD IPS Frameless HDMI Used Monitor",Samsung,24 Inch,60Hz,1080p FHD,IPS,False,False,True,"Rs 21,990",21990,Used,Colombo,samsung-f24t450fqe-24-inch-full-hd-ips-frameless-hdmi-used-monitor-for-sale-colombo-52,https://ikman.lk/en/ad/samsung-f24t450fqe-24-inch-full-hd-ips-frameless-hdmi-used-monitor-for-sale-colombo-52,Computer Store.lk Pvt Ltd,True,1 month
6a67555b83a822a3d5d57a6b,Dell UltraSharp U2417H IPS Ful HD Frameless used Monitor,Dell,Unknown,60Hz,HD,IPS,False,False,True,"Rs 26,500",26500,Used,Colombo,dell-ultrasharp-u2417h-ips-ful-hd-frameless-used-monitor-for-sale-colombo-7,https://ikman.lk/en/ad/dell-ultrasharp-u2417h-ips-ful-hd-frameless-used-monitor-for-sale-colombo-7,Computer Store.lk Pvt Ltd,True,1 month
6a675437e93150f009b2a75e,"Dell P2319H 23"" Inch IPS Frameless Full HD HDMI Used Monitor",Dell,23 Inch,60Hz,1080p FHD,IPS,False,False,True,"Rs 20,500",20500,Used,Colombo,dell-p2319h-23-inch-ips-frameless-full-hd-hdmi-used-monitor-for-sale-colombo-31,https://ikman.lk/en/ad/dell-p2319h-23-inch-ips-frameless-full-hd-hdmi-used-monitor-for-sale-colombo-31,Computer Store.lk Pvt Ltd,True,1 month
6a6753a1259c78ca62f406fb,"HP Z23N IPS Frameless HDMI Monitor 23""",HP,23 Inch,60Hz,HD,IPS,False,False,True,"Rs 20,500",20500,Used,Colombo,hp-z23n-ips-frameless-hdmi-monitor-23-for-sale-colombo-7,https://ikman.lk/en/ad/hp-z23n-ips-frameless-hdmi-monitor-23-for-sale-colombo-7,Computer Store.lk Pvt Ltd,True,1 month
6a675316b169484308b2a798,HP E243 Frameless Ips Monitor Elite Display 24″,HP,24 Inch,60Hz,1080p FHD,IPS,False,False,True,"Rs 23,000",23000,Used,Colombo,hp-e243-frameless-ips-monitor-elite-display-24-for-sale-colombo-6,https://ikman.lk/en/ad/hp-e243-frameless-ips-monitor-elite-display-24-for-sale-colombo-6,Computer Store.lk Pvt Ltd,True,1 month
6a6726b42c45a9785f375fb4,"RANDOM BRAND USED MONITORS WITHOUT BASE (STAND) 24""",Other,24 Inch,60Hz,1080p FHD,Standard,False,False,False,"Rs 10,000",10000,Used,Colombo,random-brand-used-monitors-without-base-stand-24-for-sale-colombo-1,https://ikman.lk/en/ad/random-brand-used-monitors-without-base-stand-24-for-sale-colombo-1,Computer Store.lk Pvt Ltd,True,1 month
6a6750eb012b066b5022aa8b,"Acer EK251 25"" Inch 144HZ IPS HDMI Frameless Gaming Monitor New",Acer,25 Inch,144Hz,HD,IPS,False,True,True,"Rs 31,990",31990,Brand New,Colombo,acer-ek251-25-inch-144hz-ips-hdmi-frameless-gaming-monitor-new-for-sale-colombo-6,https://ikman.lk/en/ad/acer-ek251-25-inch-144hz-ips-hdmi-frameless-gaming-monitor-new-for-sale-colombo-6,Myitem.lk (PVT) Ltd,True,1 month
6a674434012b066b5022aa1f,ASUS VA259HGA Eye Care Gaming Monitor – 25-inch,Asus,25 Inch,60Hz,Unknown,Standard,False,True,False,"Rs 36,500",36500,Brand New,Colombo,asus-va259hga-eye-care-gaming-monitor-25-inch-for-sale-colombo-9,https://ikman.lk/en/ad/asus-va259hga-eye-care-gaming-monitor-25-inch-for-sale-colombo-9,I MAC LK (PVT) LTD,True,1 month
6a674398ea3ea79818a5c30e,Acer Nitro KG273 W3 27 Inch Gaming Monitor,Acer,27 Inch,60Hz,1080p FHD,Standard,False,True,False,"Rs 50,000",50000,Brand New,Colombo,acer-nitro-kg273-w3-27-inch-gaming-monitor-for-sale-colombo-1,https://ikman.lk/en/ad/acer-nitro-kg273-w3-27-inch-gaming-monitor-for-sale-colombo-1,I MAC LK (PVT) LTD,True,1 month
6a67423a0e939ce36f3f3117,"Dell P2319H 23"" inch Full HD IPS HDMI Frameless Used Monitor (No Cables)",Dell,23 Inch,60Hz,1080p FHD,IPS,False,False,True,"Rs 20,500",20500,Used,Colombo,dell-p2319h-23-inch-full-hd-ips-hdmi-frameless-used-monitor-no-cables-for-sale-colombo-45,https://ikman.lk/en/ad/dell-p2319h-23-inch-full-hd-ips-hdmi-frameless-used-monitor-no-cables-for-sale-colombo-45,Myitem.lk (PVT) Ltd,True,1 month
6a672eac063fd36e88b3f1e3,MSI Pro MP273 E14A 27 Inch 144HZ 1MS FHD IPS Productivity Monitor New,MSI,27 Inch,144Hz,1080p FHD,IPS,False,False,False,"Rs 51,500",51500,Brand New,Colombo,msi-pro-mp273-e14a-27-inch-144hz-1ms-fhd-ips-productivity-monitor-new-for-sale-colombo-97,https://ikman.lk/en/ad/msi-pro-mp273-e14a-27-inch-144hz-1ms-fhd-ips-productivity-monitor-new-for-sale-colombo-97,Myitem.lk (PVT) Ltd,True,1 month
6a6726db0e939ce36f3f3018,"24"" Wide LED Monitor",Other,24 Inch,60Hz,1080p FHD,Standard,False,False,False,"Rs 14,900",14900,Used,Colombo,24-wide-led-monitor-for-sale-colombo-13,https://ikman.lk/en/ad/24-wide-led-monitor-for-sale-colombo-13,PC Cart Express Maharagama,True,1 month
6a6726b45e549c3b86625147,"24"" Wide LED Monitor",Other,24 Inch,60Hz,1080p FHD,Standard,False,False,False,"Rs 14,900",14900,Used,Colombo,24-wide-led-monitor-for-sale-colombo-12,https://ikman.lk/en/ad/24-wide-led-monitor-for-sale-colombo-12,PC Cart Kesbewa ,True,1 month
6a6726a86c533bb0b4df412a,"RANDOM BRAND USED MONITORS WITHOUT BASE (STAND) 22""",Other,22 Inch,60Hz,1080p FHD,Standard,False,False,False,"Rs 7,500",7500,Used,Colombo,random-brand-used-monitors-without-base-stand-22-for-sale-colombo-1,https://ikman.lk/en/ad/random-brand-used-monitors-without-base-stand-22-for-sale-colombo-1,Computer Store.lk Pvt Ltd,True,1 month
6a67262a259c78ca62f40572,"SAMSUNG 27"" S27C450B LED Monitor",Samsung,27 Inch,60Hz,1080p FHD,Standard,False,False,False,"Rs 20,000",20000,Used,Colombo,samsung-27-s27c450b-led-monitor-for-sale-colombo-3,https://ikman.lk/en/ad/samsung-27-s27c450b-led-monitor-for-sale-colombo-3,PC Cart Express Maharagama,True,1 month
6a672606d7cb1cc6d9375f86,"SAMSUNG 27"" S27C450B LED Monitor",Samsung,27 Inch,60Hz,1080p FHD,Standard,False,False,False,"Rs 20,000",20000,Used,Colombo,samsung-27-s27c450b-led-monitor-for-sale-colombo-2,https://ikman.lk/en/ad/samsung-27-s27c450b-led-monitor-for-sale-colombo-2,PC Cart Kesbewa ,True,1 month
6a67258a64a195ef053b4474,"HP EliteDisplay E24 G4 24"" Inch Frameless IPS LED Monitor",HP,24 Inch,60Hz,1080p FHD,IPS,False,False,True,"Rs 26,500",26500,Used,Colombo,hp-elitedisplay-e24-g4-24-inch-frameless-ips-led-monitor-for-sale-colombo-3,https://ikman.lk/en/ad/hp-elitedisplay-e24-g4-24-inch-frameless-ips-led-monitor-for-sale-colombo-3,PC Cart Express Maharagama,True,1 month
6a672567d7cb1cc6d9375f7a,"HP EliteDisplay E24 G4 24"" Inch Frameless IPS LED Monitor",HP,24 Inch,60Hz,1080p FHD,IPS,False,False,True,"Rs 26,500",26500,Used,Colombo,hp-elitedisplay-e24-g4-24-inch-frameless-ips-led-monitor-for-sale-colombo-2,https://ikman.lk/en/ad/hp-elitedisplay-e24-g4-24-inch-frameless-ips-led-monitor-for-sale-colombo-2,PC Cart Kesbewa ,True,1 month
6a67250549e44b6a99df408e,"19"" Square LED Monitor",Other,19 Inch,60Hz,Unknown,Standard,False,False,False,"Rs 7,900",7900,Used,Colombo,19-square-led-monitor-for-sale-colombo-1,https://ikman.lk/en/ad/19-square-led-monitor-for-sale-colombo-1,PC Cart Express Maharagama,True,1 month
6a6724dd8b89e0782888ce7a,"19"" Square LED Monitor",Other,19 Inch,60Hz,Unknown,Standard,False,False,False,"Rs 7,900",7900,Used,Colombo,19-square-led-monitor-for-sale-colombo,https://ikman.lk/en/ad/19-square-led-monitor-for-sale-colombo,PC Cart Kesbewa ,True,1 month
6a6723c149e44b6a99df4083,"RANDOM BRAND USED MONITORS WITHOUT BASE (STAND) 19"" 20"" 22"" & 24""",Other,19 Inch,60Hz,Unknown,Standard,False,False,False,"Rs 5,000",5000,Used,Colombo,random-brand-used-monitors-without-base-stand-19-20-22-and-24-for-sale-colombo-1,https://ikman.lk/en/ad/random-brand-used-monitors-without-base-stand-19-20-22-and-24-for-sale-colombo-1,Computer Store.lk Pvt Ltd,True,1 month
6a671d0e2f1a65a3997b954e,32 Inch Samsung IPS HDMI 2K Used Monitor,Samsung,32 Inch,60Hz,2K QHD,IPS,False,False,False,"Rs 39,000",39000,Used,Colombo,32-inch-samsung-ips-hdmi-2k-used-monitor-for-sale-colombo-7,https://ikman.lk/en/ad/32-inch-samsung-ips-hdmi-2k-used-monitor-for-sale-colombo-7,Mdcomputers.lk(Pvt) Ltd,True,1 month
6a671c616121ecf2f43f2fe2,27 Inch Dell P2714HC IPS LED Used Monitor,Dell,27 Inch,60Hz,1080p FHD,IPS,False,False,False,"Rs 28,000",28000,Used,Colombo,27-inch-dell-p2714hc-ips-led-used-monitor-for-sale-colombo-16,https://ikman.lk/en/ad/27-inch-dell-p2714hc-ips-led-used-monitor-for-sale-colombo-16,Mdcomputers.lk(Pvt) Ltd,True,1 month
6a671867ff6b4c767b6250d8,24 Inch Dell P2422HE IPS Frameless Used Type-C FHD Monitor,Dell,24 Inch,60Hz,1080p FHD,IPS,False,False,True,"Rs 27,500",27500,Used,Colombo,24-inch-dell-p2422he-ips-frameless-used-type-c-fhd-monitor-for-sale-colombo-6,https://ikman.lk/en/ad/24-inch-dell-p2422he-ips-frameless-used-type-c-fhd-monitor-for-sale-colombo-6,Mdcomputers.lk(Pvt) Ltd,True,1 month
6a6712b6259c78ca62f40496,27 Inch Lenovo Thinkvision IPS FHD HDMI Used Monitor,Lenovo,27 Inch,60Hz,1080p FHD,IPS,False,False,False,"Rs 27,500",27500,Used,Colombo,27-inch-lenovo-thinkvision-ips-fhd-hdmi-used-monitor-for-sale-colombo-32,https://ikman.lk/en/ad/27-inch-lenovo-thinkvision-ips-fhd-hdmi-used-monitor-for-sale-colombo-32,Mdcomputers.lk(Pvt) Ltd,True,1 month
6a670e918b89e0782888cda6,Vika 22” 75 Hz Frameless Hdmi Monitor,Other,22 Inch,75Hz,HD,Standard,False,False,True,"Rs 22,900",22900,Brand New,Colombo,vika-22-75-hz-frameless-hdmi-monitor-for-sale-colombo-1,https://ikman.lk/en/ad/vika-22-75-hz-frameless-hdmi-monitor-for-sale-colombo-1,Computer House,True,1 month
6a670e508ae47e521af403bc,Vika 22” 75 Hz Led Full Hd Hdmi Monitor,Other,22 Inch,75Hz,1080p FHD,Standard,False,False,False,"Rs 21,900",21900,Brand New,Colombo,vika-22-75-hz-led-full-hd-hdmi-monitor-for-sale-colombo-1,https://ikman.lk/en/ad/vika-22-75-hz-led-full-hd-hdmi-monitor-for-sale-colombo-1,Computer House,True,1 month
6a670a7dd7cb1cc6d9375e9d,NEC AS192WM Monitor - 19 Inch Wide Angle,Other,19 Inch,60Hz,Unknown,Standard,False,False,False,"Rs 7,500",7500,Used,Colombo,nec-as192wm-monitor-19-inch-wide-angle-for-sale-colombo,https://ikman.lk/en/ad/nec-as192wm-monitor-19-inch-wide-angle-for-sale-colombo,,False,1 month
6a6709fe2c45a9785f375ed0,Samsung 24” 75 Hz Ips Frameless Hdmi Monitor,Samsung,24 Inch,75Hz,HD,IPS,False,False,True,"Rs 21,900",21900,Used,Colombo,samsung-24-75-hz-ips-frameless-hdmi-monitor-for-sale-colombo-1,https://ikman.lk/en/ad/samsung-24-75-hz-ips-frameless-hdmi-monitor-for-sale-colombo-1,Computer House,True,1 month
6a670874259c78ca62f40433,27 Inch Atec Full HD LED Used Monitor,Other,27 Inch,60Hz,1080p FHD,Standard,False,False,False,"Rs 21,500",21500,Used,Colombo,27-inch-atec-full-hd-led-used-monitor-for-sale-colombo-68,https://ikman.lk/en/ad/27-inch-atec-full-hd-led-used-monitor-for-sale-colombo-68,Mdcomputers.lk(Pvt) Ltd,True,1 month
6a670868e146154542170a7f,Samsung 20” Wide Lcd Monitor,Samsung,20 Inch,60Hz,Unknown,Standard,False,False,False,"Rs 8,900",8900,Used,Colombo,samsung-20-wide-lcd-monitor-for-sale-colombo,https://ikman.lk/en/ad/samsung-20-wide-lcd-monitor-for-sale-colombo,Computer House,True,1 month
6a6708530e939ce36f3f2ed0,Brand New Acer Vero Series CB272 P6BMIPRX 144HZ Full HD Monitor,Acer,Unknown,144Hz,1080p FHD,Standard,False,False,False,"Rs 44,990",44990,Brand New,Colombo,brand-new-acer-vero-series-cb272-p6bmiprx-144hz-full-hd-monitor-for-sale-colombo-67,https://ikman.lk/en/ad/brand-new-acer-vero-series-cb272-p6bmiprx-144hz-full-hd-monitor-for-sale-colombo-67,Myitem.lk (PVT) Ltd,True,1 month
6a6706f9e146154542170a6f,Samsung 19” Wide Lcd Monitor,Samsung,19 Inch,60Hz,Unknown,Standard,False,False,False,"Rs 7,900",7900,Used,Colombo,samsung-19-wide-lcd-monitor-for-sale-colombo,https://ikman.lk/en/ad/samsung-19-wide-lcd-monitor-for-sale-colombo,Computer House,True,1 month
6a67068994d9640c5f3b4385,Lucoms 19” Wide Lcd Monitor,Other,19 Inch,60Hz,Unknown,Standard,False,False,False,"Rs 7,500",7500,Used,Colombo,lucoms-19-wide-lcd-monitor-for-sale-colombo,https://ikman.lk/en/ad/lucoms-19-wide-lcd-monitor-for-sale-colombo,Computer House,True,1 month
6a6704d4aa36e08672a5bee6,19” Wide Lcd Monitor,Other,19 Inch,60Hz,Unknown,Standard,False,False,False,"Rs 7,500",7500,Used,Colombo,19-wide-lcd-monitor-for-sale-colombo-25,https://ikman.lk/en/ad/19-wide-lcd-monitor-for-sale-colombo-25,Computer House,True,1 month
6a6702a35289e22a3a375e6e,"KOORUI 27"" E2721H QHD IPS 120HZ 2K BRAND NEW GAMING MONITOR",Other,27 Inch,120Hz,2K QHD,IPS,False,True,False,"Rs 52,500",52500,Brand New,Colombo,koorui-27-e2721h-qhd-ips-120hz-2k-brand-new-gaming-monitor-for-sale-colombo-2,https://ikman.lk/en/ad/koorui-27-e2721h-qhd-ips-120hz-2k-brand-new-gaming-monitor-for-sale-colombo-2,Myitem.lk (PVT) Ltd,True,1 month
6a66ffbcdb0da6ae2d7b93d7,Samsung 17” LCD Monitor,Samsung,Unknown,60Hz,Unknown,Standard,False,False,False,"Rs 5,900",5900,Used,Colombo,samsung-17-lcd-monitor-for-sale-colombo,https://ikman.lk/en/ad/samsung-17-lcd-monitor-for-sale-colombo,Computer House,True,1 month
6a66fd73fa708936da7b940a,Samsung 19” Square Monitor,Samsung,19 Inch,60Hz,Unknown,Standard,False,False,False,"Rs 6,500",6500,Used,Colombo,samsung-19-square-monitor-for-sale-colombo-1,https://ikman.lk/en/ad/samsung-19-square-monitor-for-sale-colombo-1,Computer House,True,1 month
6a66f98916335c54cbcb12e9,"24"" IPS Gaming Monitor Asus (New) Eye Care - 120HZ|Frameless|1ms (MPRT)",Asus,24 Inch,120Hz,1080p FHD,IPS,False,True,True,"Rs 32,950",32950,Brand New,Gampaha,24-ips-gaming-monitor-asus-new-eye-care-120hzframeless1ms-mprt-for-sale-gampaha,https://ikman.lk/en/ad/24-ips-gaming-monitor-asus-new-eye-care-120hzframeless1ms-mprt-for-sale-gampaha,ShaTech Zone,True,1 month
6a66f8912c45a9785f375dfc,"MONITOR 22"" IPS 60Hz (1980 x 1080P) - SLIM FHD HDMI FRAMELESS",Other,22 Inch,60Hz,1080p FHD,IPS,False,False,True,"Rs 17,450",17450,Used,Gampaha,monitor-22-ips-60hz-1980-x-1080p-slim-fhd-hdmi-frameless-for-sale-gampaha,https://ikman.lk/en/ad/monitor-22-ips-60hz-1980-x-1080p-slim-fhd-hdmi-frameless-for-sale-gampaha,ShaTech Zone,True,1 month
6a66f804e1461545421709bf,"Acer EK271 27"" Inch 144Hz IPS HDMI Frameless Gaming Monitor",Acer,27 Inch,144Hz,HD,IPS,False,True,True,"Rs 35,990",35990,Brand New,Colombo,acer-ek271-27-inch-144hz-ips-hdmi-frameless-gaming-monitor-for-sale-colombo-76,https://ikman.lk/en/ad/acer-ek271-27-inch-144hz-ips-hdmi-frameless-gaming-monitor-for-sale-colombo-76,Max Core PC,True,1 month
6a66f7a149e44b6a99df3f06,"Acer EK251 P6BI 25"" Inch 144Hz IPS HDMI Frameless Gaming Monitor",Acer,25 Inch,144Hz,HD,IPS,False,True,True,"Rs 31,500",31500,Brand New,Colombo,acer-ek251-p6bi-25-inch-144hz-ips-hdmi-frameless-gaming-monitor-for-sale-colombo-40,https://ikman.lk/en/ad/acer-ek251-p6bi-25-inch-144hz-ips-hdmi-frameless-gaming-monitor-for-sale-colombo-40,Max Core PC,True,1 month
6a66f5ca7ae28fe8ffcb12c4,Acer 27 Inch Brandnew Monitors (144Hz),Acer,27 Inch,144Hz,1080p FHD,Standard,False,False,False,"Rs 37,500",37500,Brand New,Colombo,acer-27-inch-brandnew-monitors-144hz-for-sale-colombo-42,https://ikman.lk/en/ad/acer-27-inch-brandnew-monitors-144hz-for-sale-colombo-42, Laptop Market,True,1 month
6a66f56a259c78ca62f4032c,MSI Pro MP245PG E14 23.8″ INCH 144HZ 1MS FHD FRAMELESS MONITOR NEW,MSI,23 Inch,144Hz,1080p FHD,Standard,False,False,True,"Rs 47,500",47500,Brand New,Colombo,msi-pro-mp245pg-e14-238-inch-144hz-1ms-fhd-frameless-monitor-new-for-sale-colombo-10,https://ikman.lk/en/ad/msi-pro-mp245pg-e14-238-inch-144hz-1ms-fhd-frameless-monitor-new-for-sale-colombo-10,Max Core PC,True,1 month
6a66f3ca5289e22a3a375dc5,"MSI Pro MP225 E12VL 21.5"" Inch 120HZ FHD Slim Frameless Monitor",MSI,21.5 Inch,120Hz,1080p FHD,Standard,False,False,True,"Rs 26,500",26500,Brand New,Colombo,msi-pro-mp225-e12vl-215-inch-120hz-fhd-slim-frameless-monitor-for-sale-colombo-4,https://ikman.lk/en/ad/msi-pro-mp225-e12vl-215-inch-120hz-fhd-slim-frameless-monitor-for-sale-colombo-4,Max Core PC,True,1 month
6a66f38ee146154542170982,"MSI Pro MP243L E14 24.5"" Inch 144Hz 1ms FHD IPS Monitor",MSI,24.5 Inch,144Hz,1080p FHD,IPS,False,False,False,"Rs 33,500",33500,Brand New,Colombo,msi-pro-mp243l-e14-245-inch-144hz-1ms-fhd-ips-monitor-for-sale-colombo-3,https://ikman.lk/en/ad/msi-pro-mp243l-e14-245-inch-144hz-1ms-fhd-ips-monitor-for-sale-colombo-3,Max Core PC,True,1 month
6a66ea186121ecf2f43f2d83,"Samsung 24"" Inch Full HD IPS Frameless HDMI Gaming Used Monitor",Samsung,24 Inch,60Hz,1080p FHD,IPS,False,True,True,"Rs 22,000",22000,Used,Colombo,samsung-24-inch-full-hd-ips-frameless-hdmi-gaming-used-monitor-for-sale-colombo-51,https://ikman.lk/en/ad/samsung-24-inch-full-hd-ips-frameless-hdmi-gaming-used-monitor-for-sale-colombo-51,Myitem.lk (PVT) Ltd,True,1 month
6a66e25ed7cb1cc6d9375cd8,HP Monitor,HP,Unknown,60Hz,Unknown,Standard,False,False,False,"Rs 12,500",12500,Used,Gampaha,mudl-hdissiyktt-for-sale-gampaha-7,https://ikman.lk/en/ad/mudl-hdissiyktt-for-sale-gampaha-7,,False,1 month
6a66e369db0da6ae2d7b9251,"MSI PRO MP225 E12VL 21.5"" Inch 120Hz 1ms FHD Slim Frameless Monitor",MSI,21.5 Inch,120Hz,1080p FHD,Standard,False,False,True,"Rs 27,500",27500,Brand New,Colombo,msi-pro-mp225-e12vl-215-inch-120hz-1ms-fhd-slim-frameless-monitor-for-sale-colombo-20,https://ikman.lk/en/ad/msi-pro-mp225-e12vl-215-inch-120hz-1ms-fhd-slim-frameless-monitor-for-sale-colombo-20,Myitem.lk (PVT) Ltd,True,1 month
6a66e1d6e1461545421708a8,"Acer EK271 27"" Inch 144Hz IPS HDMI Frameless Gaming Monitor",Acer,27 Inch,144Hz,HD,IPS,False,True,True,"Rs 37,000",37000,Brand New,Colombo,acer-ek271-27-inch-144hz-ips-hdmi-frameless-gaming-monitor-for-sale-colombo-75,https://ikman.lk/en/ad/acer-ek271-27-inch-144hz-ips-hdmi-frameless-gaming-monitor-for-sale-colombo-75,Myitem.lk (PVT) Ltd,True,1 month
6a66e0fd2d5bd59b6076aff4,Asus TUF Gaming VG279QE5A 27″ FHD IPS 146HZ Monitor,Asus,27 Inch,146Hz,1080p FHD,IPS,False,True,False,"Rs 46,500",46500,Brand New,Colombo,asus-tuf-gaming-vg279qe5a-27-fhd-ips-146hz-monitor-for-sale-colombo-59,https://ikman.lk/en/ad/asus-tuf-gaming-vg279qe5a-27-fhd-ips-146hz-monitor-for-sale-colombo-59,Myitem.lk (PVT) Ltd,True,1 month
6a66db312d5bd59b6076afab,"Emark 24"" EW2427SH 144Hz IPS Full HD Frameless Gaming Monitor",Other,24 Inch,144Hz,1080p FHD,IPS,False,True,True,"Rs 29,990",29990,Brand New,Colombo,emark-24-ew2427sh-144hz-ips-full-hd-frameless-gaming-monitor-for-sale-colombo-32,https://ikman.lk/en/ad/emark-24-ew2427sh-144hz-ips-full-hd-frameless-gaming-monitor-for-sale-colombo-32,Myitem.lk (PVT) Ltd,True,1 month
6a17b61d234345504831c316,Dell 24’inch P2422H Frameless IPS Monitor,Dell,24 Inch,60Hz,1080p FHD,IPS,False,False,True,"Rs 23,500",23500,Used,Colombo,dell-24inch-p2422h-frameless-ips-monitor-for-sale-colombo-1,https://ikman.lk/en/ad/dell-24inch-p2422h-frameless-ips-monitor-for-sale-colombo-1,PC TECH COMPUTER,True,1 month
6a66683930ff36b0f2dcc727,E-Mark EW2427SH Brand New (144HZ) Frameless Monitor,Other,Unknown,144Hz,Unknown,Standard,False,False,True,"Rs 30,000",30000,Brand New,Colombo,e-mark-ew2427sh-brand-new-144hz-frameless-monitor-for-sale-colombo-1,https://ikman.lk/en/ad/e-mark-ew2427sh-brand-new-144hz-frameless-monitor-for-sale-colombo-1,PC TECH COMPUTER,True,1 month
68b9ddb216e43834e4db6b07,Dell 22’ inch IPS Full HD Frameless Monitor,Dell,22 Inch,60Hz,1080p FHD,IPS,False,False,True,"Rs 16,900",16900,Used,Colombo,dell-22-inch-ips-full-hd-frameless-monitor-for-sale-colombo,https://ikman.lk/en/ad/dell-22-inch-ips-full-hd-frameless-monitor-for-sale-colombo,PC TECH COMPUTER,True,1 month
68552116cb80d0003690762e,"22"" Inch LED Dell Wide Monitors",Dell,22 Inch,60Hz,1080p FHD,Standard,False,False,False,"Rs 11,999",11999,Used,Kalutara,22-inch-led-dell-wide-monitors-for-sale-kalutara-1,https://ikman.lk/en/ad/22-inch-led-dell-wide-monitors-for-sale-kalutara-1,Smart Choice,True,1 month
6855210c3295f2001ba3c64e,"22"" Inch LED Dell Wide Monitors",Dell,22 Inch,60Hz,1080p FHD,Standard,False,False,False,"Rs 11,999",11999,Used,Kalutara,22-inch-led-dell-wide-monitors-for-sale-kalutara-2,https://ikman.lk/en/ad/22-inch-led-dell-wide-monitors-for-sale-kalutara-2,Smart Choice,True,1 month
685525353905bc001bf3f260,"22"" Inch LED Dell Wide Monitors -5",Dell,22 Inch,60Hz,1080p FHD,Standard,False,False,False,"Rs 11,999",11999,Used,Kalutara,22-inch-led-dell-wide-monitors-5-for-sale-kalutara,https://ikman.lk/en/ad/22-inch-led-dell-wide-monitors-5-for-sale-kalutara,Smart Choice,True,1 month
6855245c745b4800190dfea0,"22"" Inch LED Dell Wide Monitors",Dell,22 Inch,60Hz,1080p FHD,Standard,False,False,False,"Rs 11,999",11999,Used,Kalutara,22-inch-led-dell-wide-monitors-for-sale-kalutara,https://ikman.lk/en/ad/22-inch-led-dell-wide-monitors-for-sale-kalutara,Smart Choice,True,1 month
6a660559b73f6d765c9266c3,"27"" IPS MONITOR + WEBCAM (1980 x 1080P) FRAMELESS FHD HDMI",Other,27 Inch,60Hz,1080p FHD,IPS,False,False,True,"Rs 30,450",30450,Used,Colombo,27-ips-monitor-webcam-1980-x-1080p-frameless-fhd-hdmi-for-sale-colombo,https://ikman.lk/en/ad/27-ips-monitor-webcam-1980-x-1080p-frameless-fhd-hdmi-for-sale-colombo,ShaTech Zone,True,1 month
6a65f12e5a0a38fc2e0e9d7d,Dell P2422HE 24 Inch IPS Frameless Used Type-C FHD Monitor,Dell,24 Inch,60Hz,1080p FHD,IPS,False,False,True,"Rs 27,500",27500,Used,Colombo,dell-p2422he-24-inch-ips-frameless-used-type-c-fhd-monitor-for-sale-colombo-3,https://ikman.lk/en/ad/dell-p2422he-24-inch-ips-frameless-used-type-c-fhd-monitor-for-sale-colombo-3,Mdcomputers.lk(Pvt) Ltd,True,1 month
6a65ef0db54980008c7b4d70,ATEC 27 INCH FULL HD LED USED MONITOR,Other,27 Inch,60Hz,1080p FHD,Standard,False,False,False,"Rs 21,500",21500,Used,Colombo,atec-27-inch-full-hd-led-used-monitor-for-sale-colombo-16,https://ikman.lk/en/ad/atec-27-inch-full-hd-led-used-monitor-for-sale-colombo-16,Mdcomputers.lk(Pvt) Ltd,True,1 month
6a65ee1320947df9c385c675,Lenovo Thinkvision 27 Inch IPS FHD HDMI Used Monitor,Lenovo,27 Inch,60Hz,1080p FHD,IPS,False,False,False,"Rs 27,500",27500,Used,Colombo,lenovo-thinkvision-27-inch-ips-fhd-hdmi-used-monitor-for-sale-colombo-7,https://ikman.lk/en/ad/lenovo-thinkvision-27-inch-ips-fhd-hdmi-used-monitor-for-sale-colombo-7,Mdcomputers.lk(Pvt) Ltd,True,1 month
6a65d751f7fdc04f67f0da38,Monitor,Other,Unknown,60Hz,Unknown,Standard,False,False,False,"Rs 12,500",12500,Used,Gampaha,mil-gnn-saakcchaa-krgt-haekii-for-sale-gampaha,https://ikman.lk/en/ad/mil-gnn-saakcchaa-krgt-haekii-for-sale-gampaha,,False,1 month
6a65d05d545fbb84b7b334e2,Dell 22 inch ips Framed Monitor,Dell,22 Inch,60Hz,1080p FHD,IPS,False,False,False,"Rs 11,500",11500,Used,Kandy,dell-22-inch-ips-framed-monitor-for-sale-kandy,https://ikman.lk/en/ad/dell-22-inch-ips-framed-monitor-for-sale-kandy,,False,1 month
69f8560d7e42fcd1492c9bb8,"Dell Vostro 3910 19"" D1918H Monitor",Dell,19 Inch,60Hz,Unknown,Standard,False,False,False,"Rs 20,000",20000,Brand New,Colombo,dell-vostro-3910-19-d1918h-monitor-for-sale-colombo,https://ikman.lk/en/ad/dell-vostro-3910-19-d1918h-monitor-for-sale-colombo,PC Cart Kesbewa ,True,1 month
6a65d101520c43673d10f31c,"KOORUI E2212F 1080p 100Hz 22"" inch Monitor",Other,22 Inch,100Hz,1080p FHD,Standard,False,False,False,"Rs 20,000",20000,Used,Gampaha,koorui-e2212f-1080p-100hz-22-inch-monitor-for-sale-gampaha,https://ikman.lk/en/ad/koorui-e2212f-1080p-100hz-22-inch-monitor-for-sale-gampaha,,False,1 month
6a65b284881520a82a10f24c,"Monitor Curved 32"" 2K Gaming (2560 × 1440) QHD | 144HZ",Other,32 Inch,144Hz,2K QHD,Standard,True,True,False,"Rs 55,250",55250,Used,Colombo,monitor-curved-32-2k-gaming-2560-x-1440-qhd-144hz-for-sale-colombo,https://ikman.lk/en/ad/monitor-curved-32-2k-gaming-2560-x-1440-qhd-144hz-for-sale-colombo,ShaTech Zone,True,1 month
6a65af02685c41760bb33390,"Monitor 24"" IPS|Eye Care - 120HZ|Frameless|1ms (MPRT) Gaming (New) Asus",Asus,24 Inch,120Hz,1080p FHD,IPS,False,True,True,"Rs 32,950",32950,Brand New,Gampaha,monitor-24-ipseye-care-120hzframeless1ms-mprt-gaming-new-asus-for-sale-gampaha,https://ikman.lk/en/ad/monitor-24-ipseye-care-120hzframeless1ms-mprt-gaming-new-asus-for-sale-gampaha,ShaTech Zone,True,1 month
6a65aac3b54980008c7b4b46,"Acer EK271 27"" Inch 144Hz IPS HDMI Frameless Gaming Monitor",Acer,27 Inch,144Hz,HD,IPS,False,True,True,"Rs 35,990",35990,Brand New,Colombo,acer-ek271-27-inch-144hz-ips-hdmi-frameless-gaming-monitor-for-sale-colombo-74,https://ikman.lk/en/ad/acer-ek271-27-inch-144hz-ips-hdmi-frameless-gaming-monitor-for-sale-colombo-74,Computer Store.lk Pvt Ltd,True,1 month
6a65aa6a6f32695a2685c44d,"22"" IPS MONITOR (1980 x 1080P) 60Hz - SLIM FHD HDMI FRAMELESS",Other,22 Inch,60Hz,1080p FHD,IPS,False,False,True,"Rs 17,450",17450,Used,Gampaha,22-ips-monitor-1980-x-1080p-60hz-slim-fhd-hdmi-frameless-for-sale-gampaha,https://ikman.lk/en/ad/22-ips-monitor-1980-x-1080p-60hz-slim-fhd-hdmi-frameless-for-sale-gampaha,ShaTech Zone,True,1 month
6a65a6fb20947df9c385c427,Acer 27 Inch Brandnew Monitors (144Hz),Acer,27 Inch,144Hz,1080p FHD,Standard,False,False,False,"Rs 37,500",37500,Brand New,Colombo,acer-27-inch-brandnew-monitors-144hz-for-sale-colombo-41,https://ikman.lk/en/ad/acer-27-inch-brandnew-monitors-144hz-for-sale-colombo-41, Laptop Market,True,1 month
6a65905c457bd2fafc0e9a3d,viewsonic monitor display,Viewsonic,Unknown,60Hz,Unknown,Standard,False,False,False,"Rs 18,000",18000,Used,Jaffna,viewsonic-monitor-display-for-sale-jaffna,https://ikman.lk/en/ad/viewsonic-monitor-display-for-sale-jaffna,,False,1 month
6a657788b6814ba090de7051,Viewsonic VX2758A-2K-PRO-4 27” 180Hz Fast IPS Gaming Monitor,Viewsonic,27 Inch,180Hz,2K QHD,IPS,False,True,False,"Rs 50,000",50000,Used,Colombo,viewsonic-vx2758a-2k-pro-4-27-180hz-fast-ips-gaming-monitor-for-sale-colombo,https://ikman.lk/en/ad/viewsonic-vx2758a-2k-pro-4-27-180hz-fast-ips-gaming-monitor-for-sale-colombo,,False,1 month
6a6565426f32695a2685c1e8,MSI Pro MP273AP Series 27 Inch Frameless Monitor,MSI,27 Inch,60Hz,1080p FHD,Standard,False,False,True,"Rs 45,000",45000,Used,Colombo,msi-pro-mp273ap-series-27-inch-frameless-monitor-for-sale-colombo,https://ikman.lk/en/ad/msi-pro-mp273ap-series-27-inch-frameless-monitor-for-sale-colombo,,False,1 month
6a64bb23c3ac270dfd48205b,24’’ Wide LED Monitor,Other,24 Inch,60Hz,1080p FHD,Standard,False,False,False,"Rs 12,900",12900,Used,Colombo,24-wide-led-monitor-for-sale-colombo-11,https://ikman.lk/en/ad/24-wide-led-monitor-for-sale-colombo-11,Computer House,True,1 month
6a64bacb9a6213e295481ffb,20’’ Wide LED Monitor,Other,20 Inch,60Hz,Unknown,Standard,False,False,False,"Rs 9,900",9900,Used,Colombo,20-wide-led-monitor-for-sale-colombo-65,https://ikman.lk/en/ad/20-wide-led-monitor-for-sale-colombo-65,Computer House,True,1 month
6a64ba922a00a83ac82564c8,20’’ Wide LCD Monitor,Other,20 Inch,60Hz,Unknown,Standard,False,False,False,"Rs 8,500",8500,Used,Colombo,20-wide-lcd-monitor-for-sale-colombo-1,https://ikman.lk/en/ad/20-wide-lcd-monitor-for-sale-colombo-1,Computer House,True,1 month
6a64ba32b01c4cf8d43d28c2,19’’ Wide LCD Monitor,Other,19 Inch,60Hz,Unknown,Standard,False,False,False,"Rs 7,900",7900,Used,Colombo,19-wide-lcd-monitor-for-sale-colombo-24,https://ikman.lk/en/ad/19-wide-lcd-monitor-for-sale-colombo-24,Computer House,True,1 month
6a64b9f474dda04996361f3c,19’’ Square Monitor,Other,19 Inch,60Hz,Unknown,Standard,False,False,False,"Rs 6,500",6500,Used,Colombo,19-square-monitor-for-sale-colombo-44,https://ikman.lk/en/ad/19-square-monitor-for-sale-colombo-44,Computer House,True,1 month
6a64b9a9c3ac270dfd48204f,17’’ Square Monitor,Other,Unknown,60Hz,Unknown,Standard,False,False,False,"Rs 5,900",5900,Used,Colombo,17-square-monitor-for-sale-colombo-28,https://ikman.lk/en/ad/17-square-monitor-for-sale-colombo-28,Computer House,True,1 month
6a64b97fb01c4cf8d43d28b2,24’’ Falcon Wide LED New Monitor,Other,24 Inch,60Hz,1080p FHD,Standard,False,False,False,"Rs 21,900",21900,Brand New,Colombo,24-falcon-wide-led-new-monitor-for-sale-colombo-1,https://ikman.lk/en/ad/24-falcon-wide-led-new-monitor-for-sale-colombo-1,Computer House,True,1 month
6a64b9189a6213e295481fea,19’’ Falcon Wide LED New Monitor,Other,19 Inch,60Hz,Unknown,Standard,False,False,False,"Rs 16,900",16900,Brand New,Colombo,19-falcon-wide-led-new-monitor-for-sale-colombo-1,https://ikman.lk/en/ad/19-falcon-wide-led-new-monitor-for-sale-colombo-1,Computer House,True,1 month
6a64b8cb5d6f8795237773e1,17’’ Falcon LED New Monitor,Other,Unknown,60Hz,Unknown,Standard,False,False,False,"Rs 9,500",9500,Brand New,Colombo,17-falcon-led-new-monitor-for-sale-colombo-1,https://ikman.lk/en/ad/17-falcon-led-new-monitor-for-sale-colombo-1,Computer House,True,1 month
6a64add32448f7b9dbfd84ff,Dell 19” Wide LED Monitor,Dell,19 Inch,60Hz,Unknown,Standard,False,False,False,"Rs 8,800",8800,Used,Colombo,dell-19-wide-led-monitor-for-sale-colombo,https://ikman.lk/en/ad/dell-19-wide-led-monitor-for-sale-colombo,,False,1 month
6a64af43433241e33c12b804,MSI Pro MP245PG E14 23.8″ INCH 144HZ 1MS FHD FRAMELESS MONITOR NEW,MSI,23 Inch,144Hz,1080p FHD,Standard,False,False,True,"Rs 47,500",47500,Brand New,Colombo,msi-pro-mp245pg-e14-238-inch-144hz-1ms-fhd-frameless-monitor-new-for-sale-colombo-9,https://ikman.lk/en/ad/msi-pro-mp245pg-e14-238-inch-144hz-1ms-fhd-frameless-monitor-new-for-sale-colombo-9,Computer Store.lk Pvt Ltd,True,1 month
6a64ae916b81f2e5b7e0a0f5,"MSI Pro MP243L E14 24.5"" Inch 144Hz 1ms FHD IPS Productivity Monitor",MSI,24.5 Inch,144Hz,1080p FHD,IPS,False,False,False,"Rs 33,500",33500,Brand New,Colombo,msi-pro-mp243l-e14-245-inch-144hz-1ms-fhd-ips-productivity-monitor-for-sale-colombo-16,https://ikman.lk/en/ad/msi-pro-mp243l-e14-245-inch-144hz-1ms-fhd-ips-productivity-monitor-for-sale-colombo-16,Computer Store.lk Pvt Ltd,True,1 month
6a64adeb9a6213e295481faa,"MSI PRO MP225 E12VL 21.5"" Inch 120Hz 1ms FHD Slim Frameless Monitor",MSI,21.5 Inch,120Hz,1080p FHD,Standard,False,False,True,"Rs 26,500",26500,Brand New,Colombo,msi-pro-mp225-e12vl-215-inch-120hz-1ms-fhd-slim-frameless-monitor-for-sale-colombo-19,https://ikman.lk/en/ad/msi-pro-mp225-e12vl-215-inch-120hz-1ms-fhd-slim-frameless-monitor-for-sale-colombo-19,Computer Store.lk Pvt Ltd,True,1 month
6a64aa0a54cf22ff92fd8504,27 Inch Dell P2714HC IPS LED Used Monitor,Dell,27 Inch,60Hz,1080p FHD,IPS,False,False,False,"Rs 28,000",28000,Used,Colombo,27-inch-dell-p2714hc-ips-led-used-monitor-for-sale-colombo-17,https://ikman.lk/en/ad/27-inch-dell-p2714hc-ips-led-used-monitor-for-sale-colombo-17,Mdcomputers.lk(Pvt) Ltd,True,1 month
6a64a953797da215183d27f0,MSI Optix 23.6″ – MAG241C Curved Gaming Monitor,MSI,23 Inch,60Hz,Unknown,Standard,True,True,False,"Rs 48,000",48000,Used,Colombo,msi-optix-236-mag241c-curved-gaming-monitor-for-sale-colombo,https://ikman.lk/en/ad/msi-optix-236-mag241c-curved-gaming-monitor-for-sale-colombo,,False,1 month
6a64a8543491fdbeb070ae54,Lenovo Legion 320Hz Gaming Monitor,Lenovo,Unknown,320Hz,Unknown,Standard,False,True,False,"Rs 48,000",48000,Used,Gampaha,lenovo-legion-320hz-gaming-monitor-for-sale-gampaha,https://ikman.lk/en/ad/lenovo-legion-320hz-gaming-monitor-for-sale-gampaha,,False,1 month
6a64a8b1b01c4cf8d43d2846,32 Inch Samsung IPS HDMI 2K Used Monitor,Samsung,32 Inch,60Hz,2K QHD,IPS,False,False,False,"Rs 39,000",39000,Used,Colombo,32-inch-samsung-ips-hdmi-2k-used-monitor-for-sale-colombo-8,https://ikman.lk/en/ad/32-inch-samsung-ips-hdmi-2k-used-monitor-for-sale-colombo-8,Mdcomputers.lk(Pvt) Ltd,True,1 month
6a64a3ac9af55cb91c5172cb,HP IPS monitor,HP,Unknown,60Hz,Unknown,IPS,False,False,False,"Rs 14,000",14000,Used,Colombo,hp-ips-monitor-for-sale-colombo,https://ikman.lk/en/ad/hp-ips-monitor-for-sale-colombo,,False,1 month
6a64a0a5797da215183d27a2,"KOORUI G3221SC 2K 170Hz 90% DCI-P3 32"" Curved Gaming Monitor",Other,32 Inch,170Hz,2K QHD,Standard,True,True,False,"Rs 70,900",70900,Brand New,Colombo,koorui-g3221sc-2k-170hz-90-percent-dci-p3-32-curved-gaming-monitor-for-sale-colombo-1,https://ikman.lk/en/ad/koorui-g3221sc-2k-170hz-90-percent-dci-p3-32-curved-gaming-monitor-for-sale-colombo-1,Computer Store.lk Pvt Ltd,True,1 month
6a64985d0197318f471b1da4,Asus VY249HGR 23’8”Inch Full HD IPS Level Brand New Monitor,Asus,23 Inch,60Hz,1080p FHD,IPS,False,False,False,"Rs 33,700",33700,Brand New,Colombo,asus-vy249hgr-238inch-full-hd-ips-level-brand-new-monitor-for-sale-colombo-2,https://ikman.lk/en/ad/asus-vy249hgr-238inch-full-hd-ips-level-brand-new-monitor-for-sale-colombo-2,I MAC LK(PVT)LTD,True,1 month
6a6497b32448f7b9dbfd8469,ASUS VA259HGA Eye Care Gaming Monitor – 25-inch,Asus,25 Inch,60Hz,Unknown,Standard,False,True,False,"Rs 36,500",36500,Brand New,Colombo,asus-va259hga-eye-care-gaming-monitor-25-inch-for-sale-colombo-8,https://ikman.lk/en/ad/asus-va259hga-eye-care-gaming-monitor-25-inch-for-sale-colombo-8,I MAC LK(PVT)LTD,True,1 month
6a6496963491fdbeb070ade2,Koorui 27″Inch 27N5CA Curved Va Brand New Monitor 75Hz,Other,27 Inch,75Hz,1080p FHD,VA,True,False,False,"Rs 41,000",41000,Brand New,Colombo,koorui-27inch-27n5ca-curved-va-brand-new-monitor-75hz-for-sale-colombo-20,https://ikman.lk/en/ad/koorui-27inch-27n5ca-curved-va-brand-new-monitor-75hz-for-sale-colombo-20,I MAC LK(PVT)LTD,True,1 month
6a6495d7adc9ee438151726c,Asus - VY279HGR 27″ Inch Brand New Gaming Monitor,Asus,27 Inch,60Hz,1080p FHD,Standard,False,True,False,"Rs 49,500",49500,Brand New,Colombo,asus-vy279hgr-27-inch-brand-new-gaming-monitor-for-sale-colombo-3,https://ikman.lk/en/ad/asus-vy279hgr-27-inch-brand-new-gaming-monitor-for-sale-colombo-3,I MAC LK(PVT)LTD,True,1 month
6a6492823d3520715418e4bd,Asus 19 LED Monitor,Asus,19 Inch,60Hz,Unknown,Standard,False,False,False,"Rs 12,000",12000,Used,Colombo,asus-19-led-monitor-for-sale-colombo,https://ikman.lk/en/ad/asus-19-led-monitor-for-sale-colombo,R.S Rupasinghe Ukaskaruwo (Pvt) Ltd,True,1 month
6a648e33c3ac270dfd481f1f,"24"" IPS Monitor|Eye Care - Frameless 1ms (MPRT) 120HZ Gaming (New) Asus",Asus,24 Inch,120Hz,1080p FHD,IPS,False,True,True,"Rs 32,950",32950,Brand New,Gampaha,24-ips-monitoreye-care-frameless-1ms-mprt-120hz-gaming-new-asus-for-sale-gampaha,https://ikman.lk/en/ad/24-ips-monitoreye-care-frameless-1ms-mprt-120hz-gaming-new-asus-for-sale-gampaha,ShaTech Zone,True,1 month
6a648cbe3d3520715418e47c,"KOORUI G3441XC 34"" UWQHD 240Hz Curved Gaming Monitor",Other,34 Inch,240Hz,2K QHD,Standard,True,True,False,"Rs 99,000",99000,Brand New,Colombo,koorui-g3441xc-34-uwqhd-240hz-curved-gaming-monitor-for-sale-colombo,https://ikman.lk/en/ad/koorui-g3441xc-34-uwqhd-240hz-curved-gaming-monitor-for-sale-colombo,Computer Store.lk Pvt Ltd,True,1 month
6a64726039c7b708fd55b528,"32"" Curved 2K Monitor Gaming (2560 × 1440) QHD | 144HZ",Other,32 Inch,144Hz,2K QHD,Standard,True,True,False,"Rs 55,250",55250,Used,Gampaha,32-curved-2k-monitor-gaming-2560-x-1440-qhd-144hz-for-sale-gampaha,https://ikman.lk/en/ad/32-curved-2k-monitor-gaming-2560-x-1440-qhd-144hz-for-sale-gampaha,ShaTech Zone,True,1 month
6a646ea43e4555f621361ca8,LG 22inch LED monitor,LG,22 Inch,60Hz,1080p FHD,Standard,False,False,False,"Rs 4,000",4000,Used,Gampaha,lg-22inch-led-monitor-for-sale-gampaha,https://ikman.lk/en/ad/lg-22inch-led-monitor-for-sale-gampaha,,False,1 month
6a646d8c26e7264d936ba1ca,"RANDOM BRAND USED MONITORS WITHOUT BASE (STAND) 24""",Other,24 Inch,60Hz,1080p FHD,Standard,False,False,False,"Rs 10,000",10000,Used,Colombo,random-brand-used-monitors-without-base-stand-24-for-sale-colombo,https://ikman.lk/en/ad/random-brand-used-monitors-without-base-stand-24-for-sale-colombo,Computer Store.lk Pvt Ltd,True,1 month
6a646b61838b99f87aa69927,"MONITOR 27"" IPS + WEBCAM (1980 x 1080P) FHD HDMI FRAMELESS",Other,27 Inch,60Hz,1080p FHD,IPS,False,False,True,"Rs 30,450",30450,Used,Gampaha,monitor-27-ips-webcam-1980-x-1080p-fhd-hdmi-frameless-for-sale-gampaha,https://ikman.lk/en/ad/monitor-27-ips-webcam-1980-x-1080p-fhd-hdmi-frameless-for-sale-gampaha,ShaTech Zone,True,1 month
6a646ae6d3a6b2aca56ba216,"MONITOR 22"" IPS SLIM FHD HDMI FRAMELESS (1980 x 1080P) 60Hz",Other,22 Inch,60Hz,1080p FHD,IPS,False,False,True,"Rs 17,450",17450,Used,Gampaha,monitor-22-ips-slim-fhd-hdmi-frameless-1980-x-1080p-60hz-for-sale-gampaha,https://ikman.lk/en/ad/monitor-22-ips-slim-fhd-hdmi-frameless-1980-x-1080p-60hz-for-sale-gampaha,ShaTech Zone,True,1 month
6a64698228a133d61c481dc6,"RANDOM BRAND USED MONITORS WITHOUT BASE (STAND) 22""",Other,22 Inch,60Hz,1080p FHD,Standard,False,False,False,"Rs 7,500",7500,Used,Colombo,random-brand-used-monitors-without-base-stand-22-for-sale-colombo,https://ikman.lk/en/ad/random-brand-used-monitors-without-base-stand-22-for-sale-colombo,Computer Store.lk Pvt Ltd,True,1 month
6a6468eebac0a2e64d5c0ae6,Acer 27 Inch Brandnew Monitor,Acer,27 Inch,60Hz,1080p FHD,Standard,False,False,False,"Rs 37,500",37500,Brand New,Colombo,acer-27-inch-brandnew-monitor-for-sale-colombo,https://ikman.lk/en/ad/acer-27-inch-brandnew-monitor-for-sale-colombo, Laptop Market,True,1 month
6a64663e9af55cb91c5170c3,Brand New Acer Vero Series CB272 P6BMIPRX 144HZ Full HD Monitor,Acer,Unknown,144Hz,1080p FHD,Standard,False,False,False,"Rs 44,990",44990,Brand New,Colombo,brand-new-acer-vero-series-cb272-p6bmiprx-144hz-full-hd-monitor-for-sale-colombo-66,https://ikman.lk/en/ad/brand-new-acer-vero-series-cb272-p6bmiprx-144hz-full-hd-monitor-for-sale-colombo-66,Myitem.lk (PVT) Ltd,True,1 month
6a6463b7d3a6b2aca56ba1af,KOORUI G2711P FHD IPS 27INCH 200HZ BRAND NEW GAMING MONITOR,Other,27 Inch,200Hz,1080p FHD,IPS,False,True,False,"Rs 51,500",51500,Brand New,Colombo,koorui-g2711p-fhd-ips-27inch-200hz-brand-new-gaming-monitor-for-sale-colombo-28,https://ikman.lk/en/ad/koorui-g2711p-fhd-ips-27inch-200hz-brand-new-gaming-monitor-for-sale-colombo-28,Myitem.lk (PVT) Ltd,True,1 month
6a645c255c67008778eb8045,"MSI Optix MAG401QR 40"" UWQHD IPS 155Hz 1ms Adaptive Sync Gaming Monitor",MSI,40 Inch,155Hz,2K QHD,IPS,False,True,False,"Rs 185,000",185000,Brand New,Colombo,msi-optix-mag401qr-40-uwqhd-ips-155hz-1ms-adaptive-sync-gaming-monitor-for-sale-colombo-1,https://ikman.lk/en/ad/msi-optix-mag401qr-40-uwqhd-ips-155hz-1ms-adaptive-sync-gaming-monitor-for-sale-colombo-1,Computer Store.lk Pvt Ltd,True,1 month
6a645bd69a6213e295481d10,"Acer EK251 25"" Inch 144HZ IPS HDMI Frameless Gaming Monitor New",Acer,25 Inch,144Hz,HD,IPS,False,True,True,"Rs 31,990",31990,Brand New,Colombo,acer-ek251-25-inch-144hz-ips-hdmi-frameless-gaming-monitor-new-for-sale-colombo-5,https://ikman.lk/en/ad/acer-ek251-25-inch-144hz-ips-hdmi-frameless-gaming-monitor-new-for-sale-colombo-5,Myitem.lk (PVT) Ltd,True,1 month
6a645b3b1e9dad92f1eb8045,MSI Pro MP273 E14A 27 Inch 144HZ 1MS FHD IPS Productivity Monitor New,MSI,27 Inch,144Hz,1080p FHD,IPS,False,False,False,"Rs 51,500",51500,Brand New,Colombo,msi-pro-mp273-e14a-27-inch-144hz-1ms-fhd-ips-productivity-monitor-new-for-sale-colombo-96,https://ikman.lk/en/ad/msi-pro-mp273-e14a-27-inch-144hz-1ms-fhd-ips-productivity-monitor-new-for-sale-colombo-96,Myitem.lk (PVT) Ltd,True,1 month
6a6458786d327ebdc0361bde,"ViewSonic VX3480-2K-PRO 34"" UWQHD Gaming Monitor",Viewsonic,34 Inch,60Hz,2K QHD,Standard,False,True,False,"Rs 133,990",133990,Brand New,Colombo,viewsonic-vx3480-2k-pro-34-uwqhd-gaming-monitor-for-sale-colombo-5,https://ikman.lk/en/ad/viewsonic-vx3480-2k-pro-34-uwqhd-gaming-monitor-for-sale-colombo-5,Computer Store.lk Pvt Ltd,True,1 month
6a6456836d327ebdc0361bbb,MSI Modern MD272QXP 27″ Business and Productivity Monitor 100Hz 2K WQHD,MSI,27 Inch,100Hz,2K QHD,Standard,False,False,False,"Rs 95,000",95000,Brand New,Colombo,msi-modern-md272qxp-27-business-and-productivity-monitor-100hz-2k-wqhd-for-sale-colombo-14,https://ikman.lk/en/ad/msi-modern-md272qxp-27-business-and-productivity-monitor-100hz-2k-wqhd-for-sale-colombo-14,Computer Store.lk Pvt Ltd,True,1 month
6a64567b2a0d1831cd5d11b7,Asus TUF Gaming VG279QE5A 27″ FHD IPS 146HZ Monitor,Asus,27 Inch,146Hz,1080p FHD,IPS,False,True,False,"Rs 46,500",46500,Brand New,Colombo,asus-tuf-gaming-vg279qe5a-27-fhd-ips-146hz-monitor-for-sale-colombo-58,https://ikman.lk/en/ad/asus-tuf-gaming-vg279qe5a-27-fhd-ips-146hz-monitor-for-sale-colombo-58,Myitem.lk (PVT) Ltd,True,1 month
6a64501526e7264d936ba04b,"RANDOM BRAND USED MONITORS WITHOUT BASE (STAND) 19"" 20"" 22"" & 24""",Other,19 Inch,60Hz,Unknown,Standard,False,False,False,"Rs 5,000",5000,Used,Colombo,random-brand-used-monitors-without-base-stand-19-20-22-and-24-for-sale-colombo,https://ikman.lk/en/ad/random-brand-used-monitors-without-base-stand-19-20-22-and-24-for-sale-colombo,Computer Store.lk Pvt Ltd,True,1 month
6a644d1796511cd8a8ddb5e5,"ViewSonic VA2432A-H 24"" Inch Full HD IPS 120HZ Frameless Monitor New",Viewsonic,24 Inch,120Hz,1080p FHD,IPS,False,False,True,"Rs 35,500",35500,Brand New,Colombo,viewsonic-va2432a-h-24-inch-full-hd-ips-120hz-frameless-monitor-new-for-sale-colombo-87,https://ikman.lk/en/ad/viewsonic-va2432a-h-24-inch-full-hd-ips-120hz-frameless-monitor-new-for-sale-colombo-87,Myitem.lk (PVT) Ltd,True,1 month
6a64479733a67bb720eb7f29,Koorui G2711P FHD IPS 27INCH 200HZ Brand New Gaming Monitor,Other,27 Inch,200Hz,1080p FHD,IPS,False,True,False,"Rs 51,500",51500,Brand New,Colombo,koorui-g2711p-fhd-ips-27inch-200hz-brand-new-gaming-monitor-for-sale-colombo-27,https://ikman.lk/en/ad/koorui-g2711p-fhd-ips-27inch-200hz-brand-new-gaming-monitor-for-sale-colombo-27,Computer Store.lk Pvt Ltd,True,1 month
6a64415b3382230bcb5d107f,Koorui G2741L Brand New Dual Mode IPS Monitor (4K-160HZ/1080P-320HZ),Other,Unknown,160Hz,4K UHD,IPS,False,False,False,"Rs 95,000",95000,Brand New,Colombo,koorui-g2741l-brand-new-dual-mode-ips-monitor-4k-160hz-1080p-320hz-for-sale-colombo-3,https://ikman.lk/en/ad/koorui-g2741l-brand-new-dual-mode-ips-monitor-4k-160hz-1080p-320hz-for-sale-colombo-3,Computer Store.lk Pvt Ltd,True,1 month
6a6439edfea580d04ba696a9,"Dell P2319H 23"" inch Full HD IPS HDMI Frameless Used Monitor (No Cables)",Dell,23 Inch,60Hz,1080p FHD,IPS,False,False,True,"Rs 20,500",20500,Used,Colombo,dell-p2319h-23-inch-full-hd-ips-hdmi-frameless-used-monitor-no-cables-for-sale-colombo-44,https://ikman.lk/en/ad/dell-p2319h-23-inch-full-hd-ips-hdmi-frameless-used-monitor-no-cables-for-sale-colombo-44,Myitem.lk (PVT) Ltd,True,1 month
6a64374a3e4555f6213619e6,"KOORUI 27"" E2721H QHD IPS 120HZ 2K BRAND NEW GAMING MONITOR",Other,27 Inch,120Hz,2K QHD,IPS,False,True,False,"Rs 52,500",52500,Brand New,Colombo,koorui-27-e2721h-qhd-ips-120hz-2k-brand-new-gaming-monitor-for-sale-colombo-1,https://ikman.lk/en/ad/koorui-27-e2721h-qhd-ips-120hz-2k-brand-new-gaming-monitor-for-sale-colombo-1,Myitem.lk (PVT) Ltd,True,1 month
6a63aabb258b953f75620fda,"27"" IPS MONITOR + WEBCAM (1980 x 1080P) FHD HDMI FRAMELESS",Other,27 Inch,60Hz,1080p FHD,IPS,False,False,True,"Rs 30,450",30450,Used,Colombo,27-ips-monitor-webcam-1980-x-1080p-fhd-hdmi-frameless-for-sale-colombo,https://ikman.lk/en/ad/27-ips-monitor-webcam-1980-x-1080p-fhd-hdmi-frameless-for-sale-colombo,ShaTech Zone,True,1 month
6a635e945436d8d1c0afe175,"MSI PRO MP243L E14 24.5"" Inch 144Hz 1ms FHD IPS Productivity Monitor",MSI,24.5 Inch,144Hz,1080p FHD,IPS,False,False,False,"Rs 33,500",33500,Brand New,Colombo,msi-pro-mp243l-e14-245-inch-144hz-1ms-fhd-ips-productivity-monitor-for-sale-colombo-15,https://ikman.lk/en/ad/msi-pro-mp243l-e14-245-inch-144hz-1ms-fhd-ips-productivity-monitor-for-sale-colombo-15,Myitem.lk (PVT) Ltd,True,1 month
6a635e23078d2c7b055e44c6,"Acer EK271 27"" Inch 144Hz IPS HDMI Frameless Gaming Monitor",Acer,27 Inch,144Hz,HD,IPS,False,True,True,"Rs 37,000",37000,Brand New,Colombo,acer-ek271-27-inch-144hz-ips-hdmi-frameless-gaming-monitor-for-sale-colombo-73,https://ikman.lk/en/ad/acer-ek271-27-inch-144hz-ips-hdmi-frameless-gaming-monitor-for-sale-colombo-73,Myitem.lk (PVT) Ltd,True,1 month
6a6342525e1bc12554b53ab8,"Samsung 24"" Inch Full HD IPS Frameless HDMI Gaming Used Monitor",Samsung,24 Inch,60Hz,1080p FHD,IPS,False,True,True,"Rs 22,000",22000,Used,Colombo,samsung-24-inch-full-hd-ips-frameless-hdmi-gaming-used-monitor-for-sale-colombo-50,https://ikman.lk/en/ad/samsung-24-inch-full-hd-ips-frameless-hdmi-gaming-used-monitor-for-sale-colombo-50,Myitem.lk (PVT) Ltd,True,1 month
6a6341d38d6d4e71759c641e,"Acer 27"" Full HD Nitro Gaming Monitor - KG273 W3 240Hz Brand New",Acer,27 Inch,240Hz,1080p FHD,Standard,False,True,False,"Rs 49,500",49500,Brand New,Colombo,acer-27-full-hd-nitro-gaming-monitor-kg273-w3-240hz-brand-new-for-sale-colombo-62,https://ikman.lk/en/ad/acer-27-full-hd-nitro-gaming-monitor-kg273-w3-240hz-brand-new-for-sale-colombo-62,Myitem.lk (PVT) Ltd,True,1 month
6a632c8547b2bdb30db539f5,"MSI PRO MP225 E12VL 21.5"" Inch 120Hz 1ms FHD Slim Frameless Monitor",MSI,21.5 Inch,120Hz,1080p FHD,Standard,False,False,True,"Rs 27,500",27500,Brand New,Colombo,msi-pro-mp225-e12vl-215-inch-120hz-1ms-fhd-slim-frameless-monitor-for-sale-colombo-18,https://ikman.lk/en/ad/msi-pro-mp225-e12vl-215-inch-120hz-1ms-fhd-slim-frameless-monitor-for-sale-colombo-18,Myitem.lk (PVT) Ltd,True,1 month
6a6325767a634c9d0956af28,"MSI Pro MP251L E2 25"" Inch 120HZ Full HD IPS Frameless Monitor",MSI,25 Inch,120Hz,1080p FHD,IPS,False,False,True,"Rs 32,000",32000,Brand New,Colombo,msi-pro-mp251l-e2-25-inch-120hz-full-hd-ips-frameless-monitor-for-sale-colombo-51,https://ikman.lk/en/ad/msi-pro-mp251l-e2-25-inch-120hz-full-hd-ips-frameless-monitor-for-sale-colombo-51,Myitem.lk (PVT) Ltd,True,1 month
6a6323b3a8f0e654e9af7014,"MSI Pro MP243L E14 24.5"" Inch 144Hz 1ms FHD IPS Monitor",MSI,24.5 Inch,144Hz,1080p FHD,IPS,False,False,False,"Rs 33,500",33500,Brand New,Colombo,msi-pro-mp243l-e14-245-inch-144hz-1ms-fhd-ips-monitor-for-sale-colombo-2,https://ikman.lk/en/ad/msi-pro-mp243l-e14-245-inch-144hz-1ms-fhd-ips-monitor-for-sale-colombo-2,Max Core PC,True,1 month
6a631981073e83843fcd3c15,Topsync 22 Inches Monitor,Other,22 Inch,60Hz,1080p FHD,Standard,False,False,False,"Rs 8,500",8500,Used,Colombo,topsync-monitor-for-sale-colombo,https://ikman.lk/en/ad/topsync-monitor-for-sale-colombo,,False,1 month
6a63129c78cb12bdfb627604,"Emark 24"" EW2427SH 144Hz IPS Full HD Frameless Gaming Monitor",Other,24 Inch,144Hz,1080p FHD,IPS,False,True,True,"Rs 29,990",29990,Brand New,Colombo,emark-24-ew2427sh-144hz-ips-full-hd-frameless-gaming-monitor-for-sale-colombo-31,https://ikman.lk/en/ad/emark-24-ew2427sh-144hz-ips-full-hd-frameless-gaming-monitor-for-sale-colombo-31,Myitem.lk (PVT) Ltd,True,1 month
6a63066f8b6018b449afddef,Acer 27 Inch Brandnew Monitors (144Hz),Acer,27 Inch,144Hz,1080p FHD,Standard,False,False,False,"Rs 37,500",37500,Brand New,Colombo,acer-27-inch-brandnew-monitors-144hz-for-sale-colombo-39,https://ikman.lk/en/ad/acer-27-inch-brandnew-monitors-144hz-for-sale-colombo-39, Laptop Market,True,1 month
6a63005e8a02d976a1af6e90,"Dell 17"" LCD Monitor",Dell,17 Inch,60Hz,Unknown,Standard,False,False,False,"Rs 8,500",8500,Used,Puttalam,dell-17-lcd-monitor-excellent-condition-for-sale-puttalam,https://ikman.lk/en/ad/dell-17-lcd-monitor-excellent-condition-for-sale-puttalam,,False,1 month
6a0cb4b1a89d99b8b89dd5f2,Dell 20” IPS HDMI Monitor,Dell,20 Inch,60Hz,HD,IPS,False,False,False,"Rs 10,900",10900,Used,Colombo,dell-20-ips-hdmi-monitor-for-sale-colombo-1,https://ikman.lk/en/ad/dell-20-ips-hdmi-monitor-for-sale-colombo-1,Computer House,True,1 month
6a0ca9d1f662889c9dc564dd,Asus 24” LED Hdmi Monitor,Asus,24 Inch,60Hz,HD,Standard,False,False,False,"Rs 13,900",13900,Used,Colombo,asus-24-led-hdmi-monitor-for-sale-colombo-1,https://ikman.lk/en/ad/asus-24-led-hdmi-monitor-for-sale-colombo-1,Computer House,True,1 month
6a0ca975d605c5e0c6561cf0,24” LED Monitor,Other,24 Inch,60Hz,1080p FHD,Standard,False,False,False,"Rs 12,900",12900,Used,Colombo,24-led-monitor-for-sale-colombo-13,https://ikman.lk/en/ad/24-led-monitor-for-sale-colombo-13,Computer House,True,1 month
6a0ca8bb45ba462cb214cab6,Dell 20” LED Monitor,Dell,20 Inch,60Hz,Unknown,Standard,False,False,False,"Rs 9,900",9900,Used,Colombo,dell-20-led-monitor-for-sale-colombo-1,https://ikman.lk/en/ad/dell-20-led-monitor-for-sale-colombo-1,Computer House,True,1 month
6a0ca86996d6081e40112271,19” Square Monitor,Other,19 Inch,60Hz,Unknown,Standard,False,False,False,"Rs 6,500",6500,Used,Colombo,19-square-monitor-for-sale-colombo-39,https://ikman.lk/en/ad/19-square-monitor-for-sale-colombo-39,Computer House,True,1 month
6a0ca5597a8d683625b816ff,Falcon 19” LED HDMI Monitor,Other,19 Inch,60Hz,HD,Standard,False,False,False,"Rs 17,900",17900,Brand New,Colombo,falcon-19-led-hdmi-monitor-for-sale-colombo,https://ikman.lk/en/ad/falcon-19-led-hdmi-monitor-for-sale-colombo,Computer House,True,1 month
6a63015e1865770d2e3eef0b,"Monitor|Eye Care - 24"" IPS Frameless 1ms (MPRT) 120HZ Gaming (New) Asus",Asus,24 Inch,120Hz,1080p FHD,IPS,False,True,True,"Rs 32,950",32950,Brand New,Gampaha,monitoreye-care-24-ips-frameless-1ms-mprt-120hz-gaming-new-asus-for-sale-gampaha,https://ikman.lk/en/ad/monitoreye-care-24-ips-frameless-1ms-mprt-120hz-gaming-new-asus-for-sale-gampaha,ShaTech Zone,True,1 month
6a62ff86afdea464fcb171e0,"22"" IPS MONITOR - SLIM FHD HDMI FRAMELESS (1980 x 1080P) 60Hz",Other,22 Inch,60Hz,1080p FHD,IPS,False,False,True,"Rs 17,450",17450,Used,Gampaha,22-ips-monitor-slim-fhd-hdmi-frameless-1980-x-1080p-60hz-for-sale-gampaha,https://ikman.lk/en/ad/22-ips-monitor-slim-fhd-hdmi-frameless-1980-x-1080p-60hz-for-sale-gampaha,ShaTech Zone,True,1 month
6a62fe9547b2bdb30db53843,"Monitor 32"" Curved 2K Gaming (2560 × 1440) QHD | 144HZ",Other,32 Inch,144Hz,2K QHD,Standard,True,True,False,"Rs 55,250",55250,Used,Gampaha,monitor-32-curved-2k-gaming-2560-x-1440-qhd-144hz-for-sale-gampaha,https://ikman.lk/en/ad/monitor-32-curved-2k-gaming-2560-x-1440-qhd-144hz-for-sale-gampaha,ShaTech Zone,True,1 month
6a62fc2a41f254759b4b2063,"MSI Pro MP251L E2 25"" Inch 120Hz Full HD IPS Frameless Brand New Monitor",MSI,25 Inch,120Hz,1080p FHD,IPS,False,False,True,"Rs 32,000",32000,Brand New,Colombo,msi-pro-mp251l-e2-25-inch-120hz-full-hd-ips-frameless-brand-new-monitor-for-sale-colombo-49,https://ikman.lk/en/ad/msi-pro-mp251l-e2-25-inch-120hz-full-hd-ips-frameless-brand-new-monitor-for-sale-colombo-49,Max Core PC,True,1 month
6a62dfc2efce0debf63eed70,AUO (AU Optronics) Display 15.6 inch Non Touch,Other,15.6 Inch,60Hz,Unknown,Standard,False,False,False,"Rs 11,000",11000,Used,Jaffna,auo-au-optronics-display-156-inch-non-touch-for-sale-jaffna,https://ikman.lk/en/ad/auo-au-optronics-display-156-inch-non-touch-for-sale-jaffna,,False,1 month
6a6291bc80f25f1570678d60,19 Inch Monitor,Other,19 Inch,60Hz,Unknown,Standard,False,False,False,"Rs 8,000",8000,Used,Kalutara,19inch-monitor-for-sale-kalutara,https://ikman.lk/en/ad/19inch-monitor-for-sale-kalutara,,False,1 month
6a627f0e041d279c8c03b5e1,LG Monitor 24 inch,LG,24 Inch,60Hz,1080p FHD,Standard,False,False,False,"Rs 7,000",7000,Used,Colombo,lg-monitor-24-inch-for-sale-colombo,https://ikman.lk/en/ad/lg-monitor-24-inch-for-sale-colombo,,False,1 month
6a620b969f46f3f88ea7561a,"Lenovo Thinkvision 19"" LED Wide Screen Monitor",Lenovo,19 Inch,60Hz,Unknown,Standard,False,False,False,"Rs 8,500",8500,Used,Galle,lenovo-thinkvision-19-led-wide-screen-for-sale-galle,https://ikman.lk/en/ad/lenovo-thinkvision-19-led-wide-screen-for-sale-galle,,False,1 month
6a620a5365ddf10ad7648830,"KOORUI G3221SC 2K 170Hz 90% DCI-P3 32"" Curved Gaming Monitor",Other,32 Inch,170Hz,2K QHD,Standard,True,True,False,"Rs 70,900",70900,Brand New,Colombo,koorui-g3221sc-2k-170hz-90-percent-dci-p3-32-curved-gaming-monitor-for-sale-colombo,https://ikman.lk/en/ad/koorui-g3221sc-2k-170hz-90-percent-dci-p3-32-curved-gaming-monitor-for-sale-colombo,Computer Store.lk Pvt Ltd,True,1 month
6a6207a2f2b1b765b818d493,24 Inch Dell P2422HE IPS Frameless Used Type-C FHD Monitor,Dell,24 Inch,60Hz,1080p FHD,IPS,False,False,True,"Rs 29,500",29500,Used,Colombo,24-inch-dell-p2422he-ips-frameless-used-type-c-fhd-monitor-for-sale-colombo-7,https://ikman.lk/en/ad/24-inch-dell-p2422he-ips-frameless-used-type-c-fhd-monitor-for-sale-colombo-7,Mdcomputers.lk(Pvt) Ltd,True,1 month
6a6206c92d06a9a670a755e5,27 Inch Lenovo Thinkvision IPS FHD HDMI Used Monitor,Lenovo,27 Inch,60Hz,1080p FHD,IPS,False,False,False,"Rs 27,500",27500,Used,Colombo,27-inch-lenovo-thinkvision-ips-fhd-hdmi-used-monitor-for-sale-colombo-33,https://ikman.lk/en/ad/27-inch-lenovo-thinkvision-ips-fhd-hdmi-used-monitor-for-sale-colombo-33,Mdcomputers.lk(Pvt) Ltd,True,1 month
6a6206baf797160e71530eef,20 Inch Dell LED Used Monitor-E2016H,Dell,20 Inch,60Hz,Unknown,Standard,False,False,False,"Rs 9,800",9800,Used,Colombo,20-inch-dell-led-used-monitor-e2016h-for-sale-colombo-20,https://ikman.lk/en/ad/20-inch-dell-led-used-monitor-e2016h-for-sale-colombo-20,Mdcomputers.lk(Pvt) Ltd,True,1 month
6a6206296b28fc35bf79b9eb,27 Inch Atec Full HD LED Used Monitor,Other,27 Inch,60Hz,1080p FHD,Standard,False,False,False,"Rs 21,500",21500,Used,Colombo,27-inch-atec-full-hd-led-used-monitor-for-sale-colombo-69,https://ikman.lk/en/ad/27-inch-atec-full-hd-led-used-monitor-for-sale-colombo-69,Mdcomputers.lk(Pvt) Ltd,True,1 month
6a6205fde411d544738f1dcc,"32"" Curved 2K Gaming Monitor (2560 × 1440) 144HZ | QHD",Other,32 Inch,144Hz,2K QHD,Standard,True,True,False,"Rs 55,250",55250,Used,Gampaha,32-curved-2k-gaming-monitor-2560-x-1440-144hz-qhd-for-sale-gampaha,https://ikman.lk/en/ad/32-curved-2k-gaming-monitor-2560-x-1440-144hz-qhd-for-sale-gampaha,ShaTech Zone,True,1 month
6a6205bd35e552fddb8f1e05,22 Inch TG Full HD HDMI Used Monitor,Other,22 Inch,60Hz,1080p FHD,Standard,False,False,False,"Rs 12,500",12500,Used,Colombo,22-inch-tg-full-hd-hdmi-used-monitor-for-sale-colombo-6,https://ikman.lk/en/ad/22-inch-tg-full-hd-hdmi-used-monitor-for-sale-colombo-6,Mdcomputers.lk(Pvt) Ltd,True,1 month
6a6205686b28fc35bf79b9e5,KOORUI 27E6QCA QHD VA 180Hz 27″ CURVED GAMING MONITOR BRAND NEW,Other,27 Inch,180Hz,2K QHD,VA,True,True,False,"Rs 58,500",58500,Brand New,Colombo,koorui-27e6qca-qhd-va-180hz-27-curved-gaming-monitor-brand-new-for-sale-colombo,https://ikman.lk/en/ad/koorui-27e6qca-qhd-va-180hz-27-curved-gaming-monitor-brand-new-for-sale-colombo,Computer Store.lk Pvt Ltd,True,1 month
6a6204506606fb000c530f13,"MONITOR + WEBCAM 27"" IPS FHD HDMI FRAMELESS (1980 x 1080P)",Other,27 Inch,60Hz,1080p FHD,IPS,False,False,True,"Rs 30,450",30450,Used,Gampaha,monitor-webcam-27-ips-fhd-hdmi-frameless-1980-x-1080p-for-sale-gampaha,https://ikman.lk/en/ad/monitor-webcam-27-ips-fhd-hdmi-frameless-1980-x-1080p-for-sale-gampaha,ShaTech Zone,True,1 month
6a6202afca53cd880379b9f5,"MONITOR 22"" IPS FHD HDMI FRAMELESS (1980 x 1080P)",Other,22 Inch,60Hz,1080p FHD,IPS,False,False,True,"Rs 17,450",17450,Used,Colombo,monitor-22-ips-fhd-hdmi-frameless-1980-x-1080p-for-sale-colombo,https://ikman.lk/en/ad/monitor-22-ips-fhd-hdmi-frameless-1980-x-1080p-for-sale-colombo,ShaTech Zone,True,1 month
6a61f7f93d0110a0eeced3a4,"Asus VY279HGR 27"" Inch Full HD IPS Level 120Hz Adaptive Sync Monitor",Asus,27 Inch,120Hz,1080p FHD,IPS,False,False,False,"Rs 44,500",44500,Brand New,Colombo,asus-vy279hgr-27-inch-full-hd-ips-level-120hz-adaptive-sync-monitor-for-sale-colombo-69,https://ikman.lk/en/ad/asus-vy279hgr-27-inch-full-hd-ips-level-120hz-adaptive-sync-monitor-for-sale-colombo-69,Computer Store.lk Pvt Ltd,True,1 month
6a61f7a465ddf10ad764879f,"Asus 25"" VA259HGA 120Hz IPS Eye Care Gaming Monitor",Asus,25 Inch,120Hz,Unknown,IPS,False,True,False,"Rs 34,500",34500,Brand New,Colombo,asus-25-va259hga-120hz-ips-eye-care-gaming-monitor-for-sale-colombo-48,https://ikman.lk/en/ad/asus-25-va259hga-120hz-ips-eye-care-gaming-monitor-for-sale-colombo-48,Computer Store.lk Pvt Ltd,True,1 month
6a61f442b2c53acf2479b96b,"MSI Pro MP225 E12VL 21.5"" Inch 120HZ FHD Slim Frameless Monitor",MSI,21.5 Inch,120Hz,1080p FHD,Standard,False,False,True,"Rs 26,500",26500,Brand New,Colombo,msi-pro-mp225-e12vl-215-inch-120hz-fhd-slim-frameless-monitor-for-sale-colombo-3,https://ikman.lk/en/ad/msi-pro-mp225-e12vl-215-inch-120hz-fhd-slim-frameless-monitor-for-sale-colombo-3,Max Core PC,True,1 month
6a61f3d09a8347d1bff7ec1b,MSI Pro MP245PG E14 23.8″ INCH 144HZ 1MS FHD FRAMELESS MONITOR NEW,MSI,23 Inch,144Hz,1080p FHD,Standard,False,False,True,"Rs 47,500",47500,Brand New,Colombo,msi-pro-mp245pg-e14-238-inch-144hz-1ms-fhd-frameless-monitor-new-for-sale-colombo-8,https://ikman.lk/en/ad/msi-pro-mp245pg-e14-238-inch-144hz-1ms-fhd-frameless-monitor-new-for-sale-colombo-8,Computer Store.lk Pvt Ltd,True,1 month
69f5a29e236fc662ab1dbfb9,24’’ Wide Ips Monitor,Other,24 Inch,60Hz,1080p FHD,IPS,False,False,False,"Rs 13,900",13900,Used,Colombo,24-wide-ips-monitor-for-sale-colombo-1,https://ikman.lk/en/ad/24-wide-ips-monitor-for-sale-colombo-1,Computer House,True,1 month
6a61e0939c32fe5d286e8f3a,"HKC 32"" CURVED 144Hz (2k) GAMING MONITORS",Other,32 Inch,144Hz,2K QHD,Standard,True,True,False,"Rs 51,000",51000,Used,Colombo,hkc-32-curved-144hz-2k-gaming-monitors-for-sale-colombo-1,https://ikman.lk/en/ad/hkc-32-curved-144hz-2k-gaming-monitors-for-sale-colombo-1,PC Cart Express Maharagama,True,1 month
6a61e0033a9f4931dc08e056,"HKC 32"" CURVED 144Hz (2k) GAMING MONITORS",Other,32 Inch,144Hz,2K QHD,Standard,True,True,False,"Rs 51,000",51000,Used,Colombo,hkc-32-curved-144hz-2k-gaming-monitors-for-sale-colombo,https://ikman.lk/en/ad/hkc-32-curved-144hz-2k-gaming-monitors-for-sale-colombo,PC Cart Kesbewa ,True,1 month
6a61d4366e69272918ba46af,24” Frameless Ips Monitor,Other,24 Inch,60Hz,1080p FHD,IPS,False,False,True,"Rs 19,500",19500,Used,Colombo,24-frameless-ips-monitor-for-sale-colombo,https://ikman.lk/en/ad/24-frameless-ips-monitor-for-sale-colombo,,False,1 month
6a61d12eaaabd89c6c2f376b,"MSI Pro MP243L E14 24.5"" Inch 144Hz 1ms FHD IPS Productivity Monitor",MSI,24.5 Inch,144Hz,1080p FHD,IPS,False,False,False,"Rs 33,500",33500,Brand New,Colombo,msi-pro-mp243l-e14-245-inch-144hz-1ms-fhd-ips-productivity-monitor-for-sale-colombo-14,https://ikman.lk/en/ad/msi-pro-mp243l-e14-245-inch-144hz-1ms-fhd-ips-productivity-monitor-for-sale-colombo-14,Computer Store.lk Pvt Ltd,True,1 month
6a61d0b7155578498ad9cc4f,"MSI PRO MP225 E12VL 21.5"" Inch 120Hz 1ms FHD Slim Frameless Monitor",MSI,21.5 Inch,120Hz,1080p FHD,Standard,False,False,True,"Rs 26,500",26500,Brand New,Colombo,msi-pro-mp225-e12vl-215-inch-120hz-1ms-fhd-slim-frameless-monitor-for-sale-colombo-17,https://ikman.lk/en/ad/msi-pro-mp225-e12vl-215-inch-120hz-1ms-fhd-slim-frameless-monitor-for-sale-colombo-17,Computer Store.lk Pvt Ltd,True,1 month
6a61cb1f8e554741b2e646f4,"Acer 27"" Full HD Nitro Gaming Monitor - KG273 W3 (240Hz)",Acer,27 Inch,240Hz,1080p FHD,Standard,False,True,False,"Rs 49,500",49500,Brand New,Colombo,acer-27-full-hd-nitro-gaming-monitor-kg273-w3-240hz-for-sale-colombo-3,https://ikman.lk/en/ad/acer-27-full-hd-nitro-gaming-monitor-kg273-w3-240hz-for-sale-colombo-3,Computer Store.lk Pvt Ltd,True,1 month
6a61c909aaabd89c6c2f3720,"Acer Vero Series CB272 P6bmiprx 27"" Inch144Hz Full HD IPS Monitor NEW",Acer,27 Inch,144Hz,1080p FHD,IPS,False,False,False,"Rs 44,990",44990,Brand New,Colombo,acer-vero-series-cb272-p6bmiprx-27-inch144hz-full-hd-ips-monitor-new-for-sale-colombo-21,https://ikman.lk/en/ad/acer-vero-series-cb272-p6bmiprx-27-inch144hz-full-hd-ips-monitor-new-for-sale-colombo-21,Computer Store.lk Pvt Ltd,True,1 month
6a61c5413b9963610c6773d1,"Acer EK271 27"" Inch 144Hz IPS HDMI Frameless Gaming Monitor",Acer,27 Inch,144Hz,HD,IPS,False,True,True,"Rs 35,990",35990,Brand New,Colombo,acer-ek271-27-inch-144hz-ips-hdmi-frameless-gaming-monitor-for-sale-colombo-72,https://ikman.lk/en/ad/acer-ek271-27-inch-144hz-ips-hdmi-frameless-gaming-monitor-for-sale-colombo-72,Computer Store.lk Pvt Ltd,True,1 month
6a61c3b08065df2233ec9f37,"Acer EK251 P6BI 25"" Inch 144Hz IPS HDMI Frameless Gaming Monitor",Acer,25 Inch,144Hz,HD,IPS,False,True,True,"Rs 31,500",31500,Brand New,Colombo,acer-ek251-p6bi-25-inch-144hz-ips-hdmi-frameless-gaming-monitor-for-sale-colombo-39,https://ikman.lk/en/ad/acer-ek251-p6bi-25-inch-144hz-ips-hdmi-frameless-gaming-monitor-for-sale-colombo-39,Computer Store.lk Pvt Ltd,True,1 month
6a61c1ce1ec1009282f700f3,24 Inches MSI Pro IPS Monitor | Brand New,MSI,24 Inch,60Hz,1080p FHD,IPS,False,False,False,"Rs 36,500",36500,Brand New,Colombo,24-inches-msi-pro-ips-monitor-brand-new-for-sale-colombo-2,https://ikman.lk/en/ad/24-inches-msi-pro-ips-monitor-brand-new-for-sale-colombo-2,My Technology Pvt (Ltd),True,1 month
69ec7d5f82aad41263dfdfbc,Acer 27 Inch \Brandnew Monitors \(144Hz),Acer,27 Inch,144Hz,1080p FHD,Standard,False,False,False,"Rs 37,500",37500,Brand New,Colombo,acer-27-inch-brandnew-monitors-144hz-for-sale-colombo-23,https://ikman.lk/en/ad/acer-27-inch-brandnew-monitors-144hz-for-sale-colombo-23, Laptop Market,True,1 month
6a61adbdcdf7a3de9e9c9246,"Dell P2319H 23"" Inch IPS Frameless Full HD HDMI Used Monitor",Dell,23 Inch,60Hz,1080p FHD,IPS,False,False,True,"Rs 20,500",20500,Used,Colombo,dell-p2319h-23-inch-ips-frameless-full-hd-hdmi-used-monitor-for-sale-colombo-30,https://ikman.lk/en/ad/dell-p2319h-23-inch-ips-frameless-full-hd-hdmi-used-monitor-for-sale-colombo-30,Max Core PC,True,1 month
6a607cd709e81f0cfee5683a,"21"" HP VGA Monitor",HP,21 Inch,60Hz,Unknown,Standard,False,False,False,"Rs 7,500",7500,Used,Colombo,21-dell-vga-monitor-for-sale-colombo,https://ikman.lk/en/ad/21-dell-vga-monitor-for-sale-colombo,,False,1 month
68c907730b3b3c226cd9ade0,Lenovo P24-Q10 24’inch QHD 2K 1440p HDMI monitwr,Lenovo,24 Inch,60Hz,2K QHD,Standard,False,False,False,"Rs 28,900",28900,Used,Colombo,lenovo-p24-q10-24inch-qhd-2k-1440p-hdmi-monitwr-for-sale-colombo,https://ikman.lk/en/ad/lenovo-p24-q10-24inch-qhd-2k-1440p-hdmi-monitwr-for-sale-colombo,PC TECH COMPUTER,True,1 month
6a60d5bcb6b0d0d32451adf3,Koorui Monitor,Other,Unknown,60Hz,Unknown,Standard,False,False,False,"Rs 38,000",38000,Used,Ratnapura,koorui-monitor-for-sale-ratnapura-1,https://ikman.lk/en/ad/koorui-monitor-for-sale-ratnapura-1,,False,1 month
6a60c46584b55aeb81b03924,"27"" IPS FHD HDMI FRAMELESS MONITOR + WEBCAM",Other,27 Inch,60Hz,1080p FHD,IPS,False,False,True,"Rs 30,450",30450,Used,Gampaha,27-ips-fhd-hdmi-frameless-monitor-webcam-for-sale-gampaha,https://ikman.lk/en/ad/27-ips-fhd-hdmi-frameless-monitor-webcam-for-sale-gampaha,ShaTech Zone,True,1 month
6a60bbf1842b1394631db151,HP 24 Inch LED Monitor 1080P Full HD,HP,24 Inch,60Hz,1080p FHD,Standard,False,False,False,"Rs 10,500",10500,Used,Colombo,24-inch-led-whide-monitor-1080p-full-hd-for-sale-colombo,https://ikman.lk/en/ad/24-inch-led-whide-monitor-1080p-full-hd-for-sale-colombo,,False,1 month
6a60b9ec84b55aeb81b038db,"ViewSonic VA2432A-H 24"" Inch Full HD IPS 120HZ Frameless Monitor New",Viewsonic,24 Inch,120Hz,1080p FHD,IPS,False,False,True,"Rs 35,500",35500,Brand New,Colombo,viewsonic-va2432a-h-24-inch-full-hd-ips-120hz-frameless-monitor-new-for-sale-colombo-86,https://ikman.lk/en/ad/viewsonic-va2432a-h-24-inch-full-hd-ips-120hz-frameless-monitor-new-for-sale-colombo-86,Myitem.lk (PVT) Ltd,True,1 month
6a60b91cf2fbe1ca13b038a4,"DELL 24"" Wide LED Monitor",Dell,24 Inch,60Hz,1080p FHD,Standard,False,False,False,"Rs 14,900",14900,Used,Colombo,dell-24-wide-led-monitor-for-sale-colombo-1,https://ikman.lk/en/ad/dell-24-wide-led-monitor-for-sale-colombo-1,PC Cart Express Maharagama,True,1 month
6a60b8f07b001246480c6f72,"DELL 24"" Wide LED Monitor",Dell,24 Inch,60Hz,1080p FHD,Standard,False,False,False,"Rs 14,900",14900,Used,Colombo,dell-24-wide-led-monitor-for-sale-colombo,https://ikman.lk/en/ad/dell-24-wide-led-monitor-for-sale-colombo,PC Cart Kesbewa ,True,1 month
6a60b7df13d2cf15be5f1ec4,"HP 24"" Wide LED IPS Frameless Monitor",HP,24 Inch,60Hz,1080p FHD,IPS,False,False,True,"Rs 23,500",23500,Used,Colombo,hp-24-wide-led-ips-frameless-monitor-for-sale-colombo-1,https://ikman.lk/en/ad/hp-24-wide-led-ips-frameless-monitor-for-sale-colombo-1,PC Cart Express Maharagama,True,1 month
6a60b7aa4ca0ec795c1db12e,"HP 24"" Wide LED IPS Frameless Monitor",HP,24 Inch,60Hz,1080p FHD,IPS,False,False,True,"Rs 23,500",23500,Used,Colombo,hp-24-wide-led-ips-frameless-monitor-for-sale-colombo,https://ikman.lk/en/ad/hp-24-wide-led-ips-frameless-monitor-for-sale-colombo,PC Cart Kesbewa ,True,1 month
6a60b572029002d53651ad46,KOORUI G2711P FHD IPS 27INCH 200HZ BRAND NEW GAMING MONITOR,Other,27 Inch,200Hz,1080p FHD,IPS,False,True,False,"Rs 51,500",51500,Brand New,Colombo,koorui-g2711p-fhd-ips-27inch-200hz-brand-new-gaming-monitor-for-sale-colombo-26,https://ikman.lk/en/ad/koorui-g2711p-fhd-ips-27inch-200hz-brand-new-gaming-monitor-for-sale-colombo-26,Myitem.lk (PVT) Ltd,True,1 month
6a60b000b7de327a430deb49,EMARK EW2427SH 24'' 144Hz IPS MONITOR,Other,24 Inch,144Hz,1080p FHD,IPS,False,False,False,"Rs 30,000",30000,Brand New,Colombo,emark-ew2427sh-24-144hz-ips-monitor-for-sale-colombo-1,https://ikman.lk/en/ad/emark-ew2427sh-24-144hz-ips-monitor-for-sale-colombo-1,PC Cart Express Maharagama,True,1 month
6a60affa4ca0ec795c1db0f9,Acer Nitro KG273 W3 27INCH Gaming Monitor,Acer,27 Inch,60Hz,1080p FHD,Standard,False,True,False,"Rs 50,000",50000,Brand New,Colombo,acer-nitro-kg273-w3-27inch-gaming-monitor-for-sale-colombo-4,https://ikman.lk/en/ad/acer-nitro-kg273-w3-27inch-gaming-monitor-for-sale-colombo-4,I MAC LK(PVT)LTD,True,1 month
6a60ae3ac7fae46cf6e56a51,EMARK EW2427SH 24'' 144Hz IPS MONITOR,Other,24 Inch,144Hz,1080p FHD,IPS,False,False,False,"Rs 30,000",30000,Brand New,Colombo,emark-ew2427sh-24-144hz-ips-monitor-for-sale-colombo,https://ikman.lk/en/ad/emark-ew2427sh-24-144hz-ips-monitor-for-sale-colombo,PC Cart Kesbewa ,True,1 month
6a60a43ba0d4bfec890c6e68,"24"" IPS Frameless Monitor|Eye Care|1ms (MPRT) 120HZ - Asus Gaming (New)",Asus,24 Inch,120Hz,1080p FHD,IPS,False,True,True,"Rs 32,950",32950,Brand New,Gampaha,24-ips-frameless-monitoreye-care1ms-mprt-120hz-asus-gaming-new-for-sale-gampaha,https://ikman.lk/en/ad/24-ips-frameless-monitoreye-care1ms-mprt-120hz-asus-gaming-new-for-sale-gampaha,ShaTech Zone,True,1 month
6a60a352dde3d6070347dd93,"Monitor 32"" Curved 2K Gaming (2560 × 1440) 144HZ | QHD",Other,32 Inch,144Hz,2K QHD,Standard,True,True,False,"Rs 55,250",55250,Used,Colombo,monitor-32-curved-2k-gaming-2560-x-1440-144hz-qhd-for-sale-colombo,https://ikman.lk/en/ad/monitor-32-curved-2k-gaming-2560-x-1440-144hz-qhd-for-sale-colombo,ShaTech Zone,True,1 month
6a6097fcb7de327a430dea42,"MSI PRO MP243L E14 24.5"" Inch 144Hz 1ms FHD IPS Productivity Monitor",MSI,24.5 Inch,144Hz,1080p FHD,IPS,False,False,False,"Rs 33,500",33500,Brand New,Colombo,msi-pro-mp243l-e14-245-inch-144hz-1ms-fhd-ips-productivity-monitor-for-sale-colombo-13,https://ikman.lk/en/ad/msi-pro-mp243l-e14-245-inch-144hz-1ms-fhd-ips-productivity-monitor-for-sale-colombo-13,Myitem.lk (PVT) Ltd,True,1 month
6a6092beb7de327a430dea0f,"MSI Pro MP251L E2 25"" Inch 120Hz Full HD IPS Frameless Brand New Monitor",MSI,25 Inch,120Hz,1080p FHD,IPS,False,False,True,"Rs 32,000",32000,Brand New,Colombo,msi-pro-mp251l-e2-25-inch-120hz-full-hd-ips-frameless-brand-new-monitor-for-sale-colombo-48,https://ikman.lk/en/ad/msi-pro-mp251l-e2-25-inch-120hz-full-hd-ips-frameless-brand-new-monitor-for-sale-colombo-48,Max Core PC,True,1 month
6a608d33842b1394631dafcf,"Samsung F24T450FQE 24"" Inch Full HD IPS Frameless HDMI Used Monitor",Samsung,24 Inch,60Hz,1080p FHD,IPS,False,False,True,"Rs 20,990",20990,Used,Colombo,samsung-f24t450fqe-24-inch-full-hd-ips-frameless-hdmi-used-monitor-for-sale-colombo-51,https://ikman.lk/en/ad/samsung-f24t450fqe-24-inch-full-hd-ips-frameless-hdmi-used-monitor-for-sale-colombo-51,Max Core PC,True,1 month
6a6087b1f1cf055ee2412f7d,"22"" IPS FHD HDMI FRAMELESS MONITOR",Other,22 Inch,60Hz,1080p FHD,IPS,False,False,True,"Rs 17,450",17450,Used,Gampaha,22-ips-fhd-hdmi-frameless-monitor-for-sale-gampaha,https://ikman.lk/en/ad/22-ips-fhd-hdmi-frameless-monitor-for-sale-gampaha,ShaTech Zone,True,1 month
6a6082fdf2fbe1ca13b036d2,"Acer 27"" Full HD Nitro Gaming Monitor - KG273 W3 240Hz Brand New",Acer,27 Inch,240Hz,1080p FHD,Standard,False,True,False,"Rs 49,500",49500,Brand New,Colombo,acer-27-full-hd-nitro-gaming-monitor-kg273-w3-240hz-brand-new-for-sale-colombo-61,https://ikman.lk/en/ad/acer-27-full-hd-nitro-gaming-monitor-kg273-w3-240hz-brand-new-for-sale-colombo-61,Myitem.lk (PVT) Ltd,True,1 month
6a6075349c580c20dec81f73,"Acer EK271 27"" Inch 144Hz IPS HDMI Frameless Gaming Monitor",Acer,27 Inch,144Hz,HD,IPS,False,True,True,"Rs 35,990",35990,Brand New,Colombo,acer-ek271-27-inch-144hz-ips-hdmi-frameless-gaming-monitor-for-sale-colombo-71,https://ikman.lk/en/ad/acer-ek271-27-inch-144hz-ips-hdmi-frameless-gaming-monitor-for-sale-colombo-71,Max Core PC,True,1 month
6a60744b85b3b672be409208,"KOORUI 27"" E2721H QHD IPS 120HZ 2K BRAND NEW GAMING MONITOR",Other,27 Inch,120Hz,2K QHD,IPS,False,True,False,"Rs 52,500",52500,Brand New,Colombo,koorui-27-e2721h-qhd-ips-120hz-2k-brand-new-gaming-monitor-for-sale-colombo,https://ikman.lk/en/ad/koorui-27-e2721h-qhd-ips-120hz-2k-brand-new-gaming-monitor-for-sale-colombo,Myitem.lk (PVT) Ltd,True,1 month
6a606cdf9397a744e14224ad,"Emark 24"" EW2427SH 144Hz IPS Full HD Frameless Gaming Monitor",Other,24 Inch,144Hz,1080p FHD,IPS,False,True,True,"Rs 30,000",30000,Brand New,Colombo,emark-24-ew2427sh-144hz-ips-full-hd-frameless-gaming-monitor-for-sale-colombo-30,https://ikman.lk/en/ad/emark-24-ew2427sh-144hz-ips-full-hd-frameless-gaming-monitor-for-sale-colombo-30,Max Core PC,True,1 month
6a60698c85b3b672be40917c,"Emark 24"" EW2427SH 144Hz IPS Full HD Frameless Gaming Monitor",Other,24 Inch,144Hz,1080p FHD,IPS,False,True,True,"Rs 29,990",29990,Brand New,Colombo,emark-24-ew2427sh-144hz-ips-full-hd-frameless-gaming-monitor-for-sale-colombo-29,https://ikman.lk/en/ad/emark-24-ew2427sh-144hz-ips-full-hd-frameless-gaming-monitor-for-sale-colombo-29,Myitem.lk (PVT) Ltd,True,1 month
6a60597d84b55aeb81b0351a,17 Inches Monitor,Other,17 Inch,60Hz,Unknown,Standard,False,False,False,"Rs 5,000",5000,Used,Colombo,17-inches-for-sale-colombo,https://ikman.lk/en/ad/17-inches-for-sale-colombo,,False,1 month
6a6065b503f3b1084a412e5e,Acer 27 Inch Gaming Moniters |144Hz refresh rate| Frameless,Acer,27 Inch,144Hz,1080p FHD,Standard,False,True,True,"Rs 36,800",36800,Used,Colombo,acer-27-inch-gaming-moniters-144hz-refresh-rate-frameless-for-sale-colombo-4,https://ikman.lk/en/ad/acer-27-inch-gaming-moniters-144hz-refresh-rate-frameless-for-sale-colombo-4, Laptop Market,True,1 month
6a605c07d542127d8eb03589,"MSI Pro MP251L E2 25"" Inch 120HZ Full HD IPS Frameless Monitor",MSI,25 Inch,120Hz,1080p FHD,IPS,False,False,True,"Rs 32,000",32000,Brand New,Colombo,msi-pro-mp251l-e2-25-inch-120hz-full-hd-ips-frameless-monitor-for-sale-colombo-50,https://ikman.lk/en/ad/msi-pro-mp251l-e2-25-inch-120hz-full-hd-ips-frameless-monitor-for-sale-colombo-50,Myitem.lk (PVT) Ltd,True,1 month
6a605a5a46f0a2052a0de7e1,"Nec 19"" Monitor",Other,19 Inch,60Hz,Unknown,Standard,False,False,False,"Rs 6,800",6800,Used,Kalutara,nec-19-monitor-for-sale-kalutara-2,https://ikman.lk/en/ad/nec-19-monitor-for-sale-kalutara-2,R.S Rupasinghe Ukaskaruwo (Pvt) Ltd,True,1 month
6a6057ab180736f56a412db4,HP Elite E230T 23″Inch IPS Touch Screen Used Monitor ( Without Cables ),HP,23 Inch,60Hz,Unknown,IPS,False,False,False,"Rs 38,500",38500,Used,Colombo,hp-elite-e230t-23inch-ips-touch-screen-used-monitor-without-cables-for-sale-colombo-2,https://ikman.lk/en/ad/hp-elite-e230t-23inch-ips-touch-screen-used-monitor-without-cables-for-sale-colombo-2,Mdcomputers.lk(Pvt) Ltd,True,1 month
6a6055379397a744e1422391,Dell P2714HC 27 Inch IPS LED Used Monitor ( Without Cable ),Dell,27 Inch,60Hz,1080p FHD,IPS,False,False,False,"Rs 28,000",28000,Used,Colombo,dell-p2714hc-27-inch-ips-led-used-monitor-without-cable-for-sale-colombo-1,https://ikman.lk/en/ad/dell-p2714hc-27-inch-ips-led-used-monitor-without-cable-for-sale-colombo-1,Mdcomputers.lk(Pvt) Ltd,True,1 month
6a60544d3987e40d6f1dad40,"Dell P2319H 23"" inch Full HD IPS HDMI Frameless Used Monitor (No Cables)",Dell,23 Inch,60Hz,1080p FHD,IPS,False,False,True,"Rs 20,500",20500,Used,Colombo,dell-p2319h-23-inch-full-hd-ips-hdmi-frameless-used-monitor-no-cables-for-sale-colombo-43,https://ikman.lk/en/ad/dell-p2319h-23-inch-full-hd-ips-hdmi-frameless-used-monitor-no-cables-for-sale-colombo-43,Myitem.lk (PVT) Ltd,True,1 month
6a6053a87b001246480c6b01,LENOVO THINKVISION 27 INCH IPS FHD HDMI USED MONITOR,Lenovo,27 Inch,60Hz,1080p FHD,IPS,False,False,False,"Rs 27,500",27500,Used,Colombo,lenovo-thinkvision-27-inch-ips-fhd-hdmi-used-monitor-for-sale-colombo-1,https://ikman.lk/en/ad/lenovo-thinkvision-27-inch-ips-fhd-hdmi-used-monitor-for-sale-colombo-1,Mdcomputers.lk(Pvt) Ltd,True,1 month
6a6052217b001246480c6aea,ATEC 27 INCH FULL HD LED USED MONITOR ( Delivery Not Available ),Other,27 Inch,60Hz,1080p FHD,Standard,False,False,False,"Rs 21,500",21500,Used,Colombo,atec-27-inch-full-hd-led-used-monitor-delivery-not-available-for-sale-colombo-1,https://ikman.lk/en/ad/atec-27-inch-full-hd-led-used-monitor-delivery-not-available-for-sale-colombo-1,Mdcomputers.lk(Pvt) Ltd,True,1 month
6a6050c1963281ea72ba8476,22 INCH TG FULL HD HDMI USED MONITOR,Other,22 Inch,60Hz,1080p FHD,Standard,False,False,False,"Rs 12,500",12500,Used,Colombo,22-inch-tg-full-hd-hdmi-used-monitor-for-sale-colombo-4,https://ikman.lk/en/ad/22-inch-tg-full-hd-hdmi-used-monitor-for-sale-colombo-4,Mdcomputers.lk(Pvt) Ltd,True,1 month
6a60505746f0a2052a0de74c,Koorui E2411K 24INCH 144HZ IPS FHD Brand New Monitor,Other,24 Inch,144Hz,1080p FHD,IPS,False,False,False,"Rs 33,000",33000,Brand New,Colombo,koorui-e2411k-24inch-144hz-ips-fhd-brand-new-monitor-for-sale-colombo-6,https://ikman.lk/en/ad/koorui-e2411k-24inch-144hz-ips-fhd-brand-new-monitor-for-sale-colombo-6,Max Core PC,True,1 month
6a604450b32b60887042221e,"Asus VY279HGR 27"" Inch Full HD IPS Level 120Hz Adaptive Sync Monitor",Asus,27 Inch,120Hz,1080p FHD,IPS,False,False,False,"Rs 46,000",46000,Brand New,Colombo,asus-vy279hgr-27-inch-full-hd-ips-level-120hz-adaptive-sync-monitor-for-sale-colombo-68,https://ikman.lk/en/ad/asus-vy279hgr-27-inch-full-hd-ips-level-120hz-adaptive-sync-monitor-for-sale-colombo-68,Myitem.lk (PVT) Ltd,True,1 month
6a60427e9397a744e1422256,Brand New Acer Vero Series CB272 P6BMIPRX 144HZ Full HD Monitor,Acer,Unknown,144Hz,1080p FHD,Standard,False,False,False,"Rs 44,990",44990,Brand New,Colombo,brand-new-acer-vero-series-cb272-p6bmiprx-144hz-full-hd-monitor-for-sale-colombo-65,https://ikman.lk/en/ad/brand-new-acer-vero-series-cb272-p6bmiprx-144hz-full-hd-monitor-for-sale-colombo-65,Myitem.lk (PVT) Ltd,True,1 month
6a5d9d04d303bd19577801a8,Dell Monitor,Dell,Unknown,60Hz,Unknown,Standard,False,False,False,"Rs 5,000",5000,Used,Kalutara,monitor-for-sale-for-sale-kalutara-1,https://ikman.lk/en/ad/monitor-for-sale-for-sale-kalutara-1,,False,1 month
6a5fa128f63ea09230b08e12,Monitor,Other,Unknown,60Hz,Unknown,Standard,False,False,False,"Rs 5,300",5300,Used,Kegalle,monitar-and-vga-cabel-30m-for-sale-kegalle,https://ikman.lk/en/ad/monitar-and-vga-cabel-30m-for-sale-kegalle,,False,1 month
6a5dc615a06c5c1f181825b1,LG 24inch Monitor,LG,24 Inch,60Hz,1080p FHD,Standard,False,False,False,"Rs 6,500",6500,Used,Kalutara,lg-monitor-for-sale-for-sale-kalutara,https://ikman.lk/en/ad/lg-monitor-for-sale-for-sale-kalutara,,False,1 month
6a5f61ef8dae12e4c69e3afa,"Acer Vero Series CB272 P6bmiprx 27"" Inch144Hz Full HD IPS Monitor NEW",Acer,27 Inch,144Hz,1080p FHD,IPS,False,False,False,"Rs 44,990",44990,Brand New,Colombo,acer-vero-series-cb272-p6bmiprx-27-inch144hz-full-hd-ips-monitor-new-for-sale-colombo-20,https://ikman.lk/en/ad/acer-vero-series-cb272-p6bmiprx-27-inch144hz-full-hd-ips-monitor-new-for-sale-colombo-20,Computer Store.lk Pvt Ltd,True,1 month
6a5f6057b7d246ed4583f9a3,"Acer EK271 27"" Inch 144Hz IPS HDMI Frameless Gaming Monitor",Acer,27 Inch,144Hz,HD,IPS,False,True,True,"Rs 35,990",35990,Brand New,Colombo,acer-ek271-27-inch-144hz-ips-hdmi-frameless-gaming-monitor-for-sale-colombo-70,https://ikman.lk/en/ad/acer-ek271-27-inch-144hz-ips-hdmi-frameless-gaming-monitor-for-sale-colombo-70,Computer Store.lk Pvt Ltd,True,1 month
6a95657a4b24e8c97fe53c04,BELDON BN-TP081D | i7 Dual Touch POS Machine Professional System,Other,Unknown,60Hz,Unknown,Standard,False,False,False,"Rs 370,000",370000,Brand New,Colombo,beldon-bn-tp081d-i7-dual-touch-pos-machine-professional-system-for-sale-colombo-1,https://ikman.lk/en/ad/beldon-bn-tp081d-i7-dual-touch-pos-machine-professional-system-for-sale-colombo-1,POSMAX,True,6 hours
6a5f5fc20624eef263c71798,"Acer EK251 P6BI 25"" Inch 144Hz IPS HDMI Frameless Gaming Monitor",Acer,25 Inch,144Hz,HD,IPS,False,True,True,"Rs 31,500",31500,Brand New,Colombo,acer-ek251-p6bi-25-inch-144hz-ips-hdmi-frameless-gaming-monitor-for-sale-colombo-38,https://ikman.lk/en/ad/acer-ek251-p6bi-25-inch-144hz-ips-hdmi-frameless-gaming-monitor-for-sale-colombo-38,Computer Store.lk Pvt Ltd,True,1 month
6a5f5f88e437d1321883fa57,Asus Rog Strix XG259CMS 24.5” brand New Gaming Monitor,Asus,24 Inch,60Hz,1080p FHD,Standard,False,True,False,"Rs 103,000",103000,Brand New,Colombo,asus-rog-strix-xg259cms-245-brand-new-gaming-monitor-for-sale-colombo-5,https://ikman.lk/en/ad/asus-rog-strix-xg259cms-245-brand-new-gaming-monitor-for-sale-colombo-5,I MAC LK(PVT)LTD,True,1 month
6a5f5e662fbcab3de0c7176e,MSI Pro MP245PG E14 23.8″ INCH 144HZ 1MS FHD FRAMELESS MONITOR NEW,MSI,23 Inch,144Hz,1080p FHD,Standard,False,False,True,"Rs 47,500",47500,Brand New,Colombo,msi-pro-mp245pg-e14-238-inch-144hz-1ms-fhd-frameless-monitor-new-for-sale-colombo-7,https://ikman.lk/en/ad/msi-pro-mp245pg-e14-238-inch-144hz-1ms-fhd-frameless-monitor-new-for-sale-colombo-7,Computer Store.lk Pvt Ltd,True,1 month
6a5f5dfd0624eef263c71784,"MSI Pro MP243L E14 24.5"" Inch 144Hz 1ms FHD IPS Productivity Monitor",MSI,24.5 Inch,144Hz,1080p FHD,IPS,False,False,False,"Rs 33,500",33500,Brand New,Colombo,msi-pro-mp243l-e14-245-inch-144hz-1ms-fhd-ips-productivity-monitor-for-sale-colombo-12,https://ikman.lk/en/ad/msi-pro-mp243l-e14-245-inch-144hz-1ms-fhd-ips-productivity-monitor-for-sale-colombo-12,Computer Store.lk Pvt Ltd,True,1 month
6a5f5d639a5af07d33d3256f,"MSI PRO MP225 E12VL 21.5"" Inch 120Hz 1ms FHD Slim Frameless Monitor",MSI,21.5 Inch,120Hz,1080p FHD,Standard,False,False,True,"Rs 26,500",26500,Brand New,Colombo,msi-pro-mp225-e12vl-215-inch-120hz-1ms-fhd-slim-frameless-monitor-for-sale-colombo-16,https://ikman.lk/en/ad/msi-pro-mp225-e12vl-215-inch-120hz-1ms-fhd-slim-frameless-monitor-for-sale-colombo-16,Computer Store.lk Pvt Ltd,True,1 month
6a5f4ace9a5af07d33d324ec,DELL 24″ IPS FHD FRAMELESS MONITOR,Dell,24 Inch,60Hz,1080p FHD,IPS,False,False,True,"Rs 18,900",18900,Used,Puttalam,dell-24-ips-fhd-frameless-monitor-for-sale-puttalam-8,https://ikman.lk/en/ad/dell-24-ips-fhd-frameless-monitor-for-sale-puttalam-8,SMART ZONE,True,1 month
6a5efa5a899438c12343eac9,Monitor,Other,Unknown,60Hz,Unknown,Standard,False,False,False,"Rs 8,000",8000,Used,Colombo,monitor-for-sale-colombo-826,https://ikman.lk/en/ad/monitor-for-sale-colombo-826,,False,1 month
6a5f2d632dc5c79e824778c9,"LG 24"" FHD LED HDMI IPS MONITOR",LG,24 Inch,60Hz,1080p FHD,IPS,False,False,False,"Rs 12,900",12900,Used,Puttalam,lg-24-fhd-led-hdmi-ips-monitor-for-sale-puttalam,https://ikman.lk/en/ad/lg-24-fhd-led-hdmi-ips-monitor-for-sale-puttalam,SMART ZONE,True,1 month
6a5f2429cf2c89e017821e8a,Acer 27 Inch Gaming Moniters |144Hz refresh rate| Frameless,Acer,27 Inch,144Hz,1080p FHD,Standard,False,True,True,"Rs 36,800",36800,Brand New,Colombo,acer-27-inch-gaming-moniters-144hz-refresh-rate-frameless-for-sale-colombo-3,https://ikman.lk/en/ad/acer-27-inch-gaming-moniters-144hz-refresh-rate-frameless-for-sale-colombo-3, Laptop Market,True,1 month
6a5f23a8f564456a60dfc25d,"Acer 27"" Full HD Nitro Gaming Monitor - KG273 W3 240Hz Brand New",Acer,27 Inch,240Hz,1080p FHD,Standard,False,True,False,"Rs 49,500",49500,Brand New,Colombo,acer-27-full-hd-nitro-gaming-monitor-kg273-w3-240hz-brand-new-for-sale-colombo-60,https://ikman.lk/en/ad/acer-27-full-hd-nitro-gaming-monitor-kg273-w3-240hz-brand-new-for-sale-colombo-60,Myitem.lk (PVT) Ltd,True,1 month
6a5f183f05a390a74fbf9229,"32"" Curved Monitor 2K Gaming (2560 × 1440) 144HZ | QHD",Other,32 Inch,144Hz,2K QHD,Standard,True,True,False,"Rs 55,250",55250,Used,Gampaha,32-curved-monitor-2k-gaming-2560-x-1440-144hz-qhd-for-sale-gampaha,https://ikman.lk/en/ad/32-curved-monitor-2k-gaming-2560-x-1440-144hz-qhd-for-sale-gampaha,ShaTech Zone,True,1 month
6a5f1753eafdaee4e3a147cf,"Monitor 24"" IPS Frameless|Eye Care|1ms (MPRT) 120HZ - Asus Gaming (New)",Asus,24 Inch,120Hz,1080p FHD,IPS,False,True,True,"Rs 32,950",32950,Brand New,Gampaha,monitor-24-ips-framelesseye-care1ms-mprt-120hz-asus-gaming-new-for-sale-gampaha,https://ikman.lk/en/ad/monitor-24-ips-framelesseye-care1ms-mprt-120hz-asus-gaming-new-for-sale-gampaha,ShaTech Zone,True,1 month
6a5f13f85198c3bb9183f680,"Emark 24"" EW2427SH 144Hz IPS Full HD Frameless Gaming Monitor",Other,24 Inch,144Hz,1080p FHD,IPS,False,True,True,"Rs 29,990",29990,Brand New,Colombo,emark-24-ew2427sh-144hz-ips-full-hd-frameless-gaming-monitor-for-sale-colombo-28,https://ikman.lk/en/ad/emark-24-ew2427sh-144hz-ips-full-hd-frameless-gaming-monitor-for-sale-colombo-28,Myitem.lk (PVT) Ltd,True,1 month
6a5f120ecf2c89e017821d93,"Samsung 24"" Inch Full HD IPS Frameless HDMI Gaming Used Monitor",Samsung,24 Inch,60Hz,1080p FHD,IPS,False,True,True,"Rs 22,000",22000,Used,Colombo,samsung-24-inch-full-hd-ips-frameless-hdmi-gaming-used-monitor-for-sale-colombo-49,https://ikman.lk/en/ad/samsung-24-inch-full-hd-ips-frameless-hdmi-gaming-used-monitor-for-sale-colombo-49,Myitem.lk (PVT) Ltd,True,1 month
6a5f0a9eaa6435c379dae408,"MSI PRO MP225 E12VL 21.5"" Inch 120Hz 1ms FHD Slim Frameless Monitor",MSI,21.5 Inch,120Hz,1080p FHD,Standard,False,False,True,"Rs 27,500",27500,Brand New,Colombo,msi-pro-mp225-e12vl-215-inch-120hz-1ms-fhd-slim-frameless-monitor-for-sale-colombo-15,https://ikman.lk/en/ad/msi-pro-mp225-e12vl-215-inch-120hz-1ms-fhd-slim-frameless-monitor-for-sale-colombo-15,Myitem.lk (PVT) Ltd,True,1 month
6a073196a70abda809007047,"ACER EK251Q 24.5"" 100Hz IPS Monitor",Acer,24.5 Inch,100Hz,Unknown,IPS,False,False,False,"Rs 33,500",33500,Brand New,Colombo,acer-ek251q-245-100hz-ips-monitor-for-sale-colombo-27,https://ikman.lk/en/ad/acer-ek251q-245-100hz-ips-monitor-for-sale-colombo-27,PC Cart Kesbewa ,True,1 month
6a5f073a9a5af07d33d321ac,"MSI Pro MP225 E12VL 21.5"" Inch 120HZ FHD Slim Frameless Monitor",MSI,21.5 Inch,120Hz,1080p FHD,Standard,False,False,True,"Rs 26,500",26500,Brand New,Colombo,msi-pro-mp225-e12vl-215-inch-120hz-fhd-slim-frameless-monitor-for-sale-colombo-2,https://ikman.lk/en/ad/msi-pro-mp225-e12vl-215-inch-120hz-fhd-slim-frameless-monitor-for-sale-colombo-2,Max Core PC,True,1 month
69ecbafff86e1add04943268,Asus Laptop Back Pack,Asus,Unknown,60Hz,Unknown,Standard,False,False,False,"Rs 2,500",2500,Brand New,Colombo,asus-laptop-back-pack-for-sale-colombo-1,https://ikman.lk/en/ad/asus-laptop-back-pack-for-sale-colombo-1,PC Cart Kesbewa ,True,1 month
69eae80db90f8c73aaff63f0,"ACER EK251Q 24.5"" 100Hz IPS Monitor",Acer,24.5 Inch,100Hz,Unknown,IPS,False,False,False,"Rs 33,500",33500,Brand New,Colombo,acer-ek251q-245-100hz-ips-monitor-for-sale-colombo-26,https://ikman.lk/en/ad/acer-ek251q-245-100hz-ips-monitor-for-sale-colombo-26,PC Cart Kesbewa ,True,1 month
6a5f01e10793da9127821ccc,DHAHUA 22INCH LED MONITOR 120HZ /10800,Other,22 Inch,120Hz,1080p FHD,Standard,False,False,False,"Rs 25,500",25500,Brand New,Kandy,dhahua-22inch-led-monitor-120hz-10800-for-sale-kandy,https://ikman.lk/en/ad/dhahua-22inch-led-monitor-120hz-10800-for-sale-kandy,GAMERS ARSENAL,True,1 month
6a5f007e0793da9127821cbb,"ViewSonic VA2432A-H 24"" Inch Full HD IPS 120Hz Frameless Monitor New",Viewsonic,24 Inch,120Hz,1080p FHD,IPS,False,False,True,"Rs 35,500",35500,Brand New,Colombo,viewsonic-va2432a-h-24-inch-full-hd-ips-120hz-frameless-monitor-new-for-sale-colombo-85,https://ikman.lk/en/ad/viewsonic-va2432a-h-24-inch-full-hd-ips-120hz-frameless-monitor-new-for-sale-colombo-85,Max Core PC,True,1 month
6a5efa7d7c18bd8e7717c7e5,23' Wide HDMI Speaker TV Monitor,Other,23 Inch,60Hz,HD,Standard,False,False,False,"Rs 11,999",11999,Used,Kandy,23-wide-hdmi-speaker-tv-monitor-for-sale-kandy-32,https://ikman.lk/en/ad/23-wide-hdmi-speaker-tv-monitor-for-sale-kandy-32,Computer IT Server,True,1 month
6a5efa52aa6435c379dae30d,23 Wide HDMI Speaker TV Monitor,Other,23 Inch,60Hz,HD,Standard,False,False,False,"Rs 11,999",11999,Used,Kandy,23-wide-hdmi-speaker-tv-monitor-for-sale-kandy-33,https://ikman.lk/en/ad/23-wide-hdmi-speaker-tv-monitor-for-sale-kandy-33,Computer IT Server,True,1 month
6a5ef93bcab44dd25e17c787,23 ' LED IPS HDMI FullHD Rotatable Monitor,Other,23 Inch,60Hz,HD,IPS,False,False,False,"Rs 12,999",12999,Used,Kandy,23-led-ips-hdmi-fullhd-rotatable-monitor-for-sale-kandy-3,https://ikman.lk/en/ad/23-led-ips-hdmi-fullhd-rotatable-monitor-for-sale-kandy-3,Computer IT Server,True,1 month
6a5ef92045c3e4297517c7bb,23 ' LED IPS HDMI FullHD Rotatable Monitor,Other,23 Inch,60Hz,HD,IPS,False,False,False,"Rs 12,999",12999,Used,Kandy,23-led-ips-hdmi-fullhd-rotatable-monitor-for-sale-kandy-1,https://ikman.lk/en/ad/23-led-ips-hdmi-fullhd-rotatable-monitor-for-sale-kandy-1,Computer IT Server,True,1 month
6a5ef8d445c3e4297517c7b1,22 LED Wide Display Monitors,Other,22 Inch,60Hz,1080p FHD,Standard,False,False,False,"Rs 9,999",9999,Used,Kandy,22-led-wide-display-monitors-for-sale-kandy-5,https://ikman.lk/en/ad/22-led-wide-display-monitors-for-sale-kandy-5,Computer IT Server,True,1 month
6a5ef8bbfdc2c0d89dcf3b5e,22 LED Wide Display Monitors,Other,22 Inch,60Hz,1080p FHD,Standard,False,False,False,"Rs 9,999",9999,Used,Kandy,22-led-wide-display-monitors-for-sale-kandy-3,https://ikman.lk/en/ad/22-led-wide-display-monitors-for-sale-kandy-3,Computer IT Server,True,1 month
689044083f8b757b7f8ba535,19 Inch Square Monitors Used,Other,19 Inch,60Hz,Unknown,Standard,False,False,False,"Rs 8,500",8500,Used,Gampaha,19-inch-square-monitors-used-for-sale-gampaha,https://ikman.lk/en/ad/19-inch-square-monitors-used-for-sale-gampaha,U TECZONE,True,1 month
6a5ef56c1bc50ce7f5cf3afe,KOORUI G2711P FHD IPS 27INCH 200HZ BRAND NEW GAMING MONITOR,Other,27 Inch,200Hz,1080p FHD,IPS,False,True,False,"Rs 51,500",51500,Brand New,Colombo,koorui-g2711p-fhd-ips-27inch-200hz-brand-new-gaming-monitor-for-sale-colombo-25,https://ikman.lk/en/ad/koorui-g2711p-fhd-ips-27inch-200hz-brand-new-gaming-monitor-for-sale-colombo-25,Myitem.lk (PVT) Ltd,True,1 month
6a5e1dea8c347d763c93bcd5,"Samsung 24"" LED Monitor For Parts",Samsung,24 Inch,60Hz,1080p FHD,Standard,False,False,False,"Rs 4,000",4000,Used,Kandy,samsung-24-led-monitor-broken-display-for-parts-only-for-sale-kandy-2,https://ikman.lk/en/ad/samsung-24-led-monitor-broken-display-for-parts-only-for-sale-kandy-2,,False,1 month
6a5e3d13927811a16a8bf4e8,Lenovo 24 Inch IPS Monitor,Lenovo,24 Inch,60Hz,1080p FHD,IPS,False,False,False,"Rs 15,000",15000,Used,Colombo,24-inch-ips-monitor-lenovo-for-sale-colombo,https://ikman.lk/en/ad/24-inch-ips-monitor-lenovo-for-sale-colombo,,False,1 month
6a5e2eea5ca305764993bd08,IVOOMI 19 Inch Monitor,Other,19 Inch,60Hz,Unknown,Standard,False,False,False,"Rs 15,500",15500,Brand New,Kalutara,ivoomi-19-inch-monitor-for-sale-kalutara,https://ikman.lk/en/ad/ivoomi-19-inch-monitor-for-sale-kalutara,,False,1 month
6a5db8efc080aa0bf18c75c3,HP Monitor,HP,Unknown,60Hz,Unknown,Standard,False,False,False,"Rs 8,000",8000,Used,Kandy,hp-monitor-for-sale-kandy-18,https://ikman.lk/en/ad/hp-monitor-for-sale-kandy-18,,False,1 month
6a5e130b4680d7061ae32354,"ViewSonic VX3480-2K-PRO 34"" UWQHD Gaming Monitor",Viewsonic,34 Inch,60Hz,2K QHD,Standard,False,True,False,"Rs 133,990",133990,Brand New,Colombo,viewsonic-vx3480-2k-pro-34-uwqhd-gaming-monitor-for-sale-colombo-4,https://ikman.lk/en/ad/viewsonic-vx3480-2k-pro-34-uwqhd-gaming-monitor-for-sale-colombo-4,Computer Store.lk Pvt Ltd,True,1 month
6a5e121471fbc2066de69e85,"Monitor 24"" IPS Gaming (New) Frameless|Eye Care|1ms (MPRT) 120HZ - Asus",Asus,24 Inch,120Hz,1080p FHD,IPS,False,True,True,"Rs 32,950",32950,Brand New,Gampaha,monitor-24-ips-gaming-new-framelesseye-care1ms-mprt-120hz-asus-for-sale-gampaha,https://ikman.lk/en/ad/monitor-24-ips-gaming-new-framelesseye-care1ms-mprt-120hz-asus-for-sale-gampaha,ShaTech Zone,True,1 month
6a5e10915f5fdfd7743aa3b8,"Monitor 2K 32"" Curved Gaming (2560 × 1440) 144HZ | QHD",Other,32 Inch,144Hz,2K QHD,Standard,True,True,False,"Rs 55,250",55250,Used,Colombo,monitor-2k-32-curved-gaming-2560-x-1440-144hz-qhd-for-sale-colombo,https://ikman.lk/en/ad/monitor-2k-32-curved-gaming-2560-x-1440-144hz-qhd-for-sale-colombo,ShaTech Zone,True,1 month
6a5e0aa0c080aa0bf18c78c7,Koorui E2411K 24 INCH 144HZ IPS FHD Brand New Monitor,Other,24 Inch,144Hz,1080p FHD,IPS,False,False,False,"Rs 33,000",33000,Brand New,Colombo,koorui-e2411k-24-inch-144hz-ips-fhd-brand-new-monitor-for-sale-colombo-2,https://ikman.lk/en/ad/koorui-e2411k-24-inch-144hz-ips-fhd-brand-new-monitor-for-sale-colombo-2,Computer Store.lk Pvt Ltd,True,1 month
6a5e09b5dc846f553735494f,KOORUI G2411P 24-inch IPS FHD 200Hz Gaming Monitor,Other,24 Inch,200Hz,1080p FHD,IPS,False,True,False,"Rs 39,000",39000,Brand New,Colombo,koorui-g2411p-24-inch-ips-fhd-200hz-gaming-monitor-for-sale-colombo-21,https://ikman.lk/en/ad/koorui-g2411p-24-inch-ips-fhd-200hz-gaming-monitor-for-sale-colombo-21,Computer Store.lk Pvt Ltd,True,1 month
6a5e0803991d8e30558c789b,MSI Modern MD272QXP 27″ Business and Productivity Monitor 100Hz 2K WQHD,MSI,27 Inch,100Hz,2K QHD,Standard,False,False,False,"Rs 95,000",95000,Brand New,Colombo,msi-modern-md272qxp-27-business-and-productivity-monitor-100hz-2k-wqhd-for-sale-colombo-13,https://ikman.lk/en/ad/msi-modern-md272qxp-27-business-and-productivity-monitor-100hz-2k-wqhd-for-sale-colombo-13,Computer Store.lk Pvt Ltd,True,1 month
6a5e07a108f9c8ea19e322b1,MSI Pro MP273 E14A 27 Inch 144Hz 1ms FHD IPS Productivity Monitor,MSI,27 Inch,144Hz,1080p FHD,IPS,False,False,False,"Rs 49,990",49990,Brand New,Colombo,msi-pro-mp273-e14a-27-inch-144hz-1ms-fhd-ips-productivity-monitor-for-sale-colombo-40,https://ikman.lk/en/ad/msi-pro-mp273-e14a-27-inch-144hz-1ms-fhd-ips-productivity-monitor-for-sale-colombo-40,Computer Store.lk Pvt Ltd,True,1 month
6a5e079c09f0d1e4e3a46105,Viewsonic VA270A-H 27INCH 120Hz FHD IPS Brand New Monitor,Viewsonic,27 Inch,120Hz,1080p FHD,IPS,False,False,False,"Rs 41,500",41500,Brand New,Colombo,viewsonic-va270a-h-27inch-120hz-fhd-ips-brand-new-monitor-for-sale-colombo-9,https://ikman.lk/en/ad/viewsonic-va270a-h-27inch-120hz-fhd-ips-brand-new-monitor-for-sale-colombo-9,Myitem.lk (PVT) Ltd,True,1 month
6a5e073a4680d7061ae32303,MSI Pro MP245PG E14 23.8″ INCH 144HZ 1MS FHD FRAMELESS MONITOR NEW,MSI,23 Inch,144Hz,1080p FHD,Standard,False,False,True,"Rs 47,500",47500,Brand New,Colombo,msi-pro-mp245pg-e14-238-inch-144hz-1ms-fhd-frameless-monitor-new-for-sale-colombo-6,https://ikman.lk/en/ad/msi-pro-mp245pg-e14-238-inch-144hz-1ms-fhd-frameless-monitor-new-for-sale-colombo-6,Computer Store.lk Pvt Ltd,True,1 month
6a5e06b2dc846f5537354935,"MSI Pro MP243L E14 24.5"" Inch 144Hz 1ms FHD IPS Productivity Monitor",MSI,24.5 Inch,144Hz,1080p FHD,IPS,False,False,False,"Rs 33,500",33500,Brand New,Colombo,msi-pro-mp243l-e14-245-inch-144hz-1ms-fhd-ips-productivity-monitor-for-sale-colombo-11,https://ikman.lk/en/ad/msi-pro-mp243l-e14-245-inch-144hz-1ms-fhd-ips-productivity-monitor-for-sale-colombo-11,Computer Store.lk Pvt Ltd,True,1 month
6a5e0620ab5d00a8d68c78db,"MSI PRO MP225 E12VL 21.5"" Inch 120Hz 1ms FHD Slim Frameless Monitor",MSI,21.5 Inch,120Hz,1080p FHD,Standard,False,False,True,"Rs 26,500",26500,Brand New,Colombo,msi-pro-mp225-e12vl-215-inch-120hz-1ms-fhd-slim-frameless-monitor-for-sale-colombo-14,https://ikman.lk/en/ad/msi-pro-mp225-e12vl-215-inch-120hz-1ms-fhd-slim-frameless-monitor-for-sale-colombo-14,Computer Store.lk Pvt Ltd,True,1 month
6a5e04b88052ef881a5fc4d5,MSI PRO MP243L E14 23.8 INCH FHD 144Hz IPS BRAND NEW MONITOR..,MSI,23.8 Inch,144Hz,1080p FHD,IPS,False,False,False,"Rs 34,000",34000,Brand New,Colombo,msi-pro-mp243l-e14-238-inch-fhd-144hz-ips-brand-new-monitor-for-sale-colombo-4,https://ikman.lk/en/ad/msi-pro-mp243l-e14-238-inch-fhd-144hz-ips-brand-new-monitor-for-sale-colombo-4,I MAC LK (PVT) LTD,True,1 month
6a5e042eef4ba077583aa2fb,Asus Rog Strix XG259CMS 24.5” brand New Gaming Monitor,Asus,24 Inch,60Hz,1080p FHD,Standard,False,True,False,"Rs 103,000",103000,Brand New,Colombo,asus-rog-strix-xg259cms-245-brand-new-gaming-monitor-for-sale-colombo-4,https://ikman.lk/en/ad/asus-rog-strix-xg259cms-245-brand-new-gaming-monitor-for-sale-colombo-4,I MAC LK (PVT) LTD,True,1 month
6a5e03b34680d7061ae322e4,Samsung LS49DG930SEXXS 49 Inch Odyssey OLED G9 Gaming Monitor,Samsung,49 Inch,60Hz,Unknown,OLED,False,True,False,"Rs 525,500",525500,Brand New,Colombo,samsung-ls49dg930sexxs-49-inch-odyssey-oled-g9-gaming-monitor-for-sale-colombo-1,https://ikman.lk/en/ad/samsung-ls49dg930sexxs-49-inch-odyssey-oled-g9-gaming-monitor-for-sale-colombo-1,I MAC LK (PVT) LTD,True,1 month
6a5e03330976df0e7ca460e8,MSI Pro MP225V 21.5 Inch Professional Brand New Monitor,MSI,21.5 Inch,60Hz,Unknown,Standard,False,False,False,"Rs 25,500",25500,Brand New,Colombo,msi-pro-mp225v-215-inch-professional-brand-new-monitor-for-sale-colombo-5,https://ikman.lk/en/ad/msi-pro-mp225v-215-inch-professional-brand-new-monitor-for-sale-colombo-5,I MAC LK (PVT) LTD,True,1 month
6a5e02494c31d159790b4283,Ivoomi 19 Inch LED Monitors Brandnew,Other,19 Inch,60Hz,Unknown,Standard,False,False,False,"Rs 14,500",14500,Used,Colombo,ivoomi-19-inch-led-monitors-brandnew-for-sale-colombo,https://ikman.lk/en/ad/ivoomi-19-inch-led-monitors-brandnew-for-sale-colombo,Sellfast Brandiyawatta Electronics Plaza,False,1 month
6a5def49039a67fe3f0b41e5,"Dell P2319H 23"" Inch IPS Frameless Full HD HDMI Used Monitor",Dell,23 Inch,60Hz,1080p FHD,IPS,False,False,True,"Rs 20,500",20500,Used,Colombo,dell-p2319h-23-inch-ips-frameless-full-hd-hdmi-used-monitor-for-sale-colombo-29,https://ikman.lk/en/ad/dell-p2319h-23-inch-ips-frameless-full-hd-hdmi-used-monitor-for-sale-colombo-29,Max Core PC,True,1 month
6a9561c32844a21209ab4809,BELDON BN-F-31 Fingerprint Smart Door Lock,Other,Unknown,60Hz,Unknown,Standard,False,False,False,"Rs 27,000",27000,Brand New,Colombo,beldon-bn-f-31-fingerprint-smart-door-lock-for-sale-colombo-3,https://ikman.lk/en/ad/beldon-bn-f-31-fingerprint-smart-door-lock-for-sale-colombo-3,POSMAX,True,bump_up
6a5dfe4bdc846f55373548ec,Acer - EK251QP6 24.5INCH 144Hz IPS Brand New Montor,Acer,24.5 Inch,144Hz,Unknown,IPS,False,False,False,"Rs 34,000",34000,Brand New,Colombo,acer-ek251qp6-245inch-144hz-ips-brand-new-montor-for-sale-colombo-11,https://ikman.lk/en/ad/acer-ek251qp6-245inch-144hz-ips-brand-new-montor-for-sale-colombo-11,I MAC LK (PVT) LTD,True,1 month
6a5dfc888cb6854a43e69d87,MSI Mag 321CQF E18 31.5” inch Curved Gaming Monitor,MSI,Unknown,60Hz,Unknown,Standard,True,True,False,"Rs 97,500",97500,Brand New,Colombo,msi-mag-321cqf-e18-315-inch-curved-gaming-monitor-for-sale-colombo-3,https://ikman.lk/en/ad/msi-mag-321cqf-e18-315-inch-curved-gaming-monitor-for-sale-colombo-3,I MAC LK (PVT) LTD,True,1 month
6a5dfb2bc7c4269fbe3548ac,Koorui 27″ S2741LM - brand New Monitor,Other,27 Inch,60Hz,1080p FHD,Standard,False,False,False,"Rs 165,500",165500,Brand New,Colombo,koorui-27-s2741lm-brand-new-monitor-for-sale-colombo-3,https://ikman.lk/en/ad/koorui-27-s2741lm-brand-new-monitor-for-sale-colombo-3,I MAC LK (PVT) LTD,True,1 month
6a5df9048c347d763c93bbd8,Asus Tuf Gaming Vg279 Q3 R Monitor,Asus,Unknown,60Hz,Unknown,Standard,False,True,False,"Rs 57,400",57400,Brand New,Colombo,asus-tuf-gaming-vg279-q3-r-monitor-for-sale-colombo-3,https://ikman.lk/en/ad/asus-tuf-gaming-vg279-q3-r-monitor-for-sale-colombo-3,I MAC LK (PVT) LTD,True,1 month
6a5df87b8052ef881a5fc47b,Samsung LS27BG400EEXXS 27 Inch Gaming Monitor,Samsung,27 Inch,60Hz,1080p FHD,Standard,False,True,False,"Rs 98,000",98000,Brand New,Colombo,samsung-ls27bg400eexxs-27-inch-gaming-monitor-for-sale-colombo-1,https://ikman.lk/en/ad/samsung-ls27bg400eexxs-27-inch-gaming-monitor-for-sale-colombo-1,I MAC LK (PVT) LTD,True,1 month
6a5df7caef4ba077583aa294,Samsung Odyssey LS25BG400EEXXS 25 Inch Gaming Monitor,Samsung,25 Inch,60Hz,Unknown,Standard,False,True,False,"Rs 89,500",89500,Brand New,Colombo,samsung-odyssey-ls25bg400eexxs-25-inch-gaming-monitor-for-sale-colombo-1,https://ikman.lk/en/ad/samsung-odyssey-ls25bg400eexxs-25-inch-gaming-monitor-for-sale-colombo-1,I MAC LK (PVT) LTD,True,1 month
6a5df7015fcd23d352e69d78,Samsung LS27D300GAEXXS 27 Inch Flat Full HD Monitor,Samsung,27 Inch,60Hz,1080p FHD,Standard,False,False,False,"Rs 45,000",45000,Brand New,Colombo,samsung-ls27d300gaexxs-27-inch-flat-full-hd-monitor-for-sale-colombo-1,https://ikman.lk/en/ad/samsung-ls27d300gaexxs-27-inch-flat-full-hd-monitor-for-sale-colombo-1,I MAC LK (PVT) LTD,True,1 month
6a5df4a908f9c8ea19e3220b,Samsung LS24F320GAEXXS 24″ IPS FHD 120Hz Essential Monitor,Samsung,24 Inch,120Hz,1080p FHD,IPS,False,False,False,"Rs 40,000",40000,Brand New,Colombo,samsung-ls24f320gaexxs-24-ips-fhd-120hz-essential-monitor-for-sale-colombo-5,https://ikman.lk/en/ad/samsung-ls24f320gaexxs-24-ips-fhd-120hz-essential-monitor-for-sale-colombo-5,I MAC LK (PVT) LTD,True,1 month
6a5df4115f5fdfd7743aa2ce,Samsung 22″IPS 100Hz LS22D300GAEXXS Brand New Monitor,Samsung,22 Inch,100Hz,1080p FHD,IPS,False,False,False,"Rs 26,500",26500,Brand New,Colombo,samsung-22ips-100hz-ls22d300gaexxs-brand-new-monitor-for-sale-colombo-2,https://ikman.lk/en/ad/samsung-22ips-100hz-ls22d300gaexxs-brand-new-monitor-for-sale-colombo-2,I MAC LK (PVT) LTD,True,1 month
6a5df38ad8fb1d92bb0b420b,SAMSUNG - UA32H5000FRXSG 32″ HD BRAND NEW SMART TV..,Samsung,32 Inch,60Hz,HD,Standard,False,False,False,"Rs 69,500",69500,Brand New,Colombo,samsung-ua32h5000frxsg-32-hd-brand-new-smart-tv-for-sale-colombo-4,https://ikman.lk/en/ad/samsung-ua32h5000frxsg-32-hd-brand-new-smart-tv-for-sale-colombo-4,I MAC LK (PVT) LTD,True,1 month
6a5df2f55ca305764993bb8a,Asus VA259HGA Eye Care Gaming Monitor 25 Inch,Asus,25 Inch,60Hz,Unknown,Standard,False,True,False,"Rs 35,500",35500,Brand New,Colombo,asus-va259hga-eye-care-gaming-monitor-25-inch-for-sale-colombo-7,https://ikman.lk/en/ad/asus-va259hga-eye-care-gaming-monitor-25-inch-for-sale-colombo-7,I MAC LK (PVT) LTD,True,1 month
6a5df11fc080aa0bf18c780b,MSI Mag 325QF E18V 31.5” Inch Gaming Monitor,MSI,Unknown,60Hz,Unknown,Standard,False,True,False,"Rs 92,000",92000,Brand New,Colombo,msi-mag-325qf-e18v-315-inch-gaming-monitor-for-sale-colombo-4,https://ikman.lk/en/ad/msi-mag-325qf-e18v-315-inch-gaming-monitor-for-sale-colombo-4,I MAC LK (PVT) LTD,True,1 month
6a5defa8be212ed1b11c19e9,Koorui 27″Inch 27N5CA Curved VA Monitor 75HZ,Other,27 Inch,75Hz,1080p FHD,VA,True,False,False,"Rs 41,000",41000,Brand New,Colombo,koorui-27inch-27n5ca-curved-va-monitor-75hz-for-sale-colombo-1,https://ikman.lk/en/ad/koorui-27inch-27n5ca-curved-va-monitor-75hz-for-sale-colombo-1,I MAC LK (PVT) LTD,True,1 month
6a5de755ef4ba077583aa213,"Asus VY279HGR 27"" Inch Full HD IPS Level 120Hz Adaptive Sync Monitor",Asus,27 Inch,120Hz,1080p FHD,IPS,False,False,False,"Rs 46,000",46000,Brand New,Colombo,asus-vy279hgr-27-inch-full-hd-ips-level-120hz-adaptive-sync-monitor-for-sale-colombo-67,https://ikman.lk/en/ad/asus-vy279hgr-27-inch-full-hd-ips-level-120hz-adaptive-sync-monitor-for-sale-colombo-67,Myitem.lk (PVT) Ltd,True,1 month
6a5de40cbe212ed1b11c198b,LG 27 inch IPS Monitor,LG,27 Inch,60Hz,1080p FHD,IPS,False,False,False,"Rs 19,500",19500,Used,Kalutara,lg-27-inch-ips-monitor-tv-with-warranty-for-sale-kalutara,https://ikman.lk/en/ad/lg-27-inch-ips-monitor-tv-with-warranty-for-sale-kalutara,,False,1 month
6a0d543cdd70b3926e6d27fe,HKC 32 Inch 2K 144HZ Curved Gaming Monitor,Other,32 Inch,144Hz,2K QHD,Standard,True,True,False,"Rs 50,000",50000,Used,Gampaha,hkc-32-inch-2k-144hz-curved-gaming-monitor-for-sale-gampaha,https://ikman.lk/en/ad/hkc-32-inch-2k-144hz-curved-gaming-monitor-for-sale-gampaha,U TECZONE,True,1 month
6a5ddfeacb1e1a10165fc3bf,23 Inch HP Elite E230T Ips Touch Screen Used Monitor,HP,23 Inch,60Hz,Unknown,IPS,False,False,False,"Rs 38,500",38500,Used,Colombo,23-inch-hp-elite-e230t-ips-touch-screen-used-monitor-for-sale-colombo-50,https://ikman.lk/en/ad/23-inch-hp-elite-e230t-ips-touch-screen-used-monitor-for-sale-colombo-50,Mdcomputers.lk(Pvt) Ltd,True,1 month
6a5dded76d07b4be251c1924,SAMSUNG - UA32H5000FRXSG 32″ HD BRAND NEW SMART TV..,Samsung,32 Inch,60Hz,HD,Standard,False,False,False,"Rs 69,500",69500,Brand New,Colombo,samsung-ua32h5000frxsg-32-hd-brand-new-smart-tv-for-sale-colombo-3,https://ikman.lk/en/ad/samsung-ua32h5000frxsg-32-hd-brand-new-smart-tv-for-sale-colombo-3,I MAC LK(PVT)LTD,True,1 month
6a5ddd65e8232325de1c1904,27 Inch Dell P2714HC Ips LED Used Monitor,Dell,27 Inch,60Hz,1080p FHD,IPS,False,False,False,"Rs 28,000",28000,Used,Colombo,27-inch-dell-p2714hc-ips-led-used-monitor-for-sale-colombo-9,https://ikman.lk/en/ad/27-inch-dell-p2714hc-ips-led-used-monitor-for-sale-colombo-9,Mdcomputers.lk(Pvt) Ltd,True,1 month
6a5ddb90777889562f9cbea4,27 Inch Lenovo Thinkvision IPS FHD HDMI Used Monitor,Lenovo,27 Inch,60Hz,1080p FHD,IPS,False,False,False,"Rs 27,500",27500,Used,Colombo,27-inch-lenovo-thinkvision-ips-fhd-hdmi-used-monitor-for-sale-colombo-27,https://ikman.lk/en/ad/27-inch-lenovo-thinkvision-ips-fhd-hdmi-used-monitor-for-sale-colombo-27,Mdcomputers.lk(Pvt) Ltd,True,1 month
6a5dda77619286cd729242a7,24 Inch Dell Full HD IPS Frameless Monitor,Dell,24 Inch,60Hz,1080p FHD,IPS,False,False,True,"Rs 22,000",22000,Used,Colombo,24-inch-dell-full-hd-ips-frameless-monitor-for-sale-colombo-2,https://ikman.lk/en/ad/24-inch-dell-full-hd-ips-frameless-monitor-for-sale-colombo-2,Mdcomputers.lk(Pvt) Ltd,True,1 month
6a5dd9aba06c5c1f1818267b,MSI Pro MP273 E14A 27 Inch 144HZ 1MS FHD IPS Productivity Monitor New,MSI,27 Inch,144Hz,1080p FHD,IPS,False,False,False,"Rs 44,990",44990,Brand New,Colombo,msi-pro-mp273-e14a-27-inch-144hz-1ms-fhd-ips-productivity-monitor-new-for-sale-colombo-95,https://ikman.lk/en/ad/msi-pro-mp273-e14a-27-inch-144hz-1ms-fhd-ips-productivity-monitor-new-for-sale-colombo-95,Myitem.lk (PVT) Ltd,True,1 month
6a5dd8e1cb1e1a10165fc35f,Koorui E2411K 24 Inch 144HZ IPS FHD Brand New Monitor,Other,24 Inch,144Hz,1080p FHD,IPS,False,False,False,"Rs 33,000",33000,Brand New,Colombo,koorui-e2411k-24-inch-144hz-ips-fhd-brand-new-monitor-for-sale-colombo-1,https://ikman.lk/en/ad/koorui-e2411k-24-inch-144hz-ips-fhd-brand-new-monitor-for-sale-colombo-1,Max Core PC,True,1 month
6a5dd913e8232325de1c18cf,27 Inch Atec Full HD LED Used Monitor,Other,27 Inch,60Hz,1080p FHD,Standard,False,False,False,"Rs 21,500",21500,Used,Colombo,27-inch-atec-full-hd-led-used-monitor-for-sale-colombo-63,https://ikman.lk/en/ad/27-inch-atec-full-hd-led-used-monitor-for-sale-colombo-63,Mdcomputers.lk(Pvt) Ltd,True,1 month
6a5dd7af8cb6854a43e69c49,Brand New Acer Vero Series CB272 P6BMIPRX 144HZ Full HD Monitor,Acer,Unknown,144Hz,1080p FHD,Standard,False,False,False,"Rs 44,990",44990,Brand New,Colombo,brand-new-acer-vero-series-cb272-p6bmiprx-144hz-full-hd-monitor-for-sale-colombo-64,https://ikman.lk/en/ad/brand-new-acer-vero-series-cb272-p6bmiprx-144hz-full-hd-monitor-for-sale-colombo-64,Myitem.lk (PVT) Ltd,True,1 month
6a5dd707363ac32b2b18266f,MSI Pro MP225V 21.5 Inch Professional Brand New Monitor,MSI,21.5 Inch,60Hz,Unknown,Standard,False,False,False,"Rs 25,500",25500,Brand New,Colombo,msi-pro-mp225v-215-inch-professional-brand-new-monitor-for-sale-colombo-4,https://ikman.lk/en/ad/msi-pro-mp225v-215-inch-professional-brand-new-monitor-for-sale-colombo-4,I MAC LK(PVT)LTD,True,1 month
6a5dd4e976acdf34505107ad,"Acer EK251 25"" Inch 144HZ IPS HDMI Frameless Gaming Monitor New",Acer,25 Inch,144Hz,HD,IPS,False,True,True,"Rs 31,990",31990,Brand New,Colombo,acer-ek251-25-inch-144hz-ips-hdmi-frameless-gaming-monitor-new-for-sale-colombo-4,https://ikman.lk/en/ad/acer-ek251-25-inch-144hz-ips-hdmi-frameless-gaming-monitor-new-for-sale-colombo-4,Myitem.lk (PVT) Ltd,True,1 month
6a5dd3bc110bb237f7b7f852,Koorui GN06 27″ FHD 1080P IPS brand New Monitor,Other,27 Inch,60Hz,1080p FHD,IPS,False,False,False,"Rs 53,500",53500,Brand New,Colombo,koorui-gn06-27-fhd-1080p-ips-brand-new-monitor-for-sale-colombo-3,https://ikman.lk/en/ad/koorui-gn06-27-fhd-1080p-ips-brand-new-monitor-for-sale-colombo-3,I MAC LK(PVT)LTD,True,1 month
6a5dd1385f5fdfd7743aa163,"ViewSonic VA2432A-H 24"" Inch Full HD IPS 120HZ Frameless Monitor New",Viewsonic,24 Inch,120Hz,1080p FHD,IPS,False,False,True,"Rs 35,500",35500,Brand New,Colombo,viewsonic-va2432a-h-24-inch-full-hd-ips-120hz-frameless-monitor-new-for-sale-colombo-84,https://ikman.lk/en/ad/viewsonic-va2432a-h-24-inch-full-hd-ips-120hz-frameless-monitor-new-for-sale-colombo-84,Myitem.lk (PVT) Ltd,True,1 month
6a5dc9576e5958c1951825d4,"MSI PRO MP225 E12VL 21.5"" Inch 120Hz 1ms FHD Slim Frameless Monitor",MSI,21.5 Inch,120Hz,1080p FHD,Standard,False,False,True,"Rs 27,500",27500,Brand New,Colombo,msi-pro-mp225-e12vl-215-inch-120hz-1ms-fhd-slim-frameless-monitor-for-sale-colombo-13,https://ikman.lk/en/ad/msi-pro-mp225-e12vl-215-inch-120hz-1ms-fhd-slim-frameless-monitor-for-sale-colombo-13,Myitem.lk (PVT) Ltd,True,1 month
6a5dc7d97c3c3443c2f8c4bb,Samsung Odyssey LS25BG400EEXXS 25 Inch Gaming Monitor,Samsung,25 Inch,60Hz,Unknown,Standard,False,True,False,"Rs 89,500",89500,Brand New,Colombo,samsung-odyssey-ls25bg400eexxs-25-inch-gaming-monitor-for-sale-colombo-3,https://ikman.lk/en/ad/samsung-odyssey-ls25bg400eexxs-25-inch-gaming-monitor-for-sale-colombo-3,I MAC LK(PVT)LTD,True,1 month
6a5dc413a13b3230f502b958,Acer 27 Inch Brandnew Monitors (144Hz),Acer,27 Inch,144Hz,1080p FHD,Standard,False,False,False,"Rs 37,500",37500,Brand New,Colombo,acer-27-inch-brandnew-monitors-144hz-for-sale-colombo-38,https://ikman.lk/en/ad/acer-27-inch-brandnew-monitors-144hz-for-sale-colombo-38, Laptop Market,True,1 month
6a5dc28137d4177f1b81d582,Asus Tuf Gaming Vg279 Q3 R Monitor,Asus,Unknown,60Hz,Unknown,Standard,False,True,False,"Rs 57,400",57400,Brand New,Colombo,asus-tuf-gaming-vg279-q3-r-monitor-for-sale-colombo-2,https://ikman.lk/en/ad/asus-tuf-gaming-vg279-q3-r-monitor-for-sale-colombo-2,I MAC LK(PVT)LTD,True,1 month
6a5dbf82dc24a5dea202b97a,Acer Nitro KG273 W3 27INCH Gaming Monitor,Acer,27 Inch,60Hz,1080p FHD,Standard,False,True,False,"Rs 50,000",50000,Brand New,Colombo,acer-nitro-kg273-w3-27inch-gaming-monitor-for-sale-colombo-3,https://ikman.lk/en/ad/acer-nitro-kg273-w3-27inch-gaming-monitor-for-sale-colombo-3,I MAC LK(PVT)LTD,True,1 month
6a5dbd1d44bd6635623aa042,Asus VY279HGR 27″ Inch Gaming Monitor,Asus,27 Inch,60Hz,1080p FHD,Standard,False,True,False,"Rs 49,500",49500,Brand New,Colombo,asus-vy279hgr-27-inch-gaming-monitor-for-sale-colombo-1,https://ikman.lk/en/ad/asus-vy279hgr-27-inch-gaming-monitor-for-sale-colombo-1,I MAC LK (PVT) LTD,True,1 month
6a5dba1b37d4177f1b81d4e1,"MSI Pro MP251L E2 25"" Inch 120HZ Full HD IPS Frameless Monitor",MSI,25 Inch,120Hz,1080p FHD,IPS,False,False,True,"Rs 32,000",32000,Brand New,Colombo,msi-pro-mp251l-e2-25-inch-120hz-full-hd-ips-frameless-monitor-for-sale-colombo-49,https://ikman.lk/en/ad/msi-pro-mp251l-e2-25-inch-120hz-full-hd-ips-frameless-monitor-for-sale-colombo-49,Myitem.lk (PVT) Ltd,True,1 month
6a5db856a13b3230f502b8b8,"Dell P2319H 23"" inch Full HD IPS HDMI Frameless Used Monitor (No Cables)",Dell,23 Inch,60Hz,1080p FHD,IPS,False,False,True,"Rs 20,500",20500,Used,Colombo,dell-p2319h-23-inch-full-hd-ips-hdmi-frameless-used-monitor-no-cables-for-sale-colombo-42,https://ikman.lk/en/ad/dell-p2319h-23-inch-full-hd-ips-hdmi-frameless-used-monitor-no-cables-for-sale-colombo-42,Myitem.lk (PVT) Ltd,True,1 month
6a5db71d44318495ea8069fe,"Emark 24"" EW2427SH 144Hz IPS Full HD Frameless Gaming Monitor",Other,24 Inch,144Hz,1080p FHD,IPS,False,True,True,"Rs 30,000",30000,Brand New,Colombo,emark-24-ew2427sh-144hz-ips-full-hd-frameless-gaming-monitor-for-sale-colombo-27,https://ikman.lk/en/ad/emark-24-ew2427sh-144hz-ips-full-hd-frameless-gaming-monitor-for-sale-colombo-27,Max Core PC,True,1 month
6a5db661c080aa0bf18c758a,"Acer EK271 27"" Inch 144Hz IPS HDMI Frameless Gaming Monitor",Acer,27 Inch,144Hz,HD,IPS,False,True,True,"Rs 35,990",35990,Brand New,Colombo,acer-ek271-27-inch-144hz-ips-hdmi-frameless-gaming-monitor-for-sale-colombo-69,https://ikman.lk/en/ad/acer-ek271-27-inch-144hz-ips-hdmi-frameless-gaming-monitor-for-sale-colombo-69,Max Core PC,True,1 month
6a5db55af59ff98ab692b427,"Asus 25"" VA259HGA 120Hz IPS Eye Care Gaming Monitor",Asus,25 Inch,120Hz,Unknown,IPS,False,True,False,"Rs 34,500",34500,Brand New,Colombo,asus-25-va259hga-120hz-ips-eye-care-gaming-monitor-for-sale-colombo-47,https://ikman.lk/en/ad/asus-25-va259hga-120hz-ips-eye-care-gaming-monitor-for-sale-colombo-47,Max Core PC,True,1 month
6a5db2934b503fc5e35d2995,"MSI Pro MP225 E12VL 21.5"" Inch 120HZ FHD Slim Frameless Monitor",MSI,21.5 Inch,120Hz,1080p FHD,Standard,False,False,True,"Rs 26,500",26500,Brand New,Colombo,msi-pro-mp225-e12vl-215-inch-120hz-fhd-slim-frameless-monitor-for-sale-colombo-1,https://ikman.lk/en/ad/msi-pro-mp225-e12vl-215-inch-120hz-fhd-slim-frameless-monitor-for-sale-colombo-1,Max Core PC,True,1 month
6a5db31ff59ff98ab692b40d,"Abans 24"" Frameless monitor",Other,24 Inch,60Hz,1080p FHD,Standard,False,False,True,"Rs 23,000",23000,Used,Matara,abans-24-frameless-monitor-for-sale-matara,https://ikman.lk/en/ad/abans-24-frameless-monitor-for-sale-matara,,False,1 month
6a5dad77cdb86aedbbd58e28,"Emark 24"" EW2427SH 144Hz IPS Full HD Frameless Gaming Monitor",Other,24 Inch,144Hz,1080p FHD,IPS,False,True,True,"Rs 29,990",29990,Brand New,Colombo,emark-24-ew2427sh-144hz-ips-full-hd-frameless-gaming-monitor-for-sale-colombo-26,https://ikman.lk/en/ad/emark-24-ew2427sh-144hz-ips-full-hd-frameless-gaming-monitor-for-sale-colombo-26,Myitem.lk (PVT) Ltd,True,1 month
6a5dab9ea4265cff34d58e8b,"Samsung 24"" Inch Full HD IPS Frameless HDMI Gaming Used Monitor",Samsung,24 Inch,60Hz,1080p FHD,IPS,False,True,True,"Rs 22,000",22000,Used,Colombo,samsung-24-inch-full-hd-ips-frameless-hdmi-gaming-used-monitor-for-sale-colombo-48,https://ikman.lk/en/ad/samsung-24-inch-full-hd-ips-frameless-hdmi-gaming-used-monitor-for-sale-colombo-48,Myitem.lk (PVT) Ltd,True,1 month
6a5da84ce7b05785cf5d28a3,"Acer 27"" Full HD Nitro Gaming Monitor - KG273 W3 240Hz Brand New",Acer,27 Inch,240Hz,1080p FHD,Standard,False,True,False,"Rs 49,500",49500,Brand New,Colombo,acer-27-full-hd-nitro-gaming-monitor-kg273-w3-240hz-brand-new-for-sale-colombo-59,https://ikman.lk/en/ad/acer-27-full-hd-nitro-gaming-monitor-kg273-w3-240hz-brand-new-for-sale-colombo-59,Myitem.lk (PVT) Ltd,True,1 month
6a5d8c754c8bc14f0278010a,ips 24ft monitor,Other,Unknown,60Hz,Unknown,IPS,False,False,False,"Rs 12,000",12000,Used,Galle,ips-original-24ft-monitor-for-sale-galle,https://ikman.lk/en/ad/ips-original-24ft-monitor-for-sale-galle,,False,1 month
6a5cf7413bd8dca9e2b346a5,Koorui E2212F 100hz FHD Monitor,Other,Unknown,100Hz,1080p FHD,Standard,False,False,False,"Rs 20,000",20000,Used,Kalutara,koorui-e2212f-100hz-fhd-monitor-for-sale-kalutara,https://ikman.lk/en/ad/koorui-e2212f-100hz-fhd-monitor-for-sale-kalutara,,False,1 month
6a5ce0ac6345af3fc74d7402,"ViewSonic VX2776-sh 27"" IPS 75Hz Monitor",Viewsonic,27 Inch,75Hz,1080p FHD,IPS,False,False,False,"Rs 45,000",45000,Used,Anuradhapura,viewsonic-vx2776-sh-27-ips-75hz-monitor-with-original-box-for-sale-anuradhapura,https://ikman.lk/en/ad/viewsonic-vx2776-sh-27-ips-75hz-monitor-with-original-box-for-sale-anuradhapura,,False,1 month
6a5cd23efcef5e9da8a1e434,Lenovo Full HD LED 23 Inch Frameless Monitor,Lenovo,23 Inch,60Hz,1080p FHD,Standard,False,False,True,"Rs 14,500",14500,Used,Gampaha,lenovo-full-hd-led-23-inch-frameless-monitor-for-sale-gampaha,https://ikman.lk/en/ad/lenovo-full-hd-led-23-inch-frameless-monitor-for-sale-gampaha,,False,1 month
6a5cd39ab718b7f56f1cb13c,"Asus Monitor 24"" IPS 120HZ Gaming (Brand New) Frameless|FHD",Asus,24 Inch,120Hz,1080p FHD,IPS,False,True,True,"Rs 32,950",32950,Brand New,Gampaha,asus-monitor-24-ips-120hz-gaming-brand-new-framelessfhd-for-sale-gampaha-1,https://ikman.lk/en/ad/asus-monitor-24-ips-120hz-gaming-brand-new-framelessfhd-for-sale-gampaha-1,ShaTech Zone,True,1 month
6a5cd31b9c6d359de8a42ec5,"32"" Monitor 2K Curved Gaming (2560 × 1440) 144HZ | QHD",Other,32 Inch,144Hz,2K QHD,Standard,True,True,False,"Rs 55,250",55250,Used,Gampaha,32-monitor-2k-curved-gaming-2560-x-1440-144hz-qhd-for-sale-gampaha-1,https://ikman.lk/en/ad/32-monitor-2k-curved-gaming-2560-x-1440-144hz-qhd-for-sale-gampaha-1,ShaTech Zone,True,1 month
6a5cbb4199504cbd41a1e3f0,MSI PRO MP243L E14 23.8 INCH FHD 144Hz IPS BRAND NEW MONITOR..,MSI,23.8 Inch,144Hz,1080p FHD,IPS,False,False,False,"Rs 34,000",34000,Brand New,Colombo,msi-pro-mp243l-e14-238-inch-fhd-144hz-ips-brand-new-monitor-for-sale-colombo-3,https://ikman.lk/en/ad/msi-pro-mp243l-e14-238-inch-fhd-144hz-ips-brand-new-monitor-for-sale-colombo-3,I MAC LK(PVT)LTD,True,1 month
6a5cba3ba8bf0806ccf951bf,MSI Mag 325QF E18V 31.5” Inch Gaming Monitor,MSI,Unknown,60Hz,Unknown,Standard,False,True,False,"Rs 92,000",92000,Brand New,Colombo,msi-mag-325qf-e18v-315-inch-gaming-monitor-for-sale-colombo-3,https://ikman.lk/en/ad/msi-mag-325qf-e18v-315-inch-gaming-monitor-for-sale-colombo-3,I MAC LK(PVT)LTD,True,1 month
6a5cb339136c63aa79975eaf,Samsung LS49DG930SEXXS 49 Inch Odyssey OLED G9 Gaming Monitor,Samsung,49 Inch,60Hz,Unknown,OLED,False,True,False,"Rs 525,500",525500,Brand New,Colombo,samsung-ls49dg930sexxs-49-inch-odyssey-oled-g9-gaming-monitor-for-sale-colombo-2,https://ikman.lk/en/ad/samsung-ls49dg930sexxs-49-inch-odyssey-oled-g9-gaming-monitor-for-sale-colombo-2,I MAC LK(PVT)LTD,True,1 month
6a5cb00c2efa0a420d4d7307,Asus Rog Strix XG259CMS 24.5” brand New Gaming Monitor,Asus,24 Inch,60Hz,1080p FHD,Standard,False,True,False,"Rs 103,000",103000,Brand New,Colombo,asus-rog-strix-xg259cms-245-brand-new-gaming-monitor-for-sale-colombo-3,https://ikman.lk/en/ad/asus-rog-strix-xg259cms-245-brand-new-gaming-monitor-for-sale-colombo-3,I MAC LK(PVT)LTD,True,1 month
6a5c9aba5b1e4bee2d905f69,SAMSUNG - UA32H5000FRXSG 32″ HD BRAND NEW SMART TV..,Samsung,32 Inch,60Hz,HD,Standard,False,False,False,"Rs 69,500",69500,Brand New,Colombo,samsung-ua32h5000frxsg-32-hd-brand-new-smart-tv-for-sale-colombo-2,https://ikman.lk/en/ad/samsung-ua32h5000frxsg-32-hd-brand-new-smart-tv-for-sale-colombo-2,I MAC LK(PVT)LTD,True,1 month
6a5c94245e2099ed9ef950c5,22” inch LCD Samsung Monitor,Samsung,22 Inch,60Hz,1080p FHD,Standard,False,False,False,"Rs 20,000",20000,Used,Colombo,22-inch-lcd-samsung-monitor-for-sale-colombo,https://ikman.lk/en/ad/22-inch-lcd-samsung-monitor-for-sale-colombo,,False,1 month
6a5c7b64a8bf0806ccf95020,Samsung Odyssey LS25BG400EEXXS 25 Inch Gaming Monitor,Samsung,25 Inch,60Hz,Unknown,Standard,False,True,False,"Rs 89,500",89500,Brand New,Colombo,samsung-odyssey-ls25bg400eexxs-25-inch-gaming-monitor-for-sale-colombo-2,https://ikman.lk/en/ad/samsung-odyssey-ls25bg400eexxs-25-inch-gaming-monitor-for-sale-colombo-2,I MAC LK(PVT)LTD,True,1 month
6a5c77a6b718b7f56f1caed2,Acer 27 Inch Gaming Moniters |144Hz refresh rate| Frameless,Acer,27 Inch,144Hz,1080p FHD,Standard,False,True,True,"Rs 36,800",36800,Used,Colombo,acer-27-inch-gaming-moniters-144hz-refresh-rate-frameless-for-sale-colombo-2,https://ikman.lk/en/ad/acer-27-inch-gaming-moniters-144hz-refresh-rate-frameless-for-sale-colombo-2, Laptop Market,True,1 month
6a5c6ed689c4fc33cb68332d,SAMSUNG LS24F320GAEXXS 24″ IPS FHD 120Hz ESSENTIAL MONITOR,Samsung,24 Inch,120Hz,1080p FHD,IPS,False,False,False,"Rs 40,000",40000,Brand New,Colombo,samsung-ls24f320gaexxs-24-ips-fhd-120hz-essential-monitor-for-sale-colombo-3,https://ikman.lk/en/ad/samsung-ls24f320gaexxs-24-ips-fhd-120hz-essential-monitor-for-sale-colombo-3,I MAC LK(PVT)LTD,True,1 month
6a5c6d511fd595e25ba59efa,Koorui GN06 27″ FHD 1080P IPS brand New Monitor,Other,27 Inch,60Hz,1080p FHD,IPS,False,False,False,"Rs 53,500",53500,Brand New,Colombo,koorui-gn06-27-fhd-1080p-ips-brand-new-monitor-for-sale-colombo-2,https://ikman.lk/en/ad/koorui-gn06-27-fhd-1080p-ips-brand-new-monitor-for-sale-colombo-2,I MAC LK(PVT)LTD,True,1 month
6a5c676c36caea8e61a59ea4,MSI Pro MP225V 21.5 Inch Professional Brand New Monitor,MSI,21.5 Inch,60Hz,Unknown,Standard,False,False,False,"Rs 25,500",25500,Brand New,Colombo,msi-pro-mp225v-215-inch-professional-brand-new-monitor-for-sale-colombo-3,https://ikman.lk/en/ad/msi-pro-mp225v-215-inch-professional-brand-new-monitor-for-sale-colombo-3,I MAC LK(PVT)LTD,True,1 month
6a5c50badaed2301c1f94e6e,"GoodView 19"" LED Monitor with speakers HDMI VGA for computers cctv",Other,19 Inch,60Hz,HD,Standard,False,False,False,"Rs 13,500",13500,Brand New,Colombo,goodview-19-led-monitor-with-speakers-hdmi-vga-for-computers-cctv-for-sale-colombo,https://ikman.lk/en/ad/goodview-19-led-monitor-with-speakers-hdmi-vga-for-computers-cctv-for-sale-colombo,CCTV PARTNERS,True,1 month
6a5b870d1828867665007694,"Monitor 32"" 2K Curved Gaming (2560 × 1440) 144HZ | QHD",Other,32 Inch,144Hz,2K QHD,Standard,True,True,False,"Rs 55,250",55250,Used,Gampaha,monitor-32-2k-curved-gaming-2560-x-1440-144hz-qhd-for-sale-gampaha-1,https://ikman.lk/en/ad/monitor-32-2k-curved-gaming-2560-x-1440-144hz-qhd-for-sale-gampaha-1,ShaTech Zone,True,1 month
69b95c79b54b7955a1570bea,27 INCH FULL HD MONITOR,Other,27 Inch,60Hz,1080p FHD,Standard,False,False,False,"Rs 20,000",20000,Used,Kalutara,27-inch-full-hd-monitor-for-sale-kalutara,https://ikman.lk/en/ad/27-inch-full-hd-monitor-for-sale-kalutara,Sheiba Arcade,True,1 month
69b91e3ccdf4e54834f8ca3b,17 19 24 BRAND NEW LED MONITOR ( HDMI ),Other,19 Inch,60Hz,HD,Standard,False,False,False,"Rs 11,000",11000,Brand New,Kalutara,17-19-24-brand-new-led-monitor-hdmi-for-sale-kalutara,https://ikman.lk/en/ad/17-19-24-brand-new-led-monitor-hdmi-for-sale-kalutara,Sheiba Arcade,True,1 month
69b95bd7192954d4e543966e,27 INCH 2K DELL ULTRASHARP MONITOR,Dell,27 Inch,60Hz,2K QHD,Standard,False,False,False,"Rs 30,000",30000,Used,Kalutara,27-inch-2k-dell-ultrasharp-monitor-for-sale-kalutara,https://ikman.lk/en/ad/27-inch-2k-dell-ultrasharp-monitor-for-sale-kalutara,Sheiba Arcade,True,1 month
6a5af338e410b8dacae50834,Monitor,Other,Unknown,60Hz,Unknown,Standard,False,False,False,"Rs 35,000",35000,Used,Hambantota,used-for-sale-hambantota-140,https://ikman.lk/en/ad/used-for-sale-hambantota-140,,False,1 month
6a5b5553ec263b963bfb2b18,Falcon 19” Inch LED+HDMI Brand New Monitor,Other,19 Inch,60Hz,HD,Standard,False,False,False,"Rs 17,000",17000,Brand New,Colombo,falcon-19-inch-ledhdmi-brand-new-monitor-for-sale-colombo-70,https://ikman.lk/en/ad/falcon-19-inch-ledhdmi-brand-new-monitor-for-sale-colombo-70,Mdcomputers.lk(Pvt) Ltd,True,1 month
6a5b53c3880431019fc81a56,Viewsonic VA3209-MH 32”INCH FHD Monitor,Viewsonic,32 Inch,60Hz,1080p FHD,Standard,False,False,False,"Rs 67,500",67500,Brand New,Colombo,viewsonic-va3209-mh-32inch-fhd-monitor-for-sale-colombo-1,https://ikman.lk/en/ad/viewsonic-va3209-mh-32inch-fhd-monitor-for-sale-colombo-1,Mdcomputers.lk(Pvt) Ltd,True,1 month
6a5b4ef7fd11aa21e46314f4,Koorui 25″ G2511E 320Hz Ips FHD HDR400 Brand New Gaming Monitor,Other,25 Inch,320Hz,1080p FHD,IPS,False,True,False,"Rs 49,000",49000,Brand New,Colombo,koorui-25-g2511e-320hz-ips-fhd-hdr400-brand-new-gaming-monitor-for-sale-colombo-5,https://ikman.lk/en/ad/koorui-25-g2511e-320hz-ips-fhd-hdr400-brand-new-gaming-monitor-for-sale-colombo-5,Mdcomputers.lk(Pvt) Ltd,True,1 month
6a5b4c724e7f340566993845,"Samsung F24T450FQE 24"" Inch Full HD IPS Frameless HDMI Used Monitor",Samsung,24 Inch,60Hz,1080p FHD,IPS,False,False,True,"Rs 21,500",21500,Used,Colombo,samsung-f24t450fqe-24-inch-full-hd-ips-frameless-hdmi-used-monitor-for-sale-colombo-50,https://ikman.lk/en/ad/samsung-f24t450fqe-24-inch-full-hd-ips-frameless-hdmi-used-monitor-for-sale-colombo-50,Max Core PC,True,1 month
6a5b4db6880431019fc81a1f,Asus Tuf Gaming VG249Q3R 23.8” Inch FHD Ips 180Hz Brand New Monitor,Asus,23 Inch,180Hz,1080p FHD,IPS,False,True,False,"Rs 44,500",44500,Brand New,Colombo,asus-tuf-gaming-vg249q3r-238-inch-fhd-ips-180hz-brand-new-monitor-for-sale-colombo-4,https://ikman.lk/en/ad/asus-tuf-gaming-vg249q3r-238-inch-fhd-ips-180hz-brand-new-monitor-for-sale-colombo-4,Mdcomputers.lk(Pvt) Ltd,True,1 month
6a5b49381e990130bd22f5fc,Apple - A1657 Magic Mouse,Apple,Unknown,60Hz,Unknown,Standard,False,False,False,"Rs 17,500",17500,Brand New,Colombo,apple-a1657-magic-mouse-for-sale-colombo-1,https://ikman.lk/en/ad/apple-a1657-magic-mouse-for-sale-colombo-1,I MAC LK(PVT)LTD,True,1 month
6a5b48c71e990130bd22f5f7,Apple - A2450 Brand New Magic Keyboard,Apple,Unknown,60Hz,Unknown,Standard,False,False,False,"Rs 38,000",38000,Brand New,Colombo,apple-a2450-brand-new-magic-keyboard-for-sale-colombo-3,https://ikman.lk/en/ad/apple-a2450-brand-new-magic-keyboard-for-sale-colombo-3,I MAC LK(PVT)LTD,True,1 month
6a5b47f901ac0cd62263147a,Apple - A2449 Brand New Magic Keyboard with Touch Id,Apple,Unknown,60Hz,Unknown,Standard,False,False,False,"Rs 41,000",41000,Brand New,Colombo,apple-a2449-brand-new-magic-keyboard-with-touch-id-for-sale-colombo-3,https://ikman.lk/en/ad/apple-a2449-brand-new-magic-keyboard-with-touch-id-for-sale-colombo-3,I MAC LK(PVT)LTD,True,1 month
6a5b46737cacf7eefc320849,MSI Pro MP225V 21.5 Inch VA 100Hz FHD Brand New Monitor,MSI,21.5 Inch,100Hz,1080p FHD,VA,False,False,False,"Rs 25,000",25000,Brand New,Colombo,msi-pro-mp225v-215-inch-va-100hz-fhd-brand-new-monitor-for-sale-colombo-2,https://ikman.lk/en/ad/msi-pro-mp225v-215-inch-va-100hz-fhd-brand-new-monitor-for-sale-colombo-2,Mdcomputers.lk(Pvt) Ltd,True,1 month
6a5b465294fc7101ef22f5c2,Apple - A1843 Brand New Magic Keyboard with Numeric Keypad,Apple,Unknown,60Hz,Unknown,Standard,False,False,False,"Rs 55,000",55000,Brand New,Colombo,apple-a1843-brand-new-magic-keyboard-with-numeric-keypad-for-sale-colombo-3,https://ikman.lk/en/ad/apple-a1843-brand-new-magic-keyboard-with-numeric-keypad-for-sale-colombo-3,I MAC LK(PVT)LTD,True,1 month
6a5b4517bc9d338c7f9937bf,"Asus 25"" VA259HGA 120Hz IPS Eye Care Gaming Monitor",Asus,25 Inch,120Hz,Unknown,IPS,False,True,False,"Rs 34,500",34500,Brand New,Colombo,asus-25-va259hga-120hz-ips-eye-care-gaming-monitor-for-sale-colombo-46,https://ikman.lk/en/ad/asus-25-va259hga-120hz-ips-eye-care-gaming-monitor-for-sale-colombo-46,Max Core PC,True,1 month
6a5b3fac6399763085317fd9,Asus Tuf Gaming Vg279 Q3 R Monitor,Asus,Unknown,60Hz,Unknown,Standard,False,True,False,"Rs 57,400",57400,Brand New,Colombo,asus-tuf-gaming-vg279-q3-r-monitor-for-sale-colombo-1,https://ikman.lk/en/ad/asus-tuf-gaming-vg279-q3-r-monitor-for-sale-colombo-1,I MAC LK (PVT) LTD,True,1 month
6a5b3f72513fc7b7709937bb,"32"" 2K Curved Gaming Monitor (2560 × 1440) 144HZ|QHD",Other,32 Inch,144Hz,2K QHD,Standard,True,True,False,"Rs 55,250",55250,Used,Colombo,32-2k-curved-gaming-monitor-2560-x-1440-144hzqhd-for-sale-colombo-1,https://ikman.lk/en/ad/32-2k-curved-gaming-monitor-2560-x-1440-144hzqhd-for-sale-colombo-1,ShaTech Zone,True,1 month
6a5b3f071e990130bd22f5a4,Samsung LS27BG400EEXXS 27 Inch Gaming Monitor,Samsung,27 Inch,60Hz,1080p FHD,Standard,False,True,False,"Rs 98,000",98000,Brand New,Colombo,samsung-ls27bg400eexxs-27-inch-gaming-monitor-for-sale-colombo,https://ikman.lk/en/ad/samsung-ls27bg400eexxs-27-inch-gaming-monitor-for-sale-colombo,I MAC LK (PVT) LTD,True,1 month
6a5b3e6cbc9d338c7f993785,Samsung Odyssey LS25BG400EEXXS 25 Inch Gaming Monitor,Samsung,25 Inch,60Hz,Unknown,Standard,False,True,False,"Rs 89,500",89500,Brand New,Colombo,samsung-odyssey-ls25bg400eexxs-25-inch-gaming-monitor-for-sale-colombo,https://ikman.lk/en/ad/samsung-odyssey-ls25bg400eexxs-25-inch-gaming-monitor-for-sale-colombo,I MAC LK (PVT) LTD,True,1 month
6a5b3d8b94fc7101ef22f578,"Monitor 24"" IPS Asus 120HZ Gaming (Brand New) Frameless|FHD",Asus,24 Inch,120Hz,1080p FHD,IPS,False,True,True,"Rs 32,950",32950,Brand New,Gampaha,monitor-24-ips-asus-120hz-gaming-brand-new-framelessfhd-for-sale-gampaha-1,https://ikman.lk/en/ad/monitor-24-ips-asus-120hz-gaming-brand-new-framelessfhd-for-sale-gampaha-1,ShaTech Zone,True,1 month
6a5b3d8e6399763085317fc0,Samsung LS27D300GAEXXS 27 Inch Flat Full HD Monitor,Samsung,27 Inch,60Hz,1080p FHD,Standard,False,False,False,"Rs 45,000",45000,Brand New,Colombo,samsung-ls27d300gaexxs-27-inch-flat-full-hd-monitor-for-sale-colombo,https://ikman.lk/en/ad/samsung-ls27d300gaexxs-27-inch-flat-full-hd-monitor-for-sale-colombo,I MAC LK (PVT) LTD,True,1 month
6a5b3d08cf973df806c819f0,Samsung LS24F320GAEXXS 24″ IPS FHD 120Hz Essential Monitor,Samsung,24 Inch,120Hz,1080p FHD,IPS,False,False,False,"Rs 40,000",40000,Brand New,Colombo,samsung-ls24f320gaexxs-24-ips-fhd-120hz-essential-monitor-for-sale-colombo-4,https://ikman.lk/en/ad/samsung-ls24f320gaexxs-24-ips-fhd-120hz-essential-monitor-for-sale-colombo-4,I MAC LK (PVT) LTD,True,1 month
6a5b3c909f9e892456c819a8,Samsung 22″IPS 100Hz LS22D300GAEXXS Brand New Monitor,Samsung,22 Inch,100Hz,1080p FHD,IPS,False,False,False,"Rs 26,500",26500,Brand New,Colombo,samsung-22ips-100hz-ls22d300gaexxs-brand-new-monitor-for-sale-colombo-1,https://ikman.lk/en/ad/samsung-22ips-100hz-ls22d300gaexxs-brand-new-monitor-for-sale-colombo-1,I MAC LK (PVT) LTD,True,1 month
6a5b3c1abc9d338c7f993774,SAMSUNG - UA32H5000FRXSG 32″ HD BRAND NEW SMART TV..,Samsung,32 Inch,60Hz,HD,Standard,False,False,False,"Rs 69,500",69500,Brand New,Colombo,samsung-ua32h5000frxsg-32-hd-brand-new-smart-tv-for-sale-colombo-1,https://ikman.lk/en/ad/samsung-ua32h5000frxsg-32-hd-brand-new-smart-tv-for-sale-colombo-1,I MAC LK (PVT) LTD,True,1 month
6a5b3b7012b961dcefff07db,Asus VA259HGA Eye Care Gaming Monitor 25 Inch,Asus,25 Inch,60Hz,Unknown,Standard,False,True,False,"Rs 35,500",35500,Brand New,Colombo,asus-va259hga-eye-care-gaming-monitor-25-inch-for-sale-colombo-6,https://ikman.lk/en/ad/asus-va259hga-eye-care-gaming-monitor-25-inch-for-sale-colombo-6,I MAC LK (PVT) LTD,True,1 month
6a5b3aedc91a51d000317fa3,MSI Mag 325QF E18V 31.5” Inch Gaming Monitor,MSI,Unknown,60Hz,Unknown,Standard,False,True,False,"Rs 92,000",92000,Brand New,Colombo,msi-mag-325qf-e18v-315-inch-gaming-monitor-for-sale-colombo-2,https://ikman.lk/en/ad/msi-mag-325qf-e18v-315-inch-gaming-monitor-for-sale-colombo-2,I MAC LK (PVT) LTD,True,1 month
6a5b3a057cacf7eefc3207c6,MSI PRO MP243L E14 23.8 INCH FHD 144Hz IPS BRAND NEW MONITOR..,MSI,23.8 Inch,144Hz,1080p FHD,IPS,False,False,False,"Rs 34,000",34000,Brand New,Colombo,msi-pro-mp243l-e14-238-inch-fhd-144hz-ips-brand-new-monitor-for-sale-colombo-2,https://ikman.lk/en/ad/msi-pro-mp243l-e14-238-inch-fhd-144hz-ips-brand-new-monitor-for-sale-colombo-2,I MAC LK (PVT) LTD,True,1 month
6a5b39356399763085317f9a,Asus Rog Strix XG259CMS 24.5” brand New Gaming Monitor,Asus,24 Inch,60Hz,1080p FHD,Standard,False,True,False,"Rs 103,000",103000,Brand New,Colombo,asus-rog-strix-xg259cms-245-brand-new-gaming-monitor-for-sale-colombo-2,https://ikman.lk/en/ad/asus-rog-strix-xg259cms-245-brand-new-gaming-monitor-for-sale-colombo-2,I MAC LK (PVT) LTD,True,1 month
6a5b38b0adafc0ae81fb5bce,Samsung LS49DG930SEXXS 49 Inch Odyssey OLED G9 Gaming Monitor,Samsung,49 Inch,60Hz,Unknown,OLED,False,True,False,"Rs 525,500",525500,Brand New,Colombo,samsung-ls49dg930sexxs-49-inch-odyssey-oled-g9-gaming-monitor-for-sale-colombo,https://ikman.lk/en/ad/samsung-ls49dg930sexxs-49-inch-odyssey-oled-g9-gaming-monitor-for-sale-colombo,I MAC LK (PVT) LTD,True,1 month
6a5b37dbfd11aa21e46313fb,MSI Pro MP225V 21.5 Inch Professional Brand New Monitor,MSI,21.5 Inch,60Hz,Unknown,Standard,False,False,False,"Rs 25,500",25500,Brand New,Colombo,msi-pro-mp225v-215-inch-professional-brand-new-monitor-for-sale-colombo-2,https://ikman.lk/en/ad/msi-pro-mp225v-215-inch-professional-brand-new-monitor-for-sale-colombo-2,I MAC LK (PVT) LTD,True,1 month
6a5b37304e7f340566993770,Acer - EK251QP6 24.5INCH 144Hz IPS Brand New Montor,Acer,24.5 Inch,144Hz,Unknown,IPS,False,False,False,"Rs 34,000",34000,Brand New,Colombo,acer-ek251qp6-245inch-144hz-ips-brand-new-montor-for-sale-colombo-10,https://ikman.lk/en/ad/acer-ek251qp6-245inch-144hz-ips-brand-new-montor-for-sale-colombo-10,I MAC LK (PVT) LTD,True,1 month
6a5b36a04e7f340566993767,22 LED HDMI,Other,22 Inch,60Hz,HD,Standard,False,False,False,"Rs 8,500",8500,Used,Kandy,22-led-hdmi-for-sale-kandy,https://ikman.lk/en/ad/22-led-hdmi-for-sale-kandy,,False,1 month
6a5b36a93cd19ee6c6317f52,MSI Mag 321CQF E18 31.5” inch Curved Gaming Monitor,MSI,Unknown,60Hz,Unknown,Standard,True,True,False,"Rs 97,500",97500,Brand New,Colombo,msi-mag-321cqf-e18-315-inch-curved-gaming-monitor-for-sale-colombo-2,https://ikman.lk/en/ad/msi-mag-321cqf-e18-315-inch-curved-gaming-monitor-for-sale-colombo-2,I MAC LK (PVT) LTD,True,1 month
6a5b3600bc9d338c7f993745,Koorui 27″ S2741LM - brand New Monitor,Other,27 Inch,60Hz,1080p FHD,Standard,False,False,False,"Rs 165,500",165500,Brand New,Colombo,koorui-27-s2741lm-brand-new-monitor-for-sale-colombo-2,https://ikman.lk/en/ad/koorui-27-s2741lm-brand-new-monitor-for-sale-colombo-2,I MAC LK (PVT) LTD,True,1 month
6a5b35103371db1e61ff072c,ASUS VA259HGA Eye Care Gaming Monitor – 25-inch,Asus,25 Inch,60Hz,Unknown,Standard,False,True,False,"Rs 36,500",36500,Used,Colombo,asus-va259hga-eye-care-gaming-monitor-25-inch-for-sale-colombo-4,https://ikman.lk/en/ad/asus-va259hga-eye-care-gaming-monitor-25-inch-for-sale-colombo-4,I MAC LK (PVT) LTD,True,1 month
6a5b25caec263b963bfb2947,Acer Nitro KG273 W3 27 Inch Gaming Monitor,Acer,27 Inch,60Hz,1080p FHD,Standard,False,True,False,"Rs 50,000",50000,Brand New,Colombo,acer-nitro-kg273-w3-27-inch-gaming-monitor-for-sale-colombo,https://ikman.lk/en/ad/acer-nitro-kg273-w3-27-inch-gaming-monitor-for-sale-colombo,I MAC LK (PVT) LTD,True,1 month
6a5b238d7cacf7eefc3206b9,"22"" Inch Lenovo(S22e-19) Frameless IPS Monitor (Full HD)",Lenovo,22 Inch,60Hz,1080p FHD,IPS,False,False,True,"Rs 17,000",17000,Brand New,Colombo,22-inch-lenovos22e-19-frameless-ips-monitor-full-hd-for-sale-colombo-5,https://ikman.lk/en/ad/22-inch-lenovos22e-19-frameless-ips-monitor-full-hd-for-sale-colombo-5,Lio Computers,True,1 month
6a5b2446cf973df806c818ba,27 Inch Atec Full Hd LED Used Monitor,Other,27 Inch,60Hz,1080p FHD,Standard,False,False,False,"Rs 21,500",21500,Used,Colombo,27-inch-atec-full-hd-led-used-monitor-for-sale-colombo-61,https://ikman.lk/en/ad/27-inch-atec-full-hd-led-used-monitor-for-sale-colombo-61,Mdcomputers.lk(Pvt) Ltd,True,1 month
6a5b23f1431a46daa222f428,Koorui 27″Inch 27N5CA Curved VA Monitor 75HZ,Other,27 Inch,75Hz,1080p FHD,VA,True,False,False,"Rs 41,000",41000,Brand New,Colombo,koorui-27inch-27n5ca-curved-va-monitor-75hz-for-sale-colombo,https://ikman.lk/en/ad/koorui-27inch-27n5ca-curved-va-monitor-75hz-for-sale-colombo,I MAC LK (PVT) LTD,True,1 month
6a5b233394fc7101ef22f425,24 INCH DELL FULL HD IPS FRAMLESS USED MONITOR,Dell,24 Inch,60Hz,1080p FHD,IPS,False,False,False,"Rs 22,000",22000,Used,Colombo,24-inch-dell-full-hd-ips-framless-used-monitor-for-sale-colombo,https://ikman.lk/en/ad/24-inch-dell-full-hd-ips-framless-used-monitor-for-sale-colombo,Mdcomputers.lk(Pvt) Ltd,True,1 month
6a5b1d7b880431019fc81832,Asus VY279HGR 27″ Inch Gaming Monitor,Asus,27 Inch,60Hz,1080p FHD,Standard,False,True,False,"Rs 49,500",49500,Brand New,Colombo,asus-vy279hgr-27-inch-gaming-monitor-for-sale-colombo,https://ikman.lk/en/ad/asus-vy279hgr-27-inch-gaming-monitor-for-sale-colombo,I MAC LK (PVT) LTD,True,1 month
6a5b1c241d8f12de1ee9c16e,27 INCH LENOVO THINKVISION IPS FHD HDMI USED MONITOR,Lenovo,27 Inch,60Hz,1080p FHD,IPS,False,False,False,"Rs 27,500",27500,Used,Colombo,27-inch-lenovo-thinkvision-ips-fhd-hdmi-used-monitor-for-sale-colombo-25,https://ikman.lk/en/ad/27-inch-lenovo-thinkvision-ips-fhd-hdmi-used-monitor-for-sale-colombo-25,Mdcomputers.lk(Pvt) Ltd,True,1 month
6a5b15f3513fc7b77099357f,22 Inch TG Full HD HDMI Used Monitor,Other,22 Inch,60Hz,1080p FHD,Standard,False,False,False,"Rs 12,500",12500,Used,Colombo,22-inch-tg-full-hd-hdmi-used-monitor-for-sale-colombo-3,https://ikman.lk/en/ad/22-inch-tg-full-hd-hdmi-used-monitor-for-sale-colombo-3,Mdcomputers.lk(Pvt) Ltd,True,1 month
6a5b13b8e05d35ccca1f36ca,APPLE - A2520 MAGIC KEYBOARD WITH TOUCH ID BLACK KEY.,Apple,Unknown,60Hz,Unknown,Standard,False,False,False,"Rs 69,999",69999,Brand New,Colombo,apple-a2520-magic-keyboard-with-touch-id-black-key-for-sale-colombo-3,https://ikman.lk/en/ad/apple-a2520-magic-keyboard-with-touch-id-black-key-for-sale-colombo-3,I MAC LK(PVT)LTD,True,1 month
6a5b137dc94334d58fbe3cb8,20 Inch Dell LED Used Monitor -E2016H,Dell,20 Inch,60Hz,Unknown,Standard,False,False,False,"Rs 9,800",9800,Used,Colombo,20-inch-dell-led-used-monitor-e2016h-for-sale-colombo-16,https://ikman.lk/en/ad/20-inch-dell-led-used-monitor-e2016h-for-sale-colombo-16,Mdcomputers.lk(Pvt) Ltd,True,1 month
6a5b12c84e7f34056699354d,SAMSUNG ODYSSEY LS25BG400EEXXS 25 INCH BRAND NEW GAMING MONITOR,Samsung,25 Inch,60Hz,Unknown,Standard,False,True,False,"Rs 89,500",89500,Brand New,Colombo,samsung-odyssey-ls25bg400eexxs-25-inch-brand-new-gaming-monitor-for-sale-colombo-1,https://ikman.lk/en/ad/samsung-odyssey-ls25bg400eexxs-25-inch-brand-new-gaming-monitor-for-sale-colombo-1,I MAC LK(PVT)LTD,True,1 month
6a5b0f65c853f56f73be3c6b,SAMSUNG LS24F320GAEXXS 24″ IPS FHD 120Hz ESSENTIAL MONITOR,Samsung,24 Inch,120Hz,1080p FHD,IPS,False,False,False,"Rs 40,000",40000,Brand New,Colombo,samsung-ls24f320gaexxs-24-ips-fhd-120hz-essential-monitor-for-sale-colombo-1,https://ikman.lk/en/ad/samsung-ls24f320gaexxs-24-ips-fhd-120hz-essential-monitor-for-sale-colombo-1,I MAC LK(PVT)LTD,True,1 month
6a5b0d67c558b81708be3c59,Koorui GN06 27″ FHD 1080P IPS brand New Monitor,Other,27 Inch,60Hz,1080p FHD,IPS,False,False,False,"Rs 53,500",53500,Brand New,Colombo,koorui-gn06-27-fhd-1080p-ips-brand-new-monitor-for-sale-colombo-1,https://ikman.lk/en/ad/koorui-gn06-27-fhd-1080p-ips-brand-new-monitor-for-sale-colombo-1,I MAC LK(PVT)LTD,True,1 month
6a5aff7fffcd151d7a8e27b0,24 Inch Monitor,Other,24 Inch,60Hz,1080p FHD,Standard,False,False,False,"Rs 8,000",8000,Used,Gampaha,paavicci-krn-ld-agl-24-monitor-for-sale-gampaha,https://ikman.lk/en/ad/paavicci-krn-ld-agl-24-monitor-for-sale-gampaha,,False,1 month
69f866cb00ea957e55623a39,"24"" Dell IPS Monitor- Used",Dell,24 Inch,60Hz,1080p FHD,IPS,False,False,False,"Rs 14,500",14500,Used,Gampaha,24-dell-ips-monitor-used-for-sale-gampaha-1,https://ikman.lk/en/ad/24-dell-ips-monitor-used-for-sale-gampaha-1,Comzonex,True,1 month
69f1c5e6fafecb5e51d6bfcc,"23"" IPS Monitor",Other,23 Inch,60Hz,Unknown,IPS,False,False,False,"Rs 14,500",14500,Used,Gampaha,23-ips-monitor-for-sale-gampaha,https://ikman.lk/en/ad/23-ips-monitor-for-sale-gampaha,Comzonex,True,1 month
695f9b9ecfc666a64179345d,Dell 22 Inch Wide LED Monitor,Dell,22 Inch,60Hz,1080p FHD,Standard,False,False,False,"Rs 11,500",11500,Used,Gampaha,dell-22-inch-wide-led-monitor-for-sale-gampaha,https://ikman.lk/en/ad/dell-22-inch-wide-led-monitor-for-sale-gampaha,Comzonex,True,1 month
6a5a20853bacf22a0ff0a951,"HP w1907 19"" Monitor",HP,19 Inch,60Hz,Unknown,Standard,False,False,False,"Rs 1,500",1500,Used,Kegalle,hp-w1907-19-monitor-for-parts-or-repair-for-sale-kegalle-1,https://ikman.lk/en/ad/hp-w1907-19-monitor-for-parts-or-repair-for-sale-kegalle-1,,False,2 months
6a5a1abcda88a919d168be53,"MSI Pro MP243L E14 24.5"" Inch 144Hz 1ms FHD IPS Monitor",MSI,24.5 Inch,144Hz,1080p FHD,IPS,False,False,False,"Rs 33,500",33500,Brand New,Colombo,msi-pro-mp243l-e14-245-inch-144hz-1ms-fhd-ips-monitor-for-sale-colombo,https://ikman.lk/en/ad/msi-pro-mp243l-e14-245-inch-144hz-1ms-fhd-ips-monitor-for-sale-colombo,Max Core PC,True,2 months
6a5a1a4a65ee5f0a02344ead,"MSI Pro MP225 E12VL 21.5"" Inch 120HZ FHD Slim Frameless Monitor",MSI,21.5 Inch,120Hz,1080p FHD,Standard,False,False,True,"Rs 26,500",26500,Brand New,Colombo,msi-pro-mp225-e12vl-215-inch-120hz-fhd-slim-frameless-monitor-for-sale-colombo,https://ikman.lk/en/ad/msi-pro-mp225-e12vl-215-inch-120hz-fhd-slim-frameless-monitor-for-sale-colombo,Max Core PC,True,2 months
6a5a1c5577088720dd986e6f,"Samsung 24"" Inch Full HD IPS Frameless HDMI Gaming Used Monitor",Samsung,24 Inch,60Hz,1080p FHD,IPS,False,True,True,"Rs 22,000",22000,Used,Colombo,samsung-24-inch-full-hd-ips-frameless-hdmi-gaming-used-monitor-for-sale-colombo-47,https://ikman.lk/en/ad/samsung-24-inch-full-hd-ips-frameless-hdmi-gaming-used-monitor-for-sale-colombo-47,Myitem.lk (PVT) Ltd,True,2 months
6a5a1b61113ec6abdc344e7e,"Emark 24"" EW2427SH 144Hz IPS Full HD Frameless Gaming Monitor",Other,24 Inch,144Hz,1080p FHD,IPS,False,True,True,"Rs 29,990",29990,Brand New,Colombo,emark-24-ew2427sh-144hz-ips-full-hd-frameless-gaming-monitor-for-sale-colombo-25,https://ikman.lk/en/ad/emark-24-ew2427sh-144hz-ips-full-hd-frameless-gaming-monitor-for-sale-colombo-25,Myitem.lk (PVT) Ltd,True,2 months
6a5a1268e8dd6472038e9cd6,Viewsonic VA270A-H 27INCH 120Hz FHD IPS Brand New Monitor,Viewsonic,27 Inch,120Hz,1080p FHD,IPS,False,False,False,"Rs 41,500",41500,Brand New,Colombo,viewsonic-va270a-h-27inch-120hz-fhd-ips-brand-new-monitor-for-sale-colombo-8,https://ikman.lk/en/ad/viewsonic-va270a-h-27inch-120hz-fhd-ips-brand-new-monitor-for-sale-colombo-8,Computer Store.lk Pvt Ltd,True,2 months
6a5a106777088720dd986e2d,"ViewSonic VA2432A-H 24"" Inch Full HD IPS 120Hz Frameless Monitor New",Viewsonic,24 Inch,120Hz,1080p FHD,IPS,False,False,True,"Rs 32,000",32000,Brand New,Colombo,viewsonic-va2432a-h-24-inch-full-hd-ips-120hz-frameless-monitor-new-for-sale-colombo-82,https://ikman.lk/en/ad/viewsonic-va2432a-h-24-inch-full-hd-ips-120hz-frameless-monitor-new-for-sale-colombo-82,Computer Store.lk Pvt Ltd,True,2 months
6a59fd48cab3c4e3a15b7f3a,"Acer Nitro KG273 27"" 200Hz IPS Gaming Monitor",Acer,27 Inch,200Hz,1080p FHD,IPS,False,True,False,"Rs 42,000",42000,Used,Anuradhapura,acer-nitro-kg273-27-200hz-ips-gaming-monitor-mint-condition-for-sale-anuradhapura,https://ikman.lk/en/ad/acer-nitro-kg273-27-200hz-ips-gaming-monitor-mint-condition-for-sale-anuradhapura,,False,2 months
6a59e5bacab3c4e3a15b7e4c,Acer 27 Inch Brandnew Monitors (144Hz),Acer,27 Inch,144Hz,1080p FHD,Standard,False,False,False,"Rs 37,500",37500,Brand New,Colombo,acer-27-inch-brandnew-monitors-144hz-for-sale-colombo-36,https://ikman.lk/en/ad/acer-27-inch-brandnew-monitors-144hz-for-sale-colombo-36, Laptop Market,True,2 months
6a59e1d036442d5fcaacfa90,MSI Modern MD272QXP 27″ Business and Productivity Monitor 100Hz 2K WQHD,MSI,27 Inch,100Hz,2K QHD,Standard,False,False,False,"Rs 95,000",95000,Brand New,Colombo,msi-modern-md272qxp-27-business-and-productivity-monitor-100hz-2k-wqhd-for-sale-colombo-12,https://ikman.lk/en/ad/msi-modern-md272qxp-27-business-and-productivity-monitor-100hz-2k-wqhd-for-sale-colombo-12,Computer Store.lk Pvt Ltd,True,2 months
6a59e0da9d33a60422965e78,Koorui G2741L Brand New Dual Mode IPS Monitor (4K-160HZ/1080P-320HZ),Other,Unknown,160Hz,4K UHD,IPS,False,False,False,"Rs 95,000",95000,Brand New,Colombo,koorui-g2741l-brand-new-dual-mode-ips-monitor-4k-160hz-1080p-320hz-for-sale-colombo-2,https://ikman.lk/en/ad/koorui-g2741l-brand-new-dual-mode-ips-monitor-4k-160hz-1080p-320hz-for-sale-colombo-2,Computer Store.lk Pvt Ltd,True,2 months
6a59dd5485210ac28ae936c9,Koorui G2711P FHD IPS 27INCH 200HZ Brand New Gaming Monitor,Other,27 Inch,200Hz,1080p FHD,IPS,False,True,False,"Rs 51,500",51500,Brand New,Colombo,koorui-g2711p-fhd-ips-27inch-200hz-brand-new-gaming-monitor-for-sale-colombo-24,https://ikman.lk/en/ad/koorui-g2711p-fhd-ips-27inch-200hz-brand-new-gaming-monitor-for-sale-colombo-24,Computer Store.lk Pvt Ltd,True,2 months
6a59cc74c6e00a640f769cfd,"Monitor 24"" IPS Asus Gaming (Brand New) 120HZ|FRAMELESS|FHD",Asus,24 Inch,120Hz,1080p FHD,IPS,False,True,True,"Rs 32,950",32950,Brand New,Colombo,monitor-24-ips-asus-gaming-brand-new-120hzframelessfhd-for-sale-colombo,https://ikman.lk/en/ad/monitor-24-ips-asus-gaming-brand-new-120hzframelessfhd-for-sale-colombo,ShaTech Zone,True,2 months
6a59cbd541c5677b3a070c23,"32"" 2K MONITOR CURVED GAMING 144HZ|QHD (2560 × 1440)",Other,32 Inch,144Hz,2K QHD,Standard,True,True,False,"Rs 55,250",55250,Used,Gampaha,32-2k-monitor-curved-gaming-144hzqhd-2560-x-1440-for-sale-gampaha,https://ikman.lk/en/ad/32-2k-monitor-curved-gaming-144hzqhd-2560-x-1440-for-sale-gampaha,ShaTech Zone,True,2 months
6a59bf1c201007e936622af0,Koorui E2411K 24 INCH 144HZ IPS FHD Brand New Monitor,Other,24 Inch,144Hz,1080p FHD,IPS,False,False,False,"Rs 33,000",33000,Brand New,Colombo,koorui-e2411k-24-inch-144hz-ips-fhd-brand-new-monitor-for-sale-colombo,https://ikman.lk/en/ad/koorui-e2411k-24-inch-144hz-ips-fhd-brand-new-monitor-for-sale-colombo,Computer Store.lk Pvt Ltd,True,2 months
6a59bde3126bab9e44af388c,KOORUI G2411P 24-inch IPS FHD 200Hz Gaming Monitor,Other,24 Inch,200Hz,1080p FHD,IPS,False,True,False,"Rs 39,000",39000,Brand New,Colombo,koorui-g2411p-24-inch-ips-fhd-200hz-gaming-monitor-for-sale-colombo-20,https://ikman.lk/en/ad/koorui-g2411p-24-inch-ips-fhd-200hz-gaming-monitor-for-sale-colombo-20,Computer Store.lk Pvt Ltd,True,2 months
6a59bd64efff600f75070bc9,"Koorui 22"" E2212H 100HZ 21.5 Inches FHD Brand New Monitor",Other,22 Inch,100Hz,1080p FHD,Standard,False,False,False,"Rs 25,500",25500,Brand New,Colombo,koorui-22-e2212h-100hz-215-inches-fhd-brand-new-monitor-for-sale-colombo-10,https://ikman.lk/en/ad/koorui-22-e2212h-100hz-215-inches-fhd-brand-new-monitor-for-sale-colombo-10,Computer Store.lk Pvt Ltd,True,2 months
6a59bb2c42745d034c965c8d,MSI Pro MP245PG E14 23.8″ INCH 144HZ 1MS FHD FRAMELESS MONITOR NEW,MSI,23 Inch,144Hz,1080p FHD,Standard,False,False,True,"Rs 47,500",47500,Brand New,Colombo,msi-pro-mp245pg-e14-238-inch-144hz-1ms-fhd-frameless-monitor-new-for-sale-colombo-5,https://ikman.lk/en/ad/msi-pro-mp245pg-e14-238-inch-144hz-1ms-fhd-frameless-monitor-new-for-sale-colombo-5,Computer Store.lk Pvt Ltd,True,2 months
6a59b92eefff600f75070b82,"MSI Pro MP243L E14 24.5"" Inch 144Hz 1ms FHD IPS Productivity Monitor",MSI,24.5 Inch,144Hz,1080p FHD,IPS,False,False,False,"Rs 33,500",33500,Brand New,Colombo,msi-pro-mp243l-e14-245-inch-144hz-1ms-fhd-ips-productivity-monitor-for-sale-colombo-10,https://ikman.lk/en/ad/msi-pro-mp243l-e14-245-inch-144hz-1ms-fhd-ips-productivity-monitor-for-sale-colombo-10,Computer Store.lk Pvt Ltd,True,2 months
6a59b5f5126bab9e44af3808,"HP Frameless 24"" IPS LED - Rotatable",HP,24 Inch,60Hz,1080p FHD,IPS,False,False,True,"Rs 25,500",25500,Used,Colombo,hp-frameless-24-ips-led-rotatable-for-sale-colombo,https://ikman.lk/en/ad/hp-frameless-24-ips-led-rotatable-for-sale-colombo,Laptop Outlet Pvt Ltd,True,2 months
6a59b324425107d44f070ae1,Dell Gaming Monitor – S2421HGF,Dell,Unknown,60Hz,Unknown,Standard,False,True,False,"Rs 25,000",25000,Used,Gampaha,dell-gaming-monitor-s2421hgf-for-sale-gampaha,https://ikman.lk/en/ad/dell-gaming-monitor-s2421hgf-for-sale-gampaha,,False,2 months
6a59b336efff600f75070b39,"MSI PRO MP225 E12VL 21.5"" Inch 120Hz 1ms FHD Slim Frameless Monitor",MSI,21.5 Inch,120Hz,1080p FHD,Standard,False,False,True,"Rs 26,500",26500,Brand New,Colombo,msi-pro-mp225-e12vl-215-inch-120hz-1ms-fhd-slim-frameless-monitor-for-sale-colombo-11,https://ikman.lk/en/ad/msi-pro-mp225-e12vl-215-inch-120hz-1ms-fhd-slim-frameless-monitor-for-sale-colombo-11,Computer Store.lk Pvt Ltd,True,2 months
6a59a9d6126bab9e44af3762,27 HP Frameless IPS Monitor (P27v G4),HP,27 Inch,60Hz,1080p FHD,IPS,False,False,True,"Rs 29,999",29999,Brand New,Colombo,27-hp-frameless-ips-monitor-p27v-g4-for-sale-colombo-4,https://ikman.lk/en/ad/27-hp-frameless-ips-monitor-p27v-g4-for-sale-colombo-4,Lio Computers,True,2 months
69a7e8cf3acfc20a2af80441,HP/SAMSUNG/LENOVO 24 IPS Frameless Monitor Inbuilt Web Cam E24 D,Samsung,24 Inch,60Hz,1080p FHD,IPS,False,False,True,"Rs 24,500",24500,Used,Gampaha,hp-samsung-lenovo-24-ips-frameless-monitor-inbuilt-web-cam-e24-d-for-sale-gampaha,https://ikman.lk/en/ad/hp-samsung-lenovo-24-ips-frameless-monitor-inbuilt-web-cam-e24-d-for-sale-gampaha,U TECZONE,True,2 months
689ec90bbcae6000d0155ed2,20 Inch LED Wide Monitors VGA DVI Used,Other,20 Inch,60Hz,Unknown,Standard,False,False,False,"Rs 10,500",10500,Used,Gampaha,20-inch-led-wide-monitors-vga-dvi-used-for-sale-gampaha,https://ikman.lk/en/ad/20-inch-led-wide-monitors-vga-dvi-used-for-sale-gampaha,U TECZONE,True,2 months
6899eb8e6721d72fb6a90000,20 Inch LED LCD Monitors Used,Other,20 Inch,60Hz,Unknown,Standard,False,False,False,"Rs 10,500",10500,Used,Gampaha,20-inch-led-lcd-monitors-used-for-sale-gampaha,https://ikman.lk/en/ad/20-inch-led-lcd-monitors-used-for-sale-gampaha,U TECZONE,True,2 months
6a592abe2436db89375e0454,"MSI G255F 24.5"" 180HZ FHD IPS Gaming Monitor",MSI,24.5 Inch,180Hz,1080p FHD,IPS,False,True,False,"Rs 53,500",53500,Used,Gampaha,msi-g255f-245-180hz-fhd-ips-gaming-monitor-for-sale-gampaha,https://ikman.lk/en/ad/msi-g255f-245-180hz-fhd-ips-gaming-monitor-for-sale-gampaha,,False,2 months
6a59239f89d45d8013e993d1,ViewSonic VX2719-PC-MHD 27” Curved Gaming Monitor,Viewsonic,27 Inch,60Hz,HD,Standard,True,True,False,"Rs 50,000",50000,Used,Colombo,viewsonic-vx2719-pc-mhd-27-curved-gaming-monitor-for-sale-colombo,https://ikman.lk/en/ad/viewsonic-vx2719-pc-mhd-27-curved-gaming-monitor-for-sale-colombo,,False,2 months
6a591955cb03122c11a1382b,"MONITOR 32"" 2K CURVED GAMING 144HZ|QHD (2560 × 1440)",Other,32 Inch,144Hz,2K QHD,Standard,True,True,False,"Rs 55,250",55250,Used,Colombo,monitor-32-2k-curved-gaming-144hzqhd-2560-x-1440-for-sale-colombo-1,https://ikman.lk/en/ad/monitor-32-2k-curved-gaming-144hzqhd-2560-x-1440-for-sale-colombo-1,ShaTech Zone,True,2 months
6a5918739f78ff44f7400665,"Gaming Monitor 24"" IPS Asus (Brand New) 120HZ|FRAMELESS|FHD",Asus,24 Inch,120Hz,1080p FHD,IPS,False,True,True,"Rs 32,950",32950,Brand New,Gampaha,gaming-monitor-24-ips-asus-brand-new-120hzframelessfhd-for-sale-gampaha,https://ikman.lk/en/ad/gaming-monitor-24-ips-asus-brand-new-120hzframelessfhd-for-sale-gampaha,ShaTech Zone,True,2 months
6a59044dc3b0568493f0a975,"MSI PRO MP251 25"" 1080p IPS Monitor 100Hz",MSI,25 Inch,100Hz,1080p FHD,IPS,False,False,False,"Rs 27,000",27000,Used,Kalutara,msi-pro-mp251-25-1080p-ips-monitor-100hz-3-months-nanotek-warranty-for-sale-kalutara,https://ikman.lk/en/ad/msi-pro-mp251-25-1080p-ips-monitor-100hz-3-months-nanotek-warranty-for-sale-kalutara,,False,2 months
6a58ddf9d427b0d3f370932f,"ViewSonic VX3480-2K-PRO 34"" UWQHD Gaming Monitor",Viewsonic,34 Inch,60Hz,2K QHD,Standard,False,True,False,"Rs 133,990",133990,Brand New,Colombo,viewsonic-vx3480-2k-pro-34-uwqhd-gaming-monitor-for-sale-colombo-3,https://ikman.lk/en/ad/viewsonic-vx3480-2k-pro-34-uwqhd-gaming-monitor-for-sale-colombo-3,Computer Store.lk Pvt Ltd,True,2 months
6a58dd7e4dceaa3055d6223d,"MSI Optix MAG401QR 40"" UWQHD IPS 155Hz 1ms Adaptive Sync Gaming Monitor",MSI,40 Inch,155Hz,2K QHD,IPS,False,True,False,"Rs 185,000",185000,Brand New,Colombo,msi-optix-mag401qr-40-uwqhd-ips-155hz-1ms-adaptive-sync-gaming-monitor-for-sale-colombo,https://ikman.lk/en/ad/msi-optix-mag401qr-40-uwqhd-ips-155hz-1ms-adaptive-sync-gaming-monitor-for-sale-colombo,Computer Store.lk Pvt Ltd,True,2 months
6a58d9d63e3e799f62af482c,Hp Monitor,HP,Unknown,60Hz,Unknown,Standard,False,False,False,"Rs 20,000",20000,Used,Trincomalee,pro-display-monitor-for-sale-trincomalee,https://ikman.lk/en/ad/pro-display-monitor-for-sale-trincomalee,,False,2 months
6855210279b21c001aeeb19d,"22"" Inch LED Dell Wide Monitors",Dell,22 Inch,60Hz,1080p FHD,Standard,False,False,False,"Rs 11,999",11999,Used,Kalutara,22-inch-led-dell-wide-monitors-for-sale-kalutara-3,https://ikman.lk/en/ad/22-inch-led-dell-wide-monitors-for-sale-kalutara-3,Smart Choice,True,2 months
6a58cbca56c811d7451ed145,20 Inch Dell LED Used Monitor -E2016H,Dell,20 Inch,60Hz,Unknown,Standard,False,False,False,"Rs 9,800",9800,Used,Colombo,20-inch-dell-led-used-monitor-e2016h-for-sale-colombo-15,https://ikman.lk/en/ad/20-inch-dell-led-used-monitor-e2016h-for-sale-colombo-15,Mdcomputers.lk(Pvt) Ltd,True,2 months
6a58cab4026f02c8858d7e2e,22 Inch TG Full HD HDMI Used Monitor,Other,22 Inch,60Hz,1080p FHD,Standard,False,False,False,"Rs 12,500",12500,Used,Colombo,22-inch-tg-full-hd-hdmi-used-monitor-for-sale-colombo-2,https://ikman.lk/en/ad/22-inch-tg-full-hd-hdmi-used-monitor-for-sale-colombo-2,Mdcomputers.lk(Pvt) Ltd,True,2 months
6a58c8ae0470e31958d554fe,27 Inch Lenovo Thinkvision Ips FHD HDMI Used Monitor,Lenovo,27 Inch,60Hz,1080p FHD,IPS,False,False,False,"Rs 27,500",27500,Used,Colombo,27-inch-lenovo-thinkvision-ips-fhd-hdmi-used-monitor-for-sale-colombo-24,https://ikman.lk/en/ad/27-inch-lenovo-thinkvision-ips-fhd-hdmi-used-monitor-for-sale-colombo-24,Mdcomputers.lk(Pvt) Ltd,True,2 months
6a58c7bddc3a917060fc54ce,Dell 24 Inch Full HD IPS Frameless Used Monitor,Dell,24 Inch,60Hz,1080p FHD,IPS,False,False,True,"Rs 22,000",22000,Used,Colombo,dell-24-inch-full-hd-ips-frameless-used-monitor-for-sale-colombo-6,https://ikman.lk/en/ad/dell-24-inch-full-hd-ips-frameless-used-monitor-for-sale-colombo-6,Mdcomputers.lk(Pvt) Ltd,True,2 months
6a58b9bc47eb7241ed431189,"MSI Pro MP251L E2 25"" Inch 120HZ Full HD IPS Frameless Monitor",MSI,25 Inch,120Hz,1080p FHD,IPS,False,False,True,"Rs 32,000",32000,Brand New,Colombo,msi-pro-mp251l-e2-25-inch-120hz-full-hd-ips-frameless-monitor-for-sale-colombo-48,https://ikman.lk/en/ad/msi-pro-mp251l-e2-25-inch-120hz-full-hd-ips-frameless-monitor-for-sale-colombo-48,Myitem.lk (PVT) Ltd,True,2 months
6a58b8ef47eb7241ed431182,"Samsung 24"" Inch Full HD IPS Frameless HDMI Gaming Used Monitor",Samsung,24 Inch,60Hz,1080p FHD,IPS,False,True,True,"Rs 22,000",22000,Used,Colombo,samsung-24-inch-full-hd-ips-frameless-hdmi-gaming-used-monitor-for-sale-colombo-46,https://ikman.lk/en/ad/samsung-24-inch-full-hd-ips-frameless-hdmi-gaming-used-monitor-for-sale-colombo-46,Myitem.lk (PVT) Ltd,True,2 months
688b4894845abc73956bf24f,24 Wide LED Used Monitors A Grade,Other,24 Inch,60Hz,1080p FHD,Standard,False,False,False,"Rs 15,500",15500,Used,Gampaha,24-wide-led-used-monitors-a-grade-for-sale-gampaha,https://ikman.lk/en/ad/24-wide-led-used-monitors-a-grade-for-sale-gampaha,U TECZONE,True,2 months
6a575e0cc5ba037e28bb133d,"MSI Pro MP251L E2 25"" Inch 120Hz Full HD IPS Frameless Brand New Monitor",MSI,25 Inch,120Hz,1080p FHD,IPS,False,False,True,"Rs 32,000",32000,Brand New,Colombo,msi-pro-mp251l-e2-25-inch-120hz-full-hd-ips-frameless-brand-new-monitor-for-sale-colombo-47,https://ikman.lk/en/ad/msi-pro-mp251l-e2-25-inch-120hz-full-hd-ips-frameless-brand-new-monitor-for-sale-colombo-47,Max Core PC,True,2 months
6a58b0bafce4aec92faa26d9,SAMSUNG LS27BG400EEXXS 27 INCH BRAND NEW GAMING MONITOR,Samsung,27 Inch,60Hz,1080p FHD,Standard,False,True,False,"Rs 98,000",98000,Brand New,Colombo,samsung-ls27bg400eexxs-27-inch-brand-new-gaming-monitor-for-sale-colombo,https://ikman.lk/en/ad/samsung-ls27bg400eexxs-27-inch-brand-new-gaming-monitor-for-sale-colombo,I MAC LK(PVT)LTD,True,2 months
6a58aef880158189432c3c72,SAMSUNG ODYSSEY LS25BG400EEXXS 25 INCH BRAND NEW GAMING MONITOR,Samsung,25 Inch,60Hz,Unknown,Standard,False,True,False,"Rs 89,500",89500,Brand New,Colombo,samsung-odyssey-ls25bg400eexxs-25-inch-brand-new-gaming-monitor-for-sale-colombo,https://ikman.lk/en/ad/samsung-odyssey-ls25bg400eexxs-25-inch-brand-new-gaming-monitor-for-sale-colombo,I MAC LK(PVT)LTD,True,2 months
6a58ac1da35223cac1916dd5,SAMSUNG LS27D300GAEXXS 27 INCH FLAT FULL HD BRAND NEW MONITOR,Samsung,27 Inch,60Hz,1080p FHD,Standard,False,False,False,"Rs 45,000",45000,Brand New,Colombo,samsung-ls27d300gaexxs-27-inch-flat-full-hd-brand-new-monitor-for-sale-colombo,https://ikman.lk/en/ad/samsung-ls27d300gaexxs-27-inch-flat-full-hd-brand-new-monitor-for-sale-colombo,I MAC LK(PVT)LTD,True,2 months
6a58aa927d0c5f46a7fc5408,SAMSUNG LS24F320GAEXXS 24″ IPS FHD 120Hz ESSENTIAL MONITOR,Samsung,24 Inch,120Hz,1080p FHD,IPS,False,False,False,"Rs 40,000",40000,Brand New,Colombo,samsung-ls24f320gaexxs-24-ips-fhd-120hz-essential-monitor-for-sale-colombo,https://ikman.lk/en/ad/samsung-ls24f320gaexxs-24-ips-fhd-120hz-essential-monitor-for-sale-colombo,I MAC LK(PVT)LTD,True,2 months
6a58a920ea2882b6fb45f084,Samsung 22″IPS 100Hz LS22D300GAEXXS Brand New Monitor,Samsung,22 Inch,100Hz,1080p FHD,IPS,False,False,False,"Rs 26,500",26500,Brand New,Colombo,samsung-22ips-100hz-ls22d300gaexxs-brand-new-monitor-for-sale-colombo,https://ikman.lk/en/ad/samsung-22ips-100hz-ls22d300gaexxs-brand-new-monitor-for-sale-colombo,I MAC LK(PVT)LTD,True,2 months
6a58a652dc3a917060fc53d1,SAMSUNG - UA32H5000FRXSG 32″ HD BRAND NEW SMART TV..,Samsung,32 Inch,60Hz,HD,Standard,False,False,False,"Rs 69,500",69500,Brand New,Colombo,samsung-ua32h5000frxsg-32-hd-brand-new-smart-tv-for-sale-colombo,https://ikman.lk/en/ad/samsung-ua32h5000frxsg-32-hd-brand-new-smart-tv-for-sale-colombo,I MAC LK(PVT)LTD,True,2 months
6a589d5fe5b7065e74c1f114,ASUS - VA259HGA EYE CARE GAMING MONITOR – 25-inch,Asus,25 Inch,60Hz,Unknown,Standard,False,True,False,"Rs 35,500",35500,Brand New,Colombo,asus-va259hga-eye-care-gaming-monitor-25-inch-for-sale-colombo-3,https://ikman.lk/en/ad/asus-va259hga-eye-care-gaming-monitor-25-inch-for-sale-colombo-3,I MAC LK(PVT)LTD,True,2 months
6a589b1b53cd1e9e83eb59a5,MSI Mag 325QF E18V 31.5” Inch Gaming Monitor,MSI,Unknown,60Hz,Unknown,Standard,False,True,False,"Rs 92,000",92000,Brand New,Colombo,msi-mag-325qf-e18v-315-inch-gaming-monitor-for-sale-colombo-1,https://ikman.lk/en/ad/msi-mag-325qf-e18v-315-inch-gaming-monitor-for-sale-colombo-1,I MAC LK(PVT)LTD,True,2 months
6a5897b367b0ea232bf1f1ce,MSI PRO MP243L E14 23.8 INCH FHD 144Hz IPS BRAND NEW MONITOR..,MSI,23.8 Inch,144Hz,1080p FHD,IPS,False,False,False,"Rs 34,000",34000,Brand New,Colombo,msi-pro-mp243l-e14-238-inch-fhd-144hz-ips-brand-new-monitor-for-sale-colombo,https://ikman.lk/en/ad/msi-pro-mp243l-e14-238-inch-fhd-144hz-ips-brand-new-monitor-for-sale-colombo,I MAC LK(PVT)LTD,True,2 months
6a5894e937704d091845f00e,Asus Rog Strix XG259CMS 24.5” brand New Gaming Monitor,Asus,24 Inch,60Hz,1080p FHD,Standard,False,True,False,"Rs 103,000",103000,Brand New,Colombo,asus-rog-strix-xg259cms-245-brand-new-gaming-monitor-for-sale-colombo-1,https://ikman.lk/en/ad/asus-rog-strix-xg259cms-245-brand-new-gaming-monitor-for-sale-colombo-1,I MAC LK(PVT)LTD,True,2 months
6a589245137730e4c67b65ae,"Acer EK271 27"" Inch 144Hz IPS HDMI Frameless Gaming Monitor",Acer,27 Inch,144Hz,HD,IPS,False,True,True,"Rs 35,990",35990,Brand New,Colombo,acer-ek271-27-inch-144hz-ips-hdmi-frameless-gaming-monitor-for-sale-colombo-68,https://ikman.lk/en/ad/acer-ek271-27-inch-144hz-ips-hdmi-frameless-gaming-monitor-for-sale-colombo-68,Max Core PC,True,2 months
6a5891ade7545ce4467b65bd,SAMSUNG LS49DG930SEXXS 49 INCH ODYSSEY OLED G9 BRAND NEW GAMING MONITOR,Samsung,49 Inch,60Hz,Unknown,OLED,False,True,False,"Rs 525,500",525500,Brand New,Colombo,samsung-ls49dg930sexxs-49-inch-odyssey-oled-g9-brand-new-gaming-monitor-for-sale-colombo,https://ikman.lk/en/ad/samsung-ls49dg930sexxs-49-inch-odyssey-oled-g9-brand-new-gaming-monitor-for-sale-colombo,I MAC LK(PVT)LTD,True,2 months
6a04217b8e77c75daf3849d9,"22"" Inch LED HP Wide Monitor",HP,22 Inch,60Hz,1080p FHD,Standard,False,False,False,"Rs 11,999",11999,Used,Kalutara,22-inch-led-hp-wide-monitor-for-sale-kalutara-6,https://ikman.lk/en/ad/22-inch-led-hp-wide-monitor-for-sale-kalutara-6,Smart Choice,True,2 months
6a588e09bc4bbc8f3f96219a,MSI Pro MP225V 21.5 Inch Professional Brand New Monitor,MSI,21.5 Inch,60Hz,Unknown,Standard,False,False,False,"Rs 25,500",25500,Brand New,Colombo,msi-pro-mp225v-215-inch-professional-brand-new-monitor-for-sale-colombo-1,https://ikman.lk/en/ad/msi-pro-mp225v-215-inch-professional-brand-new-monitor-for-sale-colombo-1,I MAC LK(PVT)LTD,True,2 months
6a588b74f91033c3391bd6cd,Acer - EK251QP6 24.5INCH 144Hz IPS Brand New Montor,Acer,24.5 Inch,144Hz,Unknown,IPS,False,False,False,"Rs 34,000",34000,Brand New,Colombo,acer-ek251qp6-245inch-144hz-ips-brand-new-montor-for-sale-colombo-9,https://ikman.lk/en/ad/acer-ek251qp6-245inch-144hz-ips-brand-new-montor-for-sale-colombo-9,I MAC LK(PVT)LTD,True,2 months
6a58883258707e403d1bd669,MSI Mag 321CQF E18 31.5” inch Curved Gaming Monitor,MSI,Unknown,60Hz,Unknown,Standard,True,True,False,"Rs 97,500",97500,Brand New,Colombo,msi-mag-321cqf-e18-315-inch-curved-gaming-monitor-for-sale-colombo-1,https://ikman.lk/en/ad/msi-mag-321cqf-e18-315-inch-curved-gaming-monitor-for-sale-colombo-1,I MAC LK(PVT)LTD,True,2 months
6a58851d958d5bc481c1f065,Koorui 27″ S2741LM - brand New Monitor,Other,27 Inch,60Hz,1080p FHD,Standard,False,False,False,"Rs 165,500",165500,Brand New,Colombo,koorui-27-s2741lm-brand-new-monitor-for-sale-colombo-1,https://ikman.lk/en/ad/koorui-27-s2741lm-brand-new-monitor-for-sale-colombo-1,I MAC LK(PVT)LTD,True,2 months
6a5884fa2dfc69a33bfa0fc5,Acer 27 Inch Brandnew Monitors (144Hz),Acer,27 Inch,144Hz,1080p FHD,Standard,False,False,False,"Rs 37,500",37500,Brand New,Colombo,acer-27-inch-brandnew-monitors-144hz-for-sale-colombo-35,https://ikman.lk/en/ad/acer-27-inch-brandnew-monitors-144hz-for-sale-colombo-35, Laptop Market,True,2 months
6a588480a7581464ef45eede,"Y25-25 Lenovo Legion 25"" 240HZ IPS QHD Gaming Monitor",Lenovo,25 Inch,240Hz,2K QHD,IPS,False,True,False,"Rs 35,000",35000,Used,Kegalle,y25-25-lenovo-legion-25-240hz-ips-qhd-gaming-monitor-for-sale-kegalle,https://ikman.lk/en/ad/y25-25-lenovo-legion-25-240hz-ips-qhd-gaming-monitor-for-sale-kegalle,,False,2 months
6a587185958d5bc481c1ef2e,MSI - Pro MP251L E2 24.5″INCH Fhd Ultra Slim Framless Monitor,MSI,24 Inch,60Hz,1080p FHD,Standard,False,False,False,"Rs 32,500",32500,Brand New,Colombo,msi-pro-mp251l-e2-245inch-fhd-ultra-slim-framless-monitor-for-sale-colombo-1,https://ikman.lk/en/ad/msi-pro-mp251l-e2-245inch-fhd-ultra-slim-framless-monitor-for-sale-colombo-1,I MAC LK(PVT)LTD,True,2 months
6a586ddc020abb651bfa0e8d,ASUS VY249HGR 23’8”INCH FULL HD IPS LEVEL BRAND NEW MONITOR,Asus,23 Inch,60Hz,1080p FHD,IPS,False,False,False,"Rs 33,700",33700,Brand New,Colombo,asus-vy249hgr-238inch-full-hd-ips-level-brand-new-monitor-for-sale-colombo,https://ikman.lk/en/ad/asus-vy249hgr-238inch-full-hd-ips-level-brand-new-monitor-for-sale-colombo,I MAC LK(PVT)LTD,True,2 months
6a586c63faa90e3e14ed4de8,"Asus VY279HGR 27"" Inch Full HD IPS Level 120Hz Adaptive Sync Monitor",Asus,27 Inch,120Hz,1080p FHD,IPS,False,False,False,"Rs 46,000",46000,Brand New,Colombo,asus-vy279hgr-27-inch-full-hd-ips-level-120hz-adaptive-sync-monitor-for-sale-colombo-66,https://ikman.lk/en/ad/asus-vy279hgr-27-inch-full-hd-ips-level-120hz-adaptive-sync-monitor-for-sale-colombo-66,Myitem.lk (PVT) Ltd,True,2 months
6a585e5bbf19924480153fdd,"Emark 24"" EW2427SH 144Hz IPS Full HD Frameless Gaming Monitor",Other,24 Inch,144Hz,1080p FHD,IPS,False,True,True,"Rs 29,990",29990,Brand New,Colombo,emark-24-ew2427sh-144hz-ips-full-hd-frameless-gaming-monitor-for-sale-colombo-24,https://ikman.lk/en/ad/emark-24-ew2427sh-144hz-ips-full-hd-frameless-gaming-monitor-for-sale-colombo-24,Myitem.lk (PVT) Ltd,True,2 months
6a585c2de5b7065e74c1edcc,"Dell P2319H 23"" inch Full HD IPS HDMI Frameless Used Monitor (No Cables)",Dell,23 Inch,60Hz,1080p FHD,IPS,False,False,True,"Rs 20,500",20500,Used,Colombo,dell-p2319h-23-inch-full-hd-ips-hdmi-frameless-used-monitor-no-cables-for-sale-colombo-41,https://ikman.lk/en/ad/dell-p2319h-23-inch-full-hd-ips-hdmi-frameless-used-monitor-no-cables-for-sale-colombo-41,Myitem.lk (PVT) Ltd,True,2 months
6a5859436122c961d2ad7592,"MSI PRO MP225 E12VL 21.5"" Inch 120Hz 1ms FHD Slim Frameless Monitor",MSI,21.5 Inch,120Hz,1080p FHD,Standard,False,False,True,"Rs 27,500",27500,Brand New,Colombo,msi-pro-mp225-e12vl-215-inch-120hz-1ms-fhd-slim-frameless-monitor-for-sale-colombo-10,https://ikman.lk/en/ad/msi-pro-mp225-e12vl-215-inch-120hz-1ms-fhd-slim-frameless-monitor-for-sale-colombo-10,Myitem.lk (PVT) Ltd,True,2 months
6a57c5612f8368b74417393e,HP S7500 CRT Monitor,HP,Unknown,60Hz,Unknown,Standard,False,False,False,"Rs 6,000",6000,Used,Matara,hp-s7500-crt-monitor-for-sale-matara,https://ikman.lk/en/ad/hp-s7500-crt-monitor-for-sale-matara,,False,2 months
6a578876b8037ac4da3cd423,Wide Monitor,Other,Unknown,60Hz,Unknown,Standard,False,False,False,"Rs 7,000",7000,Used,Kandy,wide-monitor-for-sale-kandy,https://ikman.lk/en/ad/wide-monitor-for-sale-kandy,,False,2 months
69b3a8c8fa65590711e75403,27 INCH IPS FRAMELESS MONITOR 2K,Other,27 Inch,60Hz,2K QHD,IPS,False,False,True,"Rs 45,000",45000,Used,Kalutara,27-inch-ips-frameless-monitor-2k-for-sale-kalutara,https://ikman.lk/en/ad/27-inch-ips-frameless-monitor-2k-for-sale-kalutara,Sheiba Arcade,True,2 months
6a5773682056da5ea6bb1495,Used Monitor 5,Other,Unknown,60Hz,Unknown,Standard,False,False,False,"Rs 10,000",10000,Used,Colombo,used-monitor-5-for-sale-colombo,https://ikman.lk/en/ad/used-monitor-5-for-sale-colombo,,False,2 months
6a576f02a6a35796664f9f5c,"Acer 27"" Full HD Nitro Gaming Monitor - KG273 W3 240Hz Brand New",Acer,27 Inch,240Hz,1080p FHD,Standard,False,True,False,"Rs 49,500",49500,Brand New,Colombo,acer-27-full-hd-nitro-gaming-monitor-kg273-w3-240hz-brand-new-for-sale-colombo-58,https://ikman.lk/en/ad/acer-27-full-hd-nitro-gaming-monitor-kg273-w3-240hz-brand-new-for-sale-colombo-58,Myitem.lk (PVT) Ltd,True,2 months
6a57690a2056da5ea6bb1428,Dell UltraSharp U2417H IPS Ful HD Frameless used Monitor,Dell,Unknown,60Hz,HD,IPS,False,False,True,"Rs 26,500",26500,Used,Colombo,dell-ultrasharp-u2417h-ips-ful-hd-frameless-used-monitor-for-sale-colombo-6,https://ikman.lk/en/ad/dell-ultrasharp-u2417h-ips-ful-hd-frameless-used-monitor-for-sale-colombo-6,Computer Store.lk Pvt Ltd,True,2 months
6a5768e9a5be5972f166175c,ASUS VA259HGA Eye Care Gaming Monitor – 25-inch,Asus,25 Inch,60Hz,Unknown,Standard,False,True,False,"Rs 36,500",36500,Brand New,Colombo,asus-va259hga-eye-care-gaming-monitor-25-inch-for-sale-colombo-2,https://ikman.lk/en/ad/asus-va259hga-eye-care-gaming-monitor-25-inch-for-sale-colombo-2,I MAC LK(PVT)LTD,True,2 months
6a5768458b74f924469fe2e9,MSI Pro 24 Inch Brand New IPS Monitor,MSI,24 Inch,60Hz,1080p FHD,IPS,False,False,False,"Rs 36,500",36500,Brand New,Colombo,msi-pro-24-inch-brand-new-ips-monitor-for-sale-colombo,https://ikman.lk/en/ad/msi-pro-24-inch-brand-new-ips-monitor-for-sale-colombo,My Technology Pvt (Ltd),True,2 months
6a5767d39840a6322d6ed02a,"Acer Vero Series CB272 P6bmiprx 27"" Inch144Hz Full HD IPS Monitor NEW",Acer,27 Inch,144Hz,1080p FHD,IPS,False,False,False,"Rs 44,990",44990,Brand New,Colombo,acer-vero-series-cb272-p6bmiprx-27-inch144hz-full-hd-ips-monitor-new-for-sale-colombo-19,https://ikman.lk/en/ad/acer-vero-series-cb272-p6bmiprx-27-inch144hz-full-hd-ips-monitor-new-for-sale-colombo-19,Computer Store.lk Pvt Ltd,True,2 months
6a576772a6a35796664f9f18,"Acer EK271 27"" Inch 144Hz IPS HDMI Frameless Gaming Monitor",Acer,27 Inch,144Hz,HD,IPS,False,True,True,"Rs 36,000",36000,Brand New,Colombo,acer-ek271-27-inch-144hz-ips-hdmi-frameless-gaming-monitor-for-sale-colombo-67,https://ikman.lk/en/ad/acer-ek271-27-inch-144hz-ips-hdmi-frameless-gaming-monitor-for-sale-colombo-67,Computer Store.lk Pvt Ltd,True,2 months
6a5767058138ca5f1c4f9ee5,"Samsung F24T450FQE 24"" Inch Full HD IPS Frameless HDMI Used Monitor",Samsung,24 Inch,60Hz,1080p FHD,IPS,False,False,True,"Rs 21,990",21990,Used,Colombo,samsung-f24t450fqe-24-inch-full-hd-ips-frameless-hdmi-used-monitor-for-sale-colombo-49,https://ikman.lk/en/ad/samsung-f24t450fqe-24-inch-full-hd-ips-frameless-hdmi-used-monitor-for-sale-colombo-49,Computer Store.lk Pvt Ltd,True,2 months
6a576540c61330f3681f46a4,"Monitor 24"" 2K IPS (2560 × 1440) QHD|WIDE",Other,24 Inch,60Hz,2K QHD,IPS,False,False,False,"Rs 22,250",22250,Used,Colombo,monitor-24-2k-ips-2560-x-1440-qhdwide-for-sale-colombo,https://ikman.lk/en/ad/monitor-24-2k-ips-2560-x-1440-qhdwide-for-sale-colombo,ShaTech Zone,True,2 months
6a575ed6fb0ddf1a05bb13c2,"Emark 24"" EW2427SH 144Hz IPS Full HD Frameless Gaming Monitor",Other,24 Inch,144Hz,1080p FHD,IPS,False,True,True,"Rs 30,000",30000,Brand New,Colombo,emark-24-ew2427sh-144hz-ips-full-hd-frameless-gaming-monitor-for-sale-colombo-23,https://ikman.lk/en/ad/emark-24-ew2427sh-144hz-ips-full-hd-frameless-gaming-monitor-for-sale-colombo-23,Max Core PC,True,2 months
6a575d0db1410e8f146396bf,"Monitor 24"" IPS Asus Gaming (Brand New) 120HZ|FRAMELESS|FHD",Asus,24 Inch,120Hz,1080p FHD,IPS,False,True,True,"Rs 32,950",32950,Brand New,Gampaha,monitor-24-ips-asus-gaming-brand-new-120hzframelessfhd-for-sale-gampaha,https://ikman.lk/en/ad/monitor-24-ips-asus-gaming-brand-new-120hzframelessfhd-for-sale-gampaha,ShaTech Zone,True,2 months
6a57593fc5ba037e28bb1309,"CURVED MONITOR 32"" 2K GAMING 144HZ|QHD (2560 × 1440)",Other,32 Inch,144Hz,2K QHD,Standard,True,True,False,"Rs 55,250",55250,Used,Gampaha,curved-monitor-32-2k-gaming-144hzqhd-2560-x-1440-for-sale-gampaha,https://ikman.lk/en/ad/curved-monitor-32-2k-gaming-144hzqhd-2560-x-1440-for-sale-gampaha,ShaTech Zone,True,2 months
6a57416d9ca99a6827c789be,Acer Nitro KG273 W3 27INCH Gaming Monitor,Acer,27 Inch,60Hz,1080p FHD,Standard,False,True,False,"Rs 50,000",50000,Brand New,Colombo,acer-nitro-kg273-w3-27inch-gaming-monitor-for-sale-colombo-2,https://ikman.lk/en/ad/acer-nitro-kg273-w3-27inch-gaming-monitor-for-sale-colombo-2,I MAC LK(PVT)LTD,True,2 months
6a573d835f6b5a0692506262,"Dahua 24"" IPS LED Monitor",Other,24 Inch,60Hz,1080p FHD,IPS,False,False,False,"Rs 24,990",24990,Brand New,Nuwara Eliya,dahua-24-ips-led-monitor-for-sale-nuwara-eliya,https://ikman.lk/en/ad/dahua-24-ips-led-monitor-for-sale-nuwara-eliya,,False,2 months
6a573e6b077ed1316c73f8bb,"ViewSonic VA2432A-H 24"" Inch Full HD IPS 120HZ Frameless Monitor New",Viewsonic,24 Inch,120Hz,1080p FHD,IPS,False,False,True,"Rs 35,500",35500,Brand New,Colombo,viewsonic-va2432a-h-24-inch-full-hd-ips-120hz-frameless-monitor-new-for-sale-colombo-80,https://ikman.lk/en/ad/viewsonic-va2432a-h-24-inch-full-hd-ips-120hz-frameless-monitor-new-for-sale-colombo-80,Myitem.lk (PVT) Ltd,True,2 months
6a573e23108f5a6747b11de3,Koorui 27″Inch 27N5CA Curved Va Brand New Monitor 75Hz,Other,27 Inch,75Hz,1080p FHD,VA,True,False,False,"Rs 41,000",41000,Brand New,Colombo,koorui-27inch-27n5ca-curved-va-brand-new-monitor-75hz-for-sale-colombo-19,https://ikman.lk/en/ad/koorui-27inch-27n5ca-curved-va-brand-new-monitor-75hz-for-sale-colombo-19,I MAC LK(PVT)LTD,True,2 months
6a573d899ca99a6827c7898f,"MSI PRO MP243L E14 24.5"" Inch 144Hz 1ms FHD IPS Productivity Monitor",MSI,24.5 Inch,144Hz,1080p FHD,IPS,False,False,False,"Rs 33,500",33500,Brand New,Colombo,msi-pro-mp243l-e14-245-inch-144hz-1ms-fhd-ips-productivity-monitor-for-sale-colombo-7,https://ikman.lk/en/ad/msi-pro-mp243l-e14-245-inch-144hz-1ms-fhd-ips-productivity-monitor-for-sale-colombo-7,Myitem.lk (PVT) Ltd,True,2 months
6a57346bfb0ddf1a05bb121c,Asus - VY279HGR 27″ Inch Brand New Gaming Monitor,Asus,27 Inch,60Hz,1080p FHD,Standard,False,True,False,"Rs 49,500",49500,Brand New,Colombo,asus-vy279hgr-27-inch-brand-new-gaming-monitor-for-sale-colombo-2,https://ikman.lk/en/ad/asus-vy279hgr-27-inch-brand-new-gaming-monitor-for-sale-colombo-2,I MAC LK(PVT)LTD,True,2 months
6a57328f9d8fa93bb4656ca3,Asus Tuf Gaming Vg279 Q3 R Monitor,Asus,Unknown,60Hz,Unknown,Standard,False,True,False,"Rs 57,400",57400,Brand New,Colombo,asus-tuf-gaming-vg279-q3-r-monitor-for-sale-colombo,https://ikman.lk/en/ad/asus-tuf-gaming-vg279-q3-r-monitor-for-sale-colombo,I MAC LK(PVT)LTD,True,2 months
6a57264358b55ad040335780,27 INCH LENOVO THINKVISION IPS FHD HDMI USED MONITOR,Lenovo,27 Inch,60Hz,1080p FHD,IPS,False,False,False,"Rs 27,500",27500,Used,Colombo,27-inch-lenovo-thinkvision-ips-fhd-hdmi-used-monitor-for-sale-colombo-21,https://ikman.lk/en/ad/27-inch-lenovo-thinkvision-ips-fhd-hdmi-used-monitor-for-sale-colombo-21,Mdcomputers.lk(Pvt) Ltd,True,2 months
6a5725c62056da5ea6bb1144,24 INCH DELL FULL HD IPS FRAMELESS USED MONITOR,Dell,24 Inch,60Hz,1080p FHD,IPS,False,False,True,"Rs 22,000",22000,Used,Colombo,24-inch-dell-full-hd-ips-frameless-used-monitor-for-sale-colombo-37,https://ikman.lk/en/ad/24-inch-dell-full-hd-ips-frameless-used-monitor-for-sale-colombo-37,Mdcomputers.lk(Pvt) Ltd,True,2 months
6a572371cfbb2bc47854c5ad,22 INCH TG FULL HD HDMI USED MONITOR,Other,22 Inch,60Hz,1080p FHD,Standard,False,False,False,"Rs 12,500",12500,Used,Colombo,22-inch-tg-full-hd-hdmi-used-monitor-for-sale-colombo,https://ikman.lk/en/ad/22-inch-tg-full-hd-hdmi-used-monitor-for-sale-colombo,Mdcomputers.lk(Pvt) Ltd,True,2 months
6a57203646a0c03d134f97b3,"HP 23"" Elite Display Full HD IPS Frameless Monitor 60Hz",HP,23 Inch,60Hz,1080p FHD,IPS,False,False,True,"Rs 24,500",24500,Used,Colombo,hp-23-elite-display-full-hd-ips-frameless-monitor-60hz-for-sale-colombo,https://ikman.lk/en/ad/hp-23-elite-display-full-hd-ips-frameless-monitor-60hz-for-sale-colombo,Laptop Outlet Pvt Ltd,True,2 months
6a571fe38138ca5f1c4f9be6,"HP 24"" Elite Display Full HD IPS Frameless Monitor 60Hz",HP,24 Inch,60Hz,1080p FHD,IPS,False,False,True,"Rs 26,500",26500,Used,Colombo,hp-24-elite-display-full-hd-ips-frameless-monitor-60hz-for-sale-colombo,https://ikman.lk/en/ad/hp-24-elite-display-full-hd-ips-frameless-monitor-60hz-for-sale-colombo,Laptop Outlet Pvt Ltd,True,2 months
6a571f85e13dc65f81e9d56c,Asus TUF 34 Inch Gaming Monitor VG34VQL3A 1500R 1440P 180HZ Curved,Asus,34 Inch,180Hz,2K QHD,Standard,True,True,False,"Rs 159,500",159500,Brand New,Colombo,asus-tuf-34-inch-gaming-monitor-vg34vql3a-1500r-1440p-180hz-curved-for-sale-colombo-3,https://ikman.lk/en/ad/asus-tuf-34-inch-gaming-monitor-vg34vql3a-1500r-1440p-180hz-curved-for-sale-colombo-3,COMPUTER HUB,True,2 months
6a571a1475a71c4ce41bda62,"Samsung 24"" Inch Full HD IPS Frameless HDMI Gaming Used Monitor",Samsung,24 Inch,60Hz,1080p FHD,IPS,False,True,True,"Rs 22,000",22000,Used,Colombo,samsung-24-inch-full-hd-ips-frameless-hdmi-gaming-used-monitor-for-sale-colombo-45,https://ikman.lk/en/ad/samsung-24-inch-full-hd-ips-frameless-hdmi-gaming-used-monitor-for-sale-colombo-45,Myitem.lk (PVT) Ltd,True,2 months
6a571924293f57d5aadbc704,27 Inch Atec Full Hd LED Used Monitor,Other,27 Inch,60Hz,1080p FHD,Standard,False,False,False,"Rs 21,500",21500,Used,Colombo,27-inch-atec-full-hd-led-used-monitor-for-sale-colombo-59,https://ikman.lk/en/ad/27-inch-atec-full-hd-led-used-monitor-for-sale-colombo-59,Mdcomputers.lk(Pvt) Ltd,True,2 months
6a57191c787c54da11ce9159,𝟐𝟒” 𝐋𝐄𝐃 𝐄 𝐌𝐚𝐫𝐤 - 𝐄𝐖𝟐𝟒𝟐𝟕𝐒𝐇,Other,Unknown,60Hz,Unknown,Standard,False,False,False,"Rs 32,500",32500,Brand New,Colombo,for-sale-colombo-4152,https://ikman.lk/en/ad/for-sale-colombo-4152,JNC LANKA TECH HOLDING (PVT) LTD,True,2 months
6a571881a318aa06db5c0445,20 Inch Dell LED Used Monitor -E2016H,Dell,20 Inch,60Hz,Unknown,Standard,False,False,False,"Rs 9,800",9800,Used,Colombo,20-inch-dell-led-used-monitor-e2016h-for-sale-colombo-14,https://ikman.lk/en/ad/20-inch-dell-led-used-monitor-e2016h-for-sale-colombo-14,Mdcomputers.lk(Pvt) Ltd,True,2 months
68b9dc6ebdc34a94f8d7ec64,Dell 22’inch LED HDMI Wide monitor,Dell,22 Inch,60Hz,HD,Standard,False,False,False,"Rs 11,900",11900,Used,Colombo,dell-22inch-led-hdmi-wide-monitor-for-sale-colombo-1,https://ikman.lk/en/ad/dell-22inch-led-hdmi-wide-monitor-for-sale-colombo-1,PC TECH COMPUTER,True,2 months
6a57113aa33f4e3c5767e219,"Acer EK271 27"" Inch 144Hz IPS HDMI Frameless Gaming Monitor",Acer,27 Inch,144Hz,HD,IPS,False,True,True,"Rs 37,000",37000,Brand New,Colombo,acer-ek271-27-inch-144hz-ips-hdmi-frameless-gaming-monitor-for-sale-colombo-66,https://ikman.lk/en/ad/acer-ek271-27-inch-144hz-ips-hdmi-frameless-gaming-monitor-for-sale-colombo-66,Myitem.lk (PVT) Ltd,True,2 months
6a5710ade451d3592d5c0450,"Dell P2319H 23"" Inch IPS Frameless Full HD HDMI Used Monitor",Dell,23 Inch,60Hz,1080p FHD,IPS,False,False,True,"Rs 20,500",20500,Used,Colombo,dell-p2319h-23-inch-ips-frameless-full-hd-hdmi-used-monitor-for-sale-colombo-28,https://ikman.lk/en/ad/dell-p2319h-23-inch-ips-frameless-full-hd-hdmi-used-monitor-for-sale-colombo-28,Computer Store.lk Pvt Ltd,True,2 months
6a571004d2b89f97318bf06f,KOORUI G2711P FHD IPS 27INCH 200HZ BRAND NEW GAMING MONITOR,Other,27 Inch,200Hz,1080p FHD,IPS,False,True,False,"Rs 51,500",51500,Brand New,Colombo,koorui-g2711p-fhd-ips-27inch-200hz-brand-new-gaming-monitor-for-sale-colombo-23,https://ikman.lk/en/ad/koorui-g2711p-fhd-ips-27inch-200hz-brand-new-gaming-monitor-for-sale-colombo-23,Myitem.lk (PVT) Ltd,True,2 months
6a570f3a34be3171748bf051,"15.6"" 30 pin Laptop Display",Other,15.6 Inch,60Hz,Unknown,Standard,False,False,False,"Rs 7,900",7900,Used,Jaffna,156-30-pin-laptop-display-for-sale-jaffna,https://ikman.lk/en/ad/156-30-pin-laptop-display-for-sale-jaffna,,False,2 months
6a570f33109e771ebc3443e8,MSI Pro MP273 E14A 27 Inch 144HZ 1MS FHD IPS Productivity Monitor New,MSI,27 Inch,144Hz,1080p FHD,IPS,False,False,False,"Rs 44,990",44990,Brand New,Colombo,msi-pro-mp273-e14a-27-inch-144hz-1ms-fhd-ips-productivity-monitor-new-for-sale-colombo-94,https://ikman.lk/en/ad/msi-pro-mp273-e14a-27-inch-144hz-1ms-fhd-ips-productivity-monitor-new-for-sale-colombo-94,Myitem.lk (PVT) Ltd,True,2 months
6a570c4517c8c53b25ada6fa,Koorui E2411K 24INCH 144HZ IPS FHD Brand New Monitor,Other,24 Inch,144Hz,1080p FHD,IPS,False,False,False,"Rs 33,000",33000,Brand New,Colombo,koorui-e2411k-24inch-144hz-ips-fhd-brand-new-monitor-for-sale-colombo-4,https://ikman.lk/en/ad/koorui-e2411k-24inch-144hz-ips-fhd-brand-new-monitor-for-sale-colombo-4,Max Core PC,True,2 months
6a5709ee17c8c53b25ada6cb,Brand New Acer Vero Series CB272 P6BMIPRX 144HZ Full HD Monitor,Acer,Unknown,144Hz,1080p FHD,Standard,False,False,False,"Rs 44,990",44990,Brand New,Colombo,brand-new-acer-vero-series-cb272-p6bmiprx-144hz-full-hd-monitor-for-sale-colombo-63,https://ikman.lk/en/ad/brand-new-acer-vero-series-cb272-p6bmiprx-144hz-full-hd-monitor-for-sale-colombo-63,Myitem.lk (PVT) Ltd,True,2 months
6a570500c7a4c784d208ddc5,"Full HD IPS Dell P2419H 24"" Monitor",Dell,24 Inch,60Hz,1080p FHD,IPS,False,False,False,"Rs 29,900",29900,Used,Colombo,full-hd-ips-dell-p2419h-24-monitor-for-sale-colombo-1,https://ikman.lk/en/ad/full-hd-ips-dell-p2419h-24-monitor-for-sale-colombo-1,COMPUTER HUB,True,2 months
6a04216d2f26f608ff9cf14d,"22"" Inch LED HP Wide Monitor",HP,22 Inch,60Hz,1080p FHD,Standard,False,False,False,"Rs 11,999",11999,Used,Kalutara,22-inch-led-hp-wide-monitor-for-sale-kalutara-7,https://ikman.lk/en/ad/22-inch-led-hp-wide-monitor-for-sale-kalutara-7,Smart Choice,True,2 months
6a042162f9e9816972eef65f,"22"" Inch LED HP Wide Monitor",HP,22 Inch,60Hz,1080p FHD,Standard,False,False,False,"Rs 11,999",11999,Used,Kalutara,22-inch-led-hp-wide-monitor-for-sale-kalutara-8,https://ikman.lk/en/ad/22-inch-led-hp-wide-monitor-for-sale-kalutara-8,Smart Choice,True,2 months
6a567cd5120f17ac8b724a13,Samsung 24” LED Monitor,Samsung,24 Inch,60Hz,1080p FHD,Standard,False,False,False,"Rs 12,900",12900,Used,Colombo,samsung-24-led-monitor-for-sale-colombo-4,https://ikman.lk/en/ad/samsung-24-led-monitor-for-sale-colombo-4,Computer House,True,2 months
6a5675cd6ab12e404254cfa5,"22"" LED WIDE MONITOR",Other,22 Inch,60Hz,1080p FHD,Standard,False,False,False,"Rs 10,450",10450,Used,Gampaha,22-led-wide-monitor-for-sale-gampaha-6,https://ikman.lk/en/ad/22-led-wide-monitor-for-sale-gampaha-6,ShaTech Zone,True,2 months
6a56740d6ab12e404254cf9c,"24"" IPS Gaming Monitor (Brand New) Asus - FRAMELESS|FHD|120HZ",Asus,24 Inch,120Hz,1080p FHD,IPS,False,True,True,"Rs 32,950",32950,Brand New,Gampaha,24-ips-gaming-monitor-brand-new-asus-framelessfhd120hz-for-sale-gampaha,https://ikman.lk/en/ad/24-ips-gaming-monitor-brand-new-asus-framelessfhd120hz-for-sale-gampaha,ShaTech Zone,True,2 months
6a56721d26e579a80854cf87,"Monitor 24"" 2K WIDE IPS (2560 × 1440) QHD",Other,24 Inch,60Hz,2K QHD,IPS,False,False,False,"Rs 22,250",22250,Used,Gampaha,monitor-24-2k-wide-ips-2560-x-1440-qhd-for-sale-gampaha,https://ikman.lk/en/ad/monitor-24-2k-wide-ips-2560-x-1440-qhd-for-sale-gampaha,ShaTech Zone,True,2 months
6a5670b728f7c7e2ecde1fce,"32"" 2K CURVED MONITOR - GAMING 144HZ|QHD (2560 × 1440)",Other,32 Inch,144Hz,2K QHD,Standard,True,True,False,"Rs 55,250",55250,Used,Gampaha,32-2k-curved-monitor-gaming-144hzqhd-2560-x-1440-for-sale-gampaha,https://ikman.lk/en/ad/32-2k-curved-monitor-gaming-144hzqhd-2560-x-1440-for-sale-gampaha,ShaTech Zone,True,2 months
6a563107e9c1b68befc6c991,KOORUI G2741L BRAND NEW DUAL MODE IPS MONITOR (4K-160HZ/1080P-320HZ),Other,Unknown,160Hz,4K UHD,IPS,False,False,False,"Rs 95,000",95000,Brand New,Colombo,koorui-g2741l-brand-new-dual-mode-ips-monitor-4k-160hz-1080p-320hz-for-sale-colombo,https://ikman.lk/en/ad/koorui-g2741l-brand-new-dual-mode-ips-monitor-4k-160hz-1080p-320hz-for-sale-colombo,Computer Store.lk Pvt Ltd,True,2 months
6a562dbd06f9d6c63d9bc5e6,"Emark 24"" EW2427SH 144Hz IPS Full HD Frameless Gaming Monitor",Other,24 Inch,144Hz,1080p FHD,IPS,False,True,True,"Rs 29,990",29990,Brand New,Colombo,emark-24-ew2427sh-144hz-ips-full-hd-frameless-gaming-monitor-for-sale-colombo-22,https://ikman.lk/en/ad/emark-24-ew2427sh-144hz-ips-full-hd-frameless-gaming-monitor-for-sale-colombo-22,Myitem.lk (PVT) Ltd,True,2 months
6a56273c554a5dca9f84302d,"Dell P2319H 23"" Inch IPS Frameless Full HD HDMI Used Monitor",Dell,23 Inch,60Hz,1080p FHD,IPS,False,False,True,"Rs 20,500",20500,Used,Colombo,dell-p2319h-23-inch-ips-frameless-full-hd-hdmi-used-monitor-for-sale-colombo-27,https://ikman.lk/en/ad/dell-p2319h-23-inch-ips-frameless-full-hd-hdmi-used-monitor-for-sale-colombo-27,Computer Store.lk Pvt Ltd,True,2 months
6a5626dd4145a8ab9678353c,"Samsung F24T450FQE 24"" Inch Full HD IPS Frameless HDMI Used Monitor",Samsung,24 Inch,60Hz,1080p FHD,IPS,False,False,True,"Rs 21,990",21990,Used,Colombo,samsung-f24t450fqe-24-inch-full-hd-ips-frameless-hdmi-used-monitor-for-sale-colombo-48,https://ikman.lk/en/ad/samsung-f24t450fqe-24-inch-full-hd-ips-frameless-hdmi-used-monitor-for-sale-colombo-48,Computer Store.lk Pvt Ltd,True,2 months
6a562673e0f4781c7481e9bc,"HP Z23N IPS Frameless HDMI Monitor 23""",HP,23 Inch,60Hz,HD,IPS,False,False,True,"Rs 20,500",20500,Used,Colombo,hp-z23n-ips-frameless-hdmi-monitor-23-for-sale-colombo-6,https://ikman.lk/en/ad/hp-z23n-ips-frameless-hdmi-monitor-23-for-sale-colombo-6,Computer Store.lk Pvt Ltd,True,2 months
6a55f43b4919d7f28407ce78,"Dell P2319H 23"" Inch IPS Frameless Full HD HDMI Used Monitor",Dell,23 Inch,60Hz,1080p FHD,IPS,False,False,True,"Rs 20,500",20500,Used,Colombo,dell-p2319h-23-inch-ips-frameless-full-hd-hdmi-used-monitor-for-sale-colombo-26,https://ikman.lk/en/ad/dell-p2319h-23-inch-ips-frameless-full-hd-hdmi-used-monitor-for-sale-colombo-26,Max Core PC,True,2 months
6a5617d9c5c2f490abccaba2,"Dell P2419H 24"" Full HD IPS Monitor",Dell,24 Inch,60Hz,1080p FHD,IPS,False,False,False,"Rs 29,900",29900,Used,Colombo,dell-p2419h-24-full-hd-ips-monitor-for-sale-colombo-3,https://ikman.lk/en/ad/dell-p2419h-24-full-hd-ips-monitor-for-sale-colombo-3,COMPUTER HUB,True,2 months
6a560c273f477b446a5a20ad,"Acer EK251 25"" Inch 144HZ IPS HDMI Frameless Gaming Monitor New",Acer,25 Inch,144Hz,HD,IPS,False,True,True,"Rs 31,990",31990,Brand New,Colombo,acer-ek251-25-inch-144hz-ips-hdmi-frameless-gaming-monitor-new-for-sale-colombo-3,https://ikman.lk/en/ad/acer-ek251-25-inch-144hz-ips-hdmi-frameless-gaming-monitor-new-for-sale-colombo-3,Myitem.lk (PVT) Ltd,True,2 months
6a5603530776856b39842eff,"Dell Latitude 3420 Core I5 11th Gen 8GB RAM 256GB NVMe 14""",Dell,14 Inch,60Hz,Unknown,Standard,False,False,False,"Rs 95,000",95000,Used,Colombo,dell-latitude-3420-core-i5-11th-gen-8gb-ram-256gb-nvme-14-for-sale-colombo-15,https://ikman.lk/en/ad/dell-latitude-3420-core-i5-11th-gen-8gb-ram-256gb-nvme-14-for-sale-colombo-15,Myitem.lk (PVT) Ltd,True,2 months
6a55f363e0f4781c7481e7a4,"MSI Pro MP251L E2 25"" Inch 120HZ Full HD IPS Frameless Monitor",MSI,25 Inch,120Hz,1080p FHD,IPS,False,False,True,"Rs 32,000",32000,Brand New,Colombo,msi-pro-mp251l-e2-25-inch-120hz-full-hd-ips-frameless-monitor-for-sale-colombo-47,https://ikman.lk/en/ad/msi-pro-mp251l-e2-25-inch-120hz-full-hd-ips-frameless-monitor-for-sale-colombo-47,Myitem.lk (PVT) Ltd,True,2 months
6a55ee76d66a79c8ad07ce2a,"Samsung 20"" Wide HDMI LED Monitor | Used",Samsung,20 Inch,60Hz,HD,Standard,False,False,False,"Rs 10,500",10500,Used,Gampaha,samsung-20-wide-hdmi-led-monitor-used-for-sale-gampaha-2,https://ikman.lk/en/ad/samsung-20-wide-hdmi-led-monitor-used-for-sale-gampaha-2,Comzonex,True,2 months
6a55edd3da4e0288075eeb18,"Falcon HS23.6"" Wide LED Monitor | Brand New",Other,23.6 Inch,60Hz,Unknown,Standard,False,False,False,"Rs 23,500",23500,Brand New,Gampaha,falcon-hs236-wide-led-monitor-brand-new-for-sale-gampaha-1,https://ikman.lk/en/ad/falcon-hs236-wide-led-monitor-brand-new-for-sale-gampaha-1,Comzonex,True,2 months
6a55ed86e0f4781c7481e76c,"Dell 22"" IPS Wide LED Monitor | Full HD Display",Dell,22 Inch,60Hz,1080p FHD,IPS,False,False,False,"Rs 12,950",12950,Used,Gampaha,dell-22-ips-wide-led-monitor-full-hd-display-for-sale-gampaha,https://ikman.lk/en/ad/dell-22-ips-wide-led-monitor-full-hd-display-for-sale-gampaha,Comzonex,True,2 months
69eb3284f964993594f0380a,Acer 27 Inch Brandnew Monitors (144Hz),Acer,27 Inch,144Hz,1080p FHD,Standard,False,False,False,"Rs 37,500",37500,Brand New,Colombo,acer-27-inch-brandnew-monitors-144hz-for-sale-colombo-22,https://ikman.lk/en/ad/acer-27-inch-brandnew-monitors-144hz-for-sale-colombo-22, Laptop Market,True,2 months
6a55f20222d1ede907673f9e,"Monitor Dell 21.5"" Se2225hm",Dell,21.5 Inch,60Hz,Unknown,Standard,False,False,False,"Rs 28,500",28500,Brand New,Colombo,monitor-dell-215-se2225hm-for-sale-colombo,https://ikman.lk/en/ad/monitor-dell-215-se2225hm-for-sale-colombo,,False,2 months
6a55e8c59009af6f08c1b858,"19"" Square LED Monitor",Other,19 Inch,60Hz,Unknown,Standard,False,False,False,"Rs 7,500",7500,Used,Gampaha,19-square-led-monitor-for-sale-gampaha-1,https://ikman.lk/en/ad/19-square-led-monitor-for-sale-gampaha-1,Comzonex,True,2 months
6a55eab453c6a20c92b277de,Asus TUF VG34VQL3A 180Hz 34” Curved 1440P 1500R Gaming Monitor,Asus,34 Inch,180Hz,2K QHD,Standard,True,True,False,"Rs 159,500",159500,Brand New,Colombo,asus-tuf-vg34vql3a-180hz-34-curved-1440p-1500r-gaming-monitor-for-sale-colombo-3,https://ikman.lk/en/ad/asus-tuf-vg34vql3a-180hz-34-curved-1440p-1500r-gaming-monitor-for-sale-colombo-3,COMPUTER HUB,True,2 months
6a55e51ad66a79c8ad07cdc1,"HP 17"" Monitor",HP,17 Inch,60Hz,Unknown,Standard,False,False,False,"Rs 6,500",6500,Used,Gampaha,hp-17-monitor-for-sale-for-sale-gampaha,https://ikman.lk/en/ad/hp-17-monitor-for-sale-for-sale-gampaha,,False,2 months
6a55cbdbd66a79c8ad07cc92,HP W10 Wireless Mouse Rechargeable | 2.4GHz USB Receiver Brand New,HP,Unknown,60Hz,Unknown,Standard,False,False,False,"Rs 1,450",1450,Brand New,Colombo,hp-w10-wireless-mouse-rechargeable-24ghz-usb-receiver-brand-new-for-sale-colombo,https://ikman.lk/en/ad/hp-w10-wireless-mouse-rechargeable-24ghz-usb-receiver-brand-new-for-sale-colombo,Thatech.Lk,True,2 months
6a55cf85e9c1b68befc6c56b,MSI Modern MD272QXP 27″ Business and Productivity Monitor 100Hz 2K WQHD,MSI,27 Inch,100Hz,2K QHD,Standard,False,False,False,"Rs 95,000",95000,Brand New,Colombo,msi-modern-md272qxp-27-business-and-productivity-monitor-100hz-2k-wqhd-for-sale-colombo-11,https://ikman.lk/en/ad/msi-modern-md272qxp-27-business-and-productivity-monitor-100hz-2k-wqhd-for-sale-colombo-11,Myitem.lk (PVT) Ltd,True,2 months
6a55c9adb05e9ee83407cc90,"Dell P2319H 23"" inch Full HD IPS HDMI Frameless Used Monitor (No Cables)",Dell,23 Inch,60Hz,1080p FHD,IPS,False,False,True,"Rs 20,500",20500,Used,Colombo,dell-p2319h-23-inch-full-hd-ips-hdmi-frameless-used-monitor-no-cables-for-sale-colombo-40,https://ikman.lk/en/ad/dell-p2319h-23-inch-full-hd-ips-hdmi-frameless-used-monitor-no-cables-for-sale-colombo-40,Myitem.lk (PVT) Ltd,True,2 months
6a55c7b9602d0dd1d57df062,"MSI PRO MP225 E12VL 21.5"" Inch 120Hz 1ms FHD Slim Frameless Monitor",MSI,21.5 Inch,120Hz,1080p FHD,Standard,False,False,True,"Rs 27,500",27500,Used,Colombo,msi-pro-mp225-e12vl-215-inch-120hz-1ms-fhd-slim-frameless-monitor-for-sale-colombo-9,https://ikman.lk/en/ad/msi-pro-mp225-e12vl-215-inch-120hz-1ms-fhd-slim-frameless-monitor-for-sale-colombo-9,Myitem.lk (PVT) Ltd,True,2 months
6a55c43e621671e057c6c542,23 Wide HDMI Speaker TV Monitors,Other,23 Inch,60Hz,HD,Standard,False,False,False,"Rs 11,999",11999,Used,Kandy,23-wide-hdmi-speaker-tv-monitors-for-sale-kandy-18,https://ikman.lk/en/ad/23-wide-hdmi-speaker-tv-monitors-for-sale-kandy-18,Computer IT Server,True,2 months
6a55c402407c8b0697c6c510,23 wide HDMI Speaker Tv Monitor,Other,23 Inch,60Hz,HD,Standard,False,False,False,"Rs 11,999",11999,Used,Kandy,23-wide-hdmi-speaker-tv-monitor-for-sale-kandy-29,https://ikman.lk/en/ad/23-wide-hdmi-speaker-tv-monitor-for-sale-kandy-29,Computer IT Server,True,2 months
6a55c39f8eadf65c629cc317,Asus TUF Gaming VG279QE5A 27″ FHD IPS 146HZ Monitor,Asus,27 Inch,146Hz,1080p FHD,IPS,False,True,False,"Rs 46,500",46500,Brand New,Colombo,asus-tuf-gaming-vg279qe5a-27-fhd-ips-146hz-monitor-for-sale-colombo-57,https://ikman.lk/en/ad/asus-tuf-gaming-vg279qe5a-27-fhd-ips-146hz-monitor-for-sale-colombo-57,Myitem.lk (PVT) Ltd,True,2 months
6a55c38fe0f4781c7481e4ea,22 LED Wide Display Monitor,Other,22 Inch,60Hz,1080p FHD,Standard,False,False,False,"Rs 9,999",9999,Used,Kandy,22-led-wide-display-monitor-for-sale-kandy-1,https://ikman.lk/en/ad/22-led-wide-display-monitor-for-sale-kandy-1,Computer IT Server,True,2 months
6a55c370e9c1b68befc6c4ac,22' LED Display Monitors,Other,22 Inch,60Hz,1080p FHD,Standard,False,False,False,"Rs 9,999",9999,Used,Kandy,22-led-display-monitors-for-sale-kandy-14,https://ikman.lk/en/ad/22-led-display-monitors-for-sale-kandy-14,Computer IT Server,True,2 months
6a55c334a5c00b250781e523,23' LED IPS HDMI FullHD Rotatable Monitor,Other,23 Inch,60Hz,HD,IPS,False,False,False,"Rs 12,999",12999,Used,Kandy,23-led-ips-hdmi-fullhd-rotatable-monitor-for-sale-kandy,https://ikman.lk/en/ad/23-led-ips-hdmi-fullhd-rotatable-monitor-for-sale-kandy,Computer IT Server,True,2 months
6a55c311da4e0288075ee88f,23' LED IPS HDMI FullHD Rotatable Monitors,Other,23 Inch,60Hz,HD,IPS,False,False,False,"Rs 12,999",12999,Used,Kandy,23-led-ips-hdmi-fullhd-rotatable-monitors-for-sale-kandy-1,https://ikman.lk/en/ad/23-led-ips-hdmi-fullhd-rotatable-monitors-for-sale-kandy-1,Computer IT Server,True,2 months
6a55c158621671e057c6c4fa,MSI PRO MP245PG E14 23.8″ INCH 144HZ 1MS FHD FRAMELESS MONITOR NEW,MSI,23 Inch,144Hz,1080p FHD,Standard,False,False,True,"Rs 47,500",47500,Brand New,Colombo,msi-pro-mp245pg-e14-238-inch-144hz-1ms-fhd-frameless-monitor-new-for-sale-colombo-3,https://ikman.lk/en/ad/msi-pro-mp245pg-e14-238-inch-144hz-1ms-fhd-frameless-monitor-new-for-sale-colombo-3,Computer Store.lk Pvt Ltd,True,2 months
6a55c0bd5df50ea049c1b65a,"MSI PRO MP243L E14 24.5"" Inch 144Hz 1ms FHD IPS Productivity Monitor",MSI,24.5 Inch,144Hz,1080p FHD,IPS,False,False,False,"Rs 33,500",33500,Brand New,Colombo,msi-pro-mp243l-e14-245-inch-144hz-1ms-fhd-ips-productivity-monitor-for-sale-colombo-6,https://ikman.lk/en/ad/msi-pro-mp243l-e14-245-inch-144hz-1ms-fhd-ips-productivity-monitor-for-sale-colombo-6,Computer Store.lk Pvt Ltd,True,2 months
6a55bfc9d66a79c8ad07cbd9,"MSI PRO MP225 E12VL 21.5"" Inch 120Hz 1ms FHD Slim Frameless Monitor",MSI,21.5 Inch,120Hz,1080p FHD,Standard,False,False,True,"Rs 26,500",26500,Brand New,Colombo,msi-pro-mp225-e12vl-215-inch-120hz-1ms-fhd-slim-frameless-monitor-for-sale-colombo-8,https://ikman.lk/en/ad/msi-pro-mp225-e12vl-215-inch-120hz-1ms-fhd-slim-frameless-monitor-for-sale-colombo-8,Computer Store.lk Pvt Ltd,True,2 months
6a55bbc9cc009e08095ee841,"Asus VY279HGR 27"" Inch Full HD IPS Level 120Hz Adaptive Sync Monitor",Asus,27 Inch,120Hz,1080p FHD,IPS,False,False,False,"Rs 45,000",45000,Brand New,Colombo,asus-vy279hgr-27-inch-full-hd-ips-level-120hz-adaptive-sync-monitor-for-sale-colombo-65,https://ikman.lk/en/ad/asus-vy279hgr-27-inch-full-hd-ips-level-120hz-adaptive-sync-monitor-for-sale-colombo-65,Myitem.lk (PVT) Ltd,True,2 months
6a55147ef1501f0fbf3fa992,Monitor Stand,Other,Unknown,60Hz,Unknown,Standard,False,False,False,"Rs 1,400",1400,Used,Kandy,moniter-stand-for-sale-kandy,https://ikman.lk/en/ad/moniter-stand-for-sale-kandy,,False,2 months
69e20e2be04ddd886d5b593d,"Dell 23"" IPS Monitor (Used)",Dell,23 Inch,60Hz,Unknown,IPS,False,False,False,"Rs 13,950",13950,Used,Gampaha,dell-23-ips-monitor-used-for-sale-gampaha,https://ikman.lk/en/ad/dell-23-ips-monitor-used-for-sale-gampaha,Comzonex,True,2 months
69b270cc23bcf99d2e32a255,"22"" LED Monitors – USED",Other,22 Inch,60Hz,1080p FHD,Standard,False,False,False,"Rs 10,500",10500,Used,Gampaha,22-led-monitors-used-for-sale-gampaha-1,https://ikman.lk/en/ad/22-led-monitors-used-for-sale-gampaha-1,Comzonex,True,2 months
6a54e4a369cc833fe2ddd999,AOC Monitor 16,AOC,Unknown,60Hz,Unknown,Standard,False,False,False,"Rs 6,000",6000,Used,Kurunegala,aoc-monitor-16-for-sale-kurunegala,https://ikman.lk/en/ad/aoc-monitor-16-for-sale-kurunegala,,False,2 months
6a54d860465e454b00ddd9aa,KOORUI G2411P 24-inch IPS FHD 200Hz Gaming Monitor,Other,24 Inch,200Hz,1080p FHD,IPS,False,True,False,"Rs 39,000",39000,Brand New,Colombo,koorui-g2411p-24-inch-ips-fhd-200hz-gaming-monitor-for-sale-colombo-19,https://ikman.lk/en/ad/koorui-g2411p-24-inch-ips-fhd-200hz-gaming-monitor-for-sale-colombo-19,Computer Store.lk Pvt Ltd,True,2 months
6a54d8246cec6d74163fa835,Brand New Acer Vero Series CB272 P6BMIPRX 144HZ Full HD Monitor,Acer,Unknown,144Hz,1080p FHD,Standard,False,False,False,"Rs 44,990",44990,Brand New,Colombo,brand-new-acer-vero-series-cb272-p6bmiprx-144hz-full-hd-monitor-for-sale-colombo-62,https://ikman.lk/en/ad/brand-new-acer-vero-series-cb272-p6bmiprx-144hz-full-hd-monitor-for-sale-colombo-62,Myitem.lk (PVT) Ltd,True,2 months
6a54d77e6cec6d74163fa82f,"Acer EK271 27"" Inch 144Hz IPS HDMI Frameless Gaming Monitor",Acer,27 Inch,144Hz,HD,IPS,False,True,True,"Rs 36,000",36000,Brand New,Colombo,acer-ek271-27-inch-144hz-ips-hdmi-frameless-gaming-monitor-for-sale-colombo-65,https://ikman.lk/en/ad/acer-ek271-27-inch-144hz-ips-hdmi-frameless-gaming-monitor-for-sale-colombo-65,Computer Store.lk Pvt Ltd,True,2 months
6a54cc4427320d5aa04ff9a1,32 INCH SAMSUNG IPS HDMI 2K USED MONITOR,Samsung,32 Inch,60Hz,2K QHD,IPS,False,False,False,"Rs 39,000",39000,Used,Colombo,32-inch-samsung-ips-hdmi-2k-used-monitor-for-sale-colombo-1,https://ikman.lk/en/ad/32-inch-samsung-ips-hdmi-2k-used-monitor-for-sale-colombo-1,Mdcomputers.lk(Pvt) Ltd,True,2 months
6a54cb8f27320d5aa04ff994,27 Inch Dell P2714 Hc Ips Led Used Monitor,Dell,27 Inch,60Hz,1080p FHD,IPS,False,False,False,"Rs 28,000",28000,Used,Colombo,27-inch-dell-p2714-hc-ips-led-used-monitor-for-sale-colombo-2,https://ikman.lk/en/ad/27-inch-dell-p2714-hc-ips-led-used-monitor-for-sale-colombo-2,Mdcomputers.lk(Pvt) Ltd,True,2 months
6a54c93ff1501f0fbf3fa7c8,27 inch Lenovo Thinkvision Ips Fhd Hdmi Used Monitor,Lenovo,27 Inch,60Hz,1080p FHD,IPS,False,False,False,"Rs 27,500",27500,Used,Colombo,27-inch-lenovo-thinkvision-ips-fhd-hdmi-used-monitor-for-sale-colombo-22,https://ikman.lk/en/ad/27-inch-lenovo-thinkvision-ips-fhd-hdmi-used-monitor-for-sale-colombo-22,Mdcomputers.lk(Pvt) Ltd,True,2 months
6a54c8c4c73aeeff252d9db1,MSI Pro MP273 E14A 27 Inch 144HZ 1MS FHD IPS Productivity Monitor New,MSI,27 Inch,144Hz,1080p FHD,IPS,False,False,False,"Rs 44,990",44990,Brand New,Colombo,msi-pro-mp273-e14a-27-inch-144hz-1ms-fhd-ips-productivity-monitor-new-for-sale-colombo-93,https://ikman.lk/en/ad/msi-pro-mp273-e14a-27-inch-144hz-1ms-fhd-ips-productivity-monitor-new-for-sale-colombo-93,Myitem.lk (PVT) Ltd,True,2 months
6a54c83474648e34752d9ddd,24 Inch Dell Full Hd Ips Frameless Used Monitor,Dell,24 Inch,60Hz,1080p FHD,IPS,False,False,True,"Rs 22,000",22000,Used,Colombo,24-inch-dell-full-hd-ips-frameless-used-monitor-for-sale-colombo-38,https://ikman.lk/en/ad/24-inch-dell-full-hd-ips-frameless-used-monitor-for-sale-colombo-38,Mdcomputers.lk(Pvt) Ltd,True,2 months
6a54c717bfe34ed18cad1a05,27 Inch Atec Full Hd LED Used Monitor,Other,27 Inch,60Hz,1080p FHD,Standard,False,False,False,"Rs 21,500",21500,Used,Colombo,27-inch-atec-full-hd-led-used-monitor-for-sale-colombo-60,https://ikman.lk/en/ad/27-inch-atec-full-hd-led-used-monitor-for-sale-colombo-60,Mdcomputers.lk(Pvt) Ltd,True,2 months
6a54c65c465e454b00ddd8f2,"Emark 24"" EW2427SH 144Hz IPS Full HD Frameless Gaming Monitor",Other,24 Inch,144Hz,1080p FHD,IPS,False,True,True,"Rs 29,990",29990,Brand New,Colombo,emark-24-ew2427sh-144hz-ips-full-hd-frameless-gaming-monitor-for-sale-colombo-21,https://ikman.lk/en/ad/emark-24-ew2427sh-144hz-ips-full-hd-frameless-gaming-monitor-for-sale-colombo-21,Myitem.lk (PVT) Ltd,True,2 months
6a54c2079de4b3bb662d9d8b,"𝟐𝟐"" 𝐋𝐄𝐃 𝐃𝐚𝐡𝐮𝐚 - 𝐃𝐇𝐈-𝐋𝐌𝟐𝟐-𝐀𝟐𝟏𝟏𝐘",Other,𝟐𝟐 Inch,60Hz,Unknown,Standard,False,False,False,"Rs 26,900",26900,Brand New,Colombo,for-sale-colombo-4151,https://ikman.lk/en/ad/for-sale-colombo-4151,JNC LANKA TECH HOLDING (PVT) LTD,True,2 months
6a54ae319de4b3bb662d9cc5,"MONITOR 22"" WIDE LED - GOOD CONDITION",Other,22 Inch,60Hz,1080p FHD,Standard,False,False,False,"Rs 10,450",10450,Used,Gampaha,monitor-22-wide-led-good-condition-for-sale-gampaha-1,https://ikman.lk/en/ad/monitor-22-wide-led-good-condition-for-sale-gampaha-1,ShaTech Zone,True,2 months
6a54ae11724725e349dc3585,𝟐𝟕” 𝐋𝐄𝐃/𝐈𝐏𝐒/𝐇𝐃𝐌𝐈/𝐂𝐔𝐑𝐕𝐄 𝐌𝐎𝐍𝐈𝐓𝐎𝐑,Other,Unknown,60Hz,Unknown,Standard,False,False,False,"Rs 32,500",32500,Used,Colombo,for-sale-colombo-4149,https://ikman.lk/en/ad/for-sale-colombo-4149,JNC LANKA TECH HOLDING (PVT) LTD,True,2 months
6a54ab324e4a61894e4ff7c3,𝟐𝟕” 𝐋𝐄𝐃/𝐇𝐃𝐌𝐈 𝐌𝐎𝐍𝐈𝐓𝐎𝐑,Other,Unknown,60Hz,Unknown,Standard,False,False,False,"Rs 26,500",26500,Used,Colombo,for-sale-colombo-4148,https://ikman.lk/en/ad/for-sale-colombo-4148,JNC LANKA TECH HOLDING (PVT) LTD,True,2 months
6a549a3f2b080dbee8dc34e5,"MONITOR 32"" 2K CURVED GAMING 144HZ|QHD (2560 × 1440)",Other,32 Inch,144Hz,2K QHD,Standard,True,True,False,"Rs 55,250",55250,Used,Colombo,monitor-32-2k-curved-gaming-144hzqhd-2560-x-1440-for-sale-colombo,https://ikman.lk/en/ad/monitor-32-2k-curved-gaming-144hzqhd-2560-x-1440-for-sale-colombo,ShaTech Zone,True,2 months
6a54983727320d5aa04ff752,"Dell P2419H 24"" Full HD IPS Monitor",Dell,24 Inch,60Hz,1080p FHD,IPS,False,False,False,"Rs 29,900",29900,Used,Colombo,dell-p2419h-24-full-hd-ips-monitor-for-sale-colombo-2,https://ikman.lk/en/ad/dell-p2419h-24-full-hd-ips-monitor-for-sale-colombo-2,COMPUTER HUB,True,2 months
6a5495b82b080dbee8dc34aa,27 Lenovo Frameless IPS Monitor (S27i-10),Lenovo,27 Inch,60Hz,1080p FHD,IPS,False,False,True,"Rs 30,000",30000,Brand New,Colombo,27-lenovo-frameless-ips-monitor-s27i-10-for-sale-colombo-5,https://ikman.lk/en/ad/27-lenovo-frameless-ips-monitor-s27i-10-for-sale-colombo-5,Lio Computers,True,2 months
6a548d57d8fa2d6a96e22edc,Acer 27 Inch Brandnew Monitors (144Hz),Acer,27 Inch,144Hz,1080p FHD,Standard,False,False,False,"Rs 36,800",36800,Brand New,Colombo,acer-27-inch-brandnew-monitors-144hz-for-sale-colombo-34,https://ikman.lk/en/ad/acer-27-inch-brandnew-monitors-144hz-for-sale-colombo-34, Laptop Market,True,2 months
6a5487b9d9c636641901ae18,"MSI PRO MP225 E12VL 21.5"" Inch 120Hz 1ms FHD Slim Frameless Monitor",MSI,21.5 Inch,120Hz,1080p FHD,Standard,False,False,True,"Rs 27,500",27500,Brand New,Colombo,msi-pro-mp225-e12vl-215-inch-120hz-1ms-fhd-slim-frameless-monitor-for-sale-colombo-7,https://ikman.lk/en/ad/msi-pro-mp225-e12vl-215-inch-120hz-1ms-fhd-slim-frameless-monitor-for-sale-colombo-7,Myitem.lk (PVT) Ltd,True,2 months
6a0554d4b410485fead59b16,HP 22 Inch IPS Wide Frameless Monitors Used 60Hz,HP,22 Inch,60Hz,1080p FHD,IPS,False,False,True,"Rs 18,500",18500,Used,Gampaha,hp-22-inch-ips-wide-frameless-monitors-used-60hz-for-sale-gampaha,https://ikman.lk/en/ad/hp-22-inch-ips-wide-frameless-monitors-used-60hz-for-sale-gampaha,U TECZONE,True,2 months
6997f285e016c5551455bc65,HP/SAMUNG/LENOVO 24 Ips Frameless Monitors FHD,HP,24 Inch,60Hz,1080p FHD,IPS,False,False,True,"Rs 24,500",24500,Used,Gampaha,hp-samung-lenovo-24-ips-frameless-monitors-fhd-for-sale-gampaha,https://ikman.lk/en/ad/hp-samung-lenovo-24-ips-frameless-monitors-fhd-for-sale-gampaha,U TECZONE,True,2 months
6a547fff27320d5aa04ff5da,"Acer 27"" Full HD Nitro Gaming Monitor - KG273 W3 240Hz Brand New",Acer,27 Inch,240Hz,1080p FHD,Standard,False,True,False,"Rs 49,500",49500,Brand New,Colombo,acer-27-full-hd-nitro-gaming-monitor-kg273-w3-240hz-brand-new-for-sale-colombo-57,https://ikman.lk/en/ad/acer-27-full-hd-nitro-gaming-monitor-kg273-w3-240hz-brand-new-for-sale-colombo-57,Myitem.lk (PVT) Ltd,True,2 months
6a547e219bce7a0965abfb14,"ViewSonic VA2432A-H 24"" Inch Full HD IPS 120HZ Frameless Monitor New",Viewsonic,24 Inch,120Hz,1080p FHD,IPS,False,False,True,"Rs 35,500",35500,Brand New,Colombo,viewsonic-va2432a-h-24-inch-full-hd-ips-120hz-frameless-monitor-new-for-sale-colombo-79,https://ikman.lk/en/ad/viewsonic-va2432a-h-24-inch-full-hd-ips-120hz-frameless-monitor-new-for-sale-colombo-79,Myitem.lk (PVT) Ltd,True,2 months
6a547aba9eb893145424e541,"MSI PRO MP243L E14 24.5"" Inch 144Hz 1ms FHD IPS Productivity Monitor",MSI,24.5 Inch,144Hz,1080p FHD,IPS,False,False,False,"Rs 33,500",33500,Brand New,Colombo,msi-pro-mp243l-e14-245-inch-144hz-1ms-fhd-ips-productivity-monitor-for-sale-colombo-5,https://ikman.lk/en/ad/msi-pro-mp243l-e14-245-inch-144hz-1ms-fhd-ips-productivity-monitor-for-sale-colombo-5,Myitem.lk (PVT) Ltd,True,2 months
6a547772eb9078e3f2d26fa8,Asus TUF 34 Inch Gaming Monitor VG34VQL3A 1500R 1440P 180HZ Curved,Asus,34 Inch,180Hz,2K QHD,Standard,True,True,False,"Rs 159,500",159500,Brand New,Colombo,asus-tuf-34-inch-gaming-monitor-vg34vql3a-1500r-1440p-180hz-curved-for-sale-colombo-4,https://ikman.lk/en/ad/asus-tuf-34-inch-gaming-monitor-vg34vql3a-1500r-1440p-180hz-curved-for-sale-colombo-4,COMPUTER HUB,True,2 months
6a54741db2b9b00f67d3e806,22inch hd monitor p2214hb,Other,22 Inch,60Hz,HD,Standard,False,False,False,"Rs 12,900",12900,Used,Gampaha,22inch-hd-monitor-p2214hb-for-sale-gampaha,https://ikman.lk/en/ad/22inch-hd-monitor-p2214hb-for-sale-gampaha,,False,2 months
6a5473e06bb6687392d3e820,KOORUI G2711P FHD IPS 27INCH 200HZ BRAND NEW GAMING MONITOR,Other,27 Inch,200Hz,1080p FHD,IPS,False,True,False,"Rs 51,500",51500,Brand New,Colombo,koorui-g2711p-fhd-ips-27inch-200hz-brand-new-gaming-monitor-for-sale-colombo-22,https://ikman.lk/en/ad/koorui-g2711p-fhd-ips-27inch-200hz-brand-new-gaming-monitor-for-sale-colombo-22,Myitem.lk (PVT) Ltd,True,2 months
6996cba79f25d98ae5b72f69,"HKC 32"" Curved 144Hz 2k Gaming Monitor",Other,32 Inch,144Hz,2K QHD,Standard,True,True,False,"Rs 55,000",55000,Used,Gampaha,hkc-32-curved-144hz-2k-gaming-monitor-for-sale-gampaha-1,https://ikman.lk/en/ad/hkc-32-curved-144hz-2k-gaming-monitor-for-sale-gampaha-1,U TECZONE,True,2 months
6a546c33fd36ccbc3824e495,"Monitor 24"" IPS FRAMELESS|FHD|120HZ (Brand New) Asus Gaming",Asus,24 Inch,120Hz,1080p FHD,IPS,False,True,True,"Rs 32,950",32950,Brand New,Gampaha,monitor-24-ips-framelessfhd120hz-brand-new-asus-gaming-for-sale-gampaha,https://ikman.lk/en/ad/monitor-24-ips-framelessfhd120hz-brand-new-asus-gaming-for-sale-gampaha,ShaTech Zone,True,2 months
6a54682820b238e2f7d1751b,"Samsung 24"" Inch Full HD IPS Frameless HDMI Gaming Used Monitor",Samsung,24 Inch,60Hz,1080p FHD,IPS,False,True,True,"Rs 22,000",22000,Used,Colombo,samsung-24-inch-full-hd-ips-frameless-hdmi-gaming-used-monitor-for-sale-colombo-44,https://ikman.lk/en/ad/samsung-24-inch-full-hd-ips-frameless-hdmi-gaming-used-monitor-for-sale-colombo-44,Myitem.lk (PVT) Ltd,True,2 months
6a54663fbbfc8d25ca235b76,"Acer EK271 27"" Inch 144Hz IPS HDMI Frameless Gaming Monitor",Acer,27 Inch,144Hz,HD,IPS,False,True,True,"Rs 36,000",36000,Brand New,Colombo,acer-ek271-27-inch-144hz-ips-hdmi-frameless-gaming-monitor-for-sale-colombo-64,https://ikman.lk/en/ad/acer-ek271-27-inch-144hz-ips-hdmi-frameless-gaming-monitor-for-sale-colombo-64,Myitem.lk (PVT) Ltd,True,2 months
6a5465a227320d5aa04ff422,"Emark 24"" EW2427SH 144Hz IPS Full HD Frameless Gaming Monitor",Other,24 Inch,144Hz,1080p FHD,IPS,False,True,True,"Rs 32,000",32000,Brand New,Colombo,emark-24-ew2427sh-144hz-ips-full-hd-frameless-gaming-monitor-for-sale-colombo-20,https://ikman.lk/en/ad/emark-24-ew2427sh-144hz-ips-full-hd-frameless-gaming-monitor-for-sale-colombo-20,Myitem.lk (PVT) Ltd,True,2 months
6a54657bb2b9b00f67d3e703,MSI PRO MP243L E14 144Hz FHD MONITOR,MSI,Unknown,144Hz,1080p FHD,Standard,False,False,False,"Rs 34,000",34000,Brand New,Colombo,msi-pro-mp243l-e14-144hz-fhd-monitor-for-sale-colombo-1,https://ikman.lk/en/ad/msi-pro-mp243l-e14-144hz-fhd-monitor-for-sale-colombo-1,PC Cart Express Maharagama,True,2 months
6a54653aa9ee195733e22ca2,MSI PRO MP243L E14 144Hz FHD MONITOR,MSI,Unknown,144Hz,1080p FHD,Standard,False,False,False,"Rs 34,000",34000,Brand New,Colombo,msi-pro-mp243l-e14-144hz-fhd-monitor-for-sale-colombo,https://ikman.lk/en/ad/msi-pro-mp243l-e14-144hz-fhd-monitor-for-sale-colombo,PC Cart Kesbewa ,True,2 months
6a5464e0a9ee195733e22c9b,"Acer EK251 25"" Inch 144HZ IPS HDMI Frameless Gaming Monitor New",Acer,25 Inch,144Hz,HD,IPS,False,True,True,"Rs 31,990",31990,Brand New,Colombo,acer-ek251-25-inch-144hz-ips-hdmi-frameless-gaming-monitor-new-for-sale-colombo-2,https://ikman.lk/en/ad/acer-ek251-25-inch-144hz-ips-hdmi-frameless-gaming-monitor-new-for-sale-colombo-2,Myitem.lk (PVT) Ltd,True,2 months
688b50a394660e321353be44,24 Inch LED HDMI Monitor,Other,24 Inch,60Hz,HD,Standard,False,False,False,"Rs 15,500",15500,Used,Gampaha,24-inch-led-hdmi-monitor-for-sale-gampaha-1,https://ikman.lk/en/ad/24-inch-led-hdmi-monitor-for-sale-gampaha-1,U TECZONE,True,2 months
6a53b1ee7902399ed7c101d0,"Dell Desktop Monitor 19""",Dell,19 Inch,60Hz,Unknown,Standard,False,False,False,"Rs 15,000",15000,Used,Ampara,dell-desktop-monitor-19-for-sale-ampara,https://ikman.lk/en/ad/dell-desktop-monitor-19-for-sale-ampara,,False,2 months
69f07f2bc50b45221b6a8a08,Dell 23 Inch IPS Monitor,Dell,23 Inch,60Hz,Unknown,IPS,False,False,False,"Rs 14,500",14500,Used,Gampaha,dell-23-inch-ips-monitor-for-sale-gampaha-1,https://ikman.lk/en/ad/dell-23-inch-ips-monitor-for-sale-gampaha-1,Comzonex,True,2 months
69a7f45a9c1a057d3bc0901c,20 inch LED Monitor,Other,20 Inch,60Hz,Unknown,Standard,False,False,False,"Rs 8,950",8950,Used,Gampaha,20-inch-led-monitor-for-sale-gampaha,https://ikman.lk/en/ad/20-inch-led-monitor-for-sale-gampaha,Comzonex,True,2 months
6a53986b2b5f040c388148ad,Monitor,Other,Unknown,60Hz,Unknown,Standard,False,False,False,"Rs 12,000",12000,Used,Galle,22-agl-moniter-for-sale-galle,https://ikman.lk/en/ad/22-agl-moniter-for-sale-galle,,False,2 months
6a538d778f185e8ac1aa1d2b,"Dell 2717 D 2k 27"" Monitor",Dell,27 Inch,60Hz,2K QHD,Standard,False,False,False,"Rs 11,500",11500,Used,Colombo,dell-2717d-2k-27-monitor-for-sale-colombo,https://ikman.lk/en/ad/dell-2717d-2k-27-monitor-for-sale-colombo,,False,2 months
6a5389b02b5f040c38814859,"32"" MONITOR 2K CURVED GAMING 144HZ|QHD (2560 × 1440)",Other,32 Inch,144Hz,2K QHD,Standard,True,True,False,"Rs 55,250",55250,Used,Colombo,32-monitor-2k-curved-gaming-144hzqhd-2560-x-1440-for-sale-colombo,https://ikman.lk/en/ad/32-monitor-2k-curved-gaming-144hzqhd-2560-x-1440-for-sale-colombo,ShaTech Zone,True,2 months
6a5389018537ab63e481480a,"24"" 2K WIDE IPS Monitor (2560 × 1440) QHD",Other,24 Inch,60Hz,2K QHD,IPS,False,False,False,"Rs 22,250",22250,Used,Colombo,24-2k-wide-ips-monitor-2560-x-1440-qhd-for-sale-colombo,https://ikman.lk/en/ad/24-2k-wide-ips-monitor-2560-x-1440-qhd-for-sale-colombo,ShaTech Zone,True,2 months
6a5387e0a71f3fcba2531300,"24"" IPS Gaming Monitor - FRAMELESS|FHD|120HZ (Brand New) Asus",Asus,24 Inch,120Hz,1080p FHD,IPS,False,True,True,"Rs 32,950",32950,Brand New,Gampaha,24-ips-gaming-monitor-framelessfhd120hz-brand-new-asus-for-sale-gampaha,https://ikman.lk/en/ad/24-ips-gaming-monitor-framelessfhd120hz-brand-new-asus-for-sale-gampaha,ShaTech Zone,True,2 months
6a5378f88f185e8ac1aa1cc5,"Acer Vero Series CB272 P6bmiprx 27"" Inch144Hz Full HD IPS Monitor NEW",Acer,27 Inch,144Hz,1080p FHD,IPS,False,False,False,"Rs 44,990",44990,Brand New,Colombo,acer-vero-series-cb272-p6bmiprx-27-inch144hz-full-hd-ips-monitor-new-for-sale-colombo-18,https://ikman.lk/en/ad/acer-vero-series-cb272-p6bmiprx-27-inch144hz-full-hd-ips-monitor-new-for-sale-colombo-18,Computer Store.lk Pvt Ltd,True,2 months
6a53472ee13088088cad27d5,19 Inch LCD Square Monitor,Other,19 Inch,60Hz,Unknown,Standard,False,False,False,"Rs 3,500",3500,Used,Gampaha,19-inch-lcd-square-monitor-for-sale-gampaha,https://ikman.lk/en/ad/19-inch-lcd-square-monitor-for-sale-gampaha,,False,2 months
6a5347c778cf7014f8dd8e3b,"Acer EK271 27"" Inch 144Hz IPS HDMI Frameless Gaming Monitor",Acer,27 Inch,144Hz,HD,IPS,False,True,True,"Rs 36,000",36000,Brand New,Colombo,acer-ek271-27-inch-144hz-ips-hdmi-frameless-gaming-monitor-for-sale-colombo-63,https://ikman.lk/en/ad/acer-ek271-27-inch-144hz-ips-hdmi-frameless-gaming-monitor-for-sale-colombo-63,Computer Store.lk Pvt Ltd,True,2 months
6a53279e54b7ebd77d3a7b21,"Dell P2319H 23"" Inch IPS Frameless Full HD HDMI Used Monitor",Dell,23 Inch,60Hz,1080p FHD,IPS,False,False,True,"Rs 20,500",20500,Used,Colombo,dell-p2319h-23-inch-ips-frameless-full-hd-hdmi-used-monitor-for-sale-colombo-25,https://ikman.lk/en/ad/dell-p2319h-23-inch-ips-frameless-full-hd-hdmi-used-monitor-for-sale-colombo-25,Computer Store.lk Pvt Ltd,True,2 months
6a531b8b80e0b03f3462b5df,"Monitor 17"" 19'' 22"" 23'' 24"" 27'' 32"" IPS|2K|Curved|Frameless|1080P|FHD",Other,17 Inch,60Hz,2K QHD,IPS,True,False,True,"Rs 5,900",5900,Used,Gampaha,monitor-17-19-22-23-24-27-32-ips2kcurvedframeless1080pfhd-for-sale-gampaha,https://ikman.lk/en/ad/monitor-17-19-22-23-24-27-32-ips2kcurvedframeless1080pfhd-for-sale-gampaha,ShaTech Zone,True,2 months
6a52f9d5e13088088cad2488,Lenovo 22 Inch 75 Hz Monitor,Lenovo,22 Inch,75Hz,1080p FHD,Standard,False,False,False,"Rs 6,500",6500,Used,Kurunegala,lenovo-22-inch-75-hz-monitor-for-sale-kurunegala,https://ikman.lk/en/ad/lenovo-22-inch-75-hz-monitor-for-sale-kurunegala,,False,2 months
6a5294bb6c499efbb7ddaf15,HP Monitor,HP,Unknown,60Hz,Unknown,Standard,False,False,False,"Rs 17,000",17000,Used,Colombo,hp-monitor-for-sale-colombo-257,https://ikman.lk/en/ad/hp-monitor-for-sale-colombo-257,,False,2 months
6a528ae1129a16ba6f39fc63,Monitor with RAM Cards,Other,Unknown,60Hz,Unknown,Standard,False,False,False,"Rs 10,000",10000,Used,Kurunegala,monitor-and-ram-cards-for-sale-kurunegala,https://ikman.lk/en/ad/monitor-and-ram-cards-for-sale-kurunegala,,False,2 months
6a52860a8b4b1059e98bba90,HP Monitor,HP,Unknown,60Hz,Unknown,Standard,False,False,False,"Rs 5,000",5000,Used,Matale,hp-monitor-for-sale-matale,https://ikman.lk/en/ad/hp-monitor-for-sale-matale,,False,2 months
6a525c3c614895445d9f84e2,LG Monitor 24 inch,LG,24 Inch,60Hz,1080p FHD,Standard,False,False,False,"Rs 16,000",16000,Used,Kurunegala,lg-monitor-for-sale-kurunegala-5,https://ikman.lk/en/ad/lg-monitor-for-sale-kurunegala-5,,False,2 months
6a5245e0ea6dca539c80600b,"Monitor 24"" IPS 120HZ|FRAMELESS|FHD (Brand New) Asus Gaming",Asus,24 Inch,120Hz,1080p FHD,IPS,False,True,True,"Rs 32,950",32950,Brand New,Gampaha,monitor-24-ips-120hzframelessfhd-brand-new-asus-gaming-for-sale-gampaha-1,https://ikman.lk/en/ad/monitor-24-ips-120hzframelessfhd-brand-new-asus-gaming-for-sale-gampaha-1,ShaTech Zone,True,2 months
6a524553388e0113d6507ef7,"Monitor 24"" 2K IPS WIDE (2560 × 1440) QHD",Other,24 Inch,60Hz,2K QHD,IPS,False,False,False,"Rs 22,250",22250,Used,Gampaha,monitor-24-2k-ips-wide-2560-x-1440-qhd-for-sale-gampaha-4,https://ikman.lk/en/ad/monitor-24-2k-ips-wide-2560-x-1440-qhd-for-sale-gampaha-4,ShaTech Zone,True,2 months
6a52449d48fd4ce7628f861c,"32"" 2K CURVED GAMING 144HZ HKC MONITOR 2023",Other,32 Inch,144Hz,2K QHD,Standard,True,True,False,"Rs 55,250",55250,Used,Gampaha,32-2k-curved-gaming-144hz-hkc-monitor-2023-for-sale-gampaha,https://ikman.lk/en/ad/32-2k-curved-gaming-144hz-hkc-monitor-2023-for-sale-gampaha,ShaTech Zone,True,2 months
6a52413607239c0a04cbf644,Samsung 24” LED Monitor,Samsung,24 Inch,60Hz,1080p FHD,Standard,False,False,False,"Rs 12,900",12900,Used,Colombo,samsung-24-led-monitor-for-sale-colombo-3,https://ikman.lk/en/ad/samsung-24-led-monitor-for-sale-colombo-3,Computer House,True,2 months
6a5235512e5d7f5b0152a839,Atec 27 Inch Full Hd Led Used Monitor,Other,27 Inch,60Hz,1080p FHD,Standard,False,False,False,"Rs 21,500",21500,Used,Colombo,atec-27-inch-full-hd-led-used-monitor-for-sale-colombo-15,https://ikman.lk/en/ad/atec-27-inch-full-hd-led-used-monitor-for-sale-colombo-15,Mdcomputers.lk(Pvt) Ltd,True,2 months
69e9d40f1962c83377b82507,Acer 27 Inch Brandnew Monitors (144Hz),Acer,27 Inch,144Hz,1080p FHD,Standard,False,False,False,"Rs 37,500",37500,Brand New,Colombo,acer-27-inch-brandnew-monitors-144hz-for-sale-colombo-21,https://ikman.lk/en/ad/acer-27-inch-brandnew-monitors-144hz-for-sale-colombo-21, Laptop Market,True,2 months
6a5205ff379ddcab38cbf490,Asus TUF Gaming VG246H1A IPS 100Hz Monitor,Asus,Unknown,100Hz,Unknown,IPS,False,True,False,"Rs 27,000",27000,Used,Colombo,for-sale-asus-tuf-gaming-vg246h1a-ips-100hz-monitor-for-sale-colombo,https://ikman.lk/en/ad/for-sale-asus-tuf-gaming-vg246h1a-ips-100hz-monitor-for-sale-colombo,,False,2 months
6a522753602dae8528b85b9c,MSI Pro MP273 E14A 27 Inch 144Hz 1ms FHD IPS Productivity Monitor,MSI,27 Inch,144Hz,1080p FHD,IPS,False,False,False,"Rs 49,990",49990,Brand New,Colombo,msi-pro-mp273-e14a-27-inch-144hz-1ms-fhd-ips-productivity-monitor-for-sale-colombo-39,https://ikman.lk/en/ad/msi-pro-mp273-e14a-27-inch-144hz-1ms-fhd-ips-productivity-monitor-for-sale-colombo-39,Computer Store.lk Pvt Ltd,True,2 months
6a5223e9379ddcab38cbf5b5,MSI PRO MP245PG E14 23.8″ INCH 144HZ 1MS FHD FRAMELESS MONITOR NEW,MSI,23 Inch,144Hz,1080p FHD,Standard,False,False,True,"Rs 47,500",47500,Brand New,Colombo,msi-pro-mp245pg-e14-238-inch-144hz-1ms-fhd-frameless-monitor-new-for-sale-colombo-2,https://ikman.lk/en/ad/msi-pro-mp245pg-e14-238-inch-144hz-1ms-fhd-frameless-monitor-new-for-sale-colombo-2,Computer Store.lk Pvt Ltd,True,2 months
6a52209597e15ece645d4445,"MSI PRO MP243L E14 24.5"" Inch 144Hz 1ms FHD IPS Productivity Monitor",MSI,24.5 Inch,144Hz,1080p FHD,IPS,False,False,False,"Rs 33,500",33500,Brand New,Colombo,msi-pro-mp243l-e14-245-inch-144hz-1ms-fhd-ips-productivity-monitor-for-sale-colombo-4,https://ikman.lk/en/ad/msi-pro-mp243l-e14-245-inch-144hz-1ms-fhd-ips-productivity-monitor-for-sale-colombo-4,Computer Store.lk Pvt Ltd,True,2 months
6a5220223aef194538c42969,"MSI PRO MP225 E12VL 21.5"" Inch 120Hz 1ms FHD Slim Frameless Monitor",MSI,21.5 Inch,120Hz,1080p FHD,Standard,False,False,True,"Rs 26,500",26500,Brand New,Colombo,msi-pro-mp225-e12vl-215-inch-120hz-1ms-fhd-slim-frameless-monitor-for-sale-colombo-6,https://ikman.lk/en/ad/msi-pro-mp225-e12vl-215-inch-120hz-1ms-fhd-slim-frameless-monitor-for-sale-colombo-6,Computer Store.lk Pvt Ltd,True,2 months
6a5204d9c492a29c3752a699,"MSI PRO MP225 E12VL 21.5"" Inch 120Hz 1ms FHD Slim Frameless Monitor",MSI,21.5 Inch,120Hz,1080p FHD,Standard,False,False,True,"Rs 27,500",27500,Brand New,Colombo,msi-pro-mp225-e12vl-215-inch-120hz-1ms-fhd-slim-frameless-monitor-for-sale-colombo-5,https://ikman.lk/en/ad/msi-pro-mp225-e12vl-215-inch-120hz-1ms-fhd-slim-frameless-monitor-for-sale-colombo-5,Myitem.lk (PVT) Ltd,True,2 months
6a51fe15c492a29c3752a657,"Asus VY279HGR 27"" Inch Full HD IPS Level 120Hz Adaptive Sync Monitor",Asus,27 Inch,120Hz,1080p FHD,IPS,False,False,False,"Rs 45,000",45000,Brand New,Colombo,asus-vy279hgr-27-inch-full-hd-ips-level-120hz-adaptive-sync-monitor-for-sale-colombo-64,https://ikman.lk/en/ad/asus-vy279hgr-27-inch-full-hd-ips-level-120hz-adaptive-sync-monitor-for-sale-colombo-64,Myitem.lk (PVT) Ltd,True,2 months
6a51ed1f7f5d7c31fd9f816a,Asus TUF Gaming VG279QE5A 27″ FHD IPS 146HZ Monitor,Asus,27 Inch,146Hz,1080p FHD,IPS,False,True,False,"Rs 46,500",46500,Brand New,Colombo,asus-tuf-gaming-vg279qe5a-27-fhd-ips-146hz-monitor-for-sale-colombo-56,https://ikman.lk/en/ad/asus-tuf-gaming-vg279qe5a-27-fhd-ips-146hz-monitor-for-sale-colombo-56,Myitem.lk (PVT) Ltd,True,2 months
6a51e7f3c492a29c3752a528,"MSI PRO MP243L E14 24.5"" Inch 144Hz 1ms FHD IPS Productivity Monitor",MSI,24.5 Inch,144Hz,1080p FHD,IPS,False,False,False,"Rs 33,500",33500,Brand New,Colombo,msi-pro-mp243l-e14-245-inch-144hz-1ms-fhd-ips-productivity-monitor-for-sale-colombo-3,https://ikman.lk/en/ad/msi-pro-mp243l-e14-245-inch-144hz-1ms-fhd-ips-productivity-monitor-for-sale-colombo-3,Myitem.lk (PVT) Ltd,True,2 months
6a51d9825fda1268525d4109,"ViewSonic VA2432A-H 24"" Inch Full HD IPS 120Hz Frameless Monitor New",Viewsonic,24 Inch,120Hz,1080p FHD,IPS,False,False,True,"Rs 35,500",35500,Brand New,Colombo,viewsonic-va2432a-h-24-inch-full-hd-ips-120hz-frameless-monitor-new-for-sale-colombo-78,https://ikman.lk/en/ad/viewsonic-va2432a-h-24-inch-full-hd-ips-120hz-frameless-monitor-new-for-sale-colombo-78,Max Core PC,True,2 months
6a51ddcea9ba5e66ef538247,"Acer EK271 27"" Inch 144Hz IPS HDMI Frameless Gaming Monitor",Acer,27 Inch,144Hz,HD,IPS,False,True,True,"Rs 35,990",35990,Brand New,Colombo,acer-ek271-27-inch-144hz-ips-hdmi-frameless-gaming-monitor-for-sale-colombo-62,https://ikman.lk/en/ad/acer-ek271-27-inch-144hz-ips-hdmi-frameless-gaming-monitor-for-sale-colombo-62,Max Core PC,True,2 months
6a51d8f53aef194538c4265e,"Emark 24"" EW2427SH 144Hz IPS Full HD Frameless Gaming Monitor",Other,24 Inch,144Hz,1080p FHD,IPS,False,True,True,"Rs 29,990",29990,Brand New,Colombo,emark-24-ew2427sh-144hz-ips-full-hd-frameless-gaming-monitor-for-sale-colombo-19,https://ikman.lk/en/ad/emark-24-ew2427sh-144hz-ips-full-hd-frameless-gaming-monitor-for-sale-colombo-19,Max Core PC,True,2 months
6a51d72e379ddcab38cbf20e,13.3 Inch 40Pin Full HD 1080P LCD Laptop Touch Screen,Other,13.3 Inch,60Hz,1080p FHD,Standard,False,False,False,"Rs 39,000",39000,Brand New,Colombo,133-inch-40pin-full-hd-1080p-lcd-laptop-touch-screen-for-sale-colombo,https://ikman.lk/en/ad/133-inch-40pin-full-hd-1080p-lcd-laptop-touch-screen-for-sale-colombo,Western Digital Computer Systems,True,2 months
6a51d6feadb02f9625c4263e,"MSI Pro MP251L E2 25"" Inch 120Hz Full HD IPS Frameless Brand New Monitor",MSI,25 Inch,120Hz,1080p FHD,IPS,False,False,True,"Rs 32,000",32000,Brand New,Colombo,msi-pro-mp251l-e2-25-inch-120hz-full-hd-ips-frameless-brand-new-monitor-for-sale-colombo-45,https://ikman.lk/en/ad/msi-pro-mp251l-e2-25-inch-120hz-full-hd-ips-frameless-brand-new-monitor-for-sale-colombo-45,Max Core PC,True,2 months
6a51d5cd388e0113d6507a71,30 pin 1920X1080 LCD LED Laptop Screen,Other,Unknown,60Hz,1080p FHD,Standard,False,False,False,"Rs 31,500",31500,Brand New,Colombo,30-pin-1920x1080-lcd-led-laptop-screen-for-sale-colombo,https://ikman.lk/en/ad/30-pin-1920x1080-lcd-led-laptop-screen-for-sale-colombo,Western Digital Computer Systems,True,2 months
6a51ac6b003f7001b752a1de,Acer Montor,Acer,Unknown,60Hz,Unknown,Standard,False,False,False,"Rs 2,000",2000,Used,Colombo,acer-montor-for-sale-colombo,https://ikman.lk/en/ad/acer-montor-for-sale-colombo,,False,2 months
6a51d4e2adb02f9625c4261c,13.3 40 Pin HD Laptop Screen,Other,Unknown,60Hz,HD,Standard,False,False,False,"Rs 18,000",18000,Brand New,Colombo,133-40-pin-hd-laptop-screen-for-sale-colombo,https://ikman.lk/en/ad/133-40-pin-hd-laptop-screen-for-sale-colombo,Western Digital Computer Systems,True,2 months
6a51d93eadb02f9625c42648,"Samsung 24"" Inch Full HD IPS Frameless HDMI Gaming Used Monitor",Samsung,24 Inch,60Hz,1080p FHD,IPS,False,True,True,"Rs 22,000",22000,Used,Colombo,samsung-24-inch-full-hd-ips-frameless-hdmi-gaming-used-monitor-for-sale-colombo-43,https://ikman.lk/en/ad/samsung-24-inch-full-hd-ips-frameless-hdmi-gaming-used-monitor-for-sale-colombo-43,Myitem.lk (PVT) Ltd,True,2 months
6a51d4177f5d7c31fd9f7ff8,ViewSonic 27 Inch VA2732 1080p IPS 100Hz,Viewsonic,27 Inch,100Hz,1080p FHD,IPS,False,False,False,"Rs 37,000",37000,Used,Colombo,viewsonic-27inch-va2732-1080p-ips-100hz-for-sale-colombo,https://ikman.lk/en/ad/viewsonic-27inch-va2732-1080p-ips-100hz-for-sale-colombo,,False,2 months
6a51cf03272cd7b00bcbf18d,Samsung Monitor,Samsung,Unknown,60Hz,Unknown,Standard,False,False,False,"Rs 20,000",20000,Used,Puttalam,samsung-monitor-brand-new-for-sale-puttalam,https://ikman.lk/en/ad/samsung-monitor-brand-new-for-sale-puttalam,,False,2 months
6a51ce5696de0bc557538171,"Acer EK251 25"" Inch 144HZ IPS HDMI Frameless Gaming Monitor New",Acer,25 Inch,144Hz,HD,IPS,False,True,True,"Rs 31,990",31990,Brand New,Colombo,acer-ek251-25-inch-144hz-ips-hdmi-frameless-gaming-monitor-new-for-sale-colombo-1,https://ikman.lk/en/ad/acer-ek251-25-inch-144hz-ips-hdmi-frameless-gaming-monitor-new-for-sale-colombo-1,Myitem.lk (PVT) Ltd,True,2 months
6a867b5fa3d6e3ed071763f5,"Grocery POS System with Inventory Sinhala, English - Wholesale & Retail",Other,Unknown,60Hz,Unknown,Standard,False,False,False,"Rs 20,000",20000,Brand New,Colombo,grocery-pos-system-with-inventory-sinhala-english-wholesale-and-retail-for-sale-colombo,https://ikman.lk/en/ad/grocery-pos-system-with-inventory-sinhala-english-wholesale-and-retail-for-sale-colombo,Sunfire Globle Solutions,True,bump_up
6a51ac67f17e41cf2a0b3ea1,LG 34 Inches Ultra Wide Flat IPS Monitor,LG,34 Inch,60Hz,Unknown,IPS,False,False,False,"Rs 190,000",190000,Used,Kalutara,lg-34-inches-ultra-wide-flat-ips-monitor-for-sale-kalutara,https://ikman.lk/en/ad/lg-34-inches-ultra-wide-flat-ips-monitor-for-sale-kalutara,,False,2 months
6a51c5a7388e0113d650798b,"MSI Pro MP251L E2 25"" Inch 120HZ Full HD IPS Frameless Monitor",MSI,25 Inch,120Hz,1080p FHD,IPS,False,False,True,"Rs 32,000",32000,Brand New,Colombo,msi-pro-mp251l-e2-25-inch-120hz-full-hd-ips-frameless-monitor-for-sale-colombo-46,https://ikman.lk/en/ad/msi-pro-mp251l-e2-25-inch-120hz-full-hd-ips-frameless-monitor-for-sale-colombo-46,Myitem.lk (PVT) Ltd,True,2 months
6a51c3e75fda1268525d3fb1,"Dell P2319H 23"" inch Full HD IPS HDMI Frameless Used Monitor (No Cables)",Dell,23 Inch,60Hz,1080p FHD,IPS,False,False,True,"Rs 20,500",20500,Used,Colombo,dell-p2319h-23-inch-full-hd-ips-hdmi-frameless-used-monitor-no-cables-for-sale-colombo-39,https://ikman.lk/en/ad/dell-p2319h-23-inch-full-hd-ips-hdmi-frameless-used-monitor-no-cables-for-sale-colombo-39,Myitem.lk (PVT) Ltd,True,2 months
69b2716dd781260d6f5ea005,HP 20 inch LED Monitors,HP,20 Inch,60Hz,Unknown,Standard,False,False,False,"Rs 8,950",8950,Used,Gampaha,hp-20-inch-led-monitors-for-sale-gampaha,https://ikman.lk/en/ad/hp-20-inch-led-monitors-for-sale-gampaha,Comzonex,True,2 months
69b12575db3583d710ac2dd2,19 inch Wide LED Monitor,Other,19 Inch,60Hz,Unknown,Standard,False,False,False,"Rs 8,450",8450,Used,Gampaha,19-inch-wide-led-monitor-for-sale-gampaha-2,https://ikman.lk/en/ad/19-inch-wide-led-monitor-for-sale-gampaha-2,Comzonex,True,2 months
69aab706e79a8034312ab02d,Dell Ips Led Monitor,Dell,Unknown,60Hz,Unknown,IPS,False,False,False,"Rs 18,500",18500,Used,Gampaha,dell-ips-led-monitor-for-sale-gampaha-1,https://ikman.lk/en/ad/dell-ips-led-monitor-for-sale-gampaha-1,Comzonex,True,2 months
69a93d3ad442bbd15559d428,Dell 19inch Wide LED Monitors,Dell,19 Inch,60Hz,Unknown,Standard,False,False,False,"Rs 8,450",8450,Used,Gampaha,dell-19inch-wide-led-monitors-for-sale-gampaha,https://ikman.lk/en/ad/dell-19inch-wide-led-monitors-for-sale-gampaha,Comzonex,True,2 months
6a5184a8d7028c473c6a30e7,"Nec LED 22"" Monitor",Other,22 Inch,60Hz,1080p FHD,Standard,False,False,False,"Rs 9,000",9000,Used,Gampaha,nec-led-22-moniter-for-sale-gampaha,https://ikman.lk/en/ad/nec-led-22-moniter-for-sale-gampaha,,False,2 months
6a51139ac58ec954905d62a4,HP 20” IPS HDMI Monitor,HP,20 Inch,60Hz,HD,IPS,False,False,False,"Rs 11,900",11900,Used,Colombo,hp-20-ips-hdmi-monitor-for-sale-colombo-1,https://ikman.lk/en/ad/hp-20-ips-hdmi-monitor-for-sale-colombo-1,Computer House,True,2 months
6a510d2322422e257346a7e1,"Gaming Monitor 24"" IPS 120HZ|FRAMELESS|FHD (Brand New) Asus",Asus,24 Inch,120Hz,1080p FHD,IPS,False,True,True,"Rs 32,950",32950,Brand New,Gampaha,gaming-monitor-24-ips-120hzframelessfhd-brand-new-asus-for-sale-gampaha,https://ikman.lk/en/ad/gaming-monitor-24-ips-120hzframelessfhd-brand-new-asus-for-sale-gampaha,ShaTech Zone,True,2 months
6a50e85334d6eb496cf4e5a9,Dell 20” IPS Monitor,Dell,20 Inch,60Hz,Unknown,IPS,False,False,False,"Rs 10,900",10900,Used,Colombo,dell-20-ips-monitor-for-sale-colombo-3,https://ikman.lk/en/ad/dell-20-ips-monitor-for-sale-colombo-3,Computer House,True,2 months
69b109a913583883410631d1,19 Inch Wide LED Monitor,Other,19 Inch,60Hz,Unknown,Standard,False,False,False,"Rs 8,450",8450,Used,Gampaha,19-inch-wide-led-monitor-for-sale-gampaha-1,https://ikman.lk/en/ad/19-inch-wide-led-monitor-for-sale-gampaha-1,Comzonex,True,2 months
69e2105a30881611f069457b,"19"" LCD Monitor",Other,19 Inch,60Hz,Unknown,Standard,False,False,False,"Rs 8,451",8451,Used,Gampaha,19-lcd-monitor-for-sale-gampaha-50,https://ikman.lk/en/ad/19-lcd-monitor-for-sale-gampaha-50,Comzonex,True,2 months
69e20d5ebbd9948d4f9bdcca,24 Inch Falcon Monitor,Other,24 Inch,60Hz,1080p FHD,Standard,False,False,False,"Rs 23,500",23500,Brand New,Gampaha,24-inch-falcon-monitor-for-sale-gampaha-1,https://ikman.lk/en/ad/24-inch-falcon-monitor-for-sale-gampaha-1,Comzonex,True,2 months
6a50ef1ce1e61ce0de3dbc5c,"24"" 2K IPS WIDE Monitor (2560 × 1440) QHD",Other,24 Inch,60Hz,2K QHD,IPS,False,False,False,"Rs 22,250",22250,Used,Colombo,24-2k-ips-wide-monitor-2560-x-1440-qhd-for-sale-colombo-4,https://ikman.lk/en/ad/24-2k-ips-wide-monitor-2560-x-1440-qhd-for-sale-colombo-4,ShaTech Zone,True,2 months
69a7f38768299949442cd85e,22 inch LED Monitor,Other,22 Inch,60Hz,1080p FHD,Standard,False,False,False,"Rs 10,250",10250,Used,Gampaha,22-inch-led-monitor-for-sale-gampaha,https://ikman.lk/en/ad/22-inch-led-monitor-for-sale-gampaha,Comzonex,True,2 months
6a50bfad4effd86d880e8462,HP 23 Inch IPS HDMI Frameless Monitor,HP,23 Inch,60Hz,HD,IPS,False,False,True,"Rs 17,500",17500,Used,Colombo,hp-23-inch-ips-hdmi-frameless-monitor-full-hd-for-sale-colombo,https://ikman.lk/en/ad/hp-23-inch-ips-hdmi-frameless-monitor-full-hd-for-sale-colombo,,False,2 months
698704f2932c444121890699,Koorui 24 Inch Ips 120 Hz Gaming Monitor,Other,24 Inch,120Hz,1080p FHD,IPS,False,True,False,"Rs 32,000",32000,Brand New,Kandy,koorui-24-inch-ips-120-hz-gaming-monitor-for-sale-kandy,https://ikman.lk/en/ad/koorui-24-inch-ips-120-hz-gaming-monitor-for-sale-kandy,GAMERS ARSENAL,True,2 months
69da56c8307647816dca1867,Asus 24 Inch IPS /100HZ Gaming Monitor,Asus,24 Inch,100Hz,1080p FHD,IPS,False,True,False,"Rs 32,500",32500,Brand New,Kandy,asus-24-inch-ips-100hz-gaming-monitor-for-sale-kandy,https://ikman.lk/en/ad/asus-24-inch-ips-100hz-gaming-monitor-for-sale-kandy,GAMERS ARSENAL,True,2 months
6a50b8ecbdb0f49ac403a1b7,MSI Pro MP273 E14A 27 Inch 144HZ 1MS FHD IPS Productivity Monitor New,MSI,27 Inch,144Hz,1080p FHD,IPS,False,False,False,"Rs 44,990",44990,Brand New,Colombo,msi-pro-mp273-e14a-27-inch-144hz-1ms-fhd-ips-productivity-monitor-new-for-sale-colombo-92,https://ikman.lk/en/ad/msi-pro-mp273-e14a-27-inch-144hz-1ms-fhd-ips-productivity-monitor-new-for-sale-colombo-92,Myitem.lk (PVT) Ltd,True,2 months
6a50b89a7f0c1cec24d0513f,Samsung 27' inch monitor,Samsung,27 Inch,60Hz,1080p FHD,Standard,False,False,False,"Rs 18,000",18000,Used,Puttalam,samsung-27-inch-monitor-for-sale-puttalam,https://ikman.lk/en/ad/samsung-27-inch-monitor-for-sale-puttalam,,False,2 months
6a50b8474f73ab8425d72c24,"Dell P2419H 24"" Full HD IPS Monitor",Dell,24 Inch,60Hz,1080p FHD,IPS,False,False,False,"Rs 29,900",29900,Used,Colombo,dell-p2419h-24-full-hd-ips-monitor-for-sale-colombo-1,https://ikman.lk/en/ad/dell-p2419h-24-full-hd-ips-monitor-for-sale-colombo-1,COMPUTER HUB,True,2 months
6a50b3929ea53f9801a241b2,27 Inch Dell P2714 Hc Ips Led Used Monitor,Dell,27 Inch,60Hz,1080p FHD,IPS,False,False,False,"Rs 28,000",28000,Used,Colombo,27-inch-dell-p2714-hc-ips-led-used-monitor-for-sale-colombo-1,https://ikman.lk/en/ad/27-inch-dell-p2714-hc-ips-led-used-monitor-for-sale-colombo-1,Mdcomputers.lk(Pvt) Ltd,True,2 months
6a50afc8e1b9c370cfb493e5,24 Inch Dell Full Hd Ips Frameless Used Monitor,Dell,24 Inch,60Hz,1080p FHD,IPS,False,False,True,"Rs 22,000",22000,Used,Colombo,24-inch-dell-full-hd-ips-frameless-used-monitor-for-sale-colombo-35,https://ikman.lk/en/ad/24-inch-dell-full-hd-ips-frameless-used-monitor-for-sale-colombo-35,Mdcomputers.lk(Pvt) Ltd,True,2 months
6a50afc07f0c1cec24d050d4,"ViewSonic VA2432A-H 24"" Inch Full HD IPS 120HZ Frameless Monitor New",Viewsonic,24 Inch,120Hz,1080p FHD,IPS,False,False,True,"Rs 35,500",35500,Brand New,Colombo,viewsonic-va2432a-h-24-inch-full-hd-ips-120hz-frameless-monitor-new-for-sale-colombo-77,https://ikman.lk/en/ad/viewsonic-va2432a-h-24-inch-full-hd-ips-120hz-frameless-monitor-new-for-sale-colombo-77,Myitem.lk (PVT) Ltd,True,2 months
6a50ae914f73ab8425d72bcd,27 Inch Lenovo Thinkvision IPS Fhd Hdmi Used Monitor,Lenovo,27 Inch,60Hz,1080p FHD,IPS,False,False,False,"Rs 27,500",27500,Used,Colombo,27-inch-lenovo-thinkvision-ips-fhd-hdmi-used-monitor-for-sale-colombo-19,https://ikman.lk/en/ad/27-inch-lenovo-thinkvision-ips-fhd-hdmi-used-monitor-for-sale-colombo-19,Mdcomputers.lk(Pvt) Ltd,True,2 months
6a50ade2fa756cb87e94e6d9,27 Inch Atec Full Hd Led Used Monitor,Other,27 Inch,60Hz,1080p FHD,Standard,False,False,False,"Rs 21,500",21500,Used,Colombo,27-inch-atec-full-hd-led-used-monitor-for-sale-colombo-56,https://ikman.lk/en/ad/27-inch-atec-full-hd-led-used-monitor-for-sale-colombo-56,Mdcomputers.lk(Pvt) Ltd,True,2 months
6a50ad4e0f83707233e1d2a0,22 INCH DELL FULL HD IPS LED SILVER LINE MONITOR,Dell,22 Inch,60Hz,1080p FHD,IPS,False,False,False,"Rs 12,000",12000,Used,Colombo,22-inch-dell-full-hd-ips-led-silver-line-monitor-for-sale-colombo-42,https://ikman.lk/en/ad/22-inch-dell-full-hd-ips-led-silver-line-monitor-for-sale-colombo-42,Mdcomputers.lk(Pvt) Ltd,True,2 months
6a50ac3ce12f7a5121a24177,HP E243 Frameless Ips Monitor Elite Display 24″,HP,24 Inch,60Hz,1080p FHD,IPS,False,False,True,"Rs 23,000",23000,Used,Colombo,hp-e243-frameless-ips-monitor-elite-display-24-for-sale-colombo-5,https://ikman.lk/en/ad/hp-e243-frameless-ips-monitor-elite-display-24-for-sale-colombo-5,Computer Store.lk Pvt Ltd,True,2 months
6a50aa1af05961ef5603a118,"HP Z23N IPS Frameless HDMI Monitor 23""",HP,23 Inch,60Hz,HD,IPS,False,False,True,"Rs 20,500",20500,Used,Colombo,hp-z23n-ips-frameless-hdmi-monitor-23-for-sale-colombo-5,https://ikman.lk/en/ad/hp-z23n-ips-frameless-hdmi-monitor-23-for-sale-colombo-5,Computer Store.lk Pvt Ltd,True,2 months
69ffbfb4515fb5ba926758e8,DELL 20” IPS Monitor,Dell,20 Inch,60Hz,Unknown,IPS,False,False,False,"Rs 10,900",10900,Used,Colombo,dell-20-ips-monitor-for-sale-colombo-1,https://ikman.lk/en/ad/dell-20-ips-monitor-for-sale-colombo-1,Computer House,True,2 months
69ffa6abae593c624c0f0ba4,HP 24” LED Monitor,HP,24 Inch,60Hz,1080p FHD,Standard,False,False,False,"Rs 12,900",12900,Used,Colombo,hp-24-led-monitor-for-sale-colombo,https://ikman.lk/en/ad/hp-24-led-monitor-for-sale-colombo,Computer House,True,2 months
6a50a4475975297832b4939c,Viewsonic VA270A-H 27INCH 120Hz FHD IPS Brand New Monitor,Viewsonic,27 Inch,120Hz,1080p FHD,IPS,False,False,False,"Rs 41,500",41500,Brand New,Colombo,viewsonic-va270a-h-27inch-120hz-fhd-ips-brand-new-monitor-for-sale-colombo-7,https://ikman.lk/en/ad/viewsonic-va270a-h-27inch-120hz-fhd-ips-brand-new-monitor-for-sale-colombo-7,Computer Store.lk Pvt Ltd,True,2 months
6a50a40c3475b95eb7d05047,"ViewSonic VA2432A-H 24"" Inch Full HD IPS 120Hz Frameless Monitor New",Viewsonic,24 Inch,120Hz,1080p FHD,IPS,False,False,True,"Rs 32,000",32000,Brand New,Colombo,viewsonic-va2432a-h-24-inch-full-hd-ips-120hz-frameless-monitor-new-for-sale-colombo-76,https://ikman.lk/en/ad/viewsonic-va2432a-h-24-inch-full-hd-ips-120hz-frameless-monitor-new-for-sale-colombo-76,Computer Store.lk Pvt Ltd,True,2 months
6a50a2d9bdb0f49ac403a0ed,"Acer Vero Series CB272 P6bmiprx 27"" Inch144Hz Full HD IPS Monitor NEW",Acer,27 Inch,144Hz,1080p FHD,IPS,False,False,False,"Rs 44,990",44990,Brand New,Colombo,acer-vero-series-cb272-p6bmiprx-27-inch144hz-full-hd-ips-monitor-new-for-sale-colombo-17,https://ikman.lk/en/ad/acer-vero-series-cb272-p6bmiprx-27-inch144hz-full-hd-ips-monitor-new-for-sale-colombo-17,Computer Store.lk Pvt Ltd,True,2 months
6a509d444add6e609ed72ac2,"Acer EK271 27"" Inch 144Hz IPS HDMI Frameless Gaming Monitor",Acer,27 Inch,144Hz,HD,IPS,False,True,True,"Rs 36,000",36000,Brand New,Colombo,acer-ek271-27-inch-144hz-ips-hdmi-frameless-gaming-monitor-for-sale-colombo-61,https://ikman.lk/en/ad/acer-ek271-27-inch-144hz-ips-hdmi-frameless-gaming-monitor-for-sale-colombo-61,Computer Store.lk Pvt Ltd,True,2 months
6a509cfdbdb0f49ac403a0a9,Brand New Acer Vero Series CB272 P6BMIPRX 144HZ Full HD Monitor,Acer,Unknown,144Hz,1080p FHD,Standard,False,False,False,"Rs 44,990",44990,Brand New,Colombo,brand-new-acer-vero-series-cb272-p6bmiprx-144hz-full-hd-monitor-for-sale-colombo-61,https://ikman.lk/en/ad/brand-new-acer-vero-series-cb272-p6bmiprx-144hz-full-hd-monitor-for-sale-colombo-61,Myitem.lk (PVT) Ltd,True,2 months
6a50986f9518597e2e74d8b5,MSI Pro MP273 E14A 27 Inch 144Hz 1ms FHD IPS Productivity Monitor,MSI,27 Inch,144Hz,1080p FHD,IPS,False,False,False,"Rs 49,990",49990,Brand New,Colombo,msi-pro-mp273-e14a-27-inch-144hz-1ms-fhd-ips-productivity-monitor-for-sale-colombo-38,https://ikman.lk/en/ad/msi-pro-mp273-e14a-27-inch-144hz-1ms-fhd-ips-productivity-monitor-for-sale-colombo-38,Computer Store.lk Pvt Ltd,True,2 months
6a509811db7ca515450e82f9,"MSI Pro MP275Q 27"" 100Hz 1ms 2560 x 1440 WQHD 2K IPS Frameless Monitor",MSI,27 Inch,100Hz,2K QHD,IPS,False,False,True,"Rs 69,990",69990,Brand New,Colombo,msi-pro-mp275q-27-100hz-1ms-2560-x-1440-wqhd-2k-ips-frameless-monitor-for-sale-colombo-10,https://ikman.lk/en/ad/msi-pro-mp275q-27-100hz-1ms-2560-x-1440-wqhd-2k-ips-frameless-monitor-for-sale-colombo-10,Computer Store.lk Pvt Ltd,True,2 months
6a5089b21833513de4e1d05a,Asus TUF VG34VQL3A 34 Inch 1440P 180HZ 1500R Curved Gaming Monitor,Asus,34 Inch,180Hz,2K QHD,Standard,True,True,False,"Rs 159,500",159500,Brand New,Colombo,asus-tuf-vg34vql3a-34-inch-1440p-180hz-1500r-curved-gaming-monitor-for-sale-colombo-6,https://ikman.lk/en/ad/asus-tuf-vg34vql3a-34-inch-1440p-180hz-1500r-curved-gaming-monitor-for-sale-colombo-6,COMPUTER HUB,True,2 months
6a5082dbfd5007b629e52f3b,"Acer 27"" Full HD Nitro Gaming Monitor - KG273 W3 (240Hz)",Acer,27 Inch,240Hz,1080p FHD,Standard,False,True,False,"Rs 49,500",49500,Brand New,Colombo,acer-27-full-hd-nitro-gaming-monitor-kg273-w3-240hz-for-sale-colombo-2,https://ikman.lk/en/ad/acer-27-full-hd-nitro-gaming-monitor-kg273-w3-240hz-for-sale-colombo-2,Computer Store.lk Pvt Ltd,True,2 months
6a50828a1833513de4e1cfd5,MSI Modern MD272QXP 27″ Business and Productivity Monitor 100Hz 2K WQHD,MSI,27 Inch,100Hz,2K QHD,Standard,False,False,False,"Rs 95,000",95000,Brand New,Colombo,msi-modern-md272qxp-27-business-and-productivity-monitor-100hz-2k-wqhd-for-sale-colombo-10,https://ikman.lk/en/ad/msi-modern-md272qxp-27-business-and-productivity-monitor-100hz-2k-wqhd-for-sale-colombo-10,Computer Store.lk Pvt Ltd,True,2 months
68885cfbfd3f80001ef34a10,Used 24 Inch Led Ips Monitors,Other,24 Inch,60Hz,1080p FHD,IPS,False,False,False,"Rs 15,500",15500,Used,Gampaha,used-24-inch-led-ips-monitors-for-sale-gampaha,https://ikman.lk/en/ad/used-24-inch-led-ips-monitors-for-sale-gampaha,U TECZONE,True,2 months
6a50821d720538a7e6e52f50,"ViewSonic VX3480-2K-PRO 34"" UWQHD Gaming Monitor",Viewsonic,34 Inch,60Hz,2K QHD,Standard,False,True,False,"Rs 134,990",134990,Brand New,Colombo,viewsonic-vx3480-2k-pro-34-uwqhd-gaming-monitor-for-sale-colombo-2,https://ikman.lk/en/ad/viewsonic-vx3480-2k-pro-34-uwqhd-gaming-monitor-for-sale-colombo-2,Computer Store.lk Pvt Ltd,True,2 months
6a507d199518597e2e74d739,MSI Modern MD272QXP 27″ Business and Productivity Monitor 100Hz 2K WQHD,MSI,27 Inch,100Hz,2K QHD,Standard,False,False,False,"Rs 95,000",95000,Brand New,Colombo,msi-modern-md272qxp-27-business-and-productivity-monitor-100hz-2k-wqhd-for-sale-colombo-9,https://ikman.lk/en/ad/msi-modern-md272qxp-27-business-and-productivity-monitor-100hz-2k-wqhd-for-sale-colombo-9,Myitem.lk (PVT) Ltd,True,2 months
6a507ac4bdb0f49ac4039e90,"Emark 24"" EW2427SH 144Hz IPS Full HD Frameless Gaming Monitor",Other,24 Inch,144Hz,1080p FHD,IPS,False,True,True,"Rs 29,990",29990,Brand New,Colombo,emark-24-ew2427sh-144hz-ips-full-hd-frameless-gaming-monitor-for-sale-colombo-18,https://ikman.lk/en/ad/emark-24-ew2427sh-144hz-ips-full-hd-frameless-gaming-monitor-for-sale-colombo-18,Myitem.lk (PVT) Ltd,True,2 months
6a5079d30f83707233e1cf82,"Acer 27"" Full HD Nitro Gaming Monitor - KG273 W3 240Hz Brand New",Acer,27 Inch,240Hz,1080p FHD,Standard,False,True,False,"Rs 49,500",49500,Brand New,Colombo,acer-27-full-hd-nitro-gaming-monitor-kg273-w3-240hz-brand-new-for-sale-colombo-56,https://ikman.lk/en/ad/acer-27-full-hd-nitro-gaming-monitor-kg273-w3-240hz-brand-new-for-sale-colombo-56,Myitem.lk (PVT) Ltd,True,2 months
6a5073854f73ab8425d7284e,Viewsonic VA270A-H 27INCH 120Hz FHD IPS Brand New Monitor,Viewsonic,27 Inch,120Hz,1080p FHD,IPS,False,False,False,"Rs 41,500",41500,Brand New,Colombo,viewsonic-va270a-h-27inch-120hz-fhd-ips-brand-new-monitor-for-sale-colombo-6,https://ikman.lk/en/ad/viewsonic-va270a-h-27inch-120hz-fhd-ips-brand-new-monitor-for-sale-colombo-6,Myitem.lk (PVT) Ltd,True,2 months
6a5069c72dcd24605db5a4ef,"22"" WIDE LED MONITOR",Other,22 Inch,60Hz,1080p FHD,Standard,False,False,False,"Rs 10,450",10450,Used,Gampaha,22-wide-led-monitor-for-sale-gampaha-12,https://ikman.lk/en/ad/22-wide-led-monitor-for-sale-gampaha-12,ShaTech Zone,True,2 months
6a4f9b31f507090ed6c38f57,"Samsung F24T450FQE 24"" Inch Full HD IPS Frameless HDMI Used Monitor",Samsung,24 Inch,60Hz,1080p FHD,IPS,False,False,True,"Rs 21,990",21990,Used,Colombo,samsung-f24t450fqe-24-inch-full-hd-ips-frameless-hdmi-used-monitor-for-sale-colombo-47,https://ikman.lk/en/ad/samsung-f24t450fqe-24-inch-full-hd-ips-frameless-hdmi-used-monitor-for-sale-colombo-47,Computer Store.lk Pvt Ltd,True,2 months
6a9556ae6570764ebf2b9bed,BELDON AL-AI-80R | Luxurious Safe Box Premium Digital Locker,Other,Unknown,60Hz,Unknown,Standard,False,False,False,"Rs 450,000",450000,Brand New,Colombo,beldon-al-ai-80r-luxurious-safe-box-premium-digital-locker-for-sale-colombo,https://ikman.lk/en/ad/beldon-al-ai-80r-luxurious-safe-box-premium-digital-locker-for-sale-colombo,POSMAX,True,7 hours
6a4f9b0cf11e39f1a8403ff1,"Dell P2319H 23"" Inch IPS Frameless Full HD HDMI Used Monitor",Dell,23 Inch,60Hz,1080p FHD,IPS,False,False,True,"Rs 20,500",20500,Used,Colombo,dell-p2319h-23-inch-ips-frameless-full-hd-hdmi-used-monitor-for-sale-colombo-24,https://ikman.lk/en/ad/dell-p2319h-23-inch-ips-frameless-full-hd-hdmi-used-monitor-for-sale-colombo-24,Computer Store.lk Pvt Ltd,True,2 months
68ad6198c2fa5402a473865d,23 INCH LG MONITOR ( INBUILT SPEAKER ),LG,23 Inch,60Hz,Unknown,Standard,False,False,False,"Rs 13,000",13000,Used,Kalutara,23-inch-lg-monitor-inbuilt-speaker-for-sale-kalutara,https://ikman.lk/en/ad/23-inch-lg-monitor-inbuilt-speaker-for-sale-kalutara,Sheiba Arcade,True,2 months
6a4f88141a5ddfd7ec7d58cd,SAMSUNG 24” LED Monitor,Samsung,24 Inch,60Hz,1080p FHD,Standard,False,False,False,"Rs 12,900",12900,Used,Colombo,samsung-24-led-monitor-for-sale-colombo-2,https://ikman.lk/en/ad/samsung-24-led-monitor-for-sale-colombo-2,Computer House,True,2 months
6a4f8b5b63647a7364951baa,VIEWSONIC VA3209-MH 32”INCH FHD MONITOR WITH BUILT-IN SPEAKERS,Viewsonic,32 Inch,60Hz,1080p FHD,Standard,False,False,False,"Rs 67,500",67500,Brand New,Colombo,viewsonic-va3209-mh-32inch-fhd-monitor-with-built-in-speakers-for-sale-colombo-4,https://ikman.lk/en/ad/viewsonic-va3209-mh-32inch-fhd-monitor-with-built-in-speakers-for-sale-colombo-4,Mdcomputers.lk(Pvt) Ltd,True,2 months
6a4f8a7bfed8f8f57496e860,Acer Nitro Kg273 W3 27 Inch 200 Hz Ips Gaming Monitor,Acer,27 Inch,200Hz,1080p FHD,IPS,False,True,False,"Rs 49,500",49500,Brand New,Colombo,acer-nitro-kg273-w3-27-inch-200-hz-ips-gaming-monitor-for-sale-colombo,https://ikman.lk/en/ad/acer-nitro-kg273-w3-27-inch-200-hz-ips-gaming-monitor-for-sale-colombo,Mdcomputers.lk(Pvt) Ltd,True,2 months
6a4f863a9969632a31132ae8,KOORUI 25″ G2511E 320Hz IPS FHD HDR400 BRAND NEW GAMING MONITOR,Other,25 Inch,320Hz,1080p FHD,IPS,False,True,False,"Rs 49,000",49000,Brand New,Colombo,koorui-25-g2511e-320hz-ips-fhd-hdr400-brand-new-gaming-monitor-for-sale-colombo-3,https://ikman.lk/en/ad/koorui-25-g2511e-320hz-ips-fhd-hdr400-brand-new-gaming-monitor-for-sale-colombo-3,Mdcomputers.lk(Pvt) Ltd,True,2 months
6a4f84f8b0b86ef9abd8726a,"24"" IPS LED Monitor | Used Full HD Desktop",Other,24 Inch,60Hz,1080p FHD,IPS,False,False,False,"Rs 14,500",14500,Used,Gampaha,24-ips-led-monitor-used-full-hd-desktop-for-sale-gampaha,https://ikman.lk/en/ad/24-ips-led-monitor-used-full-hd-desktop-for-sale-gampaha,Comzonex,True,2 months
6a4f79a3036cfd03b9bef4d4,Falcon 19” Wide LED Monitor,Other,19 Inch,60Hz,Unknown,Standard,False,False,False,"Rs 16,500",16500,Brand New,Colombo,falcon-19-wide-led-monitor-for-sale-colombo-7,https://ikman.lk/en/ad/falcon-19-wide-led-monitor-for-sale-colombo-7,Computer House,True,2 months
6a4f771fa79ff24d30fb695b,Samsung 17” Monitor,Samsung,Unknown,60Hz,Unknown,Standard,False,False,False,"Rs 5,900",5900,Used,Colombo,samsung-17-monitor-for-sale-colombo-3,https://ikman.lk/en/ad/samsung-17-monitor-for-sale-colombo-3,Computer House,True,2 months
6a4f78b867ce56e06796e747,Dahua DHI-LM25-E231B 24.5” 180Hz Gaming Monitor,Other,24 Inch,180Hz,1080p FHD,Standard,False,True,False,"Rs 44,500",44500,Brand New,Colombo,dahua-dhi-lm25-e231b-245-180hz-gaming-monitor-for-sale-colombo,https://ikman.lk/en/ad/dahua-dhi-lm25-e231b-245-180hz-gaming-monitor-for-sale-colombo,Mdcomputers.lk(Pvt) Ltd,True,2 months
6a4f73b5036cfd03b9bef4a9,"Samsung 20"" Wide HDMI LED Monitor",Samsung,20 Inch,60Hz,HD,Standard,False,False,False,"Rs 10,500",10500,Used,Gampaha,samsung-20-wide-hdmi-led-monitor-for-sale-gampaha,https://ikman.lk/en/ad/samsung-20-wide-hdmi-led-monitor-for-sale-gampaha,Comzonex,True,2 months
6a4f711e916be7bccc028974,MSI Pro MP225V 21.5 Inch VA 100Hz FHD (1920×1080) Brand New Monitor,MSI,21.5 Inch,100Hz,1080p FHD,VA,False,False,False,"Rs 25,000",25000,Brand New,Colombo,msi-pro-mp225v-215-inch-va-100hz-fhd-1920x1080-brand-new-monitor-for-sale-colombo-10,https://ikman.lk/en/ad/msi-pro-mp225v-215-inch-va-100hz-fhd-1920x1080-brand-new-monitor-for-sale-colombo-10,Mdcomputers.lk(Pvt) Ltd,True,2 months
6a4f6ae97cd298cee405f88e,Dell UltraSharp U2417H IPS Ful HD Frameless Monitor,Dell,Unknown,60Hz,HD,IPS,False,False,True,"Rs 27,000",27000,Used,Colombo,dell-ultrasharp-u2417h-ips-ful-hd-frameless-monitor-for-sale-colombo-1,https://ikman.lk/en/ad/dell-ultrasharp-u2417h-ips-ful-hd-frameless-monitor-for-sale-colombo-1,Max Core PC,True,2 months
6a4f69793de4f75fa1fb68e7,"19"" Square LED Monitor",Other,19 Inch,60Hz,Unknown,Standard,False,False,False,"Rs 7,500",7500,Used,Gampaha,19-square-led-monitor-for-sale-gampaha,https://ikman.lk/en/ad/19-square-led-monitor-for-sale-gampaha,Comzonex,True,2 months
6a4f60c51a5ddfd7ec7d5752,"MSI Pro MP251L E2 25"" Inch 120HZ Full HD IPS Frameless Monitor",MSI,25 Inch,120Hz,1080p FHD,IPS,False,False,True,"Rs 32,000",32000,Brand New,Colombo,msi-pro-mp251l-e2-25-inch-120hz-full-hd-ips-frameless-monitor-for-sale-colombo-45,https://ikman.lk/en/ad/msi-pro-mp251l-e2-25-inch-120hz-full-hd-ips-frameless-monitor-for-sale-colombo-45,Myitem.lk (PVT) Ltd,True,2 months
6a4f5fe1100d81b996028886,"MSI PRO MP243L E14 24.5"" Inch 144Hz 1ms FHD IPS Productivity Monitor",MSI,24.5 Inch,144Hz,1080p FHD,IPS,False,False,False,"Rs 33,500",33500,Brand New,Colombo,msi-pro-mp243l-e14-245-inch-144hz-1ms-fhd-ips-productivity-monitor-for-sale-colombo-2,https://ikman.lk/en/ad/msi-pro-mp243l-e14-245-inch-144hz-1ms-fhd-ips-productivity-monitor-for-sale-colombo-2,Myitem.lk (PVT) Ltd,True,2 months
6a4f5f73916be7bccc0288d8,MSI PRO MP245PG E14 23.8″ INCH 144HZ 1MS FHD FRAMELESS MONITOR NEW,MSI,23 Inch,144Hz,1080p FHD,Standard,False,False,True,"Rs 47,500",47500,Brand New,Colombo,msi-pro-mp245pg-e14-238-inch-144hz-1ms-fhd-frameless-monitor-new-for-sale-colombo-1,https://ikman.lk/en/ad/msi-pro-mp245pg-e14-238-inch-144hz-1ms-fhd-frameless-monitor-new-for-sale-colombo-1,Computer Store.lk Pvt Ltd,True,2 months
6a4f5b21c30f50d8a46bfb0d,"MSI PRO MP243L E14 24.5"" Inch 144Hz 1ms FHD IPS Productivity Monitor",MSI,24.5 Inch,144Hz,1080p FHD,IPS,False,False,False,"Rs 33,500",33500,Brand New,Colombo,msi-pro-mp243l-e14-245-inch-144hz-1ms-fhd-ips-productivity-monitor-for-sale-colombo-1,https://ikman.lk/en/ad/msi-pro-mp243l-e14-245-inch-144hz-1ms-fhd-ips-productivity-monitor-for-sale-colombo-1,Computer Store.lk Pvt Ltd,True,2 months
6a4f5a5a572f6c0529d87107,"MSI PRO MP225 E12VL 21.5"" Inch 120Hz 1ms FHD Slim Frameless Monitor",MSI,21.5 Inch,120Hz,1080p FHD,Standard,False,False,True,"Rs 26,500",26500,Brand New,Colombo,msi-pro-mp225-e12vl-215-inch-120hz-1ms-fhd-slim-frameless-monitor-for-sale-colombo-4,https://ikman.lk/en/ad/msi-pro-mp225-e12vl-215-inch-120hz-1ms-fhd-slim-frameless-monitor-for-sale-colombo-4,Computer Store.lk Pvt Ltd,True,2 months
69fdbe63b104f201e2f7f331,Dell 20 LED Monitor,Dell,20 Inch,60Hz,Unknown,Standard,False,False,False,"Rs 9,900",9900,Used,Colombo,dell-20-led-monitor-for-sale-colombo,https://ikman.lk/en/ad/dell-20-led-monitor-for-sale-colombo,Computer House,True,2 months
69fdc0ee4b36edc9dc3187be,TG 19” Monitor,Other,19 Inch,60Hz,Unknown,Standard,False,False,False,"Rs 6,500",6500,Used,Colombo,tg-19-monitor-for-sale-colombo,https://ikman.lk/en/ad/tg-19-monitor-for-sale-colombo,Computer House,True,2 months
6a4f477c9969632a3113286f,"LG 27"" IPS Full HD LED Monitor",LG,27 Inch,60Hz,1080p FHD,IPS,False,False,False,"Rs 16,900",16900,Used,Matara,lg-27-ips-full-hd-led-monitor-for-sale-for-sale-matara,https://ikman.lk/en/ad/lg-27-ips-full-hd-led-monitor-for-sale-for-sale-matara,,False,2 months
6a4f4a57b5060efc21132869,"Philips 27"" Full HD Monitor",Philips,27 Inch,60Hz,1080p FHD,IPS,False,False,False,"Rs 16,500",16500,Used,Matara,philips-27-full-hd-monitor-for-sale-for-sale-matara,https://ikman.lk/en/ad/philips-27-full-hd-monitor-for-sale-for-sale-matara,,False,2 months
6a4f49cca3731a56ded8706f,"Dell P2419H 24"" Full HD IPS Monitor",Dell,24 Inch,60Hz,1080p FHD,IPS,False,False,False,"Rs 29,900",29900,Used,Colombo,dell-p2419h-24-full-hd-ips-monitor-for-sale-colombo,https://ikman.lk/en/ad/dell-p2419h-24-full-hd-ips-monitor-for-sale-colombo,COMPUTER HUB,True,2 months
6a4f41f067ce56e06796e537,KOORUI G2711P FHD IPS 27INCH 200HZ BRAND NEW GAMING MONITOR,Other,27 Inch,200Hz,1080p FHD,IPS,False,True,False,"Rs 51,500",51500,Brand New,Colombo,koorui-g2711p-fhd-ips-27inch-200hz-brand-new-gaming-monitor-for-sale-colombo-21,https://ikman.lk/en/ad/koorui-g2711p-fhd-ips-27inch-200hz-brand-new-gaming-monitor-for-sale-colombo-21,Myitem.lk (PVT) Ltd,True,2 months
6a4f3f86a995e4aa93bef25d,"Samsung 24"" Inch Full HD IPS Frameless HDMI Gaming Used Monitor",Samsung,24 Inch,60Hz,1080p FHD,IPS,False,True,True,"Rs 22,000",22000,Used,Colombo,samsung-24-inch-full-hd-ips-frameless-hdmi-gaming-used-monitor-for-sale-colombo-42,https://ikman.lk/en/ad/samsung-24-inch-full-hd-ips-frameless-hdmi-gaming-used-monitor-for-sale-colombo-42,Myitem.lk (PVT) Ltd,True,2 months
6a4f3ef1e252d7baef96e4b0,LG LED monitor Japan used,LG,Unknown,60Hz,Unknown,Standard,False,False,False,"Rs 11,500",11500,Used,Matara,lg-led-monitor-japan-used-for-sale-matara,https://ikman.lk/en/ad/lg-led-monitor-japan-used-for-sale-matara,,False,2 months
6a4f35bb1d2021c116403bc3,"LG 24"" LED Monitor",LG,24 Inch,60Hz,1080p FHD,Standard,False,False,False,"Rs 11,500",11500,Used,Matara,lg-24-led-monitor-for-sale-matara,https://ikman.lk/en/ad/lg-24-led-monitor-for-sale-matara,,False,2 months
6a4f326a06d9340d62403bbd,Asus TUF Gaming 34 Inch VG34VQL3A 180HZ 1500R 1440P Curved Monitor,Asus,34 Inch,180Hz,2K QHD,Standard,True,True,False,"Rs 159,500",159500,Brand New,Colombo,asus-tuf-gaming-34-inch-vg34vql3a-180hz-1500r-1440p-curved-monitor-for-sale-colombo-6,https://ikman.lk/en/ad/asus-tuf-gaming-34-inch-vg34vql3a-180hz-1500r-1440p-curved-monitor-for-sale-colombo-6,COMPUTER HUB,True,2 months
6a4f2ed9715f5fccba3c6be3,"Acer EK271 27"" Inch 144Hz IPS HDMI Frameless Gaming Monitor",Acer,27 Inch,144Hz,HD,IPS,False,True,True,"Rs 36,000",36000,Brand New,Colombo,acer-ek271-27-inch-144hz-ips-hdmi-frameless-gaming-monitor-for-sale-colombo-60,https://ikman.lk/en/ad/acer-ek271-27-inch-144hz-ips-hdmi-frameless-gaming-monitor-for-sale-colombo-60,Myitem.lk (PVT) Ltd,True,2 months
6a4f2684a995e4aa93bef0d6,"MSI PRO MP225 E12VL 21.5"" Inch 120Hz 1ms FHD Slim Frameless Monitor",MSI,21.5 Inch,120Hz,1080p FHD,Standard,False,False,True,"Rs 27,500",27500,Brand New,Colombo,msi-pro-mp225-e12vl-215-inch-120hz-1ms-fhd-slim-frameless-monitor-for-sale-colombo-3,https://ikman.lk/en/ad/msi-pro-mp225-e12vl-215-inch-120hz-1ms-fhd-slim-frameless-monitor-for-sale-colombo-3,Myitem.lk (PVT) Ltd,True,2 months
6a4f2288c30f50d8a46bf7e3,MSI Pro MP273 E14A 27 Inch 144HZ 1MS FHD IPS Productivity Monitor New,MSI,27 Inch,144Hz,1080p FHD,IPS,False,False,False,"Rs 44,990",44990,Brand New,Colombo,msi-pro-mp273-e14a-27-inch-144hz-1ms-fhd-ips-productivity-monitor-new-for-sale-colombo-91,https://ikman.lk/en/ad/msi-pro-mp273-e14a-27-inch-144hz-1ms-fhd-ips-productivity-monitor-new-for-sale-colombo-91,Myitem.lk (PVT) Ltd,True,2 months
6a4e03712db3c8021bced9ce,MSI 2K 170hz Gaming Monitor,MSI,Unknown,170Hz,2K QHD,Standard,False,True,False,"Rs 62,000",62000,Used,Kandy,msi-2k-170hz-gaming-monitor-for-sale-kandy,https://ikman.lk/en/ad/msi-2k-170hz-gaming-monitor-for-sale-kandy,,False,2 months
6a4e5283086f4c92e61722a0,"MONITOR 22"" WIDE LED",Other,22 Inch,60Hz,1080p FHD,Standard,False,False,False,"Rs 10,450",10450,Used,Gampaha,monitor-22-wide-led-for-sale-gampaha-6,https://ikman.lk/en/ad/monitor-22-wide-led-for-sale-gampaha-6,ShaTech Zone,True,2 months
6a4e493681bbaae0cf19ff17,Falcon 17” Led Brand New Monitor,Other,Unknown,60Hz,Unknown,Standard,False,False,False,"Rs 9,500",9500,Brand New,Colombo,falcon-17-led-brand-new-monitor-for-sale-colombo,https://ikman.lk/en/ad/falcon-17-led-brand-new-monitor-for-sale-colombo,Computer House,True,2 months
69a6a1fbcc8fe747e280ed91,19 Inch Led Monitor - Used,Other,19 Inch,60Hz,Unknown,Standard,False,False,False,"Rs 8,450",8450,Used,Gampaha,19-inch-led-monitor-used-for-sale-gampaha-1,https://ikman.lk/en/ad/19-inch-led-monitor-used-for-sale-gampaha-1,Comzonex,True,2 months
6a4e42cc3f055cc802cedc0e,"Dell P2319H 23"" Inch IPS Frameless Full HD HDMI Used Monitor",Dell,23 Inch,60Hz,1080p FHD,IPS,False,False,True,"Rs 20,500",20500,Used,Colombo,dell-p2319h-23-inch-ips-frameless-full-hd-hdmi-used-monitor-for-sale-colombo-23,https://ikman.lk/en/ad/dell-p2319h-23-inch-ips-frameless-full-hd-hdmi-used-monitor-for-sale-colombo-23,Computer Store.lk Pvt Ltd,True,2 months
6a4e425ec6a47140489a25e5,"Samsung F24T450FQE 24"" Inch Full HD IPS Frameless HDMI Used Monitor",Samsung,24 Inch,60Hz,1080p FHD,IPS,False,False,True,"Rs 21,990",21990,Used,Colombo,samsung-f24t450fqe-24-inch-full-hd-ips-frameless-hdmi-used-monitor-for-sale-colombo-46,https://ikman.lk/en/ad/samsung-f24t450fqe-24-inch-full-hd-ips-frameless-hdmi-used-monitor-for-sale-colombo-46,Computer Store.lk Pvt Ltd,True,2 months
6a4e37bf64a53df6d63e3247,27 INCH ATEC FULL HD LED MONITOR,Other,27 Inch,60Hz,1080p FHD,Standard,False,False,False,"Rs 21,500",21500,Used,Colombo,27-inch-atec-full-hd-led-monitor-for-sale-colombo-4,https://ikman.lk/en/ad/27-inch-atec-full-hd-led-monitor-for-sale-colombo-4,Mdcomputers.lk(Pvt) Ltd,True,2 months
6a4e316e932002a2b8d788c3,22 Inch Dell Full HD Ips LED Silver Line Monitor,Dell,22 Inch,60Hz,1080p FHD,IPS,False,False,False,"Rs 12,000",12000,Used,Colombo,22-inch-dell-full-hd-ips-led-silver-line-monitor-for-sale-colombo-40,https://ikman.lk/en/ad/22-inch-dell-full-hd-ips-led-silver-line-monitor-for-sale-colombo-40,Mdcomputers.lk(Pvt) Ltd,True,2 months
6a4e2b501a088caccb619935,Koorui E2411K 24INCH 144HZ IPS FHD Brand New Monitor,Other,24 Inch,144Hz,1080p FHD,IPS,False,False,False,"Rs 33,000",33000,Brand New,Colombo,koorui-e2411k-24inch-144hz-ips-fhd-brand-new-monitor-for-sale-colombo-3,https://ikman.lk/en/ad/koorui-e2411k-24inch-144hz-ips-fhd-brand-new-monitor-for-sale-colombo-3,Max Core PC,True,2 months
6a4e2b399416124549d78871,"Dell P2319H 23"" inch Full HD IPS HDMI Frameless Used Monitor (No Cables)",Dell,23 Inch,60Hz,1080p FHD,IPS,False,False,True,"Rs 20,500",20500,Used,Colombo,dell-p2319h-23-inch-full-hd-ips-hdmi-frameless-used-monitor-no-cables-for-sale-colombo-38,https://ikman.lk/en/ad/dell-p2319h-23-inch-full-hd-ips-hdmi-frameless-used-monitor-no-cables-for-sale-colombo-38,Myitem.lk (PVT) Ltd,True,2 months
6a4e22a8064ec17199cedabe,"HP Z23N IPS Frameless HDMI Monitor 23""",HP,23 Inch,60Hz,HD,IPS,False,False,True,"Rs 20,500",20500,Used,Colombo,hp-z23n-ips-frameless-hdmi-monitor-23-for-sale-colombo-4,https://ikman.lk/en/ad/hp-z23n-ips-frameless-hdmi-monitor-23-for-sale-colombo-4,Computer Store.lk Pvt Ltd,True,2 months
6a4e1fd7b869c3804cb8e10e,HP E243 Frameless Ips Monitor Elite Display 24″,HP,24 Inch,60Hz,1080p FHD,IPS,False,False,True,"Rs 23,000",23000,Used,Colombo,hp-e243-frameless-ips-monitor-elite-display-24-for-sale-colombo-4,https://ikman.lk/en/ad/hp-e243-frameless-ips-monitor-elite-display-24-for-sale-colombo-4,Computer Store.lk Pvt Ltd,True,2 months
6a4e1e1703dcf6883c74852b,"Monitor 2K 24"" IPS WIDE QHD (2560 × 1440)",Other,24 Inch,60Hz,2K QHD,IPS,False,False,False,"Rs 22,250",22250,Used,Gampaha,monitor-2k-24-ips-wide-qhd-2560-x-1440-for-sale-gampaha,https://ikman.lk/en/ad/monitor-2k-24-ips-wide-qhd-2560-x-1440-for-sale-gampaha,ShaTech Zone,True,2 months
6a4e1bc1064ec17199ceda70,Dell UltraSharp U2417H IPS Ful HD Frameless used Monitor,Dell,Unknown,60Hz,HD,IPS,False,False,True,"Rs 27,000",27000,Used,Colombo,dell-ultrasharp-u2417h-ips-ful-hd-frameless-used-monitor-for-sale-colombo-5,https://ikman.lk/en/ad/dell-ultrasharp-u2417h-ips-ful-hd-frameless-used-monitor-for-sale-colombo-5,Computer Store.lk Pvt Ltd,True,2 months
6a4e1292064ec17199ceda39,22 lcd monitors,Other,22 Inch,60Hz,1080p FHD,Standard,False,False,False,"Rs 9,900",9900,Used,Colombo,22-lcd-monitors-for-sale-colombo,https://ikman.lk/en/ad/22-lcd-monitors-for-sale-colombo,Buy Korea,True,2 months
6a4e0685573c4b62e230abea,"Gigabyte MO32U 32"" Gaming Monitor",Gigabyte,32 Inch,60Hz,Unknown,Standard,False,True,False,"Rs 385,000",385000,Brand New,Colombo,gigabyte-mo32u-32-gaming-monitor-for-sale-colombo,https://ikman.lk/en/ad/gigabyte-mo32u-32-gaming-monitor-for-sale-colombo,TecRoot,True,2 months
6a4e050b17b4d3690043b5a1,"Gigabyte MO27Q2 27"" OLED Gaming Monitor",Gigabyte,27 Inch,60Hz,1080p FHD,OLED,False,True,False,"Rs 235,000",235000,Brand New,Colombo,gigabyte-mo27q2-27-oled-gaming-monitor-for-sale-colombo,https://ikman.lk/en/ad/gigabyte-mo27q2-27-oled-gaming-monitor-for-sale-colombo,TecRoot,True,2 months
6a4e011817b4d3690043b57d,Dell 28 Inch Monitor,Dell,28 Inch,60Hz,Unknown,Standard,False,False,False,"Rs 24,000",24000,Used,Colombo,28-inch-monitor-for-sale-colombo,https://ikman.lk/en/ad/28-inch-monitor-for-sale-colombo,,False,2 months
6a4e003dd2822f1abf8597d3,"Samsung 24"" Inch Full HD IPS Frameless HDMI Gaming Used Monitor",Samsung,24 Inch,60Hz,1080p FHD,IPS,False,True,True,"Rs 22,000",22000,Used,Colombo,samsung-24-inch-full-hd-ips-frameless-hdmi-gaming-used-monitor-for-sale-colombo-41,https://ikman.lk/en/ad/samsung-24-inch-full-hd-ips-frameless-hdmi-gaming-used-monitor-for-sale-colombo-41,Myitem.lk (PVT) Ltd,True,2 months
6a4dfc3a2d38cf4a8768e478,"Dell P2419H Full HD IPS 24"" Monitor",Dell,24 Inch,60Hz,1080p FHD,IPS,False,False,False,"Rs 29,900",29900,Used,Colombo,dell-p2419h-full-hd-ips-24-monitor-for-sale-colombo-2,https://ikman.lk/en/ad/dell-p2419h-full-hd-ips-24-monitor-for-sale-colombo-2,COMPUTER HUB,True,2 months
6a4df1e5c3132345f4b68372,"Samsung F24T450FQE 24"" Inch Full HD IPS Frameless HDMI Used Monitor",Samsung,24 Inch,60Hz,1080p FHD,IPS,False,False,True,"Rs 20,990",20990,Used,Colombo,samsung-f24t450fqe-24-inch-full-hd-ips-frameless-hdmi-used-monitor-for-sale-colombo-45,https://ikman.lk/en/ad/samsung-f24t450fqe-24-inch-full-hd-ips-frameless-hdmi-used-monitor-for-sale-colombo-45,Computer Store.lk Pvt Ltd,True,2 months
6a4df1ad1fce79ec19aa9c0f,"Dell P2319H 23"" Inch IPS Frameless Full HD HDMI Used Monitor",Dell,23 Inch,60Hz,1080p FHD,IPS,False,False,True,"Rs 19,500",19500,Used,Colombo,dell-p2319h-23-inch-ips-frameless-full-hd-hdmi-used-monitor-for-sale-colombo-22,https://ikman.lk/en/ad/dell-p2319h-23-inch-ips-frameless-full-hd-hdmi-used-monitor-for-sale-colombo-22,Computer Store.lk Pvt Ltd,True,2 months
6a4de94aaf60c09d00aa9ba4,"ViewSonic VA2432A-H 24"" Inch Full HD IPS 120Hz Frameless Monitor New",Viewsonic,24 Inch,120Hz,1080p FHD,IPS,False,False,True,"Rs 35,500",35500,Brand New,Colombo,viewsonic-va2432a-h-24-inch-full-hd-ips-120hz-frameless-monitor-new-for-sale-colombo-75,https://ikman.lk/en/ad/viewsonic-va2432a-h-24-inch-full-hd-ips-120hz-frameless-monitor-new-for-sale-colombo-75,Max Core PC,True,2 months
6a4de7b8a933db7ac7eab660,"Emark 24"" EW2427SH 144Hz IPS Full HD Frameless Gaming Monitor",Other,24 Inch,144Hz,1080p FHD,IPS,False,True,True,"Rs 30,000",30000,Brand New,Colombo,emark-24-ew2427sh-144hz-ips-full-hd-frameless-gaming-monitor-for-sale-colombo-17,https://ikman.lk/en/ad/emark-24-ew2427sh-144hz-ips-full-hd-frameless-gaming-monitor-for-sale-colombo-17,Max Core PC,True,2 months
6a4dec9dc3132345f4b68334,"MSI Pro MP225V 21.5"" Inch 100HZ 1MS FHD Ultra Slim Frameless Monitor",MSI,21.5 Inch,100Hz,1080p FHD,Standard,False,False,True,"Rs 25,000",25000,Brand New,Colombo,msi-pro-mp225v-215-inch-100hz-1ms-fhd-ultra-slim-frameless-monitor-for-sale-colombo-72,https://ikman.lk/en/ad/msi-pro-mp225v-215-inch-100hz-1ms-fhd-ultra-slim-frameless-monitor-for-sale-colombo-72,Myitem.lk (PVT) Ltd,True,2 months
6a4de603e0895e9ea68e1b50,Asus TUF Gaming 34 Inch VG34VQL3A 180HZ 1500R 1440P Curved Monitor,Asus,34 Inch,180Hz,2K QHD,Standard,True,True,False,"Rs 159,500",159500,Brand New,Colombo,asus-tuf-gaming-34-inch-vg34vql3a-180hz-1500r-1440p-curved-monitor-for-sale-colombo-7,https://ikman.lk/en/ad/asus-tuf-gaming-34-inch-vg34vql3a-180hz-1500r-1440p-curved-monitor-for-sale-colombo-7,COMPUTER HUB,True,2 months
6a4ddfb6cbf850b2fb45656e,"24"" Widescreen Monitor",Other,24 Inch,60Hz,1080p FHD,Standard,False,False,False,"Rs 12,500",12500,Used,Matara,24-widescreen-monitor-for-sale-matara-5,https://ikman.lk/en/ad/24-widescreen-monitor-for-sale-matara-5,,False,2 months
6a4ddf3f947fab8f463c4eb2,"24"" Widescreen Monitor",Other,24 Inch,60Hz,1080p FHD,Standard,False,False,False,"Rs 13,500",13500,Used,Matara,24-widescreen-monitor-for-sale-matara-4,https://ikman.lk/en/ad/24-widescreen-monitor-for-sale-matara-4,,False,2 months
6a4dded9b564303e568e1adc,"24"" Widescreen Monitor",Other,24 Inch,60Hz,1080p FHD,Standard,False,False,False,"Rs 14,500",14500,Used,Matara,24-widescreen-monitor-for-sale-matara-3,https://ikman.lk/en/ad/24-widescreen-monitor-for-sale-matara-3,,False,2 months
6a4dddde49ba27683d95b7c8,Viewsonic VA270A-H 27INCH 120Hz FHD IPS Brand New Monitor,Viewsonic,27 Inch,120Hz,1080p FHD,IPS,False,False,False,"Rs 41,500",41500,Brand New,Colombo,viewsonic-va270a-h-27inch-120hz-fhd-ips-brand-new-monitor-for-sale-colombo-5,https://ikman.lk/en/ad/viewsonic-va270a-h-27inch-120hz-fhd-ips-brand-new-monitor-for-sale-colombo-5,Myitem.lk (PVT) Ltd,True,2 months
6a4ddd1de1104ccfc8b68261,KOORUI G2411P 24-inch IPS FHD 200Hz Gaming Monitor,Other,24 Inch,200Hz,1080p FHD,IPS,False,True,False,"Rs 39,000",39000,Brand New,Colombo,koorui-g2411p-24-inch-ips-fhd-200hz-gaming-monitor-for-sale-colombo-18,https://ikman.lk/en/ad/koorui-g2411p-24-inch-ips-fhd-200hz-gaming-monitor-for-sale-colombo-18,Myitem.lk (PVT) Ltd,True,2 months
6a4dd3c4b0da656fc6cd973a,"Emark 24"" EW2427SH 144Hz IPS Full HD Frameless Gaming Monitor",Other,24 Inch,144Hz,1080p FHD,IPS,False,True,True,"Rs 29,990",29990,Brand New,Colombo,emark-24-ew2427sh-144hz-ips-full-hd-frameless-gaming-monitor-for-sale-colombo-16,https://ikman.lk/en/ad/emark-24-ew2427sh-144hz-ips-full-hd-frameless-gaming-monitor-for-sale-colombo-16,Myitem.lk (PVT) Ltd,True,2 months
6a4dd0be1fce79ec19aa99fd,Desktop LED Monitors,Other,Unknown,60Hz,Unknown,Standard,False,False,False,"Rs 7,500",7500,Used,Gampaha,desktop-led-monitors-for-sale-gampaha,https://ikman.lk/en/ad/desktop-led-monitors-for-sale-gampaha,Comzonex,True,2 months
6a4dcdefa86b8cf8f776e7b1,"Acer 27"" Full HD Nitro Gaming Monitor - KG273 W3 240Hz Brand New",Acer,27 Inch,240Hz,1080p FHD,Standard,False,True,False,"Rs 49,500",49500,Brand New,Colombo,acer-27-full-hd-nitro-gaming-monitor-kg273-w3-240hz-brand-new-for-sale-colombo-55,https://ikman.lk/en/ad/acer-27-full-hd-nitro-gaming-monitor-kg273-w3-240hz-brand-new-for-sale-colombo-55,Myitem.lk (PVT) Ltd,True,2 months
6a4dc42de121b7d861ff15d0,LG 22 Inch Monitor,LG,22 Inch,60Hz,1080p FHD,Standard,False,False,False,"Rs 5,500",5500,Used,Matara,lg-22-inch-monitor-for-sale-matara,https://ikman.lk/en/ad/lg-22-inch-monitor-for-sale-matara,,False,2 months
6a4d41d1c461e05b81ec6051,Macbook Pro 2019 Display,Other,Unknown,60Hz,Unknown,Standard,False,False,False,"Rs 80,000",80000,Used,Kandy,display-available-for-sale-kandy,https://ikman.lk/en/ad/display-available-for-sale-kandy,,False,2 months
6a4d3a920623d9a62dfd8642,Dell HD Widescreen Monitor,Dell,Unknown,60Hz,HD,Standard,False,False,False,"Rs 16,000",16000,Used,Colombo,dell-hd-widescreen-monitor-for-sale-colombo,https://ikman.lk/en/ad/dell-hd-widescreen-monitor-for-sale-colombo,,False,2 months
6a4d27319859180775468c79,Acer Monitor,Acer,Unknown,60Hz,Unknown,Standard,False,False,False,"Rs 7,000",7000,Used,Jaffna,urgent-salle-for-sale-jaffna,https://ikman.lk/en/ad/urgent-salle-for-sale-jaffna,,False,2 months
6a4d1cada93b9816a98da010,HP 24” Led Monitor,HP,24 Inch,60Hz,1080p FHD,Standard,False,False,False,"Rs 11,900",11900,Used,Colombo,hp-24-led-monitor-for-sale-colombo-1,https://ikman.lk/en/ad/hp-24-led-monitor-for-sale-colombo-1,Computer House,True,2 months
6a4d1bd716aa0bd9577cf384,Samsung 19” Square Monitor,Samsung,19 Inch,60Hz,Unknown,Standard,False,False,False,"Rs 6,500",6500,Used,Colombo,samsung-19-square-monitor-for-sale-colombo,https://ikman.lk/en/ad/samsung-19-square-monitor-for-sale-colombo,Computer House,True,2 months
6a4d1baf41a49a432d383709,17” Samsung Square Monitor,Samsung,Unknown,60Hz,Unknown,Standard,False,False,False,"Rs 5,900",5900,Used,Colombo,17-samsung-square-monitor-for-sale-colombo,https://ikman.lk/en/ad/17-samsung-square-monitor-for-sale-colombo,Computer House,True,2 months
6a4d1b1fd3613d2c058d9f5f,20” LCD Wide Monitor,Other,20 Inch,60Hz,Unknown,Standard,False,False,False,"Rs 7,900",7900,Used,Colombo,20-lcd-wide-monitor-for-sale-colombo-1,https://ikman.lk/en/ad/20-lcd-wide-monitor-for-sale-colombo-1,Computer House,True,2 months
6a4d1ac1106c3ee13dfe8ada,19” Wide Monitor,Other,19 Inch,60Hz,Unknown,Standard,False,False,False,"Rs 7,500",7500,Used,Colombo,19-wide-monitor-for-sale-colombo-61,https://ikman.lk/en/ad/19-wide-monitor-for-sale-colombo-61,Computer House,True,2 months
6a4cfb3355dff285e9a1a255,Koorui G2711P FHD IPS 27INCH 200HZ Brand New Gaming Monitor,Other,27 Inch,200Hz,1080p FHD,IPS,False,True,False,"Rs 51,500",51500,Brand New,Colombo,koorui-g2711p-fhd-ips-27inch-200hz-brand-new-gaming-monitor-for-sale-colombo-20,https://ikman.lk/en/ad/koorui-g2711p-fhd-ips-27inch-200hz-brand-new-gaming-monitor-for-sale-colombo-20,Computer Store.lk Pvt Ltd,True,2 months
6a4cf6ce106c3ee13dfe8a33,Lenovo 22 inch Thinkvision Monitor,Lenovo,22 Inch,60Hz,1080p FHD,Standard,False,False,False,"Rs 10,500",10500,Used,Kurunegala,lenovo-thinkvision-monitor-for-sale-kurunegala,https://ikman.lk/en/ad/lenovo-thinkvision-monitor-for-sale-kurunegala,,False,2 months
6a4cfa2f8551169e93fe8a79,Koorui E2411K 24INCH 144HZ IPS FHD Brand New Monitor,Other,24 Inch,144Hz,1080p FHD,IPS,False,False,False,"Rs 33,000",33000,Brand New,Colombo,koorui-e2411k-24inch-144hz-ips-fhd-brand-new-monitor-for-sale-colombo-2,https://ikman.lk/en/ad/koorui-e2411k-24inch-144hz-ips-fhd-brand-new-monitor-for-sale-colombo-2,Computer Store.lk Pvt Ltd,True,2 months
6a4cf975eb401f5c635bdcf7,"Koorui 22"" E2212H 100HZ 21.5 Inches FHD Brand New Monitor",Other,22 Inch,100Hz,1080p FHD,Standard,False,False,False,"Rs 25,500",25500,Brand New,Colombo,koorui-22-e2212h-100hz-215-inches-fhd-brand-new-monitor-for-sale-colombo-8,https://ikman.lk/en/ad/koorui-22-e2212h-100hz-215-inches-fhd-brand-new-monitor-for-sale-colombo-8,Computer Store.lk Pvt Ltd,True,2 months
6a4cf8003be61fc64b417b98,Asus TUF Gaming VG279QE5A 27″ FHD IPS 146HZ Monitor,Asus,27 Inch,146Hz,1080p FHD,IPS,False,True,False,"Rs 45,990",45990,Brand New,Colombo,asus-tuf-gaming-vg279qe5a-27-fhd-ips-146hz-monitor-for-sale-colombo-55,https://ikman.lk/en/ad/asus-tuf-gaming-vg279qe5a-27-fhd-ips-146hz-monitor-for-sale-colombo-55,Computer Store.lk Pvt Ltd,True,2 months
6a4cf7a741a49a432d383644,"Asus VY279HGR 27"" Inch Full HD IPS Level 120Hz Adaptive Sync Monitor",Asus,27 Inch,120Hz,1080p FHD,IPS,False,False,False,"Rs 44,500",44500,Brand New,Colombo,asus-vy279hgr-27-inch-full-hd-ips-level-120hz-adaptive-sync-monitor-for-sale-colombo-63,https://ikman.lk/en/ad/asus-vy279hgr-27-inch-full-hd-ips-level-120hz-adaptive-sync-monitor-for-sale-colombo-63,Computer Store.lk Pvt Ltd,True,2 months
6a4cf70adadcaad33a953a4f,"Asus 25"" VA259HGA 120Hz IPS Eye Care Gaming Monitor",Asus,25 Inch,120Hz,Unknown,IPS,False,True,False,"Rs 34,500",34500,Brand New,Colombo,asus-25-va259hga-120hz-ips-eye-care-gaming-monitor-for-sale-colombo-44,https://ikman.lk/en/ad/asus-25-va259hga-120hz-ips-eye-care-gaming-monitor-for-sale-colombo-44,Computer Store.lk Pvt Ltd,True,2 months
6a4cf6a46e81f7c82c5bdcf7,Viewsonic VA270A-H 27INCH 120Hz FHD IPS Brand New Monitor,Viewsonic,27 Inch,120Hz,1080p FHD,IPS,False,False,False,"Rs 41,500",41500,Brand New,Colombo,viewsonic-va270a-h-27inch-120hz-fhd-ips-brand-new-monitor-for-sale-colombo-4,https://ikman.lk/en/ad/viewsonic-va270a-h-27inch-120hz-fhd-ips-brand-new-monitor-for-sale-colombo-4,Computer Store.lk Pvt Ltd,True,2 months
6a4cf5bc41a49a432d38362e,"ViewSonic VA2432A-H 24"" Inch Full HD IPS 120Hz Frameless Monitor New",Viewsonic,24 Inch,120Hz,1080p FHD,IPS,False,False,True,"Rs 32,000",32000,Brand New,Colombo,viewsonic-va2432a-h-24-inch-full-hd-ips-120hz-frameless-monitor-new-for-sale-colombo-74,https://ikman.lk/en/ad/viewsonic-va2432a-h-24-inch-full-hd-ips-120hz-frameless-monitor-new-for-sale-colombo-74,Computer Store.lk Pvt Ltd,True,2 months
6a4cf3d7bea8858b7f7fa662,"Acer 27"" Full HD Nitro Gaming Monitor - KG273 W3 (240Hz)",Acer,27 Inch,240Hz,1080p FHD,Standard,False,True,False,"Rs 49,500",49500,Brand New,Colombo,acer-27-full-hd-nitro-gaming-monitor-kg273-w3-240hz-for-sale-colombo-1,https://ikman.lk/en/ad/acer-27-full-hd-nitro-gaming-monitor-kg273-w3-240hz-for-sale-colombo-1,Computer Store.lk Pvt Ltd,True,2 months
6a4cf3226e81f7c82c5bdcdc,"Acer Vero Series CB272 P6bmiprx 27"" Inch144Hz Full HD IPS Monitor NEW",Acer,27 Inch,144Hz,1080p FHD,IPS,False,False,False,"Rs 44,990",44990,Brand New,Colombo,acer-vero-series-cb272-p6bmiprx-27-inch144hz-full-hd-ips-monitor-new-for-sale-colombo-16,https://ikman.lk/en/ad/acer-vero-series-cb272-p6bmiprx-27-inch144hz-full-hd-ips-monitor-new-for-sale-colombo-16,Computer Store.lk Pvt Ltd,True,2 months
6a4cf1877ae630b3b040b1b1,"Acer EK271 27"" Inch 144Hz IPS HDMI Frameless Gaming Monitor",Acer,27 Inch,144Hz,HD,IPS,False,True,True,"Rs 36,000",36000,Brand New,Colombo,acer-ek271-27-inch-144hz-ips-hdmi-frameless-gaming-monitor-for-sale-colombo-59,https://ikman.lk/en/ad/acer-ek271-27-inch-144hz-ips-hdmi-frameless-gaming-monitor-for-sale-colombo-59,Computer Store.lk Pvt Ltd,True,2 months
6a4cf00a2ff3b24f2c953a36,"Acer EK251 P6BI 25"" Inch 144Hz IPS HDMI Frameless Gaming Monitor",Acer,25 Inch,144Hz,HD,IPS,False,True,True,"Rs 31,500",31500,Brand New,Colombo,acer-ek251-p6bi-25-inch-144hz-ips-hdmi-frameless-gaming-monitor-for-sale-colombo-37,https://ikman.lk/en/ad/acer-ek251-p6bi-25-inch-144hz-ips-hdmi-frameless-gaming-monitor-for-sale-colombo-37,Computer Store.lk Pvt Ltd,True,2 months
6a4ce3df7ae630b3b040b149,MSI Modern MD272QXP 27″ Business and Productivity Monitor 100Hz 2K WQHD,MSI,27 Inch,100Hz,2K QHD,Standard,False,False,False,"Rs 95,000",95000,Brand New,Colombo,msi-modern-md272qxp-27-business-and-productivity-monitor-100hz-2k-wqhd-for-sale-colombo-8,https://ikman.lk/en/ad/msi-modern-md272qxp-27-business-and-productivity-monitor-100hz-2k-wqhd-for-sale-colombo-8,Computer Store.lk Pvt Ltd,True,2 months
6a4ce20851deca4cd60139fb,"MSI Pro MP275Q 27"" 100Hz 1ms 2560 x 1440 WQHD 2K IPS Frameless Monitor",MSI,27 Inch,100Hz,2K QHD,IPS,False,False,True,"Rs 69,990",69990,Brand New,Colombo,msi-pro-mp275q-27-100hz-1ms-2560-x-1440-wqhd-2k-ips-frameless-monitor-for-sale-colombo-9,https://ikman.lk/en/ad/msi-pro-mp275q-27-100hz-1ms-2560-x-1440-wqhd-2k-ips-frameless-monitor-for-sale-colombo-9,Computer Store.lk Pvt Ltd,True,2 months
6a4ce133d5a2265db4fe8974,MSI Pro MP273 E14A 27 Inch 144Hz 1ms FHD IPS Productivity Monitor,MSI,27 Inch,144Hz,1080p FHD,IPS,False,False,False,"Rs 49,990",49990,Brand New,Colombo,msi-pro-mp273-e14a-27-inch-144hz-1ms-fhd-ips-productivity-monitor-for-sale-colombo-37,https://ikman.lk/en/ad/msi-pro-mp273-e14a-27-inch-144hz-1ms-fhd-ips-productivity-monitor-for-sale-colombo-37,Computer Store.lk Pvt Ltd,True,2 months
6a4cdfe9227ed91885024ef0,MSI PRO MP245PG E14 23.8″ INCH 144HZ 1MS FHD FRAMELESS MONITOR NEW,MSI,23 Inch,144Hz,1080p FHD,Standard,False,False,True,"Rs 47,500",47500,Brand New,Colombo,msi-pro-mp245pg-e14-238-inch-144hz-1ms-fhd-frameless-monitor-new-for-sale-colombo,https://ikman.lk/en/ad/msi-pro-mp245pg-e14-238-inch-144hz-1ms-fhd-frameless-monitor-new-for-sale-colombo,Computer Store.lk Pvt Ltd,True,1 month
6a4cd6e872606860ea8d9dd2,Samsung Monitor,Samsung,Unknown,60Hz,Unknown,Standard,False,False,False,"Rs 40,000",40000,Used,Ampara,samsung-monitor-for-sale-ampara-1,https://ikman.lk/en/ad/samsung-monitor-for-sale-ampara-1,,False,2 months
6a4cd4e9941dddbe47267bb5,ATEC 24” Wide LED Monitor – Full HD HDMI,Other,24 Inch,60Hz,1080p FHD,Standard,False,False,False,"Rs 13,000",13000,Used,Kalutara,atec-24-wide-led-monitor-full-hd-hdmi-for-sale-kalutara,https://ikman.lk/en/ad/atec-24-wide-led-monitor-full-hd-hdmi-for-sale-kalutara,,False,2 months
6a4cd314e8fc91e269267b99,MSI Pro MP273 E14A 27 Inch 144HZ 1MS FHD IPS Productivity Monitor New,MSI,27 Inch,144Hz,1080p FHD,IPS,False,False,False,"Rs 44,990",44990,Brand New,Colombo,msi-pro-mp273-e14a-27-inch-144hz-1ms-fhd-ips-productivity-monitor-new-for-sale-colombo-90,https://ikman.lk/en/ad/msi-pro-mp273-e14a-27-inch-144hz-1ms-fhd-ips-productivity-monitor-new-for-sale-colombo-90,Myitem.lk (PVT) Ltd,True,2 months
6a4ccce2bea8858b7f7fa4fa,"22"" Wide Led HDMI IPS Monitor",Other,22 Inch,60Hz,HD,IPS,False,False,False,"Rs 12,790",12790,Used,Kandy,22-wide-led-hdmi-ips-monitor-for-sale-kandy-1,https://ikman.lk/en/ad/22-wide-led-hdmi-ips-monitor-for-sale-kandy-1, Nawarathna Cellulars & Computer Systems,True,2 months
6a4cbcd357c939afd835874e,"Samsung 24"" Inch Full HD IPS Frameless HDMI Gaming Used Monitor",Samsung,24 Inch,60Hz,1080p FHD,IPS,False,True,True,"Rs 21,000",21000,Used,Colombo,samsung-24-inch-full-hd-ips-frameless-hdmi-gaming-used-monitor-for-sale-colombo-40,https://ikman.lk/en/ad/samsung-24-inch-full-hd-ips-frameless-hdmi-gaming-used-monitor-for-sale-colombo-40,Myitem.lk (PVT) Ltd,True,2 months
6a4caa09a7d70f8cb37ac7fc,"Dell P2419H Full HD IPS 24"" Monitor",Dell,24 Inch,60Hz,1080p FHD,IPS,False,False,False,"Rs 29,900",29900,Used,Colombo,dell-p2419h-full-hd-ips-24-monitor-for-sale-colombo-1,https://ikman.lk/en/ad/dell-p2419h-full-hd-ips-24-monitor-for-sale-colombo-1,COMPUTER HUB,True,2 months
6a4ca62065db6bf74b5aa70a,ACER EK271 27 INCH IPS MONITOR,Acer,27 Inch,60Hz,1080p FHD,IPS,False,False,False,"Rs 39,000",39000,Brand New,Colombo,acer-ek271-27-inch-ips-monitor-for-sale-colombo-1,https://ikman.lk/en/ad/acer-ek271-27-inch-ips-monitor-for-sale-colombo-1,PC Cart Express Maharagama,True,2 months
6a4ca5e5fda865ba9c7ac7f3,ACER EK271 27 INCH IPS MONITOR,Acer,27 Inch,60Hz,1080p FHD,IPS,False,False,False,"Rs 39,000",39000,Brand New,Colombo,acer-ek271-27-inch-ips-monitor-for-sale-colombo,https://ikman.lk/en/ad/acer-ek271-27-inch-ips-monitor-for-sale-colombo,PC Cart Kesbewa ,True,2 months
6a4ca216022a3d70374d94ba,"ViewSonic VX3480-2K-PRO 34"" UWQHD Gaming Monitor",Viewsonic,34 Inch,60Hz,2K QHD,Standard,False,True,False,"Rs 134,990",134990,Brand New,Colombo,viewsonic-vx3480-2k-pro-34-uwqhd-gaming-monitor-for-sale-colombo-1,https://ikman.lk/en/ad/viewsonic-vx3480-2k-pro-34-uwqhd-gaming-monitor-for-sale-colombo-1,Myitem.lk (PVT) Ltd,True,2 months
69d7604cf0924875c5dc6978,Acer 27 Inch \Brandnew Monitors \(144Hz).,Acer,27 Inch,144Hz,1080p FHD,Standard,False,False,False,"Rs 37,500",37500,Brand New,Colombo,acer-27-inch-brandnew-monitors-144hz-for-sale-colombo-19,https://ikman.lk/en/ad/acer-27-inch-brandnew-monitors-144hz-for-sale-colombo-19, Laptop Market,True,2 months
6a4c9f0373b0d792a8b31ebe,"MSI PRO MP225 E12VL 21.5"" Inch 120Hz 1ms FHD Slim Frameless Monitor",MSI,21.5 Inch,120Hz,1080p FHD,Standard,False,False,True,"Rs 27,500",27500,Brand New,Colombo,msi-pro-mp225-e12vl-215-inch-120hz-1ms-fhd-slim-frameless-monitor-for-sale-colombo-2,https://ikman.lk/en/ad/msi-pro-mp225-e12vl-215-inch-120hz-1ms-fhd-slim-frameless-monitor-for-sale-colombo-2,Myitem.lk (PVT) Ltd,True,2 months
6a4c9304b2095d864ae129a3,27 INCH ATEC FULL HD LED MONITOR,Other,27 Inch,60Hz,1080p FHD,Standard,False,False,False,"Rs 21,500",21500,Used,Colombo,27-inch-atec-full-hd-led-monitor-for-sale-colombo-3,https://ikman.lk/en/ad/27-inch-atec-full-hd-led-monitor-for-sale-colombo-3,Mdcomputers.lk(Pvt) Ltd,True,2 months
6a4c920b52e5312f57ae36bd,"Acer EK271G 27"" Inch 144Hz IPS HDMI Frameless Gaming Monitor",Acer,27 Inch,144Hz,HD,IPS,False,True,True,"Rs 36,000",36000,Brand New,Colombo,acer-ek271g-27-inch-144hz-ips-hdmi-frameless-gaming-monitor-for-sale-colombo,https://ikman.lk/en/ad/acer-ek271g-27-inch-144hz-ips-hdmi-frameless-gaming-monitor-for-sale-colombo,Myitem.lk (PVT) Ltd,True,2 months
6a4c912360c7bac1c6b31de8,"24"" Monitor 2K QHD IPS WIDE (2560 × 1440)",Other,24 Inch,60Hz,2K QHD,IPS,False,False,False,"Rs 22,250",22250,Used,Colombo,24-monitor-2k-qhd-ips-wide-2560-x-1440-for-sale-colombo,https://ikman.lk/en/ad/24-monitor-2k-qhd-ips-wide-2560-x-1440-for-sale-colombo,ShaTech Zone,True,2 months
6a4c911d38a4d8f674e1296e,27 Inch Dell P2714 Hc IPS LED Monitor,Dell,27 Inch,60Hz,1080p FHD,IPS,False,False,False,"Rs 28,000",28000,Used,Colombo,27-inch-dell-p2714-hc-ips-led-monitor-for-sale-colombo-2,https://ikman.lk/en/ad/27-inch-dell-p2714-hc-ips-led-monitor-for-sale-colombo-2,Mdcomputers.lk(Pvt) Ltd,True,2 months
6a4c9108d3822cfa38b43aa0,Asus TUF Gaming VG34VQL3A 180HZ 1440P 34” 1500R Curved Monitor,Asus,34 Inch,180Hz,2K QHD,Standard,True,True,False,"Rs 159,500",159500,Brand New,Colombo,asus-tuf-gaming-vg34vql3a-180hz-1440p-34-1500r-curved-monitor-for-sale-colombo-5,https://ikman.lk/en/ad/asus-tuf-gaming-vg34vql3a-180hz-1440p-34-1500r-curved-monitor-for-sale-colombo-5,COMPUTER HUB,True,2 months
6a4c90727fc391157693b069,"22"" WIDE LED MONITOR",Other,22 Inch,60Hz,1080p FHD,Standard,False,False,False,"Rs 10,450",10450,Used,Gampaha,22-wide-led-monitor-for-sale-gampaha-11,https://ikman.lk/en/ad/22-wide-led-monitor-for-sale-gampaha-11,ShaTech Zone,True,2 months
6a4c8a700c8d20dce41fb196,"17"" LG Monitor",LG,17 Inch,60Hz,Unknown,Standard,False,False,False,"Rs 2,500",2500,Used,Galle,17-lg-monitor-for-sale-galle,https://ikman.lk/en/ad/17-lg-monitor-for-sale-galle,,False,2 months
6a4c8ae160c7bac1c6b31d87,24 INCH DELL FULL HD IPS FRAMELESS USED MONITOR,Dell,24 Inch,60Hz,1080p FHD,IPS,False,False,True,"Rs 22,000",22000,Used,Colombo,24-inch-dell-full-hd-ips-frameless-used-monitor-for-sale-colombo-33,https://ikman.lk/en/ad/24-inch-dell-full-hd-ips-frameless-used-monitor-for-sale-colombo-33,Mdcomputers.lk(Pvt) Ltd,True,2 months
6a4c88801d80fc05d493b025,22 inch Dell Full Hd Ips Led Silver Line Monitor,Dell,22 Inch,60Hz,1080p FHD,IPS,False,False,False,"Rs 12,000",12000,Used,Colombo,22-inch-dell-full-hd-ips-led-silver-line-monitor-for-sale-colombo-41,https://ikman.lk/en/ad/22-inch-dell-full-hd-ips-led-silver-line-monitor-for-sale-colombo-41,Mdcomputers.lk(Pvt) Ltd,True,2 months
6a4c854073b0d792a8b31d4a,Dell 20 Inch LED Used Monitor,Dell,20 Inch,60Hz,Unknown,Standard,False,False,False,"Rs 9,800",9800,Used,Colombo,dell-20-inch-led-used-monitor-for-sale-colombo-28,https://ikman.lk/en/ad/dell-20-inch-led-used-monitor-for-sale-colombo-28,Mdcomputers.lk(Pvt) Ltd,True,2 months
6a4c84e15bd4a7a1cb07d1fd,"ViewSonic VA2432A-H 24"" Inch Full HD IPS 120HZ Frameless Monitor New",Viewsonic,24 Inch,120Hz,1080p FHD,IPS,False,False,True,"Rs 35,500",35500,Brand New,Colombo,viewsonic-va2432a-h-24-inch-full-hd-ips-120hz-frameless-monitor-new-for-sale-colombo-73,https://ikman.lk/en/ad/viewsonic-va2432a-h-24-inch-full-hd-ips-120hz-frameless-monitor-new-for-sale-colombo-73,Myitem.lk (PVT) Ltd,True,2 months
6a4c83b449e3f020c5ae35f5,Brand New Acer Vero Series CB272 P6BMIPRX 144HZ Full HD Monitor,Acer,Unknown,144Hz,1080p FHD,Standard,False,False,False,"Rs 44,990",44990,Brand New,Colombo,brand-new-acer-vero-series-cb272-p6bmiprx-144hz-full-hd-monitor-for-sale-colombo-60,https://ikman.lk/en/ad/brand-new-acer-vero-series-cb272-p6bmiprx-144hz-full-hd-monitor-for-sale-colombo-60,Myitem.lk (PVT) Ltd,True,2 months
6a4c7e9ddd352fdbbb6023d2,MSI Modern MD272QXP 27″ Business and Productivity Monitor 100Hz 2K WQHD,MSI,27 Inch,100Hz,2K QHD,Standard,False,False,False,"Rs 95,000",95000,Brand New,Colombo,msi-modern-md272qxp-27-business-and-productivity-monitor-100hz-2k-wqhd-for-sale-colombo-7,https://ikman.lk/en/ad/msi-modern-md272qxp-27-business-and-productivity-monitor-100hz-2k-wqhd-for-sale-colombo-7,Myitem.lk (PVT) Ltd,True,2 months
6a4beee19b3625a3f6230bf9,"22"" LED WIDE Monitor",Other,22 Inch,60Hz,1080p FHD,Standard,False,False,False,"Rs 10,450",10450,Used,Gampaha,22-led-wide-monitor-for-sale-gampaha-5,https://ikman.lk/en/ad/22-led-wide-monitor-for-sale-gampaha-5,ShaTech Zone,True,2 months
6a4bc3b6098ceb09ce89603c,Acer Monitor,Acer,Unknown,60Hz,Unknown,Standard,False,False,False,"Rs 33,000",33000,Brand New,Ampara,monitor-for-sale-ampara-3,https://ikman.lk/en/ad/monitor-for-sale-ampara-3,,False,2 months
6a4ba0a0d92b6779ed91e43a,"Acer 27"" Full HD Nitro Gaming Monitor - KG273 W3 240Hz Brand New",Acer,27 Inch,240Hz,1080p FHD,Standard,False,True,False,"Rs 49,500",49500,Brand New,Colombo,acer-27-full-hd-nitro-gaming-monitor-kg273-w3-240hz-brand-new-for-sale-colombo-54,https://ikman.lk/en/ad/acer-27-full-hd-nitro-gaming-monitor-kg273-w3-240hz-brand-new-for-sale-colombo-54,Myitem.lk (PVT) Ltd,True,2 months
6a4b9cde211eb3b0ffd89e7a,Acer 27 \Inch Brandnew Monitors (144Hz).,Acer,27 Inch,144Hz,1080p FHD,Standard,False,False,False,"Rs 36,800",36800,Brand New,Colombo,acer-27-inch-brandnew-monitors-144hz-for-sale-colombo-33,https://ikman.lk/en/ad/acer-27-inch-brandnew-monitors-144hz-for-sale-colombo-33, Laptop Market,True,2 months
6a4b97d5a0f1b36d35bd3dad,"MSI MAG 274QF X24 27"" 240Hz Gaming Monitor",MSI,27 Inch,240Hz,1080p FHD,Standard,False,True,False,"Rs 94,000",94000,Brand New,Colombo,msi-mag-274qf-x24-27-240hz-gaming-monitor-brand-newsealedwarranty-for-sale-colombo,https://ikman.lk/en/ad/msi-mag-274qf-x24-27-240hz-gaming-monitor-brand-newsealedwarranty-for-sale-colombo,,False,2 months
6a4b90f1056af93c7cf1a77a,"Monitor RageX 24"" Frameless IPS 120Hz LED",Other,24 Inch,120Hz,1080p FHD,IPS,False,False,True,"Rs 29,000",29000,Brand New,Ratnapura,monitor-ragex-24-frameless-ips-120hz-led-monitor-for-sale-ratnapura-1,https://ikman.lk/en/ad/monitor-ragex-24-frameless-ips-120hz-led-monitor-for-sale-ratnapura-1,,False,2 months
6a4b8c38be6595dc63ea8047,"Monitor RageX 22"" Frameless VA 100Hz LED",Other,22 Inch,100Hz,1080p FHD,VA,False,False,True,"Rs 24,500",24500,Brand New,Ratnapura,monitor-ragex-22-frameless-va-100hz-led-white-monitor-for-sale-ratnapura,https://ikman.lk/en/ad/monitor-ragex-22-frameless-va-100hz-led-white-monitor-for-sale-ratnapura,,False,2 months
6a4b59ee73b40007480deac7,Lenovo ThinkVision T24m-29 is a 23.8-Inch Business-Class Used Monitor,Lenovo,23.8 Inch,60Hz,Unknown,Standard,False,False,False,"Rs 20,750",20750,Used,Colombo,lenovo-thinkvision-t24m-29-is-a-238-inch-business-class-used-monitor-for-sale-colombo,https://ikman.lk/en/ad/lenovo-thinkvision-t24m-29-is-a-238-inch-business-class-used-monitor-for-sale-colombo,Western Digital Computer Systems,True,2 months
6a4b8a1573b40007480decc6,HP E243 Frameless Ips Monitor Elite Display 24″,HP,24 Inch,60Hz,1080p FHD,IPS,False,False,True,"Rs 23,000",23000,Used,Colombo,hp-e243-frameless-ips-monitor-elite-display-24-for-sale-colombo-3,https://ikman.lk/en/ad/hp-e243-frameless-ips-monitor-elite-display-24-for-sale-colombo-3,Max Core PC,True,2 months
6a4b88a5e126491af78b0689,"HP Z23N IPS Frameless HDMI Monitor 23""",HP,23 Inch,60Hz,HD,IPS,False,False,True,"Rs 20,500",20500,Used,Colombo,hp-z23n-ips-frameless-hdmi-monitor-23-for-sale-colombo-3,https://ikman.lk/en/ad/hp-z23n-ips-frameless-hdmi-monitor-23-for-sale-colombo-3,Max Core PC,True,2 months
6a4b7c6618b8d139341d3561,Dell UltraSharp U2417H IPS Ful HD Frameless Monitor,Dell,Unknown,60Hz,HD,IPS,False,False,True,"Rs 27,000",27000,Used,Colombo,dell-ultrasharp-u2417h-ips-ful-hd-frameless-monitor-for-sale-colombo,https://ikman.lk/en/ad/dell-ultrasharp-u2417h-ips-ful-hd-frameless-monitor-for-sale-colombo,Max Core PC,True,2 months
6a4b7f52e126491af78b060b,"MSI Pro MP225V 21.5"" Inch 100HZ 1MS FHD Ultra Slim Frameless Monitor",MSI,21.5 Inch,100Hz,1080p FHD,Standard,False,False,True,"Rs 25,000",25000,Brand New,Colombo,msi-pro-mp225v-215-inch-100hz-1ms-fhd-ultra-slim-frameless-monitor-for-sale-colombo-71,https://ikman.lk/en/ad/msi-pro-mp225v-215-inch-100hz-1ms-fhd-ultra-slim-frameless-monitor-for-sale-colombo-71,Myitem.lk (PVT) Ltd,True,2 months
6a4b7a107866de0f69d89cdc,"Samsung F24T450FQE 24"" Inch Full HD IPS Frameless HDMI Used Monitor",Samsung,24 Inch,60Hz,1080p FHD,IPS,False,False,True,"Rs 20,990",20990,Used,Colombo,samsung-f24t450fqe-24-inch-full-hd-ips-frameless-hdmi-used-monitor-for-sale-colombo-44,https://ikman.lk/en/ad/samsung-f24t450fqe-24-inch-full-hd-ips-frameless-hdmi-used-monitor-for-sale-colombo-44,Max Core PC,True,2 months
6a4b78431eed884e9bcbb524,"24"" Dell Full HD IPS Monitor",Dell,24 Inch,60Hz,1080p FHD,IPS,False,False,False,"Rs 19,000",19000,Used,Colombo,24-dell-full-hd-ips-monitor-with-cables-for-sale-colombo,https://ikman.lk/en/ad/24-dell-full-hd-ips-monitor-with-cables-for-sale-colombo,,False,2 months
6a4b74a9fd12c5a467465917,27 INCH Lenovo Thinkvision IPS Fhd Hdmi Monitor,Lenovo,27 Inch,60Hz,1080p FHD,IPS,False,False,False,"Rs 29,500",29500,Used,Colombo,27-inch-lenovo-thinkvision-ips-fhd-hdmi-monitor-for-sale-colombo-1,https://ikman.lk/en/ad/27-inch-lenovo-thinkvision-ips-fhd-hdmi-monitor-for-sale-colombo-1,Mdcomputers.lk(Pvt) Ltd,True,2 months
6a4b74a6b3e21b5d77d89cb3,27 Inch Atec Full Hd Led Monitor,Other,27 Inch,60Hz,1080p FHD,Standard,False,False,False,"Rs 21,500",21500,Used,Colombo,27-inch-atec-full-hd-led-monitor-for-sale-colombo-2,https://ikman.lk/en/ad/27-inch-atec-full-hd-led-monitor-for-sale-colombo-2,Mdcomputers.lk(Pvt) Ltd,True,2 months
6a4b7482fae6b291588b058f,27 Inch Dell P2714 Hc Ips Led Monitor,Dell,27 Inch,60Hz,1080p FHD,IPS,False,False,False,"Rs 28,000",28000,Used,Colombo,27-inch-dell-p2714-hc-ips-led-monitor-for-sale-colombo,https://ikman.lk/en/ad/27-inch-dell-p2714-hc-ips-led-monitor-for-sale-colombo,Mdcomputers.lk(Pvt) Ltd,True,2 months
6a4b73f7c26e8a3d091d34fb,LED Monitors for Desktop PC,Other,Unknown,60Hz,Unknown,Standard,False,False,False,"Rs 7,500",7500,Used,Gampaha,led-monitors-for-desktop-pc-for-sale-gampaha,https://ikman.lk/en/ad/led-monitors-for-desktop-pc-for-sale-gampaha,Comzonex,True,2 months
6a4b746ee4edd7b8a78b05af,KOORUI G2411P 24-inch IPS FHD 200Hz Gaming Monitor,Other,24 Inch,200Hz,1080p FHD,IPS,False,True,False,"Rs 39,000",39000,Brand New,Colombo,koorui-g2411p-24-inch-ips-fhd-200hz-gaming-monitor-for-sale-colombo-17,https://ikman.lk/en/ad/koorui-g2411p-24-inch-ips-fhd-200hz-gaming-monitor-for-sale-colombo-17,Myitem.lk (PVT) Ltd,True,2 months
6a4b6a547ce620dc4291e267,24 Inch Dell Full Hd Ips Frameless Used Monitor,Dell,24 Inch,60Hz,1080p FHD,IPS,False,False,True,"Rs 22,000",22000,Used,Colombo,24-inch-dell-full-hd-ips-frameless-used-monitor-for-sale-colombo-32,https://ikman.lk/en/ad/24-inch-dell-full-hd-ips-frameless-used-monitor-for-sale-colombo-32,Mdcomputers.lk(Pvt) Ltd,True,2 months
6a4b5f2fc5f5a99e52f2f806,"Monitor Ips Led 23""",Other,23 Inch,60Hz,Unknown,IPS,False,False,False,"Rs 10,000",10000,Used,Ratnapura,monitor-ips-led-23-for-sale-ratnapura,https://ikman.lk/en/ad/monitor-ips-led-23-for-sale-ratnapura,,False,2 months
6a4b5d43a4d3ef3bc3f1a511,MSI Modern MD272QXP 27″ Business and Productivity Monitor 100Hz 2K WQHD,MSI,27 Inch,100Hz,2K QHD,Standard,False,False,False,"Rs 95,000",95000,Brand New,Colombo,msi-modern-md272qxp-27-business-and-productivity-monitor-100hz-2k-wqhd-for-sale-colombo-6,https://ikman.lk/en/ad/msi-modern-md272qxp-27-business-and-productivity-monitor-100hz-2k-wqhd-for-sale-colombo-6,Computer Store.lk Pvt Ltd,True,2 months
6a4b5a7eccb6b5bbdbbbfec4,"ViewSonic VX3480-2K-PRO 34"" UWQHD Gaming Monitor",Viewsonic,34 Inch,60Hz,2K QHD,Standard,False,True,False,"Rs 134,990",134990,Brand New,Colombo,viewsonic-vx3480-2k-pro-34-uwqhd-gaming-monitor-for-sale-colombo,https://ikman.lk/en/ad/viewsonic-vx3480-2k-pro-34-uwqhd-gaming-monitor-for-sale-colombo,Computer Store.lk Pvt Ltd,True,2 months
6a4b5670f492ae39befa277d,Dell P2412Hb is a 24-inch Used FHD Monitor,Dell,24 Inch,60Hz,1080p FHD,Standard,False,False,False,"Rs 13,000",13000,Used,Colombo,dell-p2412hb-is-a-24-inch-used-fhd-monitor-for-sale-colombo,https://ikman.lk/en/ad/dell-p2412hb-is-a-24-inch-used-fhd-monitor-for-sale-colombo,Western Digital Computer Systems,True,2 months
6a4b593f2d3c96e3dff2f79c,Asus TUF Gaming VG279QE5A 27″ FHD IPS 146HZ Monitor,Asus,27 Inch,146Hz,1080p FHD,IPS,False,True,False,"Rs 45,500",45500,Brand New,Colombo,asus-tuf-gaming-vg279qe5a-27-fhd-ips-146hz-monitor-for-sale-colombo-54,https://ikman.lk/en/ad/asus-tuf-gaming-vg279qe5a-27-fhd-ips-146hz-monitor-for-sale-colombo-54,Myitem.lk (PVT) Ltd,True,2 months
6a4b58f8c5f5a99e52f2f7b2,"24"" Full HD IPS Monitor Dell P2419H",Dell,24 Inch,60Hz,1080p FHD,IPS,False,False,False,"Rs 29,900",29900,Used,Colombo,24-full-hd-ips-monitor-dell-p2419h-for-sale-colombo,https://ikman.lk/en/ad/24-full-hd-ips-monitor-dell-p2419h-for-sale-colombo,COMPUTER HUB,True,2 months
6a4b589ab94ce81327fa275d,"Dell P2419H Full HD IPS 24"" Monitor",Dell,24 Inch,60Hz,1080p FHD,IPS,False,False,False,"Rs 29,900",29900,Used,Colombo,dell-p2419h-full-hd-ips-24-monitor-for-sale-colombo,https://ikman.lk/en/ad/dell-p2419h-full-hd-ips-24-monitor-for-sale-colombo,COMPUTER HUB,True,2 months
6a4b5849e9b2f96481f2f7d9,"Monitor 24"" 2K QHD IPS WIDE (2560 × 1440)",Other,24 Inch,60Hz,2K QHD,IPS,False,False,False,"Rs 22,250",22250,Used,Gampaha,monitor-24-2k-qhd-ips-wide-2560-x-1440-for-sale-gampaha-1,https://ikman.lk/en/ad/monitor-24-2k-qhd-ips-wide-2560-x-1440-for-sale-gampaha-1,ShaTech Zone,True,2 months
6a4b5823b9a0110560f1a4d7,"Full HD IPS Dell P2419H 24"" Monitor",Dell,24 Inch,60Hz,1080p FHD,IPS,False,False,False,"Rs 29,900",29900,Used,Colombo,full-hd-ips-dell-p2419h-24-monitor-for-sale-colombo,https://ikman.lk/en/ad/full-hd-ips-dell-p2419h-24-monitor-for-sale-colombo,COMPUTER HUB,True,2 months
6a4b57badd0f1a5c1e4657e6,"22"" LED WIDE MONITOR",Other,22 Inch,60Hz,1080p FHD,Standard,False,False,False,"Rs 10,450",10450,Used,Gampaha,22-led-wide-monitor-for-sale-gampaha-3,https://ikman.lk/en/ad/22-led-wide-monitor-for-sale-gampaha-3,ShaTech Zone,True,2 months
6a4b5398dd0f1a5c1e465799,HP EliteDisplay E233 23-inch 3-sided Micro-Edge IPS Used Monitor,HP,23 Inch,60Hz,Unknown,IPS,False,False,False,"Rs 19,500",19500,Used,Colombo,hp-elitedisplay-e233-23-inch-3-sided-micro-edge-ips-used-monitor-for-sale-colombo-1,https://ikman.lk/en/ad/hp-elitedisplay-e233-23-inch-3-sided-micro-edge-ips-used-monitor-for-sale-colombo-1,Western Digital Computer Systems,True,2 months
6a4b54588d7d9da79f91e17f,"Acer 27"" Full HD Nitro Gaming Monitor - KG273 W3 (240Hz)",Acer,27 Inch,240Hz,1080p FHD,Standard,False,True,False,"Rs 49,500",49500,Brand New,Colombo,acer-27-full-hd-nitro-gaming-monitor-kg273-w3-240hz-for-sale-colombo,https://ikman.lk/en/ad/acer-27-full-hd-nitro-gaming-monitor-kg273-w3-240hz-for-sale-colombo,Computer Store.lk Pvt Ltd,True,2 months
6a4b531fd1c2416c6ebbfe31,22 Inch Dell Full Hd Ips Led Silver Line Monitor,Dell,22 Inch,60Hz,1080p FHD,IPS,False,False,False,"Rs 12,000",12000,Used,Colombo,22-inch-dell-full-hd-ips-led-silver-line-monitor-for-sale-colombo-37,https://ikman.lk/en/ad/22-inch-dell-full-hd-ips-led-silver-line-monitor-for-sale-colombo-37,Mdcomputers.lk(Pvt) Ltd,True,2 months
6a4b5089e4edd7b8a78b03f2,"Acer Vero Series CB272 P6bmiprx 27"" Inch144Hz Full HD IPS Monitor NEW",Acer,27 Inch,144Hz,1080p FHD,IPS,False,False,False,"Rs 44,990",44990,Brand New,Colombo,acer-vero-series-cb272-p6bmiprx-27-inch144hz-full-hd-ips-monitor-new-for-sale-colombo-15,https://ikman.lk/en/ad/acer-vero-series-cb272-p6bmiprx-27-inch144hz-full-hd-ips-monitor-new-for-sale-colombo-15,Computer Store.lk Pvt Ltd,True,2 months
6a4b4fd1b9a0110560f1a46d,EliteDisplay E243m is a 23.8-inch IPS Used Monitor (1920x1080) 60Hz,Other,23.8 Inch,60Hz,1080p FHD,IPS,False,False,False,"Rs 23,500",23500,Used,Colombo,elitedisplay-e243m-is-a-238-inch-ips-used-monitor-1920x1080-60hz-for-sale-colombo,https://ikman.lk/en/ad/elitedisplay-e243m-is-a-238-inch-ips-used-monitor-1920x1080-60hz-for-sale-colombo,Western Digital Computer Systems,True,2 months
6a4b4d67859925af8a0de97d,Lenovo ThinkVision T2454pA is a 24-inch Used IPS Monitor 1920 x 1200,Lenovo,24 Inch,60Hz,1080p FHD,IPS,False,False,False,"Rs 20,000",20000,Used,Colombo,lenovo-thinkvision-t2454pa-is-a-24-inch-used-ips-monitor-1920-x-1200-for-sale-colombo,https://ikman.lk/en/ad/lenovo-thinkvision-t2454pa-is-a-24-inch-used-ips-monitor-1920-x-1200-for-sale-colombo,Western Digital Computer Systems,True,2 months
6a4b4c5173b40007480de9ee,"Emark 24"" EW2427SH 144Hz IPS Full HD Frameless Gaming Monitor",Other,24 Inch,144Hz,1080p FHD,IPS,False,True,True,"Rs 29,990",29990,Brand New,Colombo,emark-24-ew2427sh-144hz-ips-full-hd-frameless-gaming-monitor-for-sale-colombo-15,https://ikman.lk/en/ad/emark-24-ew2427sh-144hz-ips-full-hd-frameless-gaming-monitor-for-sale-colombo-15,Myitem.lk (PVT) Ltd,True,2 months
6a4b4b7ffd12c5a46746570e,"MSI Pro MP251L E2 25"" Inch 120HZ Full HD IPS Frameless Monitor",MSI,25 Inch,120Hz,1080p FHD,IPS,False,False,True,"Rs 32,000",32000,Brand New,Colombo,msi-pro-mp251l-e2-25-inch-120hz-full-hd-ips-frameless-monitor-for-sale-colombo-44,https://ikman.lk/en/ad/msi-pro-mp251l-e2-25-inch-120hz-full-hd-ips-frameless-monitor-for-sale-colombo-44,Myitem.lk (PVT) Ltd,True,2 months
6a4b462d859925af8a0de92a,"MSI PRO MP243L E14 24.5"" Inch 144Hz 1ms FHD IPS Productivity Monitor",MSI,24.5 Inch,144Hz,1080p FHD,IPS,False,False,False,"Rs 33,500",33500,Brand New,Colombo,msi-pro-mp243l-e14-245-inch-144hz-1ms-fhd-ips-productivity-monitor-for-sale-colombo,https://ikman.lk/en/ad/msi-pro-mp243l-e14-245-inch-144hz-1ms-fhd-ips-productivity-monitor-for-sale-colombo,Computer Store.lk Pvt Ltd,True,2 months
6a4b4178b9a0110560f1a3a6,HP EliteDisplay E231 IPS 23-Inch Full HD (1080p) VGA Displ Monitor,HP,23 Inch,60Hz,1080p FHD,IPS,False,False,False,"Rs 12,000",12000,Used,Colombo,hp-elitedisplay-e231-ips-23-inch-full-hd-1080p-vga-displ-monitor-for-sale-colombo,https://ikman.lk/en/ad/hp-elitedisplay-e231-ips-23-inch-full-hd-1080p-vga-displ-monitor-for-sale-colombo,Western Digital Computer Systems,True,2 months
6a4b4295c5f5a99e52f2f62b,"MSI PRO MP225 E12VL 21.5"" Inch 120Hz 1ms FHD Slim Frameless Monitor",MSI,21.5 Inch,120Hz,1080p FHD,Standard,False,False,True,"Rs 27,500",27500,Brand New,Colombo,msi-pro-mp225-e12vl-215-inch-120hz-1ms-fhd-slim-frameless-monitor-for-sale-colombo-1,https://ikman.lk/en/ad/msi-pro-mp225-e12vl-215-inch-120hz-1ms-fhd-slim-frameless-monitor-for-sale-colombo-1,Myitem.lk (PVT) Ltd,True,2 months
6a4b41a173b40007480de96c,"Dell P2319H 23"" inch Full HD IPS HDMI Frameless Used Monitor (No Cables)",Dell,23 Inch,60Hz,1080p FHD,IPS,False,False,True,"Rs 19,500",19500,Used,Colombo,dell-p2319h-23-inch-full-hd-ips-hdmi-frameless-used-monitor-no-cables-for-sale-colombo-37,https://ikman.lk/en/ad/dell-p2319h-23-inch-full-hd-ips-hdmi-frameless-used-monitor-no-cables-for-sale-colombo-37,Myitem.lk (PVT) Ltd,True,2 months
6a4b4130e126491af78b030a,"MSI PRO MP225 E12VL 21.5"" Inch 120Hz 1ms FHD Slim Frameless Monitor",MSI,21.5 Inch,120Hz,1080p FHD,Standard,False,False,True,"Rs 26,500",26500,Brand New,Colombo,msi-pro-mp225-e12vl-215-inch-120hz-1ms-fhd-slim-frameless-monitor-for-sale-colombo,https://ikman.lk/en/ad/msi-pro-mp225-e12vl-215-inch-120hz-1ms-fhd-slim-frameless-monitor-for-sale-colombo,Computer Store.lk Pvt Ltd,True,2 months
6a4b409873b40007480de957,KOORUI G2711P FHD IPS 27INCH 200HZ BRAND NEW GAMING MONITOR,Other,27 Inch,200Hz,1080p FHD,IPS,False,True,False,"Rs 51,500",51500,Brand New,Colombo,koorui-g2711p-fhd-ips-27inch-200hz-brand-new-gaming-monitor-for-sale-colombo-19,https://ikman.lk/en/ad/koorui-g2711p-fhd-ips-27inch-200hz-brand-new-gaming-monitor-for-sale-colombo-19,Myitem.lk (PVT) Ltd,True,2 months
6a4b3f227ce620dc4291e012,HP P223 Monitor,HP,Unknown,60Hz,Unknown,Standard,False,False,False,"Rs 8,000",8000,Used,Kegalle,hp-p223-used-like-good-condition-for-sale-kegalle,https://ikman.lk/en/ad/hp-p223-used-like-good-condition-for-sale-kegalle,,False,2 months
6a4b37232d3c96e3dff2f57c,"Samsung 24"" Inch Full HD IPS Frameless HDMI Gaming Used Monitor",Samsung,24 Inch,60Hz,1080p FHD,IPS,False,True,True,"Rs 21,000",21000,Used,Colombo,samsung-24-inch-full-hd-ips-frameless-hdmi-gaming-used-monitor-for-sale-colombo-39,https://ikman.lk/en/ad/samsung-24-inch-full-hd-ips-frameless-hdmi-gaming-used-monitor-for-sale-colombo-39,Myitem.lk (PVT) Ltd,True,2 months
6a4b299b8d7d9da79f91dee5,HP EliteDisplay E232 Monitor IPS HDMI VGA Support,HP,Unknown,60Hz,HD,IPS,False,False,False,"Rs 14,000",14000,Used,Colombo,hp-elitedisplay-e232-monitor-ips-hdmi-vga-support-for-sale-colombo,https://ikman.lk/en/ad/hp-elitedisplay-e232-monitor-ips-hdmi-vga-support-for-sale-colombo,Western Digital Computer Systems,True,2 months
6a4a9dc3272cfdd921cc5d77,"24"" Frameless LED Monitor",Other,24 Inch,60Hz,1080p FHD,Standard,False,False,True,"Rs 17,500",17500,Used,Matara,24-frame-less-led-monitor-with-worrenty-for-sale-matara,https://ikman.lk/en/ad/24-frame-less-led-monitor-with-worrenty-for-sale-matara,,False,2 months
6a4a96fe02f87d2f0e79dbee,Dell Monitor ( 22 Inches ),Dell,22 Inch,60Hz,1080p FHD,Standard,False,False,False,"Rs 14,000",14000,Used,Colombo,dell-monitor-22-inches-for-sale-colombo,https://ikman.lk/en/ad/dell-monitor-22-inches-for-sale-colombo,,False,2 months
6a4a7bfb64fc0e507d066c0f,Monitor,Other,Unknown,60Hz,Unknown,Standard,False,False,False,"Rs 150,000",150000,Used,Colombo,brand-new-computer-for-sale-colombo,https://ikman.lk/en/ad/brand-new-computer-for-sale-colombo,,False,2 months
6a4a6386aaa4fa8ec25623e2,Anmite 16-Inch Portable Touch Screen Monitor,Other,16 Inch,60Hz,Unknown,Standard,False,False,False,"Rs 39,500",39500,Used,Kandy,anmite-16-inch-portable-touch-screen-monitor-for-sale-kandy,https://ikman.lk/en/ad/anmite-16-inch-portable-touch-screen-monitor-for-sale-kandy,,False,2 months
6a4a57e2c67dfe38d7d676db,34 Inch ViewSonic Monitor VA3456-MHDJ,Viewsonic,34 Inch,60Hz,HD,Standard,False,False,False,"Rs 100,000",100000,Used,Colombo,34-inch-viewsonic-monitor-va3456-mhdj-for-sale-colombo,https://ikman.lk/en/ad/34-inch-viewsonic-monitor-va3456-mhdj-for-sale-colombo,,False,2 months
6a4a4aa164fc0e507d066aef,"24"" 2K Monitor QHD IPS WIDE (2560 × 1440)",Other,24 Inch,60Hz,2K QHD,IPS,False,False,False,"Rs 22,250",22250,Used,Gampaha,24-2k-monitor-qhd-ips-wide-2560-x-1440-for-sale-gampaha,https://ikman.lk/en/ad/24-2k-monitor-qhd-ips-wide-2560-x-1440-for-sale-gampaha,ShaTech Zone,True,2 months
6a4a49e8e15aee68df2fe6d5,"MONITOR 22"" WIDE LED",Other,22 Inch,60Hz,1080p FHD,Standard,False,False,False,"Rs 10,450",10450,Used,Gampaha,monitor-22-wide-led-for-sale-gampaha-5,https://ikman.lk/en/ad/monitor-22-wide-led-for-sale-gampaha-5,ShaTech Zone,True,2 months
6a4a3778c67dfe38d7d675f5,"Acer EK251 P6BI 25"" Inch 144Hz IPS HDMI Frameless Gaming Monitor",Acer,25 Inch,144Hz,HD,IPS,False,True,True,"Rs 31,500",31500,Brand New,Colombo,acer-ek251-p6bi-25-inch-144hz-ips-hdmi-frameless-gaming-monitor-for-sale-colombo-36,https://ikman.lk/en/ad/acer-ek251-p6bi-25-inch-144hz-ips-hdmi-frameless-gaming-monitor-for-sale-colombo-36,Computer Store.lk Pvt Ltd,True,2 months
6a4a341fe15aee68df2fe623,"Asus 25"" VA259HGA 120Hz IPS Eye Care Gaming Monitor",Asus,25 Inch,120Hz,Unknown,IPS,False,True,False,"Rs 34,500",34500,Brand New,Colombo,asus-25-va259hga-120hz-ips-eye-care-gaming-monitor-for-sale-colombo-43,https://ikman.lk/en/ad/asus-25-va259hga-120hz-ips-eye-care-gaming-monitor-for-sale-colombo-43,Computer Store.lk Pvt Ltd,True,2 months
6a4a33c8e6981a27a9de22a0,"Msi Pro MP251L E2 25"" Inch 120Hz Full HD IPS Frameless Brand New Monitor",MSI,25 Inch,120Hz,1080p FHD,IPS,False,False,True,"Rs 32,000",32000,Brand New,Colombo,msi-pro-mp251l-e2-25-inch-120hz-full-hd-ips-frameless-brand-new-monitor-for-sale-colombo-43,https://ikman.lk/en/ad/msi-pro-mp251l-e2-25-inch-120hz-full-hd-ips-frameless-brand-new-monitor-for-sale-colombo-43,Computer Store.lk Pvt Ltd,True,2 months
6a4a338ce6981a27a9de229c,"MSI Pro MP225V 21.5"" Inch 100Hz 1ms FHD Ultra Slim Frameless Monitor",MSI,21.5 Inch,100Hz,1080p FHD,Standard,False,False,True,"Rs 23,500",23500,Brand New,Colombo,msi-pro-mp225v-215-inch-100hz-1ms-fhd-ultra-slim-frameless-monitor-for-sale-colombo-70,https://ikman.lk/en/ad/msi-pro-mp225v-215-inch-100hz-1ms-fhd-ultra-slim-frameless-monitor-for-sale-colombo-70,Computer Store.lk Pvt Ltd,True,2 months
6a4a22d8f25e15c140d6755d,Eizo FlexScan EV2116W 21.5” Monitor Japan,Other,21 Inch,60Hz,Unknown,Standard,False,False,False,"Rs 16,000",16000,Used,Kegalle,eizo-flexscan-ev2116w-215-monitor-japan-for-sale-kegalle,https://ikman.lk/en/ad/eizo-flexscan-ev2116w-215-monitor-japan-for-sale-kegalle,,False,2 months
6a4a222bf9a355b1bd0669ee,32” ViewSonic Frameless Ultra-Thin 2K Monitor,Viewsonic,32 Inch,60Hz,2K QHD,Standard,False,False,True,"Rs 42,000",42000,Used,Gampaha,32-viewsonic-frameless-ultra-thin-2k-monitor-for-sale-gampaha,https://ikman.lk/en/ad/32-viewsonic-frameless-ultra-thin-2k-monitor-for-sale-gampaha,,False,2 months
6a4a19cdf25e15c140d67525,"LG 19"" LED Monitor",LG,19 Inch,60Hz,Unknown,Standard,False,False,False,"Rs 7,500",7500,Used,Matara,lg-19-led-monitor-for-sale-matara,https://ikman.lk/en/ad/lg-19-led-monitor-for-sale-matara,,False,2 months
6a4a0814b24bc92090bca37d,Acer 27 Inch Brandnew Monitors (144Hz).,Acer,27 Inch,144Hz,1080p FHD,Standard,False,False,False,"Rs 36,800",36800,Brand New,Colombo,acer-27-inch-brandnew-monitors-144hz-for-sale-colombo-32,https://ikman.lk/en/ad/acer-27-inch-brandnew-monitors-144hz-for-sale-colombo-32, Laptop Market,True,2 months
69f9b56efc93b96b65cacb68,17'' Monitor,Other,17 Inch,60Hz,Unknown,Standard,False,False,False,"Rs 5,900",5900,Used,Colombo,17-monitor-for-sale-colombo-23,https://ikman.lk/en/ad/17-monitor-for-sale-colombo-23,Computer House,True,2 months
6a48f206d344db4441baafde,Gaming Monitor,Other,Unknown,60Hz,Unknown,Standard,False,True,False,"Rs 61,500",61500,Brand New,Ampara,gaming-monitors-for-sale-ampara,https://ikman.lk/en/ad/gaming-monitors-for-sale-ampara,,False,2 months
6a4945b06cc5334bbf2c6bbf,"Monitor 27""",Other,27 Inch,60Hz,1080p FHD,Standard,False,False,False,"Rs 40,000",40000,Used,Gampaha,moniter-for-sale-gampaha-53,https://ikman.lk/en/ad/moniter-for-sale-gampaha-53,,False,2 months
6a490a623de89f9b0f28bed4,"22"" Monitor WIDE LED -",Other,22 Inch,60Hz,1080p FHD,Standard,False,False,False,"Rs 10,450",10450,Used,Gampaha,22-monitor-wide-led-for-sale-gampaha-4,https://ikman.lk/en/ad/22-monitor-wide-led-for-sale-gampaha-4,ShaTech Zone,True,2 months
6a48f5e280b45c43c128bec3,KOORUI G2411P 24-inch IPS FHD 200Hz Gaming Monitor,Other,24 Inch,200Hz,1080p FHD,IPS,False,True,False,"Rs 39,000",39000,Brand New,Colombo,koorui-g2411p-24-inch-ips-fhd-200hz-gaming-monitor-for-sale-colombo-16,https://ikman.lk/en/ad/koorui-g2411p-24-inch-ips-fhd-200hz-gaming-monitor-for-sale-colombo-16,Myitem.lk (PVT) Ltd,True,2 months
6a48f1445de6e332bbc3afcb,MSI Modern MD272QXP 27″ Business and Productivity Monitor 100Hz 2K WQHD,MSI,27 Inch,100Hz,2K QHD,Standard,False,False,False,"Rs 95,000",95000,Brand New,Colombo,msi-modern-md272qxp-27-business-and-productivity-monitor-100hz-2k-wqhd-for-sale-colombo-5,https://ikman.lk/en/ad/msi-modern-md272qxp-27-business-and-productivity-monitor-100hz-2k-wqhd-for-sale-colombo-5,Myitem.lk (PVT) Ltd,True,2 months
6a48e05a327f61e04cbaaf53,Lenovo ThinkVision T2324PA 23-inch IPS Full HD LED Monitor,Lenovo,23 Inch,60Hz,1080p FHD,IPS,False,False,False,"Rs 14,000",14000,Used,Colombo,thinkvision-t2324pa-is-a-23-inch-ips-full-hd-led-backlit-used-monitor-for-sale-colombo,https://ikman.lk/en/ad/thinkvision-t2324pa-is-a-23-inch-ips-full-hd-led-backlit-used-monitor-for-sale-colombo,,False,2 months
6a48da62105b76d62a21858a,Brand New Acer Vero Series CB272 P6BMIPRX 144HZ Full HD Monitor,Acer,Unknown,144Hz,1080p FHD,Standard,False,False,False,"Rs 44,990",44990,Brand New,Colombo,brand-new-acer-vero-series-cb272-p6bmiprx-144hz-full-hd-monitor-for-sale-colombo-59,https://ikman.lk/en/ad/brand-new-acer-vero-series-cb272-p6bmiprx-144hz-full-hd-monitor-for-sale-colombo-59,Myitem.lk (PVT) Ltd,True,2 months
6a48d2ce095b2d558231b655,Asus TUF Gaming 34 Inch VG34VQL3A 180HZ 1500R 1440P Curved Monitor,Asus,34 Inch,180Hz,2K QHD,Standard,True,True,False,"Rs 159,500",159500,Brand New,Colombo,asus-tuf-gaming-34-inch-vg34vql3a-180hz-1500r-1440p-curved-monitor-for-sale-colombo-2,https://ikman.lk/en/ad/asus-tuf-gaming-34-inch-vg34vql3a-180hz-1500r-1440p-curved-monitor-for-sale-colombo-2,COMPUTER HUB,True,2 months
6a48d214dd802c88779a3a49,Asus TUF VG34VQL3A 180Hz 34” Curved 1440P 1500R Gaming Monitor,Asus,34 Inch,180Hz,2K QHD,Standard,True,True,False,"Rs 159,500",159500,Brand New,Colombo,asus-tuf-vg34vql3a-180hz-34-curved-1440p-1500r-gaming-monitor-for-sale-colombo-1,https://ikman.lk/en/ad/asus-tuf-vg34vql3a-180hz-34-curved-1440p-1500r-gaming-monitor-for-sale-colombo-1,COMPUTER HUB,True,2 months
6a48d0dea874a6bb22c3aeca,Asus TUF 34 Inch Gaming Monitor VG34VQL3A 1500R 1440P 180 HZ Curved,Asus,34 Inch,180Hz,2K QHD,Standard,True,True,False,"Rs 159,500",159500,Brand New,Colombo,asus-tuf-34-inch-gaming-monitor-vg34vql3a-1500r-1440p-180-hz-curved-for-sale-colombo,https://ikman.lk/en/ad/asus-tuf-34-inch-gaming-monitor-vg34vql3a-1500r-1440p-180-hz-curved-for-sale-colombo,COMPUTER HUB,True,2 months
6a48cfafd344db4441baaeb0,Asus TUF Gaming VG279QE5A 27″ FHD IPS 146HZ Monitor,Asus,27 Inch,146Hz,1080p FHD,IPS,False,True,False,"Rs 45,500",45500,Brand New,Colombo,asus-tuf-gaming-vg279qe5a-27-fhd-ips-146hz-monitor-for-sale-colombo-53,https://ikman.lk/en/ad/asus-tuf-gaming-vg279qe5a-27-fhd-ips-146hz-monitor-for-sale-colombo-53,Myitem.lk (PVT) Ltd,True,2 months
6a48c5ed3de89f9b0f28bce7,Asus TUF Gaming VG34VQL3A 180HZ 1440P 34” 1500R Curved Monitor,Asus,34 Inch,180Hz,2K QHD,Standard,True,True,False,"Rs 159,500",159500,Brand New,Colombo,asus-tuf-gaming-vg34vql3a-180hz-1440p-34-1500r-curved-monitor-for-sale-colombo-2,https://ikman.lk/en/ad/asus-tuf-gaming-vg34vql3a-180hz-1440p-34-1500r-curved-monitor-for-sale-colombo-2,COMPUTER HUB,True,2 months
6a48bbc672894647f428bc6b,MSI Modern MD272QXP 27″ Business and Productivity Monitor 100Hz 2K WQHD,MSI,27 Inch,100Hz,2K QHD,Standard,False,False,False,"Rs 95,000",95000,Brand New,Colombo,msi-modern-md272qxp-27-business-and-productivity-monitor-100hz-2k-wqhd-for-sale-colombo-4,https://ikman.lk/en/ad/msi-modern-md272qxp-27-business-and-productivity-monitor-100hz-2k-wqhd-for-sale-colombo-4,Computer Store.lk Pvt Ltd,True,2 months
6a48af77a60c13a10531ea43,"Asus Gaming Monitor 24"" IPS 120HZ|FRAMELESS|FHD (Brand New)",Asus,24 Inch,120Hz,1080p FHD,IPS,False,True,True,"Rs 32,950",32950,Brand New,Gampaha,asus-gaming-monitor-24-ips-120hzframelessfhd-brand-new-for-sale-gampaha,https://ikman.lk/en/ad/asus-gaming-monitor-24-ips-120hzframelessfhd-brand-new-for-sale-gampaha,ShaTech Zone,True,2 months
6a48aee09d4119e6f231ea3c,"Monitor 24"" 2K QHD IPS WIDE (2560 × 1440)",Other,24 Inch,60Hz,2K QHD,IPS,False,False,False,"Rs 22,250",22250,Used,Gampaha,monitor-24-2k-qhd-ips-wide-2560-x-1440-for-sale-gampaha,https://ikman.lk/en/ad/monitor-24-2k-qhd-ips-wide-2560-x-1440-for-sale-gampaha,ShaTech Zone,True,2 months
6a48aaa7a131b3dc33b6d2ab,"ViewSonic VA2432A-H 24"" Inch Full HD IPS 120Hz Frameless Monitor New",Viewsonic,24 Inch,120Hz,1080p FHD,IPS,False,False,True,"Rs 35,500",35500,Brand New,Colombo,viewsonic-va2432a-h-24-inch-full-hd-ips-120hz-frameless-monitor-new-for-sale-colombo-72,https://ikman.lk/en/ad/viewsonic-va2432a-h-24-inch-full-hd-ips-120hz-frameless-monitor-new-for-sale-colombo-72,Max Core PC,True,2 months
69d4a528dd40de1cc270759e,Acer 27 Inch \Brandnew Monitors \(144Hz).,Acer,27 Inch,144Hz,1080p FHD,Standard,False,False,False,"Rs 36,800",36800,Brand New,Colombo,acer-27-inch-brandnew-monitors-144hz-for-sale-colombo-17,https://ikman.lk/en/ad/acer-27-inch-brandnew-monitors-144hz-for-sale-colombo-17, Laptop Market,True,2 months
6a48a42f6810f62c288bf285,"Emark 24"" EW2427SH 144Hz IPS Full HD Frameless Gaming Monitor",Other,24 Inch,144Hz,1080p FHD,IPS,False,True,True,"Rs 30,000",30000,Brand New,Colombo,emark-24-ew2427sh-144hz-ips-full-hd-frameless-gaming-monitor-for-sale-colombo-14,https://ikman.lk/en/ad/emark-24-ew2427sh-144hz-ips-full-hd-frameless-gaming-monitor-for-sale-colombo-14,Max Core PC,True,2 months
6a489f10d1f254e017b9ca86,"Asus 25"" VA259HGA 120Hz IPS Eye Care Gaming Monitor",Asus,25 Inch,120Hz,Unknown,IPS,False,True,False,"Rs 34,500",34500,Brand New,Colombo,asus-25-va259hga-120hz-ips-eye-care-gaming-monitor-for-sale-colombo-42,https://ikman.lk/en/ad/asus-25-va259hga-120hz-ips-eye-care-gaming-monitor-for-sale-colombo-42,Max Core PC,True,2 months
6a489e9d72894647f428bad9,"MSI PRO MP251L E2 25"" Inch 120Hz Full HD IPS Frameless Brand New Monitor",MSI,25 Inch,120Hz,1080p FHD,IPS,False,False,True,"Rs 32,000",32000,Brand New,Colombo,msi-pro-mp251l-e2-25-inch-120hz-full-hd-ips-frameless-brand-new-monitor-for-sale-colombo-42,https://ikman.lk/en/ad/msi-pro-mp251l-e2-25-inch-120hz-full-hd-ips-frameless-brand-new-monitor-for-sale-colombo-42,Max Core PC,True,2 months
6a47478c18e408bfb56f6df3,AOC Monitor 18.5 inch HD LED Backlit LCD e970Swnl,AOC,18.5 Inch,60Hz,HD,Standard,False,False,False,"Rs 7,000",7000,Used,Galle,aoc-monitor-185-inch-hd-led-backlit-lcd-e970swnl-for-sale-galle-1,https://ikman.lk/en/ad/aoc-monitor-185-inch-hd-led-backlit-lcd-e970swnl-for-sale-galle-1,,False,2 months
6a4896669bb87b26b0b22e01,KOORUI G2411P 24-inch IPS FHD 200Hz Gaming Monitor,Other,24 Inch,200Hz,1080p FHD,IPS,False,True,False,"Rs 39,000",39000,Brand New,Colombo,koorui-g2411p-24-inch-ips-fhd-200hz-gaming-monitor-for-sale-colombo-15,https://ikman.lk/en/ad/koorui-g2411p-24-inch-ips-fhd-200hz-gaming-monitor-for-sale-colombo-15,Computer Store.lk Pvt Ltd,True,2 months
6a48949880b45c43c128ba61,"Koorui 22"" E2212H 100HZ 21.5 Inches FHD Brand New Monitor",Other,22 Inch,100Hz,1080p FHD,Standard,False,False,False,"Rs 25,500",25500,Brand New,Colombo,koorui-22-e2212h-100hz-215-inches-fhd-brand-new-monitor-for-sale-colombo-7,https://ikman.lk/en/ad/koorui-22-e2212h-100hz-215-inches-fhd-brand-new-monitor-for-sale-colombo-7,Computer Store.lk Pvt Ltd,True,2 months
6a48908d8e24bf0eacb6d0d9,KOORUI G2711P FHD IPS 27INCH 200HZ BRAND NEW GAMING MONITOR,Other,27 Inch,200Hz,1080p FHD,IPS,False,True,False,"Rs 51,500",51500,Brand New,Colombo,koorui-g2711p-fhd-ips-27inch-200hz-brand-new-gaming-monitor-for-sale-colombo-18,https://ikman.lk/en/ad/koorui-g2711p-fhd-ips-27inch-200hz-brand-new-gaming-monitor-for-sale-colombo-18,Myitem.lk (PVT) Ltd,True,2 months
6a488f095567ae288d846174,"Emark 24"" EW2427SH 144Hz IPS Full HD Frameless Gaming Monitor",Other,24 Inch,144Hz,1080p FHD,IPS,False,True,True,"Rs 29,990",29990,Brand New,Colombo,emark-24-ew2427sh-144hz-ips-full-hd-frameless-gaming-monitor-for-sale-colombo-13,https://ikman.lk/en/ad/emark-24-ew2427sh-144hz-ips-full-hd-frameless-gaming-monitor-for-sale-colombo-13,Myitem.lk (PVT) Ltd,True,2 months
6a488b1470000600d8846147,2K 24 Inch Lenovo Monitor,Lenovo,24 Inch,60Hz,2K QHD,Standard,False,False,False,"Rs 41,000",41000,Used,Colombo,2k-24-inch-lenovo-monitor-for-sale-colombo,https://ikman.lk/en/ad/2k-24-inch-lenovo-monitor-for-sale-colombo,,False,2 months
68fdf895b73a861ff6f171dd,Hillport Heavy Duty Portable Monitor Stand - Iron,Other,Unknown,60Hz,Unknown,Standard,False,False,False,"Rs 7,990",7990,Brand New,Gampaha,hillport-heavy-duty-portable-monitor-stand-iron-for-sale-gampaha,https://ikman.lk/en/ad/hillport-heavy-duty-portable-monitor-stand-iron-for-sale-gampaha,SS Mobile,True,2 months
6a482a869ae1e678c6d1e68a,"Samsung Monitor 19""",Samsung,19 Inch,60Hz,Unknown,Standard,False,False,False,"Rs 6,500",6500,Used,Kandy,samsung-monitor-19-for-sale-kandy,https://ikman.lk/en/ad/samsung-monitor-19-for-sale-kandy,,False,2 months
6a47d015631d6a062a8f358e,"EPSON 19"" Monitor",Epson,19 Inch,60Hz,Unknown,Standard,False,False,False,"Rs 6,000",6000,Used,Kandy,19-monitor-good-conditions-for-sale-kandy,https://ikman.lk/en/ad/19-monitor-good-conditions-for-sale-kandy,,False,2 months
6a47ca0712b3baef80cf4355,"Monitor 24"" 2K (2560 × 1440) QHD IPS WIDE",Other,24 Inch,60Hz,2K QHD,IPS,False,False,False,"Rs 22,250",22250,Used,Gampaha,monitor-24-2k-2560-x-1440-qhd-ips-wide-for-sale-gampaha,https://ikman.lk/en/ad/monitor-24-2k-2560-x-1440-qhd-ips-wide-for-sale-gampaha,ShaTech Zone,True,2 months
6a47c8e5ed215b260e0ab11e,"22"" WIDE LED MONITOR",Other,22 Inch,60Hz,1080p FHD,Standard,False,False,False,"Rs 10,450",10450,Used,Gampaha,22-wide-led-monitor-for-sale-gampaha-10,https://ikman.lk/en/ad/22-wide-led-monitor-for-sale-gampaha-10,ShaTech Zone,True,2 months
6a4757e09b54289b390aad55,"Used Lenovo 22"" Monitor",Lenovo,22 Inch,60Hz,1080p FHD,Standard,False,False,False,"Rs 18,500",18500,Used,Colombo,used-lenovo-22-monitor-for-sale-colombo,https://ikman.lk/en/ad/used-lenovo-22-monitor-for-sale-colombo,,False,2 months
6a47a0bfb04356e3868f3491,"Acer EK271 27"" Inch 144Hz IPS HDMI Frameless Gaming Monitor",Acer,27 Inch,144Hz,HD,IPS,False,True,True,"Rs 36,000",36000,Brand New,Colombo,acer-ek271-27-inch-144hz-ips-hdmi-frameless-gaming-monitor-for-sale-colombo-57,https://ikman.lk/en/ad/acer-ek271-27-inch-144hz-ips-hdmi-frameless-gaming-monitor-for-sale-colombo-57,Myitem.lk (PVT) Ltd,True,2 months
6a478626631d6a062a8f3370,Acer 27 -Inch Brandnew Monitors (144Hz).,Acer,27 Inch,144Hz,1080p FHD,Standard,False,False,False,"Rs 36,800",36800,Brand New,Colombo,acer-27-inch-brandnew-monitors-144hz-for-sale-colombo-31,https://ikman.lk/en/ad/acer-27-inch-brandnew-monitors-144hz-for-sale-colombo-31, Laptop Market,True,2 months
6a476933911ccd9f95067ada,"MSI Pro MP225V 21.5"" Inch 100HZ 1MS FHD Ultra Slim Frameless Monitor",MSI,21.5 Inch,100Hz,1080p FHD,Standard,False,False,True,"Rs 25,000",25000,Brand New,Colombo,msi-pro-mp225v-215-inch-100hz-1ms-fhd-ultra-slim-frameless-monitor-for-sale-colombo-68,https://ikman.lk/en/ad/msi-pro-mp225v-215-inch-100hz-1ms-fhd-ultra-slim-frameless-monitor-for-sale-colombo-68,Myitem.lk (PVT) Ltd,True,2 months
6a4763f4dedb6ae7e7cf4003,"Samsung 24"" Inch Full HD IPS Frameless HDMI Gaming Used Monitor",Samsung,24 Inch,60Hz,1080p FHD,IPS,False,True,True,"Rs 21,000",21000,Used,Colombo,samsung-24-inch-full-hd-ips-frameless-hdmi-gaming-used-monitor-for-sale-colombo-38,https://ikman.lk/en/ad/samsung-24-inch-full-hd-ips-frameless-hdmi-gaming-used-monitor-for-sale-colombo-38,Myitem.lk (PVT) Ltd,True,2 months
6a47626e6803613caaf5534e,"Acer 27"" Full HD Nitro Gaming Monitor - KG273 W3 240Hz Brand New",Acer,27 Inch,240Hz,1080p FHD,Standard,False,True,False,"Rs 49,500",49500,Brand New,Colombo,acer-27-full-hd-nitro-gaming-monitor-kg273-w3-240hz-brand-new-for-sale-colombo-53,https://ikman.lk/en/ad/acer-27-full-hd-nitro-gaming-monitor-kg273-w3-240hz-brand-new-for-sale-colombo-53,Myitem.lk (PVT) Ltd,True,2 months
6a4760e0c7beb393dd14727f,23 INCH HP ELITE E230T IPS TOUCH SCREEN USED MONITOR,HP,23 Inch,60Hz,Unknown,IPS,False,False,False,"Rs 38,500",38500,Used,Colombo,23-inch-hp-elite-e230t-ips-touch-screen-used-monitor-for-sale-colombo-48,https://ikman.lk/en/ad/23-inch-hp-elite-e230t-ips-touch-screen-used-monitor-for-sale-colombo-48,Mdcomputers.lk(Pvt) Ltd,True,2 months
6a4760ce4cc87f7cdc866542,27 Inch Dell P2714 Hc Ips Led Used Monitor,Dell,27 Inch,60Hz,1080p FHD,IPS,False,False,False,"Rs 28,000",28000,Used,Colombo,27-inch-dell-p2714-hc-ips-led-used-monitor-for-sale-colombo,https://ikman.lk/en/ad/27-inch-dell-p2714-hc-ips-led-used-monitor-for-sale-colombo,Mdcomputers.lk(Pvt) Ltd,True,2 months
6a475d340ebf88d09fb22305,27 Inch Lenovo Thinkvision IPS FHD HDMI Used Monitor,Lenovo,27 Inch,60Hz,1080p FHD,IPS,False,False,False,"Rs 29,500",29500,Used,Colombo,27-inch-lenovo-thinkvision-ips-fhd-hdmi-used-monitor-for-sale-colombo-16,https://ikman.lk/en/ad/27-inch-lenovo-thinkvision-ips-fhd-hdmi-used-monitor-for-sale-colombo-16,Mdcomputers.lk(Pvt) Ltd,True,2 months
6a475a15911ccd9f95067a44,MSI Modern MD272QXP 27″ Business and Productivity Monitor 100Hz 2K WQHD,MSI,27 Inch,100Hz,2K QHD,Standard,False,False,False,"Rs 95,000",95000,Brand New,Colombo,msi-modern-md272qxp-27-business-and-productivity-monitor-100hz-2k-wqhd-for-sale-colombo-3,https://ikman.lk/en/ad/msi-modern-md272qxp-27-business-and-productivity-monitor-100hz-2k-wqhd-for-sale-colombo-3,Computer Store.lk Pvt Ltd,True,2 months
6a4758c488c18b469e94253f,"Asus Monitor 24"" Gaming IPS 120HZ|FRAMELESS|FHD (Brand New)",Asus,24 Inch,120Hz,1080p FHD,IPS,False,True,True,"Rs 32,950",32950,Brand New,Gampaha,asus-monitor-24-gaming-ips-120hzframelessfhd-brand-new-for-sale-gampaha,https://ikman.lk/en/ad/asus-monitor-24-gaming-ips-120hzframelessfhd-brand-new-for-sale-gampaha,ShaTech Zone,True,2 months
6a4758c440de8dd1430aad58,27 Inch Atec Full Hd Led Used Monitor,Other,27 Inch,60Hz,1080p FHD,Standard,False,False,False,"Rs 21,500",21500,Used,Colombo,27-inch-atec-full-hd-led-used-monitor-for-sale-colombo-53,https://ikman.lk/en/ad/27-inch-atec-full-hd-led-used-monitor-for-sale-colombo-53,Mdcomputers.lk(Pvt) Ltd,True,2 months
6a47540923f433274475ca40,LENOVO THINKVISION S24E-20 24'' INCH IPS FRAMELESS MONITORS,Lenovo,24 Inch,60Hz,1080p FHD,IPS,False,False,True,"Rs 23,000",23000,Used,Colombo,lenovo-thinkvision-s24e-20-24-inch-ips-frameless-monitors-for-sale-colombo-1,https://ikman.lk/en/ad/lenovo-thinkvision-s24e-20-24-inch-ips-frameless-monitors-for-sale-colombo-1,PC Cart Express Maharagama,True,2 months
6a4753c4631d6a062a8f316f,LENOVO THINKVISION S24E-20 24'' INCH IPS FRAMELESS MONITORS,Lenovo,24 Inch,60Hz,1080p FHD,IPS,False,False,True,"Rs 23,000",23000,Used,Colombo,lenovo-thinkvision-s24e-20-24-inch-ips-frameless-monitors-for-sale-colombo,https://ikman.lk/en/ad/lenovo-thinkvision-s24e-20-24-inch-ips-frameless-monitors-for-sale-colombo,PC Cart Kesbewa ,True,2 months
6a474e46fb39bc37ce8f3710,Asus TUF Gaming VG34VQL3A 180HZ 1440P 34” 1500R Curved Monitor,Asus,34 Inch,180Hz,2K QHD,Standard,True,True,False,"Rs 159,500",159500,Brand New,Colombo,asus-tuf-gaming-vg34vql3a-180hz-1440p-34-1500r-curved-monitor-for-sale-colombo-3,https://ikman.lk/en/ad/asus-tuf-gaming-vg34vql3a-180hz-1440p-34-1500r-curved-monitor-for-sale-colombo-3,COMPUTER HUB,True,2 months
6a474dcb916beae0e8866475,Asus TUF Gaming 34 Inch VG34VQL3A 180HZ 1500R 1440P Curved Monitor,Asus,34 Inch,180Hz,2K QHD,Standard,True,True,False,"Rs 159,500",159500,Brand New,Colombo,asus-tuf-gaming-34-inch-vg34vql3a-180hz-1500r-1440p-curved-monitor-for-sale-colombo-3,https://ikman.lk/en/ad/asus-tuf-gaming-34-inch-vg34vql3a-180hz-1500r-1440p-curved-monitor-for-sale-colombo-3,COMPUTER HUB,True,2 months
6a474d3d7f7fd9c9ab75c9ef,Asus TUF 34” VG34VQL3A 180HZ 1440P 1500R Curved Gaming Monitor,Asus,34 Inch,180Hz,2K QHD,Standard,True,True,False,"Rs 159,500",159500,Brand New,Colombo,asus-tuf-34-vg34vql3a-180hz-1440p-1500r-curved-gaming-monitor-for-sale-colombo-4,https://ikman.lk/en/ad/asus-tuf-34-vg34vql3a-180hz-1440p-1500r-curved-gaming-monitor-for-sale-colombo-4,COMPUTER HUB,True,2 months
6a474ccf12b3baef80cf3ee0,Asus TUF Gaming VG34VQL3A 34” Curved 1500R 1440P 180HZ Monitor,Asus,34 Inch,180Hz,2K QHD,Standard,True,True,False,"Rs 159,500",159500,Brand New,Colombo,asus-tuf-gaming-vg34vql3a-34-curved-1500r-1440p-180hz-monitor-for-sale-colombo-3,https://ikman.lk/en/ad/asus-tuf-gaming-vg34vql3a-34-curved-1500r-1440p-180hz-monitor-for-sale-colombo-3,COMPUTER HUB,True,2 months
6a474c5e8ddbc36c2a75c9e3,Asus TUF VG34VQL3A 34 Inch 1440P 180HZ 1500R Curved Gaming Monitor,Asus,34 Inch,180Hz,2K QHD,Standard,True,True,False,"Rs 159,500",159500,Brand New,Colombo,asus-tuf-vg34vql3a-34-inch-1440p-180hz-1500r-curved-gaming-monitor-for-sale-colombo-4,https://ikman.lk/en/ad/asus-tuf-vg34vql3a-34-inch-1440p-180hz-1500r-curved-gaming-monitor-for-sale-colombo-4,COMPUTER HUB,True,2 months
6a474c06c7beb393dd1471a0,Asus TUF Gaming 34” VG34VQL3A 1440P 1500R 180HZ Curved Monitor,Asus,34 Inch,180Hz,2K QHD,Standard,True,True,False,"Rs 159,500",159500,Brand New,Colombo,asus-tuf-gaming-34-vg34vql3a-1440p-1500r-180hz-curved-monitor-for-sale-colombo-5,https://ikman.lk/en/ad/asus-tuf-gaming-34-vg34vql3a-1440p-1500r-180hz-curved-monitor-for-sale-colombo-5,COMPUTER HUB,True,2 months
6a47472793bcbe0aad27f38d,ViewSonic VA2432A 24-inch Monitor,Viewsonic,24 Inch,60Hz,1080p FHD,Standard,False,False,False,"Rs 36,500",36500,Brand New,Jaffna,viewsonic-va2432a-24-inch-monitor-for-sale-jaffna-1,https://ikman.lk/en/ad/viewsonic-va2432a-24-inch-monitor-for-sale-jaffna-1,Pc Paradise,True,2 months
6a4741692b27839d2f00a880,Dell UltraSharp U2417H IPS Ful HD Frameless used Monitor,Dell,Unknown,60Hz,HD,IPS,False,False,True,"Rs 27,000",27000,Used,Colombo,dell-ultrasharp-u2417h-ips-ful-hd-frameless-used-monitor-for-sale-colombo-3,https://ikman.lk/en/ad/dell-ultrasharp-u2417h-ips-ful-hd-frameless-used-monitor-for-sale-colombo-3,Computer Store.lk Pvt Ltd,True,2 months
6a474107b13a14e01afdcbb1,Lenovo T24i – 10 Frameless 24 Inch Used Monitor Full HD (1080p),Lenovo,24 Inch,60Hz,1080p FHD,Standard,False,False,True,"Rs 21,000",21000,Used,Colombo,lenovo-t24i-10-frameless-24-inch-used-monitor-full-hd-1080p-for-sale-colombo-11,https://ikman.lk/en/ad/lenovo-t24i-10-frameless-24-inch-used-monitor-full-hd-1080p-for-sale-colombo-11,Computer Store.lk Pvt Ltd,True,2 months
6a47409ce3111947b3fdcbc2,"Dell P2319H 23"" Inch IPS Frameless Full HD HDMI Used Monitor",Dell,23 Inch,60Hz,1080p FHD,IPS,False,False,True,"Rs 19,500",19500,Used,Colombo,dell-p2319h-23-inch-ips-frameless-full-hd-hdmi-used-monitor-for-sale-colombo-20,https://ikman.lk/en/ad/dell-p2319h-23-inch-ips-frameless-full-hd-hdmi-used-monitor-for-sale-colombo-20,Computer Store.lk Pvt Ltd,True,2 months
6a473df2631d6a062a8f300c,"MSI Pro MP251L E2 25"" Inch 120HZ Full HD IPS Frameless Monitor",MSI,25 Inch,120Hz,1080p FHD,IPS,False,False,True,"Rs 32,000",32000,Brand New,Colombo,msi-pro-mp251l-e2-25-inch-120hz-full-hd-ips-frameless-monitor-for-sale-colombo-43,https://ikman.lk/en/ad/msi-pro-mp251l-e2-25-inch-120hz-full-hd-ips-frameless-monitor-for-sale-colombo-43,Myitem.lk (PVT) Ltd,True,2 months
6a473d02b3823f873e63a0d7,"Samsung F24T450FQE 24"" Inch Full HD IPS Frameless HDMI Used Monitor",Samsung,24 Inch,60Hz,1080p FHD,IPS,False,False,True,"Rs 20,990",20990,Used,Colombo,samsung-f24t450fqe-24-inch-full-hd-ips-frameless-hdmi-used-monitor-for-sale-colombo-43,https://ikman.lk/en/ad/samsung-f24t450fqe-24-inch-full-hd-ips-frameless-hdmi-used-monitor-for-sale-colombo-43,Computer Store.lk Pvt Ltd,True,2 months
6a473c812e1c40b28a904c90,HP E243 Frameless Ips Monitor Elite Display 24″,HP,24 Inch,60Hz,1080p FHD,IPS,False,False,True,"Rs 23,000",23000,Used,Colombo,hp-e243-frameless-ips-monitor-elite-display-24-for-sale-colombo-2,https://ikman.lk/en/ad/hp-e243-frameless-ips-monitor-elite-display-24-for-sale-colombo-2,Computer Store.lk Pvt Ltd,True,2 months
6a473bed93bcbe0aad27f2a5,"HP Z23N IPS Frameless HDMI Monitor 23""",HP,23 Inch,60Hz,HD,IPS,False,False,True,"Rs 20,500",20500,Used,Colombo,hp-z23n-ips-frameless-hdmi-monitor-23-for-sale-colombo-2,https://ikman.lk/en/ad/hp-z23n-ips-frameless-hdmi-monitor-23-for-sale-colombo-2,Computer Store.lk Pvt Ltd,True,2 months
6a4737460e903ff08bfdcaf6,"Asus VY279HGR 27"" Inch Full HD IPS Level 120Hz Adaptive Sync Monitor",Asus,27 Inch,120Hz,1080p FHD,IPS,False,False,False,"Rs 44,500",44500,Brand New,Colombo,asus-vy279hgr-27-inch-full-hd-ips-level-120hz-adaptive-sync-monitor-for-sale-colombo-62,https://ikman.lk/en/ad/asus-vy279hgr-27-inch-full-hd-ips-level-120hz-adaptive-sync-monitor-for-sale-colombo-62,Myitem.lk (PVT) Ltd,True,2 months
6a473617b3823f873e63a04e,Asus TUF Gaming VG279QE5A 27″ FHD IPS 146HZ Monitor,Asus,27 Inch,146Hz,1080p FHD,IPS,False,True,False,"Rs 45,500",45500,Brand New,Colombo,asus-tuf-gaming-vg279qe5a-27-fhd-ips-146hz-monitor-for-sale-colombo-52,https://ikman.lk/en/ad/asus-tuf-gaming-vg279qe5a-27-fhd-ips-146hz-monitor-for-sale-colombo-52,Myitem.lk (PVT) Ltd,True,2 months
6a471dad41bfc4f0f43e27e3,Dell Monito inch HDMI,Dell,Unknown,60Hz,HD,Standard,False,False,False,"Rs 9,500",9500,Used,Colombo,dell-monitors-22-inch-hdmi-for-sale-colombo,https://ikman.lk/en/ad/dell-monitors-22-inch-hdmi-for-sale-colombo,,False,2 months
6a46901661cbddda5081ced6,Monitor Frameless Size 22,Other,22 Inch,60Hz,1080p FHD,Standard,False,False,True,"Rs 18,000",18000,Used,Gampaha,monitor-frameless-size-22-for-sale-gampaha,https://ikman.lk/en/ad/monitor-frameless-size-22-for-sale-gampaha,,False,2 months
6a4684cb65d991fa2181ce99,Rage X 22” 100Hz Gaming Monitor,Other,22 Inch,100Hz,1080p FHD,Standard,False,True,False,"Rs 28,500",28500,Brand New,Badulla,rage-x-22-100hz-gaming-monitor-for-sale-badulla,https://ikman.lk/en/ad/rage-x-22-100hz-gaming-monitor-for-sale-badulla,,False,2 months
