Title,Price,Location_Category,Link,Brand,Model,Condition,Description
Oscal Pad 9 (Brand New),"Rs 42,990",Unknown,https://ikman.lk/en/ad/oscal-pad-9-brand-new-for-sale-colombo-1,,,,"📱 රු. 17990 /- ක් පමණක් ගෙවා අදම ඔබේ දුරකථනය අරගෙන යන්න! 🎉🎁 නිකන්ම නෙමෙයි  🌀 BUDS 2ක්‌  🌀 10000mAh POWER BANK 🌀 PHONE & TABLET STAND  🌀 CABLE PROTECTOR 💥මේ ඔක්කොමත් එක්ක ✅ අවශ්‍ය වන්නේ ජාතික හැඳුනුම්පත (ID) පමණයි✅ පහසු ගෙවීම් ක්‍රම ✅ ඉක්මන් අනුමැතිය🏃‍♂️ අදම පැමිණ ඔබේ දුරකථනය වෙන්කරගන්නම  SPECIAL PROMOTION (Limited Time Only)💥  ලංකාවේ අඩුම මුදල දැන් අපෙන්💥No 1 Retailer in Homagama #owenCellular#💯🔥 තොග සීමිතයි – ඉක්මනින් පැමිණෙන්න!📱 ඔබට අවශ්‍ය ඕනෑම ජංගම දුරකථනයක්💸 අඩුම මිලට අදම ලබාගන්න.✔ ගුණාත්මකභාවයට සහ විශ්වාසයට ප්‍රමුඛත්වය දෙන 𝗢𝘄𝗲𝗻 𝗦𝗲𝗹𝗹𝘂𝗹𝗮𝗿 වෙතින්👉 100% 𝗢𝗿𝗶𝗴𝗶𝗻𝗮𝗹 ජංගම දුරකථන සහ 𝗢𝗿𝗶𝗴𝗶𝗻𝗮𝗹 උපාංග පමණක්✔ From Owen Sellular, where quality and trust come first👉 Only 100% original mobile phones and original accessories COMPANY WARRANTY ONE YEAR ( STAR MOBILE)TRCSL APPROVED 💳Credit Card Payment Accepted දවසින් දවස මිල ගණන් වෙනස් වෙන බැවින් මිල ගණන් දැනගැනීමට අපව අමතන්න මෙම දීමනා මිලදී ගැනීමේදී මෙම post එක ඉදිරිපත් කරන්න ☝️📍හෝමාගම Pan Asia Bank සහා New Healan Hospital  එක ඉදිරිපිට"
Samsung Galaxy Tab A11 4GB 64GB,"Rs 48,900",Unknown,https://ikman.lk/en/ad/samsung-galaxy-tab-a11-4gb-64gb-for-sale-colombo-122,,,,"📱 **Samsung Galaxy Tab A11 – 4GB RAM | 64GB Storage**🔹 **Product Highlights**✅ 4GB RAM + 64GB Storage – Smooth everyday performance✅ Large HD+ Display – Perfect for streaming, browsing & online learning✅ Powerful Processor – Fast and responsive performance✅ Long-Lasting Battery – Enjoy all-day entertainment and productivity✅ Fast Charging Support – Recharge quickly when needed✅ Dual Speakers – Clear and immersive audio experience✅ Slim & Lightweight Design – Easy to carry anywhere✅ 100% Original | Brand New | Sealed Box💥💥 **Available Now!** 💥💥🚚 **Delivery Options**🏍️ Colombo Doorstep Delivery📦 Island-wide Delivery via Courier Service📞 Call now to arrange your delivery!🏧 **Easy Installment Plans Available (T&C Apply)**💳 Sampath Bank💳 HSBC💳 People’s Bank💳 Commercial Bank💳 Seylan Bank📍 **Visit Us**Your Mobile StoreLiberty Plaza / Colombo Area📞 Contact Us Today for More Information!🕘 **Business Hours**🗓️ Monday – Saturday: 10:00 AM – 7:30 PM🗓️ Sunday: 10:00 AM – 6:00 PM"
MSI Leopard NVIDIA 1660Ti 6GB VGA i7 9th Gen 16GB 512GB NVMe,"Rs 145,000",Unknown,https://ikman.lk/en/ad/msi-leopard-nvidia-1660ti-6gb-vga-i7-9th-gen-16gb-512gb-nvme-for-sale-colombo,,,,"💻 වසර 05 කට වැඩි අත්දැකීම් සහ දිගු වගකීමක් සමඟ, ලංකාවේ අඩුම මිලට හොඳම දේ onestore.lk වෙතින්..♻️Lowest price with warranty ✅🌇 100% Condition 🤝✳️ Rs.145,000/- Only💥🤝 💻 MSI Leopard GL65 9SD GamingPowerful Gaming Laptop – Editing Purpose⚡ PerformanceIntel Core i7-9750H (9th Gen)Up to 4.50GHz Turbo SpeedGTX NVIDIA 1660Ti 6GB Dedicated VGA6 Cores | 12 Threads | 12MB CacheIntel UHD Graphics 630 (Shared 8GB)🖥 Display15.6” Full HD IPS1920 × 1080 ResolutionClear, Anti-glare Panel120hz Refresh Rate🚀 Memory & Storage16GB DDR4 RAM512GB NVMe SSD (Fast Boot & Load)🔋 Battery1–3 Hours Usage (Depends on Workload)🔌 Connectivity3 × USB 3.22 × USB-C (Thunderbolt 4)RJ-45 EthernetHDMI 2.0Audio Jack📡 WirelessWi-Fi 6Bluetooth 5.2🎧 MultimediaDual Speakers (Dolby Audio)720p HD Camera + Privacy ShutterDual Microphones🔐 Additional Key FuturesRGB Backlit120Hz refresh rate💻 OS SupportWindows 10 / 11Linux Compatible💰 Price & WarrantyRs. 145,000/-✅ 3 Months Hardware Warranty✅ 2 Years Service WarrantyExchange possible (with laptops only) ✅🔺 ලංකාවේ ඕනෑම තැනකට පැය 24ක් ඇතුළත Cash on Delivery බෙදාහැරීම 100% විශ්වාසය හා ආරක්ෂාව සමඟ සිදු කරයි.🔺ISLAND WIDE Cash on Delivery ACCEPT WITHIN ONE DAY  🔜🚛📦🚚 ✅📦Visit our Website For More Products - onestore.lkVisit our Showroom Location : No 420,4th Floor Jana Jaya City Center RajagiriyaNear The Rajagiriya Flyover show this ad when visiting our showroom to purchase this laptop at this price.මෙම ලැප්ටොප් එක මිලදී ගැනීමට අපගේ ප්‍රදර්ශනාගාරයට පැමිණීමේදී මෙම මිලට ලබා ගැනීමට මෙම දැන්වීම පෙන්වන්න.Open Hours:Weekdays 9.00 am - 6.30PMWeekend 10.00 am - 7.30PMPoya Day 10.00 am - 6.30PM"
iPad Pro M5 11'' 256GB WiFi,"Rs 398,000",Unknown,https://ikman.lk/en/ad/ipad-pro-m5-11-256gb-wifi-for-sale-colombo-6,,,,iCon Mobile.lk Trusted Mobile Partner in Sri LankaApple iPad Pro | 11'' inch | M5 chip | 256GB | WiFi 🔴 One Year Warranty🔴 Brand New Sealed Pack🔴 Exchange Possible*Cash Price*Price may change depending on colour and Reigon🚚Delivery Available Colombo and sub (T&C apply)🧩 KOKO Available T&C Apply  🧩 Instalment Available for Credit Card Holders…..! 💳 Sampath Bank💳 HSBC💳 People’s Bank💳 Commercial Bank💳 Seylan Bank0% Installment Plans Available (T&C Apply)🔴This prices apply only when buying the complete device package🔴 📱 Feel to free call or WhatsApp for more information….!!🏬 iCon Mobile (PVT) Ltd📍59 1st floor liberty plaza Colombo 03
iPad Air M4 13'' 256GB WiFi,"Rs 353,500",Unknown,https://ikman.lk/en/ad/ipad-air-m4-13-256gb-wifi-for-sale-colombo-1,,,,iCon Mobile.lk Trusted Mobile Partner in Sri LankaApple iPad Air | 13'' inch | M4 chip | 256GB | WiFi 🔴 One Year Warranty🔴 Brand New Sealed Pack🔴 Exchange Possible*Cash Price*Price may change depending on colour and Reigon🚚Delivery Available Colombo and sub (T&C apply)🧩 KOKO Available T&C Apply  🧩 Instalment Available for Credit Card Holders…..! 💳 Sampath Bank💳 HSBC💳 People’s Bank💳 Commercial Bank💳 Seylan Bank0% Installment Plans Available (T&C Apply)🔴This prices apply only when buying the complete device package🔴 📱 Feel to free call or WhatsApp for more information….!!🏬 iCon Mobile (PVT) Ltd📍59 1st floor liberty plaza Colombo 03
iPad Air M4 11'' 256GB Cellular,"Rs 392,999",Unknown,https://ikman.lk/en/ad/ipad-air-m4-11-256gb-cellular-for-sale-colombo-1,,,,iCon Mobile.lk Trusted Mobile Partner in Sri LankaApple iPad Air | 11'' inch | M4 chip | 256GB | Cellular 🔴 One Year Warranty🔴 Brand New Sealed Pack🔴 Exchange Possible*Cash Price*Price may change depending on colour and Reigon🚚Delivery Available Colombo and sub (T&C apply)🧩 KOKO Available T&C Apply  🧩 Instalment Available for Credit Card Holders…..! 💳 Sampath Bank💳 HSBC💳 People’s Bank💳 Commercial Bank💳 Seylan Bank0% Installment Plans Available (T&C Apply)🔴This prices apply only when buying the complete device package🔴 📱 Feel to free call or WhatsApp for more information….!!🏬 iCon Mobile (PVT) Ltd📍59 1st floor liberty plaza Colombo 03
iPad Air M4 11'' 128GB WiFi,"Rs 252,999",Unknown,https://ikman.lk/en/ad/ipad-air-m4-11-128gb-wifi-for-sale-colombo-6,,,,iCon Mobile.lk Trusted Mobile Partner in Sri LankaApple iPad Air | 11'' inch | M4 chip | 128GB | WiFi 🔴 One Year Warranty🔴 Brand New Sealed Pack🔴 Exchange Possible*Cash Price*Price may change depending on colour and Reigon🚚Delivery Available Colombo and sub (T&C apply)🧩 KOKO Available T&C Apply  🧩 Instalment Available for Credit Card Holders…..! 💳 Sampath Bank💳 HSBC💳 People’s Bank💳 Commercial Bank💳 Seylan Bank0% Installment Plans Available (T&C Apply)🔴This prices apply only when buying the complete device package🔴 📱 Feel to free call or WhatsApp for more information….!!🏬 iCon Mobile (PVT) Ltd📍59 1st floor liberty plaza Colombo 03
Honor pad X9a (8GB+256GB),"Rs 115,000",Unknown,https://ikman.lk/en/ad/honor-pad-x9a-8gb256gb-for-sale-colombo,,,,"*11.5″ 2.5K FullView Display, 120Hz refresh rate*8GB RAM + 256GB storage (expandable via HONOR OS Turbo)*Slim 6.77mm metal body, 475g weight*8300mAh battery with 35W fast charging, up to 70 days standby*Qualcomm Snapdragon 685 (6nm) octa-core processor*MagicOS 9.0 with multi-screen collaboration and AI featuresBrand new unused accessories,With honor choice pencil, honor key board, and tempered glass.Used only for less than a month.Selling due to not using. Brought from singapore.Can be seen avissawella(kosgama) or nugegoda"
Used Excellent Condition Ipad,"Rs 250,000",Unknown,https://ikman.lk/en/ad/used-excellent-condition-ipad-for-sale-colombo,,,,"📱 **Apple iPad Air 11"" M4 (128GB)**⚡ Powerful Performance for Work & Entertainment✔ Apple M4 Chip✔ 11"" Liquid Retina Display✔ 128GB Storage✔ Ultra-Light Design✔ Wi-Fi Connectivity✔ Quality Cameras✔ All-Day Battery Life✔ Apple Pencil Support🎯 Study • Work • Streaming • Gaming • Content Creation🛡️ **1 Year Warranty**🚚 Islandwide Delivery📍 **Geelimz Shop – Trusted Since 2010**"
blackview tab 90,"Rs 29,000",Unknown,https://ikman.lk/en/ad/blackview-tab-90-for-sale-kalutara-1,,,,"Rs.29,000/= කට Tab එකක් 😲💥🖤 Blackview Tab90 🖤RAM: 8GB + 6GB(Smooth Multitasking & Gaming)Storage: 128GB Internal StorageOnline Classes (Zoom/Teams), Web Browsing,Office work,YouTube, Document Work සහ Gaming වලට සුපිරියක් 😍💥Original Charger සහිතයි 😀Brand new condition 💥Price 👉 Rs.29,000/=පරීක්ශා කර බලා මිලදී ගත හැකිය 😍❤️‍🔥Call us ☎️ 0715862778"
Apple iPad Air 8 M4 13” 256GB Wi-Fi,"Rs 349,000",Unknown,https://ikman.lk/en/ad/apple-ipad-air-8-m4-13-256gb-wi-fi-for-sale-colombo,,,,"🔥 LIMITED STOCK — GRAB YOURS BEFORE IT’S GONE! 📱✨ Premium Smartphones – Best Deals in Colombo📦 Brand New & Sealed Pack✅ 100% Genuine Products GuaranteedLooking for authentic devices at the best prices?Shop with confidence at Phone Paradise — trusted for quality, service & unbeatable offers. ❤️💳 Flexible Payment Options• Cash & Card Accepted• Installment Plans Available (T&C Apply)• KOKO Payment Available🔄 Phone Exchange Available🚚 Islandwide Delivery – Fast & Secure📍 Visit Our ShowroomNo. 40, Ground Floor, Liberty Plaza,Kollupitiya, Colombo 03🕙 Open Daily: 10:00 AM – 7:00 PM💬 Message us now for the latest prices & exclusive offers!🔥 Limited Stock. Best Deals. Don’t Miss Out!"
Apple iPad Air 8 M4 11” 256GB Cellular,"Rs 389,000",Unknown,https://ikman.lk/en/ad/apple-ipad-air-8-m4-11-256gb-cellular-for-sale-colombo,,,,"🔥 LIMITED STOCK — GRAB YOURS BEFORE IT’S GONE! 📱✨ Premium Smartphones – Best Deals in Colombo📦 Brand New & Sealed Pack✅ 100% Genuine Products GuaranteedLooking for authentic devices at the best prices?Shop with confidence at Phone Paradise — trusted for quality, service & unbeatable offers. ❤️💳 Flexible Payment Options• Cash & Card Accepted• Installment Plans Available (T&C Apply)• KOKO Payment Available🔄 Phone Exchange Available🚚 Islandwide Delivery – Fast & Secure📍 Visit Our ShowroomNo. 40, Ground Floor, Liberty Plaza,Kollupitiya, Colombo 03🕙 Open Daily: 10:00 AM – 7:00 PM📞 Call / WhatsApp💬 Message us now for the latest prices & exclusive offers!🔥 Limited Stock. Best Deals. Don’t Miss Out!"
Greentel A9 Pro 4GB 64GB Tablet For Sale,"Rs 37,990",Unknown,https://ikman.lk/en/ad/greentel-a9-pro-4gb-64gb-tablet-for-sale-for-sale-gampaha,,,,"Greentel A9 Pro 4GB 64GB Tablet with full set box for Sale.       📌Rs.37,990/=   ✅ Specifications • 💾 Storage: 64GB RAM : 4+4GB• 🖥️ Display: 8.68inch • 🔋 Battery: 6000mAh Original Battery • 🎮 Graphics / Camera: High Quality Camera          keybord, pen, Temperd, pouch free. ⭕️ Company Warranty Available                                                                     💯 100% Tested & Genuine Device🚚 Islandwide Delivery Available💳 Cash | Bank Transfer | Card Payments Accepted 📌Visit Hello Mobile & Laptop (Pvt) Ltd or Inbox us for the Best Price.⭕ අප විසින් අලෙවි කරනු ලබන්නේ 💯 අප විසින්ම පරීක්ෂා කරනු ලබන Mobile Phones හා Laptop පමණි.විශ්වාසයෙන් යුතුව Phone / Laptop මිල දී ගැනීමට ඔබත් අදම පිය නගන්න. 📱මුදල් හදිස්සියට විකුණන ඔයාගේ Phone එක Laptop එක අපිට දීලා මුදල් ලබා ගැනීමේ පහසුකමත් අපෙන් ඔබට ලබා ගත හැක.📱    📍Hello Mobile & Laptop         138/A පරණ මීගමුව          පාර,ජා ඇල."
"Lenovo Idea Tab 11""","Rs 140,000",Unknown,https://ikman.lk/en/ad/worth-for-money-for-sale-puttalam,,,,Brand new With Foliokeyboard and stylus Best for students2.5K 90Hz 11 inch displayDolby atmos supportSD card supportWith pen Keyboard
Apple Pro M5 11” 256GB Wi-Fi,"Rs 394,000",Unknown,https://ikman.lk/en/ad/apple-pro-m5-11-256gb-wi-fi-for-sale-colombo,,,,"🔥 LIMITED STOCK — GRAB YOURS BEFORE IT’S GONE! 📱✨ Premium Smartphones – Best Deals in Colombo📦 Brand New & Sealed Pack✅ 100% Genuine Products GuaranteedLooking for authentic devices at the best prices?Shop with confidence at Phone Paradise — trusted for quality, service & unbeatable offers. ❤️💳 Flexible Payment Options• Cash & Card Accepted• Installment Plans Available (T&C Apply)• KOKO Payment Available🔄 Phone Exchange Available🚚 Islandwide Delivery – Fast & Secure📍 Visit Our ShowroomNo. 40, Ground Floor, Liberty Plaza,Kollupitiya, Colombo 03🕙 Open Daily: 10:00 AM – 7:00 PM💬 Message us now for the latest prices & exclusive offers!🔥 Limited Stock. Best Deals. Don’t Miss Out!"
Apple Air 8 M4 11” 128GB Wi-Fi,"Rs 249,000",Unknown,https://ikman.lk/en/ad/apple-air-8-m4-11-128gb-wi-fi-for-sale-colombo,,,,"🔥 LIMITED STOCK — GRAB YOURS BEFORE IT’S GONE! 📱✨ Premium Smartphones – Best Deals in Colombo📦 Brand New & Sealed Pack✅ 100% Genuine Products GuaranteedLooking for authentic devices at the best prices?Shop with confidence at Phone Paradise — trusted for quality, service & unbeatable offers. ❤️💳 Flexible Payment Options• Cash & Card Accepted• Installment Plans Available (T&C Apply)• KOKO Payment Available🔄 Phone Exchange Available🚚 Islandwide Delivery – Fast & Secure📍 Visit Our ShowroomNo. 40, Ground Floor, Liberty Plaza,Kollupitiya, Colombo 03🕙 Open Daily: 10:00 AM – 7:00 PM💬 Message us now for the latest prices & exclusive offers!🔥 Limited Stock. Best Deals. Don’t Miss Out!"
Samsung Tablet A11 8GB 128GB,"Rs 61,000",Unknown,https://ikman.lk/en/ad/samsung-tablet-a11-8gb-128gb-for-sale-colombo,,,,"1🔥 LIMITED STOCK — GRAB YOURS BEFORE IT’S GONE! 📱✨ Premium Smartphones – Best Deals in Colombo📦 Brand New & Sealed Pack✅ 100% Genuine Products GuaranteedLooking for authentic devices at the best prices?Shop with confidence at Phone Paradise — trusted for quality, service & unbeatable offers. ❤️💳 Flexible Payment Options• Cash & Card Accepted• Installment Plans Available (T&C Apply)• KOKO Payment Available🔄 Phone Exchange Available🚚 Islandwide Delivery – Fast & Secure📍 Visit Our ShowroomNo. 40, Ground Floor, Liberty Plaza,Kollupitiya, Colombo 03🕙 Open Daily: 10:00 AM – 7:00 PM💬 Message us now for the latest prices & exclusive offers!🔥 Limited Stock. Best Deals. Don’t Miss Out!"
Samsung Galaxy A11 Plus 8GB 256GB,"Rs 102,500",Unknown,https://ikman.lk/en/ad/samsung-galaxy-a11-plus-8gb-256gb-for-sale-colombo-202,,,,"‎⭕MOBILE CARE ‎‎🔰 Brand new Sealed Pack‎🔰 100% Genuine Products ‎🔰 Credit Card Payments Accepted.(Condition Apply)‎🔰 ⁠Prices will change according to color, country / region‎🔰After sales service and support will be provided‎🔰koko payment accepted ‎☆(SEYLAN BANK)‎●12 Months ‎●24 Months  ‎‎☆(COMMERCIAL BANK)‎●6 Months ‎●12 Months  ‎●18 Months ‎●24 Months ‎‎☆(SAMPATH BANK)‎●6 Months‎●12 Months ‎●24 Months‎●40 Months ‎‎♦️Cash on Delivery (Colombo Only)‎♦️Delivery & Pickup Loacation - Liberty Plaza Colombo 03 ‎‎For More Details Please Contact us or Visit  Showroom ‎MOBILE CARE ‎No 24,1ST FLOOR LIBERTY PLAZA COLOMBO 03‎‎‎Bussines hours‎10.00 AM - 07.30 PM"
greentel tab a9 pro,"Rs 32,500",Unknown,https://ikman.lk/en/ad/greentel-tab-a9-pro-for-sale-kandy,,,,Rom 64 GB Ram 4gb +4gb extra Call for more information
GALAXY TAB S10 FE 5G 8GB | 128GB,"Rs 158,500",Unknown,https://ikman.lk/en/ad/galaxy-tab-s10-fe-5g-8gb-128gb-for-sale-colombo-14,,,,iCon Mobile.lk Trusted Mobile Partner in Sri LankaSamsung Galaxy tab S10 FE 5G  | 8GB / 128GB |🔴 One Year Warranty🔴 Brand New Sealed Pack🔴 Exchange Possible*Cash Price*Price may change depending on colour and Reigon🚚Delivery Available Colombo and sub (T&C apply)🧩 KOKO Available T&C Apply  🧩 Instalment Available for Credit Card Holders…..! 💳 Sampath Bank💳 HSBC💳 People’s Bank💳 Commercial Bank💳 Seylan Bank0% Installment Plans Available (T&C Apply)🔴This prices apply only when buying the complete device package🔴 📱 Feel to free call or WhatsApp for more information….!!🏬 iCon Mobile (PVT) Ltd📍59 1st floor liberty plaza Colombo 03
GALAXY TAB A11 8GB | 128GB,"Rs 66,500",Unknown,https://ikman.lk/en/ad/galaxy-tab-a11-8gb-128gb-for-sale-colombo-20,,,,iCon Mobile.lk Trusted Mobile Partner in Sri LankaSamsung Galaxy tab A11  | 8GB / 128GB 🔴 One Year Warranty🔴 Brand New Sealed Pack🔴 Exchange Possible*Cash Price*Price may change depending on colour and Reigon🚚Delivery Available Colombo and sub (T&C apply)🧩 KOKO Available T&C Apply  🧩 Instalment Available for Credit Card Holders…..! 💳 Sampath Bank💳 HSBC💳 People’s Bank💳 Commercial Bank💳 Seylan Bank0% Installment Plans Available (T&C Apply)🔴This prices apply only when buying the complete device package🔴 📱 Feel to free call or WhatsApp for more information….!!🏬 iCon Mobile (PVT) Ltd📍59 1st floor liberty plaza Colombo 03
GALAXY TAB A11 4GB | 64GB,"Rs 49,900",Unknown,https://ikman.lk/en/ad/galaxy-tab-a11-4gb-64gb-for-sale-colombo-20,,,,iCon Mobile.lk Trusted Mobile Partner in Sri LankaSamsung Galaxy tab A11   | 4GB / 64GB |🔴 One Year Warranty🔴 Brand New Sealed Pack🔴 Exchange Possible*Cash Price*Price may change depending on colour and Reigon🚚Delivery Available Colombo and sub (T&C apply)🧩 KOKO Available T&C Apply  🧩 Instalment Available for Credit Card Holders…..! 💳 Sampath Bank💳 HSBC💳 People’s Bank💳 Commercial Bank💳 Seylan Bank0% Installment Plans Available (T&C Apply)🔴This prices apply only when buying the complete device package🔴 📱 Feel to free call or WhatsApp for more information….!!🏬 iCon Mobile (PVT) Ltd📍59 1st floor liberty plaza Colombo 03
iPad A16 256GB WiFi Used,"Rs 159,900",Unknown,https://ikman.lk/en/ad/ipad-a16-256gb-wifi-used-for-sale-colombo,,,,"PRE-OWNED iPad 16 | 256GB | Wi-FiExceptional condition. Complete set.Battery Health — 100%Cycle Count — Only 06Storage — 256GBFull Set with Original BoxMcdodo Pencil IncludedPremium Pouch IncludedAppleCare Warranty — Until February 2027A premium iPad, carefully selected and ready for its next owner.DM for price and availability.#iPad16 #iPad256GB #PreOwnediPad #iPadSriLanka #iPadColombo #AppleSriLanka #TechSparrow"
S9FE plus 8GB128GB 5G,"Rs 115,900",Unknown,https://ikman.lk/en/ad/s9fe-plus-8gb128gb-5g-for-sale-gampaha,,,,"Samsung Galaxy TAB S9 FE plus 8GB 128GB 5GBrand new conditionFull set with box With warranty Delivery can be arrange to door step🚚Credit card & Debit card accepted💳Exchange accepted any phone 📱 ව්‍යාජ දුරකථන අලෙවි කරන්නන්ට නොරැවටෙන්න. විදේශ රටින් ගෙන්වන ලද දුරකථන අඩුම මිලට අපෙන් පමණයි.දුරකථන විකිණිම හා දුරකථන මිලට ගැනිම.SKN Mobile Kiribathgoda,Makola North Makola."
Samsung S6 lite,"Rs 45,000",Unknown,https://ikman.lk/en/ad/samsung-s6-lite-for-sale-colombo,,,,100% working condition Mint body condition Tab only Call
iPad PRO 11” 3ND GEN,"Rs 120,000",Unknown,https://ikman.lk/en/ad/ipad-pro-11-3nd-gen-for-sale-gampaha,,,,🔥 FOR SALE – iPad PRO 11” 3ND GEN 🔥📱 Model: iPad Pro 11-inch (3nd Generation)💾 Storage: 128GB📶 Model: wifi🎨 Color: Space Grey🔋 Battery: Super Battery Life
Samsung Galaxy S11 Ultra 12/256GB,"Rs 338,900",Unknown,https://ikman.lk/en/ad/samsung-galaxy-s11-ultra-12-256gb-for-sale-colombo-74,,,,"X-MOBILESAMSUNG GALAXY• Brand New Sealed Pack• 100% Genuine Products• Credit Card Payments Accepted (Conditions Apply)• Best After-Sales Support and Service• One Year Software Warranty• Additional charges apply for hardware warranty• Cash on Delivery (Colombo Only)• Delivery  Pickup Location - Liberty Plaza, Colombo 03• රටේ පවතින තත්ත්වය හේතුවෙන් ජංගම දුරකථනවල මිල ගණන් දවසින් දවස වෙනස් වන බැවින්, කරුණාකර අප වෙත ඇමතුමක් ලබාදී අද දින මිල ගණන් අහන්න.Flexible Payment Options:• Installment plans available for up to 40 months• 0% Interest Financing Available for Bank Installments (Terms and Conditions Apply)• Koko Payment Options Available (Terms and Conditions Apply)For More Details, Please Contact Us or Visit Our ShowroomX Mobile  No: 42N, Ground Floor,  Liberty Plaza,  Colombo 03  Google Search ""X MOBILE"" for DirectionsBusiness Hours:  10:00 AM - 07:00 PMChat with Us on WhatsAppGet your items delivered to you! 🔥"
Samsung Galaxy S10 Lite 8/256GB,"Rs 128,900",Unknown,https://ikman.lk/en/ad/samsung-galaxy-s10-lite-8-256gb-for-sale-colombo-40,,,,"X-MOBILESAMSUNG GALAXY• Brand New Sealed Pack• 100% Genuine Products• Credit Card Payments Accepted (Conditions Apply)• Best After-Sales Support and Service• One Year Software Warranty• Additional charges apply for hardware warranty• Cash on Delivery (Colombo Only)• Delivery  Pickup Location - Liberty Plaza, Colombo 03• රටේ පවතින තත්ත්වය හේතුවෙන් ජංගම දුරකථනවල මිල ගණන් දවසින් දවස වෙනස් වන බැවින්, කරුණාකර අප වෙත ඇමතුමක් ලබාදී අද දින මිල ගණන් අහන්න.Flexible Payment Options:• Installment plans available for up to 40 months• 0% Interest Financing Available for Bank Installments (Terms and Conditions Apply)• Koko Payment Options Available (Terms and Conditions Apply)For More Details, Please Contact Us or Visit Our ShowroomX Mobile  No: 42N, Ground Floor,  Liberty Plaza,  Colombo 03  Google Search ""X MOBILE"" for DirectionsBusiness Hours:  10:00 AM - 07:00 PMChat with Us on WhatsAppGet your items delivered to you! 🔥"
Samsung Galaxy Tab S10 Lite 6GB 128GB Wifi,"Rs 103,900",Unknown,https://ikman.lk/en/ad/samsung-galaxy-tab-s10-lite-6gb-128gb-wifi-for-sale-colombo-1,,,,"📱 **Samsung Galaxy Tab S10 Lite – 6GB RAM | 128GB Wifi Storage**🔹 **Product Highlights**✅ 6GB RAM + 128GB Storage – Smooth performance with ample storage✅ Large Immersive Display – Perfect for entertainment, study & work✅ Powerful Processor – Fast and responsive everyday performance✅ S Pen Support – Ideal for note-taking, drawing & creativity✅ Long-Lasting Battery – Enjoy hours of usage✅ Fast Charging Support – Quick and convenient charging✅ Wi-Fi Connectivity – Fast browsing, streaming & downloads✅ Slim & Lightweight Design – Easy to carry anywhere✅ 100% Original | Brand New | Sealed Box💥💥 **Available Now!** 💥💥🚚 **Delivery Options**🏍️ Colombo Doorstep Delivery📦 Island-wide Delivery via Courier Service📞 Call now to arrange your delivery!🏧 **Easy Installment Plans Available (T&C Apply)**💳 Sampath Bank💳 HSBC💳 People’s Bank💳 Commercial Bank💳 Seylan Bank📍 **Visit Us**Your Mobile StoreLiberty Plaza / Colombo Area📞 Contact Us Today for More Information!🕘 **Business Hours**🗓️ Monday – Saturday: 10:00 AM – 7:30 PM🗓️ Sunday: 10:00 AM – 6:00 PM"
HP ProBook 450 G8 | Intel Core i5 11th Gen 8GB RAM 256GB NVMe SSD,"Rs 124,500",Unknown,https://ikman.lk/en/ad/hp-probook-450-g8-intel-core-i5-11th-gen-8gb-ram-256gb-nvme-ssd-for-sale-colombo,,,,"Upgrade to a reliable business-class laptop with the HP ProBook 450 G8, powered by an 11th Generation Intel Core i5 processor. This refurbished laptop is perfect for office work, online classes, programming, accounting, graphic design, and everyday use.Specifications💻 Model: HP ProBook 450 G8⚡ Processor: Intel Core i5 11th Gen🧠 RAM: 8GB DDR4💾 Storage: 256GB NVMe SSD🖥️ Display: 15.6"" Full HD (1920 × 1080) Anti-Glare🎮 Graphics: Intel Iris Xe Graphics🔐 Fingerprint Reader: Yes (model dependent)⌨️ Keyboard: Backlit (model dependent)💼 Condition: RefurbishedWarranty✅ 6 Months Hardware Warranty✅ 2 Years Software WarrantyIdeal ForOffice & Business WorkStudents & Online LearningProgramming & ITAccounting & Professional ApplicationsWork From Home & Everyday UsePrice: Rs. 125,000📞 Contact us today for availability and delivery across Sri Lanka."
Samsung Galaxy S6 Lite 4/128GB,"Rs 88,900",Unknown,https://ikman.lk/en/ad/samsung-galaxy-s6-lite-4-128gb-for-sale-colombo-57,,,,"X-MOBILESAMSUNG GALAXY• Brand New Sealed Pack• 100% Genuine Products• Credit Card Payments Accepted (Conditions Apply)• Best After-Sales Support and Service• One Year Software Warranty• Additional charges apply for hardware warranty• Cash on Delivery (Colombo Only)• Delivery  Pickup Location - Liberty Plaza, Colombo 03• රටේ පවතින තත්ත්වය හේතුවෙන් ජංගම දුරකථනවල මිල ගණන් දවසින් දවස වෙනස් වන බැවින්, කරුණාකර අප වෙත ඇමතුමක් ලබාදී අද දින මිල ගණන් අහන්න.Flexible Payment Options:• Installment plans available for up to 40 months• 0% Interest Financing Available for Bank Installments (Terms and Conditions Apply)• Koko Payment Options Available (Terms and Conditions Apply)For More Details, Please Contact Us or Visit Our ShowroomX Mobile  No: 42N, Ground Floor,  Liberty Plaza,  Colombo 03  Google Search ""X MOBILE"" for DirectionsBusiness Hours:  10:00 AM - 07:00 PMChat with Us on WhatsAppGet your items delivered to you! 🔥"
Samsung Galaxy S10 Lite 6/128GB,"Rs 100,900",Unknown,https://ikman.lk/en/ad/samsung-galaxy-s10-lite-6-128gb-for-sale-colombo-75,,,,"X-MOBILESAMSUNG GALAXY• Brand New Sealed Pack• 100% Genuine Products• Credit Card Payments Accepted (Conditions Apply)• Best After-Sales Support and Service• One Year Software Warranty• Additional charges apply for hardware warranty• Cash on Delivery (Colombo Only)• Delivery  Pickup Location - Liberty Plaza, Colombo 03• රටේ පවතින තත්ත්වය හේතුවෙන් ජංගම දුරකථනවල මිල ගණන් දවසින් දවස වෙනස් වන බැවින්, කරුණාකර අප වෙත ඇමතුමක් ලබාදී අද දින මිල ගණන් අහන්න.Flexible Payment Options:• Installment plans available for up to 40 months• 0% Interest Financing Available for Bank Installments (Terms and Conditions Apply)• Koko Payment Options Available (Terms and Conditions Apply)For More Details, Please Contact Us or Visit Our ShowroomX Mobile  No: 42N, Ground Floor,  Liberty Plaza,  Colombo 03  Google Search ""X MOBILE"" for DirectionsBusiness Hours:  10:00 AM - 07:00 PMChat with Us on WhatsAppGet your items delivered to you! 🔥"
Samsung Galaxy S10 Plus 12/256GB with Keyboard,"Rs 264,900",Unknown,https://ikman.lk/en/ad/samsung-galaxy-s10-plus-12-256gb-with-keyboard-for-sale-colombo-14,,,,"X-MOBILESAMSUNG GALAXY• Brand New Sealed Pack• 100% Genuine Products• Credit Card Payments Accepted (Conditions Apply)• Best After-Sales Support and Service• One Year Software Warranty• Additional charges apply for hardware warranty• Cash on Delivery (Colombo Only)• Delivery  Pickup Location - Liberty Plaza, Colombo 03• රටේ පවතින තත්ත්වය හේතුවෙන් ජංගම දුරකථනවල මිල ගණන් දවසින් දවස වෙනස් වන බැවින්, කරුණාකර අප වෙත ඇමතුමක් ලබාදී අද දින මිල ගණන් අහන්න.Flexible Payment Options:• Installment plans available for up to 40 months• 0% Interest Financing Available for Bank Installments (Terms and Conditions Apply)• Koko Payment Options Available (Terms and Conditions Apply)For More Details, Please Contact Us or Visit Our ShowroomX Mobile  No: 42N, Ground Floor,  Liberty Plaza,  Colombo 03  Google Search ""X MOBILE"" for DirectionsBusiness Hours:  10:00 AM - 07:00 PMChat with Us on WhatsAppGet your items delivered to you! 🔥"
Samsung Galaxy S10 Plus 12/256GB,"Rs 234,900",Unknown,https://ikman.lk/en/ad/samsung-galaxy-s10-plus-12-256gb-for-sale-colombo-90,,,,"X-MOBILESAMSUNG GALAXY• Brand New Sealed Pack• 100% Genuine Products• Credit Card Payments Accepted (Conditions Apply)• Best After-Sales Support and Service• One Year Software Warranty• Additional charges apply for hardware warranty• Cash on Delivery (Colombo Only)• Delivery  Pickup Location - Liberty Plaza, Colombo 03• රටේ පවතින තත්ත්වය හේතුවෙන් ජංගම දුරකථනවල මිල ගණන් දවසින් දවස වෙනස් වන බැවින්, කරුණාකර අප වෙත ඇමතුමක් ලබාදී අද දින මිල ගණන් අහන්න.Flexible Payment Options:• Installment plans available for up to 40 months• 0% Interest Financing Available for Bank Installments (Terms and Conditions Apply)• Koko Payment Options Available (Terms and Conditions Apply)For More Details, Please Contact Us or Visit Our ShowroomX Mobile  No: 42N, Ground Floor,  Liberty Plaza,  Colombo 03  Google Search ""X MOBILE"" for DirectionsBusiness Hours:  10:00 AM - 07:00 PMChat with Us on WhatsAppGet your items delivered to you! 🔥"
Samsung Galaxy S10 Ultra 12/256GB,"Rs 278,900",Unknown,https://ikman.lk/en/ad/samsung-galaxy-s10-ultra-12-256gb-for-sale-colombo-87,,,,"X-MOBILESAMSUNG GALAXY• Brand New Sealed Pack• 100% Genuine Products• Credit Card Payments Accepted (Conditions Apply)• Best After-Sales Support and Service• One Year Software Warranty• Additional charges apply for hardware warranty• Cash on Delivery (Colombo Only)• Delivery  Pickup Location - Liberty Plaza, Colombo 03• රටේ පවතින තත්ත්වය හේතුවෙන් ජංගම දුරකථනවල මිල ගණන් දවසින් දවස වෙනස් වන බැවින්, කරුණාකර අප වෙත ඇමතුමක් ලබාදී අද දින මිල ගණන් අහන්න.Flexible Payment Options:• Installment plans available for up to 40 months• 0% Interest Financing Available for Bank Installments (Terms and Conditions Apply)• Koko Payment Options Available (Terms and Conditions Apply)For More Details, Please Contact Us or Visit Our ShowroomX Mobile  No: 42N, Ground Floor,  Liberty Plaza,  Colombo 03  Google Search ""X MOBILE"" for DirectionsBusiness Hours:  10:00 AM - 07:00 PMChat with Us on WhatsAppGet your items delivered to you! 🔥"
Samsung Galaxy S10 Fe Plus 12/256GB,"Rs 188,900",Unknown,https://ikman.lk/en/ad/samsung-galaxy-s10-fe-plus-12-256gb-for-sale-colombo-106,,,,"X-MOBILESAMSUNG GALAXY• Brand New Sealed Pack• 100% Genuine Products• Credit Card Payments Accepted (Conditions Apply)• Best After-Sales Support and Service• One Year Software Warranty• Additional charges apply for hardware warranty• Cash on Delivery (Colombo Only)• Delivery  Pickup Location - Liberty Plaza, Colombo 03• රටේ පවතින තත්ත්වය හේතුවෙන් ජංගම දුරකථනවල මිල ගණන් දවසින් දවස වෙනස් වන බැවින්, කරුණාකර අප වෙත ඇමතුමක් ලබාදී අද දින මිල ගණන් අහන්න.Flexible Payment Options:• Installment plans available for up to 40 months• 0% Interest Financing Available for Bank Installments (Terms and Conditions Apply)• Koko Payment Options Available (Terms and Conditions Apply)For More Details, Please Contact Us or Visit Our ShowroomX Mobile  No: 42N, Ground Floor,  Liberty Plaza,  Colombo 03  Google Search ""X MOBILE"" for DirectionsBusiness Hours:  10:00 AM - 07:00 PMChat with Us on WhatsAppGet your items delivered to you! 🔥"
Samsung Galaxy S10 Fe Plus 8/128GB,"Rs 161,900",Unknown,https://ikman.lk/en/ad/samsung-galaxy-s10-fe-plus-8-128gb-for-sale-colombo-120,,,,"X-MOBILESAMSUNG GALAXY• Brand New Sealed Pack• 100% Genuine Products• Credit Card Payments Accepted (Conditions Apply)• Best After-Sales Support and Service• One Year Software Warranty• Additional charges apply for hardware warranty• Cash on Delivery (Colombo Only)• Delivery  Pickup Location - Liberty Plaza, Colombo 03• රටේ පවතින තත්ත්වය හේතුවෙන් ජංගම දුරකථනවල මිල ගණන් දවසින් දවස වෙනස් වන බැවින්, කරුණාකර අප වෙත ඇමතුමක් ලබාදී අද දින මිල ගණන් අහන්න.Flexible Payment Options:• Installment plans available for up to 40 months• 0% Interest Financing Available for Bank Installments (Terms and Conditions Apply)• Koko Payment Options Available (Terms and Conditions Apply)For More Details, Please Contact Us or Visit Our ShowroomX Mobile  No: 42N, Ground Floor,  Liberty Plaza,  Colombo 03  Google Search ""X MOBILE"" for DirectionsBusiness Hours:  10:00 AM - 07:00 PMChat with Us on WhatsAppGet your items delivered to you! 🔥"
Galaxy S10 fe 8/128,"Rs 119,900",Unknown,https://ikman.lk/en/ad/galaxy-s10-fe-8-128-for-sale-colombo-137,,,,"X-MOBILESAMSUNG GALAXY• Brand New Sealed Pack• 100% Genuine Products• Credit Card Payments Accepted (Conditions Apply)• Best After-Sales Support and Service• One Year Software Warranty• Additional charges apply for hardware warranty• Cash on Delivery (Colombo Only)• Delivery  Pickup Location - Liberty Plaza, Colombo 03• රටේ පවතින තත්ත්වය හේතුවෙන් ජංගම දුරකථනවල මිල ගණන් දවසින් දවස වෙනස් වන බැවින්, කරුණාකර අප වෙත ඇමතුමක් ලබාදී අද දින මිල ගණන් අහන්න.Authorized Dealer for:iPhone | Samsung | Oppo | Huawei | Nokia | Xiaomi | Realme | VivoFlexible Payment Options:• Installment plans available for up to 40 months• 0% Interest Financing Available for Bank Installments (Terms and Conditions Apply)• Koko Payment Options Available (Terms and Conditions Apply)For More Details, Please Contact Us or Visit Our ShowroomX Mobile  No: 42N, Ground Floor,  Liberty Plaza,  Colombo 03  Google Search ""X MOBILE"" for DirectionsBusiness Hours:  10:00 AM - 07:00 PMChat with Us on WhatsAppGet your items delivered to you! 🔥"
Samsung Galaxy S10 Fe 12/256GB,"Rs 154,900",Unknown,https://ikman.lk/en/ad/samsung-galaxy-s10-fe-12-256gb-for-sale-colombo-96,,,,"X-MOBILESAMSUNG GALAXY• Brand New Sealed Pack• 100% Genuine Products• Credit Card Payments Accepted (Conditions Apply)• Best After-Sales Support and Service• One Year Software Warranty• Additional charges apply for hardware warranty• Cash on Delivery (Colombo Only)• Delivery  Pickup Location - Liberty Plaza, Colombo 03• රටේ පවතින තත්ත්වය හේතුවෙන් ජංගම දුරකථනවල මිල ගණන් දවසින් දවස වෙනස් වන බැවින්, කරුණාකර අප වෙත ඇමතුමක් ලබාදී අද දින මිල ගණන් අහන්න.Flexible Payment Options:• Installment plans available for up to 40 months• 0% Interest Financing Available for Bank Installments (Terms and Conditions Apply)• Koko Payment Options Available (Terms and Conditions Apply)For More Details, Please Contact Us or Visit Our ShowroomX Mobile  No: 42N, Ground Floor,  Liberty Plaza,  Colombo 03  Google Search ""X MOBILE"" for DirectionsBusiness Hours:  10:00 AM - 07:00 PMChat with Us on WhatsAppGet your items delivered to you! 🔥"
Samsung Galaxy A11 8/128GB,"Rs 63,900",Unknown,https://ikman.lk/en/ad/samsung-galaxy-a11-8-128gb-for-sale-colombo-81,,,,"X-MOBILESAMSUNG GALAXY• Brand New Sealed Pack• 100% Genuine Products• Credit Card Payments Accepted (Conditions Apply)• Best After-Sales Support and Service• One Year Software Warranty• Additional charges apply for hardware warranty• Cash on Delivery (Colombo Only)• Delivery  Pickup Location - Liberty Plaza, Colombo 03• රටේ පවතින තත්ත්වය හේතුවෙන් ජංගම දුරකථනවල මිල ගණන් දවසින් දවස වෙනස් වන බැවින්, කරුණාකර අප වෙත ඇමතුමක් ලබාදී අද දින මිල ගණන් අහන්න.Flexible Payment Options:• Installment plans available for up to 40 months• 0% Interest Financing Available for Bank Installments (Terms and Conditions Apply)• Koko Payment Options Available (Terms and Conditions Apply)For More Details, Please Contact Us or Visit Our ShowroomX Mobile  No: 42N, Ground Floor,  Liberty Plaza,  Colombo 03  Google Search ""X MOBILE"" for DirectionsBusiness Hours:  10:00 AM - 07:00 PMChat with Us on WhatsAppGet your items delivered to you! 🔥"
Samsung Galaxy A11 4/64GB,"Rs 47,900",Unknown,https://ikman.lk/en/ad/samsung-galaxy-a11-4-64gb-for-sale-colombo-71,,,,"X-MOBILESAMSUNG GALAXY• Brand New Sealed Pack• 100% Genuine Products• Credit Card Payments Accepted (Conditions Apply)• Best After-Sales Support and Service• One Year Software Warranty• Additional charges apply for hardware warranty• Cash on Delivery (Colombo Only)• Delivery  Pickup Location - Liberty Plaza, Colombo 03• රටේ පවතින තත්ත්වය හේතුවෙන් ජංගම දුරකථනවල මිල ගණන් දවසින් දවස වෙනස් වන බැවින්, කරුණාකර අප වෙත ඇමතුමක් ලබාදී අද දින මිල ගණන් අහන්න.Flexible Payment Options:• Installment plans available for up to 40 months• 0% Interest Financing Available for Bank Installments (Terms and Conditions Apply)• Koko Payment Options Available (Terms and Conditions Apply)For More Details, Please Contact Us or Visit Our ShowroomX Mobile  No: 42N, Ground Floor,  Liberty Plaza,  Colombo 03  Google Search ""X MOBILE"" for DirectionsBusiness Hours:  10:00 AM - 07:00 PMChat with Us on WhatsAppGet your items delivered to you! 🔥"
Samsung Galaxy S10 Plus 12GB 256GB,"Rs 235,000",Unknown,https://ikman.lk/en/ad/samsung-galaxy-s10-plus-12gb-256gb-for-sale-colombo-396,,,,"‎⭕MOBILE CARE ‎‎🔰 Brand new Sealed Pack‎🔰 100% Genuine Products ‎🔰 Credit Card Payments Accepted.(Condition Apply)‎🔰 ⁠Prices will change according to color, country / region‎🔰After sales service and support will be provided‎🔰koko payment accepted ‎☆(SEYLAN BANK)‎●12 Months ‎●24 Months  ‎‎☆(COMMERCIAL BANK)‎●6 Months ‎●12 Months  ‎●18 Months ‎●24 Months ‎‎☆(SAMPATH BANK)‎●6 Months‎●12 Months ‎●24 Months‎●40 Months ‎‎♦️Cash on Delivery (Colombo Only)‎♦️Delivery & Pickup Loacation - Liberty Plaza Colombo 03 ‎‎For More Details Please Contact us or Visit  Showroom ‎MOBILE CARE ‎No 24,1ST FLOOR LIBERTY PLAZA COLOMBO 03‎‎‎Bussines hours‎10.00 AM - 07.30 PM"
Samsung Galaxy S10 FE 5G 12GB 256GB,"Rs 195,000",Unknown,https://ikman.lk/en/ad/samsung-galaxy-s10-fe-5g-12gb-256gb-for-sale-colombo-56,,,,"‎⭕MOBILE CARE ‎‎🔰 Brand new Sealed Pack‎🔰 100% Genuine Products ‎🔰 Credit Card Payments Accepted.(Condition Apply)‎🔰 ⁠Prices will change according to color, country / region‎🔰After sales service and support will be provided‎🔰koko payment accepted ‎☆(SEYLAN BANK)‎●12 Months ‎●24 Months  ‎‎☆(COMMERCIAL BANK)‎●6 Months ‎●12 Months  ‎●18 Months ‎●24 Months ‎‎☆(SAMPATH BANK)‎●6 Months‎●12 Months ‎●24 Months‎●40 Months ‎‎♦️Cash on Delivery (Colombo Only)‎♦️Delivery & Pickup Loacation - Liberty Plaza Colombo 03 ‎‎For More Details Please Contact us or Visit  Showroom ‎MOBILE CARE ‎No 24,1ST FLOOR LIBERTY PLAZA COLOMBO 03‎‎‎Bussines hours‎10.00 AM - 07.30 PM"
Samsung Galaxy S11 12GB 256GB,"Rs 268,000",Unknown,https://ikman.lk/en/ad/samsung-galaxy-s11-12gb-256gb-for-sale-colombo-193,,,,"‎⭕MOBILE CARE ‎‎🔰 Brand new Sealed Pack‎🔰 100% Genuine Products ‎🔰 Credit Card Payments Accepted.(Condition Apply)‎🔰 ⁠Prices will change according to color, country / region‎🔰After sales service and support will be provided‎🔰koko payment accepted ‎☆(SEYLAN BANK)‎●12 Months ‎●24 Months  ‎‎☆(COMMERCIAL BANK)‎●6 Months ‎●12 Months  ‎●18 Months ‎●24 Months ‎‎☆(SAMPATH BANK)‎●6 Months‎●12 Months ‎●24 Months‎●40 Months ‎‎♦️Cash on Delivery (Colombo Only)‎♦️Delivery & Pickup Loacation - Liberty Plaza Colombo 03 ‎‎For More Details Please Contact us or Visit  Showroom ‎MOBILE CARE ‎No 24,1ST FLOOR LIBERTY PLAZA COLOMBO 03‎‎‎Bussines hours‎10.00 AM - 07.30 PM"
Samsung Galaxy S11 12GB 128GB,"Rs 235,000",Unknown,https://ikman.lk/en/ad/samsung-galaxy-s11-12gb-128gb-for-sale-colombo-44,,,,"‎⭕MOBILE CARE ‎‎🔰 Brand new Sealed Pack‎🔰 100% Genuine Products ‎🔰 Credit Card Payments Accepted.(Condition Apply)‎🔰 ⁠Prices will change according to color, country / region‎🔰After sales service and support will be provided‎🔰koko payment accepted ‎☆(SEYLAN BANK)‎●12 Months ‎●24 Months  ‎‎☆(COMMERCIAL BANK)‎●6 Months ‎●12 Months  ‎●18 Months ‎●24 Months ‎‎☆(SAMPATH BANK)‎●6 Months‎●12 Months ‎●24 Months‎●40 Months ‎‎♦️Cash on Delivery (Colombo Only)‎♦️Delivery & Pickup Loacation - Liberty Plaza Colombo 03 ‎‎For More Details Please Contact us or Visit  Showroom ‎MOBILE CARE ‎No 24,1ST FLOOR LIBERTY PLAZA COLOMBO 03‎‎‎Bussines hours‎10.00 AM - 07.30 PM"
Apple iPad 6th Generation 32GB,"Rs 27,990",Unknown,https://ikman.lk/en/ad/apple-ipad-6th-generation-32gb-for-sale-gampaha-1,,,,"ORIGINAL APPLE IPAD 6TH GENERATION TAB FOR SALE. TRCSL APPROVED.[Direct Imported / Pre-owned / Authorized Warranty]Final Cash Discounted Price: Rs 27,990/=THE LOWEST PRICE IN SRI LANKA! ශ්‍රී ලංකාවේ අඩුම මිල අපෙන්! 'KOKO Payments' සමගින් මාස 6කින් ගෙවන්න ගන්න!⭐️ 1 YEAR WARRANTY | වසරක වගකීම**(කොන්දේසි අදාළ වේ.)🔴 100% BRAND NEW CONDITION. 🔴 100% WORKING CONDITION. 📱 9.7 Inches High Resolution Display 📱 32GB Storage📱 Ultra Clear Super High Quality Camera📱 Perfect Battery Capacity📣 Real Pictures Attached 📣 Exchange Possible 💳 We Accept Credit Cards (VISA / MASTER / AMEX) & Bank Transfers💳 We Accept 'KOKO Payments' (Buy Now, Pay Later!)🎀 සුවිශේෂී හුවමාරු වට්ටම්! 🎀 ඔබ දැනට භාවිතා කරන ජංගම දුරකථනය හෝ ලැප්ටොප් පරිගණකය සඳහා ඉහළම සාධාරණ මිළක් අපෙන්! 🚚 ශ්‍රී ලංකාවේ ඕනෑම ස්ථානයකට ආරක්ෂිතව ගෙන්වා ගත හැක. භාණ්‌ඩය ඔබ වෙත ලැබුණු පසු මුදල් ගෙවන්න. Island-wide Cash On Delivery. 🚚 කොළඹ සහ ගම්පහ දිස්ත්‍රික්කයේ ඕනෑම ස්ථානයකට පැයක් වැනි කෙටි කාලයක් තුළ ගෙන්වා ගත හැක. (Money-Back Guarantee)——————————————————————📌️ THE SMART HUB (PVT) LTD. 139/E3, Kandy Road, Kadawatha. (කඩවත කලර් ලයිට්ස් අසල, මහජන බැංකුවට යාබද ගොඩනැගිල්ලේ ඉහළ මහළ)  🕘 සෑම දිනකම උදැසන 09.00 සිට රාත්‍රී 8.00 දක්වා විවෘතයි.——————————————————————මෙම දැන්වීම ඉදිරිපත්කර සුවිශේෂී දීමනාව ලබාගන්න.සැළකිය යුතුයි: අලුත්වැඩියා කරන ලද (Repaired) හෝ නවීකරණය කරන ලද (Refurbished) භාණ්ඩ අප ආයතනය මගින් අලෙවිකරනු නොලැබේ."
Samsung Galaxy S10 Fe 12GB 256GB NEW,"Rs 149,000",Unknown,https://ikman.lk/en/ad/samsung-galaxy-s10-fe-12gb-256gb-new-for-sale-colombo-36,,,,"‎⭕MOBILE CARE ‎‎🔰 Brand new Sealed Pack‎🔰 100% Genuine Products ‎🔰 Credit Card Payments Accepted.(Condition Apply)‎🔰 ⁠Prices will change according to color, country / region‎🔰After sales service and support will be provided‎🔰koko payment accepted ‎☆(SEYLAN BANK)‎●12 Months ‎●24 Months  ‎‎☆(COMMERCIAL BANK)‎●6 Months ‎●12 Months  ‎●18 Months ‎●24 Months ‎‎☆(SAMPATH BANK)‎●6 Months‎●12 Months ‎●24 Months‎●40 Months ‎‎♦️Cash on Delivery (Colombo Only)‎♦️Delivery & Pickup Loacation - Liberty Plaza Colombo 03 ‎‎For More Details Please Contact us or Visit  Showroom ‎MOBILE CARE ‎No 24,1ST FLOOR LIBERTY PLAZA COLOMBO 03‎‎‎Bussines hours‎10.00 AM - 07.30 PM"
Samsung Galaxy S10 FE 8GB 128GB Tab,"Rs 120,000",Unknown,https://ikman.lk/en/ad/samsung-galaxy-s10-fe-8gb-128gb-tab-for-sale-colombo-3,,,,"‎⭕MOBILE CARE ‎‎🔰 Brand new Sealed Pack‎🔰 100% Genuine Products ‎🔰 Credit Card Payments Accepted.(Condition Apply)‎🔰 ⁠Prices will change according to color, country / region‎🔰After sales service and support will be provided‎🔰koko payment accepted ‎☆(SEYLAN BANK)‎●12 Months ‎●24 Months  ‎‎☆(COMMERCIAL BANK)‎●6 Months ‎●12 Months  ‎●18 Months ‎●24 Months ‎‎☆(SAMPATH BANK)‎●6 Months‎●12 Months ‎●24 Months‎●40 Months ‎‎♦️Cash on Delivery (Colombo Only)‎♦️Delivery & Pickup Loacation - Liberty Plaza Colombo 03 ‎‎For More Details Please Contact us or Visit  Showroom ‎MOBILE CARE ‎No 24,1ST FLOOR LIBERTY PLAZA COLOMBO 03‎‎‎Bussines hours‎10.00 AM - 07.30 PM"
Samsung Galaxy S11 Ultra 12GB 256GB Tab,"Rs 329,480",Unknown,https://ikman.lk/en/ad/samsung-galaxy-s11-ultra-12gb-256gb-tab-for-sale-colombo,,,,"NE❌️EL  ‎(Nexel)‎ Powering Your Tech Future PLEASE CALL BEFORE YOU REACH OUR SHOPTO CHECK WHETHER THE STOCK IS AVAILABLE OR NOT‎‎* Brand new Sealed Pack‎* 100% Genuine Products ‎* Credit Card Payments Accepted.(Condition Apply)‎* ⁠Prizes will change according to colour changes and country region‎*Best after sales support and service ‎*koko payment accepted 💫‎*one year warranty (Phones only )🔥*six months warranty (accessories)‎‎☆(SEYLAN BANK)‎●12 Months ‎●24 Months  ‎‎☆(COMMERCIAL BANK)‎●6 Months ‎●12 Months  ‎●18 Months ‎●24 Months ‎‎☆(SAMPATH BANK)‎●6 Months ‎●12 Months ‎●24 Months ‎●40 Months ‎‎*Cash on Delivery (Colombo Only)‎*Delivery & Pickup Loacation - Liberty Plaza Colombo 03 ‎‎Authorised Dealer for‎‎For More Details Please Contact us or Visit Our Showroom ‎‎NE❌️EL ‎No:1/34U 1st Floor,‎Liberty Plaza‎‎‎Bussines hours‎10.00 AM - 07.30 PM‎Chat on WhatsApp‎"
Samsung Galaxy S10 Fe 5G 8GB 128GB,"Rs 155,000",Unknown,https://ikman.lk/en/ad/samsung-galaxy-s10-fe-5g-8gb-128gb-for-sale-colombo-62,,,,"‎⭕MOBILE CARE ‎‎🔰 Brand new Sealed Pack‎🔰 100% Genuine Products ‎🔰 Credit Card Payments Accepted.(Condition Apply)‎🔰 ⁠Prices will change according to color, country / region‎🔰After sales service and support will be provided‎🔰koko payment accepted ‎☆(SEYLAN BANK)‎●12 Months ‎●24 Months  ‎‎☆(COMMERCIAL BANK)‎●6 Months ‎●12 Months  ‎●18 Months ‎●24 Months ‎‎☆(SAMPATH BANK)‎●6 Months‎●12 Months ‎●24 Months‎●40 Months ‎‎♦️Cash on Delivery (Colombo Only)‎♦️Delivery & Pickup Loacation - Liberty Plaza Colombo 03 ‎‎For More Details Please Contact us or Visit  Showroom ‎MOBILE CARE ‎No 24,1ST FLOOR LIBERTY PLAZA COLOMBO 03‎‎‎Bussines hours‎10.00 AM - 07.30 PM"
Samsung Galaxy S11 Ultra 5G 12GB 256GB,"Rs 379,850",Unknown,https://ikman.lk/en/ad/samsung-galaxy-s11-ultra-5g-12gb-256gb-for-sale-colombo-25,,,,"NE❌️EL  ‎(Nexel)‎ Powering Your Tech Future PLEASE CALL BEFORE YOU REACH OUR SHOPTO CHECK WHETHER THE STOCK IS AVAILABLE OR NOT‎‎* Brand new Sealed Pack‎* 100% Genuine Products ‎* Credit Card Payments Accepted.(Condition Apply)‎* ⁠Prizes will change according to colour changes and country region‎*Best after sales support and service ‎*koko payment accepted 💫‎*one year warranty (Phones only )🔥*six months warranty (accessories)‎‎☆(SEYLAN BANK)‎●12 Months ‎●24 Months  ‎‎☆(COMMERCIAL BANK)‎●6 Months ‎●12 Months  ‎●18 Months ‎●24 Months ‎‎☆(SAMPATH BANK)‎●6 Months ‎●12 Months ‎●24 Months ‎●40 Months ‎‎*Cash on Delivery (Colombo Only)‎*Delivery & Pickup Loacation - Liberty Plaza Colombo 03 ‎‎Authorised Dealer for‎‎For More Details Please Contact us or Visit Our Showroom ‎‎NE❌️EL ‎No:1/34U 1st Floor,‎Liberty Plaza‎‎‎Bussines hours‎10.00 AM - 07.30 PM‎Chat on WhatsApp‎"
Samsung Galaxy Tab S11 12GB 256GB,"Rs 239,850",Unknown,https://ikman.lk/en/ad/samsung-galaxy-tab-s11-12gb-256gb-for-sale-colombo-58,,,,"NE❌️EL  ‎(Nexel)‎ Powering Your Tech Future PLEASE CALL BEFORE YOU REACH OUR SHOPTO CHECK WHETHER THE STOCK IS AVAILABLE OR NOT‎‎* Brand new Sealed Pack‎* 100% Genuine Products ‎* Credit Card Payments Accepted.(Condition Apply)‎* ⁠Prizes will change according to colour changes and country region‎*Best after sales support and service ‎*koko payment accepted 💫‎*one year warranty (Phones only )🔥*six months warranty (accessories)‎‎☆(SEYLAN BANK)‎●12 Months ‎●24 Months  ‎‎☆(COMMERCIAL BANK)‎●6 Months ‎●12 Months  ‎●18 Months ‎●24 Months ‎‎☆(SAMPATH BANK)‎●6 Months ‎●12 Months ‎●24 Months ‎●40 Months ‎‎*Cash on Delivery (Colombo Only)‎*Delivery & Pickup Loacation - Liberty Plaza Colombo 03 ‎‎Authorised Dealer for‎‎For More Details Please Contact us or Visit Our Showroom ‎‎NE❌️EL ‎No:1/34U 1st Floor,‎Liberty Plaza‎‎‎Bussines hours‎10.00 AM - 07.30 PM‎Chat on WhatsApp‎"
Samsung Galaxy S10 Lite 5G 8GB 256GB,"Rs 148,000",Unknown,https://ikman.lk/en/ad/samsung-galaxy-s10-lite-5g-8gb-256gb-for-sale-colombo-28,,,,"‎⭕MOBILE CARE ‎‎🔰 Brand new Sealed Pack‎🔰 100% Genuine Products ‎🔰 Credit Card Payments Accepted.(Condition Apply)‎🔰 ⁠Prices will change according to color, country / region‎🔰After sales service and support will be provided‎🔰koko payment accepted ‎☆(SEYLAN BANK)‎●12 Months ‎●24 Months  ‎‎☆(COMMERCIAL BANK)‎●6 Months ‎●12 Months  ‎●18 Months ‎●24 Months ‎‎☆(SAMPATH BANK)‎●6 Months‎●12 Months ‎●24 Months‎●40 Months ‎‎♦️Cash on Delivery (Colombo Only)‎♦️Delivery & Pickup Loacation - Liberty Plaza Colombo 03 ‎‎For More Details Please Contact us or Visit  Showroom ‎MOBILE CARE ‎No 24,1ST FLOOR LIBERTY PLAZA COLOMBO 03‎‎‎Bussines hours‎10.00 AM - 07.30 PM"
Samsung Galaxy S10 Lite 8GB 256GB NEW,"Rs 128,000",Unknown,https://ikman.lk/en/ad/samsung-galaxy-s10-lite-8gb-256gb-new-for-sale-colombo-2,,,,"‎⭕MOBILE CARE ‎‎🔰 Brand new Sealed Pack‎🔰 100% Genuine Products ‎🔰 Credit Card Payments Accepted.(Condition Apply)‎🔰 ⁠Prices will change according to color, country / region‎🔰After sales service and support will be provided‎🔰koko payment accepted ‎☆(SEYLAN BANK)‎●12 Months ‎●24 Months  ‎‎☆(COMMERCIAL BANK)‎●6 Months ‎●12 Months  ‎●18 Months ‎●24 Months ‎‎☆(SAMPATH BANK)‎●6 Months‎●12 Months ‎●24 Months‎●40 Months ‎‎♦️Cash on Delivery (Colombo Only)‎♦️Delivery & Pickup Loacation - Liberty Plaza Colombo 03 ‎‎For More Details Please Contact us or Visit  Showroom ‎MOBILE CARE ‎No 24,1ST FLOOR LIBERTY PLAZA COLOMBO 03‎‎‎Bussines hours‎10.00 AM - 07.30 PM"
Samsung Galaxy S10 Lite 5G 6GB 128GB,"Rs 124,000",Unknown,https://ikman.lk/en/ad/samsung-galaxy-s10-lite-5g-6gb-128gb-for-sale-colombo-92,,,,"‎⭕MOBILE CARE ‎‎🔰 Brand new Sealed Pack‎🔰 100% Genuine Products ‎🔰 Credit Card Payments Accepted.(Condition Apply)‎🔰 ⁠Prices will change according to color, country / region‎🔰After sales service and support will be provided‎🔰koko payment accepted ‎☆(SEYLAN BANK)‎●12 Months ‎●24 Months  ‎‎☆(COMMERCIAL BANK)‎●6 Months ‎●12 Months  ‎●18 Months ‎●24 Months ‎‎☆(SAMPATH BANK)‎●6 Months‎●12 Months ‎●24 Months‎●40 Months ‎‎♦️Cash on Delivery (Colombo Only)‎♦️Delivery & Pickup Loacation - Liberty Plaza Colombo 03 ‎‎For More Details Please Contact us or Visit  Showroom ‎MOBILE CARE ‎No 24,1ST FLOOR LIBERTY PLAZA COLOMBO 03‎‎‎Bussines hours‎10.00 AM - 07.30 PM"
Samsung Galaxy Tab S10 FE 8GB 128GB,"Rs 124,990",Unknown,https://ikman.lk/en/ad/samsung-galaxy-tab-s10-fe-8gb-128gb-for-sale-colombo-147,,,,"Get Your New Model  Samsung Galaxy Tab S10 FE WiFI 8GB 128GBSpecial Discount Price and Up to 25% Discount For Accessories 🤩🤩🤩 Hurry Up Limited Stocks Available.....🔷 ONE YEAR DEALER WARRANTY🔷 GENUINE PRODUCTS 🔷 ORGINAL SEAL PACK 🔷CARD PAYMENT  ACCEPTED🔷 Instalment Plan for Selected Credit Card   Holders.. 6 Months  12 Months  24 Months Available🔷 Dear Customers Visit Our Showroom Will Give Special Discount for Complete Package 🔷 Price maybe Differ Please Contact Us Before Purchase🔷Important Pricing Note ❗❗❗Smart phone purchases must include a Adapter , Tempered Glass & Back coverOur Listed prices Apply only when you are buying the Complete Device Package..( Mobile Accessories, Warranty)This policy ensures fair pricing for all individual customers and helps avoid bulk / wholesale misuse ඔබගේ Samsung Galaxy Tab S10 FE WiFI 8GB 128GB ලබාගන්න...වට්ටම් සහිත විශේෂ මිල  සහ අමතර උපාංග සදහා 25% වට්ටමක් 🤩🤩🤩 තොග සීමිතයි ‼️ඉක්මන් කරන්න..........🔷  අවුරුද්දක වගකීම🔷 කාඩ්පත් වලින් ගෙවීම් ක්‍රමය🔷 පහසු ගෙවීමේ තෝරාගත් ණය කාඩ්පත් (Credit Card)  වලට, *මාස -6  *මාස -12  *මාස -24🔷විකුණුම් මිල වෙනස් විය හැකි බැවින් පැමිණිමට පෙර අපව දුරකථනයෙන් සම්බන්ද කරන්න..🚚බෙදාහැරීමේ පහසුකම්🔷   ස්මාර්ට් දුරකථනයක් මිලදී ගැනීමේදී පහත සඳහන් උපාංග අනිවාර්යයෙන්ම සමඟ මිලදී ගත යුතුය:ඇඩැප්ටරයක් (Adapter)ටෙම්පර්ඩ් ග්ලාස් (Tempered Glass)බැක් කවර් එකක් (Back Cover)අප විසින් ප්‍රදර්ශනය කර ඇති මිල ගණන් වලංගු වන්නේ සම්පූර්ණ උපාංග පැකේජය (ජංගම දුරකථනය, උපාංග සහ වගකීම) සමඟ මිලදී ගන්නා පාරිභෝගිකයන් සඳහා පමණි.මෙම ප්‍රතිපත්තිය සියලුම තනි පාරිභෝගිකයන්ට සාධාරණ මිල ගණන් ලබාදීම සහ තොග/නැවත විකිණීම සඳහා සිදුකරන මිලදී ගැනීම් වැළැක්වීම සඳහා ක්‍රියාත්මක කර ඇත.🏬අංක, 250/1/36, පළමු මහල, Liberty Plaza, Colombo 03.NO, 250/1/36, First Floor, Liberty Plaza, Colombo 03."
Samsung Galaxy S10 Lite 8GB 256GB,"Rs 124,580",Unknown,https://ikman.lk/en/ad/samsung-galaxy-s10-lite-8gb-256gb-for-sale-colombo-197,,,,"NE❌️EL  ‎(Nexel)‎ Powering Your Tech Future PLEASE CALL BEFORE YOU REACH OUR SHOPTO CHECK WHETHER THE STOCK IS AVAILABLE OR NOT‎‎* Brand new Sealed Pack‎* 100% Genuine Products ‎* Credit Card Payments Accepted.(Condition Apply)‎* ⁠Prizes will change according to colour changes and country region‎*Best after sales support and service ‎*koko payment accepted 💫‎*one year warranty (Phones only )🔥*six months warranty (accessories)‎‎☆(SEYLAN BANK)‎●12 Months ‎●24 Months  ‎‎☆(COMMERCIAL BANK)‎●6 Months ‎●12 Months  ‎●18 Months ‎●24 Months ‎‎☆(SAMPATH BANK)‎●6 Months ‎●12 Months ‎●24 Months ‎●40 Months ‎‎*Cash on Delivery (Colombo Only)‎*Delivery & Pickup Loacation - Liberty Plaza Colombo 03 ‎‎Authorised Dealer for‎‎For More Details Please Contact us or Visit Our Showroom ‎‎NE❌️EL ‎No:1/34U 1st Floor,‎Liberty Plaza‎‎‎Bussines hours‎10.00 AM - 07.30 PM‎Chat on WhatsApp‎"
Samsung Galaxy S10 Fe Plus 12GB 256GB,"Rs 179,805",Unknown,https://ikman.lk/en/ad/samsung-galaxy-s10-fe-plus-12gb-256gb-for-sale-colombo-286,,,,"NE❌️EL  ‎(Nexel)‎ Powering Your Tech Future PLEASE CALL BEFORE YOU REACH OUR SHOPTO CHECK WHETHER THE STOCK IS AVAILABLE OR NOT‎‎* Brand new Sealed Pack‎* 100% Genuine Products ‎* Credit Card Payments Accepted.(Condition Apply)‎* ⁠Prizes will change according to colour changes and country region‎*Best after sales support and service ‎*koko payment accepted 💫‎*one year warranty (Phones only )🔥*six months warranty (accessories)‎‎☆(SEYLAN BANK)‎●12 Months ‎●24 Months  ‎‎☆(COMMERCIAL BANK)‎●6 Months ‎●12 Months  ‎●18 Months ‎●24 Months ‎‎☆(SAMPATH BANK)‎●6 Months ‎●12 Months ‎●24 Months ‎●40 Months ‎‎*Cash on Delivery (Colombo Only)‎*Delivery & Pickup Loacation - Liberty Plaza Colombo 03 ‎‎Authorised Dealer for‎‎For More Details Please Contact us or Visit Our Showroom ‎‎NE❌️EL ‎No:1/34U 1st Floor,‎Liberty Plaza‎‎‎Bussines hours‎10.00 AM - 07.30 PM‎Chat on WhatsApp‎"
Samsung Galaxy S10 FE 8GB 128GB,"Rs 114,780",Unknown,https://ikman.lk/en/ad/samsung-galaxy-s10-fe-8gb-128gb-for-sale-colombo-782,,,,"NE❌️EL  ‎(Nexel)‎ Powering Your Tech Future PLEASE CALL BEFORE YOU REACH OUR SHOPTO CHECK WHETHER THE STOCK IS AVAILABLE OR NOT‎‎* Brand new Sealed Pack‎* 100% Genuine Products ‎* Credit Card Payments Accepted.(Condition Apply)‎* ⁠Prizes will change according to colour changes and country region‎*Best after sales support and service ‎*koko payment accepted 💫‎*one year warranty (Phones only )🔥*six months warranty (accessories)‎‎☆(SEYLAN BANK)‎●12 Months ‎●24 Months  ‎‎☆(COMMERCIAL BANK)‎●6 Months ‎●12 Months  ‎●18 Months ‎●24 Months ‎‎☆(SAMPATH BANK)‎●6 Months ‎●12 Months ‎●24 Months ‎●40 Months ‎‎*Cash on Delivery (Colombo Only)‎*Delivery & Pickup Loacation - Liberty Plaza Colombo 03 ‎‎Authorised Dealer for‎‎For More Details Please Contact us or Visit Our Showroom ‎‎NE❌️EL ‎No:1/34U 1st Floor,‎Liberty Plaza‎‎‎Bussines hours‎10.00 AM - 07.30 PM‎Chat on WhatsApp‎"
Samsung Galaxy S10 Lite 6GB 128GB,"Rs 99,900",Unknown,https://ikman.lk/en/ad/samsung-galaxy-s10-lite-6gb-128gb-for-sale-colombo-374,,,,"‎⭕MOBILE CARE ‎‎🔰 Brand new Sealed Pack‎🔰 100% Genuine Products ‎🔰 Credit Card Payments Accepted.(Condition Apply)‎🔰 ⁠Prices will change according to color, country / region‎🔰After sales service and support will be provided‎🔰koko payment accepted ‎☆(SEYLAN BANK)‎●12 Months ‎●24 Months  ‎‎☆(COMMERCIAL BANK)‎●6 Months ‎●12 Months  ‎●18 Months ‎●24 Months ‎‎☆(SAMPATH BANK)‎●6 Months‎●12 Months ‎●24 Months‎●40 Months ‎‎♦️Cash on Delivery (Colombo Only)‎♦️Delivery & Pickup Loacation - Liberty Plaza Colombo 03 ‎‎For More Details Please Contact us or Visit  Showroom ‎MOBILE CARE ‎No 24,1ST FLOOR LIBERTY PLAZA COLOMBO 03‎‎‎Bussines hours‎10.00 AM - 07.30 PM"
Samsung Galaxy A11 4GB 64GB,"Rs 47,000",Unknown,https://ikman.lk/en/ad/samsung-galaxy-a11-4gb-64gb-for-sale-colombo-331,,,,"‎⭕MOBILE CARE ‎‎🔰 Brand new Sealed Pack‎🔰 100% Genuine Products ‎🔰 Credit Card Payments Accepted.(Condition Apply)‎🔰 ⁠Prices will change according to color, country / region‎🔰After sales service and support will be provided‎🔰koko payment accepted ‎☆(SEYLAN BANK)‎●12 Months ‎●24 Months  ‎‎☆(COMMERCIAL BANK)‎●6 Months ‎●12 Months  ‎●18 Months ‎●24 Months ‎‎☆(SAMPATH BANK)‎●6 Months‎●12 Months ‎●24 Months‎●40 Months ‎‎♦️Cash on Delivery (Colombo Only)‎♦️Delivery & Pickup Loacation - Liberty Plaza Colombo 03 ‎‎For More Details Please Contact us or Visit  Showroom ‎MOBILE CARE ‎No 24,1ST FLOOR LIBERTY PLAZA COLOMBO 03‎‎‎Bussines hours‎10.00 AM - 07.30 PM"
Samsung Galaxy A11 Plus 8GB 256GB,"Rs 99,805",Unknown,https://ikman.lk/en/ad/samsung-galaxy-a11-plus-8gb-256gb-for-sale-colombo-201,,,,"NE❌️EL  ‎(Nexel)‎ Powering Your Tech Future PLEASE CALL BEFORE YOU REACH OUR SHOPTO CHECK WHETHER THE STOCK IS AVAILABLE OR NOT‎‎* Brand new Sealed Pack‎* 100% Genuine Products ‎* Credit Card Payments Accepted.(Condition Apply)‎* ⁠Prizes will change according to colour changes and country region‎*Best after sales support and service ‎*koko payment accepted 💫‎*one year warranty (Phones only )🔥*six months warranty (accessories)‎‎☆(SEYLAN BANK)‎●12 Months ‎●24 Months  ‎‎☆(COMMERCIAL BANK)‎●6 Months ‎●12 Months  ‎●18 Months ‎●24 Months ‎‎☆(SAMPATH BANK)‎●6 Months ‎●12 Months ‎●24 Months ‎●40 Months ‎‎*Cash on Delivery (Colombo Only)‎*Delivery & Pickup Loacation - Liberty Plaza Colombo 03 ‎‎Authorised Dealer for‎‎For More Details Please Contact us or Visit Our Showroom ‎‎NE❌️EL ‎No:1/34U 1st Floor,‎Liberty Plaza‎‎‎Bussines hours‎10.00 AM - 07.30 PM‎Chat on WhatsApp‎"
Samsung Galaxy Tab A11 8GB 128GB,"Rs 59,809",Unknown,https://ikman.lk/en/ad/samsung-galaxy-tab-a11-8gb-128gb-for-sale-colombo-112,,,,"NE❌️EL  ‎(Nexel)‎ Powering Your Tech Future PLEASE CALL BEFORE YOU REACH OUR SHOPTO CHECK WHETHER THE STOCK IS AVAILABLE OR NOT‎‎* Brand new Sealed Pack‎* 100% Genuine Products ‎* Credit Card Payments Accepted.(Condition Apply)‎* ⁠Prizes will change according to colour changes and country region‎*Best after sales support and service ‎*koko payment accepted 💫‎*one year warranty (Phones only )🔥*six months warranty (accessories)‎‎☆(SEYLAN BANK)‎●12 Months ‎●24 Months  ‎‎☆(COMMERCIAL BANK)‎●6 Months ‎●12 Months  ‎●18 Months ‎●24 Months ‎‎☆(SAMPATH BANK)‎●6 Months ‎●12 Months ‎●24 Months ‎●40 Months ‎‎*Cash on Delivery (Colombo Only)‎*Delivery & Pickup Loacation - Liberty Plaza Colombo 03 ‎‎Authorised Dealer for‎‎For More Details Please Contact us or Visit Our Showroom ‎‎NE❌️EL ‎No:1/34U 1st Floor,‎Liberty Plaza‎‎‎Bussines hours‎10.00 AM - 07.30 PM‎Chat on WhatsApp‎"
Samsung Galaxy A11 4GB 64GB,"Rs 45,980",Unknown,https://ikman.lk/en/ad/samsung-galaxy-a11-4gb-64gb-for-sale-colombo-330,,,,"NE❌️EL  ‎(Nexel)‎ Powering Your Tech Future PLEASE CALL BEFORE YOU REACH OUR SHOPTO CHECK WHETHER THE STOCK IS AVAILABLE OR NOT‎‎* Brand new Sealed Pack‎* 100% Genuine Products ‎* Credit Card Payments Accepted.(Condition Apply)‎* ⁠Prizes will change according to colour changes and country region‎*Best after sales support and service ‎*koko payment accepted 💫‎*one year warranty (Phones only )🔥*six months warranty (accessories)‎‎☆(SEYLAN BANK)‎●12 Months ‎●24 Months  ‎‎☆(COMMERCIAL BANK)‎●6 Months ‎●12 Months  ‎●18 Months ‎●24 Months ‎‎☆(SAMPATH BANK)‎●6 Months ‎●12 Months ‎●24 Months ‎●40 Months ‎‎*Cash on Delivery (Colombo Only)‎*Delivery & Pickup Loacation - Liberty Plaza Colombo 03 ‎‎Authorised Dealer for‎‎For More Details Please Contact us or Visit Our Showroom ‎‎NE❌️EL ‎No:1/34U 1st Floor,‎Liberty Plaza‎‎‎Bussines hours‎10.00 AM - 07.30 PM‎Chat on WhatsApp‎"
Honor Pad X9,"Rs 47,000",Unknown,https://ikman.lk/en/ad/honor-pad-x9-for-sale-kandy-4,,,,Full set box(cable and flip cover)All bills haveGood battery lifeSlightly small bendEverything are working Call or massage for more detailsReasonable offers are welcomeUrgent sale
lenovo,"Rs 6,000",Unknown,https://ikman.lk/en/ad/lenovo-for-sale-kurunegala-15,,,,Lenovo ටැබ් ඇප් සේරම වැඩ බැට්රි හොදයි සිම් ට්‍රේ ඒක නෑ wifi පාවිච්චි කරන්නේ
Acer laptop i3 ROM 16gb. storage 477gb,"Rs 230,000",Unknown,https://ikman.lk/en/ad/acer-laptop-i3-rom-16gb-storage-477gb-for-sale-mullativu,,,,Good condition No errors Brand new  1 week used
Samsung Galaxy Tab S10Fe (8GB/128GB),"Rs 122,990",Unknown,https://ikman.lk/en/ad/s10fe-8gb-128gb-for-sale-colombo-2,,,,"Description📍 G-Hub Mobile Excellence – ජංගම දුරකථන විශේෂඥයින් | உங்கள் நம்பிக்கைக்குரிய Mobile Shop!❗ Important Pricing Note: Our listed prices apply only when buying the complete device package (box, accessories, warranty). This policy ensures fair pricing for all individual customers and helps avoid bulk/wholesale misuse.💳 කාඩ්පත් ගෙවීම් ලබාගත හැක💸 Card Payments Available📱 අපෙන්ම නොමිලේ ජංගම දුරකථන විශේෂ මෘදුකාංග📱 ஒவ்வொரு புதிய மொபைல்களுக்கும் சிறந்த மென்பொருள் சேவைகள் இலவசம் இங்கே!✨ රටේ අංක එකේ තත්ත්වය සහිතව මිල ගණන් නිමාවෙන් වෙනස් වන බැවින්, කරුණාකර අද දින මිල දැන ගැනීමට අප අමතන්න.✨நிகழ்கால சந்தை நிலை காரணமாக விலைகள் மாற்றமடையலாம் - இன்றைய விலைக்காக எங்களை தொடர்பு கொள்ளுங்கள்.🚚 කොළඹ නගරය තුළ දිවයිනේ සේවාව සහ මුදල් ගෙවීමේ සේවාව ලබාදේ📦 Cash on Delivery (Colombo Area Only)📌 අපගේ ලිපිනය:250/42, බිම් මහල, ලිබර්ටි ප්ලාසා, කොළඹ-03📌 முகவரி: 250/42, தரை தளம், லிபர்டி பிளாசா, கொழும்பு-03🕒 වෙළඳ සැලේ විවෘත වේ:සඳුදා සිට සෙනසුරාදා: 10.00 AM – 8.00 PMඉරිදා සහ පොය දින: 10.00 AM – 5.30 PM🕒 திறப்பு நேரம்:திங்கள் – சனி: காலை 10.00 – இரவு 8.00ஞாயிறு மற்றும் போயா நாட்கள்: காலை 10.00 – மாலை 5.30📞 වැඩි විස්තර සඳහා අප අමතන්න – ඔබගේ ඇණවුම්ங்களை எதிர்நோக்குகிறோம்!Thanks.G-Hub Mobile Excellence"
Apple iPad 7th Gen (Used),"Rs 35,000",Unknown,https://ikman.lk/en/ad/apple-ipad-7th-generation-used-for-sale-gampaha,,,,Ipad 7th generation Cellular and wifiBrandnew conditionsNo any errors Good battery life🔋
Apple iPad 11th Gen (A16),"Rs 91,999",Unknown,https://ikman.lk/en/ad/ipad-11-gen-a16-for-sale-galle,,,,IPad 11 gen wifi128 GBFull set same imei box✅crager & back cover available ✅no erros❗️good contion💯
Greentel Tab A10,"Rs 20,000",Unknown,https://ikman.lk/en/ad/tab-a10-for-sale-colombo,,,,"A10 Tab in Brand new condition, Used only for a few days, 3GB RAM, 10.1 inches, 32Gb Internal Storage, Processor: 1.6 GHz Octa-Core, perating System: Android 10.0, Resolution: 1280 × 800 pixels (HD), Rear Camera: 5MP / 13MP autofocus (varies by regional/production updates)Front Camera: 5MPSound: Battery: 6000mAh Lithium-PolymerNetwork & SIM: 4G LTE, Dual SIM (Micro-SIM)Connectivity: Wi-Fi 802.11 b/g/n, Bluetooth, USB Type-C 2.0 with USB OTGSensors: G-Sensor, Proximity"
Lenovo Tab M8,"Rs 22,000",Unknown,https://ikman.lk/en/ad/lenovo-m8-tablet-used-for-sale-gampaha,,,,"📱 Lenovo Tab M8 – Rs. 22000🔥Lenovo Tab M8 tablet එකක් විකිණීමට ඇත. ❤️🔹 Screen Size: 8 inches🔹 Camera: Single Camera🔹 අවුරුදු 2ක් පමණ භාවිතා කර ඇත🔹 හොඳින් වැඩ කරන තත්ත්වයේ ඇත🔹 Online classes, YouTube, browsing වැනි දේවල් සඳහා සුදුසුයි🔹 රු. 2,000ක් පමණ වටිනා Back Cover එකත් සමඟ ලබා දේ 🎁💰 Selling Price: Rs. 2,000📍 Location: Negombo📩 වැඩි විස්තර සඳහා Inbox කරන්න."
Samsung Galaxy Tab A,"Rs 40,000",Unknown,https://ikman.lk/en/ad/samsung-galaxy-tab-a-used-for-sale-colombo-5,,,,"Samsung Galaxy Tab A 8.0 - 2GB 32GB WiFiGood condition, No cracks in screen, With Box & ChargerJust want to do factory reset. Battery life good Price Slightly NegotiableLocation: welivita"
Greentel A9 Tab,"Rs 9,000",Unknown,https://ikman.lk/en/ad/greentel-a9-used-for-sale-colombo,,,,"Greentel a9 Tab Android 11 All social media apps working well YouTube, zoom, WhatsApp, Fb, insta 2 GB | 16 GB Dual sim / one sim micro SD"
IPAD MINI 6 | 64GB,"Rs 118,500",Unknown,https://ikman.lk/en/ad/ipad-mini-6-64gb-for-sale-colombo-1,,,,"Premium Brand New iPad Mini 6 – Now Available!       InnoCell | Trusted Quality | Reliable Service 📱 Product Specifications:✔ Model:  IPAD MINI 6 ( 64 GB )  ✔ Condition: ONLY SEALPACK OPEN AND NOT ACTIVATED✔ Colour : SPACE GREY✔️ WIFI MODEL✔ Warranty: 2 WEEKS REPLACEMENT GUARANTEE & ONE YEAR APPLE CARE WARRANTY🌟 Why Buy From Us✅ Authenticity Guaranteed – No Refurbished/Replica Units  ✅ Rigorous Testing – Fully Functional & Cosmetic Check  ✅ Trusted Seller – Transparent & Customer-Focused  ---  💳 Flexible Purchase Options🔹 Islandwide Delivery (Fast & Secure)  🔹 Device Trade-Ins Accepted (Upgrade Easily)  🔹 Multiple Payment Methods:   - Credit/Debit Cards (Visa, Mastercard, Amex)     - Installment Plans (0% Interest Options)     - Koko & Digital Payments Supported---  📍 Visit Our Store:📍 Address: 291 Vauxhall Street, Colombo 02  🗺 Google Maps: [Click Here for Directions](https://maps.app.goo.gl/krFmcsE7UirzFnuu8)  🕒 Business Hours:Mon-Fri: 9:30 AM – 7:00 PMSat: 9:30 AM – 4:30 PM(Closed on Sundays & Public Holidays)  Note : Call Before Visit ---  📞 Contact Us:Limited Stock Available – Secure Yours Today!---"
Apple iPad Pro 11 inch,"Rs 139,900",Unknown,https://ikman.lk/en/ad/ipad-pro-11inch-for-sale-kurunegala,,,,"🔥 FOR SALE – iPAD PRO 11” 2ND GEN 🔥🎖️🎖️CELLULAR Model , You can Use a sim 📱 Model: iPad Pro 11-inch (2nd Generation)💾 Storage: 128GB📶 Model: Cellular / 4G LTE🎨 Color: Space Grey🔋 Battery: Super Battery Life👜 Included: Original Pouch✨ Excellent Condition⚡ Powerful A12Z Bionic Chip🖥️ 11” Liquid Retina Display🔊 4-Speaker Audio🔐 Face ID✍️ Apple Pencil 2 Support💯 Ready to use – Perfect for studies, office work, Excel, entertainment & everyday use!📩 DM for Price & More Details"
Samsung Galaxy A9 Tab (used),"Rs 29,000",Unknown,https://ikman.lk/en/ad/samsung-galaxy-a9-tab-used-for-sale-galle,,,,"Samsung Galaxy Tab A9Full set boxBrand new condition 100% condition 29,000"
Blackview Zeno 10 5G Tablet,"Rs 70,500",Unknown,https://ikman.lk/en/ad/5g-tablet-for-sale-for-sale-kurunegala,,,,"5G- 500 mbps speed, 18GB RAM,128 storage,18 month warranty.aluthen gatte.salli uwamanawakata aduwata denawa.full set,mouse ,key board,Pen, with box.charger."
Blackview Mega 2 Tab,"Rs 63,500",Unknown,https://ikman.lk/en/ad/tablet-for-sale-for-sale-kurunegala,,,,"24GB Ram, 256 storage,9000mah battery.wediya use karala nee good condition.box eke dala tiyenne full set mouse keyboard, ukmanin denawa.adu krl dennm.salli hadissiyak."
Samsung Galaxy Tab S10 FE 128GB,"Rs 154,990",Unknown,https://ikman.lk/en/ad/samsung-galaxy-tab-s10-fe-128gb-for-sale-colombo-1,,,,"📍 **MOBILE STUDIO**🔆 BRAND NEW SEALED PACK🔆 12 MONTHS WARRANTY🔆 100% ORIGINAL🔆 EXCHANGE POSSIBLE🔆 Card payment available for installment plans for selected cards only. Conditions apply.☀️ **CASH PRICE**🚨 **PLEASE NOTE:** Mobile prices are valid only when purchasing the total package (to avoid wholesale buyers).විශ්වාසවන්ත හා සුහදශීලී සේවාව සඳහා අප අමතන්න.★★★★★★ ★★★★★★ ★★★★★★# තරගකාරී මිල ගණන්# දුරකථන හුවමාරුව# ක්‍රෙඩිට් කාඩ් පත් මගින් ගෙවීම් හා තවත් ප්‍රතිලාභ රැසක්🚨 **කරුණාකර සටහන් කර ගන්න:** ජංගම දුරකථන මිල ගණන් වලංගු වන්නේ මුළු පැකේජයම මිලදී ගැනීමේදී පමණි (තොග ගැනුම්කරුවන් වළක්වා ගැනීමට).📞 **Call for more information****MOBILE STUDIO**📍 No. 250/42B, Ground Floor,Liberty Plaza,Colombo 03"
Honor PAD X7 4G SIM,"Rs 59,999",Unknown,https://ikman.lk/en/ad/honor-pad-x7-4g-sim-for-sale-kandy,,,,"Honor PAD X7 4G SIM4GB+4GB RAM 128GBCash Price Rs.59,999/=BRAND NEW SEALED PACK01 YEAR SINGER COMPANY WARRANTYTRCSL APPROVEDCall  to OrderCash On Delivery within Gampola, Peradeniya, Kandy, Pilimatalawa, Katugasthota, Akurana & Nawalapitiya.* Colour: Gray* 4GB+4GB RAM & 128GB ROM* Single SIM 4G LTE* Android 15, MagicOS 9* 8MP AF Camera* 5MP Selfie Camera* 8.7"" HD+ 90Hz IPS LCD Display* Snapdragon 680 (6 nm)* Octa-core CPU (4x2.4 GHz Kryo 265 Gold & 4x1.9 GHz Kryo 265 Silver)* Card slot: microSDXC (dedicated slot)* Stereo Dual Speakers* 7020mAh High-Capacity Battery* 10W Charging* USB-C* Weight: 365gLocation GampolaCall  to OrderiK MobilesSINCE 2014"
Samsung Galaxy Tab S10 Lite 5G 6GB 128GB,"Rs 125,900",Unknown,https://ikman.lk/en/ad/samsung-galaxy-tab-s10-lite-5g-6gb-128gb-for-sale-colombo-51,,,,"📱 **Samsung Galaxy Tab S10 Lite 5G 6GB RAM | 128GB Storage**🔹 **Product Highlights**✅ 6GB RAM + 128GB Storage – Smooth performance with ample storage✅ Large Immersive Display – Perfect for entertainment, study & work✅ Powerful Processor – Fast and responsive everyday performance✅ S Pen Support – Ideal for note-taking, drawing & creativity✅ Long-Lasting Battery – Enjoy hours of usage✅ Fast Charging Support – Quick and convenient charging✅ Wi-Fi Connectivity – Fast browsing, streaming & downloads✅ Slim & Lightweight Design – Easy to carry anywhere✅ 100% Original | Brand New | Sealed Box💥💥 **Available Now!** 💥💥🚚 **Delivery Options**🏍️ Colombo Doorstep Delivery📦 Island-wide Delivery via Courier Service📞 Call now to arrange your delivery!🏧 **Easy Installment Plans Available (T&C Apply)**💳 Sampath Bank💳 HSBC💳 People’s Bank💳 Commercial Bank💳 Seylan Bank📍 **Visit Us**Your Mobile StoreLiberty Plaza / Colombo Area📞 Contact Us Today for More Information!🕘 **Business Hours**🗓️Monday – Saturday: 10:00 AM – 7:30 PM🗓️ Sunday: 10:00 AM – 6:00 PM"
Blackview 128/8+16gb /cellular,"Rs 40,000",Unknown,https://ikman.lk/en/ad/128-816gb-cellular-for-sale-colombo,,,,Full set with box Warranty available Blackview  wireless keyboard Dock + cable Cover + temperd glass
Excellent Condition ipad Air 11,"Rs 250,000",Unknown,https://ikman.lk/en/ad/excellent-condition-ipad-air-11-for-sale-colombo,,,,"🎬 **Apple iPad Air 11"" M4 (128GB)**⚡ Powerful Performance for Work, Study & Entertainment✔ Apple M4 Chip✔ 11"" Liquid Retina Display✔ 128GB Storage✔ Ultra-Light & Portable Design✔ Wi-Fi Connectivity✔ High-Quality Front & Rear Cameras✔ All-Day Battery Life✔ Apple Pencil Support🎯 Study • Work • Content Creation • Streaming • Gaming🛡️ **1 Year Warranty**💡 Powerful • Portable • Premium Experience🚚 Islandwide Delivery📍 **Geelimz Shop – Trusted Since 2010**"
Samsung Galaxy A7 Tab,"Rs 30,000",Unknown,https://ikman.lk/en/ad/samsung-galaxy-a7-tab-brand-new-for-sale-gampaha,,,,Call For Details
Apple iPad 9th 64GB Wifi,"Rs 70,000",Unknown,https://ikman.lk/en/ad/64gb-wifi-for-sale-matale,,,,Its new only one year used with box
Blackview Tab,"Rs 30,000",Unknown,https://ikman.lk/en/ad/blackview-tab-for-sale-kalutara,,,,❤️‍🔥🖤BLACK VIEW TAB 90 ❤️‍🔥🖤👉8GB Ram👉128GB Memmory 💥With Pouch💥With Charger💰30000/=0715862756
Apple iPad Air M3 ( 11inch ),"Rs 163,500",Unknown,https://ikman.lk/en/ad/apple-ipad-air-m3-11inch-for-sale-kalutara-1,,,,"Apple iPad Air M3  Condition 100%  | 128GB | WiFi | Battery health 91% | Same imei Box | ▪️Price :- 163,500/-  One to one replacement Checking warranty available. Exchange your old device with us ✔️All Credit card payment accepted (CA)Purchase your Apple products at the most trusted Mobile Store. Visit us @iconx - Mobile Store. 958, Galle Road,Katukurunda,Kalutara.www.iconx.lk"
Apple iPad Pro M2 128GB CEL,"Rs 179,500",Unknown,https://ikman.lk/en/ad/apple-ipad-pro-m2-128gb-cel-for-sale-kalutara,,,,"Apple iPad Pro M2 128GB100% Mint Condition | 128GB | WiFi + Cellular | 11-inch |  Battery Health 87% | Cycle Count 343 |Full Set Box |  ▪️Price :- 179,500/- One to one replacement Checking warranty available.Exchange your old device with us ✔️All Credit card payment accepted (CA)Purchase your Apple products at the most trusted Mobile Store. For More Details Please Contact us or Visit Our Showroom  Business Date & Time Monday  To Sunday 10.00 AM - 07.30 PM--www.iconx.lk ---📌 Visit us @iconx - Mobile Store. 958, Galle Road,Katukurunda,Kalutara."
Blackview Tab 20 WiFi,"Rs 30,000",Unknown,https://ikman.lk/en/ad/black-view-tab-20-wifi-for-sale-kegalle,,,,🚫 අවුල් මොකුත් නැ.අරන් මාස 4යි🚫 සල්ලි හදිස්සියකට දෙන්නේ.🚫 delivery කරන්න බැ.ඇවිත් අරන් යන්න.🚫 වගකීම් සහතිකේ තව මාස 14ක් තියේ.🧿 Device details 🚫 Tab 20 WiFi🚫 WiFi only🚫 64GB / 4GB-3GB🚫 6600mAh 🧿 charger box ඔක්කොම දෙනවා.
Apple iPad Pro M4 256GB,"Rs 273,500",Unknown,https://ikman.lk/en/ad/apple-ipad-pro-m4-256gb-for-sale-kalutara,,,,"Apple iPad Pro M4 256GB100% Mint Condition | 256GB | WiFi | 11-inch | Battery Health 94% |CC 157 | Full Set Box. ▪️Price :- 273,900 LKR One to one replacement checking warranty available.Exchange your old device with us ✔️All Credit card payment accepted (CA)Purchase your Apple products at the most trusted Mobile Store. Business Date & Time,Monday To Sunday 10.00 AM to 07.30 PMwww.iconx.lkVisit us @iconx - Mobile Store. 958, Galle Road,Katukurunda,Kalutara."
Apple iPad Air M3 (11-inch),"Rs 164,500",Unknown,https://ikman.lk/en/ad/apple-ipad-air-m3-11-inch-for-sale-kalutara,,,,"Apple iPad Air M3100% Mint Condition|128GB | WiFi | Battery Health 92% | Same imei Box | ▪️Price :- 164,500/- Exchange your old device with us ✔️All Credit card payment accepted (CA)Purchase your Apple products at the most trusted Mobile Store. For More Details Please Contact us or Visit Our Showroom  Business Date & Time Monday To Sunday 10.00 AM - 07.30 PM--www.iconx.lk ---📌 Visit us @iconx - Mobile Store. 958, Galle Road,Katukurunda,Kalutara."
Honor Pad X8a 128GB,"Rs 55,000",Unknown,https://ikman.lk/en/ad/honor-pad-x8a-128gb-for-sale-batticaloa-3,,,,"Honor Pad X8a (SIM Version)• 11"" large Display • 8300mAh Big Battery • 128GB & 4+4 Ram• Full set with Same IMEI Box• Light Used Only same as brand new Condition • 0% Scratch • Snapdragon Processor• Turbo X Engine• Android 16 updated• Untouched Org Cable with Premium Quality leather magnetic PouchGeniune Buyers Only Contact."
Honor X7,"Rs 45,000",Unknown,https://ikman.lk/en/ad/sales-for-sale-trincomalee-13,,,,📱 𝗛𝗢𝗡𝗢𝗥 𝗫𝟳 𝗧𝗔𝗕𝗟𝗘𝗧 🔥💾 RAM: 4GB | Storage: 128GB✨ Only 1 Month Used💯 Like Brand New Condition🛡️ Still 11 Months Warranty Available🎁 FREE GIFTS INCLUDED!🛡️ Tempered Glass – FREE📱 Back Cover – FREE📖 Book Pouch – FREE✍️ Touch Pen – FREE🔌 Charger Included🔥 Excellent Deal – Complete Package!📍 𝗭𝗔𝗭𝗔 𝗠𝗢𝗕𝗜𝗟𝗘 – 𝗞𝗮𝗻𝘁𝗵𝗮𝗹𝗲📞 Call / WhatsApp: 🚚 Island Wide Delivery Available
Honor Pad X8a 128GB,"Rs 55,000",Unknown,https://ikman.lk/en/ad/honor-pad-x8a-128gb-for-sale-batticaloa-1,,,,"Honor Pad X8a (SIM Version)• 11"" large Display • 8300mAh Big Battery • 128GB & 4+4 Ram• Full set with Same IMEI Box• Light Used Only same as brand new Condition • 0% Scratch • Snapdragon Processor• Turbo X Engine• Android 16• Untouched Org Cable  with Premium Quality leather magnetic PouchGeniune Buyers Only Contact."
Samsung Galaxy Tab A7,"Rs 30,000",Unknown,https://ikman.lk/en/ad/galaxy-tab-a7-for-sale-gampaha,,,,"Samsung Galaxy tab A7,Contact no."
Huawei Kob2k_l09 Tablet,"Rs 15,000",Unknown,https://ikman.lk/en/ad/mohammed-for-sale-gampaha,,,,Good condition tub no errors
Samsung Tab E 8.0,"Rs 15,900",Unknown,https://ikman.lk/en/ad/samsung-tab-e-80-for-sale-matara-10,,,,"Samsung galaxy Tab E 8.0✅ 32 GB storage ✅ 1.5 GB Ram ✅ 8.0 inches tft display✅ 5000 mah battery ✅ 5mp back cam & 2mp front cam✅ Manufactured by an American manufacturing company✅ Can use SIM card  but cannot make calls✅ Memory chip facilities are also available.All Parts original.No replacementTab එකේ කිසිම ප්‍රශ්නයක් නෑ කැමති විදියකට check කරල බලලා ගන්න.🛑Last price 15,000/=❌No exchange location - matara issadin townCall for more details..."
"PRO M5 11"" 256GB CELLULAR","Rs 432,990",Unknown,https://ikman.lk/en/ad/pro-m5-11-256gb-cellular-for-sale-colombo-2,,,,"SMARTMOBILE.LK THALAWTHUGODA#BEST PROMOTION PRICE ⛔APPLE I PAD PRO M5 11"" CELLULAR (256GB) - Rs.432,990/= BRAND NEW / SEALED PACK / ORIGINAL / TRCSL APPROVED /"" 1 YEAR APPLE CARE WATTANTY ""🔴🟢🟣🟠100% Brand New Sealed Box With UntouchedOriginal Accessories🎯SNAP PAY UP TO 24 MONTHS 🔥🎯KOKO PAYMENT AVAILABLE🎯Credit Card Payment Accepted..🎯Installment Plans Available.🎯Delivery can be Arranged with in hours.    (Same day Delivery in hours around      colombo areas)""Visit Our Shop..SMARTMOBILE.LKNo.10/1/D,Madiwela Road,Thalawathugoda(In front of commercial bank)(google ""SMARTMOBILE.LK"" for Direction)We are open⏰9.00 am to 9.00 pm ON EVERYDAY ඔබගෙ Smart phone සිහිනය දැන් සිහිනයක් නොවෙ මාස 24 දක්වා ගෙවන්න ගන්න ඔබට අවශ්‍ය smart phone එක ඔයාගෙ ගෙදරටම cash on delivery කරගන්න ඔයත් ඔයාගෙ ආසම smart phone එක ගන්න SMARTMOBILE.LK අපව අමතන්න🎯"
"Apple iPad Pro M5 11"" 256GB Wifi","Rs 398,990",Unknown,https://ikman.lk/en/ad/apple-ipad-pro-m5-11-256gb-wifi-for-sale-colombo-9,,,,"SMARTMOBILE.LK THALAWTHUGODA#BEST PROMOTION PRICE ⛔APPLE I PAD PRO M5 11"" WIFI (256GB) - Rs.398,990/= BRAND NEW / SEALED PACK / ORIGINAL / TRCSL APPROVED /"" 1 YEAR APPLE CARE WATTANTY ""🔴🟢🟣🟠100% Brand New Sealed Box With UntouchedOriginal Accessories🎯SNAP PAY UP TO 24 MONTHS 🔥🎯KOKO PAYMENT AVAILABLE🎯Credit Card Payment Accepted..🎯Installment Plans Available.🎯Delivery can be Arranged with in hours.    (Same day Delivery in hours around      colombo areas)""Visit Our Shop..SMARTMOBILE.LKNo.10/1/D,Madiwela Road,Thalawathugoda(In front of commercial bank)(google ""SMARTMOBILE.LK"" for Direction)We are open⏰9.00 am to 9.00 pm ON EVERYDAY ඔබගෙ Smart phone සිහිනය දැන් සිහිනයක් නොවෙ මාස 24 දක්වා ගෙවන්න ගන්න ඔබට අවශ්‍ය smart phone එක ඔයාගෙ ගෙදරටම cash on delivery කරගන්න ඔයත් ඔයාගෙ ආසම smart phone එක ගන්න SMARTMOBILE.LK අපව අමතන්න🎯"
"Apple Ipad Air 8 M4 13"" 256GB WIFI","Rs 354,490",Unknown,https://ikman.lk/en/ad/apple-ipad-air-8-m4-13-256gb-wifi-for-sale-colombo,,,,"SMARTMOBILE.LK THALAWTHUGODA#BEST PROMOTION PRICE ⛔APPLE I PAD AIR 8 M4 13"" (256GB) - Rs.354,490/= BRAND NEW / SEALED PACK / ORIGINAL / TRCSL APPROVED /"" 1 YEAR APPLE CARE WATTANTY ""🔴🟢🟣🟠100% Brand New Sealed Box With UntouchedOriginal Accessories🎯SNAP PAY UP TO 24 MONTHS 🔥🎯KOKO PAYMENT AVAILABLE🎯Credit Card Payment Accepted..🎯Installment Plans Available.🎯Delivery can be Arranged with in hours.    (Same day Delivery in hours around      colombo areas)""Visit Our Shop..SMARTMOBILE.LKNo.10/1/D,Madiwela Road,Thalawathugoda(In front of commercial bank)(google ""SMARTMOBILE.LK"" for Direction)We are open⏰9.00 am to 9.00 pm ON EVERYDAY ඔබගෙ Smart phone සිහිනය දැන් සිහිනයක් නොවෙ මාස 24 දක්වා ගෙවන්න ගන්න ඔබට අවශ්‍ය smart phone එක ඔයාගෙ ගෙදරටම cash on delivery කරගන්න ඔයත් ඔයාගෙ ආසම smart phone එක ගන්න SMARTMOBILE.LK අපව අමතන්න🎯"
"AIR 8 M4 11"" 256GB CELLULAR","Rs 393,990",Unknown,https://ikman.lk/en/ad/air-8-m4-11-256gb-cellular-for-sale-colombo,,,,"SMARTMOBILE.LK THALAWTHUGODA#BEST PROMOTION PRICE ⛔APPLE I PAD AIR 8 M4 11"" (256GB) - Rs.393,990/= BRAND NEW / SEALED PACK / ORIGINAL / TRCSL APPROVED /"" 1 YEAR APPLE CARE WATTANTY ""🔴🟢🟣🟠100% Brand New Sealed Box With UntouchedOriginal Accessories🎯SNAP PAY UP TO 24 MONTHS 🔥🎯KOKO PAYMENT AVAILABLE🎯Credit Card Payment Accepted..🎯Installment Plans Available.🎯Delivery can be Arranged with in hours.    (Same day Delivery in hours around      colombo areas)""Visit Our Shop..SMARTMOBILE.LKNo.10/1/D,Madiwela Road,Thalawathugoda(In front of commercial bank)(google ""SMARTMOBILE.LK"" for Direction)We are open⏰9.00 am to 9.00 pm ON EVERYDAY ඔබගෙ Smart phone සිහිනය දැන් සිහිනයක් නොවෙ මාස 24 දක්වා ගෙවන්න ගන්න ඔබට අවශ්‍ය smart phone එක ඔයාගෙ ගෙදරටම cash on delivery කරගන්න ඔයත් ඔයාගෙ ආසම smart phone එක ගන්න SMARTMOBILE.LK අපව අමතන්න🎯"
"Apple Ipad Air 8 M4 11"" 128GB Cellular","Rs 308,990",Unknown,https://ikman.lk/en/ad/apple-ipad-air-8-m4-11-128gb-cellular-for-sale-colombo,,,,"SMARTMOBILE.LK THALAWTHUGODA#BEST PROMOTION PRICE ⛔APPLE I PAD AIR 8 M4 11"" (128GB) - Rs.308,990/= BRAND NEW / SEALED PACK / ORIGINAL / TRCSL APPROVED /"" 1 YEAR APPLE CARE WATTANTY ""🔴🟢🟣🟠100% Brand New Sealed Box With UntouchedOriginal Accessories🎯SNAP PAY UP TO 24 MONTHS 🔥🎯KOKO PAYMENT AVAILABLE🎯Credit Card Payment Accepted..🎯Installment Plans Available.🎯Delivery can be Arranged with in hours.    (Same day Delivery in hours around      colombo areas)""Visit Our Shop..SMARTMOBILE.LKNo.10/1/D,Madiwela Road,Thalawathugoda(In front of commercial bank)(google ""SMARTMOBILE.LK"" for Direction)We are open⏰9.00 am to 9.00 pm ON EVERYDAY ඔබගෙ Smart phone සිහිනය දැන් සිහිනයක් නොවෙ මාස 24 දක්වා ගෙවන්න ගන්න ඔබට අවශ්‍ය smart phone එක ඔයාගෙ ගෙදරටම cash on delivery කරගන්න ඔයත් ඔයාගෙ ආසම smart phone එක ගන්න SMARTMOBILE.LK අපව අමතන්න🎯"
"Apple iPad Air 8 M4 11"" 128GB WIFI","Rs 253,990",Unknown,https://ikman.lk/en/ad/apple-ipad-air-8-m4-11-128gb-wifi-for-sale-colombo-9,,,,"SMARTMOBILE.LK THALAWTHUGODA#BEST PROMOTION PRICE ⛔APPLE I PAD AIR 8 M4 11"" (128GB) - Rs.253,990/= BRAND NEW / SEALED PACK / ORIGINAL / TRCSL APPROVED /"" 1 YEAR APPLE CARE WATTANTY ""🔴🟢🟣🟠100% Brand New Sealed Box With UntouchedOriginal Accessories🎯SNAP PAY UP TO 24 MONTHS 🔥🎯KOKO PAYMENT AVAILABLE🎯Credit Card Payment Accepted..🎯Installment Plans Available.🎯Delivery can be Arranged with in hours.    (Same day Delivery in hours around      colombo areas)""Visit Our Shop..SMARTMOBILE.LKNo.10/1/D,Madiwela Road,Thalawathugoda(In front of commercial bank)(google ""SMARTMOBILE.LK"" for Direction)We are open⏰9.00 am to 9.00 pm ON EVERYDAY ඔබගෙ Smart phone සිහිනය දැන් සිහිනයක් නොවෙ මාස 24 දක්වා ගෙවන්න ගන්න ඔබට අවශ්‍ය smart phone එක ඔයාගෙ ගෙදරටම cash on delivery කරගන්න ඔයත් ඔයාගෙ ආසම smart phone එක ගන්න SMARTMOBILE.LK අපව අමතන්න🎯"
"AIR 7 M3 11"" 256GB CELLULAR","Rs 294,490",Unknown,https://ikman.lk/en/ad/air-7-m3-11-256gb-cellular-for-sale-colombo-1,,,,"SMARTMOBILE.LK THALAWTHUGODA#BEST PROMOTION PRICE ⛔APPLE I PAD AIR 7 M3 11"" CELLULAR (256GB) - Rs.294,490/= BRAND NEW / SEALED PACK / ORIGINAL / TRCSL APPROVED /"" 1 YEAR APPLE CARE WATTANTY ""🔴🟢🟣🟠100% Brand New Sealed Box With UntouchedOriginal Accessories🎯SNAP PAY UP TO 24 MONTHS 🔥🎯KOKO PAYMENT AVAILABLE🎯Credit Card Payment Accepted..🎯Installment Plans Available.🎯Delivery can be Arranged with in hours.    (Same day Delivery in hours around      colombo areas)""Visit Our Shop..SMARTMOBILE.LKNo.10/1/D,Madiwela Road,Thalawathugoda(In front of commercial bank)(google ""SMARTMOBILE.LK"" for Direction)We are open⏰9.00 am to 9.00 pm ON EVERYDAY ඔබගෙ Smart phone සිහිනය දැන් සිහිනයක් නොවෙ මාස 24 දක්වා ගෙවන්න ගන්න ඔබට අවශ්‍ය smart phone එක ඔයාගෙ ගෙදරටම cash on delivery කරගන්න ඔයත් ඔයාගෙ ආසම smart phone එක ගන්න SMARTMOBILE.LK අපව අමතන්න🎯"
"APPLE I PAD AIR 7 M3 11"" 256GB WIFI 02","Rs 259,990",Unknown,https://ikman.lk/en/ad/apple-i-pad-air-7-m3-11-256gb-wifi-02-for-sale-colombo,,,,"SMARTMOBILE.LK THALAWTHUGODA#BEST PROMOTION PRICE ⛔APPLE I PAD AIR 7 M3 11"" (256GB) - Rs.259,990/= BRAND NEW / SEALED PACK / ORIGINAL / TRCSL APPROVED /"" 1 YEAR APPLE CARE WATTANTY ""🔴🟢🟣🟠100% Brand New Sealed Box With UntouchedOriginal Accessories🎯SNAP PAY UP TO 24 MONTHS 🔥🎯KOKO PAYMENT AVAILABLE🎯Credit Card Payment Accepted..🎯Installment Plans Available.🎯Delivery can be Arranged with in hours.    (Same day Delivery in hours around      colombo areas)""Visit Our Shop..SMARTMOBILE.LKNo.10/1/D,Madiwela Road,Thalawathugoda(In front of commercial bank)(google ""SMARTMOBILE.LK"" for Direction)We are open⏰9.00 am to 9.00 pm ON EVERYDAY ඔබගෙ Smart phone සිහිනය දැන් සිහිනයක් නොවෙ මාස 24 දක්වා ගෙවන්න ගන්න ඔබට අවශ්‍ය smart phone එක ඔයාගෙ ගෙදරටම cash on delivery කරගන්න ඔයත් ඔයාගෙ ආසම smart phone එක ගන්න SMARTMOBILE.LK අපව අමතන්න🎯"
"APPLE I PAD AIR 7 M3 11"" 128GB CELLULAR 02","Rs 239,490",Unknown,https://ikman.lk/en/ad/apple-i-pad-air-7-m3-11-128gb-cellular-02-for-sale-colombo,,,,"SMARTMOBILE.LK THALAWTHUGODA#BEST PROMOTION PRICE ⛔APPLE I PAD AIR 7 M3 11"" (128GB) - Rs.239,490/= BRAND NEW / SEALED PACK / ORIGINAL / TRCSL APPROVED /"" 1 YEAR APPLE CARE WATTANTY ""🔴🟢🟣🟠100% Brand New Sealed Box With UntouchedOriginal Accessories🎯SNAP PAY UP TO 24 MONTHS 🔥🎯KOKO PAYMENT AVAILABLE🎯Credit Card Payment Accepted..🎯Installment Plans Available.🎯Delivery can be Arranged with in hours.    (Same day Delivery in hours around      colombo areas)""Visit Our Shop..SMARTMOBILE.LKNo.10/1/D,Madiwela Road,Thalawathugoda(In front of commercial bank)(google ""SMARTMOBILE.LK"" for Direction)We are open⏰9.00 am to 9.00 pm ON EVERYDAY ඔබගෙ Smart phone සිහිනය දැන් සිහිනයක් නොවෙ මාස 24 දක්වා ගෙවන්න ගන්න ඔබට අවශ්‍ය smart phone එක ඔයාගෙ ගෙදරටම cash on delivery කරගන්න ඔයත් ඔයාගෙ ආසම smart phone එක ගන්න SMARTMOBILE.LK අපව අමතන්න🎯"
Samsung Galaxy S10 Plus 12GB 256GB,"Rs 235,000",Unknown,https://ikman.lk/en/ad/samsung-galaxy-s10-plus-12gb-256gb-for-sale-colombo-391,,,,"‎⭕MOBILE CARE ‎‎🔰 Brand new Sealed Pack‎🔰 100% Genuine Products ‎🔰 Credit Card Payments Accepted.(Condition Apply)‎🔰 ⁠Prices will change according to color, country / region‎🔰After sales service and support will be provided‎🔰koko payment accepted ‎☆(SEYLAN BANK)‎●12 Months ‎●24 Months  ‎‎☆(COMMERCIAL BANK)‎●6 Months ‎●12 Months  ‎●18 Months ‎●24 Months ‎‎☆(SAMPATH BANK)‎●6 Months‎●12 Months ‎●24 Months‎●40 Months ‎‎♦️Cash on Delivery (Colombo Only)‎♦️Delivery & Pickup Loacation - Liberty Plaza Colombo 03 ‎‎For More Details Please Contact us or Visit  Showroom ‎MOBILE CARE ‎No 24,1ST FLOOR LIBERTY PLAZA COLOMBO 03‎‎‎Bussines hours‎10.00 AM - 07.30 PM"
Samsung Galaxy Tab S10 FE 5G 8GB 128GB,"Rs 155,900",Unknown,https://ikman.lk/en/ad/samsung-galaxy-tab-s10-fe-5g-8gb-128gb-for-sale-colombo-28,,,,"📱 **Samsung Galaxy Tab S10 FE 5G – 8GB RAM | 128GB Storage**🔹 **Product Highlights**✅ 8GB RAM + 128GB Storage – Smooth multitasking with ample storage✅ 5G Connectivity – Ultra-fast browsing, streaming & downloads✅ Large High-Resolution Display – Perfect for work, entertainment & creativity✅ Powerful Processor – Fast and efficient everyday performance✅ S Pen Included – Ideal for note-taking, drawing & productivity✅ Long-Lasting Battery – Stay powered throughout the day✅ 45W Fast Charging Support – Quick and convenient charging✅ Premium Slim Design – Stylish, lightweight and durable✅ 100% Original | Brand New | Sealed Box💥💥 **Available Now!** 💥💥🚚 **Delivery Options**🏍️ Colombo Doorstep Delivery📦 Island-wide Delivery via Courier Service📞 Call now to arrange your delivery!🏧 **Easy Installment Plans Available (T&C Apply)**💳 Sampath Bank💳 HSBC💳 People’s Bank💳 Commercial Bank💳 Seylan Bank📍 **Visit Us**Your Mobile StoreLiberty Plaza / Colombo Area📞 Contact Us Today for More Information!🕘 **Business Hours**🗓️ Monday – Saturday: 10:00 AM – 7:30 PM🗓️ Sunday: 10:00 AM – 6:00 PM"
HP ProBook 450 G9|Intel Core i5 12th Gen|8GB RAM|256GB NVMe SSD,"Rs 135,000",Unknown,https://ikman.lk/en/ad/hp-probook-450-g9intel-core-i5-12th-gen8gb-ram256gb-nvme-ssd-for-sale-colombo,,,,"💼 Powerful HP ProBook 450 G9 Business Laptop – Perfect for office work, students, professionals, online meetings, programming, and everyday productivity.Specifications:✅ Intel Core i5-1235U 12th Generation Processor✅ 8GB DDR4 RAM✅ 256GB NVMe SSD✅ Intel UHD Graphics✅ 15.6"" Full HD (1920×1080) Anti-Glare Display✅ Windows 11 Pro Activated✅ Wi-Fi 6 & Bluetooth✅ USB-C, USB 3.2, HDMI, RJ-45 LAN✅ HD Webcam & Dual Speakers✅ Fast, Reliable & Energy EfficientCondition:✔ Excellent Cosmetic Condition✔ 100% Fully Tested✔ Ready to Use💰 Price: LKR🎁 Ideal for business users, students, remote work, Microsoft Office, Zoom meetings, web browsing, and multitasking.📍 Viewing and testing available before purchase.📞 Contact now for more information or to reserve this laptop."
Apple iPad A16 128GB Cellular,"Rs 193,990",Unknown,https://ikman.lk/en/ad/apple-ipad-a16-128gb-cellular-for-sale-colombo-23,,,,"SMARTMOBILE.LK THALAWTHUGODA#BEST PROMOTION PRICE ⛔APPLE I PAD A16 CELLULAR (128GB) - Rs.193,990/= BRAND NEW / SEALED PACK / ORIGINAL / TRCSL APPROVED /"" 1 YEAR APPLE CARE WATTANTY ""🔴🟢🟣🟠100% Brand New Sealed Box With UntouchedOriginal Accessories🎯SNAP PAY UP TO 24 MONTHS 🔥🎯KOKO PAYMENT AVAILABLE🎯Credit Card Payment Accepted..🎯Installment Plans Available.🎯Delivery can be Arranged with in hours.    (Same day Delivery in hours around      colombo areas)""Visit Our Shop..SMARTMOBILE.LKNo.10/1/D,Madiwela Road,Thalawathugoda(In front of commercial bank)(google ""SMARTMOBILE.LK"" for Direction)We are open⏰9.00 am to 9.00 pm ON EVERYDAY ඔබගෙ Smart phone සිහිනය දැන් සිහිනයක් නොවෙ මාස 24 දක්වා ගෙවන්න ගන්න ඔබට අවශ්‍ය smart phone එක ඔයාගෙ ගෙදරටම cash on delivery කරගන්න ඔයත් ඔයාගෙ ආසම smart phone එක ගන්න SMARTMOBILE.LK අපව අමතන්න🎯"
Samsung Galaxy S10 FE 12GB/256GB 5G,"Rs 206,990",Unknown,https://ikman.lk/en/ad/samsung-galaxy-s10-fe-12gb-256gb-5g-for-sale-colombo-1,,,,"SMARTMOBILE.LK THALAWTHUGODA#BEST PROMOTION PRICE ⛔SAMSUNG S10 FE 5G (12GB/256GB) - Rs.206,990/= BRAND NEW / SEALED PACK / ORIGINAL / TRCSL APPROVED /"" 1 YEAR COMPANY WARRANTY ""🔴🟢🟣🟠100% Brand New Sealed Box With UntouchedOriginal Accessories🎯SNAP PAY UP TO 24 MONTHS 🔥🎯KOKO PAYMENT AVAILABLE🎯Credit Card Payment Accepted..🎯Installment Plans Available.🎯Delivery can be Arranged with in hours.    (Same day Delivery in hours around      colombo areas)""Visit Our Shop..SMARTMOBILE.LKNo.10/1/D,Madiwela Road,Thalawathugoda(In front of commercial bank)(google ""SMARTMOBILE.LK"" for Direction)We are open⏰9.00 am to 9.00 pm ON EVERYDAY ඔබගෙ Smart phone සිහිනය දැන් සිහිනයක් නොවෙ මාස 24 දක්වා ගෙවන්න ගන්න ඔබට අවශ්‍ය smart phone එක ඔයාගෙ ගෙදරටම cash on delivery කරගන්න ඔයත් ඔයාගෙ ආසම smart phone එක ගන්න SMARTMOBILE.LK අපව අමතන්න🎯"
SAMSUNG S10 FE 8GB/128GB,"Rs 161,490",Unknown,https://ikman.lk/en/ad/samsung-s10-fe-8gb-128gb-for-sale-colombo-43,,,,"SMARTMOBILE.LK THALAWTHUGODA#BEST PROMOTION PRICE ⛔SAMSUNG S10 FE (8GB/128GB) - Rs.161,490/= BRAND NEW / SEALED PACK / ORIGINAL / TRCSL APPROVED /"" 1 YEAR COMPANY WARRANTY ""🔴🟢🟣🟠100% Brand New Sealed Box With UntouchedOriginal Accessories🎯SNAP PAY UP TO 24 MONTHS 🔥🎯KOKO PAYMENT AVAILABLE🎯Credit Card Payment Accepted..🎯Installment Plans Available.🎯Delivery can be Arranged with in hours.    (Same day Delivery in hours around      colombo areas)""Visit Our Shop..SMARTMOBILE.LKNo.10/1/D,Madiwela Road,Thalawathugoda(In front of commercial bank)(google ""SMARTMOBILE.LK"" for Direction)We are open⏰9.00 am to 9.00 pm ON EVERYDAY ඔබගෙ Smart phone සිහිනය දැන් සිහිනයක් නොවෙ මාස 24 දක්වා ගෙවන්න ගන්න ඔබට අවශ්‍ය smart phone එක ඔයාගෙ ගෙදරටම cash on delivery කරගන්න ඔයත් ඔයාගෙ ආසම smart phone එක ගන්න SMARTMOBILE.LK අපව අමතන්න🎯"
Samsung Galaxy A11 8GB/128GB,"Rs 64,490",Unknown,https://ikman.lk/en/ad/samsung-galaxy-a11-8gb-128gb-for-sale-colombo-317,,,,"SMARTMOBILE.LK THALAWTHUGODA#BEST PROMOTION PRICE ⛔SAMSUNG A11 (8GB/128GB) - Rs.64,490/= BRAND NEW / SEALED PACK / ORIGINAL / TRCSL APPROVED /"" 1 YEAR COMPANY WARRANTY ""🔴🟢🟣🟠100% Brand New Sealed Box With UntouchedOriginal Accessories🎯SNAP PAY UP TO 24 MONTHS 🔥🎯KOKO PAYMENT AVAILABLE🎯Credit Card Payment Accepted..🎯Installment Plans Available.🎯Delivery can be Arranged with in hours.    (Same day Delivery in hours around      colombo areas)""Visit Our Shop..SMARTMOBILE.LKNo.10/1/D,Madiwela Road,Thalawathugoda(In front of commercial bank)(google ""SMARTMOBILE.LK"" for Direction)We are open⏰9.00 am to 9.00 pm ON EVERYDAY ඔබගෙ Smart phone සිහිනය දැන් සිහිනයක් නොවෙ මාස 24 දක්වා ගෙවන්න ගන්න ඔබට අවශ්‍ය smart phone එක ඔයාගෙ ගෙදරටම cash on delivery කරගන්න ඔයත් ඔයාගෙ ආසම smart phone එක ගන්න SMARTMOBILE.LK අපව අමතන්න🎯"
Samsung Galaxy Tab A11 4GB/64GB,"Rs 50,990",Unknown,https://ikman.lk/en/ad/samsung-galaxy-tab-a11-4gb-64gb-for-sale-colombo-130,,,,"SMARTMOBILE.LK THALAWTHUGODA#BEST PROMOTION PRICE ⛔SAMSUNG A11 (4GB/64GB) - Rs.50,990/= BRAND NEW / SEALED PACK / ORIGINAL / TRCSL APPROVED /"" 1 YEAR COMPANY WARRANTY ""🔴🟢🟣🟠100% Brand New Sealed Box With UntouchedOriginal Accessories🎯SNAP PAY UP TO 24 MONTHS 🔥🎯KOKO PAYMENT AVAILABLE🎯Credit Card Payment Accepted..🎯Installment Plans Available.🎯Delivery can be Arranged with in hours.    (Same day Delivery in hours around      colombo areas)""Visit Our Shop..SMARTMOBILE.LKNo.10/1/D,Madiwela Road,Thalawathugoda(In front of commercial bank)(google ""SMARTMOBILE.LK"" for Direction)We are open⏰9.00 am to 9.00 pm ON EVERYDAY ඔබගෙ Smart phone සිහිනය දැන් සිහිනයක් නොවෙ මාස 24 දක්වා ගෙවන්න ගන්න ඔබට අවශ්‍ය smart phone එක ඔයාගෙ ගෙදරටම cash on delivery කරගන්න ඔයත් ඔයාගෙ ආසම smart phone එක ගන්න SMARTMOBILE.LK අපව අමතන්න🎯"
Oscal Pad 200,"Rs 79,990",Unknown,https://ikman.lk/en/ad/oscal-pad-200-for-sale-colombo-1,,,,"SMARTMOBILE.LK THALAWTHUGODA#BEST PROMOTION PRICE ⛔OSCAL PAD 200 (6GB/256GB) - Rs.79,990/= BRAND NEW / SEALED PACK / ORIGINAL / TRCSL APPROVED /"" 1 YEAR COMPANY WARRANTY ""🔴🟢🟣🟠100% Brand New Sealed Box With UntouchedOriginal Accessories🎯SNAP PAY UP TO 24 MONTHS 🔥🎯KOKO PAYMENT AVAILABLE🎯Credit Card Payment Accepted..🎯Installment Plans Available.🎯Delivery can be Arranged with in hours.    (Same day Delivery in hours around      colombo areas)""Visit Our Shop..SMARTMOBILE.LKNo.10/1/D,Madiwela Road,Thalawathugoda(In front of commercial bank)(google ""SMARTMOBILE.LK"" for Direction)We are open⏰9.00 am to 9.00 pm ON EVERYDAY ඔබගෙ Smart phone සිහිනය දැන් සිහිනයක් නොවෙ මාස 24 දක්වා ගෙවන්න ගන්න ඔබට අවශ්‍ය smart phone එක ඔයාගෙ ගෙදරටම cash on delivery කරගන්න ඔයත් ඔයාගෙ ආසම smart phone එක ගන්න SMARTMOBILE.LK අපව අමතන්න🎯"
Xiaomi Pad 100 256GB,"Rs 70,990",Unknown,https://ikman.lk/en/ad/xiaomi-pad-100-256gb-for-sale-colombo,,,,"SMARTMOBILE.LK THALAWTHUGODA#BEST PROMOTION PRICE ⛔XIAOMI PAD 100 (8GB/256GB) - Rs.70,990/= BRAND NEW / SEALED PACK / ORIGINAL / TRCSL APPROVED /"" 1 YEAR COMPANY WARRANTY ""🔴🟢🟣🟠100% Brand New Sealed Box With UntouchedOriginal Accessories🎯SNAP PAY UP TO 24 MONTHS 🔥🎯KOKO PAYMENT AVAILABLE🎯Credit Card Payment Accepted..🎯Installment Plans Available.🎯Delivery can be Arranged with in hours.    (Same day Delivery in hours around      colombo areas)""Visit Our Shop..SMARTMOBILE.LKNo.10/1/D,Madiwela Road,Thalawathugoda(In front of commercial bank)(google ""SMARTMOBILE.LK"" for Direction)We are open⏰9.00 am to 9.00 pm ON EVERYDAY ඔබගෙ Smart phone සිහිනය දැන් සිහිනයක් නොවෙ මාස 24 දක්වා ගෙවන්න ගන්න ඔබට අවශ්‍ය smart phone එක ඔයාගෙ ගෙදරටම cash on delivery කරගන්න ඔයත් ඔයාගෙ ආසම smart phone එක ගන්න SMARTMOBILE.LK අපව අමතන්න🎯"
Oscal Pad 90 256GB,"Rs 61,990",Unknown,https://ikman.lk/en/ad/oscal-pad-90-256gb-for-sale-colombo,,,,"SMARTMOBILE.LK THALAWTHUGODA#BEST PROMOTION PRICE ⛔OSCAL 90 (8GB/c) - Rs.61,990/= BRAND NEW / SEALED PACK / ORIGINAL / TRCSL APPROVED /"" 1 YEAR COMPANY WARRANTY ""🔴🟢🟣🟠100% Brand New Sealed Box With UntouchedOriginal Accessories🎯SNAP PAY UP TO 24 MONTHS 🔥🎯KOKO PAYMENT AVAILABLE🎯Credit Card Payment Accepted..🎯Installment Plans Available.🎯Delivery can be Arranged with in hours.    (Same day Delivery in hours around      colombo areas)""Visit Our Shop..SMARTMOBILE.LKNo.10/1/D,Madiwela Road,Thalawathugoda(In front of commercial bank)(google ""SMARTMOBILE.LK"" for Direction)We are open⏰9.00 am to 9.00 pm ON EVERYDAY ඔබගෙ Smart phone සිහිනය දැන් සිහිනයක් නොවෙ මාස 24 දක්වා ගෙවන්න ගන්න ඔබට අවශ්‍ය smart phone එක ඔයාගෙ ගෙදරටම cash on delivery කරගන්න ඔයත් ඔයාගෙ ආසම smart phone එක ගන්න SMARTMOBILE.LK අපව අමතන්න🎯"
Oscal Pad 9 4GB/128GB,"Rs 52,990",Unknown,https://ikman.lk/en/ad/oscal-pad-9-4gb-128gb-for-sale-colombo-6,,,,"SMARTMOBILE.LK THALAWTHUGODA#BEST PROMOTION PRICE ⛔OSCAL PAD 9 (4GB/128GB) - Rs.52,990/= BRAND NEW / SEALED PACK / ORIGINAL / TRCSL APPROVED /"" 1 YEAR COMPANY WARRANTY ""🔴🟢🟣🟠100% Brand New Sealed Box With UntouchedOriginal Accessories🎯SNAP PAY UP TO 24 MONTHS 🔥🎯KOKO PAYMENT AVAILABLE🎯Credit Card Payment Accepted..🎯Installment Plans Available.🎯Delivery can be Arranged with in hours.    (Same day Delivery in hours around      colombo areas)""Visit Our Shop..SMARTMOBILE.LKNo.10/1/D,Madiwela Road,Thalawathugoda(In front of commercial bank)(google ""SMARTMOBILE.LK"" for Direction)We are open⏰9.00 am to 9.00 pm ON EVERYDAY ඔබගෙ Smart phone සිහිනය දැන් සිහිනයක් නොවෙ මාස 24 දක්වා ගෙවන්න ගන්න ඔබට අවශ්‍ය smart phone එක ඔයාගෙ ගෙදරටම cash on delivery කරගන්න ඔයත් ඔයාගෙ ආසම smart phone එක ගන්න SMARTMOBILE.LK අපව අමතන්න🎯"
PAD 7 4GB/128GB 02,"Rs 52,490",Unknown,https://ikman.lk/en/ad/pad-7-4gb-128gb-02-for-sale-colombo,,,,"SMARTMOBILE.LK THALAWTHUGODA#BEST PROMOTION PRICE ⛔OSCAL PAD 7 (4GB/128GB) - Rs.52,490/= BRAND NEW / SEALED PACK / ORIGINAL / TRCSL APPROVED /"" 1 YEAR COMPANY WARRANTY ""🔴🟢🟣🟠100% Brand New Sealed Box With UntouchedOriginal Accessories🎯SNAP PAY UP TO 24 MONTHS 🔥🎯KOKO PAYMENT AVAILABLE🎯Credit Card Payment Accepted..🎯Installment Plans Available.🎯Delivery can be Arranged with in hours.    (Same day Delivery in hours around      colombo areas)""Visit Our Shop..SMARTMOBILE.LKNo.10/1/D,Madiwela Road,Thalawathugoda(In front of commercial bank)(google ""SMARTMOBILE.LK"" for Direction)We are open⏰9.00 am to 9.00 pm ON EVERYDAY ඔබගෙ Smart phone සිහිනය දැන් සිහිනයක් නොවෙ මාස 24 දක්වා ගෙවන්න ගන්න ඔබට අවශ්‍ය smart phone එක ඔයාගෙ ගෙදරටම cash on delivery කරගන්න ඔයත් ඔයාගෙ ආසම smart phone එක ගන්න SMARTMOBILE.LK අපව අමතන්න🎯"
Xiaomi Pad Pro 5 G,"Rs 127,990",Unknown,https://ikman.lk/en/ad/xiaomi-pad-pro-5-g-for-sale-colombo,,,,"SMARTMOBILE.LK THALAWTHUGODA#BEST PROMOTION PRICE ⛔XIAOMI PAD PRO 5G (8GB/256GB) - Rs.127,990/= BRAND NEW / SEALED PACK / ORIGINAL / TRCSL APPROVED /"" 1 YEAR COMPANY WARRANTY ""🔴🟢🟣🟠100% Brand New Sealed Box With UntouchedOriginal Accessories🎯SNAP PAY UP TO 24 MONTHS 🔥🎯KOKO PAYMENT AVAILABLE🎯Credit Card Payment Accepted..🎯Installment Plans Available.🎯Delivery can be Arranged with in hours.    (Same day Delivery in hours around      colombo areas)""Visit Our Shop..SMARTMOBILE.LKNo.10/1/D,Madiwela Road,Thalawathugoda(In front of commercial bank)(google ""SMARTMOBILE.LK"" for Direction)We are open⏰9.00 am to 9.00 pm ON EVERYDAY ඔබගෙ Smart phone සිහිනය දැන් සිහිනයක් නොවෙ මාස 24 දක්වා ගෙවන්න ගන්න ඔබට අවශ්‍ය smart phone එක ඔයාගෙ ගෙදරටම cash on delivery කරගන්න ඔයත් ඔයාගෙ ආසම smart phone එක ගන්න SMARTMOBILE.LK අපව අමතන්න🎯"
Xiaomi Pad Pro 5 G,"Rs 114,990",Unknown,https://ikman.lk/en/ad/xiaomi-pad-pro-5-g-for-sale-colombo-1,,,,"SMARTMOBILE.LK THALAWTHUGODA#BEST PROMOTION PRICE ⛔XIAOMI PAD 2 (6GB/128GB) - Rs.114,990/= BRAND NEW / SEALED PACK / ORIGINAL / TRCSL APPROVED /"" 1 YEAR COMPANY WARRANTY ""🔴🟢🟣🟠100% Brand New Sealed Box With UntouchedOriginal Accessories🎯SNAP PAY UP TO 24 MONTHS 🔥🎯KOKO PAYMENT AVAILABLE🎯Credit Card Payment Accepted..🎯Installment Plans Available.🎯Delivery can be Arranged with in hours.    (Same day Delivery in hours around      colombo areas)""Visit Our Shop..SMARTMOBILE.LKNo.10/1/D,Madiwela Road,Thalawathugoda(In front of commercial bank)(google ""SMARTMOBILE.LK"" for Direction)We are open⏰9.00 am to 9.00 pm ON EVERYDAY ඔබගෙ Smart phone සිහිනය දැන් සිහිනයක් නොවෙ මාස 24 දක්වා ගෙවන්න ගන්න ඔබට අවශ්‍ය smart phone එක ඔයාගෙ ගෙදරටම cash on delivery කරගන්න ඔයත් ඔයාගෙ ආසම smart phone එක ගන්න SMARTMOBILE.LK අපව අමතන්න🎯"
Xiaomi Pad 2 256GB,"Rs 93,990",Unknown,https://ikman.lk/en/ad/xiaomi-pad-2-256gb-for-sale-colombo,,,,"SMARTMOBILE.LK THALAWTHUGODA#BEST PROMOTION PRICE ⛔XIAOMI PAD 2 (8GB/256GB) - Rs.93,990/= BRAND NEW / SEALED PACK / ORIGINAL / TRCSL APPROVED /"" 1 YEAR COMPANY WARRANTY ""🔴🟢🟣🟠100% Brand New Sealed Box With UntouchedOriginal Accessories🎯SNAP PAY UP TO 24 MONTHS 🔥🎯KOKO PAYMENT AVAILABLE🎯Credit Card Payment Accepted..🎯Installment Plans Available.🎯Delivery can be Arranged with in hours.    (Same day Delivery in hours around      colombo areas)""Visit Our Shop..SMARTMOBILE.LKNo.10/1/D,Madiwela Road,Thalawathugoda(In front of commercial bank)(google ""SMARTMOBILE.LK"" for Direction)We are open⏰9.00 am to 9.00 pm ON EVERYDAY ඔබගෙ Smart phone සිහිනය දැන් සිහිනයක් නොවෙ මාස 24 දක්වා ගෙවන්න ගන්න ඔබට අවශ්‍ය smart phone එක ඔයාගෙ ගෙදරටම cash on delivery කරගන්න ඔයත් ඔයාගෙ ආසම smart phone එක ගන්න SMARTMOBILE.LK අපව අමතන්න🎯"
Xiaomi Pad 2 4GB/128GB,"Rs 71,490",Unknown,https://ikman.lk/en/ad/xiaomi-pad-2-4gb-128gb-for-sale-colombo-2,,,,"SMARTMOBILE.LK THALAWTHUGODA#BEST PROMOTION PRICE ⛔XIAOMI PAD 2 (4GB/128GB) - Rs.71,490/= BRAND NEW / SEALED PACK / ORIGINAL / TRCSL APPROVED /"" 1 YEAR COMPANY WARRANTY ""🔴🟢🟣🟠100% Brand New Sealed Box With UntouchedOriginal Accessories🎯SNAP PAY UP TO 24 MONTHS 🔥🎯KOKO PAYMENT AVAILABLE🎯Credit Card Payment Accepted..🎯Installment Plans Available.🎯Delivery can be Arranged with in hours.    (Same day Delivery in hours around      colombo areas)""Visit Our Shop..SMARTMOBILE.LKNo.10/1/D,Madiwela Road,Thalawathugoda(In front of commercial bank)(google ""SMARTMOBILE.LK"" for Direction)We are open⏰9.00 am to 9.00 pm ON EVERYDAY ඔබගෙ Smart phone සිහිනය දැන් සිහිනයක් නොවෙ මාස 24 දක්වා ගෙවන්න ගන්න ඔබට අවශ්‍ය smart phone එක ඔයාගෙ ගෙදරටම cash on delivery කරගන්න ඔයත් ඔයාගෙ ආසම smart phone එක ගන්න SMARTMOBILE.LK අපව අමතන්න🎯"
Blackview Zeno 10,"Rs 75,990",Unknown,https://ikman.lk/en/ad/blackview-zeno-10-for-sale-colombo-4,,,,"SMARTMOBILE.LK THALAWTHUGODA#BEST PROMOTION PRICE ⛔BLACKVIEW ZENO 10 (6GB/128GB) - Rs.75,990/= BRAND NEW / SEALED PACK / ORIGINAL / TRCSL APPROVED /"" 1 YEAR COMPANY WARRANTY ""🔴🟢🟣🟠100% Brand New Sealed Box With UntouchedOriginal Accessories🎯SNAP PAY UP TO 24 MONTHS 🔥🎯KOKO PAYMENT AVAILABLE🎯Credit Card Payment Accepted..🎯Installment Plans Available.🎯Delivery can be Arranged with in hours.    (Same day Delivery in hours around      colombo areas)""Visit Our Shop..SMARTMOBILE.LKNo.10/1/D,Madiwela Road,Thalawathugoda(In front of commercial bank)(google ""SMARTMOBILE.LK"" for Direction)We are open⏰9.00 am to 9.00 pm ON EVERYDAY ඔබගෙ Smart phone සිහිනය දැන් සිහිනයක් නොවෙ මාස 24 දක්වා ගෙවන්න ගන්න ඔබට අවශ්‍ය smart phone එක ඔයාගෙ ගෙදරටම cash on delivery කරගන්න ඔයත් ඔයාගෙ ආසම smart phone එක ගන්න SMARTMOBILE.LK අපව අමතන්න🎯"
Blackview Mega 2 256GB,"Rs 88,990",Unknown,https://ikman.lk/en/ad/blackview-mega-2-256gb-for-sale-colombo,,,,"SMARTMOBILE.LK THALAWTHUGODA#BEST PROMOTION PRICE ⛔BLACKVIEW MEGA 2 (12GB/256GB) - Rs.88,990/= BRAND NEW / SEALED PACK / ORIGINAL / TRCSL APPROVED /"" 1 YEAR COMPANY WARRANTY ""🔴🟢🟣🟠100% Brand New Sealed Box With UntouchedOriginal Accessories🎯SNAP PAY UP TO 24 MONTHS 🔥🎯KOKO PAYMENT AVAILABLE🎯Credit Card Payment Accepted..🎯Installment Plans Available.🎯Delivery can be Arranged with in hours.    (Same day Delivery in hours around      colombo areas)""Visit Our Shop..SMARTMOBILE.LKNo.10/1/D,Madiwela Road,Thalawathugoda(In front of commercial bank)(google ""SMARTMOBILE.LK"" for Direction)We are open⏰9.00 am to 9.00 pm ON EVERYDAY ඔබගෙ Smart phone සිහිනය දැන් සිහිනයක් නොවෙ මාස 24 දක්වා ගෙවන්න ගන්න ඔබට අවශ්‍ය smart phone එක ඔයාගෙ ගෙදරටම cash on delivery කරගන්න ඔයත් ඔයාගෙ ආසම smart phone එක ගන්න SMARTMOBILE.LK අපව අමතන්න🎯"
Blackview Tab 60 Pro,"Rs 59,990",Unknown,https://ikman.lk/en/ad/blackview-tab-60-pro-for-sale-colombo-10,,,,"SMARTMOBILE.LK THALAWTHUGODA#BEST PROMOTION PRICE ⛔BLACKVIEW TAB 60 PRO (4GB/128GB) - Rs.59,990/= BRAND NEW / SEALED PACK / ORIGINAL / TRCSL APPROVED /"" 1 YEAR COMPANY WARRANTY ""🔴🟢🟣🟠100% Brand New Sealed Box With UntouchedOriginal Accessories🎯SNAP PAY UP TO 24 MONTHS 🔥🎯KOKO PAYMENT AVAILABLE🎯Credit Card Payment Accepted..🎯Installment Plans Available.🎯Delivery can be Arranged with in hours.    (Same day Delivery in hours around      colombo areas)""Visit Our Shop..SMARTMOBILE.LKNo.10/1/D,Madiwela Road,Thalawathugoda(In front of commercial bank)(google ""SMARTMOBILE.LK"" for Direction)We are open⏰9.00 am to 9.00 pm ON EVERYDAY ඔබගෙ Smart phone සිහිනය දැන් සිහිනයක් නොවෙ මාස 24 දක්වා ගෙවන්න ගන්න ඔබට අවශ්‍ය smart phone එක ඔයාගෙ ගෙදරටම cash on delivery කරගන්න ඔයත් ඔයාගෙ ආසම smart phone එක ගන්න SMARTMOBILE.LK අපව අමතන්න🎯"
Galaxy Tab A7 lite,"Rs 18,000",Unknown,https://ikman.lk/en/ad/galaxy-tab-a7-lite-for-sale-gampaha,,,,Almost brand new with perfect condition Bought from France Barely usedCharger included Also a diolog 4g router is included
infinix x pad සොයන්නන්ට,"Rs 30,000",Unknown,https://ikman.lk/en/ad/infinix-x-pad-soynnntt-for-sale-kegalle,,,,"🔥 Infinix Xpad is here! 🔥Big screen. Big battery. Big performance.🚀 Sleek, powerful, and built for performance!•   📱 *11.0"" Full HD Display (1200x1920)*•   ⚡️ *Helio G99 Processor for smooth multitasking*•   💾 *4GB/8GB RAM + 128GB/256GB Storage (expandable with microSDXC)*•   📸 *8MP Camera with 1440p video recording*•   🔋 *Massive 7000mAh Battery with 18W Fast Charging*•   🖥 *Ultra-slim design (7.6mm, 496g)*•   📲 *Android 14 with XOS 14 for a modern experience*🔥 Perfect for work, study, and entertainment — all in one stylish tablet!"
Galaxy Tab A11 8/128GB,"Rs 63,000",Unknown,https://ikman.lk/en/ad/galaxy-tab-a11-8-128gb-for-sale-colombo-1,,,,"The talk spot ®️🔥NEW VERSION🔘1 Year Warranty 🔘100% Original🔘International Version🔘Delivery Possible (Please Call Us)💥Exchange available with your old Apple devices💥Credit card monthly installments▪️Koko payment ▪️Sampath▪️HSBC▪️Peoples▪️Commercial▪️Seylan🔥Call Us For More Detailswww.thetalkspot.lk  No 250/21, Ground Floor Liberty Plaza Kollupitiya Colombo 03"
Samsung Galaxy Tab A9 Plus 4/64GB,"Rs 47,000",Unknown,https://ikman.lk/en/ad/samsung-galaxy-tab-a9-plus-4-64gb-for-sale-colombo,,,,Used Excellent condition Free Case and temperOriginal 1st owner Box available NO EXHANGE
Blackview Tab 20 Wifi,"Rs 39,990",Unknown,https://ikman.lk/en/ad/blackview-tab-20-wifi-for-sale-colombo-13,,,,"SMARTMOBILE.LK THALAWTHUGODA#BEST PROMOTION PRICE ⛔BLACKVIEW TAB 20 WIFI (4GB/64GB) - Rs.39,990/= BRAND NEW / SEALED PACK / ORIGINAL / TRCSL APPROVED /"" 1 YEAR COMPANY WARRANTY ""🔴🟢🟣🟠100% Brand New Sealed Box With UntouchedOriginal Accessories🎯SNAP PAY UP TO 24 MONTHS 🔥🎯KOKO PAYMENT AVAILABLE🎯Credit Card Payment Accepted..🎯Installment Plans Available.🎯Delivery can be Arranged with in hours.    (Same day Delivery in hours around      colombo areas)""Visit Our Shop..SMARTMOBILE.LKNo.10/1/D,Madiwela Road,Thalawathugoda(In front of commercial bank)(google ""SMARTMOBILE.LK"" for Direction)We are open⏰9.00 am to 9.00 pm ON EVERYDAY ඔබගෙ Smart phone සිහිනය දැන් සිහිනයක් නොවෙ මාස 24 දක්වා ගෙවන්න ගන්න ඔබට අවශ්‍ය smart phone එක ඔයාගෙ ගෙදරටම cash on delivery කරගන්න ඔයත් ඔයාගෙ ආසම smart phone එක ගන්න SMARTMOBILE.LK අපව අමතන්න🎯"
Honor X7 4GB/128GB,"Rs 49,990",Unknown,https://ikman.lk/en/ad/honor-x7-4gb-128gb-for-sale-colombo-1,,,,"SMARTMOBILE.LK THALAWTHUGODA#BEST PROMOTION PRICE ⛔HONOR PAD X7 (4GB/128GB) - Rs.49,990/= BRAND NEW / SEALED PACK / ORIGINAL / TRCSL APPROVED /"" 1 YEAR COMPANY WARRANTY ""🔴🟢🟣🟠100% Brand New Sealed Box With UntouchedOriginal Accessories🎯SNAP PAY UP TO 24 MONTHS 🔥🎯KOKO PAYMENT AVAILABLE🎯Credit Card Payment Accepted..🎯Installment Plans Available.🎯Delivery can be Arranged with in hours.    (Same day Delivery in hours around      colombo areas)""Visit Our Shop..SMARTMOBILE.LKNo.10/1/D,Madiwela Road,Thalawathugoda(In front of commercial bank)(google ""SMARTMOBILE.LK"" for Direction)We are open⏰9.00 am to 9.00 pm ON EVERYDAY ඔබගෙ Smart phone සිහිනය දැන් සිහිනයක් නොවෙ මාස 24 දක්වා ගෙවන්න ගන්න ඔබට අවශ්‍ය smart phone එක ඔයාගෙ ගෙදරටම cash on delivery කරගන්න ඔයත් ඔයාගෙ ආසම smart phone එක ගන්න SMARTMOBILE.LK අපව අමතන්න🎯"
AMAZON FIRE HD 10 11 GENERATION 3GB 32GB,"Rs 19,990",Unknown,https://ikman.lk/en/ad/amazon-fire-hd-10-11-generation-3gb-32gb-for-sale-gampaha-12,,,,"ORIGINAL AMAZON FIRE HD 10 11 GENERATION 3GB 32GB TABLET FOR SALE. TRCSL APPROVED.[Direct Imported / Pre-owned / Authorized Warranty]Final Cash Discounted Price: Rs 19,990/=THE LOWEST PRICE IN SRI LANKA! ශ්‍රී ලංකාවේ අඩුම මිල අපෙන්! 'KOKO Payments' සමගින් මාස 6කින් ගෙවන්න ගන්න!⭐️ 1 YEAR WARRANTY | වසරක වගකීම**(කොන්දේසි අදාළ වේ.)*🔴 100% BRAND NEW CONDITION 🔴 100% WORKING CONDITION 📱 10.1 Inches High Resolution Display 📱 32GB Storage | 3GB RAM📱 Ultra Clear Super High Quality Camera📱 6,500mAh Perfect Battery Capacity📣 Real Pictures Attached.📣 Exchange Possible.💳 We Accept Credit Cards (VISA / MASTER / AMEX) & Bank Transfers💳 We Accept 'KOKO Payments' (Buy Now, Pay Later!)🎀 සුවිශේෂී හුවමාරු වට්ටම්! 🎀ඔබ දැනට භාවිතා කරන ජංගම දුරකථනය හෝ ලැප්ටොප් පරිගණකය සඳහා ඉහළම සාධාරණ මිළක් අපෙන්!  🚚 ශ්‍රී ලංකාවේ ඕනෑම ස්ථානයකට ආරක්ෂිතව ගෙන්වා ගත හැක. භාණ්‌ඩය ඔබ වෙත ලැබුණු පසු මුදල් ගෙවන්න. Island-wide Cash On Delivery. 🚚 කොළඹ සහ ගම්පහ දිස්ත්‍රික්කයේ ඕනෑම ස්ථානයකට පැයක් වැනි කෙටි කාලයක් තුළ ගෙන්වා ගත හැක. (Money-Back Guarantee)——————————————————————📌️ THE SMART HUB (PVT) LTD.139/E3, Kandy Road, Kadawatha. (කඩවත කලර් ලයිට්ස් අසල, මහජන බැංකුවට යාබද ගොඩනැගිල්ලේ ඉහළ මහළ)  🕘 සෑම දිනකම උදැසන 09.00 සිට රාත්‍රී 8.00 දක්වා විවෘතයි.—————————————————————මෙම දැන්වීම ඉදිරිපත්කර සුවිශේෂී දීමනාව ලබාගන්න.සැළකිය යුතුයි: අලුත්වැඩියා කරන ලද (Repaired) හෝ නවීකරණය කරන ලද (Refurbished) භාණ්ඩ අප ආයතනය මගින් අලෙවිකරනු නොලැබේ."
Wacom Intuos Creative Pen Tablet,"Rs 18,500",Unknown,https://ikman.lk/en/ad/wacom-intuos-creative-pen-tablet-for-sale-for-sale-colombo-4,,,,Wacom Intuos Creative Pen Tablet for Sale Brand new one Not used Imported from Dubai. Call
Honor X8B 4GB/128GB,"Rs 89,990",Unknown,https://ikman.lk/en/ad/honor-x8b-4gb-128gb-for-sale-colombo,,,,"SMARTMOBILE.LK THALAWTHUGODA#BEST PROMOTION PRICE ⛔HONOR PAD X8B (4GB/128GB) - Rs.89,990/= BRAND NEW / SEALED PACK / ORIGINAL / TRCSL APPROVED /"" 1 YEAR COMPANY WARRANTY ""🔴🟢🟣🟠100% Brand New Sealed Box With UntouchedOriginal Accessories🎯SNAP PAY UP TO 24 MONTHS 🔥🎯KOKO PAYMENT AVAILABLE🎯Credit Card Payment Accepted..🎯Installment Plans Available.🎯Delivery can be Arranged with in hours.    (Same day Delivery in hours around      colombo areas)""Visit Our Shop..SMARTMOBILE.LKNo.10/1/D,Madiwela Road,Thalawathugoda(In front of commercial bank)(google ""SMARTMOBILE.LK"" for Direction)We are open⏰9.00 am to 9.00 pm ON EVERYDAY ඔබගෙ Smart phone සිහිනය දැන් සිහිනයක් නොවෙ මාස 24 දක්වා ගෙවන්න ගන්න ඔබට අවශ්‍ය smart phone එක ඔයාගෙ ගෙදරටම cash on delivery කරගන්න ඔයත් ඔයාගෙ ආසම smart phone එක ගන්න SMARTMOBILE.LK අපව අමතන්න🎯"
Honor X9A PAD With Pen 8GB/256GB,"Rs 112,990",Unknown,https://ikman.lk/en/ad/honor-x9a-pad-with-pen-8gb-256gb-for-sale-colombo,,,,"SMARTMOBILE.LK THALAWTHUGODA#BEST PROMOTION PRICE ⛔HONOR PAD X9A (8GB/256GB) - Rs.112,990/= BRAND NEW / SEALED PACK / ORIGINAL / TRCSL APPROVED /"" 1 YEAR COMPANY WARRANTY ""🔴🟢🟣🟠100% Brand New Sealed Box With UntouchedOriginal Accessories🎯SNAP PAY UP TO 24 MONTHS 🔥🎯KOKO PAYMENT AVAILABLE🎯Credit Card Payment Accepted..🎯Installment Plans Available.🎯Delivery can be Arranged with in hours.    (Same day Delivery in hours around      colombo areas)""Visit Our Shop..SMARTMOBILE.LKNo.10/1/D,Madiwela Road,Thalawathugoda(In front of commercial bank)(google ""SMARTMOBILE.LK"" for Direction)We are open⏰9.00 am to 9.00 pm ON EVERYDAY ඔබගෙ Smart phone සිහිනය දැන් සිහිනයක් නොවෙ මාස 24 දක්වා ගෙවන්න ගන්න ඔබට අවශ්‍ය smart phone එක ඔයාගෙ ගෙදරටම cash on delivery කරගන්න ඔයත් ඔයාගෙ ආසම smart phone එක ගන්න SMARTMOBILE.LK අපව අමතන්න🎯"
A9 tab WiFi Samsung,"Rs 29,000",Unknown,https://ikman.lk/en/ad/a9-tab-wifi-samsung-for-sale-colombo,,,,Brand new condition.No any errors.Only used 5/6 times.Mint condition.quick sale.Free pouch and tempered.
Samsung 5G Tab 8GB 128,"Rs 48,000",Unknown,https://ikman.lk/en/ad/samsung-5g-tab-8gb-128-for-sale-kandy,,,,Samsung large display tab 8GB1285G With box
Blackview Tab 60 Pro,"Rs 40,000",Unknown,https://ikman.lk/en/ad/black-view-bv6200-pro-brand-new-for-sale-ampara,,,,Black View TabTab 60 Pro8GB RAM128GBComplete setBack pouchKey boardMouseTouch pen 🖊️ All untouched 18 Month Conpany warranty TRCSL APPROVED JUST 1 month Active Cash price
​Huawei MatePad SE Tab,"Rs 10,000",Unknown,https://ikman.lk/en/ad/huawei-matepad-se-tab-for-sale-kurunegala-4,,,,"⚜️Brand & Model: Huawei MatePad SE (Model: AGS5-W09) 🔥​Condition: ⚡​ඩිස්ප්ලේ එක වැඩ කරන්නේ නැත / ගිහින් ඇත (Display Replacement Needed). ⚡​පිටුපස සහ බඳෙහි සාමාන්‍ය පාවිච්චි කළ සලකුණු ඇත. 🔥​Key Specifications: ⚡​Processor: Octa-core ⚡​RAM & Storage: 3GB / 4GB RAM, 32GB / 64GB Storage + microSD support (ram /storage එක දන්නෙ නෑ Ram-3gb/4gb storage-32/64) ⚡​Main Camera: 8MP ⚡​Selfie Camera: 8MP ⚡​Battery: 7,500mAh ⚡​Charging: USB Type-C ⚡​Sound: Quad Speakers ⚡​Note: ඩිස්ප්ලේ එක වැඩ කරන්නේ නැත. ⚡​Price: Rs. 10,000 ⚡​වැඩි විස්තර සඳහා අමතන්න / WhatsApp කරන්න (Display හැර අනෙන් සියල්ල හොඳට වැඩ .display giyata sound ehenava ) Call now 🔥"
Samsung Galaxy A9+ 5G | 8GB/128GB,"Rs 55,000",Unknown,https://ikman.lk/en/ad/samsung-galaxy-a9-5g-8gb-128gb-for-sale-badulla,,,,"Used for less than a year. Smooth condition. No errors.Selling with box and all the components.Specifications:• 11"" WUXGA Display – 1920 × 1200, up to 90Hz• 8GB RAM + 128GB Internal Storage• MicroSD support up to 1TB• 7,040mAh Battery• 8MP Rear Camera with Auto Focus• 5MP Front Camera• Quad Speakers with Dolby Atmos• Dual-Band Wi-Fi (2.4GHz / 5GHz)• Bluetooth 5.1• GPS / GLONASS / Galileo / BeiDou / QZSS• USB Type-C 2.0• 3.5mm Headphone Jack• Octa-Core Processor – up to 2.2GHz• 6.9mm Slim Design• Approx. 480g WeightPerfect for Netflix, YouTube, gaming, studying, online classes, browsing, office work and multitasking.Selling due to an upgrade."
Samsung Galaxy A7 Lite Tab,"Rs 26,000",Unknown,https://ikman.lk/en/ad/samsung-galaxy-a7-lite-tab-for-sale-gampaha-2,,,,In Good coditionNo hidden errors
Apple iPad Pro M4 11-Inch 256GB,"Rs 260,000",Unknown,https://ikman.lk/en/ad/ipad-pro-m4-11-inch-256gb-wi-fi-for-sale-kalutara,,,,** Apple iPad Pro M4 11-inch - 256GB Wi-Fi ** Used**Product Highlights **✳️Apple M4  Chip - Incredible speed and professional - grade performance ✳️256GB storage✳️11 inch Ultra Retina XDR Display ✳️Wi-Fi Connectivity ✳️Apple pencil Pro Support ✳️Face ID✳️100% Original✳️94% battery health ✳️Manufacture Date 2025 March✳️First use 2025 April
Antemper S7 Tab,"Rs 10,000",Unknown,https://ikman.lk/en/ad/laptop-for-sale-trincomalee-293,,,,Not damage Don't start Don't go on
Kyaster X7d Tablet,"Rs 10,000",Unknown,https://ikman.lk/en/ad/tablet-for-sell-for-sale-trincomalee,,,,Damage Need to be repaired
Samsung Galaxy Tab S9 FE,"Rs 99,000",Unknown,https://ikman.lk/en/ad/samsung-s9fe-for-sale-kurunegala,,,,samsung tab s9feBrand new conditionFull set boxNo any scratches or issuesAll good6/128gbCellular 5gadu karala dhennamSalli hadhissiyak
Samsung Galaxy S6 Lite Tablet,"Rs 70,000",Unknown,https://ikman.lk/en/ad/s6-lite-tablet-with-s-pen-for-sale-kurunegala,,,,Used by a medical student for 1yearWith dedicated S pen and tempered placedNo issues still in brand new conditionModel SM-P6254GB ram 64GB romCellular
Huawei Media Pad T3 (Used),"Rs 13,000",Unknown,https://ikman.lk/en/ad/huawei-media-pad-t10-used-for-sale-matara,,,,Huawei media pad T3 2GB ram 16GB RomGood battery Life Small Dark Color Patch around the display corners (ගොඩක් කල් ඉදලා තියෙන්නේ වැඩිවෙන්නේ නැහැ ඒක) මිල අඩු කරලා දෙන්නම් තව කඩවත ගම්පහ අවට අය පමණක් කතා කරන්න දුර අයට නම් ගෙනත් දෙන්න අමාරුයි.. Box and The unit only
Apple iPad Pro 11 256GB Wi-Fi,"Rs 300,000",Unknown,https://ikman.lk/en/ad/apple-ipad-pro-11-256gb-wi-fi-brand-new-in-factory-sealed-box-for-sale-jaffna,,,,"Selling a brand-new, factory-sealed Apple iPad Pro 11-inch with 256GB storage (Wi-Fi model). Condition: 100% Brand New, unopened original factory seal intact. Never used or activated. Storage: 256GB (Plenty of space for apps, media, and heavy creative work) Connectivity: Wi-Fi What’s Included: Complete, untouched contents inside the original box (iPad Pro, USB-C Charge Cable, and Power Adapter).Great opportunity to pick up a brand-new iPad Pro without paying full retail tax/store prices."
Samsung Galaxy A10 Tablet (Used),"Rs 20,800",Unknown,https://ikman.lk/en/ad/samsung-galaxy-a10-tablet-used-for-sale-colombo,,,,Galaxy tab A10Single simOLDE Display Conditions good 💯 No hidden errorCall us more details..
Apple iPad 2nd Gen,"Rs 65,000",Unknown,https://ikman.lk/en/ad/apple-ipad-used-for-sale-matale,,,,Capacity - 12.8GBModel - MC954LL/A
Apple iPad Pro M2,"Rs 195,000",Unknown,https://ikman.lk/en/ad/apple-ipad-pro-m2-4th-used-for-sale-colombo,,,,Ipad pro m2 Full set box without cable11 inch display83% battery health4th genWifi only256 GB StorageGood conditionIncludes back cover Rs 200000 Slightly can be negotiableText or call me
Blackview Tab 60 Pro 4GB/128GB,"Rs 59,990",Unknown,https://ikman.lk/en/ad/blackview-tab-60-pro-4gb-128gb-for-sale-colombo-21,,,,"SMARTMOBILE.LK THALAWTHUGODA#BEST PROMOTION PRICE ⛔BLACKVIEW TAB 60 PRO (4GB/128GB) - Rs.59,990/= BRAND NEW / SEALED PACK / ORIGINAL / TRCSL APPROVED /"" 1 YEAR COMPANY WARRANTY ""🔴🟢🟣🟠100% Brand New Sealed Box With UntouchedOriginal Accessories🎯SNAP PAY UP TO 24 MONTHS 🔥🎯KOKO PAYMENT AVAILABLE🎯Credit Card Payment Accepted..🎯Installment Plans Available.🎯Delivery can be Arranged with in hours.    (Same day Delivery in hours around      colombo areas)""Visit Our Shop..SMARTMOBILE.LKNo.10/1/D,Madiwela Road,Thalawathugoda(In front of commercial bank)(google ""SMARTMOBILE.LK"" for Direction)We are open⏰9.00 am to 9.00 pm ON EVERYDAY ඔබගෙ Smart phone සිහිනය දැන් සිහිනයක් නොවෙ මාස 24 දක්වා ගෙවන්න ගන්න ඔබට අවශ්‍ය smart phone එක ඔයාගෙ ගෙදරටම cash on delivery කරගන්න ඔයත් ඔයාගෙ ආසම එක ගන්න SMARTMOBILE.LK අපව අමතන්න🎯"
BLACKVIEW TAB 20 WIFI 4GB/64GB,"Rs 39,990",Unknown,https://ikman.lk/en/ad/blackview-tab-20-wifi-4gb-64gb-for-sale-colombo-22,,,,"SMARTMOBILE.LK THALAWTHUGODA#BEST PROMOTION PRICE ⛔BLCKVIEW TAB 20 WIFI (4GB/64GB) - Rs.39,990/= BRAND NEW / SEALED PACK / ORIGINAL / TRCSL APPROVED /"" 1 YEAR COMPANY WARRANTY ""🔴🟢🟣🟠100% Brand New Sealed Box With UntouchedOriginal Accessories🎯SNAP PAY UP TO 24 MONTHS 🔥🎯KOKO PAYMENT AVAILABLE🎯Credit Card Payment Accepted..🎯Installment Plans Available.🎯Delivery can be Arranged with in hours.    (Same day Delivery in hours around      colombo areas)""Visit Our Shop..SMARTMOBILE.LKNo.10/1/D,Madiwela Road,Thalawathugoda(In front of commercial bank)(google ""SMARTMOBILE.LK"" for Direction)We are open⏰9.00 am to 9.00 pm ON EVERYDAY ඔබගෙ Smart phone සිහිනය දැන් සිහිනයක් නොවෙ මාස 24 දක්වා ගෙවන්න ගන්න ඔබට අවශ්‍ය smart phone එක ඔයාගෙ ගෙදරටම cash on delivery කරගන්න ඔයත් ඔයාගෙ ආසම smart phone එක ගන්න SMARTMOBILE.LK අපව අමතන්න🎯"
Honor X7 4GB/128GB,"Rs 49,990",Unknown,https://ikman.lk/en/ad/honor-x7-4gb-128gb-for-sale-colombo,,,,"SMARTMOBILE.LK THALAWTHUGODA#BEST PROMOTION PRICE ⛔HONOR PAD X7 (4GB/128GB) - Rs.49,990/= BRAND NEW / SEALED PACK / ORIGINAL / TRCSL APPROVED /"" 1 YEAR COMPANY WARRANTY ""🔴🟢🟣🟠100% Brand New Sealed Box With UntouchedOriginal Accessories🎯SNAP PAY UP TO 24 MONTHS 🔥🎯KOKO PAYMENT AVAILABLE🎯Credit Card Payment Accepted..🎯Installment Plans Available.🎯Delivery can be Arranged with in hours.    (Same day Delivery in hours around      colombo areas)""Visit Our Shop..SMARTMOBILE.LKNo.10/1/D,Madiwela Road,Thalawathugoda(In front of commercial bank)(google ""SMARTMOBILE.LK"" for Direction)We are open⏰9.00 am to 9.00 pm ON EVERYDAY ඔබගෙ Smart phone සිහිනය දැන් සිහිනයක් නොවෙ මාස 24 දක්වා ගෙවන්න ගන්න ඔබට අවශ්‍ය smart phone එක ඔයාගෙ ගෙදරටම cash on delivery කරගන්න ඔයත් ඔයාගෙ ආසම smart phone එක ගන්න SMARTMOBILE.LK අපව අමතන්න🎯"
Honor Pad X8B 4GB/128GB,"Rs 89,990",Unknown,https://ikman.lk/en/ad/honor-pad-x8b-4gb-128gb-for-sale-colombo-2,,,,"SMARTMOBILE.LK THALAWTHUGODA#BEST PROMOTION PRICE ⛔HONOR PAD X8B (4GB/128GB) - Rs.89,990/= BRAND NEW / SEALED PACK / ORIGINAL / TRCSL APPROVED /"" 1 YEAR COMPANY WARRANTY ""🔴🟢🟣🟠100% Brand New Sealed Box With UntouchedOriginal Accessories🎯SNAP PAY UP TO 24 MONTHS 🔥🎯KOKO PAYMENT AVAILABLE🎯Credit Card Payment Accepted..🎯Installment Plans Available.🎯Delivery can be Arranged with in hours.    (Same day Delivery in hours around      colombo areas)""Visit Our Shop..SMARTMOBILE.LKNo.10/1/D,Madiwela Road,Thalawathugoda(In front of commercial bank)(google ""SMARTMOBILE.LK"" for Direction)We are open⏰9.00 am to 9.00 pm ON EVERYDAY ඔබගෙ Smart phone සිහිනය දැන් සිහිනයක් නොවෙ මාස 24 දක්වා ගෙවන්න ගන්න ඔබට අවශ්‍ය smart phone එක ඔයාගෙ ගෙදරටම cash on delivery කරගන්න ඔයත් ඔයාගෙ ආසම smart phone එක ගන්න SMARTMOBILE.LK අපව අමතන්න🎯"
HONOR X9A With Cover 8GB/256GB,"Rs 105,990",Unknown,https://ikman.lk/en/ad/honor-x9a-with-cover-8gb-256gb-for-sale-colombo,,,,"SMARTMOBILE.LK THALAWTHUGODA#BEST PROMOTION PRICE ⛔HONOR PAD X9A (8GB/256GB) - Rs.105,990/= BRAND NEW / SEALED PACK / ORIGINAL / TRCSL APPROVED /"" 1 YEAR COMPANY WARRANTY ""🔴🟢🟣🟠100% Brand New Sealed Box With UntouchedOriginal Accessories🎯SNAP PAY UP TO 24 MONTHS 🔥🎯KOKO PAYMENT AVAILABLE🎯Credit Card Payment Accepted..🎯Installment Plans Available.🎯Delivery can be Arranged with in hours.    (Same day Delivery in hours around      colombo areas)""Visit Our Shop..SMARTMOBILE.LKNo.10/1/D,Madiwela Road,Thalawathugoda(In front of commercial bank)(google ""SMARTMOBILE.LK"" for Direction)We are open⏰9.00 am to 9.00 pm ON EVERYDAY ඔබගෙ Smart phone සිහිනය දැන් සිහිනයක් නොවෙ මාස 24 දක්වා ගෙවන්න ගන්න ඔබට අවශ්‍ය smart phone එක ඔයාගෙ ගෙදරටම cash on delivery කරගන්න ඔයත් ඔයාගෙ ආසම smart phone එක ගන්න SMARTMOBILE.LK අපව අමතන්න🎯"
HONOR X9A With Pen 8GB/256GB,"Rs 112,990",Unknown,https://ikman.lk/en/ad/honor-x9a-with-pen-8gb-256gb-for-sale-colombo,,,,"SMARTMOBILE.LK THALAWTHUGODA#BEST PROMOTION PRICE ⛔HONOR PAD X9A (8GB/256GB) - Rs.112,990/= BRAND NEW / SEALED PACK / ORIGINAL / TRCSL APPROVED /"" 1 YEAR COMPANY WARRANTY ""🔴🟢🟣🟠100% Brand New Sealed Box With UntouchedOriginal Accessories🎯SNAP PAY UP TO 24 MONTHS 🔥🎯KOKO PAYMENT AVAILABLE🎯Credit Card Payment Accepted..🎯Installment Plans Available.🎯Delivery can be Arranged with in hours.    (Same day Delivery in hours around      colombo areas)""Visit Our Shop..SMARTMOBILE.LKNo.10/1/D,Madiwela Road,Thalawathugoda(In front of commercial bank)(google ""SMARTMOBILE.LK"" for Direction)We are open⏰9.00 am to 9.00 pm ON EVERYDAY ඔබගෙ Smart phone සිහිනය දැන් සිහිනයක් නොවෙ මාස 24 දක්වා ගෙවන්න ගන්න ඔබට අවශ්‍ය smart phone එක ඔයාගෙ ගෙදරටම cash on delivery කරගන්න ඔයත් ඔයාගෙ ආසම smart phone එක ගන්න SMARTMOBILE.LK අපව අමතන්න🎯"
Huawei Mediapad T3 10,"Rs 4,500",Unknown,https://ikman.lk/en/ad/mediapad-t3-10-for-sale-colombo,,,,Huawei media pad t3 10Glass eke line ekak gihin thiyenawa eth touch eka hodata wadaCall for more details
ipad 32gb,"Rs 18,500",Unknown,https://ikman.lk/en/ad/ipad-32gb-for-sale-anuradhapura,,,,Ikman  chatIpad 2nd gen32gb wifiGood condition Pouch cableSpeacker weda na jbl freeEx ok
Greentel A10 Pro Tablet,"Rs 52,000",Unknown,https://ikman.lk/en/ad/greentel-a10-pro-tablet-for-sale-jaffna,,,,"Greentel A10 Pro 8GB 128GB Tablet with full set box for Sale.Mint condition 1 year warranty available. Used just 2 monthsThis tab worth for money 📌Rs.52000/=   ✅ Specifications • 💾 Storage: 128GB RAM : 4+4GB• 🖥️ Display: 10.1inch • 🔋 Battery: 6000mAh Original Battery● keybord, pen, mouse , USB adapter ,   Tab cover free.Nelliady, Jaffna."
Lenovo Tab 8505F,"Rs 13,500",Unknown,https://ikman.lk/en/ad/lenovo-tab-8505f-for-sale-colombo-1,,,,Lenovo Tab 8505F2gb ram16gb memoryGood display quality Perfect for school works
Apple iPad Pro M4 13-inch 2TB Wi-Fi,"Rs 610,000",Unknown,https://ikman.lk/en/ad/apple-ipad-pro-m4-13-inch-2tb-wi-fi-for-sale-colombo-1,,,,"📱 **Apple iPad Pro M4 13-inch – 2TB Wi-Fi**🔹 **Product Highlights**✅ Apple M4 Chip – Incredible speed and professional-grade performance✅ 2TB Storage – Massive space for photos, videos, apps & creative projects✅ 13-inch Ultra Retina XDR Display – Stunning brightness, colors & detail✅ Wi-Fi Connectivity – Fast and reliable browsing, streaming & downloads✅ Apple Pencil Pro Support – Perfect for drawing, note-taking & design✅ Ultra-Thin & Lightweight Design – Premium portability✅ Face ID – Secure and convenient unlocking✅ All-Day Battery Life – Power through work and entertainment✅ 100% Original | Brand New | Sealed Box💥💥 **Available Now!** 💥💥🚚 **Delivery Options**🏍️ Colombo Doorstep Delivery📦 Island-wide Delivery via Courier Service📞 Call now to arrange your delivery!🏧 **Easy Installment Plans Available (T&C Apply)**💳 Sampath Bank💳 HSBC💳 People’s Bank💳 Commercial Bank💳 Seylan Bank📍 **Visit Us**Your Mobile StoreLiberty Plaza / Colombo Area📞 Contact Us Today for More Information!🕘 **Business Hours**🗓️ Monday – Saturday: 10:00 AM – 7:30 PM🗓️ Sunday: 10:00 AM – 6:00 PM"
Lenovo Tab 8505F,"Rs 13,500",Unknown,https://ikman.lk/en/ad/lenovo-tab-8505f-for-sale-colombo,,,,Lenovo tab 8505f2gb ram16gb memoryAndroid 8Display quality hodata tiyenawaGood for school works Youtube whatsapp zoom working perfectly
I pad Air 2 Cellular version,"Rs 30,000",Unknown,https://ikman.lk/en/ad/i-pad-air-2-cellular-version-for-sale-ratnapura,,,,I pad Air 2 32GbNo scratchesSuperb battery lifeSim workLocation Ratnapura
Samsung Galaxy A9 Tab 4GB/64GB,"Rs 31,000",Unknown,https://ikman.lk/en/ad/samsung-galaxy-a9-tab-4gb-64gb-for-sale-colombo,,,,🟥 SAMSUNG A9 TAB ✅ RS.31000/=🟨 4 GB RAM🟨 64 GB ROM🔼GOOD CONDITION 💯✅QUICK SALE❌ NO ERRORS ❌ ✴️CALL FOR MORE DETAILS  R.S.Rupasinghe pvt LTD Moratuwa Branch
MacBook,"Rs 185,231",Unknown,https://ikman.lk/en/ad/macbook-for-sale-colombo-259,,,,📍 Apple Expert- Liberty PlazaAll Kind of MOBILE 📱 PHONES & ACCESSORIES # BEST PRICE#BEST QUALITY 📦 Wholesale Customers Most Welcome 🙏🚚 Delivery Services Available:✅ Express Delivery & Courier Service 📦✅ Colombo & Suburbs Doorstep Delivery 🏠💳 Payment Options:✅ We accept all types of Credit/Debit Cards (VISA | Master | AMEX) 💰✅ Installment Plans Available for Credit Card Holders 🏦 (T&C Apply)📍 Visit Our Store Today! 🏪🔥
MacBook,"Rs 180,963",Unknown,https://ikman.lk/en/ad/macbook-for-sale-colombo-258,,,,📍 Apple Expert- Liberty PlazaAll Kind of MOBILE 📱 PHONES & ACCESSORIES # BEST PRICE#BEST QUALITY 📦 Wholesale Customers Most Welcome 🙏🚚 Delivery Services Available:✅ Express Delivery & Courier Service 📦✅ Colombo & Suburbs Doorstep Delivery 🏠💳 Payment Options:✅ We accept all types of Credit/Debit Cards (VISA | Master | AMEX) 💰✅ Installment Plans Available for Credit Card Holders 🏦 (T&C Apply)📍 Visit Our Store Today! 🏪🔥
Apple iPad A16 128GB,"Rs 194,999",Unknown,https://ikman.lk/en/ad/apple-ipad-a16-128gb-for-sale-colombo-126,,,,"📱🔥 Brand New Mobile Phones – Best Prices in Sri Lanka! 🔥Looking for a genuine brand-new smartphone at the best price? You’ve come to the right place! 😍✨ WHY BUY FROM US?📦 100% Brand New & Factory Sealed✅ Genuine Products with Official Warranty🛡️ Original Accessories Included💯 Quality Guaranteed🚚 Island-wide Delivery – Fast & Reliable📱 TOP BRANDS AVAILABLE:✨ AVAILABLE MODELS:🔹 Entry Level Smartphones🔹 Mid-Range Smartphones🔹 Premium Flagship Smartphones💳 PAYMENT OPTIONS:💵 Cash💳 Credit Card Installments🔄 KOKO – 3-Month Installments🏪 Store Pick-Up Available📦 Order Today & Get the Best Deals on Brand New Phones!💬 Call or WhatsApp us for the latest models, prices & special offers.🏬 ROCKET MOBILE📍 1/34N, Liberty Plaza, Colombo 3 Colombo 3, 00300📞 Contact us today for the latest offers!"
Lenovo M8 tablet,"Rs 14,000",Unknown,https://ikman.lk/en/ad/lenovo-m8-tablet-for-sale-kalutara,,,,Good condition
Apple iPad Pro M5 13 Inch Cell 256GB,"Rs 452,990",Unknown,https://ikman.lk/en/ad/apple-ipad-pro-m5-13-inch-cell-256gb-for-sale-colombo-5,,,,"(Opposite To Gammana Road, Near By People's Leasing Maharagama , Sen-Saal Maharagama / Sampath Bank Super Branch Maharagama / Teaching Training College Maharagama) Parking Facility Available.(ගම්මාන පාර ඉදිරිපිට / පීපල්ස් ලීසින් මහරගම අසල / සෙන්-සාල් මහරගම අසල  /ගුරු විද්‍යාලය / මහරගම සම්පත් බැංකුව සුපර් ශාඛාව අසල) වාහන නැවතිමේ පහසුකම් ඇත.★ අපගේ www.emobile.lk වෙබ් අඩවියට පිවිසෙන්න. ★#Promotion_Price★ Apple iPad Pro 13inch M5  (256GB) CELL  - Rs.452,990/=🔴 1 YEAR APPLECARE WARRANTY / DIRECT IMPORT / BRAND NEW / SEALED PACK / ORIGINAL / NON TRCSL APPROVED.✔ 100% Brand New Sealed Box With Untouched Original Accessories.Price Change Day By Day Call Us For The Best Price.දවසින් දවස මිල ගනන් වෙනස් වේ අඩුම මිල ගනන් සදහා අපව අමතන්න.🔴 KOKO PAYMENT AVAILABLE 👉 CREDIT CARD PAYMENTS ACCEPTED💳👉 NSTALLMENT PLAN AVAILABLE💳👉 Delivery can be Arranged...🛵🚛🔴 Visit Our Shop :emobile Maharagama - emobile.lkEMOBILE (PVT) LTDNo.207/1/1C,High Level Road,Maharagama.(google ""emobile Maharagama"" for Direction)🔴 Business Hours :09:00 AM to 09:00 PM Weekdays & Saturday09.00 AM to 09.00 PM on Sundays(ඔබ කොළඹ නගරය තුළ සිටින අයෙකු නම්, පැය 3ක් වැනි කෙටි කාලයක් තුළදී භාණ්ඩය ඔබ වෙත ගෙන්වා ගත හැකි අතර එය ලැබුණු පසුව ගෙවීම් කළ හැක. | ඔබ ශ්‍රි ලංකාවේ වෙනත් ප්‍රදේශයක සිටින අයෙකු නම් පැය 24ක් තුළදී භාණ්ඩය ඔබ වෙත ගෙන්වා ගත හැක.)🔴☞ SAME DAY DELIVERY LOCATION - 🚩●Around COLOMBO 🚩●COLOMBO 🚩●BORELLA 🚩●KOLLOPITIYA 🚩●BAMBALAPITIYA 🚩●BATHTHARAMULLA 🚩 ●KOTTE 🚩●MALABE 🚩●BORELESGAMUWA 🚩●PILIYANDALA 🚩●NUGEGODA 🚩●MAHARAGAMA🚩●AVISSAWELLA 🚩●RATHNAPURA🚩●NEG0MBO 🚩●KADAWATHA 🚩●GAMPATHA 🚩●MORATUWA🚩●PANADURA 🚩●KALUTHARA 🚩●ATHUTHGAMA 🚩●GALLE 🚩●MATHARA ★ මෙම විශේෂ දීමනාව තොග අවසන් වනතුරු පමණයි. මෙම දීමනා මිලදී ගැනිමෙදි මෙම Post එක ඉදිරිපත් කරන්න.★"
Apple iPad A16 256GB,"Rs 194,999",Unknown,https://ikman.lk/en/ad/apple-ipad-a16-256gb-for-sale-colombo-17,,,,"📱🔥 Brand New Mobile Phones – Best Prices in Sri Lanka! 🔥Looking for a genuine brand-new smartphone at the best price? You’ve come to the right place! 😍✨ WHY BUY FROM US?📦 100% Brand New & Factory Sealed✅ Genuine Products with Official Warranty🛡️ Original Accessories Included💯 Quality Guaranteed🚚 Island-wide Delivery – Fast & Reliable📱 TOP BRANDS AVAILABLE:✨ AVAILABLE MODELS:🔹 Entry Level Smartphones🔹 Mid-Range Smartphones🔹 Premium Flagship Smartphones💳 PAYMENT OPTIONS:💵 Cash💳 Credit Card Installments🔄 KOKO – 3-Month Installments🏪 Store Pick-Up Available📦 Order Today & Get the Best Deals on Brand New Phones!💬 Call or WhatsApp us for the latest models, prices & special offers.🏬 ROCKET MOBILE📍 1/34N, Liberty Plaza, Colombo 3 Colombo 3, 00300📞 Contact us today for the latest offers!"
Apple iPad Pro M5 11 Inch 256GB Cell|5,"Rs 432,990",Unknown,https://ikman.lk/en/ad/apple-ipad-pro-m5-11-inch-256gb-cell5-for-sale-colombo-1,,,,"(Opposite To Gammana Road, Near By People's Leasing Maharagama , Sen-Saal Maharagama / Sampath Bank Super Branch Maharagama / Teaching Training College Maharagama) Parking Facility Available.(ගම්මාන පාර ඉදිරිපිට / පීපල්ස් ලීසින් මහරගම අසල / සෙන්-සාල් මහරගම අසල  /ගුරු විද්‍යාලය / මහරගම සම්පත් බැංකුව සුපර් ශාඛාව අසල) වාහන නැවතිමේ පහසුකම් ඇත.★ අපගේ www.emobile.lk වෙබ් අඩවියට පිවිසෙන්න. ★#Promotion_Price★ Apple iPad Pro 11 M5  256 CELL - Rs.432,990/=🔴 1 YEAR APPLECARE WARRANTY / DIRECT IMPORT / BRAND NEW / SEALED PACK / ORIGINAL / NON TRCSL APPROVED.✔ 100% Brand New Sealed Box With Untouched Original Accessories.Price Change Day By Day Call Us For The Best Price.දවසින් දවස මිල ගනන් වෙනස් වේ අඩුම මිල ගනන් සදහා අපව අමතන්න.🔴 KOKO PAYMENT AVAILABLE 👉 CREDIT CARD PAYMENTS ACCEPTED💳👉 NSTALLMENT PLAN AVAILABLE💳👉 Delivery can be Arranged...🛵🚛🔴 Visit Our Shop :emobile Maharagama - emobile.lkEMOBILE (PVT) LTDNo.207/1/1C,High Level Road,Maharagama.(google ""emobile Maharagama"" for Direction)🔴 Business Hours :09:00 AM to 09:00 PM Weekdays & Saturday09.00 AM to 09.00 PM on Sundays(ඔබ කොළඹ නගරය තුළ සිටින අයෙකු නම්, පැය 3ක් වැනි කෙටි කාලයක් තුළදී භාණ්ඩය ඔබ වෙත ගෙන්වා ගත හැකි අතර එය ලැබුණු පසුව ගෙවීම් කළ හැක. | ඔබ ශ්‍රි ලංකාවේ වෙනත් ප්‍රදේශයක සිටින අයෙකු නම් පැය 24ක් තුළදී භාණ්ඩය ඔබ වෙත ගෙන්වා ගත හැක.)🔴☞ SAME DAY DELIVERY LOCATION - 🚩●Around COLOMBO 🚩●COLOMBO 🚩●BORELLA 🚩●KOLLOPITIYA 🚩●BAMBALAPITIYA 🚩●BATHTHARAMULLA 🚩 ●KOTTE 🚩●MALABE 🚩●BORELESGAMUWA 🚩●PILIYANDALA 🚩●NUGEGODA 🚩●MAHARAGAMA🚩●AVISSAWELLA 🚩●RATHNAPURA🚩●NEG0MBO 🚩●KADAWATHA 🚩●GAMPATHA 🚩●MORATUWA🚩●PANADURA 🚩●KALUTHARA 🚩●ATHUTHGAMA 🚩●GALLE 🚩●MATHARA ★ මෙම විශේෂ දීමනාව තොග අවසන් වනතුරු පමණයි. මෙම දීමනා මිලදී ගැනිමෙදි මෙම Post එක ඉදිරිපත් කරන්න."
Apple iPad Air 8 M4 11,"Rs 248,000",Unknown,https://ikman.lk/en/ad/apple-ipad-air-8-m4-11-for-sale-colombo-1,,,,"📱🔥 Brand New Mobile Phones – Best Prices in Sri Lanka! 🔥Looking for a genuine brand-new smartphone at the best price? You’ve come to the right place! 😍✨ WHY BUY FROM US?📦 100% Brand New & Factory Sealed✅ Genuine Products with Official Warranty🛡️ Original Accessories Included💯 Quality Guaranteed🚚 Island-wide Delivery – Fast & Reliable✨ AVAILABLE MODELS:🔹 Entry Level Smartphones🔹 Mid-Range Smartphones🔹 Premium Flagship Smartphones💳 PAYMENT OPTIONS:💵 Cash💳 Credit Card Installments🔄 KOKO – 3-Month Installments🏪 Store Pick-Up Available📦 Order Today & Get the Best Deals on Brand New Phones!💬 Call or WhatsApp us for the latest models, prices & special offers.🏬 ROCKET MOBILE📍 1/34N, Liberty Plaza, Colombo 3 Colombo 3, 00300📞 Contact us today for the latest offers!"
Apple iPad Air 8 M4 11 Cellular,"Rs 299,999",Unknown,https://ikman.lk/en/ad/apple-ipad-air-8-m4-11-cellular-for-sale-colombo,,,,"📱🔥 Brand New Mobile Phones – Best Prices in Sri Lanka! 🔥Looking for a genuine brand-new smartphone at the best price? You’ve come to the right place! 😍✨ WHY BUY FROM US?📦 100% Brand New & Factory Sealed✅ Genuine Products with Official Warranty🛡️ Original Accessories Included💯 Quality Guaranteed🚚 Island-wide Delivery – Fast & Reliable📱 TOP BRANDS AVAILABLE:✨ AVAILABLE MODELS:🔹 Entry Level Smartphones🔹 Mid-Range Smartphones🔹 Premium Flagship Smartphones💳 PAYMENT OPTIONS:💵 Cash💳 Credit Card Installments🔄 KOKO – 3-Month Installments🏪 Store Pick-Up Available📦 Order Today & Get the Best Deals on Brand New Phones!💬 Call or WhatsApp us for the latest models, prices & special offers.🏬 ROCKET MOBILE📍 1/34N, Liberty Plaza, Colombo 3 Colombo 3, 00300📞 Contact us today for the latest offers!"
Apple IPad Pro M5 11 Inch 256GB WIFI,"Rs 398,990",Unknown,https://ikman.lk/en/ad/apple-ipad-pro-m5-11-inch-256gb-wifi-for-sale-colombo-7,,,,"Maharagama / Sampath Bank Super Branch Maharagama / Teaching Training College Maharagama) Parking Facility Available.(ගම්මාන පාර ඉදිරිපිට / පීපල්ස් ලීසින් මහරගම අසල / සෙන්-සාල් මහරගම අසල  /ගුරු විද්‍යාලය / මහරගම සම්පත් බැංකුව සුපර් ශාඛාව අසල) වාහන නැවතිමේ පහසුකම් ඇත.★ අපගේ www.emobile.lk වෙබ් අඩවියට පිවිසෙන්න. ★#Promotion_Price★ Apple iPad Pro 11 M5  256GB WIFI - Rs.398,990/=🔴 1 YEAR APPLECARE WARRANTY / DIRECT IMPORT / BRAND NEW / SEALED PACK / ORIGINAL / NON TRCSL APPROVED.✔ 100% Brand New Sealed Box With Untouched Original Accessories.Price Change Day By Day Call Us For The Best Price.දවසින් දවස මිල ගනන් වෙනස් වේ අඩුම මිල ගනන් සදහා අපව අමතන්න.🔴 KOKO PAYMENT AVAILABLE 👉 CREDIT CARD PAYMENTS ACCEPTED💳👉 NSTALLMENT PLAN AVAILABLE💳👉 Delivery can be Arranged...🛵🚛🔴 Visit Our Shop :emobile Maharagama - emobile.lkEMOBILE (PVT) LTDNo.207/1/1C,High Level Road,Maharagama.(google ""emobile Maharagama"" for Direction)🔴 Business Hours :09:00 AM to 09:00 PM Weekdays & Saturday09.00 AM to 09.00 PM on Sundays(ඔබ කොළඹ නගරය තුළ සිටින අයෙකු නම්, පැය 3ක් වැනි කෙටි කාලයක් තුළදී භාණ්ඩය ඔබ වෙත ගෙන්වා ගත හැකි අතර එය ලැබුණු පසුව ගෙවීම් කළ හැක. | ඔබ ශ්‍රි ලංකාවේ වෙනත් ප්‍රදේශයක සිටින අයෙකු නම් පැය 24ක් තුළදී භාණ්ඩය ඔබ වෙත ගෙන්වා ගත හැක.)🔴☞ SAME DAY DELIVERY LOCATION - 🚩●Around COLOMBO 🚩●COLOMBO 🚩●BORELLA 🚩●KOLLOPITIYA 🚩●BAMBALAPITIYA 🚩●BATHTHARAMULLA 🚩 ●KOTTE 🚩●MALABE 🚩●BORELESGAMUWA 🚩●PILIYANDALA 🚩●NUGEGODA 🚩●MAHARAGAMA🚩●AVISSAWELLA 🚩●RATHNAPURA🚩●NEG0MBO 🚩●KADAWATHA 🚩●GAMPATHA 🚩●MORATUWA🚩●PANADURA 🚩●KALUTHARA 🚩●ATHUTHGAMA 🚩●GALLE 🚩●MATHARA ★ මෙම විශේෂ දීමනාව තොග අවසන් වනතුරු පමණයි. මෙම දීමනා මිලදී ගැනිමෙදි මෙම Post එක ඉදිරිපත් කරන්න."
Apple iPad Air 8 M4 13inch 256GB WIFI|5,"Rs 354,490",Unknown,https://ikman.lk/en/ad/apple-ipad-air-8-m4-13inch-256gb-wifi5-for-sale-colombo,,,,"(Opposite To Gammana Road, Near By People's Leasing Maharagama , Sen-Saal Maharagama / Sampath Bank Super Branch Maharagama / Teaching Training College Maharagama) Parking Facility Available.(ගම්මාන පාර ඉදිරිපිට / පීපල්ස් ලීසින් මහරගම අසල / සෙන්-සාල් මහරගම අසල  /ගුරු විද්‍යාලය / මහරගම සම්පත් බැංකුව සුපර් ශාඛාව අසල) වාහන නැවතිමේ පහසුකම් ඇත.★ අපගේ MAHARAGAMA emobile ප්‍රදර්ශනාගාරයට හා emobile.lk වෙබ් අඩවියට පිවිසෙන්න. ★★ අපගේන් මිලදි ගන්නා සැම දුරකතනයක් සදහාම TRCSL APPROVED.+ Genuine Sealed Pack.★ අපගේ මිල ගනන් වෙනස් වන්නේ නැත .,වංචනිකයන්ට අසු නොවන්න..!#Promotion_Price★ Apple iPad Air 8 M4 13 256GB WIFI - Rs.354,490/=🔴 1 YEAR APPLECARE WARRANTY / DIRECT IMPORT / BRAND NEW / SEALED PACK / ORIGINAL / NON TRCSL APPROVED.✔ 100% Brand New Sealed Box With Untouched Original Accessories.Price Change Day By Day Call Us For The Best Price.දවසින් දවස මිල ගනන් වෙනස් වේ අඩුම මිල ගනන් සදහා අපව අමතන්න.★★ If you Exchange Phones Please Call for Offers.★★★★ CREDIT CARD PAYMENTS ACCEPTED ★★★★ INSTALLMENT PLAN AVAILABLE ★★ 12/24/36 MONTH ★★Visit Our Shop :emobile Maharagama - emobile.lkEMOBILE (PVT) LTDNo.207/1/1C,High Level Road,Maharagama(google ""emobile.lk"" for Direction)• Business Hours :09:00 AM to 09:00 PM Weekdays & Saturday09.00 AM to 05.00 PM On Sundays(ඔබ කොළඹ නගරය තුළ සිටින අයෙකු නම්, පැය 3ක් වැනි කෙටි කාලයක් තුළදී භාණ්ඩය ඔබ වෙත ගෙන්වා ගත හැකි අතර එය ලැබුණු පසුව ගෙවීම් කළ හැක. | ඔබ ශ්රී ලංකාවේ වෙනත් ප්රදේශයක සිටින අයෙකු නම් පැය 24ක් තුළදී භාණ්ඩය ඔබ වෙත ගෙන්වා ගත හැක.)●☞ DELIVERY LOCATION - .🚩 ●COLOMBO. 🚩 ●PILIYANDALA. 🚩 ●NUGEGODA. 🚩 ●MAHARAGAMA. 🚩 ●MORATUWA.🚩 ●PANADURA. 🚩 ●BORELLA. 🚩 ●KOLLOPITIYA. 🚩 ●BAMBALAPITIYA. 🚩 ●BATHTHARAMULLA. 🚩 ●KOTTE. 🚩 MALABE. 🚩 BORELESGAMUWA.★ මෙම විශේෂ දීමනාව තොග අවසන් වනතුරු පමණයි.මෙම දීමනා මිලදී ගැනිමෙදි මෙම post එක ඉදිරිපත් කරන්න.★"
Apple iPad Air 8 M4 11inch 256GB Cell,"Rs 393,990",Unknown,https://ikman.lk/en/ad/apple-ipad-air-8-m4-11inch-256gb-cell-for-sale-colombo,,,,"(Opposite To Gammana Road, Near By People's Leasing Maharagama , Sen-Saal Maharagama / Sampath Bank Super Branch Maharagama / Teaching Training College Maharagama) Parking Facility Available.(ගම්මාන පාර ඉදිරිපිට / පීපල්ස් ලීසින් මහරගම අසල / සෙන්-සාල් මහරගම අසල  /ගුරු විද්‍යාලය / මහරගම සම්පත් බැංකුව සුපර් ශාඛාව අසල) වාහන නැවතිමේ පහසුකම් ඇත.★ අපගේ MAHARAGAMA emobile ප්‍රදර්ශනාගාරයට හා emobile.lk වෙබ් අඩවියට පිවිසෙන්න. ★★ අපගේන් මිලදි ගන්නා සැම දුරකතනයක් සදහාම TRCSL APPROVED.+ Genuine Sealed Pack.★ අපගේ මිල ගනන් වෙනස් වන්නේ නැත .,වංචනිකයන්ට අසු නොවන්න..!#Promotion_Price★ Apple iPad Air 8 M4 11 256GB CELL - Rs.393,990/=🔴 1 YEAR APPLECARE WARRANTY / DIRECT IMPORT / BRAND NEW / SEALED PACK / ORIGINAL / NON TRCSL APPROVED.✔ 100% Brand New Sealed Box With Untouched Original Accessories.Price Change Day By Day Call Us For The Best Price.දවසින් දවස මිල ගනන් වෙනස් වේ අඩුම මිල ගනන් සදහා අපව අමතන්න.★★ If you Exchange Phones Please Call for Offers.★★★★ CREDIT CARD PAYMENTS ACCEPTED ★★★★ INSTALLMENT PLAN AVAILABLE ★★ 12/24/36 MONTH ★★Visit Our Shop :emobile Maharagama - emobile.lkEMOBILE (PVT) LTDNo.207/1/1C,High Level Road,Maharagama(google ""emobile.lk"" for Direction)• Business Hours :09:00 AM to 09:00 PM Weekdays & Saturday09.00 AM to 05.00 PM On Sundays(ඔබ කොළඹ නගරය තුළ සිටින අයෙකු නම්, පැය 3ක් වැනි කෙටි කාලයක් තුළදී භාණ්ඩය ඔබ වෙත ගෙන්වා ගත හැකි අතර එය ලැබුණු පසුව ගෙවීම් කළ හැක. | ඔබ ශ්රී ලංකාවේ වෙනත් ප්රදේශයක සිටින අයෙකු නම් පැය 24ක් තුළදී භාණ්ඩය ඔබ වෙත ගෙන්වා ගත හැක.)●☞ DELIVERY LOCATION - .🚩 ●COLOMBO. 🚩 ●PILIYANDALA. 🚩 ●NUGEGODA. 🚩 ●MAHARAGAMA. 🚩 ●MORATUWA.🚩 ●PANADURA. 🚩 ●BORELLA. 🚩 ●KOLLOPITIYA. 🚩 ●BAMBALAPITIYA. 🚩 ●BATHTHARAMULLA. 🚩 ●KOTTE. 🚩 MALABE. 🚩 BORELESGAMUWA.★ මෙම විශේෂ දීමනාව තොග අවසන් වනතුරු පමණයි.මෙම දීමනා මිලදී ගැනිමෙදි මෙම post එක ඉදිරිපත් කරන්න.★"
Apple iPad Air 8 M4 128GB Cell,"Rs 308,990",Unknown,https://ikman.lk/en/ad/apple-ipad-air-8-m4-128gb-cell-for-sale-colombo-3,,,,"(Opposite To Gammana Road, Near By People's Leasing Maharagama , Sen-Saal Maharagama / Sampath Bank Super Branch Maharagama / Teaching Training College Maharagama) Parking Facility Available.(ගම්මාන පාර ඉදිරිපිට / පීපල්ස් ලීසින් මහරගම අසල / සෙන්-සාල් මහරගම අසල  /ගුරු විද්‍යාලය / මහරගම සම්පත් බැංකුව සුපර් ශාඛාව අසල) වාහන නැවතිමේ පහසුකම් ඇත.★ අපගේ MAHARAGAMA emobile ප්‍රදර්ශනාගාරයට හා emobile.lk වෙබ් අඩවියට පිවිසෙන්න. ★★ අපගේන් මිලදි ගන්නා සැම දුරකතනයක් සදහාම TRCSL APPROVED.+ Genuine Sealed Pack.★ අපගේ මිල ගනන් වෙනස් වන්නේ නැත .,වංචනිකයන්ට අසු නොවන්න..!#Promotion_Price★ Apple iPad Air 8 M4 11 128GB CELL - Rs.308,990/=🔴 1 YEAR APPLECARE WARRANTY / DIRECT IMPORT / BRAND NEW / SEALED PACK / ORIGINAL / NON TRCSL APPROVED.✔ 100% Brand New Sealed Box With Untouched Original Accessories.Price Change Day By Day Call Us For The Best Price.දවසින් දවස මිල ගනන් වෙනස් වේ අඩුම මිල ගනන් සදහා අපව අමතන්න.★★ If you Exchange Phones Please Call for Offers.★★★★ CREDIT CARD PAYMENTS ACCEPTED ★★★★ INSTALLMENT PLAN AVAILABLE ★★ 12/24/36 MONTH ★★Visit Our Shop :emobile Maharagama - emobile.lkEMOBILE (PVT) LTDNo.207/1/1C,High Level Road,Maharagama(google ""emobile.lk"" for Direction)• Business Hours :09:00 AM to 09:00 PM Weekdays & Saturday09.00 AM to 05.00 PM On Sundays(ඔබ කොළඹ නගරය තුළ සිටින අයෙකු නම්, පැය 3ක් වැනි කෙටි කාලයක් තුළදී භාණ්ඩය ඔබ වෙත ගෙන්වා ගත හැකි අතර එය ලැබුණු පසුව ගෙවීම් කළ හැක. | ඔබ ශ්රී ලංකාවේ වෙනත් ප්රදේශයක සිටින අයෙකු නම් පැය 24ක් තුළදී භාණ්ඩය ඔබ වෙත ගෙන්වා ගත හැක.)●☞ DELIVERY LOCATION - .🚩 ●COLOMBO. 🚩 ●PILIYANDALA. 🚩 ●NUGEGODA. 🚩 ●MAHARAGAMA. 🚩 ●MORATUWA.🚩 ●PANADURA. 🚩 ●BORELLA. 🚩 ●KOLLOPITIYA. 🚩 ●BAMBALAPITIYA. 🚩 ●BATHTHARAMULLA. 🚩 ●KOTTE. 🚩 MALABE. 🚩 BORELESGAMUWA.★ මෙම විශේෂ දීමනාව තොග අවසන් වනතුරු පමණයි.මෙම දීමනා මිලදී ගැනිමෙදි මෙම post එක ඉදිරිපත් කරන්න.★"
Apple iPad Air 8 M4 11 128GB WIFI,"Rs 253,990",Unknown,https://ikman.lk/en/ad/apple-ipad-air-8-m4-11-128gb-wifi-for-sale-colombo-8,,,,"(Opposite To Gammana Road, Near By People's Leasing Maharagama , Sen-Saal Maharagama / Sampath Bank Super Branch Maharagama / Teaching Training College Maharagama) Parking Facility Available.(ගම්මාන පාර ඉදිරිපිට / පීපල්ස් ලීසින් මහරගම අසල / සෙන්-සාල් මහරගම අසල  /ගුරු විද්‍යාලය / මහරගම සම්පත් බැංකුව සුපර් ශාඛාව අසල) වාහන නැවතිමේ පහසුකම් ඇත.★ අපගේ MAHARAGAMA emobile ප්‍රදර්ශනාගාරයට හා emobile.lk වෙබ් අඩවියට පිවිසෙන්න. ★★ අපගේන් මිලදි ගන්නා සැම දුරකතනයක් සදහාම TRCSL APPROVED.+ Genuine Sealed Pack.★ අපගේ මිල ගනන් වෙනස් වන්නේ නැත .,වංචනිකයන්ට අසු නොවන්න..!#Promotion_Price★Apple iPad Air 8 M4 11 128GB WIFI -Rs.253,990/=🔴 1 YEAR APPLECARE WARRANTY / DIRECT IMPORT / BRAND NEW / SEALED PACK / ORIGINAL / NON TRCSL APPROVED.✔ 100% Brand New Sealed Box With Untouched Original Accessories.Price Change Day By Day Call Us For The Best Price.දවසින් දවස මිල ගනන් වෙනස් වේ අඩුම මිල ගනන් සදහා අපව අමතන්න.★★ If you Exchange Phones Please Call for Offers.★★★★ CREDIT CARD PAYMENTS ACCEPTED ★★★★ INSTALLMENT PLAN AVAILABLE ★★ 12/24/36 MONTH ★★Visit Our Shop :emobile Maharagama - emobile.lkEMOBILE (PVT) LTDNo.207/1/1C,High Level Road,Maharagama(google ""emobile.lk"" for Direction)• Business Hours :09:00 AM to 09:00 PM Weekdays & Saturday09.00 AM to 05.00 PM On Sundays(ඔබ කොළඹ නගරය තුළ සිටින අයෙකු නම්, පැය 3ක් වැනි කෙටි කාලයක් තුළදී භාණ්ඩය ඔබ වෙත ගෙන්වා ගත හැකි අතර එය ලැබුණු පසුව ගෙවීම් කළ හැක. | ඔබ ශ්රී ලංකාවේ වෙනත් ප්රදේශයක සිටින අයෙකු නම් පැය 24ක් තුළදී භාණ්ඩය ඔබ වෙත ගෙන්වා ගත හැක.)●☞ DELIVERY LOCATION - .🚩 ●COLOMBO. 🚩 ●PILIYANDALA. 🚩 ●NUGEGODA. 🚩 ●MAHARAGAMA. 🚩 ●MORATUWA.🚩 ●PANADURA. 🚩 ●BORELLA. 🚩 ●KOLLOPITIYA. 🚩 ●BAMBALAPITIYA. 🚩 ●BATHTHARAMULLA. 🚩 ●KOTTE. 🚩 MALABE. 🚩 BORELESGAMUWA.★ මෙම විශේෂ දීමනාව තොග අවසන් වනතුරු පමණයි.මෙම දීමනා මිලදී ගැනිමෙදි මෙම post එක ඉදිරිපත් කරන්න.★"
Apple iPad Air 7 M3 11 256GB Cellular|5,"Rs 294,490",Unknown,https://ikman.lk/en/ad/apple-ipad-air-7-m3-11-256gb-cellular5-for-sale-colombo,,,,"(Opposite To Gammana Road, Near By People's Leasing Maharagama , Sen-Saal Maharagama / Sampath Bank Super Branch Maharagama / Teaching Training College Maharagama) Parking Facility Available.(ගම්මාන පාර ඉදිරිපිට / පීපල්ස් ලීසින් මහරගම අසල / සෙන්-සාල් මහරගම අසල  /ගුරු විද්‍යාලය / මහරගම සම්පත් බැංකුව සුපර් ශාඛාව අසල) වාහන නැවතිමේ පහසුකම් ඇත.★ අපගේ MAHARAGAMA emobile ප්‍රදර්ශනාගාරයට හා emobile.lk වෙබ් අඩවියට පිවිසෙන්න. ★★ අපගේන් මිලදි ගන්නා සැම දුරකතනයක් සදහාම TRCSL APPROVED.+ Genuine Sealed Pack.★ අපගේ මිල ගනන් වෙනස් වන්නේ නැත .,වංචනිකයන්ට අසු නොවන්න..!#Promotion_Price★ Apple Ipad Air 7 M3 11Inch 256GB Cell- Rs.294,490/=🔴 1 YEAR APPLECARE WARRANTY / DIRECT IMPORT / BRAND NEW / SEALED PACK / ORIGINAL / NON TRCSL APPROVED.✔ 100% Brand New Sealed Box With Untouched Original Accessories.Price Change Day By Day Call Us For The Best Price.දවසින් දවස මිල ගනන් වෙනස් වේ අඩුම මිල ගනන් සදහා අපව අමතන්න.★★ If you Exchange Phones Please Call for Offers.★★★★ CREDIT CARD PAYMENTS ACCEPTED ★★★★ INSTALLMENT PLAN AVAILABLE ★★ 12/24/36 MONTH ★★Visit Our Shop :emobile Maharagama - emobile.lkEMOBILE (PVT) LTDNo.207/1/1C,High Level Road,Maharagama(google ""emobile.lk"" for Direction)• Business Hours :09:00 AM to 09:00 PM Weekdays & Saturday09.00 AM to 05.00 PM On Sundays(ඔබ කොළඹ නගරය තුළ සිටින අයෙකු නම්, පැය 3ක් වැනි කෙටි කාලයක් තුළදී භාණ්ඩය ඔබ වෙත ගෙන්වා ගත හැකි අතර එය ලැබුණු පසුව ගෙවීම් කළ හැක. | ඔබ ශ්රී ලංකාවේ වෙනත් ප්රදේශයක සිටින අයෙකු නම් පැය 24ක් තුළදී භාණ්ඩය ඔබ වෙත ගෙන්වා ගත හැක.)●☞ DELIVERY LOCATION - .🚩 ●COLOMBO. 🚩 ●PILIYANDALA. 🚩 ●NUGEGODA. 🚩 ●MAHARAGAMA. 🚩 ●MORATUWA.🚩 ●PANADURA. 🚩 ●BORELLA. 🚩 ●KOLLOPITIYA. 🚩 ●BAMBALAPITIYA. 🚩 ●BATHTHARAMULLA. 🚩 ●KOTTE. 🚩 MALABE. 🚩 BORELESGAMUWA.★ මෙම විශේෂ දීමනාව තොග අවසන් වනතුරු පමණයි.මෙම දීමනා මිලදී ගැනිමෙදි මෙම post එක ඉදිරිපත් කරන්න.★"
Apple iPad Air 7 M3 11 256GB WIFI|5,"Rs 258,990",Unknown,https://ikman.lk/en/ad/apple-ipad-air-7-m3-11-256gb-wifi5-for-sale-colombo-1,,,,"(Opposite To Gammana Road, Near By People's Leasing Maharagama , Sen-Saal Maharagama / Sampath Bank Super Branch Maharagama / Teaching Training College Maharagama) Parking Facility Available.(ගම්මාන පාර ඉදිරිපිට / පීපල්ස් ලීසින් මහරගම අසල / සෙන්-සාල් මහරගම අසල  /ගුරු විද්‍යාලය / මහරගම සම්පත් බැංකුව සුපර් ශාඛාව අසල) වාහන නැවතිමේ පහසුකම් ඇත.★ අපගේ MAHARAGAMA emobile ප්‍රදර්ශනාගාරයට හා emobile.lk වෙබ් අඩවියට පිවිසෙන්න. ★★ අපගේන් මිලදි ගන්නා සැම දුරකතනයක් සදහාම TRCSL APPROVED.+ Genuine Sealed Pack.★ අපගේ මිල ගනන් වෙනස් වන්නේ නැත .,වංචනිකයන්ට අසු නොවන්න..!#Promotion_Price★ Apple Ipad Air 7 M3 11Inch 256GB WIFI- Rs.258,990/=🔴 1 YEAR APPLECARE WARRANTY / DIRECT IMPORT / BRAND NEW / SEALED PACK / ORIGINAL / NON TRCSL APPROVED.✔ 100% Brand New Sealed Box With Untouched Original Accessories.Price Change Day By Day Call Us For The Best Price.දවසින් දවස මිල ගනන් වෙනස් වේ අඩුම මිල ගනන් සදහා අපව අමතන්න.★★ If you Exchange Phones Please Call for Offers.★★★★ CREDIT CARD PAYMENTS ACCEPTED ★★★★ INSTALLMENT PLAN AVAILABLE ★★ 12/24/36 MONTH ★★Visit Our Shop :emobile Maharagama - emobile.lkEMOBILE (PVT) LTDNo.207/1/1C,High Level Road,Maharagama(google ""emobile.lk"" for Direction)• Business Hours :09:00 AM to 09:00 PM Weekdays & Saturday09.00 AM to 05.00 PM On Sundays(ඔබ කොළඹ නගරය තුළ සිටින අයෙකු නම්, පැය 3ක් වැනි කෙටි කාලයක් තුළදී භාණ්ඩය ඔබ වෙත ගෙන්වා ගත හැකි අතර එය ලැබුණු පසුව ගෙවීම් කළ හැක. | ඔබ ශ්රී ලංකාවේ වෙනත් ප්රදේශයක සිටින අයෙකු නම් පැය 24ක් තුළදී භාණ්ඩය ඔබ වෙත ගෙන්වා ගත හැක.)●☞ DELIVERY LOCATION - .🚩 ●COLOMBO. 🚩 ●PILIYANDALA. 🚩 ●NUGEGODA. 🚩 ●MAHARAGAMA. 🚩 ●MORATUWA.🚩 ●PANADURA. 🚩 ●BORELLA. 🚩 ●KOLLOPITIYA. 🚩 ●BAMBALAPITIYA. 🚩 ●BATHTHARAMULLA. 🚩 ●KOTTE. 🚩 MALABE. 🚩 BORELESGAMUWA.★ මෙම විශේෂ දීමනාව තොග අවසන් වනතුරු පමණයි.මෙම දීමනා මිලදී ගැනිමෙදි මෙම post එක ඉදිරිපත් කරන්න.★"
Apple iPad Air 7 M3 11 128GB Cellular|5,"Rs 239,490",Unknown,https://ikman.lk/en/ad/apple-ipad-air-7-m3-11-128gb-cellular5-for-sale-colombo-1,,,,"(Opposite To Gammana Road, Near By People's Leasing Maharagama , Sen-Saal Maharagama / Sampath Bank Super Branch Maharagama / Teaching Training College Maharagama) Parking Facility Available.(ගම්මාන පාර ඉදිරිපිට / පීපල්ස් ලීසින් මහරගම අසල / සෙන්-සාල් මහරගම අසල  /ගුරු විද්‍යාලය / මහරගම සම්පත් බැංකුව සුපර් ශාඛාව අසල) වාහන නැවතිමේ පහසුකම් ඇත.★ අපගේ MAHARAGAMA emobile ප්‍රදර්ශනාගාරයට හා emobile.lk වෙබ් අඩවියට පිවිසෙන්න. ★★ අපගේන් මිලදි ගන්නා සැම දුරකතනයක් සදහාම TRCSL APPROVED.+ Genuine Sealed Pack.★ අපගේ මිල ගනන් වෙනස් වන්නේ නැත .,වංචනිකයන්ට අසු නොවන්න..!#Promotion_Price★ Apple Ipad Air 7 M3 11Inch 128GB Cell- Rs.239,490/=🔴 1 YEAR APPLECARE WARRANTY / DIRECT IMPORT / BRAND NEW / SEALED PACK / ORIGINAL / NON TRCSL APPROVED.✔ 100% Brand New Sealed Box With Untouched Original Accessories.Price Change Day By Day Call Us For The Best Price.දවසින් දවස මිල ගනන් වෙනස් වේ අඩුම මිල ගනන් සදහා අපව අමතන්න.★★ If you Exchange Phones Please Call for Offers.★★★★ CREDIT CARD PAYMENTS ACCEPTED ★★★★ INSTALLMENT PLAN AVAILABLE ★★ 12/24/36 MONTH ★★Visit Our Shop :emobile Maharagama - emobile.lkEMOBILE (PVT) LTDNo.207/1/1C,High Level Road,Maharagama(google ""emobile.lk"" for Direction)• Business Hours :09:00 AM to 09:00 PM Weekdays & Saturday09.00 AM to 05.00 PM On Sundays(ඔබ කොළඹ නගරය තුළ සිටින අයෙකු නම්, පැය 3ක් වැනි කෙටි කාලයක් තුළදී භාණ්ඩය ඔබ වෙත ගෙන්වා ගත හැකි අතර එය ලැබුණු පසුව ගෙවීම් කළ හැක. | ඔබ ශ්රී ලංකාවේ වෙනත් ප්රදේශයක සිටින අයෙකු නම් පැය 24ක් තුළදී භාණ්ඩය ඔබ වෙත ගෙන්වා ගත හැක.)●☞ DELIVERY LOCATION - .🚩 ●COLOMBO. 🚩 ●PILIYANDALA. 🚩 ●NUGEGODA. 🚩 ●MAHARAGAMA. 🚩 ●MORATUWA.🚩 ●PANADURA. 🚩 ●BORELLA. 🚩 ●KOLLOPITIYA. 🚩 ●BAMBALAPITIYA. 🚩 ●BATHTHARAMULLA. 🚩 ●KOTTE. 🚩 MALABE. 🚩 BORELESGAMUWA.★ මෙම විශේෂ දීමනාව තොග අවසන් වනතුරු පමණයි.මෙම දීමනා මිලදී ගැනිමෙදි මෙම post එක ඉදිරිපත් කරන්න.★"
Apple iPad A16 11th Gen 128GB Cellular,"Rs 193,990",Unknown,https://ikman.lk/en/ad/apple-ipad-a16-11th-gen-128gb-cellular-for-sale-colombo-36,,,,"★ යන්න ඕනම තැනක් 𝐞𝐦𝐨𝐛𝐢𝐥𝐞.𝐥𝐤  ප්‍රදර්ශනාගාරය මහරගම #MAHARAGAMA හා අපගේ www.emobile.lk වෙබ් අඩවියට පිවිසෙන්න.(Opposite To Gammana Road, Near By People's Leasing Maharagama , Sen-Saal Maharagama / Sampath Bank Super Branch Maharagama / Teaching Training College Maharagama) Parking Facility Available(ගම්මාන පාර ඉදිරිපිට / පීපල්ස් ලීසින් මහරගම අසල / සෙන්-සාල් මහරගම අසල  /ගුරු විද්‍යාලය / මහරගම සම්පත් බැංකුව සුපර් ශාඛාව අසල) වාහන නැවතිමේ පහසුකම් ඇත.#Promotion_PriceApple iPad 2025 A16 11th Gen 128GB Cellular  - Rs.193,990/=🔴 1 YEAR APPLECARE WARRANTY / DIRECT IMPORT / BRAND NEW / SEALED PACK / ORIGINAL / NON TRCSL APPROVED.✔ 100% Brand New Sealed Box With Untouched Original Accessories.Price Change Day By Day Call Us For The Best Price.දවසින් දවස මිල ගනන් වෙනස් වේ අඩුම මිල ගනන් සදහා අපව අමතන්න.★★ If you Exchange Phones Please Call for Offers.★★★★ CREDIT CARD PAYMENTS ACCEPTED ★★★★ INSTALLMENT PLAN AVAILABLE ★★ 12/24/36 MONTH ★★Visit Our Shop :emobile Maharagama - emobile.lkEMOBILE (PVT) LTDNo.207/1/1C,High Level Road,Maharagama.(google ""emobile.lk"" for Direction)• Business Hours :09:00 AM to 09:00 PM Weekdays & Saturday09.00 AM to 05.00 PM On Sundays(ඔබ කොළඹ නගරය තුළ සිටින අයෙකු නම්, පැය 5ක් වැනි කෙටි කාලයක් තුළදී භාණ්ඩය ඔබ වෙත ගෙන්වා ගත හැකි අතර එය ලැබුණු පසුව ගෙවීම් කළ හැක. | ඔබ ශ්රී ලංකාවේ වෙනත් ප්රදේශයක සිටින අයෙකු නම් පැය 24ක් තුළදී භාණ්ඩය ඔබ වෙත ගෙන්වා ගත හැක.)●☞ DELIVERY LOCATION - .🚩 ●COLOMBO. 🚩 ●PILIYANDALA. 🚩 ●NUGEGODA. 🚩 ●MAHARAGAMA. 🚩 ●MORATUWA.🚩 ●PANADURA. 🚩 ●BORELLA. 🚩 ●KOLLOPITIYA. 🚩 ●BAMBALAPITIYA. 🚩 ●BATHTHARAMULLA. 🚩 ●KOTTE. 🚩 MALABE. 🚩 BORELESGAMUWA.★ මෙම විශේෂ දීමනාව තොග අවසන් වනතුරු පමණයි.මෙම දීමනා මිලදී ගැනිමෙදි මෙම post එක ඉදිරිපත් කරන්න.★"
Samsung Galaxy Tab A11 Plus 6GB 128GB,"Rs 82,900",Unknown,https://ikman.lk/en/ad/samsung-galaxy-tab-a11-plus-6gb-128gb-for-sale-colombo-31,,,,"📱 **Samsung Galaxy Tab A11 Plus – 6GB RAM | 128GB Storage**🔹 **Product Highlights**✅ 6GB RAM + 128GB Storage – Smooth multitasking with ample storage✅ Large 11-inch Display – Perfect for streaming, gaming & online learning✅ Powerful Processor – Fast and responsive everyday performance✅ Quad Speakers – Immersive audio experience✅ Long-Lasting Battery – All-day entertainment and productivity✅ Fast Charging Support – Power up quickly when needed✅ Slim & Premium Design – Lightweight and easy to carry✅ 100% Original | Brand New | Sealed Box💥💥 **Available Now!** 💥💥🚚 **Delivery Options**🏍️ Colombo Doorstep Delivery📦 Island-wide Delivery via Courier Service📞 Call now to arrange your delivery!🏧 **Easy Installment Plans Available (T&C Apply)**💳 Sampath Bank💳 HSBC💳 People’s Bank💳 Commercial Bank💳 Seylan Bank📍 **Visit Us**Your Mobile StoreLiberty Plaza / Colombo Area📞 Contact Us Today for More Information!🕘 **Business Hours**🗓️ Monday – Saturday: 10:00 AM – 7:30 PM🗓️ Sunday: 10:00 AM – 6:00 PM"
Samsung Tab A11,"Rs 59,900",Unknown,https://ikman.lk/en/ad/4gb-64gb-trcsl-for-sale-colombo,,,,"SPECIAL PROMOTION (Limited Time Only)💥  ලංකාවේ අඩුම මුදල දැන් අපෙන්💥No 1 Retailer in Homagama #owenCellular#💯🔥 තොග සීමිතයි – ඉක්මනින් පැමිණෙන්න!💸 අඩුම මිලට අදම ලබාගන්න.✔ ගුණාත්මකභාවයට සහ විශ්වාසයට ප්‍රමුඛත්වය දෙන 𝗢𝘄𝗲𝗻 𝗦𝗲𝗹𝗹𝘂𝗹𝗮𝗿 වෙතින්👉 100% 𝗢𝗿𝗶𝗴𝗶𝗻𝗮𝗹 ජංගම දුරකථන සහ 𝗢𝗿𝗶𝗴𝗶𝗻𝗮𝗹 උපාංග පමණක්✔ From Owen Sellular, where quality and trust come first👉 Only 100% original mobile phones and original accessoriesCOMPANY WARRANTY ONE YEAR ( SOFTLOGIC )TRCSL APPROVEDGALAXY TAB A11 (4GB / 64GB ) - 59,900/= 💳Credit Card Payment Accepted දවසින් දවස මිල ගණන් වෙනස් වෙන බැවින් මිල ගණන් දැනගැනීමට අපව අමතන්න මෙම දීමනා මිලදී ගැනීමේදී මෙම post එක ඉදිරිපත් කරන්න ☝️📍හෝමාගම Pan Asia Bank සහා New Healan Hospital  එක ඉදිරිපිට"
HP ProBook 450 G8 | Core i3 11th Gen 8GB RAM 256GB SSD Fingerprint,"Rs 85,000",Unknown,https://ikman.lk/en/ad/hp-probook-450-g8-core-i3-11th-gen-8gb-ram-256gb-ssd-fingerprint-for-sale-colombo,,,,"🔥 HP PROBOOK 450 G8 FOR SALE! 🔥⚡ Ultra-fast, commercial-grade 11th Gen laptop packed with features! 💻 🔑 Key Features & Specs:• CPU: Intel Core i3 (11th Gen) ⚡• RAM: 8GB High-Speed Memory 🧠• Storage: 256GB NVMe SSD (Instant Boot) 🚀• Security: Touch Fingerprint Sensor for quick log-in 🔒• Build: Slim Silver Aluminum Design 🎒• Extras: Type-C Charging/Display output, Full Numpad, HD Camera 💻🛡️ Warranty Package:• 🛡️ 6 Months Hardware Warranty• 🛠️ 2 Years Service & Software Warranty"
Apple iPad Pro 11 M5,"Rs 429,999",Unknown,https://ikman.lk/en/ad/apple-ipad-pro-11-m5-for-sale-colombo,,,,"📱🔥 Brand New Mobile Phones – Best Prices in Sri Lanka! 🔥Looking for a genuine brand-new smartphone at the best price? You’ve come to the right place! 😍✨ WHY BUY FROM US?📦 100% Brand New & Factory Sealed✅ Genuine Products with Official Warranty🛡️ Original Accessories Included💯 Quality Guaranteed🚚 Island-wide Delivery – Fast & Reliable📱 TOP BRANDS AVAILABLE:✨ AVAILABLE MODELS:🔹 Entry Level Smartphones🔹 Mid-Range Smartphones🔹 Premium Flagship Smartphones💳 PAYMENT OPTIONS:💵 Cash💳 Credit Card Installments🔄 KOKO – 3-Month Installments🏪 Store Pick-Up Available📦 Order Today & Get the Best Deals on Brand New Phones!💬 Call or WhatsApp us for the latest models, prices & special offers.🏬 ROCKET MOBILE📍 1/34N, Liberty Plaza, Colombo 3 Colombo 3, 00300📞 Contact us today for the latest offers!"
Samsung Galaxy Tab S11 Ultra,"Rs 275,000",Unknown,https://ikman.lk/en/ad/samsung-galaxy-tab-s11-ultra-for-sale-colombo-67,,,,"🚀 ROCKET MOBILE📱 Used Mobiles • 💻 Laptops • 📱 Tablets🔥 Premium Pre-Owned Devices at Great Prices!Looking for a reliable used device without paying brand-new prices? We’ve got you covered!⭐ WHY CHOOSE ROCKET MOBILE?✅ Fully Tested & Quality Checked🔋 Strong Battery Performance🛡️ Genuine Devices Only📋 IMEI & Condition Verified🔧 Warranty Available (Selected Models)🚚 Island-wide Delivery💰 Best Prices Guaranteed📱 AVAILABLE BRANDS🍎 Apple (iPhone)📱 Samsung📱 Google Pixel📱 Xiaomi📱 OnePlus📱 Apple iPad 📱Samsung Galaxy Tab💎 DEVICE GRADES🟢 A Grade – Excellent Condition🔵 B Grade – Very Good Condition🟠 C Grade – Good Condition, Best Value💳 PAYMENT OPTIONS💵 Cash💳 Card Payments📲 KOKO Installments🏪 Store Pickup Available📍 1/34N, Liberty Plaza, Colombo 3 Colombo 3, 00300🎁 Trade-in Your Old Device & Upgrade Today!📞 Contact Rocket Mobile today for the latest stock and unbeatable prices."
Apple iPad Air 2 64GB WIFI,"Rs 20,000",Unknown,https://ikman.lk/en/ad/ipad-air-2-64gb-wifi-for-sale-colombo-4,,,,iPad Air 2 64gb wifiGood condition Quick sale
Xiaomi Pad Pro 5G 8GB|256GB|,"Rs 126,990",Unknown,https://ikman.lk/en/ad/xiaomi-pad-pro-5g-8gb256gb-for-sale-colombo-13,,,,"(Opposite To Gammana Road, Near By People's Leasing Maharagama , Sen-Saal Maharagama / Sampath Bank Super Branch Maharagama / Teaching Training College Maharagama) Parking Facility Available.(ගම්මාන පාර ඉදිරිපිට / පීපල්ස් ලීසින් මහරගම අසල / සෙන්-සාල් මහරගම අසල  /ගුරු විද්‍යාලය / මහරගම සම්පත් බැංකුව සුපර් ශාඛාව අසල) වාහන නැවතිමේ පහසුකම් ඇත.★ අපගේ www.emobile.lk වෙබ් අඩවියට පිවිසෙන්න. ★#Promotion_Price★ Xiaomi Pad Pro 5G (8GB RAM|256GB) - Rs.126,990/=🔴 1 WEEK CHECKING WARRANTY / DIRECT IMPORT / BRAND NEW / SEALED PACK / ORIGINAL / NON TRCSL APPROVED.✔ 100% Brand New Sealed Box With Untouched Original Accessories.★Xiaomi Pad Pro 5G (8GB RAM|256GB)  - Rs.127,990/=🔴 1 Year GNEXT Company Warranty.(Hardware & Software)  / BRAND NEW / SEALED PACK / ORIGINAL / TRCSL APPROVED.✔ 100% Brand New Sealed Box With Untouched Original Accessories.Price Change Day By Day Call Us For The Best Price.දවසින් දවස මිල ගනන් වෙනස් වේ අඩුම මිල ගනන් සදහා අපව අමතන්න.🔴 KOKO PAYMENT AVAILABLE 👉 CREDIT CARD PAYMENTS ACCEPTED💳👉 NSTALLMENT PLAN AVAILABLE💳👉 Delivery can be Arranged...🛵🚛🔴 Visit Our Shop :emobile Maharagama - emobile.lkEMOBILE (PVT) LTDNo.207/1/1C,High Level Road,Maharagama.(google ""emobile Maharagama"" for Direction)🔴 Business Hours :09:00 AM to 09:00 PM Weekdays & Saturday09.00 AM to 09.00 PM on Sundays(ඔබ කොළඹ නගරය තුළ සිටින අයෙකු නම්, පැය 3ක් වැනි කෙටි කාලයක් තුළදී භාණ්ඩය ඔබ වෙත ගෙන්වා ගත හැකි අතර එය ලැබුණු පසුව ගෙවීම් කළ හැක. | ඔබ ශ්‍රි ලංකාවේ වෙනත් ප්‍රදේශයක සිටින අයෙකු නම් පැය 24ක් තුළදී භාණ්ඩය ඔබ වෙත ගෙන්වා ගත හැක.)🔴☞ SAME DAY DELIVERY LOCATION - 🚩●Around COLOMBO 🚩●COLOMBO 🚩●BORELLA 🚩●KOLLOPITIYA 🚩●BAMBALAPITIYA 🚩●BATHTHARAMULLA 🚩 ●KOTTE 🚩●MALABE 🚩●BORELESGAMUWA 🚩●PILIYANDALA 🚩●NUGEGODA 🚩●MAHARAGAMA🚩●AVISSAWELLA 🚩●RATHNAPURA🚩●NEG0MBO 🚩●KADAWATHA 🚩●GAMPATHA 🚩●MORATUWA🚩●PANADURA 🚩●KALUTHARA 🚩●ATHUTHGAMA 🚩●GALLE 🚩●MATHARA ★ මෙම විශේෂ දීමනාව තොග අවසන් වනතුරු පමණයි. මෙම දීමනා මිලදී ගැනිමෙදි මෙම Post එක ඉදිරිපත් කරන්න."
Xiaomi Pad Pro 5G 6GB|128GB,"Rs 113,490",Unknown,https://ikman.lk/en/ad/xiaomi-pad-pro-5g-6gb128gb-for-sale-colombo-12,,,,"(Opposite To Gammana Road, Near By People's Leasing Maharagama , Sen-Saal Maharagama / Sampath Bank Super Branch Maharagama / Teaching Training College Maharagama) Parking Facility Available.(ගම්මාන පාර ඉදිරිපිට / පීපල්ස් ලීසින් මහරගම අසල / සෙන්-සාල් මහරගම අසල  /ගුරු විද්‍යාලය / මහරගම සම්පත් බැංකුව සුපර් ශාඛාව අසල) වාහන නැවතිමේ පහසුකම් ඇත.★ අපගේ www.emobile.lk වෙබ් අඩවියට පිවිසෙන්න. ★#Promotion_Price★ Xiaomi Pad Pro 5G (6GB RAM|128GB) - Rs.113,490/=🔴 1 WEEK CHECKING WARRANTY / DIRECT IMPORT / BRAND NEW / SEALED PACK / ORIGINAL / NON TRCSL APPROVED.✔ 100% Brand New Sealed Box With Untouched Original Accessories.★Xiaomi Pad Pro 5G (6GB RAM|128GB)  - Rs.114,490/=🔴 1 Year GNEXT Company Warranty.(Hardware & Software)  / BRAND NEW / SEALED PACK / ORIGINAL / TRCSL APPROVED.✔ 100% Brand New Sealed Box With Untouched Original Accessories.Price Change Day By Day Call Us For The Best Price.දවසින් දවස මිල ගනන් වෙනස් වේ අඩුම මිල ගනන් සදහා අපව අමතන්න.🔴 KOKO PAYMENT AVAILABLE 👉 CREDIT CARD PAYMENTS ACCEPTED💳👉 NSTALLMENT PLAN AVAILABLE💳👉 Delivery can be Arranged...🛵🚛🔴 Visit Our Shop :emobile Maharagama - emobile.lkEMOBILE (PVT) LTDNo.207/1/1C,High Level Road,Maharagama.(google ""emobile Maharagama"" for Direction)🔴 Business Hours :09:00 AM to 09:00 PM Weekdays & Saturday09.00 AM to 09.00 PM on Sundays(ඔබ කොළඹ නගරය තුළ සිටින අයෙකු නම්, පැය 3ක් වැනි කෙටි කාලයක් තුළදී භාණ්ඩය ඔබ වෙත ගෙන්වා ගත හැකි අතර එය ලැබුණු පසුව ගෙවීම් කළ හැක. | ඔබ ශ්‍රි ලංකාවේ වෙනත් ප්‍රදේශයක සිටින අයෙකු නම් පැය 24ක් තුළදී භාණ්ඩය ඔබ වෙත ගෙන්වා ගත හැක.)🔴☞ SAME DAY DELIVERY LOCATION - 🚩●Around COLOMBO 🚩●COLOMBO 🚩●BORELLA 🚩●KOLLOPITIYA 🚩●BAMBALAPITIYA 🚩●BATHTHARAMULLA 🚩 ●KOTTE 🚩●MALABE 🚩●BORELESGAMUWA 🚩●PILIYANDALA 🚩●NUGEGODA 🚩●MAHARAGAMA🚩●AVISSAWELLA 🚩●RATHNAPURA🚩●NEG0MBO 🚩●KADAWATHA 🚩●GAMPATHA 🚩●MORATUWA🚩●PANADURA 🚩●KALUTHARA 🚩●ATHUTHGAMA 🚩●GALLE 🚩●MATHARA ★ මෙම විශේෂ දීමනාව තොග අවසන් වනතුරු පමණයි. මෙම දීමනා මිලදී ගැනිමෙදි මෙම Post එක ඉදිරිපත් කරන්න."
Redmi Pad 2 8GB|256GB,"Rs 92,990",Unknown,https://ikman.lk/en/ad/redmi-pad-2-8gb256gb-for-sale-colombo-13,,,,"(Opposite To Gammana Road, Near By People's Leasing Maharagama , Sen-Saal Maharagama / Sampath Bank Super Branch Maharagama / Teaching Training College Maharagama) Parking Facility Available.(ගම්මාන පාර ඉදිරිපිට / පීපල්ස් ලීසින් මහරගම අසල / සෙන්-සාල් මහරගම අසල  /ගුරු විද්‍යාලය / මහරගම සම්පත් බැංකුව සුපර් ශාඛාව අසල) වාහන නැවතිමේ පහසුකම් ඇත.★ අපගේ www.emobile.lk වෙබ් අඩවියට පිවිසෙන්න. ★#Promotion_Price★ Xiaomi Redmi pad 2 (8GB RAM|256GB) - Rs.92,990/=🔴 1 WEEK CHECKING WARRANTY / DIRECT IMPORT / BRAND NEW / SEALED PACK / ORIGINAL / NON TRCSL APPROVED.✔ 100% Brand New Sealed Box With Untouched Original Accessories.★Xiaomi Redmi pad 2 (8GB RAM|256GB)  - Rs.93,990/=🔴 1 Year GNEXT Company Warranty.(Hardware & Software)  / BRAND NEW / SEALED PACK / ORIGINAL / TRCSL APPROVED.✔ 100% Brand New Sealed Box With Untouched Original Accessories.Price Change Day By Day Call Us For The Best Price.දවසින් දවස මිල ගනන් වෙනස් වේ අඩුම මිල ගනන් සදහා අපව අමතන්න.🔴 KOKO PAYMENT AVAILABLE 👉 CREDIT CARD PAYMENTS ACCEPTED💳👉 NSTALLMENT PLAN AVAILABLE💳👉 Delivery can be Arranged...🛵🚛🔴 Visit Our Shop :emobile Maharagama - emobile.lkEMOBILE (PVT) LTDNo.207/1/1C,High Level Road,Maharagama.(google ""emobile Maharagama"" for Direction)🔴 Business Hours :09:00 AM to 09:00 PM Weekdays & Saturday09.00 AM to 09.00 PM on Sundays(ඔබ කොළඹ නගරය තුළ සිටින අයෙකු නම්, පැය 3ක් වැනි කෙටි කාලයක් තුළදී භාණ්ඩය ඔබ වෙත ගෙන්වා ගත හැකි අතර එය ලැබුණු පසුව ගෙවීම් කළ හැක. | ඔබ ශ්‍රි ලංකාවේ වෙනත් ප්‍රදේශයක සිටින අයෙකු නම් පැය 24ක් තුළදී භාණ්ඩය ඔබ වෙත ගෙන්වා ගත හැක.)🔴☞ SAME DAY DELIVERY LOCATION - 🚩●Around COLOMBO 🚩●COLOMBO 🚩●BORELLA 🚩●KOLLOPITIYA 🚩●BAMBALAPITIYA 🚩●BATHTHARAMULLA 🚩 ●KOTTE 🚩●MALABE 🚩●BORELESGAMUWA 🚩●PILIYANDALA 🚩●NUGEGODA 🚩●MAHARAGAMA🚩●AVISSAWELLA 🚩●RATHNAPURA🚩●NEG0MBO 🚩●KADAWATHA 🚩●GAMPATHA 🚩●MORATUWA🚩●PANADURA 🚩●KALUTHARA 🚩●ATHUTHGAMA 🚩●GALLE 🚩●MATHARA ★ මෙම විශේෂ දීමනාව තොග අවසන් වනතුරු පමණයි. මෙම දීමනා මිලදී ගැනිමෙදි මෙම Post එක ඉදිරිපත් කරන්න."
Redmi Pad 2 4GB|128GB,"Rs 70,490",Unknown,https://ikman.lk/en/ad/redmi-pad-2-4gb128gb-for-sale-colombo-5,,,,"(Opposite To Gammana Road, Near By People's Leasing Maharagama , Sen-Saal Maharagama / Sampath Bank Super Branch Maharagama / Teaching Training College Maharagama) Parking Facility Available.(ගම්මාන පාර ඉදිරිපිට / පීපල්ස් ලීසින් මහරගම අසල / සෙන්-සාල් මහරගම අසල  /ගුරු විද්‍යාලය / මහරගම සම්පත් බැංකුව සුපර් ශාඛාව අසල) වාහන නැවතිමේ පහසුකම් ඇත.★ අපගේ www.emobile.lk වෙබ් අඩවියට පිවිසෙන්න. ★#Promotion_Price★ Xiaomi Redmi pad 2 (4GB RAM|128GB) - Rs.70,490/=🔴 1 WEEK CHECKING WARRANTY / DIRECT IMPORT / BRAND NEW / SEALED PACK / ORIGINAL / NON TRCSL APPROVED.✔ 100% Brand New Sealed Box With Untouched Original Accessories.★Xiaomi Redmi pad 2 (4GB RAM|128GB)  - Rs.71,490/=🔴 1 Year GNEXT Company Warranty.(Hardware & Software)  / BRAND NEW / SEALED PACK / ORIGINAL / TRCSL APPROVED.✔ 100% Brand New Sealed Box With Untouched Original Accessories.Price Change Day By Day Call Us For The Best Price.දවසින් දවස මිල ගනන් වෙනස් වේ අඩුම මිල ගනන් සදහා අපව අමතන්න.🔴 KOKO PAYMENT AVAILABLE 👉 CREDIT CARD PAYMENTS ACCEPTED💳👉 NSTALLMENT PLAN AVAILABLE💳👉 Delivery can be Arranged...🛵🚛🔴 Visit Our Shop :emobile Maharagama - emobile.lkEMOBILE (PVT) LTDNo.207/1/1C,High Level Road,Maharagama.(google ""emobile Maharagama"" for Direction)🔴 Business Hours :09:00 AM to 09:00 PM Weekdays & Saturday09.00 AM to 09.00 PM on Sundays(ඔබ කොළඹ නගරය තුළ සිටින අයෙකු නම්, පැය 3ක් වැනි කෙටි කාලයක් තුළදී භාණ්ඩය ඔබ වෙත ගෙන්වා ගත හැකි අතර එය ලැබුණු පසුව ගෙවීම් කළ හැක. | ඔබ ශ්‍රි ලංකාවේ වෙනත් ප්‍රදේශයක සිටින අයෙකු නම් පැය 24ක් තුළදී භාණ්ඩය ඔබ වෙත ගෙන්වා ගත හැක.)🔴☞ SAME DAY DELIVERY LOCATION - 🚩●Around COLOMBO 🚩●COLOMBO 🚩●BORELLA 🚩●KOLLOPITIYA 🚩●BAMBALAPITIYA 🚩●BATHTHARAMULLA 🚩 ●KOTTE 🚩●MALABE 🚩●BORELESGAMUWA 🚩●PILIYANDALA 🚩●NUGEGODA 🚩●MAHARAGAMA🚩●AVISSAWELLA 🚩●RATHNAPURA🚩●NEG0MBO 🚩●KADAWATHA 🚩●GAMPATHA 🚩●MORATUWA🚩●PANADURA 🚩●KALUTHARA 🚩●ATHUTHGAMA 🚩●GALLE 🚩●MATHARA ★ මෙම විශේෂ දීමනාව තොග අවසන් වනතුරු පමණයි. මෙම දීමනා මිලදී ගැනිමෙදි මෙම Post එක ඉදිරිපත් කරන්න."
Honor Tab X7 4GB/128GB,"Rs 48,990",Unknown,https://ikman.lk/en/ad/honor-tab-x7-4gb-128gb-for-sale-colombo-5,,,,"(Opposite To Gammana Road, Near By People's Leasing Maharagama , Sen-Saal Maharagama / Sampath Bank Super Branch Maharagama / Teaching Training College Maharagama) Parking Facility Available.(ගම්මාන පාර ඉදිරිපිට / පීපල්ස් ලීසින් මහරගම අසල / සෙන්-සාල් මහරගම අසල  /ගුරු විද්‍යාලය / මහරගම සම්පත් බැංකුව සුපර් ශාඛාව අසල) වාහන නැවතිමේ පහසුකම් ඇත.★ අපගේ www.emobile.lk වෙබ් අඩවියට පිවිසෙන්න. ★#Promotion_Price★ Honor Tab X7 (4GB RAM|128GB) - Rs.48,990/=🔴 1 WEEK CHECKING WARRANTY / DIRECT IMPORT / BRAND NEW / SEALED PACK / ORIGINAL / NON TRCSL APPROVED.✔ 100% Brand New Sealed Box With Untouched Original Accessories.★ Honor Tab X7(4GB RAM|128GB)  - Rs.49,990/=🔴 1 Year SINGER Company Warranty.(Hardware & Software)  / BRAND NEW / SEALED PACK / ORIGINAL / TRCSL APPROVED.✔ 100% Brand New Sealed Box With Untouched Original Accessories.Price Change Day By Day Call Us For The Best Price.දවසින් දවස මිල ගනන් වෙනස් වේ අඩුම මිල ගනන් සදහා අපව අමතන්න.🔴 KOKO PAYMENT AVAILABLE 👉 CREDIT CARD PAYMENTS ACCEPTED💳👉 NSTALLMENT PLAN AVAILABLE💳👉 Delivery can be Arranged...🛵🚛🔴 Visit Our Shop :emobile Maharagama - emobile.lkEMOBILE (PVT) LTDNo.207/1/1C,High Level Road,Maharagama.(google ""emobile Maharagama"" for Direction)🔴 Business Hours :09:00 AM to 09:00 PM Weekdays & Saturday09.00 AM to 09.00 PM on Sundays(ඔබ කොළඹ නගරය තුළ සිටින අයෙකු නම්, පැය 3ක් වැනි කෙටි කාලයක් තුළදී භාණ්ඩය ඔබ වෙත ගෙන්වා ගත හැකි අතර එය ලැබුණු පසුව ගෙවීම් කළ හැක. | ඔබ ශ්‍රි ලංකාවේ වෙනත් ප්‍රදේශයක සිටින අයෙකු නම් පැය 24ක් තුළදී භාණ්ඩය ඔබ වෙත ගෙන්වා ගත හැක.)🔴☞ SAME DAY DELIVERY LOCATION - 🚩●Around COLOMBO 🚩●COLOMBO 🚩●BORELLA 🚩●KOLLOPITIYA 🚩●BAMBALAPITIYA 🚩●BATHTHARAMULLA 🚩 ●KOTTE 🚩●MALABE 🚩●BORELESGAMUWA 🚩●PILIYANDALA 🚩●NUGEGODA 🚩●MAHARAGAMA🚩●AVISSAWELLA 🚩●RATHNAPURA🚩●NEG0MBO 🚩●KADAWATHA 🚩●GAMPATHA 🚩●MORATUWA🚩●PANADURA 🚩●KALUTHARA 🚩●ATHUTHGAMA 🚩●GALLE 🚩●MATHARA ★ මෙම විශේෂ දීමනාව තොග අවසන් වනතුරු පමණයි. මෙම දීමනා මිලදී ගැනිමෙදි මෙම Post එක ඉදිරිපත් කරන්න."
Honor Tab X8b 4GB/128GB,"Rs 88,990",Unknown,https://ikman.lk/en/ad/honor-tab-x8b-4gb-128gb-for-sale-colombo-5,,,,"(Opposite To Gammana Road, Near By People's Leasing Maharagama , Sen-Saal Maharagama / Sampath Bank Super Branch Maharagama / Teaching Training College Maharagama) Parking Facility Available.(ගම්මාන පාර ඉදිරිපිට / පීපල්ස් ලීසින් මහරගම අසල / සෙන්-සාල් මහරගම අසල  /ගුරු විද්‍යාලය / මහරගම සම්පත් බැංකුව සුපර් ශාඛාව අසල) වාහන නැවතිමේ පහසුකම් ඇත.★ අපගේ www.emobile.lk වෙබ් අඩවියට පිවිසෙන්න. ★#Promotion_Price★ Honor Tab X8b (4GB RAM|128GB) - Rs.88,990/=🔴 1 WEEK CHECKING WARRANTY / DIRECT IMPORT / BRAND NEW / SEALED PACK / ORIGINAL / NON TRCSL APPROVED.✔ 100% Brand New Sealed Box With Untouched Original Accessories.★ Honor Tab X8b (4GB RAM|128GB) - Rs.89,990/=🔴 1 Year SINGER Company Warranty.(Hardware & Software)  / BRAND NEW / SEALED PACK / ORIGINAL / TRCSL APPROVED.✔ 100% Brand New Sealed Box With Untouched Original Accessories.Price Change Day By Day Call Us For The Best Price.දවසින් දවස මිල ගනන් වෙනස් වේ අඩුම මිල ගනන් සදහා අපව අමතන්න.🔴 KOKO PAYMENT AVAILABLE 👉 CREDIT CARD PAYMENTS ACCEPTED💳👉 NSTALLMENT PLAN AVAILABLE💳👉 Delivery can be Arranged...🛵🚛🔴 Visit Our Shop :emobile Maharagama - emobile.lkEMOBILE (PVT) LTDNo.207/1/1C,High Level Road,Maharagama.(google ""emobile Maharagama"" for Direction)🔴 Business Hours :09:00 AM to 09:00 PM Weekdays & Saturday09.00 AM to 09.00 PM on Sundays(ඔබ කොළඹ නගරය තුළ සිටින අයෙකු නම්, පැය 3ක් වැනි කෙටි කාලයක් තුළදී භාණ්ඩය ඔබ වෙත ගෙන්වා ගත හැකි අතර එය ලැබුණු පසුව ගෙවීම් කළ හැක. | ඔබ ශ්‍රි ලංකාවේ වෙනත් ප්‍රදේශයක සිටින අයෙකු නම් පැය 24ක් තුළදී භාණ්ඩය ඔබ වෙත ගෙන්වා ගත හැක.)🔴☞ SAME DAY DELIVERY LOCATION - 🚩●Around COLOMBO 🚩●COLOMBO 🚩●BORELLA 🚩●KOLLOPITIYA 🚩●BAMBALAPITIYA 🚩●BATHTHARAMULLA 🚩 ●KOTTE 🚩●MALABE 🚩●BORELESGAMUWA 🚩●PILIYANDALA 🚩●NUGEGODA 🚩●MAHARAGAMA🚩●AVISSAWELLA 🚩●RATHNAPURA🚩●NEG0MBO 🚩●KADAWATHA 🚩●GAMPATHA 🚩●MORATUWA🚩●PANADURA 🚩●KALUTHARA 🚩●ATHUTHGAMA 🚩●GALLE 🚩●MATHARA ★ මෙම විශේෂ දීමනාව තොග අවසන් වනතුරු පමණයි. මෙම දීමනා මිලදී ගැනිමෙදි මෙම Post එක ඉදිරිපත් කරන්න.★"
Honor Tab X9A 8GB|256GB With Cover,"Rs 104,990",Unknown,https://ikman.lk/en/ad/honor-tab-x9a-8gb256gb-with-cover-for-sale-colombo-5,,,,"(Opposite To Gammana Road, Near By People's Leasing Maharagama , Sen-Saal Maharagama / Sampath Bank Super Branch Maharagama / Teaching Training College Maharagama) Parking Facility Available.(ගම්මාන පාර ඉදිරිපිට / පීපල්ස් ලීසින් මහරගම අසල / සෙන්-සාල් මහරගම අසල  /ගුරු විද්‍යාලය / මහරගම සම්පත් බැංකුව සුපර් ශාඛාව අසල) වාහන නැවතිමේ පහසුකම් ඇත.★ අපගේ www.emobile.lk වෙබ් අඩවියට පිවිසෙන්න. ★#Promotion_Price★ Honor Tab X9A WITH COVER (8GB RAM|256GB) - Rs.104,990/=🔴 1 WEEK CHECKING WARRANTY / DIRECT IMPORT / BRAND NEW / SEALED PACK / ORIGINAL / NON TRCSL APPROVED.✔ 100% Brand New Sealed Box With Untouched Original Accessories.★ Honor Tab X9A WITH COVER (8GB RAM|256GB) - Rs.105,990/=🔴 1 Year SINGER Company Warranty.(Hardware & Software)  / BRAND NEW / SEALED PACK / ORIGINAL / TRCSL APPROVED.✔ 100% Brand New Sealed Box With Untouched Original Accessories.Price Change Day By Day Call Us For The Best Price.දවසින් දවස මිල ගනන් වෙනස් වේ අඩුම මිල ගනන් සදහා අපව අමතන්න.🔴 KOKO PAYMENT AVAILABLE 👉 CREDIT CARD PAYMENTS ACCEPTED💳👉 NSTALLMENT PLAN AVAILABLE💳👉 Delivery can be Arranged...🛵🚛🔴 Visit Our Shop :emobile Maharagama - emobile.lkEMOBILE (PVT) LTDNo.207/1/1C,High Level Road,Maharagama.(google ""emobile Maharagama"" for Direction)🔴 Business Hours :09:00 AM to 09:00 PM Weekdays & Saturday09.00 AM to 09.00 PM on Sundays(ඔබ කොළඹ නගරය තුළ සිටින අයෙකු නම්, පැය 3ක් වැනි කෙටි කාලයක් තුළදී භාණ්ඩය ඔබ වෙත ගෙන්වා ගත හැකි අතර එය ලැබුණු පසුව ගෙවීම් කළ හැක. | ඔබ ශ්‍රි ලංකාවේ වෙනත් ප්‍රදේශයක සිටින අයෙකු නම් පැය 24ක් තුළදී භාණ්ඩය ඔබ වෙත ගෙන්වා ගත හැක.)🔴☞ SAME DAY DELIVERY LOCATION - 🚩●Around COLOMBO 🚩●COLOMBO 🚩●BORELLA 🚩●KOLLOPITIYA 🚩●BAMBALAPITIYA 🚩●BATHTHARAMULLA 🚩 ●KOTTE 🚩●MALABE 🚩●BORELESGAMUWA 🚩●PILIYANDALA 🚩●NUGEGODA 🚩●MAHARAGAMA🚩●AVISSAWELLA 🚩●RATHNAPURA🚩●NEG0MBO 🚩●KADAWATHA 🚩●GAMPATHA 🚩●MORATUWA🚩●PANADURA 🚩●KALUTHARA 🚩●ATHUTHGAMA 🚩●GALLE 🚩●MATHARA ★ මෙම විශේෂ දීමනාව තොග අවසන් වනතුරු පමණයි. මෙම දීමනා මිලදී ගැනිමෙදි මෙම Post එක ඉදිරිපත් කරන්න.★"
Honor Tab X9A 8GB|256GB With Pen,"Rs 111,990",Unknown,https://ikman.lk/en/ad/honor-tab-x9a-8gb256gb-with-pen-for-sale-colombo-4,,,,"(Opposite To Gammana Road, Near By People's Leasing Maharagama , Sen-Saal Maharagama / Sampath Bank Super Branch Maharagama / Teaching Training College Maharagama) Parking Facility Available.(ගම්මාන පාර ඉදිරිපිට / පීපල්ස් ලීසින් මහරගම අසල / සෙන්-සාල් මහරගම අසල  /ගුරු විද්‍යාලය / මහරගම සම්පත් බැංකුව සුපර් ශාඛාව අසල) වාහන නැවතිමේ පහසුකම් ඇත.★ අපගේ www.emobile.lk වෙබ් අඩවියට පිවිසෙන්න. ★#Promotion_Price★ Honor Tab X9A WITH PEN (8GB RAM|256GB) - Rs.111,990/=🔴 1 WEEK CHECKING WARRANTY / DIRECT IMPORT / BRAND NEW / SEALED PACK / ORIGINAL / NON TRCSL APPROVED.✔ 100% Brand New Sealed Box With Untouched Original Accessories.★ Honor Tab X9A WITH PEN (8GB RAM|256GB) - Rs.112,990/=🔴 1 Year SINGER Company Warranty.(Hardware & Software)  / BRAND NEW / SEALED PACK / ORIGINAL / TRCSL APPROVED.✔ 100% Brand New Sealed Box With Untouched Original Accessories.Price Change Day By Day Call Us For The Best Price.දවසින් දවස මිල ගනන් වෙනස් වේ අඩුම මිල ගනන් සදහා අපව අමතන්න.🔴 KOKO PAYMENT AVAILABLE 👉 CREDIT CARD PAYMENTS ACCEPTED💳👉 NSTALLMENT PLAN AVAILABLE💳👉 Delivery can be Arranged...🛵🚛🔴 Visit Our Shop :emobile Maharagama - emobile.lkEMOBILE (PVT) LTDNo.207/1/1C,High Level Road,Maharagama.(google ""emobile Maharagama"" for Direction)🔴 Business Hours :09:00 AM to 09:00 PM Weekdays & Saturday09.00 AM to 09.00 PM on Sundays(ඔබ කොළඹ නගරය තුළ සිටින අයෙකු නම්, පැය 3ක් වැනි කෙටි කාලයක් තුළදී භාණ්ඩය ඔබ වෙත ගෙන්වා ගත හැකි අතර එය ලැබුණු පසුව ගෙවීම් කළ හැක. | ඔබ ශ්‍රි ලංකාවේ වෙනත් ප්‍රදේශයක සිටින අයෙකු නම් පැය 24ක් තුළදී භාණ්ඩය ඔබ වෙත ගෙන්වා ගත හැක.)🔴☞ SAME DAY DELIVERY LOCATION - 🚩●Around COLOMBO 🚩●COLOMBO 🚩●BORELLA 🚩●KOLLOPITIYA 🚩●BAMBALAPITIYA 🚩●BATHTHARAMULLA 🚩 ●KOTTE 🚩●MALABE 🚩●BORELESGAMUWA 🚩●PILIYANDALA 🚩●NUGEGODA 🚩●MAHARAGAMA🚩●AVISSAWELLA 🚩●RATHNAPURA🚩●NEG0MBO 🚩●KADAWATHA 🚩●GAMPATHA 🚩●MORATUWA🚩●PANADURA 🚩●KALUTHARA 🚩●ATHUTHGAMA 🚩●GALLE 🚩●MATHARA ★ මෙම විශේෂ දීමනාව තොග අවසන් වනතුරු පමණයි. මෙම දීමනා මිලදී ගැනිමෙදි මෙම Post එක ඉදිරිපත් කරන්න.★"
Oscal Pad 200 6GB|256GB,"Rs 78,990",Unknown,https://ikman.lk/en/ad/oscal-pad-200-6gb256gb-for-sale-colombo-26,,,,"(Opposite To Gammana Road, Near By People's Leasing Maharagama , Sen-Saal Maharagama / Sampath Bank Super Branch Maharagama / Teaching Training College Maharagama) Parking Facility Available.(ගම්මාන පාර ඉදිරිපිට / පීපල්ස් ලීසින් මහරගම අසල / සෙන්-සාල් මහරගම අසල  /ගුරු විද්‍යාලය / මහරගම සම්පත් බැංකුව සුපර් ශාඛාව අසල) වාහන නැවතිමේ පහසුකම් ඇත.★ අපගේ www.emobile.lk වෙබ් අඩවියට පිවිසෙන්න. ★#Promotion_Price★ Oscal pad 200 (6GB RAM|256GB) - Rs.78,990/=🔴 DIRECT IMPORT / BRAND NEW / SEALED PACK / ORIGINAL / NON TRCSL APPROVED / 1 WEEK CHECKING WARRANTY.★Oscal pad 200 (6GB RAM|256GB) - Rs.79,990/=✔ 18 Month STAR CELIS Company Warranty.(Hardware & Software)✔ 100% Brand New Sealed Box With Untouched Original AccessoriesPrice Change Day By Day Call Us For The Best Price.දවසින් දවස මිල ගනන් වෙනස් වේ අඩුම මිල ගනන් සදහා අපව අමතන්න.🔴 KOKO PAYMENT AVAILABLE 👉 CREDIT CARD PAYMENTS ACCEPTED💳👉 NSTALLMENT PLAN AVAILABLE💳👉 Delivery can be Arranged...🛵🚛🔴 Visit Our Shop :emobile Maharagama - emobile.lkEMOBILE (PVT) LTDNo.207/1/1C,High Level Road,Maharagama.(google ""emobile Maharagama"" for Direction)🔴 Business Hours :09:00 AM to 09:00 PM Weekdays & Saturday09.00 AM to 09.00 PM on Sundays(ඔබ කොළඹ නගරය තුළ සිටින අයෙකු නම්, පැය 3ක් වැනි කෙටි කාලයක් තුළදී භාණ්ඩය ඔබ වෙත ගෙන්වා ගත හැකි අතර එය ලැබුණු පසුව ගෙවීම් කළ හැක. | ඔබ ශ්‍රි ලංකාවේ වෙනත් ප්‍රදේශයක සිටින අයෙකු නම් පැය 24ක් තුළදී භාණ්ඩය ඔබ වෙත ගෙන්වා ගත හැක.)🔴☞ SAME DAY DELIVERY LOCATION - 🚩●Around COLOMBO 🚩●COLOMBO 🚩●BORELLA 🚩●KOLLOPITIYA 🚩●BAMBALAPITIYA 🚩●BATHTHARAMULLA 🚩 ●KOTTE 🚩●MALABE 🚩●BORELESGAMUWA 🚩●PILIYANDALA 🚩●NUGEGODA 🚩●MAHARAGAMA🚩●AVISSAWELLA 🚩●RATHNAPURA🚩●NEG0MBO 🚩●KADAWATHA 🚩●GAMPATHA 🚩●MORATUWA🚩●PANADURA 🚩●KALUTHARA 🚩●ATHUTHGAMA 🚩●GALLE 🚩●MATHARA ★ මෙම විශේෂ දීමනාව තොග අවසන් වනතුරු පමණයි. මෙම දීමනා මිලදී ගැනිමෙදි මෙම Post එක ඉදිරිපත් කරන්න."
Oscal Pad 100 8GB|256GB,"Rs 69,990",Unknown,https://ikman.lk/en/ad/oscal-pad-100-8gb256gb-for-sale-colombo-25,,,,"(Opposite To Gammana Road, Near By People's Leasing Maharagama , Sen-Saal Maharagama / Sampath Bank Super Branch Maharagama / Teaching Training College Maharagama) Parking Facility Available.(ගම්මාන පාර ඉදිරිපිට / පීපල්ස් ලීසින් මහරගම අසල / සෙන්-සාල් මහරගම අසල  /ගුරු විද්‍යාලය / මහරගම සම්පත් බැංකුව සුපර් ශාඛාව අසල) වාහන නැවතිමේ පහසුකම් ඇත.★ අපගේ www.emobile.lk වෙබ් අඩවියට පිවිසෙන්න. ★#Promotion_Price★ Oscal pad 100 (8GB RAM|256GB) - Rs.69,990/=🔴 DIRECT IMPORT / BRAND NEW / SEALED PACK / ORIGINAL / NON TRCSL APPROVED / 1 WEEK CHECKING WARRANTY.★Oscal pad 100 (8GB RAM|256GB) - Rs.70,990/=✔ 18 Month STAR CELIS Company Warranty.(Hardware & Software)✔ 100% Brand New Sealed Box With Untouched Original AccessoriesPrice Change Day By Day Call Us For The Best Price.දවසින් දවස මිල ගනන් වෙනස් වේ අඩුම මිල ගනන් සදහා අපව අමතන්න.🔴 KOKO PAYMENT AVAILABLE 👉 CREDIT CARD PAYMENTS ACCEPTED💳👉 NSTALLMENT PLAN AVAILABLE💳👉 Delivery can be Arranged...🛵🚛🔴 Visit Our Shop :emobile Maharagama - emobile.lkEMOBILE (PVT) LTDNo.207/1/1C,High Level Road,Maharagama.(google ""emobile Maharagama"" for Direction)🔴 Business Hours :09:00 AM to 09:00 PM Weekdays & Saturday09.00 AM to 09.00 PM on Sundays(ඔබ කොළඹ නගරය තුළ සිටින අයෙකු නම්, පැය 3ක් වැනි කෙටි කාලයක් තුළදී භාණ්ඩය ඔබ වෙත ගෙන්වා ගත හැකි අතර එය ලැබුණු පසුව ගෙවීම් කළ හැක. | ඔබ ශ්‍රි ලංකාවේ වෙනත් ප්‍රදේශයක සිටින අයෙකු නම් පැය 24ක් තුළදී භාණ්ඩය ඔබ වෙත ගෙන්වා ගත හැක.)🔴☞ SAME DAY DELIVERY LOCATION - 🚩●Around COLOMBO 🚩●COLOMBO 🚩●BORELLA 🚩●KOLLOPITIYA 🚩●BAMBALAPITIYA 🚩●BATHTHARAMULLA 🚩 ●KOTTE 🚩●MALABE 🚩●BORELESGAMUWA 🚩●PILIYANDALA 🚩●NUGEGODA 🚩●MAHARAGAMA🚩●AVISSAWELLA 🚩●RATHNAPURA🚩●NEG0MBO 🚩●KADAWATHA 🚩●GAMPATHA 🚩●MORATUWA🚩●PANADURA 🚩●KALUTHARA 🚩●ATHUTHGAMA 🚩●GALLE 🚩●MATHARA ★ මෙම විශේෂ දීමනාව තොග අවසන් වනතුරු පමණයි. මෙම දීමනා මිලදී ගැනිමෙදි මෙම Post එක ඉදිරිපත් කරන්න.★"
Oscal Pad 90 8GB|128GB,"Rs 60,990",Unknown,https://ikman.lk/en/ad/oscal-pad-90-8gb128gb-for-sale-colombo-25,,,,"(Opposite To Gammana Road, Near By People's Leasing Maharagama , Sen-Saal Maharagama / Sampath Bank Super Branch Maharagama / Teaching Training College Maharagama) Parking Facility Available.(ගම්මාන පාර ඉදිරිපිට / පීපල්ස් ලීසින් මහරගම අසල / සෙන්-සාල් මහරගම අසල  /ගුරු විද්‍යාලය / මහරගම සම්පත් බැංකුව සුපර් ශාඛාව අසල) වාහන නැවතිමේ පහසුකම් ඇත.★ අපගේ www.emobile.lk වෙබ් අඩවියට පිවිසෙන්න. ★#Promotion_Price★ Oscal pad 90 (8GB RAM|128GB) - Rs.60,990/=🔴 DIRECT IMPORT / BRAND NEW / SEALED PACK / ORIGINAL / NON TRCSL APPROVED / 1 WEEK CHECKING WARRANTY.★Oscal pad 90 (8GB RAM|128GB) - Rs.61,990/=✔ 18 Month STAR CELIS Company Warranty.(Hardware & Software)✔ 100% Brand New Sealed Box With Untouched Original AccessoriesPrice Change Day By Day Call Us For The Best Price.දවසින් දවස මිල ගනන් වෙනස් වේ අඩුම මිල ගනන් සදහා අපව අමතන්න.🔴 KOKO PAYMENT AVAILABLE 👉 CREDIT CARD PAYMENTS ACCEPTED💳👉 NSTALLMENT PLAN AVAILABLE💳👉 Delivery can be Arranged...🛵🚛🔴 Visit Our Shop :emobile Maharagama - emobile.lkEMOBILE (PVT) LTDNo.207/1/1C,High Level Road,Maharagama.(google ""emobile Maharagama"" for Direction)🔴 Business Hours :09:00 AM to 09:00 PM Weekdays & Saturday09.00 AM to 09.00 PM on Sundays(ඔබ කොළඹ නගරය තුළ සිටින අයෙකු නම්, පැය 3ක් වැනි කෙටි කාලයක් තුළදී භාණ්ඩය ඔබ වෙත ගෙන්වා ගත හැකි අතර එය ලැබුණු පසුව ගෙවීම් කළ හැක. | ඔබ ශ්‍රි ලංකාවේ වෙනත් ප්‍රදේශයක සිටින අයෙකු නම් පැය 24ක් තුළදී භාණ්ඩය ඔබ වෙත ගෙන්වා ගත හැක.)🔴☞ SAME DAY DELIVERY LOCATION - 🚩●Around COLOMBO 🚩●COLOMBO 🚩●BORELLA 🚩●KOLLOPITIYA 🚩●BAMBALAPITIYA 🚩●BATHTHARAMULLA 🚩 ●KOTTE 🚩●MALABE 🚩●BORELESGAMUWA 🚩●PILIYANDALA 🚩●NUGEGODA 🚩●MAHARAGAMA🚩●AVISSAWELLA 🚩●RATHNAPURA🚩●NEG0MBO 🚩●KADAWATHA 🚩●GAMPATHA 🚩●MORATUWA🚩●PANADURA 🚩●KALUTHARA 🚩●ATHUTHGAMA 🚩●GALLE 🚩●MATHARA ★ මෙම විශේෂ දීමනාව තොග අවසන් වනතුරු පමණයි. මෙම දීමනා මිලදී ගැනිමෙදි මෙම Post එක ඉදිරිපත් කරන්න.★"
Oscal Pad 9 4GB|128GB,"Rs 51,990",Unknown,https://ikman.lk/en/ad/oscal-pad-9-4gb128gb-for-sale-colombo-27,,,,"(Opposite To Gammana Road, Near By People's Leasing Maharagama , Sen-Saal Maharagama / Sampath Bank Super Branch Maharagama / Teaching Training College Maharagama) Parking Facility Available.(ගම්මාන පාර ඉදිරිපිට / පීපල්ස් ලීසින් මහරගම අසල / සෙන්-සාල් මහරගම අසල  /ගුරු විද්‍යාලය / මහරගම සම්පත් බැංකුව සුපර් ශාඛාව අසල) වාහන නැවතිමේ පහසුකම් ඇත.★ අපගේ www.emobile.lk වෙබ් අඩවියට පිවිසෙන්න. ★#Promotion_Price★ Oscal pad 9 (4GB RAM|128GB) - Rs.51,990/=🔴 DIRECT IMPORT / BRAND NEW / SEALED PACK / ORIGINAL / NON TRCSL APPROVED / 1 WEEK CHECKING WARRANTY.★Oscal pad 9 (4GB RAM|128GB) - Rs.52,990/=✔ 18 Month STAR CELIS Company Warranty.(Hardware & Software)✔ 100% Brand New Sealed Box With Untouched Original AccessoriesPrice Change Day By Day Call Us For The Best Price.දවසින් දවස මිල ගනන් වෙනස් වේ අඩුම මිල ගනන් සදහා අපව අමතන්න.🔴 KOKO PAYMENT AVAILABLE 👉 CREDIT CARD PAYMENTS ACCEPTED💳👉 NSTALLMENT PLAN AVAILABLE💳👉 Delivery can be Arranged...🛵🚛🔴 Visit Our Shop :emobile Maharagama - emobile.lkEMOBILE (PVT) LTDNo.207/1/1C,High Level Road,Maharagama.(google ""emobile Maharagama"" for Direction)🔴 Business Hours :09:00 AM to 09:00 PM Weekdays & Saturday09.00 AM to 09.00 PM on Sundays(ඔබ කොළඹ නගරය තුළ සිටින අයෙකු නම්, පැය 3ක් වැනි කෙටි කාලයක් තුළදී භාණ්ඩය ඔබ වෙත ගෙන්වා ගත හැකි අතර එය ලැබුණු පසුව ගෙවීම් කළ හැක. | ඔබ ශ්‍රි ලංකාවේ වෙනත් ප්‍රදේශයක සිටින අයෙකු නම් පැය 24ක් තුළදී භාණ්ඩය ඔබ වෙත ගෙන්වා ගත හැක.)🔴☞ SAME DAY DELIVERY LOCATION - 🚩●Around COLOMBO 🚩●COLOMBO 🚩●BORELLA 🚩●KOLLOPITIYA 🚩●BAMBALAPITIYA 🚩●BATHTHARAMULLA 🚩 ●KOTTE 🚩●MALABE 🚩●BORELESGAMUWA 🚩●PILIYANDALA 🚩●NUGEGODA 🚩●MAHARAGAMA🚩●AVISSAWELLA 🚩●RATHNAPURA🚩●NEG0MBO 🚩●KADAWATHA 🚩●GAMPATHA 🚩●MORATUWA🚩●PANADURA 🚩●KALUTHARA 🚩●ATHUTHGAMA 🚩●GALLE 🚩●MATHARA ★ මෙම විශේෂ දීමනාව තොග අවසන් වනතුරු පමණයි. මෙම දීමනා මිලදී ගැනිමෙදි මෙම Post එක ඉදිරිපත් කරන්න.★"
TAB A11 4GB 64GB,"Rs 47,990",Unknown,https://ikman.lk/en/ad/tab-a11-4gb-64gb-for-sale-colombo-28,,,,"📍 **MOBILE STUDIO**🔆 BRAND NEW SEALED PACK.🔆 12 MONTHS WARRANTY🔆 100% ORIGINAL🔆 EXCHANGE POSSIBLE🔆 Card payment available for installment plans for selected cards only. Conditions apply.☀️ **CASH PRICE**🚨 **PLEASE NOTE:** Mobile prices are valid only when purchasing the total package (to avoid wholesale buyers).විශ්වාසවන්ත හා සුහදශීලී සේවාව සඳහා අප අමතන්න.★★★★★★ ★★★★★★ ★★★★★★# තරගකාරී මිල ගණන්# දුරකථන හුවමාරුව# ක්‍රෙඩිට් කාඩ් පත් මගින් ගෙවීම් හා තවත් ප්‍රතිලාභ රැසක්📞 **Call for more information****MOBILE STUDIO**📍 No. 250/42B, Ground Floor,Liberty Plaza,Colombo 03"
Oscal Pad 7 4GB|128GB,"Rs 51,490",Unknown,https://ikman.lk/en/ad/oscal-pad-7-4gb128gb-for-sale-colombo-17,,,,"(Opposite To Gammana Road, Near By People's Leasing Maharagama , Sen-Saal Maharagama / Sampath Bank Super Branch Maharagama / Teaching Training College Maharagama) Parking Facility Available.(ගම්මාන පාර ඉදිරිපිට / පීපල්ස් ලීසින් මහරගම අසල / සෙන්-සාල් මහරගම අසල  /ගුරු විද්‍යාලය / මහරගම සම්පත් බැංකුව සුපර් ශාඛාව අසල) වාහන නැවතිමේ පහසුකම් ඇත.★ අපගේ www.emobile.lk වෙබ් අඩවියට පිවිසෙන්න. ★#Promotion_Price★ Oscal pad 7 (4GB RAM|128GB) - Rs.51,490/=🔴 DIRECT IMPORT / BRAND NEW / SEALED PACK / ORIGINAL / NON TRCSL APPROVED / 1 WEEK CHECKING WARRANTY.★Oscal pad 7 (4GB RAM|128GB) - Rs.52,490/=✔ 18 Month STAR CELIS Company Warranty.(Hardware & Software)✔ 100% Brand New Sealed Box With Untouched Original AccessoriesPrice Change Day By Day Call Us For The Best Price.දවසින් දවස මිල ගනන් වෙනස් වේ අඩුම මිල ගනන් සදහා අපව අමතන්න.🔴 KOKO PAYMENT AVAILABLE 👉 CREDIT CARD PAYMENTS ACCEPTED💳👉 NSTALLMENT PLAN AVAILABLE💳👉 Delivery can be Arranged...🛵🚛🔴 Visit Our Shop :emobile Maharagama - emobile.lkEMOBILE (PVT) LTDNo.207/1/1C,High Level Road,Maharagama.(google ""emobile Maharagama"" for Direction)🔴 Business Hours :09:00 AM to 09:00 PM Weekdays & Saturday09.00 AM to 09.00 PM on Sundays(ඔබ කොළඹ නගරය තුළ සිටින අයෙකු නම්, පැය 3ක් වැනි කෙටි කාලයක් තුළදී භාණ්ඩය ඔබ වෙත ගෙන්වා ගත හැකි අතර එය ලැබුණු පසුව ගෙවීම් කළ හැක. | ඔබ ශ්‍රි ලංකාවේ වෙනත් ප්‍රදේශයක සිටින අයෙකු නම් පැය 24ක් තුළදී භාණ්ඩය ඔබ වෙත ගෙන්වා ගත හැක.)🔴☞ SAME DAY DELIVERY LOCATION - 🚩●Around COLOMBO 🚩●COLOMBO 🚩●BORELLA 🚩●KOLLOPITIYA 🚩●BAMBALAPITIYA 🚩●BATHTHARAMULLA 🚩 ●KOTTE 🚩●MALABE 🚩●BORELESGAMUWA 🚩●PILIYANDALA 🚩●NUGEGODA 🚩●MAHARAGAMA🚩●AVISSAWELLA 🚩●RATHNAPURA🚩●NEG0MBO 🚩●KADAWATHA 🚩●GAMPATHA 🚩●MORATUWA🚩●PANADURA 🚩●KALUTHARA 🚩●ATHUTHGAMA 🚩●GALLE 🚩●MATHARA ★ මෙම විශේෂ දීමනාව තොග අවසන් වනතුරු පමණයි. මෙම දීමනා මිලදී ගැනිමෙදි මෙම Post එක ඉදිරිපත් කරන්න.★"
Apple IPad Pro M5 Chip 11”inch - Wifi,"Rs 396,990",Unknown,https://ikman.lk/en/ad/apple-ipad-pro-m5-chip-11inch-wifi-for-sale-colombo,,,,Apple IPad Pro M5 Chip WiFi | BrandNew | Sealed Pack | Colours Available  Available Capacity :   256GB | 512GBOne Year Apple Care Warranty . Credit Card Accepted  • Installment Available ( Conditions Apply ) • Exchange Possible Note : Cash Price Only Price May Change For Regions & ColorsIsland wide Delivery Available Limited Stock 🔥🔥Feel Free to Call us before u Visit Store Hekto.lkNo - 1-25 1st FloorLiberty PlazaColombo - 03 Business Hours Monday - Saturday - 10:00AM - 07:30PMSunday & Poyaday  - 10:30AM - 05:00PM
‎Apple iPad 9th Gen (64GB - Wi-Fi + Cellular),"Rs 68,000",Unknown,https://ikman.lk/en/ad/apple-ipad-9th-gen-64gb-wi-fi-cellular-for-sale-colombo,,,,‎Apple iPad 9th Gen (64GB - Wi-Fi + Cellular) ‎ ‎Color: Silver‎ Storage: 64 GB‎ Connectivity: Wi-Fi + Cellular‎ Condition: Smooth performance | Touch ID 100% | Good battery health (3uTools report available)‎ ‎Includes:‎   - Original Charging Cable‎   - Wiwu Tempered Glass (already installed)‎   - Wiwu Tab Cover‎   - Stylus Pen
Apple IPad Air 8 M4 Chip 11”Inch - WiFi,"Rs 251,990",Unknown,https://ikman.lk/en/ad/apple-ipad-air-8-m4-chip-11inch-wifi-for-sale-colombo,,,,Apple IPad Air 8 M4 Chip WiFi  | BrandNew | Sealed Pack | Colours Available  Available Capacity :  128GB | 256GB One Year Apple Care Warranty . Credit Card Accepted  • Installment Available ( Conditions Apply ) • Exchange Possible Note : Cash Price Only Price May Change For Regions & ColorsIsland wide Delivery Available Limited Stock 🔥🔥Feel Free to Call us before u Visit Store Hekto.lkNo - 1-25 1st FloorLiberty PlazaColombo - 03 Business Hours Monday - Saturday - 10:00AM - 07:30PMSunday & Poyaday  - 10:30AM - 05:00PM
BDF S10 Tablet,"Rs 13,000",Unknown,https://ikman.lk/en/ad/bdf-s10-tab-used-for-sale-anuradhapura,,,,BDF S10 TABcapacity 64GBColour blue and white
Blackview Tab Mega 2 12GB|256GB,"Rs 87,490",Unknown,https://ikman.lk/en/ad/blackview-tab-mega-2-12gb256gb-for-sale-colombo-6,,,,"(Opposite To Gammana Road, Near By People's Leasing Maharagama , Sen-Saal Maharagama / Sampath Bank Super Branch Maharagama / Teaching Training College Maharagama) Parking Facility Available.(ගම්මාන පාර ඉදිරිපිට / පීපල්ස් ලීසින් මහරගම අසල / සෙන්-සාල් මහරගම අසල  /ගුරු විද්‍යාලය / මහරගම සම්පත් බැංකුව සුපර් ශාඛාව අසල) වාහන නැවතිමේ පහසුකම් ඇත.★ අපගේ www.emobile.lk වෙබ් අඩවියට පිවිසෙන්න. ★#Promotion_Price★ Black View Tab Mega 2 (12GB RAM|256GB) - Rs.87,490/=🔴 DIRECT IMPORT / BRAND NEW / SEALED PACK / ORIGINAL / NON TRCSL APPROVED / 1 WEEK CHECKING WARRANTY.★ Black View Tab Mega 2 (12GB RAM|256GB) - Rs.88,490/=✔ 18 Month NEXUS Company Warranty.(Hardware & Software)✔ 100% Brand New Sealed Box With Untouched Original AccessoriesPrice Change Day By Day Call Us For The Best Price.දවසින් දවස මිල ගනන් වෙනස් වේ අඩුම මිල ගනන් සදහා අපව අමතන්න.🔴 KOKO PAYMENT AVAILABLE 👉 CREDIT CARD PAYMENTS ACCEPTED💳👉 NSTALLMENT PLAN AVAILABLE💳👉 Delivery can be Arranged...🛵🚛🔴 Visit Our Shop :emobile Maharagama - emobile.lkEMOBILE (PVT) LTDNo.207/1/1C,High Level Road,Maharagama.(google ""emobile Maharagama"" for Direction)🔴 Business Hours :09:00 AM to 09:00 PM Weekdays & Saturday09.00 AM to 09.00 PM on Sundays(ඔබ කොළඹ නගරය තුළ සිටින අයෙකු නම්, පැය 3ක් වැනි කෙටි කාලයක් තුළදී භාණ්ඩය ඔබ වෙත ගෙන්වා ගත හැකි අතර එය ලැබුණු පසුව ගෙවීම් කළ හැක. | ඔබ ශ්‍රි ලංකාවේ වෙනත් ප්‍රදේශයක සිටින අයෙකු නම් පැය 24ක් තුළදී භාණ්ඩය ඔබ වෙත ගෙන්වා ගත හැක.)🔴☞ SAME DAY DELIVERY LOCATION - 🚩●Around COLOMBO 🚩●COLOMBO 🚩●BORELLA 🚩●KOLLOPITIYA 🚩●BAMBALAPITIYA 🚩●BATHTHARAMULLA 🚩 ●KOTTE 🚩●MALABE 🚩●BORELESGAMUWA 🚩●PILIYANDALA 🚩●NUGEGODA 🚩●MAHARAGAMA🚩●AVISSAWELLA 🚩●RATHNAPURA🚩●NEG0MBO 🚩●KADAWATHA 🚩●GAMPATHA 🚩●MORATUWA🚩●PANADURA 🚩●KALUTHARA 🚩●ATHUTHGAMA 🚩●GALLE 🚩●MATHARA ★ මෙම විශේෂ දීමනාව තොග අවසන් වනතුරු පමණයි. මෙම දීමනා මිලදී ගැනිමෙදි මෙම Post එක ඉදිරිපත් කරන්න.★"
Samsung Galaxy S10 PLUS 12GB 256GB With Ai Keyboard,"Rs 270,000",Unknown,https://ikman.lk/en/ad/samsung-galaxy-s10-plus-12gb-256gb-with-ai-keyboard-for-sale-colombo-5,,,,"‎⭕MOBILE CARE ‎‎🔰 Brand new Sealed Pack‎🔰 100% Genuine Products ‎🔰 Credit Card Payments Accepted.(Condition Apply)‎🔰 ⁠Prices will change according to color, country / region‎🔰After sales service and support will be provided‎🔰koko payment accepted ‎☆(SEYLAN BANK)‎●12 Months ‎●24 Months  ‎‎☆(COMMERCIAL BANK)‎●6 Months ‎●12 Months  ‎●18 Months ‎●24 Months ‎‎☆(SAMPATH BANK)‎●6 Months‎●12 Months ‎●24 Months‎●40 Months ‎‎♦️Cash on Delivery (Colombo Only)‎♦️Delivery & Pickup Loacation - Liberty Plaza Colombo 03 ‎‎For More Details Please Contact us or Visit  Showroom ‎MOBILE CARE ‎No 24,1ST FLOOR LIBERTY PLAZA COLOMBO 03‎‎‎Bussines hours‎10.00 AM - 07.30 PM"
Blackview Tab Zeno 10 6GB|128GB,"Rs 74,990",Unknown,https://ikman.lk/en/ad/blackview-tab-zeno-10-6gb128gb-for-sale-colombo-15,,,,"(Opposite To Gammana Road, Near By People's Leasing Maharagama , Sen-Saal Maharagama / Sampath Bank Super Branch Maharagama / Teaching Training College Maharagama) Parking Facility Available.(ගම්මාන පාර ඉදිරිපිට / පීපල්ස් ලීසින් මහරගම අසල / සෙන්-සාල් මහරගම අසල  /ගුරු විද්‍යාලය / මහරගම සම්පත් බැංකුව සුපර් ශාඛාව අසල) වාහන නැවතිමේ පහසුකම් ඇත.★ අපගේ www.emobile.lk වෙබ් අඩවියට පිවිසෙන්න. ★#Promotion_Price★ Black View Tab Zeno 10 (6GB RAM|128GB) - Rs.74,990/=🔴 DIRECT IMPORT / BRAND NEW / SEALED PACK / ORIGINAL / NON TRCSL APPROVED / 1 WEEK CHECKING WARRANTY.★ Black View Tab Zeno 10 (6GB RAM|128GB) - Rs.75,990/=✔ 18 Month NEXUS Company Warranty.(Hardware & Software)✔ 100% Brand New Sealed Box With Untouched Original AccessoriesPrice Change Day By Day Call Us For The Best Price.දවසින් දවස මිල ගනන් වෙනස් වේ අඩුම මිල ගනන් සදහා අපව අමතන්න.🔴 KOKO PAYMENT AVAILABLE 👉 CREDIT CARD PAYMENTS ACCEPTED💳👉 NSTALLMENT PLAN AVAILABLE💳👉 Delivery can be Arranged...🛵🚛🔴 Visit Our Shop :emobile Maharagama - emobile.lkEMOBILE (PVT) LTDNo.207/1/1C,High Level Road,Maharagama.(google ""emobile Maharagama"" for Direction)🔴 Business Hours :09:00 AM to 09:00 PM Weekdays & Saturday09.00 AM to 09.00 PM on Sundays(ඔබ කොළඹ නගරය තුළ සිටින අයෙකු නම්, පැය 3ක් වැනි කෙටි කාලයක් තුළදී භාණ්ඩය ඔබ වෙත ගෙන්වා ගත හැකි අතර එය ලැබුණු පසුව ගෙවීම් කළ හැක. | ඔබ ශ්‍රි ලංකාවේ වෙනත් ප්‍රදේශයක සිටින අයෙකු නම් පැය 24ක් තුළදී භාණ්ඩය ඔබ වෙත ගෙන්වා ගත හැක.)🔴☞ SAME DAY DELIVERY LOCATION - 🚩●Around COLOMBO 🚩●COLOMBO 🚩●BORELLA 🚩●KOLLOPITIYA 🚩●BAMBALAPITIYA 🚩●BATHTHARAMULLA 🚩 ●KOTTE 🚩●MALABE 🚩●BORELESGAMUWA 🚩●PILIYANDALA 🚩●NUGEGODA 🚩●MAHARAGAMA🚩●AVISSAWELLA 🚩●RATHNAPURA🚩●NEG0MBO 🚩●KADAWATHA 🚩●GAMPATHA 🚩●MORATUWA🚩●PANADURA 🚩●KALUTHARA 🚩●ATHUTHGAMA 🚩●GALLE 🚩●MATHARA ★ මෙම විශේෂ දීමනාව තොග අවසන් වනතුරු පමණයි. මෙම දීමනා මිලදී ගැනිමෙදි මෙම Post එක ඉදිරිපත් කරන්න.★"
Blackview Tab Zeno 5 8GB|128GB,"Rs 65,990",Unknown,https://ikman.lk/en/ad/blackview-tab-zeno-5-8gb128gb-for-sale-colombo-1,,,,"(Opposite To Gammana Road, Near By People's Leasing Maharagama , Sen-Saal Maharagama / Sampath Bank Super Branch Maharagama / Teaching Training College Maharagama) Parking Facility Available.(ගම්මාන පාර ඉදිරිපිට / පීපල්ස් ලීසින් මහරගම අසල / සෙන්-සාල් මහරගම අසල  /ගුරු විද්‍යාලය / මහරගම සම්පත් බැංකුව සුපර් ශාඛාව අසල) වාහන නැවතිමේ පහසුකම් ඇත.★ අපගේ www.emobile.lk වෙබ් අඩවියට පිවිසෙන්න. ★#Promotion_Price★ Black View Tab Zeno 5 (8GB RAM|128GB) - Rs.65,990/=🔴 DIRECT IMPORT / BRAND NEW / SEALED PACK / ORIGINAL / NON TRCSL APPROVED / 1 WEEK CHECKING WARRANTY.★ Black View Tab Zeno 5 (8GB RAM|128GB) - Rs.66,990/=✔ 18 Month NEXUS Company Warranty.(Hardware & Software)✔ 100% Brand New Sealed Box With Untouched Original AccessoriesPrice Change Day By Day Call Us For The Best Price.දවසින් දවස මිල ගනන් වෙනස් වේ අඩුම මිල ගනන් සදහා අපව අමතන්න.🔴 KOKO PAYMENT AVAILABLE 👉 CREDIT CARD PAYMENTS ACCEPTED💳👉 NSTALLMENT PLAN AVAILABLE💳👉 Delivery can be Arranged...🛵🚛🔴 Visit Our Shop :emobile Maharagama - emobile.lkEMOBILE (PVT) LTDNo.207/1/1C,High Level Road,Maharagama.(google ""emobile Maharagama"" for Direction)🔴 Business Hours :09:00 AM to 09:00 PM Weekdays & Saturday09.00 AM to 09.00 PM on Sundays(ඔබ කොළඹ නගරය තුළ සිටින අයෙකු නම්, පැය 3ක් වැනි කෙටි කාලයක් තුළදී භාණ්ඩය ඔබ වෙත ගෙන්වා ගත හැකි අතර එය ලැබුණු පසුව ගෙවීම් කළ හැක. | ඔබ ශ්‍රි ලංකාවේ වෙනත් ප්‍රදේශයක සිටින අයෙකු නම් පැය 24ක් තුළදී භාණ්ඩය ඔබ වෙත ගෙන්වා ගත හැක.)🔴☞ SAME DAY DELIVERY LOCATION - 🚩●Around COLOMBO 🚩●COLOMBO 🚩●BORELLA 🚩●KOLLOPITIYA 🚩●BAMBALAPITIYA 🚩●BATHTHARAMULLA 🚩 ●KOTTE 🚩●MALABE 🚩●BORELESGAMUWA 🚩●PILIYANDALA 🚩●NUGEGODA 🚩●MAHARAGAMA🚩●AVISSAWELLA 🚩●RATHNAPURA🚩●NEG0MBO 🚩●KADAWATHA 🚩●GAMPATHA 🚩●MORATUWA🚩●PANADURA 🚩●KALUTHARA 🚩●ATHUTHGAMA 🚩●GALLE 🚩●MATHARA ★ මෙම විශේෂ දීමනාව තොග අවසන් වනතුරු පමණයි. මෙම දීමනා මිලදී ගැනිමෙදි මෙම Post එක ඉදිරිපත් කරන්න.★"
Lenovo ThinkCentre M800/M900 SFF Core i5 6th Gen 8GB DDR4 256GB SSD,"Rs 49,500",Unknown,https://ikman.lk/en/ad/lenovo-thinkcentre-m800-m900-sff-core-i5-6th-gen-8gb-ddr4-256gb-ssd-for-sale-colombo-6,,,,"💻 Processor: Intel Core i5 6th Gen🧠 Memory: 8GB DDR4 RAM💾 Storage: 256GB SSD🎮 Graphics: Intel HD Graphics 530🌐 Connectivity: Gigabit LAN, USB 3.0, DisplayPort, VGA🖥️ Form Factor: Small Form Factor (SFF)💼 OS: Windows 10 Pro / Windows 11 Supported                                                                                                          🛡️ Warranty: 3 month  පැමිණීමට ප්‍රතම අවශ්‍ය අයිතම තොග තිබේදැයි විමසා බලා පැමිණීමට කාරුණික වන්න📞වැඩි විස්තර සඳහා උදෑසන 9.00 -සිට ප.ව 6.30 අතර අපව අමතන්න🏢Visit Our Shop at Max Core PC,18 Rev. Saranapala Mawatha, Piliyandala 10300"
Samsung Galaxy TAB S11 8/128GB,"Rs 235,935",Unknown,https://ikman.lk/en/ad/samsung-galaxy-tab-s11-8-128gb-for-sale-colombo,,,,"‎⭕MOBILE CARE ‎‎🔰 Brand new Sealed Pack‎🔰 100% Genuine Products ‎🔰 Credit Card Payments Accepted.(Condition Apply)‎🔰 ⁠Prices will change according to color, country / region‎🔰After sales service and support will be provided‎🔰koko payment accepted ‎☆(SEYLAN BANK)‎●12 Months ‎●24 Months  ‎‎☆(COMMERCIAL BANK)‎●6 Months ‎●12 Months  ‎●18 Months ‎●24 Months ‎‎☆(SAMPATH BANK)‎●6 Months‎●12 Months ‎●24 Months‎●40 Months ‎‎♦️Cash on Delivery (Colombo Only)‎♦️Delivery & Pickup Loacation - Liberty Plaza Colombo 03 ‎‎For More Details Please Contact us or Visit  Showroom ‎MOBILE CARE ‎No 24,1ST FLOOR LIBERTY PLAZA COLOMBO 03‎‎‎Bussines hours‎10.00 AM - 07.30 PM"
Samsung Galaxy TAB S10 PLUS 5G 12/256GB,"Rs 279,935",Unknown,https://ikman.lk/en/ad/samsung-galaxy-tab-s10-plus-5g-12-256gb-for-sale-colombo-11,,,,"‎⭕MOBILE CARE ‎‎🔰 Brand new Sealed Pack‎🔰 100% Genuine Products ‎🔰 Credit Card Payments Accepted.(Condition Apply)‎🔰 ⁠Prices will change according to color, country / region‎🔰After sales service and support will be provided‎🔰koko payment accepted ‎☆(SEYLAN BANK)‎●12 Months ‎●24 Months  ‎‎☆(COMMERCIAL BANK)‎●6 Months ‎●12 Months  ‎●18 Months ‎●24 Months ‎‎☆(SAMPATH BANK)‎●6 Months‎●12 Months ‎●24 Months‎●40 Months ‎‎♦️Cash on Delivery (Colombo Only)‎♦️Delivery & Pickup Loacation - Liberty Plaza Colombo 03 ‎‎For More Details Please Contact us or Visit  Showroom ‎MOBILE CARE ‎No 24,1ST FLOOR LIBERTY PLAZA COLOMBO 03‎‎‎Bussines hours‎10.00 AM - 07.30 PM"
Blackview Tab 60 Pro 4GB|128GB,"Rs 57,990",Unknown,https://ikman.lk/en/ad/blackview-tab-60-pro-4gb128gb-for-sale-colombo-103,,,,"(Opposite To Gammana Road, Near By People's Leasing Maharagama , Sen-Saal Maharagama / Sampath Bank Super Branch Maharagama / Teaching Training College Maharagama) Parking Facility Available.(ගම්මාන පාර ඉදිරිපිට / පීපල්ස් ලීසින් මහරගම අසල / සෙන්-සාල් මහරගම අසල  /ගුරු විද්‍යාලය / මහරගම සම්පත් බැංකුව සුපර් ශාඛාව අසල) වාහන නැවතිමේ පහසුකම් ඇත.★ අපගේ www.emobile.lk වෙබ් අඩවියට පිවිසෙන්න. ★#Promotion_Price★ Black View Tab 60 Pro (4GB RAM|128GB) - Rs.57,990/=🔴 DIRECT IMPORT / BRAND NEW / SEALED PACK / ORIGINAL / NON TRCSL APPROVED / 1 WEEK CHECKING WARRANTY.★ Black View Tab 60 Pro (4GB RAM|128GB) - Rs.58,990/=✔ 18 Month NEXUS Company Warranty.(Hardware & Software)✔ 100% Brand New Sealed Box With Untouched Original AccessoriesPrice Change Day By Day Call Us For The Best Price.දවසින් දවස මිල ගනන් වෙනස් වේ අඩුම මිල ගනන් සදහා අපව අමතන්න.🔴 KOKO PAYMENT AVAILABLE 👉 CREDIT CARD PAYMENTS ACCEPTED💳👉 NSTALLMENT PLAN AVAILABLE💳👉 Delivery can be Arranged...🛵🚛🔴 Visit Our Shop :emobile Maharagama - emobile.lkEMOBILE (PVT) LTDNo.207/1/1C,High Level Road,Maharagama.(google ""emobile Maharagama"" for Direction)🔴 Business Hours :09:00 AM to 09:00 PM Weekdays & Saturday09.00 AM to 09.00 PM on Sundays(ඔබ කොළඹ නගරය තුළ සිටින අයෙකු නම්, පැය 3ක් වැනි කෙටි කාලයක් තුළදී භාණ්ඩය ඔබ වෙත ගෙන්වා ගත හැකි අතර එය ලැබුණු පසුව ගෙවීම් කළ හැක. | ඔබ ශ්‍රි ලංකාවේ වෙනත් ප්‍රදේශයක සිටින අයෙකු නම් පැය 24ක් තුළදී භාණ්ඩය ඔබ වෙත ගෙන්වා ගත හැක.)🔴☞ SAME DAY DELIVERY LOCATION - 🚩●Around COLOMBO 🚩●COLOMBO 🚩●BORELLA 🚩●KOLLOPITIYA 🚩●BAMBALAPITIYA 🚩●BATHTHARAMULLA 🚩 ●KOTTE 🚩●MALABE 🚩●BORELESGAMUWA 🚩●PILIYANDALA 🚩●NUGEGODA 🚩●MAHARAGAMA🚩●AVISSAWELLA 🚩●RATHNAPURA🚩●NEG0MBO 🚩●KADAWATHA 🚩●GAMPATHA 🚩●MORATUWA🚩●PANADURA 🚩●KALUTHARA 🚩●ATHUTHGAMA 🚩●GALLE 🚩●MATHARA ★ මෙම විශේෂ දීමනාව තොග අවසන් වනතුරු පමණයි. මෙම දීමනා මිලදී ගැනිමෙදි මෙම Post එක ඉදිරිපත් කරන්න.★"
Samsung Galaxy TAB S10 PLUS 12/256GB,"Rs 234,935",Unknown,https://ikman.lk/en/ad/samsung-galaxy-tab-s10-plus-12-256gb-for-sale-colombo-57,,,,"‎⭕MOBILE CARE ‎‎🔰 Brand new Sealed Pack‎🔰 100% Genuine Products ‎🔰 Credit Card Payments Accepted.(Condition Apply)‎🔰 ⁠Prices will change according to color, country / region‎🔰After sales service and support will be provided‎🔰koko payment accepted ‎☆(SEYLAN BANK)‎●12 Months ‎●24 Months  ‎‎☆(COMMERCIAL BANK)‎●6 Months ‎●12 Months  ‎●18 Months ‎●24 Months ‎‎☆(SAMPATH BANK)‎●6 Months‎●12 Months ‎●24 Months‎●40 Months ‎‎♦️Cash on Delivery (Colombo Only)‎♦️Delivery & Pickup Loacation - Liberty Plaza Colombo 03 ‎‎For More Details Please Contact us or Visit  Showroom ‎MOBILE CARE ‎No 24,1ST FLOOR LIBERTY PLAZA COLOMBO 03‎‎‎Bussines hours‎10.00 AM - 07.30 PM"
Tab S10 FE Plus 5G 12/256GB,"Rs 224,935",Unknown,https://ikman.lk/en/ad/tab-s10-fe-plus-5g-12-256gb-for-sale-colombo-13,,,,"‎⭕MOBILE CARE ‎‎🔰 Brand new Sealed Pack‎🔰 100% Genuine Products ‎🔰 Credit Card Payments Accepted.(Condition Apply)‎🔰 ⁠Prices will change according to color, country / region‎🔰After sales service and support will be provided‎🔰koko payment accepted ‎☆(SEYLAN BANK)‎●12 Months ‎●24 Months  ‎‎☆(COMMERCIAL BANK)‎●6 Months ‎●12 Months  ‎●18 Months ‎●24 Months ‎‎☆(SAMPATH BANK)‎●6 Months‎●12 Months ‎●24 Months‎●40 Months ‎‎♦️Cash on Delivery (Colombo Only)‎♦️Delivery & Pickup Loacation - Liberty Plaza Colombo 03 ‎‎For More Details Please Contact us or Visit  Showroom ‎MOBILE CARE ‎No 24,1ST FLOOR LIBERTY PLAZA COLOMBO 03‎‎‎Bussines hours‎10.00 AM - 07.30 PM"
Tab S10 FE Plus 12/256GB,"Rs 183,958",Unknown,https://ikman.lk/en/ad/tab-s10-fe-plus-12-256gb-for-sale-colombo-14,,,,"‎⭕MOBILE CARE ‎‎🔰 Brand new Sealed Pack‎🔰 100% Genuine Products ‎🔰 Credit Card Payments Accepted.(Condition Apply)‎🔰 ⁠Prices will change according to color, country / region‎🔰After sales service and support will be provided‎🔰koko payment accepted ‎☆(SEYLAN BANK)‎●12 Months ‎●24 Months  ‎‎☆(COMMERCIAL BANK)‎●6 Months ‎●12 Months  ‎●18 Months ‎●24 Months ‎‎☆(SAMPATH BANK)‎●6 Months‎●12 Months ‎●24 Months‎●40 Months ‎‎♦️Cash on Delivery (Colombo Only)‎♦️Delivery & Pickup Loacation - Liberty Plaza Colombo 03 ‎‎For More Details Please Contact us or Visit  Showroom ‎MOBILE CARE ‎No 24,1ST FLOOR LIBERTY PLAZA COLOMBO 03‎‎‎Bussines hours‎10.00 AM - 07.30 PM"
Blackview Tab Link 2 WIFI 4GB|64GB,"Rs 41,490",Unknown,https://ikman.lk/en/ad/blackview-tab-link-2-wifi-4gb64gb-for-sale-colombo-1,,,,"(Opposite To Gammana Road, Near By People's Leasing Maharagama , Sen-Saal Maharagama / Sampath Bank Super Branch Maharagama / Teaching Training College Maharagama) Parking Facility Available.(ගම්මාන පාර ඉදිරිපිට / පීපල්ස් ලීසින් මහරගම අසල / සෙන්-සාල් මහරගම අසල  /ගුරු විද්‍යාලය / මහරගම සම්පත් බැංකුව සුපර් ශාඛාව අසල) වාහන නැවතිමේ පහසුකම් ඇත.★ අපගේ www.emobile.lk වෙබ් අඩවියට පිවිසෙන්න. ★#Promotion_Price★ Black View Tab Link 2(WIFI) (4GB RAM|64GB) - Rs.41,490/=🔴 DIRECT IMPORT / BRAND NEW / SEALED PACK / ORIGINAL / NON TRCSL APPROVED / 1 WEEK CHECKING WARRANTY.★ Black View Tab Link 2(WIFI) (4GB RAM|64GB)  - Rs.42,490/=✔ 18 Month NEXUS Company Warranty.(Hardware & Software)✔ 100% Brand New Sealed Box With Untouched Original AccessoriesPrice Change Day By Day Call Us For The Best Price.දවසින් දවස මිල ගනන් වෙනස් වේ අඩුම මිල ගනන් සදහා අපව අමතන්න.🔴 KOKO PAYMENT AVAILABLE 👉 CREDIT CARD PAYMENTS ACCEPTED💳👉 NSTALLMENT PLAN AVAILABLE💳👉 Delivery can be Arranged...🛵🚛🔴 Visit Our Shop :emobile Maharagama - emobile.lkEMOBILE (PVT) LTDNo.207/1/1C,High Level Road,Maharagama.(google ""emobile Maharagama"" for Direction)🔴 Business Hours :09:00 AM to 09:00 PM Weekdays & Saturday09.00 AM to 09.00 PM on Sundays(ඔබ කොළඹ නගරය තුළ සිටින අයෙකු නම්, පැය 3ක් වැනි කෙටි කාලයක් තුළදී භාණ්ඩය ඔබ වෙත ගෙන්වා ගත හැකි අතර එය ලැබුණු පසුව ගෙවීම් කළ හැක. | ඔබ ශ්‍රි ලංකාවේ වෙනත් ප්‍රදේශයක සිටින අයෙකු නම් පැය 24ක් තුළදී භාණ්ඩය ඔබ වෙත ගෙන්වා ගත හැක.)🔴☞ SAME DAY DELIVERY LOCATION - 🚩●Around COLOMBO 🚩●COLOMBO 🚩●BORELLA 🚩●KOLLOPITIYA 🚩●BAMBALAPITIYA 🚩●BATHTHARAMULLA 🚩 ●KOTTE 🚩●MALABE 🚩●BORELESGAMUWA 🚩●PILIYANDALA 🚩●NUGEGODA 🚩●MAHARAGAMA🚩●AVISSAWELLA 🚩●RATHNAPURA🚩●NEG0MBO 🚩●KADAWATHA 🚩●GAMPATHA 🚩●MORATUWA🚩●PANADURA 🚩●KALUTHARA 🚩●ATHUTHGAMA 🚩●GALLE 🚩●MATHARA ★ මෙම විශේෂ දීමනාව තොග අවසන් වනතුරු පමණයි. මෙම දීමනා මිලදී ගැනිමෙදි මෙම Post එක ඉදිරිපත් කරන්න.★"
TAB S10 FE Plus 5G 8/128GB,"Rs 183,935",Unknown,https://ikman.lk/en/ad/tab-s10-fe-plus-5g-8-128gb-for-sale-colombo-16,,,,"‎⭕MOBILE CARE ‎‎🔰 Brand new Sealed Pack‎🔰 100% Genuine Products ‎🔰 Credit Card Payments Accepted.(Condition Apply)‎🔰 ⁠Prices will change according to color, country / region‎🔰After sales service and support will be provided‎🔰koko payment accepted ‎☆(SEYLAN BANK)‎●12 Months ‎●24 Months  ‎‎☆(COMMERCIAL BANK)‎●6 Months ‎●12 Months  ‎●18 Months ‎●24 Months ‎‎☆(SAMPATH BANK)‎●6 Months‎●12 Months ‎●24 Months‎●40 Months ‎‎♦️Cash on Delivery (Colombo Only)‎♦️Delivery & Pickup Loacation - Liberty Plaza Colombo 03 ‎‎For More Details Please Contact us or Visit  Showroom ‎MOBILE CARE ‎No 24,1ST FLOOR LIBERTY PLAZA COLOMBO 03‎‎‎Bussines hours‎10.00 AM - 07.30 PM"
Samsung Galaxy Tab S10 FE PLUS 8/128GB,"Rs 158,935",Unknown,https://ikman.lk/en/ad/samsung-galaxy-tab-s10-fe-plus-8-128gb-for-sale-colombo-70,,,,"‎⭕MOBILE CARE ‎‎🔰 Brand new Sealed Pack‎🔰 100% Genuine Products ‎🔰 Credit Card Payments Accepted.(Condition Apply)‎🔰 ⁠Prices will change according to color, country / region‎🔰After sales service and support will be provided‎🔰koko payment accepted ‎☆(SEYLAN BANK)‎●12 Months ‎●24 Months  ‎‎☆(COMMERCIAL BANK)‎●6 Months ‎●12 Months  ‎●18 Months ‎●24 Months ‎‎☆(SAMPATH BANK)‎●6 Months‎●12 Months ‎●24 Months‎●40 Months ‎‎♦️Cash on Delivery (Colombo Only)‎♦️Delivery & Pickup Loacation - Liberty Plaza Colombo 03 ‎‎For More Details Please Contact us or Visit  Showroom ‎MOBILE CARE ‎No 24,1ST FLOOR LIBERTY PLAZA COLOMBO 03‎‎‎Bussines hours‎10.00 AM - 07.30 PM"
Tab S10 FE 5G 12/256GB,"Rs 194,935",Unknown,https://ikman.lk/en/ad/tab-s10-fe-5g-12-256gb-for-sale-colombo-17,,,,"‎⭕MOBILE CARE ‎‎🔰 Brand new Sealed Pack‎🔰 100% Genuine Products ‎🔰 Credit Card Payments Accepted.(Condition Apply)‎🔰 ⁠Prices will change according to color, country / region‎🔰After sales service and support will be provided‎🔰koko payment accepted ‎☆(SEYLAN BANK)‎●12 Months ‎●24 Months  ‎‎☆(COMMERCIAL BANK)‎●6 Months ‎●12 Months  ‎●18 Months ‎●24 Months ‎‎☆(SAMPATH BANK)‎●6 Months‎●12 Months ‎●24 Months‎●40 Months ‎‎♦️Cash on Delivery (Colombo Only)‎♦️Delivery & Pickup Loacation - Liberty Plaza Colombo 03 ‎‎For More Details Please Contact us or Visit  Showroom ‎MOBILE CARE ‎No 24,1ST FLOOR LIBERTY PLAZA COLOMBO 03‎‎‎Bussines hours‎10.00 AM - 07.30 PM"
Samsung Tab S10 FE 12/256GB,"Rs 148,935",Unknown,https://ikman.lk/en/ad/samsung-tab-s10-fe-12-256gb-for-sale-colombo-6,,,,"‎⭕MOBILE CARE ‎‎🔰 Brand new Sealed Pack‎🔰 100% Genuine Products ‎🔰 Credit Card Payments Accepted.(Condition Apply)‎🔰 ⁠Prices will change according to color, country / region‎🔰After sales service and support will be provided‎🔰koko payment accepted ‎☆(SEYLAN BANK)‎●12 Months ‎●24 Months  ‎‎☆(COMMERCIAL BANK)‎●6 Months ‎●12 Months  ‎●18 Months ‎●24 Months ‎‎☆(SAMPATH BANK)‎●6 Months‎●12 Months ‎●24 Months‎●40 Months ‎‎♦️Cash on Delivery (Colombo Only)‎♦️Delivery & Pickup Loacation - Liberty Plaza Colombo 03 ‎‎For More Details Please Contact us or Visit  Showroom ‎MOBILE CARE ‎No 24,1ST FLOOR LIBERTY PLAZA COLOMBO 03‎‎‎Bussines hours‎10.00 AM - 07.30 PM"
Tab S10 FE 5G 8/128GB,"Rs 154,935",Unknown,https://ikman.lk/en/ad/tab-s10-fe-5g-8-128gb-for-sale-colombo-16,,,,"‎⭕MOBILE CARE ‎‎🔰 Brand new Sealed Pack‎🔰 100% Genuine Products ‎🔰 Credit Card Payments Accepted.(Condition Apply)‎🔰 ⁠Prices will change according to color, country / region‎🔰After sales service and support will be provided‎🔰koko payment accepted ‎☆(SEYLAN BANK)‎●12 Months ‎●24 Months  ‎‎☆(COMMERCIAL BANK)‎●6 Months ‎●12 Months  ‎●18 Months ‎●24 Months ‎‎☆(SAMPATH BANK)‎●6 Months‎●12 Months ‎●24 Months‎●40 Months ‎‎♦️Cash on Delivery (Colombo Only)‎♦️Delivery & Pickup Loacation - Liberty Plaza Colombo 03 ‎‎For More Details Please Contact us or Visit  Showroom ‎MOBILE CARE ‎No 24,1ST FLOOR LIBERTY PLAZA COLOMBO 03‎‎‎Bussines hours‎10.00 AM - 07.30 PM"
Greentel Tab A10 Pro 4GB|128GB,"Rs 53,490",Unknown,https://ikman.lk/en/ad/greentel-tab-a10-pro-4gb128gb-for-sale-colombo-15,,,,"(Opposite To Gammana Road, Near By People's Leasing Maharagama , Sen-Saal Maharagama / Sampath Bank Super Branch Maharagama / Teaching Training College Maharagama) Parking Facility Available.(ගම්මාන පාර ඉදිරිපිට / පීපල්ස් ලීසින් මහරගම අසල / සෙන්-සාල් මහරගම අසල  /ගුරු විද්‍යාලය / මහරගම සම්පත් බැංකුව සුපර් ශාඛාව අසල) වාහන නැවතිමේ පහසුකම් ඇත.★ අපගේ www.emobile.lk වෙබ් අඩවියට පිවිසෙන්න. ★#Promotion_Price★ Greentel Tab A10 Pro  (4GB RAM|128GB) - Rs.53,490/=🔴 DIRECT IMPORT / BRAND NEW / SEALED PACK / ORIGINAL / NON TRCSL APPROVED / 1 WEEK CHECKING WARRANTY.★Greentel Tab A10 Pro  (4GB RAM|128GB) - Rs.54,490/=✔ 18 Month NEXUS Company Warranty.(Hardware & Software)✔ 100% Brand New Sealed Box With Untouched Original AccessoriesPrice Change Day By Day Call Us For The Best Price.දවසින් දවස මිල ගනන් වෙනස් වේ අඩුම මිල ගනන් සදහා අපව අමතන්න.🔴 KOKO PAYMENT AVAILABLE 👉 CREDIT CARD PAYMENTS ACCEPTED💳👉 NSTALLMENT PLAN AVAILABLE💳👉 Delivery can be Arranged...🛵🚛🔴 Visit Our Shop :emobile Maharagama - emobile.lkEMOBILE (PVT) LTDNo.207/1/1C,High Level Road,Maharagama.(google ""emobile Maharagama"" for Direction)🔴 Business Hours :09:00 AM to 09:00 PM Weekdays & Saturday09.00 AM to 09.00 PM on Sundays(ඔබ කොළඹ නගරය තුළ සිටින අයෙකු නම්, පැය 3ක් වැනි කෙටි කාලයක් තුළදී භාණ්ඩය ඔබ වෙත ගෙන්වා ගත හැකි අතර එය ලැබුණු පසුව ගෙවීම් කළ හැක. | ඔබ ශ්‍රි ලංකාවේ වෙනත් ප්‍රදේශයක සිටින අයෙකු නම් පැය 24ක් තුළදී භාණ්ඩය ඔබ වෙත ගෙන්වා ගත හැක.)🔴☞ SAME DAY DELIVERY LOCATION - 🚩●Around COLOMBO 🚩●COLOMBO 🚩●BORELLA 🚩●KOLLOPITIYA 🚩●BAMBALAPITIYA 🚩●BATHTHARAMULLA 🚩 ●KOTTE 🚩●MALABE 🚩●BORELESGAMUWA 🚩●PILIYANDALA 🚩●NUGEGODA 🚩●MAHARAGAMA🚩●AVISSAWELLA 🚩●RATHNAPURA🚩●NEG0MBO 🚩●KADAWATHA 🚩●GAMPATHA 🚩●MORATUWA🚩●PANADURA 🚩●KALUTHARA 🚩●ATHUTHGAMA 🚩●GALLE 🚩●MATHARA ★ මෙම විශේෂ දීමනාව තොග අවසන් වනතුරු පමණයි. මෙම දීමනා මිලදී ගැනිමෙදි මෙම Post එක ඉදිරිපත් කරන්න.★"
Samsung Galaxy Tab S10 FE Wifi 8/128GB,"Rs 124,935",Unknown,https://ikman.lk/en/ad/samsung-galaxy-tab-s10-fe-wifi-8-128gb-for-sale-colombo-4,,,,"‎⭕MOBILE CARE ‎‎🔰 Brand new Sealed Pack‎🔰 100% Genuine Products ‎🔰 Credit Card Payments Accepted.(Condition Apply)‎🔰 ⁠Prices will change according to color, country / region‎🔰After sales service and support will be provided‎🔰koko payment accepted ‎☆(SEYLAN BANK)‎●12 Months ‎●24 Months  ‎‎☆(COMMERCIAL BANK)‎●6 Months ‎●12 Months  ‎●18 Months ‎●24 Months ‎‎☆(SAMPATH BANK)‎●6 Months‎●12 Months ‎●24 Months‎●40 Months ‎‎♦️Cash on Delivery (Colombo Only)‎♦️Delivery & Pickup Loacation - Liberty Plaza Colombo 03 ‎‎For More Details Please Contact us or Visit  Showroom ‎MOBILE CARE ‎No 24,1ST FLOOR LIBERTY PLAZA COLOMBO 03‎‎‎Bussines hours‎10.00 AM - 07.30 PM"
Greentel Tab A9 Pro 4GB|64GB,"Rs 39,990",Unknown,https://ikman.lk/en/ad/greentel-tab-a9-pro-4gb64gb-for-sale-colombo-16,,,,"(Opposite To Gammana Road, Near By People's Leasing Maharagama , Sen-Saal Maharagama / Sampath Bank Super Branch Maharagama / Teaching Training College Maharagama) Parking Facility Available.(ගම්මාන පාර ඉදිරිපිට / පීපල්ස් ලීසින් මහරගම අසල / සෙන්-සාල් මහරගම අසල  /ගුරු විද්‍යාලය / මහරගම සම්පත් බැංකුව සුපර් ශාඛාව අසල) වාහන නැවතිමේ පහසුකම් ඇත.★ අපගේ www.emobile.lk වෙබ් අඩවියට පිවිසෙන්න. ★#Promotion_Price★ Greentel Tab A9 Pro  (4GB RAM|64GB) - Rs.39,990/=🔴 DIRECT IMPORT / BRAND NEW / SEALED PACK / ORIGINAL / NON TRCSL APPROVED / 1 WEEK CHECKING WARRANTY.★Greentel Tab A9 Pro  (4GB RAM|64GB) - Rs.40,990/=✔ 18 Month NEXUS Company Warranty.(Hardware & Software)✔ 100% Brand New Sealed Box With Untouched Original AccessoriesPrice Change Day By Day Call Us For The Best Price.දවසින් දවස මිල ගනන් වෙනස් වේ අඩුම මිල ගනන් සදහා අපව අමතන්න.🔴 KOKO PAYMENT AVAILABLE 👉 CREDIT CARD PAYMENTS ACCEPTED💳👉 NSTALLMENT PLAN AVAILABLE💳👉 Delivery can be Arranged...🛵🚛🔴 Visit Our Shop :emobile Maharagama - emobile.lkEMOBILE (PVT) LTDNo.207/1/1C,High Level Road,Maharagama.(google ""emobile Maharagama"" for Direction)🔴 Business Hours :09:00 AM to 09:00 PM Weekdays & Saturday09.00 AM to 09.00 PM on Sundays(ඔබ කොළඹ නගරය තුළ සිටින අයෙකු නම්, පැය 3ක් වැනි කෙටි කාලයක් තුළදී භාණ්ඩය ඔබ වෙත ගෙන්වා ගත හැකි අතර එය ලැබුණු පසුව ගෙවීම් කළ හැක. | ඔබ ශ්‍රි ලංකාවේ වෙනත් ප්‍රදේශයක සිටින අයෙකු නම් පැය 24ක් තුළදී භාණ්ඩය ඔබ වෙත ගෙන්වා ගත හැක.)🔴☞ SAME DAY DELIVERY LOCATION - 🚩●Around COLOMBO 🚩●COLOMBO 🚩●BORELLA 🚩●KOLLOPITIYA 🚩●BAMBALAPITIYA 🚩●BATHTHARAMULLA 🚩 ●KOTTE 🚩●MALABE 🚩●BORELESGAMUWA 🚩●PILIYANDALA 🚩●NUGEGODA 🚩●MAHARAGAMA🚩●AVISSAWELLA 🚩●RATHNAPURA🚩●NEG0MBO 🚩●KADAWATHA 🚩●GAMPATHA 🚩●MORATUWA🚩●PANADURA 🚩●KALUTHARA 🚩●ATHUTHGAMA 🚩●GALLE 🚩●MATHARA ★ මෙම විශේෂ දීමනාව තොග අවසන් වනතුරු පමණයි. මෙම දීමනා මිලදී ගැනිමෙදි මෙම Post එක ඉදිරිපත් කරන්න."
Samsung Tab S10 Lite 5G 6/128GB,"Rs 122,935",Unknown,https://ikman.lk/en/ad/samsung-tab-s10-lite-5g-6-128gb-for-sale-colombo-1,,,,"‎⭕MOBILE CARE ‎‎🔰 Brand new Sealed Pack‎🔰 100% Genuine Products ‎🔰 Credit Card Payments Accepted.(Condition Apply)‎🔰 ⁠Prices will change according to color, country / region‎🔰After sales service and support will be provided‎🔰koko payment accepted ‎☆(SEYLAN BANK)‎●12 Months ‎●24 Months  ‎‎☆(COMMERCIAL BANK)‎●6 Months ‎●12 Months  ‎●18 Months ‎●24 Months ‎‎☆(SAMPATH BANK)‎●6 Months‎●12 Months ‎●24 Months‎●40 Months ‎‎♦️Cash on Delivery (Colombo Only)‎♦️Delivery & Pickup Loacation - Liberty Plaza Colombo 03 ‎‎For More Details Please Contact us or Visit  Showroom ‎MOBILE CARE ‎No 24,1ST FLOOR LIBERTY PLAZA COLOMBO 03‎‎‎Bussines hours‎10.00 AM - 07.30 PM"
Samsung Tab S10 LITE 6/128GB,"Rs 103,935",Unknown,https://ikman.lk/en/ad/samsung-tab-s10-lite-6-128gb-for-sale-colombo-1,,,,"‎⭕MOBILE CARE ‎‎🔰 Brand new Sealed Pack‎🔰 100% Genuine Products ‎🔰 Credit Card Payments Accepted.(Condition Apply)‎🔰 ⁠Prices will change according to color, country / region‎🔰After sales service and support will be provided‎🔰koko payment accepted ‎☆(SEYLAN BANK)‎●12 Months ‎●24 Months  ‎‎☆(COMMERCIAL BANK)‎●6 Months ‎●12 Months  ‎●18 Months ‎●24 Months ‎‎☆(SAMPATH BANK)‎●6 Months‎●12 Months ‎●24 Months‎●40 Months ‎‎♦️Cash on Delivery (Colombo Only)‎♦️Delivery & Pickup Loacation - Liberty Plaza Colombo 03 ‎‎For More Details Please Contact us or Visit  Showroom ‎MOBILE CARE ‎No 24,1ST FLOOR LIBERTY PLAZA COLOMBO 03‎‎‎Bussines hours‎10.00 AM - 07.30 PM"
TAB A11 Plus 6/128GB,"Rs 84,925",Unknown,https://ikman.lk/en/ad/tab-a11-plus-6-128gb-for-sale-colombo-19,,,,"‎⭕MOBILE CARE ‎‎🔰 Brand new Sealed Pack‎🔰 100% Genuine Products ‎🔰 Credit Card Payments Accepted.(Condition Apply)‎🔰 ⁠Prices will change according to color, country / region‎🔰After sales service and support will be provided‎🔰koko payment accepted ‎☆(SEYLAN BANK)‎●12 Months ‎●24 Months  ‎‎☆(COMMERCIAL BANK)‎●6 Months ‎●12 Months  ‎●18 Months ‎●24 Months ‎‎☆(SAMPATH BANK)‎●6 Months‎●12 Months ‎●24 Months‎●40 Months ‎‎♦️Cash on Delivery (Colombo Only)‎♦️Delivery & Pickup Loacation - Liberty Plaza Colombo 03 ‎‎For More Details Please Contact us or Visit  Showroom ‎MOBILE CARE ‎No 24,1ST FLOOR LIBERTY PLAZA COLOMBO 03‎‎‎Bussines hours‎10.00 AM - 07.30 PM"
TAB A11 Plus 8/256GB,"Rs 103,958",Unknown,https://ikman.lk/en/ad/tab-a11-plus-8-256gb-for-sale-colombo-20,,,,"‎⭕MOBILE CARE ‎‎🔰 Brand new Sealed Pack‎🔰 100% Genuine Products ‎🔰 Credit Card Payments Accepted.(Condition Apply)‎🔰 ⁠Prices will change according to color, country / region‎🔰After sales service and support will be provided‎🔰koko payment accepted ‎☆(SEYLAN BANK)‎●12 Months ‎●24 Months  ‎‎☆(COMMERCIAL BANK)‎●6 Months ‎●12 Months  ‎●18 Months ‎●24 Months ‎‎☆(SAMPATH BANK)‎●6 Months‎●12 Months ‎●24 Months‎●40 Months ‎‎♦️Cash on Delivery (Colombo Only)‎♦️Delivery & Pickup Loacation - Liberty Plaza Colombo 03 ‎‎For More Details Please Contact us or Visit  Showroom ‎MOBILE CARE ‎No 24,1ST FLOOR LIBERTY PLAZA COLOMBO 03‎‎‎Bussines hours‎10.00 AM - 07.30 PM"
Samsung Tab A11 8/128GB,"Rs 62,920",Unknown,https://ikman.lk/en/ad/samsung-tab-a11-8-128gb-for-sale-colombo-2,,,,"‎⭕MOBILE CARE ‎‎🔰 Brand new Sealed Pack‎🔰 100% Genuine Products ‎🔰 Credit Card Payments Accepted.(Condition Apply)‎🔰 ⁠Prices will change according to color, country / region‎🔰After sales service and support will be provided‎🔰koko payment accepted ‎☆(SEYLAN BANK)‎●12 Months ‎●24 Months  ‎‎☆(COMMERCIAL BANK)‎●6 Months ‎●12 Months  ‎●18 Months ‎●24 Months ‎‎☆(SAMPATH BANK)‎●6 Months‎●12 Months ‎●24 Months‎●40 Months ‎‎♦️Cash on Delivery (Colombo Only)‎♦️Delivery & Pickup Loacation - Liberty Plaza Colombo 03 ‎‎For More Details Please Contact us or Visit  Showroom ‎MOBILE CARE ‎No 24,1ST FLOOR LIBERTY PLAZA COLOMBO 03‎‎‎Bussines hours‎10.00 AM - 07.30 PM"
TAB S10 FE Plus,"Rs 214,990",Unknown,https://ikman.lk/en/ad/tab-s10-fe-plus-for-sale-colombo-1,,,,"📍 **MOBILE STUDIO**🔆 BRAND NEW SEALED PACK🔆 12 MONTHS WARRANTY🔆 100% ORIGINAL🔆 EXCHANGE POSSIBLE🔆 Card payment available for installment plans for selected cards only. Conditions apply.☀️ **CASH PRICE**🚨 **PLEASE NOTE:** Mobile prices are valid only when purchasing the total package (to avoid wholesale buyers).විශ්වාසවන්ත හා සුහදශීලී සේවාව සඳහා අප අමතන්න.★★★★★★ ★★★★★★ ★★★★★★# තරගකාරී මිල ගණන්# දුරකථන හුවමාරුව# ක්‍රෙඩිට් කාඩ් පත් මගින් ගෙවීම් හා තවත් ප්‍රතිලාභ රැසක්📞 **Call for more information****MOBILE STUDIO**📍 No. 250/42B, Ground Floor,Liberty Plaza,Colombo 03"
Samsung Galaxy Tab S10 FE 5G 12GB|256GB,"Rs 206,990",Unknown,https://ikman.lk/en/ad/samsung-galaxy-tab-s10-fe-5g-12gb256gb-for-sale-colombo-5,,,,"Opposite To Gammana Road, Near By People's Leasing Maharagama , Sen-Saal Maharagama / Sampath Bank Super Branch Maharagama / Teaching Training College Maharagama) Parking Facility Available.(ගම්මාන පාර ඉදිරිපිට / පීපල්ස් ලීසින් මහරගම අසල / සෙන්-සාල් මහරගම අසල  /ගුරු විද්‍යාලය / මහරගම සම්පත් බැංකුව සුපර් ශාඛාව අසල) වාහන නැවතිමේ පහසුකම් ඇත.★ අපගේ www.emobile.lk වෙබ් අඩවියට පිවිසෙන්න. ★#Promotion_Price ★ Samsung Galaxy Tab S10 FE  5G (12GB RAM|256GB) - Rs.206,990/=🔴 DIRECT IMPORT / BRAND NEW / SEALED PACK / ORIGINAL / NON TRCSL APPROVED / 1 WEEK CHECKING WARRANTY.Price Change Day By Day Call Us For The Best Price.දවසින් දවස මිල ගනන් වෙනස් වේ අඩුම මිල ගනන් සදහා අපව අමතන්න.🔴 KOKO PAYMENT AVAILABLE 👉 CREDIT CARD PAYMENTS ACCEPTED💳👉 NSTALLMENT PLAN AVAILABLE💳👉 Delivery can be Arranged...🛵🚛🔴 Visit Our Shop :emobile Maharagama - emobile.lkEMOBILE (PVT) LTDNo.207/1/1C,High Level Road,Maharagama.(google ""emobile Maharagama"" for Direction)🔴 Business Hours :09:00 AM to 09:00 PM Weekdays & Saturday09.00 AM to 09.00 PM on Sundays(ඔබ කොළඹ නගරය තුළ සිටින අයෙකු නම්, පැය 3ක් වැනි කෙටි කාලයක් තුළදී භාණ්ඩය ඔබ වෙත ගෙන්වා ගත හැකි අතර එය ලැබුණු පසුව ගෙවීම් කළ හැක. | ඔබ ශ්‍රි ලංකාවේ වෙනත් ප්‍රදේශයක සිටින අයෙකු නම් පැය 24ක් තුළදී භාණ්ඩය ඔබ වෙත ගෙන්වා ගත හැක.)🔴☞ SAME DAY DELIVERY LOCATION - 🚩●Around COLOMBO 🚩●COLOMBO 🚩●BORELLA 🚩●KOLLOPITIYA 🚩●BAMBALAPITIYA 🚩●BATHTHARAMULLA 🚩 ●KOTTE 🚩●MALABE 🚩●BORELESGAMUWA 🚩●PILIYANDALA 🚩●NUGEGODA 🚩●MAHARAGAMA🚩●AVISSAWELLA 🚩●RATHNAPURA🚩●NEG0MBO 🚩●KADAWATHA 🚩●GAMPATHA 🚩●MORATUWA🚩●PANADURA 🚩●KALUTHARA 🚩●ATHUTHGAMA 🚩●GALLE 🚩●MATHARA ★ මෙම විශේෂ දීමනාව තොග අවසන් වනතුරු පමණයි. මෙම දීමනා මිලදී ගැනිමෙදි මෙම Post එක ඉදිරිපත් කරන්න."
TAB S10 FE 12GB 256GB,"Rs 194,990",Unknown,https://ikman.lk/en/ad/tab-s10-fe-12gb-256gb-for-sale-colombo-2,,,,"📍 **MOBILE STUDIO**🔆 BRAND NEW SEALED PACK🔆 12 MONTHS WARRANTY🔆 100% ORIGINAL🔆 EXCHANGE POSSIBLE🔆 Card payment available for installment plans for selected cards only. Conditions apply.☀️ **CASH PRICE**🚨 **PLEASE NOTE:** Mobile prices are valid only when purchasing the total package (to avoid wholesale buyers).විශ්වාසවන්ත හා සුහදශීලී සේවාව සඳහා අප අමතන්න.★★★★★★ ★★★★★★ ★★★★★★# තරගකාරී මිල ගණන්# දුරකථන හුවමාරුව# ක්‍රෙඩිට් කාඩ් පත් මගින් ගෙවීම් හා තවත් ප්‍රතිලාභ රැසක්📞 **Call for more information****MOBILE STUDIO**📍 No. 250/42B, Ground Floor,Liberty Plaza,Colombo 03"
Tab S10 FE 8GB 128GB,"Rs 154,990",Unknown,https://ikman.lk/en/ad/tab-s10-fe-8gb-128gb-for-sale-colombo-5,,,,"📍 **MOBILE STUDIO**🔆 BRAND NEW SEALED PACK🔆 12 MONTHS WARRANTY🔆 100% ORIGINAL🔆 EXCHANGE POSSIBLE🔆 Card payment available for installment plans for selected cards only. Conditions apply.☀️ **CASH PRICE**🚨 **PLEASE NOTE:** Mobile prices are valid only when purchasing the total package (to avoid wholesale buyers).විශ්වාසවන්ත හා සුහදශීලී සේවාව සඳහා අප අමතන්න.★★★★★★ ★★★★★★ ★★★★★★# තරගකාරී මිල ගණන්# දුරකථන හුවමාරුව# ක්‍රෙඩිට් කාඩ් පත් මගින් ගෙවීම් හා තවත් ප්‍රතිලාභ රැසක්📞 **Call for more information****MOBILE STUDIO**📍 No. 250/42B, Ground Floor,Liberty Plaza,Colombo 03"
Samsung Galaxy Tab S10 FE 5G 8GB|128GB,"Rs 160,490",Unknown,https://ikman.lk/en/ad/samsung-galaxy-tab-s10-fe-5g-8gb128gb-for-sale-colombo-3,,,,"Opposite To Gammana Road, Near By People's Leasing Maharagama , Sen-Saal Maharagama / Sampath Bank Super Branch Maharagama / Teaching Training College Maharagama) Parking Facility Available.(ගම්මාන පාර ඉදිරිපිට / පීපල්ස් ලීසින් මහරගම අසල / සෙන්-සාල් මහරගම අසල  /ගුරු විද්‍යාලය / මහරගම සම්පත් බැංකුව සුපර් ශාඛාව අසල) වාහන නැවතිමේ පහසුකම් ඇත.★ අපගේ www.emobile.lk වෙබ් අඩවියට පිවිසෙන්න. ★#Promotion_Price ★ Samsung Galaxy Tab S10 FE 5G (8GB RAM|128GB) - Rs.160,490/=🔴 DIRECT IMPORT / BRAND NEW / SEALED PACK / ORIGINAL / NON TRCSL APPROVED / 1 WEEK CHECKING WARRANTY.Price Change Day By Day Call Us For The Best Price.දවසින් දවස මිල ගනන් වෙනස් වේ අඩුම මිල ගනන් සදහා අපව අමතන්න.🔴 KOKO PAYMENT AVAILABLE 👉 CREDIT CARD PAYMENTS ACCEPTED💳👉 NSTALLMENT PLAN AVAILABLE💳👉 Delivery can be Arranged...🛵🚛🔴 Visit Our Shop :emobile Maharagama - emobile.lkEMOBILE (PVT) LTDNo.207/1/1C,High Level Road,Maharagama.(google ""emobile Maharagama"" for Direction)🔴 Business Hours :09:00 AM to 09:00 PM Weekdays & Saturday09.00 AM to 09.00 PM on Sundays(ඔබ කොළඹ නගරය තුළ සිටින අයෙකු නම්, පැය 3ක් වැනි කෙටි කාලයක් තුළදී භාණ්ඩය ඔබ වෙත ගෙන්වා ගත හැකි අතර එය ලැබුණු පසුව ගෙවීම් කළ හැක. | ඔබ ශ්‍රි ලංකාවේ වෙනත් ප්‍රදේශයක සිටින අයෙකු නම් පැය 24ක් තුළදී භාණ්ඩය ඔබ වෙත ගෙන්වා ගත හැක.)🔴☞ SAME DAY DELIVERY LOCATION - 🚩●Around COLOMBO 🚩●COLOMBO 🚩●BORELLA 🚩●KOLLOPITIYA 🚩●BAMBALAPITIYA 🚩●BATHTHARAMULLA 🚩 ●KOTTE 🚩●MALABE 🚩●BORELESGAMUWA 🚩●PILIYANDALA 🚩●NUGEGODA 🚩●MAHARAGAMA🚩●AVISSAWELLA 🚩●RATHNAPURA🚩●NEG0MBO 🚩●KADAWATHA 🚩●GAMPATHA 🚩●MORATUWA🚩●PANADURA 🚩●KALUTHARA 🚩●ATHUTHGAMA 🚩●GALLE 🚩●MATHARA ★ මෙම විශේෂ දීමනාව තොග අවසන් වනතුරු පමණයි. මෙම දීමනා මිලදී ගැනිමෙදි මෙම Post එක ඉදිරිපත් කරන්න."
Surface Pro 7 i7-16GB 512GB Laptop,"Rs 175,000",Unknown,https://ikman.lk/en/ad/surface-pro-7-i7-16gb-512gb-for-sale-colombo,,,,Model: Microsoft Surface Pro 7 (Model 1866)	•	Processor: Intel® Core™ i7-1065G7 (10th Generation)	•	RAM: 16GB LPDDR4	•	Storage: 512GB SSD 	•	Graphics: Intel® Iris® Plus Graphics	•	Display: 12.3” PixelSense Touch Display	•	Resolution: 3000 x 2000 (Ultra Sharp Display)	•	Operating System: Windows 10 Home (Upgradeable to Windows 11)	•	Battery: Good Condition	•	Condition: Excellent Used Condition✅ Genuine Microsoft Device✅ Premium Aluminium Build✅ Touch Screen + Tablet Mode✅ Lightweight & Easy to CarryCall for more details
Acer N150,"Rs 82,500",Unknown,https://ikman.lk/en/ad/acer-n150-for-sale-colombo-1,,,,"💻 අඩුම මුදලකට පරිගණකයක් සොයනවාද?එහෙනම් මේ ඔබට අනගි අවස්ථාවක්! 🎉වසර ගණනාවක් පුරා උසස් තත්ත්වයේ Laptops, Desktop Computers සහ අනෙකුත් ඉලෙක්ට්‍රොනික උපකරණ සාධාරණ මිලට ඔබ වෙත ලබාදීමට අපට හැකි වූයේ ඔබගේ විශ්වාසය සහ සහයෝගය නිසයි.     Acer N150 Laptop 📌️8GB DDR4  Ram 📌️512GB SSDNo. 457,Galle Road, Rathmalana.Contact for more details 0764437038මිල ගනන් සාකච්ඡා කර ගත හැක.W.S. Rupasinghe – රත්මලාන ශාඛාව සමඟ දිගටම රැඳී සිටින ඔබ සැමට අපගේ හෘදයාංගම ස්තුතිය! ❤️📍 W.S. Rupasinghe – රත්මලාන ශාඛාවඅංක 457, ගාලු පාර, රත්මලාන📞 076 443 7038"
Samsung Tab A11 4GB 64GB,"Rs 63,990",Unknown,https://ikman.lk/en/ad/samsung-tab-a11-4gb-64gb-for-sale-colombo-6,,,,"📍 **MOBILE STUDIO**🔆 BRAND NEW SEALED PACK🔆 12 MONTHS WARRANTY🔆 100% ORIGINAL🔆 EXCHANGE POSSIBLE🔆 Card payment available for installment plans for selected cards only. Conditions apply.☀️ **CASH PRICE**🚨 **PLEASE NOTE:** Mobile prices are valid only when purchasing the total package (to avoid wholesale buyers).විශ්වාසවන්ත හා සුහදශීලී සේවාව සඳහා අප අමතන්න.★★★★★★ ★★★★★★ ★★★★★★# තරගකාරී මිල ගණන්# දුරකථන හුවමාරුව# ක්‍රෙඩිට් කාඩ් පත් මගින් ගෙවීම් හා තවත් ප්‍රතිලාභ රැසක්📞 **Call for more information****MOBILE STUDIO**📍 No. 250/42B, Ground Floor,Liberty Plaza,Colombo 03"
Samsung Galaxy Tab A11 8GB|128GB,"Rs 67,490",Unknown,https://ikman.lk/en/ad/samsung-galaxy-tab-a11-8gb128gb-for-sale-colombo-48,,,,"(Opposite To Gammana Road, Near By People's Leasing Maharagama , Sen-Saal Maharagama / Sampath Bank Super Branch Maharagama / Teaching Training College Maharagama) Parking Facility Available.(ගම්මාන පාර ඉදිරිපිට / පීපල්ස් ලීසින් මහරගම අසල / සෙන්-සාල් මහරගම අසල  /ගුරු විද්‍යාලය / මහරගම සම්පත් බැංකුව සුපර් ශාඛාව අසල) වාහන නැවතිමේ පහසුකම් ඇත.★ අපගේ www.emobile.lk වෙබ් අඩවියට පිවිසෙන්න. ★#Promotion_Price★ Samsung Galaxy Tab A11 8.7 (8GB RAM|128GB) - Rs.67,490/=🔴 DIRECT IMPORT / BRAND NEW / SEALED PACK / ORIGINAL / NON TRCSL APPROVED / 1 WEEK CHECKING WARRANTY.  Price Change Day By Day Call Us For The Best Price.දවසින් දවස මිල ගනන් වෙනස් වේ අඩුම මිල ගනන් සදහා අපව අමතන්න.🔴 KOKO PAYMENT AVAILABLE 👉 CREDIT CARD PAYMENTS ACCEPTED💳👉 NSTALLMENT PLAN AVAILABLE💳👉 Delivery can be Arranged...🛵🚛🔴 Visit Our Shop :emobile Maharagama - emobile.lkEMOBILE (PVT) LTDNo.207/1/1C,High Level Road,Maharagama.(google ""emobile Maharagama"" for Direction)🔴 Business Hours :09:00 AM to 09:00 PM Weekdays & Saturday09.00 AM to 09.00 PM on Sundays(ඔබ කොළඹ නගරය තුළ සිටින අයෙකු නම්, පැය 3ක් වැනි කෙටි කාලයක් තුළදී භාණ්ඩය ඔබ වෙත ගෙන්වා ගත හැකි අතර එය ලැබුණු පසුව ගෙවීම් කළ හැක. | ඔබ ශ්‍රි ලංකාවේ වෙනත් ප්‍රදේශයක සිටින අයෙකු නම් පැය 24ක් තුළදී භාණ්ඩය ඔබ වෙත ගෙන්වා ගත හැක.)🔴☞ SAME DAY DELIVERY LOCATION - 🚩●Around COLOMBO 🚩●COLOMBO 🚩●BORELLA 🚩●KOLLOPITIYA 🚩●BAMBALAPITIYA 🚩●BATHTHARAMULLA 🚩 ●KOTTE 🚩●MALABE 🚩●BORELESGAMUWA 🚩●PILIYANDALA 🚩●NUGEGODA 🚩●MAHARAGAMA🚩●AVISSAWELLA 🚩●RATHNAPURA🚩●NEG0MBO 🚩●KADAWATHA 🚩●GAMPATHA 🚩●MORATUWA🚩●PANADURA 🚩●KALUTHARA 🚩●ATHUTHGAMA 🚩●GALLE 🚩●MATHARA ★ මෙම විශේෂ දීමනාව තොග අවසන් වනතුරු පමණයි. මෙම දීමනා මිලදී ගැනිමෙදි මෙම Post එක ඉදිරිපත් කරන්න.★"
Samsung Galaxy Tab A11 4GB|64GB,"Rs 50,990",Unknown,https://ikman.lk/en/ad/samsung-galaxy-tab-a11-4gb64gb-for-sale-colombo-52,,,,"(Opposite To Gammana Road, Near By People's Leasing Maharagama , Sen-Saal Maharagama / Sampath Bank Super Branch Maharagama / Teaching Training College Maharagama) Parking Facility Available.(ගම්මාන පාර ඉදිරිපිට / පීපල්ස් ලීසින් මහරගම අසල / සෙන්-සාල් මහරගම අසල  /ගුරු විද්‍යාලය / මහරගම සම්පත් බැංකුව සුපර් ශාඛාව අසල) වාහන නැවතිමේ පහසුකම් ඇත.★ අපගේ www.emobile.lk වෙබ් අඩවියට පිවිසෙන්න. ★#Promotion_Price★ Samsung Galaxy Tab A11 8.7 (4GB RAM|64GB) - Rs.50,990/=🔴 DIRECT IMPORT / BRAND NEW / SEALED PACK / ORIGINAL / NON TRCSL APPROVED / 1 WEEK CHECKING WARRANTY.  Price Change Day By Day Call Us For The Best Price.දවසින් දවස මිල ගනන් වෙනස් වේ අඩුම මිල ගනන් සදහා අපව අමතන්න.🔴 KOKO PAYMENT AVAILABLE 👉 CREDIT CARD PAYMENTS ACCEPTED💳👉 NSTALLMENT PLAN AVAILABLE💳👉 Delivery can be Arranged...🛵🚛🔴 Visit Our Shop :emobile Maharagama - emobile.lkEMOBILE (PVT) LTDNo.207/1/1C,High Level Road,Maharagama.(google ""emobile Maharagama"" for Direction)🔴 Business Hours :09:00 AM to 09:00 PM Weekdays & Saturday09.00 AM to 09.00 PM on Sundays(ඔබ කොළඹ නගරය තුළ සිටින අයෙකු නම්, පැය 3ක් වැනි කෙටි කාලයක් තුළදී භාණ්ඩය ඔබ වෙත ගෙන්වා ගත හැකි අතර එය ලැබුණු පසුව ගෙවීම් කළ හැක. | ඔබ ශ්‍රි ලංකාවේ වෙනත් ප්‍රදේශයක සිටින අයෙකු නම් පැය 24ක් තුළදී භාණ්ඩය ඔබ වෙත ගෙන්වා ගත හැක.)🔴☞ SAME DAY DELIVERY LOCATION - 🚩●Around COLOMBO 🚩●COLOMBO 🚩●BORELLA 🚩●KOLLOPITIYA 🚩●BAMBALAPITIYA 🚩●BATHTHARAMULLA 🚩 ●KOTTE 🚩●MALABE 🚩●BORELESGAMUWA 🚩●PILIYANDALA 🚩●NUGEGODA 🚩●MAHARAGAMA🚩●AVISSAWELLA 🚩●RATHNAPURA🚩●NEG0MBO 🚩●KADAWATHA 🚩●GAMPATHA 🚩●MORATUWA🚩●PANADURA 🚩●KALUTHARA 🚩●ATHUTHGAMA 🚩●GALLE 🚩●MATHARA ★ මෙම විශේෂ දීමනාව තොග අවසන් වනතුරු පමණයි. මෙම දීමනා මිලදී ගැනිමෙදි මෙම Post එක ඉදිරිපත් කරන්න.★"
Blackview Tab 90,"Rs 46,500",Unknown,https://ikman.lk/en/ad/blackview-tab-90-for-sale-kandy-8,,,,"Blackview tab 90Bluetooth keyboard and mousePouch, charge, manual, boxOnly 4 months used8 + 16 GB - 24 GB ram128 GB memory + Extend to 1TBAndroidUse like laptop with PC modeNo any error"
Samsung Galaxy TAB A11 4/64GB,"Rs 47,935",Unknown,https://ikman.lk/en/ad/samsung-galaxy-tab-a11-4-64gb-for-sale-colombo-60,,,,"‎⭕MOBILE CARE ‎‎🔰 Brand new Sealed Pack‎🔰 100% Genuine Products ‎🔰 Credit Card Payments Accepted.(Condition Apply)‎🔰 ⁠Prices will change according to color, country / region‎🔰After sales service and support will be provided‎🔰koko payment accepted ‎☆(SEYLAN BANK)‎●12 Months ‎●24 Months  ‎‎☆(COMMERCIAL BANK)‎●6 Months ‎●12 Months  ‎●18 Months ‎●24 Months ‎‎☆(SAMPATH BANK)‎●6 Months‎●12 Months ‎●24 Months‎●40 Months ‎‎♦️Cash on Delivery (Colombo Only)‎♦️Delivery & Pickup Loacation - Liberty Plaza Colombo 03 ‎‎For More Details Please Contact us or Visit  Showroom ‎MOBILE CARE ‎No 24,1ST FLOOR LIBERTY PLAZA COLOMBO 03‎‎‎Bussines hours‎10.00 AM - 07.30 PM"
"Ipad pro 11""","Rs 185,000",Unknown,https://ikman.lk/en/ad/ipad-pro-11-for-sale-ampara,,,,"📱 iPad Pro 11″ 1st Gen – 1TB Wi-Fi | Apple Pencil 2🔥 For Sale / Exchange• 11″ Liquid Retina Display• 1TB Storage• Wi-Fi model• Battery Health: ~90%• Excellent condition• Apple Pencil 2nd Generation included ✏️• Great for design, drawing, studying, editing & daily use💰 Price: Rs. 185,000🔄 Exchange Possible:Looking for iPhone 14 Pro Max 256GB in good condition.📌 Exchange price can be discussed depending on phone condition and battery health."
Blackview Tab 60 Pro 4GB 128GB,"Rs 20,600",Unknown,https://ikman.lk/en/ad/blackview-tab-60-pro-4gb-128gb-for-sale-anuradhapura,,,,"🔥 BLACKVIEW TAB 60 PRO — SUPER DEAL! 🔥💻 128GB Storage | 4GB RAM🎁 FREE ACCESSORIES PACK!💰 Down Payment — Rs. 20,600/=📅 Monthly — Rs. 4,457/=🎁 Free Keyboard🖱️ Free Mouse✍️ Free Stylish Pen👜 Free Pouch🛡️ Free Tempered Glass🎧 Free Handfree✨ Tablet එකක් විතරක් නෙවෙයි — Full Package එකම FREE Gifts එක්ක! 😍📍 D TECH COMPUTERS – Dambulla Road, Habarana"
Samsung Galaxy S10 FE Plus 12GB 256GB,"Rs 179,480",Unknown,https://ikman.lk/en/ad/samsung-galaxy-s10-fe-plus-12gb-256gb-for-sale-colombo-285,,,,"NE❌️EL  ‎(Nexel)‎ Powering Your Tech Future PLEASE CALL BEFORE YOU REACH OUR SHOPTO CHECK WHETHER THE STOCK IS AVAILABLE OR NOT‎‎* Brand new Sealed Pack‎* 100% Genuine Products ‎* Credit Card Payments Accepted.(Condition Apply)‎* ⁠Prizes will change according to colour changes and country region‎*Best after sales support and service ‎*koko payment accepted 💫‎*one year warranty (Phones only )🔥*six months warranty (accessories)‎‎☆(SEYLAN BANK)‎●12 Months ‎●24 Months  ‎‎☆(COMMERCIAL BANK)‎●6 Months ‎●12 Months  ‎●18 Months ‎●24 Months ‎‎☆(SAMPATH BANK)‎●6 Months ‎●12 Months ‎●24 Months ‎●40 Months ‎‎*Cash on Delivery (Colombo Only)‎*Delivery & Pickup Loacation - Liberty Plaza Colombo 03 ‎‎Authorised Dealer for‎‎For More Details Please Contact us or Visit Our Showroom ‎‎NE❌️EL ‎No:1/34U 1st Floor,‎Liberty Plaza‎‎‎Bussines hours‎10.00 AM - 07.30 PM‎Chat on WhatsApp‎"
Samsung Galaxy S10 FE 12GB 256GB,"Rs 152,980",Unknown,https://ikman.lk/en/ad/samsung-galaxy-s10-fe-12gb-256gb-for-sale-colombo-569,,,,"NE❌️EL  ‎(Nexel)‎ Powering Your Tech Future PLEASE CALL BEFORE YOU REACH OUR SHOPTO CHECK WHETHER THE STOCK IS AVAILABLE OR NOT‎‎* Brand new Sealed Pack‎* 100% Genuine Products ‎* Credit Card Payments Accepted.(Condition Apply)‎* ⁠Prizes will change according to colour changes and country region‎*Best after sales support and service ‎*koko payment accepted 💫‎*one year warranty (Phones only )🔥*six months warranty (accessories)‎‎☆(SEYLAN BANK)‎●12 Months ‎●24 Months  ‎‎☆(COMMERCIAL BANK)‎●6 Months ‎●12 Months  ‎●18 Months ‎●24 Months ‎‎☆(SAMPATH BANK)‎●6 Months ‎●12 Months ‎●24 Months ‎●40 Months ‎‎*Cash on Delivery (Colombo Only)‎*Delivery & Pickup Loacation - Liberty Plaza Colombo 03 ‎‎Authorised Dealer for‎‎For More Details Please Contact us or Visit Our Showroom ‎‎NE❌️EL ‎No:1/34U 1st Floor,‎Liberty Plaza‎‎‎Bussines hours‎10.00 AM - 07.30 PM‎Chat on WhatsApp‎"
Samsung Galaxy S10 FE 8GB 128GB,"Rs 114,980",Unknown,https://ikman.lk/en/ad/samsung-galaxy-s10-fe-8gb-128gb-for-sale-colombo-781,,,,"NE❌️EL  ‎(Nexel)‎ Powering Your Tech Future PLEASE CALL BEFORE YOU REACH OUR SHOPTO CHECK WHETHER THE STOCK IS AVAILABLE OR NOT‎‎* Brand new Sealed Pack‎* 100% Genuine Products ‎* Credit Card Payments Accepted.(Condition Apply)‎* ⁠Prizes will change according to colour changes and country region‎*Best after sales support and service ‎*koko payment accepted 💫‎*one year warranty (Phones only )🔥*six months warranty (accessories)‎‎☆(SEYLAN BANK)‎●12 Months ‎●24 Months  ‎‎☆(COMMERCIAL BANK)‎●6 Months ‎●12 Months  ‎●18 Months ‎●24 Months ‎‎☆(SAMPATH BANK)‎●6 Months ‎●12 Months ‎●24 Months ‎●40 Months ‎‎*Cash on Delivery (Colombo Only)‎*Delivery & Pickup Loacation - Liberty Plaza Colombo 03 ‎‎Authorised Dealer for‎‎For More Details Please Contact us or Visit Our Showroom ‎‎NE❌️EL ‎No:1/34U 1st Floor,‎Liberty Plaza‎‎‎Bussines hours‎10.00 AM - 07.30 PM‎Chat on WhatsApp‎"
Samsung Galaxy S10 LITE 8GB 256GB,"Rs 124,805",Unknown,https://ikman.lk/en/ad/samsung-galaxy-s10-lite-8gb-256gb-for-sale-colombo-196,,,,"NE❌️EL  ‎(Nexel)‎ Powering Your Tech Future PLEASE CALL BEFORE YOU REACH OUR SHOPTO CHECK WHETHER THE STOCK IS AVAILABLE OR NOT‎‎* Brand new Sealed Pack‎* 100% Genuine Products ‎* Credit Card Payments Accepted.(Condition Apply)‎* ⁠Prizes will change according to colour changes and country region‎*Best after sales support and service ‎*koko payment accepted 💫‎*one year warranty (Phones only )🔥*six months warranty (accessories)‎‎☆(SEYLAN BANK)‎●12 Months ‎●24 Months  ‎‎☆(COMMERCIAL BANK)‎●6 Months ‎●12 Months  ‎●18 Months ‎●24 Months ‎‎☆(SAMPATH BANK)‎●6 Months ‎●12 Months ‎●24 Months ‎●40 Months ‎‎*Cash on Delivery (Colombo Only)‎*Delivery & Pickup Loacation - Liberty Plaza Colombo 03 ‎‎Authorised Dealer for‎‎For More Details Please Contact us or Visit Our Showroom ‎‎NE❌️EL ‎No:1/34U 1st Floor,‎Liberty Plaza‎‎‎Bussines hours‎10.00 AM - 07.30 PM‎Chat on WhatsApp‎"
Samsung Galaxy S10 LITE 6GB 128GB,"Rs 103,950",Unknown,https://ikman.lk/en/ad/samsung-galaxy-s10-lite-6gb-128gb-for-sale-colombo-372,,,,"NE❌️EL  ‎(Nexel)‎ Powering Your Tech Future PLEASE CALL BEFORE YOU REACH OUR SHOPTO CHECK WHETHER THE STOCK IS AVAILABLE OR NOT‎‎* Brand new Sealed Pack‎* 100% Genuine Products ‎* Credit Card Payments Accepted.(Condition Apply)‎* ⁠Prizes will change according to colour changes and country region‎*Best after sales support and service ‎*koko payment accepted 💫‎*one year warranty (Phones only )🔥*six months warranty (accessories)‎‎☆(SEYLAN BANK)‎●12 Months ‎●24 Months  ‎‎☆(COMMERCIAL BANK)‎●6 Months ‎●12 Months  ‎●18 Months ‎●24 Months ‎‎☆(SAMPATH BANK)‎●6 Months ‎●12 Months ‎●24 Months ‎●40 Months ‎‎*Cash on Delivery (Colombo Only)‎*Delivery & Pickup Loacation - Liberty Plaza Colombo 03 ‎‎Authorised Dealer for‎‎For More Details Please Contact us or Visit Our Showroom ‎‎NE❌️EL ‎No:1/34U 1st Floor,‎Liberty Plaza‎‎‎Bussines hours‎10.00 AM - 07.30 PM‎Chat on WhatsApp‎"
Samsung Galaxy A11 PLUS 8GB 256GB,"Rs 99,809",Unknown,https://ikman.lk/en/ad/samsung-galaxy-a11-plus-8gb-256gb-for-sale-colombo-199,,,,"NE❌️EL  ‎(Nexel)‎ Powering Your Tech Future PLEASE CALL BEFORE YOU REACH OUR SHOPTO CHECK WHETHER THE STOCK IS AVAILABLE OR NOT‎‎* Brand new Sealed Pack‎* 100% Genuine Products ‎* Credit Card Payments Accepted.(Condition Apply)‎* ⁠Prizes will change according to colour changes and country region‎*Best after sales support and service ‎*koko payment accepted 💫‎*one year warranty (Phones only )🔥*six months warranty (accessories)‎‎☆(SEYLAN BANK)‎●12 Months ‎●24 Months  ‎‎☆(COMMERCIAL BANK)‎●6 Months ‎●12 Months  ‎●18 Months ‎●24 Months ‎‎☆(SAMPATH BANK)‎●6 Months ‎●12 Months ‎●24 Months ‎●40 Months ‎‎*Cash on Delivery (Colombo Only)‎*Delivery & Pickup Loacation - Liberty Plaza Colombo 03 ‎‎Authorised Dealer for‎‎For More Details Please Contact us or Visit Our Showroom ‎‎NE❌️EL ‎No:1/34U 1st Floor,‎Liberty Plaza‎‎‎Bussines hours‎10.00 AM - 07.30 PM‎Chat on WhatsApp‎"
Samsung Galaxy A11 8GB 128GB,"Rs 59,780",Unknown,https://ikman.lk/en/ad/samsung-galaxy-a11-8gb-128gb-for-sale-colombo-316,,,,"NE❌️EL  ‎(Nexel)‎ Powering Your Tech Future PLEASE CALL BEFORE YOU REACH OUR SHOPTO CHECK WHETHER THE STOCK IS AVAILABLE OR NOT‎‎* Brand new Sealed Pack‎* 100% Genuine Products ‎* Credit Card Payments Accepted.(Condition Apply)‎* ⁠Prizes will change according to colour changes and country region‎*Best after sales support and service ‎*koko payment accepted 💫‎*one year warranty (Phones only )🔥*six months warranty (accessories)‎‎☆(SEYLAN BANK)‎●12 Months ‎●24 Months  ‎‎☆(COMMERCIAL BANK)‎●6 Months ‎●12 Months  ‎●18 Months ‎●24 Months ‎‎☆(SAMPATH BANK)‎●6 Months ‎●12 Months ‎●24 Months ‎●40 Months ‎‎*Cash on Delivery (Colombo Only)‎*Delivery & Pickup Loacation - Liberty Plaza Colombo 03 ‎‎Authorised Dealer for‎‎For More Details Please Contact us or Visit Our Showroom ‎‎NE❌️EL ‎No:1/34U 1st Floor,‎Liberty Plaza‎‎‎Bussines hours‎10.00 AM - 07.30 PM‎Chat on WhatsApp‎"
Samsung Galaxy A11 4GB 64GB,"Rs 45,801",Unknown,https://ikman.lk/en/ad/samsung-galaxy-a11-4gb-64gb-for-sale-colombo-329,,,,"NE❌️EL  ‎(Nexel)‎ Powering Your Tech Future PLEASE CALL BEFORE YOU REACH OUR SHOPTO CHECK WHETHER THE STOCK IS AVAILABLE OR NOT‎‎* Brand new Sealed Pack‎* 100% Genuine Products ‎* Credit Card Payments Accepted.(Condition Apply)‎* ⁠Prizes will change according to colour changes and country region‎*Best after sales support and service ‎*koko payment accepted 💫‎*one year warranty (Phones only )🔥*six months warranty (accessories)‎‎☆(SEYLAN BANK)‎●12 Months ‎●24 Months  ‎‎☆(COMMERCIAL BANK)‎●6 Months ‎●12 Months  ‎●18 Months ‎●24 Months ‎‎☆(SAMPATH BANK)‎●6 Months ‎●12 Months ‎●24 Months ‎●40 Months ‎‎*Cash on Delivery (Colombo Only)‎*Delivery & Pickup Loacation - Liberty Plaza Colombo 03 ‎‎Authorised Dealer for‎‎For More Details Please Contact us or Visit Our Showroom ‎‎NE❌️EL ‎No:1/34U 1st Floor,‎Liberty Plaza‎‎‎Bussines hours‎10.00 AM - 07.30 PM‎Chat on WhatsApp‎"
Samsung Galaxy S6 Lite 4/128GB,"Rs 93,500",Unknown,https://ikman.lk/en/ad/samsung-galaxy-s6-lite-4-128gb-for-sale-colombo-56,,,,"X-MOBILESAMSUNG GALAXY• Brand New Sealed Pack• 100% Genuine Products• Credit Card Payments Accepted (Conditions Apply)• Best After-Sales Support and Service• One Year Software Warranty• Additional charges apply for hardware warranty• Cash on Delivery (Colombo Only)• Delivery  Pickup Location - Liberty Plaza, Colombo 03• රටේ පවතින තත්ත්වය හේතුවෙන් ජංගම දුරකථනවල මිල ගණන් දවසින් දවස වෙනස් වන බැවින්, කරුණාකර අප වෙත ඇමතුමක් ලබාදී අද දින මිල ගණන් අහන්න.Authorized Dealer for:Flexible Payment Options:• Installment plans available for up to 40 months• 0% Interest Financing Available for Bank Installments (Terms and Conditions Apply)• Koko Payment Options Available (Terms and Conditions Apply)For More Details, Please Contact Us or Visit Our ShowroomX Mobile  No: 42N, Ground Floor,  Liberty Plaza,  Colombo 03  Google Search ""X MOBILE"" for DirectionsBusiness Hours:  10:00 AM - 07:00 PMChat with Us on WhatsAppGet your items delivered to you! 🔥"
Samsung Galaxy S11 5G 12/256 with keyboard,"Rs 339,500",Unknown,https://ikman.lk/en/ad/samsung-galaxy-s11-5g-12-256-with-keyboard-for-sale-colombo-7,,,,"X-MOBILESAMSUNG GALAXY🔥• Brand New Sealed Pack• 100% Genuine Products• Credit Card Payments Accepted (Conditions Apply)• Best After-Sales Support and Service• One Year Software Warranty• Additional charges apply for hardware warranty• Cash on Delivery (Colombo Only)• Delivery  Pickup Location - Liberty Plaza, Colombo 03• රටේ පවතින තත්ත්වය හේතුවෙන් ජංගම දුරකථනවල මිල ගණන් දවසින් දවස වෙනස් වන බැවින්, කරුණාකර අප වෙත ඇමතුමක් ලබාදී අද දින මිල ගණන් අහන්න.Authorized Dealer for:Flexible Payment Options:• Installment plans available for up to 40 months• 0% Interest Financing Available for Bank Installments (Terms and Conditions Apply)• Koko Payment Options Available (Terms and Conditions Apply)For More Details, Please Contact Us or Visit Our ShowroomX Mobile  No: 42N, Ground Floor,  Liberty Plaza,  Colombo 03  Google Search ""X MOBILE"" for DirectionsBusiness Hours:  10:00 AM - 07:00 PMChat with Us on WhatsAppGet your items delivered to you! 🔥"
Samsung Galaxy S11 12/128GB,"Rs 205,500",Unknown,https://ikman.lk/en/ad/samsung-galaxy-s11-12-128gb-for-sale-colombo-35,,,,"X-MOBILESAMSUNG GALAXY🔥• Brand New Sealed Pack• 100% Genuine Products• Credit Card Payments Accepted (Conditions Apply)• Best After-Sales Support and Service• One Year Software Warranty• Additional charges apply for hardware warranty• Cash on Delivery (Colombo Only)• Delivery  Pickup Location - Liberty Plaza, Colombo 03• රටේ පවතින තත්ත්වය හේතුවෙන් ජංගම දුරකථනවල මිල ගණන් දවසින් දවස වෙනස් වන බැවින්, කරුණාකර අප වෙත ඇමතුමක් ලබාදී අද දින මිල ගණන් අහන්න.Authorized Dealer for:Flexible Payment Options:• Installment plans available for up to 40 months• 0% Interest Financing Available for Bank Installments (Terms and Conditions Apply)• Koko Payment Options Available (Terms and Conditions Apply)For More Details, Please Contact Us or Visit Our ShowroomX Mobile  No: 42N, Ground Floor,  Liberty Plaza,  Colombo 03  Google Search ""X MOBILE"" for DirectionsBusiness Hours:  10:00 AM - 07:00 PMChat with Us on WhatsAppGet your items delivered to you! 🔥"
Samsung Galaxy S11 12/256GB,"Rs 249,500",Unknown,https://ikman.lk/en/ad/samsung-galaxy-s11-12-256gb-for-sale-colombo-64,,,,"X-MOBILESAMSUNG GALAXY🔥• Brand New Sealed Pack• 100% Genuine Products• Credit Card Payments Accepted (Conditions Apply)• Best After-Sales Support and Service• One Year Software Warranty• Additional charges apply for hardware warranty• Cash on Delivery (Colombo Only)• Delivery  Pickup Location - Liberty Plaza, Colombo 03• රටේ පවතින තත්ත්වය හේතුවෙන් ජංගම දුරකථනවල මිල ගණන් දවසින් දවස වෙනස් වන බැවින්, කරුණාකර අප වෙත ඇමතුමක් ලබාදී අද දින මිල ගණන් අහන්න.Authorized Dealer for:Flexible Payment Options:• Installment plans available for up to 40 months• 0% Interest Financing Available for Bank Installments (Terms and Conditions Apply)• Koko Payment Options Available (Terms and Conditions Apply)For More Details, Please Contact Us or Visit Our ShowroomX Mobile  No: 42N, Ground Floor,  Liberty Plaza,  Colombo 03  Google Search ""X MOBILE"" for DirectionsBusiness Hours:  10:00 AM - 07:00 PMChat with Us on WhatsAppGet your items delivered to you! 🔥"
Samsung Galaxy S11 Ultra 12/256GB,"Rs 349,500",Unknown,https://ikman.lk/en/ad/samsung-galaxy-s11-ultra-12-256gb-for-sale-colombo-72,,,,"X-MOBILESAMSUNG GALAXY🔥• Brand New Sealed Pack• 100% Genuine Products• Credit Card Payments Accepted (Conditions Apply)• Best After-Sales Support and Service• One Year Software Warranty• Additional charges apply for hardware warranty• Cash on Delivery (Colombo Only)• Delivery  Pickup Location - Liberty Plaza, Colombo 03• රටේ පවතින තත්ත්වය හේතුවෙන් ජංගම දුරකථනවල මිල ගණන් දවසින් දවස වෙනස් වන බැවින්, කරුණාකර අප වෙත ඇමතුමක් ලබාදී අද දින මිල ගණන් අහන්න.Authorized Dealer for:Flexible Payment Options:• Installment plans available for up to 40 months• 0% Interest Financing Available for Bank Installments (Terms and Conditions Apply)• Koko Payment Options Available (Terms and Conditions Apply)For More Details, Please Contact Us or Visit Our ShowroomX Mobile  No: 42N, Ground Floor,  Liberty Plaza,  Colombo 03  Google Search ""X MOBILE"" for DirectionsBusiness Hours:  10:00 AM - 07:00 PMChat with Us on WhatsAppGet your items delivered to you! 🔥"
Samsung Galaxy S10 Lite 8/256GB,"Rs 129,500",Unknown,https://ikman.lk/en/ad/samsung-galaxy-s10-lite-8-256gb-for-sale-colombo-39,,,,"X-MOBILESAMSUNG GALAXY• Brand New Sealed Pack• 100% Genuine Products• Credit Card Payments Accepted (Conditions Apply)• Best After-Sales Support and Service• One Year Software Warranty• Additional charges apply for hardware warranty• Cash on Delivery (Colombo Only)• Delivery  Pickup Location - Liberty Plaza, Colombo 03• රටේ පවතින තත්ත්වය හේතුවෙන් ජංගම දුරකථනවල මිල ගණන් දවසින් දවස වෙනස් වන බැවින්, කරුණාකර අප වෙත ඇමතුමක් ලබාදී අද දින මිල ගණන් අහන්න.Authorized Dealer for:Flexible Payment Options:• Installment plans available for up to 40 months• 0% Interest Financing Available for Bank Installments (Terms and Conditions Apply)• Koko Payment Options Available (Terms and Conditions Apply)For More Details, Please Contact Us or Visit Our ShowroomX Mobile  No: 42N, Ground Floor,  Liberty Plaza,  Colombo 03  Google Search ""X MOBILE"" for DirectionsBusiness Hours:  10:00 AM - 07:00 PMChat with Us on WhatsAppGet your items delivered to you! 🔥"
Samsung Galaxy S10 Lite 6/128GB,"Rs 104,500",Unknown,https://ikman.lk/en/ad/samsung-galaxy-s10-lite-6-128gb-for-sale-colombo-74,,,,"X-MOBILESAMSUNG GALAXY• Brand New Sealed Pack• 100% Genuine Products• Credit Card Payments Accepted (Conditions Apply)• Best After-Sales Support and Service• One Year Software Warranty• Additional charges apply for hardware warranty• Cash on Delivery (Colombo Only)• Delivery  Pickup Location - Liberty Plaza, Colombo 03• රටේ පවතින තත්ත්වය හේතුවෙන් ජංගම දුරකථනවල මිල ගණන් දවසින් දවස වෙනස් වන බැවින්, කරුණාකර අප වෙත ඇමතුමක් ලබාදී අද දින මිල ගණන් අහන්න.Authorized Dealer for:Flexible Payment Options:• Installment plans available for up to 40 months• 0% Interest Financing Available for Bank Installments (Terms and Conditions Apply)• Koko Payment Options Available (Terms and Conditions Apply)For More Details, Please Contact Us or Visit Our ShowroomX Mobile  No: 42N, Ground Floor,  Liberty Plaza,  Colombo 03  Google Search ""X MOBILE"" for DirectionsBusiness Hours:  10:00 AM - 07:00 PMChat with Us on WhatsAppGet your items delivered to you! 🔥"
Samsung Galaxy S10 plus 12/256 with keyboard,"Rs 250,500",Unknown,https://ikman.lk/en/ad/samsung-galaxy-s10-plus-12-256-with-keyboard-for-sale-colombo-3,,,,"X-MOBILESAMSUNG GALAXY• Brand New Sealed Pack• 100% Genuine Products• Credit Card Payments Accepted (Conditions Apply)• Best After-Sales Support and Service• One Year Software Warranty• Additional charges apply for hardware warranty• Cash on Delivery (Colombo Only)• Delivery  Pickup Location - Liberty Plaza, Colombo 03• රටේ පවතින තත්ත්වය හේතුවෙන් ජංගම දුරකථනවල මිල ගණන් දවසින් දවස වෙනස් වන බැවින්, කරුණාකර අප වෙත ඇමතුමක් ලබාදී අද දින මිල ගණන් අහන්න.Authorized Dealer for:Flexible Payment Options:• Installment plans available for up to 40 months• 0% Interest Financing Available for Bank Installments (Terms and Conditions Apply)• Koko Payment Options Available (Terms and Conditions Apply)For More Details, Please Contact Us or Visit Our ShowroomX Mobile  No: 42N, Ground Floor,  Liberty Plaza,  Colombo 03  Google Search ""X MOBILE"" for DirectionsBusiness Hours:  10:00 AM - 07:00 PMChat with Us on WhatsAppGet your items delivered to you! 🔥"
Samsung Galaxy S10 plus 12/256GB,"Rs 225,500",Unknown,https://ikman.lk/en/ad/samsung-galaxy-s10-plus-12-256gb-for-sale-colombo-89,,,,"X-MOBILESAMSUNG GALAXY• Brand New Sealed Pack• 100% Genuine Products• Credit Card Payments Accepted (Conditions Apply)• Best After-Sales Support and Service• One Year Software Warranty• Additional charges apply for hardware warranty• Cash on Delivery (Colombo Only)• Delivery  Pickup Location - Liberty Plaza, Colombo 03• රටේ පවතින තත්ත්වය හේතුවෙන් ජංගම දුරකථනවල මිල ගණන් දවසින් දවස වෙනස් වන බැවින්, කරුණාකර අප වෙත ඇමතුමක් ලබාදී අද දින මිල ගණන් අහන්න.Authorized Dealer for:Flexible Payment Options:• Installment plans available for up to 40 months• 0% Interest Financing Available for Bank Installments (Terms and Conditions Apply)• Koko Payment Options Available (Terms and Conditions Apply)For More Details, Please Contact Us or Visit Our ShowroomX Mobile  No: 42N, Ground Floor,  Liberty Plaza,  Colombo 03  Google Search ""X MOBILE"" for DirectionsBusiness Hours:  10:00 AM - 07:00 PMChat with Us on WhatsAppGet your items delivered to you! 🔥"
Samsung Galaxy S10 Ultra 12/256GB,"Rs 270,500",Unknown,https://ikman.lk/en/ad/samsung-galaxy-s10-ultra-12-256gb-for-sale-colombo-86,,,,"X-MOBILESAMSUNG GALAXY• Brand New Sealed Pack• 100% Genuine Products• Credit Card Payments Accepted (Conditions Apply)• Best After-Sales Support and Service• One Year Software Warranty• Additional charges apply for hardware warranty• Cash on Delivery (Colombo Only)• Delivery  Pickup Location - Liberty Plaza, Colombo 03• රටේ පවතින තත්ත්වය හේතුවෙන් ජංගම දුරකථනවල මිල ගණන් දවසින් දවස වෙනස් වන බැවින්, කරුණාකර අප වෙත ඇමතුමක් ලබාදී අද දින මිල ගණන් අහන්න.Authorized Dealer for:Flexible Payment Options:• Installment plans available for up to 40 months• 0% Interest Financing Available for Bank Installments (Terms and Conditions Apply)• Koko Payment Options Available (Terms and Conditions Apply)For More Details, Please Contact Us or Visit Our ShowroomX Mobile  No: 42N, Ground Floor,  Liberty Plaza,  Colombo 03  Google Search ""X MOBILE"" for DirectionsBusiness Hours:  10:00 AM - 07:00 PMChat with Us on WhatsAppGet your items delivered to you! 🔥"
I pad pro,"Rs 85,000",Unknown,https://ikman.lk/en/ad/i-pad-pro-for-sale-kandy,,,,I pad pro(3 generation)Ios26.3.112.9inchStorage256
Lenovo ThinkPad T14 - i5 11th Gen Laptop,"Rs 130,000",Unknown,https://ikman.lk/en/ad/lenovo-thinkpad-t14-i5-11th-gen-laptop-for-sale-colombo-6,,,,"🖥️ Lenovo ThinkPad T14✅ Processor: Intel Core i5 – 11th Generation✅ RAM: 16GB DDR4✅ Storage: 256 GB SSD✅ Display: 14” Full HD✅ Warranty: 3 Months Laptop Bay WarrantyWe have a vast collection of Laptops, ranging from low to high price categories.📍 Locations: Colombo - https://maps.app.goo.gl/3L1JszVsENPJGfFd9Kandy - https://maps.app.goo.gl/kteo573rgtd1zu3a7📲 Call or WhatsApp us for more information.🌐 Website:🔗 www.laptopbay.lk🔍 Google:🔗 https://g.co/kgs/v8WNFKp"
Samsung Galaxy S10 FE Plus 12/256GB,"Rs 178,500",Unknown,https://ikman.lk/en/ad/samsung-galaxy-s10-fe-plus-12-256gb-for-sale-colombo-105,,,,"X-MOBILESAMSUNG GALAXY• Brand New Sealed Pack• 100% Genuine Products• Credit Card Payments Accepted (Conditions Apply)• Best After-Sales Support and Service• One Year Software Warranty• Additional charges apply for hardware warranty• Cash on Delivery (Colombo Only)• Delivery  Pickup Location - Liberty Plaza, Colombo 03• රටේ පවතින තත්ත්වය හේතුවෙන් ජංගම දුරකථනවල මිල ගණන් දවසින් දවස වෙනස් වන බැවින්, කරුණාකර අප වෙත ඇමතුමක් ලබාදී අද දින මිල ගණන් අහන්න.Authorized Dealer for:Flexible Payment Options:• Installment plans available for up to 40 months• 0% Interest Financing Available for Bank Installments (Terms and Conditions Apply)• Koko Payment Options Available (Terms and Conditions Apply)For More Details, Please Contact Us or Visit Our ShowroomX Mobile  No: 42N, Ground Floor,  Liberty Plaza,  Colombo 03  Google Search ""X MOBILE"" for DirectionsBusiness Hours:  10:00 AM - 07:00 PMChat with Us on WhatsAppGet your items delivered to you! 🔥"
Samsung Galaxy S10 FE Plus 8/128GB,"Rs 156,500",Unknown,https://ikman.lk/en/ad/samsung-galaxy-s10-fe-plus-8-128gb-for-sale-colombo-118,,,,"X-MOBILESAMSUNG GALAXY• Brand New Sealed Pack• 100% Genuine Products• Credit Card Payments Accepted (Conditions Apply)• Best After-Sales Support and Service• One Year Software Warranty• Additional charges apply for hardware warranty• Cash on Delivery (Colombo Only)• Delivery  Pickup Location - Liberty Plaza, Colombo 03• රටේ පවතින තත්ත්වය හේතුවෙන් ජංගම දුරකථනවල මිල ගණන් දවසින් දවස වෙනස් වන බැවින්, කරුණාකර අප වෙත ඇමතුමක් ලබාදී අද දින මිල ගණන් අහන්න.Authorized Dealer for:Flexible Payment Options:• Installment plans available for up to 40 months• 0% Interest Financing Available for Bank Installments (Terms and Conditions Apply)• Koko Payment Options Available (Terms and Conditions Apply)For More Details, Please Contact Us or Visit Our ShowroomX Mobile  No: 42N, Ground Floor,  Liberty Plaza,  Colombo 03  Google Search ""X MOBILE"" for DirectionsBusiness Hours:  10:00 AM - 07:00 PMChat with Us on WhatsAppGet your items delivered to you! 🔥"
Apple iPad Pro 6th Gen,"Rs 220,000",Unknown,https://ikman.lk/en/ad/for-urgent-sale-for-sale-gampaha-65,,,,"Apple iPad Pro 12.9” M2 (6th Generation) – 256GB | Space Grey with second gen Apple Pencil Selling my personally used iPad Pro 12.9-inch M2, 6th Generation (256GB). I am the first owner, and the iPad is in brand new condition.Details:•12.9 inch • M2 Chip•Battery health -87%•Charge cycles-267• 256GB Storage• Space Grey• Original Display• Original Battery• No repairs or replacements done• Personally used – First Owner• Everything works perfectly•No any errors What’s included • iPad Pro 12.9” M2 (6th Generation)• Apple Pencil 2nd Generation• IPad with full set box• Second gen Apple Pencil with full set box• Tempered glass and back cover The iPad and Apple Pencil are both well maintained and in excellent condition. No replaced parts.Location: Can be seen in Ja-Ela or wattala.Last price -220KGenuine buyers are welcome."
REDMI PAD 2 4G,"Rs 25,100",Unknown,https://ikman.lk/en/ad/redmi-pad-2-4g-for-sale-anuradhapura,,,,"🔥 REDMI PAD 2 4G — දැන් ගෙදරටම ගන්න ලේසිම විදිහ! 😍📱✨ Redmi Pad 2 4G💰 Down Payment – Rs. 25,100/=📅 Monthly – Rs. 5,333/=🎬 Movies | 📚 Online Classes | 🎮 Gaming | 💼 Workඑකම Tablet එකකින් හැම වැඩක්ම සුපිරියට! 🔥#RedmiPad2 #RedmiPad2_4G #Xiaomi #TabletDeal #InstallmentPlan #DTechPro #Habarana #SriLanka #TechDeals #BestDeal"
Samsung Galaxy S10 Fe 12/256GB,"Rs 145,500",Unknown,https://ikman.lk/en/ad/samsung-galaxy-s10-fe-12-256gb-for-sale-colombo-95,,,,"X-MOBILESAMSUNG GALAXY• Brand New Sealed Pack• 100% Genuine Products• Credit Card Payments Accepted (Conditions Apply)• Best After-Sales Support and Service• One Year Software Warranty• Additional charges apply for hardware warranty• Cash on Delivery (Colombo Only)• Delivery  Pickup Location - Liberty Plaza, Colombo 03• රටේ පවතින තත්ත්වය හේතුවෙන් ජංගම දුරකථනවල මිල ගණන් දවසින් දවස වෙනස් වන බැවින්, කරුණාකර අප වෙත ඇමතුමක් ලබාදී අද දින මිල ගණන් අහන්න.Authorized Dealer for:Flexible Payment Options:• Installment plans available for up to 40 months• 0% Interest Financing Available for Bank Installments (Terms and Conditions Apply)• Koko Payment Options Available (Terms and Conditions Apply)For More Details, Please Contact Us or Visit Our ShowroomX Mobile  No: 42N, Ground Floor,  Liberty Plaza,  Colombo 03  Google Search ""X MOBILE"" for DirectionsBusiness Hours:  10:00 AM - 07:00 PMChat with Us on WhatsAppGet your items delivered to you! 🔥"
Samsung Galaxy S10 FE 8/128GB,"Rs 125,500",Unknown,https://ikman.lk/en/ad/samsung-galaxy-s10-fe-8-128gb-for-sale-colombo-117,,,,"X-MOBILESAMSUNG GALAXY• Brand New Sealed Pack• 100% Genuine Products• Credit Card Payments Accepted (Conditions Apply)• Best After-Sales Support and Service• One Year Software Warranty• Additional charges apply for hardware warranty• Cash on Delivery (Colombo Only)• Delivery  Pickup Location - Liberty Plaza, Colombo 03• රටේ පවතින තත්ත්වය හේතුවෙන් ජංගම දුරකථනවල මිල ගණන් දවසින් දවස වෙනස් වන බැවින්, කරුණාකර අප වෙත ඇමතුමක් ලබාදී අද දින මිල ගණන් අහන්න.Authorized Dealer for:Flexible Payment Options:• Installment plans available for up to 40 months• 0% Interest Financing Available for Bank Installments (Terms and Conditions Apply)• Koko Payment Options Available (Terms and Conditions Apply)For More Details, Please Contact Us or Visit Our ShowroomX Mobile  No: 42N, Ground Floor,  Liberty Plaza,  Colombo 03  Google Search ""X MOBILE"" for DirectionsBusiness Hours:  10:00 AM - 07:00 PMChat with Us on WhatsAppGet your items delivered to you! 🔥"
Samsung Galaxy A11 8/128GB,"Rs 61,500",Unknown,https://ikman.lk/en/ad/samsung-galaxy-a11-8-128gb-for-sale-colombo-80,,,,"X-MOBILESAMSUNG GALAXY• Brand New Sealed Pack• 100% Genuine Products• Credit Card Payments Accepted (Conditions Apply)• Best After-Sales Support and Service• One Year Software Warranty• Additional charges apply for hardware warranty• Cash on Delivery (Colombo Only)• Delivery  Pickup Location - Liberty Plaza, Colombo 03• රටේ පවතින තත්ත්වය හේතුවෙන් ජංගම දුරකථනවල මිල ගණන් දවසින් දවස වෙනස් වන බැවින්, කරුණාකර අප වෙත ඇමතුමක් ලබාදී අද දින මිල ගණන් අහන්න.Authorized Dealer for:Flexible Payment Options:• Installment plans available for up to 40 months• 0% Interest Financing Available for Bank Installments (Terms and Conditions Apply)• Koko Payment Options Available (Terms and Conditions Apply)For More Details, Please Contact Us or Visit Our ShowroomX Mobile  No: 42N, Ground Floor,  Liberty Plaza,  Colombo 03  Google Search ""X MOBILE"" for DirectionsBusiness Hours:  10:00 AM - 07:00 PMChat with Us on WhatsAppGet your items delivered to you! 🔥"
Samsung Galaxy A11 4/64GB,"Rs 45,500",Unknown,https://ikman.lk/en/ad/samsung-galaxy-a11-4-64gb-for-sale-colombo-70,,,,"X-MOBILESAMSUNG GALAXY• Brand New Sealed Pack• 100% Genuine Products• Credit Card Payments Accepted (Conditions Apply)• Best After-Sales Support and Service• One Year Software Warranty• Additional charges apply for hardware warranty• Cash on Delivery (Colombo Only)• Delivery  Pickup Location - Liberty Plaza, Colombo 03• රටේ පවතින තත්ත්වය හේතුවෙන් ජංගම දුරකථනවල මිල ගණන් දවසින් දවස වෙනස් වන බැවින්, කරුණාකර අප වෙත ඇමතුමක් ලබාදී අද දින මිල ගණන් අහන්න.Authorized Dealer for:iPhone | Samsung | Oppo | Huawei | Nokia | Xiaomi | Realme | VivoFlexible Payment Options:• Installment plans available for up to 40 months• 0% Interest Financing Available for Bank Installments (Terms and Conditions Apply)• Koko Payment Options Available (Terms and Conditions Apply)For More Details, Please Contact Us or Visit Our ShowroomX Mobile  No: 42N, Ground Floor,  Liberty Plaza,  Colombo 03  Google Search ""X MOBILE"" for DirectionsBusiness Hours:  10:00 AM - 07:00 PMChat with Us on WhatsAppGet your items delivered to you! 🔥"
Samsung A11 Tab,"Rs 47,000",Unknown,https://ikman.lk/en/ad/samsung-a11-tab-for-sale-colombo,,,,Brand new with warranty4 GB Ram & 64 GB RomBaught before 2 months but used only one week100% conditionLether pouch and tempered attached (cost 5000)Only for genuine buyersLast price and no negotiate Sale or exchange with iphone xs 256gb
BDF 10.1-inch Android Tablet,"Rs 22,000",Unknown,https://ikman.lk/en/ad/bdf-used-for-sale-gampaha-1,,,,Aran masayak wage wenne thawa back cover ekak thiyanawa
"Apple iPad Pro 2nd Gen 128GB Wifi Magic Keyboard, Pencil","Rs 195,000",Unknown,https://ikman.lk/en/ad/ipad-pro-2nd-gen-128-gb-wifi-apple-magic-keyboard-and-pencil-for-sale-galle,,,,ipad pro 2nd gen128 GB WifiMint condition Fullset with boxesApple Magic Keyboard Apple Pencil 2nd genNo Exchanges
S9FE plus 8GB 128GB 5G,"Rs 112,900",Unknown,https://ikman.lk/en/ad/s9fe-plus-8gb-128gb-5g-for-sale-gampaha-1,,,,"Samsung Galaxy S9FE plus 5G 8GB 128GB original Brand new condition Full set box With warranty Delivery can be arrange to door step🚚Credit card & Debit card accepted💳Exchange accepted any phone 📱 ව්‍යාජ දුරකථන අලෙවි කරන්නන්ට නොරැවටෙන්න. විදේශ රටින් ගෙන්වන ලද දුරකථන අඩුම මිලට අපෙන් පමණයි.දුරකථන විකිණිම හා දුරකථන මිලට ගැනිම.SKN Mobile Kiribathgoda,Makola North Makola."
Blackview Zeno 5 8GB 128GB,"Rs 65,500",Unknown,https://ikman.lk/en/ad/blackview-zeno-5-8gb-128gb-for-sale-kandy,,,,"The Phone Culture PVT LTD Blackview Tab Zeno 8GB 128GB Your trusted destination for premium smartphones, accessories, and mobile solutions.At the phone culture Private Limited, we are committed to providing the latest smartphones from leading global brands at competitive prices. Whether you’re upgrading your device, purchasing your first smartphone, or looking for mobile accessories, our experienced team is dedicated to helping you find the perfect solution to suit your needs and budget.💳 Flexible Payment Options• Credit Card Payments• Debit Card Payments• Koko Installment Payments• ⁠Snap Pay Installment Payment 🔄 Trade-In Program AvailableUpgrade with ease by exchanging your current device for a brand-new smartphone.📦 Wholesale & Retail ServicesServing both individual customers and businesses with genuine products and exceptional service.📋 Pricing PolicyAll advertised and listed prices apply exclusively to the purchase of a complete device package, which includes the mobile device, applicable accessories, and warranty coverage. Terms and conditions may apply.⚠️ Limited Stock Available on Selected Models.🕒 Business HoursMonday – Saturday: 09:00 AM – 10:30 PMSunday: 09:00 AM – 10:00 PM📍 Visit Our Showroom374 Bothalapitya Kandy Road Gampola"
Blackview 60 Pro 4GB 128GB,"Rs 56,900",Unknown,https://ikman.lk/en/ad/blackview-60-pro-4gb-128gb-for-sale-kandy,,,,"The Phone Culture PVT LTD Blackview Tab 60Pro 4GB 128GB Company Warranty Your trusted destination for premium smartphones, accessories, and mobile solutions.At the phone culture Private Limited, we are committed to providing the latest smartphones from leading global brands at competitive prices. Whether you’re upgrading your device, purchasing your first smartphone, or looking for mobile accessories, our experienced team is dedicated to helping you find the perfect solution to suit your needs and budget.💳 Flexible Payment Options• Credit Card Payments• Debit Card Payments• Koko Installment Payments• ⁠Snap Pay Installment Payment 🔄 Trade-In Program AvailableUpgrade with ease by exchanging your current device for a brand-new smartphone.📦 Wholesale & Retail ServicesServing both individual customers and businesses with genuine products and exceptional service.📋 Pricing PolicyAll advertised and listed prices apply exclusively to the purchase of a complete device package, which includes the mobile device, applicable accessories, and warranty coverage. Terms and conditions may apply.⚠️ Limited Stock Available on Selected Models.🕒 Business HoursMonday – Saturday: 09:00 AM – 10:30 PMSunday: 09:00 AM – 10:00 PM📍 Visit Our Showroom374 Bothalapitya Kandy Road Gampola"
Ipad,"Rs 12,000",Unknown,https://ikman.lk/en/ad/ipad-for-sale-colombo-44,,,,Original Ipad 2 16GB purchased in Dubai.2nd Generation Long battery 🔋 hours Suitable for study or Browsing internet Please note.No updates or can't download any apps.Perfectly working no any errors
Blackview TAB LINK 2,"Rs 42,000",Unknown,https://ikman.lk/en/ad/blackview-tab-link-2-for-sale-kandy-1,,,,"The Phone Culture PVT LTD Blackview Tab link 2 4GB 128GB WIFI COMPANY WARRANTY Your trusted destination for premium smartphones, accessories, and mobile solutions.At the phone culture Private Limited, we are committed to providing the latest smartphones from leading global brands at competitive prices. Whether you’re upgrading your device, purchasing your first smartphone, or looking for mobile accessories, our experienced team is dedicated to helping you find the perfect solution to suit your needs and budget.💳 Flexible Payment Options• Credit Card Payments• Debit Card Payments• Koko Installment Payments• ⁠Snap Pay Installment Payment 🔄 Trade-In Program AvailableUpgrade with ease by exchanging your current device for a brand-new smartphone.📦 Wholesale & Retail ServicesServing both individual customers and businesses with genuine products and exceptional service.📋 Pricing PolicyAll advertised and listed prices apply exclusively to the purchase of a complete device package, which includes the mobile device, applicable accessories, and warranty coverage. Terms and conditions may apply.⚠️ Limited Stock Available on Selected Models.🕒 Business HoursMonday – Saturday: 09:00 AM – 10:30 PMSunday: 09:00 AM – 10:00 PM📍 Visit Our Showroom374 Bothalapitya Kandy Road Gampola"
Samsung Galaxy S11 Ultra 12GB 256GB with Keyboard,"Rs 386,899",Unknown,https://ikman.lk/en/ad/samsung-galaxy-s11-ultra-12gb-256gb-with-keyboard-for-sale-colombo-2,,,,"🔵UPGRADE LANKA (PVT)Ltd    🔹 Tech,trends &more✅ Brand new Sealed Pack✅100% Genuine Products✅Credit Card Payments      Accepted.(Condition Apply)✅Prices will change Day by Day, According to color, country / Region✅After sales service and support   will be provided✅koko payment accepted (condition  Apply)✅one year warranty/ company warranty for limited stocks.✅ZERO % AVAILABLE FOR (HNB  CARDS).🔸(SEYLAN BANK)     •12 Months     •24 Months🔸(COMMERCIAL BANK)    • 6 Months    •12 Months    •18 Months    •24 Months🔸(SAMPATH BANK)    •6 Months    •12 Months    •24 Months    •40 Months🔸(HSBC BANK)    *6 Months     *12 Months  🛟Cash on Delivery (Colombo    Only)🛟Delivery & Pickup Loacation -    Liberty Plaza Colombo 03🚨Authorised Dealer for:     For More Details Please          Contact us or Visit Our Web /Showroom🔶UPGRADE LANKA (PVT)Ltd No:1st Floor,Liberty Plaza"
Samsung Galaxy S10 FE 5G 8GB 128GB,"Rs 161,949",Unknown,https://ikman.lk/en/ad/samsung-galaxy-s10-fe-5g-8gb-128gb-for-sale-colombo-60,,,,"🔵UPGRADE LANKA (PVT)Ltd    🔹 Tech,trends &more✅ Brand new Sealed Pack✅100% Genuine Products✅Credit Card Payments      Accepted.(Condition Apply)✅Prices will change Day by Day, According to color, country / Region✅After sales service and support   will be provided✅koko payment accepted (condition  Apply)✅one year warranty/ company warranty for limited stocks.✅ZERO % AVAILABLE FOR (HNB  CARDS).🔸(SEYLAN BANK)     •12 Months     •24 Months🔸(COMMERCIAL BANK)    • 6 Months    •12 Months    •18 Months    •24 Months🔸(SAMPATH BANK)    •6 Months    •12 Months    •24 Months    •40 Months🔸(HSBC BANK)    *6 Months     *12 Months  🛟Cash on Delivery (Colombo    Only)🛟Delivery & Pickup Loacation -    Liberty Plaza Colombo 03🚨Authorised Dealer for:     For More Details Please          Contact us or Visit Our Web /Showroom🔶UPGRADE LANKA (PVT)Ltd No:1st Floor,Liberty Plaza"
Samsung Galaxy S10 Plus 12GB 256GB,"Rs 241,949",Unknown,https://ikman.lk/en/ad/samsung-galaxy-s10-plus-12gb-256gb-for-sale-colombo-394,,,,"🔵UPGRADE LANKA (PVT)Ltd    🔹 Tech,trends &more✅ Brand new Sealed Pack✅100% Genuine Products✅Credit Card Payments      Accepted.(Condition Apply)✅Prices will change Day by Day, According to color, country / Region✅After sales service and support   will be provided✅koko payment accepted (condition  Apply)✅one year warranty/ company warranty for limited stocks.✅ZERO % AVAILABLE FOR (HNB  CARDS).🔸(SEYLAN BANK)     •12 Months     •24 Months🔸(COMMERCIAL BANK)    • 6 Months    •12 Months    •18 Months    •24 Months🔸(SAMPATH BANK)    •6 Months    •12 Months    •24 Months    •40 Months🔸(HSBC BANK)    *6 Months     *12 Months  🛟Cash on Delivery (Colombo    Only)🛟Delivery & Pickup Loacation -    Liberty Plaza Colombo 03🚨Authorised Dealer for:     For More Details Please          Contact us or Visit Our Web /Showroom🔶UPGRADE LANKA (PVT)Ltd No:1st Floor,Liberty Plaza"
Samsung Galaxy Tab A11 4GB 64GB,"Rs 49,449",Unknown,https://ikman.lk/en/ad/samsung-galaxy-tab-a11-4gb-64gb-for-sale-colombo-129,,,,"🔵UPGRADE LANKA (PVT)Ltd    🔹 Tech,trends &more✅ Brand new Sealed Pack✅100% Genuine Products✅Credit Card Payments      Accepted.(Condition Apply)✅Prices will change Day by Day, According to color, country / Region✅After sales service and support   will be provided✅koko payment accepted (condition  Apply)✅one year warranty/ company warranty for limited stocks.✅ZERO % AVAILABLE FOR (HNB  CARDS).🔸(SEYLAN BANK)     •12 Months     •24 Months🔸(COMMERCIAL BANK)    • 6 Months    •12 Months    •18 Months    •24 Months🔸(SAMPATH BANK)    •6 Months    •12 Months    •24 Months    •40 Months🔸(HSBC BANK)    *6 Months     *12 Months  🛟Cash on Delivery (Colombo    Only)🛟Delivery & Pickup Loacation -    Liberty Plaza Colombo 03🚨Authorised Dealer for:     For More Details Please          Contact us or Visit Our Web /Showroom🔶UPGRADE LANKA (PVT)Ltd No:1st Floor,Liberty Plaza"
Silver Ipad 6th Gen 128gb,"Rs 16,000",Unknown,https://ikman.lk/en/ad/silver-ipad-6th-gen-128gb-for-sale-kurunegala,,,,100% working128GBOnly wifi1st ownerBipased bcz of lost passwordOriginal Ipad 6th gen silver 128gbAfter connects to wifi can access internet all 100% workingicloud 100% working
Samsung Galaxy Tab S10 Lite 128GB,"Rs 99,990",Unknown,https://ikman.lk/en/ad/samsung-galaxy-tab-s10-lite-128gb-for-sale-colombo-1,,,,"📍 **MOBILE STUDIO**🔆 BRAND NEW SEALED PACK🔆 12 MONTHS WARRANTY🔆 100% ORIGINAL🔆 EXCHANGE POSSIBLE🔆 Card payment available for installment plans for selected cards only. Conditions apply.☀️ **CASH PRICE**🚨 **PLEASE NOTE:** Mobile prices are valid only when purchasing the total package (to avoid wholesale buyers).විශ්වාසවන්ත හා සුහදශීලී සේවාව සඳහා අප අමතන්න.★★★★★★ ★★★★★★ ★★★★★★# තරගකාරී මිල ගණන්# දුරකථන හුවමාරුව# ක්‍රෙඩිට් කාඩ් පත් මගින් ගෙවීම් හා තවත් ප්‍රතිලාභ රැසක්📞 **Call for more information****MOBILE STUDIO**📍 No. 250/42B, Ground Floor,Liberty Plaza,Colombo 03"
Samsung Galaxy TAB S10 FE PLUS 12GB 256GB,"Rs 214,990",Unknown,https://ikman.lk/en/ad/samsung-galaxy-tab-s10-fe-plus-12gb-256gb-for-sale-colombo-97,,,,"📍 **MOBILE STUDIO**🔆 BRAND NEW SEALED PACK🔆 12 MONTHS WARRANTY🔆 100% ORIGINAL🔆 EXCHANGE POSSIBLE🔆 Card payment available for installment plans for selected cards only. Conditions apply.☀️ **CASH PRICE**🚨 **PLEASE NOTE:** Mobile prices are valid only when purchasing the total package (to avoid wholesale buyers).විශ්වාසවන්ත හා සුහදශීලී සේවාව සඳහා අප අමතන්න.★★★★★★ ★★★★★★ ★★★★★★# තරගකාරී මිල ගණන්# දුරකථන හුවමාරුව# ක්‍රෙඩිට් කාඩ් පත් මගින් ගෙවීම් හා තවත් ප්‍රතිලාභ රැසක්📞 **Call for more information****MOBILE STUDIO**📍 No. 250/42B, Ground Floor,Liberty Plaza,Colombo 03"
Samsung Galaxy TAB S10 FE 8GB 128GB,"Rs 154,990",Unknown,https://ikman.lk/en/ad/samsung-galaxy-tab-s10-fe-8gb-128gb-for-sale-colombo-152,,,,"📍 **MOBILE STUDIO**🔆 BRAND NEW SEALED PACK🔆 12 MONTHS WARRANTY🔆 100% ORIGINAL🔆 EXCHANGE POSSIBLE🔆 Card payment available for installment plans for selected cards only. Conditions apply.☀️ **CASH PRICE**🚨 **PLEASE NOTE:** Mobile prices are valid only when purchasing the total package (to avoid wholesale buyers).විශ්වාසවන්ත හා සුහදශීලී සේවාව සඳහා අප අමතන්න.★★★★★★ ★★★★★★ ★★★★★★# තරගකාරී මිල ගණන්# දුරකථන හුවමාරුව# ක්‍රෙඩිට් කාඩ් පත් මගින් ගෙවීම් හා තවත් ප්‍රතිලාභ රැසක්📞 **Call for more information****MOBILE STUDIO**📍 No. 250/42B, Ground Floor,Liberty Plaza,Colombo 03"
Samsung Galaxy Tab S10 FE 5G 12GB 256GB,"Rs 194,990",Unknown,https://ikman.lk/en/ad/samsung-galaxy-tab-s10-fe-5g-12gb-256gb-for-sale-colombo-29,,,,"📍 **MOBILE STUDIO**🔆 BRAND NEW SEALED PACK🔆 12 MONTHS WARRANTY🔆 100% ORIGINAL🔆 EXCHANGE POSSIBLE🔆 Card payment available for installment plans for selected cards only. Conditions apply.☀️ **CASH PRICE**🚨 **PLEASE NOTE:** Mobile prices are valid only when purchasing the total package (to avoid wholesale buyers).විශ්වාසවන්ත හා සුහදශීලී සේවාව සඳහා අප අමතන්න.★★★★★★ ★★★★★★ ★★★★★★# තරගකාරී මිල ගණන්# දුරකථන හුවමාරුව# ක්‍රෙඩිට් කාඩ් පත් මගින් ගෙවීම් හා තවත් ප්‍රතිලාභ රැසක්📞 **Call for more information****MOBILE STUDIO**📍 No. 250/42B, Ground Floor,Liberty Plaza,Colombo 03"
Samsung Galaxy TAB S10 FE 8GB 128GB,"Rs 63,990",Unknown,https://ikman.lk/en/ad/samsung-galaxy-tab-s10-fe-8gb-128gb-for-sale-colombo-151,,,,"📍 **MOBILE STUDIO**🔆 BRAND NEW SEALED PACK🔆 12 MONTHS WARRANTY🔆 100% ORIGINAL🔆 EXCHANGE POSSIBLE🔆 Card payment available for installment plans for selected cards only. Conditions apply.☀️ **CASH PRICE**🚨 **PLEASE NOTE:** Mobile prices are valid only when purchasing the total package (to avoid wholesale buyers).විශ්වාසවන්ත හා සුහදශීලී සේවාව සඳහා අප අමතන්න.★★★★★★ ★★★★★★ ★★★★★★# තරගකාරී මිල ගණන්# දුරකථන හුවමාරුව# ක්‍රෙඩිට් කාඩ් පත් මගින් ගෙවීම් හා තවත් ප්‍රතිලාභ රැසක්📞 **Call for more information****MOBILE STUDIO**📍 No. 250/42B, Ground Floor,Liberty Plaza,Colombo 03"
Samsung Tab A11 4GB 64GB,"Rs 47,990",Unknown,https://ikman.lk/en/ad/samsung-tab-a11-4gb-64gb-for-sale-colombo-5,,,,"📍 **MOBILE STUDIO**🔆 BRAND NEW SEALED PACK🔆 12 MONTHS WARRANTY🔆 100% ORIGINAL🔆 EXCHANGE POSSIBLE🔆 Card payment available for installment plans for selected cards only. Conditions apply.☀️ **CASH PRICE**🚨 **PLEASE NOTE:** Mobile prices are valid only when purchasing the total package (to avoid wholesale buyers).විශ්වාසවන්ත හා සුහදශීලී සේවාව සඳහා අප අමතන්න.★★★★★★ ★★★★★★ ★★★★★★# තරගකාරී මිල ගණන්# දුරකථන හුවමාරුව# ක්‍රෙඩිට් කාඩ් පත් මගින් ගෙවීම් හා තවත් ප්‍රතිලාභ රැසක්📞 **Call for more information****MOBILE STUDIO**📍 No. 250/42B, Ground Floor,Liberty Plaza,Colombo 03"
Zigo Nebula Tablet – Excellent Condition Fully Working,"Rs 23,000",Unknown,https://ikman.lk/en/ad/zigo-nebula-tablet-excellent-condition-fully-working-for-sale-kandy,,,,"Display: 10.1"" IPS touchscreenResolution: 1280 × 800Processor: SC9863A Octa-CoreRAM: 4GBStorage: 64GB ROMOperating System: Android 11Network: 4G LTERear Camera: 8MP Auto Focus + FlashFront Camera: 5MPBattery: 6000mAhWi-Fi: 2.4GHz 802.11 b/g/nBluetooth: 4.2GPS: YesCharging/Port: USB Type-C with OTGHeadphone Jack: 3.5mmSpeakers: Dual speakersSIM: 4G SIM support✨ Condition: Tablet is in excellent working condition. Everything works 100% perfectly. The display has not even a single scratch and is very well maintained.⚠️ There is one small crack on the side/frame, which is clearly visible and is the only notable physical issue. It does not affect the display, touch functionality, or performance.📦 Ideal for: Online classes, studying, YouTube, browsing, social media, reading, entertainment and everyday use.Serious buyers are welcome to message me for more details/photos."
Samsung Galaxy S10 FE Plus 12GB 256GB,"Rs 179,480",Unknown,https://ikman.lk/en/ad/samsung-galaxy-s10-fe-plus-12gb-256gb-for-sale-colombo-284,,,,"NE❌️EL  ‎(Nexel)‎ Powering Your Tech Future PLEASE CALL BEFORE YOU REACH OUR SHOPTO CHECK WHETHER THE STOCK IS AVAILABLE OR NOT‎‎* Brand new Sealed Pack‎* 100% Genuine Products ‎* Credit Card Payments Accepted.(Condition Apply)‎* ⁠Prizes will change according to colour changes and country region‎*Best after sales support and service ‎*koko payment accepted 💫‎*one year warranty (Phones only )🔥*six months warranty (accessories)‎‎☆(SEYLAN BANK)‎●12 Months ‎●24 Months  ‎‎☆(COMMERCIAL BANK)‎●6 Months ‎●12 Months  ‎●18 Months ‎●24 Months ‎‎☆(SAMPATH BANK)‎●6 Months ‎●12 Months ‎●24 Months ‎●40 Months ‎‎*Cash on Delivery (Colombo Only)‎*Delivery & Pickup Loacation - Liberty Plaza Colombo 03 ‎‎Authorised Dealer for‎‎For More Details Please Contact us or Visit Our Showroom ‎‎NE❌️EL ‎No:1/34U 1st Floor,‎Liberty Plaza‎‎‎Bussines hours‎10.00 AM - 07.30 PM‎Chat on WhatsApp‎"
Samsung Galaxy S10 FE Plus,"Rs 156,480",Unknown,https://ikman.lk/en/ad/samsung-galaxy-s10-fe-plus-for-sale-colombo-10,,,,"NE❌️EL  ‎(Nexel)‎ Powering Your Tech Future PLEASE CALL BEFORE YOU REACH OUR SHOPTO CHECK WHETHER THE STOCK IS AVAILABLE OR NOT‎‎* Brand new Sealed Pack‎* 100% Genuine Products ‎* Credit Card Payments Accepted.(Condition Apply)‎* ⁠Prizes will change according to colour changes and country region‎*Best after sales support and service ‎*koko payment accepted 💫‎*one year warranty (Phones only )🔥*six months warranty (accessories)‎‎☆(SEYLAN BANK)‎●12 Months ‎●24 Months  ‎‎☆(COMMERCIAL BANK)‎●6 Months ‎●12 Months  ‎●18 Months ‎●24 Months ‎‎☆(SAMPATH BANK)‎●6 Months ‎●12 Months ‎●24 Months ‎●40 Months ‎‎*Cash on Delivery (Colombo Only)‎*Delivery & Pickup Loacation - Liberty Plaza Colombo 03 ‎‎Authorised Dealer for‎‎For More Details Please Contact us or Visit Our Showroom ‎‎NE❌️EL ‎No:1/34U 1st Floor,‎Liberty Plaza‎‎‎Bussines hours‎10.00 AM - 07.30 PM‎Chat on WhatsApp‎"
Samsung Galaxy Tab S10 FE Plus 12GB 256GB,"Rs 179,990",Unknown,https://ikman.lk/en/ad/samsung-galaxy-tab-s10-fe-plus-12gb-256gb-for-sale-colombo-96,,,,"NE❌️EL  ‎(Nexel)‎ Powering Your Tech Future PLEASE CALL BEFORE YOU REACH OUR SHOPTO CHECK WHETHER THE STOCK IS AVAILABLE OR NOT‎‎* Brand new Sealed Pack‎* 100% Genuine Products ‎* Credit Card Payments Accepted.(Condition Apply)‎* ⁠Prizes will change according to colour changes and country region‎*Best after sales support and service ‎*koko payment accepted 💫‎*one year warranty (Phones only )🔥*six months warranty (accessories)‎‎☆(SEYLAN BANK)‎●12 Months ‎●24 Months  ‎‎☆(COMMERCIAL BANK)‎●6 Months ‎●12 Months  ‎●18 Months ‎●24 Months ‎‎☆(SAMPATH BANK)‎●6 Months ‎●12 Months ‎●24 Months ‎●40 Months ‎‎*Cash on Delivery (Colombo Only)‎*Delivery & Pickup Loacation - Liberty Plaza Colombo 03 ‎‎Authorised Dealer for‎‎For More Details Please Contact us or Visit Our Showroom ‎‎NE❌️EL ‎No:1/34U 1st Floor,‎Liberty Plaza‎‎‎Bussines hours‎10.00 AM - 07.30 PM‎Chat on WhatsApp‎"
Samsung Galaxy S10 FE 12GB 256GB,"Rs 152,480",Unknown,https://ikman.lk/en/ad/samsung-galaxy-s10-fe-12gb-256gb-for-sale-colombo-568,,,,"NE❌️EL  ‎(Nexel)‎ Powering Your Tech Future PLEASE CALL BEFORE YOU REACH OUR SHOPTO CHECK WHETHER THE STOCK IS AVAILABLE OR NOT‎‎* Brand new Sealed Pack‎* 100% Genuine Products ‎* Credit Card Payments Accepted.(Condition Apply)‎* ⁠Prizes will change according to colour changes and country region‎*Best after sales support and service ‎*koko payment accepted 💫‎*one year warranty (Phones only )🔥*six months warranty (accessories)‎‎☆(SEYLAN BANK)‎●12 Months ‎●24 Months  ‎‎☆(COMMERCIAL BANK)‎●6 Months ‎●12 Months  ‎●18 Months ‎●24 Months ‎‎☆(SAMPATH BANK)‎●6 Months ‎●12 Months ‎●24 Months ‎●40 Months ‎‎*Cash on Delivery (Colombo Only)‎*Delivery & Pickup Loacation - Liberty Plaza Colombo 03 ‎‎Authorised Dealer for‎‎For More Details Please Contact us or Visit Our Showroom ‎‎NE❌️EL ‎No:1/34U 1st Floor,‎Liberty Plaza‎‎‎Bussines hours‎10.00 AM - 07.30 PM‎Chat on WhatsApp‎"
Samsung Galaxy Tab S10 Lite 6GB 128GB,"Rs 99,990",Unknown,https://ikman.lk/en/ad/samsung-galaxy-tab-s10-lite-6gb-128gb-for-sale-colombo-138,,,,"NE❌️EL  ‎(Nexel)‎ Powering Your Tech Future PLEASE CALL BEFORE YOU REACH OUR SHOPTO CHECK WHETHER THE STOCK IS AVAILABLE OR NOT‎‎* Brand new Sealed Pack‎* 100% Genuine Products ‎* Credit Card Payments Accepted.(Condition Apply)‎* ⁠Prizes will change according to colour changes and country region‎*Best after sales support and service ‎*koko payment accepted 💫‎*one year warranty (Phones only )🔥*six months warranty (accessories)‎‎☆(SEYLAN BANK)‎●12 Months ‎●24 Months  ‎‎☆(COMMERCIAL BANK)‎●6 Months ‎●12 Months  ‎●18 Months ‎●24 Months ‎‎☆(SAMPATH BANK)‎●6 Months ‎●12 Months ‎●24 Months ‎●40 Months ‎‎*Cash on Delivery (Colombo Only)‎*Delivery & Pickup Loacation - Liberty Plaza Colombo 03 ‎‎Authorised Dealer for‎‎For More Details Please Contact us or Visit Our Showroom ‎‎NE❌️EL ‎No:1/34U 1st Floor,‎Liberty Plaza‎‎‎Bussines hours‎10.00 AM - 07.30 PM‎Chat on WhatsApp‎"
Samsung Galaxy S10 FE 8GB 128GB,"Rs 114,570",Unknown,https://ikman.lk/en/ad/samsung-galaxy-s10-fe-8gb-128gb-for-sale-colombo-780,,,,"NE❌️EL  ‎(Nexel)‎ Powering Your Tech Future PLEASE CALL BEFORE YOU REACH OUR SHOPTO CHECK WHETHER THE STOCK IS AVAILABLE OR NOT‎‎* Brand new Sealed Pack‎* 100% Genuine Products ‎* Credit Card Payments Accepted.(Condition Apply)‎* ⁠Prizes will change according to colour changes and country region‎*Best after sales support and service ‎*koko payment accepted 💫‎*one year warranty (Phones only )🔥*six months warranty (accessories)‎‎☆(SEYLAN BANK)‎●12 Months ‎●24 Months  ‎‎☆(COMMERCIAL BANK)‎●6 Months ‎●12 Months  ‎●18 Months ‎●24 Months ‎‎☆(SAMPATH BANK)‎●6 Months ‎●12 Months ‎●24 Months ‎●40 Months ‎‎*Cash on Delivery (Colombo Only)‎*Delivery & Pickup Loacation - Liberty Plaza Colombo 03 ‎‎Authorised Dealer for‎‎For More Details Please Contact us or Visit Our Showroom ‎‎NE❌️EL ‎No:1/34U 1st Floor,‎Liberty Plaza‎‎‎Bussines hours‎10.00 AM - 07.30 PM‎Chat on WhatsApp‎"
Samsung Galaxy A11 8GB 128GB,"Rs 59,482",Unknown,https://ikman.lk/en/ad/samsung-galaxy-a11-8gb-128gb-for-sale-colombo-315,,,,"NE❌️EL  ‎(Nexel)‎ Powering Your Tech Future PLEASE CALL BEFORE YOU REACH OUR SHOPTO CHECK WHETHER THE STOCK IS AVAILABLE OR NOT‎‎* Brand new Sealed Pack‎* 100% Genuine Products ‎* Credit Card Payments Accepted.(Condition Apply)‎* ⁠Prizes will change according to colour changes and country region‎*Best after sales support and service ‎*koko payment accepted 💫‎*one year warranty (Phones only )🔥*six months warranty (accessories)‎‎☆(SEYLAN BANK)‎●12 Months ‎●24 Months  ‎‎☆(COMMERCIAL BANK)‎●6 Months ‎●12 Months  ‎●18 Months ‎●24 Months ‎‎☆(SAMPATH BANK)‎●6 Months ‎●12 Months ‎●24 Months ‎●40 Months ‎‎*Cash on Delivery (Colombo Only)‎*Delivery & Pickup Loacation - Liberty Plaza Colombo 03 ‎‎Authorised Dealer for‎‎For More Details Please Contact us or Visit Our Showroom ‎‎NE❌️EL ‎No:1/34U 1st Floor,‎Liberty Plaza‎‎‎Bussines hours‎10.00 AM - 07.30 PM‎Chat on WhatsApp‎"
Samsung Galaxy S10 Lite 8GB 256GB,"Rs 124,708",Unknown,https://ikman.lk/en/ad/samsung-galaxy-s10-lite-8gb-256gb-for-sale-colombo-195,,,,"NE❌️EL  ‎(Nexel)‎ Powering Your Tech Future PLEASE CALL BEFORE YOU REACH OUR SHOPTO CHECK WHETHER THE STOCK IS AVAILABLE OR NOT‎‎* Brand new Sealed Pack‎* 100% Genuine Products ‎* Credit Card Payments Accepted.(Condition Apply)‎* ⁠Prizes will change according to colour changes and country region‎*Best after sales support and service ‎*koko payment accepted 💫‎*one year warranty (Phones only )🔥*six months warranty (accessories)‎‎☆(SEYLAN BANK)‎●12 Months ‎●24 Months  ‎‎☆(COMMERCIAL BANK)‎●6 Months ‎●12 Months  ‎●18 Months ‎●24 Months ‎‎☆(SAMPATH BANK)‎●6 Months ‎●12 Months ‎●24 Months ‎●40 Months ‎‎*Cash on Delivery (Colombo Only)‎*Delivery & Pickup Loacation - Liberty Plaza Colombo 03 ‎‎Authorised Dealer for‎‎For More Details Please Contact us or Visit Our Showroom ‎‎NE❌️EL ‎No:1/34U 1st Floor,‎Liberty Plaza‎‎‎Bussines hours‎10.00 AM - 07.30 PM‎Chat on WhatsApp‎"
Samsung Galaxy S10 Lite 6GB 128GB,"Rs 103,450",Unknown,https://ikman.lk/en/ad/samsung-galaxy-s10-lite-6gb-128gb-for-sale-colombo-371,,,,"NE❌️EL  ‎(Nexel)‎ Powering Your Tech Future PLEASE CALL BEFORE YOU REACH OUR SHOPTO CHECK WHETHER THE STOCK IS AVAILABLE OR NOT‎‎* Brand new Sealed Pack‎* 100% Genuine Products ‎* Credit Card Payments Accepted.(Condition Apply)‎* ⁠Prizes will change according to colour changes and country region‎*Best after sales support and service ‎*koko payment accepted 💫‎*one year warranty (Phones only )🔥*six months warranty (accessories)‎‎☆(SEYLAN BANK)‎●12 Months ‎●24 Months  ‎‎☆(COMMERCIAL BANK)‎●6 Months ‎●12 Months  ‎●18 Months ‎●24 Months ‎‎☆(SAMPATH BANK)‎●6 Months ‎●12 Months ‎●24 Months ‎●40 Months ‎‎*Cash on Delivery (Colombo Only)‎*Delivery & Pickup Loacation - Liberty Plaza Colombo 03 ‎‎Authorised Dealer for‎‎For More Details Please Contact us or Visit Our Showroom ‎‎NE❌️EL ‎No:1/34U 1st Floor,‎Liberty Plaza‎‎‎Bussines hours‎10.00 AM - 07.30 PM‎Chat on WhatsApp‎"
Samsung Galaxy A11 Plus 5G 8GB 256GB,"Rs 99,480",Unknown,https://ikman.lk/en/ad/samsung-galaxy-a11-plus-5g-8gb-256gb-for-sale-colombo-4,,,,"NE❌️EL  ‎(Nexel)‎ Powering Your Tech Future PLEASE CALL BEFORE YOU REACH OUR SHOPTO CHECK WHETHER THE STOCK IS AVAILABLE OR NOT‎‎* Brand new Sealed Pack‎* 100% Genuine Products ‎* Credit Card Payments Accepted.(Condition Apply)‎* ⁠Prizes will change according to colour changes and country region‎*Best after sales support and service ‎*koko payment accepted 💫‎*one year warranty (Phones only )🔥*six months warranty (accessories)‎‎☆(SEYLAN BANK)‎●12 Months ‎●24 Months  ‎‎☆(COMMERCIAL BANK)‎●6 Months ‎●12 Months  ‎●18 Months ‎●24 Months ‎‎☆(SAMPATH BANK)‎●6 Months ‎●12 Months ‎●24 Months ‎●40 Months ‎‎*Cash on Delivery (Colombo Only)‎*Delivery & Pickup Loacation - Liberty Plaza Colombo 03 ‎‎Authorised Dealer for‎‎For More Details Please Contact us or Visit Our Showroom ‎‎NE❌️EL ‎No:1/34U 1st Floor,‎Liberty Plaza‎‎‎Bussines hours‎10.00 AM - 07.30 PM‎Chat on WhatsApp‎"
Galaxy Tab S10 FE 12GB 256GB,"Rs 148,990",Unknown,https://ikman.lk/en/ad/galaxy-tab-s10-fe-12gb-256gb-for-sale-colombo-2,,,,"NE❌️EL  ‎(Nexel)‎ Powering Your Tech Future PLEASE CALL BEFORE YOU REACH OUR SHOPTO CHECK WHETHER THE STOCK IS AVAILABLE OR NOT‎‎* Brand new Sealed Pack‎* 100% Genuine Products ‎* Credit Card Payments Accepted.(Condition Apply)‎* ⁠Prizes will change according to colour changes and country region‎*Best after sales support and service ‎*koko payment accepted 💫‎*one year warranty (Phones only )🔥*six months warranty (accessories)‎‎☆(SEYLAN BANK)‎●12 Months ‎●24 Months  ‎‎☆(COMMERCIAL BANK)‎●6 Months ‎●12 Months  ‎●18 Months ‎●24 Months ‎‎☆(SAMPATH BANK)‎●6 Months ‎●12 Months ‎●24 Months ‎●40 Months ‎‎*Cash on Delivery (Colombo Only)‎*Delivery & Pickup Loacation - Liberty Plaza Colombo 03 ‎‎Authorised Dealer for‎‎For More Details Please Contact us or Visit Our Showroom ‎‎NE❌️EL ‎No:1/34U 1st Floor,‎Liberty Plaza‎‎‎Bussines hours‎10.00 AM - 07.30 PM‎Chat on WhatsApp‎"
Samsung Galaxy Tab S10 Plus 12GB 256GB,"Rs 229,990",Unknown,https://ikman.lk/en/ad/samsung-galaxy-tab-s10-plus-12gb-256gb-for-sale-colombo-216,,,,"NE❌️EL  ‎(Nexel)‎ Powering Your Tech Future PLEASE CALL BEFORE YOU REACH OUR SHOPTO CHECK WHETHER THE STOCK IS AVAILABLE OR NOT‎‎* Brand new Sealed Pack‎* 100% Genuine Products ‎* Credit Card Payments Accepted.(Condition Apply)‎* ⁠Prizes will change according to colour changes and country region‎*Best after sales support and service ‎*koko payment accepted 💫‎*one year warranty (Phones only )🔥*six months warranty (accessories)‎‎☆(SEYLAN BANK)‎●12 Months ‎●24 Months  ‎‎☆(COMMERCIAL BANK)‎●6 Months ‎●12 Months  ‎●18 Months ‎●24 Months ‎‎☆(SAMPATH BANK)‎●6 Months ‎●12 Months ‎●24 Months ‎●40 Months ‎‎*Cash on Delivery (Colombo Only)‎*Delivery & Pickup Loacation - Liberty Plaza Colombo 03 ‎‎Authorised Dealer for‎‎For More Details Please Contact us or Visit Our Showroom ‎‎NE❌️EL ‎No:1/34U 1st Floor,‎Liberty Plaza‎‎‎Bussines hours‎10.00 AM - 07.30 PM‎Chat on WhatsApp‎"
Samsung Galaxy A11 8GB 128GB,"Rs 59,480",Unknown,https://ikman.lk/en/ad/samsung-galaxy-a11-8gb-128gb-for-sale-colombo-314,,,,"NE❌️EL  ‎(Nexel)‎ Powering Your Tech Future PLEASE CALL BEFORE YOU REACH OUR SHOPTO CHECK WHETHER THE STOCK IS AVAILABLE OR NOT‎‎* Brand new Sealed Pack‎* 100% Genuine Products ‎* Credit Card Payments Accepted.(Condition Apply)‎* ⁠Prizes will change according to colour changes and country region‎*Best after sales support and service ‎*koko payment accepted 💫‎*one year warranty (Phones only )🔥*six months warranty (accessories)‎‎☆(SEYLAN BANK)‎●12 Months ‎●24 Months  ‎‎☆(COMMERCIAL BANK)‎●6 Months ‎●12 Months  ‎●18 Months ‎●24 Months ‎‎☆(SAMPATH BANK)‎●6 Months ‎●12 Months ‎●24 Months ‎●40 Months ‎‎*Cash on Delivery (Colombo Only)‎*Delivery & Pickup Loacation - Liberty Plaza Colombo 03 ‎‎Authorised Dealer for‎‎For More Details Please Contact us or Visit Our Showroom ‎‎NE❌️EL ‎No:1/34U 1st Floor,‎Liberty Plaza‎‎‎Bussines hours‎10.00 AM - 07.30 PM‎Chat on WhatsApp‎"
Samsung Galaxy Tab S10 FE 5G 12GB 256GB,"Rs 189,900",Unknown,https://ikman.lk/en/ad/samsung-galaxy-tab-s10-fe-5g-12gb-256gb-for-sale-colombo-28,,,,"NE❌️EL  ‎(Nexel)‎ Powering Your Tech Future PLEASE CALL BEFORE YOU REACH OUR SHOPTO CHECK WHETHER THE STOCK IS AVAILABLE OR NOT‎‎* Brand new Sealed Pack‎* 100% Genuine Products ‎* Credit Card Payments Accepted.(Condition Apply)‎* ⁠Prizes will change according to colour changes and country region‎*Best after sales support and service ‎*koko payment accepted 💫‎*one year warranty (Phones only )🔥*six months warranty (accessories)‎‎☆(SEYLAN BANK)‎●12 Months ‎●24 Months  ‎‎☆(COMMERCIAL BANK)‎●6 Months ‎●12 Months  ‎●18 Months ‎●24 Months ‎‎☆(SAMPATH BANK)‎●6 Months ‎●12 Months ‎●24 Months ‎●40 Months ‎‎*Cash on Delivery (Colombo Only)‎*Delivery & Pickup Loacation - Liberty Plaza Colombo 03 ‎‎Authorised Dealer for‎‎For More Details Please Contact us or Visit Our Showroom ‎‎NE❌️EL ‎No:1/34U 1st Floor,‎Liberty Plaza‎‎‎Bussines hours‎10.00 AM - 07.30 PM‎Chat on WhatsApp‎"
Samsung Galaxy A11 4GB 64GB,"Rs 45,800",Unknown,https://ikman.lk/en/ad/samsung-galaxy-a11-4gb-64gb-for-sale-colombo-328,,,,"NE❌️EL  ‎(Nexel)‎ Powering Your Tech Future PLEASE CALL BEFORE YOU REACH OUR SHOPTO CHECK WHETHER THE STOCK IS AVAILABLE OR NOT‎‎* Brand new Sealed Pack‎* 100% Genuine Products ‎* Credit Card Payments Accepted.(Condition Apply)‎* ⁠Prizes will change according to colour changes and country region‎*Best after sales support and service ‎*koko payment accepted 💫‎*one year warranty (Phones only )🔥*six months warranty (accessories)‎‎☆(SEYLAN BANK)‎●12 Months ‎●24 Months  ‎‎☆(COMMERCIAL BANK)‎●6 Months ‎●12 Months  ‎●18 Months ‎●24 Months ‎‎☆(SAMPATH BANK)‎●6 Months ‎●12 Months ‎●24 Months ‎●40 Months ‎‎*Cash on Delivery (Colombo Only)‎*Delivery & Pickup Loacation - Liberty Plaza Colombo 03 ‎‎Authorised Dealer for‎‎For More Details Please Contact us or Visit Our Showroom ‎‎NE❌️EL ‎No:1/34U 1st Floor,‎Liberty Plaza‎‎‎Bussines hours‎10.00 AM - 07.30 PM‎Chat on WhatsApp‎"
Samsung Galaxy Tab S11 Ultra 5G 12GB 256GB,"Rs 399,990",Unknown,https://ikman.lk/en/ad/samsung-galaxy-tab-s11-ultra-5g-12gb-256gb-for-sale-colombo-17,,,,"NE❌️EL  ‎(Nexel)‎ Powering Your Tech Future PLEASE CALL BEFORE YOU REACH OUR SHOPTO CHECK WHETHER THE STOCK IS AVAILABLE OR NOT‎‎* Brand new Sealed Pack‎* 100% Genuine Products ‎* Credit Card Payments Accepted.(Condition Apply)‎* ⁠Prizes will change according to colour changes and country region‎*Best after sales support and service ‎*koko payment accepted 💫‎*one year warranty (Phones only )🔥*six months warranty (accessories)‎‎☆(SEYLAN BANK)‎●12 Months ‎●24 Months  ‎‎☆(COMMERCIAL BANK)‎●6 Months ‎●12 Months  ‎●18 Months ‎●24 Months ‎‎☆(SAMPATH BANK)‎●6 Months ‎●12 Months ‎●24 Months ‎●40 Months ‎‎*Cash on Delivery (Colombo Only)‎*Delivery & Pickup Loacation - Liberty Plaza Colombo 03 ‎‎Authorised Dealer for‎‎For More Details Please Contact us or Visit Our Showroom ‎‎NE❌️EL ‎No:1/34U 1st Floor,‎Liberty Plaza‎‎‎Bussines hours‎10.00 AM - 07.30 PM‎Chat on WhatsApp‎"
Samsung Galaxy Tab S10 Plus 12GB 256GB With Ai Keyboards,"Rs 264,990",Unknown,https://ikman.lk/en/ad/samsung-galaxy-tab-s10-plus-12gb-256gb-with-ai-keyboards-for-sale-colombo-1,,,,"NE❌️EL  ‎(Nexel)‎ Powering Your Tech Future PLEASE CALL BEFORE YOU REACH OUR SHOPTO CHECK WHETHER THE STOCK IS AVAILABLE OR NOT‎‎* Brand new Sealed Pack‎* 100% Genuine Products ‎* Credit Card Payments Accepted.(Condition Apply)‎* ⁠Prizes will change according to colour changes and country region‎*Best after sales support and service ‎*koko payment accepted 💫‎*one year warranty (Phones only )🔥*six months warranty (accessories)‎‎☆(SEYLAN BANK)‎●12 Months ‎●24 Months  ‎‎☆(COMMERCIAL BANK)‎●6 Months ‎●12 Months  ‎●18 Months ‎●24 Months ‎‎☆(SAMPATH BANK)‎●6 Months ‎●12 Months ‎●24 Months ‎●40 Months ‎‎*Cash on Delivery (Colombo Only)‎*Delivery & Pickup Loacation - Liberty Plaza Colombo 03 ‎‎Authorised Dealer for‎‎For More Details Please Contact us or Visit Our Showroom ‎‎NE❌️EL ‎No:1/34U 1st Floor,‎Liberty Plaza‎‎‎Bussines hours‎10.00 AM - 07.30 PM‎Chat on WhatsApp‎"
Samsung Galaxy A11 Plus 8GB 256GB,"Rs 107,999",Unknown,https://ikman.lk/en/ad/samsung-galaxy-a11-plus-8gb-256gb-for-sale-colombo-198,,,,"🔵UPGRADE LANKA (PVT)Ltd    🔹 Tech,trends &more✅ Brand new Sealed Pack✅100% Genuine Products✅Credit Card Payments      Accepted.(Condition Apply)✅Prices will change Day by Day, According to color, country / Region✅After sales service and support   will be provided✅koko payment accepted (condition  Apply)✅one year warranty/ company warranty for limited stocks.✅ZERO % AVAILABLE FOR (HNB  CARDS).🔸(SEYLAN BANK)     •12 Months     •24 Months🔸(COMMERCIAL BANK)    • 6 Months    •12 Months    •18 Months    •24 Months🔸(SAMPATH BANK)    •6 Months    •12 Months    •24 Months    •40 Months🔸(HSBC BANK)    *6 Months     *12 Months  🛟Cash on Delivery (Colombo    Only)🛟Delivery & Pickup Loacation -    Liberty Plaza Colombo 03🚨Authorised Dealer for:     For More Details Please          Contact us or Visit Our Web /Showroom🔶UPGRADE LANKA (PVT)Ltd No:1st Floor,Liberty Plaza"
Samsung Galaxy A11 Plus 6GB 128GB,"Rs 84,999",Unknown,https://ikman.lk/en/ad/samsung-galaxy-a11-plus-6gb-128gb-for-sale-colombo-173,,,,"🔵UPGRADE LANKA (PVT)Ltd    🔹 Tech,trends &more✅ Brand new Sealed Pack✅100% Genuine Products✅Credit Card Payments      Accepted.(Condition Apply)✅Prices will change Day by Day, According to color, country / Region✅After sales service and support   will be provided✅koko payment accepted (condition  Apply)✅one year warranty/ company warranty for limited stocks.✅ZERO % AVAILABLE FOR (HNB  CARDS).🔸(SEYLAN BANK)     •12 Months     •24 Months🔸(COMMERCIAL BANK)    • 6 Months    •12 Months    •18 Months    •24 Months🔸(SAMPATH BANK)    •6 Months    •12 Months    •24 Months    •40 Months🔸(HSBC BANK)    *6 Months     *12 Months  🛟Cash on Delivery (Colombo    Only)🛟Delivery & Pickup Loacation -    Liberty Plaza Colombo 03🚨Authorised Dealer for:     For More Details Please          Contact us or Visit Our Web /Showroom🔶UPGRADE LANKA (PVT)Ltd No:1st Floor,Liberty Plaza"
Samsung Galaxy S11 Ultra 12GB 512GB,"Rs 436,999",Unknown,https://ikman.lk/en/ad/samsung-galaxy-s11-ultra-12gb-512gb-for-sale-colombo-5,,,,"🔵UPGRADE LANKA (PVT)Ltd    🔹 Tech,trends &more✅ Brand new Sealed Pack✅100% Genuine Products✅Credit Card Payments      Accepted.(Condition Apply)✅Prices will change Day by Day, According to color, country / Region✅After sales service and support   will be provided✅koko payment accepted (condition  Apply)✅one year warranty/ company warranty for limited stocks.✅ZERO % AVAILABLE FOR (HNB  CARDS).🔸(SEYLAN BANK)     •12 Months     •24 Months🔸(COMMERCIAL BANK)    • 6 Months    •12 Months    •18 Months    •24 Months🔸(SAMPATH BANK)    •6 Months    •12 Months    •24 Months    •40 Months🔸(HSBC BANK)    *6 Months     *12 Months  🛟Cash on Delivery (Colombo    Only)🛟Delivery & Pickup Loacation -    Liberty Plaza Colombo 03🚨Authorised Dealer for:     For More Details Please          Contact us or Visit Our Web /Showroom🔶UPGRADE LANKA (PVT)Ltd No:1st Floor,Liberty Plaza"
Samsung Galaxy S11 Ultra 5G 12GB 256GB,"Rs 416,999",Unknown,https://ikman.lk/en/ad/samsung-galaxy-s11-ultra-5g-12gb-256gb-for-sale-colombo-24,,,,"🔵UPGRADE LANKA (PVT)Ltd    🔹 Tech,trends &more✅ Brand new Sealed Pack✅100% Genuine Products✅Credit Card Payments      Accepted.(Condition Apply)✅Prices will change Day by Day, According to color, country / Region✅After sales service and support   will be provided✅koko payment accepted (condition  Apply)✅one year warranty/ company warranty for limited stocks.✅ZERO % AVAILABLE FOR (HNB  CARDS).🔸(SEYLAN BANK)     •12 Months     •24 Months🔸(COMMERCIAL BANK)    • 6 Months    •12 Months    •18 Months    •24 Months🔸(SAMPATH BANK)    •6 Months    •12 Months    •24 Months    •40 Months🔸(HSBC BANK)    *6 Months     *12 Months  🛟Cash on Delivery (Colombo    Only)🛟Delivery & Pickup Loacation -    Liberty Plaza Colombo 03🚨Authorised Dealer for:     For More Details Please          Contact us or Visit Our Web /Showroom🔶UPGRADE LANKA (PVT)Ltd No:1st Floor,Liberty Plaza"
Samsung Galaxy S11 Ultra 12GB 256GB,"Rs 342,000",Unknown,https://ikman.lk/en/ad/samsung-galaxy-s11-ultra-12gb-256gb-for-sale-colombo-212,,,,"🔵UPGRADE LANKA (PVT)Ltd    🔹 Tech,trends &more✅ Brand new Sealed Pack✅100% Genuine Products✅Credit Card Payments      Accepted.(Condition Apply)✅Prices will change Day by Day, According to color, country / Region✅After sales service and support   will be provided✅koko payment accepted (condition  Apply)✅one year warranty/ company warranty for limited stocks.✅ZERO % AVAILABLE FOR (HNB  CARDS).🔸(SEYLAN BANK)     •12 Months     •24 Months🔸(COMMERCIAL BANK)    • 6 Months    •12 Months    •18 Months    •24 Months🔸(SAMPATH BANK)    •6 Months    •12 Months    •24 Months    •40 Months🔸(HSBC BANK)    *6 Months     *12 Months  🛟Cash on Delivery (Colombo    Only)🛟Delivery & Pickup Loacation -    Liberty Plaza Colombo 03🚨Authorised Dealer for:     For More Details Please          Contact us or Visit Our Web /Showroom🔶UPGRADE LANKA (PVT)Ltd No:1st Floor,Liberty Plaza"
Samsung Galaxy Tab S10 FE 8GB 128GB Wi-Fi,"Rs 127,900",Unknown,https://ikman.lk/en/ad/samsung-galaxy-tab-s10-fe-8gb-128gb-wi-fi-for-sale-colombo-1,,,,"📱 **Samsung Galaxy Tab S10 FE – 8GB RAM | 128GB Storage | Wi-Fi*🔹 **Product Highlights**✅ 8GB RAM + 128GB Storage – Smooth multitasking with ample storage✅ Large High-Resolution Display – Perfect for work, entertainment & creativity✅ Powerful Processor – Fast and efficient performance✅ Wi-Fi Connectivity – Fast browsing, streaming & downloads✅ S Pen Support – Ideal for note-taking and drawing✅ Long-Lasting Battery – Power through your day with ease✅ Fast Charging Support – Quick and convenient charging✅ Premium Slim Design – Stylish, lightweight and durable✅ 100% Original | Brand New | Sealed Box💥💥 **Available Now!** 💥💥🚚 **Delivery Options**🏍️ Colombo Doorstep Delivery📦 Island-wide Delivery via Courier Service📞 Call now to arrange your delivery!🏧 **Easy Installment Plans Available (T&C Apply)**💳 Sampath Bank💳 HSBC💳 People’s Bank💳 Commercial Bank💳 Seylan Bank📍 **Visit Us**Your Mobile StoreLiberty Plaza / Colombo Area📞 Contact Us Today for More Information!🕘 **Business Hours**🗓️ Monday – Saturday: 10:00 AM – 7:30 PM🗓️ Sunday: 10:00 AM – 6:00 PM"
Galaxy S11 12GB 128GB,"Rs 219,999",Unknown,https://ikman.lk/en/ad/galaxy-s11-12gb-128gb-for-sale-colombo-7,,,,"🔵UPGRADE LANKA (PVT)Ltd    🔹 Tech,trends &more✅ Brand new Sealed Pack✅100% Genuine Products✅Credit Card Payments      Accepted.(Condition Apply)✅Prices will change Day by Day, According to color, country / Region✅After sales service and support   will be provided✅koko payment accepted (condition  Apply)✅one year warranty/ company warranty for limited stocks.✅ZERO % AVAILABLE FOR (HNB  CARDS).🔸(SEYLAN BANK)     •12 Months     •24 Months🔸(COMMERCIAL BANK)    • 6 Months    •12 Months    •18 Months    •24 Months🔸(SAMPATH BANK)    •6 Months    •12 Months    •24 Months    •40 Months🔸(HSBC BANK)    *6 Months     *12 Months  🛟Cash on Delivery (Colombo    Only)🛟Delivery & Pickup Loacation -    Liberty Plaza Colombo 03🚨Authorised Dealer for:     For More Details Please          Contact us or Visit Our Web /Showroom🔶UPGRADE LANKA (PVT)Ltd No:1st Floor,Liberty Plaza"
Galaxy S11 5G 12GB 256GB,"Rs 321,999",Unknown,https://ikman.lk/en/ad/galaxy-s11-5g-12gb-256gb-for-sale-colombo-4,,,,"🔵UPGRADE LANKA (PVT)Ltd    🔹 Tech,trends &more✅ Brand new Sealed Pack✅100% Genuine Products✅Credit Card Payments      Accepted.(Condition Apply)✅Prices will change Day by Day, According to color, country / Region✅After sales service and support   will be provided✅koko payment accepted (condition  Apply)✅one year warranty/ company warranty for limited stocks.✅ZERO % AVAILABLE FOR (HNB  CARDS).🔸(SEYLAN BANK)     •12 Months     •24 Months🔸(COMMERCIAL BANK)    • 6 Months    •12 Months    •18 Months    •24 Months🔸(SAMPATH BANK)    •6 Months    •12 Months    •24 Months    •40 Months🔸(HSBC BANK)    *6 Months     *12 Months  🛟Cash on Delivery (Colombo    Only)🛟Delivery & Pickup Loacation -    Liberty Plaza Colombo 03🚨Authorised Dealer for:     For More Details Please          Contact us or Visit Our Web /Showroom🔶UPGRADE LANKA (PVT)Ltd No:1st Floor,Liberty Plaza"
Samsung Galaxy S10 FE Plus 5G 12GB 256GB,"Rs 227,999",Unknown,https://ikman.lk/en/ad/samsung-galaxy-s10-fe-plus-5g-12gb-256gb-for-sale-colombo-13,,,,"🔵UPGRADE LANKA (PVT)Ltd    🔹 Tech,trends &more✅ Brand new Sealed Pack✅100% Genuine Products✅Credit Card Payments      Accepted.(Condition Apply)✅Prices will change Day by Day, According to color, country / Region✅After sales service and support   will be provided✅koko payment accepted (condition  Apply)✅one year warranty/ company warranty for limited stocks.✅ZERO % AVAILABLE FOR (HNB  CARDS).🔸(SEYLAN BANK)     •12 Months     •24 Months🔸(COMMERCIAL BANK)    • 6 Months    •12 Months    •18 Months    •24 Months🔸(SAMPATH BANK)    •6 Months    •12 Months    •24 Months    •40 Months🔸(HSBC BANK)    *6 Months     *12 Months  🛟Cash on Delivery (Colombo    Only)🛟Delivery & Pickup Loacation -    Liberty Plaza Colombo 03🚨Authorised Dealer for:     For More Details Please          Contact us or Visit Our Web /Showroom🔶UPGRADE LANKA (PVT)Ltd No:1st Floor,Liberty Plaza"
Samsung Galaxy S10 FE Plus 12GB 256GB,"Rs 187,999",Unknown,https://ikman.lk/en/ad/samsung-galaxy-s10-fe-plus-12gb-256gb-for-sale-colombo-283,,,,"🔵UPGRADE LANKA (PVT)Ltd    🔹 Tech,trends &more✅ Brand new Sealed Pack✅100% Genuine Products✅Credit Card Payments      Accepted.(Condition Apply)✅Prices will change Day by Day, According to color, country / Region✅After sales service and support   will be provided✅koko payment accepted (condition  Apply)✅one year warranty/ company warranty for limited stocks.✅ZERO % AVAILABLE FOR (HNB  CARDS).🔸(SEYLAN BANK)     •12 Months     •24 Months🔸(COMMERCIAL BANK)    • 6 Months    •12 Months    •18 Months    •24 Months🔸(SAMPATH BANK)    •6 Months    •12 Months    •24 Months    •40 Months🔸(HSBC BANK)    *6 Months     *12 Months  🛟Cash on Delivery (Colombo    Only)🛟Delivery & Pickup Loacation -    Liberty Plaza Colombo 03🚨Authorised Dealer for:     For More Details Please          Contact us or Visit Our Web /Showroom🔶UPGRADE LANKA (PVT)Ltd No:1st Floor,Liberty Plaza"
Galaxy S10 FE Plus 5G 8GB 128GB,"Rs 203,999",Unknown,https://ikman.lk/en/ad/galaxy-s10-fe-plus-5g-8gb-128gb-for-sale-colombo-3,,,,"🔵UPGRADE LANKA (PVT)Ltd    🔹 Tech,trends &more✅ Brand new Sealed Pack✅100% Genuine Products✅Credit Card Payments      Accepted.(Condition Apply)✅Prices will change Day by Day, According to color, country / Region✅After sales service and support   will be provided✅koko payment accepted (condition  Apply)✅one year warranty/ company warranty for limited stocks.✅ZERO % AVAILABLE FOR (HNB  CARDS).🔸(SEYLAN BANK)     •12 Months     •24 Months🔸(COMMERCIAL BANK)    • 6 Months    •12 Months    •18 Months    •24 Months🔸(SAMPATH BANK)    •6 Months    •12 Months    •24 Months    •40 Months🔸(HSBC BANK)    *6 Months     *12 Months  🛟Cash on Delivery (Colombo    Only)🛟Delivery & Pickup Loacation -    Liberty Plaza Colombo 03🚨Authorised Dealer for:     For More Details Please          Contact us or Visit Our Web /Showroom🔶UPGRADE LANKA (PVT)Ltd No:1st Floor,Liberty Plaza"
Galaxy S10 FE Plus 8GB 128GB,"Rs 170,999",Unknown,https://ikman.lk/en/ad/galaxy-s10-fe-plus-8gb-128gb-for-sale-colombo-260,,,,"🔵UPGRADE LANKA (PVT)Ltd    🔹 Tech,trends &more✅ Brand new Sealed Pack✅100% Genuine Products✅Credit Card Payments      Accepted.(Condition Apply)✅Prices will change Day by Day, According to color, country / Region✅After sales service and support   will be provided✅koko payment accepted (condition  Apply)✅one year warranty/ company warranty for limited stocks.✅ZERO % AVAILABLE FOR (HNB  CARDS).🔸(SEYLAN BANK)     •12 Months     •24 Months🔸(COMMERCIAL BANK)    • 6 Months    •12 Months    •18 Months    •24 Months🔸(SAMPATH BANK)    •6 Months    •12 Months    •24 Months    •40 Months🔸(HSBC BANK)    *6 Months     *12 Months  🛟Cash on Delivery (Colombo    Only)🛟Delivery & Pickup Loacation -    Liberty Plaza Colombo 03🚨Authorised Dealer for:     For More Details Please          Contact us or Visit Our Web /Showroom🔶UPGRADE LANKA (PVT)Ltd No:1st Floor,Liberty Plaza"
Sasmung Galaxy S10 FE 5G 12GB 256GB,"Rs 202,999",Unknown,https://ikman.lk/en/ad/sasmung-galaxy-s10-fe-5g-12gb-256gb-for-sale-colombo,,,,"🔵UPGRADE LANKA (PVT)Ltd    🔹 Tech,trends &more✅ Brand new Sealed Pack✅100% Genuine Products✅Credit Card Payments      Accepted.(Condition Apply)✅Prices will change Day by Day, According to color, country / Region✅After sales service and support   will be provided✅koko payment accepted (condition  Apply)✅one year warranty/ company warranty for limited stocks.✅ZERO % AVAILABLE FOR (HNB  CARDS).🔸(SEYLAN BANK)     •12 Months     •24 Months🔸(COMMERCIAL BANK)    • 6 Months    •12 Months    •18 Months    •24 Months🔸(SAMPATH BANK)    •6 Months    •12 Months    •24 Months    •40 Months🔸(HSBC BANK)    *6 Months     *12 Months  🛟Cash on Delivery (Colombo    Only)🛟Delivery & Pickup Loacation -    Liberty Plaza Colombo 03🚨Authorised Dealer for:     For More Details Please          Contact us or Visit Our Web /Showroom🔶UPGRADE LANKA (PVT)Ltd No:1st Floor,Liberty Plaza"
Samsung Galaxy S10 FE 12GB 256GB,"Rs 156,999",Unknown,https://ikman.lk/en/ad/samsung-galaxy-s10-fe-12gb-256gb-for-sale-colombo-567,,,,"🔵UPGRADE LANKA (PVT)Ltd    🔹 Tech,trends &more✅ Brand new Sealed Pack✅100% Genuine Products✅Credit Card Payments      Accepted.(Condition Apply)✅Prices will change Day by Day, According to color, country / Region✅After sales service and support   will be provided✅koko payment accepted (condition  Apply)✅one year warranty/ company warranty for limited stocks.✅ZERO % AVAILABLE FOR (HNB  CARDS).🔸(SEYLAN BANK)     •12 Months     •24 Months🔸(COMMERCIAL BANK)    • 6 Months    •12 Months    •18 Months    •24 Months🔸(SAMPATH BANK)    •6 Months    •12 Months    •24 Months    •40 Months🔸(HSBC BANK)    *6 Months     *12 Months  🛟Cash on Delivery (Colombo    Only)🛟Delivery & Pickup Loacation -    Liberty Plaza Colombo 03🚨Authorised Dealer for:     For More Details Please          Contact us or Visit Our Web /Showroom🔶UPGRADE LANKA (PVT)Ltd No:1st Floor,Liberty Plaza"
Samsung Galaxy S10 FE 8GB 128GB,"Rs 128,999",Unknown,https://ikman.lk/en/ad/samsung-galaxy-s10-fe-8gb-128gb-for-sale-colombo-779,,,,"🔵UPGRADE LANKA (PVT)Ltd    🔹 Tech,trends &more✅ Brand new Sealed Pack✅100% Genuine Products✅Credit Card Payments      Accepted.(Condition Apply)✅Prices will change Day by Day, According to color, country / Region✅After sales service and support   will be provided✅koko payment accepted (condition  Apply)✅one year warranty/ company warranty for limited stocks.✅ZERO % AVAILABLE FOR (HNB  CARDS).🔸(SEYLAN BANK)     •12 Months     •24 Months🔸(COMMERCIAL BANK)    • 6 Months    •12 Months    •18 Months    •24 Months🔸(SAMPATH BANK)    •6 Months    •12 Months    •24 Months    •40 Months🔸(HSBC BANK)    *6 Months     *12 Months  🛟Cash on Delivery (Colombo    Only)🛟Delivery & Pickup Loacation -    Liberty Plaza Colombo 03🚨Authorised Dealer for:     For More Details Please          Contact us or Visit Our Web /Showroom🔶UPGRADE LANKA (PVT)Ltd No:1st Floor,Liberty Plaza"
S10 LITE 4/128GB,"Rs 100,999",Unknown,https://ikman.lk/en/ad/s10-lite-4-128gb-for-sale-colombo,,,,"📍TECHXPERT TECHNOLOGY (PVT) LTD🔆BRAND NEW SEALED PACK🔆 12 MONTHS WARRANTY🔆 100% ORIGINAL 🔆 EXCHANGE POSSIBLE🔆Card payment available for installments plans for selected cards only condition apply ☀️ CASH PRICE —🚨PLEASE NOTE : MOBILE PRICE VALID FOR ONLY WHEN YOU ARE PURCHASING TOTAL PACKAGE (TO AVOID WHOLESALE BUYERS)විශ්වාසවන්ත හා සුහදශීලී සේවාව සඳහා  අප අමතන්න.786# තරගකාරී මිල ගණන්# දුරකථන හුවමාරුව # ක්‍රෙඩිට් කාඩ් පත් මගින් ගෙවීම් හා  තවත් ප්‍රතිලාභ රැසක්★★★★★★ ★★★★★★ ★★★★★★ TECHXPERT TECHNOLOGY (PVT) LTDCall - No.1/34R, First Floor, Liberty Plaza, Colombo 03"
S10 FE 8GB 128GB,"Rs 154,999",Unknown,https://ikman.lk/en/ad/s10-fe-8gb-128gb-for-sale-colombo-91,,,,"📍TECHXPERT TECHNOLOGY (PVT) LTD🔆BRAND NEW SEALED PACK🔆 12 MONTHS WARRANTY🔆 100% ORIGINAL 🔆 EXCHANGE POSSIBLE🔆Card payment available for installments plans for selected cards only condition apply ☀️ CASH PRICE —🚨PLEASE NOTE : MOBILE PRICE VALID FOR ONLY WHEN YOU ARE PURCHASING TOTAL PACKAGE (TO AVOID WHOLESALE BUYERS)විශ්වාසවන්ත හා සුහදශීලී සේවාව සඳහා  අප අමතන්න.786# තරගකාරී මිල ගණන්# දුරකථන හුවමාරුව # ක්‍රෙඩිට් කාඩ් පත් මගින් ගෙවීම් හා  තවත් ප්‍රතිලාභ රැසක්★★★★★★ ★★★★★★ ★★★★★★ TECHXPERT TECHNOLOGY (PVT) LTDCall - No.1/34R, First Floor, Liberty Plaza, Colombo 03"
S10 FE 12/256GB,"Rs 194,999",Unknown,https://ikman.lk/en/ad/s10-fe-12-256gb-for-sale-colombo-2,,,,"📍TECHXPERT TECHNOLOGY (PVT) LTD🔆BRAND NEW SEALED PACK🔆 12 MONTHS WARRANTY🔆 100% ORIGINAL 🔆 EXCHANGE POSSIBLE🔆Card payment available for installments plans for selected cards only condition apply ☀️ CASH PRICE —🚨PLEASE NOTE : MOBILE PRICE VALID FOR ONLY WHEN YOU ARE PURCHASING TOTAL PACKAGE (TO AVOID WHOLESALE BUYERS)විශ්වාසවන්ත හා සුහදශීලී සේවාව සඳහා  අප අමතන්න.786# තරගකාරී මිල ගණන්# දුරකථන හුවමාරුව # ක්‍රෙඩිට් කාඩ් පත් මගින් ගෙවීම් හා  තවත් ප්‍රතිලාභ රැසක්★★★★★★ ★★★★★★ ★★★★★★ TECHXPERT TECHNOLOGY (PVT) LTDCall - No.1/34R, First Floor, Liberty Plaza, Colombo 03"
Samsung Galaxy S10 Plus 5G 12GB 256GB,"Rs 281,999",Unknown,https://ikman.lk/en/ad/samsung-galaxy-s10-plus-5g-12gb-256gb-for-sale-colombo-23,,,,"🔵UPGRADE LANKA (PVT)Ltd    🔹 Tech,trends &more✅ Brand new Sealed Pack✅100% Genuine Products✅Credit Card Payments      Accepted.(Condition Apply)✅Prices will change Day by Day, According to color, country / Region✅After sales service and support   will be provided✅koko payment accepted (condition  Apply)✅one year warranty/ company warranty for limited stocks.✅ZERO % AVAILABLE FOR (HNB  CARDS).🔸(SEYLAN BANK)     •12 Months     •24 Months🔸(COMMERCIAL BANK)    • 6 Months    •12 Months    •18 Months    •24 Months🔸(SAMPATH BANK)    •6 Months    •12 Months    •24 Months    •40 Months🔸(HSBC BANK)    *6 Months     *12 Months  🛟Cash on Delivery (Colombo    Only)🛟Delivery & Pickup Loacation -    Liberty Plaza Colombo 03🚨Authorised Dealer for:     For More Details Please          Contact us or Visit Our Web /Showroom🔶UPGRADE LANKA (PVT)Ltd No:1st Floor,Liberty Plaza"
TAB A11 8GB 128GB,"Rs 67,999",Unknown,https://ikman.lk/en/ad/tab-a11-8gb-128gb-for-sale-colombo-27,,,,"📍TECHXPERT TECHNOLOGY (PVT) LTD🔆BRAND NEW SEALED PACK🔆 12 MONTHS WARRANTY🔆 100% ORIGINAL 🔆 EXCHANGE POSSIBLE🔆Card payment available for installments plans for selected cards only condition apply ☀️ CASH PRICE —🚨PLEASE NOTE : MOBILE PRICE VALID FOR ONLY WHEN YOU ARE PURCHASING TOTAL PACKAGE (TO AVOID WHOLESALE BUYERS)විශ්වාසවන්ත හා සුහදශීලී සේවාව සඳහා  අප අමතන්න.786# තරගකාරී මිල ගණන්# දුරකථන හුවමාරුව # ක්‍රෙඩිට් කාඩ් පත් මගින් ගෙවීම් හා  තවත් ප්‍රතිලාභ රැසක්★★★★★★ ★★★★★★ ★★★★★★ TECHXPERT TECHNOLOGY (PVT) LTDCall - No.1/34R, First Floor, Liberty Plaza, Colombo 03"
TAB A11 4GB 64GB,"Rs 47,999",Unknown,https://ikman.lk/en/ad/tab-a11-4gb-64gb-for-sale-colombo-27,,,,"📍TECHXPERT TECHNOLOGY (PVT) LTD🔆BRAND NEW SEALED PACK🔆 12 MONTHS WARRANTY🔆 100% ORIGINAL 🔆 EXCHANGE POSSIBLE🔆Card payment available for installments plans for selected cards only condition apply ☀️ CASH PRICE —🚨PLEASE NOTE : MOBILE PRICE VALID FOR ONLY WHEN YOU ARE PURCHASING TOTAL PACKAGE (TO AVOID WHOLESALE BUYERS)විශ්වාසවන්ත හා සුහදශීලී සේවාව සඳහා  අප අමතන්න.786# තරගකාරී මිල ගණන්# දුරකථන හුවමාරුව # ක්‍රෙඩිට් කාඩ් පත් මගින් ගෙවීම් හා  තවත් ප්‍රතිලාභ රැසක්★★★★★★ ★★★★★★ ★★★★★★ TECHXPERT TECHNOLOGY (PVT) LTDCall - No.1/34R, First Floor, Liberty Plaza, Colombo 03"
Samsung Galaxy S10 Lite 6GB 128GB,"Rs 104,999",Unknown,https://ikman.lk/en/ad/samsung-galaxy-s10-lite-6gb-128gb-for-sale-colombo-370,,,,"🔵UPGRADE LANKA (PVT)Ltd    🔹 Tech,trends &more✅ Brand new Sealed Pack✅100% Genuine Products✅Credit Card Payments      Accepted.(Condition Apply)✅Prices will change Day by Day, According to color, country / Region✅After sales service and support   will be provided✅koko payment accepted (condition  Apply)✅one year warranty/ company warranty for limited stocks.✅ZERO % AVAILABLE FOR (HNB  CARDS).🔸(SEYLAN BANK)     •12 Months     •24 Months🔸(COMMERCIAL BANK)    • 6 Months    •12 Months    •18 Months    •24 Months🔸(SAMPATH BANK)    •6 Months    •12 Months    •24 Months    •40 Months🔸(HSBC BANK)    *6 Months     *12 Months  🛟Cash on Delivery (Colombo    Only)🛟Delivery & Pickup Loacation -    Liberty Plaza Colombo 03🚨Authorised Dealer for:     For More Details Please          Contact us or Visit Our Web /Showroom🔶UPGRADE LANKA (PVT)Ltd No:1st Floor,Liberty Plaza"
Samsung Galaxy S10 Lite 5G 6GB 128GB,"Rs 129,999",Unknown,https://ikman.lk/en/ad/samsung-galaxy-s10-lite-5g-6gb-128gb-for-sale-colombo-90,,,,"🔵UPGRADE LANKA (PVT)Ltd    🔹 Tech,trends &more✅ Brand new Sealed Pack✅100% Genuine Products✅Credit Card Payments      Accepted.(Condition Apply)✅Prices will change Day by Day, According to color, country / Region✅After sales service and support   will be provided✅koko payment accepted (condition  Apply)✅one year warranty/ company warranty for limited stocks.✅ZERO % AVAILABLE FOR (HNB  CARDS).🔸(SEYLAN BANK)     •12 Months     •24 Months🔸(COMMERCIAL BANK)    • 6 Months    •12 Months    •18 Months    •24 Months🔸(SAMPATH BANK)    •6 Months    •12 Months    •24 Months    •40 Months🔸(HSBC BANK)    *6 Months     *12 Months  🛟Cash on Delivery (Colombo    Only)🛟Delivery & Pickup Loacation -    Liberty Plaza Colombo 03🚨Authorised Dealer for:     For More Details Please          Contact us or Visit Our Web /Showroom🔶UPGRADE LANKA (PVT)Ltd No:1st Floor,Liberty Plaza"
galaxy Tab A7 10.4 inches,"Rs 22,000",Unknown,https://ikman.lk/en/ad/galaxy-tab-a7-104-inches-for-sale-colombo,,,,Samsung Galaxy Tab A7  10.4 inches large display 7040mah large battery(superb battery life)Good condition Cellular + wifi3gb ram32gb storageEvery app working smoothly
Samsung Galaxy S10 LITE 6GB 128GB,"Rs 103,982",Unknown,https://ikman.lk/en/ad/samsung-galaxy-s10-lite-6gb-128gb-for-sale-colombo-369,,,,"NE❌️EL  ‎(Nexel)‎ Powering Your Tech Future PLEASE CALL BEFORE YOU REACH OUR SHOPTO CHECK WHETHER THE STOCK IS AVAILABLE OR NOT‎‎* Brand new Sealed Pack‎* 100% Genuine Products ‎* Credit Card Payments Accepted.(Condition Apply)‎* ⁠Prizes will change according to colour changes and country region‎*Best after sales support and service ‎*koko payment accepted 💫‎*one year warranty (Phones only )🔥*six months warranty (accessories)‎‎☆(SEYLAN BANK)‎●12 Months ‎●24 Months  ‎‎☆(COMMERCIAL BANK)‎●6 Months ‎●12 Months  ‎●18 Months ‎●24 Months ‎‎☆(SAMPATH BANK)‎●6 Months ‎●12 Months ‎●24 Months ‎●40 Months ‎‎*Cash on Delivery (Colombo Only)‎*Delivery & Pickup Loacation - Liberty Plaza Colombo 03 ‎‎Authorised Dealer for‎‎For More Details Please Contact us or Visit Our Showroom ‎‎NE❌️EL ‎No:1/34U 1st Floor,‎Liberty Plaza‎‎‎Bussines hours‎10.00 AM - 07.30 PM‎Chat on WhatsApp‎"
Samssung Galaxy S10 FE Plus 12GB 256GB,"Rs 179,850",Unknown,https://ikman.lk/en/ad/samssung-galaxy-s10-fe-plus-12gb-256gb-for-sale-colombo,,,,"NE❌️EL  ‎(Nexel)‎ Powering Your Tech Future PLEASE CALL BEFORE YOU REACH OUR SHOPTO CHECK WHETHER THE STOCK IS AVAILABLE OR NOT‎‎* Brand new Sealed Pack‎* 100% Genuine Products ‎* Credit Card Payments Accepted.(Condition Apply)‎* ⁠Prizes will change according to colour changes and country region‎*Best after sales support and service ‎*koko payment accepted 💫‎*one year warranty (Phones only )🔥*six months warranty (accessories)‎‎☆(SEYLAN BANK)‎●12 Months ‎●24 Months  ‎‎☆(COMMERCIAL BANK)‎●6 Months ‎●12 Months  ‎●18 Months ‎●24 Months ‎‎☆(SAMPATH BANK)‎●6 Months ‎●12 Months ‎●24 Months ‎●40 Months ‎‎*Cash on Delivery (Colombo Only)‎*Delivery & Pickup Loacation - Liberty Plaza Colombo 03 ‎‎Authorised Dealer for‎‎For More Details Please Contact us or Visit Our Showroom ‎‎NE❌️EL ‎No:1/34U 1st Floor,‎Liberty Plaza‎‎‎Bussines hours‎10.00 AM - 07.30 PM‎Chat on WhatsApp‎"
Samsung Galaxy S10 FE Plus 8GB 128GB,"Rs 155,980",Unknown,https://ikman.lk/en/ad/samsung-galaxy-s10-fe-plus-8gb-128gb-for-sale-colombo-307,,,,"NE❌️EL  ‎(Nexel)‎ Powering Your Tech Future PLEASE CALL BEFORE YOU REACH OUR SHOPTO CHECK WHETHER THE STOCK IS AVAILABLE OR NOT‎‎* Brand new Sealed Pack‎* 100% Genuine Products ‎* Credit Card Payments Accepted.(Condition Apply)‎* ⁠Prizes will change according to colour changes and country region‎*Best after sales support and service ‎*koko payment accepted 💫‎*one year warranty (Phones only )🔥*six months warranty (accessories)‎‎☆(SEYLAN BANK)‎●12 Months ‎●24 Months  ‎‎☆(COMMERCIAL BANK)‎●6 Months ‎●12 Months  ‎●18 Months ‎●24 Months ‎‎☆(SAMPATH BANK)‎●6 Months ‎●12 Months ‎●24 Months ‎●40 Months ‎‎*Cash on Delivery (Colombo Only)‎*Delivery & Pickup Loacation - Liberty Plaza Colombo 03 ‎‎Authorised Dealer for‎‎For More Details Please Contact us or Visit Our Showroom ‎‎NE❌️EL ‎No:1/34U 1st Floor,‎Liberty Plaza‎‎‎Bussines hours‎10.00 AM - 07.30 PM‎Chat on WhatsApp‎"
Samsung Galaxy S10 FE 12GB 256GB,"Rs 152,980",Unknown,https://ikman.lk/en/ad/samsung-galaxy-s10-fe-12gb-256gb-for-sale-colombo-566,,,,"NE❌️EL  ‎(Nexel)‎ Powering Your Tech Future PLEASE CALL BEFORE YOU REACH OUR SHOPTO CHECK WHETHER THE STOCK IS AVAILABLE OR NOT‎‎* Brand new Sealed Pack‎* 100% Genuine Products ‎* Credit Card Payments Accepted.(Condition Apply)‎* ⁠Prizes will change according to colour changes and country region‎*Best after sales support and service ‎*koko payment accepted 💫‎*one year warranty (Phones only )🔥*six months warranty (accessories)‎‎☆(SEYLAN BANK)‎●12 Months ‎●24 Months  ‎‎☆(COMMERCIAL BANK)‎●6 Months ‎●12 Months  ‎●18 Months ‎●24 Months ‎‎☆(SAMPATH BANK)‎●6 Months ‎●12 Months ‎●24 Months ‎●40 Months ‎‎*Cash on Delivery (Colombo Only)‎*Delivery & Pickup Loacation - Liberty Plaza Colombo 03 ‎‎Authorised Dealer for‎‎For More Details Please Contact us or Visit Our Showroom ‎‎NE❌️EL ‎No:1/34U 1st Floor,‎Liberty Plaza‎‎‎Bussines hours‎10.00 AM - 07.30 PM‎Chat on WhatsApp‎"
Samsung Galaxy S10 FE 8GB 128GB,"Rs 114,980",Unknown,https://ikman.lk/en/ad/samsung-galaxy-s10-fe-8gb-128gb-for-sale-colombo-777,,,,"NE❌️EL  ‎(Nexel)‎ Powering Your Tech Future PLEASE CALL BEFORE YOU REACH OUR SHOPTO CHECK WHETHER THE STOCK IS AVAILABLE OR NOT‎‎* Brand new Sealed Pack‎* 100% Genuine Products ‎* Credit Card Payments Accepted.(Condition Apply)‎* ⁠Prizes will change according to colour changes and country region‎*Best after sales support and service ‎*koko payment accepted 💫‎*one year warranty (Phones only )🔥*six months warranty (accessories)‎‎☆(SEYLAN BANK)‎●12 Months ‎●24 Months  ‎‎☆(COMMERCIAL BANK)‎●6 Months ‎●12 Months  ‎●18 Months ‎●24 Months ‎‎☆(SAMPATH BANK)‎●6 Months ‎●12 Months ‎●24 Months ‎●40 Months ‎‎*Cash on Delivery (Colombo Only)‎*Delivery & Pickup Loacation - Liberty Plaza Colombo 03 ‎‎Authorised Dealer for‎‎For More Details Please Contact us or Visit Our Showroom ‎‎NE❌️EL ‎No:1/34U 1st Floor,‎Liberty Plaza‎‎‎Bussines hours‎10.00 AM - 07.30 PM‎Chat on WhatsApp‎"
Samsung Galaxy S10 Lite 8GB 256GB,"Rs 124,980",Unknown,https://ikman.lk/en/ad/samsung-galaxy-s10-lite-8gb-256gb-for-sale-colombo-194,,,,"NE❌️EL  ‎(Nexel)‎ Powering Your Tech Future PLEASE CALL BEFORE YOU REACH OUR SHOPTO CHECK WHETHER THE STOCK IS AVAILABLE OR NOT‎‎* Brand new Sealed Pack‎* 100% Genuine Products ‎* Credit Card Payments Accepted.(Condition Apply)‎* ⁠Prizes will change according to colour changes and country region‎*Best after sales support and service ‎*koko payment accepted 💫‎*one year warranty (Phones only )🔥*six months warranty (accessories)‎‎☆(SEYLAN BANK)‎●12 Months ‎●24 Months  ‎‎☆(COMMERCIAL BANK)‎●6 Months ‎●12 Months  ‎●18 Months ‎●24 Months ‎‎☆(SAMPATH BANK)‎●6 Months ‎●12 Months ‎●24 Months ‎●40 Months ‎‎*Cash on Delivery (Colombo Only)‎*Delivery & Pickup Loacation - Liberty Plaza Colombo 03 ‎‎Authorised Dealer for‎‎For More Details Please Contact us or Visit Our Showroom ‎‎NE❌️EL ‎No:1/34U 1st Floor,‎Liberty Plaza‎‎‎Bussines hours‎10.00 AM - 07.30 PM‎Chat on WhatsApp‎"
Samsung Galaxy A11+ 5G 8GB 256GB,"Rs 99,780",Unknown,https://ikman.lk/en/ad/samsung-galaxy-a11-5g-8gb-256gb-for-sale-colombo-13,,,,"NE❌️EL  ‎(Nexel)‎ Powering Your Tech Future PLEASE CALL BEFORE YOU REACH OUR SHOPTO CHECK WHETHER THE STOCK IS AVAILABLE OR NOT‎‎* Brand new Sealed Pack‎* 100% Genuine Products ‎* Credit Card Payments Accepted.(Condition Apply)‎* ⁠Prizes will change according to colour changes and country region‎*Best after sales support and service ‎*koko payment accepted 💫‎*one year warranty (Phones only )🔥*six months warranty (accessories)‎‎☆(SEYLAN BANK)‎●12 Months ‎●24 Months  ‎‎☆(COMMERCIAL BANK)‎●6 Months ‎●12 Months  ‎●18 Months ‎●24 Months ‎‎☆(SAMPATH BANK)‎●6 Months ‎●12 Months ‎●24 Months ‎●40 Months ‎‎*Cash on Delivery (Colombo Only)‎*Delivery & Pickup Loacation - Liberty Plaza Colombo 03 ‎‎Authorised Dealer for‎‎For More Details Please Contact us or Visit Our Showroom ‎‎NE❌️EL ‎No:1/34U 1st Floor,‎Liberty Plaza‎‎‎Bussines hours‎10.00 AM - 07.30 PM‎Chat on WhatsApp‎"
MacBook Air M4 16GB 256GB,"Rs 349,900",Unknown,https://ikman.lk/en/ad/macbook-air-m4-16gb-256gb-for-sale-colombo-67,,,,MacBook Air M416GB | 256GBFull-set BoxBattery health 100%Cycle count 19Apple care warranty June 2027 Available
Samsung Galaxy A11 8GB 128GB,"Rs 59,805",Unknown,https://ikman.lk/en/ad/samsung-galaxy-a11-8gb-128gb-for-sale-colombo-313,,,,"NE❌️EL  ‎(Nexel)‎ Powering Your Tech Future PLEASE CALL BEFORE YOU REACH OUR SHOPTO CHECK WHETHER THE STOCK IS AVAILABLE OR NOT‎‎* Brand new Sealed Pack‎* 100% Genuine Products ‎* Credit Card Payments Accepted.(Condition Apply)‎* ⁠Prizes will change according to colour changes and country region‎*Best after sales support and service ‎*koko payment accepted 💫‎*one year warranty (Phones only )🔥*six months warranty (accessories)‎‎☆(SEYLAN BANK)‎●12 Months ‎●24 Months  ‎‎☆(COMMERCIAL BANK)‎●6 Months ‎●12 Months  ‎●18 Months ‎●24 Months ‎‎☆(SAMPATH BANK)‎●6 Months ‎●12 Months ‎●24 Months ‎●40 Months ‎‎*Cash on Delivery (Colombo Only)‎*Delivery & Pickup Loacation - Liberty Plaza Colombo 03 ‎‎Authorised Dealer for‎‎For More Details Please Contact us or Visit Our Showroom ‎‎NE❌️EL ‎No:1/34U 1st Floor,‎Liberty Plaza‎‎‎Bussines hours‎10.00 AM - 07.30 PM‎Chat on WhatsApp‎"
Samsung Galaxy A11 4GB 64GB,"Rs 45,180",Unknown,https://ikman.lk/en/ad/samsung-galaxy-a11-4gb-64gb-for-sale-colombo-327,,,,"NE❌️EL  ‎(Nexel)‎ Powering Your Tech Future PLEASE CALL BEFORE YOU REACH OUR SHOPTO CHECK WHETHER THE STOCK IS AVAILABLE OR NOT‎‎* Brand new Sealed Pack‎* 100% Genuine Products ‎* Credit Card Payments Accepted.(Condition Apply)‎* ⁠Prizes will change according to colour changes and country region‎*Best after sales support and service ‎*koko payment accepted 💫‎*one year warranty (Phones only )🔥*six months warranty (accessories)‎‎☆(SEYLAN BANK)‎●12 Months ‎●24 Months  ‎‎☆(COMMERCIAL BANK)‎●6 Months ‎●12 Months  ‎●18 Months ‎●24 Months ‎‎☆(SAMPATH BANK)‎●6 Months ‎●12 Months ‎●24 Months ‎●40 Months ‎‎*Cash on Delivery (Colombo Only)‎*Delivery & Pickup Loacation - Liberty Plaza Colombo 03 ‎‎Authorised Dealer for‎‎For More Details Please Contact us or Visit Our Showroom ‎‎NE❌️EL ‎No:1/34U 1st Floor,‎Liberty Plaza‎‎‎Bussines hours‎10.00 AM - 07.30 PM‎Chat on WhatsApp‎"
Samsung Galaxy S11 5G 12/256 with keyboard,"Rs 339,500",Unknown,https://ikman.lk/en/ad/samsung-galaxy-s11-5g-12-256-with-keyboard-for-sale-colombo-8,,,,"X-MOBILESAMSUNG GALAXY• Brand New Sealed Pack• 100% Genuine Products• Credit Card Payments Accepted (Conditions Apply)• Best After-Sales Support and Service• One Year Software Warranty• Additional charges apply for hardware warranty• Cash on Delivery (Colombo Only)• Delivery  Pickup Location - Liberty Plaza, Colombo 03• රටේ පවතින තත්ත්වය හේතුවෙන් ජංගම දුරකථනවල මිල ගණන් දවසින් දවස වෙනස් වන බැවින්, කරුණාකර අප වෙත ඇමතුමක් ලබාදී අද දින මිල ගණන් අහන්න.Authorized Dealer for:Flexible Payment Options:• Installment plans available for up to 40 months• 0% Interest Financing Available for Bank Installments (Terms and Conditions Apply)• Koko Payment Options Available (Terms and Conditions Apply)For More Details, Please Contact Us or Visit Our ShowroomX Mobile  No: 42N, Ground Floor,  Liberty Plaza,  Colombo 03  Google Search ""X MOBILE"" for DirectionsBusiness Hours:  10:00 AM - 07:00 PMChat with Us on WhatsAppGet your items delivered to you! 🔥"
Samsung Galaxy S11 12/128GB,"Rs 205,500",Unknown,https://ikman.lk/en/ad/samsung-galaxy-s11-12-128gb-for-sale-colombo-36,,,,"X-MOBILESAMSUNG GALAXY• Brand New Sealed Pack• 100% Genuine Products• Credit Card Payments Accepted (Conditions Apply)• Best After-Sales Support and Service• One Year Software Warranty• Additional charges apply for hardware warranty• Cash on Delivery (Colombo Only)• Delivery  Pickup Location - Liberty Plaza, Colombo 03• රටේ පවතින තත්ත්වය හේතුවෙන් ජංගම දුරකථනවල මිල ගණන් දවසින් දවස වෙනස් වන බැවින්, කරුණාකර අප වෙත ඇමතුමක් ලබාදී අද දින මිල ගණන් අහන්න.Authorized Dealer for:Flexible Payment Options:• Installment plans available for up to 40 months• 0% Interest Financing Available for Bank Installments (Terms and Conditions Apply)• Koko Payment Options Available (Terms and Conditions Apply)For More Details, Please Contact Us or Visit Our ShowroomX Mobile  No: 42N, Ground Floor,  Liberty Plaza,  Colombo 03  Google Search ""X MOBILE"" for DirectionsBusiness Hours:  10:00 AM - 07:00 PMChat with Us on WhatsAppGet your items delivered to you! 🔥"
Samsung Galaxy S11 12/256GB,"Rs 249,500",Unknown,https://ikman.lk/en/ad/samsung-galaxy-s11-12-256gb-for-sale-colombo-65,,,,"X-MOBILESAMSUNG GALAXY• Brand New Sealed Pack• 100% Genuine Products• Credit Card Payments Accepted (Conditions Apply)• Best After-Sales Support and Service• One Year Software Warranty• Additional charges apply for hardware warranty• Cash on Delivery (Colombo Only)• Delivery  Pickup Location - Liberty Plaza, Colombo 03• රටේ පවතින තත්ත්වය හේතුවෙන් ජංගම දුරකථනවල මිල ගණන් දවසින් දවස වෙනස් වන බැවින්, කරුණාකර අප වෙත ඇමතුමක් ලබාදී අද දින මිල ගණන් අහන්න.Authorized Dealer for:Flexible Payment Options:• Installment plans available for up to 40 months• 0% Interest Financing Available for Bank Installments (Terms and Conditions Apply)• Koko Payment Options Available (Terms and Conditions Apply)For More Details, Please Contact Us or Visit Our ShowroomX Mobile  No: 42N, Ground Floor,  Liberty Plaza,  Colombo 03  Google Search ""X MOBILE"" for DirectionsBusiness Hours:  10:00 AM - 07:00 PMChat with Us on WhatsAppGet your items delivered to you! 🔥"
Samsung Galaxy S11 Ultra 12/256GB,"Rs 349,500",Unknown,https://ikman.lk/en/ad/samsung-galaxy-s11-ultra-12-256gb-for-sale-colombo-73,,,,"X-MOBILESAMSUNG GALAXY• Brand New Sealed Pack• 100% Genuine Products• Credit Card Payments Accepted (Conditions Apply)• Best After-Sales Support and Service• One Year Software Warranty• Additional charges apply for hardware warranty• Cash on Delivery (Colombo Only)• Delivery  Pickup Location - Liberty Plaza, Colombo 03• රටේ පවතින තත්ත්වය හේතුවෙන් ජංගම දුරකථනවල මිල ගණන් දවසින් දවස වෙනස් වන බැවින්, කරුණාකර අප වෙත ඇමතුමක් ලබාදී අද දින මිල ගණන් අහන්න.Authorized Dealer for:Flexible Payment Options:• Installment plans available for up to 40 months• 0% Interest Financing Available for Bank Installments (Terms and Conditions Apply)• Koko Payment Options Available (Terms and Conditions Apply)For More Details, Please Contact Us or Visit Our ShowroomX Mobile  No: 42N, Ground Floor,  Liberty Plaza,  Colombo 03  Google Search ""X MOBILE"" for DirectionsBusiness Hours:  10:00 AM - 07:00 PMChat with Us on WhatsAppGet your items delivered to you! 🔥"
Samsung Galaxy S10 lite 8/256GB,"Rs 129,500",Unknown,https://ikman.lk/en/ad/samsung-galaxy-s10-lite-8-256gb-for-sale-colombo-38,,,,"X-MOBILESAMSUNG GALAXY• Brand New Sealed Pack• 100% Genuine Products• Credit Card Payments Accepted (Conditions Apply)• Best After-Sales Support and Service• One Year Software Warranty• Additional charges apply for hardware warranty• Cash on Delivery (Colombo Only)• Delivery  Pickup Location - Liberty Plaza, Colombo 03• රටේ පවතින තත්ත්වය හේතුවෙන් ජංගම දුරකථනවල මිල ගණන් දවසින් දවස වෙනස් වන බැවින්, කරුණාකර අප වෙත ඇමතුමක් ලබාදී අද දින මිල ගණන් අහන්න.Flexible Payment Options:• Installment plans available for up to 40 months• 0% Interest Financing Available for Bank Installments (Terms and Conditions Apply)• Koko Payment Options Available (Terms and Conditions Apply)For More Details, Please Contact Us or Visit Our ShowroomX Mobile  No: 42N, Ground Floor,  Liberty Plaza,  Colombo 03  Google Search ""X MOBILE"" for DirectionsBusiness Hours:  10:00 AM - 07:00 PMChat with Us on WhatsAppGet your items delivered to you! 🔥"
Samsung Galaxy S6 Lite,"Rs 70,000",Unknown,https://ikman.lk/en/ad/samsung-galaxy-s6light-for-sale-colombo,,,,Samsung Galaxy S6 light 2year usageGood condition 6GB ram 64GB storage10*4 inches size Samsung chargerBrand new orginal samsung pen
Samsung Galaxy S10 Lite 6/128GB,"Rs 104,500",Unknown,https://ikman.lk/en/ad/samsung-galaxy-s10-lite-6-128gb-for-sale-colombo-73,,,,"X-MOBILESAMSUNG GALAXY• Brand New Sealed Pack• 100% Genuine Products• Credit Card Payments Accepted (Conditions Apply)• Best After-Sales Support and Service• One Year Software Warranty• Additional charges apply for hardware warranty• Cash on Delivery (Colombo Only)• Delivery  Pickup Location - Liberty Plaza, Colombo 03• රටේ පවතින තත්ත්වය හේතුවෙන් ජංගම දුරකථනවල මිල ගණන් දවසින් දවස වෙනස් වන බැවින්, කරුණාකර අප වෙත ඇමතුමක් ලබාදී අද දින මිල ගණන් අහන්න.Flexible Payment Options:• Installment plans available for up to 40 months• 0% Interest Financing Available for Bank Installments (Terms and Conditions Apply)• Koko Payment Options Available (Terms and Conditions Apply)For More Details, Please Contact Us or Visit Our ShowroomX Mobile  No: 42N, Ground Floor,  Liberty Plaza,  Colombo 03  Google Search ""X MOBILE"" for DirectionsBusiness Hours:  10:00 AM - 07:00 PMChat with Us on WhatsAppGet your items delivered to you! 🔥"
Samsung Galaxy S6 Lite 4/128GB,"Rs 93,500",Unknown,https://ikman.lk/en/ad/samsung-galaxy-s6-lite-4-128gb-for-sale-colombo-55,,,,"X-MOBILESAMSUNG GALAXY• Brand New Sealed Pack• 100% Genuine Products• Credit Card Payments Accepted (Conditions Apply)• Best After-Sales Support and Service• One Year Software Warranty• Additional charges apply for hardware warranty• Cash on Delivery (Colombo Only)• Delivery  Pickup Location - Liberty Plaza, Colombo 03• රටේ පවතින තත්ත්වය හේතුවෙන් ජංගම දුරකථනවල මිල ගණන් දවසින් දවස වෙනස් වන බැවින්, කරුණාකර අප වෙත ඇමතුමක් ලබාදී අද දින මිල ගණන් අහන්න.Authorized Dealer for:iPhone | Samsung | Oppo | Huawei | Nokia | Xiaomi | Realme | VivoFlexible Payment Options:• Installment plans available for up to 40 months• 0% Interest Financing Available for Bank Installments (Terms and Conditions Apply)• Koko Payment Options Available (Terms and Conditions Apply)For More Details, Please Contact Us or Visit Our ShowroomX Mobile  No: 42N, Ground Floor,  Liberty Plaza,  Colombo 03  Google Search ""X MOBILE"" for DirectionsBusiness Hours:  10:00 AM - 07:00 PMChat with Us on WhatsAppGet your items delivered to you! 🔥"
Samsung Galaxy S10 plus 12/256GB with Keyboard,"Rs 250,500",Unknown,https://ikman.lk/en/ad/samsung-galaxy-s10-plus-12-256gb-with-keyboard-for-sale-colombo-13,,,,"X-MOBILESAMSUNG GALAXY• Brand New Sealed Pack• 100% Genuine Products• Credit Card Payments Accepted (Conditions Apply)• Best After-Sales Support and Service• One Year Software Warranty• Additional charges apply for hardware warranty• Cash on Delivery (Colombo Only)• Delivery  Pickup Location - Liberty Plaza, Colombo 03• රටේ පවතින තත්ත්වය හේතුවෙන් ජංගම දුරකථනවල මිල ගණන් දවසින් දවස වෙනස් වන බැවින්, කරුණාකර අප වෙත ඇමතුමක් ලබාදී අද දින මිල ගණන් අහන්න.Flexible Payment Options:• Installment plans available for up to 40 months• 0% Interest Financing Available for Bank Installments (Terms and Conditions Apply)• Koko Payment Options Available (Terms and Conditions Apply)For More Details, Please Contact Us or Visit Our ShowroomX Mobile  No: 42N, Ground Floor,  Liberty Plaza,  Colombo 03  Google Search ""X MOBILE"" for DirectionsBusiness Hours:  10:00 AM - 07:00 PMChat with Us on WhatsAppGet your items delivered to you! 🔥"
Samsung Galaxy S10 Plus 12/256GB,"Rs 225,500",Unknown,https://ikman.lk/en/ad/samsung-galaxy-s10-plus-12-256gb-for-sale-colombo-88,,,,"X-MOBILESAMSUNG GALAXY• Brand New Sealed Pack• 100% Genuine Products• Credit Card Payments Accepted (Conditions Apply)• Best After-Sales Support and Service• One Year Software Warranty• Additional charges apply for hardware warranty• Cash on Delivery (Colombo Only)• Delivery  Pickup Location - Liberty Plaza, Colombo 03• රටේ පවතින තත්ත්වය හේතුවෙන් ජංගම දුරකථනවල මිල ගණන් දවසින් දවස වෙනස් වන බැවින්, කරුණාකර අප වෙත ඇමතුමක් ලබාදී අද දින මිල ගණන් අහන්න.Flexible Payment Options:• Installment plans available for up to 40 months• 0% Interest Financing Available for Bank Installments (Terms and Conditions Apply)• Koko Payment Options Available (Terms and Conditions Apply)For More Details, Please Contact Us or Visit Our ShowroomX Mobile  No: 42N, Ground Floor,  Liberty Plaza,  Colombo 03  Google Search ""X MOBILE"" for DirectionsBusiness Hours:  10:00 AM - 07:00 PMChat with Us on WhatsAppGet your items delivered to you! 🔥"
Samsung Galaxy S10 Ultra 12/256GB,"Rs 270,500",Unknown,https://ikman.lk/en/ad/samsung-galaxy-s10-ultra-12-256gb-for-sale-colombo-85,,,,"X-MOBILESAMSUNG GALAXY• Brand New Sealed Pack• 100% Genuine Products• Credit Card Payments Accepted (Conditions Apply)• Best After-Sales Support and Service• One Year Software Warranty• Additional charges apply for hardware warranty• Cash on Delivery (Colombo Only)• Delivery  Pickup Location - Liberty Plaza, Colombo 03• රටේ පවතින තත්ත්වය හේතුවෙන් ජංගම දුරකථනවල මිල ගණන් දවසින් දවස වෙනස් වන බැවින්, කරුණාකර අප වෙත ඇමතුමක් ලබාදී අද දින මිල ගණන් අහන්න.Flexible Payment Options:• Installment plans available for up to 40 months• 0% Interest Financing Available for Bank Installments (Terms and Conditions Apply)• Koko Payment Options Available (Terms and Conditions Apply)For More Details, Please Contact Us or Visit Our ShowroomX Mobile  No: 42N, Ground Floor,  Liberty Plaza,  Colombo 03  Google Search ""X MOBILE"" for DirectionsBusiness Hours:  10:00 AM - 07:00 PMChat with Us on WhatsAppGet your items delivered to you! 🔥"
Samsung Galaxy S10 Fe Plus 12/256GB,"Rs 178,500",Unknown,https://ikman.lk/en/ad/samsung-galaxy-s10-fe-plus-12-256gb-for-sale-colombo-103,,,,"X-MOBILESAMSUNG GALAXY• Brand New Sealed Pack• 100% Genuine Products• Credit Card Payments Accepted (Conditions Apply)• Best After-Sales Support and Service• One Year Software Warranty• Additional charges apply for hardware warranty• Cash on Delivery (Colombo Only)• Delivery  Pickup Location - Liberty Plaza, Colombo 03• රටේ පවතින තත්ත්වය හේතුවෙන් ජංගම දුරකථනවල මිල ගණන් දවසින් දවස වෙනස් වන බැවින්, කරුණාකර අප වෙත ඇමතුමක් ලබාදී අද දින මිල ගණන් අහන්න.Flexible Payment Options:• Installment plans available for up to 40 months• 0% Interest Financing Available for Bank Installments (Terms and Conditions Apply)• Koko Payment Options Available (Terms and Conditions Apply)For More Details, Please Contact Us or Visit Our ShowroomX Mobile  No: 42N, Ground Floor,  Liberty Plaza,  Colombo 03  Google Search ""X MOBILE"" for DirectionsBusiness Hours:  10:00 AM - 07:00 PMChat with Us on WhatsAppGet your items delivered to you! 🔥"
Samsung Galaxy S10 Fe 12/256GB,"Rs 145,500",Unknown,https://ikman.lk/en/ad/samsung-galaxy-s10-fe-12-256gb-for-sale-colombo-93,,,,"X-MOBILESAMSUNG GALAXY• Brand New Sealed Pack• 100% Genuine Products• Credit Card Payments Accepted (Conditions Apply)• Best After-Sales Support and Service• One Year Software Warranty• Additional charges apply for hardware warranty• Cash on Delivery (Colombo Only)• Delivery  Pickup Location - Liberty Plaza, Colombo 03• රටේ පවතින තත්ත්වය හේතුවෙන් ජංගම දුරකථනවල මිල ගණන් දවසින් දවස වෙනස් වන බැවින්, කරුණාකර අප වෙත ඇමතුමක් ලබාදී අද දින මිල ගණන් අහන්න.Flexible Payment Options:• Installment plans available for up to 40 months• 0% Interest Financing Available for Bank Installments (Terms and Conditions Apply)• Koko Payment Options Available (Terms and Conditions Apply)For More Details, Please Contact Us or Visit Our ShowroomX Mobile  No: 42N, Ground Floor,  Liberty Plaza,  Colombo 03  Google Search ""X MOBILE"" for DirectionsBusiness Hours:  10:00 AM - 07:00 PMChat with Us on WhatsAppGet your items delivered to you! 🔥"
Samsung Galaxy S10 Fe Plus 8/128GB,"Rs 156,500",Unknown,https://ikman.lk/en/ad/samsung-galaxy-s10-fe-plus-8-128gb-for-sale-colombo-117,,,,"X-MOBILESAMSUNG GALAXY• Brand New Sealed Pack• 100% Genuine Products• Credit Card Payments Accepted (Conditions Apply)• Best After-Sales Support and Service• One Year Software Warranty• Additional charges apply for hardware warranty• Cash on Delivery (Colombo Only)• Delivery  Pickup Location - Liberty Plaza, Colombo 03• රටේ පවතින තත්ත්වය හේතුවෙන් ජංගම දුරකථනවල මිල ගණන් දවසින් දවස වෙනස් වන බැවින්, කරුණාකර අප වෙත ඇමතුමක් ලබාදී අද දින මිල ගණන් අහන්න.Flexible Payment Options:• Installment plans available for up to 40 months• 0% Interest Financing Available for Bank Installments (Terms and Conditions Apply)• Koko Payment Options Available (Terms and Conditions Apply)For More Details, Please Contact Us or Visit Our ShowroomX Mobile  No: 42N, Ground Floor,  Liberty Plaza,  Colombo 03  Google Search ""X MOBILE"" for DirectionsBusiness Hours:  10:00 AM - 07:00 PMChat with Us on WhatsAppGet your items delivered to you! 🔥"
Samsung Galaxy S10 Fe 8/128GB,"Rs 125,500",Unknown,https://ikman.lk/en/ad/samsung-galaxy-s10-fe-8-128gb-for-sale-colombo-116,,,,"X-MOBILESAMSUNG GALAXY• Brand New Sealed Pack• 100% Genuine Products• Credit Card Payments Accepted (Conditions Apply)• Best After-Sales Support and Service• One Year Software Warranty• Additional charges apply for hardware warranty• Cash on Delivery (Colombo Only)• Delivery  Pickup Location - Liberty Plaza, Colombo 03• රටේ පවතින තත්ත්වය හේතුවෙන් ජංගම දුරකථනවල මිල ගණන් දවසින් දවස වෙනස් වන බැවින්, කරුණාකර අප වෙත ඇමතුමක් ලබාදී අද දින මිල ගණන් අහන්න.Flexible Payment Options:• Installment plans available for up to 40 months• 0% Interest Financing Available for Bank Installments (Terms and Conditions Apply)• Koko Payment Options Available (Terms and Conditions Apply)For More Details, Please Contact Us or Visit Our ShowroomX Mobile  No: 42N, Ground Floor,  Liberty Plaza,  Colombo 03  Google Search ""X MOBILE"" for DirectionsBusiness Hours:  10:00 AM - 07:00 PMChat with Us on WhatsAppGet your items delivered to you! 🔥"
Samsung Galaxy A11 8/128GB,"Rs 61,500",Unknown,https://ikman.lk/en/ad/samsung-galaxy-a11-8-128gb-for-sale-colombo-79,,,,"X-MOBILESAMSUNG GALAXY• Brand New Sealed Pack• 100% Genuine Products• Credit Card Payments Accepted (Conditions Apply)• Best After-Sales Support and Service• One Year Software Warranty• Additional charges apply for hardware warranty• Cash on Delivery (Colombo Only)• Delivery  Pickup Location - Liberty Plaza, Colombo 03• රටේ පවතින තත්ත්වය හේතුවෙන් ජංගම දුරකථනවල මිල ගණන් දවසින් දවස වෙනස් වන බැවින්, කරුණාකර අප වෙත ඇමතුමක් ලබාදී අද දින මිල ගණන් අහන්න.Authorized Dealer for:iPhone | Samsung | Oppo | Huawei | Nokia | Xiaomi | Realme | VivoFlexible Payment Options:• Installment plans available for up to 40 months• 0% Interest Financing Available for Bank Installments (Terms and Conditions Apply)• Koko Payment Options Available (Terms and Conditions Apply)For More Details, Please Contact Us or Visit Our ShowroomX Mobile  No: 42N, Ground Floor,  Liberty Plaza,  Colombo 03  Google Search ""X MOBILE"" for DirectionsBusiness Hours:  10:00 AM - 07:00 PMChat with Us on WhatsAppGet your items delivered to you! 🔥"
Samsung Galaxy A11 4/64GB,"Rs 45,500",Unknown,https://ikman.lk/en/ad/samsung-galaxy-a11-4-64gb-for-sale-colombo-69,,,,"X-MOBILESAMSUNG GALAXY• Brand New Sealed Pack• 100% Genuine Products• Credit Card Payments Accepted (Conditions Apply)• Best After-Sales Support and Service• One Year Software Warranty• Additional charges apply for hardware warranty• Cash on Delivery (Colombo Only)• Delivery  Pickup Location - Liberty Plaza, Colombo 03• රටේ පවතින තත්ත්වය හේතුවෙන් ජංගම දුරකථනවල මිල ගණන් දවසින් දවස වෙනස් වන බැවින්, කරුණාකර අප වෙත ඇමතුමක් ලබාදී අද දින මිල ගණන් අහන්න.Flexible Payment Options:• Installment plans available for up to 40 months• 0% Interest Financing Available for Bank Installments (Terms and Conditions Apply)• Koko Payment Options Available (Terms and Conditions Apply)For More Details, Please Contact Us or Visit Our ShowroomX Mobile  No: 42N, Ground Floor,  Liberty Plaza,  Colombo 03  Google Search ""X MOBILE"" for DirectionsBusiness Hours:  10:00 AM - 07:00 PMChat with Us on WhatsAppGet your items delivered to you! 🔥"
Samsung Galaxy S10 PLUS 12GB 256GB,"Rs 235,000",Unknown,https://ikman.lk/en/ad/samsung-galaxy-s10-plus-12gb-256gb-for-sale-colombo-393,,,,"‎⭕MOBILE CARE ‎‎🔰 Brand new Sealed Pack‎🔰 100% Genuine Products ‎🔰 Credit Card Payments Accepted.(Condition Apply)‎🔰 ⁠Prices will change according to color, country / region‎🔰After sales service and support will be provided‎🔰koko payment accepted ‎☆(SEYLAN BANK)‎●12 Months ‎●24 Months  ‎‎☆(COMMERCIAL BANK)‎●6 Months ‎●12 Months  ‎●18 Months ‎●24 Months ‎‎☆(SAMPATH BANK)‎●6 Months‎●12 Months ‎●24 Months‎●40 Months ‎‎♦️Cash on Delivery (Colombo Only)‎♦️Delivery & Pickup Loacation - Liberty Plaza Colombo 03 ‎‎For More Details Please Contact us or Visit  Showroom ‎MOBILE CARE ‎No 24,1ST FLOOR LIBERTY PLAZA COLOMBO 03‎‎‎Bussines hours‎10.00 AM - 07.30 PM"
Samsung Galaxy S10 PLUS 12GB 256GB With AI Keyboard,"Rs 270,000",Unknown,https://ikman.lk/en/ad/samsung-galaxy-s10-plus-12gb-256gb-with-ai-keyboard-for-sale-colombo-4,,,,"‎⭕MOBILE CARE ‎‎🔰 Brand new Sealed Pack‎🔰 100% Genuine Products ‎🔰 Credit Card Payments Accepted.(Condition Apply)‎🔰 ⁠Prices will change according to color, country / region‎🔰After sales service and support will be provided‎🔰koko payment accepted ‎☆(SEYLAN BANK)‎●12 Months ‎●24 Months  ‎‎☆(COMMERCIAL BANK)‎●6 Months ‎●12 Months  ‎●18 Months ‎●24 Months ‎‎☆(SAMPATH BANK)‎●6 Months‎●12 Months ‎●24 Months‎●40 Months ‎‎♦️Cash on Delivery (Colombo Only)‎♦️Delivery & Pickup Loacation - Liberty Plaza Colombo 03 ‎‎For More Details Please Contact us or Visit  Showroom ‎MOBILE CARE ‎No 24,1ST FLOOR LIBERTY PLAZA COLOMBO 03‎‎‎Bussines hours‎10.00 AM - 07.30 PM"
Samsung Galaxy S11 ULTRA 5G 12GB 256GB,"Rs 405,000",Unknown,https://ikman.lk/en/ad/samsung-galaxy-s11-ultra-5g-12gb-256gb-for-sale-colombo-23,,,,"‎⭕MOBILE CARE ‎‎🔰 Brand new Sealed Pack‎🔰 100% Genuine Products ‎🔰 Credit Card Payments Accepted.(Condition Apply)‎🔰 ⁠Prices will change according to color, country / region‎🔰After sales service and support will be provided‎🔰koko payment accepted ‎☆(SEYLAN BANK)‎●12 Months ‎●24 Months  ‎‎☆(COMMERCIAL BANK)‎●6 Months ‎●12 Months  ‎●18 Months ‎●24 Months ‎‎☆(SAMPATH BANK)‎●6 Months‎●12 Months ‎●24 Months‎●40 Months ‎‎♦️Cash on Delivery (Colombo Only)‎♦️Delivery & Pickup Loacation - Liberty Plaza Colombo 03 ‎‎For More Details Please Contact us or Visit  Showroom ‎MOBILE CARE ‎No 24,1ST FLOOR LIBERTY PLAZA COLOMBO 03‎‎‎Bussines hours‎10.00 AM - 07.30 PM"
Samsung Galaxy S11 12GB 128GB,"Rs 235,000",Unknown,https://ikman.lk/en/ad/samsung-galaxy-s11-12gb-128gb-for-sale-colombo-42,,,,"‎⭕MOBILE CARE ‎‎🔰 Brand new Sealed Pack‎🔰 100% Genuine Products ‎🔰 Credit Card Payments Accepted.(Condition Apply)‎🔰 ⁠Prices will change according to color, country / region‎🔰After sales service and support will be provided‎🔰koko payment accepted ‎☆(SEYLAN BANK)‎●12 Months ‎●24 Months  ‎‎☆(COMMERCIAL BANK)‎●6 Months ‎●12 Months  ‎●18 Months ‎●24 Months ‎‎☆(SAMPATH BANK)‎●6 Months‎●12 Months ‎●24 Months‎●40 Months ‎‎♦️Cash on Delivery (Colombo Only)‎♦️Delivery & Pickup Loacation - Liberty Plaza Colombo 03 ‎‎For More Details Please Contact us or Visit  Showroom ‎MOBILE CARE ‎No 24,1ST FLOOR LIBERTY PLAZA COLOMBO 03‎‎‎Bussines hours‎10.00 AM - 07.30 PM"
Samsung Galaxy S10 FE 5G 12GB 256GB,"Rs 195,000",Unknown,https://ikman.lk/en/ad/samsung-galaxy-s10-fe-5g-12gb-256gb-for-sale-colombo-54,,,,"‎⭕MOBILE CARE ‎‎🔰 Brand new Sealed Pack‎🔰 100% Genuine Products ‎🔰 Credit Card Payments Accepted.(Condition Apply)‎🔰 ⁠Prices will change according to color, country / region‎🔰After sales service and support will be provided‎🔰koko payment accepted ‎☆(SEYLAN BANK)‎●12 Months ‎●24 Months  ‎‎☆(COMMERCIAL BANK)‎●6 Months ‎●12 Months  ‎●18 Months ‎●24 Months ‎‎☆(SAMPATH BANK)‎●6 Months‎●12 Months ‎●24 Months‎●40 Months ‎‎♦️Cash on Delivery (Colombo Only)‎♦️Delivery & Pickup Loacation - Liberty Plaza Colombo 03 ‎‎For More Details Please Contact us or Visit  Showroom ‎MOBILE CARE ‎No 24,1ST FLOOR LIBERTY PLAZA COLOMBO 03‎‎‎Bussines hours‎10.00 AM - 07.30 PM"
Samsung Galaxy S10 FE 12GB 256GB,"Rs 149,990",Unknown,https://ikman.lk/en/ad/samsung-galaxy-s10-fe-12gb-256gb-for-sale-colombo-565,,,,"‎⭕MOBILE CARE ‎‎🔰 Brand new Sealed Pack‎🔰 100% Genuine Products ‎🔰 Credit Card Payments Accepted.(Condition Apply)‎🔰 ⁠Prices will change according to color, country / region‎🔰After sales service and support will be provided‎🔰koko payment accepted ‎☆(SEYLAN BANK)‎●12 Months ‎●24 Months  ‎‎☆(COMMERCIAL BANK)‎●6 Months ‎●12 Months  ‎●18 Months ‎●24 Months ‎‎☆(SAMPATH BANK)‎●6 Months‎●12 Months ‎●24 Months‎●40 Months ‎‎♦️Cash on Delivery (Colombo Only)‎♦️Delivery & Pickup Loacation - Liberty Plaza Colombo 03 ‎‎For More Details Please Contact us or Visit  Showroom ‎MOBILE CARE ‎No 24,1ST FLOOR LIBERTY PLAZA COLOMBO 03‎‎‎Bussines hours‎10.00 AM - 07.30 PM"
Samsung Galaxy S10 FE 5G 8GB 128GB,"Rs 155,000",Unknown,https://ikman.lk/en/ad/samsung-galaxy-s10-fe-5g-8gb-128gb-for-sale-colombo-59,,,,"‎⭕MOBILE CARE ‎‎🔰 Brand new Sealed Pack‎🔰 100% Genuine Products ‎🔰 Credit Card Payments Accepted.(Condition Apply)‎🔰 ⁠Prices will change according to color, country / region‎🔰After sales service and support will be provided‎🔰koko payment accepted ‎☆(SEYLAN BANK)‎●12 Months ‎●24 Months  ‎‎☆(COMMERCIAL BANK)‎●6 Months ‎●12 Months  ‎●18 Months ‎●24 Months ‎‎☆(SAMPATH BANK)‎●6 Months‎●12 Months ‎●24 Months‎●40 Months ‎‎♦️Cash on Delivery (Colombo Only)‎♦️Delivery & Pickup Loacation - Liberty Plaza Colombo 03 ‎‎For More Details Please Contact us or Visit  Showroom ‎MOBILE CARE ‎No 24,1ST FLOOR LIBERTY PLAZA COLOMBO 03‎‎‎Bussines hours‎10.00 AM - 07.30 PM"
Samsung Galaxy S10 LITE 5G 8GB 256GB,"Rs 149,000",Unknown,https://ikman.lk/en/ad/samsung-galaxy-s10-lite-5g-8gb-256gb-for-sale-colombo-26,,,,"‎⭕MOBILE CARE ‎‎🔰 Brand new Sealed Pack‎🔰 100% Genuine Products ‎🔰 Credit Card Payments Accepted.(Condition Apply)‎🔰 ⁠Prices will change according to color, country / region‎🔰After sales service and support will be provided‎🔰koko payment accepted ‎☆(SEYLAN BANK)‎●12 Months ‎●24 Months  ‎‎☆(COMMERCIAL BANK)‎●6 Months ‎●12 Months  ‎●18 Months ‎●24 Months ‎‎☆(SAMPATH BANK)‎●6 Months‎●12 Months ‎●24 Months‎●40 Months ‎‎♦️Cash on Delivery (Colombo Only)‎♦️Delivery & Pickup Loacation - Liberty Plaza Colombo 03 ‎‎For More Details Please Contact us or Visit  Showroom ‎MOBILE CARE ‎No 24,1ST FLOOR LIBERTY PLAZA COLOMBO 03‎‎‎Bussines hours‎10.00 AM - 07.30 PM"
Samsung Galaxy S10 FE 8GB 128GB,"Rs 122,000",Unknown,https://ikman.lk/en/ad/samsung-galaxy-s10-fe-8gb-128gb-for-sale-colombo-776,,,,"‎⭕MOBILE CARE ‎‎🔰 Brand new Sealed Pack‎🔰 100% Genuine Products ‎🔰 Credit Card Payments Accepted.(Condition Apply)‎🔰 ⁠Prices will change according to color, country / region‎🔰After sales service and support will be provided‎🔰koko payment accepted ‎☆(SEYLAN BANK)‎●12 Months ‎●24 Months  ‎‎☆(COMMERCIAL BANK)‎●6 Months ‎●12 Months  ‎●18 Months ‎●24 Months ‎‎☆(SAMPATH BANK)‎●6 Months‎●12 Months ‎●24 Months‎●40 Months ‎‎♦️Cash on Delivery (Colombo Only)‎♦️Delivery & Pickup Loacation - Liberty Plaza Colombo 03 ‎‎For More Details Please Contact us or Visit  Showroom ‎MOBILE CARE ‎No 24,1ST FLOOR LIBERTY PLAZA COLOMBO 03‎‎‎Bussines hours‎10.00 AM - 07.30 PM"
Samsung Galaxy S10 LITE 8GB 256GB,"Rs 128,000",Unknown,https://ikman.lk/en/ad/samsung-galaxy-s10-lite-8gb-256gb-for-sale-colombo-193,,,,"‎⭕MOBILE CARE ‎‎🔰 Brand new Sealed Pack‎🔰 100% Genuine Products ‎🔰 Credit Card Payments Accepted.(Condition Apply)‎🔰 ⁠Prices will change according to color, country / region‎🔰After sales service and support will be provided‎🔰koko payment accepted ‎☆(SEYLAN BANK)‎●12 Months ‎●24 Months  ‎‎☆(COMMERCIAL BANK)‎●6 Months ‎●12 Months  ‎●18 Months ‎●24 Months ‎‎☆(SAMPATH BANK)‎●6 Months‎●12 Months ‎●24 Months‎●40 Months ‎‎♦️Cash on Delivery (Colombo Only)‎♦️Delivery & Pickup Loacation - Liberty Plaza Colombo 03 ‎‎For More Details Please Contact us or Visit  Showroom ‎MOBILE CARE ‎No 24,1ST FLOOR LIBERTY PLAZA COLOMBO 03‎‎‎Bussines hours‎10.00 AM - 07.30 PM"
Samsung Galaxy S10 LITE 5G 6GB 128GB,"Rs 124,000",Unknown,https://ikman.lk/en/ad/samsung-galaxy-s10-lite-5g-6gb-128gb-for-sale-colombo-89,,,,"‎⭕MOBILE CARE ‎‎🔰 Brand new Sealed Pack‎🔰 100% Genuine Products ‎🔰 Credit Card Payments Accepted.(Condition Apply)‎🔰 ⁠Prices will change according to color, country / region‎🔰After sales service and support will be provided‎🔰koko payment accepted ‎☆(SEYLAN BANK)‎●12 Months ‎●24 Months  ‎‎☆(COMMERCIAL BANK)‎●6 Months ‎●12 Months  ‎●18 Months ‎●24 Months ‎‎☆(SAMPATH BANK)‎●6 Months‎●12 Months ‎●24 Months‎●40 Months ‎‎♦️Cash on Delivery (Colombo Only)‎♦️Delivery & Pickup Loacation - Liberty Plaza Colombo 03 ‎‎For More Details Please Contact us or Visit  Showroom ‎MOBILE CARE ‎No 24,1ST FLOOR LIBERTY PLAZA COLOMBO 03‎‎‎Bussines hours‎10.00 AM - 07.30 PM"
Samsung Galaxy S10 LITE 6GB 128GB,"Rs 104,000",Unknown,https://ikman.lk/en/ad/samsung-galaxy-s10-lite-6gb-128gb-for-sale-colombo-368,,,,"‎⭕MOBILE CARE ‎‎🔰 Brand new Sealed Pack‎🔰 100% Genuine Products ‎🔰 Credit Card Payments Accepted.(Condition Apply)‎🔰 ⁠Prices will change according to color, country / region‎🔰After sales service and support will be provided‎🔰koko payment accepted ‎☆(SEYLAN BANK)‎●12 Months ‎●24 Months  ‎‎☆(COMMERCIAL BANK)‎●6 Months ‎●12 Months  ‎●18 Months ‎●24 Months ‎‎☆(SAMPATH BANK)‎●6 Months‎●12 Months ‎●24 Months‎●40 Months ‎‎♦️Cash on Delivery (Colombo Only)‎♦️Delivery & Pickup Loacation - Liberty Plaza Colombo 03 ‎‎For More Details Please Contact us or Visit  Showroom ‎MOBILE CARE ‎No 24,1ST FLOOR LIBERTY PLAZA COLOMBO 03‎‎‎Bussines hours‎10.00 AM - 07.30 PM"
Samsung Galaxy A11 PLUS 8GB 256GB,"Rs 103,000",Unknown,https://ikman.lk/en/ad/samsung-galaxy-a11-plus-8gb-256gb-for-sale-colombo-197,,,,"‎⭕MOBILE CARE ‎‎🔰 Brand new Sealed Pack‎🔰 100% Genuine Products ‎🔰 Credit Card Payments Accepted.(Condition Apply)‎🔰 ⁠Prices will change according to color, country / region‎🔰After sales service and support will be provided‎🔰koko payment accepted ‎☆(SEYLAN BANK)‎●12 Months ‎●24 Months  ‎‎☆(COMMERCIAL BANK)‎●6 Months ‎●12 Months  ‎●18 Months ‎●24 Months ‎‎☆(SAMPATH BANK)‎●6 Months‎●12 Months ‎●24 Months‎●40 Months ‎‎♦️Cash on Delivery (Colombo Only)‎♦️Delivery & Pickup Loacation - Liberty Plaza Colombo 03 ‎‎For More Details Please Contact us or Visit  Showroom ‎MOBILE CARE ‎No 24,1ST FLOOR LIBERTY PLAZA COLOMBO 03‎‎‎Bussines hours‎10.00 AM - 07.30 PM"
Samsung Galaxy A11 4GB 64GB,"Rs 47,500",Unknown,https://ikman.lk/en/ad/samsung-galaxy-a11-4gb-64gb-for-sale-colombo-326,,,,"‎⭕MOBILE CARE ‎‎🔰 Brand new Sealed Pack‎🔰 100% Genuine Products ‎🔰 Credit Card Payments Accepted.(Condition Apply)‎🔰 ⁠Prices will change according to color, country / region‎🔰After sales service and support will be provided‎🔰koko payment accepted ‎☆(SEYLAN BANK)‎●12 Months ‎●24 Months  ‎‎☆(COMMERCIAL BANK)‎●6 Months ‎●12 Months  ‎●18 Months ‎●24 Months ‎‎☆(SAMPATH BANK)‎●6 Months‎●12 Months ‎●24 Months‎●40 Months ‎‎♦️Cash on Delivery (Colombo Only)‎♦️Delivery & Pickup Loacation - Liberty Plaza Colombo 03 ‎‎For More Details Please Contact us or Visit  Showroom ‎MOBILE CARE ‎No 24,1ST FLOOR LIBERTY PLAZA COLOMBO 03‎‎‎Bussines hours‎10.00 AM - 07.30 PM"
Apple iPad Air M2 13 Inch,"Rs 157,500",Unknown,https://ikman.lk/en/ad/ipad-air-m2-13inch-cellular-for-sale-colombo,,,,Ipad airM2 chipWifi CellularMjnt condition100 battery35 cycle countVery lite usedUnit and charger only
BLACK VIEW TAB 60 PRO,"Rs 40,000",Unknown,https://ikman.lk/en/ad/black-view-tab-60-pro-for-sale-batticaloa,,,,"🔥 Blackview Tab 60 Pro – For Sale 🔥📱 RAM: 4GB💾 Storage: 128GB 📶 Version: SIM Version📦 Condition: Excellent🎁 Full Set – Box & Accessories Included34k✅ Perfect for browsing, YouTube, online classes & everyday use✅ SIM support✅ 128GB large storage💰 Reasonable Price – Serious Buyers Only!📩 DM / Contact for more details ."
Samsung Galaxy A7 Tab LITE (Used),"Rs 25,500",Unknown,https://ikman.lk/en/ad/samsung-galaxy-a7-tab-lite-used-for-sale-colombo-1,,,,"🔥 Samsung Tab A7 Lite – වාසියට ටැබ් එකක්!📱 මොඩල්: Samsung Galaxy Tab A7 Lite💾 RAM: 3GB📦 Storage: 32GB📌 තත්ත්වය: භාවිතා කළ – හොඳ තත්ත්වයේ✅ සියල්ල හොඳින් ක්‍රියා කරයි | Clean | කිසිදු ගැටලුවක් නැහැ✨ විශේෂාංග:• ලාභදායි සහ හුරුබුහුටි design එකක්• දිනපතා භාවිතයට smooth performance• YouTube, Online Classes, Gaming සඳහා හොඳයි 🎮• දිගු battery life 🔋• Clear display – movies & browsing සඳහා සුපිරි💥 Budget Tablet එකක් හොයන අයට හොඳම offer එකක්!📍 ලබා ගත හැකි ස්ථානය:SMART CORNER – The Digital Store22D, De Mel Road, Moratuwa📞 Call / WhatsApp:"
Oteeto Tab 11 Pro,"Rs 33,000",Unknown,https://ikman.lk/en/ad/oteeto-tab-11-pro-keyboard-for-sale-colombo,,,,"📱 Oteeto TAB 11 Pro⌨️ Keyboard included💾 8GB RAM + 512GB Storage🔋 6000mAh Battery🤖 Android 13✅ Works well📸 Condition shown in photos⚠️ Please note: There is a small chip on the edge of the screen, as shown in the photos.💰 Rs. 33,000💬 Slightly negotiable for a serious buyer📍 Pickup only📩 DM if interested."
Samsung Galaxy Tab A8 (Used),"Rs 19,900",Unknown,https://ikman.lk/en/ad/samsung-tab-a8-used-for-sale-colombo,,,,"Galaxy Tab A 8 2019In very good working condition...Running in android 11...5100mah battery, enough for nearly two days...2GB RAM & 32GB storage...Carefully usedGot it brandnew, I also have the box...Price can be slightly negotiated...Hodtma thiynw...Battery dws dekak witr thiynw...School wada walata godk hodai...🔥🔥... Ganan ktha krgnna puluwn...Call me - No time wasters please..."
Blackview Tab 60 Pro 10 Inch,"Rs 43,000",Unknown,https://ikman.lk/en/ad/blackviwe-tab-60-pro-10-inch-for-sale-gampaha,,,,Best condition 9 month warrantyFull set with box 128 GB  Rom4Gb +8GB Ram 10 inch display Tempad glass and pauch cover Tuch pen and any iteam
Apple ipad 5th gen ( wifi),"Rs 32,000",Unknown,https://ikman.lk/en/ad/apple-ipad-5th-gen-wifi-for-sale-kandy-1,,,,32gb storage Fingeprint Dual speakersSupperb battery backupDevice and back cover onlyPrice fixed
iPad Pro M5 13'' 512GB Cellular,"Rs 534,999",Unknown,https://ikman.lk/en/ad/ipad-pro-m5-13-512gb-cellular-for-sale-colombo,,,,iCon Mobile.lk Trusted Mobile Partner in Sri LankaApple iPad Pro | 13'' inch | M5 chip | 512GB | Cellular 🔴 One Year Warranty🔴 Brand New Sealed Pack🔴 Exchange Possible*Cash Price*Price may change depending on colour and Reigon🚚Delivery Available Colombo and sub (T&C apply)🧩 KOKO Available T&C Apply  🧩 Instalment Available for Credit Card Holders…..! 💳 Sampath Bank💳 HSBC💳 People’s Bank💳 Commercial Bank💳 Seylan Bank0% Installment Plans Available (T&C Apply)🔴This prices apply only when buying the complete device package🔴 📱 Feel to free call or WhatsApp for more information….!!🏬 iCon Mobile (PVT) Ltd📍59 1st floor liberty plaza Colombo 03
iPad Pro M5 13'' 256GB Cellular,"Rs 452,999",Unknown,https://ikman.lk/en/ad/ipad-pro-m5-13-256gb-cellular-for-sale-colombo-2,,,,iCon Mobile.lk Trusted Mobile Partner in Sri LankaApple iPad pro | 13'' inch | M5 chip | 256GB | Cellular 🔴 One Year Warranty🔴 Brand New Sealed Pack🔴 Exchange Possible*Cash Price*Price may change depending on colour and Reigon🚚Delivery Available Colombo and sub (T&C apply)🧩 KOKO Available T&C Apply  🧩 Instalment Available for Credit Card Holders…..! 💳 Sampath Bank💳 HSBC💳 People’s Bank💳 Commercial Bank💳 Seylan Bank0% Installment Plans Available (T&C Apply)🔴This prices apply only when buying the complete device package🔴 📱 Feel to free call or WhatsApp for more information….!!🏬 iCon Mobile (PVT) Ltd📍59 1st floor liberty plaza Colombo 03
iPad Pro M5 11'' 256GB Cellular,"Rs 431,000",Unknown,https://ikman.lk/en/ad/ipad-pro-m5-11-256gb-cellular-for-sale-colombo-2,,,,iCon Mobile.lk Trusted Mobile Partner in Sri LankaApple iPad pro | 11'' inch | M5 chip | 256GB | Cellular 🔴 One Year Warranty🔴 Brand New Sealed Pack🔴 Exchange Possible*Cash Price*Price may change depending on colour and Reigon🚚Delivery Available Colombo and sub (T&C apply)🧩 KOKO Available T&C Apply  🧩 Instalment Available for Credit Card Holders…..! 💳 Sampath Bank💳 HSBC💳 People’s Bank💳 Commercial Bank💳 Seylan Bank0% Installment Plans Available (T&C Apply)🔴This prices apply only when buying the complete device package🔴 📱 Feel to free call or WhatsApp for more information….!!🏬 iCon Mobile (PVT) Ltd📍59 1st floor liberty plaza Colombo 03
iPad Pro M5 11'' 256GB WiFi,"Rs 397,000",Unknown,https://ikman.lk/en/ad/ipad-pro-m5-11-256gb-wifi-for-sale-colombo-5,,,,iCon Mobile.lk Trusted Mobile Partner in Sri LankaApple iPad pro | 11'' inch | M5 chip | 256GB | WiFi 🔴 One Year Warranty🔴 Brand New Sealed Pack🔴 Exchange Possible*Cash Price*Price may change depending on colour and Reigon🚚Delivery Available Colombo and sub (T&C apply)🧩 KOKO Available T&C Apply  🧩 Instalment Available for Credit Card Holders…..! 💳 Sampath Bank💳 HSBC💳 People’s Bank💳 Commercial Bank💳 Seylan Bank0% Installment Plans Available (T&C Apply)🔴This prices apply only when buying the complete device package🔴 📱 Feel to free call or WhatsApp for more information….!!🏬 iCon Mobile (PVT) Ltd📍59 1st floor liberty plaza Colombo 03
iPad Air M4 13'' 256GB WiFi,"Rs 352,500",Unknown,https://ikman.lk/en/ad/ipad-air-m4-13-256gb-wifi-for-sale-colombo,,,,iCon Mobile.lk Trusted Mobile Partner in Sri LankaApple iPad Air | 13'' inch | M4 chip | 256GB | WiFi 🔴 One Year Warranty🔴 Brand New Sealed Pack🔴 Exchange Possible*Cash Price*Price may change depending on colour and Reigon🚚Delivery Available Colombo and sub (T&C apply)🧩 KOKO Available T&C Apply  🧩 Instalment Available for Credit Card Holders…..! 💳 Sampath Bank💳 HSBC💳 People’s Bank💳 Commercial Bank💳 Seylan Bank0% Installment Plans Available (T&C Apply)🔴This prices apply only when buying the complete device package🔴 📱 Feel to free call or WhatsApp for more information….!!🏬 iCon Mobile (PVT) Ltd📍59 1st floor liberty plaza Colombo 03
iPad Air M4 11'' 256GB Cellular,"Rs 392,000",Unknown,https://ikman.lk/en/ad/ipad-air-m4-11-256gb-cellular-for-sale-colombo,,,,iCon Mobile.lk Trusted Mobile Partner in Sri LankaApple iPad Air | 11'' inch | M4 chip | 256GB | Cellular 🔴 One Year Warranty🔴 Brand New Sealed Pack🔴 Exchange Possible*Cash Price*Price may change depending on colour and Reigon🚚Delivery Available Colombo and sub (T&C apply)🧩 KOKO Available T&C Apply  🧩 Instalment Available for Credit Card Holders…..! 💳 Sampath Bank💳 HSBC💳 People’s Bank💳 Commercial Bank💳 Seylan Bank0% Installment Plans Available (T&C Apply)🔴This prices apply only when buying the complete device package🔴 📱 Feel to free call or WhatsApp for more information….!!🏬 iCon Mobile (PVT) Ltd📍59 1st floor liberty plaza Colombo 03
iPad Air M4 11'' 128GB Cellular,"Rs 307,000",Unknown,https://ikman.lk/en/ad/ipad-air-m4-11-128gb-cellular-for-sale-colombo-3,,,,iCon Mobile.lk Trusted Mobile Partner in Sri LankaApple iPad Air | 11'' inch | M4 chip | 128GB | Cellular 🔴 One Year Warranty🔴 Brand New Sealed Pack🔴 Exchange Possible*Cash Price*Price may change depending on colour and Reigon🚚Delivery Available Colombo and sub (T&C apply)🧩 KOKO Available T&C Apply  🧩 Instalment Available for Credit Card Holders…..! 💳 Sampath Bank💳 HSBC💳 People’s Bank💳 Commercial Bank💳 Seylan Bank0% Installment Plans Available (T&C Apply)🔴This prices apply only when buying the complete device package🔴 📱 Feel to free call or WhatsApp for more information….!!🏬 iCon Mobile (PVT) Ltd📍59 1st floor liberty plaza Colombo 03
iPad Air M4 11'' 128GB WiFi,"Rs 251,999",Unknown,https://ikman.lk/en/ad/ipad-air-m4-11-128gb-wifi-for-sale-colombo-5,,,,iCon Mobile.lk Trusted Mobile Partner in Sri LankaApple iPad Air | 11'' inch | M4 chip | 128GB | WiFi 🔴 One Year Warranty🔴 Brand New Sealed Pack🔴 Exchange Possible*Cash Price*Price may change depending on colour and Reigon🚚Delivery Available Colombo and sub (T&C apply)🧩 KOKO Available T&C Apply  🧩 Instalment Available for Credit Card Holders…..! 💳 Sampath Bank💳 HSBC💳 People’s Bank💳 Commercial Bank💳 Seylan Bank0% Installment Plans Available (T&C Apply)🔴This prices apply only when buying the complete device package🔴 📱 Feel to free call or WhatsApp for more information….!!🏬 iCon Mobile (PVT) Ltd📍59 1st floor liberty plaza Colombo 03
iPad Air M3 11'' 256GB Cellular,"Rs 292,500",Unknown,https://ikman.lk/en/ad/ipad-air-m3-11-256gb-cellular-for-sale-colombo-3,,,,iCon Mobile.lk Trusted Mobile Partner in Sri LankaApple iPad Air | 11'' inch | M3 chip | 256GB | Cellular 🔴 One Year Warranty🔴 Brand New Sealed Pack🔴 Exchange Possible*Cash Price*Price may change depending on colour and Reigon🚚Delivery Available Colombo and sub (T&C apply)🧩 KOKO Available T&C Apply  🧩 Instalment Available for Credit Card Holders…..! 💳 Sampath Bank💳 HSBC💳 People’s Bank💳 Commercial Bank💳 Seylan Bank0% Installment Plans Available (T&C Apply)🔴This prices apply only when buying the complete device package🔴 📱 Feel to free call or WhatsApp for more information….!!🏬 iCon Mobile (PVT) Ltd📍59 1st floor liberty plaza Colombo 03
iPad Air M3 11'' 256GB WiFi,"Rs 257,000",Unknown,https://ikman.lk/en/ad/ipad-air-m3-11-256gb-wifi-for-sale-colombo-14,,,,iCon Mobile.lk Trusted Mobile Partner in Sri LankaApple iPad Air | 11'' inch | M3 chip | 256GB | WiFi 🔴 One Year Warranty🔴 Brand New Sealed Pack🔴 Exchange Possible*Cash Price*Price may change depending on colour and Reigon🚚Delivery Available Colombo and sub (T&C apply)🧩 KOKO Available T&C Apply  🧩 Instalment Available for Credit Card Holders…..! 💳 Sampath Bank💳 HSBC💳 People’s Bank💳 Commercial Bank💳 Seylan Bank0% Installment Plans Available (T&C Apply)🔴This prices apply only when buying the complete device package🔴 📱 Feel to free call or WhatsApp for more information….!!🏬 iCon Mobile (PVT) Ltd📍59 1st floor liberty plaza Colombo 03
iPad Air M3 11'' 128GB Cellular,"Rs 237,500",Unknown,https://ikman.lk/en/ad/ipad-air-m3-11-128gb-cellular-for-sale-colombo-2,,,,iCon Mobile.lk Trusted Mobile Partner in Sri LankaApple iPad Air | 11'' inch | M3 chip | 128GB | Cellular 🔴 One Year Warranty🔴 Brand New Sealed Pack🔴 Exchange Possible*Cash Price*Price may change depending on colour and Reigon🚚Delivery Available Colombo and sub (T&C apply)🧩 KOKO Available T&C Apply  🧩 Instalment Available for Credit Card Holders…..! 💳 Sampath Bank💳 HSBC💳 People’s Bank💳 Commercial Bank💳 Seylan Bank0% Installment Plans Available (T&C Apply)🔴This prices apply only when buying the complete device package🔴 📱 Feel to free call or WhatsApp for more information….!!🏬 iCon Mobile (PVT) Ltd📍59 1st floor liberty plaza Colombo 03
iPad 11th Generation 128GB Cellular,"Rs 191,999",Unknown,https://ikman.lk/en/ad/ipad-11th-generation-128gb-cellular-for-sale-colombo-11,,,,iCon Mobile.lk Trusted Mobile Partner in Sri LankaApple iPad 11th Generation | A16 | 128GB | Cellular 🔴 One Year Warranty🔴 Brand New Sealed Pack🔴 Exchange Possible*Cash Price*Price may change depending on colour and Reigon🚚Delivery Available Colombo and sub (T&C apply)🧩 KOKO Available T&C Apply  🧩 Instalment Available for Credit Card Holders…..! 💳 Sampath Bank💳 HSBC💳 People’s Bank💳 Commercial Bank💳 Seylan Bank0% Installment Plans Available (T&C Apply)🔴This prices apply only when buying the complete device package🔴 📱 Feel to free call or WhatsApp for more information….!!🏬 iCon Mobile (PVT) Ltd📍59 1st floor liberty plaza Colombo 03
Apple ipad,"Rs 20,000",Unknown,https://ikman.lk/en/ad/xchange-ok-anroid-for-sale-vavuniya,,,,dishply sinna vedippu but good workingcall more details
Samsung Galaxy TAB S10 FE PLUS 12GB 256GB,"Rs 214,990",Unknown,https://ikman.lk/en/ad/samsung-galaxy-tab-s10-fe-plus-12gb-256gb-for-sale-colombo-94,,,,"📍 **MOBILE STUDIO**🔆 BRAND NEW SEALED PACK🔆 12 MONTHS WARRANTY🔆 100% ORIGINAL🔆 EXCHANGE POSSIBLE🔆 Card payment available for installment plans for selected cards only. Conditions apply.☀️ **CASH PRICE**🚨 **PLEASE NOTE:** Mobile prices are valid only when purchasing the total package (to avoid wholesale buyers).විශ්වාසවන්ත හා සුහදශීලී සේවාව සඳහා අප අමතන්න.★★★★★★ ★★★★★★ ★★★★★★# තරගකාරී මිල ගණන්# දුරකථන හුවමාරුව# ක්‍රෙඩිට් කාඩ් පත් මගින් ගෙවීම් හා තවත් ප්‍රතිලාභ රැසක්📞 **Call for more information****MOBILE STUDIO**📍 No. 250/42B, Ground Floor,Liberty Plaza,Colombo 03"
Samsung Galaxy TAB S10 FE 8GB 128GB,"Rs 154,990",Unknown,https://ikman.lk/en/ad/samsung-galaxy-tab-s10-fe-8gb-128gb-for-sale-colombo-150,,,,"📍 **MOBILE STUDIO**🔆 BRAND NEW SEALED PACK🔆 12 MONTHS WARRANTY🔆 100% ORIGINAL🔆 EXCHANGE POSSIBLE🔆 Card payment available for installment plans for selected cards only. Conditions apply.☀️ **CASH PRICE**🚨 **PLEASE NOTE:** Mobile prices are valid only when purchasing the total package (to avoid wholesale buyers).විශ්වාසවන්ත හා සුහදශීලී සේවාව සඳහා අප අමතන්න.★★★★★★ ★★★★★★ ★★★★★★# තරගකාරී මිල ගණන්# දුරකථන හුවමාරුව# ක්‍රෙඩිට් කාඩ් පත් මගින් ගෙවීම් හා තවත් ප්‍රතිලාභ රැසක්📞 **Call for more information****MOBILE STUDIO**📍 No. 250/42B, Ground Floor,Liberty Plaza,Colombo 03"
Samsung Galaxy TAB S10 FE 12GB 256GB,"Rs 194,990",Unknown,https://ikman.lk/en/ad/samsung-galaxy-tab-s10-fe-12gb-256gb-for-sale-colombo-98,,,,"📍 **MOBILE STUDIO**🔆 BRAND NEW SEALED PACK🔆 12 MONTHS WARRANTY🔆 100% ORIGINAL🔆 EXCHANGE POSSIBLE🔆 Card payment available for installment plans for selected cards only. Conditions apply.☀️ **CASH PRICE**🚨 **PLEASE NOTE:** Mobile prices are valid only when purchasing the total package (to avoid wholesale buyers).විශ්වාසවන්ත හා සුහදශීලී සේවාව සඳහා අප අමතන්න.★★★★★★ ★★★★★★ ★★★★★★# තරගකාරී මිල ගණන්# දුරකථන හුවමාරුව# ක්‍රෙඩිට් කාඩ් පත් මගින් ගෙවීම් හා තවත් ප්‍රතිලාභ රැසක්📞 **Call for more information****MOBILE STUDIO**📍 No. 250/42B, Ground Floor,Liberty Plaza,Colombo 03"
Samsung Galaxy Tab A11 8GB 128GB,"Rs 63,990",Unknown,https://ikman.lk/en/ad/samsung-galaxy-tab-a11-8gb-128gb-for-sale-colombo-109,,,,"📍 **MOBILE STUDIO**🔆 BRAND NEW SEALED PACK🔆 12 MONTHS WARRANTY🔆 100% ORIGINAL🔆 EXCHANGE POSSIBLE🔆 Card payment available for installment plans for selected cards only. Conditions apply.☀️ **CASH PRICE**🚨 **PLEASE NOTE:**  prices are valid only when purchasing the total package (to avoid wholesale buyers).විශ්වාසවන්ත හා සුහදශීලී සේවාව සඳහා අප අමතන්න.★★★★★★ ★★★★★★ ★★★★★★# තරගකාරී මිල ගණන්# දුරකථන හුවමාරුව# ක්‍රෙඩිට් කාඩ් පත් මගින් ගෙවීම් හා තවත් ප්‍රතිලාභ රැසක්📞 **Call for more information****MOBILE STUDIO**📍 No. 250/42B, Ground Floor,Liberty Plaza,Colombo 03"
Samsung Tab A11 4GB 64GB,"Rs 47,990",Unknown,https://ikman.lk/en/ad/samsung-tab-a11-4gb-64gb-for-sale-colombo-4,,,,"📍 **MOBILE STUDIO**🔆 BRAND NEW SEALED PACK🔆 12 MONTHS WARRANTY🔆 100% ORIGINAL🔆 EXCHANGE POSSIBLE🔆 Card payment available for installment plans for selected cards only. Conditions apply.☀️ **CASH PRICE**🚨 **PLEASE NOTE:** Mobile prices are valid only when purchasing the total package (to avoid wholesale buyers).විශ්වාසවන්ත හා සුහදශීලී සේවාව සඳහා අප අමතන්න.★★★★★★ ★★★★★★ ★★★★★★# තරගකාරී මිල ගණන්# දුරකථන හුවමාරුව# ක්‍රෙඩිට් කාඩ් පත් මගින් ගෙවීම් හා තවත් ප්‍රතිලාභ රැසක්📞 **Call for more information****MOBILE STUDIO**📍 No. 250/42B, Ground Floor,Liberty Plaza,Colombo 03"
Samsung Galaxy S10 fe 12/256GB,"Rs 145,500",Unknown,https://ikman.lk/en/ad/samsung-galaxy-s10-fe-12-256gb-for-sale-colombo-92,,,,"X-MOBILESAMSUNG GALAXY• Brand New Sealed Pack• 100% Genuine Products• Credit Card Payments Accepted (Conditions Apply)• Best After-Sales Support and Service• One Year Software Warranty• Additional charges apply for hardware warranty• Cash on Delivery (Colombo Only)• Delivery  Pickup Location - Liberty Plaza, Colombo 03• රටේ පවතින තත්ත්වය හේතුවෙන් ජංගම දුරකථනවල මිල ගණන් දවසින් දවස වෙනස් වන බැවින්, කරුණාකර අප වෙත ඇමතුමක් ලබාදී අද දින මිල ගණන් අහන්න.Authorized Dealer for:Flexible Payment Options:• Installment plans available for up to 40 months• 0% Interest Financing Available for Bank Installments (Terms and Conditions Apply)• Koko Payment Options Available (Terms and Conditions Apply)For More Details, Please Contact Us or Visit Our ShowroomX Mobile  No: 42N, Ground Floor,  Liberty Plaza,  Colombo 03  Google Search ""X MOBILE"" for DirectionsBusiness Hours:  10:00 AM - 07:00 PMChat with Us on WhatsAppGet your items delivered to you! 🔥"
Samsung Galaxy S10 Ultra 12/256GB,"Rs 270,500",Unknown,https://ikman.lk/en/ad/samsung-galaxy-s10-ultra-12-256gb-for-sale-colombo-84,,,,"X-MOBILESAMSUNG GALAXY• Brand New Sealed Pack• 100% Genuine Products• Credit Card Payments Accepted (Conditions Apply)• Best After-Sales Support and Service• One Year Software Warranty• Additional charges apply for hardware warranty• Cash on Delivery (Colombo Only)• Delivery  Pickup Location - Liberty Plaza, Colombo 03• රටේ පවතින තත්ත්වය හේතුවෙන් ජංගම දුරකථනවල මිල ගණන් දවසින් දවස වෙනස් වන බැවින්, කරුණාකර අප වෙත ඇමතුමක් ලබාදී අද දින මිල ගණන් අහන්න.Authorized Dealer for: Flexible Payment Options:• Installment plans available for up to 40 months• 0% Interest Financing Available for Bank Installments (Terms and Conditions Apply)• Koko Payment Options Available (Terms and Conditions Apply)For More Details, Please Contact Us or Visit Our ShowroomX Mobile  No: 42N, Ground Floor,  Liberty Plaza,  Colombo 03  Google Search ""X MOBILE"" for DirectionsBusiness Hours:  10:00 AM - 07:00 PMChat with Us on WhatsAppGet your items delivered to you! 🔥"
Samsung Galaxy S10 plus 12/256GB,"Rs 250,500",Unknown,https://ikman.lk/en/ad/samsung-galaxy-s10-plus-12-256gb-for-sale-colombo-86,,,,"X-MOBILESAMSUNG GALAXY• Brand New Sealed Pack• 100% Genuine Products• Credit Card Payments Accepted (Conditions Apply)• Best After-Sales Support and Service• One Year Software Warranty• Additional charges apply for hardware warranty• Cash on Delivery (Colombo Only)• Delivery  Pickup Location - Liberty Plaza, Colombo 03• රටේ පවතින තත්ත්වය හේතුවෙන් ජංගම දුරකථනවල මිල ගණන් දවසින් දවස වෙනස් වන බැවින්, කරුණාකර අප වෙත ඇමතුමක් ලබාදී අද දින මිල ගණන් අහන්න.Authorized Dealer for: Flexible Payment Options:• Installment plans available for up to 40 months• 0% Interest Financing Available for Bank Installments (Terms and Conditions Apply)• Koko Payment Options Available (Terms and Conditions Apply)For More Details, Please Contact Us or Visit Our ShowroomX Mobile  No: 42N, Ground Floor,  Liberty Plaza,  Colombo 03  Google Search ""X MOBILE"" for DirectionsBusiness Hours:  10:00 AM - 07:00 PMChat with Us on WhatsAppGet your items delivered to you! 🔥"
Samsung Galaxy S10 plus 12/256GB,"Rs 225,500",Unknown,https://ikman.lk/en/ad/samsung-galaxy-s10-plus-12-256gb-for-sale-colombo-87,,,,"X-MOBILESAMSUNG GALAXY• Brand New Sealed Pack• 100% Genuine Products• Credit Card Payments Accepted (Conditions Apply)• Best After-Sales Support and Service• One Year Software Warranty• Additional charges apply for hardware warranty• Cash on Delivery (Colombo Only)• Delivery  Pickup Location - Liberty Plaza, Colombo 03• රටේ පවතින තත්ත්වය හේතුවෙන් ජංගම දුරකථනවල මිල ගණන් දවසින් දවස වෙනස් වන බැවින්, කරුණාකර අප වෙත ඇමතුමක් ලබාදී අද දින මිල ගණන් අහන්න.Authorized Dealer for: Flexible Payment Options:• Installment plans available for up to 40 months• 0% Interest Financing Available for Bank Installments (Terms and Conditions Apply)• Koko Payment Options Available (Terms and Conditions Apply)For More Details, Please Contact Us or Visit Our ShowroomX Mobile  No: 42N, Ground Floor,  Liberty Plaza,  Colombo 03  Google Search ""X MOBILE"" for DirectionsBusiness Hours:  10:00 AM - 07:00 PMChat with Us on WhatsAppGet your items delivered to you! 🔥"
Samsung Galaxy S6 lite 4/128GB,"Rs 93,500",Unknown,https://ikman.lk/en/ad/samsung-galaxy-s6-lite-4-128gb-for-sale-colombo-54,,,,"X-MOBILESAMSUNG GALAXY• Brand New Sealed Pack• 100% Genuine Products• Credit Card Payments Accepted (Conditions Apply)• Best After-Sales Support and Service• One Year Software Warranty• Additional charges apply for hardware warranty• Cash on Delivery (Colombo Only)• Delivery  Pickup Location - Liberty Plaza, Colombo 03• රටේ පවතින තත්ත්වය හේතුවෙන් ජංගම දුරකථනවල මිල ගණන් දවසින් දවස වෙනස් වන බැවින්, කරුණාකර අප වෙත ඇමතුමක් ලබාදී අද දින මිල ගණන් අහන්න.Flexible Payment Options:• Installment plans available for up to 40 months• 0% Interest Financing Available for Bank Installments (Terms and Conditions Apply)• Koko Payment Options Available (Terms and Conditions Apply)For More Details, Please Contact Us or Visit Our ShowroomX Mobile  No: 42N, Ground Floor,  Liberty Plaza,  Colombo 03  Google Search ""X MOBILE"" for DirectionsBusiness Hours:  10:00 AM - 07:00 PMChat with Us on WhatsAppGet your items delivered to you! 🔥"
Ipad10,"Rs 140,000",Unknown,https://ikman.lk/en/ad/ipad10-for-sale-colombo,,,,Used only 6 months perfectly working. Good for only meeting s newest version ipad
Samsung Galaxy Tab A11 Plus 6GB 128GB,"Rs 76,999",Unknown,https://ikman.lk/en/ad/samsung-galaxy-tab-a11-plus-6gb-128gb-for-sale-colombo-32,,,,"🔵UPGRADE LANKA (PVT)Ltd    🔹 Tech,trends &more✅ Brand new Sealed Pack✅100% Genuine Products✅Credit Card Payments      Accepted.(Condition Apply)✅Prices will change Day by Day, According to color, country / Region✅After sales service and support   will be provided✅koko payment accepted (condition  Apply)✅one year warranty/ company warranty for limited stocks.✅ZERO % AVAILABLE FOR (HNB  CARDS).🔸(SEYLAN BANK)     •12 Months     •24 Months🔸(COMMERCIAL BANK)    • 6 Months    •12 Months    •18 Months    •24 Months🔸(SAMPATH BANK)    •6 Months    •12 Months    •24 Months    •40 Months🔸(HSBC BANK)    *6 Months     *12 Months  🛟Cash on Delivery (Colombo    Only)🛟Delivery & Pickup Loacation -    Liberty Plaza Colombo 03🚨Authorised Dealer for:     For More Details Please          Contact us or Visit Our Web /Showroom🔶UPGRADE LANKA (PVT)Ltd No:1st Floor,Liberty Plaza"
Samsung Galaxy S10 lite 8/256GB,"Rs 129,500",Unknown,https://ikman.lk/en/ad/samsung-galaxy-s10-lite-8-256gb-for-sale-colombo-37,,,,"X-MOBILESAMSUNG GALAXY• Brand New Sealed Pack• 100% Genuine Products• Credit Card Payments Accepted (Conditions Apply)• Best After-Sales Support and Service• One Year Software Warranty• Additional charges apply for hardware warranty• Cash on Delivery (Colombo Only)• Delivery  Pickup Location - Liberty Plaza, Colombo 03• රටේ පවතින තත්ත්වය හේතුවෙන් ජංගම දුරකථනවල මිල ගණන් දවසින් දවස වෙනස් වන බැවින්, කරුණාකර අප වෙත ඇමතුමක් ලබාදී අද දින මිල ගණන් අහන්න.Authorized Dealer for: Flexible Payment Options:• Installment plans available for up to 40 months• 0% Interest Financing Available for Bank Installments (Terms and Conditions Apply)• Koko Payment Options Available (Terms and Conditions Apply)For More Details, Please Contact Us or Visit Our ShowroomX Mobile  No: 42N, Ground Floor,  Liberty Plaza,  Colombo 03  Google Search ""X MOBILE"" for DirectionsBusiness Hours:  10:00 AM - 07:00 PMChat with Us on WhatsAppGet your items delivered to you! 🔥"
samsung Galaxy S10 lite 6/128GB,"Rs 104,500",Unknown,https://ikman.lk/en/ad/samsung-galaxy-s10-lite-6-128gb-for-sale-colombo-72,,,,"X-MOBILESAMSUNG GALAXY• Brand New Sealed Pack• 100% Genuine Products• Credit Card Payments Accepted (Conditions Apply)• Best After-Sales Support and Service• One Year Software Warranty• Additional charges apply for hardware warranty• Cash on Delivery (Colombo Only)• Delivery  Pickup Location - Liberty Plaza, Colombo 03• රටේ පවතින තත්ත්වය හේතුවෙන් ජංගම දුරකථනවල මිල ගණන් දවසින් දවස වෙනස් වන බැවින්, කරුණාකර අප වෙත ඇමතුමක් ලබාදී අද දින මිල ගණන් අහන්න.Authorized Dealer for: Flexible Payment Options:• Installment plans available for up to 40 months• 0% Interest Financing Available for Bank Installments (Terms and Conditions Apply)• Koko Payment Options Available (Terms and Conditions Apply)For More Details, Please Contact Us or Visit Our ShowroomX Mobile  No: 42N, Ground Floor,  Liberty Plaza,  Colombo 03  Google Search ""X MOBILE"" for DirectionsBusiness Hours:  10:00 AM - 07:00 PMChat with Us on WhatsAppGet your items delivered to you! 🔥"
Samsung Galaxy S11 Ultra 12/256GB,"Rs 349,000",Unknown,https://ikman.lk/en/ad/samsung-galaxy-s11-ultra-12-256gb-for-sale-colombo-71,,,,"X-MOBILESAMSUNG GALAXY• Brand New Sealed Pack• 100% Genuine Products• Credit Card Payments Accepted (Conditions Apply)• Best After-Sales Support and Service• One Year Software Warranty• Additional charges apply for hardware warranty• Cash on Delivery (Colombo Only)• Delivery  Pickup Location - Liberty Plaza, Colombo 03• රටේ පවතින තත්ත්වය හේතුවෙන් ජංගම දුරකථනවල මිල ගණන් දවසින් දවස වෙනස් වන බැවින්, කරුණාකර අප වෙත ඇමතුමක් ලබාදී අද දින මිල ගණන් අහන්න.Authorized Dealer for: Flexible Payment Options:• Installment plans available for up to 40 months• 0% Interest Financing Available for Bank Installments (Terms and Conditions Apply)• Koko Payment Options Available (Terms and Conditions Apply)For More Details, Please Contact Us or Visit Our ShowroomX Mobile  No: 42N, Ground Floor,  Liberty Plaza,  Colombo 03  Google Search ""X MOBILE"" for DirectionsBusiness Hours:  10:00 AM - 07:00 PMChat with Us on WhatsAppGet your items delivered to you! 🔥"
Samsung Galaxy S10 FE Plus 12GB 256GB WIFI,"Rs 177,990",Unknown,https://ikman.lk/en/ad/samsung-galaxy-s10-fe-plus-12gb-256gb-wifi-for-sale-colombo-1,,,,"X-MOBILESAMSUNG GALAXY• Brand New Sealed Pack• 100% Genuine Products• Credit Card Payments Accepted (Conditions Apply)• Best After-Sales Support and Service• One Year Software Warranty• Additional charges apply for hardware warranty• Cash on Delivery (Colombo Only)• Delivery  Pickup Location - Liberty Plaza, Colombo 03• රටේ පවතින තත්ත්වය හේතුවෙන් ජංගම දුරකථනවල මිල ගණන් දවසින් දවස වෙනස් වන බැවින්, කරුණාකර අප වෙත ඇමතුමක් ලබාදී අද දින මිල ගණන් අහන්න.Authorized Dealer for: Flexible Payment Options:• Installment plans available for up to 40 months• 0% Interest Financing Available for Bank Installments (Terms and Conditions Apply)• Koko Payment Options Available (Terms and Conditions Apply)For More Details, Please Contact Us or Visit Our ShowroomX Mobile  No: 42N, Ground Floor,  Liberty Plaza,  Colombo 03  Google Search ""X MOBILE"" for DirectionsBusiness Hours:  10:00 AM - 07:00 PMChat with Us on WhatsAppGet your items delivered to you! 🔥"
Samsung Galaxy S11 12/256GB,"Rs 249,500",Unknown,https://ikman.lk/en/ad/samsung-galaxy-s11-12-256gb-for-sale-colombo-63,,,,"X-MOBILESAMSUNG GALAXY• Brand New Sealed Pack• 100% Genuine Products• Credit Card Payments Accepted (Conditions Apply)• Best After-Sales Support and Service• One Year Software Warranty• Additional charges apply for hardware warranty• Cash on Delivery (Colombo Only)• Delivery  Pickup Location - Liberty Plaza, Colombo 03• රටේ පවතින තත්ත්වය හේතුවෙන් ජංගම දුරකථනවල මිල ගණන් දවසින් දවස වෙනස් වන බැවින්, කරුණාකර අප වෙත ඇමතුමක් ලබාදී අද දින මිල ගණන් අහන්න.Authorized Dealer for:Flexible Payment Options:• Installment plans available for up to 40 months• 0% Interest Financing Available for Bank Installments (Terms and Conditions Apply)• Koko Payment Options Available (Terms and Conditions Apply)For More Details, Please Contact Us or Visit Our ShowroomX Mobile  No: 42N, Ground Floor,  Liberty Plaza,  Colombo 03  Google Search ""X MOBILE"" for DirectionsBusiness Hours:  10:00 AM - 07:00 PMChat with Us on WhatsAppGet your items delivered to you! 🔥"
Samsung Galaxy S11 12/128GB,"Rs 205,500",Unknown,https://ikman.lk/en/ad/samsung-galaxy-s11-12-128gb-for-sale-colombo-34,,,,"X-MOBILESAMSUNG GALAXY• Brand New Sealed Pack• 100% Genuine Products• Credit Card Payments Accepted (Conditions Apply)• Best After-Sales Support and Service• One Year Software Warranty• Additional charges apply for hardware warranty• Cash on Delivery (Colombo Only)• Delivery  Pickup Location - Liberty Plaza, Colombo 03• රටේ පවතින තත්ත්වය හේතුවෙන් ජංගම දුරකථනවල මිල ගණන් දවසින් දවස වෙනස් වන බැවින්, කරුණාකර අප වෙත ඇමතුමක් ලබාදී අද දින මිල ගණන් අහන්න.Authorized Dealer for:Flexible Payment Options:• Installment plans available for up to 40 months• 0% Interest Financing Available for Bank Installments (Terms and Conditions Apply)• Koko Payment Options Available (Terms and Conditions Apply)For More Details, Please Contact Us or Visit Our ShowroomX Mobile  No: 42N, Ground Floor,  Liberty Plaza,  Colombo 03  Google Search ""X MOBILE"" for DirectionsBusiness Hours:  10:00 AM - 07:00 PMChat with Us on WhatsAppGet your items delivered to you! 🔥"
Samsung Galaxy S11 12/256 5G with keyboard,"Rs 339,500",Unknown,https://ikman.lk/en/ad/samsung-galaxy-s11-12-256-5g-with-keyboard-for-sale-colombo,,,,"X-MOBILESAMSUNG GALAXY• Brand New Sealed Pack• 100% Genuine Products• Credit Card Payments Accepted (Conditions Apply)• Best After-Sales Support and Service• One Year Software Warranty• Additional charges apply for hardware warranty• Cash on Delivery (Colombo Only)• Delivery  Pickup Location - Liberty Plaza, Colombo 03• රටේ පවතින තත්ත්වය හේතුවෙන් ජංගම දුරකථනවල මිල ගණන් දවසින් දවස වෙනස් වන බැවින්, කරුණාකර අප වෙත ඇමතුමක් ලබාදී අද දින මිල ගණන් අහන්න.Authorized Dealer for:Flexible Payment Options:• Installment plans available for up to 40 months• 0% Interest Financing Available for Bank Installments (Terms and Conditions Apply)• Koko Payment Options Available (Terms and Conditions Apply)For More Details, Please Contact Us or Visit Our ShowroomX Mobile  No: 42N, Ground Floor,  Liberty Plaza,  Colombo 03  Google Search ""X MOBILE"" for DirectionsBusiness Hours:  10:00 AM - 07:00 PMChat with Us on WhatsAppGet your items delivered to you! 🔥"
Samsung Galaxy Tab A11 Plus 5G 6GB 128GB,"Rs 84,999",Unknown,https://ikman.lk/en/ad/samsung-galaxy-tab-a11-plus-5g-6gb-128gb-for-sale-colombo-19,,,,"🔵UPGRADE LANKA (PVT)Ltd    🔹 Tech,trends &more✅ Brand new Sealed Pack✅100% Genuine Products✅Credit Card Payments      Accepted.(Condition Apply)✅Prices will change Day by Day, According to color, country / Region✅After sales service and support   will be provided✅koko payment accepted (condition  Apply)✅one year warranty/ company warranty for limited stocks.✅ZERO % AVAILABLE FOR (HNB  CARDS).🔸(SEYLAN BANK)     •12 Months     •24 Months🔸(COMMERCIAL BANK)    • 6 Months    •12 Months    •18 Months    •24 Months🔸(SAMPATH BANK)    •6 Months    •12 Months    •24 Months    •40 Months🔸(HSBC BANK)    *6 Months     *12 Months  🛟Cash on Delivery (Colombo    Only)🛟Delivery & Pickup Loacation -    Liberty Plaza Colombo 03🚨Authorised Dealer for:     For More Details Please          Contact us or Visit Our Web /Showroom🔶UPGRADE LANKA (PVT)Ltd No:1st Floor,Liberty Plaza"
Samsung Galaxy Tab A11 8GB 128GB,"Rs 64,999",Unknown,https://ikman.lk/en/ad/samsung-galaxy-tab-a11-8gb-128gb-for-sale-colombo-108,,,,"🔵UPGRADE LANKA (PVT)Ltd    🔹 Tech,trends &more✅ Brand new Sealed Pack✅100% Genuine Products✅Credit Card Payments      Accepted.(Condition Apply)✅Prices will change Day by Day, According to color, country / Region✅After sales service and support   will be provided✅koko payment accepted (condition  Apply)✅one year warranty/ company warranty for limited stocks.✅ZERO % AVAILABLE FOR (HNB  CARDS).🔸(SEYLAN BANK)     •12 Months     •24 Months🔸(COMMERCIAL BANK)    • 6 Months    •12 Months    •18 Months    •24 Months🔸(SAMPATH BANK)    •6 Months    •12 Months    •24 Months    •40 Months🔸(HSBC BANK)    *6 Months     *12 Months  🛟Cash on Delivery (Colombo    Only)🛟Delivery & Pickup Loacation -    Liberty Plaza Colombo 03🚨Authorised Dealer for:     For More Details Please          Contact us or Visit Our Web /Showroom🔶UPGRADE LANKA (PVT)Ltd No:1st Floor,Liberty Plaza"
Blackview MEGA 2 Tablet – Available Now!,"Rs 69,000",Unknown,https://ikman.lk/en/ad/blackview-mega-2-tablet-available-now-for-sale-jaffna,,,,"🏷️ Brand: Blackview📦 Model: MEGA 2💾 Storage: 256GB⚡ RAM: 12GB🖥️ Display Resolution: 1200 × 2000🔋 Battery Capacity: 9000mAh📞 077 6305 290 | 071 5356 305📍 PC Paradise403, Clock Tower Road, Jaffna."
Samsung Galaxy Tab A11 4GB 64GB,"Rs 48,499",Unknown,https://ikman.lk/en/ad/samsung-galaxy-tab-a11-4gb-64gb-for-sale-colombo-126,,,,"🔵UPGRADE LANKA (PVT)Ltd    🔹 Tech,trends &more✅ Brand new Sealed Pack✅100% Genuine Products✅Credit Card Payments      Accepted.(Condition Apply)✅Prices will change Day by Day, According to color, country / Region✅After sales service and support   will be provided✅koko payment accepted (condition  Apply)✅one year warranty/ company warranty for limited stocks.✅ZERO % AVAILABLE FOR (HNB  CARDS).🔸(SEYLAN BANK)     •12 Months     •24 Months🔸(COMMERCIAL BANK)    • 6 Months    •12 Months    •18 Months    •24 Months🔸(SAMPATH BANK)    •6 Months    •12 Months    •24 Months    •40 Months🔸(HSBC BANK)    *6 Months     *12 Months  🛟Cash on Delivery (Colombo    Only)🛟Delivery & Pickup Loacation -    Liberty Plaza Colombo 03🚨Authorised Dealer for:     For More Details Please          Contact us or Visit Our Web /Showroom🔶UPGRADE LANKA (PVT)Ltd No:1st Floor,Liberty Plaza"
Samsung Galaxy S10 FE PLUS 8GB 128GB WIFI,"Rs 155,990",Unknown,https://ikman.lk/en/ad/samsung-galaxy-s10-fe-plus-8gb-128gb-wifi-for-sale-colombo-1,,,,"X-MOBILESAMSUNG GALAXY• Brand New Sealed Pack• 100% Genuine Products• Credit Card Payments Accepted (Conditions Apply)• Best After-Sales Support and Service• One Year Software Warranty• Additional charges apply for hardware warranty• Cash on Delivery (Colombo Only)• Delivery  Pickup Location - Liberty Plaza, Colombo 03• රටේ පවතින තත්ත්වය හේතුවෙන් ජංගම දුරකථනවල මිල ගණන් දවසින් දවස වෙනස් වන බැවින්, කරුණාකර අප වෙත ඇමතුමක් ලබාදී අද දින මිල ගණන් අහන්න.Authorized Dealer for:Flexible Payment Options:• Installment plans available for up to 40 months• 0% Interest Financing Available for Bank Installments (Terms and Conditions Apply)• Koko Payment Options Available (Terms and Conditions Apply)For More Details, Please Contact Us or Visit Our ShowroomX Mobile  No: 42N, Ground Floor,  Liberty Plaza,  Colombo 03  Google Search ""X MOBILE"" for DirectionsBusiness Hours:  10:00 AM - 07:00 PMChat with Us on WhatsAppGet your items delivered to you! 🔥"
Samsung Galaxy Tab A9 4GB 64GB,"Rs 44,999",Unknown,https://ikman.lk/en/ad/samsung-galaxy-tab-a9-4gb-64gb-for-sale-colombo-445,,,,"🔵UPGRADE LANKA (PVT)Ltd    🔹 Tech,trends &more✅ Brand new Sealed Pack✅100% Genuine Products✅Credit Card Payments      Accepted.(Condition Apply)✅Prices will change Day by Day, According to color, country / Region✅After sales service and support   will be provided✅koko payment accepted (condition  Apply)✅one year warranty/ company warranty for limited stocks.✅ZERO % AVAILABLE FOR (HNB  CARDS).🔸(SEYLAN BANK)     •12 Months     •24 Months🔸(COMMERCIAL BANK)    • 6 Months    •12 Months    •18 Months    •24 Months🔸(SAMPATH BANK)    •6 Months    •12 Months    •24 Months    •40 Months🔸(HSBC BANK)    *6 Months     *12 Months  🛟Cash on Delivery (Colombo    Only)🛟Delivery & Pickup Loacation -    Liberty Plaza Colombo 03🚨Authorised Dealer for:     For More Details Please          Contact us or Visit Our Web /Showroom🔶UPGRADE LANKA (PVT)Ltd No:1st Floor,Liberty Plaza"
Samsung Galaxy Tab S10 FE 8GB 128GB,"Rs 124,999",Unknown,https://ikman.lk/en/ad/samsung-galaxy-tab-s10-fe-8gb-128gb-for-sale-colombo-149,,,,"🔵UPGRADE LANKA (PVT)Ltd    🔹 Tech,trends &more✅ Brand new Sealed Pack✅100% Genuine Products✅Credit Card Payments      Accepted.(Condition Apply)✅Prices will change Day by Day, According to color, country / Region✅After sales service and support   will be provided✅koko payment accepted (condition  Apply)✅one year warranty/ company warranty for limited stocks.✅ZERO % AVAILABLE FOR (HNB  CARDS).🔸(SEYLAN BANK)     •12 Months     •24 Months🔸(COMMERCIAL BANK)    • 6 Months    •12 Months    •18 Months    •24 Months🔸(SAMPATH BANK)    •6 Months    •12 Months    •24 Months    •40 Months🔸(HSBC BANK)    *6 Months     *12 Months  🛟Cash on Delivery (Colombo    Only)🛟Delivery & Pickup Loacation -    Liberty Plaza Colombo 03🚨Authorised Dealer for:     For More Details Please          Contact us or Visit Our Web /Showroom🔶UPGRADE LANKA (PVT)Ltd No:1st Floor,Liberty Plaza"
Samsung Galaxy Tab S10 FE 5G 8GB 128GB,"Rs 149,499",Unknown,https://ikman.lk/en/ad/samsung-galaxy-tab-s10-fe-5g-8gb-128gb-for-sale-colombo-29,,,,"🔵UPGRADE LANKA (PVT)Ltd    🔹 Tech,trends &more✅ Brand new Sealed Pack✅100% Genuine Products✅Credit Card Payments      Accepted.(Condition Apply)✅Prices will change Day by Day, According to color, country / Region✅After sales service and support   will be provided✅koko payment accepted (condition  Apply)✅one year warranty/ company warranty for limited stocks.✅ZERO % AVAILABLE FOR (HNB  CARDS).🔸(SEYLAN BANK)     •12 Months     •24 Months🔸(COMMERCIAL BANK)    • 6 Months    •12 Months    •18 Months    •24 Months🔸(SAMPATH BANK)    •6 Months    •12 Months    •24 Months    •40 Months🔸(HSBC BANK)    *6 Months     *12 Months  🛟Cash on Delivery (Colombo    Only)🛟Delivery & Pickup Loacation -    Liberty Plaza Colombo 03🚨Authorised Dealer for:     For More Details Please          Contact us or Visit Our Web /Showroom🔶UPGRADE LANKA (PVT)Ltd No:1st Floor,Liberty Plaza"
Samsung Galaxy S10FE 8GB 128GB WIFI,"Rs 120,000",Unknown,https://ikman.lk/en/ad/samsung-galaxy-s10fe-8gb-128gb-wifi-for-sale-colombo-1,,,,"X-MOBILESAMSUNG GALAXY• Brand New Sealed Pack• 100% Genuine Products• Credit Card Payments Accepted (Conditions Apply)• Best After-Sales Support and Service• One Year Software Warranty• Additional charges apply for hardware warranty• Cash on Delivery (Colombo Only)• Delivery  Pickup Location - Liberty Plaza, Colombo 03• රටේ පවතින තත්ත්වය හේතුවෙන් ජංගම දුරකථනවල මිල ගණන් දවසින් දවස වෙනස් වන බැවින්, කරුණාකර අප වෙත ඇමතුමක් ලබාදී අද දින මිල ගණන් අහන්න.Authorized Dealer for:Flexible Payment Options:• Installment plans available for up to 40 months• 0% Interest Financing Available for Bank Installments (Terms and Conditions Apply)• Koko Payment Options Available (Terms and Conditions Apply)For More Details, Please Contact Us or Visit Our ShowroomX Mobile  No: 42N, Ground Floor,  Liberty Plaza,  Colombo 03  Google Search ""X MOBILE"" for DirectionsBusiness Hours:  10:00 AM - 07:00 PMChat with Us on WhatsAppGet your items delivered to you! 🔥"
S9 12GB 256GB WIFI,"Rs 194,990",Unknown,https://ikman.lk/en/ad/s9-12gb-256gb-wifi-for-sale-colombo-1,,,,"X-MOBILESAMSUNG GALAXY• Brand New Sealed Pack• 100% Genuine Products• Credit Card Payments Accepted (Conditions Apply)• Best After-Sales Support and Service• One Year Software Warranty• Additional charges apply for hardware warranty• Cash on Delivery (Colombo Only)• Delivery  Pickup Location - Liberty Plaza, Colombo 03• රටේ පවතින තත්ත්වය හේතුවෙන් ජංගම දුරකථනවල මිල ගණන් දවසින් දවස වෙනස් වන බැවින්, කරුණාකර අප වෙත ඇමතුමක් ලබාදී අද දින මිල ගණන් අහන්න.Authorized Dealer for:iPhone | Samsung | Oppo | Huawei | Nokia | Xiaomi | Realme | VivoFlexible Payment Options:• Installment plans available for up to 40 months• 0% Interest Financing Available for Bank Installments (Terms and Conditions Apply)• Koko Payment Options Available (Terms and Conditions Apply)For More Details, Please Contact Us or Visit Our ShowroomX Mobile  No: 42N, Ground Floor,  Liberty Plaza,  Colombo 03  Google Search ""X MOBILE"" for DirectionsBusiness Hours:  10:00 AM - 07:00 PMChat with Us on WhatsAppGet your items delivered to you! 🔥"
Samsung Tab A7 Lite,"Rs 25,000",Unknown,https://ikman.lk/en/ad/samsung-tab-a7-lite-for-sale-gampaha,,,,Samsung a7 lite 3gb 32 gb box and all accisories tempart and full cover urgent sale call
Samsung Galaxy Tab S10 FE PLUS 12/256GB,"Rs 183,950",Unknown,https://ikman.lk/en/ad/samsung-galaxy-tab-s10-fe-plus-12-256gb-for-sale-colombo-73,,,,"‎⭕MOBILE CARE ‎‎🔰 Brand new Sealed Pack‎🔰 100% Genuine Products ‎🔰 Credit Card Payments Accepted.(Condition Apply)‎🔰 ⁠Prices will change according to color, country / region‎🔰After sales service and support will be provided‎🔰koko payment accepted ‎☆(SEYLAN BANK)‎●12 Months ‎●24 Months  ‎‎☆(COMMERCIAL BANK)‎●6 Months ‎●12 Months  ‎●18 Months ‎●24 Months ‎‎☆(SAMPATH BANK)‎●6 Months‎●12 Months ‎●24 Months‎●40 Months ‎‎♦️Cash on Delivery (Colombo Only)‎♦️Delivery & Pickup Loacation - Liberty Plaza Colombo 03 ‎‎For More Details Please Contact us or Visit  Showroom ‎MOBILE CARE ‎No 24,1ST FLOOR LIBERTY PLAZA COLOMBO 03‎‎‎Bussines hours‎10.00 AM - 07.30 PM"
Samsung Galaxy Tab S10 FE PLUS 5G 8/128GB,"Rs 183,925",Unknown,https://ikman.lk/en/ad/samsung-galaxy-tab-s10-fe-plus-5g-8-128gb-for-sale-colombo-22,,,,"‎⭕MOBILE CARE ‎‎🔰 Brand new Sealed Pack‎🔰 100% Genuine Products ‎🔰 Credit Card Payments Accepted.(Condition Apply)‎🔰 ⁠Prices will change according to color, country / region‎🔰After sales service and support will be provided‎🔰koko payment accepted ‎☆(SEYLAN BANK)‎●12 Months ‎●24 Months  ‎‎☆(COMMERCIAL BANK)‎●6 Months ‎●12 Months  ‎●18 Months ‎●24 Months ‎‎☆(SAMPATH BANK)‎●6 Months‎●12 Months ‎●24 Months‎●40 Months ‎‎♦️Cash on Delivery (Colombo Only)‎♦️Delivery & Pickup Loacation - Liberty Plaza Colombo 03 ‎‎For More Details Please Contact us or Visit  Showroom ‎MOBILE CARE ‎No 24,1ST FLOOR LIBERTY PLAZA COLOMBO 03‎‎‎Bussines hours‎10.00 AM - 07.30 PM"
Samsung Galaxy Tab S10 FE PLUS 8/128GB,"Rs 158,925",Unknown,https://ikman.lk/en/ad/samsung-galaxy-tab-s10-fe-plus-8-128gb-for-sale-colombo-69,,,,"‎⭕MOBILE CARE ‎‎🔰 Brand new Sealed Pack‎🔰 100% Genuine Products ‎🔰 Credit Card Payments Accepted.(Condition Apply)‎🔰 ⁠Prices will change according to color, country / region‎🔰After sales service and support will be provided‎🔰koko payment accepted ‎☆(SEYLAN BANK)‎●12 Months ‎●24 Months  ‎‎☆(COMMERCIAL BANK)‎●6 Months ‎●12 Months  ‎●18 Months ‎●24 Months ‎‎☆(SAMPATH BANK)‎●6 Months‎●12 Months ‎●24 Months‎●40 Months ‎‎♦️Cash on Delivery (Colombo Only)‎♦️Delivery & Pickup Loacation - Liberty Plaza Colombo 03 ‎‎For More Details Please Contact us or Visit  Showroom ‎MOBILE CARE ‎No 24,1ST FLOOR LIBERTY PLAZA COLOMBO 03‎‎‎Bussines hours‎10.00 AM - 07.30 PM"
Samsung Galaxy Tab A11 PLUS 6/128GB,"Rs 84,925",Unknown,https://ikman.lk/en/ad/samsung-galaxy-tab-a11-plus-6-128gb-for-sale-colombo-24,,,,"‎⭕MOBILE CARE ‎‎🔰 Brand new Sealed Pack‎🔰 100% Genuine Products ‎🔰 Credit Card Payments Accepted.(Condition Apply)‎🔰 ⁠Prices will change according to color, country / region‎🔰After sales service and support will be provided‎🔰koko payment accepted ‎☆(SEYLAN BANK)‎●12 Months ‎●24 Months  ‎‎☆(COMMERCIAL BANK)‎●6 Months ‎●12 Months  ‎●18 Months ‎●24 Months ‎‎☆(SAMPATH BANK)‎●6 Months‎●12 Months ‎●24 Months‎●40 Months ‎‎♦️Cash on Delivery (Colombo Only)‎♦️Delivery & Pickup Loacation - Liberty Plaza Colombo 03 ‎‎For More Details Please Contact us or Visit  Showroom ‎MOBILE CARE ‎No 24,1ST FLOOR LIBERTY PLAZA COLOMBO 03‎‎‎Bussines hours‎10.00 AM - 07.30 PM"
Samsung Galaxy Tab A11 Plus 8/256GB,"Rs 103,925",Unknown,https://ikman.lk/en/ad/samsung-galaxy-tab-a11-plus-8-256gb-for-sale-colombo-34,,,,"‎⭕MOBILE CARE ‎‎🔰 Brand new Sealed Pack‎🔰 100% Genuine Products ‎🔰 Credit Card Payments Accepted.(Condition Apply)‎🔰 ⁠Prices will change according to color, country / region‎🔰After sales service and support will be provided‎🔰koko payment accepted ‎☆(SEYLAN BANK)‎●12 Months ‎●24 Months  ‎‎☆(COMMERCIAL BANK)‎●6 Months ‎●12 Months  ‎●18 Months ‎●24 Months ‎‎☆(SAMPATH BANK)‎●6 Months‎●12 Months ‎●24 Months‎●40 Months ‎‎♦️Cash on Delivery (Colombo Only)‎♦️Delivery & Pickup Loacation - Liberty Plaza Colombo 03 ‎‎For More Details Please Contact us or Visit  Showroom ‎MOBILE CARE ‎No 24,1ST FLOOR LIBERTY PLAZA COLOMBO 03‎‎‎Bussines hours‎10.00 AM - 07.30 PM"
Samsung Galaxy Tab A11 8/128GB,"Rs 62,925",Unknown,https://ikman.lk/en/ad/samsung-galaxy-tab-a11-8-128gb-for-sale-colombo-61,,,,"‎⭕MOBILE CARE ‎‎🔰 Brand new Sealed Pack‎🔰 100% Genuine Products ‎🔰 Credit Card Payments Accepted.(Condition Apply)‎🔰 ⁠Prices will change according to color, country / region‎🔰After sales service and support will be provided‎🔰koko payment accepted ‎☆(SEYLAN BANK)‎●12 Months ‎●24 Months  ‎‎☆(COMMERCIAL BANK)‎●6 Months ‎●12 Months  ‎●18 Months ‎●24 Months ‎‎☆(SAMPATH BANK)‎●6 Months‎●12 Months ‎●24 Months‎●40 Months ‎‎♦️Cash on Delivery (Colombo Only)‎♦️Delivery & Pickup Loacation - Liberty Plaza Colombo 03 ‎‎For More Details Please Contact us or Visit  Showroom ‎MOBILE CARE ‎No 24,1ST FLOOR LIBERTY PLAZA COLOMBO 03‎‎‎Bussines hours‎10.00 AM - 07.30 PM"
Samsung Galaxy A11 8GB/128GB WIFI,"Rs 60,990",Unknown,https://ikman.lk/en/ad/samsung-galaxy-a11-8gb-128gb-wifi-for-sale-colombo-1,,,,"X-MOBILESAMSUNG GALAXY• Brand New Sealed Pack• 100% Genuine Products• Credit Card Payments Accepted (Conditions Apply)• Best After-Sales Support and Service• One Year Software Warranty• Additional charges apply for hardware warranty• Cash on Delivery (Colombo Only)• Delivery  Pickup Location - Liberty Plaza, Colombo 03• රටේ පවතින තත්ත්වය හේතුවෙන් ජංගම දුරකථනවල මිල ගණන් දවසින් දවස වෙනස් වන බැවින්, කරුණාකර අප වෙත ඇමතුමක් ලබාදී අද දින මිල ගණන් අහන්න.Authorized Dealer for: Flexible Payment Options:• Installment plans available for up to 40 months• 0% Interest Financing Available for Bank Installments (Terms and Conditions Apply)• Koko Payment Options Available (Terms and Conditions Apply)For More Details, Please Contact Us or Visit Our ShowroomX Mobile  No: 42N, Ground Floor,  Liberty Plaza,  Colombo 03  Google Search ""X MOBILE"" for DirectionsBusiness Hours:  10:00 AM - 07:00 PMChat with Us on WhatsAppGet your items delivered to you! 🔥"
Samsung Galaxy Tab A11,"Rs 47,925",Unknown,https://ikman.lk/en/ad/samsung-galaxy-tab-a11-for-sale-colombo-56,,,,"‎⭕MOBILE CARE ‎‎🔰 Brand new Sealed Pack‎🔰 100% Genuine Products ‎🔰 Credit Card Payments Accepted.(Condition Apply)‎🔰 ⁠Prices will change according to color, country / region‎🔰After sales service and support will be provided‎🔰koko payment accepted ‎☆(SEYLAN BANK)‎●12 Months ‎●24 Months  ‎‎☆(COMMERCIAL BANK)‎●6 Months ‎●12 Months  ‎●18 Months ‎●24 Months ‎‎☆(SAMPATH BANK)‎●6 Months‎●12 Months ‎●24 Months‎●40 Months ‎‎♦️Cash on Delivery (Colombo Only)‎♦️Delivery & Pickup Loacation - Liberty Plaza Colombo 03 ‎‎For More Details Please Contact us or Visit  Showroom ‎MOBILE CARE ‎No 24,1ST FLOOR LIBERTY PLAZA COLOMBO 03‎‎‎Bussines hours‎10.00 AM - 07.30 PM"
Samsung Galaxy A11 4GB 64GB WIFI,"Rs 44,990",Unknown,https://ikman.lk/en/ad/samsung-galaxy-a11-4gb-64gb-wifi-for-sale-colombo-1,,,,"X-MOBILESAMSUNG GALAXY• Brand New Sealed Pack• 100% Genuine Products• Credit Card Payments Accepted (Conditions Apply)• Best After-Sales Support and Service• One Year Software Warranty• Additional charges apply for hardware warranty• Cash on Delivery (Colombo Only)• Delivery  Pickup Location - Liberty Plaza, Colombo 03• රටේ පවතින තත්ත්වය හේතුවෙන් ජංගම දුරකථනවල මිල ගණන් දවසින් දවස වෙනස් වන බැවින්, කරුණාකර අප වෙත ඇමතුමක් ලබාදී අද දින මිල ගණන් අහන්න.Flexible Payment Options:• Installment plans available for up to 40 months• 0% Interest Financing Available for Bank Installments (Terms and Conditions Apply)• Koko Payment Options Available (Terms and Conditions Apply)For More Details, Please Contact Us or Visit Our ShowroomX Mobile  No: 42N, Ground Floor,  Liberty Plaza,  Colombo 03  Google Search ""X MOBILE"" for DirectionsBusiness Hours:  10:00 AM - 07:00 PMChat with Us on WhatsAppGet your items delivered to you! 🔥"
256gb cellular,"Rs 100,000",Unknown,https://ikman.lk/en/ad/256gb-cellular-for-sale-mullativu,,,,3 weeks used
Samsung Galaxy S10 FE 12GB 256GB,"Rs 154,222",Unknown,https://ikman.lk/en/ad/samsung-galaxy-s10-fe-12gb-256gb-for-sale-colombo-564,,,,"NE❌️EL  ‎(Nexel)‎ Powering Your Tech Future PLEASE CALL BEFORE YOU REACH OUR SHOPTO CHECK WHETHER THE STOCK IS AVAILABLE OR NOT‎‎* Brand new Sealed Pack‎* 100% Genuine Products ‎* Credit Card Payments Accepted.(Condition Apply)‎* ⁠Prizes will change according to colour changes and country region‎*Best after sales support and service ‎*koko payment accepted 💫‎*one year warranty (Phones only )🔥*six months warranty (accessories)‎‎☆(SEYLAN BANK)‎●12 Months ‎●24 Months  ‎‎☆(COMMERCIAL BANK)‎●6 Months ‎●12 Months  ‎●18 Months ‎●24 Months ‎‎☆(SAMPATH BANK)‎●6 Months ‎●12 Months ‎●24 Months ‎●40 Months ‎‎*Cash on Delivery (Colombo Only)‎*Delivery & Pickup Loacation - Liberty Plaza Colombo 03 ‎‎Authorised Dealer for‎‎For More Details Please Contact us or Visit Our Showroom ‎‎NE❌️EL ‎No:1/34U 1st Floor,‎Liberty Plaza‎‎‎Bussines hours‎10.00 AM - 07.30 PM‎Chat on WhatsApp‎"
Samsung Galaxy S10 FE Plus 12GB 256GB,"Rs 189,458",Unknown,https://ikman.lk/en/ad/samsung-galaxy-s10-fe-plus-12gb-256gb-for-sale-colombo-282,,,,"NE❌️EL  ‎(Nexel)‎ Powering Your Tech Future PLEASE CALL BEFORE YOU REACH OUR SHOPTO CHECK WHETHER THE STOCK IS AVAILABLE OR NOT‎‎* Brand new Sealed Pack‎* 100% Genuine Products ‎* Credit Card Payments Accepted.(Condition Apply)‎* ⁠Prizes will change according to colour changes and country region‎*Best after sales support and service ‎*koko payment accepted 💫‎*one year warranty (Phones only )🔥*six months warranty (accessories)‎‎☆(SEYLAN BANK)‎●12 Months ‎●24 Months  ‎‎☆(COMMERCIAL BANK)‎●6 Months ‎●12 Months  ‎●18 Months ‎●24 Months ‎‎☆(SAMPATH BANK)‎●6 Months ‎●12 Months ‎●24 Months ‎●40 Months ‎‎*Cash on Delivery (Colombo Only)‎*Delivery & Pickup Loacation - Liberty Plaza Colombo 03 ‎‎Authorised Dealer for‎‎For More Details Please Contact us or Visit Our Showroom ‎‎NE❌️EL ‎No:1/34U 1st Floor,‎Liberty Plaza‎‎‎Bussines hours‎10.00 AM - 07.30 PM‎Chat on WhatsApp‎"
Samsung Galaxy S10 FE Plus 8GB 128GB,"Rs 163,458",Unknown,https://ikman.lk/en/ad/samsung-galaxy-s10-fe-plus-8gb-128gb-for-sale-colombo-306,,,,"NE❌️EL  ‎(Nexel)‎ Powering Your Tech Future PLEASE CALL BEFORE YOU REACH OUR SHOPTO CHECK WHETHER THE STOCK IS AVAILABLE OR NOT‎‎* Brand new Sealed Pack‎* 100% Genuine Products ‎* Credit Card Payments Accepted.(Condition Apply)‎* ⁠Prizes will change according to colour changes and country region‎*Best after sales support and service ‎*koko payment accepted 💫‎*one year warranty (Phones only )🔥*six months warranty (accessories)‎‎☆(SEYLAN BANK)‎●12 Months ‎●24 Months  ‎‎☆(COMMERCIAL BANK)‎●6 Months ‎●12 Months  ‎●18 Months ‎●24 Months ‎‎☆(SAMPATH BANK)‎●6 Months ‎●12 Months ‎●24 Months ‎●40 Months ‎‎*Cash on Delivery (Colombo Only)‎*Delivery & Pickup Loacation - Liberty Plaza Colombo 03 ‎‎Authorised Dealer for‎‎For More Details Please Contact us or Visit Our Showroom ‎‎NE❌️EL ‎No:1/34U 1st Floor,‎Liberty Plaza‎‎‎Bussines hours‎10.00 AM - 07.30 PM‎Chat on WhatsApp‎"
Samsung Galaxy A7 Lite Tablet,"Rs 20,000",Unknown,https://ikman.lk/en/ad/zoom-cls-use-for-sale-ratnapura-1,,,,Samsung A7 lite 3GB 32GB Wp
Samsung Galaxy S10 FE 8GB 128GB,"Rs 134,687",Unknown,https://ikman.lk/en/ad/samsung-galaxy-s10-fe-8gb-128gb-for-sale-colombo-775,,,,"NE❌️EL  ‎(Nexel)‎ Powering Your Tech Future PLEASE CALL BEFORE YOU REACH OUR SHOPTO CHECK WHETHER THE STOCK IS AVAILABLE OR NOT‎‎* Brand new Sealed Pack‎* 100% Genuine Products ‎* Credit Card Payments Accepted.(Condition Apply)‎* ⁠Prizes will change according to colour changes and country region‎*Best after sales support and service ‎*koko payment accepted 💫‎*one year warranty (Phones only )🔥*six months warranty (accessories)‎‎☆(SEYLAN BANK)‎●12 Months ‎●24 Months  ‎‎☆(COMMERCIAL BANK)‎●6 Months ‎●12 Months  ‎●18 Months ‎●24 Months ‎‎☆(SAMPATH BANK)‎●6 Months ‎●12 Months ‎●24 Months ‎●40 Months ‎‎*Cash on Delivery (Colombo Only)‎*Delivery & Pickup Loacation - Liberty Plaza Colombo 03 ‎‎Authorised Dealer for‎‎For More Details Please Contact us or Visit Our Showroom ‎‎NE❌️EL ‎No:1/34U 1st Floor,‎Liberty Plaza‎‎‎Bussines hours‎10.00 AM - 07.30 PM‎Chat on WhatsApp‎"
Samsung Galaxy S10 LITE 8GB 256GB,"Rs 129,458",Unknown,https://ikman.lk/en/ad/samsung-galaxy-s10-lite-8gb-256gb-for-sale-colombo-191,,,,"NE❌️EL  ‎(Nexel)‎ Powering Your Tech Future PLEASE CALL BEFORE YOU REACH OUR SHOPTO CHECK WHETHER THE STOCK IS AVAILABLE OR NOT‎‎* Brand new Sealed Pack‎* 100% Genuine Products ‎* Credit Card Payments Accepted.(Condition Apply)‎* ⁠Prizes will change according to colour changes and country region‎*Best after sales support and service ‎*koko payment accepted 💫‎*one year warranty (Phones only )🔥*six months warranty (accessories)‎‎☆(SEYLAN BANK)‎●12 Months ‎●24 Months  ‎‎☆(COMMERCIAL BANK)‎●6 Months ‎●12 Months  ‎●18 Months ‎●24 Months ‎‎☆(SAMPATH BANK)‎●6 Months ‎●12 Months ‎●24 Months ‎●40 Months ‎‎*Cash on Delivery (Colombo Only)‎*Delivery & Pickup Loacation - Liberty Plaza Colombo 03 ‎‎Authorised Dealer for‎‎For More Details Please Contact us or Visit Our Showroom ‎‎NE❌️EL ‎No:1/34U 1st Floor,‎Liberty Plaza‎‎‎Bussines hours‎10.00 AM - 07.30 PM‎Chat on WhatsApp‎"
Samsung Galaxy S10 Lite 6GB 128GB,"Rs 108,450",Unknown,https://ikman.lk/en/ad/samsung-galaxy-s10-lite-6gb-128gb-for-sale-colombo-366,,,,"NE❌️EL  ‎(Nexel)‎ Powering Your Tech Future PLEASE CALL BEFORE YOU REACH OUR SHOPTO CHECK WHETHER THE STOCK IS AVAILABLE OR NOT‎‎* Brand new Sealed Pack‎* 100% Genuine Products ‎* Credit Card Payments Accepted.(Condition Apply)‎* ⁠Prizes will change according to colour changes and country region‎*Best after sales support and service ‎*koko payment accepted 💫‎*one year warranty (Phones only )🔥*six months warranty (accessories)‎‎☆(SEYLAN BANK)‎●12 Months ‎●24 Months  ‎‎☆(COMMERCIAL BANK)‎●6 Months ‎●12 Months  ‎●18 Months ‎●24 Months ‎‎☆(SAMPATH BANK)‎●6 Months ‎●12 Months ‎●24 Months ‎●40 Months ‎‎*Cash on Delivery (Colombo Only)‎*Delivery & Pickup Loacation - Liberty Plaza Colombo 03 ‎‎Authorised Dealer for‎‎For More Details Please Contact us or Visit Our Showroom ‎‎NE❌️EL ‎No:1/34U 1st Floor,‎Liberty Plaza‎‎‎Bussines hours‎10.00 AM - 07.30 PM‎Chat on WhatsApp‎"
MSI CYBORGE Core i7 -14th +RTX 5060 |Brandnew Laptops,"Rs 429,000",Unknown,https://ikman.lk/en/ad/msi-cyborge-core-i7-14th-rtx-5060-brandnew-laptops-for-sale-colombo,,,,"Welcome to Lapstore.lk (Pvt) Ltd 🙏Special offer Price - Rs 429000.00________________________________Model – MSI Cyborg 15 B2RWFKG✅ Processor : Intel Core 7-240H 15th Gen Processor  (24 MB Intel® Smart Cache, up to 5.20 GHz)✅ Display Type : 15.6"" Full HD (1920x1080), 144Hz, IPS-Level✅ Memory : 16GB Ram 5600-DDR5 ( Max 96GB )✅ 512GB PCIe® 4.0 NVMe™ M.2 SSD ( + NVMe Slot )✅ Graphics : NVIDIA® GeForce RTX™ 5060 Laptop GPU 8GB GDDR7 powers advanced AI with 572 AI TOPS✅ 4-Zone RGB Gaming Keyboard ✅ HD type (30fps@720p) | 3D Noise Reduction (3DNR)✅ Weight : 2.1 kg✅ Wi-Fi 6E + Bluetooth v5.3✅ 1x RJ45 , 1x Type-C (USB3.2 Gen2 / DisplayPort™/ Power Delivery 3.0) , 2x Type-A USB3.2 Gen2 , 1x HDMI™ 2.1 (4K @ 60Hz)✅ Windows 11 Installed LicensedRs 429000.0012 months Warranty Fully Hardware02 Years Service WarrantyLife Time Software Warrantyඅපෙන් දැන් ඔයාලට මාස 60ක් දක්වා….Credit Card  ඔස්සේ වාරික වශයෙන් ලැප්ටොප් ගෙවන්න ගන්න පුලුවන් 😍❤️📌. kotte showroom name -Laptop Market Kotte .📌.Since 2011 we have been serving more than 8000 Cooperate and Local Client 📌. koko app එක මගින් ද  Payment කිරීමේ හැකියාව ඇත .📌. ලංකාවේ ඕනෑම තැනකට Cash On Delivery සිදු කෙරේ⭕.Credit Card Installments Available⭕. Koko payment accepted"
"HP PROBOOK 640 G8 CORE i5 11TH GEN 8GB RAM 256GB NVMe 14"" USED","Rs 105,000",Unknown,https://ikman.lk/en/ad/hp-probook-640-g8-core-i5-11th-gen-8gb-ram-256gb-nvme-14-used-for-sale-colombo-2,,,,"🤩🤩🤩🤩🤩🤩ඔබ සොයන උසස්ම තත්ත්වයේ පරිගණක උපාංග වසර 10ක විශ්වාසය හා වගකීමක් සහිතව, වෙළඳපල අවම මිලට අපෙන් ලබාගන්න.System specs -🔹MODEL - HP PROBOOK 640 G8 Laptop🔹Processor: 11th Gen Intel Core i5 🔹Display: 14-inch Full HD (1920 x 1080) IPS anti-glare display.🔹Memory: DDR4 RAM, with configurations available for 8GB🔹Storage: 256GB Fast NVMe Solid State Drives (SSD).🔹Graphics: Intel UHD Graphics.🔹Audio: Bang & Olufsen stereo speakers and multi-array microphones.🔹Camera: 720p HD camera.🔹Ports: Includes USB Type-C ports with Thunderbolt support, USB-A 3.1, HDMI 1.4, and a headphone/microphone combo jack.🔹Wireless: Wi-Fi (802.11ax), Bluetooth, and an optional 4G LTE module.🔹Operating System: Typically Windows 10 Pro or Windows 11 Pro.🔹With 3 Months Replacement Warranty🔹With 12 MONTHS Service Warranty✨ සුවිශේෂී වරප්‍රසාද:✅ KOKO App පහසුකම: ඕනෑම භාණ්ඩයක් මාස 3කින් ගෙවීමේ පදනම මත ලබාගත හැක (කොන්දේසි සහිතයි).✅ දිවයින පුරා බෙදාහැරීම: ආරක්ෂිතව ඔබේ නිවසටම ගෙන්වා ගත හැක. (NO COD Available)✅ විශ්වාසනීය සේවාව: ක්ෂේත්‍රයේ වසර 10කට වැඩි පළපුරුද්ද.⚠️ විශේෂ දැනුම්දීමයි:විශේෂ මිල ගණන්: මෙම විශේෂ මිල ලබාගැනීම සඳහා මෙම දැන්වීම (Post එක) ඉදිරිපත් කළ යුතුය. නැතහොත් සාමාන්‍ය මිල ගණන් අදාළ වේ.මිල වෙනස්වීම්: පවතින තොග සහ විනිමය අනුපාත මත මිල ගණන් සුළු වශයෙන් වෙනස් විය හැක. පැමිණීමට පෙර තොග පවතිදැයි විමසා බලන්න.ගෙවීම් ක්‍රම: ඉහත සඳහන් මිල ගණන් අදාළ වන්නේ මුදලින් හෝ බැංකු හුවමාරු (Cash/Bank Transfer) සඳහා පමණි. අනෙකුත් ගෙවීම් ක්‍රම සඳහා අදාළ සේවා ගාස්තු එකතු වේ.📍 අපව සොයා එන්න:ලිපිනය: No.93, පැරණි කැස්බෑව පාර, දෙල්කද, නුගේගොඩ. (Salon Mirror C අසල)📞 දැන්ම අමතන්න : 0716868900"
Samsung Galaxy A11 PLUS 8GB 256GB,"Rs 100,948",Unknown,https://ikman.lk/en/ad/samsung-galaxy-a11-plus-8gb-256gb-for-sale-colombo-196,,,,"NE❌️EL  ‎(Nexel)‎ Powering Your Tech Future PLEASE CALL BEFORE YOU REACH OUR SHOPTO CHECK WHETHER THE STOCK IS AVAILABLE OR NOT‎‎* Brand new Sealed Pack‎* 100% Genuine Products ‎* Credit Card Payments Accepted.(Condition Apply)‎* ⁠Prizes will change according to colour changes and country region‎*Best after sales support and service ‎*koko payment accepted 💫‎*one year warranty (Phones only )🔥*six months warranty (accessories)‎‎☆(SEYLAN BANK)‎●12 Months ‎●24 Months  ‎‎☆(COMMERCIAL BANK)‎●6 Months ‎●12 Months  ‎●18 Months ‎●24 Months ‎‎☆(SAMPATH BANK)‎●6 Months ‎●12 Months ‎●24 Months ‎●40 Months ‎‎*Cash on Delivery (Colombo Only)‎*Delivery & Pickup Loacation - Liberty Plaza Colombo 03 ‎‎Authorised Dealer for‎‎For More Details Please Contact us or Visit Our Showroom ‎‎NE❌️EL ‎No:1/34U 1st Floor,‎Liberty Plaza‎‎‎Bussines hours‎10.00 AM - 07.30 PM‎Chat on WhatsApp‎"
Samsung Galaxy A11 4GB 64GB,"Rs 48,150",Unknown,https://ikman.lk/en/ad/samsung-galaxy-a11-4gb-64gb-for-sale-colombo-325,,,,"NE❌️EL  ‎(Nexel)‎ Powering Your Tech Future PLEASE CALL BEFORE YOU REACH OUR SHOPTO CHECK WHETHER THE STOCK IS AVAILABLE OR NOT‎‎* Brand new Sealed Pack‎* 100% Genuine Products ‎* Credit Card Payments Accepted.(Condition Apply)‎* ⁠Prizes will change according to colour changes and country region‎*Best after sales support and service ‎*koko payment accepted 💫‎*one year warranty (Phones only )🔥*six months warranty (accessories)‎‎☆(SEYLAN BANK)‎●12 Months ‎●24 Months  ‎‎☆(COMMERCIAL BANK)‎●6 Months ‎●12 Months  ‎●18 Months ‎●24 Months ‎‎☆(SAMPATH BANK)‎●6 Months ‎●12 Months ‎●24 Months ‎●40 Months ‎‎*Cash on Delivery (Colombo Only)‎*Delivery & Pickup Loacation - Liberty Plaza Colombo 03 ‎‎Authorised Dealer for‎‎For More Details Please Contact us or Visit Our Showroom ‎‎NE❌️EL ‎No:1/34U 1st Floor,‎Liberty Plaza‎‎‎Bussines hours‎10.00 AM - 07.30 PM‎Chat on WhatsApp‎"
Samsung Galaxy A11 8GB 128GB,"Rs 64,580",Unknown,https://ikman.lk/en/ad/samsung-galaxy-a11-8gb-128gb-for-sale-colombo-312,,,,"NE❌️EL  ‎(Nexel)‎ Powering Your Tech Future PLEASE CALL BEFORE YOU REACH OUR SHOPTO CHECK WHETHER THE STOCK IS AVAILABLE OR NOT‎‎* Brand new Sealed Pack‎* 100% Genuine Products ‎* Credit Card Payments Accepted.(Condition Apply)‎* ⁠Prizes will change according to colour changes and country region‎*Best after sales support and service ‎*koko payment accepted 💫‎*one year warranty (Phones only )🔥*six months warranty (accessories)‎‎☆(SEYLAN BANK)‎●12 Months ‎●24 Months  ‎‎☆(COMMERCIAL BANK)‎●6 Months ‎●12 Months  ‎●18 Months ‎●24 Months ‎‎☆(SAMPATH BANK)‎●6 Months ‎●12 Months ‎●24 Months ‎●40 Months ‎‎*Cash on Delivery (Colombo Only)‎*Delivery & Pickup Loacation - Liberty Plaza Colombo 03 ‎‎Authorised Dealer for‎‎For More Details Please Contact us or Visit Our Showroom ‎‎NE❌️EL ‎No:1/34U 1st Floor,‎Liberty Plaza‎‎‎Bussines hours‎10.00 AM - 07.30 PM‎Chat on WhatsApp‎"
Apple iPad Pro (12.9-inch) 5th GEN - CELLULAR,"Rs 229,000",Unknown,https://ikman.lk/en/ad/ipad-pro-129-inch-5th-gen-cellular-for-sale-ampara,,,,Ipad Pro 5th Gen 256Gb Cellular Ipad and Charger onlyNO BOX
Samsung Galaxy S10 Plus 12GB 256GB WITH ORINGAL AI KEYBOARD,"Rs 270,000",Unknown,https://ikman.lk/en/ad/samsung-galaxy-s10-plus-12gb-256gb-with-oringal-ai-keyboard-for-sale-colombo-9,,,,"‎⭕MOBILE CARE ‎‎🔰 Brand new Sealed Pack‎🔰 100% Genuine Products ‎🔰 Credit Card Payments Accepted.(Condition Apply)‎🔰 ⁠Prices will change according to color, country / region‎🔰After sales service and support will be provided‎🔰koko payment accepted ‎☆(SEYLAN BANK)‎●12 Months ‎●24 Months  ‎‎☆(COMMERCIAL BANK)‎●6 Months ‎●12 Months  ‎●18 Months ‎●24 Months ‎‎☆(SAMPATH BANK)‎●6 Months‎●12 Months ‎●24 Months‎●40 Months ‎‎♦️Cash on Delivery (Colombo Only)‎♦️Delivery & Pickup Loacation - Liberty Plaza Colombo 03 ‎‎For More Details Please Contact us or Visit  Showroom ‎MOBILE CARE ‎No 24,1ST FLOOR LIBERTY PLAZA COLOMBO 03‎‎‎Bussines hours‎10.00 AM - 07.30 PM"
Samsung Galaxy S10 FE 5G 12GB 256GB,"Rs 195,000",Unknown,https://ikman.lk/en/ad/samsung-galaxy-s10-fe-5g-12gb-256gb-for-sale-colombo-53,,,,"‎⭕MOBILE CARE ‎‎🔰 Brand new Sealed Pack‎🔰 100% Genuine Products ‎🔰 Credit Card Payments Accepted.(Condition Apply)‎🔰 ⁠Prices will change according to color, country / region‎🔰After sales service and support will be provided‎🔰koko payment accepted ‎☆(SEYLAN BANK)‎●12 Months ‎●24 Months  ‎‎☆(COMMERCIAL BANK)‎●6 Months ‎●12 Months  ‎●18 Months ‎●24 Months ‎‎☆(SAMPATH BANK)‎●6 Months‎●12 Months ‎●24 Months‎●40 Months ‎‎♦️Cash on Delivery (Colombo Only)‎♦️Delivery & Pickup Loacation - Liberty Plaza Colombo 03 ‎‎For More Details Please Contact us or Visit  Showroom ‎MOBILE CARE ‎No 24,1ST FLOOR LIBERTY PLAZA COLOMBO 03‎‎‎Bussines hours‎10.00 AM - 07.30 PM"
Samsung Galaxy S10 Fe 12GB 256GB New,"Rs 152,000",Unknown,https://ikman.lk/en/ad/samsung-galaxy-s10-fe-12gb-256gb-new-for-sale-colombo-33,,,,"‎⭕MOBILE CARE ‎‎🔰 Brand new Sealed Pack‎🔰 100% Genuine Products ‎🔰 Credit Card Payments Accepted.(Condition Apply)‎🔰 ⁠Prices will change according to color, country / region‎🔰After sales service and support will be provided‎🔰koko payment accepted ‎☆(SEYLAN BANK)‎●12 Months ‎●24 Months  ‎‎☆(COMMERCIAL BANK)‎●6 Months ‎●12 Months  ‎●18 Months ‎●24 Months ‎‎☆(SAMPATH BANK)‎●6 Months‎●12 Months ‎●24 Months‎●40 Months ‎‎♦️Cash on Delivery (Colombo Only)‎♦️Delivery & Pickup Loacation - Liberty Plaza Colombo 03 ‎‎For More Details Please Contact us or Visit  Showroom ‎MOBILE CARE ‎No 24,1ST FLOOR LIBERTY PLAZA COLOMBO 03‎‎‎Bussines hours‎10.00 AM - 07.30 PM"
Samsung Galaxy S10 FE 5G 8GB 128GB,"Rs 155,000",Unknown,https://ikman.lk/en/ad/samsung-galaxy-s10-fe-5g-8gb-128gb-for-sale-colombo-57,,,,"‎⭕MOBILE CARE ‎‎🔰 Brand new Sealed Pack‎🔰 100% Genuine Products ‎🔰 Credit Card Payments Accepted.(Condition Apply)‎🔰 ⁠Prices will change according to color, country / region‎🔰After sales service and support will be provided‎🔰koko payment accepted ‎☆(SEYLAN BANK)‎●12 Months ‎●24 Months  ‎‎☆(COMMERCIAL BANK)‎●6 Months ‎●12 Months  ‎●18 Months ‎●24 Months ‎‎☆(SAMPATH BANK)‎●6 Months‎●12 Months ‎●24 Months‎●40 Months ‎‎♦️Cash on Delivery (Colombo Only)‎♦️Delivery & Pickup Loacation - Liberty Plaza Colombo 03 ‎‎For More Details Please Contact us or Visit  Showroom ‎MOBILE CARE ‎No 24,1ST FLOOR LIBERTY PLAZA COLOMBO 03‎‎‎Bussines hours‎10.00 AM - 07.30 PM"
Samsung Galaxy S10 Fe 8GB 128GB,"Rs 119,900",Unknown,https://ikman.lk/en/ad/samsung-galaxy-s10-fe-8gb-128gb-for-sale-colombo-774,,,,"‎⭕MOBILE CARE ‎‎🔰 Brand new Sealed Pack‎🔰 100% Genuine Products ‎🔰 Credit Card Payments Accepted.(Condition Apply)‎🔰 ⁠Prices will change according to color, country / region‎🔰After sales service and support will be provided‎🔰koko payment accepted ‎☆(SEYLAN BANK)‎●12 Months ‎●24 Months  ‎‎☆(COMMERCIAL BANK)‎●6 Months ‎●12 Months  ‎●18 Months ‎●24 Months ‎‎☆(SAMPATH BANK)‎●6 Months‎●12 Months ‎●24 Months‎●40 Months ‎‎♦️Cash on Delivery (Colombo Only)‎♦️Delivery & Pickup Loacation - Liberty Plaza Colombo 03 ‎‎For More Details Please Contact us or Visit  Showroom ‎MOBILE CARE ‎No 24,1ST FLOOR LIBERTY PLAZA COLOMBO 03‎‎‎Bussines hours‎10.00 AM - 07.30 PM"
Samsung Galaxy S10 LITE 5G 8GB 256GB,"Rs 152,500",Unknown,https://ikman.lk/en/ad/samsung-galaxy-s10-lite-5g-8gb-256gb-for-sale-colombo-24,,,,"‎⭕MOBILE CARE ‎‎🔰 Brand new Sealed Pack‎🔰 100% Genuine Products ‎🔰 Credit Card Payments Accepted.(Condition Apply)‎🔰 ⁠Prices will change according to color, country / region‎🔰After sales service and support will be provided‎🔰koko payment accepted ‎☆(SEYLAN BANK)‎●12 Months ‎●24 Months  ‎‎☆(COMMERCIAL BANK)‎●6 Months ‎●12 Months  ‎●18 Months ‎●24 Months ‎‎☆(SAMPATH BANK)‎●6 Months‎●12 Months ‎●24 Months‎●40 Months ‎‎♦️Cash on Delivery (Colombo Only)‎♦️Delivery & Pickup Loacation - Liberty Plaza Colombo 03 ‎‎For More Details Please Contact us or Visit  Showroom ‎MOBILE CARE ‎No 24,1ST FLOOR LIBERTY PLAZA COLOMBO 03‎‎‎Bussines hours‎10.00 AM - 07.30 PM"
Samsung Galaxy S10 Lite 8GB 256GB,"Rs 129,000",Unknown,https://ikman.lk/en/ad/samsung-galaxy-s10-lite-8gb-256gb-for-sale-colombo-190,,,,"‎⭕MOBILE CARE ‎‎🔰 Brand new Sealed Pack‎🔰 100% Genuine Products ‎🔰 Credit Card Payments Accepted.(Condition Apply)‎🔰 ⁠Prices will change according to color, country / region‎🔰After sales service and support will be provided‎🔰koko payment accepted ‎☆(SEYLAN BANK)‎●12 Months ‎●24 Months  ‎‎☆(COMMERCIAL BANK)‎●6 Months ‎●12 Months  ‎●18 Months ‎●24 Months ‎‎☆(SAMPATH BANK)‎●6 Months‎●12 Months ‎●24 Months‎●40 Months ‎‎♦️Cash on Delivery (Colombo Only)‎♦️Delivery & Pickup Loacation - Liberty Plaza Colombo 03 ‎‎For More Details Please Contact us or Visit  Showroom ‎MOBILE CARE ‎No 24,1ST FLOOR LIBERTY PLAZA COLOMBO 03‎‎‎Bussines hours‎10.00 AM - 07.30 PM"
Samsung Galaxy S10 Lite 5G 6GB 128GB,"Rs 128,500",Unknown,https://ikman.lk/en/ad/samsung-galaxy-s10-lite-5g-6gb-128gb-for-sale-colombo-87,,,,"‎⭕MOBILE CARE ‎‎🔰 Brand new Sealed Pack‎🔰 100% Genuine Products ‎🔰 Credit Card Payments Accepted.(Condition Apply)‎🔰 ⁠Prices will change according to color, country / region‎🔰After sales service and support will be provided‎🔰koko payment accepted ‎☆(SEYLAN BANK)‎●12 Months ‎●24 Months  ‎‎☆(COMMERCIAL BANK)‎●6 Months ‎●12 Months  ‎●18 Months ‎●24 Months ‎‎☆(SAMPATH BANK)‎●6 Months‎●12 Months ‎●24 Months‎●40 Months ‎‎♦️Cash on Delivery (Colombo Only)‎♦️Delivery & Pickup Loacation - Liberty Plaza Colombo 03 ‎‎For More Details Please Contact us or Visit  Showroom ‎MOBILE CARE ‎No 24,1ST FLOOR LIBERTY PLAZA COLOMBO 03‎‎‎Bussines hours‎10.00 AM - 07.30 PM"
samsung Galaxy Tab A7 10.4 inches,"Rs 24,500",Unknown,https://ikman.lk/en/ad/samsung-galaxy-tab-a7-104-inches-for-sale-kalutara,,,,Samsung Galaxy Tab A7  10.4 inches large display 7040mah large battery(superb battery life)Good condition Cellular + wifi3gb ram32gb storageEvery app working smoothly
Samsung Galaxy S10 Lite 6GB 128GB,"Rs 104,000",Unknown,https://ikman.lk/en/ad/samsung-galaxy-s10-lite-6gb-128gb-for-sale-colombo-365,,,,"‎⭕MOBILE CARE ‎‎🔰 Brand new Sealed Pack‎🔰 100% Genuine Products ‎🔰 Credit Card Payments Accepted.(Condition Apply)‎🔰 ⁠Prices will change according to color, country / region‎🔰After sales service and support will be provided‎🔰koko payment accepted ‎☆(SEYLAN BANK)‎●12 Months ‎●24 Months  ‎‎☆(COMMERCIAL BANK)‎●6 Months ‎●12 Months  ‎●18 Months ‎●24 Months ‎‎☆(SAMPATH BANK)‎●6 Months‎●12 Months ‎●24 Months‎●40 Months ‎‎♦️Cash on Delivery (Colombo Only)‎♦️Delivery & Pickup Loacation - Liberty Plaza Colombo 03 ‎‎For More Details Please Contact us or Visit  Showroom ‎MOBILE CARE ‎No 24,1ST FLOOR LIBERTY PLAZA COLOMBO 03‎‎‎Bussines hours‎10.00 AM - 07.30 PM"
Samsung Galaxy A8 Tab,"Rs 48,000",Unknown,https://ikman.lk/en/ad/samsung-galaxy-a8-tab-brand-new-for-sale-puttalam,,,,Samsung Galaxy Tab A8Display: 10.5-inch TFT (1920×1200 Full HD) • Processor: Unisoc Tiger T618 (octa-core) • RAM:4GB • Storage: 64GB /(microSD supported) • Battery: 7040 mAh • Cameras: • Rear: 8MP • Front: 5MP • OS: Android 14 • ✔ Big 10.5” screen (good for movies & online classes)✔ 4G SIM support (SM-X205) ← VERY important✔ Long battery life (7040 mAh)✔ Expandable storage📌 Condition: 100% good Foreigner used (like new)
Lenovo M10HD Tablet,"Rs 25,000",Unknown,https://ikman.lk/en/ad/lenovo-tab-in-good-condition-for-low-price-for-sale-colombo,,,,A new conditioned tablet with a HD display 32 gb storage well supported in studying enabling write on the go if you buy a pen it will be really worth it's much better than a I pad you have more writing options future more the dolby sounds make listing more epic 4Gb ram support slight gaming as well wireless charging for pen if you buy  good fo4 studies
Samsung Galaxy Tab 3v (used),"Rs 6,000",Unknown,https://ikman.lk/en/ad/samsung-galaxy-tab-3v-used-for-sale-batticaloa,,,,Crack in display. But it still working.
Honor Pad X8a,"Rs 60,000",Unknown,https://ikman.lk/en/ad/honor-pad-for-sale-ampara-4,,,,"Honor Pad11"" Display 4GB 128GBGood condition"
Redmi Pad 2 4G LTE SIM 8GB/256GB,"Rs 99,999",Unknown,https://ikman.lk/en/ad/redmi-pad-2-4g-lte-sim-8gb-256gb-for-sale-kandy,,,,"REDMI Pad 2 4G LTE SIM8GB+8GB RAM 256GB Cash Price Rs.99,999/=BRAND NEW SEALED PACK01 YEAR GNEXT COMPANY WARRANTYTRCSL APPROVEDCall to OrderCash On Delivery within Gampola, Peradeniya, Kandy, Pilimatalawa, Katugasthota, Akurana & Nawalapitiya.* 8GB+8GB RAM & 256GB ROM* Single SIM 4G LTE* Android 15 | HyperOS* 8MP Main Camera* 5MP Selfie Camera* 11"" 2.5K IPS 90Hz Display* Display Resolution 1600x2560* Mediatek Helio G100 Ultra (6 nm)* Octa-core CPU, Up to 2.2 GHz* WiFi 5* GPS* Bluetooth * FM Radio * Card Slot: microSDXC* 4-Speakers Stereo Sound System with 3.5mm jack* Dolby Atmos* 9000mAh High-Capacity Battery* 18W  Fast Charging* USB-C * OTG * Weight: 519gLocation GampolaCall to OrderiK MobilesSINCE 2014"
Greentel A10 Pro 8GB 128GB,"Rs 46,000",Unknown,https://ikman.lk/en/ad/greentel-a10-pro-8gb-128gb-15-months-warranty-for-sale-hambantota,,,,"Greentel A10 Pro 8GB(4+4) + 128GB | only 3 Months Used🔹 Condition: Excellent 🔹 Used for: Only 3 Months🔹 RAM: 4GB + 4GB Extended RAM🔹 Storage: 128GB🔹 Display: 10.1"" IPS🔹 Battery: 6000mAh🔹 Android: 14🔹 Network: Dual SIM 4G🔹 Warranty: 1 Year & 3 Months Remaining🔹 No faults / No issues📦 Full Set Included:• Tablet + Original Box• Charger & Accessories• Cover• Stylus Pen• Keyboard + Mouse• OTG✅ Very well maintained✅ Screen protector used from Day 1✅ No scratches / No faults✅ Warranty available💰 Price: Rs. 46,000/- (Negotiable)Price can be slightly negotiated for a serious buyer.📍 Reason for selling: Upgrading to a better tablet for university studies.No issues with the device — selling only because I'm upgrading."
Xiaomi 6 Pro Tablet,"Rs 37,000",Unknown,https://ikman.lk/en/ad/xiaomi-6-pro-tablet-for-sale-kurunegala,,,,xiaomi 6 pro tablet•  Used •  1 Tb storage •  No glass damage •  No touch issue 𝐌𝐨𝐫𝐞 𝐈𝐧𝐟𝐨𝐫𝐦𝐚𝐭𝐢𝐨𝐧𝚆𝚑𝚊𝚝𝚜𝚊𝚙𝚙📲 𝙲𝚊𝚕𝚕🤙
Discover P60 Tablet 8GB RAM 512GB ROM,"Rs 15,000",Unknown,https://ikman.lk/en/ad/discover-p60-tablet-8gb-ram-512gb-rom-for-sale-gampaha-2,,,,Discover P60 Tablet📱8Gb Ram 512Gb Rom🔥Touch💯No any Erros❌Money Urgent💵Contact for More details📞
Apple ipad 5th gen,"Rs 34,000",Unknown,https://ikman.lk/en/ad/apple-ipad-5th-gen-for-sale-kalutara,,,,ipad 5th Generation Capacity 128GBFinger print working💯All working no any errors Condition 95%ipad + 20W apple charger
Honor X9 Pad (Brand New),"Rs 70,000",Unknown,https://ikman.lk/en/ad/honor-x9-pad-brand-new-for-sale-vavuniya,,,,Didn't open the box yet....
Apple iPad A16 128GB (Cycle 3),"Rs 133,500",Unknown,https://ikman.lk/en/ad/apple-ipad-a16-128gb-cycle-3-for-sale-kalutara,,,,"Apple iPad A16 Condition 100%  | 128GB | WiFi | Battery Health 100% | Cycle Count 3 | Same imei Box | ▪️Price :- 133,500/-  AppleCare warranty Remaining till July 2027 📌One to one replacement Checking warranty available. 🔥Exchange your old device with us ✔️All Credit card payment accepted (CA)Purchase your Apple products at the most trusted Mobile Store. 👇For More Details Please Contact us or Visit Our Showroom  Business Date & Time Monday  To Sunday 10.00 AM - 07.30 PM--www.iconx.lk ---📌 Visit us @iconx - Mobile Store. 958, Galle Road,Katukurunda,Kalutara."
Apple iPad A16 128GB (Cycle 9),"Rs 129,500",Unknown,https://ikman.lk/en/ad/apple-ipad-a16-128gb-cycle-9-for-sale-kalutara,,,,"Apple iPad A16 Condition 100%  | 128GB | WiFi | Battery Health 100% | Cycle Count 9 | Same imei Box | ▪️Price :- 129,500/-  AppleCare warranty Remaining till May 2027 📌One to one replacement Checking warranty available. 🔥Exchange your old device with us ✔️All Credit card payment accepted (CA)Purchase your Apple products at the most trusted Mobile Store. 👇For More Details Please Contact us or Visit Our Showroom  Business Date & Time Monday  To Sunday 10.00 AM - 07.30 PM--www.iconx.lk ---📌 Visit us @iconx - Mobile Store. 958, Galle Road,Katukurunda,Kalutara."
Apple iPad A16 128GB WIFI (Cycle 0),"Rs 133,500",Unknown,https://ikman.lk/en/ad/apple-ipad-a16-128gb-wifi-cycle-0-for-sale-kalutara,,,,"Apple iPad A16 JUST SEAL OPENED | NOT USED | Condition 100%  | 128GB | WiFi | Battery Health 100% | Cycle Count 0 | Same imei Box | ▪️Price :- 133,500/-  AppleCare international warranty Remaining till May 2027Exchange your old device with us ✔️All Credit card payment accepted (CA)Purchase your Apple products at the most trusted Mobile Store. 👇For More Details Please Contact us or Visit Our Showroom  Business Date & Time Monday  To Sunday 10.00 AM - 07.30 PM--www.iconx.lk ---📌 Visit us @iconx - Mobile Store. 958, Galle Road,Katukurunda,Kalutara."
Samsung Galaxy S10 Lite 128GB,"Rs 99,999",Unknown,https://ikman.lk/en/ad/samsung-galaxy-s10-lite-128gb-for-sale-colombo-1,,,,"📍TECHXPERT TECHNOLOGY (PVT) LTD🔆BRAND NEW SEALED PACK🔆 12 MONTHS WARRANTY🔆 100% ORIGINAL 🔆 EXCHANGE POSSIBLE….🔆Card payment available for installments plans for selected cards only condition apply ☀️ CASH PRICE 🚨PLEASE NOTE : MOBILE PRICE VALID FOR ONLY WHEN YOU ARE PURCHASING TOTAL PACKAGE (TO AVOID WHOLESALE BUYERS)විශ්වාසවන්ත හා සුහදශීලී සේවාව සඳහා  අප අමතන්න.786# තරගකාරී මිල ගණන්# දුරකථන හුවමාරුව # ක්‍රෙඩිට් කාඩ් පත් මගින් ගෙවීම් හා  තවත් ප්‍රතිලාභ රැසක්★★★★★★ ★★★★★★ ★★★★★★ TECHXPERT TECHNOLOGY (PVT) LTDCall - No.1/34R, First Floor, Liberty Plaza, Colombo 03"
Samsung Galaxy S10 Fe Plus 12/256GB,"Rs 214,999",Unknown,https://ikman.lk/en/ad/samsung-galaxy-s10-fe-plus-12-256gb-for-sale-colombo-104,,,,"📍TECHXPERT TECHNOLOGY (PVT) LTD🔆BRAND NEW SEALED PACK🔆 12 MONTHS WARRANTY🔆 100% ORIGINAL 🔆 EXCHANGE POSSIBLE….🔆Card payment available for installments plans for selected cards only condition apply ☀️ CASH PRICE 🚨PLEASE NOTE : MOBILE PRICE VALID FOR ONLY WHEN YOU ARE PURCHASING TOTAL PACKAGE (TO AVOID WHOLESALE BUYERS)විශ්වාසවන්ත හා සුහදශීලී සේවාව සඳහා  අප අමතන්න.786# තරගකාරී මිල ගණන්# දුරකථන හුවමාරුව # ක්‍රෙඩිට් කාඩ් පත් මගින් ගෙවීම් හා  තවත් ප්‍රතිලාභ රැසක්★★★★★★ ★★★★★★ ★★★★★★ TECHXPERT TECHNOLOGY (PVT) LTDCall - No.1/34R, First Floor, Liberty Plaza, Colombo 03"
Samsung Galaxy S10 Fe 12/256GB,"Rs 194,999",Unknown,https://ikman.lk/en/ad/samsung-galaxy-s10-fe-12-256gb-for-sale-colombo-94,,,,"📍TECHXPERT TECHNOLOGY (PVT) LTD🔆BRAND NEW SEALED PACK🔆 12 MONTHS WARRANTY🔆 100% ORIGINAL 🔆 EXCHANGE POSSIBLE….🔆Card payment available for installments plans for selected cards only condition apply ☀️ CASH PRICE 🚨PLEASE NOTE : MOBILE PRICE VALID FOR ONLY WHEN YOU ARE PURCHASING TOTAL PACKAGE (TO AVOID WHOLESALE BUYERS)විශ්වාසවන්ත හා සුහදශීලී සේවාව සඳහා  අප අමතන්න.786# තරගකාරී මිල ගණන්# දුරකථන හුවමාරුව # ක්‍රෙඩිට් කාඩ් පත් මගින් ගෙවීම් හා  තවත් ප්‍රතිලාභ රැසක්★★★★★★ ★★★★★★ ★★★★★★ TECHXPERT TECHNOLOGY (PVT) LTDCall - No.1/34R, First Floor, Liberty Plaza, Colombo 03"
Samsung Galaxy S10 FE 8GB 128GB,"Rs 154,999",Unknown,https://ikman.lk/en/ad/samsung-galaxy-s10-fe-8gb-128gb-for-sale-colombo-778,,,,"📍TECHXPERT TECHNOLOGY (PVT) LTD🔆BRAND NEW SEALED PACK🔆 12 MONTHS WARRANTY🔆 100% ORIGINAL 🔆 EXCHANGE POSSIBLE….🔆Card payment available for installments plans for selected cards only condition apply ☀️ CASH PRICE 🚨PLEASE NOTE : MOBILE PRICE VALID FOR ONLY WHEN YOU ARE PURCHASING TOTAL PACKAGE (TO AVOID WHOLESALE BUYERS)විශ්වාසවන්ත හා සුහදශීලී සේවාව සඳහා  අප අමතන්න.786# තරගකාරී මිල ගණන්# දුරකථන හුවමාරුව # ක්‍රෙඩිට් කාඩ් පත් මගින් ගෙවීම් හා  තවත් ප්‍රතිලාභ රැසක්★★★★★★ ★★★★★★ ★★★★★★ TECHXPERT TECHNOLOGY (PVT) LTDCall - No.1/34R, First Floor, Liberty Plaza, Colombo 03"
Samsung Galaxy Tab A11 8GB 128GB,"Rs 63,999",Unknown,https://ikman.lk/en/ad/samsung-galaxy-tab-a11-8gb-128gb-for-sale-colombo-110,,,,"📍TECHXPERT TECHNOLOGY (PVT) LTD🔆BRAND NEW SEALED PACK🔆 12 MONTHS WARRANTY🔆 100% ORIGINAL 🔆 EXCHANGE POSSIBLE….🔆Card payment available for installments plans for selected cards only condition apply ☀️ CASH PRICE 🚨PLEASE NOTE : MOBILE PRICE VALID FOR ONLY WHEN YOU ARE PURCHASING TOTAL PACKAGE (TO AVOID WHOLESALE BUYERS)විශ්වාසවන්ත හා සුහදශීලී සේවාව සඳහා  අප අමතන්න.786# තරගකාරී මිල ගණන්# දුරකථන හුවමාරුව # ක්‍රෙඩිට් කාඩ් පත් මගින් ගෙවීම් හා  තවත් ප්‍රතිලාභ රැසක්★★★★★★ ★★★★★★ ★★★★★★ TECHXPERT TECHNOLOGY (PVT) LTDCall - No.1/34R, First Floor, Liberty Plaza, Colombo 03"
Apple MacBook Air M5 Chip 13 inch (2026) 16/512GB Skyblue,"Rs 429,900",Unknown,https://ikman.lk/en/ad/apple-macbook-air-m5-chip-13-inch-2026-16-512gb-skyblue-for-sale-colombo,,,,"MacBook Air with the M5 chip delivers blazing-fast performance and powerful AI features in an incredibly lightweight design. With Apple Intelligence, up to 18 hours of battery life and fast SSD storage starting at 512GB, you can work, be creative, and play anywhere.SUPERPOWER FROM M5 – With a faster CPU and shared memory, the M5 delivers even better performance and fluidity across apps, so multitasking and creative workflows are a breeze. A powerful Neural Engine and next-generation GPU with Neural Accelerators give you a powerful platform for AI.APPLE INTELLIGENCE – Apple Intelligence is the personal intelligence system that helps you write, express yourself, and get things done faster. With groundbreaking privacy features, you can rest assured that no one else can access your data—not even Apple.UP TO 18 HOURS OF BATTERY LIFE  – MacBook Air delivers incredible battery life with amazing performance, so you can work or study all day without worrying about charging.A BRILLIANT 13.6-INCH DISPLAY – The Liquid Retina display supports one billion colors. Photos and videos appear in high contrast and sharp detail, and text is razor-sharp.12MP CENTER STAGE CAMERA – With Center Shot, you’re automatically in the frame during video calls, or share your workspace from above with Table View. And with three microphones and four speakers with Spatial Audio and Dolby Atmos, everything sounds great.CONNECT TO EVERYTHING – MacBook Air has two Thunderbolt 4 ports, a MagSafe charging port, a headphone jack – plus the Apple N1 chip for Wi-Fi 7 and Bluetooth 6 wireless connectivity. And it supports up to two external displays.MACOS RUN APPS FAST – All your favorite apps run blazingly fast on macOS, including apps like FaceTime  and Messages. Plus, built-in virus protection and free software updates help keep your Mac running smoothly and securely.IF YOU LOVE IPHONE, YOU’LL LOVE MAC – Mac works seamlessly with your other Apple devices. Use iPhone Mirroring to see and control what’s happening on your iPhone from your Mac. Copy something from your iPhone and paste it on your Mac. Send text messages with Messages from your Mac, or use your Mac to answer FaceTime calls. CHARGERS– Please note: The 13-inch MacBook Air comes with a USB-C to MagSafe 3 charging cable, but a charger is not included. A USB-C charger or other USB fast chargers capable of delivering 30 watts or more are required to charge this device. For optimal charging, Apple recommends pairing this Mac with an Apple 30-watt USB-C charger or the 70-watt USB-C charger to take advantage of fast charging (charging up to 50 percent in 30 minutes). #💯 Authentic Product.#1 year APPLE CARE  warranty.#❌No Any Hidden Charges.#KOKO Available T&C Apply.#💵Mentioned Price Valid For Cash and Bank Transfer Only.VISIT US 📌📍TECHMARTNO-410GALLE ROADKOLLUPITIYA.OR🌐www.techmart.lk"
Samsung Galaxy Tab A11 4GB 64GB,"Rs 47,999",Unknown,https://ikman.lk/en/ad/samsung-galaxy-tab-a11-4gb-64gb-for-sale-colombo-127,,,,"📍TECHXPERT TECHNOLOGY (PVT) LTD🔆BRAND NEW SEALED PACK🔆 12 MONTHS WARRANTY🔆 100% ORIGINAL 🔆 EXCHANGE POSSIBLE….🔆Card payment available for installments plans for selected cards only condition apply ☀️ CASH PRICE 🚨PLEASE NOTE : MOBILE PRICE VALID FOR ONLY WHEN YOU ARE PURCHASING TOTAL PACKAGE (TO AVOID WHOLESALE BUYERS)විශ්වාසවන්ත හා සුහදශීලී සේවාව සඳහා  අප අමතන්න.786# තරගකාරී මිල ගණන්# දුරකථන හුවමාරුව # ක්‍රෙඩිට් කාඩ් පත් මගින් ගෙවීම් හා  තවත් ප්‍රතිලාභ රැසක්★★★★★★ ★★★★★★ ★★★★★★ TECHXPERT TECHNOLOGY (PVT) LTDCall - No.1/34R, First Floor, Liberty Plaza, Colombo 03"
Samsung Galaxy Tab S11 5G 12/128GB,"Rs 268,915",Unknown,https://ikman.lk/en/ad/samsung-galaxy-tab-s11-5g-12-128gb-for-sale-colombo-8,,,,"‎⭕MOBILE CARE ‎‎🔰 Brand new Sealed Pack‎🔰 100% Genuine Products ‎🔰 Credit Card Payments Accepted.(Condition Apply)‎🔰 ⁠Prices will change according to color, country / region‎🔰After sales service and support will be provided‎🔰koko payment accepted ‎☆(SEYLAN BANK)‎●12 Months ‎●24 Months  ‎‎☆(COMMERCIAL BANK)‎●6 Months ‎●12 Months  ‎●18 Months ‎●24 Months ‎‎☆(SAMPATH BANK)‎●6 Months‎●12 Months ‎●24 Months‎●40 Months ‎‎♦️Cash on Delivery (Colombo Only)‎♦️Delivery & Pickup Loacation - Liberty Plaza Colombo 03 ‎‎For More Details Please Contact us or Visit  Showroom ‎MOBILE CARE ‎No 24,1ST FLOOR LIBERTY PLAZA COLOMBO 03‎‎‎Bussines hours‎10.00 AM - 07.30 PM"
Samsung Galaxy Tab S11 12/128GB,"Rs 205,915",Unknown,https://ikman.lk/en/ad/samsung-galaxy-tab-s11-12-128gb-for-sale-colombo-17,,,,"‎⭕MOBILE CARE ‎‎🔰 Brand new Sealed Pack‎🔰 100% Genuine Products ‎🔰 Credit Card Payments Accepted.(Condition Apply)‎🔰 ⁠Prices will change according to color, country / region‎🔰After sales service and support will be provided‎🔰koko payment accepted ‎☆(SEYLAN BANK)‎●12 Months ‎●24 Months  ‎‎☆(COMMERCIAL BANK)‎●6 Months ‎●12 Months  ‎●18 Months ‎●24 Months ‎‎☆(SAMPATH BANK)‎●6 Months‎●12 Months ‎●24 Months‎●40 Months ‎‎♦️Cash on Delivery (Colombo Only)‎♦️Delivery & Pickup Loacation - Liberty Plaza Colombo 03 ‎‎For More Details Please Contact us or Visit  Showroom ‎MOBILE CARE ‎No 24,1ST FLOOR LIBERTY PLAZA COLOMBO 03‎‎‎Bussines hours‎10.00 AM - 07.30 PM"
Samsung Galaxy Tab S10 PLUS 5G 12/256GB,"Rs 278,915",Unknown,https://ikman.lk/en/ad/samsung-galaxy-tab-s10-plus-5g-12-256gb-for-sale-colombo-10,,,,"‎⭕MOBILE CARE ‎‎🔰 Brand new Sealed Pack‎🔰 100% Genuine Products ‎🔰 Credit Card Payments Accepted.(Condition Apply)‎🔰 ⁠Prices will change according to color, country / region‎🔰After sales service and support will be provided‎🔰koko payment accepted ‎☆(SEYLAN BANK)‎●12 Months ‎●24 Months  ‎‎☆(COMMERCIAL BANK)‎●6 Months ‎●12 Months  ‎●18 Months ‎●24 Months ‎‎☆(SAMPATH BANK)‎●6 Months‎●12 Months ‎●24 Months‎●40 Months ‎‎♦️Cash on Delivery (Colombo Only)‎♦️Delivery & Pickup Loacation - Liberty Plaza Colombo 03 ‎‎For More Details Please Contact us or Visit  Showroom ‎MOBILE CARE ‎No 24,1ST FLOOR LIBERTY PLAZA COLOMBO 03‎‎‎Bussines hours‎10.00 AM - 07.30 PM"
Samsung Galaxy Tab S10 Plus 12/256GB,"Rs 238,915",Unknown,https://ikman.lk/en/ad/samsung-galaxy-tab-s10-plus-12-256gb-for-sale-colombo-56,,,,"‎⭕MOBILE CARE ‎‎🔰 Brand new Sealed Pack‎🔰 100% Genuine Products ‎🔰 Credit Card Payments Accepted.(Condition Apply)‎🔰 ⁠Prices will change according to color, country / region‎🔰After sales service and support will be provided‎🔰koko payment accepted ‎☆(SEYLAN BANK)‎●12 Months ‎●24 Months  ‎‎☆(COMMERCIAL BANK)‎●6 Months ‎●12 Months  ‎●18 Months ‎●24 Months ‎‎☆(SAMPATH BANK)‎●6 Months‎●12 Months ‎●24 Months‎●40 Months ‎‎♦️Cash on Delivery (Colombo Only)‎♦️Delivery & Pickup Loacation - Liberty Plaza Colombo 03 ‎‎For More Details Please Contact us or Visit  Showroom ‎MOBILE CARE ‎No 24,1ST FLOOR LIBERTY PLAZA COLOMBO 03‎‎‎Bussines hours‎10.00 AM - 07.30 PM"
Samsung Galaxy Tab S10 FE Plus 5G 12/256GB,"Rs 183,952",Unknown,https://ikman.lk/en/ad/samsung-galaxy-tab-s10-fe-plus-5g-12-256gb-for-sale-colombo-16,,,,"‎⭕MOBILE CARE ‎‎🔰 Brand new Sealed Pack‎🔰 100% Genuine Products ‎🔰 Credit Card Payments Accepted.(Condition Apply)‎🔰 ⁠Prices will change according to color, country / region‎🔰After sales service and support will be provided‎🔰koko payment accepted ‎☆(SEYLAN BANK)‎●12 Months ‎●24 Months  ‎‎☆(COMMERCIAL BANK)‎●6 Months ‎●12 Months  ‎●18 Months ‎●24 Months ‎‎☆(SAMPATH BANK)‎●6 Months‎●12 Months ‎●24 Months‎●40 Months ‎‎♦️Cash on Delivery (Colombo Only)‎♦️Delivery & Pickup Loacation - Liberty Plaza Colombo 03 ‎‎For More Details Please Contact us or Visit  Showroom ‎MOBILE CARE ‎No 24,1ST FLOOR LIBERTY PLAZA COLOMBO 03‎‎‎Bussines hours‎10.00 AM - 07.30 PM"
Samsung Galaxy Tab S10 FE Plus 12/256GB,"Rs 183,915",Unknown,https://ikman.lk/en/ad/samsung-galaxy-tab-s10-fe-plus-12-256gb-for-sale-colombo-72,,,,"‎⭕MOBILE CARE ‎‎🔰 Brand new Sealed Pack‎🔰 100% Genuine Products ‎🔰 Credit Card Payments Accepted.(Condition Apply)‎🔰 ⁠Prices will change according to color, country / region‎🔰After sales service and support will be provided‎🔰koko payment accepted ‎☆(SEYLAN BANK)‎●12 Months ‎●24 Months  ‎‎☆(COMMERCIAL BANK)‎●6 Months ‎●12 Months  ‎●18 Months ‎●24 Months ‎‎☆(SAMPATH BANK)‎●6 Months‎●12 Months ‎●24 Months‎●40 Months ‎‎♦️Cash on Delivery (Colombo Only)‎♦️Delivery & Pickup Loacation - Liberty Plaza Colombo 03 ‎‎For More Details Please Contact us or Visit  Showroom ‎MOBILE CARE ‎No 24,1ST FLOOR LIBERTY PLAZA COLOMBO 03‎‎‎Bussines hours‎10.00 AM - 07.30 PM"
Samsung Tab S10 Fe Plus 5G 8/128GB,"Rs 183,915",Unknown,https://ikman.lk/en/ad/samsung-tab-s10-fe-plus-5g-8-128gb-for-sale-colombo-1,,,,"‎⭕MOBILE CARE ‎‎🔰 Brand new Sealed Pack‎🔰 100% Genuine Products ‎🔰 Credit Card Payments Accepted.(Condition Apply)‎🔰 ⁠Prices will change according to color, country / region‎🔰After sales service and support will be provided‎🔰koko payment accepted ‎☆(SEYLAN BANK)‎●12 Months ‎●24 Months  ‎‎☆(COMMERCIAL BANK)‎●6 Months ‎●12 Months  ‎●18 Months ‎●24 Months ‎‎☆(SAMPATH BANK)‎●6 Months‎●12 Months ‎●24 Months‎●40 Months ‎‎♦️Cash on Delivery (Colombo Only)‎♦️Delivery & Pickup Loacation - Liberty Plaza Colombo 03 ‎‎For More Details Please Contact us or Visit  Showroom ‎MOBILE CARE ‎No 24,1ST FLOOR LIBERTY PLAZA COLOMBO 03‎‎‎Bussines hours‎10.00 AM - 07.30 PM"
Samsung Galaxy Tab S10 Fe Plus 8/128GB,"Rs 158,915",Unknown,https://ikman.lk/en/ad/samsung-galaxy-tab-s10-fe-plus-8-128gb-for-sale-colombo-68,,,,"‎⭕MOBILE CARE ‎‎🔰 Brand new Sealed Pack‎🔰 100% Genuine Products ‎🔰 Credit Card Payments Accepted.(Condition Apply)‎🔰 ⁠Prices will change according to color, country / region‎🔰After sales service and support will be provided‎🔰koko payment accepted ‎☆(SEYLAN BANK)‎●12 Months ‎●24 Months  ‎‎☆(COMMERCIAL BANK)‎●6 Months ‎●12 Months  ‎●18 Months ‎●24 Months ‎‎☆(SAMPATH BANK)‎●6 Months‎●12 Months ‎●24 Months‎●40 Months ‎‎♦️Cash on Delivery (Colombo Only)‎♦️Delivery & Pickup Loacation - Liberty Plaza Colombo 03 ‎‎For More Details Please Contact us or Visit  Showroom ‎MOBILE CARE ‎No 24,1ST FLOOR LIBERTY PLAZA COLOMBO 03‎‎‎Bussines hours‎10.00 AM - 07.30 PM"
Samsung Tab S10 FE 5G 12/256GB,"Rs 198,925",Unknown,https://ikman.lk/en/ad/samsung-tab-s10-fe-5g-12-256gb-for-sale-colombo-3,,,,"‎⭕MOBILE CARE ‎‎🔰 Brand new Sealed Pack‎🔰 100% Genuine Products ‎🔰 Credit Card Payments Accepted.(Condition Apply)‎🔰 ⁠Prices will change according to color, country / region‎🔰After sales service and support will be provided‎🔰koko payment accepted ‎☆(SEYLAN BANK)‎●12 Months ‎●24 Months  ‎‎☆(COMMERCIAL BANK)‎●6 Months ‎●12 Months  ‎●18 Months ‎●24 Months ‎‎☆(SAMPATH BANK)‎●6 Months‎●12 Months ‎●24 Months‎●40 Months ‎‎♦️Cash on Delivery (Colombo Only)‎♦️Delivery & Pickup Loacation - Liberty Plaza Colombo 03 ‎‎For More Details Please Contact us or Visit  Showroom ‎MOBILE CARE ‎No 24,1ST FLOOR LIBERTY PLAZA COLOMBO 03‎‎‎Bussines hours‎10.00 AM - 07.30 PM"
Samsung Tab S10 Fe 12/256GB,"Rs 148,950",Unknown,https://ikman.lk/en/ad/samsung-tab-s10-fe-12-256gb-for-sale-colombo-5,,,,"‎⭕MOBILE CARE ‎‎🔰 Brand new Sealed Pack‎🔰 100% Genuine Products ‎🔰 Credit Card Payments Accepted.(Condition Apply)‎🔰 ⁠Prices will change according to color, country / region‎🔰After sales service and support will be provided‎🔰koko payment accepted ‎☆(SEYLAN BANK)‎●12 Months ‎●24 Months  ‎‎☆(COMMERCIAL BANK)‎●6 Months ‎●12 Months  ‎●18 Months ‎●24 Months ‎‎☆(SAMPATH BANK)‎●6 Months‎●12 Months ‎●24 Months‎●40 Months ‎‎♦️Cash on Delivery (Colombo Only)‎♦️Delivery & Pickup Loacation - Liberty Plaza Colombo 03 ‎‎For More Details Please Contact us or Visit  Showroom ‎MOBILE CARE ‎No 24,1ST FLOOR LIBERTY PLAZA COLOMBO 03‎‎‎Bussines hours‎10.00 AM - 07.30 PM"
Samsung Galaxy Tab S10 FE Wifi 8/128GB,"Rs 124,960",Unknown,https://ikman.lk/en/ad/samsung-galaxy-tab-s10-fe-wifi-8-128gb-for-sale-colombo-3,,,,"‎⭕MOBILE CARE ‎‎🔰 Brand new Sealed Pack‎🔰 100% Genuine Products ‎🔰 Credit Card Payments Accepted.(Condition Apply)‎🔰 ⁠Prices will change according to color, country / region‎🔰After sales service and support will be provided‎🔰koko payment accepted ‎☆(SEYLAN BANK)‎●12 Months ‎●24 Months  ‎‎☆(COMMERCIAL BANK)‎●6 Months ‎●12 Months  ‎●18 Months ‎●24 Months ‎‎☆(SAMPATH BANK)‎●6 Months‎●12 Months ‎●24 Months‎●40 Months ‎‎♦️Cash on Delivery (Colombo Only)‎♦️Delivery & Pickup Loacation - Liberty Plaza Colombo 03 ‎‎For More Details Please Contact us or Visit  Showroom ‎MOBILE CARE ‎No 24,1ST FLOOR LIBERTY PLAZA COLOMBO 03‎‎‎Bussines hours‎10.00 AM - 07.30 PM"
Samsung Galaxy Tab S10 Lite 8/256GB,"Rs 124,915",Unknown,https://ikman.lk/en/ad/samsung-galaxy-tab-s10-lite-8-256gb-for-sale-colombo-27,,,,"‎⭕MOBILE CARE ‎‎🔰 Brand new Sealed Pack‎🔰 100% Genuine Products ‎🔰 Credit Card Payments Accepted.(Condition Apply)‎🔰 ⁠Prices will change according to color, country / region‎🔰After sales service and support will be provided‎🔰koko payment accepted ‎☆(SEYLAN BANK)‎●12 Months ‎●24 Months  ‎‎☆(COMMERCIAL BANK)‎●6 Months ‎●12 Months  ‎●18 Months ‎●24 Months ‎‎☆(SAMPATH BANK)‎●6 Months‎●12 Months ‎●24 Months‎●40 Months ‎‎♦️Cash on Delivery (Colombo Only)‎♦️Delivery & Pickup Loacation - Liberty Plaza Colombo 03 ‎‎For More Details Please Contact us or Visit  Showroom ‎MOBILE CARE ‎No 24,1ST FLOOR LIBERTY PLAZA COLOMBO 03‎‎‎Bussines hours‎10.00 AM - 07.30 PM"
Samsung Galaxy Tab A11 Plus 6/128GB,"Rs 84,915",Unknown,https://ikman.lk/en/ad/samsung-galaxy-tab-a11-plus-6-128gb-for-sale-colombo-23,,,,"‎⭕MOBILE CARE ‎‎🔰 Brand new Sealed Pack‎🔰 100% Genuine Products ‎🔰 Credit Card Payments Accepted.(Condition Apply)‎🔰 ⁠Prices will change according to color, country / region‎🔰After sales service and support will be provided‎🔰koko payment accepted ‎☆(SEYLAN BANK)‎●12 Months ‎●24 Months  ‎‎☆(COMMERCIAL BANK)‎●6 Months ‎●12 Months  ‎●18 Months ‎●24 Months ‎‎☆(SAMPATH BANK)‎●6 Months‎●12 Months ‎●24 Months‎●40 Months ‎‎♦️Cash on Delivery (Colombo Only)‎♦️Delivery & Pickup Loacation - Liberty Plaza Colombo 03 ‎‎For More Details Please Contact us or Visit  Showroom ‎MOBILE CARE ‎No 24,1ST FLOOR LIBERTY PLAZA COLOMBO 03‎‎‎Bussines hours‎10.00 AM - 07.30 PM"
Samsung Galaxy Tab S10 Lite 5G 6/128GB,"Rs 122,910",Unknown,https://ikman.lk/en/ad/samsung-galaxy-tab-s10-lite-5g-6-128gb-for-sale-colombo-30,,,,"‎⭕MOBILE CARE ‎‎🔰 Brand new Sealed Pack‎🔰 100% Genuine Products ‎🔰 Credit Card Payments Accepted.(Condition Apply)‎🔰 ⁠Prices will change according to color, country / region‎🔰After sales service and support will be provided‎🔰koko payment accepted ‎☆(SEYLAN BANK)‎●12 Months ‎●24 Months  ‎‎☆(COMMERCIAL BANK)‎●6 Months ‎●12 Months  ‎●18 Months ‎●24 Months ‎‎☆(SAMPATH BANK)‎●6 Months‎●12 Months ‎●24 Months‎●40 Months ‎‎♦️Cash on Delivery (Colombo Only)‎♦️Delivery & Pickup Loacation - Liberty Plaza Colombo 03 ‎‎For More Details Please Contact us or Visit  Showroom ‎MOBILE CARE ‎No 24,1ST FLOOR LIBERTY PLAZA COLOMBO 03‎‎‎Bussines hours‎10.00 AM - 07.30 PM"
Samsung Galaxy Tab S10 Lite 6/128GB,"Rs 103,920",Unknown,https://ikman.lk/en/ad/samsung-galaxy-tab-s10-lite-6-128gb-for-sale-colombo-105,,,,"‎⭕MOBILE CARE ‎‎🔰 Brand new Sealed Pack‎🔰 100% Genuine Products ‎🔰 Credit Card Payments Accepted.(Condition Apply)‎🔰 ⁠Prices will change according to color, country / region‎🔰After sales service and support will be provided‎🔰koko payment accepted ‎☆(SEYLAN BANK)‎●12 Months ‎●24 Months  ‎‎☆(COMMERCIAL BANK)‎●6 Months ‎●12 Months  ‎●18 Months ‎●24 Months ‎‎☆(SAMPATH BANK)‎●6 Months‎●12 Months ‎●24 Months‎●40 Months ‎‎♦️Cash on Delivery (Colombo Only)‎♦️Delivery & Pickup Loacation - Liberty Plaza Colombo 03 ‎‎For More Details Please Contact us or Visit  Showroom ‎MOBILE CARE ‎No 24,1ST FLOOR LIBERTY PLAZA COLOMBO 03‎‎‎Bussines hours‎10.00 AM - 07.30 PM"
Samsung Galaxy Tab A11 4GB 64GB,"Rs 103,915",Unknown,https://ikman.lk/en/ad/samsung-galaxy-tab-a11-4gb-64gb-for-sale-colombo-125,,,,"‎⭕MOBILE CARE ‎‎🔰 Brand new Sealed Pack‎🔰 100% Genuine Products ‎🔰 Credit Card Payments Accepted.(Condition Apply)‎🔰 ⁠Prices will change according to color, country / region‎🔰After sales service and support will be provided‎🔰koko payment accepted ‎☆(SEYLAN BANK)‎●12 Months ‎●24 Months  ‎‎☆(COMMERCIAL BANK)‎●6 Months ‎●12 Months  ‎●18 Months ‎●24 Months ‎‎☆(SAMPATH BANK)‎●6 Months‎●12 Months ‎●24 Months‎●40 Months ‎‎♦️Cash on Delivery (Colombo Only)‎♦️Delivery & Pickup Loacation - Liberty Plaza Colombo 03 ‎‎For More Details Please Contact us or Visit  Showroom ‎MOBILE CARE ‎No 24,1ST FLOOR LIBERTY PLAZA COLOMBO 03‎‎‎Bussines hours‎10.00 AM - 07.30 PM"
Samsung Galaxy Tab A11 4GB 64GB,"Rs 61,915",Unknown,https://ikman.lk/en/ad/samsung-galaxy-tab-a11-4gb-64gb-for-sale-colombo-124,,,,"‎⭕MOBILE CARE ‎‎🔰 Brand new Sealed Pack‎🔰 100% Genuine Products ‎🔰 Credit Card Payments Accepted.(Condition Apply)‎🔰 ⁠Prices will change according to color, country / region‎🔰After sales service and support will be provided‎🔰koko payment accepted ‎☆(SEYLAN BANK)‎●12 Months ‎●24 Months  ‎‎☆(COMMERCIAL BANK)‎●6 Months ‎●12 Months  ‎●18 Months ‎●24 Months ‎‎☆(SAMPATH BANK)‎●6 Months‎●12 Months ‎●24 Months‎●40 Months ‎‎♦️Cash on Delivery (Colombo Only)‎♦️Delivery & Pickup Loacation - Liberty Plaza Colombo 03 ‎‎For More Details Please Contact us or Visit  Showroom ‎MOBILE CARE ‎No 24,1ST FLOOR LIBERTY PLAZA COLOMBO 03‎‎‎Bussines hours‎10.00 AM - 07.30 PM"
Samsung Galaxy Tab A11 4GB 64GB,"Rs 47,915",Unknown,https://ikman.lk/en/ad/samsung-galaxy-tab-a11-4gb-64gb-for-sale-colombo-123,,,,"‎⭕MOBILE CARE ‎‎🔰 Brand new Sealed Pack‎🔰 100% Genuine Products ‎🔰 Credit Card Payments Accepted.(Condition Apply)‎🔰 ⁠Prices will change according to color, country / region‎🔰After sales service and support will be provided‎🔰koko payment accepted ‎☆(SEYLAN BANK)‎●12 Months ‎●24 Months  ‎‎☆(COMMERCIAL BANK)‎●6 Months ‎●12 Months  ‎●18 Months ‎●24 Months ‎‎☆(SAMPATH BANK)‎●6 Months‎●12 Months ‎●24 Months‎●40 Months ‎‎♦️Cash on Delivery (Colombo Only)‎♦️Delivery & Pickup Loacation - Liberty Plaza Colombo 03 ‎‎For More Details Please Contact us or Visit  Showroom ‎MOBILE CARE ‎No 24,1ST FLOOR LIBERTY PLAZA COLOMBO 03‎‎‎Bussines hours‎10.00 AM - 07.30 PM"
Samsung Galaxy S11 Ultra 5G 12GB 256GB,"Rs 384,580",Unknown,https://ikman.lk/en/ad/samsung-galaxy-s11-ultra-5g-12gb-256gb-for-sale-colombo-21,,,,"NE❌️EL  ‎(Nexel)‎ Powering Your Tech Future PLEASE CALL BEFORE YOU REACH OUR SHOPTO CHECK WHETHER THE STOCK IS AVAILABLE OR NOT‎‎* Brand new Sealed Pack‎* 100% Genuine Products ‎* Credit Card Payments Accepted.(Condition Apply)‎* ⁠Prizes will change according to colour changes and country region‎*Best after sales support and service ‎*koko payment accepted 💫‎*one year warranty (Phones only )🔥*six months warranty (accessories)‎‎☆(SEYLAN BANK)‎●12 Months ‎●24 Months  ‎‎☆(COMMERCIAL BANK)‎●6 Months ‎●12 Months  ‎●18 Months ‎●24 Months ‎‎☆(SAMPATH BANK)‎●6 Months ‎●12 Months ‎●24 Months ‎●40 Months ‎‎*Cash on Delivery (Colombo Only)‎*Delivery & Pickup Loacation - Liberty Plaza Colombo 03 ‎‎Authorised Dealer for‎‎For More Details Please Contact us or Visit Our Showroom ‎‎NE❌️EL ‎No:1/34U 1st Floor,‎Liberty Plaza‎‎‎Bussines hours‎10.00 AM - 07.30 PM‎Chat on WhatsApp‎"
Samsung Galaxy S11 Ultra 12GB 256GB,"Rs 339,480",Unknown,https://ikman.lk/en/ad/samsung-galaxy-s11-ultra-12gb-256gb-for-sale-colombo-211,,,,"NE❌️EL  ‎(Nexel)‎ Powering Your Tech Future PLEASE CALL BEFORE YOU REACH OUR SHOPTO CHECK WHETHER THE STOCK IS AVAILABLE OR NOT‎‎* Brand new Sealed Pack‎* 100% Genuine Products ‎* Credit Card Payments Accepted.(Condition Apply)‎* ⁠Prizes will change according to colour changes and country region‎*Best after sales support and service ‎*koko payment accepted 💫‎*one year warranty (Phones only )🔥*six months warranty (accessories)‎‎☆(SEYLAN BANK)‎●12 Months ‎●24 Months  ‎‎☆(COMMERCIAL BANK)‎●6 Months ‎●12 Months  ‎●18 Months ‎●24 Months ‎‎☆(SAMPATH BANK)‎●6 Months ‎●12 Months ‎●24 Months ‎●40 Months ‎‎*Cash on Delivery (Colombo Only)‎*Delivery & Pickup Loacation - Liberty Plaza Colombo 03 ‎‎Authorised Dealer for‎‎For More Details Please Contact us or Visit Our Showroom ‎‎NE❌️EL ‎No:1/34U 1st Floor,‎Liberty Plaza‎‎‎Bussines hours‎10.00 AM - 07.30 PM‎Chat on WhatsApp‎"
Samsung Galaxy S11 12GB 128GB,"Rs 209,480",Unknown,https://ikman.lk/en/ad/samsung-galaxy-s11-12gb-128gb-for-sale-colombo-41,,,,"NE❌️EL  ‎(Nexel)‎ Powering Your Tech Future PLEASE CALL BEFORE YOU REACH OUR SHOPTO CHECK WHETHER THE STOCK IS AVAILABLE OR NOT‎‎* Brand new Sealed Pack‎* 100% Genuine Products ‎* Credit Card Payments Accepted.(Condition Apply)‎* ⁠Prizes will change according to colour changes and country region‎*Best after sales support and service ‎*koko payment accepted 💫‎*one year warranty (Phones only )🔥*six months warranty (accessories)‎‎☆(SEYLAN BANK)‎●12 Months ‎●24 Months  ‎‎☆(COMMERCIAL BANK)‎●6 Months ‎●12 Months  ‎●18 Months ‎●24 Months ‎‎☆(SAMPATH BANK)‎●6 Months ‎●12 Months ‎●24 Months ‎●40 Months ‎‎*Cash on Delivery (Colombo Only)‎*Delivery & Pickup Loacation - Liberty Plaza Colombo 03 ‎‎Authorised Dealer for‎‎For More Details Please Contact us or Visit Our Showroom ‎‎NE❌️EL ‎No:1/34U 1st Floor,‎Liberty Plaza‎‎‎Bussines hours‎10.00 AM - 07.30 PM‎Chat on WhatsApp‎"
Samsung Galaxy S11 12/128GB,"Rs 219,000",Unknown,https://ikman.lk/en/ad/samsung-galaxy-s11-12-128gb-for-sale-colombo-33,,,,"X-MOBILESAMSUNG GALAXY• Brand New Sealed Pack• 100% Genuine Products• Credit Card Payments Accepted (Conditions Apply)• Best After-Sales Support and Service• One Year Software Warranty• Additional charges apply for hardware warranty• Cash on Delivery (Colombo Only)• Delivery  Pickup Location - Liberty Plaza, Colombo 03• රටේ පවතින තත්ත්වය හේතුවෙන් ජංගම දුරකථනවල මිල ගණන් දවසින් දවස වෙනස් වන බැවින්, කරුණාකර අප වෙත ඇමතුමක් ලබාදී අද දින මිල ගණන් අහන්න.Authorized Dealer for:Flexible Payment Options:• Installment plans available for up to 40 months• 0% Interest Financing Available for Bank Installments (Terms and Conditions Apply)• Koko Payment Options Available (Terms and Conditions Apply)For More Details, Please Contact Us or Visit Our ShowroomX Mobile  No: 42N, Ground Floor,  Liberty Plaza,  Colombo 03  Google Search ""X MOBILE"" for DirectionsBusiness Hours:  10:00 AM - 07:00 PMChat with Us on WhatsAppGet your items delivered to you! 🔥"
Samsung Galaxy S11 12GB 256GB,"Rs 239,458",Unknown,https://ikman.lk/en/ad/samsung-galaxy-s11-12gb-256gb-for-sale-colombo-191,,,,"NE❌️EL  ‎(Nexel)‎ Powering Your Tech Future PLEASE CALL BEFORE YOU REACH OUR SHOPTO CHECK WHETHER THE STOCK IS AVAILABLE OR NOT‎‎* Brand new Sealed Pack‎* 100% Genuine Products ‎* Credit Card Payments Accepted.(Condition Apply)‎* ⁠Prizes will change according to colour changes and country region‎*Best after sales support and service ‎*koko payment accepted 💫‎*one year warranty (Phones only )🔥*six months warranty (accessories)‎‎☆(SEYLAN BANK)‎●12 Months ‎●24 Months  ‎‎☆(COMMERCIAL BANK)‎●6 Months ‎●12 Months  ‎●18 Months ‎●24 Months ‎‎☆(SAMPATH BANK)‎●6 Months ‎●12 Months ‎●24 Months ‎●40 Months ‎‎*Cash on Delivery (Colombo Only)‎*Delivery & Pickup Loacation - Liberty Plaza Colombo 03 ‎‎Authorised Dealer for‎‎For More Details Please Contact us or Visit Our Showroom ‎‎NE❌️EL ‎No:1/34U 1st Floor,‎Liberty Plaza‎‎‎Bussines hours‎10.00 AM - 07.30 PM‎Chat on WhatsApp‎"
Samsung Galaxy S11 12/256GB,"Rs 249,500",Unknown,https://ikman.lk/en/ad/samsung-galaxy-s11-12-256gb-for-sale-colombo-62,,,,"X-MOBILESAMSUNG GALAXY• Brand New Sealed Pack• 100% Genuine Products• Credit Card Payments Accepted (Conditions Apply)• Best After-Sales Support and Service• One Year Software Warranty• Additional charges apply for hardware warranty• Cash on Delivery (Colombo Only)• Delivery  Pickup Location - Liberty Plaza, Colombo 03• රටේ පවතින තත්ත්වය හේතුවෙන් ජංගම දුරකථනවල මිල ගණන් දවසින් දවස වෙනස් වන බැවින්, කරුණාකර අප වෙත ඇමතුමක් ලබාදී අද දින මිල ගණන් අහන්න.Authorized Dealer for:Flexible Payment Options:• Installment plans available for up to 40 months• 0% Interest Financing Available for Bank Installments (Terms and Conditions Apply)• Koko Payment Options Available (Terms and Conditions Apply)For More Details, Please Contact Us or Visit Our ShowroomX Mobile  No: 42N, Ground Floor,  Liberty Plaza,  Colombo 03  Google Search ""X MOBILE"" for DirectionsBusiness Hours:  10:00 AM - 07:00 PMChat with Us on WhatsAppGet your items delivered to you! 🔥"
Samsung Galaxy Tab S10 FE PLUS 5G 12GB 256GB,"Rs 224,518",Unknown,https://ikman.lk/en/ad/samsung-galaxy-tab-s10-fe-plus-5g-12gb-256gb-for-sale-colombo-17,,,,"NE❌️EL  ‎(Nexel)‎ Powering Your Tech Future PLEASE CALL BEFORE YOU REACH OUR SHOPTO CHECK WHETHER THE STOCK IS AVAILABLE OR NOT‎‎* Brand new Sealed Pack‎* 100% Genuine Products ‎* Credit Card Payments Accepted.(Condition Apply)‎* ⁠Prizes will change according to colour changes and country region‎*Best after sales support and service ‎*koko payment accepted 💫‎*one year warranty (Phones only )🔥*six months warranty (accessories)‎‎☆(SEYLAN BANK)‎●12 Months ‎●24 Months  ‎‎☆(COMMERCIAL BANK)‎●6 Months ‎●12 Months  ‎●18 Months ‎●24 Months ‎‎☆(SAMPATH BANK)‎●6 Months ‎●12 Months ‎●24 Months ‎●40 Months ‎‎*Cash on Delivery (Colombo Only)‎*Delivery & Pickup Loacation - Liberty Plaza Colombo 03 ‎‎Authorised Dealer for‎‎For More Details Please Contact us or Visit Our Showroom ‎‎NE❌️EL ‎No:1/34U 1st Floor,‎Liberty Plaza‎‎‎Bussines hours‎10.00 AM - 07.30 PM‎Chat on WhatsApp‎"
Samsung Galaxy S11 Ultra 12/256GB,"Rs 325,500",Unknown,https://ikman.lk/en/ad/samsung-galaxy-s11-ultra-12-256gb-for-sale-colombo-70,,,,"X-MOBILESAMSUNG GALAXY• Brand New Sealed Pack• 100% Genuine Products• Credit Card Payments Accepted (Conditions Apply)• Best After-Sales Support and Service• One Year Software Warranty• Additional charges apply for hardware warranty• Cash on Delivery (Colombo Only)• Delivery  Pickup Location - Liberty Plaza, Colombo 03• රටේ පවතින තත්ත්වය හේතුවෙන් ජංගම දුරකථනවල මිල ගණන් දවසින් දවස වෙනස් වන බැවින්, කරුණාකර අප වෙත ඇමතුමක් ලබාදී අද දින මිල ගණන් අහන්න.Flexible Payment Options:• Installment plans available for up to 40 months• 0% Interest Financing Available for Bank Installments (Terms and Conditions Apply)• Koko Payment Options Available (Terms and Conditions Apply)For More Details, Please Contact Us or Visit Our ShowroomX Mobile  No: 42N, Ground Floor,  Liberty Plaza,  Colombo 03  Google Search ""X MOBILE"" for DirectionsBusiness Hours:  10:00 AM - 07:00 PMChat with Us on WhatsAppGet your items delivered to you! 🔥"
Samsung Galaxy S10 FE Plus 12GB 256GB,"Rs 189,500",Unknown,https://ikman.lk/en/ad/samsung-galaxy-s10-fe-plus-12gb-256gb-for-sale-colombo-281,,,,"NE❌️EL  ‎(Nexel)‎ Powering Your Tech Future PLEASE CALL BEFORE YOU REACH OUR SHOPTO CHECK WHETHER THE STOCK IS AVAILABLE OR NOT‎‎* Brand new Sealed Pack‎* 100% Genuine Products ‎* Credit Card Payments Accepted.(Condition Apply)‎* ⁠Prizes will change according to colour changes and country region‎*Best after sales support and service ‎*koko payment accepted 💫‎*one year warranty (Phones only )🔥*six months warranty (accessories)‎‎☆(SEYLAN BANK)‎●12 Months ‎●24 Months  ‎‎☆(COMMERCIAL BANK)‎●6 Months ‎●12 Months  ‎●18 Months ‎●24 Months ‎‎☆(SAMPATH BANK)‎●6 Months ‎●12 Months ‎●24 Months ‎●40 Months ‎‎*Cash on Delivery (Colombo Only)‎*Delivery & Pickup Loacation - Liberty Plaza Colombo 03 ‎‎Authorised Dealer for‎‎For More Details Please Contact us or Visit Our Showroom ‎‎NE❌️EL ‎No:1/34U 1st Floor,‎Liberty Plaza‎‎‎Bussines hours‎10.00 AM - 07.30 PM‎Chat on WhatsApp‎"
Samsung Galaxy S11 5G 12/256GB with Keyboard,"Rs 339,500",Unknown,https://ikman.lk/en/ad/samsung-galaxy-s11-5g-12-256gb-with-keyboard-for-sale-colombo-16,,,,"X-MOBILESAMSUNG GALAXY• Brand New Sealed Pack• 100% Genuine Products• Credit Card Payments Accepted (Conditions Apply)• Best After-Sales Support and Service• One Year Software Warranty• Additional charges apply for hardware warranty• Cash on Delivery (Colombo Only)• Delivery  Pickup Location - Liberty Plaza, Colombo 03• රටේ පවතින තත්ත්වය හේතුවෙන් ජංගම දුරකථනවල මිල ගණන් දවසින් දවස වෙනස් වන බැවින්, කරුණාකර අප වෙත ඇමතුමක් ලබාදී අද දින මිල ගණන් අහන්න.Flexible Payment Options:• Installment plans available for up to 40 months• 0% Interest Financing Available for Bank Installments (Terms and Conditions Apply)• Koko Payment Options Available (Terms and Conditions Apply)For More Details, Please Contact Us or Visit Our ShowroomX Mobile  No: 42N, Ground Floor,  Liberty Plaza,  Colombo 03  Google Search ""X MOBILE"" for DirectionsBusiness Hours:  10:00 AM - 07:00 PMChat with Us on WhatsAppGet your items delivered to you! 🔥"
Samsung Galaxy Tab S10 FE PLUS 5G 8GB 128GB,"Rs 189,580",Unknown,https://ikman.lk/en/ad/samsung-galaxy-tab-s10-fe-plus-5g-8gb-128gb-for-sale-colombo-16,,,,"NE❌️EL  ‎(Nexel)‎ Powering Your Tech Future PLEASE CALL BEFORE YOU REACH OUR SHOPTO CHECK WHETHER THE STOCK IS AVAILABLE OR NOT‎‎* Brand new Sealed Pack‎* 100% Genuine Products ‎* Credit Card Payments Accepted.(Condition Apply)‎* ⁠Prizes will change according to colour changes and country region‎*Best after sales support and service ‎*koko payment accepted 💫‎*one year warranty (Phones only )🔥*six months warranty (accessories)‎‎☆(SEYLAN BANK)‎●12 Months ‎●24 Months  ‎‎☆(COMMERCIAL BANK)‎●6 Months ‎●12 Months  ‎●18 Months ‎●24 Months ‎‎☆(SAMPATH BANK)‎●6 Months ‎●12 Months ‎●24 Months ‎●40 Months ‎‎*Cash on Delivery (Colombo Only)‎*Delivery & Pickup Loacation - Liberty Plaza Colombo 03 ‎‎Authorised Dealer for‎‎For More Details Please Contact us or Visit Our Showroom ‎‎NE❌️EL ‎No:1/34U 1st Floor,‎Liberty Plaza‎‎‎Bussines hours‎10.00 AM - 07.30 PM‎Chat on WhatsApp‎"
Samsung Galaxy S10 lite 8/256GB,"Rs 129,500",Unknown,https://ikman.lk/en/ad/samsung-galaxy-s10-lite-8-256gb-for-sale-colombo-36,,,,"X-MOBILESAMSUNG GALAXY• Brand New Sealed Pack• 100% Genuine Products• Credit Card Payments Accepted (Conditions Apply)• Best After-Sales Support and Service• One Year Software Warranty• Additional charges apply for hardware warranty• Cash on Delivery (Colombo Only)• Delivery  Pickup Location - Liberty Plaza, Colombo 03• රටේ පවතින තත්ත්වය හේතුවෙන් ජංගම දුරකථනවල මිල ගණන් දවසින් දවස වෙනස් වන බැවින්, කරුණාකර අප වෙත ඇමතුමක් ලබාදී අද දින මිල ගණන් අහන්න.Flexible Payment Options:• Installment plans available for up to 40 months• 0% Interest Financing Available for Bank Installments (Terms and Conditions Apply)• Koko Payment Options Available (Terms and Conditions Apply)For More Details, Please Contact Us or Visit Our ShowroomX Mobile  No: 42N, Ground Floor,  Liberty Plaza,  Colombo 03  Google Search ""X MOBILE"" for DirectionsBusiness Hours:  10:00 AM - 07:00 PMChat with Us on WhatsAppGet your items delivered to you! 🔥"
Samsung Galaxy Tab S10 FE Plus,"Rs 163,500",Unknown,https://ikman.lk/en/ad/samsung-galaxy-tab-s10-fe-plus-for-sale-colombo-149,,,,"NE❌️EL  ‎(Nexel)‎ Powering Your Tech Future PLEASE CALL BEFORE YOU REACH OUR SHOPTO CHECK WHETHER THE STOCK IS AVAILABLE OR NOT‎‎* Brand new Sealed Pack‎* 100% Genuine Products ‎* Credit Card Payments Accepted.(Condition Apply)‎* ⁠Prizes will change according to colour changes and country region‎*Best after sales support and service ‎*koko payment accepted 💫‎*one year warranty (Phones only )🔥*six months warranty (accessories)‎‎☆(SEYLAN BANK)‎●12 Months ‎●24 Months  ‎‎☆(COMMERCIAL BANK)‎●6 Months ‎●12 Months  ‎●18 Months ‎●24 Months ‎‎☆(SAMPATH BANK)‎●6 Months ‎●12 Months ‎●24 Months ‎●40 Months ‎‎*Cash on Delivery (Colombo Only)‎*Delivery & Pickup Loacation - Liberty Plaza Colombo 03 ‎‎Authorised Dealer for‎‎For More Details Please Contact us or Visit Our Showroom ‎‎NE❌️EL ‎No:1/34U 1st Floor,‎Liberty Plaza‎‎‎Bussines hours‎10.00 AM - 07.30 PM‎Chat on WhatsApp‎"
Samsung Galaxy S10 FE 5G 12GB 256GB,"Rs 203,965",Unknown,https://ikman.lk/en/ad/samsung-galaxy-s10-fe-5g-12gb-256gb-for-sale-colombo-51,,,,"NE❌️EL  ‎(Nexel)‎ Powering Your Tech Future PLEASE CALL BEFORE YOU REACH OUR SHOPTO CHECK WHETHER THE STOCK IS AVAILABLE OR NOT‎‎* Brand new Sealed Pack‎* 100% Genuine Products ‎* Credit Card Payments Accepted.(Condition Apply)‎* ⁠Prizes will change according to colour changes and country region‎*Best after sales support and service ‎*koko payment accepted 💫‎*one year warranty (Phones only )🔥*six months warranty (accessories)‎‎☆(SEYLAN BANK)‎●12 Months ‎●24 Months  ‎‎☆(COMMERCIAL BANK)‎●6 Months ‎●12 Months  ‎●18 Months ‎●24 Months ‎‎☆(SAMPATH BANK)‎●6 Months ‎●12 Months ‎●24 Months ‎●40 Months ‎‎*Cash on Delivery (Colombo Only)‎*Delivery & Pickup Loacation - Liberty Plaza Colombo 03 ‎‎Authorised Dealer for‎‎For More Details Please Contact us or Visit Our Showroom ‎‎NE❌️EL ‎No:1/34U 1st Floor,‎Liberty Plaza‎‎‎Bussines hours‎10.00 AM - 07.30 PM‎Chat on WhatsApp‎"
Samsung Galaxy S10 lite 6/128GB,"Rs 104,500",Unknown,https://ikman.lk/en/ad/samsung-galaxy-s10-lite-6-128gb-for-sale-colombo-71,,,,"X-MOBILESAMSUNG GALAXY• Brand New Sealed Pack• 100% Genuine Products• Credit Card Payments Accepted (Conditions Apply)• Best After-Sales Support and Service• One Year Software Warranty• Additional charges apply for hardware warranty• Cash on Delivery (Colombo Only)• Delivery  Pickup Location - Liberty Plaza, Colombo 03• රටේ පවතින තත්ත්වය හේතුවෙන් ජංගම දුරකථනවල මිල ගණන් දවසින් දවස වෙනස් වන බැවින්, කරුණාකර අප වෙත ඇමතුමක් ලබාදී අද දින මිල ගණන් අහන්න.Flexible Payment Options:• Installment plans available for up to 40 months• 0% Interest Financing Available for Bank Installments (Terms and Conditions Apply)• Koko Payment Options Available (Terms and Conditions Apply)For More Details, Please Contact Us or Visit Our ShowroomX Mobile  No: 42N, Ground Floor,  Liberty Plaza,  Colombo 03  Google Search ""X MOBILE"" for DirectionsBusiness Hours:  10:00 AM - 07:00 PMChat with Us on WhatsAppGet your items delivered to you! 🔥"
Samsung Galaxy S10 FE 12GB 256GB,"Rs 154,580",Unknown,https://ikman.lk/en/ad/samsung-galaxy-s10-fe-12gb-256gb-for-sale-colombo-563,,,,"NE❌️EL  ‎(Nexel)‎ Powering Your Tech Future PLEASE CALL BEFORE YOU REACH OUR SHOPTO CHECK WHETHER THE STOCK IS AVAILABLE OR NOT‎‎* Brand new Sealed Pack‎* 100% Genuine Products ‎* Credit Card Payments Accepted.(Condition Apply)‎* ⁠Prizes will change according to colour changes and country region‎*Best after sales support and service ‎*koko payment accepted 💫‎*one year warranty (Phones only )🔥*six months warranty (accessories)‎‎☆(SEYLAN BANK)‎●12 Months ‎●24 Months  ‎‎☆(COMMERCIAL BANK)‎●6 Months ‎●12 Months  ‎●18 Months ‎●24 Months ‎‎☆(SAMPATH BANK)‎●6 Months ‎●12 Months ‎●24 Months ‎●40 Months ‎‎*Cash on Delivery (Colombo Only)‎*Delivery & Pickup Loacation - Liberty Plaza Colombo 03 ‎‎Authorised Dealer for‎‎For More Details Please Contact us or Visit Our Showroom ‎‎NE❌️EL ‎No:1/34U 1st Floor,‎Liberty Plaza‎‎‎Bussines hours‎10.00 AM - 07.30 PM‎Chat on WhatsApp‎"
Samsung Galaxy S6 Lite 4/128GB,"Rs 93,500",Unknown,https://ikman.lk/en/ad/samsung-galaxy-s6-lite-4-128gb-for-sale-colombo-53,,,,"X-MOBILESAMSUNG GALAXY• Brand New Sealed Pack• 100% Genuine Products• Credit Card Payments Accepted (Conditions Apply)• Best After-Sales Support and Service• One Year Software Warranty• Additional charges apply for hardware warranty• Cash on Delivery (Colombo Only)• Delivery  Pickup Location - Liberty Plaza, Colombo 03• රටේ පවතින තත්ත්වය හේතුවෙන් ජංගම දුරකථනවල මිල ගණන් දවසින් දවස වෙනස් වන බැවින්, කරුණාකර අප වෙත ඇමතුමක් ලබාදී අද දින මිල ගණන් අහන්න.Authorized Dealer for:Flexible Payment Options:• Installment plans available for up to 40 months• 0% Interest Financing Available for Bank Installments (Terms and Conditions Apply)• Koko Payment Options Available (Terms and Conditions Apply)For More Details, Please Contact Us or Visit Our ShowroomX Mobile  No: 42N, Ground Floor,  Liberty Plaza,  Colombo 03  Google Search ""X MOBILE"" for DirectionsBusiness Hours:  10:00 AM - 07:00 PMChat with Us on WhatsAppGet your items delivered to you! 🔥"
Samsung Galaxy S10 FE 5G 8GB 128GB,"Rs 164,588",Unknown,https://ikman.lk/en/ad/samsung-galaxy-s10-fe-5g-8gb-128gb-for-sale-colombo-55,,,,"NE❌️EL  ‎(Nexel)‎ Powering Your Tech Future PLEASE CALL BEFORE YOU REACH OUR SHOPTO CHECK WHETHER THE STOCK IS AVAILABLE OR NOT‎‎* Brand new Sealed Pack‎* 100% Genuine Products ‎* Credit Card Payments Accepted.(Condition Apply)‎* ⁠Prizes will change according to colour changes and country region‎*Best after sales support and service ‎*koko payment accepted 💫‎*one year warranty (Phones only )🔥*six months warranty (accessories)‎‎☆(SEYLAN BANK)‎●12 Months ‎●24 Months  ‎‎☆(COMMERCIAL BANK)‎●6 Months ‎●12 Months  ‎●18 Months ‎●24 Months ‎‎☆(SAMPATH BANK)‎●6 Months ‎●12 Months ‎●24 Months ‎●40 Months ‎‎*Cash on Delivery (Colombo Only)‎*Delivery & Pickup Loacation - Liberty Plaza Colombo 03 ‎‎Authorised Dealer for‎‎For More Details Please Contact us or Visit Our Showroom ‎‎NE❌️EL ‎No:1/34U 1st Floor,‎Liberty Plaza‎‎‎Bussines hours‎10.00 AM - 07.30 PM‎Chat on WhatsApp‎"
Samsung Galaxy S10 Plus 12/256GB with Keyboard,"Rs 250,500",Unknown,https://ikman.lk/en/ad/samsung-galaxy-s10-plus-12-256gb-with-keyboard-for-sale-colombo-11,,,,"X-MOBILESAMSUNG GALAXY• Brand New Sealed Pack• 100% Genuine Products• Credit Card Payments Accepted (Conditions Apply)• Best After-Sales Support and Service• One Year Software Warranty• Additional charges apply for hardware warranty• Cash on Delivery (Colombo Only)• Delivery  Pickup Location - Liberty Plaza, Colombo 03• රටේ පවතින තත්ත්වය හේතුවෙන් ජංගම දුරකථනවල මිල ගණන් දවසින් දවස වෙනස් වන බැවින්, කරුණාකර අප වෙත ඇමතුමක් ලබාදී අද දින මිල ගණන් අහන්න.Flexible Payment Options:• Installment plans available for up to 40 months• 0% Interest Financing Available for Bank Installments (Terms and Conditions Apply)• Koko Payment Options Available (Terms and Conditions Apply)For More Details, Please Contact Us or Visit Our ShowroomX Mobile  No: 42N, Ground Floor,  Liberty Plaza,  Colombo 03  Google Search ""X MOBILE"" for DirectionsBusiness Hours:  10:00 AM - 07:00 PMChat with Us on WhatsAppGet your items delivered to you! 🔥"
Samsung Galaxy S10 Plus 12/256GB with Keyboard,"Rs 225,500",Unknown,https://ikman.lk/en/ad/samsung-galaxy-s10-plus-12-256gb-with-keyboard-for-sale-colombo-12,,,,"X-MOBILESAMSUNG GALAXY• Brand New Sealed Pack• 100% Genuine Products• Credit Card Payments Accepted (Conditions Apply)• Best After-Sales Support and Service• One Year Software Warranty• Additional charges apply for hardware warranty• Cash on Delivery (Colombo Only)• Delivery  Pickup Location - Liberty Plaza, Colombo 03• රටේ පවතින තත්ත්වය හේතුවෙන් ජංගම දුරකථනවල මිල ගණන් දවසින් දවස වෙනස් වන බැවින්, කරුණාකර අප වෙත ඇමතුමක් ලබාදී අද දින මිල ගණන් අහන්න.Flexible Payment Options:• Installment plans available for up to 40 months• 0% Interest Financing Available for Bank Installments (Terms and Conditions Apply)• Koko Payment Options Available (Terms and Conditions Apply)For More Details, Please Contact Us or Visit Our ShowroomX Mobile  No: 42N, Ground Floor,  Liberty Plaza,  Colombo 03  Google Search ""X MOBILE"" for DirectionsBusiness Hours:  10:00 AM - 07:00 PMChat with Us on WhatsAppGet your items delivered to you! 🔥"
Samsung Galaxy S10 FE 8GB 128GB,"Rs 134,680",Unknown,https://ikman.lk/en/ad/samsung-galaxy-s10-fe-8gb-128gb-for-sale-colombo-772,,,,"NE❌️EL  ‎(Nexel)‎ Powering Your Tech Future PLEASE CALL BEFORE YOU REACH OUR SHOPTO CHECK WHETHER THE STOCK IS AVAILABLE OR NOT‎‎* Brand new Sealed Pack‎* 100% Genuine Products ‎* Credit Card Payments Accepted.(Condition Apply)‎* ⁠Prizes will change according to colour changes and country region‎*Best after sales support and service ‎*koko payment accepted 💫‎*one year warranty (Phones only )🔥*six months warranty (accessories)‎‎☆(SEYLAN BANK)‎●12 Months ‎●24 Months  ‎‎☆(COMMERCIAL BANK)‎●6 Months ‎●12 Months  ‎●18 Months ‎●24 Months ‎‎☆(SAMPATH BANK)‎●6 Months ‎●12 Months ‎●24 Months ‎●40 Months ‎‎*Cash on Delivery (Colombo Only)‎*Delivery & Pickup Loacation - Liberty Plaza Colombo 03 ‎‎Authorised Dealer for‎‎For More Details Please Contact us or Visit Our Showroom ‎‎NE❌️EL ‎No:1/34U 1st Floor,‎Liberty Plaza‎‎‎Bussines hours‎10.00 AM - 07.30 PM‎Chat on WhatsApp‎"
Samsung Galaxy S10 Ultra 12/256GB,"Rs 269,500",Unknown,https://ikman.lk/en/ad/samsung-galaxy-s10-ultra-12-256gb-for-sale-colombo-83,,,,"X-MOBILESAMSUNG GALAXY• Brand New Sealed Pack• 100% Genuine Products• Credit Card Payments Accepted (Conditions Apply)• Best After-Sales Support and Service• One Year Software Warranty• Additional charges apply for hardware warranty• Cash on Delivery (Colombo Only)• Delivery  Pickup Location - Liberty Plaza, Colombo 03• රටේ පවතින තත්ත්වය හේතුවෙන් ජංගම දුරකථනවල මිල ගණන් දවසින් දවස වෙනස් වන බැවින්, කරුණාකර අප වෙත ඇමතුමක් ලබාදී අද දින මිල ගණන් අහන්න.Authorized Dealer for:Flexible Payment Options:• Installment plans available for up to 40 months• 0% Interest Financing Available for Bank Installments (Terms and Conditions Apply)• Koko Payment Options Available (Terms and Conditions Apply)For More Details, Please Contact Us or Visit Our ShowroomX Mobile  No: 42N, Ground Floor,  Liberty Plaza,  Colombo 03  Google Search ""X MOBILE"" for DirectionsBusiness Hours:  10:00 AM - 07:00 PMChat with Us on WhatsAppGet your items delivered to you! 🔥"
Samsung Galaxy Tab S10 FE 8GB 128GB,"Rs 124,990","Colombo, Tablet",https://ikman.lk/en/ad/samsung-galaxy-tab-s10-fe-8gb-128gb-for-sale-colombo-147,SAMSUNG,,Brand New,"Get Your New Model Samsung Galaxy Tab S10 FE WiFI 8GB 128GB Special Discount Price and Up to 25% Discount For Accessories ð¤©ð¤©ð¤© Hurry Up Limited Stocks Available..... ð· ONE YEAR DEALER WARRANTY ð· GENUINE PRODUCTS ð· ORGINAL SEAL PACK ð·CARD PAYMENT ACCEPTED ð· Instalment Plan for Selected Credit Card Holders.. 6 Months 12 Months 24 Months Available ð· Dear Customers Visit Our Showroom Will Give Special Discount for Complete Package ð· Price maybe Differ Please Contact Us Before Purchase ð·Important Pricing Note âââ Smart phone purchases must include a Adapter , Tempered Glass & Back cover Our Listed prices Apply only when you are buying the Complete Device Package..( Mobile Accessories, Warranty) This policy ensures fair pricing for all individual customers and helps avoid bulk / wholesale misuse à¶à¶¶à¶à· Samsung Galaxy Tab S10 FE WiFI 8GB 128GB à¶½à¶¶à·à¶à¶±à·à¶±... à·à¶§à·à¶§à¶¸à· à·à·à·à¶­ à·à·à·à·à· à¶¸à·à¶½ à·à· à¶ à¶¸à¶­à¶» à¶à¶´à·à¶à¶ à·à¶¯à·à· 25% à·à¶§à·à¶§à¶¸à¶à· ð¤©ð¤©ð¤© à¶­à·à¶ à·à·à¶¸à·à¶­à¶ºà· â¼ï¸à¶à¶à·à¶¸à¶±à· à¶à¶»à¶±à·à¶±.......... ð· à¶ à·à·à¶»à·à¶¯à·à¶¯à¶ à·à¶à¶à·à¶¸ ð· à¶à·à¶©à·à¶´à¶­à· à·à¶½à·à¶±à· à¶à·à·à·à¶¸à· à¶à·âà¶»à¶¸à¶º ð· à¶´à·à·à· à¶à·à·à·à¶¸à· à¶­à·à¶»à·à¶à¶­à· à¶«à¶º à¶à·à¶©à·à¶´à¶­à· (Credit Card) à·à¶½à¶§, *à¶¸à·à· -6 *à¶¸à·à· -12 *à¶¸à·à· -24 ð·à·à·à¶à·à¶«à·à¶¸à· à¶¸à·à¶½ à·à·à¶±à·à· à·à·à¶º à·à·à¶à· à¶¶à·à·à·à¶±à· à¶´à·à¶¸à·à¶«à·à¶¸à¶§ à¶´à·à¶» à¶ à¶´à· à¶¯à·à¶»à¶à¶®à¶±à¶ºà·à¶±à· à·à¶¸à·à¶¶à¶±à·à¶¯ à¶à¶»à¶±à·à¶±.. ðà¶¶à·à¶¯à·à·à·à¶»à·à¶¸à· à¶´à·à·à·à¶à¶¸à· ð· à·à·à¶¸à·à¶»à·à¶§à· à¶¯à·à¶»à¶à¶®à¶±à¶ºà¶à· à¶¸à·à¶½à¶¯à· à¶à·à¶±à·à¶¸à·à¶¯à· à¶´à·à¶­ à·à¶³à·à¶±à· à¶à¶´à·à¶à¶ à¶ à¶±à·à·à·à¶»à·à¶ºà¶ºà·à¶±à·à¶¸ à·à¶¸à¶ à¶¸à·à¶½à¶¯à· à¶à¶­ à¶ºà·à¶­à·à¶º: à¶à¶©à·à¶´à·à¶§à¶»à¶ºà¶à· (Adapter) à¶§à·à¶¸à·à¶´à¶»à·à¶©à· à¶à·à¶½à·à·à· (Tempered Glass) à¶¶à·à¶à· à¶à·à¶»à· à¶à¶à¶à· (Back Cover) à¶ à¶´ à·à·à·à·à¶±à· à¶´à·âà¶»à¶¯à¶»à·à·à¶±à¶º à¶à¶» à¶à¶­à· à¶¸à·à¶½ à¶à¶«à¶±à· à·à¶½à¶à¶à· à·à¶±à·à¶±à· à·à¶¸à·à¶´à·à¶»à·à¶« à¶à¶´à·à¶à¶ à¶´à·à¶à·à¶¢à¶º (à¶¢à¶à¶à¶¸ à¶¯à·à¶»à¶à¶®à¶±à¶º, à¶à¶´à·à¶à¶ à·à· à·à¶à¶à·à¶¸) à·à¶¸à¶ à¶¸à·à¶½à¶¯à· à¶à¶±à·à¶±à· à¶´à·à¶»à·à¶·à·à¶à·à¶à¶ºà¶±à· à·à¶³à·à· à¶´à¶¸à¶«à·. à¶¸à·à¶¸ à¶´à·âà¶»à¶­à·à¶´à¶­à·à¶­à·à¶º à·à·à¶ºà¶½à·à¶¸ à¶­à¶±à· à¶´à·à¶»à·à¶·à·à¶à·à¶à¶ºà¶±à·à¶§ à·à·à¶°à·à¶»à¶« à¶¸à·à¶½ à¶à¶«à¶±à· à¶½à¶¶à·à¶¯à·à¶¸ à·à· à¶­à·à¶/à¶±à·à·à¶­ à·à·à¶à·à¶«à·à¶¸ à·à¶³à·à· à·à·à¶¯à·à¶à¶»à¶± à¶¸à·à¶½à¶¯à· à¶à·à¶±à·à¶¸à· à·à·à· à·à¶à·à·à·à¶¸ à·à¶³à·à· à¶à·âà¶»à·à¶ºà·à¶­à·à¶¸à¶ à¶à¶» à¶à¶­. ð¬à¶ à¶à¶, 250/1/36, à¶´à· à¶¸à· à¶¸à·à¶½, Liberty Plaza, Colombo 03. NO, 250/1/36, First Floor, Liberty Plaza, Colombo 03."
Samsung Galaxy A2 S,"Rs 30,000","Gampaha, Tablet",https://ikman.lk/en/ad/samsung-galaxy-a2-s-for-sale-gampaha,SAMSUNG,,Used,
Samsung Galaxy S9 EF+ 5G,"Rs 165,000","Colombo, Tablet",https://ikman.lk/en/ad/samsung-ef-5g-tab-brand-new-for-sale-colombo,SAMSUNG,,Used,"â Original Samsung Galaxy S9 EF+ 5G â Made in Vietnam ð»ð³ â Sim version â Single sim nano â Wi-Fi â Touch pen â Original cable â Extra memory slot â Dual camera â Screen protection glass â 12Ram â 128GB â Battery_ 10090mAh (45w) ð°DISPLAY ââââ Type IPS LCD, 90Hz Size 12.4 inches, 445.8 cm2 (~84.3% screen-to-body ratio) Resolution 1600 x 2560 pixels, 16:10 ratio (~243 ppi density) Sim version à¶à¶ à·à·à¶¸à·à¶±à·âà¶º à·à·à· à¶³à¶´à·à· à¶¸à·à¶½ Rs 380,000 341,000 à¶­à· à¶ à¶­à¶» à·à· â ï¸No no exchange à·à·à¶©à·à¶¯à·à¶» à·à·à·à·à¶­à¶» à·à¶¯à·à· à¶à¶­à·à¶à¶»à¶±à·à¶±"
Samsung Galaxy Tab A 2017,"Rs 22,000","Colombo, Tablet",https://ikman.lk/en/ad/samsung-galaxy-tab-a-for-sale-2017-model-for-sale-colombo,SAMSUNG,,Used,Factory Reset. Good condition. Battery holds charge
Samsung Galaxy Tab A9,"Rs 45,000","Colombo, Tablet",https://ikman.lk/en/ad/black-for-sale-colombo-285,SAMSUNG,,Used,"ð¥ Samsung Galaxy Tab A9 â 4GB / 64GB ð¥ With Softtlogic Company Warranty ð± Samsung Galaxy Tab A9 â¨ Compact â¢ Stylish â¢ Smooth Performance ð¥ï¸ Display: 8.7"" TFT ð¾ RAM: 4GB ð½ Storage: 64GB â¡ Processor: MediaTek Helio G99 ð¸ Rear Camera: 8MP ð¤³ Front Camera: 2MP ð Battery: 5,100mAh ð Speakers: Dual Speakers with Dolby Atmos ð¾ Expandable Storage: microSD supported ð¤ OS: Android ð¬ Perfect for YouTube, Netflix & Entertainment ð Great for Online Classes & Studying ð¼ Ideal for Work & Everyday Use ð° PRICE: Rs. 45,000/= ð© DM NOW for more details & to order! ð¨ Limited Stock â Grab Yours Today! ð¥"
Samsung Galaxy S6 Lite (Used),"Rs 58,000","Colombo, Tablet",https://ikman.lk/en/ad/samsung-galaxy-s6-lite-used-for-sale-colombo-3,SAMSUNG,,Used,1 year of use new condition Selling because money urgent 4GB / 64GB With S pen (Perfectly working)
Samsung Galaxy A10 Tab (Used),"Rs 21,500","Colombo, Tablet",https://ikman.lk/en/ad/samsung-galaxy-a10-tab-used-for-sale-colombo-2,SAMSUNG,,Used,Samsung Galaxy Tab A10 Single sim 4G 5G VLTE OLED display no hidden error Original Korean version call us more details..
Samsung Galaxy Tab A9+ 11â 8GB RAM 128GB Used,"Rs 45,000","Colombo, Tablet",https://ikman.lk/en/ad/samsung-galaxy-tab-a9-11-8gb-ram-128gb-used-for-sale-colombo,SAMSUNG,,Used,"Samsung Galaxy Tab A9+ â ð¥ ð± Display: 11.0"" WUXGA TFT, 1920 Ã 1200 â¡ Processor: Qualcomm Snapdragon 695 5G ð¾ RAM: [8GB] ð½ Internal Storage: [128GB] â Expandable Storage: microSD card support, up to 1TB ð Battery Capacity: 7,040 mAh ð¸ Rear Camera: 8MP ð¤³ Front Camera: 5MP ð Audio: Quad speakers with Dolby Atmos ð¡ Connectivity: [Wi-Fi / 5G] ð Port: USB Type-C âï¸ Design: Slim and lightweight metal body â¨ Condition: Used but extremely well maintained. No scratches or visible damage â looks almost brand new. â Fully functional with no issues. ð¦ Comes with: Samsung Galaxy Tab A9+ + protective cover only. No box or charger. ð° Price: Rs. [45,000] Negotiable ð Location: [Colombo]"
Samsung Tab-A (2019) SM-T295,"Rs 25,000","Gampaha, Tablet",https://ikman.lk/en/ad/samsung-tab-a-2019-sm-t295-for-sale-gampaha,SAMSUNG,,Used,"Samsung Galaxy Tab A 8.0 (2019) â SM-T295 â¢ Fully working and functions properly â¢ Comes with a free charger â¢ Original box included â¢ The tablet has several scratches, especially around the edges, due to normal use â¢ Overall, the device is in working condition â¢ A blue protective carrying bag is also included to keep the tablet safe while carrying it Please check the photos for the physical condition before purchasingâ­ï¸â­ï¸â­ï¸"
Samsung Galaxy Tab S7 Fe - 4GB Ram 64GB,"Rs 105,000","Gampaha, Tablet",https://ikman.lk/en/ad/samsung-galaxy-tab-s7-fe-4gb-ram-64gb-storage-for-sale-gampaha,SAMSUNG,,Used,"Samsung Galaxy Tab S7 FE up for sale. Tablet is in good cosmetic condition and works great for media streaming, browsing, and general apps. Please Note: The S Pen tracking/writing accuracy is a bit off (it tends to deviate slightly when writing), so it is not ideal for heavy handwritten note-taking. Perfect for someone who wants a large screen tablet for media or casual use. Comes with the S Pen . Price reflects this issue."
Samsung Tab A09,"Rs 33,000","Colombo, Tablet",https://ikman.lk/en/ad/samsung-tab-a09-for-sale-colombo,SAMSUNG,,Used,Full set with box Temperd glass included Free pouch No any errors Immediately sale Can see near colombo 03 areas Call or whatsapp
Samsung Galaxy Tab 4,"Rs 8,000","Gampaha, Tablet",https://ikman.lk/en/ad/samsung-galaxy-tab-4-for-sale-for-sale-gampaha,SAMSUNG,,Used,Used Samsung Galaxy Tab 4 Model SM-T531 Good battery
Samsung Galaxy Tab A8,"Rs 15,000","Gampaha, Tablet",https://ikman.lk/en/ad/samsung-tab-for-sale-for-sale-gampaha,SAMSUNG,,Used,Samsung 8 inches tab for sale.brandnew condition.good battery life.less used
Samsung Tab,"Rs 15,000","Gampaha, Tablet",https://ikman.lk/en/ad/samsung-tab-for-sale-gampaha-374,SAMSUNG,,Used,Imported from Sweden and good quality. Kelaniya
Samsung Galaxy A7 Lite 3/32GB,"Rs 21,000","Kegalle, Tablet",https://ikman.lk/en/ad/3-32gb-for-sale-kegalle,SAMSUNG,,Used,à¶ à·à·à¶½à¶à¶§ à¶­à·à¶ºà·à¶±à·à¶±à· à¶à·à¶½à·à·à· à¶à·âà¶»à·à¶à· à¶à¶ à·à·à¶­à¶»à¶ºà· à¶ à¶©à· à¶à¶»à¶½à· à¶¯à·à¶±à·à¶±à¶¸à· à¶à¶±à·à¶±à·à¶±à¶¸à· à¶¶à·à¶à·à·à· à¶à¶à¶­à· à¶à¶à·à¶à¶¸ à¶­à·à¶ºà· à·à·à¶à·à¶½à· à·à·à¶© à¶à¶»à¶à¶±à·à¶± à·à·à¶´à·à¶»à· à¶¸à·à¶ à·à·à¶à·à¶½à· à¶½à¶¸à¶ºà·à¶à·à¶§ à·à¶§à·à¶±à·à· à¶¸à·à¶ 47000 à¶à¶§ à¶à¶­à·à¶­à· à¶à¶»à¶¸à· à¶ à·à·à¶»à·à¶¯à·à¶¯à¶à· à·à¶à· à¶à·à¶½à·à·à· à¶à·âà¶»à·à¶à· à·à·à¶±à·à¶¯à· à¶ à¶©à·à·à¶§ à¶¯à·à¶±à·à¶±à· à·à·à¶¸à· à¶¯à·à¶±à·à¶± à¶´à·à· à·à·à¶±à· à¶à·à¶½à· à¶à¶±à·à¶± à¶´à·à· à·à·à¶±à· à¶à¶±à· à·à·à¶¯à·à·à¶à¶§ à¶¶à¶½à¶½à· à¶à¶±à·à¶± à¶´à·à· à·à·à¶±à·
Samsung Galaxy Tab S3 S Pen,"Rs 34,990","Gampaha, Tablet",https://ikman.lk/en/ad/samsung-galaxy-tab-s3-s-pen-for-sale-gampaha,SAMSUNG,,Used,"Samsung Galaxy Tab S3 T825 4G LTE | S Pen | 4GB/32GB | Excellent Condition ð¥ Samsung Galaxy Tab S3 â SM-T825 (4G LTE) Premium Samsung tablet à¶à¶à¶à· Excellent Condition à¶à¶à·à¶±à· à·à·à¶ºà¶± à¶ à¶ºà¶§ ð± Main Specifications - Model: Samsung Galaxy Tab S3 â SM-T825 - Network: 4G LTE / SIM Support ð¶ - RAM: 4GB - Storage: 32GB - Display: 9.7"" Super AMOLED - S Pen: Original S Pen Included âï¸ - Charger: Original Fast Charger Included â¡ - Battery: Good condition â Normal usage - Touch: 100% Fully Working - Display: No lines / No major display issues - Camera: Fully Working - Speakers: Fully Working ð - Wi-Fi / Bluetooth: Fully Working - SIM / 4G: Working - Condition: Clean & Well Maintained â¨ ð Included â Original Samsung S Pen â Original Fast Charger â Extra 2 Batteries ð¯ No major faults. Ready to use. This is a well-maintained Galaxy Tab S3 T825 4G LTE with the original S Pen and accessories. Ideal for studying, watching movies, browsing, gaming, note-taking and everyday use. ð° Price: Rs. 35,000 Negotiable Reasonable offers will be considered. Please don't send unrealistic offers. ð Pickup / Meetup: Ganemulla / Nawala ð© Serious buyers only."
Samsung Galaxy Tab A9 128GB,"Rs 50,000","Gampaha, Tablet",https://ikman.lk/en/ad/samsung-tab-a9-8gb-128gb-for-sale-gampaha,SAMSUNG,,Used,
Samsung Tab S6 Lite,"Rs 65,000","Kandy, Tablet",https://ikman.lk/en/ad/tab-s6-lite-for-sale-kandy,SAMSUNG,,Used,Samsung tab s6 lite Brandnew condition 4/64 (expendable memory) Full set with box with s pen and charger 7040mAh 100% Free pouch Drop me a msg in whats no
Samsung Galaxy Tab S6 Lite,"Rs 89,000","Ratnapura, Tablet",https://ikman.lk/en/ad/samsung-galaxy-tab-s6-lite-for-sale-ratnapura,SAMSUNG,,Used,
Samsung Galaxy Tab A8,"Rs 29,000","Kalutara, Tablet",https://ikman.lk/en/ad/samsung-galaxy-tab-a8-for-sale-kalutara-1,SAMSUNG,,Used,â¤ï¸âð¥ð¦Online à·à·à¶© Zoom à¶à¶à· à·à·à¶© à¶à·à¶»à·à¶¸à¶§ à·à¶»à·à¶ºà¶±à¶¸ à¶à¶ ð¥SAMSUNG TAB A8 ðRam 4GB ðMemmory 64GB ð°29000/=
Samsung Galaxy Tab A9,"Rs 45,000","Kalutara, Tablet",https://ikman.lk/en/ad/samsung-galaxy-tab-a9-for-sale-kalutara-3,SAMSUNG,,Used,
Samsung Tab 4 4G,"Rs 7,500","Kalutara, Tablet",https://ikman.lk/en/ad/samsung-tab-4-4g-for-sale-kalutara-1,SAMSUNG,,Used,Working ð¯ display ð¯ battery ð¯ Sim 4g / 8gb / 1.5ram ðOnly home button not working ð Location Panadura
Samsung A8tab,"Rs 28,500","Kalutara, Tablet",https://ikman.lk/en/ad/samsung-a8tab-for-sale-kalutara-1,SAMSUNG,,Used,Good condition Quick sale
Samsung Galaxy Tab A,"Rs 17,500","Gampaha, Tablet",https://ikman.lk/en/ad/for-sale-for-sale-gampaha-14268,SAMSUNG,,Used,Power button and volume buttons not working
Samsung Galaxy A9+ 8GB 128GB,"Rs 45,000","Colombo, Tablet",https://ikman.lk/en/ad/samsung-galaxy-a9-8-128-for-sale-colombo,SAMSUNG,,Used,"Samsung Galaxy Tab A9+ 8/128 Gb Black color Dropped once Dents and some scratches, display perfectly fine No exchange, Cash only Contact"
Samsung Galaxy A16 Air Tab (used),"Rs 22,000","Kegalle, Tablet",https://ikman.lk/en/ad/samsung-galaxy-a16-air-tab-used-for-sale-kegalle,SAMSUNG,,Used,Ram 24 Storage 1tb Air tab model:A18 Salli hadissiyata denne check karala balanna ganna kisima aulak naha
Samsung Galaxy Tab S10 FE 8GB 128GB,"Rs 124,990","Colombo, Tablet",https://ikman.lk/en/ad/samsung-galaxy-tab-s10-fe-8gb-128gb-for-sale-colombo-147,SAMSUNG,,Brand New,"Get Your New Model Samsung Galaxy Tab S10 FE WiFI 8GB 128GB Special Discount Price and Up to 25% Discount For Accessories ð¤©ð¤©ð¤© Hurry Up Limited Stocks Available..... ð· ONE YEAR DEALER WARRANTY ð· GENUINE PRODUCTS ð· ORGINAL SEAL PACK ð·CARD PAYMENT ACCEPTED ð· Instalment Plan for Selected Credit Card Holders.. 6 Months 12 Months 24 Months Available ð· Dear Customers Visit Our Showroom Will Give Special Discount for Complete Package ð· Price maybe Differ Please Contact Us Before Purchase ð·Important Pricing Note âââ Smart phone purchases must include a Adapter , Tempered Glass & Back cover Our Listed prices Apply only when you are buying the Complete Device Package..( Mobile Accessories, Warranty) This policy ensures fair pricing for all individual customers and helps avoid bulk / wholesale misuse à¶à¶¶à¶à· Samsung Galaxy Tab S10 FE WiFI 8GB 128GB à¶½à¶¶à·à¶à¶±à·à¶±... à·à¶§à·à¶§à¶¸à· à·à·à·à¶­ à·à·à·à·à· à¶¸à·à¶½ à·à· à¶ à¶¸à¶­à¶» à¶à¶´à·à¶à¶ à·à¶¯à·à· 25% à·à¶§à·à¶§à¶¸à¶à· ð¤©ð¤©ð¤© à¶­à·à¶ à·à·à¶¸à·à¶­à¶ºà· â¼ï¸à¶à¶à·à¶¸à¶±à· à¶à¶»à¶±à·à¶±.......... ð· à¶ à·à·à¶»à·à¶¯à·à¶¯à¶ à·à¶à¶à·à¶¸ ð· à¶à·à¶©à·à¶´à¶­à· à·à¶½à·à¶±à· à¶à·à·à·à¶¸à· à¶à·âà¶»à¶¸à¶º ð· à¶´à·à·à· à¶à·à·à·à¶¸à· à¶­à·à¶»à·à¶à¶­à· à¶«à¶º à¶à·à¶©à·à¶´à¶­à· (Credit Card) à·à¶½à¶§, *à¶¸à·à· -6 *à¶¸à·à· -12 *à¶¸à·à· -24 ð·à·à·à¶à·à¶«à·à¶¸à· à¶¸à·à¶½ à·à·à¶±à·à· à·à·à¶º à·à·à¶à· à¶¶à·à·à·à¶±à· à¶´à·à¶¸à·à¶«à·à¶¸à¶§ à¶´à·à¶» à¶ à¶´à· à¶¯à·à¶»à¶à¶®à¶±à¶ºà·à¶±à· à·à¶¸à·à¶¶à¶±à·à¶¯ à¶à¶»à¶±à·à¶±.. ðà¶¶à·à¶¯à·à·à·à¶»à·à¶¸à· à¶´à·à·à·à¶à¶¸à· ð· à·à·à¶¸à·à¶»à·à¶§à· à¶¯à·à¶»à¶à¶®à¶±à¶ºà¶à· à¶¸à·à¶½à¶¯à· à¶à·à¶±à·à¶¸à·à¶¯à· à¶´à·à¶­ à·à¶³à·à¶±à· à¶à¶´à·à¶à¶ à¶ à¶±à·à·à·à¶»à·à¶ºà¶ºà·à¶±à·à¶¸ à·à¶¸à¶ à¶¸à·à¶½à¶¯à· à¶à¶­ à¶ºà·à¶­à·à¶º: à¶à¶©à·à¶´à·à¶§à¶»à¶ºà¶à· (Adapter) à¶§à·à¶¸à·à¶´à¶»à·à¶©à· à¶à·à¶½à·à·à· (Tempered Glass) à¶¶à·à¶à· à¶à·à¶»à· à¶à¶à¶à· (Back Cover) à¶ à¶´ à·à·à·à·à¶±à· à¶´à·âà¶»à¶¯à¶»à·à·à¶±à¶º à¶à¶» à¶à¶­à· à¶¸à·à¶½ à¶à¶«à¶±à· à·à¶½à¶à¶à· à·à¶±à·à¶±à· à·à¶¸à·à¶´à·à¶»à·à¶« à¶à¶´à·à¶à¶ à¶´à·à¶à·à¶¢à¶º (à¶¢à¶à¶à¶¸ à¶¯à·à¶»à¶à¶®à¶±à¶º, à¶à¶´à·à¶à¶ à·à· à·à¶à¶à·à¶¸) à·à¶¸à¶ à¶¸à·à¶½à¶¯à· à¶à¶±à·à¶±à· à¶´à·à¶»à·à¶·à·à¶à·à¶à¶ºà¶±à· à·à¶³à·à· à¶´à¶¸à¶«à·. à¶¸à·à¶¸ à¶´à·âà¶»à¶­à·à¶´à¶­à·à¶­à·à¶º à·à·à¶ºà¶½à·à¶¸ à¶­à¶±à· à¶´à·à¶»à·à¶·à·à¶à·à¶à¶ºà¶±à·à¶§ à·à·à¶°à·à¶»à¶« à¶¸à·à¶½ à¶à¶«à¶±à· à¶½à¶¶à·à¶¯à·à¶¸ à·à· à¶­à·à¶/à¶±à·à·à¶­ à·à·à¶à·à¶«à·à¶¸ à·à¶³à·à· à·à·à¶¯à·à¶à¶»à¶± à¶¸à·à¶½à¶¯à· à¶à·à¶±à·à¶¸à· à·à·à· à·à¶à·à·à·à¶¸ à·à¶³à·à· à¶à·âà¶»à·à¶ºà·à¶­à·à¶¸à¶ à¶à¶» à¶à¶­. ð¬à¶ à¶à¶, 250/1/36, à¶´à· à¶¸à· à¶¸à·à¶½, Liberty Plaza, Colombo 03. NO, 250/1/36, First Floor, Liberty Plaza, Colombo 03."
Samsung Galaxy A7 Lite,"Rs 19,000","Kandy, Tablet",https://ikman.lk/en/ad/tab-a7-lite-for-sale-kandy,SAMSUNG,,Used,Samsung Galaxy A7 Lite Storage (32GB) Ram (33GB) Android Version -14 Battery 5100mA 4G network Tab à¶à¶ à·à·à¶³à¶¸ à¶­à¶­à·à·à¶ºà·à¶±à· à¶­à·à¶ºà·à¶±à·(lite used -condition 96%) With Box
Samsung Galaxy A7 Tablet,"Rs 27,000","Colombo, Tablet",https://ikman.lk/en/ad/samsung-tab-for-sale-colombo-618,SAMSUNG,,Used,3GB Ram 32 Gb capacity With full set box
Samsung Galaxy Tab A8,"Rs 28,500","Kalutara, Tablet",https://ikman.lk/en/ad/samsung-galaxy-tab-a8-for-sale-kalutara,SAMSUNG,,Used,Good condition 4GB Ram 64GB Storage
Samsung Galaxy A9 Tab,"Rs 37,000","Colombo, Tablet",https://ikman.lk/en/ad/samsung-galaxy-a9-tab-for-sale-colombo-9,SAMSUNG,,Used,8GB RAM 128GB Storege Brand new Condition Free back cover * Salli Hadissiyakata denne â¦.Tab ake kisi prshnayk na
Samsung Galaxy A7 Lite Tablet,"Rs 15,000","Nuwara Eliya, Tablet",https://ikman.lk/en/ad/galaxy-a7-lite-tablet-ekk-adduvtt-for-sale-nuwara-eliya,SAMSUNG,,Used,"ð¥Galaxy A7 Lite Tablet à·à·à¶´à·à¶»à·, à¶ à¶©à·à¶¸ à¶à·à¶±à¶§ à¶¯à·à¶±à·à¶±à· à·à·à¶¯à¶§ à·à·à¶©, à·à·à¶©à· à·à·à·à·à¶­à¶» à¶¯à·à¶±à¶à¶±à·à¶± call à¶à¶à¶à· à·à¶»à· WhatsApp à·à¶»à· ðªð à·à·à·à·à·à·à·à¶±à·à¶ºà·. à¶à¶«à¶±à· à¶à¶­à· à¶à¶» à¶à¶±à·à¶± à¶´à·à¶½à·à·à¶±à·."
Samsung A8 Tab,"Rs 29,000","Kalutara, Tablet",https://ikman.lk/en/ad/samsung-a8-tab-for-sale-kalutara-1,SAMSUNG,,Used,"Rs.29,000/= à¶à¶§ Tab à¶à¶à¶à· ð²ð¥ ð¤ Samsung Galaxy Tab A8ð¤ RAM: 4GB Storage: 64GB Online Classes (Zoom/Teams), Web Browsing,Office work,YouTube, Document Work à·à· Gaming à·à¶½à¶§ à·à·à¶´à·à¶»à·à¶ºà¶à· ðð¥ Good condition ð¥ Quick sale ð° Price ð Rs.29,000/= à¶´à¶»à·à¶à·à·à· à¶à¶» à¶¶à¶½à· à¶¸à·à¶½à¶¯à· à¶à¶­ à·à·à¶à·à¶º ðâ¤ï¸âð¥ Call us âï¸ 0715862778"
Samsung Galaxy Tab A9,"Rs 33,000","Ratnapura, Tablet",https://ikman.lk/en/ad/samsung-galaxy-a9-brand-new-for-sale-ratnapura,SAMSUNG,,Used,â¤ï¸ samsung tab a9 â¤ï¸ android 16 â¤ï¸fast full spread â¤ï¸ ada hetama sell wenawanam ganak adukarala denawa â¤ï¸Mony tagert emergency â¤ï¸No error â¤ï¸Warnty available
Samsung Galaxy S9FE Plus 8GB128GB 5G,"Rs 115,900","Gampaha, Tablet",https://ikman.lk/en/ad/samsung-galaxy-s9fe-plus-8gb128gb-5g-for-sale-gampaha,SAMSUNG,,Used,"Samsung Galaxy TAB S9 FE plus 8GB 128GB 5G Brand new condition Full set with box With warranty Delivery can be arrange to door stepð Credit card & Debit card acceptedð³ Exchange accepted any phone ð± à·à·âà¶ºà·à¶¢ à¶¯à·à¶»à¶à¶®à¶± à¶ à¶½à·à·à· à¶à¶»à¶±à·à¶±à¶±à·à¶§ à¶±à·à¶»à·à·à¶§à·à¶±à·à¶±. à·à·à¶¯à·à· à¶»à¶§à·à¶±à· à¶à·à¶±à·à·à¶± à¶½à¶¯ à¶¯à·à¶»à¶à¶®à¶± à¶ à¶©à·à¶¸ à¶¸à·à¶½à¶§ à¶ à¶´à·à¶±à· à¶´à¶¸à¶«à¶ºà·. à¶¯à·à¶»à¶à¶®à¶± à·à·à¶à·à¶«à·à¶¸ à·à· à¶¯à·à¶»à¶à¶®à¶± à¶¸à·à¶½à¶§ à¶à·à¶±à·à¶¸. SKN Mobile Kiribathgoda, Makola North Makola."
Samsung S6 lite,"Rs 45,000","Colombo, Tablet",https://ikman.lk/en/ad/samsung-s6-lite-for-sale-colombo,SAMSUNG,,Used,100% working condition Mint body condition Tab only Call
Samsung Galaxy A8 Tab,"Rs 28,500","Kalutara, Tablet",https://ikman.lk/en/ad/samsung-galaxy-a8-tab-for-sale-kalutara,SAMSUNG,,Used,
Samsung Galaxy Tab A,"Rs 40,000","Colombo, Tablet",https://ikman.lk/en/ad/samsung-galaxy-tab-a-used-for-sale-colombo-5,SAMSUNG,,Used,"Samsung Galaxy Tab A 8.0 - 2GB 32GB WiFi Good condition, No cracks in screen, With Box & Charger Just want to do factory reset. Battery life good Price Slightly Negotiable Location: welivita"
Samsung Galaxy Tab A9 Plus 4/64GB,"Rs 47,000","Colombo, Tablet",https://ikman.lk/en/ad/samsung-galaxy-tab-a9-plus-4-64gb-for-sale-colombo,SAMSUNG,,Used,Used Excellent condition Free Case and temper Original 1st owner Box available NO EXHANGE
Samsung 5G Tab 8GB 128,"Rs 48,000","Kandy, Tablet",https://ikman.lk/en/ad/samsung-5g-tab-8gb-128-for-sale-kandy,SAMSUNG,,Used,Samsung large display tab 8GB 128 5G With box
Samsung Galaxy A9+ 5G | 8GB/128GB,"Rs 55,000","Badulla, Tablet",https://ikman.lk/en/ad/samsung-galaxy-a9-5g-8gb-128gb-for-sale-badulla,SAMSUNG,,Used,"Used for less than a year. Smooth condition. No errors. Selling with box and all the components. Specifications: â¢ 11"" WUXGA Display â 1920 Ã 1200, up to 90Hz â¢ 8GB RAM + 128GB Internal Storage â¢ MicroSD support up to 1TB â¢ 7,040mAh Battery â¢ 8MP Rear Camera with Auto Focus â¢ 5MP Front Camera â¢ Quad Speakers with Dolby Atmos â¢ Dual-Band Wi-Fi (2.4GHz / 5GHz) â¢ Bluetooth 5.1 â¢ GPS / GLONASS / Galileo / BeiDou / QZSS â¢ USB Type-C 2.0 â¢ 3.5mm Headphone Jack â¢ Octa-Core Processor â up to 2.2GHz â¢ 6.9mm Slim Design â¢ Approx. 480g Weight Perfect for Netflix, YouTube, gaming, studying, online classes, browsing, office work and multitasking. Selling due to an upgrade."
Samsung Galaxy Tab S9 FE,"Rs 89,000","Kurunegala, Tablet",https://ikman.lk/en/ad/samsung-s9fe-for-sale-kurunegala,SAMSUNG,,Used,samsung tab s9fe Brand new condition Full set box No any scratches or issues All good 6/128gb Cellular 5g adu karala dhennam Salli hadhissiyak
Samsung Galaxy S6 Lite Tablet,"Rs 70,000","Kurunegala, Tablet",https://ikman.lk/en/ad/s6-lite-tablet-with-s-pen-for-sale-kurunegala,SAMSUNG,,Used,Used by a medical student for 1year With dedicated S pen and tempered placed No issues still in brand new condition Model SM-P625 4GB ram 64GB rom Cellular
Samsung Galaxy A9 Tab 4GB/64GB,"Rs 31,000","Colombo, Tablet",https://ikman.lk/en/ad/samsung-galaxy-a9-tab-4gb-64gb-for-sale-colombo,SAMSUNG,,Used,ð¥ SAMSUNG A9 TAB â RS.31000/= ð¨ 4 GB RAM ð¨ 64 GB ROM ð¼GOOD CONDITION ð¯ â QUICK SALE â NO ERRORS â â´ï¸CALL FOR MORE DETAILS R.S.Rupasinghe pvt LTD Moratuwa Branch
Samsung A11 Tab,"Rs 46,000","Colombo, Tablet",https://ikman.lk/en/ad/samsung-a11-tab-for-sale-colombo,SAMSUNG,,Used,Brand new with warranty 4 GB Ram & 64 GB Rom Baught before 2 months but used only one week 100% condition Lether pouch and tempered attached (cost 5000) Only for genuine buyers
Samsung Galaxy S9 FE Plus 8GB 128GB 5G,"Rs 112,900","Gampaha, Tablet",https://ikman.lk/en/ad/samsung-galaxy-s9-fe-plus-8gb-128gb-5g-for-sale-gampaha,SAMSUNG,,Used,"Samsung Galaxy S9FE plus 5G 8GB 128GB original Brand new condition Full set box With warranty Delivery can be arrange to door stepð Credit card & Debit card acceptedð³ Exchange accepted any phone ð± à·à·âà¶ºà·à¶¢ à¶¯à·à¶»à¶à¶®à¶± à¶ à¶½à·à·à· à¶à¶»à¶±à·à¶±à¶±à·à¶§ à¶±à·à¶»à·à·à¶§à·à¶±à·à¶±. à·à·à¶¯à·à· à¶»à¶§à·à¶±à· à¶à·à¶±à·à·à¶± à¶½à¶¯ à¶¯à·à¶»à¶à¶®à¶± à¶ à¶©à·à¶¸ à¶¸à·à¶½à¶§ à¶ à¶´à·à¶±à· à¶´à¶¸à¶«à¶ºà·. à¶¯à·à¶»à¶à¶®à¶± à·à·à¶à·à¶«à·à¶¸ à·à· à¶¯à·à¶»à¶à¶®à¶± à¶¸à·à¶½à¶§ à¶à·à¶±à·à¶¸. SKN Mobile Kiribathgoda, Makola North Makola."
Samsung Galaxy S6 Lite,"Rs 70,000","Colombo, Tablet",https://ikman.lk/en/ad/samsung-galaxy-s6light-for-sale-colombo,SAMSUNG,,Used,Samsung Galaxy S6 light 2year usage Good condition 6GB ram 64GB storage 10*4 inches size Samsung charger Brand new orginal samsung pen
Samsung Galaxy A7 Tab LITE (Used),"Rs 25,500","Colombo, Tablet",https://ikman.lk/en/ad/samsung-galaxy-a7-tab-lite-used-for-sale-colombo-1,SAMSUNG,,Used,"ð¥ Samsung Tab A7 Lite â à·à·à·à·à¶ºà¶§ à¶§à·à¶¶à· à¶à¶à¶à·! ð± à¶¸à·à¶©à¶½à·: Samsung Galaxy Tab A7 Lite ð¾ RAM: 3GB ð¦ Storage: 32GB ð à¶­à¶­à·à¶­à·à·à¶º: à¶·à·à·à·à¶­à· à¶à· â à·à·à¶³ à¶­à¶­à·à¶­à·à·à¶ºà· â à·à·à¶ºà¶½à·à¶½ à·à·à¶³à·à¶±à· à¶à·âà¶»à·à¶ºà· à¶à¶»à¶ºà· | Clean | à¶à·à·à·à¶¯à· à¶à·à¶§à¶½à·à·à¶à· à¶±à·à·à· â¨ à·à·à·à·à·à·à¶à¶: â¢ à¶½à·à¶·à¶¯à·à¶ºà· à·à· à·à·à¶»à·à¶¶à·à·à·à¶§à· design à¶à¶à¶à· â¢ à¶¯à·à¶±à¶´à¶­à· à¶·à·à·à·à¶­à¶ºà¶§ smooth performance â¢ YouTube, Online Classes, Gaming à·à¶³à·à· à·à·à¶³à¶ºà· ð® â¢ à¶¯à·à¶à· battery life ð â¢ Clear display â movies & browsing à·à¶³à·à· à·à·à¶´à·à¶»à· ð¥ Budget Tablet à¶à¶à¶à· à·à·à¶ºà¶± à¶ à¶ºà¶§ à·à·à¶³à¶¸ offer à¶à¶à¶à·! ð à¶½à¶¶à· à¶à¶­ à·à·à¶à· à·à·à¶®à·à¶±à¶º: SMART CORNER â The Digital Store 22D, De Mel Road, Moratuwa ð Call / WhatsApp:"
Samsung Galaxy Tab A8 (Used),"Rs 19,900","Colombo, Tablet",https://ikman.lk/en/ad/samsung-tab-a8-used-for-sale-colombo,SAMSUNG,,Used,"Galaxy Tab A 8 2019 In very good working condition... Running in android 11... 5100mah battery, enough for nearly two days... 2GB RAM & 32GB storage... Carefully used Got it brandnew, I also have the box... Price can be slightly negotiated... Hodtma thiynw... Battery dws dekak witr thiynw... School wada walata godk hodai... ð¥ð¥... Ganan ktha krgnna puluwn... Call me - No time wasters please..."
Samsung Tab A7 Lite,"Rs 25,000","Gampaha, Tablet",https://ikman.lk/en/ad/samsung-tab-a7-lite-for-sale-gampaha,SAMSUNG,,Used,Samsung a7 lite 3gb 32 gb box and all accisories tempart and full cover urgent sale call
Samsung Galaxy A7 Lite Tablet,"Rs 20,000","Ratnapura, Tablet",https://ikman.lk/en/ad/zoom-cls-use-for-sale-ratnapura-1,SAMSUNG,,Used,Samsung A7 lite 3GB 32GB Wp
samsung Galaxy Tab A7 10.4 inches,"Rs 24,500","Kalutara, Tablet",https://ikman.lk/en/ad/samsung-galaxy-tab-a7-104-inches-for-sale-kalutara,SAMSUNG,,Used,Samsung Galaxy Tab A7 10.4 inches large display 7040mah large battery(superb battery life) Good condition Cellular + wifi 3gb ram 32gb storage Every app working smoothly
Samsung Galaxy Tab S10 FE 8GB 128GB,"Rs 124,990","Colombo, Tablet",https://ikman.lk/en/ad/samsung-galaxy-tab-s10-fe-8gb-128gb-for-sale-colombo-147,SAMSUNG,,Brand New,
Samsung Galaxy A8 Tab,"Rs 48,000","Puttalam, Tablet",https://ikman.lk/en/ad/samsung-galaxy-a8-tab-brand-new-for-sale-puttalam,SAMSUNG,,Used,Samsung Galaxy Tab A8 Display: 10.5-inch TFT (1920Ã1200 Full HD) â¢ Processor: Unisoc Tiger T618 (octa-core) â¢ RAM:4GB â¢ Storage: 64GB /(microSD supported) â¢ Battery: 7040 mAh â¢ Cameras: â¢ Rear: 8MP â¢ Front: 5MP â¢ OS: Android 14 â¢ â Big 10.5â screen (good for movies & online classes) â 4G SIM support (SM-X205) â VERY important â Long battery life (7040 mAh) â Expandable storage ð Condition: 100% good Foreigner used (like new)
Samsung Galaxy Tab 3V (used),"Rs 5,000","Batticaloa, Tablet",https://ikman.lk/en/ad/samsung-galaxy-tab-3v-used-for-sale-batticaloa,SAMSUNG,,Used,Crack in display. But it still working. New battery
Samsung Galaxy A6 Tab,"Rs 38,500","Matara, Tablet",https://ikman.lk/en/ad/orginal-condition-for-sale-matara,SAMSUNG,,Used,à·à·à¶¯à¶§à¶¸ à¶­à·à¶ºà·à¶±à·à· Kandy Peradeniya (university of peradeniya )
Samsung Galaxy Tab 8,"Rs 13,000","Ampara, Tablet",https://ikman.lk/en/ad/2-32gb-for-sale-ampara,SAMSUNG,,Used,â¥ï¸Storage 2/32GB â¥ï¸Good Charge â¥ï¸smal Crack screen but All Good Working
SAMSUNG S7FE TAP,"Rs 49,000","Jaffna, Tablet",https://ikman.lk/en/ad/samsung-s7fe-tap-for-sale-jaffna-2,SAMSUNG,,Used,64gb Small crack on the display glass
Samsung Galaxy Tab A9,"Rs 52,000","Colombo, Tablet",https://ikman.lk/en/ad/samsung-galaxy-z-flip-5-tab-a9-used-for-sale-colombo,SAMSUNG,,Used,Samsubg Tab A9 64gb No error Like a brand new one aran mase 2 Full set Salli hadissiyak nissa denne Ex ok with iphones Ikman ekete massage ekak danne
Samsung Galaxy Tab S10 FE,"Rs 145,000","Colombo, Tablet",https://ikman.lk/en/ad/galaxy-tab-s10-fe-for-sale-colombo,SAMSUNG,,Used,"Samsung Galaxy Tab S10 FE in near excellent condition Comes with original box, stylus and cable 12GB RAM/256GB storage Light silver color with SIM Card tray to use with cellular. High Quality"
Samsung Galaxy S6 Lite 4GB 128GB,"Rs 60,000","Kalutara, Tablet",https://ikman.lk/en/ad/galaxy-s6-lite-4gb-128gb-for-sale-kalutara,SAMSUNG,,Used,Galaxy S6 lite 4gb 128gb 100% condition Stylish pen Original Book pouch Ex okay with phone
Samsung Galaxy A7 Tab Lite (Used),"Rs 23,000","Gampaha, Tablet",https://ikman.lk/en/ad/samsung-galaxy-a7-tab-lite-used-for-sale-gampaha,SAMSUNG,,Used,New Samsung Galaxy A7 Tab Lite (Used)
Samsung Galaxy A11 (used),"Rs 35,000","Jaffna, Tablet",https://ikman.lk/en/ad/samsung-a11-used-for-sale-jaffna,SAMSUNG,,Used,A11 Full set
Samsung Galaxy A9 Tab,"Rs 25,500","Kalutara, Tablet",https://ikman.lk/en/ad/samsung-galaxy-a9-tab-for-sale-kalutara,SAMSUNG,,Used,Good condition Quick sale 4GB Ram 128GB Storage With pouch With box
Samsung Galaxy Tab A,"Rs 12,000","Colombo, Tablet",https://ikman.lk/en/ad/samsung-galaxy-tab-a-for-sale-colombo-51,SAMSUNG,,Used,
Samsung Galaxy Tab A9,"Rs 40,000","Kegalle, Tablet",https://ikman.lk/en/ad/samsung-galaxy-a90-2023-used-for-sale-kegalle,SAMSUNG,,Used,Good condition low ussage with black color pouch new negotiate
samsung tab A9,"Rs 26,000","Kalutara, Tablet",https://ikman.lk/en/ad/samsung-tab-a9-for-sale-kalutara,SAMSUNG,,Used,"Samsung Tab à¶à¶à¶à· à¶ à¶©à·à·à¶§à¶¸ à¶ à¶´à·à¶±à·ð Samsung Tab A9 RAM ð 4GB Storage ð 64GB Rs.26,000/= ð° Call us âï¸0705838158"
Samsung Tab,"Rs 10,000","Gampaha, Tablet",https://ikman.lk/en/ad/samsung-tab-available-for-slavage-for-sale-gampaha,SAMSUNG,,Used,Have an old Galaxy Tab for sale. Selling because of repair costs high. Can use for salvage or parts. Please contact me by text via WhatsApp. NO phone calls please
Samsung Galaxy Tab A,"Rs 16,500","Colombo, Tablet",https://ikman.lk/en/ad/good-condition-for-sale-colombo-3335,SAMSUNG,,Used,Very good condition
Samsung Galaxy A7 Lite Tab (Used),"Rs 28,000","Colombo, Tablet",https://ikman.lk/en/ad/samsung-galaxy-a7-tab-a07-lite-used-for-sale-colombo,SAMSUNG,,Used,"Disple à¶à¶à· à¶´à·à¶©à· à¶à¶»à¶à· à¶à·à·à·à¶±à· à¶­à·à¶ºà·à¶±à·à¶±à·,à¶à¶ à¶ à·à·à¶½à¶à· à¶±à· à·à·à¶¯à¶§ à·à·à¶©.full set"
Samsung Galaxy Tab S 16GB,"Rs 18,000","Gampaha, Tablet",https://ikman.lk/en/ad/samsung-galaxy-tab-s-16gb-can-use-phone-calls-wifi-cim-card-for-sale-gampaha,SAMSUNG,,Used,Very good condition...can use with cim phone calling with sd carad
Samsung Galaxy Tab S11 Ultra 256GB 5G,"Rs 340,000","Matara, Tablet",https://ikman.lk/en/ad/samsung-galaxy-tab-s11-ultra-256gb-5g-for-sale-matara,SAMSUNG,,Used,
Samsung s6 Lite Tab,"Rs 69,500","Matara, Tablet",https://ikman.lk/en/ad/s6-lite-tab-for-sale-matara,SAMSUNG,,Used,"Samsung Tab S6 lite 4/64 GB (expandable memory) SIM 4G Brand new condition Full set box with S pen Hardware & software 100% 7040 mAh battery 100% Free Pouch All IMEI numbers, bills, documents available Price negotiable"
Samsung Galaxy Tab A11+,"Rs 45,000","Kurunegala, Tablet",https://ikman.lk/en/ad/galaxy-tab-a11-for-sale-kurunegala,SAMSUNG,,Used,"â RAM: 6GB â storage: 128GB â Display: 11-inch TFT LCD, 90 Hz refresh rate â Camera: Rear5MP|Front8MP â Battery: 7040mAh,25W Fast Charging â USB Type : C â 3.5mm Headphone jack â Dolby Atmos speakers â Android 16 / One Ul 8.5 â colour: Gray â Wifi model"
Samsung Tab S6 lite,"Rs 60,000","Gampaha, Tablet",https://ikman.lk/en/ad/samsung-tab-s6-lite-for-sale-gampaha,SAMSUNG,,Used,Ideal for Stidents n office workers 100% working condition Great battery life Mint body condition Not used much Direct call or whatsapp message
Samsung Galaxy A9,"Rs 85,000","Polonnaruwa, Tablet",https://ikman.lk/en/ad/samsung-galaxy-a9-brand-new-for-sale-polonnaruwa,SAMSUNG,,Used,"Brand New / à¶à¶§ à¶à·à¶±à·à¶± à·à·à¶³à¶¸ à¶­à¶­à·à·à¶ºà· à¶§à·à¶¶à· à¶à¶à¶à· à·à¶³à·à· (Recommended) Samsung Galaxy Tab A9+ (Mint Condition) ð¹ Condition: Excellent / Brand New Condition ð¹ Display: 11.0"" Smooth 90Hz Display ð¹ Performance: Qualcomm Snapdragon 695 5G Chipset ð¹ RAM & Storage: 4GB / 8GB RAM with 64GB / 128GB Storage (Expandable up to 1TB) ð¹ Sound: Quad Speakers (Dolby Atmos Support) ð¹ Battery: 7040 mAh Long-lasting Battery Study, Gaming, Content Creation à·à· Daily operations à·à¶³à·à· à¶à¶­à·à¶¸à¶­à· à·à·à¶¯à·à·à·à¶ºà·. à¶à·à·à·à¶¯à· à·à·à¶»à·à¶¸à¶à· à·à· à¶¯à·à·à¶ºà¶à· à¶±à·à¶¸à·à¶­. Full Set with Box / Original Accessories available. ð Location: [no 150; pihitiwawa, nuwaragala polonnaruwa ] ð Call / WhatsApp: []"
Samsung Galaxy Tab A 10.1 with S-Pen (SM-P585Y),"Rs 45,500","Colombo, Tablet",https://ikman.lk/en/ad/samsung-galaxy-tab-a-101-with-s-pen-sm-p585y-for-sale-colombo,SAMSUNG,,Used,"â¨ FOR SALE: Samsung Galaxy Tab A 10.1 with S-Pen (SM-P585Y) â Full Package Deal! â¨ ð¥ 4G LTE + Wi-Fi Tablet with Built-in S-Pen â Ideal for University Students, Medical Students, Note-Taking & Drawing! ð©º Owner Note: Reliable tablet used throughout medical school for studies and note-taking. Very well-maintained and ready for its next owner! (à¶à·à¶¸à·à¶´à·à· à¶à¶à· à·à·à¶© à·à¶½à¶§ à·à·à¶­à¶»à¶ºà· à¶´à·à·à·à¶ à·à¶ à· à¶à¶½à·. à¶à·à·à·à¶¸ à¶à·à¶§à· à·à·à¶à· à¶±à·.) ð FREE Accessories Included: â Full-coverage Tempered Glass â Hard Rubber Back Cover â Stylish Leather Case â Charging Adapter â Condition & Feature Highlights: â¢ Display: 10.1"" WUXGA Full HD Display â Working 100% perfectly â¢ S-Pen Stylus: Integrated Wacom digitizer with full palm rejection (Great for writing, drawing & PDF annotation) â¢ Battery: 7300 mAh (Large capacity, easily lasts all day) â¢ Connectivity: 4G LTE Mobile Data & SIM support + Dual-band Wi-Fi â¢ Hardware: 8MP Rear Camera (with LED Flash), 2MP Front Camera, Dual Speakers & Microphone 100% functional â¢ Suitability: Perfect for Zoom/Teams lectures, medical notes, PDF reading, movies & daily productivity â¨ Key Specifications: â¢ Brand & Model: Samsung Galaxy Tab A 10.1 with S-Pen (SM-P585Y) â¢ Memory: 3GB RAM | 16GB Storage (Expandable up to 256GB via MicroSD) â¢ Processor: Exynos 7870 Octa-Core (1.6 GHz) â¢ Network: 4G LTE + SIM Support + Wifi â¢ Operating System: Android 8.1 Oreo (Upgradable) ð Location: Matara ð° Price: Rs. 45,500 (Negotiable) ð© Call or WhatsApp for more details and photos."
Samsung Tab 10,"Rs 9,500","Galle, Tablet",https://ikman.lk/en/ad/samsung-tab-for-sale-galle-72,SAMSUNG,,Used,100% New Condition â Korean Samsung Tab ðï¸ Android version 4.4.2 âï¸
Samsung Galaxy Tab S10 FE 8GB 128GB,"Rs 124,990","Colombo, Tablet",https://ikman.lk/en/ad/samsung-galaxy-tab-s10-fe-8gb-128gb-for-sale-colombo-147,SAMSUNG,,Brand New,"Get Your New Model Samsung Galaxy Tab S10 FE WiFI 8GB 128GB Special Discount Price and Up to 25% Discount For Accessories ð¤©ð¤©ð¤© Hurry Up Limited Stocks Available..... ð· ONE YEAR DEALER WARRANTY ð· GENUINE PRODUCTS ð· ORGINAL SEAL PACK ð·CARD PAYMENT ACCEPTED ð· Instalment Plan for Selected Credit Card Holders.. 6 Months 12 Months 24 Months Available ð· Dear Customers Visit Our Showroom Will Give Special Discount for Complete Package ð· Price maybe Differ Please Contact Us Before Purchase ð·Important Pricing Note âââ Smart phone purchases must include a Adapter , Tempered Glass & Back cover Our Listed prices Apply only when you are buying the Complete Device Package..( Mobile Accessories, Warranty) This policy ensures fair pricing for all individual customers and helps avoid bulk / wholesale misuse à¶à¶¶à¶à· Samsung Galaxy Tab S10 FE WiFI 8GB 128GB à¶½à¶¶à·à¶à¶±à·à¶±... à·à¶§à·à¶§à¶¸à· à·à·à·à¶­ à·à·à·à·à· à¶¸à·à¶½ à·à· à¶ à¶¸à¶­à¶» à¶à¶´à·à¶à¶ à·à¶¯à·à· 25% à·à¶§à·à¶§à¶¸à¶à· ð¤©ð¤©ð¤© à¶­à·à¶ à·à·à¶¸à·à¶­à¶ºà· â¼ï¸à¶à¶à·à¶¸à¶±à· à¶à¶»à¶±à·à¶±.......... ð· à¶ à·à·à¶»à·à¶¯à·à¶¯à¶ à·à¶à¶à·à¶¸ ð· à¶à·à¶©à·à¶´à¶­à· à·à¶½à·à¶±à· à¶à·à·à·à¶¸à· à¶à·âà¶»à¶¸à¶º ð· à¶´à·à·à· à¶à·à·à·à¶¸à· à¶­à·à¶»à·à¶à¶­à· à¶«à¶º à¶à·à¶©à·à¶´à¶­à· (Credit Card) à·à¶½à¶§, *à¶¸à·à· -6 *à¶¸à·à· -12 *à¶¸à·à· -24 ð·à·à·à¶à·à¶«à·à¶¸à· à¶¸à·à¶½ à·à·à¶±à·à· à·à·à¶º à·à·à¶à· à¶¶à·à·à·à¶±à· à¶´à·à¶¸à·à¶«à·à¶¸à¶§ à¶´à·à¶» à¶ à¶´à· à¶¯à·à¶»à¶à¶®à¶±à¶ºà·à¶±à· à·à¶¸à·à¶¶à¶±à·à¶¯ à¶à¶»à¶±à·à¶±.. ðà¶¶à·à¶¯à·à·à·à¶»à·à¶¸à· à¶´à·à·à·à¶à¶¸à· ð· à·à·à¶¸à·à¶»à·à¶§à· à¶¯à·à¶»à¶à¶®à¶±à¶ºà¶à· à¶¸à·à¶½à¶¯à· à¶à·à¶±à·à¶¸à·à¶¯à· à¶´à·à¶­ à·à¶³à·à¶±à· à¶à¶´à·à¶à¶ à¶ à¶±à·à·à·à¶»à·à¶ºà¶ºà·à¶±à·à¶¸ à·à¶¸à¶ à¶¸à·à¶½à¶¯à· à¶à¶­ à¶ºà·à¶­à·à¶º: à¶à¶©à·à¶´à·à¶§à¶»à¶ºà¶à· (Adapter) à¶§à·à¶¸à·à¶´à¶»à·à¶©à· à¶à·à¶½à·à·à· (Tempered Glass) à¶¶à·à¶à· à¶à·à¶»à· à¶à¶à¶à· (Back Cover) à¶ à¶´ à·à·à·à·à¶±à· à¶´à·âà¶»à¶¯à¶»à·à·à¶±à¶º à¶à¶» à¶à¶­à· à¶¸à·à¶½ à¶à¶«à¶±à· à·à¶½à¶à¶à· à·à¶±à·à¶±à· à·à¶¸à·à¶´à·à¶»à·à¶« à¶à¶´à·à¶à¶ à¶´à·à¶à·à¶¢à¶º (à¶¢à¶à¶à¶¸ à¶¯à·à¶»à¶à¶®à¶±à¶º, à¶à¶´à·à¶à¶ à·à· à·à¶à¶à·à¶¸) à·à¶¸à¶ à¶¸à·à¶½à¶¯à· à¶à¶±à·à¶±à· à¶´à·à¶»à·à¶·à·à¶à·à¶à¶ºà¶±à· à·à¶³à·à· à¶´à¶¸à¶«à·. à¶¸à·à¶¸ à¶´à·âà¶»à¶­à·à¶´à¶­à·à¶­à·à¶º à·à·à¶ºà¶½à·à¶¸ à¶­à¶±à· à¶´à·à¶»à·à¶·à·à¶à·à¶à¶ºà¶±à·à¶§ à·à·à¶°à·à¶»à¶« à¶¸à·à¶½ à¶à¶«à¶±à· à¶½à¶¶à·à¶¯à·à¶¸ à·à· à¶­à·à¶/à¶±à·à·à¶­ à·à·à¶à·à¶«à·à¶¸ à·à¶³à·à· à·à·à¶¯à·à¶à¶»à¶± à¶¸à·à¶½à¶¯à· à¶à·à¶±à·à¶¸à· à·à·à· à·à¶à·à·à·à¶¸ à·à¶³à·à· à¶à·âà¶»à·à¶ºà·à¶­à·à¶¸à¶ à¶à¶» à¶à¶­. ð¬à¶ à¶à¶, 250/1/36, à¶´à· à¶¸à· à¶¸à·à¶½, Liberty Plaza, Colombo 03. NO, 250/1/36, First Floor, Liberty Plaza, Colombo 03."
Samsung Galaxy Tab A11 8GB RAM 128GB,"Rs 39,990","Matara, Tablet",https://ikman.lk/en/ad/samsung-galaxy-tab-a11-8gb-ram-128gb-storege-for-sale-matara-3,SAMSUNG,,Used,"ð¢AVAILABLE SAMSUNG Galaxy TAB A11 8GB RAM 128GB Storage ð´ ð±ð°à¶¯à·à·à¶ºà·à¶±à· à¶ à¶©à·à¶¸ à¶¸à·à¶½ à¶ à¶´à·à¶±à· ð´ PRICE: Rs.39, 990/= Price change day by day call us fro the best price à¶¯à·à·à·à¶±à· à¶¯à·à· à¶¸à·à¶½à¶à¶±à¶±à· à·à·à¶±à·à· à·à·.à¶ à¶©à·à¶¸ à¶¸à·à¶½à¶à¶±à¶±à· à·à¶¯à·à· à¶ à¶´à· à¶ à¶¸à¶­à¶±à·à¶±. ð´ 100% BRAND NEW CONDITION ð´ 01 MONTHS WARRANTY â RAM: 8GB â Storage: 128GB â Display: 8.7â TFT LCD (1340 Ã 800), 90Hz Refresh Rate â Processor: Octa-Core (Helio G99) â Camera: Rear 8MP | Front 5MP â Battery: 5,100mAh â Expandable Storage: microSD Card (Up to 2TB) â Wi-Fi Dual Band (2.4GHz & 5GHz) â Bluetooth 5.3 â USB Type-C â 3.5mm Headphone Jack â Stereo Speakers â Android 15 / One UI 7 â Color: Gray ð (Cash On Delivery) à·à·âà¶»à· à¶½à¶à¶à·à·à· à¶à¶±à·à¶¸ à·à·à¶®à·à¶±à¶ºà¶à¶§ à¶à¶»à¶à·à·à·à¶­à· à¶à·à¶±à·à·à· à¶à¶­ à·à·à¶. à¶à·à·à·à¶¸ à¶­à¶­à·à¶­à·à·à¶ºà· à¶¢à¶à¶à¶¸ à¶¯à·à¶»à¶à¶®à¶± à·à·à¶à·à¶«à·à¶¸, à¶¸à·à· à¶¯à· à¶à·à¶±à·à¶¸ à·à· à·à·à·à¶¸à·à¶»à· à¶à·à¶»à·à¶¸ à·à¶³à·à· à·à·à·à·à·à·à·à¶ºà·à¶±à· à¶´à·à¶º à¶±à¶à¶±à·à¶± âââââââââââââââââââââ ðï¸ Alpha Tech No:27 Akuresse. âï¸0777 585 260 Office à¶à¶ à¶­à·à¶ºà·à¶±à·à¶±à·, à¶ à¶à·à¶»à·à·à·à· Town à¶à¶à· à¶´à·à¶½à¶¸ à¶½à¶ à¶¶à·à¶¯à· à¶¸à·à¶¯à·à¶» à¶à¶¯à·à¶»à·à¶´à·à¶§. ð à·à·à¶¸ à¶¯à·à¶±à¶à¶¸ à¶à¶¯à·à·à¶± 09.30à·à·à¶§ à¶»à·à¶­à·âà¶»à· 6:00 à¶¯à¶à·à·à· à·à·à·à·à¶­à¶ºà·. ðð ¿ï¸ parking facilitie available. à·à·à·à¶± à¶±à·à·à·à¶­à·à·à·à¶¸à· à¶´à·à·à·à¶à¶¸à· à¶à¶­. âââââââââââââââââââââ à¶à¶¶ à·à·à·à·à¶±à· à·à·à¶à·à¶«à¶±à· à¶½à¶¶à¶± à¶¢à¶à¶à¶¸ à¶¯à·à¶»à¶à¶®à¶± à·à· à¶½à·à¶´à·à¶§à·à¶´à· à¶´à¶»à·à¶à¶«à¶ à¶ à¶´ à¶à¶ºà¶­à¶±à¶º à¶¸à¶à·à¶±à· à¶¸à·à· à¶¯à· à¶à¶±à· à¶½à·à¶¶à·. à¶à·à·à¶«à·à¶±à· à¶ à¶­à¶§ à¶¸à·à¶¯à¶½à· We buy your mobile phones & laptops for instant cash (à¶¸à·à¶¸ à·à·à·à·à·à·à·à· à¶¸à·à· à·à·à¶¸à·à¶­ à¶à·à¶½à¶ºà¶à· à·à¶³à·à· à¶´à¶¸à¶«à¶à· à·à¶½à¶à¶à· à·à·. à¶¸à·à¶¸ à¶¯à·à¶¸à¶±à· à¶¸à·à¶½à¶¯à· à¶à·à¶±à·à¶¸à·à¶¯à· à¶¸à·à¶¸ post à¶à¶ à¶à¶¯à·à¶»à·à¶´à¶­à· à¶à¶»à¶±à·à¶±.)"
Samsung Galaxy Tab A9+ 5G,"Rs 56,500","Gampaha, Tablet",https://ikman.lk/en/ad/samsung-galaxy-tab-a9-5g-for-sale-gampaha,SAMSUNG,,Used,
Samsung Galaxy Tab A9+,"Rs 47,000","Kurunegala, Tablet",https://ikman.lk/en/ad/samsung-galaxy-tab-a9-for-sale-kurunegala-2,SAMSUNG,,Used,
Samsung Galaxy Tab A,"Rs 35,000","Colombo, Tablet",https://ikman.lk/en/ad/samsung-galaxy-a-for-sale-colombo,SAMSUNG,,Used,Good condition No any damage No any repairs ð¯ Charger Money urgent need so sell
Samsung Galaxy A7 Lite (Used),"Rs 29,000","Kegalle, Tablet",https://ikman.lk/en/ad/samsung-galaxy-a7-lite-used-for-sale-kegalle-3,SAMSUNG,,Used,ðGood condition ðNO issue ðSingle SIM and Memory card ðFull set box
Samsung Galaxy A7 Lite,"Rs 25,000","Puttalam, Tablet",https://ikman.lk/en/ad/samsung-galaxy-a7-lite-for-sale-puttalam-1,SAMSUNG,,Used,"ð±â¨ à¶à¶¶à¶à· à¶´à·à¶»à¶«à· à¶¯à·à¶»à¶à¶­à¶±à¶º à¶ à¶´à¶§ à¶¯à·à¶±à·à¶± â à¶ à· à·à¶­à· à¶à¶à¶à· à¶ à¶»à¶à·à¶± à¶ºà¶±à·à¶±! ð à¶à¶¶ à¶·à·à·à·à¶­à· à¶à· (Used) à¶¯à·à¶»à¶à¶­à¶±à¶º à¶ à¶´ à·à·à¶­ à¶½à¶¶à·à¶¯à·, à¶à¶­à·à¶»à· à¶¸à·à¶¯à¶½ à¶à·à·à· à¶ à· à·à¶­à·à¶¸ à¶¢à¶à¶à¶¸ à¶¯à·à¶»à¶à¶­à¶±à¶ºà¶à· à¶ à¶©à· à¶¸à·à¶½à¶à¶§ à¶ à¶¯à¶¸ à¶ à¶»à¶à·à¶± à¶ºà¶±à·à¶±. ð° â à¶à·âà¶»à·à¶©à·à¶§à· à¶à·à¶©à· à¶±à·à¶­à·à· Android à¶¯à·à¶»à¶à¶­à¶± à·à¶³à·à· à¶¸à·à· 12 à¶±à· à¶à·à·à·à¶¸à· à¶´à·à·à·à¶à¶¸à· â Installment / Card Payments à¶´à·à·à·à¶à¶¸à· ð³ â Island-wide Delivery ð â Fast & Friendly Service â¡ ð Our Unlimited Mobile Branches ð Marawila Branch In front of Marawila Clock Tower, Chilaw Road ð Wennappuwa Branch No. 02, Bus Stand, Wennappuwa ð¥ à¶à¶¶à· à¶´à·à¶»à¶«à· à¶¯à·à¶»à¶à¶­à¶±à¶º à¶¯à·à¶½à· â à¶ à· à·à¶­à· à¶à¶à¶à· à¶ à¶»à¶±à· à¶ºà¶±à·à¶± à¶ à¶¯à¶¸! ð¥"
Samsung Galaxy TAB S9FE+ 8GB 128GB 5G,"Rs 110,900","Gampaha, Tablet",https://ikman.lk/en/ad/samsung-galaxy-tab-s9fe-8gb-128gb-5g-for-sale-gampaha,SAMSUNG,,Used,"Samsung Galaxy Tab S9 FE plus 8GB 128GB 5G Brand new condition Full set with box With warranty Delivery can be arrange to door stepð Credit card & Debit card acceptedð³ Exchange accepted ð± à·à·âà¶ºà·à¶¢ à¶ à¶½à·à·à· à¶à¶»à¶±à·à¶±à¶±à·à¶§ à¶±à·à¶»à·à·à¶§à·à¶±à·à¶±. à·à·à¶¯à·à· à¶»à¶§à·à¶±à· à¶à·à¶±à·à·à¶± à¶½à¶¯ à¶ à¶©à·à¶¸ à¶¸à·à¶½à¶§ à¶ à¶´à·à¶±à· à¶´à¶¸à¶«à¶ºà·. SKN Mobile Kiribathgoda, Makola North Makola."
samsung tablet,"Rs 15,000","Trincomalee, Tablet",https://ikman.lk/en/ad/samsung-tablet-for-sale-trincomalee,SAMSUNG,,Used,
Samsung Galaxy Tab A8 64GB,"Rs 25,000","Nuwara Eliya, Tablet",https://ikman.lk/en/ad/urgent-sale-samsung-galaxy-tab-a8-64gb-for-sale-nuwara-eliya-1,SAMSUNG,,Used,Phone name - Samsung galaxy tab A8 Phone colour - black Storage - 64 GB Memory- 4 GB
Samsung Galaxy Tab S9 12GB RAM 256GB,"Rs 140,000","Jaffna, Tablet",https://ikman.lk/en/ad/samsung-galaxy-tab-s9-12gb-ram-256gb-storage-excellent-condition-for-sale-jaffna,SAMSUNG,,Used,Samsung Galaxy Tab S9 for sale in excellent condition. - Model: Samsung Galaxy Tab S9 - RAM: 12GB - Storage: 256GB - Purchased in 2024 - 100% fully functional - Well maintained and carefully used - Smooth performance and excellent battery life - No hardware or software issues - Includes S Pen - Genuine buyers only.
Samsung Galaxy S6 Lite,"Rs 60,000","Kurunegala, Tablet",https://ikman.lk/en/ad/tab-s6-lite-for-sale-kurunegala,SAMSUNG,,Used,
Samsung Galaxy Tab 8,"Rs 10,500","Colombo, Tablet",https://ikman.lk/en/ad/samsung-4gb-table-for-sale-colombo,SAMSUNG,,Used,Sim 2 4GB ram 64 GB kisima aulak na hodatama thiyanawa
Samsung Galaxy Tab A9,"Rs 39,000","Colombo, Tablet",https://ikman.lk/en/ad/samsung-galaxy-tab-a9-for-sale-colombo-117,SAMSUNG,,Used,Used Samsung Tab A9 Good condition 1st Owner Free case with keyboard Cannot exchange Cash only
Samsung Galaxy A9 Tab (Used),"Rs 42,999","Colombo, Tablet",https://ikman.lk/en/ad/samsung-galaxy-a9-tab-used-for-sale-colombo-5,SAMSUNG,,Used,Quick Sale! No any repairs no any issues all are working TRCSL approved Full Set Box only 9 months used warranty still available.
Samsung Galaxy Tab S9FE+8GB 128GB,"Rs 115,900","Gampaha, Tablet",https://ikman.lk/en/ad/samsung-galaxy-tab-s9fe8gb-128gb-for-sale-gampaha,SAMSUNG,,Used,"Samsung Galaxy Tab S9FE plus 8GB 128GB 5G Brand new condition Full set box With warranty Delivery can be arrange to door stepð Credit card & Debit card acceptedð³ Exchange accepted any phone ð± à·à·âà¶ºà·à¶¢ à¶ à¶½à·à·à· à¶à¶»à¶±à·à¶±à¶±à·à¶§ à¶±à·à¶»à·à·à¶§à·à¶±à·à¶±. à·à·à¶¯à·à· à¶»à¶§à·à¶±à· à¶à·à¶±à·à·à¶± à¶½à¶¯ à¶ à¶©à·à¶¸ à¶¸à·à¶½à¶§ à¶ à¶´à·à¶±à· à¶´à¶¸à¶«à¶ºà·. SKN Mobile Kiribathgoda, Makola North Makola."
Samsung Galaxy A9 Tab 4GB (Used),"Rs 28,000","Colombo, Tablet",https://ikman.lk/en/ad/samsung-galaxy-a9-tab-4gb-used-for-sale-colombo,SAMSUNG,,Used,Tab A9 4gb 64gb Non Sim Brand new unit (not used) Full set without box Black color Cover pawch free
Samsung galaxy tab A9,"Rs 37,000","Gampaha, Tablet",https://ikman.lk/en/ad/samsung-galaxy-tab-a9-for-sale-gampaha,SAMSUNG,,Used,
Samsung Galaxy A7 Lite,"Rs 30,000","Puttalam, Tablet",https://ikman.lk/en/ad/samsung-galaxy-a7-lite-for-sale-puttalam,SAMSUNG,,Used,"Condition - Excellent, barely used, no scratches Display - 8.7 inches Battery - 5100mAh Quality protective cover included Storage 32GB RAM 3GB UAE version"
Samsung Galaxy Tab Active 3 (SM-T575),"Rs 30,000","Gampaha, Tablet",https://ikman.lk/en/ad/samsung-galaxy-tab-active-3-sm-t575-for-sale-gampaha,SAMSUNG,,Used,"ð¥ Samsung Galaxy Tab Active 3 (SM-T575) â Rugged & Powerful ð¥ Looking for a durable, high-performance tablet? This Samsung Tab Active 3 is perfect for both work and everyday use! ð± Model: Samsung Galaxy Tab Active 3 (SM-T575) ð¾ RAM: 4GB ð¦ Storage: 64GB (Expandable) âï¸ Android Version: 13 ð Condition: Excellent (Used â UAE) ð Note: Needs country unlock ð° Price: LKR 30,000 â¨ Key Features: âï¸ Rugged & shock-resistant design (ideal for tough use) âï¸ Smooth performance for apps, browsing & work tasks âï¸ Compact and easy to carry âï¸ Long-lasting battery âï¸ Samsung quality & reliability ð Comes with protective rugged body (as shown in image) ð Serious buyers only. ð© DM for more details or quick deal!"
Samsung Galaxy Note 8 Tablet,"Rs 14,500","Kalutara, Tablet",https://ikman.lk/en/ad/samsung-galaxy-note-8tablet-used-for-sale-kalutara,SAMSUNG,,Used,Good candidate noti batteryya tekak madi uoos karanna puluwan power bank ekk denawa
Samsung Galaxy Tab A9,"Rs 37,500","Kurunegala, Tablet",https://ikman.lk/en/ad/samsung-galaxy-tab-a9-for-sale-kurunegala-1,SAMSUNG,,Used,Samsung Galaxy Tab A9 ð¯ Condition Full Set Box Only one Year Used No any error or replacement. Call for more Details
Samsung Galaxy A9+ Tablet,"Rs 60,000","Colombo, Tablet",https://ikman.lk/en/ad/original-samsung-a9-tablet-for-sale-colombo,SAMSUNG,,Used,Samsung A9 Plus Tab Cellular + Wifi 5G With tempered glass Backcover included With original same imei box In brand new condition
Samsung Galaxy Tab A9+ 5G,"Rs 68,000","Kurunegala, Tablet",https://ikman.lk/en/ad/samsung-galaxy-tab-a9-5g-for-sale-kurunegala-1,SAMSUNG,,Used,"Samsung Galaxy Tab A9+ 5G 8GB Ram / 128GB Rom Brand new Condition Free Wireless Keyboard Free wireless s pen Free 2, Leather Pouchs No Errors price negotiable more details"
Samsung Galaxy Tab S3,"Rs 35,000","Colombo, Tablet",https://ikman.lk/en/ad/samsung-galaxy-tab-s3-for-sale-colombo-2,SAMSUNG,,Used,
Samsung Galaxy A7 Tab,"Rs 25,000","Colombo, Tablet",https://ikman.lk/en/ad/samsung-galaxy-a7-used-for-sale-colombo-838,SAMSUNG,,Used,"Display - 10.4-inch. Processor - Qualcomm Snapdragon 662 (octa-core). Memory - 3GB RAM. Storage: 32GB internal storage, expandable up to 1TB via a microSD card slot. Battery - 7,040 mAh battery, Supports 15W fast charging. Audio - Quad-speaker setup with Dolby Atmos surround sound support. Cameras - 8MP rear camera with autofocus and a 5MP front-facing camera. Software - Android 12, One UI 4.1 Condition - Used Good condition All parts original Plss contact -"
Samsung Galaxy Tab S10 FE 8GB 128GB,"Rs 124,990","Colombo, Tablet",https://ikman.lk/en/ad/samsung-galaxy-tab-s10-fe-8gb-128gb-for-sale-colombo-147,SAMSUNG,,Brand New,
Samsung Galaxy Tab S5e,"Rs 53,500","Anuradhapura, Tablet",https://ikman.lk/en/ad/samsung-galaxy-tab-s5e-for-sale-anuradhapura,SAMSUNG,,Used,ðSamsung Galaxy S5e Tabð¤ ð64GB/4GB ðBrandnew Condition ð¥ ðNo Errors Not Use in Sri Lanka (Cash only Not Exchange) Call for more details..
Samsung Galaxy Tab S2,"Rs 30,000","Ratnapura, Tablet",https://ikman.lk/en/ad/samsung-galaxy-s22-brand-new-for-sale-ratnapura,SAMSUNG,,Used,à¶¸à·à¶¯à¶½à· à·à¶¯à·à·à·à¶ºà¶à· à·à·à¶³à¶§ à¶­à·à¶ºà·à¶±à·à·
Samsung T583 Tablet,"Rs 22,000","Galle, Tablet",https://ikman.lk/en/ad/samsung-t583-for-sale-galle,SAMSUNG,,Used,"Samsung T583 Tablet for sale Rs 22,000"
Samsung Tab A7 (Used),"Rs 40,000","Hambantota, Tablet",https://ikman.lk/en/ad/samsung-tab-a7-used-for-sale-hambantota,SAMSUNG,,Used,samsung tab A7 good condition new battery
Samsung Galaxy Tab S2,"Rs 40,000","Galle, Tablet",https://ikman.lk/en/ad/white-colour-for-sale-galle,SAMSUNG,,Used,
Samsung Galaxy Tab A9 4GB 64GB,"Rs 35,000","Polonnaruwa, Tablet",https://ikman.lk/en/ad/samsung-galaxy-a9-4gb-64gb-used-for-sale-polonnaruwa,SAMSUNG,,Used,Kisima awlak naa cheak karala balala ganna Full set box ð³ï¸ Brandnew condition Last price thama dala thiyenne
Samsung Galaxy Tab 8,"Rs 50,000","Colombo, Tablet",https://ikman.lk/en/ad/samsung-galaxy-tab-8-for-sale-colombo,SAMSUNG,,Used,"ð± Samsung Galaxy Tab A8 for Sale ð± â¨ Stylish | Fast | Perfect for Study, Work & Entertainment Looking for a reliable Android tablet? The Samsung Galaxy Tab A8 is ideal for online learning, streaming, reading, browsing, and everyday use. ð¹ Specifications: â 10.5â Full HD Display â Clear and vibrant visuals â Octa-Core Processor â Smooth performance â 4GB RAM (or update with your RAM size) â 64GB Internal Storage (or update with your storage size) â Expandable Storage via microSD Card â 8MP Rear Camera | 5MP Front Camera â 7040mAh Battery â Long-lasting power â Dolby Atmos Quad Speakers ðµ â Wi-Fi & Bluetooth Connectivity â USB Type-C Fast Charging ð¯ Perfect For: ð Online Classes & Studying ð¼ Office Work & Meetings ð¬ Netflix, YouTube & Entertainment ð Reading & Browsing ð® Casual Gaming ð¯ Well maintained and in excellent working condition. ð¦ Comes with: (Add Charger/Box if available) ð© DM for price, more photos, or to arrange a viewing. #Samsung #GalaxyTabA8 #SamsungTablet #TabletForSale #AndroidTablet #StudentTablet #OfficeTablet #Entertainment #SriLanka #UsedTablet #TechSale"
Samsung Galaxy Tab A7 Wifi,"Rs 20,000","Matara, Tablet",https://ikman.lk/en/ad/tab-for-sale-for-sale-matara,SAMSUNG,,Used,Bought from uk grey colour tab a7 with original display
Samsung Galaxy S7 FE,"Rs 65,000","Galle, Tablet",https://ikman.lk/en/ad/samsung-for-sale-galle-553,SAMSUNG,,Used,"for sale quickly or ex iphone Samsung Galaxy Tab S7 FE (4GB RAM, 64GB storage). â¢ In mint condition (good for studies etc) â¢ Model: Samsung Galaxy Tab S7 FE â¢ Memory: 4GB RAM, 64GB storage + 64 SD card (Expandable) â¢ Full set :- with box,tempered, pouch, charger and original S Pen. â¢ S Pen:- Original â¢ Good for:- Online classes, studies movies,browsing,notetaking â¢ Chipset: Qualcomm Snapdragon 750G â¢ Location -Hapugala,Galle"
Samsung Galaxy A7 Tab,"Rs 35,000","Colombo, Tablet",https://ikman.lk/en/ad/samsung-galaxy-a7-used-for-sale-colombo-837,SAMSUNG,,Used,Used one 10.4 screen 4gb ram 32gb memory Snapdragon chip 4g
Samsung Galaxy A9 PLUS 5G 8GB 128GB,"Rs 72,000","Colombo, Tablet",https://ikman.lk/en/ad/samsung-galaxy-a9-plus-5g-8gb-128gb-for-sale-colombo,SAMSUNG,,Used,"à¶à¶­à·à¶¸à¶­à· à·à·à¶³à¶¸ à¶­à¶­à·à¶­à·à·à¶ºà·à¶±à· à¶´à·à¶­à·à¶± Samsung Galaxy Tab A9 Plus (SIM Version) à¶§à·à¶¶à·à¶½à¶§à· à¶à¶ à·à·à¶à·à¶±à·à¶¸à¶§ à¶à¶­. à¶à·à·à·à¶¯à· à·à·à¶»à·à¶¸à¶à· à·à· à¶¯à·à·à¶ºà¶à· à¶±à·à¶¸à·à¶­, Brand New à¶­à¶­à·à¶­à·à·à¶ºà·à¶±à·à¶¸ à¶´à·à¶­à·. âà·à·à¶ºà¶½à·à¶¸ à¶à¶´à·à¶à¶ à·à¶¸à¶ (Full Set): âà¶§à·à¶¶à· à¶à¶ à·à· Original Box à¶à¶ âà·à·à¶±à¶¸ à¶¸à·à¶½à¶¯à· à¶à¶­à· Original Samsung Fast Charger à¶à¶ âà¶¸à·à¶½ à·à·à¶§à¶¸ Original Tempered Glass à¶à¶ à¶à·à· à¶à¶»à¶à·à·à· à¶à¶» à¶à¶­ âà·à·à¶±à¶¸ à¶¸à·à¶½à¶¯à· à¶à¶­à· à¶à·à·à· à¶­à¶­à·à¶­à·à·à¶ºà· MCDODO Touch Pen à¶à¶ âOriginal Protective Pouch (à¶à·à¶»à¶º) âà·à·à·à·à¶­à¶»: âà¶°à·à¶»à·à¶­à·à·: 8GB RAM / 128GB Storage âà¶¢à·à¶½à¶º: SIM à¶´à·à·à·à¶ à·à¶ à· à¶à¶½ à·à·à¶ (5G + Wi-Fi) âà¶­à¶­à·à¶­à·à·à¶º: 100% à¶à·à¶¸ à¶ à¶½à·à¶­à· à¶­à¶­à·à¶­à·à·à¶ºà· à¶´à·à¶­à· âà¶¸à·à¶½ à¶à¶«à¶±à· à¶¸à¶¯à¶à· à·à·à¶à¶ à·à¶¡à· à¶à¶»à¶à¶­ à·à·à¶. à¶à¶à·à¶¸à¶±à·à¶±à· à·à·à¶à·à¶«à·à¶¸à¶§ à¶ à·à·à·âà¶ºà¶ºà·. à¶¸à·à¶½à¶¯à· à¶à·à¶±à·à¶¸à¶§ à¶à·à¶¸à¶­à· à¶ à¶º à¶´à¶¸à¶«à¶à· à¶ à¶¸à¶­à¶±à·à¶±."
Samsung Tab A11 Plus 5g 128GB,"Rs 70,000","Gampaha, Tablet",https://ikman.lk/en/ad/tab-a11-plus-5g-128gb-for-sale-gampaha,SAMSUNG,,Used,samsung tab A11 plus 6/128gb good condition quick sale
Samsung Galaxy Tab A9 4GB 64GB,"Rs 34,990","Gampaha, Tablet",https://ikman.lk/en/ad/samsung-galaxy-tab-a9-4gb-64gb-for-sale-gampaha-36,SAMSUNG,,Used,"ORIGINAL SAMSUNG GALAXY A9 TABLET FOR SALE. TRCSL APPROVED. Dubai Imported / Authorized Agent's Warranty / Pre-owned THE LOWEST PRICE IN SRI LANKA! à·à·âà¶»à· à¶½à¶à¶à·à·à· à¶ à¶©à·à¶¸ à¶¸à·à¶½ à¶ à¶´à·à¶±à·! Cash Discounted Price: Rs.34,990/= 'KOKO Payments' à·à¶¸à¶à·à¶±à· à¶¸à·à· 6à¶à·à¶±à· à¶à·à·à¶±à·à¶± à¶à¶±à·à¶±! â­ï¸ 1 YEAR WARRANTY | à·à·à¶»à¶ à·à¶à¶à·à¶¸* *(à¶à·à¶±à·à¶¯à·à·à· à¶ à¶¯à·à· à·à·.)* ð´ 100% BRAND NEW CONDITION ð´ 100% WORKING CONDITION ð± 8.7 Inches High Resolution Display ð± 64GB Storage | 4GB RAM ð± Ultra Clear Super High Quality Camera ð± 5,100mAh Perfect Battery Capacity ð£ Real Pictures Attached. ð£ Exchange Possible. ð³ We Accept Credit Cards (VISA / MASTER / AMEX) & Bank Transfers ð³ We Accept 'KOKO Payments' (Buy Now, Pay Later!) ð à·à·à·à·à·à·à·à· à·à·à·à¶¸à·à¶»à· à·à¶§à·à¶§à¶¸à·! ð à¶à¶¶ à¶¯à·à¶±à¶§ à¶·à·à·à·à¶­à· à¶à¶»à¶± à¶¢à¶à¶à¶¸ à¶¯à·à¶»à¶à¶®à¶±à¶º à·à· à¶½à·à¶´à·à¶§à·à¶´à· à¶´à¶»à·à¶à¶«à¶à¶º à·à¶³à·à· à¶à·à· à¶¸ à·à·à¶°à·à¶»à¶« à¶¸à·à· à¶à· à¶ à¶´à·à¶±à·! ð à·à·âà¶»à· à¶½à¶à¶à·à·à· à¶à¶±à·à¶¸ à·à·à¶®à·à¶±à¶ºà¶à¶§ à¶à¶»à¶à·à·à·à¶­à· à¶à·à¶±à·à·à· à¶à¶­ à·à·à¶. à¶·à·à¶«à·âà¶©à¶º à¶à¶¶ à·à·à¶­ à¶½à·à¶¶à·à¶«à· à¶´à·à· à¶¸à·à¶¯à¶½à· à¶à·à·à¶±à·à¶±. Island-wide Cash On Delivery. ð à¶à·à· à¶¹ à·à· à¶à¶¸à·à¶´à· à¶¯à·à·à·à¶­à·âà¶»à·à¶à·à¶à¶ºà· à¶à¶±à·à¶¸ à·à·à¶®à·à¶±à¶ºà¶à¶§ à¶´à·à¶ºà¶à· à·à·à¶±à· à¶à·à¶§à· à¶à·à¶½à¶ºà¶à· à¶­à·à· à¶à·à¶±à·à·à· à¶à¶­ à·à·à¶. (Money-Back Guarantee) ââââââââââââââââââââ ðï¸ THE SMART HUB (PVT) LTD 139/E3, Kandy Road, Kadawatha. (à¶à¶©à·à¶­ à¶à¶½à¶»à· à¶½à¶ºà·à¶§à·à·à· à¶ à·à¶½, à¶¸à·à¶¢à¶± à¶¶à·à¶à¶à·à·à¶§ à¶ºà·à¶¶à¶¯ à¶à·à¶©à¶±à·à¶à·à¶½à·à¶½à· à¶à·à· à¶¸à·à· ) ð à·à·à¶¸ à¶¯à·à¶±à¶à¶¸ à¶à¶¯à·à·à¶± 09.00 à·à·à¶§ à¶»à·à¶­à·âà¶»à· 8.00 à¶¯à¶à·à·à· à·à·à·à·à¶­à¶ºà·. à·à·à¶à·: à¶à·à· à¶¹, à¶à¶©à·à¶­, à¶ºà¶à·à¶à¶½, à¶à·à¶½à·à¶½, à¶¸à·à¶­à¶» âââââââââââââââââââ à¶¸à·à¶¸ à¶¯à·à¶±à·à·à·à¶¸ à¶à¶¯à·à¶»à·à¶´à¶­à·à¶à¶» à·à·à·à·à·à·à·à· à¶¯à·à¶¸à¶±à·à· à¶½à¶¶à·à¶à¶±à·à¶±. à·à·à· à¶à·à¶º à¶ºà·à¶­à·à¶ºà·: à¶ à¶½à·à¶­à·à·à·à¶©à·à¶ºà· à¶à¶»à¶± à¶½à¶¯ (Repaired) à·à· à¶±à·à·à¶à¶»à¶«à¶º à¶à¶»à¶± à¶½à¶¯ (Refurbished) à¶·à·à¶«à·à¶© à¶ à¶´ à¶à¶ºà¶­à¶±à¶º à¶¸à¶à·à¶±à· à¶ à¶½à·à·à·à¶à¶»à¶±à· à¶±à·à¶½à·à¶¶à·."
Samsung Galaxy Tab A9 8GB 128GB,"Rs 49,990","Gampaha, Tablet",https://ikman.lk/en/ad/samsung-galaxy-tab-a9-8gb-128gb-for-sale-gampaha-38,SAMSUNG,,Used,"ORIGINAL SAMSUNG GALAXY A9 TABLET FOR SALE. TRCSL APPROVED. Dubai Imported / Authorized Agent's Warranty / Pre-owned THE LOWEST PRICE IN SRI LANKA! à·à·âà¶»à· à¶½à¶à¶à·à·à· à¶ à¶©à·à¶¸ à¶¸à·à¶½ à¶ à¶´à·à¶±à·! Cash Discounted Price: Rs.49,990/= 'KOKO Payments' à·à¶¸à¶à·à¶±à· à¶¸à·à· 6à¶à·à¶±à· à¶à·à·à¶±à·à¶± à¶à¶±à·à¶±! â­ï¸ 1 YEAR WARRANTY | à·à·à¶»à¶ à·à¶à¶à·à¶¸* *(à¶à·à¶±à·à¶¯à·à·à· à¶ à¶¯à·à· à·à·.)* ð´ 100% BRAND NEW CONDITION ð´ 100% WORKING CONDITION ð± 8.7 Inches High Resolution Display ð± 128GB Storage | 8GB RAM ð± Ultra Clear Super High Quality Camera ð± 5,100mAh Perfect Battery Capacity ð£ Real Pictures Attached. ð£ Exchange Possible. ð³ We Accept Credit Cards (VISA / MASTER / AMEX) & Bank Transfers ð³ We Accept 'KOKO Payments' (Buy Now, Pay Later!) ð à·à·à·à·à·à·à·à· à·à·à·à¶¸à·à¶»à· à·à¶§à·à¶§à¶¸à·! ð à¶à¶¶ à¶¯à·à¶±à¶§ à¶·à·à·à·à¶­à· à¶à¶»à¶± à¶¢à¶à¶à¶¸ à¶¯à·à¶»à¶à¶®à¶±à¶º à·à· à¶½à·à¶´à·à¶§à·à¶´à· à¶´à¶»à·à¶à¶«à¶à¶º à·à¶³à·à· à¶à·à· à¶¸ à·à·à¶°à·à¶»à¶« à¶¸à·à· à¶à· à¶ à¶´à·à¶±à·! ð à·à·âà¶»à· à¶½à¶à¶à·à·à· à¶à¶±à·à¶¸ à·à·à¶®à·à¶±à¶ºà¶à¶§ à¶à¶»à¶à·à·à·à¶­à· à¶à·à¶±à·à·à· à¶à¶­ à·à·à¶. à¶·à·à¶«à·âà¶©à¶º à¶à¶¶ à·à·à¶­ à¶½à·à¶¶à·à¶«à· à¶´à·à· à¶¸à·à¶¯à¶½à· à¶à·à·à¶±à·à¶±. Island-wide Cash On Delivery. ð à¶à·à· à¶¹ à·à· à¶à¶¸à·à¶´à· à¶¯à·à·à·à¶­à·âà¶»à·à¶à·à¶à¶ºà· à¶à¶±à·à¶¸ à·à·à¶®à·à¶±à¶ºà¶à¶§ à¶´à·à¶ºà¶à· à·à·à¶±à· à¶à·à¶§à· à¶à·à¶½à¶ºà¶à· à¶­à·à· à¶à·à¶±à·à·à· à¶à¶­ à·à·à¶. (Money-Back Guarantee) ââââââââââââââââââââ ðï¸ THE SMART HUB (PVT) LTD 139/E3, Kandy Road, Kadawatha. (à¶à¶©à·à¶­ à¶à¶½à¶»à· à¶½à¶ºà·à¶§à·à·à· à¶ à·à¶½, à¶¸à·à¶¢à¶± à¶¶à·à¶à¶à·à·à¶§ à¶ºà·à¶¶à¶¯ à¶à·à¶©à¶±à·à¶à·à¶½à·à¶½à· à¶à·à· à¶¸à·à· ) ð à·à·à¶¸ à¶¯à·à¶±à¶à¶¸ à¶à¶¯à·à·à¶± 09.00 à·à·à¶§ à¶»à·à¶­à·âà¶»à· 8.00 à¶¯à¶à·à·à· à·à·à·à·à¶­à¶ºà·. à·à·à¶à·: à¶à·à· à¶¹, à¶à¶©à·à¶­, à¶ºà¶à·à¶à¶½, à¶à·à¶½à·à¶½, à¶¸à·à¶­à¶» âââââââââââââââââââ à¶¸à·à¶¸ à¶¯à·à¶±à·à·à·à¶¸ à¶à¶¯à·à¶»à·à¶´à¶­à·à¶à¶» à·à·à·à·à·à·à·à· à¶¯à·à¶¸à¶±à·à· à¶½à¶¶à·à¶à¶±à·à¶±. à·à·à· à¶à·à¶º à¶ºà·à¶­à·à¶ºà·: à¶ à¶½à·à¶­à·à·à·à¶©à·à¶ºà· à¶à¶»à¶± à¶½à¶¯ (Repaired) à·à· à¶±à·à·à¶à¶»à¶«à¶º à¶à¶»à¶± à¶½à¶¯ (Refurbished) à¶·à·à¶«à·à¶© à¶ à¶´ à¶à¶ºà¶­à¶±à¶º à¶¸à¶à·à¶±à· à¶ à¶½à·à·à·à¶à¶»à¶±à· à¶±à·à¶½à·à¶¶à·."
Samsung Galaxy A9 Tablet,"Rs 51,000","Gampaha, Tablet",https://ikman.lk/en/ad/samsung-galaxy-a9-tablet-free-accessories-for-sale-gampaha,SAMSUNG,,Used,Samsung galaxy Tab + a keyboard (any colour) + mouse(any colour) + touch pen + earphones for free Used like brand new Perfect condition Nothing to worry about Super fast 2 week warranty Perfect battery life Still has the original changer 99% condition Phone à¶à¶à¶à· à¶à·à¶±à·à¶¸à¶§ à¶¸à·à¶¯à¶½à· à¶ à·à·à·âà¶º à¶±à·à·à· à·à·à¶à·à¶«à¶±à·à¶±à·
Samsung Galaxy A9 Tablet (Used),"Rs 30,000","Gampaha, Tablet",https://ikman.lk/en/ad/samsung-galaxy-a9-used-for-sale-gampaha-119,SAMSUNG,,Used,
Samsung Galaxy A6 32GB (Used),"Rs 52,000","Gampaha, Tablet",https://ikman.lk/en/ad/samsung-galaxy-a6-2016-used-for-sale-gampaha,SAMSUNG,,Used,"Original galaxy A6 tab Black titanium back Flashlight available only tempered glass broken ð¢ð¢(camera available front & back both)ð¢ð¢ tabs don't contain cams but this haveð¯ on/off switch 100% good condition volume high/low switch 100% good condition Height 10inch width 6inch wifi bluetooth Android can work with power point ð Highly recommend ð¯ can use to office works, university assiments. ð¢ SIM card cover and ð¢SD card can be placed. SIM card cover & SD card cover broken ð due to this reason price deduction done already Asscebility option available ð¥ screen timer available ð¥ alarms available ð¥ To watch movies, dramas, cartoons widely this is the best option ðð changing Cable available ð¯ call soon need to sell immediately ð¢ Price can be negotiate market price 58,000 due to the broken tempered glass and broken sim&sd cover we deduct the price. selling price 52,000"
Samsung Galaxy S6 Edge Lite Tablet,"Rs 55,000","Anuradhapura, Tablet",https://ikman.lk/en/ad/samsung-galaxy-s6-edge-lite-used-for-sale-anuradhapura,SAMSUNG,,Used,"Samsung Galaxy s6 lite tablet 2022 edition. 4gb Ram and 64gb storage. Used but in great condition. Touch screen fully works and works well with s pen. Good battery health, can last a whole day of work. Comes with a wireless Logitech pebble keyboard and mouse. With original box and case for free"
Samsung Galaxy Tab A9+ 5G,"Rs 75,000","Colombo, Tablet",https://ikman.lk/en/ad/samsung-galaxy-tab-a9-5g-8gb-ram-128gb-excellent-condition-for-sale-colombo,SAMSUNG,,Used,"ð¥ Samsung Galaxy Tab A9+ 5G | 8GB RAM | 128GB Storage ð¥ Looking for a powerful and reliable tablet? This Samsung Galaxy Tab A9+ 5G is in excellent condition and works perfectly. Smooth performance for work, online classes, entertainment, gaming, and everyday use. It has been used only for studying and online learning â 5G + Wi-Fi Connectivity â 8GB RAM | 128GB Storage â Large 11â FHD+ 90Hz Display â Powerful Snapdragon 695 Processor â Excellent Battery Life â Crystal Clear Display & Stereo Speakers â No Repairs | No Technical Issues â Factory Reset & Ready for the New Owner ð¯ Carefully used Reason for selling: Upgrading to a new device."
Samsung Galaxy Tablet S10 Plus 256GB WiFi Cellular 5G,"Rs 190,000","Colombo, Tablet",https://ikman.lk/en/ad/samsung-galaxy-tablet-s10-plus-256gb-wifi-cellular-5g-for-sale-colombo,SAMSUNG,,Used,Two months used Very good condition With original casing Galaxy Tab S10 with book cover keyboard slim A keyboard free of charge
Samsung Galaxy A7 Lite Tab (Used),"Rs 33,000","Galle, Tablet",https://ikman.lk/en/ad/samsung-galaxy-a7-lite-tab-used-for-sale-galle-2,SAMSUNG,,Used,à·à·à¶©à·à¶º use à¶à¶»à¶½ à¶±à· .à¶´à·à¶©à· à·à·à¶»à·à¶¸à¶à·à·à¶­à· à¶±à· condition 100%à¶à·à¶¸ à·à·à¶¯à¶ºà· ð
Samsung Galaxy Tab with S Pen,"Rs 80,000","Gampaha, Tablet",https://ikman.lk/en/ad/galaxy-tab-with-s-pen-for-sale-gampaha,SAMSUNG,,Used,"à·à·à¶¸ à¶ à¶­à·à¶±à·à¶¸ à¶ à· à·à¶­à· à·à·à¶¯à·à·à¶§à¶¸ à¶­à·à¶ºà·à¶±à·à· ð¯ð à¶à·à¶¸à·à¶´à·à· à¶à¶à· à·à·à¶© à·à¶½à¶§ à·à·à¶­à¶»à¶ºà· à¶´à·à·à·à¶ à·à¶ à· à¶à¶½à·. à¶¸à·à· 6à¶à· à·à·à¶­à¶». à¶à·à·à·à¶¸ à¶à·à¶§à· à·à·à¶à· à¶±à·. 4GB RAM | 128GB ROM Nano-SIM micro SDXC (dedicated slot) Li-Po 7040 mAh, non-removable Accelerometer, proximity, gyro Processor: Exynos 1380 With S PEN âï¸ à¶à¶à·à¶± à¶à¶±à·à¶± à¶à·à¶±à·à¶à·à¶§, à¶à·à·à·à¶à· à¶©à·à·à¶ºà·à¶±à· à¶à¶»à¶± à¶à·à¶±à·à¶à·à¶§ à¶à¶­à· à·à·à¶¯à·à·à·à¶ºà·. ð¯ð"
Samsung Galaxy Tab 4,"Rs 5,000","Badulla, Tablet",https://ikman.lk/en/ad/samsung-for-sale-badulla-66,SAMSUNG,,Used,
SAMSUNG A9 TAB 4GB RAM 64GB,"Rs 30,490","Colombo, Tablet",https://ikman.lk/en/ad/samsung-a9-tab-4gb-ram-64gb-for-sale-colombo,SAMSUNG,,Used,"Use ORIGINAL SAMSUNG GALAXY TAB A9 phone for Sale ð¥ à¶ à¶©à· à¶¸ à¶¸à·à· à¶§ à¶ à¶´à·à¶±à· ð¤³ â¤ï¸BACK COVER FREE â Full set with Box â 4GB RAM â 64GB storage â ï¸4G â 5000mAh Battery â­ Real Pictures Attached ð¯ â­No errors ð¤ ð à¶à·à·à·à¶¸à· à¶à·à¶»à·à¶¸à·à¶±à· à¶´à·à· à·à·âà¶»à· à¶½à¶à¶à·à·à· à¶à¶±à·à¶¸ à·à·à¶®à·à¶±à¶ºà¶à¶§ à¶´à·à¶º 24à¶à· à¶­à·à· à¶à·à¶±à·à·à· à¶à¶­ à·à·à¶. ð Bank Deposit/Transfer à¶¸à¶à·à¶±à· à¶à·à·à·à¶¸à· à¶à· à·à·à¶. ðà¶à·à·à·à¶¸ à¶­à¶­à·à¶­à·à·à¶ºà· à¶¢à¶à¶à¶¸ à¶¯à·à¶»à¶à¶®à¶± à·à·à¶à·à¶«à·à¶¸, à¶¸à·à· à¶¯à· à¶à·à¶±à·à¶¸ à·à¶³à·à· à·à·à·à·à·à·à·à¶ºà·à¶±à· à¶´à·à¶º à¶±à¶à¶±à·à¶±.ð¤ âââââââââââââââââââââââ ð HP TECHNOLOGIES 406/9, Malabe Road, Kaduwela. (à¶à¶©à·à·à·à¶½ à¶¸à· à¶±à¶à¶» à·à¶·à·à·à¶§ à¶ºà·à¶¶à¶¯ Pussella Meat Shop à¶à·à¶©à¶±à·à¶à·à¶½à·à¶½à· à¶à·à· à¶¸à·à· ) ð à·à·à¶¸ à¶¯à·à¶±à¶à¶¸ à¶à¶¯à·à·à¶± 09.00 à·à·à¶§ à¶»à·à¶­à·âà¶»à· 7.00 à¶¯à¶à·à·à· à·à·à·à·à¶­à¶ºà·. âââââââââââââââââââââââ"
Samsung Galaxy Tab A9+ 5G (Used),"Rs 75,000","Colombo, Tablet",https://ikman.lk/en/ad/samsung-galaxy-a9-tab-a9-5g-used-for-sale-colombo-1,SAMSUNG,,Used,Samsung Galaxy TAB A9+ 5G TRCSL Approved Memory - 128GB 8GB RAM Only 2 months Used No any Single Scratch With Original Box and Cable Including Foldable Cover and Tempered Glass
Samsung Galaxy Tab S10 FE 8GB 128GB,"Rs 124,990","Colombo, Tablet",https://ikman.lk/en/ad/samsung-galaxy-tab-s10-fe-8gb-128gb-for-sale-colombo-147,SAMSUNG,,Brand New,"Get Your New Model Samsung Galaxy Tab S10 FE WiFI 8GB 128GB Special Discount Price and Up to 25% Discount For Accessories ð¤©ð¤©ð¤© Hurry Up Limited Stocks Available..... ð· ONE YEAR DEALER WARRANTY ð· GENUINE PRODUCTS ð· ORGINAL SEAL PACK ð·CARD PAYMENT ACCEPTED ð· Instalment Plan for Selected Credit Card Holders.. 6 Months 12 Months 24 Months Available ð· Dear Customers Visit Our Showroom Will Give Special Discount for Complete Package ð· Price maybe Differ Please Contact Us Before Purchase ð·Important Pricing Note âââ Smart phone purchases must include a Adapter , Tempered Glass & Back cover Our Listed prices Apply only when you are buying the Complete Device Package..( Mobile Accessories, Warranty) This policy ensures fair pricing for all individual customers and helps avoid bulk / wholesale misuse à¶à¶¶à¶à· Samsung Galaxy Tab S10 FE WiFI 8GB 128GB à¶½à¶¶à·à¶à¶±à·à¶±... à·à¶§à·à¶§à¶¸à· à·à·à·à¶­ à·à·à·à·à· à¶¸à·à¶½ à·à· à¶ à¶¸à¶­à¶» à¶à¶´à·à¶à¶ à·à¶¯à·à· 25% à·à¶§à·à¶§à¶¸à¶à· ð¤©ð¤©ð¤© à¶­à·à¶ à·à·à¶¸à·à¶­à¶ºà· â¼ï¸à¶à¶à·à¶¸à¶±à· à¶à¶»à¶±à·à¶±.......... ð· à¶ à·à·à¶»à·à¶¯à·à¶¯à¶ à·à¶à¶à·à¶¸ ð· à¶à·à¶©à·à¶´à¶­à· à·à¶½à·à¶±à· à¶à·à·à·à¶¸à· à¶à·âà¶»à¶¸à¶º ð· à¶´à·à·à· à¶à·à·à·à¶¸à· à¶­à·à¶»à·à¶à¶­à· à¶«à¶º à¶à·à¶©à·à¶´à¶­à· (Credit Card) à·à¶½à¶§, *à¶¸à·à· -6 *à¶¸à·à· -12 *à¶¸à·à· -24 ð·à·à·à¶à·à¶«à·à¶¸à· à¶¸à·à¶½ à·à·à¶±à·à· à·à·à¶º à·à·à¶à· à¶¶à·à·à·à¶±à· à¶´à·à¶¸à·à¶«à·à¶¸à¶§ à¶´à·à¶» à¶ à¶´à· à¶¯à·à¶»à¶à¶®à¶±à¶ºà·à¶±à· à·à¶¸à·à¶¶à¶±à·à¶¯ à¶à¶»à¶±à·à¶±.. ðà¶¶à·à¶¯à·à·à·à¶»à·à¶¸à· à¶´à·à·à·à¶à¶¸à· ð· à·à·à¶¸à·à¶»à·à¶§à· à¶¯à·à¶»à¶à¶®à¶±à¶ºà¶à· à¶¸à·à¶½à¶¯à· à¶à·à¶±à·à¶¸à·à¶¯à· à¶´à·à¶­ à·à¶³à·à¶±à· à¶à¶´à·à¶à¶ à¶ à¶±à·à·à·à¶»à·à¶ºà¶ºà·à¶±à·à¶¸ à·à¶¸à¶ à¶¸à·à¶½à¶¯à· à¶à¶­ à¶ºà·à¶­à·à¶º: à¶à¶©à·à¶´à·à¶§à¶»à¶ºà¶à· (Adapter) à¶§à·à¶¸à·à¶´à¶»à·à¶©à· à¶à·à¶½à·à·à· (Tempered Glass) à¶¶à·à¶à· à¶à·à¶»à· à¶à¶à¶à· (Back Cover) à¶ à¶´ à·à·à·à·à¶±à· à¶´à·âà¶»à¶¯à¶»à·à·à¶±à¶º à¶à¶» à¶à¶­à· à¶¸à·à¶½ à¶à¶«à¶±à· à·à¶½à¶à¶à· à·à¶±à·à¶±à· à·à¶¸à·à¶´à·à¶»à·à¶« à¶à¶´à·à¶à¶ à¶´à·à¶à·à¶¢à¶º (à¶¢à¶à¶à¶¸ à¶¯à·à¶»à¶à¶®à¶±à¶º, à¶à¶´à·à¶à¶ à·à· à·à¶à¶à·à¶¸) à·à¶¸à¶ à¶¸à·à¶½à¶¯à· à¶à¶±à·à¶±à· à¶´à·à¶»à·à¶·à·à¶à·à¶à¶ºà¶±à· à·à¶³à·à· à¶´à¶¸à¶«à·. à¶¸à·à¶¸ à¶´à·âà¶»à¶­à·à¶´à¶­à·à¶­à·à¶º à·à·à¶ºà¶½à·à¶¸ à¶­à¶±à· à¶´à·à¶»à·à¶·à·à¶à·à¶à¶ºà¶±à·à¶§ à·à·à¶°à·à¶»à¶« à¶¸à·à¶½ à¶à¶«à¶±à· à¶½à¶¶à·à¶¯à·à¶¸ à·à· à¶­à·à¶/à¶±à·à·à¶­ à·à·à¶à·à¶«à·à¶¸ à·à¶³à·à· à·à·à¶¯à·à¶à¶»à¶± à¶¸à·à¶½à¶¯à· à¶à·à¶±à·à¶¸à· à·à·à· à·à¶à·à·à·à¶¸ à·à¶³à·à· à¶à·âà¶»à·à¶ºà·à¶­à·à¶¸à¶ à¶à¶» à¶à¶­. ð¬à¶ à¶à¶, 250/1/36, à¶´à· à¶¸à· à¶¸à·à¶½, Liberty Plaza, Colombo 03. NO, 250/1/36, First Floor, Liberty Plaza, Colombo 03."
Samsung A9+ Tab,"Rs 47,000","Colombo, Tablet",https://ikman.lk/en/ad/samsung-a9-tab-for-sale-colombo-9,SAMSUNG,,Used,Capacity 64Gb Ram 4GB No scratches no issues Full Box Silver Color Koko Pay Available
Samsung Tab S7 5G,"Rs 68,500","Colombo, Tablet",https://ikman.lk/en/ad/samsung-tab-s7-5g-for-sale-colombo,SAMSUNG,,Used,Samsung Tab S7 5G Black Unit Only Working condition 6GB Ram 128GB storage Super Amoled Display
Samsung Galaxy S10 Lite 8GB 256GB,"Rs 124,990","Colombo, Tablet",https://ikman.lk/en/ad/samsung-galaxy-s10-lite-8gb-256gb-for-sale-colombo-133,SAMSUNG,,Used,
Samsung S6 Lite,"Rs 65,000","Badulla, Tablet",https://ikman.lk/en/ad/samsung-for-sale-badulla-65,SAMSUNG,,Used,"Description Selling Samsung Galaxy Tab $6 Lite LTE (4G) 64GB with 4GB RAM in excellent condition. This device has been lightly used only for note taking and studying, with no heavy gaming or intensive usage. It comes with the original s Pen, charging cable, and a tempered glass screen protector already applied Everything is fully functional and well maintained, making it look and perform almost like new. ldeal for students or anyone looking for a smooth and reliable tablet for work, study, or everyday use. contact me"
Samsung Galaxy Tab A07 Light,"Rs 13,500","Vavuniya, Tablet",https://ikman.lk/en/ad/a07-light-for-sale-vavuniya,SAMSUNG,,Used,
Samsung Tab A6 (Used),"Rs 7,500","Galle, Tablet",https://ikman.lk/en/ad/samsung-tab-a6-used-for-sale-galle,SAMSUNG,,Used,Samsing tab A6 good conditon call or whats app
Samsung Galaxy Tab S10 FE 8GB 128GB,"Rs 124,990","Colombo, Tablet",https://ikman.lk/en/ad/samsung-galaxy-tab-s10-fe-8gb-128gb-for-sale-colombo-147,SAMSUNG,,Brand New,"Get Your New Model Samsung Galaxy Tab S10 FE WiFI 8GB 128GB Special Discount Price and Up to 25% Discount For Accessories ð¤©ð¤©ð¤© Hurry Up Limited Stocks Available..... ð· ONE YEAR DEALER WARRANTY ð· GENUINE PRODUCTS ð· ORGINAL SEAL PACK ð·CARD PAYMENT ACCEPTED ð· Instalment Plan for Selected Credit Card Holders.. 6 Months 12 Months 24 Months Available ð· Dear Customers Visit Our Showroom Will Give Special Discount for Complete Package ð· Price maybe Differ Please Contact Us Before Purchase ð·Important Pricing Note âââ Smart phone purchases must include a Adapter , Tempered Glass & Back cover Our Listed prices Apply only when you are buying the Complete Device Package..( Mobile Accessories, Warranty) This policy ensures fair pricing for all individual customers and helps avoid bulk / wholesale misuse à¶à¶¶à¶à· Samsung Galaxy Tab S10 FE WiFI 8GB 128GB à¶½à¶¶à·à¶à¶±à·à¶±... à·à¶§à·à¶§à¶¸à· à·à·à·à¶­ à·à·à·à·à· à¶¸à·à¶½ à·à· à¶ à¶¸à¶­à¶» à¶à¶´à·à¶à¶ à·à¶¯à·à· 25% à·à¶§à·à¶§à¶¸à¶à· ð¤©ð¤©ð¤© à¶­à·à¶ à·à·à¶¸à·à¶­à¶ºà· â¼ï¸à¶à¶à·à¶¸à¶±à· à¶à¶»à¶±à·à¶±.......... ð· à¶ à·à·à¶»à·à¶¯à·à¶¯à¶ à·à¶à¶à·à¶¸ ð· à¶à·à¶©à·à¶´à¶­à· à·à¶½à·à¶±à· à¶à·à·à·à¶¸à· à¶à·âà¶»à¶¸à¶º ð· à¶´à·à·à· à¶à·à·à·à¶¸à· à¶­à·à¶»à·à¶à¶­à· à¶«à¶º à¶à·à¶©à·à¶´à¶­à· (Credit Card) à·à¶½à¶§, *à¶¸à·à· -6 *à¶¸à·à· -12 *à¶¸à·à· -24 ð·à·à·à¶à·à¶«à·à¶¸à· à¶¸à·à¶½ à·à·à¶±à·à· à·à·à¶º à·à·à¶à· à¶¶à·à·à·à¶±à· à¶´à·à¶¸à·à¶«à·à¶¸à¶§ à¶´à·à¶» à¶ à¶´à· à¶¯à·à¶»à¶à¶®à¶±à¶ºà·à¶±à· à·à¶¸à·à¶¶à¶±à·à¶¯ à¶à¶»à¶±à·à¶±.. ðà¶¶à·à¶¯à·à·à·à¶»à·à¶¸à· à¶´à·à·à·à¶à¶¸à· ð· à·à·à¶¸à·à¶»à·à¶§à· à¶¯à·à¶»à¶à¶®à¶±à¶ºà¶à· à¶¸à·à¶½à¶¯à· à¶à·à¶±à·à¶¸à·à¶¯à· à¶´à·à¶­ à·à¶³à·à¶±à· à¶à¶´à·à¶à¶ à¶ à¶±à·à·à·à¶»à·à¶ºà¶ºà·à¶±à·à¶¸ à·à¶¸à¶ à¶¸à·à¶½à¶¯à· à¶à¶­ à¶ºà·à¶­à·à¶º: à¶à¶©à·à¶´à·à¶§à¶»à¶ºà¶à· (Adapter) à¶§à·à¶¸à·à¶´à¶»à·à¶©à· à¶à·à¶½à·à·à· (Tempered Glass) à¶¶à·à¶à· à¶à·à¶»à· à¶à¶à¶à· (Back Cover) à¶ à¶´ à·à·à·à·à¶±à· à¶´à·âà¶»à¶¯à¶»à·à·à¶±à¶º à¶à¶» à¶à¶­à· à¶¸à·à¶½ à¶à¶«à¶±à· à·à¶½à¶à¶à· à·à¶±à·à¶±à· à·à¶¸à·à¶´à·à¶»à·à¶« à¶à¶´à·à¶à¶ à¶´à·à¶à·à¶¢à¶º (à¶¢à¶à¶à¶¸ à¶¯à·à¶»à¶à¶®à¶±à¶º, à¶à¶´à·à¶à¶ à·à· à·à¶à¶à·à¶¸) à·à¶¸à¶ à¶¸à·à¶½à¶¯à· à¶à¶±à·à¶±à· à¶´à·à¶»à·à¶·à·à¶à·à¶à¶ºà¶±à· à·à¶³à·à· à¶´à¶¸à¶«à·. à¶¸à·à¶¸ à¶´à·âà¶»à¶­à·à¶´à¶­à·à¶­à·à¶º à·à·à¶ºà¶½à·à¶¸ à¶­à¶±à· à¶´à·à¶»à·à¶·à·à¶à·à¶à¶ºà¶±à·à¶§ à·à·à¶°à·à¶»à¶« à¶¸à·à¶½ à¶à¶«à¶±à· à¶½à¶¶à·à¶¯à·à¶¸ à·à· à¶­à·à¶/à¶±à·à·à¶­ à·à·à¶à·à¶«à·à¶¸ à·à¶³à·à· à·à·à¶¯à·à¶à¶»à¶± à¶¸à·à¶½à¶¯à· à¶à·à¶±à·à¶¸à· à·à·à· à·à¶à·à·à·à¶¸ à·à¶³à·à· à¶à·âà¶»à·à¶ºà·à¶­à·à¶¸à¶ à¶à¶» à¶à¶­. ð¬à¶ à¶à¶, 250/1/36, à¶´à· à¶¸à· à¶¸à·à¶½, Liberty Plaza, Colombo 03. NO, 250/1/36, First Floor, Liberty Plaza, Colombo 03."
Samsung Galaxy Tab S10 FE 8GB 128GB,"Rs 124,990","Colombo, Tablet",https://ikman.lk/en/ad/samsung-galaxy-tab-s10-fe-8gb-128gb-for-sale-colombo-147,SAMSUNG,,Brand New,
Samsung Galaxy Tab S10 FE 8GB 128GB,"Rs 124,990","Colombo, Tablet",https://ikman.lk/en/ad/samsung-galaxy-tab-s10-fe-8gb-128gb-for-sale-colombo-147,SAMSUNG,,Brand New,
