brand,model,variant,model_year,mean,median,min,max,observed_count
Audi,A1,1.0 TFSI S Tronic,2017,8650000,8650000,8650000,8650000,1
Audi,A1,Highest Spec,2016,8200000,8200000,8200000,8200000,1
Audi,A1,SportBack,2017,8490000,8490000,8490000,8490000,1
Audi,A1,Standard,2016,8336944,8325000,7500000,9500000,18
Audi,A1,Standard,2017,8992857,9000000,8700000,9500000,7
Audi,A1,TFSI,2016,8700000,8700000,8700000,8700000,1
Audi,A1,TFSI,2017,8930000,8950000,8590000,9250000,3
Audi,A3,Advance,2024,17220000,17220000,15850000,18590000,2
Audi,A3,Advance Pack,2024,15500000,15500000,15500000,15500000,1
Audi,A3,Advance Sportback,2023,16500000,16500000,16500000,16500000,2
Audi,A3,S Line,2018,11200000,11200000,11200000,11200000,1
Audi,A3,S Line,2019,16900000,16900000,16900000,16900000,1
Audi,A3,S Line HSpec,2024,22500000,22500000,22500000,22500000,1
Audi,A3,S Line Highest Spec,2024,21500000,21500000,21500000,21500000,1
Audi,A3,S-Line,2018,14625000,14625000,14600000,14650000,2
Audi,A3,S-Line,2024,20900000,20900000,20900000,20900000,1
Audi,A3,SEDAN,2018,14375000,14375000,14375000,14375000,1
Audi,A3,SLINE,2019,14850000,14850000,14850000,14850000,1
Audi,A3,SPORTBACK,2018,11800000,11800000,11800000,11800000,1
Audi,A3,Sedan,2023,18500000,18500000,17500000,19500000,2
Audi,A3,Sline,2018,14975000,14975000,14975000,14975000,1
Audi,A3,Sportback,2017,11450000,11450000,11450000,11450000,1
Audi,A3,Sportback,2018,11450000,11450000,11450000,11450000,1
Audi,A3,Sportback,2023,15200000,15200000,15200000,15200000,1
Audi,A3,Sportback S Line,2018,12200000,12200000,12200000,12200000,1
Audi,A3,Sportsback,2023,15600000,15600000,15600000,15600000,1
Audi,A3,Sportsback Signature,2024,17650000,17650000,17650000,17650000,1
Audi,A3,Standard,2016,12150000,12000000,11700000,12750000,3
Audi,A3,Standard,2017,12316667,12750000,11400000,12800000,3
Audi,A3,Standard,2018,13604706,14000000,10500000,16200000,17
Audi,A3,Standard,2019,14475000,14475000,14000000,14950000,2
Audi,A3,Standard,2023,18250000,18500000,16450000,19250000,5
Audi,A3,Standard,2024,22000000,22000000,22000000,22000000,1
Audi,A3,TFSI S Line Sport Back,2024,18950000,18950000,18950000,18950000,1
Audi,A3,Urban Style,2023,19175000,19175000,19000000,19350000,2
Audi,A4,1.8L TFSI,2011,9200000,9200000,9200000,9200000,1
Audi,A4,30 TFSI,2018,19000000,19000000,19000000,19000000,1
Audi,A4,B5 S LINE,1999,5850000,5850000,5850000,5850000,1
Audi,A4,B8,2011,11475000,11475000,11475000,11475000,1
Audi,A4,B8.5,2012,14500000,14500000,14500000,14500000,1
Audi,A4,RS4 Bodykit,2011,10900000,10900000,10900000,10900000,1
Audi,A4,S-Line,2018,19500000,19500000,19500000,19500000,1
Audi,A4,Saloon Sports,2018,17900000,17900000,17900000,17900000,1
Audi,A4,Sline,2018,15600000,15600000,15600000,15600000,1
Audi,A4,Standard,1999,3572500,3572500,2845000,4300000,2
Audi,A4,Standard,2010,10825000,11475000,9500000,11500000,3
Audi,A4,Standard,2011,10808333,10600000,9550000,11800000,6
Audi,A4,Standard,2012,11150000,11200000,9800000,12800000,7
Audi,A4,Standard,2018,16787500,16500000,14800000,19500000,8
Audi,A5,Coupe,2018,22000000,22000000,22000000,22000000,1
Audi,A5,Fully Modified RS5,2019,25150000,25150000,25150000,25150000,1
Audi,A5,S Line,2018,22500000,22500000,22500000,22500000,1
Audi,A5,S Line,2019,26000000,26000000,26000000,26000000,1
Audi,A5,S-line,2019,25000000,25000000,25000000,25000000,1
Audi,A5,Sline,2018,21200000,21200000,21200000,21200000,1
Audi,A5,Standard,2018,20166667,19500000,18500000,22500000,3
Audi,A5,Standard,2019,22800000,22800000,22800000,22800000,1
Audi,A5,TFSI Highest Spec,2018,19850000,19850000,19850000,19850000,1
Audi,A6,1.8L TFSI,2016,18500000,18500000,18500000,18500000,1
Audi,A6,Matrix 2.0L Imported,2011,13500000,13500000,13500000,13500000,1
Audi,A6,Standard,2006,9225000,9775000,8000000,9900000,3
Audi,A6,Standard,2011,14766667,15800000,12500000,16000000,3
Audi,A6,Standard,2013,12795833,14750000,2675000,16200000,6
Audi,A6,Standard,2016,15550000,15550000,15200000,15900000,2
Audi,A8,3.0L Straight,2016,24000000,24000000,24000000,24000000,1
Audi,A8,3.0L TFSI,2016,37000000,37000000,37000000,37000000,1
Audi,A8,LWB Straight,2016,24500000,24500000,24500000,24500000,1
BMW,316i,Standard,2015,15983333,16000000,15750000,16200000,3
BMW,318i,Luxury Line,2016,17050000,17050000,16600000,17500000,2
BMW,318i,M Sport,2017,18500000,18500000,18500000,18500000,1
BMW,318i,M Sport,2018,18000000,18000000,18000000,18000000,1
BMW,318i,M Sport Aus Spec,2018,20500000,20500000,20500000,20500000,1
BMW,318i,M Sport Australian Spec,2018,19900000,19900000,19900000,19900000,2
BMW,318i,M-Sport,2018,19000000,19000000,18500000,19500000,2
BMW,318i,MSport,2016,17450000,17450000,17450000,17450000,1
BMW,318i,Msport,2017,19150000,19150000,17800000,20500000,2
BMW,318i,Sport Line,2016,17100000,17100000,17100000,17100000,1
BMW,318i,Standard,2016,18400000,18150000,17800000,19500000,4
BMW,318i,Standard,2017,18447500,18400000,17190000,19800000,4
BMW,318i,Standard,2018,19540000,19750000,16900000,21500000,10
BMW,320D,E46,2000,7000000,7000000,7000000,7000000,1
BMW,320D,Standard,2000,4250000,4250000,1500000,7000000,2
BMW,320D,Standard,2011,10528571,12000000,1250000,13000000,7
BMW,320i,Standard,2011,8233333,11000000,2200000,11500000,3
BMW,520D,3 Option,2013,19850000,19850000,19850000,19850000,1
BMW,520D,3 Options,2013,21000000,21000000,21000000,21000000,1
BMW,520D,5 Series,2013,19800000,19800000,19800000,19800000,1
BMW,520D,F10,2014,23500000,23500000,23500000,23500000,1
BMW,520D,F10 Msport,2015,27500000,27500000,27500000,27500000,1
BMW,520D,GT,2013,21000000,21000000,21000000,21000000,1
BMW,520D,M SPORT,2015,28750000,28750000,28750000,28750000,1
BMW,520D,M Sport,2012,19200000,19400000,18700000,19500000,3
BMW,520D,M Sport,2013,24500000,24500000,24500000,24500000,1
BMW,520D,M Sport,2015,28700000,28700000,28700000,28700000,1
BMW,520D,Standard,2012,18302941,18500000,14750000,22000000,17
BMW,520D,Standard,2013,19524167,19075000,16600000,23500000,12
BMW,520D,Standard,2014,23500000,24000000,21000000,25000000,4
BMW,520D,Standard,2015,24675000,24175000,20850000,29500000,4
BMW,520D,Standard,2016,25991667,25450000,24800000,29500000,6
BMW,520I,Standard,2012,15133333,15100000,13900000,16400000,3
BMW,523i,E60 LCI,2007,12500000,12500000,12500000,12500000,1
BMW,523i,E60 M Sport,2007,13500000,13500000,13500000,13500000,1
BMW,523i,F10,2010,17100000,17100000,16200000,18000000,2
BMW,523i,Luxury Line Modified,2007,11500000,11500000,11500000,11500000,1
BMW,523i,Luxury Line Prestige,2010,14500000,14500000,14500000,14500000,1
BMW,523i,M Sport,2010,18500000,18500000,18500000,18500000,1
BMW,523i,Stage 1 270hp M5 Kitted,2010,17500000,17500000,17500000,17500000,1
BMW,523i,Standard,2007,12500000,12500000,12500000,12500000,1
BMW,523i,Standard,2010,18000000,18000000,18000000,18000000,1
BMW,528i,2.0L Turbo,2011,18500000,18500000,18500000,18500000,1
BMW,528i,Standard,2011,17000000,17000000,16500000,17500000,2
BMW,530E,Individual Spec,2017,27000000,27000000,27000000,27000000,1
BMW,530E,M Sport,2017,26500000,26500000,26500000,26500000,1
BMW,530E,M Sport Individual Spec,2017,29800000,29800000,29800000,29800000,1
BMW,530e,G30 Msport,2017,28700000,28700000,28700000,28700000,1
BMW,530e,M Sport,2017,26000000,26000000,26000000,26000000,1
BMW,530e,M Sport,2018,25000000,25000000,25000000,25000000,1
BMW,530e,MSport,2017,28500000,28500000,28500000,28500000,1
BMW,530e,Standard,2017,30000000,30000000,29000000,31000000,2
BMW,530e,Standard,2018,24250000,24250000,23500000,25000000,2
BMW,740e,IPerformance M-Sport,2018,32500000,32500000,32500000,32500000,1
BMW,740e,Individual Spec,2018,34500000,34500000,34500000,34500000,1
BMW,740e,Standard,2018,31466667,29900000,29500000,35000000,3
BMW,I8,Roadster,2019,45000000,45000000,45000000,45000000,1
BMW,I8,Standard,2019,37000000,37000000,36500000,37500000,2
Daihatsu,Boon,Passo,2017,7200000,7200000,7200000,7200000,1
Daihatsu,Boon,Standard,2017,7322500,7322500,7250000,7395000,2
Daihatsu,Cast,Standard,2017,6420000,6400000,5990000,6890000,4
Daihatsu,Charade,Standard,1998,2541667,2975000,1250000,3400000,3
Daihatsu,MIRA,EIS G SA3 ANNIVERSARY EDITION,2026,8195000,8195000,8195000,8195000,1
Daihatsu,MIRA,EIS G SA3 ANNIVERSARY MODELISTA EDITION,2026,8195000,8195000,8195000,8195000,1
Daihatsu,MIRA,EIS-G- Grade,2026,8275000,8275000,8275000,8275000,1
Daihatsu,MIRA,ES G,2025,7690000,7690000,7690000,7690000,1
Daihatsu,MIRA,ES L SA3,2023,6650000,6650000,6650000,6650000,1
Daihatsu,MIRA,ES X,2026,7390000,7390000,7390000,7390000,1
Daihatsu,MIRA,ES X LIMITED,2024,7350000,7350000,7350000,7350000,1
Daihatsu,MIRA,ESXSA III SMART ASSIST 3,2025,7300000,7300000,7300000,7300000,1
Daihatsu,MIRA,G,2024,7775000,7775000,7775000,7775000,1
Daihatsu,MIRA,G,2026,7990000,7990000,7990000,7990000,1
Daihatsu,MIRA,G GRADE G SA3,2026,7650000,7650000,7650000,7650000,1
Daihatsu,MIRA,G Grade,2025,7775000,7775000,7775000,7775000,1
Daihatsu,MIRA,G LIMITED,2024,7680000,7750000,7490000,7800000,3
Daihatsu,MIRA,L GRADE SAFETY,2025,6890000,6890000,6890000,6890000,1
Daihatsu,MIRA,L SAIII,2023,6590000,6590000,6590000,6590000,1
Daihatsu,MIRA,Standard,2024,6850000,6850000,6850000,6850000,1
Daihatsu,MIRA,Standard,2025,6650000,6650000,6650000,6650000,1
Daihatsu,MIRA,X,2024,6950000,6950000,6950000,6950000,1
Daihatsu,MIRA,X LIMITED,2023,6775000,6775000,6775000,6775000,1
Daihatsu,MIRA,X LIMITED,2025,7222500,7200000,7100000,7390000,4
Daihatsu,MIRA,X LIMITED SAFETY,2025,7390000,7390000,7390000,7390000,1
Daihatsu,MIRA,X SA3,2026,7350000,7350000,7350000,7350000,1
Daihatsu,Mira,ES,2025,6805000,6720000,6495000,7285000,4
Daihatsu,Mira,ES CBL-,2016,5490000,5490000,5490000,5490000,1
Daihatsu,Mira,ES G,2018,5775000,5775000,5775000,5775000,1
Daihatsu,Mira,ES G,2025,7600000,7600000,7600000,7600000,1
Daihatsu,Mira,ES G Grade,2024,7495000,7495000,7495000,7495000,1
Daihatsu,Mira,ES G Grade,2025,7850000,7850000,7850000,7850000,1
Daihatsu,Mira,ES G Grade,2026,7250000,7250000,7250000,7250000,1
Daihatsu,Mira,ES G Highest Spec,2024,7750000,7750000,7750000,7750000,1
Daihatsu,Mira,ES L GRADE,2024,6650000,6650000,6650000,6650000,1
Daihatsu,Mira,ES L Grade,2024,6950000,6950000,6950000,6950000,1
Daihatsu,Mira,ES L Limited,2024,6890000,6890000,6890000,6890000,1
Daihatsu,Mira,ES L SA3,2024,6750000,6700000,6650000,6900000,3
Daihatsu,Mira,ES L SA3,2025,6650000,6650000,6650000,6650000,1
Daihatsu,Mira,ES SA 3 Safety,2023,6675000,6675000,6675000,6675000,1
Daihatsu,Mira,ES SA3 L Grade,2026,6890000,6890000,6890000,6890000,1
Daihatsu,Mira,ES Safety L Grade,2024,6975000,6975000,6975000,6975000,1
Daihatsu,Mira,ES X Limited,2023,6990000,6990000,6990000,6990000,1
Daihatsu,Mira,ES X Limited LED Safety,2025,7275000,7275000,7275000,7275000,1
Daihatsu,Mira,ES XSA3,2024,6850000,6850000,6850000,6850000,1
Daihatsu,Mira,ESXSA III,2025,7300000,7300000,7300000,7300000,1
Daihatsu,Mira,ESXSA3,2024,7100000,7100000,7100000,7100000,1
Daihatsu,Mira,ESXSA3,2025,7350000,7350000,7350000,7350000,1
Daihatsu,Mira,Es,2017,5860000,5860000,5860000,5860000,1
Daihatsu,Mira,Es,2024,6932500,6932500,6890000,6975000,2
Daihatsu,Mira,Es G,2025,7350000,7350000,7350000,7350000,1
Daihatsu,Mira,Es G Grade,2023,7200000,7200000,7200000,7200000,1
Daihatsu,Mira,Es G Grade,2025,7750000,7750000,7750000,7750000,1
Daihatsu,Mira,Es L Grade,2024,6890000,6890000,6890000,6890000,1
Daihatsu,Mira,Es L Safety,2023,6495000,6495000,6495000,6495000,1
Daihatsu,Mira,Es L Sefty,2025,6790000,6790000,6790000,6790000,1
Daihatsu,Mira,Es SA3 X,2025,7250000,7250000,7250000,7250000,1
Daihatsu,Mira,Es Safety,2018,5875000,5875000,5875000,5875000,1
Daihatsu,Mira,Es X,2025,7250000,7250000,7250000,7250000,2
Daihatsu,Mira,Es X GRADE,2025,7490000,7490000,7490000,7490000,1
Daihatsu,Mira,Es X Grade,2025,7250000,7250000,7250000,7250000,1
Daihatsu,Mira,G,2024,7350000,7350000,7250000,7450000,2
Daihatsu,Mira,G,2025,7912500,7912500,7800000,8025000,2
Daihatsu,Mira,G,2026,7882500,7882500,7790000,7975000,2
Daihatsu,Mira,G ES,2026,7990000,7990000,7990000,7990000,1
Daihatsu,Mira,G Es GSA Lll,2025,7790000,7790000,7790000,7790000,1
Daihatsu,Mira,G GRADE,2024,7590000,7590000,7590000,7590000,1
Daihatsu,Mira,G GRADE,2026,7990000,7990000,7990000,7990000,1
Daihatsu,Mira,G GRADE SAFETY,2026,8090000,8090000,8090000,8090000,1
Daihatsu,Mira,G Grade,2024,7550000,7550000,7350000,7750000,2
Daihatsu,Mira,G Grade,2025,7811667,7787500,7550000,8100000,6
Daihatsu,Mira,G Grade,2026,7961250,7900000,7695000,8350000,4
Daihatsu,Mira,G Grde And L Grade,2025,7580000,7580000,7580000,7580000,1
Daihatsu,Mira,G Highest Spec,2024,7750000,7750000,7750000,7750000,1
Daihatsu,Mira,G LIMITED SA3,2024,7850000,7850000,7850000,7850000,1
Daihatsu,Mira,G SA 3,2026,7937500,7937500,7900000,7975000,2
Daihatsu,Mira,G SA III,2025,7712500,7712500,7575000,7850000,2
Daihatsu,Mira,G SA III,2026,7895000,7895000,7895000,7895000,1
Daihatsu,Mira,G SA3,2026,8100000,8100000,8100000,8100000,1
Daihatsu,Mira,L,2024,6925000,6925000,6500000,7350000,2
Daihatsu,Mira,L,2025,6825000,6800000,6650000,7050000,4
Daihatsu,Mira,L GRADE SAFETY,2024,6950000,6950000,6950000,6950000,1
Daihatsu,Mira,L GRADE SAFETY,2025,6943333,6950000,6890000,6990000,3
Daihatsu,Mira,L Grade,2024,7041667,7100000,6900000,7125000,3
Daihatsu,Mira,L Grade,2025,6976429,6990000,6650000,7250000,7
Daihatsu,Mira,L Grade 6AA,2025,7050000,7050000,7050000,7050000,1
Daihatsu,Mira,L Grade Pre-Order,2025,7000000,7000000,7000000,7000000,1
Daihatsu,Mira,L Grade Safety,2024,6975000,6975000,6975000,6975000,1
Daihatsu,Mira,L Grade Safety,2026,6895000,6895000,6895000,6895000,1
Daihatsu,Mira,L Limited,2024,6757500,6757500,6725000,6790000,2
Daihatsu,Mira,L Limited,2025,6831667,6895000,6650000,6950000,3
Daihatsu,Mira,L Limited Auction Grade SAA,2025,6895000,6895000,6895000,6895000,1
Daihatsu,Mira,L Limited Safety,2025,6790000,6790000,6790000,6790000,1
Daihatsu,Mira,L SA3,2025,6917500,6917500,6800000,7035000,2
Daihatsu,Mira,L SAFETY,2025,6850000,6850000,6850000,6850000,1
Daihatsu,Mira,L SAIII,2024,6790000,6790000,6790000,6790000,1
Daihatsu,Mira,L Safety,2023,6690000,6690000,6690000,6690000,1
Daihatsu,Mira,L Safety,2025,6947143,6975000,6875000,7050000,7
Daihatsu,Mira,L Safety,2026,7300000,7300000,7300000,7300000,1
Daihatsu,Mira,L Safety Auc Grade 5AA,2024,6850000,6850000,6850000,6850000,1
Daihatsu,Mira,L X G,2026,6600000,6600000,6600000,6600000,1
Daihatsu,Mira,LSA3,2023,6550000,6550000,6550000,6550000,1
Daihatsu,Mira,LSA3 0Km,2024,6850000,6850000,6850000,6850000,1
Daihatsu,Mira,PW,2024,6650000,6650000,6650000,6650000,1
Daihatsu,Mira,Personal Import,2025,6850000,6850000,6850000,6850000,1
Daihatsu,Mira,S Grade,2025,6900000,6900000,6900000,6900000,2
Daihatsu,Mira,Safety,2017,5720000,5720000,5650000,5790000,2
Daihatsu,Mira,Safety,2023,6490000,6490000,6490000,6490000,1
Daihatsu,Mira,Safety,2024,6675000,6675000,6675000,6675000,1
Daihatsu,Mira,Safety L Grade Limited,2025,6900000,6900000,6900000,6900000,1
Daihatsu,Mira,Safety0Km Mileage,2024,6850000,6850000,6850000,6850000,1
Daihatsu,Mira,Standard,2016,5412500,5412500,5375000,5450000,2
Daihatsu,Mira,Standard,2017,5979167,5975000,5700000,6200000,6
Daihatsu,Mira,Standard,2018,5890500,5837500,5675000,6350000,10
Daihatsu,Mira,Standard,2023,6621500,6550000,6390000,7300000,10
Daihatsu,Mira,Standard,2024,6893438,6797500,6570000,7390000,32
Daihatsu,Mira,Standard,2025,6989972,6982500,6380000,7799000,36
Daihatsu,Mira,Standard,2026,7516429,7400000,7100000,8150000,7
Daihatsu,Mira,X,2024,7273333,7325000,6995000,7500000,3
Daihatsu,Mira,X,2025,7313333,7260000,7050000,7830000,6
Daihatsu,Mira,X ES3,2026,7400000,7400000,7400000,7400000,1
Daihatsu,Mira,X Es,2026,6800000,6800000,6800000,6800000,1
Daihatsu,Mira,X Grade,2023,6850000,6850000,6850000,6850000,1
Daihatsu,Mira,X Grade,2024,7092500,7092500,7000000,7185000,2
Daihatsu,Mira,X Grade,2025,7050000,7050000,6950000,7150000,4
Daihatsu,Mira,X Grade ES3,2026,7350000,7350000,7350000,7350000,2
Daihatsu,Mira,X LIMITED,2025,7390000,7390000,7390000,7390000,1
Daihatsu,Mira,X LIMITED SAFETY,2024,7090000,7090000,7090000,7090000,1
Daihatsu,Mira,X LIMITED SAFETY,2025,7390000,7390000,7390000,7390000,1
Daihatsu,Mira,X Limited,2024,7064167,7025000,6950000,7250000,6
Daihatsu,Mira,X Limited,2025,7297500,7337500,7125000,7390000,4
Daihatsu,Mira,X Limited,2026,7490000,7490000,7490000,7490000,1
Daihatsu,Mira,X Limited And L,2024,6650000,6650000,6650000,6650000,1
Daihatsu,Mira,X Limited Pre-Order,2025,7300000,7300000,7300000,7300000,1
Daihatsu,Mira,X Limited Safety,2017,6000000,6000000,6000000,6000000,1
Daihatsu,Mira,X Limited Safety,2025,7340000,7340000,7290000,7390000,2
Daihatsu,Mira,X SA3,2025,7190000,7190000,7190000,7190000,1
Daihatsu,Mira,X-3 Limited,2025,7200000,7200000,7200000,7200000,1
Daihatsu,Mira,XLTD SA3,2025,6990000,6990000,6990000,6990000,1
Daihatsu,Move,G,2025,9275000,9275000,9275000,9275000,1
Daihatsu,Move,G GRADE,2025,9150000,9150000,9150000,9150000,1
Daihatsu,Move,RS,2025,9350000,9350000,9350000,9350000,1
Daihatsu,Move,RS Turbo,2025,9150000,9150000,9150000,9150000,1
Daihatsu,Move,Safety,2025,8290000,8290000,8290000,8290000,1
Daihatsu,Move,Standard,2025,8616667,8350000,8350000,9150000,3
Daihatsu,Move,X Grade,2025,8340000,8340000,8290000,8390000,2
Daihatsu,TAFT,G CHROME VENTURE,2024,8330000,8490000,8000000,8500000,3
Daihatsu,TAFT,G CHROME VENTURE,2025,7850000,7850000,7850000,7850000,1
Daihatsu,TAFT,G CHROME VENTURE TURBO,2025,8160000,8160000,8125000,8195000,2
Daihatsu,TAFT,G CROM,2024,8250000,8250000,8250000,8250000,1
Daihatsu,TAFT,G Chrome Venture,2024,8433333,8350000,8350000,8600000,3
Daihatsu,TAFT,G Chrome Venture,2025,8000000,8000000,8000000,8000000,1
Daihatsu,TAFT,G DARK CHROEM VENTURE,2025,8975000,8975000,8975000,8975000,1
Daihatsu,TAFT,G DARK CHROME VENTURE,2025,8875000,8875000,8875000,8875000,1
Daihatsu,TAFT,G DARK Chrome,2024,8300000,8300000,8300000,8300000,1
Daihatsu,TAFT,G Dark Chrome,2024,8537500,8537500,8500000,8575000,2
Daihatsu,TAFT,G Dark Crome,2023,8275000,8275000,8275000,8275000,1
Daihatsu,TAFT,G Grade,2023,7990000,7990000,7990000,7990000,1
Daihatsu,TAFT,G Grade,2024,8100000,8100000,8050000,8150000,2
Daihatsu,TAFT,G Hustler,2023,7700000,7700000,7700000,7700000,1
Daihatsu,TAFT,G TURBO DARK CHROME VENTURE,2024,8300000,8300000,8300000,8300000,1
Daihatsu,TAFT,Standard,2023,7932857,7975000,7700000,8150000,7
Daihatsu,TAFT,Standard,2024,8185385,8100000,7400000,9100000,13
Daihatsu,TAFT,Standard,2025,8414500,8362500,7900000,9000000,10
Daihatsu,TAFT,X,2024,7975000,7975000,7975000,7975000,1
Daihatsu,Taft,Dark Chrome,2024,8200000,8200000,8200000,8200000,1
Daihatsu,Taft,G,2023,7900000,7900000,7900000,7900000,1
Daihatsu,Taft,G Chrome Venture Turbo,2025,9500000,9500000,9500000,9500000,1
Daihatsu,Taft,G Crome,2024,8075000,8075000,8075000,8075000,1
Daihatsu,Taft,G Dark Chrome,2025,8500000,8500000,8500000,8500000,1
Daihatsu,Taft,G Dark Chrome 360 Cam,2025,9350000,9350000,9350000,9350000,1
Daihatsu,Taft,G Dark Chrome Venture,2023,8000000,8000000,8000000,8000000,1
Daihatsu,Taft,G Dark Chrome Venture,2024,8750000,8750000,8750000,8750000,1
Daihatsu,Taft,Standard,2023,7800000,7800000,7800000,7800000,1
Daihatsu,Taft,Standard,2024,8200000,8200000,7500000,8900000,2
Daihatsu,Taft,Standard,2025,8775000,8775000,8775000,8775000,1
Daihatsu,Tanto,Custom RS,2024,8850000,8850000,8850000,8850000,1
Daihatsu,Tanto,Custom X,2024,9190000,9190000,9190000,9190000,1
Daihatsu,Tanto,Spacia Model,2024,9190000,9190000,9190000,9190000,1
Daihatsu,Tanto,Standard,2024,7956667,7850000,7500000,8990000,6
Ford,Festiva,Standard,1995,2292000,2350000,1950000,2685000,5
Ford,Fiesta,Sedan,2015,10225000,10225000,10150000,10300000,2
Ford,Fiesta,Standard,2011,4983333,5000000,4750000,5200000,3
Ford,Fiesta,Standard,2015,10800000,10800000,10800000,10800000,1
Ford,Laser,Japan,2000,2750000,2750000,2750000,2750000,1
Ford,Laser,Standard,1992,1791667,1800000,1600000,1975000,3
Ford,Laser,Standard,1998,2685000,2690000,2375000,2990000,3
Ford,Laser,Standard,1999,3316667,3300000,3050000,3600000,3
Ford,Laser,Standard,2000,3279167,3312500,2800000,3500000,6
Honda,Airwave,Standard,2008,5450000,5400000,5050000,5900000,3
Honda,Airwave,Standard,2009,3866667,2675000,2675000,6250000,3
Honda,CRZ,Standard,2011,7300000,7500000,6750000,7650000,3
Honda,CRZ,Standard,2013,7666667,7450000,6650000,8900000,3
Honda,City,Fit Aria,2003,4100000,4100000,4100000,4100000,1
Honda,City,RS,2025,13185000,13200000,12650000,13750000,5
Honda,City,RS Turbo,2025,13700000,13700000,13700000,13700000,1
Honda,City,Standard,2000,4030000,3590000,3550000,4950000,3
Honda,City,Standard,2001,3706500,3675000,3350000,4450000,10
Honda,City,Standard,2002,3908429,3750000,3550000,4400000,7
Honda,City,Standard,2003,2843750,2737500,1000000,4900000,4
Honda,City,Standard,2004,4308333,4325000,3800000,4800000,3
Honda,City,Standard,2025,13284375,13150000,12725000,14500000,8
Honda,City,Turbo,2025,13100000,13100000,13100000,13100000,1
Honda,Civic,EG8,1993,2975000,2975000,2975000,2975000,1
Honda,Civic,EG8 Ferio VTEC,1991,1200000,1200000,1200000,1200000,1
Honda,Civic,EK3,1998,3808333,4850000,1350000,5225000,3
Honda,Civic,EK3,2000,5500000,5500000,5500000,5500000,1
Honda,Civic,EK3,2001,5050000,5050000,5050000,5050000,1
Honda,Civic,EK3,2002,5500000,5500000,5500000,5500000,1
Honda,Civic,EK3 Vtec,1996,5000000,5000000,5000000,5000000,1
Honda,Civic,ES,2000,5450000,5450000,5450000,5450000,1
Honda,Civic,ES 1 Type IE,2003,5300000,5300000,5300000,5300000,1
Honda,Civic,ES1,2003,5200000,5200000,5200000,5200000,1
Honda,Civic,ES1 FERIO V-TEC,2002,5590000,5590000,5590000,5590000,1
Honda,Civic,ES3 RS Vtec,2000,5600000,5600000,5600000,5600000,1
Honda,Civic,ES5 VTI,2003,5590000,5590000,5590000,5590000,1
Honda,Civic,ES8,2000,4945000,4945000,4900000,4990000,2
Honda,Civic,ES8,2001,5473333,5500000,5350000,5500000,6
Honda,Civic,ES8,2002,5190000,5190000,5190000,5190000,1
Honda,Civic,ES8,2003,5265000,5000000,4995000,5800000,3
Honda,Civic,ES8,2004,5652222,5480000,5100000,6990000,9
Honda,Civic,ES8,2005,5700000,5700000,5700000,5700000,1
Honda,Civic,ES8,2006,5427500,5427500,5375000,5480000,2
Honda,Civic,EX,2017,11900000,11900000,11600000,12200000,2
Honda,Civic,EX,2018,12050000,12725000,9600000,13150000,4
Honda,Civic,EX Modified,2018,12750000,12750000,12750000,12750000,1
Honda,Civic,EX Pack,2017,12075000,12075000,12075000,12075000,1
Honda,Civic,EX Tech Pack,2017,12700000,12700000,12700000,12700000,1
Honda,Civic,EX Turbo,2017,11800000,11800000,11800000,11800000,1
Honda,Civic,Eg8 SIR,1993,3600000,3600000,3600000,3600000,1
Honda,Civic,Ek3,1996,3890000,3890000,3890000,3890000,1
Honda,Civic,Ek3,1997,4450000,4450000,4450000,4450000,1
Honda,Civic,Ek3,1998,2962500,2962500,1350000,4575000,2
Honda,Civic,Ek3,1999,4650000,4650000,4525000,4775000,4
Honda,Civic,Ek3,2000,4900000,4900000,4900000,4900000,1
Honda,Civic,Ek3,2003,4850000,4850000,4850000,4850000,1
Honda,Civic,Ek3 Vi,2001,5575000,5575000,5575000,5575000,1
Honda,Civic,Es 1,2003,5650000,5650000,5650000,5650000,1
Honda,Civic,Es 5,2005,5850000,5850000,5850000,5850000,1
Honda,Civic,Es1,2003,5500000,5500000,5500000,5500000,1
Honda,Civic,Es1,2005,5875000,5875000,5875000,5875000,1
Honda,Civic,Es1 Ferio VTEC,2005,5990000,5990000,5990000,5990000,1
Honda,Civic,Es5,2005,5940000,5940000,5890000,5990000,2
Honda,Civic,Es5,2007,6095000,6095000,6095000,6095000,1
Honda,Civic,Es8,2001,5275000,5275000,5275000,5275000,1
Honda,Civic,Es8,2002,5200000,5200000,5200000,5200000,1
Honda,Civic,Es8,2005,5550000,5550000,5550000,5550000,1
Honda,Civic,Ex,2018,12841667,12875000,12650000,13000000,3
Honda,Civic,Ex,2020,13000000,13000000,13000000,13000000,1
Honda,Civic,Ex Techpack,2018,12500000,12500000,12500000,12500000,1
Honda,Civic,FD,2007,6990000,6990000,6990000,6990000,1
Honda,Civic,FD1,2005,6600000,6600000,6600000,6600000,1
Honda,Civic,FD1,2006,6750000,6750000,6350000,7150000,2
Honda,Civic,FD1,2007,6450000,6450000,6450000,6450000,1
Honda,Civic,FD1 Type S,2007,7550000,7550000,7550000,7550000,1
Honda,Civic,FD1 Type S,2008,7700000,7700000,7700000,7700000,1
Honda,Civic,FD1 Type-S,2006,7000000,7000000,7000000,7000000,1
Honda,Civic,FD1- Type S,2007,9000000,9000000,9000000,9000000,1
Honda,Civic,FD3,2008,6890000,6890000,6890000,6890000,1
Honda,Civic,FD3,2011,7470000,7470000,6990000,7950000,2
Honda,Civic,FD4,2011,7350000,7350000,7350000,7350000,1
Honda,Civic,FD4 Sports,2007,7000000,7000000,7000000,7000000,1
Honda,Civic,FK6 SR,2018,11425000,11425000,11425000,11425000,1
Honda,Civic,FK7,2018,14500000,14500000,14500000,14500000,1
Honda,Civic,Fd,2006,6900000,6900000,6900000,6900000,1
Honda,Civic,Fd 3,2008,6275000,6275000,6275000,6275000,1
Honda,Civic,Fd1,2006,6865000,6865000,6630000,7100000,2
Honda,Civic,Fd1,2011,6970000,6970000,6970000,6970000,1
Honda,Civic,Fd1 Type S,2007,7400000,7400000,7400000,7400000,1
Honda,Civic,Fd3 UK,2008,7350000,7350000,7350000,7350000,1
Honda,Civic,Fd4,2007,6950000,6950000,6950000,6950000,1
Honda,Civic,Fd4 Fd1,2007,7600000,7600000,7600000,7600000,1
Honda,Civic,SR,2018,10875000,10875000,10875000,10875000,1
Honda,Civic,SR UK,2018,10790000,10790000,10790000,10790000,1
Honda,Civic,Sedan Ex Techpack,2019,12300000,12300000,12300000,12300000,1
Honda,Civic,Sedan Techpack,2019,12550000,12600000,11550000,13500000,3
Honda,Civic,Sr,2017,10975000,10975000,10975000,10975000,1
Honda,Civic,Standard,1991,2475000,2475000,2400000,2550000,2
Honda,Civic,Standard,1993,33000000,33000000,33000000,33000000,1
Honda,Civic,Standard,1996,4358333,4350000,4075000,4650000,3
Honda,Civic,Standard,1997,4850000,4850000,4450000,5250000,2
Honda,Civic,Standard,1998,3425000,3425000,1350000,5500000,2
Honda,Civic,Standard,1999,4900000,4900000,4900000,4900000,1
Honda,Civic,Standard,2000,5245000,5245000,5190000,5300000,2
Honda,Civic,Standard,2001,5700000,5700000,5700000,5700000,1
Honda,Civic,Standard,2002,6025000,6025000,5550000,6500000,2
Honda,Civic,Standard,2003,5475000,5475000,5350000,5600000,2
Honda,Civic,Standard,2004,5493750,5550000,4995000,5800000,8
Honda,Civic,Standard,2006,5650000,5650000,5650000,5650000,1
Honda,Civic,Standard,2007,7240000,7300000,6790000,7700000,6
Honda,Civic,Standard,2008,6966667,6825000,6650000,7550000,6
Honda,Civic,Standard,2010,6890000,6842500,6675000,7200000,4
Honda,Civic,Standard,2011,8006250,8337500,6850000,8500000,4
Honda,Civic,Standard,2017,11368182,10875000,10500000,12950000,11
Honda,Civic,Standard,2018,12720789,12500000,10900000,14500000,19
Honda,Civic,Standard,2019,12660000,12600000,11700000,14300000,10
Honda,Civic,Standard,2020,13349136,13500000,12345678,14250000,5
Honda,Civic,Tach Pack,2017,12800000,12800000,12800000,12800000,1
Honda,Civic,Tech Pack,2018,15000000,15000000,15000000,15000000,1
Honda,Civic,Tech Pack,2019,12625000,12625000,11750000,13500000,2
Honda,FIT,GP1,2010,6450000,6500000,6350000,6500000,3
Honda,FIT,GP1,2011,6506875,6487500,6375000,6690000,8
Honda,FIT,GP1,2012,6854375,6650000,6375000,7525000,8
Honda,FIT,GP1,2013,6800000,6800000,6550000,7050000,3
Honda,FIT,GP1,2014,6875000,6875000,6850000,6900000,2
Honda,FIT,GP1 10th Anniversary Model,2011,6350000,6350000,6350000,6350000,1
Honda,FIT,GP1 Anniversary,2010,6350000,6350000,6350000,6350000,1
Honda,FIT,GP4 RS,2012,7450000,7450000,7450000,7450000,1
Honda,FIT,GP5,2013,7953750,7970000,7590000,8300000,8
Honda,FIT,GP5,2014,8030385,7950000,7650000,8600000,13
Honda,FIT,GP5,2015,8191250,8250000,7680000,8650000,8
Honda,FIT,GP5 BODYKIT,2014,8050000,8050000,8050000,8050000,1
Honda,FIT,GP5 L GRADE,2014,8100000,8100000,8100000,8100000,1
Honda,FIT,GP5 S,2015,8250000,8250000,8250000,8250000,1
Honda,FIT,GP5 S GRADE,2013,8350000,8350000,8350000,8350000,1
Honda,FIT,GP5 S Grade,2015,8375000,8375000,8375000,8375000,1
Honda,FIT,GP5 S Grade Safety,2013,8200000,8200000,8200000,8200000,1
Honda,FIT,GP5 S Grade Safety,2015,8490000,8490000,8490000,8490000,1
Honda,FIT,GP5 SAFETY PACK,2013,8090000,8090000,8090000,8090000,1
Honda,FIT,GP5 Safety,2015,8300000,8300000,8300000,8300000,1
Honda,FIT,Gp4,2012,7575000,7575000,7575000,7575000,1
Honda,FIT,SHUTTLE GP2,2013,8900000,8900000,8900000,8900000,1
Honda,FIT,Shuttle,2012,8383333,8300000,7900000,8950000,3
Honda,FIT,Shuttle,2013,8550000,8550000,8400000,8700000,2
Honda,FIT,Shuttle,2014,8600000,8600000,8600000,8600000,1
Honda,FIT,Shuttle Navi Premium,2013,9600000,9600000,9600000,9600000,1
Honda,Fit,ARIA,2005,4250000,4250000,4250000,4250000,1
Honda,Fit,Aria,2003,4390000,4390000,4390000,4390000,1
Honda,Fit,Aria,2004,4850000,4800000,4500000,5250000,3
Honda,Fit,Aria,2005,4981250,4950000,4550000,5475000,4
Honda,Fit,Aria,2006,5520000,5520000,5350000,5690000,2
Honda,Fit,Aria,2007,5196875,5187500,4975000,5475000,8
Honda,Fit,Aria,2008,5079444,4990000,4875000,5450000,9
Honda,Fit,Aria,2009,5387500,5387500,5200000,5575000,2
Honda,Fit,Aria,2010,5295000,5295000,5295000,5295000,2
Honda,Fit,Aria GD8,2006,5100000,5100000,5100000,5100000,1
Honda,Fit,Aria GD8,2007,5062500,5062500,4975000,5150000,2
Honda,Fit,Aria GD8,2008,4970000,4970000,4970000,4970000,1
Honda,Fit,Aria GD8,2009,5000000,5000000,5000000,5000000,1
Honda,Fit,Aria GD8,2010,5280000,5280000,5280000,5280000,1
Honda,Fit,GD1,2003,4750000,4750000,4750000,4750000,1
Honda,Fit,GD1,2007,5197500,5145000,4950000,5550000,4
Honda,Fit,GE6,2008,5887500,5887500,5850000,5925000,2
Honda,Fit,GP1,2010,6350000,6350000,6350000,6350000,1
Honda,Fit,GP1,2011,6655909,6635000,6300000,7000000,11
Honda,Fit,GP1,2012,6858846,6950000,6475000,7465000,13
Honda,Fit,GP1,2013,6793571,6650000,6275000,7400000,7
Honda,Fit,GP1,2015,7450000,7450000,7450000,7450000,1
Honda,Fit,GP1 Annivesary,2012,6850000,6850000,6850000,6850000,1
Honda,Fit,GP1 Hybrid,2013,6650000,6650000,6650000,6650000,1
Honda,Fit,GP1 Navi,2013,6950000,6950000,6950000,6950000,1
Honda,Fit,GP1 Navi Premium,2011,6900000,6900000,6900000,6900000,1
Honda,Fit,GP1 Navi Premium,2012,6775000,6775000,6750000,6800000,2
Honda,Fit,GP2,2011,7300000,7300000,7300000,7300000,1
Honda,Fit,GP2,2014,8600000,8600000,8600000,8600000,1
Honda,Fit,GP3 FREED,2014,8400000,8400000,8400000,8400000,1
Honda,Fit,GP4,2013,7500000,7500000,7500000,7500000,1
Honda,Fit,GP4 RS,2012,7450000,7450000,7450000,7450000,1
Honda,Fit,GP5,2012,6800000,6800000,6800000,6800000,1
Honda,Fit,GP5,2013,7925000,7900000,7275000,8590000,25
Honda,Fit,GP5,2014,8076444,7990000,7500000,9000000,45
Honda,Fit,GP5,2015,8347903,8450000,7490000,9000000,31
Honda,Fit,GP5,2016,9000000,9000000,9000000,9000000,1
Honda,Fit,GP5,2017,8710000,8875000,7890000,9200000,4
Honda,Fit,GP5 L GRADE,2014,7750000,7750000,7750000,7750000,1
Honda,Fit,GP5 L Grade,2014,8208333,8200000,8075000,8350000,3
Honda,Fit,GP5 L Grade,2015,8225000,8137500,7950000,8675000,4
Honda,Fit,GP5 L Grade Safety,2014,8150000,8150000,8150000,8150000,1
Honda,Fit,GP5 L Safety,2014,7750000,7750000,7750000,7750000,1
Honda,Fit,GP5 L Safety,2016,8100000,8100000,8100000,8100000,1
Honda,Fit,GP5 S,2015,8660000,8550000,8480000,8950000,3
Honda,Fit,GP5 S GRADE,2016,9100000,9100000,9100000,9100000,1
Honda,Fit,GP5 S GRADE Safety,2015,8650000,8650000,8650000,8650000,1
Honda,Fit,GP5 S Grade,2013,8400000,8400000,8400000,8400000,1
Honda,Fit,GP5 S Grade,2014,8275000,8200000,7980000,8645000,3
Honda,Fit,GP5 S Grade,2015,8537500,8500000,8250000,8900000,8
Honda,Fit,GP5 S Grade Safety,2015,8575000,8575000,8575000,8575000,1
Honda,Fit,GP5 S Safety,2015,8675000,8675000,8675000,8675000,1
Honda,Fit,GP5 S-GRADE,2015,8950000,8950000,8950000,8950000,1
Honda,Fit,GP5 S-Grade Safety,2016,8875000,8875000,8875000,8875000,1
Honda,Fit,GP5 Safety,2014,7875000,7875000,7875000,7875000,1
Honda,Fit,GP7,2017,12600000,12600000,12600000,12600000,1
Honda,Fit,Gd1,2005,4875000,4875000,4875000,4875000,1
Honda,Fit,Gd1,2007,5272500,5272500,5100000,5445000,2
Honda,Fit,Ge6,2008,5800000,5800000,5800000,5800000,1
Honda,Fit,Ge6,2010,5287500,5287500,5275000,5300000,2
Honda,Fit,Gp1,2011,6760000,6700000,6680000,6900000,3
Honda,Fit,Gp1,2012,6572143,6490000,6300000,6990000,7
Honda,Fit,Gp1,2013,6621667,6575000,6500000,6790000,3
Honda,Fit,Gp1,2014,6300000,6300000,6300000,6300000,1
Honda,Fit,Gp1,2016,7100000,7100000,7100000,7100000,1
Honda,Fit,Gp1 10th Anniversary,2011,6575000,6575000,6575000,6575000,1
Honda,Fit,Gp1 10th Anniversary,2012,6545000,6545000,6300000,6790000,2
Honda,Fit,Gp1 10th Anniversary,2013,6790000,6790000,6790000,6790000,1
Honda,Fit,Gp1 Navi Premium,2012,6662500,6662500,6550000,6775000,2
Honda,Fit,Gp5,2014,7645000,7645000,7600000,7690000,2
Honda,Fit,Gp5 S Grade,2015,8582500,8582500,8575000,8590000,2
Honda,Fit,Shuttle,2012,8486842,8300000,7875000,10000000,19
Honda,Fit,Shuttle,2013,8901471,8850000,8500000,9750000,17
Honda,Fit,Shuttle,2014,8325000,8325000,7850000,8800000,2
Honda,Fit,Shuttle,2016,9100000,9100000,9100000,9100000,1
Honda,Fit,Shuttle,2017,11741667,11625000,11000000,12600000,3
Honda,Fit,Shuttle Airwave,2007,6350000,6350000,6350000,6350000,1
Honda,Fit,Shuttle GP2,2012,8300000,8300000,8300000,8300000,1
Honda,Fit,Shuttle GP2,2013,8975000,8975000,8750000,9200000,3
Honda,Fit,Shuttle GP2,2017,9600000,9600000,9600000,9600000,1
Honda,Fit,Shuttle Gp 2,2014,9150000,9150000,9150000,9150000,1
Honda,Fit,Shuttle Gp2,2012,8100000,8100000,8100000,8100000,1
Honda,Fit,Shuttle Navi Premium,2013,9000000,9000000,9000000,9000000,1
Honda,Fit,Shuttle Navi Premium,2014,9200000,9200000,9200000,9200000,1
Honda,Fit,Shuttle Navi Premium LIMITED,2013,9950000,9950000,9950000,9950000,1
Honda,Fit,Shuttle Special Edition,2013,8700000,8700000,8700000,8700000,1
Honda,Fit,Standard,2003,4500000,4500000,4500000,4500000,1
Honda,Fit,Standard,2006,4500000,4500000,4500000,4500000,1
Honda,Fit,Standard,2007,5241667,5350000,4975000,5400000,3
Honda,Fit,Standard,2008,6000000,6000000,6000000,6000000,1
Honda,Fit,Standard,2010,6666667,6650000,6350000,7000000,3
Honda,Fit,Standard,2011,6566667,6700000,5650000,7000000,9
Honda,Fit,Standard,2012,6677105,6650000,6275000,7100000,19
Honda,Fit,Standard,2013,7360000,7150000,6800000,7950000,5
Honda,Fit,Standard,2014,7892917,7950000,7000000,8800000,12
Honda,Fit,Standard,2015,8339997,8375000,7724984,8800000,5
Honda,Fit,Standard,2016,8800000,8800000,8800000,8800000,1
Honda,Freed,Standard,2012,8841667,8650000,8475000,9400000,3
Honda,Freed,Standard,2013,8660000,8700000,7850000,9300000,9
Honda,Grace,EX,2014,9450000,9175000,8975000,10200000,3
Honda,Grace,EX,2015,9164375,9112500,8750000,9750000,8
Honda,Grace,EX,2016,10300000,10300000,10300000,10300000,1
Honda,Grace,EX,2017,10808333,10950000,9975000,11500000,3
Honda,Grace,Ex,2014,9400000,9400000,9400000,9400000,1
Honda,Grace,Ex,2015,9528750,9362500,9000000,10390000,4
Honda,Grace,Ex,2016,9950000,9950000,9900000,10000000,2
Honda,Grace,Ex,2017,11287500,11287500,10900000,11675000,2
Honda,Grace,Ex Pack,2017,11850000,11850000,11850000,11850000,1
Honda,Grace,Ex Sensing,2017,12750000,12750000,12750000,12750000,1
Honda,Grace,RS Sensing,2017,10450000,10450000,10450000,10450000,1
Honda,Grace,Standard,2014,9190000,9175000,8250000,9800000,10
Honda,Grace,Standard,2015,9550676,9500000,8650000,10650000,37
Honda,Grace,Standard,2016,9977857,9750000,9300000,11500000,14
Honda,Grace,Standard,2017,11013636,11000000,9800000,11800000,11
Honda,Insight,Standard,2009,6953846,6980000,6500000,7800000,26
Honda,Insight,Standard,2010,7133125,7025000,6875000,7750000,8
Honda,Insight,Standard,2011,7471818,7380000,6795000,8400000,11
Honda,Insight,Standard,2012,7590000,7475000,6790000,8700000,6
Honda,Insight,Standard,2013,7985000,8100000,7450000,8275000,5
Honda,Insight,ZE 2,2009,6475000,6475000,6475000,6475000,1
Honda,Insight,ZE2,2011,7025000,7025000,6900000,7150000,2
Honda,Insight,ZE2,2013,7385000,7385000,7385000,7385000,1
Honda,Insight,ZE3,2013,8400000,8400000,8400000,8400000,1
Honda,Insight,Ze3,2013,8400000,8400000,8200000,8600000,2
Honda,N,BOX,2023,8475000,8475000,8475000,8475000,1
Honda,N,BOX CUSTOM,2016,6590000,6590000,6590000,6590000,1
Honda,N,BOX CUSTOM,2026,9450000,9450000,9450000,9450000,1
Honda,N,BOX L Grade,2023,7705000,7650000,7590000,7875000,3
Honda,N,Box,2015,6258333,6275000,6000000,6500000,3
Honda,N,Box,2016,6786000,6800000,6480000,7150000,5
Honda,N,Box,2018,6337500,6337500,5800000,6875000,2
Honda,N,Box,2023,7891429,7900000,7150000,8690000,7
Honda,N,Box,2024,8600000,8800000,7800000,9000000,4
Honda,N,Box Custom,2016,6470000,6470000,6450000,6490000,2
Honda,N,Box Custom,2024,9010000,9010000,8970000,9050000,2
Honda,N,Box Custom Turbo,2024,8750000,8750000,8750000,8750000,1
Honda,N,ONE EV,2026,9295000,9295000,9295000,9295000,2
Honda,N,WGN,2015,5166667,5750000,3600000,6150000,3
Honda,N,WGN,2016,6346667,6350000,6190000,6500000,3
Honda,N,WGN,2018,6932000,6950000,6690000,7295000,5
Honda,N,WGN,2023,7650000,7650000,7650000,7650000,1
Honda,N,WGN,2024,7572500,7545000,7150000,8050000,4
Honda,N,WGN,2025,8000000,8000000,7800000,8200000,2
Honda,N,WGN CUSTOM,2018,7000000,7000000,7000000,7000000,1
Honda,N,WGN CUSTOM TURBO,2024,8690000,8690000,8690000,8690000,1
Honda,N,WGN Custom,2018,6350000,6350000,6350000,6350000,1
Honda,N,WGN L Grade,2024,7512500,7512500,7475000,7550000,2
Honda,N,WGN L STYLE BITTER Special Edition,2025,8550000,8550000,8550000,8550000,1
Hyundai,Accent,Elantra,2003,2550000,2550000,2550000,2550000,1
Hyundai,Accent,GLS,2011,5475000,5475000,5475000,5475000,1
Hyundai,Accent,Standard,2000,2440833,2445000,2100000,2730000,12
Hyundai,Accent,Standard,2001,2600000,2650000,2165000,2900000,23
Hyundai,Accent,Standard,2002,2865312,2850000,2235000,3500000,16
Hyundai,Accent,Standard,2003,2801667,2850000,2395000,3160000,3
Hyundai,Accent,Standard,2004,2496667,2390000,2350000,2750000,3
Hyundai,Accent,Standard,2005,2428333,2260000,2260000,2765000,3
Hyundai,Accent,Standard,2011,5818750,5700000,5475000,6400000,4
Hyundai,Atos,GLS,2001,1600000,1600000,1600000,1600000,1
Hyundai,Atos,Prime,2001,2700000,2700000,2700000,2700000,1
Hyundai,Atos,Standard,2001,2075000,2075000,1800000,2350000,2
Hyundai,Elantra,GLS,2000,2775000,2775000,2775000,2775000,1
Hyundai,Elantra,Standard,2000,4514615,2875000,2000000,25000000,13
Hyundai,Elantra,Standard,2012,6825000,6875000,6700000,6900000,3
Hyundai,Eon,Magna,2015,4475000,4475000,4475000,4475000,1
Hyundai,Eon,Magna,2016,4495000,4495000,4495000,4495000,1
Hyundai,Eon,Magna,2017,4590000,4590000,4590000,4590000,1
Hyundai,Eon,Standard,2014,4021667,3975000,3895000,4195000,3
Hyundai,Eon,Standard,2015,4355682,4337500,3975000,4750000,22
Hyundai,Eon,Standard,2016,4389375,4450000,3950000,4675000,8
Hyundai,Eon,Standard,2017,4452500,4492500,4175000,4650000,4
Hyundai,Eon,Standard,2018,4621667,4600000,4475000,4790000,3
Hyundai,Getz,Standard,2002,3263333,3350000,2990000,3450000,3
Hyundai,Grand,I10,2016,5775000,5900000,5525000,5900000,3
Hyundai,Grand,I10,2017,5435000,5450000,4975000,5850000,5
Hyundai,Grand,I10,2023,7233333,7350000,6850000,7500000,3
Hyundai,Matrix,Standard,2001,3030000,2950000,2950000,3190000,3
Hyundai,Matrix,Standard,2004,1541667,975000,725000,2925000,3
Hyundai,Sonata,H Matic,2002,2900000,2900000,2900000,2900000,1
Hyundai,Sonata,H-Matic,2002,3350000,3350000,3350000,3350000,1
Hyundai,Sonata,Standard,2000,2490714,2490000,1950000,2995000,7
Hyundai,Sonata,Standard,2001,2738571,2800000,2000000,3250000,7
Hyundai,Sonata,Standard,2002,2000000,2000000,2000000,2000000,1
Hyundai,Sonata,Standard,2004,2716667,2650000,2650000,2850000,3
Hyundai,Sonata,Standard,2012,7200000,6950000,6650000,8000000,3
Hyundai,Trajet,GLS,2000,800000,800000,800000,800000,1
Hyundai,Trajet,Standard,2000,8850000,3500000,1800000,32000000,5
Kia,Carens,Standard,2001,3260000,3400000,2850000,3500000,5
Kia,Cerato,Standard,2004,2545000,2985000,850000,3800000,3
Kia,Cerato,Standard,2011,5346429,5750000,1775000,6500000,7
Kia,Optima,Standard,2012,7516667,7450000,7450000,7650000,3
Kia,Picanto,Standard,2011,4341667,5350000,2300000,5375000,3
Kia,Picanto,Standard,2016,5811042,5800000,5275000,6300000,24
Kia,Picanto,Standard,2017,6134375,6175000,5600000,6875000,8
Kia,Rio,LS,2000,2500000,2500000,2500000,2500000,2
Kia,Rio,Standard,2000,2310000,2275000,2190000,2500000,4
Kia,Rio,Standard,2001,2550000,2500000,2350000,2750000,5
Kia,Rio,Standard,2002,2666429,2750000,2150000,2890000,7
Kia,Rio,Standard,2003,2689375,2725000,1975000,3000000,8
Kia,Rio,Standard,2004,2706250,2725000,2475000,2900000,4
Kia,Rio,Standard,2015,8133333,7950000,7500000,8950000,3
Kia,Spectra,Standard,2001,2391667,2500000,1950000,2725000,3
Kia,Spectra,Standard,2004,2277857,2175000,1795000,2850000,7
Mazda,2,SkyActiv,2016,9300000,9300000,8900000,9700000,2
Mazda,2,SkyActive,2016,8500000,8500000,8500000,8500000,1
Mazda,2,Standard,2016,8887500,8887500,8275000,9500000,2
Mazda,3,Axela,2006,4550000,4550000,4550000,4550000,1
Mazda,3,Axela,2007,5875000,5875000,5875000,5875000,1
Mazda,3,Axela,2013,7950000,7950000,7950000,7950000,1
Mazda,3,Standard,2006,5737500,5737500,5600000,5875000,2
Mazda,3,Standard,2007,5835000,5670000,5500000,6500000,4
Mazda,3,Standard,2008,5856667,5850000,5370000,6350000,3
Mazda,3,Standard,2013,4225000,4225000,1050000,7400000,2
Mazda,3,Standard,2014,8625000,8600000,8350000,8950000,4
Mazda,3,Standard,2015,8431250,8275000,8275000,8900000,4
Mazda,3,Standard,2016,9696667,9490000,7850000,11750000,3
Mazda,6,GT,2014,12275000,12275000,12275000,12275000,1
Mazda,6,Skyactive Sedan,2014,10300000,10300000,10300000,10300000,1
Mazda,6,Standard,2013,11125000,11500000,9850000,11650000,4
Mazda,6,Standard,2014,11120000,11200000,10800000,11500000,5
Mazda,Astina,Standard,1992,2333333,2200000,2150000,2650000,3
Mazda,Axela,3,2007,4750000,4750000,4750000,4750000,1
Mazda,Axela,Standard,2003,4960000,4890000,4790000,5200000,3
Mazda,Axela,Standard,2004,5485000,5550000,4975000,5800000,5
Mazda,Axela,Standard,2007,5604286,5500000,5200000,6000000,7
Mazda,Axela,Standard,2013,11100000,10800000,10000000,12500000,3
Mazda,Axela,Standard,2014,9875000,9875000,8750000,11000000,3
Mazda,BJ5P,Standard,2001,3808333,3850000,3600000,3975000,3
Mazda,BJ5P,Standard,2003,4083333,4150000,3900000,4200000,3
Mazda,Demio,Japan,2007,4890000,4890000,4890000,4890000,1
Mazda,Demio,Standard,2007,5157857,5050000,4950000,5450000,7
Mazda,Demio,Standard,2008,5339500,5280000,4850000,6000000,10
Mazda,Demio,Standard,2009,5313000,5350000,4850000,5590000,5
Mazda,Demio,Standard,2010,5531667,5500000,5500000,5595000,3
Mazda,Demio,Standard,2011,5339000,5295000,4850000,5900000,5
Mazda,Familia,323,1992,2050000,2050000,2050000,2050000,1
Mazda,Familia,323,1997,3100000,3100000,3100000,3100000,1
Mazda,Familia,323,1999,3000000,3000000,3000000,3000000,1
Mazda,Familia,323,2000,3450000,3450000,3450000,3450000,1
Mazda,Familia,323 BJ5,1999,3875000,3875000,3875000,3875000,1
Mazda,Familia,323 Bg3p,1995,2075000,2075000,2075000,2075000,1
Mazda,Familia,323 Bg5p,1992,1975000,1975000,1975000,1975000,1
Mazda,Familia,626,2004,3875000,3875000,3875000,3875000,1
Mazda,Familia,BG3P,1991,1780000,1780000,1780000,1780000,1
Mazda,Familia,BG3P,1993,2050000,2050000,2050000,2050000,1
Mazda,Familia,BG5P,1991,2000000,2000000,2000000,2000000,1
Mazda,Familia,BJ3,2003,3700000,3700000,3700000,3700000,1
Mazda,Familia,BJ3P,2003,3950000,3950000,3950000,3950000,1
Mazda,Familia,BJ5,2001,3690000,3690000,3690000,3690000,1
Mazda,Familia,BJ5P,2001,3975000,3975000,3975000,3975000,1
Mazda,Familia,BJ5P,2004,3900000,3900000,3900000,3900000,1
Mazda,Familia,Bj5p,2004,3750000,3750000,3750000,3750000,1
Mazda,Familia,Bj5w,2004,3875000,3875000,3875000,3875000,1
Mazda,Familia,Butterfly,1996,2850000,2850000,2850000,2850000,1
Mazda,Familia,Butterfly,1998,2975000,2975000,2975000,2975000,1
Mazda,Familia,Butterfly 323,1995,2200000,2200000,2200000,2200000,1
Mazda,Familia,EFI,1992,2150000,2150000,2150000,2150000,1
Mazda,Familia,Limited,1991,2050000,2050000,2050000,2050000,1
Mazda,Familia,MR 90,1994,1350000,1350000,1350000,1350000,1
Mazda,Familia,Standard,1991,1887000,2000000,1385000,2200000,5
Mazda,Familia,Standard,1992,2060000,2065000,1780000,2350000,6
Mazda,Familia,Standard,1993,1980000,1950000,1725000,2350000,5
Mazda,Familia,Standard,1994,2110000,2300000,1390000,2450000,9
Mazda,Familia,Standard,1995,2400000,2400000,2400000,2400000,1
Mazda,Familia,Standard,1996,2695000,2695000,1890000,3500000,2
Mazda,Familia,Standard,1997,3045833,3137500,2250000,3800000,6
Mazda,Familia,Standard,1998,3491667,3500000,3450000,3525000,3
Mazda,Familia,Standard,1999,3536000,3600000,3365000,3750000,5
Mazda,Familia,Standard,2000,3558333,3650000,2650000,4050000,6
Mazda,Familia,Standard,2001,3590000,3550000,3000000,4200000,16
Mazda,Familia,Standard,2002,3741250,3937500,3000000,4090000,4
Mazda,Familia,Standard,2003,4060000,4165000,3560000,4350000,4
Mazda,Familia,Standard,2004,3841250,3837500,3800000,3890000,4
Mazda,Flair,Standard,2016,6100000,5900000,5900000,6500000,3
Mercedes-Benz,C180,AMG,2010,9675000,9675000,9675000,9675000,1
Mercedes-Benz,C180,AMG Special Night Edition,2015,22800000,22800000,22800000,22800000,1
Mercedes-Benz,C180,Kompressor,2010,10700000,10300000,9800000,12000000,3
Mercedes-Benz,C180,Standard,2010,9918750,9275000,8475000,13000000,8
Mercedes-Benz,C180,Standard,2011,10250000,9800000,9700000,11500000,5
Mercedes-Benz,C180,Standard,2014,18900000,18900000,18900000,18900000,1
Mercedes-Benz,C180,Standard,2015,17697500,17697500,17000000,18395000,2
Mercedes-Benz,C180,Standard,2016,18916667,18750000,17000000,21500000,6
Mercedes-Benz,C180,Standard,2017,18666667,18500000,18000000,19500000,3
Mercedes-Benz,C180,W204,2011,11000000,11000000,11000000,11000000,1
Mercedes-Benz,C180,W205,2014,19500000,19500000,19500000,19500000,1
Mercedes-Benz,C180,W205 Exclusive,2014,16900000,16900000,16900000,16900000,1
Mercedes-Benz,C200,AMG,2020,19550000,19550000,19550000,19550000,1
Mercedes-Benz,C200,AMG PREMIUM PLUS,2019,23950000,23950000,23950000,23950000,1
Mercedes-Benz,C200,AMG Premium,2024,39800000,39800000,39800000,39800000,1
Mercedes-Benz,C200,AMG Premium Plus,2019,25500000,25500000,25500000,25500000,1
Mercedes-Benz,C200,Cabriolet,2019,29500000,29500000,29500000,29500000,1
Mercedes-Benz,C200,Exclusive,2018,20700000,20700000,20700000,20700000,1
Mercedes-Benz,C200,Premium Plus,2019,26850000,26850000,26500000,27200000,2
Mercedes-Benz,C200,Premium Plus,2020,26000000,26000000,26000000,26000000,1
Mercedes-Benz,C200,Standard,2018,23712500,23500000,21500000,25700000,8
Mercedes-Benz,C200,Standard,2019,24090000,23790000,22500000,26000000,11
Mercedes-Benz,C200,Standard,2020,25075000,25075000,23650000,26500000,2
Mercedes-Benz,C200,Standard,2024,41100000,41100000,40200000,42000000,2
Mercedes-Benz,C220,CDI,2013,13200000,13200000,13200000,13200000,1
Mercedes-Benz,C220,Standard,2013,12500000,12600000,11800000,13000000,4
Mercedes-Benz,C350e,Standard,2016,18812500,18750000,15975000,22000000,6
Mercedes-Benz,CLA,180,2016,18900000,18900000,16800000,21000000,2
Mercedes-Benz,CLA,180,2017,18943750,19250000,16300000,21000000,8
Mercedes-Benz,CLA,180,2018,19500000,19500000,19500000,19500000,1
Mercedes-Benz,CLA,180,2019,22600000,22600000,22600000,22600000,1
Mercedes-Benz,CLA,180 AMG,2016,15575000,15575000,15575000,15575000,1
Mercedes-Benz,CLA,180 AMG,2017,18950000,18950000,18950000,18950000,2
Mercedes-Benz,CLA,180 AMG,2018,16400000,16400000,16400000,16400000,1
Mercedes-Benz,CLA,180 AMG Premium Plus,2018,18950000,18950000,18950000,18950000,1
Mercedes-Benz,CLA,180 Amg Premium Plus,2018,6000000,6000000,6000000,6000000,1
Mercedes-Benz,CLA,200,2016,18000000,18000000,18000000,18000000,1
Mercedes-Benz,CLA,200,2019,22850000,22750000,20900000,25000000,4
Mercedes-Benz,CLA,200 AMG PREMIUM PLUS,2019,21400000,21400000,21400000,21400000,1
Mercedes-Benz,CLA,200 AMG Premium Plus,2019,22533333,22500000,22300000,22800000,3
Mercedes-Benz,CLA,200 Premium Plus,2019,21500000,21500000,21500000,21500000,1
Mercedes-Benz,E200,Avant-garde,2010,12650000,12650000,12650000,12650000,1
Mercedes-Benz,E200,Blue Efficiency,2010,12200000,12200000,12200000,12200000,1
Mercedes-Benz,E200,CGI Avantgarde,2010,14950000,14950000,14950000,14950000,1
Mercedes-Benz,E200,CGI Avantgarde,2011,15300000,15300000,15300000,15300000,1
Mercedes-Benz,E200,Night Edition AMG Line,2016,27500000,27500000,27500000,27500000,1
Mercedes-Benz,E200,Standard,2010,14005000,14000000,12500000,14800000,10
Mercedes-Benz,E200,Standard,2011,13437500,12775000,12700000,15500000,4
Mercedes-Benz,E200,Standard,2012,14366667,13900000,13800000,15400000,3
Mercedes-Benz,E200,Standard,2016,25500000,25000000,25000000,26500000,3
Mercedes-Benz,E200,W212,2010,14366667,14400000,12500000,16200000,3
Mercedes-Benz,E200,W213,2016,23000000,23000000,23000000,23000000,1
Mercedes-Benz,E220,CDI,2013,17500000,17500000,17500000,17500000,2
Mercedes-Benz,E220,Standard,2013,18600000,18600000,18600000,18600000,1
Mercedes-Benz,E240,Standard,2004,8698333,9100000,7500000,9495000,3
Mercedes-Benz,E250,Standard,2013,21566667,20500000,20500000,23700000,3
Mercedes-Benz,E300,Bluetec Hybrid,2015,16500000,16500000,16500000,16500000,1
Mercedes-Benz,E300,Night Edition,2015,18500000,18500000,18500000,18500000,4
Mercedes-Benz,E300,Standard,2014,15116667,14950000,14800000,15600000,3
Mercedes-Benz,E300,Standard,2015,16579167,16300000,14500000,19000000,6
Mercedes-Benz,E350e,Premium Plus AMG Line,2017,27000000,27000000,27000000,27000000,1
Mercedes-Benz,E350e,Standard,2017,29000000,30000000,26500000,30500000,3
Mercedes-Benz,S300,Standard,2010,19187500,18875000,15000000,24000000,4
Mercedes-Benz,S300,W221 LWB,2010,18500000,18500000,18500000,18500000,1
Mercedes-Benz,W210,E200,1997,4700000,4700000,4700000,4700000,1
Mercedes-Benz,W210,E240,1999,6200000,6200000,6200000,6200000,1
Mercedes-Benz,W210,Standard,1997,5225000,5225000,4975000,5475000,2
Mercedes-Benz,W210,Standard,1999,5475000,5475000,5350000,5600000,2
Mercedes-Benz,W220,S-Class,2003,8600000,8600000,8600000,8600000,1
Mercedes-Benz,W220,S280,2003,3400000,3400000,3400000,3400000,1
Mercedes-Benz,W220,S350 Long Wheel Base,2003,7500000,7500000,7500000,7500000,1
Micro,Baic,D20,2017,5675000,5675000,5675000,5675000,1
Micro,Baic,D20,2018,5800000,5800000,5800000,5800000,1
Micro,Baic,D20 Hatchback,2018,5370000,5370000,5370000,5370000,1
Micro,Baic,Standard,2017,5508333,5500000,5275000,5750000,3
Micro,Baic,Standard,2018,6250000,6250000,6250000,6250000,1
Micro,Baic,X25,2017,5700000,5700000,5700000,5700000,1
Micro,Baic,X25,2018,5990000,5990000,5990000,5990000,1
Micro,Emgrand,7,2014,5675000,5675000,5675000,5675000,1
Micro,Emgrand,7,2016,5625000,5625000,5625000,5625000,1
Micro,Emgrand,Ec7,2014,4050000,4050000,4050000,4050000,1
Micro,Emgrand,Standard,2014,4900000,4750000,4100000,6000000,4
Micro,Emgrand,Standard,2015,4747000,4900000,4400000,4985000,5
Micro,Emgrand,Standard,2016,4170000,4170000,4150000,4190000,2
Micro,Lifan,Standard,2009,1762500,1825000,1400000,2000000,4
Micro,MX7,Mark 2,2013,3500000,3500000,3500000,3500000,1
Micro,MX7,Mark 2,2015,3675000,3675000,3675000,3675000,1
Micro,MX7,Standard,2008,1660000,1100000,1100000,2550000,5
Micro,MX7,Standard,2010,3361667,3500000,2985000,3600000,3
Micro,MX7,Standard,2012,3307188,3287500,2800000,3650000,16
Micro,MX7,Standard,2013,3361000,3375000,2950000,3600000,20
Micro,MX7,Standard,2014,3476154,3485000,3200000,3690000,13
Micro,MX7,Standard,2015,3631000,3595000,3585000,3785000,5
Micro,Panda,1.0,2015,3225000,3225000,3200000,3250000,2
Micro,Panda,1.0e Model,2017,3475000,3475000,3475000,3475000,1
Micro,Panda,Cross,2011,3000000,3000000,3000000,3000000,1
Micro,Panda,Cross,2012,3141538,3100000,2975000,3450000,13
Micro,Panda,Cross,2013,3261667,3237500,3125000,3550000,12
Micro,Panda,Cross,2014,3467000,3375000,3250000,3950000,5
Micro,Panda,Cross,2015,3524375,3485000,3450000,3695000,8
Micro,Panda,Cross,2016,3876667,3690000,3690000,4250000,3
Micro,Panda,Cross,2017,4142500,4137500,3995000,4300000,4
Micro,Panda,Cross,2018,4421250,4420000,4295000,4550000,4
Micro,Panda,Geely,2013,3525000,3525000,3525000,3525000,1
Micro,Panda,LC,2011,2690000,2690000,2690000,2690000,1
Micro,Panda,LC,2012,2900000,2900000,2850000,2950000,2
Micro,Panda,LC 1.0,2014,3225000,3225000,3225000,3225000,1
Micro,Panda,LC 1.0,2015,3137500,3137500,3000000,3275000,2
Micro,Panda,LC 1.0,2017,3582500,3582500,3575000,3590000,2
Micro,Panda,LC 1.0,2018,3740000,3740000,3740000,3740000,1
Micro,Panda,Lc,2011,2790000,2790000,2790000,2790000,1
Micro,Panda,Lc 1.0,2013,2782500,2782500,2690000,2875000,2
Micro,Panda,Lc 1.0,2015,3150000,3150000,3150000,3150000,1
Micro,Panda,Standard,2011,2781667,2850000,2435000,2950000,33
Micro,Panda,Standard,2012,2768519,2700000,2550000,3050000,27
Micro,Panda,Standard,2013,2808667,2795000,2680000,3000000,15
Micro,Panda,Standard,2014,2907353,2900000,2695000,3200000,17
Micro,Panda,Standard,2015,3227067,3200000,2800000,3690000,75
Micro,Panda,Standard,2016,3334853,3295000,2850000,3750000,34
Micro,Panda,Standard,2017,3626500,3590000,3385000,3975000,10
Micro,Panda,Standard,2018,3867857,3880000,3575000,4250000,14
Micro,Trend,Standard,2008,1691667,1750000,1450000,1875000,3
Micro,Trend,Standard,2009,1860455,1850000,1600000,2150000,11
Micro,Trend,Standard,2010,1896667,1850000,1680000,2275000,6
Micro,Trend,Standard,2011,1938333,1975000,1790000,2050000,3
Micro,Trend,Standard,2012,2060513,2075000,1786666,2225000,13
Micro,Voleex,C10,2013,3700000,3700000,3300000,4100000,2
Micro,Voleex,Standard,2013,3650000,3650000,3650000,3650000,1
Micro,X25,Baic,2017,5650000,5650000,5650000,5650000,1
Micro,X25,Standard,2017,5762500,5762500,5675000,5850000,2
Micro,X25,Standard,2018,6044000,5900000,5790000,6750000,5
Mitsubishi,Attrage,Standard,2020,8493750,8625000,7075000,9650000,4
Mitsubishi,EK,SPACE Hybrid,2024,8150000,8150000,8150000,8150000,1
Mitsubishi,EK,Space,2025,8500000,8500000,8500000,8500000,1
Mitsubishi,EK,Space G,2025,8375000,8375000,8375000,8375000,1
Mitsubishi,EK,Space Hybrid,2025,8400000,8400000,8400000,8400000,1
Mitsubishi,EK,WAGON M,2025,7425000,7425000,7425000,7425000,1
Mitsubishi,EK,WAGON M DAYZ X WAGON R,2023,7290000,7290000,7290000,7290000,1
Mitsubishi,EK,Wagon,2018,6126667,6235000,5750000,6400000,6
Mitsubishi,EK,Wagon,2023,7250000,7250000,6750000,7750000,4
Mitsubishi,EK,Wagon,2024,7278000,7390000,6985000,7440000,5
Mitsubishi,EK,Wagon,2025,7450714,7425000,7375000,7550000,7
Mitsubishi,EK,Wagon G GRADE,2024,7150000,7150000,7150000,7150000,1
Mitsubishi,EK,Wagon G Grade,2023,7500000,7500000,7500000,7500000,1
Mitsubishi,EK,Wagon G Grade,2024,7900000,7900000,7900000,7900000,1
Mitsubishi,EK,Wagon G Grade Dayz,2023,7590000,7590000,7590000,7590000,1
Mitsubishi,EK,Wagon G Grade Dayz,2024,7590000,7590000,7590000,7590000,1
Mitsubishi,EK,Wagon M,2024,7275000,7275000,7275000,7275000,1
Mitsubishi,EK,Wagon M,2025,7520000,7520000,7390000,7650000,2
Mitsubishi,EK,Wagon M Grade,2024,7625000,7625000,7625000,7625000,1
Mitsubishi,EK,Wagon R Safety,2024,7375000,7375000,7375000,7375000,1
Mitsubishi,EK,X Cross,2024,8400000,8400000,8400000,8400000,1
Mitsubishi,EK,X Cross,2025,8550000,8550000,8550000,8550000,1
Mitsubishi,EK,X Cross G,2024,8890000,8890000,8890000,8890000,1
Mitsubishi,EK,X Cross Hybrid,2024,8350000,8350000,8350000,8350000,1
Mitsubishi,EK,X Cross Turbo,2023,8490000,8490000,8490000,8490000,1
Mitsubishi,EK,X EV Limited,2024,8895000,8895000,8895000,8895000,1
Mitsubishi,EK,X G Premium,2024,8590000,8590000,8590000,8590000,1
Mitsubishi,Lancer,4D65,1992,2300000,2300000,2300000,2300000,1
Mitsubishi,Lancer,C S1,2006,5925000,5925000,5925000,5925000,1
Mitsubishi,Lancer,CB1,1994,2900000,2900000,2850000,2950000,2
Mitsubishi,Lancer,CB2,1992,3050000,3050000,3050000,3050000,1
Mitsubishi,Lancer,CB2,1995,3175000,3175000,3175000,3175000,1
Mitsubishi,Lancer,CK1,1997,3875000,3875000,3875000,3875000,1
Mitsubishi,Lancer,CK1,1999,3800000,3800000,3800000,3800000,1
Mitsubishi,Lancer,CK1,2000,4750000,4750000,4750000,4750000,1
Mitsubishi,Lancer,CK1A,2000,4412500,4412500,4275000,4550000,2
Mitsubishi,Lancer,CK2,1999,4075000,4075000,4075000,4075000,1
Mitsubishi,Lancer,CK2,2000,4175000,4175000,4175000,4175000,1
Mitsubishi,Lancer,CK2,2001,4750000,4750000,4750000,4750000,1
Mitsubishi,Lancer,CK2,2002,4100000,4100000,3950000,4250000,2
Mitsubishi,Lancer,CK2 EFI,1999,4075000,4075000,4075000,4075000,1
Mitsubishi,Lancer,CS1,2001,3748333,4570000,1775000,4900000,3
Mitsubishi,Lancer,CS1,2002,4750000,4750000,4750000,4750000,1
Mitsubishi,Lancer,CS1,2003,5650000,5650000,5650000,5650000,1
Mitsubishi,Lancer,CS1,2004,5650000,5650000,5650000,5650000,1
Mitsubishi,Lancer,CS1,2006,5595000,5595000,5595000,5595000,1
Mitsubishi,Lancer,CS1,2008,6412500,6375000,6000000,6900000,4
Mitsubishi,Lancer,CS1 GLX,2005,5490000,5490000,5490000,5490000,1
Mitsubishi,Lancer,CS1 GLX,2007,5575000,5575000,5575000,5575000,1
Mitsubishi,Lancer,CS1 GLX,2008,6250000,6250000,6250000,6250000,2
Mitsubishi,Lancer,CS2,2003,4950000,4950000,4950000,4950000,1
Mitsubishi,Lancer,CS2,2005,5995000,5995000,5995000,5995000,1
Mitsubishi,Lancer,CS2,2007,6850000,6850000,6850000,6850000,1
Mitsubishi,Lancer,CS2 EFI,2003,4675000,4675000,4675000,4675000,1
Mitsubishi,Lancer,CS3,2003,5650000,5650000,5650000,5650000,1
Mitsubishi,Lancer,CS3,2010,6725000,6725000,6200000,7250000,2
Mitsubishi,Lancer,CS3,2011,6950000,6950000,6900000,7000000,2
Mitsubishi,Lancer,Cb3,1994,3600000,3600000,3600000,3600000,1
Mitsubishi,Lancer,Cb3a,1992,2975000,2975000,2975000,2975000,1
Mitsubishi,Lancer,Ck1,1998,3870000,3870000,3865000,3875000,2
Mitsubishi,Lancer,Ck1,1999,18708333,3875000,3750000,48500000,3
Mitsubishi,Lancer,Ck1,2002,5500000,5500000,5500000,5500000,1
Mitsubishi,Lancer,Ck1,2003,4400000,4400000,4400000,4400000,1
Mitsubishi,Lancer,Ck1A,2000,4400000,4400000,4400000,4400000,1
Mitsubishi,Lancer,Ck1A Japan,2001,3885000,3885000,3885000,3885000,1
Mitsubishi,Lancer,Ck2,1998,4450000,4450000,4450000,4450000,1
Mitsubishi,Lancer,Ck2,2000,5000000,5000000,5000000,5000000,1
Mitsubishi,Lancer,Ck2,2002,4850000,4850000,4850000,4850000,1
Mitsubishi,Lancer,Ck2 Doch,1999,4700000,4700000,4700000,4700000,1
Mitsubishi,Lancer,Ck8,1997,3850000,3850000,3850000,3850000,1
Mitsubishi,Lancer,Cs 5,2003,6950000,6950000,6950000,6950000,1
Mitsubishi,Lancer,Cs1,2001,4975000,4975000,4975000,4975000,1
Mitsubishi,Lancer,Cs1,2002,5000000,5000000,4900000,5100000,2
Mitsubishi,Lancer,Cs1,2003,4637500,4637500,4500000,4775000,2
Mitsubishi,Lancer,Cs1,2005,5716667,5700000,5500000,5950000,3
Mitsubishi,Lancer,Cs1,2007,6216667,6300000,5850000,6500000,3
Mitsubishi,Lancer,Cs1,2008,6625000,6625000,6600000,6650000,2
Mitsubishi,Lancer,Cs1 Glx,2005,6650000,6650000,6650000,6650000,1
Mitsubishi,Lancer,Cs2,2006,6790000,6790000,6580000,7000000,2
Mitsubishi,Lancer,Cs3,2004,5875000,5875000,5875000,5875000,1
Mitsubishi,Lancer,Cs3,2008,7150000,7150000,7150000,7150000,1
Mitsubishi,Lancer,Cs3 GLX,2010,6950000,6950000,6950000,6950000,1
Mitsubishi,Lancer,Ex,2008,7900000,7900000,7900000,7900000,1
Mitsubishi,Lancer,GLS ASP Model,1991,1850000,1850000,1850000,1850000,1
Mitsubishi,Lancer,GLX,2011,6650000,6650000,6650000,6650000,1
Mitsubishi,Lancer,Standard,1991,2083333,1850000,1550000,2850000,3
Mitsubishi,Lancer,Standard,1992,8297500,3150000,2390000,24500000,4
Mitsubishi,Lancer,Standard,1994,3187500,3187500,2925000,3450000,2
Mitsubishi,Lancer,Standard,1995,3030000,3000000,2990000,3100000,3
Mitsubishi,Lancer,Standard,1997,4700000,4700000,4300000,5100000,2
Mitsubishi,Lancer,Standard,1998,4266667,4500000,3800000,4500000,3
Mitsubishi,Lancer,Standard,1999,4347500,4092500,3675000,5500000,6
Mitsubishi,Lancer,Standard,2000,5225000,5225000,4650000,5800000,2
Mitsubishi,Lancer,Standard,2001,5175000,5175000,4950000,5400000,3
Mitsubishi,Lancer,Standard,2002,4985714,5100000,4150000,5350000,7
Mitsubishi,Lancer,Standard,2003,5400000,5400000,5400000,5400000,1
Mitsubishi,Lancer,Standard,2004,5825000,5825000,5700000,5950000,2
Mitsubishi,Lancer,Standard,2005,6150000,6150000,6100000,6200000,2
Mitsubishi,Lancer,Standard,2006,6175000,6175000,5950000,6400000,2
Mitsubishi,Lancer,Standard,2007,6887500,6887500,6800000,6975000,2
Mitsubishi,Lancer,Standard,2008,6598000,6600000,6100000,7000000,5
Mitsubishi,Lancer,Standard,2010,9800000,9800000,9800000,9800000,1
Mitsubishi,Lancer,Standard,2011,6480000,6480000,6480000,6480000,1
Mitsubishi,Mirage,Standard,2013,5158333,5150000,5125000,5200000,3
Nissan,AD,WAGON,1998,2675000,2675000,2675000,2675000,1
Nissan,AD,Wagon,1993,1885000,1885000,1875000,1895000,2
Nissan,AD,Wagon,1996,2555000,2500000,2195000,2970000,3
Nissan,AD,Wagon,1997,2596429,2575000,2000000,3200000,7
Nissan,AD,Wagon,1998,2527500,2527500,2380000,2675000,2
Nissan,AD,Wagon,2000,3237500,3275000,2850000,3550000,4
Nissan,AD,Wagon,2003,3337500,3242500,2995000,3870000,4
Nissan,AD,Wagon VY11,2000,2890000,2890000,2890000,2890000,1
Nissan,AD,Wagon Y10,1993,2240000,2240000,2240000,2240000,1
Nissan,AD,Wagon Y10,1997,2912500,2912500,2900000,2925000,2
Nissan,Almera,EL,2025,13500000,13500000,13500000,13500000,1
Nissan,Almera,Standard,2025,13033333,13500000,11700000,13900000,3
Nissan,Almera,VL,2025,12682500,12682500,12190000,13175000,2
Nissan,Almera,VL Turbo,2025,12290000,12290000,12290000,12290000,1
Nissan,B14,Standard,1998,3233333,3300000,2950000,3450000,3
Nissan,B15,Standard,2000,4253333,4400000,3900000,4460000,3
Nissan,B15,Standard,2001,3585000,3982500,1775000,4600000,4
Nissan,Bluebird,Eprise,1999,3500000,3500000,3500000,3500000,1
Nissan,Bluebird,G11,2011,6500000,6500000,6500000,6500000,1
Nissan,Bluebird,SSS,1997,3150000,3150000,3150000,3150000,1
Nissan,Bluebird,SU14,1998,3550000,3550000,3550000,3550000,1
Nissan,Bluebird,SU14,1999,3036250,3112500,2670000,3250000,4
Nissan,Bluebird,SU14SSS,2000,2950000,2950000,2950000,2950000,1
Nissan,Bluebird,Standard,1990,1576667,1550000,1500000,1680000,3
Nissan,Bluebird,Standard,1996,2775000,2775000,2600000,2950000,3
Nissan,Bluebird,Standard,1997,2966667,2950000,2900000,3050000,3
Nissan,Bluebird,Standard,1998,2580000,2375000,2100000,3250000,7
Nissan,Bluebird,Standard,1999,3218750,3162500,3075000,3475000,4
Nissan,Bluebird,Standard,2000,3595833,3487500,2875000,4700000,6
Nissan,Bluebird,Standard,2001,3350000,3350000,3350000,3350000,1
Nissan,Bluebird,Standard,2002,3500000,3500000,3500000,3500000,1
Nissan,Bluebird,Standard,2003,4900000,4900000,4900000,4900000,1
Nissan,Bluebird,Standard,2011,6350000,6350000,6350000,6350000,1
Nissan,Bluebird,Sylphy,2001,4200000,4200000,4200000,4200000,1
Nissan,Bluebird,Sylphy,2002,3875000,4750000,1100000,4900000,4
Nissan,Bluebird,Sylphy,2003,4646667,4650000,4300000,4990000,3
Nissan,Bluebird,Sylphy,2011,7350000,7175000,7175000,7700000,3
Nissan,Bluebird,Sylphy FG 10,2003,4975000,4975000,4975000,4975000,1
Nissan,Bluebird,Sylphy FG10 Super Saloon,2003,4550000,4550000,4550000,4550000,1
Nissan,Bluebird,Sylphy Fg10,2003,4995000,4995000,4995000,4995000,1
Nissan,Bluebird,Sylphy G11,2011,6150000,6200000,6000000,6250000,3
Nissan,Bluebird,Sylphy N17,2003,5650000,5650000,5650000,5650000,1
Nissan,Bluebird,Sylphy QG10,2001,4250000,4250000,4250000,4250000,1
Nissan,Bluebird,U12,1990,1725000,1725000,1725000,1725000,1
Nissan,Bluebird,U14,1997,2850000,2850000,2850000,2850000,1
Nissan,Bluebird,U14,2000,2900000,2900000,2900000,2900000,1
Nissan,Bluebird,U14 SSS,1998,3590000,3590000,3590000,3590000,1
Nissan,Cedric,Gloria UY33,1996,4850000,4850000,4850000,4850000,1
Nissan,Cedric,Standard,1996,4200000,4200000,4200000,4200000,1
Nissan,Cedric,Y33,1996,3990000,3990000,3990000,3990000,1
Nissan,Cedric,Y33 RD28,1996,6500000,6500000,6500000,6500000,1
Nissan,Cefiro,A33,1999,3975000,3975000,3700000,4250000,2
Nissan,Cefiro,A33,2000,3750000,3750000,3750000,3750000,1
Nissan,Cefiro,A33,2003,2750000,2750000,2750000,2750000,1
Nissan,Cefiro,A33 EXCIMO,2007,3100000,3100000,3100000,3100000,1
Nissan,Cefiro,A33 Excimo,1999,3875000,3875000,3875000,3875000,1
Nissan,Cefiro,Excimo,2001,3300000,3300000,3300000,3300000,1
Nissan,Cefiro,J31,2007,7050000,7050000,7050000,7050000,1
Nissan,Cefiro,Limited,2001,3250000,3250000,3250000,3250000,1
Nissan,Cefiro,Standard,1999,4125000,4125000,3600000,4650000,2
Nissan,Cefiro,Standard,2000,3918750,3825000,3550000,4475000,4
Nissan,Cefiro,Standard,2001,4200000,4200000,3500000,4900000,2
Nissan,Cefiro,Standard,2003,4060000,3725000,3500000,5290000,4
Nissan,Cefiro,Standard,2004,5225000,5200000,4975000,5500000,3
Nissan,Cefiro,Standard,2007,6450000,6500000,6150000,6700000,3
Nissan,Cefiro,Z23JM J31,2007,6950000,6950000,6950000,6950000,1
Nissan,DAYZ,HIGHWAY STAR,2024,8250000,8250000,8250000,8250000,1
Nissan,DAYZ,HIGHWAY STAR PRO PILOT,2024,8350000,8350000,8350000,8350000,1
Nissan,DAYZ,HIGHWAY STAR X,2025,8550000,8550000,8550000,8550000,1
Nissan,DAYZ,HIGHWAY STAR X Limite Hybrid,2024,8275000,8275000,8275000,8275000,1
Nissan,DAYZ,HIGHWAY STAR X PRO PILOT,2024,8350000,8350000,8350000,8350000,1
Nissan,DAYZ,HIGHWAY STAR X PROPILOT,2024,8182500,8182500,8175000,8190000,2
Nissan,DAYZ,HYBRID HIGHWAY STAR X PRO PILOT,2024,7990000,7990000,7990000,7990000,1
Nissan,DAYZ,Highway Star,2025,8490000,8490000,8490000,8490000,1
Nissan,DAYZ,Highway Star PROPILOT,2024,8390000,8390000,8390000,8390000,1
Nissan,DAYZ,Highway Star Pro Pilot,2025,8890000,8890000,8890000,8890000,1
Nissan,DAYZ,Standard,2024,7450000,7450000,7300000,7600000,2
Nissan,DAYZ,X,2024,7890000,7890000,7890000,7890000,1
Nissan,DAYZ,X GRADE,2024,7775000,7775000,7775000,7775000,1
Nissan,DAYZ,X Limited,2024,7650000,7650000,7650000,7650000,1
Nissan,Dayz,B43 X,2025,7950000,7950000,7950000,7950000,1
Nissan,Dayz,B43W X Grade,2024,7500000,7500000,7500000,7500000,1
Nissan,Dayz,G,2023,7625000,7625000,7625000,7625000,1
Nissan,Dayz,HIGHWAY STAR,2024,8300000,8300000,8300000,8300000,1
Nissan,Dayz,HIGHWAY STAR,2025,8590000,8590000,8590000,8590000,1
Nissan,Dayz,High Way,2023,8175000,8175000,8175000,8175000,1
Nissan,Dayz,High Way Star,2023,7850000,7850000,7850000,7850000,1
Nissan,Dayz,High Way Star Propilot,2024,8575000,8575000,8575000,8575000,1
Nissan,Dayz,Highway G Turbo Pro Pilet,2024,8675000,8675000,8675000,8675000,1
Nissan,Dayz,Highway Satr Pro Pilot,2024,8290000,8290000,8290000,8290000,1
Nissan,Dayz,Highway Star,2017,6200000,6200000,6150000,6250000,2
Nissan,Dayz,Highway Star,2018,6641667,6650000,6475000,6800000,3
Nissan,Dayz,Highway Star,2019,5975000,5975000,5975000,5975000,1
Nissan,Dayz,Highway Star,2023,8175000,8150000,7975000,8575000,5
Nissan,Dayz,Highway Star,2024,7990000,7990000,7990000,7990000,1
Nissan,Dayz,Highway Star,2025,8763750,8682500,8490000,9200000,4
Nissan,Dayz,Highway Star,2026,8990000,8990000,8990000,8990000,1
Nissan,Dayz,Highway Star Custom G Propilot Turbo Urban Chrome Edition,2024,8595000,8595000,8595000,8595000,1
Nissan,Dayz,Highway Star G Turbo Pro Pilot Edition,2025,8775000,8775000,8775000,8775000,1
Nissan,Dayz,Highway Star G Turbo Urban Chrome,2025,8975000,8975000,8975000,8975000,1
Nissan,Dayz,Highway Star Pro Pilot,2024,8181667,8295000,7875000,8375000,3
Nissan,Dayz,Highway Star Pro Pilot,2025,8870000,8870000,8850000,8890000,2
Nissan,Dayz,Highway Star ProPilot,2025,8550000,8550000,8550000,8550000,1
Nissan,Dayz,Highway Star Propilot,2023,7850000,7850000,7850000,7850000,2
Nissan,Dayz,Highway Star Propilot,2024,8308125,8370000,7975000,8575000,8
Nissan,Dayz,Highway Star Propilot,2025,9150000,9150000,9150000,9150000,1
Nissan,Dayz,Highway Star Propilot Edition,2026,8795000,8795000,8795000,8795000,1
Nissan,Dayz,Highway Star X,2023,8360000,8360000,8360000,8360000,1
Nissan,Dayz,Highway Star X,2025,8780000,8750000,8490000,9100000,3
Nissan,Dayz,Highway Star X,2026,8850000,8850000,8850000,8850000,1
Nissan,Dayz,Highway Star X PROPILOT,2024,8100000,8100000,8100000,8100000,1
Nissan,Dayz,Highway Star X Pro Pilot,2023,8330000,8330000,8330000,8330000,1
Nissan,Dayz,Highway Star X Pro Pilot,2024,8100000,8100000,8100000,8100000,1
Nissan,Dayz,Highway Star X Pro Pilot,2025,8850000,8850000,8850000,8850000,1
Nissan,Dayz,Highway Star X Propilot,2024,8425000,8425000,8275000,8575000,2
Nissan,Dayz,Highway Star X Propilot Edition,2026,8990000,8990000,8990000,8990000,1
Nissan,Dayz,Hybrid Highway Star,2024,7862500,7862500,7675000,8050000,2
Nissan,Dayz,Pro Pilot,2023,8490000,8490000,8490000,8490000,1
Nissan,Dayz,Pro Pilot,2024,8590000,8590000,8590000,8590000,2
Nissan,Dayz,Propilot,2023,8200000,8200000,8200000,8200000,1
Nissan,Dayz,Propilt,2024,7985000,7985000,7985000,7985000,1
Nissan,Dayz,S Hybrid PRO PILOT HIGHWAY STAR X,2024,8350000,8350000,8350000,8350000,1
Nissan,Dayz,Standard,2017,6157143,6100000,5850000,6700000,7
Nissan,Dayz,Standard,2018,6489375,6450000,6000000,7050000,8
Nissan,Dayz,Standard,2019,6040000,6040000,5980000,6100000,2
Nissan,Dayz,Standard,2023,7914615,7950000,7290000,8200000,13
Nissan,Dayz,Standard,2024,8018750,8000000,7450000,8900000,28
Nissan,Dayz,Standard,2025,8173571,8075000,7525000,8950000,14
Nissan,Dayz,Standard,2026,8681250,8800000,7800000,9450000,8
Nissan,Dayz,X,2023,7290000,7290000,7290000,7290000,1
Nissan,Dayz,X,2024,7618571,7550000,7350000,8100000,7
Nissan,Dayz,X,2025,7950000,7950000,7950000,7950000,1
Nissan,Dayz,X,2026,8200000,8200000,8200000,8200000,1
Nissan,Dayz,X B43W,2025,7490000,7490000,7490000,7490000,1
Nissan,Dayz,X Grade,2018,5950000,5950000,5950000,5950000,1
Nissan,Dayz,X Grade,2023,7590000,7590000,7590000,7590000,1
Nissan,Dayz,X Grade,2025,7666667,7650000,7500000,7850000,3
Nissan,Dayz,X Grade 360,2026,7890000,7890000,7890000,7890000,1
Nissan,Dayz,X LED 360,2024,7950000,7950000,7950000,7950000,1
Nissan,Dayz,X LIMITED,2024,7875000,7875000,7875000,7875000,1
Nissan,Dayz,X LIMITED,2026,8290000,8290000,8290000,8290000,1
Nissan,Dayz,X Limited,2023,7850000,7850000,7850000,7850000,1
Nissan,Dayz,X Limited,2024,7675000,7675000,7675000,7675000,1
Nissan,Dayz,X Limited,2025,7893750,7867500,7850000,7990000,4
Nissan,Dayz,X Limited,2026,8025000,8025000,8025000,8025000,1
Nissan,Doctor,Sunny,1993,2100000,2075000,1800000,2450000,4
Nissan,Ex,Saloon,2001,4090000,4090000,3780000,4400000,2
Nissan,Ex,Saloon FB15,2001,4500000,4500000,4500000,4500000,1
Nissan,FB13,Doctor Sunny,1990,2300000,2300000,2250000,2350000,2
Nissan,FB13,Doctor Sunny,1991,2312500,2387500,2025000,2450000,4
Nissan,FB13,Doctor Sunny,1992,2350000,2350000,2350000,2350000,1
Nissan,FB13,Doctor Sunny,1993,2180000,2250000,1900000,2390000,3
Nissan,FB13,Doctor Sunny,1994,2390000,2390000,2390000,2390000,1
Nissan,FB13,Doctor Sunny Anniversary,1992,2450000,2450000,2450000,2450000,1
Nissan,FB13,Doctor Sunny Super Saloon,1990,2295000,2295000,2190000,2400000,2
Nissan,FB13,Standard,1990,2183333,2200000,1750000,2600000,3
Nissan,FB13,Standard,1991,2354500,2345000,2050000,2680000,10
Nissan,FB13,Standard,1992,2355833,2375000,2050000,2680000,18
Nissan,FB13,Standard,1993,2452500,2500000,2100000,2700000,10
Nissan,FB13,Standard,1994,2160000,2160000,2160000,2160000,1
Nissan,FB13,Standard,1996,2566667,2550000,2300000,2850000,3
Nissan,FB13,Sunny,1992,1875000,1875000,1875000,1875000,1
Nissan,FB13,Super Saloon,1991,2475000,2475000,2475000,2475000,1
Nissan,FB13,Super Saloon,1994,2583333,2575000,2575000,2600000,3
Nissan,FB13,Super Saloon Anniversary,1991,2550000,2550000,2550000,2550000,1
Nissan,FB14,EX SALOON,2000,3532500,3532500,3390000,3675000,2
Nissan,FB14,EX Saloon,1997,3650000,3650000,3650000,3650000,1
Nissan,FB14,EX Saloon,1998,3550000,3550000,3550000,3550000,1
Nissan,FB14,Ex Saloon,1997,3297500,3297500,3270000,3325000,2
Nissan,FB14,Ex Saloon,2000,3490000,3490000,3490000,3490000,1
Nissan,FB14,Sports Lucino,1998,2975000,2975000,2975000,2975000,1
Nissan,FB14,Standard,1994,2917143,2950000,2750000,3280000,7
Nissan,FB14,Standard,1995,2970833,3037500,2600000,3200000,6
Nissan,FB14,Standard,1996,2957174,2975000,1250000,3450000,23
Nissan,FB14,Standard,1997,3105455,3157500,2550000,3650000,22
Nissan,FB14,Standard,1998,3290000,3300000,2800000,3860000,21
Nissan,FB14,Standard,1999,3225000,3270000,2490000,3690000,10
Nissan,FB14,Standard,2000,2939800,2800000,2600000,3600000,5
Nissan,FB14,Standard,2001,3200000,3275000,2800000,3450000,4
Nissan,FB14,Standard,2003,2916667,3565000,885000,4300000,3
Nissan,FB14,Sunny,1994,2550000,2550000,2550000,2550000,1
Nissan,FB14,Sunny,1995,3400000,3400000,3400000,3400000,1
Nissan,FB14,Sunny,1996,3250000,3250000,3250000,3250000,1
Nissan,FB14,Super Saloon,1995,2900000,2900000,2900000,2900000,5
Nissan,FB14,Super Saloon,1996,3450000,3450000,3450000,3450000,1
Nissan,FB14,Super Saloon,1997,3428750,3420000,3375000,3500000,4
Nissan,FB14,Super Saloon,1998,3090000,3090000,3090000,3090000,1
Nissan,FB14,Super Saloon,1999,3350000,3350000,3350000,3350000,1
Nissan,FB14,Super Seloon,1997,3370000,3370000,3370000,3370000,1
Nissan,FB15,ECO MODEL,1999,4090000,4090000,4090000,4090000,1
Nissan,FB15,EX Saloon,1999,3850000,3850000,3850000,3850000,1
Nissan,FB15,EX Saloon,2000,4375000,4375000,4375000,4375000,1
Nissan,FB15,EX Saloon,2001,4150000,4150000,4150000,4150000,1
Nissan,FB15,Ex Saloon,1999,3950000,3950000,3950000,3950000,1
Nissan,FB15,Ex Saloon,2000,3950000,3950000,3950000,3950000,1
Nissan,FB15,Ex Saloon,2003,4857500,4857500,4690000,5025000,2
Nissan,FB15,SUPER SALOON,2002,4812500,4812500,4250000,5375000,2
Nissan,FB15,Standard,1998,4103333,4100000,4010000,4200000,3
Nissan,FB15,Standard,1999,4032333,4050000,3525000,4375000,27
Nissan,FB15,Standard,2000,4223649,4250000,3825000,4700000,37
Nissan,FB15,Standard,2001,4317647,4300000,4150000,4550000,17
Nissan,FB15,Standard,2002,4540556,4587500,3900000,4950000,18
Nissan,FB15,Standard,2003,4736500,4612500,4100000,5750000,20
Nissan,FB15,Standard,2004,4727000,4487500,4320000,5350000,10
Nissan,FB15,Standard,2005,4447500,4422500,4165000,4950000,6
Nissan,FB15,Sunny,1999,3925000,3925000,3850000,4000000,2
Nissan,FB15,Super SALOON,2004,4550000,4550000,4550000,4550000,1
Nissan,FB15,Super Saloon,1999,4087500,4100000,3850000,4300000,4
Nissan,FB15,Super Saloon,2000,4375000,4375000,4375000,4375000,1
Nissan,FB15,Super Saloon,2001,4700000,4700000,4700000,4700000,1
Nissan,FB15,Super Saloon,2002,4725000,4725000,4650000,4800000,2
Nissan,FB15,Super Saloon,2003,5200000,5200000,5200000,5200000,1
Nissan,FB15,Super Saloon,2005,4450000,4450000,4200000,4700000,2
Nissan,FB15,Super Saloon Splend,2000,4490000,4490000,4490000,4490000,1
Nissan,FB15,Super Saloon Splend Limited Edition,2000,4625000,4625000,4625000,4625000,1
Nissan,Leaf,AZEO,2013,6737500,6625000,5450000,8250000,4
Nissan,Leaf,AZEO,2014,6136667,5885000,5675000,6850000,3
Nissan,Leaf,AZEO,2015,6900000,6900000,6900000,6900000,1
Nissan,Leaf,AZEO G Aero Style 62KW,2014,7990000,7990000,7990000,7990000,1
Nissan,Leaf,Acenta Uk Version,2014,5875000,5875000,5875000,5875000,1
Nissan,Leaf,Aero Azeo,2013,6750000,6750000,6750000,6750000,1
Nissan,Leaf,Azeo,2013,5850000,5850000,5850000,5850000,1
Nissan,Leaf,Azeo,2015,8500000,8500000,8500000,8500000,1
Nissan,Leaf,Azeo 56kw,2014,6975000,6975000,6975000,6975000,1
Nissan,Leaf,Azeo 8 Bar 90120km,2012,5450000,5450000,5450000,5450000,1
Nissan,Leaf,Azeo X Grade,2014,6350000,6350000,6350000,6350000,1
Nissan,Leaf,G Azeo,2012,5475000,5475000,5475000,5475000,1
Nissan,Leaf,G Grade,2014,7000000,7000000,7000000,7000000,1
Nissan,Leaf,Standard,2012,5970000,5900000,4825000,6695000,9
Nissan,Leaf,Standard,2013,6660417,6275000,5300000,8700000,12
Nissan,Leaf,Standard,2014,7090909,7000000,5700000,8700000,11
Nissan,Leaf,Standard,2015,7037500,6800000,5575000,8975000,4
Nissan,Leaf,Standard,2018,12500000,12500000,12500000,12500000,1
Nissan,Leaf,Tekna,2018,13000000,13000000,13000000,13000000,1
Nissan,Leaf,ZAA-ZE0,2015,6900000,6900000,6900000,6900000,1
Nissan,Leaf,ZEO UK,2013,6550000,6550000,6550000,6550000,1
Nissan,Leaf,Ze1,2018,13000000,13000000,13000000,13000000,1
Nissan,MARCH,AK12,2007,4500000,4500000,4500000,4500000,2
Nissan,MARCH,K12,2007,4555000,4555000,4555000,4555000,1
Nissan,March,AK11,2000,2990000,2990000,2990000,2990000,1
Nissan,March,AK12,2002,3670000,3670000,3590000,3750000,2
Nissan,March,AK12,2003,3641667,3650000,3485000,3790000,3
Nissan,March,AK12,2005,3590000,3590000,3590000,3590000,1
Nissan,March,AK12,2007,4220000,4260000,4050000,4350000,3
Nissan,March,AK12,2008,4450000,4450000,4450000,4450000,1
Nissan,March,AK12,2010,4600000,4625000,4550000,4625000,3
Nissan,March,AK12 3 Number,2008,4850000,4850000,4850000,4850000,1
Nissan,March,Ak12,2003,3600000,3600000,3600000,3600000,1
Nissan,March,Ak12,2007,4245000,4250000,4185000,4300000,3
Nissan,March,B11,2001,3375000,3375000,3375000,3375000,1
Nissan,March,HK11,2002,3255000,3255000,3250000,3260000,2
Nissan,March,Hk11,2003,3290000,3290000,3290000,3290000,1
Nissan,March,K10,1990,1485000,1590000,1265000,1600000,3
Nissan,March,K10,1991,1579167,1687500,775000,2000000,6
Nissan,March,K11,1996,2654286,2600000,2295000,2950000,7
Nissan,March,K11,1997,2885000,2950000,2650000,2975000,5
Nissan,March,K11,1998,2991667,3000000,2725000,3250000,3
Nissan,March,K11,1999,3193125,3197500,2700000,3575000,16
Nissan,March,K11,2000,3177963,3200000,2650000,3475000,27
Nissan,March,K11,2001,3368400,3390000,2900000,3650000,25
Nissan,March,K11,2002,3305000,3300000,3100000,3600000,5
Nissan,March,K11,2003,3395833,3275000,3150000,3850000,6
Nissan,March,K11,2004,3483333,3500000,3400000,3550000,6
Nissan,March,K11,2005,2750000,2750000,2750000,2750000,1
Nissan,March,K11,2006,3520000,3520000,3450000,3590000,2
Nissan,March,K11,2007,3900000,3900000,3900000,3900000,1
Nissan,March,K11,2008,3800000,3800000,3800000,3800000,1
Nissan,March,K11 Mia,2004,3500000,3500000,3500000,3500000,1
Nissan,March,K11 Spot,1999,2650000,2650000,2650000,2650000,1
Nissan,March,K112 Door,2001,3275000,3275000,3275000,3275000,1
Nissan,March,K12,2002,3606786,3600000,3200000,4500000,14
Nissan,March,K12,2003,3659167,3602500,3100000,4550000,6
Nissan,March,K12,2004,4075000,4075000,4050000,4100000,2
Nissan,March,K12,2005,3841667,3925000,3650000,3950000,3
Nissan,March,K12,2006,3790000,3790000,3790000,3790000,1
Nissan,March,K12,2007,4345000,4350000,4200000,4500000,7
Nissan,March,K12,2008,4600000,4600000,4600000,4600000,1
Nissan,March,K12,2010,4991667,4875000,4850000,5250000,3
Nissan,March,K13,2010,5425000,5425000,5425000,5425000,1
Nissan,March,Standard,1990,1302500,1302500,1280000,1325000,2
Nissan,March,Standard,1997,2940000,2940000,2940000,2940000,1
Nissan,March,Standard,2000,8087500,3217500,2690000,33025000,6
Nissan,March,Standard,2001,3351667,3280000,3175000,3600000,3
Nissan,March,Standard,2002,3635000,3575000,3260000,4050000,6
Nissan,March,Standard,2003,3813333,3690000,3250000,4500000,3
Nissan,March,Standard,2004,3512500,3512500,3450000,3575000,2
Nissan,March,Standard,2007,4408333,4400000,4050000,4850000,6
Nissan,March,Standard,2008,4775000,4775000,4775000,4775000,1
Nissan,March,Standard,2010,5068750,5062500,4750000,5400000,4
Nissan,N16,BlueBird Sylphy G Grade,2004,4750000,4750000,4750000,4750000,1
Nissan,N16,Bluebird Sply,2000,3950000,3950000,3950000,3950000,1
Nissan,N16,Bluebird Sylphy,2001,4275000,4275000,4275000,4275000,1
Nissan,N16,Ex Saloon,2006,4350000,4350000,4350000,4350000,1
Nissan,N16,Limited,2001,4225000,4225000,4225000,4225000,1
Nissan,N16,N17 Sunny,2011,5500000,5500000,5500000,5500000,1
Nissan,N16,Shylpy,2000,4250000,4250000,4250000,4250000,1
Nissan,N16,Standard,2000,4080417,4062500,3425000,4950000,24
Nissan,N16,Standard,2001,4247667,4300000,3600000,4850000,15
Nissan,N16,Standard,2002,4230000,4175000,3800000,4700000,5
Nissan,N16,Standard,2003,4360000,4350000,3750000,4850000,5
Nissan,N16,Standard,2004,3768750,4282500,1075000,4690000,12
Nissan,N16,Standard,2005,4265000,4250000,4050000,4600000,5
Nissan,N16,Standard,2006,4530714,4450000,4290000,4950000,7
Nissan,N16,Standard,2011,5605000,5700000,5350000,5800000,5
Nissan,N16,Sunny,2000,3950000,3975000,3475000,4400000,3
Nissan,N16,Sunny,2001,4000000,4000000,3950000,4050000,2
Nissan,N16,Sunny,2003,4480000,4480000,4375000,4585000,2
Nissan,N16,Sunny N17,2004,4390000,4390000,4390000,4390000,1
Nissan,N16,Sunny N17,2005,4850000,4850000,4850000,4850000,1
Nissan,N16,Sunny N17 Super Saloon,2006,4150000,4150000,4150000,4150000,1
Nissan,N16,Sunny Super Saloon,2000,4200000,4200000,4200000,4200000,2
Nissan,N16,Sunny Super Saloon,2004,4350000,4350000,4350000,4350000,1
Nissan,N16,Sunny Super Saloon Japan,2001,3890000,3890000,3890000,3890000,1
Nissan,N16,Sunny Sylphy FG10,2001,4150000,4150000,4150000,4150000,1
Nissan,N16,Super Saloon,2000,4350000,4350000,4350000,4350000,1
Nissan,N16,Super Saloon,2003,4200000,4200000,4200000,4200000,1
Nissan,N16,Super Saloon,2004,4190000,4190000,4190000,4190000,1
Nissan,N16,Sylphy,2000,4950000,4950000,4950000,4950000,1
Nissan,N16,Sylphy,2001,3900000,3900000,3900000,3900000,1
Nissan,N17,Bluebird Sylphy,2004,4975000,4975000,4975000,4975000,1
Nissan,N17,FG 10,2003,4990000,4990000,4990000,4990000,1
Nissan,N17,Standard,2003,4400000,4350000,4000000,4850000,3
Nissan,N17,Standard,2004,4500000,4500000,4500000,4500000,2
Nissan,N17,Standard,2007,4667500,4712500,4200000,4990000,6
Nissan,N17,Standard,2008,4500000,4450000,4350000,4700000,3
Nissan,N17,Standard,2012,5398750,5300000,5300000,5695000,4
Nissan,Presea,R11,1997,3100000,3100000,3100000,3100000,1
Nissan,Presea,Standard,1991,1758333,2000000,700000,2575000,3
Nissan,Presea,Standard,1995,2887500,3025000,2350000,3150000,4
Nissan,Presea,Standard,1996,2848333,2870000,2775000,2900000,3
Nissan,Presea,Standard,1997,3312500,3300000,3000000,3650000,4
Nissan,Presea,Standard,2004,3337000,3325000,3285000,3400000,5
Nissan,Primera,Ek3 Lancer,1998,3000000,3000000,3000000,3000000,1
Nissan,Primera,High Spec,1998,3285800,3285800,3285800,3285800,1
Nissan,Primera,P12,2001,3850000,3850000,3850000,3850000,2
Nissan,Primera,Standard,1998,3600000,3600000,3600000,3600000,1
Nissan,Primera,Standard,2001,3895000,3895000,3700000,4090000,2
Nissan,Pulsar,CJ2,1997,3475000,3475000,3475000,3475000,1
Nissan,Pulsar,CJ2,1998,3280000,3280000,3280000,3280000,1
Nissan,Pulsar,Cj2,1997,3200000,3200000,3200000,3200000,1
Nissan,Pulsar,Cj2,1999,3275000,3275000,3275000,3275000,1
Nissan,Pulsar,FN 15,1998,3550000,3550000,3550000,3550000,1
Nissan,Pulsar,FN15FB15,2000,3760000,3760000,3760000,3760000,1
Nissan,Pulsar,Standard,1993,2261667,2285000,2150000,2350000,3
Nissan,Pulsar,Standard,1996,2825000,2975000,2500000,3000000,3
Nissan,Pulsar,Standard,1997,3208333,3312500,2900000,3425000,6
Nissan,Pulsar,Standard,1998,3123333,3062500,2600000,3550000,6
Nissan,Pulsar,Standard,1999,3413333,3490000,3100000,3650000,3
Nissan,Pulsar,Standard,2000,3658000,3665000,3375000,3900000,5
Nissan,Pulsar,Sunny FB14,1999,3290000,3290000,3290000,3290000,1
Nissan,Pulsar,Wagon,1997,2800000,2800000,2800000,2800000,1
Nissan,ROOX,HIGHWAY STAR G TURBO,2024,9150000,9150000,9150000,9150000,1
Nissan,ROOX,HIGHWAY STAR G TURBO PROPILOT,2023,8975000,8975000,8975000,8975000,1
Nissan,ROOX,HIGHWAY STAR PROPILOT,2023,8862500,8862500,8850000,8875000,2
Nissan,ROOX,HIGHWAYS STAR PRO PILOT,2024,8975000,8975000,8975000,8975000,1
Nissan,ROOX,HYBRID HWS X PROPILOT,2023,8625000,8625000,8625000,8625000,1
Nissan,ROOX,Highway Star,2024,8975000,8975000,8975000,8975000,1
Nissan,ROOX,TURBO G Highway Star,2024,9350000,9350000,9350000,9350000,1
Nissan,ROOX,X GRADE,2024,8350000,8350000,8350000,8350000,1
Nissan,ROOX,X Grade Hybrid,2024,8275000,8275000,8275000,8275000,1
Nissan,ROOX,X PROPILOT DAYZ WAGON R HYBRID,2024,8550000,8550000,8550000,8550000,1
Nissan,Roox,G Turbo,2024,9375000,9375000,9375000,9375000,1
Nissan,Roox,G Turbo Highway,2024,9350000,9350000,9350000,9350000,1
Nissan,Roox,G Turbo Pro Pilot,2024,9200000,9200000,9200000,9200000,1
Nissan,Roox,G Turbo Propilot,2024,9150000,9150000,9150000,9150000,1
Nissan,Roox,HighWay Star,2024,8475000,8475000,8475000,8475000,1
Nissan,Roox,Highway Star,2023,7885000,7885000,7885000,7885000,1
Nissan,Roox,Highway Star,2024,8966667,8850000,8750000,9300000,3
Nissan,Roox,Highway Star,2025,9350000,9350000,9350000,9350000,1
Nissan,Roox,Highway Star G Propilot,2025,9550000,9550000,9550000,9550000,1
Nissan,Roox,Highway Star G Turbo,2024,9050000,9050000,9050000,9050000,1
Nissan,Roox,Highway Star Pro Piliot Edition,2024,9195000,9195000,9195000,9195000,1
Nissan,Roox,Highway Star Pro Pilot,2023,8487500,8487500,8300000,8675000,2
Nissan,Roox,Highway Star Pro Pilot,2024,9225000,9225000,9225000,9225000,1
Nissan,Roox,Highway Star Pro Pilot,2025,8890000,8890000,8890000,8890000,1
Nissan,Roox,Highway Star Pro Pilot 360 Cam,2024,9450000,9450000,9450000,9450000,1
Nissan,Roox,Highway Star Pro Pilot 360 Cam,2025,9550000,9550000,9550000,9550000,1
Nissan,Roox,Highway Star Propilot X,2024,8650000,8650000,8650000,8650000,1
Nissan,Roox,Highway Star X,2024,9350000,9350000,9350000,9350000,1
Nissan,Roox,Highway Star X,2025,8950000,8950000,8950000,8950000,1
Nissan,Roox,Highway Star X Pro Pilot,2023,9050000,9050000,9050000,9050000,1
Nissan,Roox,Highway Star X Pro Pilot Edition,2025,8900000,8900000,8900000,8900000,1
Nissan,Roox,Highway Star X Ubran Chrome Propilot,2024,9350000,9350000,9350000,9350000,1
Nissan,Roox,Hybrid,2024,7945000,7945000,7945000,7945000,1
Nissan,Roox,Pro Pilot,2024,8525000,8525000,8525000,8525000,1
Nissan,Roox,Propailat,2024,8500000,8500000,8500000,8500000,1
Nissan,Roox,Standard,2023,8323571,8350000,7900000,8500000,7
Nissan,Roox,Standard,2024,8505000,8500000,7850000,8975000,5
Nissan,Roox,Standard,2025,8755000,8600000,8275000,9350000,5
Nissan,Roox,X,2024,8350000,8350000,8350000,8350000,1
Nissan,Roox,X Grade,2024,7900000,7900000,7900000,7900000,1
Nissan,Sakura,90th Anniversary Limited,2025,8695000,8695000,8695000,8695000,1
Nissan,Sakura,EV,2025,8545000,8545000,8495000,8595000,2
Nissan,Sakura,Standard,2023,8708333,8600000,8175000,9350000,3
Nissan,Sunny,Ad Wagon Wingroad Y11,2000,2985000,2985000,2985000,2985000,1
Nissan,Sunny,B13,1991,2675000,2675000,2675000,2675000,1
Nissan,Sunny,B13,1993,2450000,2450000,2450000,2450000,1
Nissan,Sunny,Bluebird Sylphy,2011,7500000,7500000,7500000,7500000,1
Nissan,Sunny,Ex Saloon,2003,4200000,4200000,4200000,4200000,1
Nissan,Sunny,Ex Saloon,2011,5750000,5750000,5750000,5750000,1
Nissan,Sunny,FB13,1991,2400000,2400000,2400000,2400000,1
Nissan,Sunny,FB13,1993,1975000,1975000,1975000,1975000,1
Nissan,Sunny,FB13 Super Saloon,1995,2580000,2580000,2580000,2580000,1
Nissan,Sunny,FB14,1995,2285000,2285000,2285000,2285000,1
Nissan,Sunny,FB14,1997,3475000,3475000,3475000,3475000,1
Nissan,Sunny,FB14,1998,3325000,3325000,3325000,3325000,1
Nissan,Sunny,FB14,1999,3483333,3600000,3250000,3600000,3
Nissan,Sunny,FB14,2000,3790000,3790000,3790000,3790000,1
Nissan,Sunny,FB14 Lucino,2003,3565000,3565000,3565000,3565000,1
Nissan,Sunny,FB14 SUPER SALOON,1997,3475000,3475000,3475000,3475000,1
Nissan,Sunny,FB14 Splend,1997,3095000,3095000,3095000,3095000,1
Nissan,Sunny,FB14 Super Saloon,1997,3320000,3320000,3290000,3350000,2
Nissan,Sunny,FB15,1999,3975000,3975000,3950000,4000000,2
Nissan,Sunny,FB15,2000,4208333,4275000,4000000,4350000,3
Nissan,Sunny,FB15,2001,3975000,3975000,3750000,4200000,3
Nissan,Sunny,FB15,2002,3975000,3975000,3975000,3975000,1
Nissan,Sunny,FB15,2003,5075000,5075000,5075000,5075000,1
Nissan,Sunny,FB15,2004,5275000,5275000,5275000,5275000,1
Nissan,Sunny,FB15 Ex Saloon,2000,4100000,4100000,4100000,4100000,1
Nissan,Sunny,N17,2003,4300000,4300000,4300000,4300000,1
Nissan,Sunny,N17,2008,4525000,4525000,4525000,4525000,1
Nissan,Sunny,N17,2011,5807500,5807500,5750000,5865000,2
Nissan,Sunny,N17 EX Saloon,2003,4975000,4975000,4975000,4975000,1
Nissan,Sunny,SB14,2000,3290000,3290000,3290000,3290000,1
Nissan,Sunny,Sb14,1997,2975000,2975000,2975000,2975000,1
Nissan,Sunny,Standard,1991,2100000,2100000,1950000,2250000,2
Nissan,Sunny,Standard,1993,1950000,1950000,1950000,1950000,1
Nissan,Sunny,Standard,1995,1785000,1785000,770000,2800000,2
Nissan,Sunny,Standard,1997,3346667,3490000,3050000,3500000,3
Nissan,Sunny,Standard,1998,3008333,2775000,2750000,3500000,3
Nissan,Sunny,Standard,1999,3100000,3050000,2900000,3350000,3
Nissan,Sunny,Standard,2000,4320000,4500000,3250000,4900000,5
Nissan,Sunny,Standard,2001,4331250,4420000,3985000,4500000,4
Nissan,Sunny,Standard,2002,4155000,4275000,3750000,4500000,5
Nissan,Sunny,Standard,2004,4100000,4100000,4100000,4100000,1
Nissan,Sunny,Standard,2008,4995000,4995000,4995000,4995000,1
Nissan,Sunny,Super Saloon,2008,4850000,4850000,4850000,4850000,1
Nissan,Sunny,Wingroad WFY11,2004,3875000,3875000,3875000,3875000,1
Nissan,Sunny,Y11,2000,3650000,3650000,3650000,3650000,1
Nissan,Super,Saloon,2000,4450000,4450000,4450000,4450000,3
Nissan,Super,Saloon FB15 Splend,2000,4325000,4325000,4325000,4325000,1
Nissan,Super,Saloon N16,2000,3990000,3990000,3990000,3990000,1
Nissan,Sylphy,N16,2001,4475000,4475000,4475000,4475000,1
Nissan,Sylphy,Standard,2000,4358333,4375000,4200000,4500000,3
Nissan,Sylphy,Standard,2001,4398333,4450000,4250000,4495000,3
Nissan,Tiida,CVT,2010,5975000,5975000,5975000,5975000,1
Nissan,Tiida,Hatchback,2008,5300000,5300000,5300000,5300000,2
Nissan,Tiida,LATIO,2008,5490000,5490000,5490000,5490000,1
Nissan,Tiida,Latio,2007,5350000,5350000,5350000,5350000,1
Nissan,Tiida,Latio,2008,5650000,5650000,5650000,5650000,1
Nissan,Tiida,Latio,2010,5700000,5700000,5700000,5700000,1
Nissan,Tiida,Standard,2007,5282500,5250000,4950000,5900000,18
Nissan,Tiida,Standard,2008,5388636,5250000,5100000,5750000,11
Nissan,Tiida,Standard,2010,5470000,5595000,5000000,5690000,4
Nissan,Wingroad,AD Wagon,1999,2595000,2595000,2595000,2595000,1
Nissan,Wingroad,Standard,1997,2650000,2642500,2290000,2950000,10
Nissan,Wingroad,Standard,1999,3495000,3495000,3495000,3495000,1
Nissan,Wingroad,Standard,2000,3562500,3475000,3250000,4050000,4
Nissan,Wingroad,Standard,2001,3579167,3550000,2900000,4275000,6
Nissan,Wingroad,Standard,2002,4291667,4200000,4075000,4600000,3
Nissan,Wingroad,Standard,2003,4188750,4185000,3300000,4890000,8
Nissan,Wingroad,Standard,2004,4300000,4300000,4300000,4300000,1
Nissan,Wingroad,Standard,2007,5233333,5300000,5100000,5300000,3
Nissan,Wingroad,WFY11,2000,3925000,3950000,3875000,3950000,3
Nissan,Wingroad,WFY11,2001,4045000,4045000,3900000,4190000,2
Nissan,Wingroad,WFY11,2002,4495000,4495000,4300000,4690000,2
Nissan,Wingroad,WFY11,2004,4900000,4900000,4900000,4900000,1
Nissan,Wingroad,Wfy11,1999,4300000,4300000,4300000,4300000,1
Nissan,Wingroad,Wfy11,2000,4787500,4787500,4275000,5300000,2
Nissan,Wingroad,Wfy11 Highest,2000,4500000,4500000,4500000,4500000,1
Nissan,Wingroad,Y10,1997,2470000,2470000,2470000,2470000,1
Nissan,Wingroad,Y10 JS Limited,1999,2750000,2750000,2750000,2750000,1
Nissan,Wingroad,Y11,2000,3950000,3950000,3950000,3950000,1
Nissan,Wingroad,Y11,2001,3800000,3800000,3800000,3800000,1
Nissan,Wingroad,Y11,2004,4050000,4050000,4000000,4100000,2
Nissan,Wingroad,Y12,2007,5500000,5500000,5150000,5850000,2
Nissan,Y11,Ad Wagon,2001,3050000,3050000,3050000,3050000,1
Nissan,Y11,Standard,2000,2875000,3025000,1950000,3250000,6
Nissan,Y11,Standard,2001,2671250,3145000,995000,3400000,4
Nissan,Y11,Standard,2002,3733333,3650000,3000000,4550000,3
Nissan,Y11,Standard,2004,3850000,3900000,3700000,3950000,3
Perodua,Axia,G,2015,5675000,5675000,5675000,5675000,1
Perodua,Axia,G,2016,5912500,5912500,5850000,5975000,2
Perodua,Axia,G,2017,6350000,6350000,6350000,6350000,1
Perodua,Axia,G Grade,2015,5435000,5435000,5435000,5435000,1
Perodua,Axia,G Grade,2017,6133000,6125000,5875000,6400000,5
Perodua,Axia,Standard,2015,5700000,5700000,5700000,5700000,1
Perodua,Axia,Standard,2016,5973429,6190000,4975000,6300000,7
Perodua,Axia,Standard,2017,6169167,6200000,5975000,6290000,6
Perodua,Axia,Standard,2020,7233333,7250000,7175000,7275000,3
Perodua,Bezza,Standard,2017,6657647,6690000,6275000,6995000,17
Perodua,Bezza,Standard,2018,6882692,6875000,6500000,7500000,13
Perodua,Bezza,Standard,2025,8640000,8662500,8390000,8800000,6
Perodua,Kelisa,Standard,2003,3013333,3050000,2900000,3090000,3
Perodua,Kelisa,Standard,2004,3525000,3312500,3200000,4275000,4
Perodua,Kelisa,Standard,2005,3507857,3500000,3285000,3695000,7
Perodua,Kelisa,Standard,2006,3481667,3445000,3275000,3800000,6
Perodua,Kelisa,Standard,2007,3456250,3312500,3250000,3950000,4
Perodua,Kenari,Standard,2007,3472143,3500000,3150000,3675000,7
Perodua,Kenari,Standard,2008,3475000,3590000,2875000,3800000,5
Perodua,Viva,Elite,2008,4027222,3900000,3850000,4460000,9
Perodua,Viva,Elite,2010,4297727,4390000,3790000,4570000,22
Perodua,Viva,Elite,2011,4445000,4480000,3830000,4975000,58
Perodua,Viva,Elite,2012,4594697,4590000,4000000,5650000,33
Perodua,Viva,Elite,2013,4627500,4675000,4250000,4965000,12
Perodua,Viva,Elite,2014,4737500,4812500,4350000,4975000,4
Perodua,Viva,Elite Premium,2010,4890000,4890000,4890000,4890000,1
Perodua,Viva,Elite Premium,2011,4690000,4675000,4490000,4950000,7
Perodua,Viva,Elite Premium,2012,4650000,4650000,4650000,4650000,1
Perodua,Viva,Elite Premium AMAZING,2010,4450000,4450000,4450000,4450000,1
Peugeot,206,Standard,2005,2360000,2500000,1380000,3200000,3
Peugeot,405,GL,1991,1075000,1075000,1075000,1075000,1
Peugeot,405,Standard,1991,950000,950000,900000,1000000,2
Peugeot,405,Standard,1995,1583333,1550000,1450000,1750000,3
Peugeot,406,D8,1997,2050000,2050000,2050000,2050000,1
Peugeot,406,D9,2000,2475000,2475000,2475000,2475000,1
Peugeot,406,HDI,2000,2950000,2950000,2950000,2950000,1
Peugeot,406,ST,2001,2900000,2900000,2900000,2900000,1
Peugeot,406,Standard,1997,2308333,2300000,2050000,2575000,3
Peugeot,406,Standard,2000,2968750,2987500,2750000,3150000,4
Peugeot,406,Standard,2001,3253333,3285000,2800000,3700000,6
Peugeot,406,Standard,2002,3212500,3200000,2825000,3700000,6
Peugeot,407,SE,2006,5675000,5675000,5675000,5675000,1
Peugeot,407,Standard,2006,5850000,5600000,5500000,6450000,3
Peugeot,407,Standard,2007,5563571,5500000,5150000,6600000,7
Peugeot,508,Standard,2012,9030000,8500000,8090000,10500000,3
Renault,KWID,RXT,2016,3850000,3850000,3850000,3850000,1
Renault,KWID,RXT SPORT,2016,3475000,3475000,3475000,3475000,1
Renault,KWID,RXT SPORTS,2016,3575000,3575000,3575000,3575000,1
Renault,KWID,Standard,2016,3807000,3725000,3650000,4085000,5
Renault,Kwid,RXT,2016,3925000,3925000,3925000,3925000,1
Renault,Kwid,RXT,2017,3850000,3875000,3750000,3925000,3
Renault,Kwid,RXT,2018,3950000,3950000,3950000,3950000,1
Renault,Kwid,RXT Sport,2017,3700000,3700000,3700000,3700000,1
Renault,Kwid,Rxt,2016,3716667,3795000,3465000,3890000,3
Renault,Kwid,Standard,2016,3722759,3700000,3250000,4125000,58
Renault,Kwid,Standard,2017,3756501,3750000,3375000,4275000,10
Renault,Kwid,Standard,2018,3975000,3937500,3775000,4250000,4
Suzuki,A-Star,Standard,2010,3912500,3912500,3875000,3950000,2
Suzuki,A-Star,Standard,2011,5097568,4195000,1500000,40750000,37
Suzuki,A-Star,Standard,2012,4210556,4280000,3850000,4450000,9
Suzuki,A-Star,VXI,2010,3850000,3850000,3850000,3850000,1
Suzuki,A-Star,VXI,2011,4590000,4590000,4590000,4590000,1
Suzuki,ALTO,800,2015,3977500,3977500,3975000,3980000,2
Suzuki,ALTO,800 LXI,2015,4200000,4200000,4200000,4200000,1
Suzuki,ALTO,800 Lxi,2015,4007500,4007500,3925000,4090000,2
Suzuki,ALTO,L GRADE,2024,6975000,6975000,6975000,6975000,1
Suzuki,ALTO,LXI,2015,4097500,4097500,3995000,4200000,2
Suzuki,ALTO,SAFETY JAPAN,2024,6650000,6650000,6650000,6650000,1
Suzuki,ALTO,Standard,2015,4150000,4150000,4150000,4150000,2
Suzuki,ALTO,X,2024,7650000,7650000,7650000,7650000,1
Suzuki,ALTO,X 4way,2024,7550000,7550000,7550000,7550000,1
Suzuki,Alto,800,2006,2875000,2875000,2800000,2950000,2
Suzuki,Alto,800,2008,3190000,3190000,3190000,3190000,1
Suzuki,Alto,800,2009,3500000,3500000,3500000,3500000,1
Suzuki,Alto,800,2010,3395000,3395000,3365000,3425000,2
Suzuki,Alto,800,2011,3225000,3225000,3225000,3225000,1
Suzuki,Alto,800,2012,3470000,3470000,3450000,3490000,2
Suzuki,Alto,800,2014,3795000,3795000,3790000,3800000,2
Suzuki,Alto,800,2015,4110926,4100000,3850000,4550000,27
Suzuki,Alto,800,2016,4250000,4250000,4250000,4250000,1
Suzuki,Alto,800,2017,4800000,4800000,4800000,4800000,1
Suzuki,Alto,800,2018,5100000,5100000,5100000,5100000,1
Suzuki,Alto,800 LXI,2007,2990000,2990000,2990000,2990000,1
Suzuki,Alto,800 LXI,2013,4025000,4025000,3900000,4150000,2
Suzuki,Alto,800 LXI,2015,4087667,4050000,3845000,4300000,15
Suzuki,Alto,800 LXI,2016,4341250,4300000,4190000,4575000,4
Suzuki,Alto,800 LXi,2015,4210000,4210000,4210000,4210000,1
Suzuki,Alto,800 Lxi,2007,3175000,3175000,3175000,3175000,1
Suzuki,Alto,800 Lxi,2015,4273333,4225000,4195000,4400000,3
Suzuki,Alto,800 Sport,2011,3300000,3300000,3300000,3300000,1
Suzuki,Alto,A LTD Safety,2024,6475000,6475000,6475000,6475000,1
Suzuki,Alto,HA23s Japan,2003,3625089,3625089,3625089,3625089,1
Suzuki,Alto,HA37SA Grade,2024,6300000,6300000,6300000,6300000,1
Suzuki,Alto,Hybrid,2025,7190000,7190000,7190000,7190000,1
Suzuki,Alto,Hybrid Japan,2024,7500000,7500000,7500000,7500000,1
Suzuki,Alto,Hybrid S,2024,7050000,7050000,7050000,7050000,1
Suzuki,Alto,JAPAN,1998,2985000,2985000,2985000,2985000,1
Suzuki,Alto,Japan,1997,2550000,2550000,2550000,2550000,1
Suzuki,Alto,Japan,1998,2000000,2000000,2000000,2000000,1
Suzuki,Alto,Japan,1999,2156667,2700000,595000,3175000,3
Suzuki,Alto,Japan,2000,3092500,3117500,2985000,3150000,4
Suzuki,Alto,Japan,2001,2962500,2962500,2950000,2975000,2
Suzuki,Alto,Japan,2002,3683333,3750000,3550000,3750000,3
Suzuki,Alto,Japan,2003,3521923,3590000,2790000,4100000,13
Suzuki,Alto,Japan,2004,3759500,3782500,3400000,4200000,10
Suzuki,Alto,Japan,2005,3670000,3670000,3670000,3670000,1
Suzuki,Alto,Japan,2006,3455000,3575000,3190000,3600000,3
Suzuki,Alto,Japan,2007,4375000,4375000,4375000,4375000,1
Suzuki,Alto,Japan,2009,3660000,3660000,3660000,3660000,1
Suzuki,Alto,Japan,2016,5650000,5650000,5650000,5650000,1
Suzuki,Alto,Japan,2017,5649286,5600000,4850000,6400000,21
Suzuki,Alto,Japan,2018,5719615,5750000,5390000,6050000,13
Suzuki,Alto,Japan,2020,5950000,5950000,5950000,5950000,1
Suzuki,Alto,Japan,2023,6795833,6750000,6500000,7150000,6
Suzuki,Alto,Japan,2024,6870250,6837500,6495000,7350000,20
Suzuki,Alto,Japan,2025,7269000,7300000,6750000,7850000,5
Suzuki,Alto,Japan,2026,7475000,7475000,7475000,7475000,1
Suzuki,Alto,Japan ENE L Grade,2018,5850000,5850000,5850000,5850000,1
Suzuki,Alto,Japan HA36 Gold Badge,2017,5475000,5475000,5475000,5475000,1
Suzuki,Alto,Japan Hybrid X Grade,2026,6900000,6900000,6900000,6900000,1
Suzuki,Alto,Japan Hybrid X Limited,2024,7650000,7650000,7650000,7650000,1
Suzuki,Alto,Japan L Safety,2024,6690000,6690000,6690000,6690000,1
Suzuki,Alto,Japan RS TURBO Japan,2020,6550000,6550000,6550000,6550000,1
Suzuki,Alto,Japan X Grade,2017,6000000,6000000,6000000,6000000,1
Suzuki,Alto,Japan X Graed Hybrid,2025,7500000,7500000,7500000,7500000,1
Suzuki,Alto,K10,2006,2975000,2975000,2975000,2975000,1
Suzuki,Alto,K10,2010,3525000,3525000,3500000,3550000,2
Suzuki,Alto,K10,2011,3505735,3497500,3100000,3900000,34
Suzuki,Alto,K10,2012,3485000,3475000,3325000,3590000,5
Suzuki,Alto,K10,2013,3620000,3620000,3540000,3700000,2
Suzuki,Alto,K10,2014,4000000,4000000,4000000,4000000,1
Suzuki,Alto,K10,2015,4498810,4550000,4125000,4800000,21
Suzuki,Alto,K10,2016,4569444,4560000,4100000,4950000,9
Suzuki,Alto,K10,2026,6775000,6650000,6650000,7150000,4
Suzuki,Alto,K10 VXI,2015,4375000,4375000,4375000,4375000,1
Suzuki,Alto,L,2024,6685000,6685000,6685000,6685000,1
Suzuki,Alto,L Grade,2024,6590000,6590000,6590000,6590000,1
Suzuki,Alto,L SAFETY Japan,2025,6825000,6825000,6825000,6825000,1
Suzuki,Alto,L Safety Japan,2025,7125000,7125000,7125000,7125000,1
Suzuki,Alto,LXI,2006,2875000,2875000,2875000,2875000,1
Suzuki,Alto,LXI,2007,3175000,3175000,3175000,3175000,1
Suzuki,Alto,LXI,2008,3125000,3125000,3125000,3125000,1
Suzuki,Alto,LXI,2011,3400000,3400000,3400000,3400000,1
Suzuki,Alto,LXI,2013,3260000,3260000,3260000,3260000,1
Suzuki,Alto,LXI,2015,3998000,3950000,3875000,4200000,5
Suzuki,Alto,LXI,2016,4166667,4200000,3925000,4375000,3
Suzuki,Alto,LXI,2018,4500000,4500000,4500000,4500000,1
Suzuki,Alto,Lapin,2004,4100000,4100000,3950000,4250000,2
Suzuki,Alto,Lxi,2004,3200000,3200000,3200000,3200000,1
Suzuki,Alto,Lxi,2005,2750000,2750000,2750000,2750000,1
Suzuki,Alto,Lxi,2006,3000000,3000000,3000000,3000000,1
Suzuki,Alto,Lxi,2007,3075000,3075000,3075000,3075000,1
Suzuki,Alto,Lxi,2008,3025000,3025000,2950000,3100000,2
Suzuki,Alto,Lxi,2010,3150000,3150000,3150000,3150000,1
Suzuki,Alto,Lxi,2011,3410000,3470000,3190000,3500000,6
Suzuki,Alto,Lxi,2012,3300000,3300000,3300000,3300000,1
Suzuki,Alto,Lxi,2015,4015000,3990000,3925000,4125000,7
Suzuki,Alto,Lxi,2016,4290000,4290000,4290000,4290000,1
Suzuki,Alto,S Hybrid Safety,2024,6990000,6990000,6990000,6990000,1
Suzuki,Alto,Soprt,2011,3300000,3300000,3300000,3300000,1
Suzuki,Alto,Sport,2010,3350000,3350000,3225000,3475000,2
Suzuki,Alto,Sport,2011,3239286,3285000,3100000,3325000,7
Suzuki,Alto,Sport,2012,3320000,3320000,3250000,3390000,2
Suzuki,Alto,Sport,2013,3375000,3375000,3375000,3375000,1
Suzuki,Alto,Sport,2015,4059000,4050000,3995000,4150000,5
Suzuki,Alto,Sport Special Edition,2007,2975000,2975000,2975000,2975000,1
Suzuki,Alto,Sports,2015,3985000,3985000,3985000,3985000,1
Suzuki,Alto,Standard,1997,1866667,1800000,1800000,2000000,3
Suzuki,Alto,Standard,1998,2850000,2850000,2850000,2850000,1
Suzuki,Alto,Standard,1999,2150000,2150000,1925000,2375000,2
Suzuki,Alto,Standard,2001,3290000,3290000,3290000,3290000,1
Suzuki,Alto,Standard,2002,3675000,3675000,3675000,3675000,1
Suzuki,Alto,Standard,2003,3687500,3675000,3600000,3800000,4
Suzuki,Alto,Standard,2004,3884167,3837500,3100000,4550000,12
Suzuki,Alto,Standard,2005,3039000,3000000,2795000,3400000,5
Suzuki,Alto,Standard,2006,2982759,2940000,2775000,3300000,29
Suzuki,Alto,Standard,2007,3004583,2982500,2790000,3300000,24
Suzuki,Alto,Standard,2008,3091923,3085000,2950000,3250000,13
Suzuki,Alto,Standard,2009,3075000,3150000,2650000,3350000,4
Suzuki,Alto,Standard,2010,3261552,3265000,2990000,3550000,29
Suzuki,Alto,Standard,2011,3320375,3297500,2925000,3750000,80
Suzuki,Alto,Standard,2012,3358000,3350000,3025000,3650000,15
Suzuki,Alto,Standard,2013,3673571,3625000,3400000,4000000,14
Suzuki,Alto,Standard,2014,3830490,3800000,3400000,4200000,51
Suzuki,Alto,Standard,2015,4112613,4100000,3700000,4575000,406
Suzuki,Alto,Standard,2016,4224643,4237500,3900000,4500000,56
Suzuki,Alto,Standard,2017,4499000,4300000,4100000,5775000,15
Suzuki,Alto,Standard,2018,5134287,5300000,4400000,5975000,7
Suzuki,Alto,Standard,2019,5116250,5170000,4825000,5300000,4
Suzuki,Alto,Standard,2020,5175000,5175000,5175000,5175000,1
Suzuki,Alto,Standard,2023,6934286,6950000,6350000,7500000,7
Suzuki,Alto,Standard,2024,6762727,6850000,6400000,7090000,11
Suzuki,Alto,Standard,2025,5204000,6790000,2175000,7890000,5
Suzuki,Alto,Vxi,2015,4480000,4480000,4480000,4480000,1
Suzuki,Alto,Works Turbo,2004,2800000,2800000,2800000,2800000,1
Suzuki,Alto,X Grade,2024,7490000,7490000,7490000,7490000,1
Suzuki,Alto,X LED,2024,7575000,7575000,7575000,7575000,1
Suzuki,Baleno,Standard,2016,7551250,7387500,6685000,8600000,8
Suzuki,Baleno,Standard,2017,7438750,7487500,7000000,7780000,4
Suzuki,Baleno,Standard,2018,7700000,7500000,7450000,8150000,3
Suzuki,Baleno,Standard,2019,8004444,8000000,7550000,8500000,9
Suzuki,Baleno,Turbo,2019,8300000,8300000,8300000,8300000,1
Suzuki,Celerio,Elegance,2015,5425000,5425000,5425000,5425000,1
Suzuki,Celerio,LXI,2015,4680000,4680000,4680000,4680000,1
Suzuki,Celerio,LXI,2016,4790000,4790000,4790000,4790000,1
Suzuki,Celerio,Standard,2014,5222647,5200000,4900000,5500000,17
Suzuki,Celerio,Standard,2015,5305268,5375000,4550000,5600000,56
Suzuki,Celerio,Standard,2016,5409333,5475000,4875000,5900000,15
Suzuki,Celerio,Standard,2017,5950000,5950000,5950000,5950000,1
Suzuki,Celerio,Standard,2018,6045000,6045000,5790000,6300000,2
Suzuki,Celerio,VXI,2014,5175000,5175000,5175000,5175000,1
Suzuki,Celerio,VXI,2015,5213333,5150000,5100000,5390000,3
Suzuki,Celerio,VXI AMT,2014,5500000,5500000,5500000,5500000,1
Suzuki,Celerio,Vxi,2014,5190000,5190000,5190000,5190000,1
Suzuki,Celerio,Vxi,2015,5398750,5390000,5325000,5475000,8
Suzuki,Celerio,Vxi,2016,5575000,5575000,5575000,5575000,1
Suzuki,Celerio,Vxi AMT,2014,5200000,5200000,5200000,5200000,1
Suzuki,Celerio,Vxi AMT,2015,5300000,5300000,5300000,5300000,1
Suzuki,Celerio,Vxi Amt,2014,5175000,5175000,5175000,5175000,1
Suzuki,Celerio,X,2018,6337500,6337500,6275000,6400000,2
Suzuki,Celerio,ZXI,2015,5058333,5000000,4825000,5350000,3
Suzuki,Celerio,ZXI,2016,5162500,5162500,4575000,5750000,2
Suzuki,Celerio,ZXI,2017,5200000,5200000,5200000,5200000,1
Suzuki,Celerio,Zxi,2014,5175000,5175000,5175000,5175000,1
Suzuki,Celerio,Zxi,2015,4948333,4890000,4775000,5180000,3
Suzuki,Celerio,Zxi,2016,5241667,5175000,5050000,5500000,3
Suzuki,Celerio,Zxi,2017,5762500,5787500,5575000,5900000,4
Suzuki,Estilo,Standard,2008,3258750,3270000,3200000,3295000,4
Suzuki,Estilo,Standard,2010,3880769,3890000,3350000,4200000,13
Suzuki,Estilo,Standard,2011,3993500,3990000,3690000,4400000,20
Suzuki,Estilo,Standard,2012,3928750,3925000,3675000,4190000,4
Suzuki,Estilo,VXI,2010,3973333,3875000,3850000,4195000,3
Suzuki,Estilo,VXI,2011,3650000,3650000,3650000,3650000,1
Suzuki,Hustler,G,2015,5850000,5850000,5850000,5850000,1
Suzuki,Hustler,J Style,2017,6212500,6212500,6175000,6250000,2
Suzuki,Hustler,Standard,2015,6225000,6350000,5975000,6350000,3
Suzuki,Hustler,Standard,2016,6200000,6150000,6050000,6500000,5
Suzuki,Hustler,Standard,2017,6232857,6350000,5895000,6650000,7
Suzuki,Hustler,Standard,2018,6205000,6247500,6000000,6325000,4
Suzuki,Hustler,Standard,2023,8250000,8450000,7800000,8500000,3
Suzuki,Hustler,Standard,2024,8050000,7975000,7975000,8200000,3
Suzuki,Hustler,Turbo,2017,6190000,6190000,6190000,6190000,1
Suzuki,Hustler,X,2023,8100000,8100000,8100000,8100000,1
Suzuki,Hustler,X Turbo,2024,8000000,8000000,8000000,8000000,1
Suzuki,Kei,Standard,2003,3733750,3767500,3550000,3850000,4
Suzuki,Liana,AERIO Japan,2003,4090000,4090000,4090000,4090000,1
Suzuki,Liana,Japan,2003,3775000,3775000,3775000,3775000,1
Suzuki,Liana,Standard,2002,3670833,3625000,3350000,3975000,6
Suzuki,Liana,Standard,2003,3695000,3650000,3650000,3850000,5
Suzuki,Liana,Standard,2004,3610000,3650000,3450000,3690000,4
Suzuki,Liana,Standard,2006,3825000,4050000,3375000,4050000,3
Suzuki,Maruti,205,2005,1970000,1970000,1970000,1970000,1
Suzuki,Maruti,800,1995,1365000,1365000,1300000,1430000,2
Suzuki,Maruti,800,1996,1275000,1275000,1275000,1275000,1
Suzuki,Maruti,800,1998,1535000,1535000,1480000,1590000,2
Suzuki,Maruti,800,1999,1590000,1590000,1590000,1590000,1
Suzuki,Maruti,800,2000,1615000,1585000,1575000,1685000,3
Suzuki,Maruti,800,2002,1931667,1895000,1850000,2050000,3
Suzuki,Maruti,800,2003,1871667,1875000,1790000,1950000,3
Suzuki,Maruti,800,2004,1993571,1990000,1850000,2190000,14
Suzuki,Maruti,800,2005,2111538,2120000,1825000,2490000,26
Suzuki,Maruti,800,2006,2269000,2275000,2050000,2500000,25
Suzuki,Maruti,800,2007,3577941,2300000,2150000,24000000,17
Suzuki,Maruti,800,2008,2367778,2375000,2225000,2490000,9
Suzuki,Maruti,800,2009,1983750,2387500,700000,2460000,4
Suzuki,Maruti,800,2010,2492500,2500000,2200000,2750000,8
Suzuki,Maruti,800,2011,2541538,2550000,2350000,2750000,39
Suzuki,Maruti,800,2012,2668750,2662500,2575000,2775000,4
Suzuki,Maruti,800 5fw,2000,1895000,1895000,1895000,1895000,1
Suzuki,Maruti,800 EFI,2008,2420000,2420000,2420000,2420000,1
Suzuki,Maruti,800 Sport,2008,2450000,2450000,2450000,2450000,1
Suzuki,Maruti,EFI,2005,1825000,1825000,1825000,1825000,1
Suzuki,Maruti,Efi,2000,1785000,1785000,1785000,1785000,1
Suzuki,Maruti,Standard,1994,1250000,1275000,1125000,1375000,5
Suzuki,Maruti,Standard,1995,1375000,1300000,1300000,1525000,3
Suzuki,Maruti,Standard,1996,1393500,1392500,1275000,1550000,10
Suzuki,Maruti,Standard,1998,1482500,1482500,1465000,1500000,2
Suzuki,Maruti,Standard,1999,1600000,1600000,1550000,1650000,2
Suzuki,Maruti,Standard,2000,1875000,1817500,1680000,2185000,4
Suzuki,Maruti,Standard,2002,1822500,1822500,1750000,1895000,2
Suzuki,Maruti,Standard,2003,1883333,1895000,1785000,1970000,3
Suzuki,Maruti,Standard,2004,1986250,1975000,1825000,2200000,12
Suzuki,Maruti,Standard,2005,2146216,2150000,1850000,2475000,37
Suzuki,Maruti,Standard,2006,2233333,2250000,1940000,2400000,51
Suzuki,Maruti,Standard,2007,2279318,2275000,2090000,2550000,22
Suzuki,Maruti,Standard,2008,2393214,2407500,2050000,2550000,14
Suzuki,Maruti,Standard,2009,2445833,2455000,2375000,2500000,6
Suzuki,Maruti,Standard,2010,2428750,2512500,700000,2800000,16
Suzuki,Maruti,Standard,2011,2554792,2555000,2325000,2750000,24
Suzuki,Maruti,Standard,2012,2708889,2690000,2585000,2900000,9
Suzuki,Maruti,Wagon R,2006,3295000,3295000,3295000,3295000,1
Suzuki,Maruti,Zen,2000,1875000,1875000,1875000,1875000,1
Suzuki,Maruti,Zen,2006,2306250,2275000,2200000,2475000,4
Suzuki,Maruti,Zen,2012,2475000,2475000,2475000,2475000,1
Suzuki,Maruti,Zen Estilo,2008,3400000,3400000,3400000,3400000,1
Suzuki,Maruti,Zen Estilo,2011,3950000,3950000,3950000,3950000,1
Suzuki,SPACIA,CUSTOMS XS,2024,9350000,9350000,9350000,9350000,1
Suzuki,SPACIA,G,2024,7950000,7950000,7950000,7950000,1
Suzuki,SPACIA,G SAFETY LED,2024,7950000,7950000,7950000,7950000,1
Suzuki,SPACIA,X SAFETY PLUS,2024,8200000,8200000,8200000,8200000,1
Suzuki,SWIFT,HT51S CENTER ANTENNA,2003,4375000,4375000,4375000,4375000,2
Suzuki,SWIFT,RS,2017,7800000,7800000,7800000,7800000,1
Suzuki,SWIFT,RS TURBO,2017,8662500,8662500,8650000,8675000,2
Suzuki,SWIFT,Standard,2003,4585000,4585000,4585000,4585000,1
Suzuki,Spacia,CUSTOM,2017,6950000,6950000,6950000,6950000,1
Suzuki,Spacia,CUSTOM XS,2024,9800000,9800000,9800000,9800000,1
Suzuki,Spacia,CUSTOM XS TURBO,2024,9550000,9550000,9550000,9550000,1
Suzuki,Spacia,Custom,2015,6700000,6700000,6600000,6800000,2
Suzuki,Spacia,Custom,2016,6666667,6700000,6500000,6800000,3
Suzuki,Spacia,Custom,2017,6150000,6150000,6150000,6150000,1
Suzuki,Spacia,Custom,2018,7105000,7105000,6650000,7560000,2
Suzuki,Spacia,Custom,2023,8985000,8985000,8985000,8985000,1
Suzuki,Spacia,Custom,2024,9562500,9562500,9125000,10000000,2
Suzuki,Spacia,Custom,2025,9450000,9450000,9450000,9450000,1
Suzuki,Spacia,Custom GS,2024,8975000,8975000,8975000,8975000,1
Suzuki,Spacia,Custom GS Hybrid,2023,8875000,8875000,8875000,8875000,1
Suzuki,Spacia,Custom HYBRID XS,2024,9450000,9450000,9450000,9450000,1
Suzuki,Spacia,Custom Hybrid,2018,7650000,7650000,7650000,7650000,1
Suzuki,Spacia,Custom Turbo,2016,6590000,6590000,6590000,6590000,1
Suzuki,Spacia,Custom Turbo,2018,7600000,7600000,7600000,7600000,1
Suzuki,Spacia,Custom Turbo,2023,9375000,9375000,9200000,9550000,2
Suzuki,Spacia,Custom Turbo,2024,9475000,9475000,9475000,9475000,1
Suzuki,Spacia,Custom XS,2023,9150000,9150000,9150000,9150000,1
Suzuki,Spacia,Custom XS,2024,9150000,9150000,9150000,9150000,1
Suzuki,Spacia,Custom XS,2025,9550000,9550000,9550000,9550000,1
Suzuki,Spacia,Custom XS BLACKTOP,2024,9275000,9275000,9275000,9275000,1
Suzuki,Spacia,Custom XS Turbo,2024,8950000,8950000,8950000,8950000,1
Suzuki,Spacia,Custom XS Turbo,2025,10600000,10600000,10600000,10600000,1
Suzuki,Spacia,Custom Xs,2023,10050000,10050000,10050000,10050000,2
Suzuki,Spacia,Custom Xs,2024,10500000,10500000,10500000,10500000,1
Suzuki,Spacia,Custom Xs,2025,10250000,10250000,10250000,10250000,1
Suzuki,Spacia,Custom Xs,2026,10450000,10450000,10450000,10450000,2
Suzuki,Spacia,Custom Xs Hybrid,2026,9890000,9890000,9890000,9890000,1
Suzuki,Spacia,Custom Xs Turbo Hybrid,2024,9100000,9100000,9100000,9100000,1
Suzuki,Spacia,Custom Z,2015,6880000,6880000,6880000,6880000,1
Suzuki,Spacia,Custom Z,2017,6900000,6900000,6850000,6950000,2
Suzuki,Spacia,Custom Z,2018,7425000,7425000,6950000,7900000,2
Suzuki,Spacia,Custom Z Turbo,2017,6945000,6945000,6790000,7100000,2
Suzuki,Spacia,G,2024,7585000,7585000,7585000,7585000,1
Suzuki,Spacia,G,2025,8400000,8400000,8400000,8400000,1
Suzuki,Spacia,G Safety,2024,7900000,7900000,7900000,7900000,1
Suzuki,Spacia,Hybrid X,2024,8800000,8800000,8800000,8800000,1
Suzuki,Spacia,Standard,2015,6275278,6300000,5725000,6990000,18
Suzuki,Spacia,Standard,2016,6318333,6500000,5390000,6950000,27
Suzuki,Spacia,Standard,2017,6432071,6525000,5650000,7390000,28
Suzuki,Spacia,Standard,2018,7058000,7220000,6200000,7750000,10
Suzuki,Spacia,Standard,2023,8906250,8937500,8500000,9250000,4
Suzuki,Spacia,Standard,2024,8773889,8482500,7550000,9975000,18
Suzuki,Spacia,Standard,2025,9283333,9550000,7850000,10350000,6
Suzuki,Spacia,Turbo,2024,10100000,10100000,10100000,10100000,1
Suzuki,Spacia,X,2024,7945000,7945000,7945000,7945000,1
Suzuki,Spacia,X,2025,8500000,8500000,8500000,8500000,1
Suzuki,Spacia,X Hybrid,2024,8450000,8450000,8450000,8450000,1
Suzuki,Spacia,X Safety Plus,2024,8450000,8450000,8450000,8450000,1
Suzuki,Spacia,X Super Gred,2024,7865000,7865000,7865000,7865000,1
Suzuki,Spacia,XS Custom,2025,9500000,9500000,9500000,9500000,1
Suzuki,Spacia,XS Custom Turbo,2024,9650000,9650000,9650000,9650000,1
Suzuki,Spacia,XS Hybrid,2025,9000000,9000000,9000000,9000000,1
Suzuki,Spacia,Xs Custom,2018,7650000,7650000,7650000,7650000,1
Suzuki,Spacia,Xs Custom,2023,9100000,9100000,9100000,9100000,1
Suzuki,Spacia,Xs Custom Turbo,2024,9500000,9500000,9500000,9500000,1
Suzuki,Swift,Beetle,2004,4750000,4750000,4750000,4750000,1
Suzuki,Swift,Beetle,2005,5200000,5200000,5200000,5200000,1
Suzuki,Swift,Beetle,2007,5638333,5600000,5440000,5875000,3
Suzuki,Swift,Beetle,2008,5153000,4950000,4750000,5775000,5
Suzuki,Swift,Beetle Japan,2004,4745000,4745000,4590000,4900000,2
Suzuki,Swift,Beetle Zc71s,2007,5400000,5400000,5400000,5400000,1
Suzuki,Swift,Bettle,2008,4650000,4650000,4650000,4650000,1
Suzuki,Swift,Center Antana,2004,4500000,4500000,4500000,4500000,1
Suzuki,Swift,Center Antenna,2003,4381667,4375000,4370000,4400000,3
Suzuki,Swift,Center Antenna,2004,4376250,4357500,4300000,4490000,4
Suzuki,Swift,Center Antenna,2005,4475000,4475000,4375000,4575000,2
Suzuki,Swift,Center Antenna,2007,4380000,4380000,4380000,4380000,1
Suzuki,Swift,Dzire,2010,4325000,4325000,4050000,4600000,2
Suzuki,Swift,Dzire,2011,4275000,4275000,4275000,4275000,1
Suzuki,Swift,Dzire,2012,5500000,5500000,5500000,5500000,1
Suzuki,Swift,Dzire Turbo,2017,8500000,8500000,8500000,8500000,1
Suzuki,Swift,Dzire VXI,2010,3900000,3900000,3900000,3900000,1
Suzuki,Swift,Dzire ZXI,2011,4800000,4800000,4800000,4800000,1
Suzuki,Swift,Indian,2006,3800000,3800000,3800000,3800000,1
Suzuki,Swift,JAPAN,2007,5375000,5375000,5375000,5375000,1
Suzuki,Swift,Japan,2003,4175000,4175000,4175000,4175000,1
Suzuki,Swift,Japan,2007,5750000,5750000,5750000,5750000,1
Suzuki,Swift,Japan,2008,5100000,5100000,5100000,5100000,1
Suzuki,Swift,Japan,2009,5975000,5975000,5975000,5975000,1
Suzuki,Swift,Kei,2003,3850000,3850000,3850000,3850000,1
Suzuki,Swift,MZ,2024,12355000,12355000,12000000,12710000,2
Suzuki,Swift,Model,2006,3900000,3900000,3900000,3900000,1
Suzuki,Swift,Model HT51S,2003,4275000,4275000,4275000,4275000,1
Suzuki,Swift,RS,2007,5750000,5750000,5750000,5750000,1
Suzuki,Swift,RS,2017,8413889,8400000,7950000,8950000,9
Suzuki,Swift,RS,2018,8493750,8637500,7825000,8875000,4
Suzuki,Swift,RS,2019,8225000,8225000,7975000,8475000,2
Suzuki,Swift,RS,2024,12200000,12200000,12200000,12200000,1
Suzuki,Swift,RS 4WAY,2017,7990000,7990000,7990000,7990000,1
Suzuki,Swift,RS Hybrid,2017,7575000,7575000,7575000,7575000,1
Suzuki,Swift,RS Safety Turbo,2017,8500000,8500000,8500000,8500000,1
Suzuki,Swift,RS Special Edition,2017,8250000,8250000,8250000,8250000,1
Suzuki,Swift,RS Turbo,2017,8628000,8390000,8175000,9290000,5
Suzuki,Swift,RS Turbo,2018,7962500,7962500,7775000,8150000,2
Suzuki,Swift,RS Turbo Safety,2017,8385000,8350000,8150000,8675000,5
Suzuki,Swift,RS Turbo Safety,2019,9200000,9200000,9200000,9200000,1
Suzuki,Swift,Rs,2017,8208000,8050000,7999000,8575000,3
Suzuki,Swift,Rs,2018,8772500,9045000,7850000,9150000,4
Suzuki,Swift,Rs,2019,8675000,8675000,8200000,9150000,2
Suzuki,Swift,Rs 1L Turbo,2018,9350000,9350000,9350000,9350000,1
Suzuki,Swift,Rs Hybrid,2017,8150000,8150000,8150000,8150000,1
Suzuki,Swift,Rs Hybrid,2018,8150000,8150000,8150000,8150000,1
Suzuki,Swift,Rs Safety,2017,8750000,8750000,8750000,8750000,1
Suzuki,Swift,Rs Safety,2018,8550000,8550000,8550000,8550000,1
Suzuki,Swift,Rs Safety Version,2017,8370000,8370000,8370000,8370000,1
Suzuki,Swift,Rs Turbo,2017,8589000,8675000,7875000,9175000,10
Suzuki,Swift,Rs Turbo,2018,8785000,8785000,8595000,8975000,2
Suzuki,Swift,Rs Turbo,2019,8397500,8397500,8200000,8595000,2
Suzuki,Swift,Splash,2009,5850000,5850000,5850000,5850000,1
Suzuki,Swift,Sport,2006,4990000,4990000,4990000,4990000,1
Suzuki,Swift,Sport Turbo,2019,9300000,9300000,9300000,9300000,1
Suzuki,Swift,Standard,2002,4171818,4150000,3950000,4550000,11
Suzuki,Swift,Standard,2003,4262326,4225000,3750000,4700000,43
Suzuki,Swift,Standard,2004,4436667,4425000,3800000,4995000,42
Suzuki,Swift,Standard,2005,4482368,4400000,3850000,5200000,19
Suzuki,Swift,Standard,2006,4557708,4385000,3650000,5450000,24
Suzuki,Swift,Standard,2007,5014000,5225000,3850000,5850000,30
Suzuki,Swift,Standard,2008,5272363,5475000,3900000,5950000,36
Suzuki,Swift,Standard,2009,5595625,5550000,5350000,5850000,8
Suzuki,Swift,Standard,2010,5275000,5250000,3975000,6200000,17
Suzuki,Swift,Standard,2011,4641667,4475000,4150000,5300000,3
Suzuki,Swift,Standard,2012,5141667,4585000,4490000,6350000,3
Suzuki,Swift,Standard,2017,8465000,8462500,7775000,9200000,18
Suzuki,Swift,Standard,2018,8337500,8337500,8175000,8500000,2
Suzuki,Swift,Standard,2019,8800000,8800000,8800000,8800000,1
Suzuki,Swift,Standard,2024,12500000,12500000,12500000,12500000,2
Suzuki,Swift,Turbo,2017,8300000,8300000,8300000,8300000,1
Suzuki,Swift,Vxi,2011,4550000,4550000,4550000,4550000,1
Suzuki,Swift,ZXI,2006,4000000,4000000,4000000,4000000,1
Suzuki,Swift,ZXI,2007,4350000,4350000,4350000,4350000,1
Suzuki,Swift,Zc31s Sport,2009,6225000,6225000,6225000,6225000,1
Suzuki,Sx4,SALOMON Version,2007,5390000,5390000,5390000,5390000,1
Suzuki,Sx4,Standard,2007,5312500,4950000,4850000,6500000,4
Suzuki,WAGON R,CUSTOM Z,2026,9500000,9500000,9500000,9500000,1
Suzuki,WAGON R,CUSTOM ZX,2025,8850000,8850000,8850000,8850000,1
Suzuki,WAGON R,CUSTOM ZX PREMIUM,2026,9275000,9275000,9275000,9275000,1
Suzuki,WAGON R,FX SAFETY,2025,8220000,8220000,7950000,8490000,2
Suzuki,WAGON R,ZL,2026,8350000,8350000,8350000,8350000,1
Suzuki,WAGON R,ZX,2026,9150000,9150000,9150000,9150000,1
Suzuki,WAGON R,ZX CUSTOM,2026,9175000,9175000,9175000,9175000,1
Suzuki,Wagon R,44s FZ,2014,5600000,5600000,5600000,5600000,1
Suzuki,Wagon R,5d ZL,2026,9000000,9000000,9000000,9000000,1
Suzuki,Wagon R,BL Safety,2026,8590000,8590000,8590000,8590000,1
Suzuki,Wagon R,CUSTOM ZX,2026,9350000,9350000,9350000,9350000,1
Suzuki,Wagon R,Custam Z,2023,8975000,8975000,8975000,8975000,1
Suzuki,Wagon R,Custom,2023,8600000,8700000,8350000,8750000,3
Suzuki,Wagon R,Custom,2024,9437500,9437500,9375000,9500000,2
Suzuki,Wagon R,Custom,2025,8930000,9100000,8600000,9150000,5
Suzuki,Wagon R,Custom,2026,9375000,9300000,9200000,9650000,5
Suzuki,Wagon R,Custom Hybrid ZX,2026,9375000,9375000,9375000,9375000,1
Suzuki,Wagon R,Custom Z,2023,9000000,9000000,9000000,9000000,1
Suzuki,Wagon R,Custom Z,2024,8812500,8850000,8450000,9150000,6
Suzuki,Wagon R,Custom Z,2025,9081500,9087500,8475000,9700000,10
Suzuki,Wagon R,Custom Z,2026,9078333,9087500,8800000,9395000,6
Suzuki,Wagon R,Custom Z HUD Play,2025,9175000,9175000,9175000,9175000,1
Suzuki,Wagon R,Custom Z Update,2025,8990000,8990000,8990000,8990000,1
Suzuki,Wagon R,Custom Z Upgrade,2023,8580000,8580000,8580000,8580000,1
Suzuki,Wagon R,Custom Z Upgrade,2024,8900000,8900000,8900000,8900000,1
Suzuki,Wagon R,Custom Z Zx Hybrid,2023,8375000,8375000,8375000,8375000,1
Suzuki,Wagon R,Custom ZX,2023,8850000,8850000,8850000,8850000,1
Suzuki,Wagon R,Custom ZX,2024,8950000,8950000,8950000,8950000,2
Suzuki,Wagon R,Custom ZX,2025,8748333,8875000,8195000,9175000,3
Suzuki,Wagon R,Custom ZX,2026,9310312,9320000,8950000,9750000,16
Suzuki,Wagon R,Custom ZX 360 Cam,2026,9500000,9500000,9500000,9500000,1
Suzuki,Wagon R,Custom ZX Hybrid,2026,9290000,9290000,9290000,9290000,1
Suzuki,Wagon R,Custom ZX Hybrid MH95s,2026,9500000,9500000,9500000,9500000,1
Suzuki,Wagon R,Custom ZX Personal Import,2026,8850000,8850000,8850000,8850000,1
Suzuki,Wagon R,Custom Zx,2024,8575000,8575000,8575000,8575000,1
Suzuki,Wagon R,Custom Zx,2025,8930000,8970000,8780000,9000000,4
Suzuki,Wagon R,Custom Zx,2026,9655714,9490000,9375000,10500000,7
Suzuki,Wagon R,Custom Zx Upgrade,2024,8790000,8790000,8790000,8790000,1
Suzuki,Wagon R,FX,2014,5725000,5725000,5650000,5800000,3
Suzuki,Wagon R,FX,2015,5708333,5750000,5400000,5975000,3
Suzuki,Wagon R,FX,2016,5910312,5925000,5500000,6250000,16
Suzuki,Wagon R,FX,2017,6385000,6350000,5790000,6925000,62
Suzuki,Wagon R,FX,2018,6515152,6500000,6150000,6900000,33
Suzuki,Wagon R,FX,2019,6348333,6575000,5875000,6595000,3
Suzuki,Wagon R,FX,2023,7675417,7612500,6975000,8500000,12
Suzuki,Wagon R,FX,2024,7742656,7695000,7200000,8600000,32
Suzuki,Wagon R,FX,2025,7953243,7900000,7475000,8675000,37
Suzuki,Wagon R,FX 45000km,2018,6700000,6700000,6700000,6700000,1
Suzuki,Wagon R,FX HYBRID,2024,7900000,7900000,7900000,7900000,1
Suzuki,Wagon R,FX Hybrid,2017,6075000,6075000,6075000,6075000,1
Suzuki,Wagon R,FX Hybrid,2023,7900000,7900000,7900000,7900000,1
Suzuki,Wagon R,FX Hybrid,2024,8380000,8380000,8380000,8380000,1
Suzuki,Wagon R,FX Limited,2016,6200000,6200000,6200000,6200000,1
Suzuki,Wagon R,FX MH85SAuction 5AA,2024,7700000,7700000,7700000,7700000,1
Suzuki,Wagon R,FX S Hybrid,2024,8190000,8190000,8190000,8190000,1
Suzuki,Wagon R,FX SAFETY,2017,6190000,6190000,6190000,6190000,2
Suzuki,Wagon R,FX SAFETY,2024,7625000,7625000,7625000,7625000,1
Suzuki,Wagon R,FX SAFETY HYBRID,2024,7990000,7990000,7990000,7990000,1
Suzuki,Wagon R,FX Safety,2017,6501667,6377500,6190000,7250000,12
Suzuki,Wagon R,FX Safety,2018,6585000,6630000,6375000,6750000,3
Suzuki,Wagon R,FX Safety,2023,7562500,7562500,7475000,7650000,2
Suzuki,Wagon R,FX Safety,2024,7685556,7550000,7450000,8280000,9
Suzuki,Wagon R,FX Safety,2025,7880833,7897500,7490000,8250000,6
Suzuki,Wagon R,FX Safety,2026,9150000,9150000,9150000,9150000,1
Suzuki,Wagon R,FX Safety Hybrid,2025,8275000,8275000,8275000,8275000,1
Suzuki,Wagon R,FXS,2024,7633333,7800000,7300000,7800000,3
Suzuki,Wagon R,FXS,2025,8225000,8350000,7950000,8375000,3
Suzuki,Wagon R,FXS GRAY COLOR,2023,8350000,8350000,8350000,8350000,1
Suzuki,Wagon R,FXS Hybrid,2024,8425000,8425000,8390000,8460000,2
Suzuki,Wagon R,FXS Safety Edition,2024,7850000,7850000,7850000,7850000,1
Suzuki,Wagon R,FZ,2014,5724800,5740000,5150000,6100000,25
Suzuki,Wagon R,FZ,2015,5924524,5875000,5475000,6300000,21
Suzuki,Wagon R,FZ,2016,6005000,6025000,5625000,6250000,10
Suzuki,Wagon R,FZ,2017,6806957,6785000,5850000,7250000,46
Suzuki,Wagon R,FZ,2018,6967121,6895000,6250000,7700000,66
Suzuki,Wagon R,FZ,2019,7383333,7400000,7300000,7450000,3
Suzuki,Wagon R,FZ PREMIUM,2017,6925000,6925000,6925000,6925000,1
Suzuki,Wagon R,FZ PREMIUM,2018,7225000,7225000,7150000,7300000,2
Suzuki,Wagon R,FZ Premiem,2018,7050000,7050000,7050000,7050000,1
Suzuki,Wagon R,FZ Premium,2017,7050000,7050000,7050000,7050000,1
Suzuki,Wagon R,FZ Premium,2018,7176111,7150000,6590000,8000000,9
Suzuki,Wagon R,FZ SAFETY,2017,6762500,6762500,6675000,6850000,2
Suzuki,Wagon R,FZ Safety,2014,5783333,5775000,5725000,5850000,3
Suzuki,Wagon R,FZ Safety,2015,5863750,5807500,5690000,6150000,4
Suzuki,Wagon R,FZ Safety,2017,6962727,6950000,6790000,7300000,11
Suzuki,Wagon R,FZ Safety,2018,6946667,6900000,6690000,7275000,6
Suzuki,Wagon R,Fx,2016,5975000,5975000,5975000,5975000,1
Suzuki,Wagon R,Fx,2017,6305000,6350000,6050000,6490000,9
Suzuki,Wagon R,Fx,2018,6195000,6040000,5800000,6900000,4
Suzuki,Wagon R,Fx,2023,7550000,7550000,7550000,7550000,1
Suzuki,Wagon R,Fx,2024,7970000,7970000,7950000,7990000,2
Suzuki,Wagon R,Fx,2025,7875000,7875000,7850000,7900000,2
Suzuki,Wagon R,Fx Hybrid,2024,8150000,8150000,8150000,8150000,1
Suzuki,Wagon R,Fx Hybrid,2025,7900000,7900000,7900000,7900000,1
Suzuki,Wagon R,Fx S Hybrid,2025,8100000,8100000,8100000,8100000,1
Suzuki,Wagon R,Fx Safety,2017,6570000,6570000,6490000,6650000,2
Suzuki,Wagon R,Fx Safety,2018,6250000,6250000,6250000,6250000,1
Suzuki,Wagon R,Fx Safety,2024,8037500,8037500,7975000,8100000,2
Suzuki,Wagon R,Fx Safety,2025,7908333,7875000,7600000,8250000,3
Suzuki,Wagon R,Fz,2015,5912500,5912500,5875000,5950000,2
Suzuki,Wagon R,Fz,2017,6905625,7037500,6395000,7200000,8
Suzuki,Wagon R,Fz,2018,7011667,6990000,6750000,7250000,6
Suzuki,Wagon R,Fz Premium,2018,7031875,7070000,6750000,7190000,8
Suzuki,Wagon R,Fz Safety,2014,5875000,5875000,5875000,5875000,1
Suzuki,Wagon R,Fz Safety,2017,6758333,6675000,6650000,6950000,3
Suzuki,Wagon R,Fz Safety,2018,6775000,6775000,6600000,6950000,2
Suzuki,Wagon R,HYBRID,2024,8325000,8325000,8325000,8325000,1
Suzuki,Wagon R,Hybrid,2024,8000000,8000000,8000000,8000000,1
Suzuki,Wagon R,Hybrid ZX,2026,9212500,9212500,9125000,9300000,2
Suzuki,Wagon R,Japan,2002,3475000,3475000,3475000,3475000,1
Suzuki,Wagon R,MH85S,2025,7300000,7300000,7300000,7300000,1
Suzuki,Wagon R,Premium,2017,6950000,6950000,6950000,6950000,1
Suzuki,Wagon R,Premium,2018,7170000,7170000,7090000,7250000,2
Suzuki,Wagon R,Premium Fz,2018,6975000,6975000,6975000,6975000,1
Suzuki,Wagon R,Smile,2024,8050000,8050000,8050000,8050000,1
Suzuki,Wagon R,Smile,2025,7950000,7950000,7950000,7950000,1
Suzuki,Wagon R,Standard,2002,3767500,3767500,3685000,3850000,2
Suzuki,Wagon R,Standard,2003,3450000,3500000,3000000,3850000,3
Suzuki,Wagon R,Standard,2005,3542857,3350000,3300000,3950000,7
Suzuki,Wagon R,Standard,2006,3617500,3600000,3500000,3770000,4
Suzuki,Wagon R,Standard,2007,3595000,3595000,3000000,3960000,10
Suzuki,Wagon R,Standard,2008,3625938,3625000,3295000,3900000,16
Suzuki,Wagon R,Standard,2011,4140000,4125000,3850000,4450000,6
Suzuki,Wagon R,Standard,2014,5902273,5875000,5500000,6490000,33
Suzuki,Wagon R,Standard,2015,6120938,6070000,5850000,6475000,16
Suzuki,Wagon R,Standard,2016,6033750,6050000,5250000,6600000,16
Suzuki,Wagon R,Standard,2017,6588333,6550000,5800000,7350000,54
Suzuki,Wagon R,Standard,2018,7083590,7090000,6400000,7650000,39
Suzuki,Wagon R,Standard,2019,5541667,7200000,2175000,7250000,3
Suzuki,Wagon R,Standard,2020,5931667,5895000,5150000,6750000,3
Suzuki,Wagon R,Standard,2023,7974000,7900000,6950000,8800000,7
Suzuki,Wagon R,Standard,2024,7557143,7650000,6950000,7950000,7
Suzuki,Wagon R,Standard,2025,8088824,7850000,7295000,9500000,17
Suzuki,Wagon R,Standard,2026,9092308,9295000,8200000,9525000,13
Suzuki,Wagon R,Stingray,2014,6069326,6090000,5590000,6695000,46
Suzuki,Wagon R,Stingray,2015,6069900,6050000,5750000,6850000,51
Suzuki,Wagon R,Stingray,2016,6370000,6362500,5875000,7250000,22
Suzuki,Wagon R,Stingray,2017,7193396,7200000,6075000,7700000,53
Suzuki,Wagon R,Stingray,2018,7427887,7400000,6790000,8300000,133
Suzuki,Wagon R,Stingray,2019,7554286,7625000,7250000,7790000,7
Suzuki,Wagon R,Stingray,2023,8995000,8995000,8690000,9300000,2
Suzuki,Wagon R,Stingray Custom Z Hybrid Highest,2023,8475000,8475000,8475000,8475000,1
Suzuki,Wagon R,Stingray J Style,2014,6157000,6222500,5850000,6350000,10
Suzuki,Wagon R,Stingray J Style,2015,6224839,6225000,5885000,6650000,31
Suzuki,Wagon R,Stingray J Style,2016,6202500,6237500,5800000,6600000,6
Suzuki,Wagon R,Stingray J Style,2018,6220000,6220000,6220000,6220000,1
Suzuki,Wagon R,Stingray MH55S,2018,7850000,7850000,7850000,7850000,1
Suzuki,Wagon R,Stingray Safety,2018,7785000,7785000,7785000,7785000,1
Suzuki,Wagon R,Stingray Turbo,2016,6775000,6775000,6775000,6775000,1
Suzuki,Wagon R,Stingray Turbo,2018,7190000,7190000,7190000,7190000,1
Suzuki,Wagon R,TURBO,2017,7000000,7000000,7000000,7000000,1
Suzuki,Wagon R,VXI,2006,3590000,3590000,3590000,3590000,1
Suzuki,Wagon R,XZ,2026,9590000,9590000,9590000,9590000,1
Suzuki,Wagon R,Z,2026,8525000,8525000,8525000,8525000,1
Suzuki,Wagon R,ZL,2025,8750000,8750000,8750000,8750000,1
Suzuki,Wagon R,ZL,2026,8380000,8350000,8150000,8750000,14
Suzuki,Wagon R,ZL-FACE,2026,8690000,8690000,8690000,8690000,1
Suzuki,Wagon R,ZX,2024,8637500,8637500,8375000,8900000,2
Suzuki,Wagon R,ZX,2025,8890000,8950000,8450000,9250000,5
Suzuki,Wagon R,ZX,2026,9389149,9375000,8800000,9900000,47
Suzuki,Wagon R,ZX 4-WAY,2026,9390000,9390000,9390000,9390000,1
Suzuki,Wagon R,ZX CUSTOM,2026,9650000,9650000,9650000,9650000,1
Suzuki,Wagon R,ZX Custom,2025,9097500,9097500,8995000,9200000,2
Suzuki,Wagon R,ZX Custom,2026,9348333,9295000,9150000,9600000,6
Suzuki,Wagon R,ZX Hybrid,2026,9200000,9050000,8800000,9750000,3
Suzuki,Wagon R,Zl,2026,8275000,8275000,8275000,8275000,1
Suzuki,Wagon R,Zx,2026,9260000,9260000,9025000,9495000,2
Suzuki,Wagon R,Zx Custom Z,2026,9390000,9390000,9390000,9390000,1
Suzuki,Zen,Standard,2004,2183333,2200000,1900000,2450000,3
Suzuki,Zen,Standard,2005,2445000,2462500,2275000,2580000,4
Suzuki,Zen,Standard,2006,2535714,2500000,2390000,2750000,7
Tata,Indica,Ev2 GLX XTA,2016,2900000,2900000,2900000,2900000,1
Tata,Indica,LXI,2006,1885000,1885000,1885000,1885000,1
Tata,Indica,Standard,2004,1780000,1850000,1600000,1890000,3
Tata,Indica,Standard,2005,2125000,2150000,2050000,2175000,3
Tata,Indica,Standard,2006,1979167,1975000,1875000,2075000,6
Tata,Indica,Standard,2014,2716429,2650000,2600000,2975000,7
Tata,Indica,Standard,2015,3021072,3012500,2690000,3500000,14
Tata,Indica,Standard,2016,2895000,2895000,2890000,2900000,2
Tata,Indica,XETA GLX,2014,3200000,3200000,3200000,3200000,1
Tata,Indica,XETA V2,2006,2125000,2125000,2125000,2125000,1
Tata,Indigo,Ecs,2011,2275000,2275000,2275000,2275000,1
Tata,Indigo,Ecs,2015,3150000,3150000,3150000,3150000,2
Tata,Indigo,Manza,2011,3200000,3200000,3200000,3200000,1
Tata,Indigo,Manza Aura,2011,3250000,3250000,3250000,3250000,1
Tata,Indigo,Marina GL,2006,1550000,1550000,1550000,1550000,1
Tata,Indigo,Marina GLX,2006,2150000,2150000,2150000,2150000,1
Tata,Indigo,Marina Glx,2006,2500000,2500000,2500000,2500000,1
Tata,Indigo,Standard,2006,1755000,2000000,775000,2150000,5
Tata,Indigo,Standard,2007,1950000,1987500,1550000,2275000,4
Tata,Indigo,Standard,2008,2197500,2200000,2090000,2300000,4
Tata,Indigo,Standard,2011,2975000,2975000,2975000,2975000,1
Tata,Indigo,Standard,2015,3325000,3325000,3150000,3500000,2
Tata,Nano,CX,2012,1350000,1350000,1350000,1350000,1
Tata,Nano,Cx,2013,1325000,1325000,1325000,1325000,1
Tata,Nano,LX,2011,1440000,1440000,1440000,1440000,1
Tata,Nano,Lx,2011,1387500,1387500,1280000,1495000,2
Tata,Nano,Lx,2012,1540000,1540000,1540000,1540000,1
Tata,Nano,Standard,2011,1355909,1350000,1125000,1650000,22
Tata,Nano,Standard,2012,1467333,1450000,1250000,1650000,15
Tata,Nano,Standard,2013,1162500,1162500,1050000,1275000,2
Tata,Nano,Standard,2014,1796667,1600000,1590000,2200000,3
Tata,Nano,Standard,2015,2095000,2122500,1800000,2350000,6
Tata,Nano,Standard,2016,2201250,2250000,1950000,2325000,12
Tata,Nano,Standard,2017,2432500,2400000,1950000,2980000,4
Tata,Nano,Twist XM,2015,2250000,2250000,2250000,2250000,1
Tata,Nano,Twist XTA,2016,2290000,2290000,2290000,2290000,1
Tata,Nano,XTA,2017,2300000,2300000,2300000,2300000,1
Toyota,110,Corsa,2000,3675000,3675000,3675000,3675000,1
Toyota,110,L Grade,1997,4150000,4150000,4150000,4150000,1
Toyota,110,Sprinter SE Limited,1999,3750000,3750000,3750000,3750000,1
Toyota,110,Sprinter Vintage Limited,2000,4350000,4350000,4350000,4350000,1
Toyota,110,Standard,1996,3265000,3275000,2995000,3650000,9
Toyota,110,Standard,1997,3743056,3675000,3200000,4700000,18
Toyota,110,Standard,1998,3571250,3542500,3100000,4100000,4
Toyota,110,Standard,1999,4075000,4050000,3650000,4550000,4
Toyota,110,Standard,2000,4250000,4250000,4250000,4250000,3
Toyota,110,XE Saloon Limited,1999,4675000,4675000,4675000,4675000,1
Toyota,AE110,2C,1997,3950000,3950000,3950000,3950000,1
Toyota,AE110,L Grade,1997,4175000,4175000,4175000,4175000,1
Toyota,AE110,Sprinter L Grade,1997,3975000,3975000,3975000,3975000,1
Toyota,AXIO,G Grade,2015,10400000,10400000,10400000,10400000,1
Toyota,AXIO,G Limited,2015,9350000,9350000,9350000,9350000,1
Toyota,AXIO,Standard,2015,9850000,9850000,9850000,9850000,1
Toyota,Allion,240,2002,6100000,6100000,6100000,6100000,1
Toyota,Allion,240,2003,7016111,6925000,6375000,7800000,18
Toyota,Allion,240,2004,7079444,6975000,6500000,7850000,9
Toyota,Allion,240,2005,7300000,7500000,6500000,7950000,7
Toyota,Allion,240,2006,8033333,8000000,6900000,9200000,3
Toyota,Allion,240,2007,8037500,8037500,7800000,8275000,2
Toyota,Allion,240,2010,8450000,8450000,8450000,8450000,1
Toyota,Allion,240 Anniversary,2006,7975000,7975000,7975000,7975000,1
Toyota,Allion,240 Anniversary,2007,8500000,8500000,8500000,8500000,1
Toyota,Allion,240 G,2006,7395000,7395000,7395000,7395000,1
Toyota,Allion,240 G Grade,2007,7450000,7450000,7450000,7450000,1
Toyota,Allion,240 G Limited,2004,7495000,7495000,7495000,7495000,1
Toyota,Allion,250G Grade,2004,7675000,7675000,7675000,7675000,1
Toyota,Allion,260,2007,8378824,8375000,7750000,8690000,17
Toyota,Allion,260,2008,8578571,8700000,8250000,8800000,7
Toyota,Allion,260,2009,9175000,9175000,8550000,9800000,2
Toyota,Allion,260,2010,9059375,9100000,8775000,9250000,8
Toyota,Allion,260,2011,9566667,9500000,9350000,9850000,3
Toyota,Allion,260,2012,9847000,9760000,9450000,10600000,5
Toyota,Allion,260,2013,10294444,10450000,9500000,11000000,9
Toyota,Allion,260,2016,13950000,13950000,13950000,13950000,1
Toyota,Allion,260,2018,14975000,14975000,14975000,14975000,1
Toyota,Allion,260 G,2007,8325000,8325000,8300000,8350000,2
Toyota,Allion,260 G,2009,8500000,8500000,8500000,8500000,1
Toyota,Allion,260 G,2010,10400000,10400000,10400000,10400000,1
Toyota,Allion,260 G,2011,9500000,9500000,9500000,9500000,1
Toyota,Allion,260 G Grade,2010,8950000,8950000,8950000,8950000,1
Toyota,Allion,260 G Grade,2013,9875000,9875000,9875000,9875000,1
Toyota,Allion,260 G Plus,2016,15000000,15000000,15000000,15000000,1
Toyota,Allion,A15 260,2014,10800000,10800000,10800000,10800000,1
Toyota,Allion,G,2007,8100000,8100000,8100000,8100000,1
Toyota,Allion,G,2011,9890000,9890000,9890000,9890000,1
Toyota,Allion,G,2013,10400000,10400000,10400000,10400000,1
Toyota,Allion,G Plus,2015,11600000,11600000,11600000,11600000,1
Toyota,Allion,G Plus,2016,13550000,13550000,13550000,13550000,1
Toyota,Allion,G Plus,2017,14975000,14975000,13450000,16500000,2
Toyota,Allion,MODE 260 G PLUS,2011,9375000,9375000,9375000,9375000,1
Toyota,Allion,NZ 260,2012,10200000,10200000,10200000,10200000,1
Toyota,Allion,NZT 260,2017,13875000,13875000,13875000,13875000,1
Toyota,Allion,NZT 260 G Grade,2010,9300000,9300000,9300000,9300000,1
Toyota,Allion,NZT240,2004,7500000,7500000,7500000,7500000,1
Toyota,Allion,NZT260,2007,8295000,8295000,8295000,8295000,1
Toyota,Allion,NZT260,2010,9300000,9300000,9300000,9300000,1
Toyota,Allion,NZT260 G20011,2007,8090000,8090000,8090000,8090000,1
Toyota,Allion,Standard,2002,6417778,6250000,6100000,6950000,9
Toyota,Allion,Standard,2003,6909062,6970000,6300000,7400000,16
Toyota,Allion,Standard,2004,7141667,7300000,6350000,7450000,6
Toyota,Allion,Standard,2005,6935000,6850000,6600000,7450000,5
Toyota,Allion,Standard,2006,7983333,8150000,7150000,8500000,9
Toyota,Allion,Standard,2007,8360556,8400000,7250000,9075000,27
Toyota,Allion,Standard,2008,8557174,8575000,7350000,9350000,23
Toyota,Allion,Standard,2009,8601000,8590000,8300000,9125000,5
Toyota,Allion,Standard,2010,9118421,9200000,8500000,9500000,19
Toyota,Allion,Standard,2011,9197500,9437500,8300000,9585000,6
Toyota,Allion,Standard,2012,10193750,10112500,9650000,10900000,4
Toyota,Allion,Standard,2013,10841111,10700000,10550000,11700000,9
Toyota,Allion,Standard,2014,12200000,12200000,11100000,13300000,2
Toyota,Allion,Standard,2015,12075000,12075000,11650000,12500000,2
Toyota,Allion,Standard,2016,13700000,13700000,13600000,13800000,3
Toyota,Allion,Standard,2017,13775000,13750000,13100000,14500000,4
Toyota,Allion,Standard,2018,14625000,14625000,14250000,15000000,2
Toyota,Aqua,G,2012,7325000,7325000,7325000,7325000,1
Toyota,Aqua,G,2013,7623750,7747500,7200000,7800000,4
Toyota,Aqua,G,2014,8300000,8300000,8150000,8450000,2
Toyota,Aqua,G GRADE,2013,7650000,7650000,7650000,7650000,1
Toyota,Aqua,G Grade,2012,7449000,7475000,6900000,8000000,10
Toyota,Aqua,G Grade,2013,7621875,7675000,7025000,7975000,8
Toyota,Aqua,G Grade,2014,7694444,7690000,7150000,8285000,9
Toyota,Aqua,G Grade,2015,8550000,8550000,8450000,8650000,2
Toyota,Aqua,G Grade,2016,7975000,7975000,7975000,7975000,1
Toyota,Aqua,G Grade,2017,7795000,7795000,7795000,7795000,1
Toyota,Aqua,G Grade Brown Luxury Interior,2012,7500000,7500000,7500000,7500000,1
Toyota,Aqua,G Grade Eagle Eye Urban,2015,9050000,9050000,9050000,9050000,1
Toyota,Aqua,G Grade Limited,2012,7325000,7325000,7325000,7325000,1
Toyota,Aqua,G Grade Limited Edition,2013,7775000,7775000,7775000,7775000,1
Toyota,Aqua,G LIMITED,2014,8475000,8475000,8475000,8475000,1
Toyota,Aqua,G Limited,2012,7387500,7537500,6700000,7775000,4
Toyota,Aqua,G Limited,2013,7858000,7890000,7300000,8175000,5
Toyota,Aqua,G Limited,2014,7420000,7420000,7420000,7420000,1
Toyota,Aqua,G Limited,2015,7675000,7675000,7675000,7675000,1
Toyota,Aqua,G Limited,2017,7775000,7775000,7775000,7775000,1
Toyota,Aqua,G Limited,2023,13990000,13990000,13990000,13990000,1
Toyota,Aqua,G Soft,2014,8275000,8275000,8275000,8275000,1
Toyota,Aqua,G Urban Eagle Eye,2015,9100000,9100000,9100000,9100000,1
Toyota,Aqua,GS,2015,8950000,8950000,8950000,8950000,1
Toyota,Aqua,GS,2016,9275000,9275000,9275000,9275000,1
Toyota,Aqua,GS Sport,2013,8350000,8350000,8350000,8350000,1
Toyota,Aqua,Gs,2014,8900000,8900000,8900000,8900000,1
Toyota,Aqua,L S GRADE,2015,7890000,7890000,7890000,7890000,1
Toyota,Aqua,S,2013,7475000,7450000,7350000,7650000,4
Toyota,Aqua,S Grade,2012,7750000,7750000,7750000,7750000,1
Toyota,Aqua,S Grade,2013,7731250,7762500,7450000,7950000,4
Toyota,Aqua,S Grade,2014,8226000,8000000,7890000,8750000,5
Toyota,Aqua,S Grade,2015,7575000,7575000,7375000,7775000,2
Toyota,Aqua,S Grade Anniversary,2013,7750000,7750000,7750000,7750000,1
Toyota,Aqua,S Grade Limited,2013,7175000,7175000,7175000,7175000,1
Toyota,Aqua,S LIMITED,2012,7600000,7600000,7600000,7600000,1
Toyota,Aqua,S Limited,2012,7284286,7250000,7090000,7600000,7
Toyota,Aqua,S Limited,2013,7357500,7357500,7290000,7425000,2
Toyota,Aqua,S Limited,2014,7715000,7770000,7400000,7975000,3
Toyota,Aqua,Standard,2012,7408519,7400000,6750000,8250000,81
Toyota,Aqua,Standard,2013,7598824,7600000,6890000,8275000,85
Toyota,Aqua,Standard,2014,7939146,7975000,7050000,8870000,82
Toyota,Aqua,Standard,2015,8594828,8775000,7350000,9500000,29
Toyota,Aqua,Standard,2016,8383000,8590000,7675000,8950000,5
Toyota,Aqua,Standard,2017,9575000,9575000,9575000,9575000,1
Toyota,Aqua,Standard,2023,14025000,14025000,13650000,14400000,2
Toyota,Aqua,Urban,2014,8866667,8850000,8850000,8900000,3
Toyota,Aqua,Urban,2015,8673750,8590000,8450000,9200000,8
Toyota,Aqua,Urban,2016,8815000,8815000,8650000,8980000,2
Toyota,Aqua,Urban Body,2015,9150000,9150000,9150000,9150000,1
Toyota,Aqua,Urban G,2014,8600000,8600000,8600000,8600000,1
Toyota,Aqua,Urban G,2015,8875000,8875000,8875000,8875000,1
Toyota,Aqua,Urban G Grade,2015,8590000,8590000,8590000,8590000,1
Toyota,Aqua,Urban G Grade,2016,8650000,8650000,8650000,8650000,1
Toyota,Aqua,Urban LED,2015,8675000,8675000,8675000,8675000,1
Toyota,Aqua,Urban Limited,2017,8500000,8500000,8500000,8500000,1
Toyota,Aqua,Urban Safety,2016,9190000,9190000,9190000,9190000,1
Toyota,Aqua,X,2015,9150000,9150000,9150000,9150000,1
Toyota,Aqua,X Urban,2015,9042381,9100000,8300000,9400000,21
Toyota,Aqua,X Urban,2016,9137500,9137500,8875000,9400000,2
Toyota,Aqua,X Urban,2017,9100000,9100000,8850000,9350000,2
Toyota,Avanza,S,2011,6480000,6480000,6480000,6480000,1
Toyota,Avanza,Standard,2007,5310000,5290000,5150000,5490000,3
Toyota,Avanza,Standard,2008,6133333,6000000,5650000,6750000,3
Toyota,Avanza,Standard,2011,6442857,6475000,6000000,7100000,14
Toyota,Avanza,Standard,2012,6963333,7000000,6290000,7600000,3
Toyota,Axio,141,2007,7332500,7332500,7290000,7375000,2
Toyota,Axio,161,2013,8995000,8995000,8990000,9000000,2
Toyota,Axio,161,2014,8835000,8835000,8835000,8835000,1
Toyota,Axio,165,2015,9850000,9850000,9850000,9850000,1
Toyota,Axio,165 G Grade,2015,10500000,10500000,10500000,10500000,1
Toyota,Axio,Corolla,2007,7375000,7375000,7375000,7375000,1
Toyota,Axio,EX,2024,14800000,14800000,14800000,14800000,1
Toyota,Axio,Fielder,2008,7325000,7325000,7325000,7325000,1
Toyota,Axio,Fielder,2014,9275000,9275000,9275000,9275000,1
Toyota,Axio,Fielder,2015,10500000,10500000,10500000,10500000,1
Toyota,Axio,G,2007,7800000,7800000,7650000,7950000,2
Toyota,Axio,G,2008,7750000,7750000,7750000,7750000,1
Toyota,Axio,G,2015,10537500,10537500,10475000,10600000,2
Toyota,Axio,G,2016,12000000,12000000,12000000,12000000,1
Toyota,Axio,G Grade,2007,7366667,7375000,7350000,7375000,3
Toyota,Axio,G Grade,2008,7566667,7500000,7250000,7950000,3
Toyota,Axio,G Grade,2009,7975000,7975000,7975000,7975000,1
Toyota,Axio,G Grade,2010,8200000,8200000,7750000,8650000,2
Toyota,Axio,G Grade,2012,8399500,8399500,8299000,8500000,2
Toyota,Axio,G Grade,2013,8758333,8550000,8525000,9200000,3
Toyota,Axio,G Grade,2014,9240000,9300000,8600000,9800000,5
Toyota,Axio,G Grade,2015,10560938,10725000,9375000,11050000,16
Toyota,Axio,G Grade,2016,11276429,11050000,10800000,12000000,7
Toyota,Axio,G Grade,2017,11330000,11450000,10850000,12000000,5
Toyota,Axio,G Grade,2018,11900000,11900000,11900000,11900000,1
Toyota,Axio,G Grade Hybrid,2014,9375000,9375000,9375000,9375000,1
Toyota,Axio,G Grade Limited Edition,2014,9500000,9500000,9500000,9500000,1
Toyota,Axio,G Hybrid,2015,9800000,9800000,9800000,9800000,1
Toyota,Axio,Hybrid,2013,8275000,8275000,8275000,8275000,1
Toyota,Axio,Hybrid,2016,11075000,11075000,11075000,11075000,1
Toyota,Axio,Hybrid G Grade,2014,9825000,9825000,9825000,9825000,1
Toyota,Axio,Ivory,2018,13950000,13950000,13950000,13950000,1
Toyota,Axio,Standard,2007,7304125,7300000,6600000,7850000,40
Toyota,Axio,Standard,2008,7470357,7450000,6900000,8200000,28
Toyota,Axio,Standard,2009,7780000,7790000,7600000,7950000,3
Toyota,Axio,Standard,2010,7816500,7850000,6700000,8500000,30
Toyota,Axio,Standard,2011,8022727,8000000,7560000,8550000,11
Toyota,Axio,Standard,2012,7961667,7950000,7885000,8050000,3
Toyota,Axio,Standard,2013,8842083,8775000,8375000,9500000,12
Toyota,Axio,Standard,2014,9333529,9300000,8625000,10400000,51
Toyota,Axio,Standard,2015,10209271,10125000,8950000,12050000,48
Toyota,Axio,Standard,2016,11311500,11375000,9750000,13500000,20
Toyota,Axio,Standard,2017,11806852,11850000,9650000,14000000,27
Toyota,Axio,Standard,2018,12836786,12800000,10350000,14200000,14
Toyota,Axio,Standard,2019,13037500,13250000,11350000,14300000,4
Toyota,Axio,Standard,2020,12320000,12500000,11450000,13400000,5
Toyota,Axio,Standard,2024,15125000,15125000,14750000,15500000,2
Toyota,Axio,WXB,2016,11969375,11820000,11350000,12800000,8
Toyota,Axio,WXB,2017,12585714,12475000,11875000,13675000,14
Toyota,Axio,WXB,2018,13809091,13650000,12800000,14700000,11
Toyota,Axio,WXB,2019,14033333,14000000,13400000,14700000,3
Toyota,Axio,WXB Ivory,2018,14395000,14395000,14395000,14395000,1
Toyota,Axio,WxB,2017,13000000,13000000,13000000,13000000,1
Toyota,Axio,Wxb,2016,12200000,12375000,11800000,12425000,3
Toyota,Axio,Wxb,2017,12191667,12200000,11975000,12400000,3
Toyota,Axio,Wxb,2018,13866667,13400000,12900000,15300000,3
Toyota,Axio,Wxb,2020,13550000,13550000,13550000,13550000,1
Toyota,Axio,X,2007,7143750,7137500,6850000,7450000,4
Toyota,Axio,X,2008,7125000,7125000,6750000,7500000,2
Toyota,Axio,X,2009,7050000,7050000,7050000,7050000,1
Toyota,Axio,X Anniversary,2007,6890000,6890000,6890000,6890000,1
Toyota,Axio,X Grade,2007,7075000,7075000,6950000,7200000,4
Toyota,Axio,X Grade,2008,7380000,7500000,6950000,7690000,3
Toyota,Axio,X Grade,2010,7537500,7425000,7200000,8100000,4
Toyota,Axio,X Grade,2014,9200000,9200000,9200000,9200000,1
Toyota,Axio,X Limited,2008,7583333,7550000,7350000,7850000,3
Toyota,Axio,X Limited,2010,7816667,7750000,7750000,7950000,3
Toyota,Axio,X Limited,2011,7470000,7470000,7290000,7650000,2
Toyota,Belta,G Grade,2007,6737500,6737500,6625000,6850000,2
Toyota,Belta,G Grade,2010,7150000,7150000,7150000,7150000,1
Toyota,Belta,Standard,2007,6278871,6290000,5700000,6900000,31
Toyota,Belta,Standard,2008,6548421,6650000,5950000,7300000,19
Toyota,Belta,Standard,2009,6457500,6437500,5900000,7250000,18
Toyota,Belta,Standard,2010,6573000,6550000,6290000,6900000,5
Toyota,Belta,Standard,2011,7016667,7050000,6550000,7550000,6
Toyota,CE100,Corolla,1994,2375000,2375000,2375000,2375000,1
Toyota,CE100,Standard,1992,2591667,2450000,2325000,3000000,3
Toyota,CE100,Standard,1994,2040000,2040000,1985000,2095000,2
Toyota,CE110,Standard,1996,3172500,3170000,3000000,3350000,4
Toyota,CE110,Standard,1997,3930000,3950000,3850000,3990000,3
Toyota,Caldina,Standard,1997,3457500,3500000,3200000,3670000,6
Toyota,Camry,CV 30,1992,2250000,2250000,2250000,2250000,1
Toyota,Camry,CV30,1992,2150000,2150000,2150000,2150000,1
Toyota,Camry,G Limited Edition,2006,7990000,7990000,7990000,7990000,1
Toyota,Camry,G Urgent,2008,7875000,7875000,7875000,7875000,1
Toyota,Camry,Standard,1992,2393333,2450000,2250000,2480000,3
Toyota,Camry,Standard,2006,7250000,7250000,6900000,7600000,2
Toyota,Camry,Standard,2008,6983333,7350000,6250000,7350000,3
Toyota,Carina,212,1998,4704500,4704500,4150000,5259000,2
Toyota,Carina,212,1999,5550000,5550000,5550000,5550000,1
Toyota,Carina,AT 170,1992,2140000,2140000,2140000,2140000,1
Toyota,Carina,AT170,1990,1850000,1850000,1850000,1850000,1
Toyota,Carina,AT192,1993,2950000,2950000,2950000,2950000,2
Toyota,Carina,AT210,1996,4700000,4700000,4700000,4700000,1
Toyota,Carina,AT212 Ti My Road,1996,4390000,4390000,4390000,4390000,1
Toyota,Carina,At 212,1999,5690000,5690000,5690000,5690000,1
Toyota,Carina,At170,1993,2475000,2475000,2475000,2475000,1
Toyota,Carina,CT 210 Ti,1997,3950000,3950000,3950000,3950000,1
Toyota,Carina,CT190,1992,3150000,3150000,3150000,3150000,1
Toyota,Carina,Ct190,1992,2975000,2975000,2975000,2975000,1
Toyota,Carina,GT,1998,5650000,5650000,5650000,5650000,1
Toyota,Carina,Gt,2001,5150000,5150000,5150000,5150000,1
Toyota,Carina,Si,2002,5890000,5890000,5890000,5890000,1
Toyota,Carina,Standard,1990,1891667,2375000,900000,2400000,3
Toyota,Carina,Standard,1992,2600000,2600000,2600000,2600000,1
Toyota,Carina,Standard,1993,2770000,2875000,2250000,3025000,5
Toyota,Carina,Standard,1996,4316667,4050000,4000000,4900000,3
Toyota,Carina,Standard,1997,4412778,4300000,3350000,5350000,9
Toyota,Carina,Standard,1998,4913571,4900000,4500000,5450000,14
Toyota,Carina,Standard,1999,5452143,5500000,4950000,5975000,7
Toyota,Carina,Standard,2000,4982143,4950000,4450000,5900000,7
Toyota,Carina,Standard,2001,5331250,5437500,4750000,5700000,4
Toyota,Carina,Standard,2002,2962500,2962500,1775000,4150000,2
Toyota,Carina,TI,1997,4640000,4640000,3880000,5400000,2
Toyota,Carina,TI My Road,2000,5375000,5375000,5375000,5375000,1
Toyota,Carina,TI My Road CT210,2001,4650000,4650000,4650000,4650000,1
Toyota,Carina,TI Myroad,1999,5290000,5290000,5290000,5290000,1
Toyota,Carina,Ti,1996,3950000,3950000,3950000,3950000,1
Toyota,Carina,Ti,1997,4345000,4275000,3975000,4800000,5
Toyota,Carina,Ti,1998,5212500,5212500,5175000,5250000,2
Toyota,Carina,Ti,1999,5400000,5400000,5400000,5400000,1
Toyota,Carina,Ti My Road,1997,4600000,4600000,4400000,4800000,2
Toyota,Carina,Ti My Road,1998,5425000,5425000,5425000,5425000,1
Toyota,Carina,Ti MyRoad,1998,4290000,4290000,4290000,4290000,1
Toyota,Carina,Ti Myroad,1998,5000000,5000000,5000000,5000000,1
Toyota,Carina,Ti Myroad,1999,5350000,5350000,5350000,5350000,1
Toyota,Carina,TiAT212,1997,4800000,4800000,4800000,4800000,1
Toyota,Ce110,Standard,1996,3088333,3140000,2950000,3175000,3
Toyota,Corolla,103,2001,3522500,3522500,3295000,3750000,2
Toyota,Corolla,106,1997,2890000,2890000,2890000,2890000,1
Toyota,Corolla,108,1997,2850000,2850000,2850000,2850000,1
Toyota,Corolla,110,1995,3600000,3600000,3600000,3600000,1
Toyota,Corolla,110,1996,3460833,3550000,3090000,3750000,6
Toyota,Corolla,110,1997,3699615,3650000,3100000,4350000,13
Toyota,Corolla,110,1998,3408333,3475000,3275000,3475000,3
Toyota,Corolla,110,2000,4080000,4290000,3500000,4450000,3
Toyota,Corolla,110,2001,3750000,3750000,3750000,3750000,1
Toyota,Corolla,110 XE SALOON,2003,4590000,4590000,4590000,4590000,1
Toyota,Corolla,111,1996,3650000,3650000,3650000,3650000,1
Toyota,Corolla,121,1993,2650000,2650000,2650000,2650000,1
Toyota,Corolla,121,2000,5475000,5550000,4895000,5875000,15
Toyota,Corolla,121,2001,5550000,5587500,4950000,5850000,8
Toyota,Corolla,121,2002,5723158,5725000,4675000,6375000,19
Toyota,Corolla,121,2003,5615294,5760000,4950000,6650000,17
Toyota,Corolla,121,2004,5595000,5500000,5000000,6500000,18
Toyota,Corolla,121,2005,5707308,5800000,5080000,6650000,13
Toyota,Corolla,121,2006,5882501,5787500,5375000,6750007,12
Toyota,Corolla,121,2007,6431250,6312500,5850000,7250000,4
Toyota,Corolla,121 G,2002,5475000,5475000,5475000,5475000,1
Toyota,Corolla,121 G Grade,2001,5900000,5900000,5900000,5900000,1
Toyota,Corolla,121 G Grade,2002,6200000,6200000,6200000,6200000,1
Toyota,Corolla,121 G Grade,2003,6100000,6100000,6100000,6100000,1
Toyota,Corolla,121 G Grade,2004,6650000,6650000,6650000,6650000,1
Toyota,Corolla,121 GLI,2000,5500000,5500000,5500000,5500000,1
Toyota,Corolla,121 LX Limited,2002,5950000,5950000,5950000,5950000,1
Toyota,Corolla,121 X Grade,2004,5950000,5950000,5950000,5950000,1
Toyota,Corolla,140,2008,5850000,5850000,5850000,5850000,1
Toyota,Corolla,141,2002,6675000,6675000,6675000,6675000,1
Toyota,Corolla,141,2003,6150000,6150000,6150000,6150000,1
Toyota,Corolla,141,2007,6370455,6250000,6000000,6900000,11
Toyota,Corolla,141,2008,6607674,6675000,5800000,7200000,43
Toyota,Corolla,141,2010,7182500,7182500,7165000,7200000,2
Toyota,Corolla,141,2011,7347500,7645000,6350000,7750000,4
Toyota,Corolla,141,2012,7800000,7600000,7300000,8500000,3
Toyota,Corolla,141 Dual VVTI,2012,8000000,8000000,8000000,8000000,1
Toyota,Corolla,141 Lx,2008,6650000,6650000,6650000,6650000,1
Toyota,Corolla,141Lxi,2012,8400000,8400000,8400000,8400000,1
Toyota,Corolla,141XLi,2011,7850000,7850000,7850000,7850000,1
Toyota,Corolla,2,1990,1720000,1765000,1550000,1800000,4
Toyota,Corolla,2,1991,1650000,1650000,1650000,1650000,1
Toyota,Corolla,2 EL51,1997,3350000,3350000,3350000,3350000,1
Toyota,Corolla,2 Windy,1993,2475000,2475000,2450000,2500000,2
Toyota,Corolla,2 Windy,1997,3350000,3350000,3350000,3350000,1
Toyota,Corolla,2 Windy EL 41,1993,2225000,2225000,2225000,2225000,1
Toyota,Corolla,2 Windy EL30,1992,1985000,1985000,1985000,1985000,1
Toyota,Corolla,2 Windy EL41,1991,2750000,2750000,2750000,2750000,1
Toyota,Corolla,AC 100,1994,1995000,1995000,1995000,1995000,1
Toyota,Corolla,AE100,1991,3025000,3200000,2525000,3350000,3
Toyota,Corolla,AE100,1992,2942857,2900000,2800000,3175000,7
Toyota,Corolla,AE100,1993,2918333,2942500,2750000,3100000,6
Toyota,Corolla,AE100,1994,3048889,3050000,2550000,3450000,9
Toyota,Corolla,AE100,1995,3687500,3687500,3650000,3725000,2
Toyota,Corolla,AE100,1996,3187500,3187500,3000000,3375000,2
Toyota,Corolla,AE100,1997,700000,700000,700000,700000,1
Toyota,Corolla,AE100,1998,3700000,3700000,3700000,3700000,1
Toyota,Corolla,AE100 Elephant Back L Touring,1998,3180000,3180000,3180000,3180000,1
Toyota,Corolla,AE110,1993,2950000,2950000,2850000,3050000,2
Toyota,Corolla,AE110,1995,3513750,3512500,3175000,3850000,12
Toyota,Corolla,AE110,1996,3332500,3300000,3200000,3500000,6
Toyota,Corolla,AE110,1997,3929130,3975000,2950000,4975000,23
Toyota,Corolla,AE110,1998,3707500,3675000,3250000,4535000,8
Toyota,Corolla,AE110,1999,4487500,4487500,4300000,4675000,2
Toyota,Corolla,AE110,2000,3575000,3575000,2900000,4250000,2
Toyota,Corolla,AE110,2007,4750000,4750000,4750000,4750000,1
Toyota,Corolla,AE110,2012,3750000,3750000,3750000,3750000,1
Toyota,Corolla,AE110 111,1997,3675000,3675000,3675000,3675000,1
Toyota,Corolla,AE110 L Grade,1997,4895000,4895000,4895000,4895000,2
Toyota,Corolla,AE110 SE Limited Shelloon,2002,4750000,4750000,4750000,4750000,1
Toyota,Corolla,AE110 SE Saloon L Grade Gold Badge,1998,4995000,4995000,4995000,4995000,1
Toyota,Corolla,AE110 Se Limited Edition,2002,4550000,4550000,4550000,4550000,1
Toyota,Corolla,AE110 Sprinter,1996,3150000,3150000,3150000,3150000,1
Toyota,Corolla,AE91,1990,2650000,2650000,2650000,2650000,1
Toyota,Corolla,AE91,1991,2446667,2500000,2290000,2550000,3
Toyota,Corolla,Ae100,1993,2790000,2790000,2790000,2790000,1
Toyota,Corolla,Ae101,1993,3250000,3250000,3250000,3250000,1
Toyota,Corolla,Axio,2010,7150000,7150000,7150000,7150000,2
Toyota,Corolla,Axio X Limited,2008,7600000,7600000,7600000,7600000,1
Toyota,Corolla,CE 108,1996,2750000,2750000,2750000,2750000,2
Toyota,Corolla,CE 114 CE110 Super Saloon,1999,3050000,3050000,3050000,3050000,1
Toyota,Corolla,CE 90,1993,2175000,2175000,2175000,2175000,1
Toyota,Corolla,CE100,1991,1825000,1825000,1825000,1825000,1
Toyota,Corolla,CE100,1992,2750000,2750000,2750000,2750000,1
Toyota,Corolla,CE100,1994,1985000,1985000,1985000,1985000,1
Toyota,Corolla,CE100,1995,2690000,2690000,2690000,2690000,1
Toyota,Corolla,CE100 G Touring,1997,3250000,3250000,3250000,3250000,1
Toyota,Corolla,CE106,1996,2637500,2637500,2625000,2650000,2
Toyota,Corolla,CE106,1998,3070000,3070000,3070000,3070000,1
Toyota,Corolla,CE108,1996,2712500,2750000,2600000,2750000,4
Toyota,Corolla,CE108,1997,3212500,3212500,3175000,3250000,2
Toyota,Corolla,CE108 Wagon,1997,3200000,3200000,3200000,3200000,1
Toyota,Corolla,CE110,1996,3267500,3260000,3200000,3350000,4
Toyota,Corolla,CE110,1997,3750000,3750000,3750000,3750000,1
Toyota,Corolla,CE110,2000,4350000,4350000,4200000,4500000,2
Toyota,Corolla,CE110 Crystal Light,1997,3650000,3650000,3650000,3650000,1
Toyota,Corolla,CE110 SE Saloon,1999,3750000,3750000,3750000,3750000,1
Toyota,Corolla,CE96,1991,2150000,2150000,2150000,2150000,1
Toyota,Corolla,CE96,1992,2100000,2100000,2050000,2150000,2
Toyota,Corolla,CE96,1993,2075000,2075000,2075000,2075000,1
Toyota,Corolla,Camry Cv 30,1992,2375000,2375000,2375000,2375000,1
Toyota,Corolla,Carina AT192,1995,2975000,2975000,2975000,2975000,1
Toyota,Corolla,Ce 90,1991,2200000,2200000,2200000,2200000,1
Toyota,Corolla,Ce 90,1994,2275000,2275000,2275000,2275000,1
Toyota,Corolla,Ce 90 1c Engine,1990,2250000,2250000,2250000,2250000,1
Toyota,Corolla,Ce100,1992,2325000,2325000,2325000,2325000,1
Toyota,Corolla,Ce110,1997,4000000,4000000,4000000,4000000,1
Toyota,Corolla,Ce110,2000,3550000,3550000,3550000,3550000,1
Toyota,Corolla,Ce90,1990,1850000,1850000,1850000,1850000,1
Toyota,Corolla,Ce90,1991,2550000,2550000,2200000,2900000,2
Toyota,Corolla,Ce90,1994,2100000,2100000,2100000,2100000,1
Toyota,Corolla,Corsa,1999,3200000,3200000,3200000,3200000,1
Toyota,Corolla,DX Wagon,1996,2775000,2775000,2775000,2775000,1
Toyota,Corolla,DX Wagon EE98,1990,1850000,1850000,1850000,1850000,1
Toyota,Corolla,E 111,2000,4150000,4150000,4150000,4150000,1
Toyota,Corolla,EE 101,1991,2875000,2875000,2875000,2875000,1
Toyota,Corolla,EE 106 L Touring Limited,1992,2375000,2375000,2375000,2375000,1
Toyota,Corolla,EE 111,2003,3975000,3975000,3975000,3975000,1
Toyota,Corolla,EE 90,1991,1850000,1850000,1850000,1850000,1
Toyota,Corolla,EE101,1996,3000000,3000000,3000000,3000000,1
Toyota,Corolla,EE102,1998,3000000,3000000,3000000,3000000,1
Toyota,Corolla,EE106 Wagon,1991,2350000,2350000,2350000,2350000,1
Toyota,Corolla,EE111,1995,3150000,3150000,3150000,3150000,1
Toyota,Corolla,EE96,1990,1775000,1775000,1775000,1775000,1
Toyota,Corolla,EE96,1991,2150000,2150000,2150000,2150000,1
Toyota,Corolla,EE96,1992,1790000,1790000,1790000,1790000,1
Toyota,Corolla,EL 41,1993,2475000,2475000,2475000,2475000,1
Toyota,Corolla,Ee 103 Elephant Back,2002,3395000,3395000,3395000,3395000,2
Toyota,Corolla,Ee 90,1991,1850000,1850000,1850000,1850000,1
Toyota,Corolla,Ee106 Elephant Back,1993,2375000,2375000,2375000,2375000,1
Toyota,Corolla,Ee90,1993,1950000,1950000,1950000,1950000,1
Toyota,Corolla,Ee96,1990,1550000,1550000,1550000,1550000,1
Toyota,Corolla,Ee96,1991,1690000,1690000,1690000,1690000,1
Toyota,Corolla,Elephant Back,1992,2550000,2550000,2550000,2550000,1
Toyota,Corolla,Elephant Back,1994,2400000,2400000,2400000,2400000,1
Toyota,Corolla,Elephant Back,1996,2475000,2475000,2475000,2475000,1
Toyota,Corolla,Elephant Back,2000,3700000,3700000,3700000,3700000,1
Toyota,Corolla,Elephant Back CE102,1992,2475000,2475000,2475000,2475000,1
Toyota,Corolla,G Touring,1999,3400000,3400000,3400000,3400000,1
Toyota,Corolla,Ke20 Deluxe 0,2010,690000,690000,690000,690000,1
Toyota,Corolla,LX GRADE,1996,3225000,3225000,3225000,3225000,1
Toyota,Corolla,Luxury,2023,16650000,16650000,16650000,16650000,1
Toyota,Corolla,NZE121,2003,5850000,5850000,5850000,5850000,1
Toyota,Corolla,Raum,2001,3700000,3700000,3700000,3700000,1
Toyota,Corolla,Sprinter,1991,1950000,1950000,1950000,1950000,1
Toyota,Corolla,Sprinter CE110,1996,3150000,3150000,3150000,3150000,1
Toyota,Corolla,Sprinter Ce110,1997,3990000,3990000,3990000,3990000,1
Toyota,Corolla,Standard,1990,1890000,1865000,1600000,2450000,8
Toyota,Corolla,Standard,1991,2103889,1950000,1600000,2850000,9
Toyota,Corolla,Standard,1992,2525000,2375000,1950000,3200000,7
Toyota,Corolla,Standard,1993,2650000,2500000,2300000,3150000,3
Toyota,Corolla,Standard,1994,2787500,2612500,2525000,3400000,4
Toyota,Corolla,Standard,1995,2621250,3097500,690000,3600000,4
Toyota,Corolla,Standard,1996,3445000,3490000,3100000,3700000,4
Toyota,Corolla,Standard,1997,3361875,3440000,2780000,3975000,8
Toyota,Corolla,Standard,1998,3718750,3725000,2900000,4525000,4
Toyota,Corolla,Standard,1999,3513333,3490000,3350000,3700000,3
Toyota,Corolla,Standard,2000,3475000,3475000,3450000,3500000,2
Toyota,Corolla,Standard,2001,5500000,5500000,5500000,5500000,1
Toyota,Corolla,Standard,2003,6375000,6375000,6375000,6375000,1
Toyota,Corolla,Standard,2004,6200000,6200000,6200000,6200000,2
Toyota,Corolla,Standard,2005,5475000,5475000,5250000,5700000,2
Toyota,Corolla,Standard,2006,7200000,7200000,7200000,7200000,1
Toyota,Corolla,Standard,2007,6656667,6400000,6370000,7200000,3
Toyota,Corolla,Standard,2008,5778571,6600000,4300000,6950000,7
Toyota,Corolla,Standard,2023,15650000,15650000,15650000,15650000,1
Toyota,Corolla,WXB,2023,17268750,17450000,16275000,17900000,4
Toyota,Corolla,WXB Midnight Purple,2023,17500000,17500000,17500000,17500000,1
Toyota,Corolla,Wagon,2000,3675000,3675000,3675000,3675000,1
Toyota,Corolla,Wagon AE104,1996,3800000,3800000,3800000,3800000,1
Toyota,Corolla,Wagon CE108,1997,3200000,3200000,3200000,3200000,1
Toyota,Corolla,Wagon EE96,1991,1650000,1650000,1650000,1650000,1
Toyota,Corolla,Windy 2,1996,2850000,2850000,2850000,2850000,1
Toyota,Corolla,WxB,2023,16400000,16400000,16400000,16400000,1
Toyota,Corolla,Wxb,2023,16100000,16100000,16100000,16100000,1
Toyota,Corolla,XE Saloon,1997,3450000,3450000,3450000,3450000,1
Toyota,Corona,AT190,1994,3300000,3300000,3300000,3300000,1
Toyota,Corona,At 170,1990,2345000,2345000,2345000,2345000,1
Toyota,Corona,CT170,1991,1950000,1950000,1950000,1950000,1
Toyota,Corona,Premio,1996,3972500,3920000,3800000,4250000,4
Toyota,Corona,Premio,1997,4322500,4322500,4075000,4570000,2
Toyota,Corona,Premio,1999,4650000,4650000,4650000,4650000,1
Toyota,Corona,Premio Ct210,1997,3700000,3700000,3700000,3700000,1
Toyota,Corona,Standard,1990,2300000,2300000,2300000,2300000,1
Toyota,Corona,Standard,1991,1821250,1800000,1685000,2000000,4
Toyota,Corona,Standard,1993,1698000,1665000,1450000,2250000,5
Toyota,Corona,Standard,1994,2137500,2137500,975000,3300000,2
Toyota,Corona,Standard,1996,3800000,3750000,3650000,4000000,6
Toyota,Corona,Standard,1999,5250000,5250000,5250000,5250000,2
Toyota,Corona,T170,1990,1700000,1700000,1700000,1700000,1
Toyota,Corsa,EL51,1997,3025000,3025000,3025000,3025000,1
Toyota,Corsa,EL51,1998,3360000,3360000,3360000,3360000,1
Toyota,Corsa,El 41,1992,25750000,25750000,25750000,25750000,1
Toyota,Corsa,NL40 WINDY,1992,2550000,2550000,2550000,2550000,1
Toyota,Corsa,Standard,1992,3200000,3200000,3200000,3200000,1
Toyota,Corsa,Standard,1994,2795000,2765000,2500000,3150000,4
Toyota,Corsa,Standard,1996,2850000,2625000,2575000,3575000,4
Toyota,Corsa,Standard,1997,3370833,3300000,2850000,3975000,6
Toyota,Corsa,Standard,1998,2995000,2995000,2500000,3490000,2
Toyota,Corsa,Tercel,1998,3387500,3387500,3300000,3475000,2
Toyota,Duet,Standard,1999,3425000,3387500,3275000,3650000,4
Toyota,Dx,Wagon,1990,1650000,1700000,1200000,1900000,5
Toyota,Elephant,Back,1996,2975000,2950000,2875000,3100000,3
Toyota,Elephant,Back,1997,2993750,2975000,2875000,3150000,4
Toyota,Elephant,Back CE 108,1997,3250000,3250000,3250000,3250000,1
Toyota,Elephant,Back CE106,1996,3050000,3050000,3050000,3050000,1
Toyota,Elephant,Back Ce106,1997,2850000,2850000,2850000,2850000,1
Toyota,IST,FL,2003,5350000,5350000,5350000,5350000,1
Toyota,IST,FL Grade,2003,4875000,4875000,4875000,4875000,1
Toyota,IST,FL Grade,2007,6425000,6425000,6425000,6425000,1
Toyota,IST,Standard,2002,4868750,4892500,4700000,4990000,4
Toyota,IST,Standard,2003,4980000,4950000,4750000,5300000,8
Toyota,IST,Standard,2004,5433333,5500000,5200000,5600000,3
Toyota,IST,Standard,2007,6698571,6650000,6450000,6990000,7
Toyota,Ist,FL Grade,2003,5400000,5400000,5400000,5400000,1
Toyota,Ist,Fl Grade,2003,5200000,5200000,5200000,5200000,1
Toyota,Ist,Standard,2003,5220000,5185000,5175000,5300000,3
Toyota,Mark,2,2007,13500000,13500000,13500000,13500000,1
Toyota,Mark,X,2007,8050000,8050000,7850000,8250000,2
Toyota,PREMIO,G SUPERIOR,2017,15375000,15375000,15000000,15750000,2
Toyota,PREMIO,Standard,2017,14500000,14500000,14300000,14700000,2
Toyota,Passo,G Grade,2018,7975000,7975000,7975000,7975000,1
Toyota,Passo,KGC10,2008,4850000,4850000,4850000,4850000,1
Toyota,Passo,MODA,2016,7275000,7275000,7275000,7275000,1
Toyota,Passo,Moda,2016,7200000,7200000,7200000,7200000,1
Toyota,Passo,Racy,2008,5655000,5655000,5655000,5655000,1
Toyota,Passo,SAFETY,2017,6990000,6990000,6990000,6990000,1
Toyota,Passo,Standard,2004,4458636,4490000,4175000,4650000,11
Toyota,Passo,Standard,2005,4538000,4490000,4400000,4675000,5
Toyota,Passo,Standard,2007,4956000,4950000,4600000,5325000,25
Toyota,Passo,Standard,2008,4861667,4900000,4500000,5300000,12
Toyota,Passo,Standard,2009,5016667,5050000,4850000,5150000,3
Toyota,Passo,Standard,2010,5436875,5455000,4850000,5925000,8
Toyota,Passo,Standard,2016,7027000,7050000,6700000,7200000,10
Toyota,Passo,Standard,2017,7139615,7150000,6200000,7890000,13
Toyota,Passo,Standard,2018,7750000,7750000,7250000,8250000,2
Toyota,Passo,Standard,2019,7498750,7550000,7195000,7700000,4
Toyota,Passo,Standard,2023,8412500,8345000,7675000,9775000,12
Toyota,Passo,Standard,2024,9600000,9600000,9600000,9600000,1
Toyota,Passo,X,2023,8425000,8425000,8425000,8425000,1
Toyota,Passo,X Ltd,2023,8395000,8395000,8395000,8395000,1
Toyota,Passo,X Safety Spec,2024,8495000,8495000,8495000,8495000,1
Toyota,Passo,XL,2016,6975000,6975000,6975000,6975000,1
Toyota,Passo,XL,2023,8383333,8375000,8300000,8475000,3
Toyota,Passo,XL,2024,8495000,8495000,8495000,8495000,1
Toyota,Pixis,EPOCH,2025,7300000,7300000,7300000,7300000,1
Toyota,Pixis,Epoch,2016,5995000,5995000,5995000,5995000,1
Toyota,Pixis,Epoch G Grade,2024,7672500,7672500,7495000,7850000,2
Toyota,Pixis,G TURBO LIMITED,2025,7695000,7695000,7695000,7695000,1
Toyota,Pixis,Standard,2016,5990000,5995000,5775000,6200000,3
Toyota,Pixis,Standard,2024,7175000,7175000,7000000,7350000,2
Toyota,Pixis,Standard,2025,7150000,7150000,7150000,7150000,1
Toyota,Pixis,X LIMITED,2025,7450000,7450000,7450000,7450000,1
Toyota,Platz,Standard,2001,4016667,4000000,3800000,4250000,3
Toyota,Premio,240,2002,6542500,6542500,6500000,6585000,2
Toyota,Premio,260,2013,11433333,11750000,10600000,11950000,3
Toyota,Premio,260,2014,11400000,11400000,11400000,11400000,1
Toyota,Premio,260,2018,15300000,15300000,15300000,15300000,1
Toyota,Premio,260 G Superior,2010,9550000,9550000,9300000,9800000,2
Toyota,Premio,260 G Superior,2017,14650000,14650000,14650000,14650000,1
Toyota,Premio,260 G Superior,2018,16250000,16250000,16250000,16250000,1
Toyota,Premio,260 G Superior,2019,17150000,17150000,17150000,17150000,1
Toyota,Premio,260 G Superior,2020,16250000,16250000,16250000,16250000,1
Toyota,Premio,G,2010,9450000,9450000,9450000,9450000,1
Toyota,Premio,G,2015,12350000,12350000,12350000,12350000,1
Toyota,Premio,G Grade,2016,14700000,14700000,14700000,14700000,1
Toyota,Premio,G SUPERIOR,2016,14700000,14700000,14700000,14700000,1
Toyota,Premio,G SUPERIOR,2018,15550000,15550000,14900000,16200000,2
Toyota,Premio,G Superior,2007,9350000,9650000,8600000,9800000,3
Toyota,Premio,G Superior,2008,9300000,9300000,9300000,9300000,1
Toyota,Premio,G Superior,2010,9910000,9850000,9775000,10275000,5
Toyota,Premio,G Superior,2011,9812857,9800000,9200000,10500000,7
Toyota,Premio,G Superior,2012,10262500,10087500,9675000,11200000,4
Toyota,Premio,G Superior,2013,11611111,11650000,10875000,12700000,9
Toyota,Premio,G Superior,2014,12399167,12422500,11750000,12900000,6
Toyota,Premio,G Superior,2015,11880000,12200000,9650000,12700000,5
Toyota,Premio,G Superior,2016,14080000,14200000,13600000,14500000,5
Toyota,Premio,G Superior,2017,14953125,15025000,14075000,15650000,8
Toyota,Premio,G Superior,2018,15944118,15800000,13800000,18000000,17
Toyota,Premio,G Superior,2019,17100000,17100000,16200000,18000000,2
Toyota,Premio,G Superior Premium,2017,15800000,15800000,15800000,15800000,1
Toyota,Premio,Standard,2002,6600000,6600000,6600000,6600000,1
Toyota,Premio,Standard,2004,7537500,7425000,6800000,8500000,4
Toyota,Premio,Standard,2007,9128750,9150000,7750000,10100000,28
Toyota,Premio,Standard,2008,9334000,9250000,8800000,10250000,15
Toyota,Premio,Standard,2010,9845000,9775000,9150000,10600000,14
Toyota,Premio,Standard,2011,9986667,9900000,9350000,10700000,12
Toyota,Premio,Standard,2012,10566071,10450000,9850000,11450000,14
Toyota,Premio,Standard,2013,11668409,11700000,10500000,13200000,44
Toyota,Premio,Standard,2014,12155769,12200000,10750000,13600000,13
Toyota,Premio,Standard,2015,13541429,13200000,12500000,14550000,7
Toyota,Premio,Standard,2016,14489773,14475000,13300000,16000000,22
Toyota,Premio,Standard,2017,15188750,14990000,14075000,16500000,36
Toyota,Premio,Standard,2018,16127805,16000000,14990000,17300000,41
Toyota,Premio,Standard,2019,16890909,17000000,15600000,17900000,11
Toyota,Premio,Standard,2020,17175000,16900000,16500000,18400000,4
Toyota,Premio,Superior G,2015,12350000,12350000,12350000,12350000,1
Toyota,Prius,20,2007,7425000,7425000,7425000,7425000,1
Toyota,Prius,20,2013,7700000,7700000,7700000,7700000,1
Toyota,Prius,2nd Gen,2008,7000000,7000000,7000000,7000000,1
Toyota,Prius,2nd Gen,2011,8500000,8500000,8500000,8500000,1
Toyota,Prius,2nd Generation,2007,6495000,6495000,6495000,6495000,1
Toyota,Prius,2nd Generation,2008,6791667,6825000,6550000,7000000,3
Toyota,Prius,2nd Generation,2012,8250000,8250000,8250000,8250000,1
Toyota,Prius,3rd,2009,9875000,9875000,9875000,9875000,1
Toyota,Prius,3rd Gen,2011,9500000,9500000,9150000,9850000,3
Toyota,Prius,3rd Gen S Grade,2012,11500000,11500000,11500000,11500000,1
Toyota,Prius,4rth,2017,14875000,14875000,14875000,14875000,1
Toyota,Prius,4th Gen,2016,12800000,12800000,12800000,12800000,1
Toyota,Prius,4th Generation,2016,14500000,14500000,14500000,14500000,1
Toyota,Prius,ALPHA,2013,9275000,9275000,9275000,9275000,1
Toyota,Prius,Alfa,2011,8000000,8000000,8000000,8000000,1
Toyota,Prius,Alpha,2013,11500000,11500000,11500000,11500000,1
Toyota,Prius,AlphaCX,2014,9500000,9500000,9500000,9500000,1
Toyota,Prius,C Aqua,2015,7950000,7950000,7950000,7950000,1
Toyota,Prius,G Grade,2012,10350000,10350000,10250000,10450000,2
Toyota,Prius,G Grade,2013,11200000,11200000,11200000,11200000,1
Toyota,Prius,G Grade 3rd Generation,2016,11350000,11350000,11350000,11350000,2
Toyota,Prius,G Sport,2012,11200000,11200000,11200000,11200000,1
Toyota,Prius,G Sport,2013,12700000,13000000,11350000,13750000,3
Toyota,Prius,G Touring,2011,9200000,9200000,9200000,9200000,1
Toyota,Prius,G Touring,2014,12625000,12700000,12100000,13000000,4
Toyota,Prius,LED,2013,11000000,11000000,11000000,11000000,1
Toyota,Prius,NHW20,2007,6350000,6350000,6350000,6350000,1
Toyota,Prius,PHV,2015,11500000,11500000,11500000,11500000,1
Toyota,Prius,S,2013,10672500,10975000,9690000,11050000,4
Toyota,Prius,S,2014,11250000,11250000,11250000,11250000,1
Toyota,Prius,S Grade,2008,6150000,6150000,6150000,6150000,1
Toyota,Prius,S Grade,2011,9450000,9450000,9450000,9450000,1
Toyota,Prius,S Grade,2012,9275000,9275000,9275000,9275000,1
Toyota,Prius,S Led,2013,11250000,11250000,11250000,11250000,1
Toyota,Prius,S Led,2014,10572500,10572500,9195000,11950000,2
Toyota,Prius,S Led,2015,9950000,9950000,9950000,9950000,1
Toyota,Prius,S TOURING,2017,11450000,11450000,11450000,11450000,1
Toyota,Prius,S Touring,2010,8850000,8850000,8850000,8850000,1
Toyota,Prius,S Touring,2011,9170000,9170000,8990000,9350000,2
Toyota,Prius,S Touring,2012,10366667,10200000,9650000,11250000,3
Toyota,Prius,S Touring,2013,11500000,11500000,11500000,11500000,1
Toyota,Prius,S Touring,2014,10900000,10900000,10600000,11200000,2
Toyota,Prius,S Touring My Coordination,2013,10700000,10700000,10700000,10700000,1
Toyota,Prius,Standard,2007,6583333,6600000,6250000,6800000,6
Toyota,Prius,Standard,2008,6606538,6600000,6075000,7200000,26
Toyota,Prius,Standard,2009,8961818,9000000,7900000,10000000,11
Toyota,Prius,Standard,2010,9110000,9100000,8400000,9500000,17
Toyota,Prius,Standard,2011,9283056,9500000,3475000,10500000,36
Toyota,Prius,Standard,2012,9964608,9975000,7250000,12300000,51
Toyota,Prius,Standard,2013,10921905,11000000,9275000,13000000,42
Toyota,Prius,Standard,2014,11244722,11325000,9500000,12975000,18
Toyota,Prius,Standard,2015,11050000,10850000,9550000,12700000,9
Toyota,Prius,Standard,2016,14230556,14500000,12200000,15375000,9
Toyota,Prius,Standard,2017,12800000,12800000,11000000,14600000,2
Toyota,Prius,W30,2011,8975000,8975000,8975000,8975000,1
Toyota,ROOMY,CUSTOM G,2023,10375000,10375000,10375000,10375000,1
Toyota,ROOMY,CUSTOM G,2024,10750000,10750000,10750000,10750000,1
Toyota,ROOMY,CUSTOM GT,2023,10300000,10300000,10300000,10300000,1
Toyota,ROOMY,CUSTOM GT,2024,10490000,10490000,10490000,10490000,1
Toyota,ROOMY,CUSTOM GT TURBO,2024,11350000,11350000,11350000,11350000,1
Toyota,ROOMY,G 360,2024,9600000,9600000,9600000,9600000,1
Toyota,ROOMY,G GRADE,2023,9350000,9350000,9350000,9350000,1
Toyota,ROOMY,GR,2025,12800000,12800000,12800000,12800000,1
Toyota,ROOMY,GT TURBO,2025,10350000,10350000,10350000,10350000,2
Toyota,ROOMY,Standard,2023,8950000,8950000,8950000,8950000,1
Toyota,ROOMY,Standard,2024,9300000,9300000,9300000,9300000,1
Toyota,ROOMY,X GRADE,2023,8675000,8675000,8675000,8675000,1
Toyota,ROOMY,X Grade,2023,8475000,8475000,8475000,8475000,1
Toyota,Roomy,CUSTOM G,2018,7850000,7850000,7850000,7850000,1
Toyota,Roomy,CUSTOM G THOR,2025,10275000,10275000,10275000,10275000,1
Toyota,Roomy,Coustom G,2024,9850000,9850000,9850000,9850000,1
Toyota,Roomy,Custom G,2017,7375000,7375000,7375000,7375000,1
Toyota,Roomy,Custom G,2018,8175000,8175000,8175000,8175000,1
Toyota,Roomy,Custom G,2022,10600000,10600000,10600000,10600000,1
Toyota,Roomy,Custom G,2023,10035000,10000000,9390000,10600000,13
Toyota,Roomy,Custom G,2024,10520625,10535000,10100000,11200000,8
Toyota,Roomy,Custom G,2025,10771250,10945000,9995000,11200000,4
Toyota,Roomy,Custom G 360Cam,2024,10800000,10800000,10800000,10800000,1
Toyota,Roomy,Custom GS,2019,8695000,8695000,8695000,8695000,1
Toyota,Roomy,Custom GT,2023,10041250,10032500,9900000,10200000,4
Toyota,Roomy,Custom GT,2024,10500000,10600000,9900000,11000000,3
Toyota,Roomy,Custom GT,2025,11780000,11850000,11050000,12400000,5
Toyota,Roomy,Custom GT 360 Cam,2026,12350000,12350000,12350000,12350000,1
Toyota,Roomy,Custom GT 360Camera,2023,10600000,10600000,10600000,10600000,1
Toyota,Roomy,Custom GT TURBO,2025,11550000,11550000,11550000,11550000,1
Toyota,Roomy,Custom GT Turbo,2023,10490000,10490000,10490000,10490000,1
Toyota,Roomy,Custom GT Turbo,2024,11050000,11050000,11050000,11050000,1
Toyota,Roomy,Custom GT Turbo,2025,11350000,11525000,10600000,11750000,4
Toyota,Roomy,Custom GT Turbo Limited,2016,7850000,7850000,7850000,7850000,1
Toyota,Roomy,Custom Gt 360cam,2025,12050000,12050000,12050000,12050000,1
Toyota,Roomy,Custom Gt Turbo,2023,9875000,9875000,9875000,9875000,1
Toyota,Roomy,Custome G,2023,9925000,9925000,9925000,9925000,1
Toyota,Roomy,Custome G,2024,11600000,11600000,11600000,11600000,1
Toyota,Roomy,G,2023,9259375,9250000,8650000,10300000,8
Toyota,Roomy,G,2024,9787500,9787500,9725000,9850000,2
Toyota,Roomy,G,2025,10250000,10250000,10250000,10250000,1
Toyota,Roomy,G Custom,2025,11290000,11290000,11290000,11290000,1
Toyota,Roomy,G Grade,2023,9243750,9275000,8950000,9475000,4
Toyota,Roomy,G Grade,2024,9775000,9775000,9775000,9775000,1
Toyota,Roomy,G Grade 360,2024,9075000,9075000,9075000,9075000,1
Toyota,Roomy,G Led,2025,10250000,10250000,10250000,10250000,1
Toyota,Roomy,G Turbo,2023,9700000,9700000,9700000,9700000,1
Toyota,Roomy,GT,2023,10250000,10250000,10250000,10250000,1
Toyota,Roomy,GT,2024,11650000,11650000,11650000,11650000,1
Toyota,Roomy,GT 360,2023,9100000,9100000,9100000,9100000,1
Toyota,Roomy,GT Custom,2023,10690000,10690000,10690000,10690000,1
Toyota,Roomy,GT TURBO,2025,12000000,12000000,12000000,12000000,1
Toyota,Roomy,GT Turbo,2023,10900000,10900000,10900000,10900000,1
Toyota,Roomy,GT Turbo,2025,12150000,12150000,12150000,12150000,1
Toyota,Roomy,GT Turbo,2026,12800000,12800000,12800000,12800000,1
Toyota,Roomy,Gt Turbo,2018,8250000,8250000,8250000,8250000,1
Toyota,Roomy,M900A X,2024,8700000,8700000,8700000,8700000,1
Toyota,Roomy,Standard,2016,7382500,7382500,7375000,7390000,2
Toyota,Roomy,Standard,2017,6882857,7600000,850000,8800000,7
Toyota,Roomy,Standard,2018,8530000,8440000,7850000,9500000,6
Toyota,Roomy,Standard,2019,8391667,8300000,8175000,8700000,3
Toyota,Roomy,Standard,2022,8700000,8750000,7950000,9350000,4
Toyota,Roomy,Standard,2023,9609857,9650000,8200000,11200000,35
Toyota,Roomy,Standard,2024,9711333,9650000,8790000,11200000,15
Toyota,Roomy,Standard,2025,10720000,10875000,9200000,12250000,10
Toyota,Roomy,Standard,2026,10716667,11300000,9350000,11500000,3
Toyota,Roomy,Tank G Grade,2017,7720000,7720000,7690000,7750000,2
Toyota,Roomy,Tank GT Turbo,2018,8425000,8425000,8425000,8425000,1
Toyota,Roomy,Thor Custom G,2023,9790000,9790000,9790000,9790000,1
Toyota,Roomy,X,2023,8612500,8625000,8250000,8950000,4
Toyota,Roomy,X,2024,9175000,9175000,9150000,9200000,2
Toyota,Roomy,X,2025,9450000,9450000,9450000,9450000,1
Toyota,Roomy,X,2026,9950000,9950000,9950000,9950000,1
Toyota,Roomy,X Limited,2023,8890000,8890000,8890000,8890000,1
Toyota,Sienta,Standard,2016,12466667,12500000,11400000,13500000,3
Toyota,Soluna,Standard,1999,3050000,2875000,2875000,3400000,3
Toyota,Soluna,Standard,2000,3392857,3450000,2975000,3800000,7
Toyota,Soluna,Standard,2001,3274375,3275000,2950000,3500000,8
Toyota,Soluna,Standard,2005,3571667,3390000,3150000,4175000,3
Toyota,Sprinter,110,1996,3500000,3500000,3500000,3500000,1
Toyota,Sprinter,Ce110,1996,3150000,3150000,3150000,3150000,1
Toyota,Sprinter,Ce110,1997,3890000,3890000,3890000,3890000,1
Toyota,Sprinter,EE111,2000,3495000,3495000,3495000,3495000,1
Toyota,Sprinter,Standard,1991,2393750,2175000,1850000,3375000,4
Toyota,Sprinter,Standard,1996,3537500,3537500,3350000,3725000,2
Toyota,Sprinter,Standard,1997,3875000,3875000,3450000,4300000,2
Toyota,Sprinter,Standard,2000,3900000,3650000,3600000,4450000,3
Toyota,Starlet,EFI,1995,3450000,3450000,3450000,3450000,1
Toyota,Starlet,EP82,1993,3300000,3300000,3300000,3300000,1
Toyota,Starlet,EP82,1994,3450000,3450000,3450000,3450000,1
Toyota,Starlet,EP82,1995,3375000,3375000,3375000,3375000,1
Toyota,Starlet,EP82,1996,3550000,3550000,3550000,3550000,1
Toyota,Starlet,EP82 GT Conversion,1996,3995000,3995000,3995000,3995000,1
Toyota,Starlet,EP82 TURBO,1999,4950000,4950000,4950000,4950000,1
Toyota,Starlet,EP85,1994,3950000,3950000,3950000,3950000,1
Toyota,Starlet,EP91,1996,3862500,3862500,3475000,4250000,2
Toyota,Starlet,EP91,1997,4068333,4150000,3500000,4750000,9
Toyota,Starlet,EP91,1998,4232500,4215000,4050000,4450000,4
Toyota,Starlet,EP91,1999,4450000,4450000,4150000,4750000,2
Toyota,Starlet,EP91,2000,4700000,4700000,4700000,4700000,1
Toyota,Starlet,Ep82,1994,2790000,2790000,2790000,2790000,1
Toyota,Starlet,Ep82,1995,3212500,3212500,3175000,3250000,2
Toyota,Starlet,Ep82,1996,3700000,3700000,3700000,3700000,1
Toyota,Starlet,Ep91,1998,4295000,4295000,4290000,4300000,2
Toyota,Starlet,Ep91,1999,4120000,4120000,3850000,4390000,2
Toyota,Starlet,Glanza Conversion,1997,3950000,3950000,3950000,3950000,1
Toyota,Starlet,Glanza V,1997,5250000,5250000,5250000,5250000,1
Toyota,Starlet,NP90,1999,4200000,4200000,4200000,4200000,1
Toyota,Starlet,Np90,1996,3875000,3875000,3875000,3875000,1
Toyota,Starlet,Np90,1997,3150000,3150000,3150000,3150000,1
Toyota,Starlet,Reflet F EP91,2000,4250000,4250000,4250000,4250000,1
Toyota,Starlet,Standard,1992,3330000,3300000,3190000,3500000,3
Toyota,Starlet,Standard,1993,3290000,3325000,3000000,3490000,6
Toyota,Starlet,Standard,1994,3737500,3737500,3375000,4100000,2
Toyota,Starlet,Standard,1995,3117500,3012500,2850000,3595000,4
Toyota,Starlet,Standard,1996,3341667,3375000,2875000,3650000,9
Toyota,Starlet,Standard,1997,3918125,3800000,3250000,4590000,16
Toyota,Starlet,Standard,1998,4251875,4300000,3750000,4675000,16
Toyota,Starlet,Standard,1999,4075000,4075000,3500000,4650000,2
Toyota,Starlet,Standard,2000,4265000,4250000,3795000,4750000,3
Toyota,Tank,Custom,2018,8600000,8600000,8500000,8700000,2
Toyota,Tank,Custom GS,2019,8695000,8695000,8695000,8695000,1
Toyota,Tank,Custom GS Safety,2019,8290000,8290000,8290000,8290000,1
Toyota,Tank,Custom GT,2018,8490000,8490000,8490000,8490000,1
Toyota,Tank,Roomy GT TURBO Custom,2017,8295000,8295000,8295000,8295000,1
Toyota,Tank,Standard,2017,8215625,8250000,7685000,8550000,8
Toyota,Tank,Standard,2018,8090000,8090000,8090000,8090000,1
Toyota,Tank,Standard,2019,8250000,8250000,8250000,8250000,1
Toyota,Tercel,CORSA,1998,2975000,2975000,2975000,2975000,1
Toyota,Tercel,Corsa,1996,2600000,2600000,2600000,2600000,1
Toyota,Tercel,Standard,1996,2705714,2700000,2500000,2950000,7
Toyota,Tercel,Standard,1997,2946500,2912500,2600000,3200000,10
Toyota,Tercel,Standard,1998,2885000,2975000,2550000,3150000,5
Toyota,VIOS,Standard,2003,5391667,5290000,5100000,5785000,3
Toyota,Verossa,GX110,2003,5575000,5575000,5500000,5650000,2
Toyota,Verossa,Standard,2003,5850000,5850000,5850000,5850000,1
Toyota,Vios,121,2005,5375000,5375000,5375000,5375000,2
Toyota,Vios,E,2003,5600000,5600000,5600000,5600000,1
Toyota,Vios,E,2005,5087500,5087500,4575000,5600000,2
Toyota,Vios,E,2006,5575000,5575000,5575000,5575000,2
Toyota,Vios,E Grade,2003,5200000,5200000,5200000,5200000,1
Toyota,Vios,E Grade,2006,5690000,5690000,5690000,5690000,1
Toyota,Vios,E Grade A1 5,2007,5475000,5475000,5475000,5475000,1
Toyota,Vios,G,2010,6575000,6575000,6575000,6575000,1
Toyota,Vios,G Limited,2007,6500000,6500000,6500000,6500000,1
Toyota,Vios,Japan,2003,5215000,5200000,5150000,5295000,3
Toyota,Vios,Japan,2004,5300000,5300000,5300000,5300000,1
Toyota,Vios,Japan,2005,5292500,5292500,5290000,5295000,2
Toyota,Vios,S,2004,5200000,5200000,5200000,5200000,1
Toyota,Vios,S Grade,2003,4850000,4850000,4850000,4850000,1
Toyota,Vios,S Grade,2007,6450000,6450000,6450000,6450000,1
Toyota,Vios,S Grade Japan,2003,5250000,5250000,5250000,5250000,1
Toyota,Vios,Standard,2003,5227143,5262500,4700000,5750000,28
Toyota,Vios,Standard,2004,5247667,5195000,4500000,5950000,30
Toyota,Vios,Standard,2005,5522500,5500000,5000000,6000000,10
Toyota,Vios,Standard,2006,5502500,5525000,5300000,5690000,6
Toyota,Vios,Standard,2007,6110357,6187500,5380000,6850000,14
Toyota,Vios,Standard,2008,5988750,6195000,5290000,6275000,4
Toyota,Vios,Standard,2010,5857500,5670000,5390000,6700000,4
Toyota,Vitz,3rd Edition,2018,8675000,8675000,8675000,8675000,1
Toyota,Vitz,3rd Edition,2019,8400000,8400000,8400000,8400000,1
Toyota,Vitz,Amie,2018,8500000,8500000,8500000,8500000,1
Toyota,Vitz,DBA SCP90,2007,5700000,5700000,5700000,5700000,1
Toyota,Vitz,EDITION 2,2018,8875000,8875000,8875000,8875000,1
Toyota,Vitz,Edition,2008,5685000,5685000,5685000,5685000,1
Toyota,Vitz,Edition,2015,6790000,6790000,6790000,6790000,1
Toyota,Vitz,Edition,2018,7875000,7875000,7875000,7875000,1
Toyota,Vitz,Edition,2019,8425000,8425000,8425000,8425000,1
Toyota,Vitz,Edition 02,2020,8190000,8190000,8190000,8190000,1
Toyota,Vitz,Edition 1,2015,7375000,7375000,7375000,7375000,1
Toyota,Vitz,Edition 2,2013,7250000,7250000,7250000,7250000,1
Toyota,Vitz,Edition 2,2017,8250000,8250000,8250000,8250000,1
Toyota,Vitz,Edition 2,2018,8568182,8575000,8300000,8750000,11
Toyota,Vitz,Edition 2,2019,8262500,8262500,8250000,8275000,2
Toyota,Vitz,Edition 3,2018,8770000,8770000,8770000,8770000,1
Toyota,Vitz,Edition 3,2019,8810714,8800000,8500000,9050000,14
Toyota,Vitz,Edition 3 LED,2018,8650000,8650000,8650000,8650000,1
Toyota,Vitz,F Safety Edition 2I,2019,9350000,9350000,9350000,9350000,1
Toyota,Vitz,ILL,2007,5775000,5775000,5775000,5775000,1
Toyota,Vitz,Ill,2008,6175000,6175000,6175000,6175000,1
Toyota,Vitz,Ill,2010,6050000,6050000,6050000,6050000,1
Toyota,Vitz,Jewela,2018,9375000,9375000,9300000,9450000,2
Toyota,Vitz,KSP130,2015,7298750,7272500,7150000,7500000,4
Toyota,Vitz,KSP130,2016,7830000,7850000,7750000,7890000,3
Toyota,Vitz,KSP130,2018,8400000,8400000,8400000,8400000,1
Toyota,Vitz,KSP130 Safety,2017,7950000,7950000,7950000,7950000,1
Toyota,Vitz,KSP130 Safety Edition,2017,7890000,7890000,7890000,7890000,1
Toyota,Vitz,KSP130 Safety Edition 2,2019,9000000,9000000,9000000,9000000,1
Toyota,Vitz,KSP90,2005,5200000,5200000,5200000,5200000,1
Toyota,Vitz,KSP90,2007,5537500,5425000,5250000,6050000,12
Toyota,Vitz,KSP90,2008,5623750,5557500,5375000,5950000,8
Toyota,Vitz,KSP90,2009,5500000,5500000,5500000,5500000,1
Toyota,Vitz,KSP90,2010,5786667,5875000,5595000,5890000,3
Toyota,Vitz,Ksp130,2016,7350000,7450000,7150000,7450000,3
Toyota,Vitz,Ksp130,2018,8650000,8650000,8650000,8650000,1
Toyota,Vitz,Ksp90,2007,5450556,5400000,5275000,5700000,9
Toyota,Vitz,Ksp90,2008,5666667,5475000,5450000,6075000,3
Toyota,Vitz,LED,2015,7500000,7500000,7500000,7500000,1
Toyota,Vitz,Lap 130,2016,7325000,7325000,7325000,7325000,1
Toyota,Vitz,Limited Edition,2015,7450000,7450000,7450000,7450000,1
Toyota,Vitz,Limited Edition,2019,8780000,8780000,8780000,8780000,1
Toyota,Vitz,RS SCP 90,2010,6400000,6400000,6400000,6400000,1
Toyota,Vitz,SCP10,2000,3925000,3925000,3925000,3925000,1
Toyota,Vitz,SCP10,2001,4375000,4375000,4375000,4375000,1
Toyota,Vitz,SCP10,2002,4650000,4650000,4650000,4650000,1
Toyota,Vitz,SCP10 Rs,2000,4590000,4590000,4590000,4590000,1
Toyota,Vitz,SCP90,2007,5688750,5690000,5425000,5950000,4
Toyota,Vitz,SCP90,2009,6025000,6025000,6025000,6025000,2
Toyota,Vitz,Safety,2015,7500000,7500000,7500000,7500000,1
Toyota,Vitz,Safety,2016,7313125,7362500,6990000,7650000,8
Toyota,Vitz,Safety,2017,8092857,7975000,7925000,8350000,7
Toyota,Vitz,Safety,2018,8270000,8270000,8190000,8350000,4
Toyota,Vitz,Safety Edition,2016,7472500,7472500,7350000,7595000,2
Toyota,Vitz,Safety Edition,2017,7926667,7980000,7750000,8050000,3
Toyota,Vitz,Safety Edition,2018,8381250,8375000,8225000,8550000,4
Toyota,Vitz,Safety Edition,2019,8600000,8600000,8600000,8600000,1
Toyota,Vitz,Safety Edition 2,2017,8350000,8350000,8350000,8350000,1
Toyota,Vitz,Safety Edition 3,2018,8850000,8850000,8850000,8850000,1
Toyota,Vitz,Safety Edition 3,2019,9475000,9475000,9475000,9475000,1
Toyota,Vitz,Safety KSP130 Edition 2,2016,7850000,7850000,7850000,7850000,1
Toyota,Vitz,Scp 90,2009,6247500,6247500,6100000,6395000,2
Toyota,Vitz,Standard,1999,3806667,3795000,3775000,3850000,3
Toyota,Vitz,Standard,2000,4176786,4157500,3800000,4550000,14
Toyota,Vitz,Standard,2001,4008000,3950000,3890000,4200000,5
Toyota,Vitz,Standard,2002,4431250,4450000,4175000,4650000,4
Toyota,Vitz,Standard,2005,5397500,5445000,5100000,5600000,4
Toyota,Vitz,Standard,2007,5567303,5500000,4800000,6200000,89
Toyota,Vitz,Standard,2008,5761635,5712500,5000000,6250000,52
Toyota,Vitz,Standard,2009,5892500,5865000,5615000,6350000,16
Toyota,Vitz,Standard,2010,5914739,5950000,5300000,6650000,23
Toyota,Vitz,Standard,2011,5866667,5705000,5200000,6600000,6
Toyota,Vitz,Standard,2012,6313000,6500000,5575000,6700000,5
Toyota,Vitz,Standard,2013,7027000,6950000,6685000,7300000,5
Toyota,Vitz,Standard,2014,7115000,7075000,6840000,7600000,6
Toyota,Vitz,Standard,2015,7430312,7400000,6850000,8150000,48
Toyota,Vitz,Standard,2016,7573481,7580000,6950000,8400000,79
Toyota,Vitz,Standard,2017,8129758,8000000,7485000,8950000,62
Toyota,Vitz,Standard,2018,8430920,8490000,7450000,9150000,87
Toyota,Vitz,Standard,2019,8781143,8850000,7700000,9275000,35
Toyota,Vitz,Standard,2020,8812500,8950000,8200000,9150000,4
Toyota,Vitz,U Grade,2007,5935000,5875000,5850000,6200000,5
Toyota,Vitz,U Grade,2008,6175000,6175000,6175000,6175000,1
Toyota,Vitz,U Grade SCP 10,2000,4090000,4090000,4090000,4090000,1
Toyota,Wigo,G,2018,6340000,6340000,6190000,6490000,2
Toyota,Wigo,G,2019,6375000,6375000,6375000,6375000,1
Toyota,Wigo,Standard,2017,6338000,6345000,5925000,6600000,10
Toyota,Wigo,Standard,2018,6770000,6750000,6650000,6950000,5
Toyota,Wigo,Standard,2019,7000000,7000000,7000000,7000000,2
Toyota,YARIS,G Grade,2024,10700000,10700000,10700000,10700000,1
Toyota,YARIS,G LED,2023,10300000,10300000,10300000,10300000,1
Toyota,YARIS,Standard,2024,9583333,9650000,9400000,9700000,3
Toyota,YARIS,X,2023,8800000,8800000,8800000,8800000,1
Toyota,YARIS,X GRADE,2023,8800000,8800000,8800000,8800000,1
Toyota,YARIS,X Grade Limited Pearl,2024,9950000,9950000,9950000,9950000,1
Toyota,YARIS,X LIMITED,2024,9950000,9950000,9950000,9950000,1
Toyota,Yaris,Apple Play 360,2025,11290000,11290000,11290000,11290000,1
Toyota,Yaris,Black Edition 360 Cam,2026,10650000,10650000,10650000,10650000,1
Toyota,Yaris,Cross,2023,10600000,10600000,10600000,10600000,1
Toyota,Yaris,Cross,2024,9975000,9975000,9975000,9975000,1
Toyota,Yaris,G,2023,9525000,9525000,9300000,9750000,2
Toyota,Yaris,G,2024,10135833,9975000,9800000,10600000,6
Toyota,Yaris,G,2025,11887500,11887500,11275000,12500000,2
Toyota,Yaris,G,2026,10837500,10837500,10700000,10975000,2
Toyota,Yaris,G Black Edition 360 Cam,2026,11250000,11250000,11250000,11250000,1
Toyota,Yaris,G Grade,2023,9758333,9975000,9000000,10300000,3
Toyota,Yaris,G Grade,2024,10523333,10670000,9900000,10950000,6
Toyota,Yaris,G Grade,2025,10960000,10980000,10600000,11300000,3
Toyota,Yaris,G Grade LED,2023,10125000,10125000,9850000,10400000,2
Toyota,Yaris,G Grade LED,2025,11250000,11250000,11250000,11250000,1
Toyota,Yaris,G Grade LED 4Way Cam,2026,11450000,11450000,11450000,11450000,1
Toyota,Yaris,G Grade Limited,2024,9995000,9995000,9995000,9995000,1
Toyota,Yaris,G LED,2023,9600000,9600000,9600000,9600000,1
Toyota,Yaris,G LED,2024,10350000,10350000,10350000,10350000,1
Toyota,Yaris,G LED,2025,11800000,11800000,11800000,11800000,1
Toyota,Yaris,G LED BSM,2026,11150000,11150000,11150000,11150000,1
Toyota,Yaris,G LED Highest Spec,2025,11200000,11200000,11200000,11200000,1
Toyota,Yaris,G LED With BSM,2026,12200000,12200000,12200000,12200000,1
Toyota,Yaris,G Led,2026,11250000,11250000,11250000,11250000,1
Toyota,Yaris,G Limited,2024,9995000,9995000,9995000,9995000,1
Toyota,Yaris,Japan G Grade,2024,10350000,10350000,10350000,10350000,1
Toyota,Yaris,LED Limited Edition G Grade,2025,11000000,11000000,11000000,11000000,1
Toyota,Yaris,Personal Import,2024,9650000,9650000,9650000,9650000,1
Toyota,Yaris,Standard,2006,6087500,6075000,5850000,6350000,4
Toyota,Yaris,Standard,2007,6264167,6325000,5700000,6650000,12
Toyota,Yaris,Standard,2008,6261500,6270000,5500000,6750000,30
Toyota,Yaris,Standard,2011,6793750,6762500,6650000,7000000,4
Toyota,Yaris,Standard,2022,9487500,9525000,9100000,9800000,4
Toyota,Yaris,Standard,2023,9429483,9350000,8600000,10600000,29
Toyota,Yaris,Standard,2024,9773929,9825000,9175000,10400000,28
Toyota,Yaris,Standard,2025,9893750,9850000,8650000,10800000,8
Toyota,Yaris,Standard,2026,11421250,11750000,10690000,11990000,8
Toyota,Yaris,X,2023,9178750,9270000,8400000,9600000,8
Toyota,Yaris,X,2024,9491667,9500000,9175000,9800000,3
Toyota,Yaris,X,2025,9887500,9887500,9800000,9975000,2
Toyota,Yaris,X GRADE,2023,9475000,9475000,9475000,9475000,1
Toyota,Yaris,X Grade,2022,8975000,8975000,8975000,8975000,1
Toyota,Yaris,X Grade,2023,9425000,9425000,9200000,9650000,2
Toyota,Yaris,X Grade,2024,9690000,9600000,9250000,10300000,5
Toyota,Yaris,X Grade,2025,10116667,10200000,9750000,10400000,3
Toyota,Yaris,X Limited,2023,9067857,9100000,8900000,9200000,7
Toyota,Yaris,X Limited,2024,9887500,9887500,9850000,9925000,2
Toyota,Yaris,X Limited,2025,9670000,9670000,9150000,10190000,2
Toyota,Yaris,X Limited Safety,2025,10210000,10210000,10210000,10210000,1
